# Blender 5.2.1 LTS
# www.blender.org
mtllib bishop.mtl
o bishop
v -0.193253 0.017036 0.158598
v -0.192687 0.015268 0.158134
v -0.193253 0.032516 0.158598
v -0.192245 0.034711 0.157772
v -0.203710 0.011000 0.136115
v -0.207867 0.017036 0.138893
v -0.207259 0.015268 0.138486
v -0.207867 0.032516 0.138893
v -0.206784 0.034711 0.138169
v -0.189388 0.011000 0.155426
v -0.191238 0.000000 0.127781
v -0.200796 0.046384 0.134168
v -0.200908 0.054741 0.134242
v -0.198721 0.040000 0.132781
v -0.198617 0.063875 0.132712
v -0.193486 0.072593 0.129283
v -0.158598 0.017036 0.193253
v -0.158134 0.015268 0.192687
v -0.158598 0.032516 0.193253
v -0.157772 0.034711 0.192245
v -0.155426 0.011000 0.189388
v -0.136115 0.011000 0.203710
v -0.138893 0.017036 0.207867
v -0.138486 0.015268 0.207259
v -0.138893 0.032516 0.207867
v -0.138169 0.034711 0.206784
v -0.127781 0.000000 0.191238
v -0.134168 0.046384 0.200796
v -0.134242 0.054741 0.200908
v -0.132781 0.040000 0.198721
v -0.132712 0.063875 0.198617
v -0.129283 0.072593 0.193486
v -0.173241 0.011000 0.173241
v -0.176777 0.017036 0.176777
v -0.176259 0.015268 0.176259
v -0.176777 0.032516 0.176777
v -0.175855 0.034711 0.175855
v -0.162635 0.000000 0.162635
v -0.168999 0.040000 0.168999
v -0.170763 0.046384 0.170763
v -0.170858 0.054741 0.170858
v -0.168910 0.063875 0.168910
v -0.164546 0.072593 0.164546
v -0.157393 0.079699 0.157393
v -0.177792 0.000000 0.145910
v -0.184749 0.040000 0.151620
v -0.186678 0.046384 0.153203
v -0.186782 0.054741 0.153288
v -0.184653 0.063875 0.151541
v -0.179882 0.072593 0.147626
v -0.172063 0.079699 0.141208
v -0.160786 0.084000 0.131954
v -0.145910 0.000000 0.177792
v -0.151620 0.040000 0.184749
v -0.153203 0.046384 0.186678
v -0.153288 0.054741 0.186782
v -0.151541 0.063875 0.184653
v -0.147626 0.072593 0.179882
v -0.141208 0.079699 0.172063
v -0.131954 0.084000 0.160786
v -0.147078 0.084000 0.147078
v -0.153056 0.086000 0.125610
v -0.125610 0.086000 0.153056
v -0.140007 0.086000 0.140007
v -0.219835 0.015268 0.117504
v -0.220480 0.017036 0.117849
v -0.220480 0.032516 0.117849
v -0.219331 0.034711 0.117235
v -0.230970 0.017036 0.095671
v -0.230293 0.015268 0.095391
v -0.226350 0.011000 0.093757
v -0.230970 0.032516 0.095671
v -0.229766 0.034711 0.095172
v -0.234450 0.011000 0.071120
v -0.238534 0.015268 0.072359
v -0.239235 0.017036 0.072571
v -0.239235 0.032516 0.072571
v -0.237988 0.034711 0.072193
v -0.220807 0.040000 0.091461
v -0.223113 0.046384 0.092416
v -0.223237 0.054741 0.092468
v -0.220096 0.000000 0.066765
v -0.228709 0.040000 0.069378
v -0.231097 0.046384 0.070102
v -0.231225 0.054741 0.070141
v -0.220692 0.063875 0.091414
v -0.228589 0.063875 0.069342
v -0.222684 0.072593 0.067550
v -0.216071 0.011000 0.115492
v -0.212980 0.046384 0.113840
v -0.213098 0.054741 0.113903
v -0.210779 0.040000 0.112664
v -0.202842 0.000000 0.108421
v -0.210669 0.063875 0.112605
v -0.205226 0.072593 0.109696
v -0.196305 0.079699 0.104927
v -0.212492 0.000000 0.088017
v -0.214990 0.072593 0.089052
v -0.205644 0.079699 0.085181
v -0.213003 0.079699 0.064614
v -0.192167 0.084000 0.079598
v -0.245196 0.017036 0.048773
v -0.244478 0.015268 0.048630
v -0.240292 0.011000 0.047797
v -0.245196 0.032516 0.048773
v -0.243918 0.034711 0.048518
v -0.236855 0.046384 0.047113
v -0.236987 0.054741 0.047140
v -0.234408 0.040000 0.046627
v -0.225581 0.000000 0.044871
v -0.234285 0.063875 0.046602
v -0.228232 0.072593 0.045398
v -0.243820 0.011000 0.024014
v -0.248067 0.015268 0.024433
v -0.248796 0.017036 0.024504
v -0.248796 0.032516 0.024504
v -0.247500 0.034711 0.024377
v -0.240332 0.046384 0.023671
v -0.240466 0.054741 0.023684
v -0.237849 0.040000 0.023426
v -0.228892 0.000000 0.022544
v -0.237725 0.063875 0.023414
v -0.231583 0.072593 0.022809
v -0.221516 0.079699 0.021817
v -0.218311 0.079699 0.043425
v -0.204003 0.084000 0.040579
v -0.199044 0.084000 0.060379
v -0.189474 0.086000 0.057476
v -0.194195 0.086000 0.038628
v -0.206998 0.084000 0.020388
v -0.197047 0.086000 0.019407
v -0.185075 0.079699 0.123663
v -0.172946 0.084000 0.115559
v -0.183440 0.084000 0.098051
v -0.164631 0.086000 0.110003
v -0.174620 0.086000 0.093337
v -0.182928 0.086000 0.075771
v -0.128258 0.090256 0.105259
v -0.146328 0.090256 0.078214
v -0.153290 0.090256 0.063495
v -0.137957 0.090256 0.092180
v -0.158776 0.090256 0.048164
v -0.162732 0.090256 0.032369
v -0.165121 0.090256 0.016263
v -0.128974 0.097968 0.053423
v -0.133589 0.097968 0.040524
v -0.136918 0.097968 0.027235
v -0.138928 0.097968 0.013683
v -0.117504 0.015268 0.219835
v -0.117849 0.017036 0.220480
v -0.117849 0.032516 0.220480
v -0.117235 0.034711 0.219331
v -0.095671 0.017036 0.230970
v -0.095391 0.015268 0.230293
v -0.093757 0.011000 0.226350
v -0.095671 0.032516 0.230970
v -0.095172 0.034711 0.229766
v -0.115492 0.011000 0.216071
v -0.113840 0.046384 0.212980
v -0.113903 0.054741 0.213098
v -0.112664 0.040000 0.210779
v -0.108421 0.000000 0.202842
v -0.112605 0.063875 0.210669
v -0.109696 0.072593 0.205226
v -0.104927 0.079699 0.196305
v -0.091461 0.040000 0.220807
v -0.092416 0.046384 0.223113
v -0.092468 0.054741 0.223237
v -0.071120 0.011000 0.234450
v -0.072359 0.015268 0.238534
v -0.072571 0.017036 0.239235
v -0.072571 0.032516 0.239235
v -0.072193 0.034711 0.237988
v -0.066765 0.000000 0.220096
v -0.069378 0.040000 0.228709
v -0.070102 0.046384 0.231097
v -0.070141 0.054741 0.231225
v -0.091414 0.063875 0.220692
v -0.069342 0.063875 0.228589
v -0.067550 0.072593 0.222684
v -0.088017 0.000000 0.212492
v -0.089052 0.072593 0.214990
v -0.085181 0.079699 0.205644
v -0.079598 0.084000 0.192167
v -0.064614 0.079699 0.213003
v -0.123663 0.079699 0.185075
v -0.115559 0.084000 0.172946
v -0.110003 0.086000 0.164631
v -0.098051 0.084000 0.183440
v -0.105259 0.090256 0.128258
v -0.093337 0.086000 0.174620
v -0.075771 0.086000 0.182928
v -0.078214 0.090256 0.146328
v -0.092180 0.090256 0.137957
v -0.063495 0.090256 0.153290
v -0.048773 0.017036 0.245196
v -0.048630 0.015268 0.244478
v -0.047797 0.011000 0.240292
v -0.048773 0.032516 0.245196
v -0.048518 0.034711 0.243918
v -0.047113 0.046384 0.236855
v -0.047140 0.054741 0.236987
v -0.046627 0.040000 0.234408
v -0.044871 0.000000 0.225581
v -0.046602 0.063875 0.234285
v -0.045398 0.072593 0.228232
v -0.060379 0.084000 0.199044
v -0.057476 0.086000 0.189474
v -0.043425 0.079699 0.218311
v -0.040579 0.084000 0.204003
v -0.038628 0.086000 0.194195
v -0.024014 0.011000 0.243820
v -0.024433 0.015268 0.248067
v -0.024504 0.017036 0.248796
v -0.024504 0.032516 0.248796
v -0.024377 0.034711 0.247500
v -0.023671 0.046384 0.240332
v -0.023684 0.054741 0.240466
v -0.023426 0.040000 0.237849
v -0.022544 0.000000 0.228892
v -0.000000 0.011000 0.245000
v -0.000000 0.015268 0.249268
v -0.000000 0.017036 0.250000
v -0.000000 0.032516 0.250000
v -0.000000 0.034711 0.248697
v -0.000000 0.040000 0.239000
v -0.000000 0.046384 0.241495
v -0.000000 0.054741 0.241630
v -0.000000 0.000000 0.230000
v -0.023414 0.063875 0.237725
v -0.022809 0.072593 0.231583
v -0.021817 0.079699 0.221516
v -0.000000 0.063875 0.238875
v -0.000000 0.072593 0.232704
v -0.000000 0.079699 0.222588
v -0.020388 0.084000 0.206998
v -0.019407 0.086000 0.197047
v -0.000000 0.084000 0.208000
v -0.000000 0.086000 0.198000
v -0.048164 0.090256 0.158776
v -0.032369 0.090256 0.162732
v -0.053423 0.097968 0.128974
v -0.040524 0.097968 0.133589
v -0.016263 0.090256 0.165121
v -0.000000 0.090256 0.165920
v -0.027235 0.097968 0.136918
v -0.013683 0.097968 0.138928
v -0.000000 0.097968 0.139600
v -0.117323 0.090256 0.117323
v -0.098712 0.097968 0.098712
v -0.123116 0.097968 0.065807
v -0.116073 0.097968 0.077558
v -0.107912 0.097968 0.088561
v -0.099377 0.108752 0.066402
v -0.088561 0.097968 0.107912
v -0.077558 0.097968 0.116073
v -0.065807 0.097968 0.123116
v -0.066402 0.108752 0.099377
v -0.084513 0.108752 0.084513
v -0.092390 0.108752 0.075823
v -0.075823 0.108752 0.092390
v -0.082063 0.122224 0.067347
v -0.067347 0.122224 0.082063
v -0.075066 0.122224 0.075066
v -0.070711 0.138000 0.070711
v -0.077301 0.138000 0.063439
v -0.063439 0.138000 0.077301
v -0.066530 0.200083 0.066530
v -0.110422 0.108752 0.045738
v -0.114374 0.108752 0.034695
v -0.105407 0.108752 0.056341
v -0.117223 0.108752 0.023317
v -0.118944 0.108752 0.011715
v -0.098079 0.122224 0.040626
v -0.101589 0.122224 0.030817
v -0.104120 0.122224 0.020711
v -0.095694 0.138000 0.029028
v -0.098079 0.138000 0.019509
v -0.105649 0.122224 0.010405
v -0.099518 0.138000 0.009802
v -0.088269 0.122224 0.058979
v -0.093625 0.122224 0.050043
v -0.088192 0.138000 0.047140
v -0.083147 0.138000 0.055557
v -0.092388 0.138000 0.038268
v -0.078231 0.200083 0.052272
v -0.086926 0.200083 0.036006
v -0.082978 0.200083 0.044353
v -0.072731 0.200083 0.059689
v -0.090037 0.200083 0.027312
v -0.092280 0.200083 0.018356
v -0.093635 0.200083 0.009222
v -0.056341 0.108752 0.105407
v -0.045738 0.108752 0.110422
v -0.034695 0.108752 0.114374
v -0.023317 0.108752 0.117223
v -0.011715 0.108752 0.118944
v -0.000000 0.108752 0.119520
v -0.040626 0.122224 0.098079
v -0.058979 0.122224 0.088269
v -0.055557 0.138000 0.083147
v -0.050043 0.122224 0.093625
v -0.047140 0.138000 0.088192
v -0.038268 0.138000 0.092388
v -0.052272 0.200083 0.078231
v -0.059689 0.200083 0.072731
v -0.044353 0.200083 0.082978
v -0.036006 0.200083 0.086926
v -0.030817 0.122224 0.101589
v -0.029028 0.138000 0.095694
v -0.020711 0.122224 0.104120
v -0.019509 0.138000 0.098079
v -0.010405 0.122224 0.105649
v -0.009802 0.138000 0.099518
v -0.000000 0.122224 0.106160
v -0.000000 0.138000 0.100000
v -0.000000 0.200083 0.094088
v -0.027312 0.200083 0.090037
v -0.018356 0.200083 0.092280
v -0.009222 0.200083 0.093635
v -0.078872 0.262667 0.032670
v -0.070983 0.262667 0.047429
v -0.065992 0.262667 0.054158
v -0.075290 0.262667 0.040243
v -0.062672 0.323250 0.041876
v -0.066475 0.323250 0.035532
v -0.081694 0.262667 0.024782
v -0.083730 0.262667 0.016655
v -0.084959 0.262667 0.008368
v -0.072129 0.323250 0.021880
v -0.069637 0.323250 0.028845
v -0.073927 0.323250 0.014705
v -0.075012 0.323250 0.007388
v -0.062804 0.379333 0.019051
v -0.064369 0.379333 0.012804
v -0.065314 0.379333 0.006433
v -0.047429 0.262667 0.070983
v -0.054158 0.262667 0.065992
v -0.032670 0.262667 0.078872
v -0.040243 0.262667 0.075290
v -0.041876 0.323250 0.062672
v -0.035532 0.323250 0.066475
v -0.024782 0.262667 0.081694
v -0.016655 0.262667 0.083730
v -0.008368 0.262667 0.084959
v -0.000000 0.262667 0.085370
v -0.028845 0.323250 0.069637
v -0.021880 0.323250 0.072129
v -0.014705 0.323250 0.073927
v -0.007388 0.323250 0.075012
v -0.019051 0.379333 0.062804
v -0.012804 0.379333 0.064369
v -0.006433 0.379333 0.065314
v -0.060366 0.262667 0.060366
v -0.058266 0.323250 0.047817
v -0.047817 0.323250 0.058266
v -0.053298 0.323250 0.053298
v -0.050732 0.379333 0.041635
v -0.054569 0.379333 0.036462
v -0.041635 0.379333 0.050732
v -0.036462 0.379333 0.054569
v -0.046407 0.379333 0.046407
v -0.047944 0.428417 0.032035
v -0.032035 0.428417 0.047944
v -0.040773 0.428417 0.040773
v -0.044573 0.428417 0.036580
v -0.036580 0.428417 0.044573
v -0.060634 0.379333 0.025115
v -0.057880 0.379333 0.030938
v -0.055179 0.428417 0.016738
v -0.050853 0.428417 0.027182
v -0.053273 0.428417 0.022066
v -0.056554 0.428417 0.011249
v -0.057384 0.428417 0.005652
v -0.030938 0.379333 0.057880
v -0.025115 0.379333 0.060634
v -0.027182 0.428417 0.050853
v -0.016738 0.428417 0.055179
v -0.022066 0.428417 0.053273
v -0.011249 0.428417 0.056554
v -0.005652 0.428417 0.057384
v -0.083485 0.472219 0.068514
v -0.082450 0.470331 0.067665
v -0.083485 0.493781 0.068514
v -0.082450 0.495669 0.067665
v -0.068514 0.472219 0.083485
v -0.067665 0.470331 0.082450
v -0.068514 0.493781 0.083485
v -0.067665 0.495669 0.082450
v -0.076368 0.472219 0.076368
v -0.075421 0.470331 0.075421
v -0.070711 0.468000 0.070711
v -0.077301 0.468000 0.063439
v -0.063439 0.468000 0.077301
v -0.076368 0.493781 0.076368
v -0.075421 0.495669 0.075421
v -0.070711 0.498000 0.070711
v -0.077301 0.498000 0.063439
v -0.063439 0.498000 0.077301
v -0.078340 0.591968 0.064292
v -0.064292 0.591968 0.078340
v -0.067033 0.569563 0.067033
v -0.071661 0.591968 0.071661
v -0.081574 0.617294 0.066946
v -0.081698 0.620310 0.067048
v -0.082561 0.647791 0.067756
v -0.085661 0.645000 0.063904
v -0.066946 0.617294 0.081574
v -0.067479 0.633112 0.082224
v -0.067140 0.661676 0.081810
v -0.074619 0.617294 0.074619
v -0.074961 0.626376 0.074961
v -0.075194 0.654424 0.075194
v -0.095247 0.472219 0.050911
v -0.094066 0.470331 0.050280
v -0.095247 0.493781 0.050911
v -0.094066 0.495669 0.050280
v -0.103350 0.472219 0.031351
v -0.099779 0.472219 0.041330
v -0.098542 0.470331 0.040817
v -0.103350 0.493781 0.031351
v -0.099779 0.493781 0.041330
v -0.098542 0.495669 0.040817
v -0.102068 0.470331 0.030962
v -0.105925 0.472219 0.021070
v -0.104611 0.470331 0.020808
v -0.095694 0.468000 0.029028
v -0.098079 0.468000 0.019509
v -0.102068 0.495669 0.030962
v -0.105925 0.493781 0.021070
v -0.104611 0.495669 0.020808
v -0.095694 0.498000 0.029028
v -0.098079 0.498000 0.019509
v -0.107480 0.472219 0.010586
v -0.106147 0.470331 0.010455
v -0.099518 0.468000 0.009802
v -0.107480 0.493781 0.010586
v -0.106147 0.495669 0.010455
v -0.099518 0.498000 0.009802
v -0.089799 0.472219 0.060002
v -0.088685 0.470331 0.059258
v -0.088192 0.468000 0.047140
v -0.083147 0.468000 0.055557
v -0.089799 0.493781 0.060002
v -0.088685 0.495669 0.059258
v -0.088192 0.498000 0.047140
v -0.083147 0.498000 0.055557
v -0.092388 0.468000 0.038268
v -0.092388 0.498000 0.038268
v -0.079677 0.550621 0.033003
v -0.063387 0.507826 0.052020
v -0.063387 0.514249 0.052020
v -0.071708 0.550621 0.047913
v -0.066666 0.550621 0.054711
v -0.075758 0.507826 0.031380
v -0.075758 0.514249 0.031380
v -0.070713 0.505835 0.037797
v -0.072318 0.507826 0.038655
v -0.072318 0.514249 0.038655
v -0.070787 0.516231 0.037836
v -0.066668 0.505835 0.044546
v -0.068181 0.507826 0.045557
v -0.068181 0.514249 0.045557
v -0.066737 0.516231 0.044592
v -0.076059 0.550621 0.040654
v -0.063211 0.535685 0.042236
v -0.067047 0.535685 0.035837
v -0.078469 0.507826 0.023803
v -0.078469 0.514249 0.023803
v -0.078640 0.505835 0.015643
v -0.080424 0.507826 0.015997
v -0.080424 0.514249 0.015997
v -0.078722 0.516231 0.015659
v -0.082528 0.550621 0.025035
v -0.084585 0.550621 0.016825
v -0.079795 0.505835 0.007859
v -0.081605 0.507826 0.008037
v -0.081605 0.514249 0.008037
v -0.079878 0.516231 0.007867
v -0.085827 0.550621 0.008453
v -0.074078 0.505835 0.030684
v -0.074155 0.516231 0.030716
v -0.076729 0.505835 0.023275
v -0.076808 0.516231 0.023300
v -0.072750 0.535685 0.022068
v -0.070236 0.535685 0.029093
v -0.063253 0.525297 0.012582
v -0.064182 0.525297 0.006321
v -0.074563 0.535685 0.014831
v -0.075657 0.535685 0.007452
v -0.095991 0.607440 0.039761
v -0.094013 0.637479 0.050251
v -0.094366 0.645000 0.050439
v -0.098297 0.633623 0.040716
v -0.098855 0.645000 0.040947
v -0.096980 0.591968 0.029419
v -0.098998 0.604733 0.030031
v -0.099397 0.591968 0.019771
v -0.101151 0.602794 0.020120
v -0.094342 0.569563 0.009292
v -0.102444 0.601630 0.010090
v -0.100856 0.591968 0.009933
v -0.101660 0.630594 0.030838
v -0.104080 0.628415 0.020703
v -0.102393 0.645000 0.031060
v -0.104944 0.645000 0.020875
v -0.105538 0.627102 0.010395
v -0.106485 0.645000 0.010488
v -0.078822 0.569563 0.052667
v -0.089377 0.591968 0.047773
v -0.092137 0.610910 0.049248
v -0.084264 0.591968 0.056304
v -0.087583 0.569563 0.036278
v -0.083605 0.569563 0.044688
v -0.093630 0.591968 0.038783
v -0.073280 0.569563 0.060140
v -0.087446 0.615134 0.058430
v -0.085047 0.617294 0.062264
v -0.088841 0.642137 0.059361
v -0.088967 0.645000 0.059446
v -0.090717 0.569563 0.027519
v -0.092977 0.569563 0.018494
v -0.050911 0.472219 0.095247
v -0.050280 0.470331 0.094066
v -0.050911 0.493781 0.095247
v -0.050280 0.495669 0.094066
v -0.041330 0.472219 0.099779
v -0.040817 0.470331 0.098542
v -0.031351 0.472219 0.103350
v -0.041330 0.493781 0.099779
v -0.040817 0.495669 0.098542
v -0.031351 0.493781 0.103350
v -0.060002 0.472219 0.089799
v -0.059258 0.470331 0.088685
v -0.055557 0.468000 0.083147
v -0.047140 0.468000 0.088192
v -0.060002 0.493781 0.089799
v -0.059258 0.495669 0.088685
v -0.055557 0.498000 0.083147
v -0.047140 0.498000 0.088192
v -0.038268 0.468000 0.092388
v -0.038268 0.498000 0.092388
v -0.052020 0.507826 0.063387
v -0.052020 0.514249 0.063387
v -0.054711 0.550621 0.066666
v -0.047913 0.550621 0.071708
v -0.033003 0.550621 0.079677
v -0.044546 0.505835 0.066668
v -0.045557 0.507826 0.068181
v -0.045557 0.514249 0.068181
v -0.044592 0.516231 0.066737
v -0.037797 0.505835 0.070713
v -0.038655 0.507826 0.072318
v -0.038655 0.514249 0.072318
v -0.031380 0.507826 0.075758
v -0.031380 0.514249 0.075758
v -0.037836 0.516231 0.070787
v -0.040654 0.550621 0.076059
v -0.042236 0.535685 0.063211
v -0.035837 0.535685 0.067047
v -0.030962 0.470331 0.102068
v -0.029028 0.468000 0.095694
v -0.021070 0.472219 0.105925
v -0.020808 0.470331 0.104611
v -0.019509 0.468000 0.098079
v -0.030962 0.495669 0.102068
v -0.029028 0.498000 0.095694
v -0.021070 0.493781 0.105925
v -0.020808 0.495669 0.104611
v -0.019509 0.498000 0.098079
v -0.010586 0.472219 0.107480
v -0.010455 0.470331 0.106147
v -0.009802 0.468000 0.099518
v -0.000000 0.472219 0.108000
v -0.000000 0.470331 0.106661
v -0.000000 0.468000 0.100000
v -0.010586 0.493781 0.107480
v -0.010455 0.495669 0.106147
v -0.009802 0.498000 0.099518
v -0.000000 0.493781 0.108000
v -0.000000 0.495669 0.106661
v -0.000000 0.498000 0.100000
v -0.023803 0.507826 0.078469
v -0.023803 0.514249 0.078469
v -0.015643 0.505835 0.078640
v -0.015997 0.507826 0.080424
v -0.015997 0.514249 0.080424
v -0.015659 0.516231 0.078722
v -0.025035 0.550621 0.082528
v -0.016825 0.550621 0.084585
v -0.030684 0.505835 0.074078
v -0.030716 0.516231 0.074155
v -0.023275 0.505835 0.076729
v -0.023300 0.516231 0.076808
v -0.029093 0.535685 0.070236
v -0.022068 0.535685 0.072750
v -0.007859 0.505835 0.079795
v -0.008037 0.507826 0.081605
v -0.008037 0.514249 0.081605
v -0.007867 0.516231 0.079878
v -0.000000 0.505835 0.080181
v -0.000000 0.507826 0.082000
v -0.000000 0.514249 0.082000
v -0.000000 0.516231 0.080264
v -0.008453 0.550621 0.085827
v -0.000000 0.550621 0.086242
v -0.012582 0.525297 0.063253
v -0.006321 0.525297 0.064182
v -0.014831 0.535685 0.074563
v -0.007452 0.535685 0.075657
v -0.000000 0.535685 0.076023
v -0.050439 0.645000 0.094366
v -0.050322 0.648561 0.094146
v -0.040384 0.617294 0.097495
v -0.040947 0.645000 0.098855
v -0.040618 0.657298 0.098060
v -0.052667 0.569563 0.078822
v -0.056304 0.591968 0.084264
v -0.047773 0.591968 0.089377
v -0.060140 0.569563 0.073280
v -0.044688 0.569563 0.083605
v -0.036278 0.569563 0.087583
v -0.038783 0.591968 0.093630
v -0.058628 0.617294 0.087743
v -0.049745 0.617294 0.093067
v -0.059312 0.640466 0.088767
v -0.054277 0.645000 0.092066
v -0.029419 0.591968 0.096980
v -0.019771 0.591968 0.099397
v -0.009292 0.569563 0.094342
v -0.000000 0.569563 0.094799
v -0.009933 0.591968 0.100856
v -0.000000 0.591968 0.101344
v -0.030633 0.617294 0.100984
v -0.020587 0.617294 0.103500
v -0.031060 0.645000 0.102393
v -0.030628 0.666293 0.100967
v -0.020875 0.645000 0.104944
v -0.010344 0.617294 0.105020
v -0.000000 0.617294 0.105528
v -0.010488 0.645000 0.106485
v -0.000000 0.645000 0.107000
v -0.027519 0.569563 0.090717
v -0.018494 0.569563 0.092977
v -0.047808 0.468000 0.031945
v -0.031945 0.468000 0.047808
v -0.040658 0.468000 0.040658
v -0.039289 0.467721 0.039289
v -0.044447 0.468000 0.036477
v -0.042951 0.467721 0.035249
v -0.041376 0.463532 0.033957
v -0.041416 0.465487 0.033989
v -0.041941 0.466883 0.034420
v -0.036477 0.468000 0.044447
v -0.035249 0.467721 0.042951
v -0.033957 0.463532 0.041376
v -0.033989 0.465487 0.041416
v -0.034420 0.466883 0.041941
v -0.037849 0.463532 0.037849
v -0.037885 0.465487 0.037885
v -0.038365 0.466883 0.038365
v -0.056697 0.505835 0.056697
v -0.057983 0.507826 0.057983
v -0.057983 0.514249 0.057983
v -0.056755 0.516231 0.056755
v -0.061981 0.505835 0.050866
v -0.062045 0.516231 0.050919
v -0.050866 0.505835 0.061981
v -0.050919 0.516231 0.062045
v -0.060982 0.550621 0.060982
v -0.058767 0.535685 0.048229
v -0.048229 0.535685 0.058767
v -0.053757 0.535685 0.053757
v -0.049854 0.525297 0.040914
v -0.050334 0.502736 0.033632
v -0.050335 0.504049 0.033633
v -0.050086 0.502831 0.033467
v -0.049938 0.503033 0.033367
v -0.049888 0.503340 0.033334
v -0.049888 0.503460 0.033334
v -0.053624 0.525297 0.035830
v -0.048269 0.519193 0.032252
v -0.047911 0.522384 0.032013
v -0.040914 0.525297 0.049854
v -0.033632 0.502736 0.050334
v -0.033633 0.504049 0.050335
v -0.033467 0.502831 0.050086
v -0.033367 0.503033 0.049938
v -0.033334 0.503340 0.049888
v -0.033334 0.503460 0.049888
v -0.035830 0.525297 0.053624
v -0.032252 0.519193 0.048269
v -0.032013 0.522384 0.047911
v -0.042806 0.502736 0.042806
v -0.042595 0.502831 0.042595
v -0.042807 0.504049 0.042807
v -0.042469 0.503033 0.042469
v -0.042426 0.503340 0.042426
v -0.042426 0.503460 0.042426
v -0.045603 0.525297 0.045603
v -0.041049 0.519193 0.041049
v -0.040745 0.522384 0.040745
v -0.046795 0.502736 0.038404
v -0.046565 0.502831 0.038215
v -0.046427 0.503033 0.038101
v -0.046796 0.504049 0.038405
v -0.046381 0.503340 0.038064
v -0.046381 0.503460 0.038064
v -0.044875 0.519193 0.036828
v -0.044542 0.522384 0.036555
v -0.038404 0.502736 0.046795
v -0.038215 0.502831 0.046565
v -0.038101 0.503033 0.046427
v -0.038405 0.504049 0.046796
v -0.038064 0.503340 0.046381
v -0.038064 0.503460 0.046381
v -0.036828 0.519193 0.044875
v -0.036555 0.522384 0.044542
v -0.055023 0.468000 0.016691
v -0.047206 0.463532 0.025232
v -0.047251 0.465487 0.025256
v -0.050709 0.468000 0.027105
v -0.049003 0.467721 0.026192
v -0.047850 0.466883 0.025576
v -0.053122 0.468000 0.022004
v -0.051334 0.467721 0.021263
v -0.053171 0.467721 0.016129
v -0.051920 0.466883 0.015750
v -0.049452 0.463532 0.020484
v -0.049499 0.465487 0.020503
v -0.050126 0.466883 0.020763
v -0.056394 0.468000 0.011217
v -0.057222 0.468000 0.005636
v -0.055296 0.467721 0.005446
v -0.051221 0.463532 0.015538
v -0.051270 0.465487 0.015553
v -0.052498 0.463532 0.010442
v -0.052548 0.465487 0.010452
v -0.054496 0.467721 0.010840
v -0.053214 0.466883 0.010585
v -0.053268 0.463532 0.005246
v -0.053319 0.465487 0.005251
v -0.053995 0.466883 0.005318
v -0.044505 0.463532 0.029738
v -0.044548 0.465487 0.029766
v -0.046199 0.467721 0.030869
v -0.045112 0.466883 0.030143
v -0.059583 0.525297 0.024680
v -0.056877 0.525297 0.030402
v -0.055928 0.502736 0.023166
v -0.055930 0.504049 0.023167
v -0.055653 0.502831 0.023052
v -0.055488 0.503033 0.022984
v -0.055433 0.503340 0.022961
v -0.055433 0.503460 0.022961
v -0.057929 0.502736 0.017573
v -0.057644 0.502831 0.017486
v -0.057931 0.504049 0.017573
v -0.057473 0.503033 0.017434
v -0.057416 0.503340 0.017417
v -0.057416 0.503460 0.017417
v -0.061716 0.525297 0.018721
v -0.055553 0.519193 0.016852
v -0.055141 0.522384 0.016727
v -0.053388 0.502736 0.028537
v -0.053390 0.504049 0.028537
v -0.053125 0.502831 0.028396
v -0.052968 0.503033 0.028312
v -0.052915 0.503340 0.028284
v -0.052915 0.503460 0.028284
v -0.051198 0.519193 0.027366
v -0.050818 0.522384 0.027163
v -0.053634 0.519193 0.022216
v -0.053236 0.522384 0.022051
v -0.059373 0.502736 0.011810
v -0.059375 0.504049 0.011810
v -0.059081 0.502831 0.011752
v -0.058906 0.503033 0.011717
v -0.058847 0.503340 0.011705
v -0.058847 0.503460 0.011705
v -0.056937 0.519193 0.011326
v -0.056515 0.522384 0.011241
v -0.060245 0.502736 0.005934
v -0.060246 0.504049 0.005934
v -0.059948 0.502831 0.005904
v -0.059770 0.503033 0.005887
v -0.059711 0.503340 0.005881
v -0.059711 0.503460 0.005881
v -0.057773 0.519193 0.005690
v -0.057344 0.522384 0.005648
v -0.025232 0.463532 0.047206
v -0.025256 0.465487 0.047251
v -0.027105 0.468000 0.050709
v -0.026192 0.467721 0.049003
v -0.025576 0.466883 0.047850
v -0.016691 0.468000 0.055023
v -0.022004 0.468000 0.053122
v -0.021263 0.467721 0.051334
v -0.020484 0.463532 0.049452
v -0.020503 0.465487 0.049499
v -0.020763 0.466883 0.050126
v -0.016129 0.467721 0.053171
v -0.015750 0.466883 0.051920
v -0.029738 0.463532 0.044505
v -0.029766 0.465487 0.044548
v -0.030869 0.467721 0.046199
v -0.030143 0.466883 0.045112
v -0.011217 0.468000 0.056394
v -0.015538 0.463532 0.051221
v -0.015553 0.465487 0.051270
v -0.010442 0.463532 0.052498
v -0.010452 0.465487 0.052548
v -0.010840 0.467721 0.054496
v -0.010585 0.466883 0.053214
v -0.005636 0.468000 0.057222
v -0.005446 0.467721 0.055296
v -0.005246 0.463532 0.053268
v -0.005251 0.465487 0.053319
v -0.005318 0.466883 0.053995
v -0.030402 0.525297 0.056877
v -0.024680 0.525297 0.059583
v -0.028537 0.502736 0.053388
v -0.028537 0.504049 0.053390
v -0.028396 0.502831 0.053125
v -0.028312 0.503033 0.052968
v -0.028284 0.503340 0.052915
v -0.028284 0.503460 0.052915
v -0.027366 0.519193 0.051198
v -0.027163 0.522384 0.050818
v -0.023166 0.502736 0.055928
v -0.023167 0.504049 0.055930
v -0.023052 0.502831 0.055653
v -0.022984 0.503033 0.055488
v -0.022961 0.503340 0.055433
v -0.022961 0.503460 0.055433
v -0.017573 0.502736 0.057929
v -0.017486 0.502831 0.057644
v -0.017573 0.504049 0.057931
v -0.017434 0.503033 0.057473
v -0.017417 0.503340 0.057416
v -0.017417 0.503460 0.057416
v -0.018721 0.525297 0.061716
v -0.016852 0.519193 0.055553
v -0.016727 0.522384 0.055141
v -0.022216 0.519193 0.053634
v -0.022051 0.522384 0.053236
v -0.011810 0.502736 0.059373
v -0.011810 0.504049 0.059375
v -0.011752 0.502831 0.059081
v -0.011717 0.503033 0.058906
v -0.011705 0.503340 0.058847
v -0.011705 0.503460 0.058847
v -0.011326 0.519193 0.056937
v -0.011241 0.522384 0.056515
v -0.005934 0.502736 0.060245
v -0.005934 0.504049 0.060246
v -0.005904 0.502831 0.059948
v -0.005887 0.503033 0.059770
v -0.005881 0.503340 0.059711
v -0.005881 0.503460 0.059711
v -0.005690 0.519193 0.057773
v -0.005648 0.522384 0.057344
v -0.081216 0.672664 0.066652
v -0.066652 0.672664 0.081216
v -0.074292 0.672664 0.074292
v -0.070473 0.700163 0.070473
v -0.077041 0.700163 0.063226
v -0.063226 0.700163 0.077041
v -0.064635 0.727259 0.064635
v -0.097067 0.672664 0.040206
v -0.103046 0.672664 0.020497
v -0.100540 0.672664 0.030499
v -0.095372 0.700163 0.028931
v -0.097749 0.700163 0.019443
v -0.104559 0.672664 0.010298
v -0.099184 0.700163 0.009769
v -0.087358 0.672664 0.058371
v -0.092659 0.672664 0.049527
v -0.087896 0.700163 0.046981
v -0.082868 0.700163 0.055370
v -0.092077 0.700163 0.038140
v -0.080614 0.727259 0.043089
v -0.084449 0.727259 0.034980
v -0.070659 0.727259 0.057988
v -0.076002 0.727259 0.050783
v -0.062540 0.753713 0.051325
v -0.071351 0.753713 0.038138
v -0.067269 0.753713 0.044948
v -0.087471 0.727259 0.026534
v -0.089651 0.727259 0.017833
v -0.079349 0.753713 0.015784
v -0.090967 0.727259 0.008959
v -0.080514 0.753713 0.007930
v -0.074746 0.753713 0.030961
v -0.077420 0.753713 0.023485
v -0.063528 0.779287 0.026314
v -0.065802 0.779287 0.019961
v -0.067441 0.779287 0.013415
v -0.068432 0.779287 0.006740
v -0.039137 0.686890 0.094486
v -0.058495 0.669460 0.087544
v -0.058371 0.672664 0.087358
v -0.054937 0.672664 0.089416
v -0.049035 0.677978 0.091738
v -0.055370 0.700163 0.082868
v -0.046981 0.700163 0.087896
v -0.038140 0.700163 0.092077
v -0.057988 0.727259 0.070659
v -0.050783 0.727259 0.076002
v -0.051325 0.753713 0.062540
v -0.043089 0.727259 0.080614
v -0.034980 0.727259 0.084449
v -0.044948 0.753713 0.067269
v -0.038138 0.753713 0.071351
v -0.023553 0.672664 0.102280
v -0.020497 0.672664 0.103046
v -0.020388 0.675514 0.102497
v -0.029176 0.695859 0.096181
v -0.028931 0.700163 0.095372
v -0.024396 0.700163 0.096508
v -0.019163 0.704874 0.096341
v -0.010298 0.672664 0.104559
v -0.010064 0.684809 0.102185
v -0.000000 0.672664 0.105064
v -0.000000 0.693871 0.100900
v -0.009365 0.713697 0.095080
v -0.000000 0.722129 0.092971
v -0.026534 0.727259 0.087471
v -0.017833 0.727259 0.089651
v -0.015784 0.753713 0.079349
v -0.030961 0.753713 0.074746
v -0.023485 0.753713 0.077420
v -0.008959 0.727259 0.090967
v -0.000000 0.727259 0.091407
v -0.007930 0.753713 0.080514
v -0.000000 0.753713 0.080904
v -0.026314 0.779287 0.063528
v -0.019961 0.779287 0.065802
v -0.013415 0.779287 0.067441
v -0.006740 0.779287 0.068432
v -0.057208 0.753713 0.057208
v -0.048623 0.779287 0.048623
v -0.060643 0.779287 0.032415
v -0.057174 0.779287 0.038203
v -0.053154 0.779287 0.043623
v -0.043623 0.779287 0.053154
v -0.038203 0.779287 0.057174
v -0.032415 0.779287 0.060643
v -0.039310 0.803741 0.039310
v -0.042974 0.803741 0.035268
v -0.035268 0.803741 0.042974
v -0.049028 0.803741 0.026206
v -0.051361 0.803741 0.021274
v -0.053199 0.803741 0.016138
v -0.055325 0.803741 0.005449
v -0.054524 0.803741 0.010846
v -0.046224 0.803741 0.030886
v -0.032469 0.826837 0.026646
v -0.037043 0.826837 0.019800
v -0.038805 0.826837 0.016074
v -0.034924 0.826837 0.023335
v -0.040194 0.826837 0.012193
v -0.041196 0.826837 0.008194
v -0.041800 0.826837 0.004117
v -0.026206 0.803741 0.049028
v -0.021274 0.803741 0.051361
v -0.016138 0.803741 0.053199
v -0.030886 0.803741 0.046224
v -0.026646 0.826837 0.032469
v -0.019800 0.826837 0.037043
v -0.023335 0.826837 0.034924
v -0.016074 0.826837 0.038805
v -0.010846 0.803741 0.054524
v -0.005449 0.803741 0.055325
v -0.012193 0.826837 0.040194
v -0.008194 0.826837 0.041196
v -0.004117 0.826837 0.041800
v -0.029700 0.826837 0.029700
v -0.023782 0.848336 0.015891
v -0.015891 0.848336 0.023782
v -0.020225 0.848336 0.020225
v -0.022110 0.848336 0.018145
v -0.018145 0.848336 0.022110
v -0.027371 0.848336 0.008303
v -0.025225 0.848336 0.013483
v -0.026425 0.848336 0.010946
v -0.028053 0.848336 0.005580
v -0.028464 0.848336 0.002804
v -0.015693 0.868000 0.003121
v -0.015923 0.868000 0.001568
v -0.013483 0.848336 0.025225
v -0.008303 0.848336 0.027371
v -0.010946 0.848336 0.026425
v -0.005580 0.848336 0.028053
v -0.002804 0.848336 0.028464
v -0.003121 0.868000 0.015693
v -0.001568 0.868000 0.015923
v -0.012368 0.868000 0.010150
v -0.013304 0.868000 0.008889
v -0.010150 0.868000 0.012368
v -0.008889 0.868000 0.013304
v -0.011314 0.868000 0.011314
v -0.008034 0.882842 0.008034
v -0.014782 0.868000 0.006123
v -0.014111 0.868000 0.007542
v -0.015311 0.868000 0.004645
v -0.010020 0.882842 0.005356
v -0.010497 0.882842 0.004348
v -0.009447 0.882842 0.006312
v -0.008783 0.882842 0.007208
v -0.010000 0.883856 0.004142
v -0.009000 0.883856 0.006014
v -0.008367 0.883856 0.006867
v -0.009546 0.883856 0.005102
v -0.008261 0.884581 0.005520
v -0.008762 0.884581 0.004683
v -0.010873 0.882842 0.003298
v -0.011144 0.882842 0.002217
v -0.011307 0.882842 0.001114
v -0.010358 0.883856 0.003142
v -0.010616 0.883856 0.002112
v -0.010772 0.883856 0.001061
v -0.009887 0.884581 0.000974
v -0.009179 0.884581 0.003802
v -0.009507 0.884581 0.002884
v -0.009744 0.884581 0.001938
v -0.007542 0.868000 0.014111
v -0.006123 0.868000 0.014782
v -0.004645 0.868000 0.015311
v -0.007208 0.882842 0.008783
v -0.006312 0.882842 0.009447
v -0.005356 0.882842 0.010020
v -0.004348 0.882842 0.010497
v -0.006867 0.883856 0.008367
v -0.006014 0.883856 0.009000
v -0.004142 0.883856 0.010000
v -0.005102 0.883856 0.009546
v -0.005520 0.884581 0.008261
v -0.004683 0.884581 0.008762
v -0.003298 0.882842 0.010873
v -0.002217 0.882842 0.011144
v -0.001114 0.882842 0.011307
v -0.003142 0.883856 0.010358
v -0.002112 0.883856 0.010616
v -0.003802 0.884581 0.009179
v -0.002884 0.884581 0.009507
v -0.001061 0.883856 0.010772
v -0.000974 0.884581 0.009887
v -0.001938 0.884581 0.009744
v -0.007654 0.883856 0.007654
v -0.007025 0.884581 0.007025
v -0.007680 0.884581 0.006303
v -0.006303 0.884581 0.007680
v -0.245000 0.011000 -0.000000
v -0.249268 0.015268 -0.000000
v -0.250000 0.017036 -0.000000
v -0.250000 0.032516 -0.000000
v -0.248697 0.034711 -0.000000
v -0.239000 0.040000 -0.000000
v -0.241495 0.046384 -0.000000
v -0.241630 0.054741 -0.000000
v -0.243820 0.011000 -0.024014
v -0.248067 0.015268 -0.024433
v -0.248796 0.017036 -0.024504
v -0.248796 0.032516 -0.024504
v -0.247500 0.034711 -0.024377
v -0.237849 0.040000 -0.023426
v -0.240332 0.046384 -0.023671
v -0.240466 0.054741 -0.023684
v -0.230000 0.000000 -0.000000
v -0.228892 0.000000 -0.022544
v -0.238875 0.063875 -0.000000
v -0.237725 0.063875 -0.023414
v -0.232704 0.072593 -0.000000
v -0.222588 0.079699 -0.000000
v -0.231583 0.072593 -0.022809
v -0.221516 0.079699 -0.021817
v -0.234408 0.040000 -0.046627
v -0.245196 0.017036 -0.048773
v -0.244478 0.015268 -0.048630
v -0.240292 0.011000 -0.047797
v -0.245196 0.032516 -0.048773
v -0.243918 0.034711 -0.048518
v -0.236855 0.046384 -0.047113
v -0.236987 0.054741 -0.047140
v -0.225581 0.000000 -0.044871
v -0.234285 0.063875 -0.046602
v -0.228232 0.072593 -0.045398
v -0.208000 0.084000 -0.000000
v -0.206998 0.084000 -0.020388
v -0.198000 0.086000 -0.000000
v -0.197047 0.086000 -0.019407
v -0.218311 0.079699 -0.043425
v -0.204003 0.084000 -0.040579
v -0.194195 0.086000 -0.038628
v -0.199044 0.084000 -0.060379
v -0.189474 0.086000 -0.057476
v -0.234450 0.011000 -0.071120
v -0.238534 0.015268 -0.072359
v -0.239235 0.017036 -0.072571
v -0.239235 0.032516 -0.072571
v -0.237988 0.034711 -0.072193
v -0.220096 0.000000 -0.066765
v -0.228709 0.040000 -0.069378
v -0.231097 0.046384 -0.070102
v -0.231225 0.054741 -0.070141
v -0.220807 0.040000 -0.091461
v -0.223113 0.046384 -0.092416
v -0.223237 0.054741 -0.092468
v -0.228589 0.063875 -0.069342
v -0.222684 0.072593 -0.067550
v -0.220692 0.063875 -0.091414
v -0.230970 0.017036 -0.095671
v -0.230293 0.015268 -0.095391
v -0.226350 0.011000 -0.093757
v -0.230970 0.032516 -0.095671
v -0.229766 0.034711 -0.095172
v -0.219835 0.015268 -0.117504
v -0.220480 0.017036 -0.117849
v -0.220480 0.032516 -0.117849
v -0.219331 0.034711 -0.117235
v -0.212492 0.000000 -0.088017
v -0.213003 0.079699 -0.064614
v -0.214990 0.072593 -0.089052
v -0.205644 0.079699 -0.085181
v -0.192167 0.084000 -0.079598
v -0.216071 0.011000 -0.115492
v -0.212980 0.046384 -0.113840
v -0.213098 0.054741 -0.113903
v -0.210779 0.040000 -0.112664
v -0.202842 0.000000 -0.108421
v -0.210669 0.063875 -0.112605
v -0.205226 0.072593 -0.109696
v -0.196305 0.079699 -0.104927
v -0.165920 0.090256 -0.000000
v -0.165121 0.090256 -0.016263
v -0.162732 0.090256 -0.032369
v -0.158776 0.090256 -0.048164
v -0.139600 0.097968 -0.000000
v -0.138928 0.097968 -0.013683
v -0.136918 0.097968 -0.027235
v -0.133589 0.097968 -0.040524
v -0.128974 0.097968 -0.053423
v -0.182928 0.086000 -0.075771
v -0.174620 0.086000 -0.093337
v -0.183440 0.084000 -0.098051
v -0.185075 0.079699 -0.123663
v -0.172946 0.084000 -0.115559
v -0.164631 0.086000 -0.110003
v -0.153290 0.090256 -0.063495
v -0.146328 0.090256 -0.078214
v -0.137957 0.090256 -0.092180
v -0.128258 0.090256 -0.105259
v -0.203710 0.011000 -0.136115
v -0.207259 0.015268 -0.138486
v -0.207867 0.017036 -0.138893
v -0.207867 0.032516 -0.138893
v -0.206784 0.034711 -0.138169
v -0.191238 0.000000 -0.127781
v -0.198721 0.040000 -0.132781
v -0.200796 0.046384 -0.134168
v -0.200908 0.054741 -0.134242
v -0.189388 0.011000 -0.155426
v -0.198617 0.063875 -0.132712
v -0.193486 0.072593 -0.129283
v -0.192687 0.015268 -0.158134
v -0.193253 0.017036 -0.158598
v -0.192245 0.034711 -0.157772
v -0.193253 0.032516 -0.158598
v -0.177792 0.000000 -0.145910
v -0.184749 0.040000 -0.151620
v -0.186678 0.046384 -0.153203
v -0.186782 0.054741 -0.153288
v -0.179882 0.072593 -0.147626
v -0.184653 0.063875 -0.151541
v -0.172063 0.079699 -0.141208
v -0.160786 0.084000 -0.131954
v -0.173241 0.011000 -0.173241
v -0.176777 0.017036 -0.176777
v -0.176259 0.015268 -0.176259
v -0.176777 0.032516 -0.176777
v -0.175855 0.034711 -0.175855
v -0.162635 0.000000 -0.162635
v -0.168999 0.040000 -0.168999
v -0.170763 0.046384 -0.170763
v -0.170858 0.054741 -0.170858
v -0.168910 0.063875 -0.168910
v -0.164546 0.072593 -0.164546
v -0.157393 0.079699 -0.157393
v -0.153056 0.086000 -0.125610
v -0.147078 0.084000 -0.147078
v -0.140007 0.086000 -0.140007
v -0.125610 0.086000 -0.153056
v -0.145910 0.000000 -0.177792
v -0.151620 0.040000 -0.184749
v -0.153203 0.046384 -0.186678
v -0.153288 0.054741 -0.186782
v -0.151541 0.063875 -0.184653
v -0.141208 0.079699 -0.172063
v -0.147626 0.072593 -0.179882
v -0.131954 0.084000 -0.160786
v -0.158598 0.017036 -0.193253
v -0.158134 0.015268 -0.192687
v -0.158598 0.032516 -0.193253
v -0.157772 0.034711 -0.192245
v -0.155426 0.011000 -0.189388
v -0.127781 0.000000 -0.191238
v -0.134168 0.046384 -0.200796
v -0.134242 0.054741 -0.200908
v -0.132781 0.040000 -0.198721
v -0.136115 0.011000 -0.203710
v -0.138893 0.017036 -0.207867
v -0.138486 0.015268 -0.207259
v -0.138169 0.034711 -0.206784
v -0.138893 0.032516 -0.207867
v -0.129283 0.072593 -0.193486
v -0.132712 0.063875 -0.198617
v -0.119520 0.108752 -0.000000
v -0.118944 0.108752 -0.011715
v -0.117223 0.108752 -0.023317
v -0.114374 0.108752 -0.034695
v -0.110422 0.108752 -0.045738
v -0.105407 0.108752 -0.056341
v -0.106160 0.122224 -0.000000
v -0.105649 0.122224 -0.010405
v -0.100000 0.138000 -0.000000
v -0.099518 0.138000 -0.009802
v -0.104120 0.122224 -0.020711
v -0.101589 0.122224 -0.030817
v -0.098079 0.138000 -0.019509
v -0.095694 0.138000 -0.029028
v -0.094088 0.200083 -0.000000
v -0.098079 0.122224 -0.040626
v -0.093635 0.200083 -0.009222
v -0.092280 0.200083 -0.018356
v -0.090037 0.200083 -0.027312
v -0.092388 0.138000 -0.038268
v -0.093625 0.122224 -0.050043
v -0.088192 0.138000 -0.047140
v -0.088269 0.122224 -0.058979
v -0.083147 0.138000 -0.055557
v -0.086926 0.200083 -0.036006
v -0.082978 0.200083 -0.044353
v -0.078231 0.200083 -0.052272
v -0.072731 0.200083 -0.059689
v -0.123116 0.097968 -0.065807
v -0.116073 0.097968 -0.077558
v -0.099377 0.108752 -0.066402
v -0.107912 0.097968 -0.088561
v -0.117323 0.090256 -0.117323
v -0.098712 0.097968 -0.098712
v -0.092390 0.108752 -0.075823
v -0.084513 0.108752 -0.084513
v -0.075823 0.108752 -0.092390
v -0.088561 0.097968 -0.107912
v -0.066402 0.108752 -0.099377
v -0.077558 0.097968 -0.116073
v -0.065807 0.097968 -0.123116
v -0.082063 0.122224 -0.067347
v -0.077301 0.138000 -0.063439
v -0.075066 0.122224 -0.075066
v -0.070711 0.138000 -0.070711
v -0.063439 0.138000 -0.077301
v -0.067347 0.122224 -0.082063
v -0.066530 0.200083 -0.066530
v -0.056341 0.108752 -0.105407
v -0.045738 0.108752 -0.110422
v -0.034695 0.108752 -0.114374
v -0.023317 0.108752 -0.117223
v -0.011715 0.108752 -0.118944
v -0.055557 0.138000 -0.083147
v -0.058979 0.122224 -0.088269
v -0.050043 0.122224 -0.093625
v -0.047140 0.138000 -0.088192
v -0.038268 0.138000 -0.092388
v -0.059689 0.200083 -0.072731
v -0.052272 0.200083 -0.078231
v -0.044353 0.200083 -0.082978
v -0.036006 0.200083 -0.086926
v -0.040626 0.122224 -0.098079
v -0.027312 0.200083 -0.090037
v -0.018356 0.200083 -0.092280
v -0.009222 0.200083 -0.093635
v -0.029028 0.138000 -0.095694
v -0.030817 0.122224 -0.101589
v -0.019509 0.138000 -0.098079
v -0.020711 0.122224 -0.104120
v -0.009802 0.138000 -0.099518
v -0.010405 0.122224 -0.105649
v -0.085370 0.262667 -0.000000
v -0.084959 0.262667 -0.008368
v -0.083730 0.262667 -0.016655
v -0.081694 0.262667 -0.024782
v -0.075375 0.323250 -0.000000
v -0.075012 0.323250 -0.007388
v -0.073927 0.323250 -0.014705
v -0.072129 0.323250 -0.021880
v -0.069637 0.323250 -0.028845
v -0.078872 0.262667 -0.032670
v -0.075290 0.262667 -0.040243
v -0.070983 0.262667 -0.047429
v -0.065992 0.262667 -0.054158
v -0.066475 0.323250 -0.035532
v -0.062672 0.323250 -0.041876
v -0.065630 0.379333 -0.000000
v -0.065314 0.379333 -0.006433
v -0.064369 0.379333 -0.012804
v -0.062804 0.379333 -0.019051
v -0.060366 0.262667 -0.060366
v -0.058266 0.323250 -0.047817
v -0.053298 0.323250 -0.053298
v -0.047817 0.323250 -0.058266
v -0.060634 0.379333 -0.025115
v -0.057880 0.379333 -0.030938
v -0.057662 0.428417 -0.000000
v -0.057384 0.428417 -0.005652
v -0.056554 0.428417 -0.011249
v -0.055179 0.428417 -0.016738
v -0.053273 0.428417 -0.022066
v -0.050853 0.428417 -0.027182
v -0.054569 0.379333 -0.036462
v -0.050732 0.379333 -0.041635
v -0.046407 0.379333 -0.046407
v -0.041635 0.379333 -0.050732
v -0.036462 0.379333 -0.054569
v -0.047944 0.428417 -0.032035
v -0.044573 0.428417 -0.036580
v -0.040773 0.428417 -0.040773
v -0.036580 0.428417 -0.044573
v -0.032035 0.428417 -0.047944
v -0.030938 0.379333 -0.057880
v -0.025115 0.379333 -0.060634
v -0.027182 0.428417 -0.050853
v -0.022066 0.428417 -0.053273
v -0.016738 0.428417 -0.055179
v -0.011249 0.428417 -0.056554
v -0.005652 0.428417 -0.057384
v -0.054158 0.262667 -0.065992
v -0.047429 0.262667 -0.070983
v -0.040243 0.262667 -0.075290
v -0.032670 0.262667 -0.078872
v -0.041876 0.323250 -0.062672
v -0.035532 0.323250 -0.066475
v -0.024782 0.262667 -0.081694
v -0.016655 0.262667 -0.083730
v -0.008368 0.262667 -0.084959
v -0.028845 0.323250 -0.069637
v -0.021880 0.323250 -0.072129
v -0.014705 0.323250 -0.073927
v -0.007388 0.323250 -0.075012
v -0.019051 0.379333 -0.062804
v -0.012804 0.379333 -0.064369
v -0.006433 0.379333 -0.065314
v -0.105259 0.090256 -0.128258
v -0.110003 0.086000 -0.164631
v -0.123663 0.079699 -0.185075
v -0.115559 0.084000 -0.172946
v -0.098051 0.084000 -0.183440
v -0.092180 0.090256 -0.137957
v -0.078214 0.090256 -0.146328
v -0.063495 0.090256 -0.153290
v -0.093337 0.086000 -0.174620
v -0.075771 0.086000 -0.182928
v -0.115492 0.011000 -0.216071
v -0.112664 0.040000 -0.210779
v -0.113840 0.046384 -0.212980
v -0.113903 0.054741 -0.213098
v -0.108421 0.000000 -0.202842
v -0.112605 0.063875 -0.210669
v -0.109696 0.072593 -0.205226
v -0.104927 0.079699 -0.196305
v -0.117504 0.015268 -0.219835
v -0.117849 0.017036 -0.220480
v -0.117235 0.034711 -0.219331
v -0.117849 0.032516 -0.220480
v -0.093757 0.011000 -0.226350
v -0.095391 0.015268 -0.230293
v -0.095671 0.017036 -0.230970
v -0.095172 0.034711 -0.229766
v -0.095671 0.032516 -0.230970
v -0.088017 0.000000 -0.212492
v -0.079598 0.084000 -0.192167
v -0.089052 0.072593 -0.214990
v -0.085181 0.079699 -0.205644
v -0.064614 0.079699 -0.213003
v -0.091461 0.040000 -0.220807
v -0.092416 0.046384 -0.223113
v -0.092468 0.054741 -0.223237
v -0.066765 0.000000 -0.220096
v -0.069378 0.040000 -0.228709
v -0.070102 0.046384 -0.231097
v -0.070141 0.054741 -0.231225
v -0.071120 0.011000 -0.234450
v -0.072359 0.015268 -0.238534
v -0.072571 0.017036 -0.239235
v -0.072193 0.034711 -0.237988
v -0.072571 0.032516 -0.239235
v -0.091414 0.063875 -0.220692
v -0.067550 0.072593 -0.222684
v -0.069342 0.063875 -0.228589
v -0.053423 0.097968 -0.128974
v -0.040524 0.097968 -0.133589
v -0.048164 0.090256 -0.158776
v -0.032369 0.090256 -0.162732
v -0.027235 0.097968 -0.136918
v -0.013683 0.097968 -0.138928
v -0.016263 0.090256 -0.165121
v -0.057476 0.086000 -0.189474
v -0.060379 0.084000 -0.199044
v -0.038628 0.086000 -0.194195
v -0.043425 0.079699 -0.218311
v -0.040579 0.084000 -0.204003
v -0.047797 0.011000 -0.240292
v -0.048630 0.015268 -0.244478
v -0.048773 0.017036 -0.245196
v -0.047113 0.046384 -0.236855
v -0.047140 0.054741 -0.236987
v -0.048518 0.034711 -0.243918
v -0.048773 0.032516 -0.245196
v -0.044871 0.000000 -0.225581
v -0.046627 0.040000 -0.234408
v -0.046602 0.063875 -0.234285
v -0.045398 0.072593 -0.228232
v -0.019407 0.086000 -0.197047
v -0.020388 0.084000 -0.206998
v -0.022544 0.000000 -0.228892
v -0.024014 0.011000 -0.243820
v -0.024433 0.015268 -0.248067
v -0.024504 0.017036 -0.248796
v -0.023671 0.046384 -0.240332
v -0.023684 0.054741 -0.240466
v -0.024377 0.034711 -0.247500
v -0.024504 0.032516 -0.248796
v -0.023426 0.040000 -0.237849
v -0.021817 0.079699 -0.221516
v -0.022809 0.072593 -0.231583
v -0.023414 0.063875 -0.237725
v -0.108000 0.472219 -0.000000
v -0.106661 0.470331 -0.000000
v -0.107480 0.472219 -0.010586
v -0.106147 0.470331 -0.010455
v -0.100000 0.468000 -0.000000
v -0.099518 0.468000 -0.009802
v -0.108000 0.493781 -0.000000
v -0.106661 0.495669 -0.000000
v -0.107480 0.493781 -0.010586
v -0.106147 0.495669 -0.010455
v -0.100000 0.498000 -0.000000
v -0.099518 0.498000 -0.009802
v -0.105925 0.472219 -0.021070
v -0.104611 0.470331 -0.020808
v -0.102068 0.470331 -0.030962
v -0.098079 0.468000 -0.019509
v -0.095694 0.468000 -0.029028
v -0.105925 0.493781 -0.021070
v -0.104611 0.495669 -0.020808
v -0.102068 0.495669 -0.030962
v -0.098079 0.498000 -0.019509
v -0.095694 0.498000 -0.029028
v -0.103350 0.472219 -0.031351
v -0.099779 0.472219 -0.041330
v -0.098542 0.470331 -0.040817
v -0.103350 0.493781 -0.031351
v -0.099779 0.493781 -0.041330
v -0.098542 0.495669 -0.040817
v -0.094066 0.470331 -0.050280
v -0.095247 0.472219 -0.050911
v -0.094066 0.495669 -0.050280
v -0.095247 0.493781 -0.050911
v -0.080181 0.505835 -0.000000
v -0.082000 0.507826 -0.000000
v -0.082000 0.514249 -0.000000
v -0.080264 0.516231 -0.000000
v -0.079795 0.505835 -0.007859
v -0.081605 0.507826 -0.008037
v -0.081605 0.514249 -0.008037
v -0.079878 0.516231 -0.007867
v -0.086242 0.550621 -0.000000
v -0.085827 0.550621 -0.008453
v -0.078640 0.505835 -0.015643
v -0.080424 0.507826 -0.015997
v -0.080424 0.514249 -0.015997
v -0.078722 0.516231 -0.015659
v -0.078469 0.507826 -0.023803
v -0.078469 0.514249 -0.023803
v -0.084585 0.550621 -0.016825
v -0.082528 0.550621 -0.025035
v -0.064493 0.525297 -0.000000
v -0.064182 0.525297 -0.006321
v -0.063253 0.525297 -0.012582
v -0.076023 0.535685 -0.000000
v -0.075657 0.535685 -0.007452
v -0.074563 0.535685 -0.014831
v -0.076729 0.505835 -0.023275
v -0.076808 0.516231 -0.023300
v -0.074078 0.505835 -0.030684
v -0.074155 0.516231 -0.030716
v -0.072750 0.535685 -0.022068
v -0.070236 0.535685 -0.029093
v -0.092388 0.468000 -0.038268
v -0.092388 0.498000 -0.038268
v -0.088192 0.468000 -0.047140
v -0.089799 0.472219 -0.060002
v -0.088685 0.470331 -0.059258
v -0.083147 0.468000 -0.055557
v -0.088192 0.498000 -0.047140
v -0.089799 0.493781 -0.060002
v -0.088685 0.495669 -0.059258
v -0.083147 0.498000 -0.055557
v -0.079677 0.550621 -0.033003
v -0.075758 0.507826 -0.031380
v -0.075758 0.514249 -0.031380
v -0.070713 0.505835 -0.037797
v -0.072318 0.507826 -0.038655
v -0.072318 0.514249 -0.038655
v -0.070787 0.516231 -0.037836
v -0.066668 0.505835 -0.044546
v -0.068181 0.507826 -0.045557
v -0.068181 0.514249 -0.045557
v -0.066737 0.516231 -0.044592
v -0.076059 0.550621 -0.040654
v -0.067047 0.535685 -0.035837
v -0.063211 0.535685 -0.042236
v -0.063387 0.507826 -0.052020
v -0.063387 0.514249 -0.052020
v -0.071708 0.550621 -0.047913
v -0.066666 0.550621 -0.054711
v -0.094799 0.569563 -0.000000
v -0.094342 0.569563 -0.009292
v -0.102876 0.601241 -0.000000
v -0.102444 0.601630 -0.010090
v -0.101344 0.591968 -0.000000
v -0.100856 0.591968 -0.009933
v -0.099397 0.591968 -0.019771
v -0.101151 0.602794 -0.020120
v -0.096980 0.591968 -0.029419
v -0.099005 0.604727 -0.030000
v -0.106026 0.626663 -0.000000
v -0.105538 0.627102 -0.010395
v -0.107000 0.645000 -0.000000
v -0.106485 0.645000 -0.010488
v -0.104080 0.628415 -0.020703
v -0.101860 0.630414 -0.030000
v -0.101142 0.617294 -0.030000
v -0.100984 0.617294 -0.030633
v -0.104944 0.645000 -0.020875
v -0.102393 0.645000 -0.031060
v -0.097495 0.617294 -0.040384
v -0.098855 0.645000 -0.040947
v -0.094366 0.645000 -0.050439
v -0.092977 0.569563 -0.018494
v -0.090717 0.569563 -0.027519
v -0.087583 0.569563 -0.036278
v -0.083605 0.569563 -0.044688
v -0.093630 0.591968 -0.038783
v -0.078822 0.569563 -0.052667
v -0.089377 0.591968 -0.047773
v -0.084264 0.591968 -0.056304
v -0.073280 0.569563 -0.060140
v -0.093067 0.617294 -0.049745
v -0.087743 0.617294 -0.058628
v -0.088967 0.645000 -0.059446
v -0.082450 0.470331 -0.067665
v -0.083485 0.472219 -0.068514
v -0.082450 0.495669 -0.067665
v -0.083485 0.493781 -0.068514
v -0.077301 0.468000 -0.063439
v -0.076368 0.472219 -0.076368
v -0.075421 0.470331 -0.075421
v -0.070711 0.468000 -0.070711
v -0.063439 0.468000 -0.077301
v -0.077301 0.498000 -0.063439
v -0.076368 0.493781 -0.076368
v -0.075421 0.495669 -0.075421
v -0.070711 0.498000 -0.070711
v -0.063439 0.498000 -0.077301
v -0.068514 0.472219 -0.083485
v -0.067665 0.470331 -0.082450
v -0.068514 0.493781 -0.083485
v -0.067665 0.495669 -0.082450
v -0.078340 0.591968 -0.064292
v -0.067033 0.569563 -0.067033
v -0.071661 0.591968 -0.071661
v -0.064292 0.591968 -0.078340
v -0.081574 0.617294 -0.066946
v -0.082712 0.645000 -0.067880
v -0.074619 0.617294 -0.074619
v -0.075660 0.645000 -0.075660
v -0.066946 0.617294 -0.081574
v -0.067880 0.645000 -0.082712
v -0.057499 0.468000 -0.000000
v -0.055563 0.467721 -0.000000
v -0.057222 0.468000 -0.005636
v -0.055296 0.467721 -0.005446
v -0.056394 0.468000 -0.011217
v -0.053526 0.463532 -0.000000
v -0.053577 0.465487 -0.000000
v -0.054256 0.466883 -0.000000
v -0.053268 0.463532 -0.005246
v -0.053319 0.465487 -0.005251
v -0.053995 0.466883 -0.005318
v -0.052498 0.463532 -0.010442
v -0.052548 0.465487 -0.010452
v -0.054496 0.467721 -0.010840
v -0.053214 0.466883 -0.010585
v -0.051221 0.463532 -0.015538
v -0.051270 0.465487 -0.015553
v -0.055023 0.468000 -0.016691
v -0.053171 0.467721 -0.016129
v -0.051920 0.466883 -0.015750
v -0.053122 0.468000 -0.022004
v -0.051334 0.467721 -0.021263
v -0.049452 0.463532 -0.020484
v -0.049499 0.465487 -0.020503
v -0.050126 0.466883 -0.020763
v -0.047206 0.463532 -0.025232
v -0.047251 0.465487 -0.025256
v -0.050709 0.468000 -0.027105
v -0.049003 0.467721 -0.026192
v -0.047850 0.466883 -0.025576
v -0.044505 0.463532 -0.029738
v -0.044548 0.465487 -0.029766
v -0.046199 0.467721 -0.030869
v -0.045112 0.466883 -0.030143
v -0.060536 0.502736 -0.000000
v -0.060238 0.502831 -0.000000
v -0.060060 0.503033 -0.000000
v -0.060538 0.504049 -0.000000
v -0.060000 0.503340 -0.000000
v -0.060000 0.503460 -0.000000
v -0.060245 0.502736 -0.005934
v -0.060246 0.504049 -0.005934
v -0.059948 0.502831 -0.005904
v -0.059770 0.503033 -0.005887
v -0.059711 0.503340 -0.005881
v -0.059711 0.503460 -0.005881
v -0.058053 0.519193 -0.000000
v -0.057622 0.522384 -0.000000
v -0.057773 0.519193 -0.005690
v -0.057344 0.522384 -0.005648
v -0.058906 0.503033 -0.011717
v -0.058847 0.503340 -0.011705
v -0.058847 0.503460 -0.011705
v -0.059373 0.502736 -0.011810
v -0.059375 0.504049 -0.011810
v -0.059081 0.502831 -0.011752
v -0.056937 0.519193 -0.011326
v -0.056515 0.522384 -0.011241
v -0.057929 0.502736 -0.017573
v -0.057644 0.502831 -0.017486
v -0.057931 0.504049 -0.017573
v -0.057473 0.503033 -0.017434
v -0.057416 0.503340 -0.017417
v -0.057416 0.503460 -0.017417
v -0.055928 0.502736 -0.023166
v -0.055930 0.504049 -0.023167
v -0.055653 0.502831 -0.023052
v -0.055488 0.503033 -0.022984
v -0.055433 0.503340 -0.022961
v -0.055433 0.503460 -0.022961
v -0.061716 0.525297 -0.018721
v -0.055553 0.519193 -0.016852
v -0.055141 0.522384 -0.016727
v -0.059583 0.525297 -0.024680
v -0.056877 0.525297 -0.030402
v -0.053634 0.519193 -0.022216
v -0.053236 0.522384 -0.022051
v -0.052968 0.503033 -0.028312
v -0.052915 0.503340 -0.028284
v -0.052915 0.503460 -0.028284
v -0.053388 0.502736 -0.028537
v -0.053390 0.504049 -0.028537
v -0.053125 0.502831 -0.028396
v -0.050818 0.522384 -0.027163
v -0.051198 0.519193 -0.027366
v -0.047808 0.468000 -0.031945
v -0.044447 0.468000 -0.036477
v -0.041376 0.463532 -0.033957
v -0.041416 0.465487 -0.033989
v -0.041941 0.466883 -0.034420
v -0.042951 0.467721 -0.035249
v -0.040658 0.468000 -0.040658
v -0.039289 0.467721 -0.039289
v -0.037849 0.463532 -0.037849
v -0.037885 0.465487 -0.037885
v -0.038365 0.466883 -0.038365
v -0.035249 0.467721 -0.042951
v -0.036477 0.468000 -0.044447
v -0.033957 0.463532 -0.041376
v -0.033989 0.465487 -0.041416
v -0.034420 0.466883 -0.041941
v -0.031945 0.468000 -0.047808
v -0.050334 0.502736 -0.033632
v -0.050335 0.504049 -0.033633
v -0.050086 0.502831 -0.033467
v -0.049938 0.503033 -0.033367
v -0.049888 0.503340 -0.033334
v -0.049888 0.503460 -0.033334
v -0.053624 0.525297 -0.035830
v -0.048269 0.519193 -0.032252
v -0.047911 0.522384 -0.032013
v -0.049854 0.525297 -0.040914
v -0.061981 0.505835 -0.050866
v -0.062045 0.516231 -0.050919
v -0.056697 0.505835 -0.056697
v -0.057983 0.507826 -0.057983
v -0.057983 0.514249 -0.057983
v -0.056755 0.516231 -0.056755
v -0.050866 0.505835 -0.061981
v -0.050919 0.516231 -0.062045
v -0.058767 0.535685 -0.048229
v -0.060982 0.550621 -0.060982
v -0.053757 0.535685 -0.053757
v -0.048229 0.535685 -0.058767
v -0.046381 0.503340 -0.038064
v -0.046381 0.503460 -0.038064
v -0.046795 0.502736 -0.038404
v -0.046565 0.502831 -0.038215
v -0.046427 0.503033 -0.038101
v -0.046796 0.504049 -0.038405
v -0.044875 0.519193 -0.036828
v -0.044542 0.522384 -0.036555
v -0.042806 0.502736 -0.042806
v -0.042595 0.502831 -0.042595
v -0.042807 0.504049 -0.042807
v -0.042469 0.503033 -0.042469
v -0.042426 0.503340 -0.042426
v -0.042426 0.503460 -0.042426
v -0.045603 0.525297 -0.045603
v -0.041049 0.519193 -0.041049
v -0.040745 0.522384 -0.040745
v -0.038404 0.502736 -0.046795
v -0.038215 0.502831 -0.046565
v -0.038101 0.503033 -0.046427
v -0.038405 0.504049 -0.046796
v -0.038064 0.503340 -0.046381
v -0.038064 0.503460 -0.046381
v -0.036828 0.519193 -0.044875
v -0.036555 0.522384 -0.044542
v -0.040914 0.525297 -0.049854
v -0.033467 0.502831 -0.050086
v -0.033367 0.503033 -0.049938
v -0.033334 0.503340 -0.049888
v -0.033334 0.503460 -0.049888
v -0.033632 0.502736 -0.050334
v -0.033633 0.504049 -0.050335
v -0.035830 0.525297 -0.053624
v -0.032252 0.519193 -0.048269
v -0.032013 0.522384 -0.047911
v -0.029738 0.463532 -0.044505
v -0.029766 0.465487 -0.044548
v -0.030869 0.467721 -0.046199
v -0.030143 0.466883 -0.045112
v -0.025232 0.463532 -0.047206
v -0.025256 0.465487 -0.047251
v -0.025576 0.466883 -0.047850
v -0.027105 0.468000 -0.050709
v -0.026192 0.467721 -0.049003
v -0.020484 0.463532 -0.049452
v -0.020503 0.465487 -0.049499
v -0.020763 0.466883 -0.050126
v -0.022004 0.468000 -0.053122
v -0.021263 0.467721 -0.051334
v -0.015750 0.466883 -0.051920
v -0.016129 0.467721 -0.053171
v -0.016691 0.468000 -0.055023
v -0.015538 0.463532 -0.051221
v -0.015553 0.465487 -0.051270
v -0.010442 0.463532 -0.052498
v -0.010452 0.465487 -0.052548
v -0.010840 0.467721 -0.054496
v -0.010585 0.466883 -0.053214
v -0.011217 0.468000 -0.056394
v -0.005246 0.463532 -0.053268
v -0.005251 0.465487 -0.053319
v -0.005318 0.466883 -0.053995
v -0.005446 0.467721 -0.055296
v -0.005636 0.468000 -0.057222
v -0.028396 0.502831 -0.053125
v -0.028537 0.502736 -0.053388
v -0.028537 0.504049 -0.053390
v -0.028312 0.503033 -0.052968
v -0.028284 0.503340 -0.052915
v -0.028284 0.503460 -0.052915
v -0.027366 0.519193 -0.051198
v -0.027163 0.522384 -0.050818
v -0.030402 0.525297 -0.056877
v -0.024680 0.525297 -0.059583
v -0.022216 0.519193 -0.053634
v -0.022051 0.522384 -0.053236
v -0.023052 0.502831 -0.055653
v -0.022984 0.503033 -0.055488
v -0.022961 0.503340 -0.055433
v -0.022961 0.503460 -0.055433
v -0.023166 0.502736 -0.055928
v -0.023167 0.504049 -0.055930
v -0.017434 0.503033 -0.057473
v -0.017417 0.503340 -0.057416
v -0.017417 0.503460 -0.057416
v -0.017573 0.502736 -0.057929
v -0.017486 0.502831 -0.057644
v -0.017573 0.504049 -0.057931
v -0.016852 0.519193 -0.055553
v -0.016727 0.522384 -0.055141
v -0.018721 0.525297 -0.061716
v -0.011752 0.502831 -0.059081
v -0.011810 0.502736 -0.059373
v -0.011810 0.504049 -0.059375
v -0.011717 0.503033 -0.058906
v -0.011705 0.503340 -0.058847
v -0.011705 0.503460 -0.058847
v -0.011326 0.519193 -0.056937
v -0.011241 0.522384 -0.056515
v -0.005904 0.502831 -0.059948
v -0.005887 0.503033 -0.059770
v -0.005881 0.503340 -0.059711
v -0.005881 0.503460 -0.059711
v -0.005934 0.502736 -0.060245
v -0.005934 0.504049 -0.060246
v -0.005690 0.519193 -0.057773
v -0.005648 0.522384 -0.057344
v -0.055557 0.468000 -0.083147
v -0.060002 0.472219 -0.089799
v -0.059258 0.470331 -0.088685
v -0.047140 0.468000 -0.088192
v -0.055557 0.498000 -0.083147
v -0.060002 0.493781 -0.089799
v -0.059258 0.495669 -0.088685
v -0.047140 0.498000 -0.088192
v -0.038268 0.468000 -0.092388
v -0.038268 0.498000 -0.092388
v -0.052020 0.507826 -0.063387
v -0.052020 0.514249 -0.063387
v -0.054711 0.550621 -0.066666
v -0.047913 0.550621 -0.071708
v -0.044546 0.505835 -0.066668
v -0.045557 0.507826 -0.068181
v -0.045557 0.514249 -0.068181
v -0.044592 0.516231 -0.066737
v -0.037797 0.505835 -0.070713
v -0.038655 0.507826 -0.072318
v -0.038655 0.514249 -0.072318
v -0.031380 0.507826 -0.075758
v -0.031380 0.514249 -0.075758
v -0.037836 0.516231 -0.070787
v -0.042236 0.535685 -0.063211
v -0.040654 0.550621 -0.076059
v -0.035837 0.535685 -0.067047
v -0.033003 0.550621 -0.079677
v -0.050911 0.472219 -0.095247
v -0.050280 0.470331 -0.094066
v -0.050911 0.493781 -0.095247
v -0.050280 0.495669 -0.094066
v -0.041330 0.472219 -0.099779
v -0.040817 0.470331 -0.098542
v -0.031351 0.472219 -0.103350
v -0.041330 0.493781 -0.099779
v -0.040817 0.495669 -0.098542
v -0.031351 0.493781 -0.103350
v -0.030684 0.505835 -0.074078
v -0.030716 0.516231 -0.074155
v -0.023275 0.505835 -0.076729
v -0.023300 0.516231 -0.076808
v -0.029093 0.535685 -0.070236
v -0.022068 0.535685 -0.072750
v -0.023803 0.507826 -0.078469
v -0.023803 0.514249 -0.078469
v -0.015643 0.505835 -0.078640
v -0.015997 0.507826 -0.080424
v -0.015997 0.514249 -0.080424
v -0.015659 0.516231 -0.078722
v -0.025035 0.550621 -0.082528
v -0.016825 0.550621 -0.084585
v -0.012582 0.525297 -0.063253
v -0.006321 0.525297 -0.064182
v -0.014831 0.535685 -0.074563
v -0.007452 0.535685 -0.075657
v -0.007859 0.505835 -0.079795
v -0.008037 0.507826 -0.081605
v -0.008037 0.514249 -0.081605
v -0.007867 0.516231 -0.079878
v -0.008453 0.550621 -0.085827
v -0.029028 0.468000 -0.095694
v -0.030962 0.470331 -0.102068
v -0.019509 0.468000 -0.098079
v -0.020808 0.470331 -0.104611
v -0.021070 0.472219 -0.105925
v -0.029028 0.498000 -0.095694
v -0.030962 0.495669 -0.102068
v -0.019509 0.498000 -0.098079
v -0.020808 0.495669 -0.104611
v -0.021070 0.493781 -0.105925
v -0.009802 0.468000 -0.099518
v -0.010455 0.470331 -0.106147
v -0.010586 0.472219 -0.107480
v -0.009802 0.498000 -0.099518
v -0.010455 0.495669 -0.106147
v -0.010586 0.493781 -0.107480
v -0.060140 0.569563 -0.073280
v -0.052667 0.569563 -0.078822
v -0.056304 0.591968 -0.084264
v -0.047773 0.591968 -0.089377
v -0.044688 0.569563 -0.083605
v -0.036278 0.569563 -0.087583
v -0.038783 0.591968 -0.093630
v -0.058628 0.617294 -0.087743
v -0.049745 0.617294 -0.093067
v -0.059446 0.645000 -0.088967
v -0.050439 0.645000 -0.094366
v -0.040384 0.617294 -0.097495
v -0.040947 0.645000 -0.098855
v -0.027519 0.569563 -0.090717
v -0.018494 0.569563 -0.092977
v -0.029419 0.591968 -0.096980
v -0.019771 0.591968 -0.099397
v -0.009292 0.569563 -0.094342
v -0.009933 0.591968 -0.100856
v -0.030633 0.617294 -0.100984
v -0.020587 0.617294 -0.103500
v -0.031060 0.645000 -0.102393
v -0.020875 0.645000 -0.104944
v -0.010344 0.617294 -0.105020
v -0.010488 0.645000 -0.106485
v -0.105064 0.672664 -0.000000
v -0.104559 0.672664 -0.010298
v -0.099664 0.700163 -0.000000
v -0.099184 0.700163 -0.009769
v -0.103046 0.672664 -0.020497
v -0.100540 0.672664 -0.030499
v -0.097749 0.700163 -0.019443
v -0.095372 0.700163 -0.028931
v -0.097067 0.672664 -0.040206
v -0.091407 0.727259 -0.000000
v -0.090967 0.727259 -0.008959
v -0.080904 0.753713 -0.000000
v -0.080514 0.753713 -0.007930
v -0.089651 0.727259 -0.017833
v -0.087471 0.727259 -0.026534
v -0.079349 0.753713 -0.015784
v -0.077420 0.753713 -0.023485
v -0.074746 0.753713 -0.030961
v -0.092077 0.700163 -0.038140
v -0.092659 0.672664 -0.049527
v -0.087358 0.672664 -0.058371
v -0.087896 0.700163 -0.046981
v -0.082868 0.700163 -0.055370
v -0.084449 0.727259 -0.034980
v -0.080614 0.727259 -0.043089
v -0.071351 0.753713 -0.038138
v -0.067269 0.753713 -0.044948
v -0.076002 0.727259 -0.050783
v -0.070659 0.727259 -0.057988
v -0.062540 0.753713 -0.051325
v -0.068763 0.779287 -0.000000
v -0.068432 0.779287 -0.006740
v -0.067441 0.779287 -0.013415
v -0.065802 0.779287 -0.019961
v -0.063528 0.779287 -0.026314
v -0.081216 0.672664 -0.066652
v -0.074292 0.672664 -0.074292
v -0.077041 0.700163 -0.063226
v -0.070473 0.700163 -0.070473
v -0.063226 0.700163 -0.077041
v -0.066652 0.672664 -0.081216
v -0.064635 0.727259 -0.064635
v -0.057208 0.753713 -0.057208
v -0.055593 0.803741 -0.000000
v -0.055325 0.803741 -0.005449
v -0.054524 0.803741 -0.010846
v -0.053199 0.803741 -0.016138
v -0.051361 0.803741 -0.021274
v -0.049028 0.803741 -0.026206
v -0.042003 0.826837 -0.000000
v -0.041800 0.826837 -0.004117
v -0.041196 0.826837 -0.008194
v -0.040194 0.826837 -0.012193
v -0.046224 0.803741 -0.030886
v -0.038805 0.826837 -0.016074
v -0.037043 0.826837 -0.019800
v -0.034924 0.826837 -0.023335
v -0.032469 0.826837 -0.026646
v -0.060643 0.779287 -0.032415
v -0.057174 0.779287 -0.038203
v -0.053154 0.779287 -0.043623
v -0.048623 0.779287 -0.048623
v -0.042974 0.803741 -0.035268
v -0.039310 0.803741 -0.039310
v -0.035268 0.803741 -0.042974
v -0.043623 0.779287 -0.053154
v -0.038203 0.779287 -0.057174
v -0.032415 0.779287 -0.060643
v -0.029700 0.826837 -0.029700
v -0.028602 0.848336 -0.000000
v -0.028464 0.848336 -0.002804
v -0.028053 0.848336 -0.005580
v -0.027371 0.848336 -0.008303
v -0.026425 0.848336 -0.010946
v -0.025225 0.848336 -0.013483
v -0.016000 0.868000 -0.000000
v -0.015923 0.868000 -0.001568
v -0.015693 0.868000 -0.003121
v -0.023782 0.848336 -0.015891
v -0.022110 0.848336 -0.018145
v -0.020225 0.848336 -0.020225
v -0.018145 0.848336 -0.022110
v -0.015891 0.848336 -0.023782
v -0.015311 0.868000 -0.004645
v -0.014782 0.868000 -0.006123
v -0.014111 0.868000 -0.007542
v -0.011362 0.882842 -0.000000
v -0.011307 0.882842 -0.001114
v -0.011144 0.882842 -0.002217
v -0.010873 0.882842 -0.003298
v -0.010824 0.883856 -0.000000
v -0.010772 0.883856 -0.001061
v -0.009935 0.884581 -0.000000
v -0.009887 0.884581 -0.000974
v -0.010616 0.883856 -0.002112
v -0.010358 0.883856 -0.003142
v -0.009744 0.884581 -0.001938
v -0.009507 0.884581 -0.002884
v -0.009179 0.884581 -0.003802
v -0.010497 0.882842 -0.004348
v -0.010020 0.882842 -0.005356
v -0.009447 0.882842 -0.006312
v -0.008783 0.882842 -0.007208
v -0.010000 0.883856 -0.004142
v -0.009546 0.883856 -0.005102
v -0.008762 0.884581 -0.004683
v -0.008261 0.884581 -0.005520
v -0.009000 0.883856 -0.006014
v -0.008367 0.883856 -0.006867
v -0.013304 0.868000 -0.008889
v -0.012368 0.868000 -0.010150
v -0.011314 0.868000 -0.011314
v -0.010150 0.868000 -0.012368
v -0.008889 0.868000 -0.013304
v -0.008034 0.882842 -0.008034
v -0.007680 0.884581 -0.006303
v -0.007654 0.883856 -0.007654
v -0.007025 0.884581 -0.007025
v -0.006303 0.884581 -0.007680
v -0.007542 0.868000 -0.014111
v -0.006123 0.868000 -0.014782
v -0.004645 0.868000 -0.015311
v -0.007208 0.882842 -0.008783
v -0.006312 0.882842 -0.009447
v -0.005356 0.882842 -0.010020
v -0.004348 0.882842 -0.010497
v -0.006867 0.883856 -0.008367
v -0.006014 0.883856 -0.009000
v -0.005520 0.884581 -0.008261
v -0.005102 0.883856 -0.009546
v -0.004683 0.884581 -0.008762
v -0.004142 0.883856 -0.010000
v -0.003298 0.882842 -0.010873
v -0.002217 0.882842 -0.011144
v -0.001114 0.882842 -0.011307
v -0.003802 0.884581 -0.009179
v -0.002884 0.884581 -0.009507
v -0.003142 0.883856 -0.010358
v -0.002112 0.883856 -0.010616
v -0.001938 0.884581 -0.009744
v -0.001061 0.883856 -0.010772
v -0.000974 0.884581 -0.009887
v -0.013483 0.848336 -0.025225
v -0.010946 0.848336 -0.026425
v -0.008303 0.848336 -0.027371
v -0.005580 0.848336 -0.028053
v -0.002804 0.848336 -0.028464
v -0.003121 0.868000 -0.015693
v -0.001568 0.868000 -0.015923
v -0.030886 0.803741 -0.046224
v -0.026646 0.826837 -0.032469
v -0.023335 0.826837 -0.034924
v -0.019800 0.826837 -0.037043
v -0.016074 0.826837 -0.038805
v -0.026206 0.803741 -0.049028
v -0.021274 0.803741 -0.051361
v -0.016138 0.803741 -0.053199
v -0.012193 0.826837 -0.040194
v -0.008194 0.826837 -0.041196
v -0.004117 0.826837 -0.041800
v -0.010846 0.803741 -0.054524
v -0.005449 0.803741 -0.055325
v -0.058371 0.672664 -0.087358
v -0.049527 0.672664 -0.092659
v -0.055370 0.700163 -0.082868
v -0.046981 0.700163 -0.087896
v -0.038140 0.700163 -0.092077
v -0.057988 0.727259 -0.070659
v -0.050783 0.727259 -0.076002
v -0.051325 0.753713 -0.062540
v -0.044948 0.753713 -0.067269
v -0.038138 0.753713 -0.071351
v -0.043089 0.727259 -0.080614
v -0.034980 0.727259 -0.084449
v -0.040206 0.672664 -0.097067
v -0.030961 0.753713 -0.074746
v -0.023485 0.753713 -0.077420
v -0.026534 0.727259 -0.087471
v -0.017833 0.727259 -0.089651
v -0.015784 0.753713 -0.079349
v -0.008959 0.727259 -0.090967
v -0.007930 0.753713 -0.080514
v -0.030499 0.672664 -0.100540
v -0.020497 0.672664 -0.103046
v -0.028931 0.700163 -0.095372
v -0.019443 0.700163 -0.097749
v -0.010298 0.672664 -0.104559
v -0.009769 0.700163 -0.099184
v -0.026314 0.779287 -0.063528
v -0.019961 0.779287 -0.065802
v -0.013415 0.779287 -0.067441
v -0.006740 0.779287 -0.068432
v 0.024014 0.011000 0.243820
v 0.024433 0.015268 0.248067
v 0.024504 0.017036 0.248796
v 0.023426 0.040000 0.237849
v 0.024504 0.032516 0.248796
v 0.024377 0.034711 0.247500
v 0.023671 0.046384 0.240332
v 0.023684 0.054741 0.240466
v 0.022544 0.000000 0.228892
v 0.023414 0.063875 0.237725
v 0.022809 0.072593 0.231583
v 0.021817 0.079699 0.221516
v 0.020388 0.084000 0.206998
v 0.019407 0.086000 0.197047
v 0.046627 0.040000 0.234408
v 0.044871 0.000000 0.225581
v 0.048773 0.017036 0.245196
v 0.048630 0.015268 0.244478
v 0.047797 0.011000 0.240292
v 0.048773 0.032516 0.245196
v 0.048518 0.034711 0.243918
v 0.047113 0.046384 0.236855
v 0.047140 0.054741 0.236987
v 0.046602 0.063875 0.234285
v 0.045398 0.072593 0.228232
v 0.043425 0.079699 0.218311
v 0.040579 0.084000 0.204003
v 0.038628 0.086000 0.194195
v 0.060379 0.084000 0.199044
v 0.057476 0.086000 0.189474
v 0.016263 0.090256 0.165121
v 0.013683 0.097968 0.138928
v 0.027235 0.097968 0.136918
v 0.032369 0.090256 0.162732
v 0.048164 0.090256 0.158776
v 0.040524 0.097968 0.133589
v 0.053423 0.097968 0.128974
v 0.071120 0.011000 0.234450
v 0.072359 0.015268 0.238534
v 0.072571 0.017036 0.239235
v 0.072571 0.032516 0.239235
v 0.072193 0.034711 0.237988
v 0.066765 0.000000 0.220096
v 0.069378 0.040000 0.228709
v 0.070102 0.046384 0.231097
v 0.070141 0.054741 0.231225
v 0.091461 0.040000 0.220807
v 0.092416 0.046384 0.223113
v 0.092468 0.054741 0.223237
v 0.069342 0.063875 0.228589
v 0.067550 0.072593 0.222684
v 0.091414 0.063875 0.220692
v 0.088017 0.000000 0.212492
v 0.064614 0.079699 0.213003
v 0.085181 0.079699 0.205644
v 0.089052 0.072593 0.214990
v 0.079598 0.084000 0.192167
v 0.095671 0.017036 0.230970
v 0.095391 0.015268 0.230293
v 0.093757 0.011000 0.226350
v 0.095671 0.032516 0.230970
v 0.095172 0.034711 0.229766
v 0.117504 0.015268 0.219835
v 0.117849 0.017036 0.220480
v 0.117849 0.032516 0.220480
v 0.117235 0.034711 0.219331
v 0.108421 0.000000 0.202842
v 0.115492 0.011000 0.216071
v 0.113840 0.046384 0.212980
v 0.113903 0.054741 0.213098
v 0.112664 0.040000 0.210779
v 0.104927 0.079699 0.196305
v 0.112605 0.063875 0.210669
v 0.109696 0.072593 0.205226
v 0.075771 0.086000 0.182928
v 0.093337 0.086000 0.174620
v 0.063495 0.090256 0.153290
v 0.078214 0.090256 0.146328
v 0.092180 0.090256 0.137957
v 0.098051 0.084000 0.183440
v 0.123663 0.079699 0.185075
v 0.115559 0.084000 0.172946
v 0.110003 0.086000 0.164631
v 0.105259 0.090256 0.128258
v 0.011715 0.108752 0.118944
v 0.023317 0.108752 0.117223
v 0.034695 0.108752 0.114374
v 0.045738 0.108752 0.110422
v 0.056341 0.108752 0.105407
v 0.010405 0.122224 0.105649
v 0.009802 0.138000 0.099518
v 0.020711 0.122224 0.104120
v 0.019509 0.138000 0.098079
v 0.030817 0.122224 0.101589
v 0.029028 0.138000 0.095694
v 0.009222 0.200083 0.093635
v 0.018356 0.200083 0.092280
v 0.027312 0.200083 0.090037
v 0.040626 0.122224 0.098079
v 0.038268 0.138000 0.092388
v 0.050043 0.122224 0.093625
v 0.047140 0.138000 0.088192
v 0.058979 0.122224 0.088269
v 0.055557 0.138000 0.083147
v 0.036006 0.200083 0.086926
v 0.044353 0.200083 0.082978
v 0.052272 0.200083 0.078231
v 0.059689 0.200083 0.072731
v 0.065807 0.097968 0.123116
v 0.077558 0.097968 0.116073
v 0.066402 0.108752 0.099377
v 0.088561 0.097968 0.107912
v 0.075823 0.108752 0.092390
v 0.084513 0.108752 0.084513
v 0.092390 0.108752 0.075823
v 0.098712 0.097968 0.098712
v 0.117323 0.090256 0.117323
v 0.107912 0.097968 0.088561
v 0.099377 0.108752 0.066402
v 0.116073 0.097968 0.077558
v 0.123116 0.097968 0.065807
v 0.067347 0.122224 0.082063
v 0.063439 0.138000 0.077301
v 0.075066 0.122224 0.075066
v 0.070711 0.138000 0.070711
v 0.077301 0.138000 0.063439
v 0.082063 0.122224 0.067347
v 0.066530 0.200083 0.066530
v 0.105407 0.108752 0.056341
v 0.110422 0.108752 0.045738
v 0.114374 0.108752 0.034695
v 0.117223 0.108752 0.023317
v 0.118944 0.108752 0.011715
v 0.083147 0.138000 0.055557
v 0.088269 0.122224 0.058979
v 0.093625 0.122224 0.050043
v 0.088192 0.138000 0.047140
v 0.092388 0.138000 0.038268
v 0.072731 0.200083 0.059689
v 0.078231 0.200083 0.052272
v 0.082978 0.200083 0.044353
v 0.086926 0.200083 0.036006
v 0.090037 0.200083 0.027312
v 0.092280 0.200083 0.018356
v 0.093635 0.200083 0.009222
v 0.098079 0.122224 0.040626
v 0.095694 0.138000 0.029028
v 0.098079 0.138000 0.019509
v 0.101589 0.122224 0.030817
v 0.104120 0.122224 0.020711
v 0.099518 0.138000 0.009802
v 0.105649 0.122224 0.010405
v 0.008368 0.262667 0.084959
v 0.016655 0.262667 0.083730
v 0.024782 0.262667 0.081694
v -0.000000 0.323250 0.075375
v 0.007388 0.323250 0.075012
v 0.014705 0.323250 0.073927
v 0.021880 0.323250 0.072129
v 0.028845 0.323250 0.069637
v 0.032670 0.262667 0.078872
v 0.040243 0.262667 0.075290
v 0.047429 0.262667 0.070983
v 0.054158 0.262667 0.065992
v 0.035532 0.323250 0.066475
v 0.041876 0.323250 0.062672
v -0.000000 0.379333 0.065630
v 0.006433 0.379333 0.065314
v 0.012804 0.379333 0.064369
v 0.019051 0.379333 0.062804
v 0.060366 0.262667 0.060366
v 0.047817 0.323250 0.058266
v 0.053298 0.323250 0.053298
v 0.058266 0.323250 0.047817
v 0.025115 0.379333 0.060634
v 0.030938 0.379333 0.057880
v -0.000000 0.428417 0.057662
v 0.005652 0.428417 0.057384
v 0.011249 0.428417 0.056554
v 0.016738 0.428417 0.055179
v 0.022066 0.428417 0.053273
v 0.027182 0.428417 0.050853
v 0.036462 0.379333 0.054569
v 0.041635 0.379333 0.050732
v 0.046407 0.379333 0.046407
v 0.050732 0.379333 0.041635
v 0.054569 0.379333 0.036462
v 0.032035 0.428417 0.047944
v 0.036580 0.428417 0.044573
v 0.040773 0.428417 0.040773
v 0.044573 0.428417 0.036580
v 0.047944 0.428417 0.032035
v 0.057880 0.379333 0.030938
v 0.060634 0.379333 0.025115
v 0.050853 0.428417 0.027182
v 0.053273 0.428417 0.022066
v 0.055179 0.428417 0.016738
v 0.056554 0.428417 0.011249
v 0.057384 0.428417 0.005652
v 0.065992 0.262667 0.054158
v 0.070983 0.262667 0.047429
v 0.075290 0.262667 0.040243
v 0.078872 0.262667 0.032670
v 0.062672 0.323250 0.041876
v 0.066475 0.323250 0.035532
v 0.081694 0.262667 0.024782
v 0.083730 0.262667 0.016655
v 0.084959 0.262667 0.008368
v 0.069637 0.323250 0.028845
v 0.072129 0.323250 0.021880
v 0.073927 0.323250 0.014705
v 0.075012 0.323250 0.007388
v 0.062804 0.379333 0.019051
v 0.064369 0.379333 0.012804
v 0.065314 0.379333 0.006433
v 0.136115 0.011000 0.203710
v 0.138486 0.015268 0.207259
v 0.138893 0.017036 0.207867
v 0.138893 0.032516 0.207867
v 0.138169 0.034711 0.206784
v 0.127781 0.000000 0.191238
v 0.132781 0.040000 0.198721
v 0.134168 0.046384 0.200796
v 0.134242 0.054741 0.200908
v 0.155426 0.011000 0.189388
v 0.132712 0.063875 0.198617
v 0.129283 0.072593 0.193486
v 0.158134 0.015268 0.192687
v 0.158598 0.017036 0.193253
v 0.157772 0.034711 0.192245
v 0.158598 0.032516 0.193253
v 0.145910 0.000000 0.177792
v 0.151620 0.040000 0.184749
v 0.153203 0.046384 0.186678
v 0.153288 0.054741 0.186782
v 0.131954 0.084000 0.160786
v 0.147626 0.072593 0.179882
v 0.141208 0.079699 0.172063
v 0.151541 0.063875 0.184653
v 0.125610 0.086000 0.153056
v 0.140007 0.086000 0.140007
v 0.147078 0.084000 0.147078
v 0.153056 0.086000 0.125610
v 0.162635 0.000000 0.162635
v 0.168999 0.040000 0.168999
v 0.170763 0.046384 0.170763
v 0.170858 0.054741 0.170858
v 0.173241 0.011000 0.173241
v 0.176259 0.015268 0.176259
v 0.176777 0.017036 0.176777
v 0.175855 0.034711 0.175855
v 0.176777 0.032516 0.176777
v 0.157393 0.079699 0.157393
v 0.168910 0.063875 0.168910
v 0.164546 0.072593 0.164546
v 0.177792 0.000000 0.145910
v 0.184749 0.040000 0.151620
v 0.186678 0.046384 0.153203
v 0.186782 0.054741 0.153288
v 0.160786 0.084000 0.131954
v 0.172063 0.079699 0.141208
v 0.184653 0.063875 0.151541
v 0.179882 0.072593 0.147626
v 0.193253 0.017036 0.158598
v 0.192687 0.015268 0.158134
v 0.193253 0.032516 0.158598
v 0.192245 0.034711 0.157772
v 0.189388 0.011000 0.155426
v 0.191238 0.000000 0.127781
v 0.200796 0.046384 0.134168
v 0.200908 0.054741 0.134242
v 0.198721 0.040000 0.132781
v 0.203710 0.011000 0.136115
v 0.207867 0.017036 0.138893
v 0.207259 0.015268 0.138486
v 0.206784 0.034711 0.138169
v 0.207867 0.032516 0.138893
v 0.193486 0.072593 0.129283
v 0.198617 0.063875 0.132712
v 0.128258 0.090256 0.105259
v 0.137957 0.090256 0.092180
v 0.146328 0.090256 0.078214
v 0.153290 0.090256 0.063495
v 0.164631 0.086000 0.110003
v 0.185075 0.079699 0.123663
v 0.172946 0.084000 0.115559
v 0.183440 0.084000 0.098051
v 0.174620 0.086000 0.093337
v 0.182928 0.086000 0.075771
v 0.128974 0.097968 0.053423
v 0.133589 0.097968 0.040524
v 0.136918 0.097968 0.027235
v 0.138928 0.097968 0.013683
v 0.158776 0.090256 0.048164
v 0.162732 0.090256 0.032369
v 0.165121 0.090256 0.016263
v 0.202842 0.000000 0.108421
v 0.216071 0.011000 0.115492
v 0.210779 0.040000 0.112664
v 0.212980 0.046384 0.113840
v 0.213098 0.054741 0.113903
v 0.196305 0.079699 0.104927
v 0.210669 0.063875 0.112605
v 0.205226 0.072593 0.109696
v 0.212492 0.000000 0.088017
v 0.192167 0.084000 0.079598
v 0.205644 0.079699 0.085181
v 0.214990 0.072593 0.089052
v 0.213003 0.079699 0.064614
v 0.219835 0.015268 0.117504
v 0.220480 0.017036 0.117849
v 0.219331 0.034711 0.117235
v 0.220480 0.032516 0.117849
v 0.226350 0.011000 0.093757
v 0.230293 0.015268 0.095391
v 0.230970 0.017036 0.095671
v 0.229766 0.034711 0.095172
v 0.230970 0.032516 0.095671
v 0.220807 0.040000 0.091461
v 0.223113 0.046384 0.092416
v 0.223237 0.054741 0.092468
v 0.220096 0.000000 0.066765
v 0.228709 0.040000 0.069378
v 0.231097 0.046384 0.070102
v 0.231225 0.054741 0.070141
v 0.234450 0.011000 0.071120
v 0.238534 0.015268 0.072359
v 0.239235 0.017036 0.072571
v 0.237988 0.034711 0.072193
v 0.239235 0.032516 0.072571
v 0.220692 0.063875 0.091414
v 0.222684 0.072593 0.067550
v 0.228589 0.063875 0.069342
v 0.189474 0.086000 0.057476
v 0.199044 0.084000 0.060379
v 0.194195 0.086000 0.038628
v 0.218311 0.079699 0.043425
v 0.204003 0.084000 0.040579
v 0.197047 0.086000 0.019407
v 0.206998 0.084000 0.020388
v 0.225581 0.000000 0.044871
v 0.240292 0.011000 0.047797
v 0.244478 0.015268 0.048630
v 0.245196 0.017036 0.048773
v 0.236855 0.046384 0.047113
v 0.236987 0.054741 0.047140
v 0.243918 0.034711 0.048518
v 0.245196 0.032516 0.048773
v 0.234408 0.040000 0.046627
v 0.234285 0.063875 0.046602
v 0.228232 0.072593 0.045398
v 0.228892 0.000000 0.022544
v 0.243820 0.011000 0.024014
v 0.248067 0.015268 0.024433
v 0.248796 0.017036 0.024504
v 0.240332 0.046384 0.023671
v 0.240466 0.054741 0.023684
v 0.237849 0.040000 0.023426
v 0.247500 0.034711 0.024377
v 0.248796 0.032516 0.024504
v 0.221516 0.079699 0.021817
v 0.231583 0.072593 0.022809
v 0.237725 0.063875 0.023414
v 0.010586 0.472219 0.107480
v 0.010455 0.470331 0.106147
v 0.009802 0.468000 0.099518
v 0.010586 0.493781 0.107480
v 0.010455 0.495669 0.106147
v 0.009802 0.498000 0.099518
v 0.021070 0.472219 0.105925
v 0.020808 0.470331 0.104611
v 0.019509 0.468000 0.098079
v 0.030962 0.470331 0.102068
v 0.029028 0.468000 0.095694
v 0.021070 0.493781 0.105925
v 0.020808 0.495669 0.104611
v 0.019509 0.498000 0.098079
v 0.030962 0.495669 0.102068
v 0.029028 0.498000 0.095694
v 0.007859 0.505835 0.079795
v 0.008037 0.507826 0.081605
v 0.008037 0.514249 0.081605
v 0.007867 0.516231 0.079878
v 0.008453 0.550621 0.085827
v -0.000000 0.525297 0.064493
v 0.006321 0.525297 0.064182
v 0.012582 0.525297 0.063253
v 0.007452 0.535685 0.075657
v 0.014831 0.535685 0.074563
v 0.015643 0.505835 0.078640
v 0.015997 0.507826 0.080424
v 0.015997 0.514249 0.080424
v 0.015659 0.516231 0.078722
v 0.023803 0.507826 0.078469
v 0.023803 0.514249 0.078469
v 0.016825 0.550621 0.084585
v 0.025035 0.550621 0.082528
v 0.023275 0.505835 0.076729
v 0.023300 0.516231 0.076808
v 0.030684 0.505835 0.074078
v 0.030716 0.516231 0.074155
v 0.022068 0.535685 0.072750
v 0.029093 0.535685 0.070236
v 0.031351 0.472219 0.103350
v 0.040817 0.470331 0.098542
v 0.041330 0.472219 0.099779
v 0.031351 0.493781 0.103350
v 0.040817 0.495669 0.098542
v 0.041330 0.493781 0.099779
v 0.050280 0.470331 0.094066
v 0.050911 0.472219 0.095247
v 0.050280 0.495669 0.094066
v 0.050911 0.493781 0.095247
v 0.038268 0.468000 0.092388
v 0.038268 0.498000 0.092388
v 0.047140 0.468000 0.088192
v 0.059258 0.470331 0.088685
v 0.060002 0.472219 0.089799
v 0.055557 0.468000 0.083147
v 0.047140 0.498000 0.088192
v 0.059258 0.495669 0.088685
v 0.060002 0.493781 0.089799
v 0.055557 0.498000 0.083147
v 0.033003 0.550621 0.079677
v 0.031380 0.507826 0.075758
v 0.031380 0.514249 0.075758
v 0.037797 0.505835 0.070713
v 0.038655 0.507826 0.072318
v 0.038655 0.514249 0.072318
v 0.037836 0.516231 0.070787
v 0.044546 0.505835 0.066668
v 0.045557 0.507826 0.068181
v 0.045557 0.514249 0.068181
v 0.044592 0.516231 0.066737
v 0.035837 0.535685 0.067047
v 0.040654 0.550621 0.076059
v 0.042236 0.535685 0.063211
v 0.052020 0.507826 0.063387
v 0.052020 0.514249 0.063387
v 0.047913 0.550621 0.071708
v 0.054711 0.550621 0.066666
v 0.009292 0.569563 0.094342
v 0.009933 0.591968 0.100856
v 0.019771 0.591968 0.099397
v 0.029419 0.591968 0.096980
v 0.010344 0.617294 0.105020
v 0.010488 0.645000 0.106485
v 0.020587 0.617294 0.103500
v 0.030633 0.617294 0.100984
v 0.020875 0.645000 0.104944
v 0.031060 0.645000 0.102393
v 0.018494 0.569563 0.092977
v 0.027519 0.569563 0.090717
v 0.040384 0.617294 0.097495
v 0.040947 0.645000 0.098855
v 0.050439 0.645000 0.094366
v 0.036278 0.569563 0.087583
v 0.044688 0.569563 0.083605
v 0.038783 0.591968 0.093630
v 0.052667 0.569563 0.078822
v 0.047773 0.591968 0.089377
v 0.056304 0.591968 0.084264
v 0.060140 0.569563 0.073280
v 0.049745 0.617294 0.093067
v 0.058628 0.617294 0.087743
v 0.059446 0.645000 0.088967
v -0.000000 0.468000 0.057499
v -0.000000 0.467721 0.055563
v 0.005636 0.468000 0.057222
v 0.005446 0.467721 0.055296
v -0.000000 0.463532 0.053526
v -0.000000 0.465487 0.053577
v -0.000000 0.466883 0.054256
v 0.005246 0.463532 0.053268
v 0.005251 0.465487 0.053319
v 0.005318 0.466883 0.053995
v 0.011217 0.468000 0.056394
v 0.010442 0.463532 0.052498
v 0.010452 0.465487 0.052548
v 0.010585 0.466883 0.053214
v 0.010840 0.467721 0.054496
v 0.015538 0.463532 0.051221
v 0.015553 0.465487 0.051270
v 0.016691 0.468000 0.055023
v 0.016129 0.467721 0.053171
v 0.015750 0.466883 0.051920
v 0.021263 0.467721 0.051334
v 0.022004 0.468000 0.053122
v 0.020484 0.463532 0.049452
v 0.020503 0.465487 0.049499
v 0.020763 0.466883 0.050126
v 0.025232 0.463532 0.047206
v 0.025256 0.465487 0.047251
v 0.026192 0.467721 0.049003
v 0.027105 0.468000 0.050709
v 0.025576 0.466883 0.047850
v 0.029738 0.463532 0.044505
v 0.029766 0.465487 0.044548
v 0.030143 0.466883 0.045112
v 0.030869 0.467721 0.046199
v -0.000000 0.502736 0.060536
v -0.000000 0.502831 0.060238
v -0.000000 0.503033 0.060060
v -0.000000 0.504049 0.060538
v -0.000000 0.503340 0.060000
v -0.000000 0.503460 0.060000
v 0.005934 0.502736 0.060245
v 0.005934 0.504049 0.060246
v 0.005904 0.502831 0.059948
v 0.005887 0.503033 0.059770
v 0.005881 0.503340 0.059711
v 0.005881 0.503460 0.059711
v -0.000000 0.519193 0.058053
v -0.000000 0.522384 0.057622
v 0.005690 0.519193 0.057773
v 0.005648 0.522384 0.057344
v 0.011717 0.503033 0.058906
v 0.011705 0.503340 0.058847
v 0.011705 0.503460 0.058847
v 0.011810 0.502736 0.059373
v 0.011810 0.504049 0.059375
v 0.011752 0.502831 0.059081
v 0.011326 0.519193 0.056937
v 0.011241 0.522384 0.056515
v 0.017573 0.502736 0.057929
v 0.017486 0.502831 0.057644
v 0.017573 0.504049 0.057931
v 0.017434 0.503033 0.057473
v 0.017417 0.503340 0.057416
v 0.017417 0.503460 0.057416
v 0.023166 0.502736 0.055928
v 0.023167 0.504049 0.055930
v 0.023052 0.502831 0.055653
v 0.022984 0.503033 0.055488
v 0.022961 0.503340 0.055433
v 0.022961 0.503460 0.055433
v 0.018721 0.525297 0.061716
v 0.016852 0.519193 0.055553
v 0.016727 0.522384 0.055141
v 0.022216 0.519193 0.053634
v 0.022051 0.522384 0.053236
v 0.024680 0.525297 0.059583
v 0.030402 0.525297 0.056877
v 0.028312 0.503033 0.052968
v 0.028284 0.503340 0.052915
v 0.028284 0.503460 0.052915
v 0.028537 0.502736 0.053388
v 0.028537 0.504049 0.053390
v 0.028396 0.502831 0.053125
v 0.027163 0.522384 0.050818
v 0.027366 0.519193 0.051198
v 0.031945 0.468000 0.047808
v 0.033957 0.463532 0.041376
v 0.033989 0.465487 0.041416
v 0.034420 0.466883 0.041941
v 0.036477 0.468000 0.044447
v 0.035249 0.467721 0.042951
v 0.037849 0.463532 0.037849
v 0.037885 0.465487 0.037885
v 0.038365 0.466883 0.038365
v 0.039289 0.467721 0.039289
v 0.040658 0.468000 0.040658
v 0.042951 0.467721 0.035249
v 0.041376 0.463532 0.033957
v 0.041416 0.465487 0.033989
v 0.041941 0.466883 0.034420
v 0.044447 0.468000 0.036477
v 0.047808 0.468000 0.031945
v 0.033632 0.502736 0.050334
v 0.033633 0.504049 0.050335
v 0.033467 0.502831 0.050086
v 0.033367 0.503033 0.049938
v 0.033334 0.503340 0.049888
v 0.033334 0.503460 0.049888
v 0.032252 0.519193 0.048269
v 0.032013 0.522384 0.047911
v 0.035830 0.525297 0.053624
v 0.040914 0.525297 0.049854
v 0.038064 0.503340 0.046381
v 0.038064 0.503460 0.046381
v 0.038404 0.502736 0.046795
v 0.038215 0.502831 0.046565
v 0.038101 0.503033 0.046427
v 0.038405 0.504049 0.046796
v 0.036828 0.519193 0.044875
v 0.036555 0.522384 0.044542
v 0.042469 0.503033 0.042469
v 0.042426 0.503340 0.042426
v 0.042426 0.503460 0.042426
v 0.042806 0.502736 0.042806
v 0.042595 0.502831 0.042595
v 0.042807 0.504049 0.042807
v 0.041049 0.519193 0.041049
v 0.040745 0.522384 0.040745
v 0.045603 0.525297 0.045603
v 0.046795 0.502736 0.038404
v 0.046565 0.502831 0.038215
v 0.046427 0.503033 0.038101
v 0.046796 0.504049 0.038405
v 0.046381 0.503340 0.038064
v 0.046381 0.503460 0.038064
v 0.044875 0.519193 0.036828
v 0.044542 0.522384 0.036555
v 0.050866 0.505835 0.061981
v 0.050919 0.516231 0.062045
v 0.056697 0.505835 0.056697
v 0.057983 0.507826 0.057983
v 0.057983 0.514249 0.057983
v 0.056755 0.516231 0.056755
v 0.061981 0.505835 0.050866
v 0.062045 0.516231 0.050919
v 0.048229 0.535685 0.058767
v 0.053757 0.535685 0.053757
v 0.060982 0.550621 0.060982
v 0.058767 0.535685 0.048229
v 0.049854 0.525297 0.040914
v 0.050086 0.502831 0.033467
v 0.049938 0.503033 0.033367
v 0.049888 0.503340 0.033334
v 0.049888 0.503460 0.033334
v 0.050334 0.502736 0.033632
v 0.050335 0.504049 0.033633
v 0.048269 0.519193 0.032252
v 0.047911 0.522384 0.032013
v 0.053624 0.525297 0.035830
v 0.044505 0.463532 0.029738
v 0.044548 0.465487 0.029766
v 0.045112 0.466883 0.030143
v 0.046199 0.467721 0.030869
v 0.047206 0.463532 0.025232
v 0.047251 0.465487 0.025256
v 0.047850 0.466883 0.025576
v 0.049003 0.467721 0.026192
v 0.050709 0.468000 0.027105
v 0.049452 0.463532 0.020484
v 0.049499 0.465487 0.020503
v 0.050126 0.466883 0.020763
v 0.051334 0.467721 0.021263
v 0.053122 0.468000 0.022004
v 0.051920 0.466883 0.015750
v 0.053171 0.467721 0.016129
v 0.055023 0.468000 0.016691
v 0.051221 0.463532 0.015538
v 0.051270 0.465487 0.015553
v 0.052498 0.463532 0.010442
v 0.052548 0.465487 0.010452
v 0.053214 0.466883 0.010585
v 0.054496 0.467721 0.010840
v 0.053268 0.463532 0.005246
v 0.053319 0.465487 0.005251
v 0.053995 0.466883 0.005318
v 0.056394 0.468000 0.011217
v 0.055296 0.467721 0.005446
v 0.057222 0.468000 0.005636
v 0.053125 0.502831 0.028396
v 0.053388 0.502736 0.028537
v 0.053390 0.504049 0.028537
v 0.052968 0.503033 0.028312
v 0.052915 0.503340 0.028284
v 0.052915 0.503460 0.028284
v 0.051198 0.519193 0.027366
v 0.050818 0.522384 0.027163
v 0.053634 0.519193 0.022216
v 0.053236 0.522384 0.022051
v 0.056877 0.525297 0.030402
v 0.059583 0.525297 0.024680
v 0.055653 0.502831 0.023052
v 0.055488 0.503033 0.022984
v 0.055433 0.503340 0.022961
v 0.055433 0.503460 0.022961
v 0.055928 0.502736 0.023166
v 0.055930 0.504049 0.023167
v 0.057473 0.503033 0.017434
v 0.057416 0.503340 0.017417
v 0.057416 0.503460 0.017417
v 0.057929 0.502736 0.017573
v 0.057644 0.502831 0.017486
v 0.057931 0.504049 0.017573
v 0.055553 0.519193 0.016852
v 0.055141 0.522384 0.016727
v 0.061716 0.525297 0.018721
v 0.059081 0.502831 0.011752
v 0.059373 0.502736 0.011810
v 0.059375 0.504049 0.011810
v 0.058906 0.503033 0.011717
v 0.058847 0.503340 0.011705
v 0.058847 0.503460 0.011705
v 0.056937 0.519193 0.011326
v 0.056515 0.522384 0.011241
v 0.059948 0.502831 0.005904
v 0.059770 0.503033 0.005887
v 0.059711 0.503340 0.005881
v 0.059711 0.503460 0.005881
v 0.060245 0.502736 0.005934
v 0.060246 0.504049 0.005934
v 0.057773 0.519193 0.005690
v 0.057344 0.522384 0.005648
v 0.067665 0.470331 0.082450
v 0.068514 0.472219 0.083485
v 0.067665 0.495669 0.082450
v 0.068514 0.493781 0.083485
v 0.063439 0.468000 0.077301
v 0.070711 0.468000 0.070711
v 0.075421 0.470331 0.075421
v 0.076368 0.472219 0.076368
v 0.077301 0.468000 0.063439
v 0.063439 0.498000 0.077301
v 0.070711 0.498000 0.070711
v 0.075421 0.495669 0.075421
v 0.076368 0.493781 0.076368
v 0.077301 0.498000 0.063439
v 0.083485 0.472219 0.068514
v 0.082450 0.470331 0.067665
v 0.083485 0.493781 0.068514
v 0.082450 0.495669 0.067665
v 0.064292 0.591968 0.078340
v 0.067033 0.569563 0.067033
v 0.071661 0.591968 0.071661
v 0.078340 0.591968 0.064292
v 0.066946 0.617294 0.081574
v 0.067880 0.645000 0.082712
v 0.074619 0.617294 0.074619
v 0.075660 0.645000 0.075660
v 0.081574 0.617294 0.066946
v 0.082712 0.645000 0.067880
v 0.083147 0.468000 0.055557
v 0.088685 0.470331 0.059258
v 0.089799 0.472219 0.060002
v 0.088192 0.468000 0.047140
v 0.083147 0.498000 0.055557
v 0.088685 0.495669 0.059258
v 0.089799 0.493781 0.060002
v 0.088192 0.498000 0.047140
v 0.092388 0.468000 0.038268
v 0.092388 0.498000 0.038268
v 0.063387 0.507826 0.052020
v 0.063387 0.514249 0.052020
v 0.066666 0.550621 0.054711
v 0.071708 0.550621 0.047913
v 0.066668 0.505835 0.044546
v 0.068181 0.507826 0.045557
v 0.068181 0.514249 0.045557
v 0.066737 0.516231 0.044592
v 0.070713 0.505835 0.037797
v 0.072318 0.507826 0.038655
v 0.072318 0.514249 0.038655
v 0.075758 0.507826 0.031380
v 0.075758 0.514249 0.031380
v 0.070787 0.516231 0.037836
v 0.063211 0.535685 0.042236
v 0.067047 0.535685 0.035837
v 0.076059 0.550621 0.040654
v 0.079677 0.550621 0.033003
v 0.074078 0.505835 0.030684
v 0.074155 0.516231 0.030716
v 0.076729 0.505835 0.023275
v 0.076808 0.516231 0.023300
v 0.070236 0.535685 0.029093
v 0.072750 0.535685 0.022068
v 0.063253 0.525297 0.012582
v 0.064182 0.525297 0.006321
v 0.074563 0.535685 0.014831
v 0.075657 0.535685 0.007452
v 0.078469 0.507826 0.023803
v 0.078469 0.514249 0.023803
v 0.078640 0.505835 0.015643
v 0.080424 0.507826 0.015997
v 0.080424 0.514249 0.015997
v 0.078722 0.516231 0.015659
v 0.082528 0.550621 0.025035
v 0.084585 0.550621 0.016825
v 0.079795 0.505835 0.007859
v 0.081605 0.507826 0.008037
v 0.081605 0.514249 0.008037
v 0.079878 0.516231 0.007867
v 0.085827 0.550621 0.008453
v 0.095247 0.472219 0.050911
v 0.094066 0.470331 0.050280
v 0.095247 0.493781 0.050911
v 0.094066 0.495669 0.050280
v 0.098542 0.470331 0.040817
v 0.099779 0.472219 0.041330
v 0.103350 0.472219 0.031351
v 0.098542 0.495669 0.040817
v 0.099779 0.493781 0.041330
v 0.103350 0.493781 0.031351
v 0.095694 0.468000 0.029028
v 0.098079 0.468000 0.019509
v 0.102068 0.470331 0.030962
v 0.104611 0.470331 0.020808
v 0.105925 0.472219 0.021070
v 0.095694 0.498000 0.029028
v 0.098079 0.498000 0.019509
v 0.102068 0.495669 0.030962
v 0.104611 0.495669 0.020808
v 0.105925 0.493781 0.021070
v 0.099518 0.468000 0.009802
v 0.106147 0.470331 0.010455
v 0.107480 0.472219 0.010586
v 0.099518 0.498000 0.009802
v 0.106147 0.495669 0.010455
v 0.107480 0.493781 0.010586
v 0.073280 0.569563 0.060140
v 0.078822 0.569563 0.052667
v 0.084264 0.591968 0.056304
v 0.089377 0.591968 0.047773
v 0.083605 0.569563 0.044688
v 0.087583 0.569563 0.036278
v 0.093630 0.591968 0.038783
v 0.087743 0.617294 0.058628
v 0.093067 0.617294 0.049745
v 0.088967 0.645000 0.059446
v 0.090717 0.569563 0.027519
v 0.092977 0.569563 0.018494
v 0.094366 0.645000 0.050439
v 0.097495 0.617294 0.040384
v 0.098855 0.645000 0.040947
v 0.096980 0.591968 0.029419
v 0.099397 0.591968 0.019771
v 0.094342 0.569563 0.009292
v 0.100856 0.591968 0.009933
v 0.100984 0.617294 0.030633
v 0.103500 0.617294 0.020587
v 0.102393 0.645000 0.031060
v 0.104944 0.645000 0.020875
v 0.105020 0.617294 0.010344
v 0.106485 0.645000 0.010488
v 0.010298 0.672664 0.104559
v 0.006988 0.700163 0.099321
v 0.009769 0.700163 0.099184
v 0.009696 0.702601 0.098445
v 0.020497 0.672664 0.103046
v 0.030499 0.672664 0.100540
v 0.019443 0.700163 0.097749
v 0.018811 0.710808 0.094568
v 0.028931 0.700163 0.095372
v 0.027312 0.718463 0.090036
v 0.005698 0.727259 0.091128
v 0.008849 0.730097 0.089846
v 0.007930 0.753713 0.080514
v 0.017042 0.737473 0.085674
v 0.024575 0.744257 0.081013
v 0.015784 0.753713 0.079349
v 0.023485 0.753713 0.077420
v 0.030961 0.753713 0.074746
v 0.040206 0.672664 0.097067
v 0.038140 0.700163 0.092077
v 0.049527 0.672664 0.092659
v 0.058371 0.672664 0.087358
v 0.046981 0.700163 0.087896
v 0.055370 0.700163 0.082868
v 0.035180 0.725547 0.084932
v 0.037082 0.727259 0.083456
v 0.042223 0.731888 0.078993
v 0.043089 0.727259 0.080614
v 0.031456 0.750452 0.075942
v 0.035078 0.753713 0.072798
v 0.037625 0.756007 0.070391
v 0.043054 0.760895 0.064434
v 0.050783 0.727259 0.076002
v 0.048513 0.737552 0.072605
v 0.054123 0.742604 0.065949
v 0.057988 0.727259 0.070659
v -0.000000 0.779287 0.068763
v 0.006740 0.779287 0.068432
v 0.013415 0.779287 0.067441
v 0.019961 0.779287 0.065802
v 0.026314 0.779287 0.063528
v 0.059075 0.747062 0.059075
v 0.047859 0.765221 0.058316
v 0.052071 0.769014 0.052071
v 0.055719 0.772299 0.045727
v 0.058828 0.775098 0.039307
v 0.061420 0.777432 0.032830
v -0.000000 0.803741 0.055593
v 0.005449 0.803741 0.055325
v 0.010846 0.803741 0.054524
v -0.000000 0.826837 0.042003
v 0.004117 0.826837 0.041800
v 0.008194 0.826837 0.041196
v 0.012193 0.826837 0.040194
v 0.016138 0.803741 0.053199
v 0.021274 0.803741 0.051361
v 0.026206 0.803741 0.049028
v 0.030886 0.803741 0.046224
v 0.016074 0.826837 0.038805
v 0.019800 0.826837 0.037043
v 0.023335 0.826837 0.034924
v 0.026646 0.826837 0.032469
v 0.029700 0.826837 0.029700
v -0.000000 0.848336 0.028602
v 0.002804 0.848336 0.028464
v 0.005580 0.848336 0.028053
v 0.008303 0.848336 0.027371
v 0.010946 0.848336 0.026425
v 0.013483 0.848336 0.025225
v -0.000000 0.868000 0.016000
v 0.001568 0.868000 0.015923
v 0.003121 0.868000 0.015693
v 0.004645 0.868000 0.015311
v 0.006123 0.868000 0.014782
v 0.007542 0.868000 0.014111
v -0.000000 0.882842 0.011362
v 0.001114 0.882842 0.011307
v 0.002217 0.882842 0.011144
v 0.003298 0.882842 0.010873
v -0.000000 0.883856 0.010824
v -0.000000 0.884581 0.009935
v 0.000974 0.884581 0.009887
v 0.001061 0.883856 0.010772
v 0.001938 0.884581 0.009744
v 0.002112 0.883856 0.010616
v 0.003142 0.883856 0.010358
v 0.002884 0.884581 0.009507
v 0.003802 0.884581 0.009179
v 0.004348 0.882842 0.010497
v 0.005356 0.882842 0.010020
v 0.006312 0.882842 0.009447
v 0.007208 0.882842 0.008783
v 0.004142 0.883856 0.010000
v 0.004683 0.884581 0.008762
v 0.005102 0.883856 0.009546
v 0.005520 0.884581 0.008261
v 0.006014 0.883856 0.009000
v 0.006867 0.883856 0.008367
v 0.006303 0.884581 0.007680
v 0.007025 0.884581 0.007025
v 0.007654 0.883856 0.007654
v 0.007680 0.884581 0.006303
v 0.008889 0.868000 0.013304
v 0.010150 0.868000 0.012368
v 0.011314 0.868000 0.011314
v 0.012368 0.868000 0.010150
v 0.013304 0.868000 0.008889
v 0.008034 0.882842 0.008034
v 0.014111 0.868000 0.007542
v 0.014782 0.868000 0.006123
v 0.015311 0.868000 0.004645
v 0.008783 0.882842 0.007208
v 0.009447 0.882842 0.006312
v 0.010020 0.882842 0.005356
v 0.010497 0.882842 0.004348
v 0.008367 0.883856 0.006867
v 0.009000 0.883856 0.006014
v 0.008261 0.884581 0.005520
v 0.008762 0.884581 0.004683
v 0.009546 0.883856 0.005102
v 0.010000 0.883856 0.004142
v 0.010873 0.882842 0.003298
v 0.011144 0.882842 0.002217
v 0.011307 0.882842 0.001114
v 0.009179 0.884581 0.003802
v 0.009507 0.884581 0.002884
v 0.009744 0.884581 0.001938
v 0.010358 0.883856 0.003142
v 0.010616 0.883856 0.002112
v 0.009887 0.884581 0.000974
v 0.010772 0.883856 0.001061
v 0.015891 0.848336 0.023782
v 0.018145 0.848336 0.022110
v 0.020225 0.848336 0.020225
v 0.022110 0.848336 0.018145
v 0.023782 0.848336 0.015891
v 0.025225 0.848336 0.013483
v 0.026425 0.848336 0.010946
v 0.027371 0.848336 0.008303
v 0.028053 0.848336 0.005580
v 0.028464 0.848336 0.002804
v 0.015693 0.868000 0.003121
v 0.015923 0.868000 0.001568
v 0.032415 0.779287 0.060643
v 0.038203 0.779287 0.057174
v 0.043623 0.779287 0.053154
v 0.035268 0.803741 0.042974
v 0.039310 0.803741 0.039310
v 0.042974 0.803741 0.035268
v 0.048623 0.779287 0.048623
v 0.053154 0.779287 0.043623
v 0.057174 0.779287 0.038203
v 0.060643 0.779287 0.032415
v 0.046224 0.803741 0.030886
v 0.032469 0.826837 0.026646
v 0.034924 0.826837 0.023335
v 0.037043 0.826837 0.019800
v 0.038805 0.826837 0.016074
v 0.040194 0.826837 0.012193
v 0.041196 0.826837 0.008194
v 0.041800 0.826837 0.004117
v 0.049028 0.803741 0.026206
v 0.051361 0.803741 0.021274
v 0.053199 0.803741 0.016138
v 0.054524 0.803741 0.010846
v 0.055325 0.803741 0.005449
v 0.066652 0.672664 0.081216
v 0.074292 0.672664 0.074292
v 0.063226 0.700163 0.077041
v 0.070473 0.700163 0.070473
v 0.077041 0.700163 0.063226
v 0.081216 0.672664 0.066652
v 0.064635 0.727259 0.064635
v 0.087358 0.672664 0.058371
v 0.092659 0.672664 0.049527
v 0.082868 0.700163 0.055370
v 0.087896 0.700163 0.046981
v 0.092077 0.700163 0.038140
v 0.070659 0.727259 0.057988
v 0.076002 0.727259 0.050783
v 0.063389 0.750946 0.052022
v 0.066462 0.753713 0.046037
v 0.067269 0.753713 0.044948
v 0.067057 0.754250 0.044806
v 0.070012 0.756910 0.037422
v 0.071351 0.753713 0.038138
v 0.080614 0.727259 0.043089
v 0.084449 0.727259 0.034980
v 0.072400 0.759060 0.029989
v 0.074746 0.753713 0.030961
v 0.077420 0.753713 0.023485
v 0.074239 0.760716 0.022520
v 0.075542 0.761889 0.015026
v 0.076320 0.762590 0.007517
v 0.087471 0.727259 0.026534
v 0.089651 0.727259 0.017833
v 0.079349 0.753713 0.015784
v 0.090967 0.727259 0.008959
v 0.080514 0.753713 0.007930
v 0.097067 0.672664 0.040206
v 0.100540 0.672664 0.030499
v 0.103046 0.672664 0.020497
v 0.095372 0.700163 0.028931
v 0.097749 0.700163 0.019443
v 0.104559 0.672664 0.010298
v 0.099184 0.700163 0.009769
v 0.063480 0.779287 0.026417
v 0.063513 0.779317 0.026308
v 0.065066 0.780715 0.019738
v 0.066165 0.781704 0.013161
v 0.066820 0.782294 0.006581
v 0.000000 0.000000 0.000000
v 0.000000 0.108752 -0.119520
v 0.011715 0.108752 -0.118944
v 0.023317 0.108752 -0.117223
v 0.034695 0.108752 -0.114374
v 0.045738 0.108752 -0.110422
v 0.056341 0.108752 -0.105407
v 0.009222 0.200083 -0.093635
v 0.018356 0.200083 -0.092280
v 0.027312 0.200083 -0.090037
v 0.000000 0.138000 -0.100000
v 0.000000 0.122224 -0.106160
v 0.009802 0.138000 -0.099518
v 0.010405 0.122224 -0.105649
v 0.019509 0.138000 -0.098079
v 0.020711 0.122224 -0.104120
v 0.029028 0.138000 -0.095694
v 0.030817 0.122224 -0.101589
v 0.000000 0.200083 -0.094088
v 0.038268 0.138000 -0.092388
v 0.050043 0.122224 -0.093625
v 0.047140 0.138000 -0.088192
v 0.055557 0.138000 -0.083147
v 0.058979 0.122224 -0.088269
v 0.036006 0.200083 -0.086926
v 0.044353 0.200083 -0.082978
v 0.059689 0.200083 -0.072731
v 0.052272 0.200083 -0.078231
v 0.040626 0.122224 -0.098079
v 0.119520 0.108752 0.000000
v 0.118944 0.108752 -0.011715
v 0.117223 0.108752 -0.023317
v 0.105407 0.108752 -0.056341
v 0.114374 0.108752 -0.034695
v 0.110422 0.108752 -0.045738
v 0.093635 0.200083 -0.009222
v 0.092280 0.200083 -0.018356
v 0.090037 0.200083 -0.027312
v 0.092388 0.138000 -0.038268
v 0.083147 0.138000 -0.055557
v 0.093625 0.122224 -0.050043
v 0.088192 0.138000 -0.047140
v 0.088269 0.122224 -0.058979
v 0.072731 0.200083 -0.059689
v 0.082978 0.200083 -0.044353
v 0.086926 0.200083 -0.036006
v 0.078231 0.200083 -0.052272
v 0.100000 0.138000 0.000000
v 0.099518 0.138000 -0.009802
v 0.106160 0.122224 0.000000
v 0.105649 0.122224 -0.010405
v 0.098079 0.138000 -0.019509
v 0.095694 0.138000 -0.029028
v 0.104120 0.122224 -0.020711
v 0.101589 0.122224 -0.030817
v 0.094088 0.200083 0.000000
v 0.098079 0.122224 -0.040626
v 0.075823 0.108752 -0.092390
v 0.092390 0.108752 -0.075823
v 0.084513 0.108752 -0.084513
v 0.066402 0.108752 -0.099377
v 0.065807 0.097968 -0.123116
v 0.077558 0.097968 -0.116073
v 0.088561 0.097968 -0.107912
v 0.099377 0.108752 -0.066402
v 0.107912 0.097968 -0.088561
v 0.116073 0.097968 -0.077558
v 0.123116 0.097968 -0.065807
v 0.098712 0.097968 -0.098712
v 0.117323 0.090256 -0.117323
v 0.063439 0.138000 -0.077301
v 0.077301 0.138000 -0.063439
v 0.075066 0.122224 -0.075066
v 0.070711 0.138000 -0.070711
v 0.067347 0.122224 -0.082063
v 0.082063 0.122224 -0.067347
v 0.066530 0.200083 -0.066530
v 0.060366 0.262667 -0.060366
v 0.053298 0.323250 -0.053298
v 0.047817 0.323250 -0.058266
v 0.058266 0.323250 -0.047817
v 0.025115 0.379333 -0.060634
v 0.030938 0.379333 -0.057880
v 0.000000 0.428417 -0.057662
v 0.005652 0.428417 -0.057384
v 0.011249 0.428417 -0.056554
v 0.022066 0.428417 -0.053273
v 0.016738 0.428417 -0.055179
v 0.027182 0.428417 -0.050853
v 0.057880 0.379333 -0.030938
v 0.060634 0.379333 -0.025115
v 0.057662 0.428417 0.000000
v 0.057384 0.428417 -0.005652
v 0.056554 0.428417 -0.011249
v 0.053273 0.428417 -0.022066
v 0.050853 0.428417 -0.027182
v 0.055179 0.428417 -0.016738
v 0.046407 0.379333 -0.046407
v 0.036462 0.379333 -0.054569
v 0.041635 0.379333 -0.050732
v 0.054569 0.379333 -0.036462
v 0.050732 0.379333 -0.041635
v 0.036580 0.428417 -0.044573
v 0.044573 0.428417 -0.036580
v 0.040773 0.428417 -0.040773
v 0.032035 0.428417 -0.047944
v 0.047944 0.428417 -0.032035
v 0.000000 0.262667 -0.085370
v 0.008368 0.262667 -0.084959
v 0.016655 0.262667 -0.083730
v 0.024782 0.262667 -0.081694
v 0.000000 0.323250 -0.075375
v 0.007388 0.323250 -0.075012
v 0.014705 0.323250 -0.073927
v 0.021880 0.323250 -0.072129
v 0.028845 0.323250 -0.069637
v 0.040243 0.262667 -0.075290
v 0.032670 0.262667 -0.078872
v 0.054158 0.262667 -0.065992
v 0.047429 0.262667 -0.070983
v 0.035532 0.323250 -0.066475
v 0.041876 0.323250 -0.062672
v 0.000000 0.379333 -0.065630
v 0.006433 0.379333 -0.065314
v 0.012804 0.379333 -0.064369
v 0.019051 0.379333 -0.062804
v 0.085370 0.262667 0.000000
v 0.084959 0.262667 -0.008368
v 0.083730 0.262667 -0.016655
v 0.081694 0.262667 -0.024782
v 0.075375 0.323250 0.000000
v 0.075012 0.323250 -0.007388
v 0.073927 0.323250 -0.014705
v 0.069637 0.323250 -0.028845
v 0.072129 0.323250 -0.021880
v 0.075290 0.262667 -0.040243
v 0.065992 0.262667 -0.054158
v 0.070983 0.262667 -0.047429
v 0.078872 0.262667 -0.032670
v 0.066475 0.323250 -0.035532
v 0.062672 0.323250 -0.041876
v 0.065630 0.379333 0.000000
v 0.065314 0.379333 -0.006433
v 0.064369 0.379333 -0.012804
v 0.062804 0.379333 -0.019051
v 0.000000 0.097968 -0.139600
v 0.013683 0.097968 -0.138928
v 0.027235 0.097968 -0.136918
v 0.000000 0.090256 -0.165920
v 0.016263 0.090256 -0.165121
v 0.040524 0.097968 -0.133589
v 0.053423 0.097968 -0.128974
v 0.032369 0.090256 -0.162732
v 0.048164 0.090256 -0.158776
v 0.000000 0.086000 -0.198000
v 0.000000 0.084000 -0.208000
v 0.019407 0.086000 -0.197047
v 0.020388 0.084000 -0.206998
v 0.000000 0.000000 -0.230000
v 0.000000 0.011000 -0.245000
v 0.000000 0.015268 -0.249268
v 0.000000 0.017036 -0.250000
v 0.000000 0.040000 -0.239000
v 0.000000 0.046384 -0.241495
v 0.000000 0.054741 -0.241630
v 0.000000 0.034711 -0.248697
v 0.000000 0.032516 -0.250000
v 0.022544 0.000000 -0.228892
v 0.024014 0.011000 -0.243820
v 0.024433 0.015268 -0.248067
v 0.024504 0.017036 -0.248796
v 0.023426 0.040000 -0.237849
v 0.023671 0.046384 -0.240332
v 0.023684 0.054741 -0.240466
v 0.024377 0.034711 -0.247500
v 0.024504 0.032516 -0.248796
v 0.000000 0.079699 -0.222588
v 0.000000 0.072593 -0.232704
v 0.000000 0.063875 -0.238875
v 0.021817 0.079699 -0.221516
v 0.022809 0.072593 -0.231583
v 0.023414 0.063875 -0.237725
v 0.038628 0.086000 -0.194195
v 0.043425 0.079699 -0.218311
v 0.040579 0.084000 -0.204003
v 0.057476 0.086000 -0.189474
v 0.060379 0.084000 -0.199044
v 0.044871 0.000000 -0.225581
v 0.046627 0.040000 -0.234408
v 0.047797 0.011000 -0.240292
v 0.048630 0.015268 -0.244478
v 0.048773 0.017036 -0.245196
v 0.047113 0.046384 -0.236855
v 0.047140 0.054741 -0.236987
v 0.048518 0.034711 -0.243918
v 0.048773 0.032516 -0.245196
v 0.046602 0.063875 -0.234285
v 0.045398 0.072593 -0.228232
v 0.063495 0.090256 -0.153290
v 0.092180 0.090256 -0.137957
v 0.078214 0.090256 -0.146328
v 0.075771 0.086000 -0.182928
v 0.093337 0.086000 -0.174620
v 0.105259 0.090256 -0.128258
v 0.098051 0.084000 -0.183440
v 0.110003 0.086000 -0.164631
v 0.123663 0.079699 -0.185075
v 0.115559 0.084000 -0.172946
v 0.088017 0.000000 -0.212492
v 0.064614 0.079699 -0.213003
v 0.079598 0.084000 -0.192167
v 0.085181 0.079699 -0.205644
v 0.089052 0.072593 -0.214990
v 0.066765 0.000000 -0.220096
v 0.069378 0.040000 -0.228709
v 0.070102 0.046384 -0.231097
v 0.070141 0.054741 -0.231225
v 0.071120 0.011000 -0.234450
v 0.072359 0.015268 -0.238534
v 0.072571 0.017036 -0.239235
v 0.072193 0.034711 -0.237988
v 0.072571 0.032516 -0.239235
v 0.091461 0.040000 -0.220807
v 0.092416 0.046384 -0.223113
v 0.092468 0.054741 -0.223237
v 0.067550 0.072593 -0.222684
v 0.069342 0.063875 -0.228589
v 0.091414 0.063875 -0.220692
v 0.108421 0.000000 -0.202842
v 0.115492 0.011000 -0.216071
v 0.112664 0.040000 -0.210779
v 0.113840 0.046384 -0.212980
v 0.113903 0.054741 -0.213098
v 0.104927 0.079699 -0.196305
v 0.112605 0.063875 -0.210669
v 0.109696 0.072593 -0.205226
v 0.093757 0.011000 -0.226350
v 0.095391 0.015268 -0.230293
v 0.095671 0.017036 -0.230970
v 0.095172 0.034711 -0.229766
v 0.095671 0.032516 -0.230970
v 0.117504 0.015268 -0.219835
v 0.117849 0.017036 -0.220480
v 0.117235 0.034711 -0.219331
v 0.117849 0.032516 -0.220480
v 0.139600 0.097968 0.000000
v 0.138928 0.097968 -0.013683
v 0.136918 0.097968 -0.027235
v 0.133589 0.097968 -0.040524
v 0.128974 0.097968 -0.053423
v 0.165920 0.090256 0.000000
v 0.165121 0.090256 -0.016263
v 0.162732 0.090256 -0.032369
v 0.158776 0.090256 -0.048164
v 0.137957 0.090256 -0.092180
v 0.153290 0.090256 -0.063495
v 0.146328 0.090256 -0.078214
v 0.128258 0.090256 -0.105259
v 0.182928 0.086000 -0.075771
v 0.174620 0.086000 -0.093337
v 0.164631 0.086000 -0.110003
v 0.183440 0.084000 -0.098051
v 0.185075 0.079699 -0.123663
v 0.172946 0.084000 -0.115559
v 0.198000 0.086000 0.000000
v 0.197047 0.086000 -0.019407
v 0.208000 0.084000 0.000000
v 0.206998 0.084000 -0.020388
v 0.194195 0.086000 -0.038628
v 0.189474 0.086000 -0.057476
v 0.199044 0.084000 -0.060379
v 0.218311 0.079699 -0.043425
v 0.204003 0.084000 -0.040579
v 0.230000 0.000000 0.000000
v 0.228892 0.000000 -0.022544
v 0.245000 0.011000 0.000000
v 0.249268 0.015268 0.000000
v 0.250000 0.017036 0.000000
v 0.239000 0.040000 0.000000
v 0.241495 0.046384 0.000000
v 0.241630 0.054741 0.000000
v 0.248697 0.034711 0.000000
v 0.250000 0.032516 0.000000
v 0.243820 0.011000 -0.024014
v 0.248067 0.015268 -0.024433
v 0.248796 0.017036 -0.024504
v 0.237849 0.040000 -0.023426
v 0.240332 0.046384 -0.023671
v 0.240466 0.054741 -0.023684
v 0.247500 0.034711 -0.024377
v 0.248796 0.032516 -0.024504
v 0.222588 0.079699 0.000000
v 0.232704 0.072593 0.000000
v 0.221516 0.079699 -0.021817
v 0.231583 0.072593 -0.022809
v 0.238875 0.063875 0.000000
v 0.237725 0.063875 -0.023414
v 0.225581 0.000000 -0.044871
v 0.234408 0.040000 -0.046627
v 0.240292 0.011000 -0.047797
v 0.244478 0.015268 -0.048630
v 0.245196 0.017036 -0.048773
v 0.236855 0.046384 -0.047113
v 0.236987 0.054741 -0.047140
v 0.243918 0.034711 -0.048518
v 0.245196 0.032516 -0.048773
v 0.234285 0.063875 -0.046602
v 0.228232 0.072593 -0.045398
v 0.212492 0.000000 -0.088017
v 0.192167 0.084000 -0.079598
v 0.213003 0.079699 -0.064614
v 0.205644 0.079699 -0.085181
v 0.214990 0.072593 -0.089052
v 0.202842 0.000000 -0.108421
v 0.216071 0.011000 -0.115492
v 0.210779 0.040000 -0.112664
v 0.212980 0.046384 -0.113840
v 0.213098 0.054741 -0.113903
v 0.196305 0.079699 -0.104927
v 0.210669 0.063875 -0.112605
v 0.205226 0.072593 -0.109696
v 0.220096 0.000000 -0.066765
v 0.228709 0.040000 -0.069378
v 0.231097 0.046384 -0.070102
v 0.231225 0.054741 -0.070141
v 0.220807 0.040000 -0.091461
v 0.223113 0.046384 -0.092416
v 0.223237 0.054741 -0.092468
v 0.234450 0.011000 -0.071120
v 0.238534 0.015268 -0.072359
v 0.239235 0.017036 -0.072571
v 0.237988 0.034711 -0.072193
v 0.239235 0.032516 -0.072571
v 0.222684 0.072593 -0.067550
v 0.228589 0.063875 -0.069342
v 0.220692 0.063875 -0.091414
v 0.226350 0.011000 -0.093757
v 0.230293 0.015268 -0.095391
v 0.230970 0.017036 -0.095671
v 0.229766 0.034711 -0.095172
v 0.230970 0.032516 -0.095671
v 0.219835 0.015268 -0.117504
v 0.220480 0.017036 -0.117849
v 0.219331 0.034711 -0.117235
v 0.220480 0.032516 -0.117849
v 0.140007 0.086000 -0.140007
v 0.125610 0.086000 -0.153056
v 0.153056 0.086000 -0.125610
v 0.147078 0.084000 -0.147078
v 0.145910 0.000000 -0.177792
v 0.151620 0.040000 -0.184749
v 0.153203 0.046384 -0.186678
v 0.153288 0.054741 -0.186782
v 0.131954 0.084000 -0.160786
v 0.141208 0.079699 -0.172063
v 0.147626 0.072593 -0.179882
v 0.151541 0.063875 -0.184653
v 0.177792 0.000000 -0.145910
v 0.184749 0.040000 -0.151620
v 0.186678 0.046384 -0.153203
v 0.186782 0.054741 -0.153288
v 0.160786 0.084000 -0.131954
v 0.172063 0.079699 -0.141208
v 0.179882 0.072593 -0.147626
v 0.184653 0.063875 -0.151541
v 0.162635 0.000000 -0.162635
v 0.168999 0.040000 -0.168999
v 0.170763 0.046384 -0.170763
v 0.170858 0.054741 -0.170858
v 0.173241 0.011000 -0.173241
v 0.176259 0.015268 -0.176259
v 0.176777 0.017036 -0.176777
v 0.175855 0.034711 -0.175855
v 0.176777 0.032516 -0.176777
v 0.157393 0.079699 -0.157393
v 0.168910 0.063875 -0.168910
v 0.164546 0.072593 -0.164546
v 0.127781 0.000000 -0.191238
v 0.132781 0.040000 -0.198721
v 0.134168 0.046384 -0.200796
v 0.134242 0.054741 -0.200908
v 0.136115 0.011000 -0.203710
v 0.138486 0.015268 -0.207259
v 0.138893 0.017036 -0.207867
v 0.138169 0.034711 -0.206784
v 0.138893 0.032516 -0.207867
v 0.155426 0.011000 -0.189388
v 0.129283 0.072593 -0.193486
v 0.132712 0.063875 -0.198617
v 0.158134 0.015268 -0.192687
v 0.158598 0.017036 -0.193253
v 0.157772 0.034711 -0.192245
v 0.158598 0.032516 -0.193253
v 0.191238 0.000000 -0.127781
v 0.198721 0.040000 -0.132781
v 0.200796 0.046384 -0.134168
v 0.200908 0.054741 -0.134242
v 0.189388 0.011000 -0.155426
v 0.203710 0.011000 -0.136115
v 0.207259 0.015268 -0.138486
v 0.207867 0.017036 -0.138893
v 0.206784 0.034711 -0.138169
v 0.207867 0.032516 -0.138893
v 0.193486 0.072593 -0.129283
v 0.198617 0.063875 -0.132712
v 0.192687 0.015268 -0.158134
v 0.193253 0.017036 -0.158598
v 0.192245 0.034711 -0.157772
v 0.193253 0.032516 -0.158598
v 0.000000 0.463532 -0.053526
v 0.000000 0.465487 -0.053577
v 0.000000 0.466883 -0.054256
v 0.005246 0.463532 -0.053268
v 0.005251 0.465487 -0.053319
v 0.005318 0.466883 -0.053995
v 0.000000 0.467721 -0.055563
v 0.000000 0.468000 -0.057499
v 0.005446 0.467721 -0.055296
v 0.005636 0.468000 -0.057222
v 0.010442 0.463532 -0.052498
v 0.010452 0.465487 -0.052548
v 0.010585 0.466883 -0.053214
v 0.010840 0.467721 -0.054496
v 0.015538 0.463532 -0.051221
v 0.015553 0.465487 -0.051270
v 0.011217 0.468000 -0.056394
v 0.029738 0.463532 -0.044505
v 0.029766 0.465487 -0.044548
v 0.030143 0.466883 -0.045112
v 0.030869 0.467721 -0.046199
v 0.015750 0.466883 -0.051920
v 0.016129 0.467721 -0.053171
v 0.020484 0.463532 -0.049452
v 0.020503 0.465487 -0.049499
v 0.020763 0.466883 -0.050126
v 0.021263 0.467721 -0.051334
v 0.022004 0.468000 -0.053122
v 0.016691 0.468000 -0.055023
v 0.025232 0.463532 -0.047206
v 0.025256 0.465487 -0.047251
v 0.025576 0.466883 -0.047850
v 0.026192 0.467721 -0.049003
v 0.027105 0.468000 -0.050709
v 0.000000 0.503340 -0.060000
v 0.000000 0.503460 -0.060000
v 0.000000 0.502736 -0.060536
v 0.000000 0.502831 -0.060238
v 0.000000 0.503033 -0.060060
v 0.000000 0.504049 -0.060538
v 0.005904 0.502831 -0.059948
v 0.005887 0.503033 -0.059770
v 0.005881 0.503340 -0.059711
v 0.005881 0.503460 -0.059711
v 0.005934 0.502736 -0.060245
v 0.005934 0.504049 -0.060246
v 0.000000 0.519193 -0.058053
v 0.000000 0.522384 -0.057622
v 0.005690 0.519193 -0.057773
v 0.005648 0.522384 -0.057344
v 0.011717 0.503033 -0.058906
v 0.011705 0.503340 -0.058847
v 0.011705 0.503460 -0.058847
v 0.011752 0.502831 -0.059081
v 0.011810 0.502736 -0.059373
v 0.011810 0.504049 -0.059375
v 0.011326 0.519193 -0.056937
v 0.011241 0.522384 -0.056515
v 0.022216 0.519193 -0.053634
v 0.022051 0.522384 -0.053236
v 0.017434 0.503033 -0.057473
v 0.017417 0.503340 -0.057416
v 0.017417 0.503460 -0.057416
v 0.017573 0.502736 -0.057929
v 0.017486 0.502831 -0.057644
v 0.017573 0.504049 -0.057931
v 0.023052 0.502831 -0.055653
v 0.022984 0.503033 -0.055488
v 0.022961 0.503340 -0.055433
v 0.022961 0.503460 -0.055433
v 0.023166 0.502736 -0.055928
v 0.023167 0.504049 -0.055930
v 0.016852 0.519193 -0.055553
v 0.016727 0.522384 -0.055141
v 0.018721 0.525297 -0.061716
v 0.028312 0.503033 -0.052968
v 0.028284 0.503340 -0.052915
v 0.028284 0.503460 -0.052915
v 0.028396 0.502831 -0.053125
v 0.028537 0.502736 -0.053388
v 0.028537 0.504049 -0.053390
v 0.027163 0.522384 -0.050818
v 0.027366 0.519193 -0.051198
v 0.024680 0.525297 -0.059583
v 0.030402 0.525297 -0.056877
v 0.044505 0.463532 -0.029738
v 0.044548 0.465487 -0.029766
v 0.045112 0.466883 -0.030143
v 0.046199 0.467721 -0.030869
v 0.053526 0.463532 0.000000
v 0.053577 0.465487 0.000000
v 0.054256 0.466883 0.000000
v 0.053268 0.463532 -0.005246
v 0.053319 0.465487 -0.005251
v 0.053995 0.466883 -0.005318
v 0.052498 0.463532 -0.010442
v 0.052548 0.465487 -0.010452
v 0.053214 0.466883 -0.010585
v 0.054496 0.467721 -0.010840
v 0.051221 0.463532 -0.015538
v 0.051270 0.465487 -0.015553
v 0.055563 0.467721 0.000000
v 0.057499 0.468000 0.000000
v 0.055296 0.467721 -0.005446
v 0.057222 0.468000 -0.005636
v 0.056394 0.468000 -0.011217
v 0.049452 0.463532 -0.020484
v 0.049499 0.465487 -0.020503
v 0.050126 0.466883 -0.020763
v 0.051920 0.466883 -0.015750
v 0.053171 0.467721 -0.016129
v 0.051334 0.467721 -0.021263
v 0.053122 0.468000 -0.022004
v 0.047206 0.463532 -0.025232
v 0.047251 0.465487 -0.025256
v 0.047850 0.466883 -0.025576
v 0.049003 0.467721 -0.026192
v 0.050709 0.468000 -0.027105
v 0.055023 0.468000 -0.016691
v 0.060000 0.503340 0.000000
v 0.060000 0.503460 0.000000
v 0.060536 0.502736 0.000000
v 0.060238 0.502831 0.000000
v 0.060060 0.503033 0.000000
v 0.060538 0.504049 0.000000
v 0.059948 0.502831 -0.005904
v 0.059770 0.503033 -0.005887
v 0.059711 0.503340 -0.005881
v 0.059711 0.503460 -0.005881
v 0.060245 0.502736 -0.005934
v 0.060246 0.504049 -0.005934
v 0.058053 0.519193 0.000000
v 0.057622 0.522384 0.000000
v 0.057773 0.519193 -0.005690
v 0.057344 0.522384 -0.005648
v 0.058906 0.503033 -0.011717
v 0.058847 0.503340 -0.011705
v 0.058847 0.503460 -0.011705
v 0.059081 0.502831 -0.011752
v 0.059373 0.502736 -0.011810
v 0.059375 0.504049 -0.011810
v 0.056937 0.519193 -0.011326
v 0.056515 0.522384 -0.011241
v 0.053634 0.519193 -0.022216
v 0.053236 0.522384 -0.022051
v 0.052968 0.503033 -0.028312
v 0.052915 0.503340 -0.028284
v 0.052915 0.503460 -0.028284
v 0.053125 0.502831 -0.028396
v 0.053388 0.502736 -0.028537
v 0.053390 0.504049 -0.028537
v 0.050818 0.522384 -0.027163
v 0.051198 0.519193 -0.027366
v 0.057473 0.503033 -0.017434
v 0.057416 0.503340 -0.017417
v 0.057416 0.503460 -0.017417
v 0.057929 0.502736 -0.017573
v 0.057644 0.502831 -0.017486
v 0.057931 0.504049 -0.017573
v 0.055653 0.502831 -0.023052
v 0.055488 0.503033 -0.022984
v 0.055433 0.503340 -0.022961
v 0.055433 0.503460 -0.022961
v 0.055928 0.502736 -0.023166
v 0.055930 0.504049 -0.023167
v 0.055553 0.519193 -0.016852
v 0.055141 0.522384 -0.016727
v 0.061716 0.525297 -0.018721
v 0.056877 0.525297 -0.030402
v 0.059583 0.525297 -0.024680
v 0.037849 0.463532 -0.037849
v 0.037885 0.465487 -0.037885
v 0.038365 0.466883 -0.038365
v 0.033957 0.463532 -0.041376
v 0.033989 0.465487 -0.041416
v 0.034420 0.466883 -0.041941
v 0.035249 0.467721 -0.042951
v 0.036477 0.468000 -0.044447
v 0.041376 0.463532 -0.033957
v 0.041416 0.465487 -0.033989
v 0.041941 0.466883 -0.034420
v 0.042951 0.467721 -0.035249
v 0.044447 0.468000 -0.036477
v 0.039289 0.467721 -0.039289
v 0.040658 0.468000 -0.040658
v 0.031945 0.468000 -0.047808
v 0.047808 0.468000 -0.031945
v 0.038064 0.503340 -0.046381
v 0.038064 0.503460 -0.046381
v 0.038404 0.502736 -0.046795
v 0.038215 0.502831 -0.046565
v 0.038101 0.503033 -0.046427
v 0.038405 0.504049 -0.046796
v 0.036828 0.519193 -0.044875
v 0.036555 0.522384 -0.044542
v 0.046381 0.503340 -0.038064
v 0.046381 0.503460 -0.038064
v 0.046795 0.502736 -0.038404
v 0.046565 0.502831 -0.038215
v 0.046427 0.503033 -0.038101
v 0.046796 0.504049 -0.038405
v 0.044875 0.519193 -0.036828
v 0.044542 0.522384 -0.036555
v 0.042469 0.503033 -0.042469
v 0.042426 0.503340 -0.042426
v 0.042426 0.503460 -0.042426
v 0.042806 0.502736 -0.042806
v 0.042595 0.502831 -0.042595
v 0.042807 0.504049 -0.042807
v 0.041049 0.519193 -0.041049
v 0.040745 0.522384 -0.040745
v 0.045603 0.525297 -0.045603
v 0.033467 0.502831 -0.050086
v 0.033367 0.503033 -0.049938
v 0.033334 0.503340 -0.049888
v 0.033334 0.503460 -0.049888
v 0.033632 0.502736 -0.050334
v 0.033633 0.504049 -0.050335
v 0.032252 0.519193 -0.048269
v 0.032013 0.522384 -0.047911
v 0.035830 0.525297 -0.053624
v 0.040914 0.525297 -0.049854
v 0.050086 0.502831 -0.033467
v 0.049938 0.503033 -0.033367
v 0.049888 0.503340 -0.033334
v 0.049888 0.503460 -0.033334
v 0.050334 0.502736 -0.033632
v 0.050335 0.504049 -0.033633
v 0.048269 0.519193 -0.032252
v 0.047911 0.522384 -0.032013
v 0.053624 0.525297 -0.035830
v 0.049854 0.525297 -0.040914
v 0.050866 0.505835 -0.061981
v 0.050919 0.516231 -0.062045
v 0.061981 0.505835 -0.050866
v 0.062045 0.516231 -0.050919
v 0.056697 0.505835 -0.056697
v 0.057983 0.507826 -0.057983
v 0.057983 0.514249 -0.057983
v 0.056755 0.516231 -0.056755
v 0.053757 0.535685 -0.053757
v 0.048229 0.535685 -0.058767
v 0.058767 0.535685 -0.048229
v 0.060982 0.550621 -0.060982
v 0.000000 0.525297 -0.064493
v 0.006321 0.525297 -0.064182
v 0.012582 0.525297 -0.063253
v 0.000000 0.535685 -0.076023
v 0.007452 0.535685 -0.075657
v 0.014831 0.535685 -0.074563
v 0.000000 0.505835 -0.080181
v 0.000000 0.507826 -0.082000
v 0.000000 0.514249 -0.082000
v 0.000000 0.516231 -0.080264
v 0.007859 0.505835 -0.079795
v 0.008037 0.507826 -0.081605
v 0.008037 0.514249 -0.081605
v 0.007867 0.516231 -0.079878
v 0.000000 0.550621 -0.086242
v 0.008453 0.550621 -0.085827
v 0.023275 0.505835 -0.076729
v 0.023300 0.516231 -0.076808
v 0.030684 0.505835 -0.074078
v 0.030716 0.516231 -0.074155
v 0.022068 0.535685 -0.072750
v 0.029093 0.535685 -0.070236
v 0.015643 0.505835 -0.078640
v 0.015997 0.507826 -0.080424
v 0.015997 0.514249 -0.080424
v 0.015659 0.516231 -0.078722
v 0.023803 0.507826 -0.078469
v 0.023803 0.514249 -0.078469
v 0.016825 0.550621 -0.084585
v 0.025035 0.550621 -0.082528
v 0.000000 0.468000 -0.100000
v 0.000000 0.470331 -0.106661
v 0.000000 0.472219 -0.108000
v 0.009802 0.468000 -0.099518
v 0.010455 0.470331 -0.106147
v 0.010586 0.472219 -0.107480
v 0.000000 0.498000 -0.100000
v 0.000000 0.495669 -0.106661
v 0.000000 0.493781 -0.108000
v 0.009802 0.498000 -0.099518
v 0.010455 0.495669 -0.106147
v 0.010586 0.493781 -0.107480
v 0.019509 0.468000 -0.098079
v 0.020808 0.470331 -0.104611
v 0.021070 0.472219 -0.105925
v 0.029028 0.468000 -0.095694
v 0.030962 0.470331 -0.102068
v 0.019509 0.498000 -0.098079
v 0.020808 0.495669 -0.104611
v 0.021070 0.493781 -0.105925
v 0.029028 0.498000 -0.095694
v 0.030962 0.495669 -0.102068
v 0.038268 0.468000 -0.092388
v 0.038268 0.498000 -0.092388
v 0.047140 0.468000 -0.088192
v 0.055557 0.468000 -0.083147
v 0.059258 0.470331 -0.088685
v 0.060002 0.472219 -0.089799
v 0.047140 0.498000 -0.088192
v 0.055557 0.498000 -0.083147
v 0.059258 0.495669 -0.088685
v 0.060002 0.493781 -0.089799
v 0.031380 0.507826 -0.075758
v 0.031380 0.514249 -0.075758
v 0.037797 0.505835 -0.070713
v 0.038655 0.507826 -0.072318
v 0.038655 0.514249 -0.072318
v 0.037836 0.516231 -0.070787
v 0.044546 0.505835 -0.066668
v 0.045557 0.507826 -0.068181
v 0.045557 0.514249 -0.068181
v 0.044592 0.516231 -0.066737
v 0.035837 0.535685 -0.067047
v 0.042236 0.535685 -0.063211
v 0.040654 0.550621 -0.076059
v 0.033003 0.550621 -0.079677
v 0.052020 0.507826 -0.063387
v 0.052020 0.514249 -0.063387
v 0.047913 0.550621 -0.071708
v 0.054711 0.550621 -0.066666
v 0.031351 0.472219 -0.103350
v 0.040817 0.470331 -0.098542
v 0.041330 0.472219 -0.099779
v 0.031351 0.493781 -0.103350
v 0.040817 0.495669 -0.098542
v 0.041330 0.493781 -0.099779
v 0.050280 0.470331 -0.094066
v 0.050911 0.472219 -0.095247
v 0.050280 0.495669 -0.094066
v 0.050911 0.493781 -0.095247
v 0.018494 0.569563 -0.092977
v 0.027519 0.569563 -0.090717
v 0.000000 0.569563 -0.094799
v 0.009292 0.569563 -0.094342
v 0.000000 0.591968 -0.101344
v 0.009933 0.591968 -0.100856
v 0.019771 0.591968 -0.099397
v 0.029419 0.591968 -0.096980
v 0.000000 0.617294 -0.105528
v 0.010344 0.617294 -0.105020
v 0.000000 0.645000 -0.107000
v 0.010488 0.645000 -0.106485
v 0.020587 0.617294 -0.103500
v 0.030633 0.617294 -0.100984
v 0.020875 0.645000 -0.104944
v 0.031060 0.645000 -0.102393
v 0.036278 0.569563 -0.087583
v 0.044688 0.569563 -0.083605
v 0.038783 0.591968 -0.093630
v 0.060140 0.569563 -0.073280
v 0.052667 0.569563 -0.078822
v 0.047773 0.591968 -0.089377
v 0.056304 0.591968 -0.084264
v 0.049745 0.617294 -0.093067
v 0.058628 0.617294 -0.087743
v 0.059446 0.645000 -0.088967
v 0.040384 0.617294 -0.097495
v 0.040947 0.645000 -0.098855
v 0.050439 0.645000 -0.094366
v 0.064493 0.525297 0.000000
v 0.064182 0.525297 -0.006321
v 0.063253 0.525297 -0.012582
v 0.076023 0.535685 0.000000
v 0.075657 0.535685 -0.007452
v 0.074563 0.535685 -0.014831
v 0.076729 0.505835 -0.023275
v 0.076808 0.516231 -0.023300
v 0.074078 0.505835 -0.030684
v 0.074155 0.516231 -0.030716
v 0.070236 0.535685 -0.029093
v 0.072750 0.535685 -0.022068
v 0.080181 0.505835 0.000000
v 0.082000 0.507826 0.000000
v 0.082000 0.514249 0.000000
v 0.080264 0.516231 0.000000
v 0.079795 0.505835 -0.007859
v 0.081605 0.507826 -0.008037
v 0.081605 0.514249 -0.008037
v 0.079878 0.516231 -0.007867
v 0.085827 0.550621 -0.008453
v 0.086242 0.550621 0.000000
v 0.078640 0.505835 -0.015643
v 0.080424 0.507826 -0.015997
v 0.080424 0.514249 -0.015997
v 0.078722 0.516231 -0.015659
v 0.078469 0.507826 -0.023803
v 0.078469 0.514249 -0.023803
v 0.084585 0.550621 -0.016825
v 0.082528 0.550621 -0.025035
v 0.092388 0.468000 -0.038268
v 0.092388 0.498000 -0.038268
v 0.083147 0.468000 -0.055557
v 0.088192 0.468000 -0.047140
v 0.088685 0.470331 -0.059258
v 0.089799 0.472219 -0.060002
v 0.083147 0.498000 -0.055557
v 0.088192 0.498000 -0.047140
v 0.088685 0.495669 -0.059258
v 0.089799 0.493781 -0.060002
v 0.066668 0.505835 -0.044546
v 0.068181 0.507826 -0.045557
v 0.068181 0.514249 -0.045557
v 0.066737 0.516231 -0.044592
v 0.070713 0.505835 -0.037797
v 0.072318 0.507826 -0.038655
v 0.072318 0.514249 -0.038655
v 0.075758 0.507826 -0.031380
v 0.075758 0.514249 -0.031380
v 0.070787 0.516231 -0.037836
v 0.067047 0.535685 -0.035837
v 0.063211 0.535685 -0.042236
v 0.076059 0.550621 -0.040654
v 0.063387 0.507826 -0.052020
v 0.063387 0.514249 -0.052020
v 0.066666 0.550621 -0.054711
v 0.071708 0.550621 -0.047913
v 0.079677 0.550621 -0.033003
v 0.100000 0.468000 0.000000
v 0.099518 0.468000 -0.009802
v 0.106661 0.470331 0.000000
v 0.108000 0.472219 0.000000
v 0.106147 0.470331 -0.010455
v 0.107480 0.472219 -0.010586
v 0.100000 0.498000 0.000000
v 0.099518 0.498000 -0.009802
v 0.106661 0.495669 0.000000
v 0.108000 0.493781 0.000000
v 0.106147 0.495669 -0.010455
v 0.107480 0.493781 -0.010586
v 0.098079 0.468000 -0.019509
v 0.095694 0.468000 -0.029028
v 0.104611 0.470331 -0.020808
v 0.105925 0.472219 -0.021070
v 0.102068 0.470331 -0.030962
v 0.098079 0.498000 -0.019509
v 0.095694 0.498000 -0.029028
v 0.104611 0.495669 -0.020808
v 0.105925 0.493781 -0.021070
v 0.102068 0.495669 -0.030962
v 0.098542 0.470331 -0.040817
v 0.099779 0.472219 -0.041330
v 0.103350 0.472219 -0.031351
v 0.098542 0.495669 -0.040817
v 0.099779 0.493781 -0.041330
v 0.103350 0.493781 -0.031351
v 0.094066 0.470331 -0.050280
v 0.095247 0.472219 -0.050911
v 0.094066 0.495669 -0.050280
v 0.095247 0.493781 -0.050911
v 0.092977 0.569563 -0.018494
v 0.090717 0.569563 -0.027519
v 0.073280 0.569563 -0.060140
v 0.083605 0.569563 -0.044688
v 0.087583 0.569563 -0.036278
v 0.093630 0.591968 -0.038783
v 0.078822 0.569563 -0.052667
v 0.084264 0.591968 -0.056304
v 0.089377 0.591968 -0.047773
v 0.093067 0.617294 -0.049745
v 0.087743 0.617294 -0.058628
v 0.088967 0.645000 -0.059446
v 0.094799 0.569563 0.000000
v 0.094342 0.569563 -0.009292
v 0.101344 0.591968 0.000000
v 0.100856 0.591968 -0.009933
v 0.099397 0.591968 -0.019771
v 0.096980 0.591968 -0.029419
v 0.105528 0.617294 0.000000
v 0.105020 0.617294 -0.010344
v 0.107000 0.645000 0.000000
v 0.106485 0.645000 -0.010488
v 0.100984 0.617294 -0.030633
v 0.103500 0.617294 -0.020587
v 0.104944 0.645000 -0.020875
v 0.102393 0.645000 -0.031060
v 0.097495 0.617294 -0.040384
v 0.098855 0.645000 -0.040947
v 0.094366 0.645000 -0.050439
v 0.063439 0.468000 -0.077301
v 0.077301 0.468000 -0.063439
v 0.070711 0.468000 -0.070711
v 0.075421 0.470331 -0.075421
v 0.076368 0.472219 -0.076368
v 0.063439 0.498000 -0.077301
v 0.077301 0.498000 -0.063439
v 0.070711 0.498000 -0.070711
v 0.075421 0.495669 -0.075421
v 0.076368 0.493781 -0.076368
v 0.067665 0.470331 -0.082450
v 0.068514 0.472219 -0.083485
v 0.067665 0.495669 -0.082450
v 0.068514 0.493781 -0.083485
v 0.082450 0.470331 -0.067665
v 0.083485 0.472219 -0.068514
v 0.082450 0.495669 -0.067665
v 0.083485 0.493781 -0.068514
v 0.067033 0.569563 -0.067033
v 0.071661 0.591968 -0.071661
v 0.064292 0.591968 -0.078340
v 0.078340 0.591968 -0.064292
v 0.074619 0.617294 -0.074619
v 0.075660 0.645000 -0.075660
v 0.066946 0.617294 -0.081574
v 0.067880 0.645000 -0.082712
v 0.081574 0.617294 -0.066946
v 0.082712 0.645000 -0.067880
v 0.062329 0.778250 -0.030000
v 0.057208 0.753713 -0.057208
v 0.029700 0.826837 -0.029700
v 0.000000 0.890000 0.000000
v 0.006303 0.884581 -0.007680
v 0.007680 0.884581 -0.006303
v 0.007025 0.884581 -0.007025
v 0.007654 0.883856 -0.007654
v 0.004645 0.868000 -0.015311
v 0.006123 0.868000 -0.014782
v 0.007542 0.868000 -0.014111
v 0.000000 0.882842 -0.011362
v 0.001114 0.882842 -0.011307
v 0.002217 0.882842 -0.011144
v 0.003298 0.882842 -0.010873
v 0.001938 0.884581 -0.009744
v 0.000000 0.884581 -0.009935
v 0.000974 0.884581 -0.009887
v 0.000000 0.883856 -0.010824
v 0.001061 0.883856 -0.010772
v 0.002884 0.884581 -0.009507
v 0.003802 0.884581 -0.009179
v 0.002112 0.883856 -0.010616
v 0.003142 0.883856 -0.010358
v 0.004348 0.882842 -0.010497
v 0.005356 0.882842 -0.010020
v 0.006312 0.882842 -0.009447
v 0.007208 0.882842 -0.008783
v 0.004683 0.884581 -0.008762
v 0.005520 0.884581 -0.008261
v 0.005102 0.883856 -0.009546
v 0.004142 0.883856 -0.010000
v 0.006014 0.883856 -0.009000
v 0.006867 0.883856 -0.008367
v 0.015311 0.868000 -0.004645
v 0.014111 0.868000 -0.007542
v 0.014782 0.868000 -0.006123
v 0.011362 0.882842 0.000000
v 0.011307 0.882842 -0.001114
v 0.011144 0.882842 -0.002217
v 0.010873 0.882842 -0.003298
v 0.009744 0.884581 -0.001938
v 0.009507 0.884581 -0.002884
v 0.009179 0.884581 -0.003802
v 0.009935 0.884581 0.000000
v 0.009887 0.884581 -0.000974
v 0.010824 0.883856 0.000000
v 0.010772 0.883856 -0.001061
v 0.010616 0.883856 -0.002112
v 0.010358 0.883856 -0.003142
v 0.008783 0.882842 -0.007208
v 0.009447 0.882842 -0.006312
v 0.010497 0.882842 -0.004348
v 0.010020 0.882842 -0.005356
v 0.008762 0.884581 -0.004683
v 0.008261 0.884581 -0.005520
v 0.009546 0.883856 -0.005102
v 0.008367 0.883856 -0.006867
v 0.009000 0.883856 -0.006014
v 0.010000 0.883856 -0.004142
v 0.011314 0.868000 -0.011314
v 0.008889 0.868000 -0.013304
v 0.010150 0.868000 -0.012368
v 0.013304 0.868000 -0.008889
v 0.012368 0.868000 -0.010150
v 0.008034 0.882842 -0.008034
v 0.000000 0.848336 -0.028602
v 0.002804 0.848336 -0.028464
v 0.005580 0.848336 -0.028053
v 0.010946 0.848336 -0.026425
v 0.008303 0.848336 -0.027371
v 0.013483 0.848336 -0.025225
v 0.000000 0.868000 -0.016000
v 0.001568 0.868000 -0.015923
v 0.003121 0.868000 -0.015693
v 0.028602 0.848336 0.000000
v 0.028464 0.848336 -0.002804
v 0.028053 0.848336 -0.005580
v 0.026425 0.848336 -0.010946
v 0.025225 0.848336 -0.013483
v 0.027371 0.848336 -0.008303
v 0.016000 0.868000 0.000000
v 0.015923 0.868000 -0.001568
v 0.015693 0.868000 -0.003121
v 0.018145 0.848336 -0.022110
v 0.022110 0.848336 -0.018145
v 0.020225 0.848336 -0.020225
v 0.015891 0.848336 -0.023782
v 0.023782 0.848336 -0.015891
v 0.000000 0.826837 -0.042003
v 0.004117 0.826837 -0.041800
v 0.008194 0.826837 -0.041196
v 0.012193 0.826837 -0.040194
v 0.000000 0.803741 -0.055593
v 0.005449 0.803741 -0.055325
v 0.010846 0.803741 -0.054524
v 0.030886 0.803741 -0.046224
v 0.016074 0.826837 -0.038805
v 0.023335 0.826837 -0.034924
v 0.019800 0.826837 -0.037043
v 0.026646 0.826837 -0.032469
v 0.016138 0.803741 -0.053199
v 0.021274 0.803741 -0.051361
v 0.026206 0.803741 -0.049028
v 0.042003 0.826837 0.000000
v 0.041800 0.826837 -0.004117
v 0.041196 0.826837 -0.008194
v 0.040194 0.826837 -0.012193
v 0.046224 0.803741 -0.030886
v 0.034924 0.826837 -0.023335
v 0.038805 0.826837 -0.016074
v 0.037043 0.826837 -0.019800
v 0.032469 0.826837 -0.026646
v 0.054524 0.803741 -0.010846
v 0.055593 0.803741 0.000000
v 0.055325 0.803741 -0.005449
v 0.053199 0.803741 -0.016138
v 0.051361 0.803741 -0.021274
v 0.049028 0.803741 -0.026206
v 0.035268 0.803741 -0.042974
v 0.042974 0.803741 -0.035268
v 0.039310 0.803741 -0.039310
v 0.032415 0.779287 -0.060643
v 0.038203 0.779287 -0.057174
v 0.043623 0.779287 -0.053154
v 0.053154 0.779287 -0.043623
v 0.057174 0.779287 -0.038203
v 0.060643 0.779287 -0.032415
v 0.048623 0.779287 -0.048623
v 0.000000 0.727259 -0.091407
v 0.008959 0.727259 -0.090967
v 0.000000 0.753713 -0.080904
v 0.007930 0.753713 -0.080514
v 0.023485 0.753713 -0.077420
v 0.030961 0.753713 -0.074746
v 0.017833 0.727259 -0.089651
v 0.026534 0.727259 -0.087471
v 0.015784 0.753713 -0.079349
v 0.000000 0.672664 -0.105064
v 0.010298 0.672664 -0.104559
v 0.000000 0.700163 -0.099664
v 0.009769 0.700163 -0.099184
v 0.020497 0.672664 -0.103046
v 0.030499 0.672664 -0.100540
v 0.019443 0.700163 -0.097749
v 0.028931 0.700163 -0.095372
v 0.038140 0.700163 -0.092077
v 0.049527 0.672664 -0.092659
v 0.058371 0.672664 -0.087358
v 0.046981 0.700163 -0.087896
v 0.055370 0.700163 -0.082868
v 0.038138 0.753713 -0.071351
v 0.044948 0.753713 -0.067269
v 0.034980 0.727259 -0.084449
v 0.043089 0.727259 -0.080614
v 0.050783 0.727259 -0.076002
v 0.057988 0.727259 -0.070659
v 0.051325 0.753713 -0.062540
v 0.040206 0.672664 -0.097067
v 0.000000 0.779287 -0.068763
v 0.006740 0.779287 -0.068432
v 0.013415 0.779287 -0.067441
v 0.019961 0.779287 -0.065802
v 0.026314 0.779287 -0.063528
v 0.076579 0.762823 0.000000
v 0.076320 0.762590 -0.007517
v 0.075542 0.761889 -0.015026
v 0.074239 0.760716 -0.022520
v 0.072400 0.759060 -0.029989
v 0.072397 0.759057 -0.030000
v 0.077420 0.753713 -0.023485
v 0.074746 0.753713 -0.030961
v 0.091407 0.727259 0.000000
v 0.090967 0.727259 -0.008959
v 0.080904 0.753713 0.000000
v 0.080514 0.753713 -0.007930
v 0.089651 0.727259 -0.017833
v 0.087471 0.727259 -0.026534
v 0.079349 0.753713 -0.015784
v 0.092077 0.700163 -0.038140
v 0.092659 0.672664 -0.049527
v 0.087358 0.672664 -0.058371
v 0.082868 0.700163 -0.055370
v 0.087896 0.700163 -0.046981
v 0.067269 0.753713 -0.044948
v 0.071351 0.753713 -0.038138
v 0.076002 0.727259 -0.050783
v 0.070659 0.727259 -0.057988
v 0.062540 0.753713 -0.051325
v 0.084449 0.727259 -0.034980
v 0.080614 0.727259 -0.043089
v 0.105064 0.672664 0.000000
v 0.104559 0.672664 -0.010298
v 0.099664 0.700163 0.000000
v 0.099184 0.700163 -0.009769
v 0.100540 0.672664 -0.030499
v 0.103046 0.672664 -0.020497
v 0.097749 0.700163 -0.019443
v 0.095372 0.700163 -0.028931
v 0.097067 0.672664 -0.040206
v 0.067038 0.782490 0.000000
v 0.066820 0.782294 -0.006581
v 0.066165 0.781704 -0.013161
v 0.065066 0.780715 -0.019738
v 0.063513 0.779317 -0.026308
v 0.063480 0.779287 -0.026417
v 0.074292 0.672664 -0.074292
v 0.063226 0.700163 -0.077041
v 0.077041 0.700163 -0.063226
v 0.070473 0.700163 -0.070473
v 0.066652 0.672664 -0.081216
v 0.081216 0.672664 -0.066652
v 0.064635 0.727259 -0.064635
v 0.192000 0.084640 0.000000
v 0.191075 0.084640 -0.018819
v 0.188311 0.084640 -0.037457
v 0.183733 0.084640 -0.055735
v 0.177385 0.084640 -0.073475
v 0.169329 0.084640 -0.090508
v 0.159642 0.084640 -0.106669
v 0.148418 0.084640 -0.121804
v 0.135764 0.084640 -0.135764
v 0.121804 0.084640 -0.148418
v 0.106669 0.084640 -0.159642
v 0.090508 0.084640 -0.169329
v 0.073475 0.084640 -0.177385
v 0.055735 0.084640 -0.183733
v 0.037457 0.084640 -0.188311
v 0.018819 0.084640 -0.191075
v 0.000000 0.084640 -0.192000
v -0.018819 0.084640 -0.191075
v -0.037457 0.084640 -0.188311
v -0.055735 0.084640 -0.183733
v -0.073475 0.084640 -0.177385
v -0.090508 0.084640 -0.169329
v -0.106669 0.084640 -0.159642
v -0.121804 0.084640 -0.148418
v -0.135764 0.084640 -0.135764
v -0.148418 0.084640 -0.121804
v -0.159642 0.084640 -0.106669
v -0.169329 0.084640 -0.090508
v -0.177385 0.084640 -0.073475
v -0.183733 0.084640 -0.055735
v -0.188311 0.084640 -0.037457
v -0.191075 0.084640 -0.018819
v -0.192000 0.084640 -0.000000
v -0.191075 0.084640 0.018819
v -0.188311 0.084640 0.037457
v -0.183733 0.084640 0.055735
v -0.177385 0.084640 0.073475
v -0.169329 0.084640 0.090508
v -0.159642 0.084640 0.106669
v -0.148418 0.084640 0.121804
v -0.135764 0.084640 0.135764
v -0.121804 0.084640 0.148418
v -0.106669 0.084640 0.159642
v -0.090508 0.084640 0.169329
v -0.073475 0.084640 0.177385
v -0.055735 0.084640 0.183733
v -0.037457 0.084640 0.188311
v -0.018819 0.084640 0.191075
v -0.000000 0.084640 0.192000
v 0.018819 0.084640 0.191075
v 0.037457 0.084640 0.188311
v 0.055735 0.084640 0.183733
v 0.073475 0.084640 0.177385
v 0.090508 0.084640 0.169329
v 0.106669 0.084640 0.159642
v 0.121804 0.084640 0.148418
v 0.135764 0.084640 0.135764
v 0.148418 0.084640 0.121804
v 0.159642 0.084640 0.106669
v 0.169329 0.084640 0.090508
v 0.177385 0.084640 0.073475
v 0.183733 0.084640 0.055735
v 0.188311 0.084640 0.037457
v 0.191075 0.084640 0.018819
v 0.197889 0.088040 0.000000
v 0.196936 0.088040 -0.019397
v 0.194087 0.088040 -0.038606
v 0.189368 0.088040 -0.057444
v 0.182826 0.088040 -0.075729
v 0.174522 0.088040 -0.093284
v 0.164539 0.088040 -0.109941
v 0.152970 0.088040 -0.125539
v 0.139929 0.088040 -0.139929
v 0.125539 0.088040 -0.152970
v 0.109941 0.088040 -0.164539
v 0.093284 0.088040 -0.174522
v 0.075729 0.088040 -0.182826
v 0.057444 0.088040 -0.189368
v 0.038606 0.088040 -0.194087
v 0.019397 0.088040 -0.196936
v 0.000000 0.088040 -0.197889
v -0.019397 0.088040 -0.196936
v -0.038606 0.088040 -0.194087
v -0.057444 0.088040 -0.189368
v -0.075729 0.088040 -0.182826
v -0.093284 0.088040 -0.174522
v -0.109941 0.088040 -0.164539
v -0.125539 0.088040 -0.152970
v -0.139929 0.088040 -0.139929
v -0.152970 0.088040 -0.125539
v -0.164539 0.088040 -0.109941
v -0.174522 0.088040 -0.093284
v -0.182826 0.088040 -0.075729
v -0.189368 0.088040 -0.057444
v -0.194087 0.088040 -0.038606
v -0.196936 0.088040 -0.019397
v -0.197889 0.088040 -0.000000
v -0.196936 0.088040 0.019397
v -0.194087 0.088040 0.038606
v -0.189368 0.088040 0.057444
v -0.182826 0.088040 0.075729
v -0.174522 0.088040 0.093284
v -0.164539 0.088040 0.109941
v -0.152970 0.088040 0.125539
v -0.139929 0.088040 0.139929
v -0.125539 0.088040 0.152970
v -0.109941 0.088040 0.164539
v -0.093284 0.088040 0.174522
v -0.075729 0.088040 0.182826
v -0.057444 0.088040 0.189368
v -0.038606 0.088040 0.194087
v -0.019397 0.088040 0.196936
v -0.000000 0.088040 0.197889
v 0.019397 0.088040 0.196936
v 0.038606 0.088040 0.194087
v 0.057444 0.088040 0.189368
v 0.075729 0.088040 0.182826
v 0.093284 0.088040 0.174522
v 0.109941 0.088040 0.164539
v 0.125539 0.088040 0.152970
v 0.139929 0.088040 0.139929
v 0.152970 0.088040 0.125539
v 0.164539 0.088040 0.109941
v 0.174522 0.088040 0.093284
v 0.182826 0.088040 0.075729
v 0.189368 0.088040 0.057444
v 0.194087 0.088040 0.038606
v 0.196936 0.088040 0.019397
v 0.197889 0.094840 0.000000
v 0.196936 0.094840 -0.019397
v 0.194087 0.094840 -0.038606
v 0.189368 0.094840 -0.057444
v 0.182826 0.094840 -0.075729
v 0.174522 0.094840 -0.093284
v 0.164539 0.094840 -0.109941
v 0.152970 0.094840 -0.125539
v 0.139929 0.094840 -0.139929
v 0.125539 0.094840 -0.152970
v 0.109941 0.094840 -0.164539
v 0.093284 0.094840 -0.174522
v 0.075729 0.094840 -0.182826
v 0.057444 0.094840 -0.189368
v 0.038606 0.094840 -0.194087
v 0.019397 0.094840 -0.196936
v 0.000000 0.094840 -0.197889
v -0.019397 0.094840 -0.196936
v -0.038606 0.094840 -0.194087
v -0.057444 0.094840 -0.189368
v -0.075729 0.094840 -0.182826
v -0.093284 0.094840 -0.174522
v -0.109941 0.094840 -0.164539
v -0.125539 0.094840 -0.152970
v -0.139929 0.094840 -0.139929
v -0.152970 0.094840 -0.125539
v -0.164539 0.094840 -0.109941
v -0.174522 0.094840 -0.093284
v -0.182826 0.094840 -0.075729
v -0.189368 0.094840 -0.057444
v -0.194087 0.094840 -0.038606
v -0.196936 0.094840 -0.019397
v -0.197889 0.094840 -0.000000
v -0.196936 0.094840 0.019397
v -0.194087 0.094840 0.038606
v -0.189368 0.094840 0.057444
v -0.182826 0.094840 0.075729
v -0.174522 0.094840 0.093284
v -0.164539 0.094840 0.109941
v -0.152970 0.094840 0.125539
v -0.139929 0.094840 0.139929
v -0.125539 0.094840 0.152970
v -0.109941 0.094840 0.164539
v -0.093284 0.094840 0.174522
v -0.075729 0.094840 0.182826
v -0.057444 0.094840 0.189368
v -0.038606 0.094840 0.194087
v -0.019397 0.094840 0.196936
v -0.000000 0.094840 0.197889
v 0.019397 0.094840 0.196936
v 0.038606 0.094840 0.194087
v 0.057444 0.094840 0.189368
v 0.075729 0.094840 0.182826
v 0.093284 0.094840 0.174522
v 0.109941 0.094840 0.164539
v 0.125539 0.094840 0.152970
v 0.139929 0.094840 0.139929
v 0.152970 0.094840 0.125539
v 0.164539 0.094840 0.109941
v 0.174522 0.094840 0.093284
v 0.182826 0.094840 0.075729
v 0.189368 0.094840 0.057444
v 0.194087 0.094840 0.038606
v 0.196936 0.094840 0.019397
v 0.192000 0.098240 0.000000
v 0.191075 0.098240 -0.018819
v 0.188311 0.098240 -0.037457
v 0.183733 0.098240 -0.055735
v 0.177385 0.098240 -0.073475
v 0.169329 0.098240 -0.090508
v 0.159642 0.098240 -0.106669
v 0.148418 0.098240 -0.121804
v 0.135764 0.098240 -0.135764
v 0.121804 0.098240 -0.148418
v 0.106669 0.098240 -0.159642
v 0.090508 0.098240 -0.169329
v 0.073475 0.098240 -0.177385
v 0.055735 0.098240 -0.183733
v 0.037457 0.098240 -0.188311
v 0.018819 0.098240 -0.191075
v 0.000000 0.098240 -0.192000
v -0.018819 0.098240 -0.191075
v -0.037457 0.098240 -0.188311
v -0.055735 0.098240 -0.183733
v -0.073475 0.098240 -0.177385
v -0.090508 0.098240 -0.169329
v -0.106669 0.098240 -0.159642
v -0.121804 0.098240 -0.148418
v -0.135764 0.098240 -0.135764
v -0.148418 0.098240 -0.121804
v -0.159642 0.098240 -0.106669
v -0.169329 0.098240 -0.090508
v -0.177385 0.098240 -0.073475
v -0.183733 0.098240 -0.055735
v -0.188311 0.098240 -0.037457
v -0.191075 0.098240 -0.018819
v -0.192000 0.098240 -0.000000
v -0.191075 0.098240 0.018819
v -0.188311 0.098240 0.037457
v -0.183733 0.098240 0.055735
v -0.177385 0.098240 0.073475
v -0.169329 0.098240 0.090508
v -0.159642 0.098240 0.106669
v -0.148418 0.098240 0.121804
v -0.135764 0.098240 0.135764
v -0.121804 0.098240 0.148418
v -0.106669 0.098240 0.159642
v -0.090508 0.098240 0.169329
v -0.073475 0.098240 0.177385
v -0.055735 0.098240 0.183733
v -0.037457 0.098240 0.188311
v -0.018819 0.098240 0.191075
v -0.000000 0.098240 0.192000
v 0.018819 0.098240 0.191075
v 0.037457 0.098240 0.188311
v 0.055735 0.098240 0.183733
v 0.073475 0.098240 0.177385
v 0.090508 0.098240 0.169329
v 0.106669 0.098240 0.159642
v 0.121804 0.098240 0.148418
v 0.135764 0.098240 0.135764
v 0.148418 0.098240 0.121804
v 0.159642 0.098240 0.106669
v 0.169329 0.098240 0.090508
v 0.177385 0.098240 0.073475
v 0.183733 0.098240 0.055735
v 0.188311 0.098240 0.037457
v 0.191075 0.098240 0.018819
v 0.186111 0.094840 0.000000
v 0.185215 0.094840 -0.018242
v 0.182535 0.094840 -0.036308
v 0.178097 0.094840 -0.054025
v 0.171944 0.094840 -0.071222
v 0.164135 0.094840 -0.087732
v 0.154746 0.094840 -0.103398
v 0.143866 0.094840 -0.118068
v 0.131600 0.094840 -0.131600
v 0.118068 0.094840 -0.143866
v 0.103398 0.094840 -0.154746
v 0.087732 0.094840 -0.164135
v 0.071222 0.094840 -0.171944
v 0.054025 0.094840 -0.178097
v 0.036308 0.094840 -0.182535
v 0.018242 0.094840 -0.185215
v 0.000000 0.094840 -0.186111
v -0.018242 0.094840 -0.185215
v -0.036308 0.094840 -0.182535
v -0.054025 0.094840 -0.178097
v -0.071222 0.094840 -0.171944
v -0.087732 0.094840 -0.164135
v -0.103398 0.094840 -0.154746
v -0.118068 0.094840 -0.143866
v -0.131600 0.094840 -0.131600
v -0.143866 0.094840 -0.118068
v -0.154746 0.094840 -0.103398
v -0.164135 0.094840 -0.087732
v -0.171944 0.094840 -0.071222
v -0.178097 0.094840 -0.054025
v -0.182535 0.094840 -0.036308
v -0.185215 0.094840 -0.018242
v -0.186111 0.094840 -0.000000
v -0.185215 0.094840 0.018242
v -0.182535 0.094840 0.036308
v -0.178097 0.094840 0.054025
v -0.171944 0.094840 0.071222
v -0.164135 0.094840 0.087732
v -0.154746 0.094840 0.103398
v -0.143866 0.094840 0.118068
v -0.131600 0.094840 0.131600
v -0.118068 0.094840 0.143866
v -0.103398 0.094840 0.154746
v -0.087732 0.094840 0.164135
v -0.071222 0.094840 0.171944
v -0.054025 0.094840 0.178097
v -0.036308 0.094840 0.182535
v -0.018242 0.094840 0.185215
v -0.000000 0.094840 0.186111
v 0.018242 0.094840 0.185215
v 0.036308 0.094840 0.182535
v 0.054025 0.094840 0.178097
v 0.071222 0.094840 0.171944
v 0.087732 0.094840 0.164135
v 0.103398 0.094840 0.154746
v 0.118068 0.094840 0.143866
v 0.131600 0.094840 0.131600
v 0.143866 0.094840 0.118068
v 0.154746 0.094840 0.103398
v 0.164135 0.094840 0.087732
v 0.171944 0.094840 0.071222
v 0.178097 0.094840 0.054025
v 0.182535 0.094840 0.036308
v 0.185215 0.094840 0.018242
v 0.186111 0.088040 0.000000
v 0.185215 0.088040 -0.018242
v 0.182535 0.088040 -0.036308
v 0.178097 0.088040 -0.054025
v 0.171944 0.088040 -0.071222
v 0.164135 0.088040 -0.087732
v 0.154746 0.088040 -0.103398
v 0.143866 0.088040 -0.118068
v 0.131600 0.088040 -0.131600
v 0.118068 0.088040 -0.143866
v 0.103398 0.088040 -0.154746
v 0.087732 0.088040 -0.164135
v 0.071222 0.088040 -0.171944
v 0.054025 0.088040 -0.178097
v 0.036308 0.088040 -0.182535
v 0.018242 0.088040 -0.185215
v 0.000000 0.088040 -0.186111
v -0.018242 0.088040 -0.185215
v -0.036308 0.088040 -0.182535
v -0.054025 0.088040 -0.178097
v -0.071222 0.088040 -0.171944
v -0.087732 0.088040 -0.164135
v -0.103398 0.088040 -0.154746
v -0.118068 0.088040 -0.143866
v -0.131600 0.088040 -0.131600
v -0.143866 0.088040 -0.118068
v -0.154746 0.088040 -0.103398
v -0.164135 0.088040 -0.087732
v -0.171944 0.088040 -0.071222
v -0.178097 0.088040 -0.054025
v -0.182535 0.088040 -0.036308
v -0.185215 0.088040 -0.018242
v -0.186111 0.088040 -0.000000
v -0.185215 0.088040 0.018242
v -0.182535 0.088040 0.036308
v -0.178097 0.088040 0.054025
v -0.171944 0.088040 0.071222
v -0.164135 0.088040 0.087732
v -0.154746 0.088040 0.103398
v -0.143866 0.088040 0.118068
v -0.131600 0.088040 0.131600
v -0.118068 0.088040 0.143866
v -0.103398 0.088040 0.154746
v -0.087732 0.088040 0.164135
v -0.071222 0.088040 0.171944
v -0.054025 0.088040 0.178097
v -0.036308 0.088040 0.182535
v -0.018242 0.088040 0.185215
v -0.000000 0.088040 0.186111
v 0.018242 0.088040 0.185215
v 0.036308 0.088040 0.182535
v 0.054025 0.088040 0.178097
v 0.071222 0.088040 0.171944
v 0.087732 0.088040 0.164135
v 0.103398 0.088040 0.154746
v 0.118068 0.088040 0.143866
v 0.131600 0.088040 0.131600
v 0.143866 0.088040 0.118068
v 0.154746 0.088040 0.103398
v 0.164135 0.088040 0.087732
v 0.171944 0.088040 0.071222
v 0.178097 0.088040 0.054025
v 0.182535 0.088040 0.036308
v 0.185215 0.088040 0.018242
v 0.100000 0.476500 0.000000
v 0.099518 0.476500 -0.009802
v 0.098079 0.476500 -0.019509
v 0.095694 0.476500 -0.029028
v 0.092388 0.476500 -0.038268
v 0.088192 0.476500 -0.047140
v 0.083147 0.476500 -0.055557
v 0.077301 0.476500 -0.063439
v 0.070711 0.476500 -0.070711
v 0.063439 0.476500 -0.077301
v 0.055557 0.476500 -0.083147
v 0.047140 0.476500 -0.088192
v 0.038268 0.476500 -0.092388
v 0.029028 0.476500 -0.095694
v 0.019509 0.476500 -0.098079
v 0.009802 0.476500 -0.099518
v 0.000000 0.476500 -0.100000
v -0.009802 0.476500 -0.099518
v -0.019509 0.476500 -0.098079
v -0.029028 0.476500 -0.095694
v -0.038268 0.476500 -0.092388
v -0.047140 0.476500 -0.088192
v -0.055557 0.476500 -0.083147
v -0.063439 0.476500 -0.077301
v -0.070711 0.476500 -0.070711
v -0.077301 0.476500 -0.063439
v -0.083147 0.476500 -0.055557
v -0.088192 0.476500 -0.047140
v -0.092388 0.476500 -0.038268
v -0.095694 0.476500 -0.029028
v -0.098079 0.476500 -0.019509
v -0.099518 0.476500 -0.009802
v -0.100000 0.476500 -0.000000
v -0.099518 0.476500 0.009802
v -0.098079 0.476500 0.019509
v -0.095694 0.476500 0.029028
v -0.092388 0.476500 0.038268
v -0.088192 0.476500 0.047140
v -0.083147 0.476500 0.055557
v -0.077301 0.476500 0.063439
v -0.070711 0.476500 0.070711
v -0.063439 0.476500 0.077301
v -0.055557 0.476500 0.083147
v -0.047140 0.476500 0.088192
v -0.038268 0.476500 0.092388
v -0.029028 0.476500 0.095694
v -0.019509 0.476500 0.098079
v -0.009802 0.476500 0.099518
v -0.000000 0.476500 0.100000
v 0.009802 0.476500 0.099518
v 0.019509 0.476500 0.098079
v 0.029028 0.476500 0.095694
v 0.038268 0.476500 0.092388
v 0.047140 0.476500 0.088192
v 0.055557 0.476500 0.083147
v 0.063439 0.476500 0.077301
v 0.070711 0.476500 0.070711
v 0.077301 0.476500 0.063439
v 0.083147 0.476500 0.055557
v 0.088192 0.476500 0.047140
v 0.092388 0.476500 0.038268
v 0.095694 0.476500 0.029028
v 0.098079 0.476500 0.019509
v 0.099518 0.476500 0.009802
v 0.109500 0.476500 0.000000
v 0.108973 0.476500 -0.010733
v 0.107396 0.476500 -0.021362
v 0.104785 0.476500 -0.031786
v 0.101165 0.476500 -0.041904
v 0.096570 0.476500 -0.051618
v 0.091046 0.476500 -0.060835
v 0.084645 0.476500 -0.069466
v 0.077428 0.476500 -0.077428
v 0.069466 0.476500 -0.084645
v 0.060835 0.476500 -0.091046
v 0.051618 0.476500 -0.096570
v 0.041904 0.476500 -0.101165
v 0.031786 0.476500 -0.104785
v 0.021362 0.476500 -0.107396
v 0.010733 0.476500 -0.108973
v 0.000000 0.476500 -0.109500
v -0.010733 0.476500 -0.108973
v -0.021362 0.476500 -0.107396
v -0.031786 0.476500 -0.104785
v -0.041904 0.476500 -0.101165
v -0.051618 0.476500 -0.096570
v -0.060835 0.476500 -0.091046
v -0.069466 0.476500 -0.084645
v -0.077428 0.476500 -0.077428
v -0.084645 0.476500 -0.069466
v -0.091046 0.476500 -0.060835
v -0.096570 0.476500 -0.051618
v -0.101165 0.476500 -0.041904
v -0.104785 0.476500 -0.031786
v -0.107396 0.476500 -0.021362
v -0.108973 0.476500 -0.010733
v -0.109500 0.476500 -0.000000
v -0.108973 0.476500 0.010733
v -0.107396 0.476500 0.021362
v -0.104785 0.476500 0.031786
v -0.101165 0.476500 0.041904
v -0.096570 0.476500 0.051618
v -0.091046 0.476500 0.060835
v -0.084645 0.476500 0.069466
v -0.077428 0.476500 0.077428
v -0.069466 0.476500 0.084645
v -0.060835 0.476500 0.091046
v -0.051618 0.476500 0.096570
v -0.041904 0.476500 0.101165
v -0.031786 0.476500 0.104785
v -0.021362 0.476500 0.107396
v -0.010733 0.476500 0.108973
v -0.000000 0.476500 0.109500
v 0.010733 0.476500 0.108973
v 0.021362 0.476500 0.107396
v 0.031786 0.476500 0.104785
v 0.041904 0.476500 0.101165
v 0.051618 0.476500 0.096570
v 0.060835 0.476500 0.091046
v 0.069466 0.476500 0.084645
v 0.077428 0.476500 0.077428
v 0.084645 0.476500 0.069466
v 0.091046 0.476500 0.060835
v 0.096570 0.476500 0.051618
v 0.101165 0.476500 0.041904
v 0.104785 0.476500 0.031786
v 0.107396 0.476500 0.021362
v 0.108973 0.476500 0.010733
v 0.111500 0.478500 0.000000
v 0.110963 0.478500 -0.010929
v 0.109358 0.478500 -0.021753
v 0.106699 0.478500 -0.032367
v 0.103013 0.478500 -0.042669
v 0.098334 0.478500 -0.052561
v 0.092709 0.478500 -0.061946
v 0.086191 0.478500 -0.070735
v 0.078842 0.478500 -0.078842
v 0.070735 0.478500 -0.086191
v 0.061946 0.478500 -0.092709
v 0.052561 0.478500 -0.098334
v 0.042669 0.478500 -0.103013
v 0.032367 0.478500 -0.106699
v 0.021753 0.478500 -0.109358
v 0.010929 0.478500 -0.110963
v 0.000000 0.478500 -0.111500
v -0.010929 0.478500 -0.110963
v -0.021753 0.478500 -0.109358
v -0.032367 0.478500 -0.106699
v -0.042669 0.478500 -0.103013
v -0.052561 0.478500 -0.098334
v -0.061946 0.478500 -0.092709
v -0.070735 0.478500 -0.086191
v -0.078842 0.478500 -0.078842
v -0.086191 0.478500 -0.070735
v -0.092709 0.478500 -0.061946
v -0.098334 0.478500 -0.052561
v -0.103013 0.478500 -0.042669
v -0.106699 0.478500 -0.032367
v -0.109358 0.478500 -0.021753
v -0.110963 0.478500 -0.010929
v -0.111500 0.478500 -0.000000
v -0.110963 0.478500 0.010929
v -0.109358 0.478500 0.021753
v -0.106699 0.478500 0.032367
v -0.103013 0.478500 0.042669
v -0.098334 0.478500 0.052561
v -0.092709 0.478500 0.061946
v -0.086191 0.478500 0.070735
v -0.078842 0.478500 0.078842
v -0.070735 0.478500 0.086191
v -0.061946 0.478500 0.092709
v -0.052561 0.478500 0.098334
v -0.042669 0.478500 0.103013
v -0.032367 0.478500 0.106699
v -0.021753 0.478500 0.109358
v -0.010929 0.478500 0.110963
v -0.000000 0.478500 0.111500
v 0.010929 0.478500 0.110963
v 0.021753 0.478500 0.109358
v 0.032367 0.478500 0.106699
v 0.042669 0.478500 0.103013
v 0.052561 0.478500 0.098334
v 0.061946 0.478500 0.092709
v 0.070735 0.478500 0.086191
v 0.078842 0.478500 0.078842
v 0.086191 0.478500 0.070735
v 0.092709 0.478500 0.061946
v 0.098334 0.478500 0.052561
v 0.103013 0.478500 0.042669
v 0.106699 0.478500 0.032367
v 0.109358 0.478500 0.021753
v 0.110963 0.478500 0.010929
v 0.111500 0.487500 0.000000
v 0.110963 0.487500 -0.010929
v 0.109358 0.487500 -0.021753
v 0.106699 0.487500 -0.032367
v 0.103013 0.487500 -0.042669
v 0.098334 0.487500 -0.052561
v 0.092709 0.487500 -0.061946
v 0.086191 0.487500 -0.070735
v 0.078842 0.487500 -0.078842
v 0.070735 0.487500 -0.086191
v 0.061946 0.487500 -0.092709
v 0.052561 0.487500 -0.098334
v 0.042669 0.487500 -0.103013
v 0.032367 0.487500 -0.106699
v 0.021753 0.487500 -0.109358
v 0.010929 0.487500 -0.110963
v 0.000000 0.487500 -0.111500
v -0.010929 0.487500 -0.110963
v -0.021753 0.487500 -0.109358
v -0.032367 0.487500 -0.106699
v -0.042669 0.487500 -0.103013
v -0.052561 0.487500 -0.098334
v -0.061946 0.487500 -0.092709
v -0.070735 0.487500 -0.086191
v -0.078842 0.487500 -0.078842
v -0.086191 0.487500 -0.070735
v -0.092709 0.487500 -0.061946
v -0.098334 0.487500 -0.052561
v -0.103013 0.487500 -0.042669
v -0.106699 0.487500 -0.032367
v -0.109358 0.487500 -0.021753
v -0.110963 0.487500 -0.010929
v -0.111500 0.487500 -0.000000
v -0.110963 0.487500 0.010929
v -0.109358 0.487500 0.021753
v -0.106699 0.487500 0.032367
v -0.103013 0.487500 0.042669
v -0.098334 0.487500 0.052561
v -0.092709 0.487500 0.061946
v -0.086191 0.487500 0.070735
v -0.078842 0.487500 0.078842
v -0.070735 0.487500 0.086191
v -0.061946 0.487500 0.092709
v -0.052561 0.487500 0.098334
v -0.042669 0.487500 0.103013
v -0.032367 0.487500 0.106699
v -0.021753 0.487500 0.109358
v -0.010929 0.487500 0.110963
v -0.000000 0.487500 0.111500
v 0.010929 0.487500 0.110963
v 0.021753 0.487500 0.109358
v 0.032367 0.487500 0.106699
v 0.042669 0.487500 0.103013
v 0.052561 0.487500 0.098334
v 0.061946 0.487500 0.092709
v 0.070735 0.487500 0.086191
v 0.078842 0.487500 0.078842
v 0.086191 0.487500 0.070735
v 0.092709 0.487500 0.061946
v 0.098334 0.487500 0.052561
v 0.103013 0.487500 0.042669
v 0.106699 0.487500 0.032367
v 0.109358 0.487500 0.021753
v 0.110963 0.487500 0.010929
v 0.109500 0.489500 0.000000
v 0.108973 0.489500 -0.010733
v 0.107396 0.489500 -0.021362
v 0.104785 0.489500 -0.031786
v 0.101165 0.489500 -0.041904
v 0.096570 0.489500 -0.051618
v 0.091046 0.489500 -0.060835
v 0.084645 0.489500 -0.069466
v 0.077428 0.489500 -0.077428
v 0.069466 0.489500 -0.084645
v 0.060835 0.489500 -0.091046
v 0.051618 0.489500 -0.096570
v 0.041904 0.489500 -0.101165
v 0.031786 0.489500 -0.104785
v 0.021362 0.489500 -0.107396
v 0.010733 0.489500 -0.108973
v 0.000000 0.489500 -0.109500
v -0.010733 0.489500 -0.108973
v -0.021362 0.489500 -0.107396
v -0.031786 0.489500 -0.104785
v -0.041904 0.489500 -0.101165
v -0.051618 0.489500 -0.096570
v -0.060835 0.489500 -0.091046
v -0.069466 0.489500 -0.084645
v -0.077428 0.489500 -0.077428
v -0.084645 0.489500 -0.069466
v -0.091046 0.489500 -0.060835
v -0.096570 0.489500 -0.051618
v -0.101165 0.489500 -0.041904
v -0.104785 0.489500 -0.031786
v -0.107396 0.489500 -0.021362
v -0.108973 0.489500 -0.010733
v -0.109500 0.489500 -0.000000
v -0.108973 0.489500 0.010733
v -0.107396 0.489500 0.021362
v -0.104785 0.489500 0.031786
v -0.101165 0.489500 0.041904
v -0.096570 0.489500 0.051618
v -0.091046 0.489500 0.060835
v -0.084645 0.489500 0.069466
v -0.077428 0.489500 0.077428
v -0.069466 0.489500 0.084645
v -0.060835 0.489500 0.091046
v -0.051618 0.489500 0.096570
v -0.041904 0.489500 0.101165
v -0.031786 0.489500 0.104785
v -0.021362 0.489500 0.107396
v -0.010733 0.489500 0.108973
v -0.000000 0.489500 0.109500
v 0.010733 0.489500 0.108973
v 0.021362 0.489500 0.107396
v 0.031786 0.489500 0.104785
v 0.041904 0.489500 0.101165
v 0.051618 0.489500 0.096570
v 0.060835 0.489500 0.091046
v 0.069466 0.489500 0.084645
v 0.077428 0.489500 0.077428
v 0.084645 0.489500 0.069466
v 0.091046 0.489500 0.060835
v 0.096570 0.489500 0.051618
v 0.101165 0.489500 0.041904
v 0.104785 0.489500 0.031786
v 0.107396 0.489500 0.021362
v 0.108973 0.489500 0.010733
v 0.100000 0.489500 0.000000
v 0.099518 0.489500 -0.009802
v 0.098079 0.489500 -0.019509
v 0.095694 0.489500 -0.029028
v 0.092388 0.489500 -0.038268
v 0.088192 0.489500 -0.047140
v 0.083147 0.489500 -0.055557
v 0.077301 0.489500 -0.063439
v 0.070711 0.489500 -0.070711
v 0.063439 0.489500 -0.077301
v 0.055557 0.489500 -0.083147
v 0.047140 0.489500 -0.088192
v 0.038268 0.489500 -0.092388
v 0.029028 0.489500 -0.095694
v 0.019509 0.489500 -0.098079
v 0.009802 0.489500 -0.099518
v 0.000000 0.489500 -0.100000
v -0.009802 0.489500 -0.099518
v -0.019509 0.489500 -0.098079
v -0.029028 0.489500 -0.095694
v -0.038268 0.489500 -0.092388
v -0.047140 0.489500 -0.088192
v -0.055557 0.489500 -0.083147
v -0.063439 0.489500 -0.077301
v -0.070711 0.489500 -0.070711
v -0.077301 0.489500 -0.063439
v -0.083147 0.489500 -0.055557
v -0.088192 0.489500 -0.047140
v -0.092388 0.489500 -0.038268
v -0.095694 0.489500 -0.029028
v -0.098079 0.489500 -0.019509
v -0.099518 0.489500 -0.009802
v -0.100000 0.489500 -0.000000
v -0.099518 0.489500 0.009802
v -0.098079 0.489500 0.019509
v -0.095694 0.489500 0.029028
v -0.092388 0.489500 0.038268
v -0.088192 0.489500 0.047140
v -0.083147 0.489500 0.055557
v -0.077301 0.489500 0.063439
v -0.070711 0.489500 0.070711
v -0.063439 0.489500 0.077301
v -0.055557 0.489500 0.083147
v -0.047140 0.489500 0.088192
v -0.038268 0.489500 0.092388
v -0.029028 0.489500 0.095694
v -0.019509 0.489500 0.098079
v -0.009802 0.489500 0.099518
v -0.000000 0.489500 0.100000
v 0.009802 0.489500 0.099518
v 0.019509 0.489500 0.098079
v 0.029028 0.489500 0.095694
v 0.038268 0.489500 0.092388
v 0.047140 0.489500 0.088192
v 0.055557 0.489500 0.083147
v 0.063439 0.489500 0.077301
v 0.070711 0.489500 0.070711
v 0.077301 0.489500 0.063439
v 0.083147 0.489500 0.055557
v 0.088192 0.489500 0.047140
v 0.092388 0.489500 0.038268
v 0.095694 0.489500 0.029028
v 0.098079 0.489500 0.019509
v 0.099518 0.489500 0.009802
v 0.000000 0.882000 0.000000
v 0.007506 0.882988 0.000000
v 0.007250 0.882988 -0.001943
v 0.006500 0.882988 -0.003753
v 0.005307 0.882988 -0.005307
v 0.003753 0.882988 -0.006500
v 0.001943 0.882988 -0.007250
v 0.000000 0.882988 -0.007506
v -0.001943 0.882988 -0.007250
v -0.003753 0.882988 -0.006500
v -0.005307 0.882988 -0.005307
v -0.006500 0.882988 -0.003753
v -0.007250 0.882988 -0.001943
v -0.007506 0.882988 -0.000000
v -0.007250 0.882988 0.001943
v -0.006500 0.882988 0.003753
v -0.005307 0.882988 0.005307
v -0.003753 0.882988 0.006500
v -0.001943 0.882988 0.007250
v -0.000000 0.882988 0.007506
v 0.001943 0.882988 0.007250
v 0.003753 0.882988 0.006500
v 0.005307 0.882988 0.005307
v 0.006500 0.882988 0.003753
v 0.007250 0.882988 0.001943
v 0.014500 0.885885 0.000000
v 0.014006 0.885885 -0.003753
v 0.012557 0.885885 -0.007250
v 0.010253 0.885885 -0.010253
v 0.007250 0.885885 -0.012557
v 0.003753 0.885885 -0.014006
v 0.000000 0.885885 -0.014500
v -0.003753 0.885885 -0.014006
v -0.007250 0.885885 -0.012557
v -0.010253 0.885885 -0.010253
v -0.012557 0.885885 -0.007250
v -0.014006 0.885885 -0.003753
v -0.014500 0.885885 -0.000000
v -0.014006 0.885885 0.003753
v -0.012557 0.885885 0.007250
v -0.010253 0.885885 0.010253
v -0.007250 0.885885 0.012557
v -0.003753 0.885885 0.014006
v -0.000000 0.885885 0.014500
v 0.003753 0.885885 0.014006
v 0.007250 0.885885 0.012557
v 0.010253 0.885885 0.010253
v 0.012557 0.885885 0.007250
v 0.014006 0.885885 0.003753
v 0.020506 0.890494 0.000000
v 0.019807 0.890494 -0.005307
v 0.017759 0.890494 -0.010253
v 0.014500 0.890494 -0.014500
v 0.010253 0.890494 -0.017759
v 0.005307 0.890494 -0.019807
v 0.000000 0.890494 -0.020506
v -0.005307 0.890494 -0.019807
v -0.010253 0.890494 -0.017759
v -0.014500 0.890494 -0.014500
v -0.017759 0.890494 -0.010253
v -0.019807 0.890494 -0.005307
v -0.020506 0.890494 -0.000000
v -0.019807 0.890494 0.005307
v -0.017759 0.890494 0.010253
v -0.014500 0.890494 0.014500
v -0.010253 0.890494 0.017759
v -0.005307 0.890494 0.019807
v -0.000000 0.890494 0.020506
v 0.005307 0.890494 0.019807
v 0.010253 0.890494 0.017759
v 0.014500 0.890494 0.014500
v 0.017759 0.890494 0.010253
v 0.019807 0.890494 0.005307
v 0.025115 0.896500 0.000000
v 0.024259 0.896500 -0.006500
v 0.021750 0.896500 -0.012557
v 0.017759 0.896500 -0.017759
v 0.012557 0.896500 -0.021750
v 0.006500 0.896500 -0.024259
v 0.000000 0.896500 -0.025115
v -0.006500 0.896500 -0.024259
v -0.012557 0.896500 -0.021750
v -0.017759 0.896500 -0.017759
v -0.021750 0.896500 -0.012557
v -0.024259 0.896500 -0.006500
v -0.025115 0.896500 -0.000000
v -0.024259 0.896500 0.006500
v -0.021750 0.896500 0.012557
v -0.017759 0.896500 0.017759
v -0.012557 0.896500 0.021750
v -0.006500 0.896500 0.024259
v -0.000000 0.896500 0.025115
v 0.006500 0.896500 0.024259
v 0.012557 0.896500 0.021750
v 0.017759 0.896500 0.017759
v 0.021750 0.896500 0.012557
v 0.024259 0.896500 0.006500
v 0.028012 0.903494 0.000000
v 0.027057 0.903494 -0.007250
v 0.024259 0.903494 -0.014006
v 0.019807 0.903494 -0.019807
v 0.014006 0.903494 -0.024259
v 0.007250 0.903494 -0.027057
v 0.000000 0.903494 -0.028012
v -0.007250 0.903494 -0.027057
v -0.014006 0.903494 -0.024259
v -0.019807 0.903494 -0.019807
v -0.024259 0.903494 -0.014006
v -0.027057 0.903494 -0.007250
v -0.028012 0.903494 -0.000000
v -0.027057 0.903494 0.007250
v -0.024259 0.903494 0.014006
v -0.019807 0.903494 0.019807
v -0.014006 0.903494 0.024259
v -0.007250 0.903494 0.027057
v -0.000000 0.903494 0.028012
v 0.007250 0.903494 0.027057
v 0.014006 0.903494 0.024259
v 0.019807 0.903494 0.019807
v 0.024259 0.903494 0.014006
v 0.027057 0.903494 0.007250
v 0.029000 0.911000 0.000000
v 0.028012 0.911000 -0.007506
v 0.025115 0.911000 -0.014500
v 0.020506 0.911000 -0.020506
v 0.014500 0.911000 -0.025115
v 0.007506 0.911000 -0.028012
v 0.000000 0.911000 -0.029000
v -0.007506 0.911000 -0.028012
v -0.014500 0.911000 -0.025115
v -0.020506 0.911000 -0.020506
v -0.025115 0.911000 -0.014500
v -0.028012 0.911000 -0.007506
v -0.029000 0.911000 -0.000000
v -0.028012 0.911000 0.007506
v -0.025115 0.911000 0.014500
v -0.020506 0.911000 0.020506
v -0.014500 0.911000 0.025115
v -0.007506 0.911000 0.028012
v -0.000000 0.911000 0.029000
v 0.007506 0.911000 0.028012
v 0.014500 0.911000 0.025115
v 0.020506 0.911000 0.020506
v 0.025115 0.911000 0.014500
v 0.028012 0.911000 0.007506
v 0.028012 0.918506 0.000000
v 0.027057 0.918506 -0.007250
v 0.024259 0.918506 -0.014006
v 0.019807 0.918506 -0.019807
v 0.014006 0.918506 -0.024259
v 0.007250 0.918506 -0.027057
v 0.000000 0.918506 -0.028012
v -0.007250 0.918506 -0.027057
v -0.014006 0.918506 -0.024259
v -0.019807 0.918506 -0.019807
v -0.024259 0.918506 -0.014006
v -0.027057 0.918506 -0.007250
v -0.028012 0.918506 -0.000000
v -0.027057 0.918506 0.007250
v -0.024259 0.918506 0.014006
v -0.019807 0.918506 0.019807
v -0.014006 0.918506 0.024259
v -0.007250 0.918506 0.027057
v -0.000000 0.918506 0.028012
v 0.007250 0.918506 0.027057
v 0.014006 0.918506 0.024259
v 0.019807 0.918506 0.019807
v 0.024259 0.918506 0.014006
v 0.027057 0.918506 0.007250
v 0.025115 0.925500 0.000000
v 0.024259 0.925500 -0.006500
v 0.021750 0.925500 -0.012557
v 0.017759 0.925500 -0.017759
v 0.012557 0.925500 -0.021750
v 0.006500 0.925500 -0.024259
v 0.000000 0.925500 -0.025115
v -0.006500 0.925500 -0.024259
v -0.012557 0.925500 -0.021750
v -0.017759 0.925500 -0.017759
v -0.021750 0.925500 -0.012557
v -0.024259 0.925500 -0.006500
v -0.025115 0.925500 -0.000000
v -0.024259 0.925500 0.006500
v -0.021750 0.925500 0.012557
v -0.017759 0.925500 0.017759
v -0.012557 0.925500 0.021750
v -0.006500 0.925500 0.024259
v -0.000000 0.925500 0.025115
v 0.006500 0.925500 0.024259
v 0.012557 0.925500 0.021750
v 0.017759 0.925500 0.017759
v 0.021750 0.925500 0.012557
v 0.024259 0.925500 0.006500
v 0.020506 0.931506 0.000000
v 0.019807 0.931506 -0.005307
v 0.017759 0.931506 -0.010253
v 0.014500 0.931506 -0.014500
v 0.010253 0.931506 -0.017759
v 0.005307 0.931506 -0.019807
v 0.000000 0.931506 -0.020506
v -0.005307 0.931506 -0.019807
v -0.010253 0.931506 -0.017759
v -0.014500 0.931506 -0.014500
v -0.017759 0.931506 -0.010253
v -0.019807 0.931506 -0.005307
v -0.020506 0.931506 -0.000000
v -0.019807 0.931506 0.005307
v -0.017759 0.931506 0.010253
v -0.014500 0.931506 0.014500
v -0.010253 0.931506 0.017759
v -0.005307 0.931506 0.019807
v -0.000000 0.931506 0.020506
v 0.005307 0.931506 0.019807
v 0.010253 0.931506 0.017759
v 0.014500 0.931506 0.014500
v 0.017759 0.931506 0.010253
v 0.019807 0.931506 0.005307
v 0.014500 0.936115 0.000000
v 0.014006 0.936115 -0.003753
v 0.012557 0.936115 -0.007250
v 0.010253 0.936115 -0.010253
v 0.007250 0.936115 -0.012557
v 0.003753 0.936115 -0.014006
v 0.000000 0.936115 -0.014500
v -0.003753 0.936115 -0.014006
v -0.007250 0.936115 -0.012557
v -0.010253 0.936115 -0.010253
v -0.012557 0.936115 -0.007250
v -0.014006 0.936115 -0.003753
v -0.014500 0.936115 -0.000000
v -0.014006 0.936115 0.003753
v -0.012557 0.936115 0.007250
v -0.010253 0.936115 0.010253
v -0.007250 0.936115 0.012557
v -0.003753 0.936115 0.014006
v -0.000000 0.936115 0.014500
v 0.003753 0.936115 0.014006
v 0.007250 0.936115 0.012557
v 0.010253 0.936115 0.010253
v 0.012557 0.936115 0.007250
v 0.014006 0.936115 0.003753
v 0.007506 0.939012 0.000000
v 0.007250 0.939012 -0.001943
v 0.006500 0.939012 -0.003753
v 0.005307 0.939012 -0.005307
v 0.003753 0.939012 -0.006500
v 0.001943 0.939012 -0.007250
v 0.000000 0.939012 -0.007506
v -0.001943 0.939012 -0.007250
v -0.003753 0.939012 -0.006500
v -0.005307 0.939012 -0.005307
v -0.006500 0.939012 -0.003753
v -0.007250 0.939012 -0.001943
v -0.007506 0.939012 -0.000000
v -0.007250 0.939012 0.001943
v -0.006500 0.939012 0.003753
v -0.005307 0.939012 0.005307
v -0.003753 0.939012 0.006500
v -0.001943 0.939012 0.007250
v -0.000000 0.939012 0.007506
v 0.001943 0.939012 0.007250
v 0.003753 0.939012 0.006500
v 0.005307 0.939012 0.005307
v 0.006500 0.939012 0.003753
v 0.007250 0.939012 0.001943
v 0.000000 0.940000 0.000000
vn 0.5496 0.6292 -0.5496
vn 0.6008 0.6292 -0.4931
vn 0.7354 0.3082 -0.6035
vn 0.6727 0.3082 -0.6727
vn -0.0000 -1.0000 -0.0000
vn 0.5914 -0.8064 -0.0000
vn 0.5885 -0.8064 -0.0580
vn 0.5800 -0.8064 -0.1154
vn 0.5659 -0.8064 -0.1717
vn 0.5463 -0.8064 -0.2263
vn 0.5215 -0.8064 -0.2788
vn 0.4917 -0.8064 -0.3285
vn 0.4571 -0.8064 -0.3752
vn 0.4182 -0.8064 -0.4182
vn 0.3752 -0.8064 -0.4571
vn 0.3285 -0.8064 -0.4917
vn 0.2788 -0.8064 -0.5215
vn 0.2263 -0.8064 -0.5463
vn 0.1717 -0.8064 -0.5659
vn 0.1154 -0.8064 -0.5800
vn 0.0580 -0.8064 -0.5885
vn -0.0000 -0.8064 -0.5914
vn -0.0580 -0.8064 -0.5885
vn -0.1154 -0.8064 -0.5800
vn -0.1717 -0.8064 -0.5659
vn -0.2263 -0.8064 -0.5463
vn -0.2788 -0.8064 -0.5215
vn -0.3285 -0.8064 -0.4917
vn -0.3752 -0.8064 -0.4571
vn -0.4182 -0.8064 -0.4182
vn -0.4571 -0.8064 -0.3752
vn -0.4917 -0.8064 -0.3285
vn -0.5215 -0.8064 -0.2788
vn -0.5463 -0.8064 -0.2263
vn -0.5659 -0.8064 -0.1717
vn -0.5800 -0.8064 -0.1154
vn -0.5885 -0.8064 -0.0580
vn -0.5914 -0.8064 -0.0000
vn -0.5885 -0.8064 0.0580
vn -0.5800 -0.8064 0.1154
vn -0.5659 -0.8064 0.1717
vn -0.5463 -0.8064 0.2263
vn -0.5215 -0.8064 0.2788
vn -0.4917 -0.8064 0.3285
vn -0.4571 -0.8064 0.3752
vn -0.4182 -0.8064 0.4182
vn -0.3752 -0.8064 0.4571
vn -0.3285 -0.8064 0.4917
vn -0.2788 -0.8064 0.5215
vn -0.2263 -0.8064 0.5463
vn -0.1717 -0.8064 0.5659
vn -0.1154 -0.8064 0.5800
vn -0.0580 -0.8064 0.5885
vn -0.0000 -0.8064 0.5914
vn 0.0580 -0.8064 0.5885
vn 0.1154 -0.8064 0.5800
vn 0.1717 -0.8064 0.5659
vn 0.2263 -0.8064 0.5463
vn 0.2788 -0.8064 0.5215
vn 0.3285 -0.8064 0.4917
vn 0.3752 -0.8064 0.4571
vn 0.4182 -0.8064 0.4182
vn 0.4571 -0.8064 0.3752
vn 0.4917 -0.8064 0.3285
vn 0.5215 -0.8064 0.2788
vn 0.5463 -0.8064 0.2263
vn 0.5659 -0.8064 0.1717
vn 0.5800 -0.8064 0.1154
vn 0.5885 -0.8064 0.0580
vn 0.7669 -0.6374 -0.0755
vn 0.7706 -0.6374 -0.0000
vn 0.7071 -0.7071 -0.0000
vn 0.7037 -0.7071 -0.0693
vn 0.7558 -0.6374 -0.1503
vn 0.6935 -0.7071 -0.1379
vn 0.7374 -0.6374 -0.2237
vn 0.6767 -0.7071 -0.2053
vn 0.6533 -0.7071 -0.2706
vn 0.7119 -0.6374 -0.2949
vn 0.6236 -0.7071 -0.3333
vn 0.6796 -0.6374 -0.3632
vn 0.6407 -0.6374 -0.4281
vn 0.5879 -0.7071 -0.3928
vn 0.5466 -0.7071 -0.4486
vn 0.5957 -0.6374 -0.4888
vn 0.5000 -0.7071 -0.5000
vn 0.5449 -0.6374 -0.5449
vn 0.4486 -0.7071 -0.5466
vn 0.4888 -0.6374 -0.5957
vn 0.3928 -0.7071 -0.5879
vn 0.4281 -0.6374 -0.6407
vn 0.3333 -0.7071 -0.6236
vn 0.3632 -0.6374 -0.6796
vn 0.2706 -0.7071 -0.6533
vn 0.2949 -0.6374 -0.7119
vn 0.2053 -0.7071 -0.6767
vn 0.2237 -0.6374 -0.7374
vn 0.1379 -0.7071 -0.6935
vn 0.1503 -0.6374 -0.7558
vn 0.0693 -0.7071 -0.7037
vn 0.0755 -0.6374 -0.7669
vn -0.0000 -0.7071 -0.7071
vn -0.0000 -0.6374 -0.7706
vn -0.0693 -0.7071 -0.7037
vn -0.0755 -0.6374 -0.7669
vn -0.1379 -0.7071 -0.6935
vn -0.1503 -0.6374 -0.7558
vn -0.2053 -0.7071 -0.6767
vn -0.2237 -0.6374 -0.7374
vn -0.2706 -0.7071 -0.6533
vn -0.2949 -0.6374 -0.7119
vn -0.3333 -0.7071 -0.6236
vn -0.3632 -0.6374 -0.6796
vn -0.3928 -0.7071 -0.5879
vn -0.4281 -0.6374 -0.6407
vn -0.4486 -0.7071 -0.5466
vn -0.4888 -0.6374 -0.5957
vn -0.5000 -0.7071 -0.5000
vn -0.5449 -0.6374 -0.5449
vn -0.5466 -0.7071 -0.4486
vn -0.5957 -0.6374 -0.4888
vn -0.5879 -0.7071 -0.3928
vn -0.6407 -0.6374 -0.4281
vn -0.6236 -0.7071 -0.3333
vn -0.6796 -0.6374 -0.3632
vn -0.6533 -0.7071 -0.2706
vn -0.7119 -0.6374 -0.2949
vn -0.6767 -0.7071 -0.2053
vn -0.7374 -0.6374 -0.2237
vn -0.6935 -0.7071 -0.1379
vn -0.7558 -0.6374 -0.1503
vn -0.7037 -0.7071 -0.0693
vn -0.7669 -0.6374 -0.0755
vn -0.7071 -0.7071 -0.0000
vn -0.7706 -0.6374 -0.0000
vn -0.7037 -0.7071 0.0693
vn -0.7669 -0.6374 0.0755
vn -0.6935 -0.7071 0.1379
vn -0.7558 -0.6374 0.1503
vn -0.6767 -0.7071 0.2053
vn -0.7374 -0.6374 0.2237
vn -0.7119 -0.6374 0.2949
vn -0.6533 -0.7071 0.2706
vn -0.6796 -0.6374 0.3632
vn -0.6236 -0.7071 0.3333
vn -0.5879 -0.7071 0.3928
vn -0.6407 -0.6374 0.4281
vn -0.5957 -0.6374 0.4888
vn -0.5466 -0.7071 0.4486
vn -0.5449 -0.6374 0.5449
vn -0.5000 -0.7071 0.5000
vn -0.4888 -0.6374 0.5957
vn -0.4486 -0.7071 0.5466
vn -0.4281 -0.6374 0.6407
vn -0.3928 -0.7071 0.5879
vn -0.3632 -0.6374 0.6796
vn -0.3333 -0.7071 0.6236
vn -0.2949 -0.6374 0.7119
vn -0.2706 -0.7071 0.6533
vn -0.2237 -0.6374 0.7374
vn -0.2053 -0.7071 0.6767
vn -0.1503 -0.6374 0.7558
vn -0.1379 -0.7071 0.6935
vn -0.0755 -0.6374 0.7669
vn -0.0693 -0.7071 0.7037
vn -0.0000 -0.6374 0.7706
vn -0.0000 -0.7071 0.7071
vn 0.0755 -0.6374 0.7669
vn 0.0693 -0.7071 0.7037
vn 0.1503 -0.6374 0.7558
vn 0.1379 -0.7071 0.6935
vn 0.2237 -0.6374 0.7374
vn 0.2053 -0.7071 0.6767
vn 0.2949 -0.6374 0.7119
vn 0.2706 -0.7071 0.6533
vn 0.3632 -0.6374 0.6796
vn 0.3333 -0.7071 0.6236
vn 0.4281 -0.6374 0.6407
vn 0.3928 -0.7071 0.5879
vn 0.4888 -0.6374 0.5957
vn 0.4486 -0.7071 0.5466
vn 0.5449 -0.6374 0.5449
vn 0.5000 -0.7071 0.5000
vn 0.5957 -0.6374 0.4888
vn 0.5466 -0.7071 0.4486
vn 0.6407 -0.6374 0.4281
vn 0.5879 -0.7071 0.3928
vn 0.6796 -0.6374 0.3632
vn 0.6236 -0.7071 0.3333
vn 0.7119 -0.6374 0.2949
vn 0.6533 -0.7071 0.2706
vn 0.7374 -0.6374 0.2237
vn 0.6767 -0.7071 0.2053
vn 0.7558 -0.6374 0.1503
vn 0.6935 -0.7071 0.1379
vn 0.7669 -0.6374 0.0755
vn 0.7037 -0.7071 0.0693
vn 0.9943 -0.0424 -0.0979
vn 0.9991 -0.0424 -0.0000
vn 0.9799 -0.0424 -0.1949
vn 0.9561 -0.0424 -0.2900
vn 0.9231 -0.0424 -0.3823
vn 0.8811 -0.0424 -0.4710
vn 0.8307 -0.0424 -0.5551
vn 0.7723 -0.0424 -0.6338
vn 0.7065 -0.0424 -0.7065
vn 0.6338 -0.0424 -0.7723
vn 0.5551 -0.0424 -0.8307
vn 0.4710 -0.0424 -0.8811
vn 0.3824 -0.0424 -0.9230
vn 0.2900 -0.0424 -0.9561
vn 0.1949 -0.0424 -0.9799
vn 0.0979 -0.0424 -0.9943
vn -0.0000 -0.0424 -0.9991
vn -0.0979 -0.0424 -0.9943
vn -0.1949 -0.0424 -0.9799
vn -0.2900 -0.0424 -0.9561
vn -0.3823 -0.0424 -0.9231
vn -0.4710 -0.0424 -0.8811
vn -0.5551 -0.0424 -0.8307
vn -0.6338 -0.0424 -0.7723
vn -0.7065 -0.0424 -0.7065
vn -0.7723 -0.0424 -0.6338
vn -0.8307 -0.0424 -0.5551
vn -0.8811 -0.0424 -0.4710
vn -0.9230 -0.0424 -0.3824
vn -0.9561 -0.0424 -0.2900
vn -0.9799 -0.0424 -0.1949
vn -0.9943 -0.0424 -0.0979
vn -0.9991 -0.0424 -0.0000
vn -0.9943 -0.0424 0.0979
vn -0.9799 -0.0424 0.1949
vn -0.9561 -0.0424 0.2900
vn -0.9231 -0.0424 0.3823
vn -0.8811 -0.0424 0.4710
vn -0.8307 -0.0424 0.5551
vn -0.7723 -0.0424 0.6338
vn -0.7065 -0.0424 0.7065
vn -0.6338 -0.0424 0.7723
vn -0.5551 -0.0424 0.8307
vn -0.4710 -0.0424 0.8811
vn -0.3824 -0.0424 0.9230
vn -0.2900 -0.0424 0.9561
vn -0.1949 -0.0424 0.9799
vn -0.0979 -0.0424 0.9943
vn -0.0000 -0.0424 0.9991
vn 0.0979 -0.0424 0.9943
vn 0.1949 -0.0424 0.9799
vn 0.2900 -0.0424 0.9561
vn 0.3823 -0.0424 0.9231
vn 0.4710 -0.0424 0.8811
vn 0.5551 -0.0424 0.8307
vn 0.6338 -0.0424 0.7723
vn 0.7065 -0.0424 0.7065
vn 0.7723 -0.0424 0.6338
vn 0.8307 -0.0424 0.5551
vn 0.8811 -0.0424 0.4710
vn 0.9230 -0.0424 0.3824
vn 0.9561 -0.0424 0.2900
vn 0.9799 -0.0424 0.1949
vn 0.9943 -0.0424 0.0979
vn 0.9925 0.0734 -0.0978
vn 0.9973 0.0734 -0.0000
vn 0.9781 0.0734 -0.1946
vn 0.9544 0.0734 -0.2895
vn 0.9214 0.0734 -0.3817
vn 0.8795 0.0734 -0.4701
vn 0.8292 0.0734 -0.5541
vn 0.7709 0.0734 -0.6327
vn 0.7052 0.0734 -0.7052
vn 0.6327 0.0734 -0.7709
vn 0.5541 0.0734 -0.8292
vn 0.4701 0.0734 -0.8795
vn 0.3817 0.0734 -0.9214
vn 0.2895 0.0734 -0.9544
vn 0.1946 0.0734 -0.9781
vn 0.0978 0.0734 -0.9925
vn -0.0000 0.0734 -0.9973
vn -0.0978 0.0734 -0.9925
vn -0.1946 0.0734 -0.9781
vn -0.2895 0.0734 -0.9544
vn -0.3817 0.0734 -0.9214
vn -0.4701 0.0734 -0.8795
vn -0.5541 0.0734 -0.8292
vn -0.6327 0.0734 -0.7709
vn -0.7052 0.0734 -0.7052
vn -0.7709 0.0734 -0.6327
vn -0.8292 0.0734 -0.5541
vn -0.8795 0.0734 -0.4701
vn -0.9214 0.0734 -0.3817
vn -0.9544 0.0734 -0.2895
vn -0.9781 0.0734 -0.1946
vn -0.9925 0.0734 -0.0978
vn -0.9973 0.0734 -0.0000
vn -0.9925 0.0734 0.0978
vn -0.9781 0.0734 0.1946
vn -0.9544 0.0734 0.2895
vn -0.9214 0.0734 0.3817
vn -0.8795 0.0734 0.4701
vn -0.8292 0.0734 0.5541
vn -0.7709 0.0734 0.6327
vn -0.7052 0.0734 0.7052
vn -0.6327 0.0734 0.7709
vn -0.5541 0.0734 0.8292
vn -0.4701 0.0734 0.8795
vn -0.3817 0.0734 0.9214
vn -0.2895 0.0734 0.9544
vn -0.1946 0.0734 0.9781
vn -0.0978 0.0734 0.9925
vn -0.0000 0.0734 0.9973
vn 0.0978 0.0734 0.9925
vn 0.1946 0.0734 0.9781
vn 0.2895 0.0734 0.9544
vn 0.3817 0.0734 0.9214
vn 0.4701 0.0734 0.8795
vn 0.5541 0.0734 0.8292
vn 0.6327 0.0734 0.7709
vn 0.7052 0.0734 0.7052
vn 0.7709 0.0734 0.6327
vn 0.8292 0.0734 0.5541
vn 0.8795 0.0734 0.4701
vn 0.9214 0.0734 0.3817
vn 0.9544 0.0734 0.2895
vn 0.9781 0.0734 0.1946
vn 0.9925 0.0734 0.0978
vn 0.5613 0.8257 -0.0553
vn 0.5640 0.8257 -0.0000
vn 0.5532 0.8257 -0.1101
vn 0.5398 0.8257 -0.1638
vn 0.5211 0.8257 -0.2159
vn 0.4974 0.8257 -0.2659
vn 0.4690 0.8257 -0.3134
vn 0.4360 0.8257 -0.3578
vn 0.3988 0.8257 -0.3989
vn 0.3578 0.8257 -0.4360
vn 0.3134 0.8257 -0.4690
vn 0.2659 0.8257 -0.4975
vn 0.2158 0.8257 -0.5211
vn 0.1637 0.8257 -0.5398
vn 0.1100 0.8257 -0.5532
vn 0.0553 0.8257 -0.5613
vn -0.0000 0.8257 -0.5640
vn -0.0553 0.8257 -0.5613
vn -0.1101 0.8257 -0.5532
vn -0.1638 0.8257 -0.5398
vn -0.2159 0.8257 -0.5211
vn -0.2659 0.8257 -0.4974
vn -0.3134 0.8257 -0.4690
vn -0.3578 0.8257 -0.4360
vn -0.3989 0.8257 -0.3988
vn -0.4360 0.8257 -0.3578
vn -0.4690 0.8257 -0.3134
vn -0.4975 0.8257 -0.2659
vn -0.5211 0.8257 -0.2158
vn -0.5398 0.8257 -0.1637
vn -0.5532 0.8257 -0.1100
vn -0.5613 0.8257 -0.0553
vn -0.5640 0.8257 -0.0000
vn -0.5613 0.8257 0.0553
vn -0.5532 0.8257 0.1101
vn -0.5398 0.8257 0.1638
vn -0.5211 0.8257 0.2159
vn -0.4974 0.8257 0.2659
vn -0.4690 0.8257 0.3134
vn -0.4360 0.8257 0.3578
vn -0.3988 0.8257 0.3989
vn -0.3578 0.8257 0.4360
vn -0.3134 0.8257 0.4690
vn -0.2659 0.8257 0.4975
vn -0.2158 0.8257 0.5211
vn -0.1637 0.8257 0.5398
vn -0.1100 0.8257 0.5532
vn -0.0553 0.8257 0.5613
vn -0.0000 0.8257 0.5640
vn 0.0553 0.8257 0.5613
vn 0.1101 0.8257 0.5532
vn 0.1638 0.8257 0.5398
vn 0.2159 0.8257 0.5211
vn 0.2659 0.8257 0.4974
vn 0.3134 0.8257 0.4690
vn 0.3578 0.8257 0.4360
vn 0.3989 0.8257 0.3988
vn 0.4360 0.8257 0.3578
vn 0.4690 0.8257 0.3134
vn 0.4975 0.8257 0.2659
vn 0.5211 0.8257 0.2158
vn 0.5398 0.8257 0.1637
vn 0.5532 0.8257 0.1100
vn 0.5613 0.8257 0.0553
vn 0.4765 0.8779 -0.0469
vn 0.4789 0.8779 -0.0000
vn 0.4697 0.8779 -0.0934
vn 0.4582 0.8779 -0.1390
vn 0.4424 0.8779 -0.1832
vn 0.4223 0.8779 -0.2257
vn 0.3982 0.8779 -0.2660
vn 0.3702 0.8779 -0.3038
vn 0.3386 0.8779 -0.3386
vn 0.3038 0.8779 -0.3702
vn 0.2660 0.8779 -0.3982
vn 0.2257 0.8779 -0.4223
vn 0.1832 0.8779 -0.4424
vn 0.1390 0.8779 -0.4582
vn 0.0934 0.8779 -0.4697
vn 0.0469 0.8779 -0.4765
vn -0.0000 0.8779 -0.4789
vn -0.0469 0.8779 -0.4765
vn -0.0934 0.8779 -0.4697
vn -0.1390 0.8779 -0.4582
vn -0.1832 0.8779 -0.4424
vn -0.2257 0.8779 -0.4223
vn -0.2660 0.8779 -0.3982
vn -0.3038 0.8779 -0.3702
vn -0.3386 0.8779 -0.3386
vn -0.3702 0.8779 -0.3038
vn -0.3982 0.8779 -0.2660
vn -0.4223 0.8779 -0.2257
vn -0.4424 0.8779 -0.1832
vn -0.4582 0.8779 -0.1390
vn -0.4697 0.8779 -0.0934
vn -0.4765 0.8779 -0.0469
vn -0.4789 0.8779 -0.0000
vn -0.4765 0.8779 0.0469
vn -0.4697 0.8779 0.0934
vn -0.4582 0.8779 0.1390
vn -0.4424 0.8779 0.1832
vn -0.4223 0.8779 0.2257
vn -0.3982 0.8779 0.2660
vn -0.3702 0.8779 0.3038
vn -0.3386 0.8779 0.3386
vn -0.3038 0.8779 0.3702
vn -0.2660 0.8779 0.3982
vn -0.2257 0.8779 0.4223
vn -0.1832 0.8779 0.4424
vn -0.1390 0.8779 0.4582
vn -0.0934 0.8779 0.4697
vn -0.0469 0.8779 0.4765
vn -0.0000 0.8779 0.4789
vn 0.0469 0.8779 0.4765
vn 0.0934 0.8779 0.4697
vn 0.1390 0.8779 0.4582
vn 0.1832 0.8779 0.4424
vn 0.2257 0.8779 0.4223
vn 0.2660 0.8779 0.3982
vn 0.3038 0.8779 0.3702
vn 0.3386 0.8779 0.3386
vn 0.3702 0.8779 0.3038
vn 0.3982 0.8779 0.2660
vn 0.4223 0.8779 0.2257
vn 0.4424 0.8779 0.1832
vn 0.4582 0.8779 0.1390
vn 0.4697 0.8779 0.0934
vn 0.4765 0.8779 0.0469
vn 0.9798 -0.1752 -0.0965
vn 0.9845 -0.1752 -0.0000
vn 0.9314 -0.3640 -0.0000
vn 0.9269 -0.3640 -0.0913
vn 0.9135 -0.3640 -0.1817
vn 0.9656 -0.1752 -0.1921
vn 0.9421 -0.1752 -0.2858
vn 0.8913 -0.3640 -0.2704
vn 0.9096 -0.1752 -0.3768
vn 0.8605 -0.3640 -0.3564
vn 0.8214 -0.3640 -0.4391
vn 0.8683 -0.1752 -0.4641
vn 0.8186 -0.1752 -0.5470
vn 0.7744 -0.3640 -0.5174
vn 0.7611 -0.1752 -0.6246
vn 0.7200 -0.3640 -0.5909
vn 0.6586 -0.3640 -0.6586
vn 0.6962 -0.1752 -0.6962
vn 0.5909 -0.3640 -0.7200
vn 0.6246 -0.1752 -0.7611
vn 0.5174 -0.3640 -0.7744
vn 0.5470 -0.1752 -0.8186
vn 0.4391 -0.3640 -0.8214
vn 0.4641 -0.1752 -0.8683
vn 0.3564 -0.3640 -0.8605
vn 0.3768 -0.1752 -0.9096
vn 0.2704 -0.3640 -0.8913
vn 0.2858 -0.1752 -0.9421
vn 0.1817 -0.3640 -0.9135
vn 0.1921 -0.1752 -0.9656
vn 0.0913 -0.3640 -0.9269
vn 0.0965 -0.1752 -0.9798
vn -0.0000 -0.3640 -0.9314
vn -0.0000 -0.1752 -0.9845
vn -0.0913 -0.3640 -0.9269
vn -0.0965 -0.1752 -0.9798
vn -0.1817 -0.3640 -0.9135
vn -0.1921 -0.1752 -0.9656
vn -0.2704 -0.3640 -0.8913
vn -0.2858 -0.1752 -0.9421
vn -0.3564 -0.3640 -0.8605
vn -0.3768 -0.1752 -0.9096
vn -0.4391 -0.3640 -0.8214
vn -0.4641 -0.1752 -0.8683
vn -0.5174 -0.3640 -0.7744
vn -0.5470 -0.1752 -0.8186
vn -0.5909 -0.3640 -0.7200
vn -0.6246 -0.1752 -0.7611
vn -0.6586 -0.3640 -0.6586
vn -0.6962 -0.1751 -0.6962
vn -0.7200 -0.3640 -0.5909
vn -0.7611 -0.1752 -0.6246
vn -0.7744 -0.3640 -0.5174
vn -0.8186 -0.1752 -0.5470
vn -0.8214 -0.3640 -0.4391
vn -0.8683 -0.1752 -0.4641
vn -0.8605 -0.3640 -0.3564
vn -0.9096 -0.1752 -0.3768
vn -0.8913 -0.3640 -0.2704
vn -0.9421 -0.1752 -0.2858
vn -0.9135 -0.3640 -0.1817
vn -0.9656 -0.1752 -0.1921
vn -0.9269 -0.3640 -0.0913
vn -0.9798 -0.1752 -0.0965
vn -0.9314 -0.3640 -0.0000
vn -0.9845 -0.1752 -0.0000
vn -0.9269 -0.3640 0.0913
vn -0.9798 -0.1752 0.0965
vn -0.9656 -0.1752 0.1921
vn -0.9135 -0.3640 0.1817
vn -0.8913 -0.3640 0.2704
vn -0.9421 -0.1752 0.2858
vn -0.8605 -0.3640 0.3564
vn -0.9096 -0.1752 0.3768
vn -0.8683 -0.1752 0.4641
vn -0.8214 -0.3640 0.4391
vn -0.7744 -0.3640 0.5174
vn -0.8186 -0.1752 0.5470
vn -0.7200 -0.3640 0.5909
vn -0.7611 -0.1752 0.6246
vn -0.6962 -0.1752 0.6962
vn -0.6586 -0.3640 0.6586
vn -0.6246 -0.1752 0.7611
vn -0.5909 -0.3640 0.7200
vn -0.5470 -0.1752 0.8186
vn -0.5174 -0.3640 0.7744
vn -0.4641 -0.1752 0.8683
vn -0.4391 -0.3640 0.8214
vn -0.3768 -0.1752 0.9096
vn -0.3564 -0.3640 0.8605
vn -0.2858 -0.1752 0.9421
vn -0.2704 -0.3640 0.8913
vn -0.1921 -0.1752 0.9656
vn -0.1817 -0.3640 0.9135
vn -0.0965 -0.1752 0.9798
vn -0.0913 -0.3640 0.9269
vn -0.0000 -0.1752 0.9845
vn -0.0000 -0.3640 0.9314
vn 0.0965 -0.1752 0.9798
vn 0.0913 -0.3640 0.9269
vn 0.1921 -0.1752 0.9656
vn 0.1817 -0.3640 0.9135
vn 0.2858 -0.1752 0.9421
vn 0.2704 -0.3640 0.8913
vn 0.3768 -0.1752 0.9096
vn 0.3564 -0.3640 0.8605
vn 0.4641 -0.1752 0.8683
vn 0.4390 -0.3640 0.8214
vn 0.5470 -0.1752 0.8186
vn 0.5174 -0.3640 0.7744
vn 0.6246 -0.1751 0.7611
vn 0.5909 -0.3640 0.7200
vn 0.6962 -0.1751 0.6962
vn 0.6586 -0.3640 0.6586
vn 0.7611 -0.1752 0.6246
vn 0.7200 -0.3640 0.5909
vn 0.8186 -0.1752 0.5470
vn 0.7744 -0.3640 0.5174
vn 0.8683 -0.1752 0.4641
vn 0.8214 -0.3640 0.4391
vn 0.9096 -0.1752 0.3768
vn 0.8605 -0.3640 0.3564
vn 0.9421 -0.1752 0.2858
vn 0.8913 -0.3640 0.2704
vn 0.9656 -0.1752 0.1921
vn 0.9135 -0.3640 0.1817
vn 0.9798 -0.1752 0.0965
vn 0.9269 -0.3640 0.0913
vn 0.9843 0.1477 -0.0969
vn 0.9890 0.1477 -0.0000
vn 0.9700 0.1477 -0.1930
vn 0.9464 0.1477 -0.2871
vn 0.9137 0.1477 -0.3785
vn 0.8722 0.1477 -0.4662
vn 0.8223 0.1477 -0.5495
vn 0.7645 0.1477 -0.6274
vn 0.6993 0.1477 -0.6993
vn 0.6274 0.1477 -0.7645
vn 0.5495 0.1477 -0.8223
vn 0.4662 0.1477 -0.8722
vn 0.3785 0.1477 -0.9137
vn 0.2871 0.1477 -0.9464
vn 0.1929 0.1477 -0.9700
vn 0.0969 0.1477 -0.9843
vn -0.0000 0.1477 -0.9890
vn -0.0969 0.1477 -0.9843
vn -0.1930 0.1477 -0.9700
vn -0.2871 0.1477 -0.9464
vn -0.3785 0.1477 -0.9137
vn -0.4662 0.1477 -0.8722
vn -0.5495 0.1477 -0.8223
vn -0.6274 0.1478 -0.7645
vn -0.6993 0.1477 -0.6993
vn -0.7645 0.1477 -0.6274
vn -0.8223 0.1477 -0.5495
vn -0.8722 0.1477 -0.4662
vn -0.9137 0.1477 -0.3785
vn -0.9464 0.1477 -0.2871
vn -0.9700 0.1477 -0.1929
vn -0.9843 0.1477 -0.0969
vn -0.9890 0.1477 -0.0000
vn -0.9843 0.1477 0.0969
vn -0.9700 0.1477 0.1930
vn -0.9464 0.1477 0.2871
vn -0.9137 0.1477 0.3785
vn -0.8722 0.1477 0.4662
vn -0.8223 0.1477 0.5495
vn -0.7645 0.1477 0.6274
vn -0.6993 0.1477 0.6993
vn -0.6274 0.1477 0.7645
vn -0.5495 0.1477 0.8223
vn -0.4662 0.1477 0.8722
vn -0.3785 0.1477 0.9137
vn -0.2871 0.1477 0.9464
vn -0.1929 0.1477 0.9700
vn -0.0969 0.1477 0.9843
vn -0.0000 0.1477 0.9890
vn 0.0969 0.1477 0.9843
vn 0.1930 0.1477 0.9700
vn 0.2871 0.1477 0.9464
vn 0.3785 0.1477 0.9137
vn 0.4662 0.1477 0.8722
vn 0.5495 0.1477 0.8223
vn 0.6274 0.1477 0.7645
vn 0.6993 0.1477 0.6993
vn 0.7645 0.1477 0.6274
vn 0.8223 0.1477 0.5495
vn 0.8722 0.1477 0.4662
vn 0.9137 0.1477 0.3785
vn 0.9464 0.1477 0.2871
vn 0.9700 0.1477 0.1929
vn 0.9843 0.1477 0.0969
vn 0.8908 0.4459 -0.0877
vn 0.8951 0.4459 -0.0000
vn 0.8779 0.4459 -0.1746
vn 0.8566 0.4459 -0.2598
vn 0.8270 0.4459 -0.3425
vn 0.7894 0.4459 -0.4220
vn 0.7443 0.4459 -0.4973
vn 0.6919 0.4459 -0.5678
vn 0.6329 0.4459 -0.6329
vn 0.5678 0.4459 -0.6919
vn 0.4973 0.4459 -0.7443
vn 0.4220 0.4459 -0.7894
vn 0.3425 0.4459 -0.8270
vn 0.2598 0.4459 -0.8566
vn 0.1746 0.4459 -0.8779
vn 0.0877 0.4459 -0.8908
vn -0.0000 0.4459 -0.8951
vn -0.0877 0.4459 -0.8908
vn -0.1746 0.4459 -0.8779
vn -0.2598 0.4459 -0.8566
vn -0.3425 0.4459 -0.8270
vn -0.4220 0.4459 -0.7894
vn -0.4973 0.4459 -0.7443
vn -0.5678 0.4459 -0.6919
vn -0.6329 0.4459 -0.6329
vn -0.6919 0.4459 -0.5678
vn -0.7443 0.4459 -0.4973
vn -0.7894 0.4459 -0.4220
vn -0.8270 0.4459 -0.3425
vn -0.8566 0.4459 -0.2598
vn -0.8779 0.4459 -0.1746
vn -0.8908 0.4459 -0.0877
vn -0.8951 0.4459 -0.0000
vn -0.8908 0.4459 0.0877
vn -0.8779 0.4459 0.1746
vn -0.8566 0.4459 0.2598
vn -0.8270 0.4459 0.3425
vn -0.7894 0.4459 0.4220
vn -0.7443 0.4459 0.4973
vn -0.6919 0.4459 0.5678
vn -0.6329 0.4459 0.6329
vn -0.5678 0.4459 0.6919
vn -0.4973 0.4459 0.7443
vn -0.4220 0.4459 0.7894
vn -0.3425 0.4459 0.8270
vn -0.2598 0.4459 0.8566
vn -0.1746 0.4459 0.8779
vn -0.0877 0.4459 0.8908
vn -0.0000 0.4459 0.8951
vn 0.0877 0.4459 0.8908
vn 0.1746 0.4459 0.8779
vn 0.2598 0.4459 0.8566
vn 0.3425 0.4459 0.8270
vn 0.4220 0.4459 0.7894
vn 0.4973 0.4459 0.7443
vn 0.5678 0.4459 0.6919
vn 0.6329 0.4459 0.6329
vn 0.6919 0.4459 0.5678
vn 0.7443 0.4459 0.4973
vn 0.7894 0.4459 0.4219
vn 0.8270 0.4459 0.3425
vn 0.8566 0.4459 0.2598
vn 0.8779 0.4459 0.1746
vn 0.8908 0.4459 0.0877
vn 0.6956 0.7151 -0.0685
vn 0.6990 0.7151 -0.0000
vn 0.6856 0.7151 -0.1364
vn 0.6689 0.7151 -0.2029
vn 0.6458 0.7151 -0.2675
vn 0.6165 0.7151 -0.3295
vn 0.5812 0.7151 -0.3883
vn 0.5403 0.7151 -0.4434
vn 0.4943 0.7151 -0.4943
vn 0.4434 0.7151 -0.5403
vn 0.3883 0.7151 -0.5812
vn 0.3295 0.7151 -0.6165
vn 0.2675 0.7151 -0.6458
vn 0.2029 0.7151 -0.6689
vn 0.1364 0.7151 -0.6856
vn 0.0685 0.7151 -0.6956
vn -0.0000 0.7151 -0.6990
vn -0.0685 0.7151 -0.6956
vn -0.1364 0.7151 -0.6856
vn -0.2029 0.7151 -0.6689
vn -0.2675 0.7151 -0.6458
vn -0.3295 0.7151 -0.6165
vn -0.3883 0.7151 -0.5812
vn -0.4434 0.7151 -0.5403
vn -0.4943 0.7151 -0.4943
vn -0.5403 0.7151 -0.4434
vn -0.5812 0.7151 -0.3883
vn -0.6165 0.7151 -0.3295
vn -0.6458 0.7151 -0.2675
vn -0.6689 0.7151 -0.2029
vn -0.6856 0.7151 -0.1364
vn -0.6956 0.7151 -0.0685
vn -0.6990 0.7151 -0.0000
vn -0.6956 0.7151 0.0685
vn -0.6856 0.7151 0.1364
vn -0.6689 0.7151 0.2029
vn -0.6458 0.7151 0.2675
vn -0.6165 0.7151 0.3295
vn -0.5812 0.7151 0.3883
vn -0.5403 0.7151 0.4434
vn -0.4943 0.7151 0.4943
vn -0.4434 0.7151 0.5403
vn -0.3883 0.7151 0.5812
vn -0.3295 0.7151 0.6165
vn -0.2675 0.7151 0.6458
vn -0.2029 0.7151 0.6689
vn -0.1364 0.7151 0.6856
vn -0.0685 0.7151 0.6956
vn -0.0000 0.7151 0.6990
vn 0.0685 0.7151 0.6956
vn 0.1364 0.7151 0.6856
vn 0.2029 0.7151 0.6689
vn 0.2675 0.7151 0.6458
vn 0.3295 0.7151 0.6165
vn 0.3883 0.7151 0.5812
vn 0.4434 0.7151 0.5403
vn 0.4943 0.7151 0.4943
vn 0.5403 0.7151 0.4434
vn 0.5812 0.7151 0.3883
vn 0.6165 0.7151 0.3295
vn 0.6458 0.7151 0.2675
vn 0.6689 0.7151 0.2029
vn 0.6856 0.7151 0.1364
vn 0.6956 0.7151 0.0685
vn 0.4213 0.9060 -0.0415
vn 0.4234 0.9060 -0.0000
vn 0.4152 0.9060 -0.0826
vn 0.4051 0.9060 -0.1229
vn 0.3911 0.9060 -0.1620
vn 0.3734 0.9060 -0.1996
vn 0.3520 0.9060 -0.2352
vn 0.3273 0.9060 -0.2686
vn 0.2994 0.9060 -0.2994
vn 0.2686 0.9060 -0.3273
vn 0.2352 0.9060 -0.3520
vn 0.1996 0.9060 -0.3734
vn 0.1620 0.9060 -0.3911
vn 0.1229 0.9060 -0.4051
vn 0.0826 0.9060 -0.4152
vn 0.0415 0.9060 -0.4213
vn -0.0000 0.9060 -0.4234
vn -0.0415 0.9060 -0.4213
vn -0.0826 0.9060 -0.4152
vn -0.1229 0.9060 -0.4051
vn -0.1620 0.9060 -0.3911
vn -0.1996 0.9060 -0.3734
vn -0.2352 0.9060 -0.3520
vn -0.2686 0.9060 -0.3273
vn -0.2994 0.9060 -0.2994
vn -0.3273 0.9060 -0.2686
vn -0.3520 0.9060 -0.2352
vn -0.3734 0.9060 -0.1996
vn -0.3911 0.9060 -0.1620
vn -0.4051 0.9060 -0.1229
vn -0.4152 0.9060 -0.0826
vn -0.4213 0.9060 -0.0415
vn -0.4234 0.9060 -0.0000
vn -0.4213 0.9060 0.0415
vn -0.4152 0.9060 0.0826
vn -0.4051 0.9060 0.1229
vn -0.3911 0.9060 0.1620
vn -0.3734 0.9060 0.1996
vn -0.3520 0.9060 0.2352
vn -0.3273 0.9060 0.2686
vn -0.2994 0.9060 0.2994
vn -0.2686 0.9060 0.3273
vn -0.2352 0.9060 0.3520
vn -0.1996 0.9060 0.3734
vn -0.1620 0.9060 0.3911
vn -0.1229 0.9060 0.4051
vn -0.0826 0.9060 0.4152
vn -0.0415 0.9060 0.4213
vn -0.0000 0.9060 0.4234
vn 0.0415 0.9060 0.4213
vn 0.0826 0.9060 0.4152
vn 0.1229 0.9060 0.4051
vn 0.1620 0.9060 0.3911
vn 0.1996 0.9060 0.3734
vn 0.2352 0.9060 0.3520
vn 0.2686 0.9060 0.3273
vn 0.2994 0.9060 0.2994
vn 0.3273 0.9060 0.2686
vn 0.3520 0.9060 0.2352
vn 0.3734 0.9060 0.1996
vn 0.3911 0.9060 0.1620
vn 0.4051 0.9060 0.1229
vn 0.4152 0.9060 0.0826
vn 0.4213 0.9060 0.0415
vn 0.2814 0.9592 -0.0277
vn 0.2828 0.9592 -0.0000
vn 0.2774 0.9592 -0.0552
vn 0.2706 0.9592 -0.0821
vn 0.2613 0.9592 -0.1082
vn 0.2494 0.9592 -0.1333
vn 0.2351 0.9592 -0.1571
vn 0.2186 0.9592 -0.1794
vn 0.2000 0.9592 -0.2000
vn 0.1794 0.9592 -0.2186
vn 0.1571 0.9592 -0.2351
vn 0.1333 0.9592 -0.2494
vn 0.1082 0.9592 -0.2613
vn 0.0821 0.9592 -0.2706
vn 0.0552 0.9592 -0.2774
vn 0.0277 0.9592 -0.2814
vn -0.0000 0.9592 -0.2828
vn -0.0277 0.9592 -0.2814
vn -0.0552 0.9592 -0.2774
vn -0.0821 0.9592 -0.2706
vn -0.1082 0.9592 -0.2613
vn -0.1333 0.9592 -0.2494
vn -0.1571 0.9592 -0.2351
vn -0.1794 0.9592 -0.2186
vn -0.2000 0.9592 -0.2000
vn -0.2186 0.9592 -0.1794
vn -0.2351 0.9592 -0.1571
vn -0.2494 0.9592 -0.1333
vn -0.2613 0.9592 -0.1082
vn -0.2706 0.9592 -0.0821
vn -0.2774 0.9592 -0.0552
vn -0.2814 0.9592 -0.0277
vn -0.2828 0.9592 -0.0000
vn -0.2814 0.9592 0.0277
vn -0.2774 0.9592 0.0552
vn -0.2706 0.9592 0.0821
vn -0.2613 0.9592 0.1082
vn -0.2494 0.9592 0.1333
vn -0.2351 0.9592 0.1571
vn -0.2186 0.9592 0.1794
vn -0.2000 0.9592 0.2000
vn -0.1794 0.9592 0.2186
vn -0.1571 0.9592 0.2351
vn -0.1333 0.9592 0.2494
vn -0.1082 0.9592 0.2613
vn -0.0821 0.9592 0.2706
vn -0.0552 0.9592 0.2774
vn -0.0277 0.9592 0.2814
vn -0.0000 0.9592 0.2828
vn 0.0277 0.9592 0.2814
vn 0.0552 0.9592 0.2774
vn 0.0821 0.9592 0.2706
vn 0.1082 0.9592 0.2613
vn 0.1333 0.9592 0.2494
vn 0.1571 0.9592 0.2351
vn 0.1794 0.9592 0.2186
vn 0.2000 0.9592 0.2000
vn 0.2186 0.9592 0.1794
vn 0.2351 0.9592 0.1571
vn 0.2494 0.9592 0.1333
vn 0.2613 0.9592 0.1082
vn 0.2706 0.9592 0.0821
vn 0.2774 0.9592 0.0552
vn 0.2814 0.9592 0.0277
vn 0.1477 0.9889 -0.0145
vn 0.1484 0.9889 -0.0000
vn 0.1961 0.9806 -0.0000
vn 0.1952 0.9806 -0.0192
vn 0.1455 0.9889 -0.0290
vn 0.1923 0.9806 -0.0383
vn 0.1420 0.9889 -0.0431
vn 0.1877 0.9806 -0.0569
vn 0.1371 0.9889 -0.0568
vn 0.1812 0.9806 -0.0751
vn 0.1309 0.9889 -0.0700
vn 0.1730 0.9806 -0.0924
vn 0.1234 0.9889 -0.0824
vn 0.1631 0.9806 -0.1090
vn 0.1147 0.9889 -0.0941
vn 0.1516 0.9806 -0.1244
vn 0.1049 0.9889 -0.1049
vn 0.1387 0.9806 -0.1387
vn 0.0941 0.9889 -0.1147
vn 0.1244 0.9806 -0.1516
vn 0.0824 0.9889 -0.1234
vn 0.1090 0.9806 -0.1631
vn 0.0700 0.9889 -0.1309
vn 0.0924 0.9806 -0.1730
vn 0.0751 0.9806 -0.1812
vn 0.0568 0.9889 -0.1371
vn 0.0569 0.9806 -0.1877
vn 0.0431 0.9889 -0.1420
vn 0.0383 0.9806 -0.1923
vn 0.0290 0.9889 -0.1455
vn 0.0192 0.9806 -0.1952
vn 0.0145 0.9889 -0.1477
vn -0.0000 0.9889 -0.1484
vn -0.0000 0.9806 -0.1961
vn -0.0145 0.9889 -0.1477
vn -0.0192 0.9806 -0.1952
vn -0.0383 0.9806 -0.1923
vn -0.0290 0.9889 -0.1455
vn -0.0569 0.9806 -0.1877
vn -0.0431 0.9889 -0.1420
vn -0.0751 0.9806 -0.1812
vn -0.0568 0.9889 -0.1371
vn -0.0924 0.9806 -0.1730
vn -0.0700 0.9889 -0.1309
vn -0.1090 0.9806 -0.1631
vn -0.0824 0.9889 -0.1234
vn -0.1244 0.9806 -0.1516
vn -0.0941 0.9889 -0.1147
vn -0.1387 0.9806 -0.1387
vn -0.1049 0.9889 -0.1049
vn -0.1516 0.9806 -0.1244
vn -0.1147 0.9889 -0.0941
vn -0.1631 0.9806 -0.1090
vn -0.1234 0.9889 -0.0824
vn -0.1730 0.9806 -0.0924
vn -0.1309 0.9889 -0.0700
vn -0.1812 0.9806 -0.0751
vn -0.1371 0.9889 -0.0568
vn -0.1877 0.9806 -0.0569
vn -0.1420 0.9889 -0.0431
vn -0.1923 0.9806 -0.0383
vn -0.1455 0.9889 -0.0290
vn -0.1952 0.9806 -0.0192
vn -0.1477 0.9889 -0.0145
vn -0.1961 0.9806 -0.0000
vn -0.1484 0.9889 -0.0000
vn -0.1952 0.9806 0.0192
vn -0.1477 0.9889 0.0145
vn -0.1923 0.9806 0.0383
vn -0.1455 0.9889 0.0290
vn -0.1877 0.9806 0.0569
vn -0.1420 0.9889 0.0431
vn -0.1812 0.9806 0.0751
vn -0.1371 0.9889 0.0568
vn -0.1730 0.9806 0.0924
vn -0.1309 0.9889 0.0700
vn -0.1631 0.9806 0.1090
vn -0.1234 0.9889 0.0824
vn -0.1516 0.9806 0.1244
vn -0.1147 0.9889 0.0941
vn -0.1387 0.9806 0.1387
vn -0.1049 0.9889 0.1049
vn -0.1244 0.9806 0.1516
vn -0.0941 0.9889 0.1147
vn -0.1090 0.9806 0.1631
vn -0.0824 0.9889 0.1234
vn -0.0924 0.9806 0.1730
vn -0.0700 0.9889 0.1309
vn -0.0568 0.9889 0.1371
vn -0.0751 0.9806 0.1812
vn -0.0431 0.9889 0.1420
vn -0.0569 0.9806 0.1877
vn -0.0290 0.9889 0.1455
vn -0.0383 0.9806 0.1923
vn -0.0145 0.9889 0.1477
vn -0.0192 0.9806 0.1952
vn -0.0000 0.9806 0.1961
vn -0.0000 0.9889 0.1484
vn 0.0192 0.9806 0.1952
vn 0.0145 0.9889 0.1477
vn 0.0290 0.9889 0.1455
vn 0.0383 0.9806 0.1923
vn 0.0431 0.9889 0.1420
vn 0.0569 0.9806 0.1877
vn 0.0568 0.9889 0.1371
vn 0.0751 0.9806 0.1812
vn 0.0700 0.9889 0.1309
vn 0.0924 0.9806 0.1730
vn 0.0824 0.9889 0.1234
vn 0.1090 0.9806 0.1631
vn 0.0941 0.9889 0.1147
vn 0.1244 0.9806 0.1516
vn 0.1049 0.9889 0.1049
vn 0.1387 0.9806 0.1387
vn 0.1147 0.9889 0.0941
vn 0.1516 0.9806 0.1244
vn 0.1234 0.9889 0.0824
vn 0.1631 0.9806 0.1090
vn 0.1309 0.9889 0.0700
vn 0.1730 0.9806 0.0924
vn 0.1371 0.9889 0.0568
vn 0.1812 0.9806 0.0751
vn 0.1420 0.9889 0.0431
vn 0.1877 0.9806 0.0569
vn 0.1455 0.9889 0.0290
vn 0.1923 0.9806 0.0383
vn 0.1477 0.9889 0.0145
vn 0.1952 0.9806 0.0192
vn 0.1933 0.9809 -0.0190
vn 0.1943 0.9809 -0.0000
vn 0.1906 0.9809 -0.0379
vn 0.1859 0.9809 -0.0564
vn 0.1795 0.9809 -0.0743
vn 0.1713 0.9809 -0.0916
vn 0.1616 0.9809 -0.1080
vn 0.1502 0.9809 -0.1232
vn 0.1374 0.9809 -0.1374
vn 0.1232 0.9809 -0.1502
vn 0.1079 0.9809 -0.1615
vn 0.0916 0.9809 -0.1714
vn 0.0743 0.9809 -0.1795
vn 0.0564 0.9809 -0.1859
vn 0.0379 0.9809 -0.1905
vn 0.0190 0.9809 -0.1933
vn -0.0000 0.9809 -0.1943
vn -0.0190 0.9809 -0.1933
vn -0.0379 0.9809 -0.1905
vn -0.0564 0.9809 -0.1859
vn -0.0743 0.9809 -0.1795
vn -0.0916 0.9809 -0.1713
vn -0.1079 0.9809 -0.1615
vn -0.1232 0.9809 -0.1502
vn -0.1374 0.9809 -0.1374
vn -0.1502 0.9809 -0.1232
vn -0.1615 0.9809 -0.1079
vn -0.1713 0.9809 -0.0916
vn -0.1795 0.9809 -0.0743
vn -0.1859 0.9809 -0.0564
vn -0.1905 0.9809 -0.0379
vn -0.1933 0.9809 -0.0190
vn -0.1943 0.9809 -0.0000
vn -0.1933 0.9809 0.0190
vn -0.1905 0.9809 0.0379
vn -0.1859 0.9809 0.0564
vn -0.1795 0.9809 0.0743
vn -0.1713 0.9809 0.0916
vn -0.1615 0.9809 0.1079
vn -0.1502 0.9809 0.1233
vn -0.1374 0.9809 0.1374
vn -0.1232 0.9809 0.1502
vn -0.1079 0.9809 0.1615
vn -0.0916 0.9809 0.1713
vn -0.0743 0.9809 0.1795
vn -0.0564 0.9809 0.1859
vn -0.0379 0.9809 0.1905
vn -0.0190 0.9809 0.1933
vn -0.0000 0.9809 0.1943
vn 0.0190 0.9809 0.1933
vn 0.0379 0.9809 0.1905
vn 0.0564 0.9809 0.1859
vn 0.0743 0.9809 0.1795
vn 0.0916 0.9809 0.1713
vn 0.1079 0.9809 0.1615
vn 0.1232 0.9809 0.1502
vn 0.1374 0.9809 0.1374
vn 0.1502 0.9809 0.1232
vn 0.1615 0.9809 0.1079
vn 0.1713 0.9809 0.0916
vn 0.1795 0.9809 0.0743
vn 0.1859 0.9809 0.0564
vn 0.1905 0.9809 0.0379
vn 0.1933 0.9809 0.0190
vn 0.3607 0.9320 -0.0355
vn 0.3624 0.9320 -0.0000
vn 0.3555 0.9320 -0.0707
vn 0.3468 0.9320 -0.1052
vn 0.3348 0.9320 -0.1387
vn 0.3196 0.9320 -0.1708
vn 0.3013 0.9320 -0.2014
vn 0.2802 0.9320 -0.2299
vn 0.2563 0.9320 -0.2563
vn 0.2299 0.9320 -0.2802
vn 0.2014 0.9320 -0.3014
vn 0.1708 0.9320 -0.3196
vn 0.1387 0.9320 -0.3348
vn 0.1052 0.9320 -0.3468
vn 0.0707 0.9320 -0.3555
vn 0.0355 0.9320 -0.3607
vn -0.0000 0.9320 -0.3624
vn -0.0355 0.9320 -0.3607
vn -0.0707 0.9320 -0.3555
vn -0.1052 0.9320 -0.3468
vn -0.1387 0.9320 -0.3348
vn -0.1708 0.9320 -0.3196
vn -0.2014 0.9320 -0.3014
vn -0.2299 0.9320 -0.2802
vn -0.2563 0.9320 -0.2563
vn -0.2802 0.9320 -0.2299
vn -0.3014 0.9320 -0.2014
vn -0.3196 0.9320 -0.1708
vn -0.3348 0.9320 -0.1387
vn -0.3468 0.9320 -0.1052
vn -0.3555 0.9320 -0.0707
vn -0.3607 0.9320 -0.0355
vn -0.3624 0.9320 -0.0000
vn -0.3607 0.9320 0.0355
vn -0.3555 0.9320 0.0707
vn -0.3468 0.9320 0.1052
vn -0.3348 0.9320 0.1387
vn -0.3196 0.9320 0.1708
vn -0.3013 0.9320 0.2014
vn -0.2802 0.9320 0.2300
vn -0.2563 0.9320 0.2563
vn -0.2299 0.9320 0.2802
vn -0.2014 0.9320 0.3014
vn -0.1709 0.9320 0.3197
vn -0.1387 0.9320 0.3348
vn -0.1052 0.9320 0.3468
vn -0.0707 0.9320 0.3555
vn -0.0355 0.9320 0.3607
vn -0.0000 0.9320 0.3624
vn 0.0355 0.9320 0.3607
vn 0.0707 0.9320 0.3555
vn 0.1052 0.9320 0.3468
vn 0.1387 0.9320 0.3348
vn 0.1708 0.9320 0.3196
vn 0.2014 0.9320 0.3013
vn 0.2299 0.9320 0.2802
vn 0.2563 0.9320 0.2563
vn 0.2802 0.9320 0.2299
vn 0.3014 0.9320 0.2014
vn 0.3196 0.9320 0.1708
vn 0.3348 0.9320 0.1387
vn 0.3468 0.9320 0.1052
vn 0.3555 0.9320 0.0707
vn 0.3607 0.9320 0.0355
vn 0.5761 0.8154 -0.0567
vn 0.5789 0.8154 -0.0000
vn 0.5678 0.8154 -0.1129
vn 0.5540 0.8154 -0.1680
vn 0.5348 0.8154 -0.2215
vn 0.5106 0.8154 -0.2729
vn 0.4813 0.8154 -0.3216
vn 0.4475 0.8154 -0.3673
vn 0.4093 0.8154 -0.4093
vn 0.3673 0.8154 -0.4475
vn 0.3216 0.8154 -0.4813
vn 0.2729 0.8154 -0.5106
vn 0.2215 0.8154 -0.5348
vn 0.1680 0.8154 -0.5540
vn 0.1129 0.8154 -0.5678
vn 0.0567 0.8154 -0.5761
vn -0.0000 0.8154 -0.5789
vn -0.0567 0.8154 -0.5761
vn -0.1129 0.8154 -0.5678
vn -0.1680 0.8154 -0.5540
vn -0.2215 0.8154 -0.5348
vn -0.2729 0.8154 -0.5106
vn -0.3216 0.8154 -0.4813
vn -0.3673 0.8154 -0.4475
vn -0.4093 0.8154 -0.4093
vn -0.4475 0.8154 -0.3673
vn -0.4813 0.8154 -0.3216
vn -0.5106 0.8154 -0.2729
vn -0.5348 0.8154 -0.2215
vn -0.5540 0.8154 -0.1680
vn -0.5678 0.8154 -0.1129
vn -0.5761 0.8154 -0.0567
vn -0.5789 0.8154 -0.0000
vn -0.5761 0.8154 0.0567
vn -0.5678 0.8154 0.1129
vn -0.5540 0.8154 0.1680
vn -0.5348 0.8154 0.2215
vn -0.5106 0.8154 0.2729
vn -0.4813 0.8154 0.3216
vn -0.4475 0.8154 0.3673
vn -0.4093 0.8154 0.4093
vn -0.3673 0.8154 0.4475
vn -0.3216 0.8154 0.4813
vn -0.2729 0.8154 0.5106
vn -0.2215 0.8154 0.5348
vn -0.1680 0.8154 0.5540
vn -0.1129 0.8154 0.5678
vn -0.0567 0.8154 0.5761
vn -0.0000 0.8154 0.5789
vn 0.0567 0.8154 0.5761
vn 0.1129 0.8154 0.5678
vn 0.1680 0.8154 0.5540
vn 0.2215 0.8154 0.5348
vn 0.2729 0.8154 0.5106
vn 0.3216 0.8154 0.4813
vn 0.3673 0.8154 0.4475
vn 0.4093 0.8154 0.4093
vn 0.4475 0.8154 0.3673
vn 0.4813 0.8154 0.3216
vn 0.5106 0.8154 0.2729
vn 0.5348 0.8154 0.2215
vn 0.5540 0.8154 0.1680
vn 0.5678 0.8154 0.1129
vn 0.5761 0.8154 0.0567
vn 0.8226 0.5628 -0.0810
vn 0.8266 0.5628 -0.0000
vn 0.8107 0.5628 -0.1613
vn 0.7910 0.5628 -0.2399
vn 0.7637 0.5628 -0.3163
vn 0.7290 0.5628 -0.3896
vn 0.6873 0.5628 -0.4592
vn 0.6389 0.5628 -0.5244
vn 0.5845 0.5628 -0.5845
vn 0.5244 0.5628 -0.6389
vn 0.4592 0.5628 -0.6873
vn 0.3896 0.5628 -0.7290
vn 0.3163 0.5628 -0.7636
vn 0.2399 0.5628 -0.7910
vn 0.1613 0.5628 -0.8107
vn 0.0810 0.5628 -0.8226
vn -0.0000 0.5628 -0.8266
vn -0.0810 0.5628 -0.8226
vn -0.1613 0.5628 -0.8107
vn -0.2399 0.5628 -0.7910
vn -0.3163 0.5628 -0.7636
vn -0.3896 0.5628 -0.7290
vn -0.4592 0.5628 -0.6873
vn -0.5244 0.5628 -0.6389
vn -0.5845 0.5628 -0.5845
vn -0.6389 0.5628 -0.5244
vn -0.6873 0.5628 -0.4592
vn -0.7290 0.5628 -0.3896
vn -0.7636 0.5628 -0.3163
vn -0.7910 0.5628 -0.2399
vn -0.8107 0.5628 -0.1613
vn -0.8226 0.5628 -0.0810
vn -0.8266 0.5628 -0.0000
vn -0.8226 0.5628 0.0810
vn -0.8107 0.5628 0.1613
vn -0.7910 0.5628 0.2399
vn -0.7637 0.5628 0.3163
vn -0.7290 0.5628 0.3896
vn -0.6873 0.5628 0.4592
vn -0.6389 0.5628 0.5244
vn -0.5845 0.5628 0.5845
vn -0.5244 0.5628 0.6389
vn -0.4592 0.5628 0.6873
vn -0.3896 0.5628 0.7290
vn -0.3163 0.5628 0.7636
vn -0.2399 0.5628 0.7910
vn -0.1613 0.5628 0.8107
vn -0.0810 0.5628 0.8226
vn -0.0000 0.5628 0.8266
vn 0.0810 0.5628 0.8226
vn 0.1613 0.5628 0.8107
vn 0.2399 0.5628 0.7910
vn 0.3163 0.5628 0.7636
vn 0.3896 0.5628 0.7290
vn 0.4592 0.5628 0.6873
vn 0.5244 0.5628 0.6389
vn 0.5845 0.5628 0.5845
vn 0.6389 0.5628 0.5244
vn 0.6873 0.5628 0.4592
vn 0.7290 0.5628 0.3896
vn 0.7636 0.5628 0.3163
vn 0.7910 0.5628 0.2399
vn 0.8107 0.5628 0.1613
vn 0.8226 0.5628 0.0810
vn 0.9830 0.1561 -0.0968
vn 0.9877 0.1561 -0.0000
vn 0.9688 0.1560 -0.1927
vn 0.9452 0.1561 -0.2867
vn 0.9126 0.1561 -0.3780
vn 0.8711 0.1561 -0.4656
vn 0.8213 0.1561 -0.5488
vn 0.7635 0.1561 -0.6266
vn 0.6984 0.1561 -0.6984
vn 0.6266 0.1561 -0.7635
vn 0.5488 0.1561 -0.8213
vn 0.4656 0.1561 -0.8711
vn 0.3780 0.1561 -0.9126
vn 0.2867 0.1561 -0.9452
vn 0.1927 0.1561 -0.9688
vn 0.0968 0.1561 -0.9830
vn -0.0000 0.1561 -0.9877
vn -0.0968 0.1561 -0.9830
vn -0.1927 0.1561 -0.9688
vn -0.2867 0.1561 -0.9452
vn -0.3780 0.1561 -0.9126
vn -0.4656 0.1561 -0.8711
vn -0.5488 0.1561 -0.8213
vn -0.6266 0.1561 -0.7635
vn -0.6984 0.1561 -0.6984
vn -0.7635 0.1561 -0.6266
vn -0.8213 0.1561 -0.5488
vn -0.8711 0.1561 -0.4656
vn -0.9126 0.1561 -0.3780
vn -0.9452 0.1561 -0.2867
vn -0.9688 0.1561 -0.1927
vn -0.9830 0.1561 -0.0968
vn -0.9877 0.1561 -0.0000
vn -0.9830 0.1561 0.0968
vn -0.9688 0.1561 0.1927
vn -0.9452 0.1561 0.2867
vn -0.9126 0.1561 0.3780
vn -0.8711 0.1561 0.4656
vn -0.8213 0.1561 0.5488
vn -0.7635 0.1561 0.6266
vn -0.6984 0.1561 0.6984
vn -0.6266 0.1561 0.7635
vn -0.5488 0.1561 0.8213
vn -0.4656 0.1561 0.8711
vn -0.3780 0.1561 0.9126
vn -0.2867 0.1561 0.9452
vn -0.1927 0.1561 0.9688
vn -0.0968 0.1561 0.9830
vn -0.0000 0.1561 0.9877
vn 0.0968 0.1561 0.9830
vn 0.1927 0.1561 0.9688
vn 0.2867 0.1561 0.9452
vn 0.3780 0.1561 0.9126
vn 0.4656 0.1561 0.8711
vn 0.5488 0.1561 0.8213
vn 0.6266 0.1561 0.7635
vn 0.6984 0.1561 0.6984
vn 0.7635 0.1561 0.6266
vn 0.8213 0.1561 0.5488
vn 0.8711 0.1561 0.4656
vn 0.9126 0.1561 0.3780
vn 0.9452 0.1561 0.2867
vn 0.9688 0.1560 0.1927
vn 0.9830 0.1561 0.0968
vn 0.9885 0.1156 -0.0974
vn 0.9933 0.1157 -0.0000
vn 0.9742 0.1156 -0.1938
vn 0.9505 0.1156 -0.2883
vn 0.9177 0.1157 -0.3801
vn 0.8760 0.1157 -0.4682
vn 0.8259 0.1156 -0.5518
vn 0.7678 0.1160 -0.6301
vn 0.7023 0.1160 -0.7023
vn 0.6301 0.1158 -0.7678
vn 0.5518 0.1157 -0.8259
vn 0.4682 0.1156 -0.8760
vn 0.3801 0.1156 -0.9177
vn 0.2883 0.1156 -0.9505
vn 0.1938 0.1156 -0.9742
vn 0.0974 0.1157 -0.9885
vn -0.0000 0.1157 -0.9933
vn -0.0974 0.1156 -0.9885
vn -0.1938 0.1156 -0.9742
vn -0.2883 0.1156 -0.9505
vn -0.3801 0.1156 -0.9177
vn -0.4682 0.1156 -0.8760
vn -0.5518 0.1157 -0.8259
vn -0.6301 0.1158 -0.7678
vn -0.7023 0.1158 -0.7023
vn -0.7678 0.1158 -0.6301
vn -0.8259 0.1158 -0.5518
vn -0.8760 0.1157 -0.4682
vn -0.9177 0.1157 -0.3801
vn -0.9505 0.1156 -0.2883
vn -0.9742 0.1156 -0.1938
vn -0.9885 0.1157 -0.0974
vn -0.9933 0.1157 -0.0000
vn -0.9885 0.1156 0.0974
vn -0.9742 0.1156 0.1938
vn -0.9505 0.1156 0.2883
vn -0.9177 0.1157 0.3801
vn -0.8760 0.1157 0.4682
vn -0.8259 0.1156 0.5518
vn -0.7678 0.1160 0.6301
vn -0.7023 0.1160 0.7023
vn -0.6301 0.1158 0.7678
vn -0.5518 0.1157 0.8259
vn -0.4682 0.1156 0.8760
vn -0.3801 0.1156 0.9177
vn -0.2883 0.1156 0.9505
vn -0.1938 0.1156 0.9742
vn -0.0974 0.1157 0.9885
vn -0.0000 0.1157 0.9933
vn 0.0974 0.1156 0.9885
vn 0.1938 0.1156 0.9742
vn 0.2883 0.1156 0.9505
vn 0.3801 0.1156 0.9177
vn 0.4682 0.1156 0.8760
vn 0.5518 0.1157 0.8259
vn 0.6301 0.1158 0.7678
vn 0.7023 0.1158 0.7023
vn 0.7678 0.1158 0.6301
vn 0.8259 0.1158 0.5518
vn 0.8760 0.1157 0.4682
vn 0.9177 0.1157 0.3801
vn 0.9505 0.1156 0.2883
vn 0.9742 0.1156 0.1938
vn 0.9885 0.1157 0.0974
vn 0.9840 0.1496 -0.0969
vn 0.9888 0.1496 -0.0000
vn 0.9698 0.1496 -0.1929
vn 0.9462 0.1495 -0.2870
vn 0.9135 0.1497 -0.3784
vn 0.8720 0.1496 -0.4661
vn 0.8221 0.1494 -0.5493
vn 0.7643 0.1496 -0.6273
vn 0.6991 0.1497 -0.6991
vn 0.6273 0.1496 -0.7643
vn 0.5493 0.1496 -0.8221
vn 0.4661 0.1496 -0.8720
vn 0.3784 0.1497 -0.9135
vn 0.2870 0.1496 -0.9462
vn 0.1929 0.1495 -0.9698
vn 0.0969 0.1494 -0.9840
vn -0.0000 0.1496 -0.9888
vn -0.0969 0.1494 -0.9840
vn -0.1929 0.1497 -0.9697
vn -0.2870 0.1496 -0.9462
vn -0.3784 0.1497 -0.9135
vn -0.4661 0.1496 -0.8720
vn -0.5493 0.1495 -0.8221
vn -0.6273 0.1496 -0.7643
vn -0.6991 0.1497 -0.6991
vn -0.7643 0.1497 -0.6272
vn -0.8221 0.1495 -0.5493
vn -0.8720 0.1496 -0.4661
vn -0.9135 0.1496 -0.3784
vn -0.9462 0.1496 -0.2870
vn -0.9698 0.1496 -0.1929
vn -0.9840 0.1496 -0.0969
vn -0.9888 0.1496 -0.0000
vn -0.9840 0.1496 0.0969
vn -0.9698 0.1496 0.1929
vn -0.9462 0.1494 0.2870
vn -0.9135 0.1497 0.3784
vn -0.8720 0.1496 0.4661
vn -0.8221 0.1494 0.5493
vn -0.7643 0.1497 0.6272
vn -0.6991 0.1497 0.6991
vn -0.6272 0.1497 0.7643
vn -0.5493 0.1495 0.8221
vn -0.4661 0.1496 0.8720
vn -0.3784 0.1497 0.9135
vn -0.2870 0.1496 0.9462
vn -0.1929 0.1495 0.9698
vn -0.0969 0.1494 0.9840
vn -0.0000 0.1496 0.9888
vn 0.0969 0.1494 0.9840
vn 0.1929 0.1496 0.9698
vn 0.2870 0.1496 0.9462
vn 0.3784 0.1497 0.9135
vn 0.4661 0.1496 0.8720
vn 0.5493 0.1496 0.8221
vn 0.6272 0.1497 0.7643
vn 0.6992 0.1495 0.6992
vn 0.7643 0.1495 0.6273
vn 0.8221 0.1495 0.5493
vn 0.8720 0.1497 0.4661
vn 0.9135 0.1496 0.3784
vn 0.9462 0.1496 0.2870
vn 0.9698 0.1496 0.1929
vn 0.9840 0.1496 0.0969
vn 0.9812 0.1670 -0.0966
vn 0.9860 0.1665 -0.0000
vn 0.9671 0.1666 -0.1924
vn 0.9435 0.1670 -0.2862
vn 0.9110 0.1666 -0.3773
vn 0.8696 0.1666 -0.4648
vn 0.8198 0.1666 -0.5478
vn 0.7622 0.1666 -0.6255
vn 0.6972 0.1666 -0.6972
vn 0.6255 0.1664 -0.7622
vn 0.5478 0.1666 -0.8198
vn 0.4648 0.1666 -0.8696
vn 0.3773 0.1665 -0.9110
vn 0.2862 0.1666 -0.9436
vn 0.1924 0.1666 -0.9671
vn 0.0966 0.1666 -0.9813
vn -0.0000 0.1666 -0.9860
vn -0.0966 0.1666 -0.9813
vn -0.1924 0.1666 -0.9671
vn -0.2862 0.1670 -0.9435
vn -0.3773 0.1666 -0.9110
vn -0.4648 0.1666 -0.8696
vn -0.5478 0.1666 -0.8198
vn -0.6255 0.1666 -0.7622
vn -0.6972 0.1666 -0.6972
vn -0.7622 0.1666 -0.6255
vn -0.8198 0.1666 -0.5478
vn -0.8696 0.1666 -0.4648
vn -0.9110 0.1665 -0.3773
vn -0.9436 0.1666 -0.2862
vn -0.9671 0.1665 -0.1924
vn -0.9812 0.1670 -0.0966
vn -0.9860 0.1665 -0.0000
vn -0.9812 0.1670 0.0966
vn -0.9671 0.1666 0.1924
vn -0.9435 0.1670 0.2862
vn -0.9110 0.1666 0.3773
vn -0.8696 0.1666 0.4648
vn -0.8199 0.1665 0.5478
vn -0.7622 0.1666 0.6255
vn -0.6972 0.1665 0.6972
vn -0.6255 0.1665 0.7622
vn -0.5478 0.1666 0.8198
vn -0.4648 0.1666 0.8696
vn -0.3773 0.1666 0.9110
vn -0.2862 0.1670 0.9435
vn -0.1924 0.1666 0.9671
vn -0.0966 0.1666 0.9813
vn -0.0000 0.1666 0.9860
vn 0.0966 0.1666 0.9813
vn 0.1924 0.1666 0.9671
vn 0.2862 0.1666 0.9436
vn 0.3773 0.1666 0.9110
vn 0.4648 0.1670 0.8695
vn 0.5478 0.1666 0.8198
vn 0.6255 0.1666 0.7622
vn 0.6972 0.1664 0.6972
vn 0.7622 0.1666 0.6255
vn 0.8199 0.1664 0.5478
vn 0.8696 0.1665 0.4648
vn 0.9110 0.1666 0.3773
vn 0.9436 0.1666 0.2862
vn 0.9671 0.1665 0.1924
vn 0.9812 0.1670 0.0966
vn 0.9813 0.1665 -0.0966
vn 0.9671 0.1665 -0.1924
vn 0.9436 0.1665 -0.2862
vn 0.9110 0.1665 -0.3773
vn 0.8696 0.1664 -0.4648
vn 0.8199 0.1663 -0.5478
vn 0.7622 0.1663 -0.6256
vn 0.6973 0.1663 -0.6973
vn 0.6255 0.1665 -0.7622
vn 0.5478 0.1663 -0.8199
vn 0.4648 0.1663 -0.8696
vn 0.2862 0.1665 -0.9436
vn 0.0966 0.1665 -0.9813
vn -0.0000 0.1665 -0.9860
vn -0.0966 0.1665 -0.9813
vn -0.1924 0.1665 -0.9671
vn -0.2862 0.1663 -0.9436
vn -0.3773 0.1665 -0.9110
vn -0.4648 0.1664 -0.8696
vn -0.5478 0.1664 -0.8199
vn -0.6256 0.1663 -0.7622
vn -0.6973 0.1663 -0.6973
vn -0.7622 0.1665 -0.6255
vn -0.8199 0.1663 -0.5478
vn -0.8696 0.1663 -0.4648
vn -0.9110 0.1663 -0.3774
vn -0.9436 0.1664 -0.2862
vn -0.9813 0.1665 -0.0966
vn -0.9813 0.1665 0.0966
vn -0.9671 0.1665 0.1924
vn -0.9436 0.1665 0.2862
vn -0.9110 0.1665 0.3773
vn -0.8696 0.1663 0.4648
vn -0.8199 0.1662 0.5478
vn -0.7622 0.1663 0.6256
vn -0.6973 0.1663 0.6973
vn -0.6256 0.1663 0.7622
vn -0.5478 0.1665 0.8199
vn -0.4648 0.1663 0.8696
vn -0.2862 0.1663 0.9436
vn -0.0966 0.1665 0.9813
vn -0.0000 0.1665 0.9860
vn 0.0966 0.1665 0.9813
vn 0.2862 0.1664 0.9436
vn 0.3773 0.1665 0.9110
vn 0.4648 0.1664 0.8696
vn 0.5478 0.1665 0.8199
vn 0.6255 0.1665 0.7622
vn 0.6973 0.1663 0.6973
vn 0.7623 0.1662 0.6256
vn 0.8199 0.1663 0.5478
vn 0.8696 0.1664 0.4648
vn 0.9110 0.1665 0.3773
vn 0.9436 0.1664 0.2862
vn 0.9813 0.1665 0.0966
vn 0.9849 0.1434 -0.0970
vn 0.9897 0.1433 -0.0000
vn 0.9707 0.1434 -0.1931
vn 0.9471 0.1434 -0.2873
vn 0.9143 0.1434 -0.3787
vn 0.8728 0.1434 -0.4665
vn 0.8229 0.1434 -0.5498
vn 0.7650 0.1433 -0.6278
vn 0.6998 0.1434 -0.6998
vn 0.6278 0.1434 -0.7650
vn 0.5498 0.1434 -0.8229
vn 0.4665 0.1434 -0.8728
vn 0.3787 0.1434 -0.9143
vn 0.2873 0.1434 -0.9471
vn 0.1931 0.1434 -0.9707
vn 0.0970 0.1434 -0.9849
vn -0.0000 0.1433 -0.9897
vn -0.0970 0.1434 -0.9849
vn -0.1931 0.1434 -0.9707
vn -0.2873 0.1434 -0.9471
vn -0.3787 0.1434 -0.9143
vn -0.4665 0.1434 -0.8728
vn -0.5498 0.1434 -0.8229
vn -0.6278 0.1433 -0.7650
vn -0.6998 0.1434 -0.6998
vn -0.7650 0.1433 -0.6278
vn -0.8229 0.1433 -0.5498
vn -0.8728 0.1434 -0.4665
vn -0.9143 0.1433 -0.3787
vn -0.9471 0.1434 -0.2873
vn -0.9707 0.1433 -0.1931
vn -0.9849 0.1434 -0.0970
vn -0.9897 0.1433 -0.0000
vn -0.9849 0.1434 0.0970
vn -0.9707 0.1434 0.1931
vn -0.9471 0.1434 0.2873
vn -0.9143 0.1434 0.3787
vn -0.8728 0.1434 0.4665
vn -0.8229 0.1434 0.5498
vn -0.7650 0.1433 0.6278
vn -0.6998 0.1434 0.6998
vn -0.6278 0.1434 0.7650
vn -0.5498 0.1434 0.8229
vn -0.4665 0.1434 0.8728
vn -0.3787 0.1434 0.9143
vn -0.2873 0.1434 0.9471
vn -0.1931 0.1434 0.9707
vn -0.0970 0.1434 0.9849
vn -0.0000 0.1433 0.9897
vn 0.0970 0.1434 0.9849
vn 0.1931 0.1434 0.9707
vn 0.2873 0.1434 0.9471
vn 0.3787 0.1434 0.9143
vn 0.4665 0.1434 0.8728
vn 0.5498 0.1434 0.8229
vn 0.6278 0.1433 0.7650
vn 0.6998 0.1434 0.6998
vn 0.7650 0.1434 0.6278
vn 0.8229 0.1433 0.5498
vn 0.8728 0.1434 0.4665
vn 0.9143 0.1433 0.3787
vn 0.9471 0.1434 0.2873
vn 0.9707 0.1433 0.1931
vn 0.9849 0.1434 0.0970
vn 0.9892 0.1098 -0.0974
vn 0.9940 0.1098 -0.0000
vn 0.9749 0.1098 -0.1939
vn 0.9512 0.1098 -0.2885
vn 0.9183 0.1098 -0.3804
vn 0.8766 0.1098 -0.4685
vn 0.8264 0.1098 -0.5522
vn 0.7683 0.1098 -0.6306
vn 0.7028 0.1098 -0.7028
vn 0.6306 0.1098 -0.7683
vn 0.5522 0.1098 -0.8264
vn 0.4685 0.1098 -0.8766
vn 0.3804 0.1098 -0.9183
vn 0.2885 0.1098 -0.9512
vn 0.1939 0.1098 -0.9749
vn 0.0974 0.1098 -0.9892
vn -0.0000 0.1098 -0.9940
vn -0.0974 0.1098 -0.9892
vn -0.1939 0.1098 -0.9749
vn -0.2885 0.1098 -0.9512
vn -0.3804 0.1098 -0.9183
vn -0.4685 0.1098 -0.8766
vn -0.5522 0.1098 -0.8264
vn -0.6306 0.1098 -0.7683
vn -0.7028 0.1098 -0.7028
vn -0.7683 0.1098 -0.6306
vn -0.8264 0.1098 -0.5522
vn -0.8766 0.1098 -0.4685
vn -0.9183 0.1098 -0.3804
vn -0.9512 0.1098 -0.2885
vn -0.9749 0.1098 -0.1939
vn -0.9892 0.1098 -0.0974
vn -0.9940 0.1098 -0.0000
vn -0.9892 0.1098 0.0974
vn -0.9749 0.1098 0.1939
vn -0.9512 0.1098 0.2885
vn -0.9183 0.1098 0.3804
vn -0.8766 0.1098 0.4685
vn -0.8264 0.1098 0.5522
vn -0.7683 0.1098 0.6306
vn -0.7028 0.1098 0.7028
vn -0.6306 0.1098 0.7683
vn -0.5522 0.1098 0.8264
vn -0.4685 0.1098 0.8766
vn -0.3804 0.1098 0.9183
vn -0.2885 0.1098 0.9512
vn -0.1939 0.1098 0.9749
vn -0.0974 0.1098 0.9892
vn -0.0000 0.1098 0.9940
vn 0.0974 0.1098 0.9892
vn 0.1939 0.1098 0.9749
vn 0.2885 0.1098 0.9512
vn 0.3804 0.1098 0.9183
vn 0.4685 0.1098 0.8766
vn 0.5522 0.1098 0.8264
vn 0.6306 0.1098 0.7683
vn 0.7028 0.1098 0.7028
vn 0.7683 0.1098 0.6306
vn 0.8264 0.1098 0.5522
vn 0.8766 0.1098 0.4685
vn 0.9183 0.1098 0.3804
vn 0.9512 0.1098 0.2885
vn 0.9749 0.1098 0.1939
vn 0.9892 0.1098 0.0974
vn 0.9722 -0.2136 -0.0958
vn 0.9769 -0.2136 -0.0000
vn 0.9582 -0.2136 -0.1906
vn 0.9349 -0.2136 -0.2836
vn 0.9026 -0.2136 -0.3739
vn 0.8616 -0.2136 -0.4605
vn 0.8123 -0.2136 -0.5427
vn 0.7552 -0.2136 -0.6198
vn 0.6908 -0.2136 -0.6908
vn 0.6198 -0.2136 -0.7552
vn 0.5427 -0.2136 -0.8123
vn 0.4605 -0.2136 -0.8616
vn 0.3739 -0.2136 -0.9026
vn 0.2836 -0.2136 -0.9349
vn 0.1906 -0.2136 -0.9582
vn 0.0958 -0.2136 -0.9722
vn -0.0000 -0.2136 -0.9769
vn -0.0958 -0.2136 -0.9722
vn -0.1906 -0.2136 -0.9582
vn -0.2836 -0.2136 -0.9349
vn -0.3739 -0.2136 -0.9026
vn -0.4605 -0.2136 -0.8616
vn -0.5427 -0.2136 -0.8123
vn -0.6198 -0.2136 -0.7552
vn -0.6908 -0.2136 -0.6908
vn -0.7552 -0.2136 -0.6198
vn -0.8123 -0.2136 -0.5427
vn -0.8616 -0.2136 -0.4605
vn -0.9026 -0.2136 -0.3739
vn -0.9349 -0.2136 -0.2836
vn -0.9582 -0.2136 -0.1906
vn -0.9722 -0.2136 -0.0958
vn -0.9769 -0.2136 -0.0000
vn -0.9722 -0.2136 0.0958
vn -0.9582 -0.2136 0.1906
vn -0.9349 -0.2136 0.2836
vn -0.9026 -0.2136 0.3739
vn -0.8616 -0.2136 0.4605
vn -0.8123 -0.2136 0.5428
vn -0.7552 -0.2136 0.6198
vn -0.6908 -0.2136 0.6908
vn -0.6198 -0.2136 0.7552
vn -0.5427 -0.2136 0.8123
vn -0.4605 -0.2136 0.8616
vn -0.3739 -0.2136 0.9026
vn -0.2836 -0.2136 0.9349
vn -0.1906 -0.2136 0.9582
vn -0.0958 -0.2136 0.9722
vn -0.0000 -0.2136 0.9769
vn 0.0958 -0.2136 0.9722
vn 0.1906 -0.2136 0.9582
vn 0.2836 -0.2136 0.9349
vn 0.3739 -0.2136 0.9026
vn 0.4605 -0.2136 0.8616
vn 0.5427 -0.2136 0.8123
vn 0.6198 -0.2136 0.7552
vn 0.6908 -0.2136 0.6908
vn 0.7552 -0.2136 0.6198
vn 0.8123 -0.2136 0.5427
vn 0.8616 -0.2136 0.4605
vn 0.9026 -0.2136 0.3739
vn 0.9349 -0.2136 0.2836
vn 0.9582 -0.2136 0.1906
vn 0.9722 -0.2136 0.0958
vn 0.7420 -0.6664 -0.0731
vn 0.7456 -0.6664 -0.0000
vn 0.7313 -0.6664 -0.1455
vn 0.7135 -0.6664 -0.2164
vn 0.6889 -0.6664 -0.2853
vn 0.6575 -0.6664 -0.3515
vn 0.6200 -0.6664 -0.4142
vn 0.5764 -0.6664 -0.4730
vn 0.5272 -0.6664 -0.5272
vn 0.4730 -0.6664 -0.5763
vn 0.4142 -0.6664 -0.6200
vn 0.3515 -0.6664 -0.6576
vn 0.2853 -0.6664 -0.6888
vn 0.2164 -0.6664 -0.7135
vn 0.1455 -0.6664 -0.7313
vn 0.0731 -0.6664 -0.7420
vn -0.0000 -0.6664 -0.7456
vn -0.0731 -0.6664 -0.7420
vn -0.1455 -0.6664 -0.7313
vn -0.2164 -0.6664 -0.7135
vn -0.2853 -0.6664 -0.6889
vn -0.3515 -0.6664 -0.6576
vn -0.4142 -0.6664 -0.6200
vn -0.4730 -0.6664 -0.5764
vn -0.5272 -0.6664 -0.5272
vn -0.5764 -0.6664 -0.4730
vn -0.6200 -0.6664 -0.4142
vn -0.6576 -0.6664 -0.3515
vn -0.6889 -0.6664 -0.2853
vn -0.7135 -0.6664 -0.2164
vn -0.7313 -0.6664 -0.1455
vn -0.7420 -0.6664 -0.0731
vn -0.7456 -0.6664 -0.0000
vn -0.7420 -0.6664 0.0731
vn -0.7313 -0.6664 0.1455
vn -0.7135 -0.6664 0.2164
vn -0.6889 -0.6664 0.2853
vn -0.6575 -0.6664 0.3515
vn -0.6199 -0.6664 0.4142
vn -0.5764 -0.6663 0.4730
vn -0.5272 -0.6664 0.5272
vn -0.4730 -0.6664 0.5764
vn -0.4142 -0.6664 0.6200
vn -0.3515 -0.6664 0.6576
vn -0.2853 -0.6664 0.6889
vn -0.2164 -0.6664 0.7135
vn -0.1455 -0.6664 0.7313
vn -0.0731 -0.6664 0.7420
vn -0.0000 -0.6664 0.7456
vn 0.0731 -0.6664 0.7420
vn 0.1455 -0.6664 0.7313
vn 0.2164 -0.6664 0.7135
vn 0.2853 -0.6664 0.6889
vn 0.3515 -0.6664 0.6576
vn 0.4142 -0.6664 0.6200
vn 0.4730 -0.6664 0.5764
vn 0.5272 -0.6664 0.5272
vn 0.5764 -0.6664 0.4730
vn 0.6200 -0.6664 0.4142
vn 0.6576 -0.6664 0.3515
vn 0.6889 -0.6664 0.2853
vn 0.7135 -0.6664 0.2164
vn 0.7313 -0.6664 0.1455
vn 0.7420 -0.6664 0.0731
vn 0.3212 -0.9465 -0.0316
vn 0.3228 -0.9465 -0.0000
vn 0.3166 -0.9465 -0.0630
vn 0.3089 -0.9465 -0.0937
vn 0.2982 -0.9465 -0.1235
vn 0.2847 -0.9465 -0.1522
vn 0.2684 -0.9465 -0.1793
vn 0.2495 -0.9465 -0.2048
vn 0.2282 -0.9465 -0.2282
vn 0.2048 -0.9465 -0.2495
vn 0.1793 -0.9465 -0.2684
vn 0.1522 -0.9465 -0.2847
vn 0.1235 -0.9465 -0.2982
vn 0.0937 -0.9465 -0.3089
vn 0.0630 -0.9465 -0.3166
vn 0.0316 -0.9465 -0.3212
vn -0.0000 -0.9465 -0.3228
vn -0.0316 -0.9465 -0.3212
vn -0.0630 -0.9465 -0.3166
vn -0.0937 -0.9465 -0.3089
vn -0.1235 -0.9465 -0.2982
vn -0.1522 -0.9465 -0.2847
vn -0.1793 -0.9465 -0.2684
vn -0.2048 -0.9465 -0.2495
vn -0.2282 -0.9465 -0.2282
vn -0.2495 -0.9465 -0.2048
vn -0.2684 -0.9465 -0.1793
vn -0.2847 -0.9465 -0.1521
vn -0.2982 -0.9465 -0.1235
vn -0.3089 -0.9465 -0.0937
vn -0.3166 -0.9465 -0.0630
vn -0.3212 -0.9465 -0.0316
vn -0.3228 -0.9465 -0.0000
vn -0.3212 -0.9465 0.0316
vn -0.3166 -0.9465 0.0630
vn -0.3089 -0.9465 0.0937
vn -0.2982 -0.9465 0.1235
vn -0.2847 -0.9465 0.1522
vn -0.2684 -0.9465 0.1793
vn -0.2495 -0.9465 0.2048
vn -0.2282 -0.9465 0.2282
vn -0.2048 -0.9465 0.2495
vn -0.1793 -0.9465 0.2684
vn -0.1522 -0.9465 0.2847
vn -0.1235 -0.9465 0.2982
vn -0.0937 -0.9465 0.3089
vn -0.0630 -0.9465 0.3166
vn -0.0316 -0.9465 0.3212
vn -0.0000 -0.9465 0.3228
vn 0.0316 -0.9465 0.3212
vn 0.0630 -0.9465 0.3166
vn 0.0937 -0.9465 0.3089
vn 0.1235 -0.9465 0.2982
vn 0.1522 -0.9465 0.2847
vn 0.1793 -0.9465 0.2684
vn 0.2048 -0.9465 0.2495
vn 0.2282 -0.9465 0.2282
vn 0.2495 -0.9465 0.2048
vn 0.2684 -0.9465 0.1793
vn 0.2847 -0.9465 0.1522
vn 0.2982 -0.9465 0.1235
vn 0.3089 -0.9465 0.0937
vn 0.3166 -0.9465 0.0630
vn 0.3212 -0.9465 0.0316
vn 0.0046 -1.0000 -0.0005
vn 0.0046 -1.0000 -0.0000
vn 0.0045 -1.0000 -0.0009
vn 0.0044 -1.0000 -0.0013
vn 0.0043 -1.0000 -0.0018
vn 0.0040 -1.0000 -0.0022
vn 0.0038 -1.0000 -0.0025
vn 0.0036 -1.0000 -0.0029
vn 0.0033 -1.0000 -0.0033
vn 0.0029 -1.0000 -0.0036
vn 0.0026 -1.0000 -0.0038
vn 0.0022 -1.0000 -0.0040
vn 0.0017 -1.0000 -0.0042
vn 0.0013 -1.0000 -0.0044
vn 0.0009 -1.0000 -0.0045
vn 0.0004 -1.0000 -0.0045
vn -0.0000 -1.0000 -0.0046
vn -0.0004 -1.0000 -0.0045
vn -0.0009 -1.0000 -0.0045
vn -0.0013 -1.0000 -0.0044
vn -0.0018 -1.0000 -0.0042
vn -0.0022 -1.0000 -0.0040
vn -0.0025 -1.0000 -0.0038
vn -0.0029 -1.0000 -0.0035
vn -0.0032 -1.0000 -0.0032
vn -0.0035 -1.0000 -0.0029
vn -0.0038 -1.0000 -0.0026
vn -0.0040 -1.0000 -0.0021
vn -0.0043 -1.0000 -0.0018
vn -0.0044 -1.0000 -0.0013
vn -0.0045 -1.0000 -0.0009
vn -0.0046 -1.0000 -0.0004
vn -0.0046 -1.0000 -0.0000
vn -0.0046 -1.0000 0.0005
vn -0.0045 -1.0000 0.0009
vn -0.0044 -1.0000 0.0013
vn -0.0043 -1.0000 0.0018
vn -0.0040 -1.0000 0.0022
vn -0.0038 -1.0000 0.0025
vn -0.0036 -1.0000 0.0029
vn -0.0032 -1.0000 0.0032
vn -0.0029 -1.0000 0.0035
vn -0.0025 -1.0000 0.0038
vn -0.0022 -1.0000 0.0040
vn -0.0017 -1.0000 0.0042
vn -0.0013 -1.0000 0.0044
vn -0.0009 -1.0000 0.0045
vn -0.0004 -1.0000 0.0045
vn -0.0000 -1.0000 0.0046
vn 0.0005 -1.0000 0.0045
vn 0.0009 -1.0000 0.0045
vn 0.0013 -1.0000 0.0044
vn 0.0017 -1.0000 0.0042
vn 0.0022 -1.0000 0.0041
vn 0.0026 -1.0000 0.0038
vn 0.0029 -1.0000 0.0035
vn 0.0033 -1.0000 0.0033
vn 0.0036 -1.0000 0.0029
vn 0.0038 -1.0000 0.0026
vn 0.0040 -1.0000 0.0021
vn 0.0043 -1.0000 0.0018
vn 0.0044 -1.0000 0.0013
vn 0.0045 -1.0000 0.0009
vn 0.0046 -1.0000 0.0004
vn 0.3288 -0.9439 -0.0324
vn 0.3304 -0.9439 -0.0000
vn 0.3240 -0.9439 -0.0644
vn 0.3161 -0.9439 -0.0959
vn 0.3052 -0.9439 -0.1264
vn 0.2913 -0.9439 -0.1557
vn 0.2747 -0.9439 -0.1835
vn 0.2554 -0.9439 -0.2096
vn 0.2336 -0.9439 -0.2336
vn 0.2096 -0.9439 -0.2554
vn 0.1835 -0.9439 -0.2747
vn 0.1557 -0.9439 -0.2913
vn 0.1264 -0.9439 -0.3052
vn 0.0959 -0.9439 -0.3161
vn 0.0644 -0.9439 -0.3240
vn 0.0324 -0.9439 -0.3288
vn -0.0000 -0.9439 -0.3304
vn -0.0324 -0.9439 -0.3288
vn -0.0644 -0.9439 -0.3240
vn -0.0959 -0.9439 -0.3161
vn -0.1264 -0.9439 -0.3052
vn -0.1557 -0.9439 -0.2913
vn -0.1835 -0.9439 -0.2747
vn -0.2096 -0.9439 -0.2554
vn -0.2336 -0.9439 -0.2336
vn -0.2554 -0.9439 -0.2096
vn -0.2747 -0.9439 -0.1835
vn -0.2913 -0.9439 -0.1557
vn -0.3052 -0.9439 -0.1264
vn -0.3161 -0.9439 -0.0959
vn -0.3240 -0.9439 -0.0644
vn -0.3288 -0.9439 -0.0324
vn -0.3304 -0.9439 -0.0000
vn -0.3288 -0.9439 0.0324
vn -0.3240 -0.9439 0.0644
vn -0.3161 -0.9439 0.0959
vn -0.3052 -0.9439 0.1264
vn -0.2913 -0.9439 0.1557
vn -0.2747 -0.9439 0.1835
vn -0.2554 -0.9439 0.2096
vn -0.2336 -0.9439 0.2336
vn -0.2096 -0.9439 0.2554
vn -0.1835 -0.9439 0.2747
vn -0.1557 -0.9439 0.2913
vn -0.1264 -0.9439 0.3052
vn -0.0959 -0.9439 0.3161
vn -0.0644 -0.9439 0.3240
vn -0.0324 -0.9439 0.3288
vn -0.0000 -0.9439 0.3304
vn 0.0324 -0.9439 0.3288
vn 0.0644 -0.9439 0.3240
vn 0.0959 -0.9439 0.3161
vn 0.1264 -0.9439 0.3052
vn 0.1557 -0.9439 0.2913
vn 0.1835 -0.9439 0.2747
vn 0.2096 -0.9439 0.2554
vn 0.2336 -0.9439 0.2336
vn 0.2554 -0.9439 0.2096
vn 0.2747 -0.9439 0.1835
vn 0.2913 -0.9439 0.1557
vn 0.3052 -0.9439 0.1264
vn 0.3161 -0.9439 0.0959
vn 0.3240 -0.9439 0.0644
vn 0.3288 -0.9439 0.0324
vn 0.8117 -0.5786 -0.0799
vn 0.8156 -0.5786 -0.0000
vn 0.7999 -0.5786 -0.1591
vn 0.7805 -0.5786 -0.2368
vn 0.7535 -0.5786 -0.3121
vn 0.7193 -0.5786 -0.3845
vn 0.6781 -0.5786 -0.4531
vn 0.6305 -0.5786 -0.5174
vn 0.5767 -0.5786 -0.5767
vn 0.5174 -0.5786 -0.6305
vn 0.4531 -0.5786 -0.6781
vn 0.3845 -0.5786 -0.7193
vn 0.3121 -0.5786 -0.7535
vn 0.2368 -0.5786 -0.7805
vn 0.1591 -0.5786 -0.7999
vn 0.0799 -0.5786 -0.8117
vn -0.0000 -0.5786 -0.8156
vn -0.0799 -0.5786 -0.8117
vn -0.1591 -0.5786 -0.7999
vn -0.2367 -0.5786 -0.7805
vn -0.3121 -0.5786 -0.7535
vn -0.3845 -0.5786 -0.7193
vn -0.4531 -0.5786 -0.6781
vn -0.5174 -0.5786 -0.6305
vn -0.5767 -0.5786 -0.5767
vn -0.6305 -0.5786 -0.5174
vn -0.6781 -0.5786 -0.4531
vn -0.7193 -0.5786 -0.3845
vn -0.7535 -0.5786 -0.3121
vn -0.7805 -0.5786 -0.2368
vn -0.7999 -0.5786 -0.1591
vn -0.8117 -0.5786 -0.0799
vn -0.8156 -0.5786 -0.0000
vn -0.8117 -0.5786 0.0799
vn -0.7999 -0.5786 0.1591
vn -0.7805 -0.5786 0.2368
vn -0.7535 -0.5786 0.3121
vn -0.7193 -0.5786 0.3845
vn -0.6781 -0.5786 0.4531
vn -0.6305 -0.5786 0.5174
vn -0.5767 -0.5786 0.5767
vn -0.5174 -0.5786 0.6305
vn -0.4531 -0.5786 0.6781
vn -0.3845 -0.5786 0.7193
vn -0.3121 -0.5786 0.7535
vn -0.2368 -0.5786 0.7805
vn -0.1591 -0.5786 0.7999
vn -0.0799 -0.5786 0.8117
vn -0.0000 -0.5786 0.8156
vn 0.0799 -0.5786 0.8117
vn 0.1591 -0.5786 0.7999
vn 0.2368 -0.5786 0.7805
vn 0.3121 -0.5786 0.7535
vn 0.3845 -0.5786 0.7193
vn 0.4531 -0.5786 0.6781
vn 0.5174 -0.5786 0.6305
vn 0.5767 -0.5786 0.5767
vn 0.6305 -0.5786 0.5174
vn 0.6781 -0.5786 0.4531
vn 0.7193 -0.5786 0.3845
vn 0.7535 -0.5786 0.3121
vn 0.7805 -0.5786 0.2368
vn 0.7999 -0.5786 0.1591
vn 0.8117 -0.5786 0.0799
vn 0.9952 -0.0000 -0.0980
vn 1.0000 -0.0000 -0.0000
vn 0.9808 -0.0000 -0.1951
vn 0.9569 -0.0000 -0.2903
vn 0.9239 -0.0000 -0.3827
vn 0.8819 -0.0000 -0.4714
vn 0.8315 -0.0000 -0.5556
vn 0.7730 -0.0000 -0.6344
vn 0.7071 -0.0000 -0.7071
vn 0.6344 -0.0000 -0.7730
vn 0.5556 -0.0000 -0.8315
vn 0.4714 -0.0000 -0.8819
vn 0.3827 -0.0000 -0.9239
vn 0.2903 -0.0000 -0.9569
vn 0.1951 -0.0000 -0.9808
vn 0.0980 -0.0000 -0.9952
vn -0.0000 -0.0000 -1.0000
vn -0.0980 -0.0000 -0.9952
vn -0.1951 -0.0000 -0.9808
vn -0.2903 -0.0000 -0.9569
vn -0.3827 -0.0000 -0.9239
vn -0.4714 -0.0000 -0.8819
vn -0.5556 -0.0000 -0.8315
vn -0.6344 -0.0000 -0.7730
vn -0.7071 -0.0000 -0.7071
vn -0.7730 -0.0000 -0.6344
vn -0.8315 -0.0000 -0.5556
vn -0.8819 -0.0000 -0.4714
vn -0.9239 -0.0000 -0.3827
vn -0.9569 -0.0000 -0.2903
vn -0.9808 -0.0000 -0.1951
vn -0.9952 -0.0000 -0.0980
vn -1.0000 -0.0000 -0.0000
vn -0.9952 -0.0000 0.0980
vn -0.9808 -0.0000 0.1951
vn -0.9569 -0.0000 0.2903
vn -0.9239 -0.0000 0.3827
vn -0.8819 -0.0000 0.4714
vn -0.8315 -0.0000 0.5556
vn -0.7730 -0.0000 0.6344
vn -0.7071 -0.0000 0.7071
vn -0.6344 -0.0000 0.7730
vn -0.5556 -0.0000 0.8315
vn -0.4714 -0.0000 0.8819
vn -0.3827 -0.0000 0.9239
vn -0.2903 -0.0000 0.9569
vn -0.1951 -0.0000 0.9808
vn -0.0980 -0.0000 0.9952
vn -0.0000 -0.0000 1.0000
vn 0.0980 -0.0000 0.9952
vn 0.1951 -0.0000 0.9808
vn 0.2903 -0.0000 0.9569
vn 0.3827 -0.0000 0.9239
vn 0.4714 -0.0000 0.8819
vn 0.5556 -0.0000 0.8315
vn 0.6344 -0.0000 0.7730
vn 0.7071 -0.0000 0.7071
vn 0.7730 -0.0000 0.6344
vn 0.8315 -0.0000 0.5556
vn 0.8819 -0.0000 0.4714
vn 0.9239 -0.0000 0.3827
vn 0.9569 -0.0000 0.2903
vn 0.9808 -0.0000 0.1951
vn 0.9952 -0.0000 0.0980
vn 0.8117 0.5786 -0.0799
vn 0.8156 0.5786 -0.0000
vn 0.7999 0.5786 -0.1591
vn 0.7805 0.5786 -0.2368
vn 0.7535 0.5786 -0.3121
vn 0.7193 0.5786 -0.3845
vn 0.6781 0.5786 -0.4531
vn 0.6305 0.5786 -0.5174
vn 0.5767 0.5786 -0.5767
vn 0.5174 0.5786 -0.6305
vn 0.4531 0.5786 -0.6781
vn 0.3845 0.5786 -0.7193
vn 0.3121 0.5786 -0.7535
vn 0.2367 0.5786 -0.7805
vn 0.1591 0.5786 -0.7999
vn 0.0799 0.5786 -0.8117
vn -0.0000 0.5786 -0.8156
vn -0.0799 0.5786 -0.8117
vn -0.1591 0.5786 -0.7999
vn -0.2368 0.5786 -0.7805
vn -0.3121 0.5786 -0.7535
vn -0.3845 0.5786 -0.7193
vn -0.4531 0.5786 -0.6781
vn -0.5174 0.5786 -0.6305
vn -0.5767 0.5786 -0.5767
vn -0.6305 0.5786 -0.5174
vn -0.6781 0.5786 -0.4531
vn -0.7193 0.5786 -0.3845
vn -0.7535 0.5786 -0.3121
vn -0.7805 0.5786 -0.2368
vn -0.7999 0.5786 -0.1591
vn -0.8117 0.5786 -0.0799
vn -0.8156 0.5786 -0.0000
vn -0.8117 0.5786 0.0799
vn -0.7999 0.5786 0.1591
vn -0.7805 0.5786 0.2368
vn -0.7535 0.5786 0.3121
vn -0.7193 0.5786 0.3845
vn -0.6781 0.5786 0.4531
vn -0.6305 0.5786 0.5174
vn -0.5767 0.5786 0.5767
vn -0.5174 0.5786 0.6305
vn -0.4531 0.5786 0.6781
vn -0.3845 0.5786 0.7193
vn -0.3121 0.5786 0.7535
vn -0.2367 0.5786 0.7805
vn -0.1591 0.5786 0.7999
vn -0.0799 0.5786 0.8117
vn -0.0000 0.5786 0.8156
vn 0.0799 0.5786 0.8117
vn 0.1591 0.5786 0.7999
vn 0.2368 0.5786 0.7805
vn 0.3121 0.5786 0.7535
vn 0.3845 0.5786 0.7193
vn 0.4531 0.5786 0.6781
vn 0.5174 0.5786 0.6305
vn 0.5767 0.5786 0.5767
vn 0.6305 0.5786 0.5174
vn 0.6781 0.5786 0.4531
vn 0.7193 0.5786 0.3845
vn 0.7535 0.5786 0.3121
vn 0.7805 0.5786 0.2368
vn 0.7999 0.5786 0.1591
vn 0.8117 0.5786 0.0799
vn 0.3288 0.9439 -0.0324
vn 0.3304 0.9439 -0.0000
vn 0.3240 0.9439 -0.0644
vn 0.3161 0.9439 -0.0959
vn 0.3052 0.9439 -0.1264
vn 0.2913 0.9439 -0.1557
vn 0.2747 0.9439 -0.1835
vn 0.2554 0.9439 -0.2096
vn 0.2336 0.9439 -0.2336
vn 0.2096 0.9439 -0.2554
vn 0.1835 0.9439 -0.2747
vn 0.1557 0.9439 -0.2913
vn 0.1264 0.9439 -0.3052
vn 0.0959 0.9439 -0.3161
vn 0.0644 0.9439 -0.3240
vn 0.0324 0.9439 -0.3288
vn -0.0000 0.9439 -0.3303
vn -0.0324 0.9439 -0.3288
vn -0.0644 0.9439 -0.3240
vn -0.0959 0.9439 -0.3161
vn -0.1264 0.9439 -0.3052
vn -0.1557 0.9439 -0.2913
vn -0.1835 0.9439 -0.2747
vn -0.2096 0.9439 -0.2554
vn -0.2336 0.9439 -0.2336
vn -0.2554 0.9439 -0.2096
vn -0.2747 0.9439 -0.1835
vn -0.2913 0.9439 -0.1557
vn -0.3052 0.9439 -0.1264
vn -0.3161 0.9439 -0.0959
vn -0.3240 0.9439 -0.0644
vn -0.3288 0.9439 -0.0324
vn -0.3304 0.9439 -0.0000
vn -0.3288 0.9439 0.0324
vn -0.3240 0.9439 0.0644
vn -0.3161 0.9439 0.0959
vn -0.3052 0.9439 0.1264
vn -0.2913 0.9439 0.1557
vn -0.2747 0.9439 0.1835
vn -0.2554 0.9439 0.2096
vn -0.2336 0.9439 0.2336
vn -0.2096 0.9439 0.2554
vn -0.1835 0.9439 0.2747
vn -0.1557 0.9439 0.2913
vn -0.1264 0.9439 0.3052
vn -0.0959 0.9439 0.3161
vn -0.0644 0.9439 0.3240
vn -0.0324 0.9439 0.3288
vn -0.0000 0.9439 0.3303
vn 0.0324 0.9439 0.3288
vn 0.0644 0.9439 0.3240
vn 0.0959 0.9439 0.3161
vn 0.1264 0.9439 0.3052
vn 0.1557 0.9439 0.2913
vn 0.1835 0.9439 0.2747
vn 0.2096 0.9439 0.2554
vn 0.2336 0.9439 0.2336
vn 0.2554 0.9439 0.2096
vn 0.2747 0.9439 0.1835
vn 0.2913 0.9439 0.1557
vn 0.3052 0.9439 0.1264
vn 0.3161 0.9439 0.0959
vn 0.3240 0.9439 0.0644
vn 0.3288 0.9439 0.0324
vn 0.1191 0.9929 -0.0000
vn 0.1186 0.9929 -0.0117
vn 0.1197 0.9927 -0.0118
vn 0.1203 0.9927 -0.0000
vn 0.1169 0.9929 -0.0232
vn 0.1180 0.9927 -0.0235
vn 0.1140 0.9929 -0.0346
vn 0.1151 0.9927 -0.0349
vn 0.1101 0.9929 -0.0456
vn 0.1111 0.9927 -0.0460
vn 0.1061 0.9927 -0.0567
vn 0.1051 0.9929 -0.0562
vn 0.0991 0.9929 -0.0662
vn 0.1000 0.9927 -0.0668
vn 0.0930 0.9927 -0.0763
vn 0.0921 0.9929 -0.0756
vn 0.0851 0.9927 -0.0851
vn 0.0842 0.9929 -0.0842
vn 0.0763 0.9927 -0.0930
vn 0.0756 0.9929 -0.0921
vn 0.0668 0.9927 -0.1000
vn 0.0662 0.9929 -0.0991
vn 0.0567 0.9927 -0.1061
vn 0.0562 0.9929 -0.1051
vn 0.0456 0.9929 -0.1101
vn 0.0460 0.9927 -0.1111
vn 0.0346 0.9929 -0.1140
vn 0.0349 0.9927 -0.1151
vn 0.0232 0.9929 -0.1169
vn 0.0235 0.9927 -0.1180
vn 0.0117 0.9929 -0.1186
vn 0.0118 0.9927 -0.1197
vn -0.0000 0.9929 -0.1191
vn -0.0000 0.9927 -0.1203
vn -0.0117 0.9929 -0.1186
vn -0.0118 0.9927 -0.1197
vn -0.0232 0.9929 -0.1169
vn -0.0235 0.9927 -0.1180
vn -0.0346 0.9929 -0.1140
vn -0.0349 0.9927 -0.1151
vn -0.0456 0.9929 -0.1101
vn -0.0460 0.9927 -0.1111
vn -0.0562 0.9929 -0.1051
vn -0.0567 0.9927 -0.1061
vn -0.0662 0.9929 -0.0991
vn -0.0668 0.9927 -0.1000
vn -0.0763 0.9927 -0.0930
vn -0.0756 0.9929 -0.0921
vn -0.0851 0.9927 -0.0850
vn -0.0842 0.9929 -0.0842
vn -0.0921 0.9929 -0.0756
vn -0.0930 0.9927 -0.0763
vn -0.0991 0.9929 -0.0662
vn -0.1000 0.9927 -0.0668
vn -0.1051 0.9929 -0.0562
vn -0.1061 0.9927 -0.0567
vn -0.1101 0.9929 -0.0456
vn -0.1111 0.9927 -0.0460
vn -0.1140 0.9929 -0.0346
vn -0.1151 0.9927 -0.0349
vn -0.1169 0.9929 -0.0232
vn -0.1180 0.9927 -0.0235
vn -0.1186 0.9929 -0.0117
vn -0.1197 0.9927 -0.0118
vn -0.1191 0.9929 -0.0000
vn -0.1203 0.9927 -0.0000
vn -0.1186 0.9929 0.0117
vn -0.1197 0.9927 0.0118
vn -0.1169 0.9929 0.0232
vn -0.1180 0.9927 0.0235
vn -0.1140 0.9929 0.0346
vn -0.1151 0.9927 0.0349
vn -0.1101 0.9929 0.0456
vn -0.1111 0.9927 0.0460
vn -0.1051 0.9929 0.0562
vn -0.1061 0.9927 0.0567
vn -0.0991 0.9929 0.0662
vn -0.1000 0.9927 0.0668
vn -0.0921 0.9929 0.0756
vn -0.0930 0.9927 0.0763
vn -0.0842 0.9929 0.0842
vn -0.0851 0.9927 0.0851
vn -0.0756 0.9929 0.0921
vn -0.0763 0.9927 0.0930
vn -0.0662 0.9929 0.0991
vn -0.0668 0.9927 0.1000
vn -0.0562 0.9929 0.1051
vn -0.0567 0.9927 0.1061
vn -0.0456 0.9929 0.1101
vn -0.0460 0.9927 0.1111
vn -0.0346 0.9929 0.1140
vn -0.0349 0.9927 0.1151
vn -0.0232 0.9929 0.1169
vn -0.0235 0.9927 0.1180
vn -0.0117 0.9929 0.1186
vn -0.0118 0.9927 0.1197
vn -0.0000 0.9929 0.1191
vn -0.0000 0.9927 0.1203
vn 0.0117 0.9929 0.1186
vn 0.0118 0.9927 0.1197
vn 0.0232 0.9929 0.1169
vn 0.0235 0.9927 0.1180
vn 0.0346 0.9929 0.1140
vn 0.0349 0.9927 0.1151
vn 0.0456 0.9929 0.1101
vn 0.0460 0.9927 0.1111
vn 0.0567 0.9927 0.1061
vn 0.0562 0.9929 0.1051
vn 0.0662 0.9929 0.0991
vn 0.0668 0.9927 0.1000
vn 0.0756 0.9929 0.0921
vn 0.0763 0.9927 0.0930
vn 0.0842 0.9929 0.0842
vn 0.0851 0.9927 0.0851
vn 0.0930 0.9927 0.0763
vn 0.0921 0.9929 0.0756
vn 0.1000 0.9927 0.0668
vn 0.0991 0.9929 0.0662
vn 0.1061 0.9927 0.0567
vn 0.1051 0.9929 0.0562
vn 0.1101 0.9929 0.0456
vn 0.1111 0.9927 0.0460
vn 0.1140 0.9929 0.0346
vn 0.1151 0.9927 0.0349
vn 0.1169 0.9929 0.0232
vn 0.1180 0.9927 0.0235
vn 0.1186 0.9929 0.0117
vn 0.1197 0.9927 0.0118
vn 0.5262 0.8488 -0.0518
vn 0.5288 0.8488 -0.0000
vn 0.5186 0.8488 -0.1032
vn 0.5060 0.8488 -0.1535
vn 0.4885 0.8488 -0.2023
vn 0.4663 0.8488 -0.2492
vn 0.4397 0.8488 -0.2938
vn 0.4087 0.8488 -0.3354
vn 0.3739 0.8488 -0.3739
vn 0.3354 0.8488 -0.4087
vn 0.2938 0.8488 -0.4396
vn 0.2492 0.8488 -0.4663
vn 0.2023 0.8488 -0.4885
vn 0.1535 0.8488 -0.5060
vn 0.1032 0.8488 -0.5186
vn 0.0518 0.8488 -0.5262
vn -0.0000 0.8488 -0.5287
vn -0.0518 0.8488 -0.5262
vn -0.1032 0.8488 -0.5186
vn -0.1535 0.8488 -0.5060
vn -0.2023 0.8488 -0.4885
vn -0.2492 0.8488 -0.4663
vn -0.2938 0.8488 -0.4396
vn -0.3354 0.8488 -0.4087
vn -0.3739 0.8488 -0.3739
vn -0.4087 0.8488 -0.3354
vn -0.4397 0.8488 -0.2938
vn -0.4663 0.8488 -0.2492
vn -0.4885 0.8488 -0.2023
vn -0.5060 0.8488 -0.1535
vn -0.5186 0.8488 -0.1032
vn -0.5262 0.8488 -0.0518
vn -0.5288 0.8488 -0.0000
vn -0.5262 0.8488 0.0518
vn -0.5186 0.8488 0.1032
vn -0.5060 0.8488 0.1535
vn -0.4885 0.8488 0.2023
vn -0.4663 0.8488 0.2492
vn -0.4397 0.8488 0.2938
vn -0.4087 0.8488 0.3354
vn -0.3739 0.8488 0.3739
vn -0.3354 0.8488 0.4087
vn -0.2938 0.8488 0.4396
vn -0.2492 0.8488 0.4663
vn -0.2023 0.8488 0.4885
vn -0.1535 0.8488 0.5060
vn -0.1032 0.8488 0.5186
vn -0.0518 0.8488 0.5262
vn -0.0000 0.8488 0.5287
vn 0.0518 0.8488 0.5262
vn 0.1032 0.8488 0.5186
vn 0.1535 0.8488 0.5060
vn 0.2023 0.8488 0.4885
vn 0.2492 0.8488 0.4663
vn 0.2938 0.8488 0.4396
vn 0.3354 0.8488 0.4087
vn 0.3739 0.8488 0.3739
vn 0.4087 0.8488 0.3354
vn 0.4397 0.8488 0.2938
vn 0.4663 0.8488 0.2492
vn 0.4885 0.8488 0.2023
vn 0.5060 0.8488 0.1535
vn 0.5186 0.8488 0.1031
vn 0.5262 0.8488 0.0518
vn 0.9010 0.4246 -0.0887
vn 0.9054 0.4245 -0.0000
vn 0.8880 0.4246 -0.1766
vn 0.8664 0.4245 -0.2628
vn 0.8365 0.4245 -0.3465
vn 0.7985 0.4246 -0.4268
vn 0.7528 0.4245 -0.5030
vn 0.6999 0.4246 -0.5744
vn 0.6402 0.4245 -0.6402
vn 0.5744 0.4245 -0.6999
vn 0.5030 0.4245 -0.7528
vn 0.4268 0.4245 -0.7985
vn 0.3465 0.4245 -0.8365
vn 0.2628 0.4246 -0.8664
vn 0.1766 0.4246 -0.8880
vn 0.0887 0.4246 -0.9010
vn -0.0000 0.4246 -0.9054
vn -0.0887 0.4246 -0.9010
vn -0.1766 0.4246 -0.8880
vn -0.2628 0.4246 -0.8664
vn -0.3465 0.4245 -0.8365
vn -0.4268 0.4245 -0.7985
vn -0.5030 0.4245 -0.7528
vn -0.5744 0.4245 -0.6999
vn -0.6402 0.4245 -0.6402
vn -0.6999 0.4246 -0.5744
vn -0.7528 0.4245 -0.5030
vn -0.7985 0.4246 -0.4268
vn -0.8365 0.4245 -0.3465
vn -0.8664 0.4245 -0.2628
vn -0.8880 0.4246 -0.1766
vn -0.9010 0.4246 -0.0887
vn -0.9054 0.4245 -0.0000
vn -0.9010 0.4246 0.0887
vn -0.8880 0.4246 0.1766
vn -0.8664 0.4245 0.2628
vn -0.8365 0.4245 0.3465
vn -0.7985 0.4246 0.4268
vn -0.7528 0.4245 0.5030
vn -0.6999 0.4246 0.5744
vn -0.6402 0.4246 0.6402
vn -0.5744 0.4245 0.6999
vn -0.5030 0.4245 0.7528
vn -0.4268 0.4246 0.7985
vn -0.3465 0.4245 0.8365
vn -0.2628 0.4246 0.8664
vn -0.1766 0.4246 0.8880
vn -0.0887 0.4246 0.9010
vn -0.0000 0.4246 0.9054
vn 0.0887 0.4246 0.9010
vn 0.1766 0.4246 0.8880
vn 0.2628 0.4246 0.8664
vn 0.3465 0.4246 0.8365
vn 0.4268 0.4246 0.7985
vn 0.5030 0.4245 0.7528
vn 0.5744 0.4245 0.6999
vn 0.6402 0.4246 0.6402
vn 0.6999 0.4246 0.5744
vn 0.7528 0.4245 0.5030
vn 0.7985 0.4246 0.4268
vn 0.8365 0.4245 0.3465
vn 0.8664 0.4245 0.2628
vn 0.8880 0.4246 0.1766
vn 0.9010 0.4246 0.0887
vn 0.9856 0.1382 -0.0971
vn 0.9904 0.1382 -0.0000
vn 0.9714 0.1382 -0.1932
vn 0.9478 0.1382 -0.2875
vn 0.9150 0.1382 -0.3790
vn 0.8735 0.1382 -0.4669
vn 0.8235 0.1382 -0.5502
vn 0.7656 0.1382 -0.6283
vn 0.7003 0.1382 -0.7003
vn 0.6283 0.1382 -0.7656
vn 0.5502 0.1381 -0.8235
vn 0.4669 0.1382 -0.8735
vn 0.3790 0.1382 -0.9150
vn 0.2875 0.1382 -0.9478
vn 0.1932 0.1382 -0.9714
vn 0.0971 0.1382 -0.9856
vn -0.0000 0.1382 -0.9904
vn -0.0971 0.1382 -0.9856
vn -0.1932 0.1382 -0.9714
vn -0.2875 0.1382 -0.9478
vn -0.3790 0.1382 -0.9150
vn -0.4669 0.1382 -0.8735
vn -0.5502 0.1381 -0.8235
vn -0.6283 0.1382 -0.7656
vn -0.7003 0.1382 -0.7003
vn -0.7656 0.1382 -0.6283
vn -0.8235 0.1382 -0.5502
vn -0.8735 0.1382 -0.4669
vn -0.9150 0.1382 -0.3790
vn -0.9478 0.1382 -0.2875
vn -0.9714 0.1382 -0.1932
vn -0.9856 0.1382 -0.0971
vn -0.9904 0.1382 -0.0000
vn -0.9856 0.1382 0.0971
vn -0.9714 0.1382 0.1932
vn -0.9478 0.1382 0.2875
vn -0.9150 0.1382 0.3790
vn -0.8735 0.1382 0.4669
vn -0.8235 0.1382 0.5502
vn -0.7656 0.1382 0.6283
vn -0.7003 0.1382 0.7003
vn -0.6283 0.1382 0.7656
vn -0.5502 0.1381 0.8235
vn -0.4669 0.1382 0.8735
vn -0.3790 0.1382 0.9150
vn -0.2875 0.1382 0.9478
vn -0.1932 0.1382 0.9714
vn -0.0971 0.1382 0.9856
vn -0.0000 0.1382 0.9904
vn 0.0971 0.1382 0.9856
vn 0.1932 0.1382 0.9714
vn 0.2875 0.1382 0.9478
vn 0.3790 0.1382 0.9150
vn 0.4669 0.1382 0.8735
vn 0.5502 0.1381 0.8235
vn 0.6283 0.1382 0.7656
vn 0.7003 0.1382 0.7003
vn 0.7656 0.1382 0.6283
vn 0.8235 0.1382 0.5502
vn 0.8735 0.1382 0.4669
vn 0.9150 0.1382 0.3790
vn 0.9478 0.1382 0.2875
vn 0.9714 0.1382 0.1932
vn 0.9856 0.1382 0.0971
vn 0.7730 -0.0000 -0.6343
vn 0.7072 -0.0000 -0.7070
vn -0.7072 -0.0000 -0.7070
vn -0.7730 -0.0000 -0.6343
vn -0.7730 -0.0000 0.6343
vn -0.7072 -0.0000 0.7070
vn 0.7072 -0.0000 0.7070
vn 0.7730 -0.0000 0.6343
vn 0.7349 -0.6743 -0.0724
vn 0.7384 -0.6743 -0.0000
vn 0.7242 -0.6743 -0.1441
vn 0.7066 -0.6743 -0.2144
vn 0.6822 -0.6744 -0.2826
vn 0.6512 -0.6743 -0.3481
vn 0.6140 -0.6743 -0.4102
vn 0.5708 -0.6743 -0.4684
vn 0.5221 -0.6743 -0.5221
vn 0.4684 -0.6743 -0.5708
vn 0.4102 -0.6743 -0.6140
vn 0.3481 -0.6743 -0.6512
vn 0.2826 -0.6743 -0.6822
vn 0.2144 -0.6743 -0.7066
vn 0.1441 -0.6743 -0.7242
vn 0.0724 -0.6743 -0.7349
vn -0.0000 -0.6743 -0.7384
vn -0.0724 -0.6743 -0.7349
vn -0.1441 -0.6743 -0.7242
vn -0.2144 -0.6743 -0.7066
vn -0.2826 -0.6743 -0.6822
vn -0.3481 -0.6743 -0.6512
vn -0.4103 -0.6743 -0.6140
vn -0.4685 -0.6743 -0.5708
vn -0.5221 -0.6743 -0.5221
vn -0.5708 -0.6743 -0.4684
vn -0.6140 -0.6743 -0.4102
vn -0.6512 -0.6743 -0.3481
vn -0.6822 -0.6744 -0.2826
vn -0.7066 -0.6743 -0.2144
vn -0.7242 -0.6743 -0.1441
vn -0.7349 -0.6743 -0.0724
vn -0.7384 -0.6743 -0.0000
vn -0.7349 -0.6743 0.0724
vn -0.7242 -0.6743 0.1441
vn -0.7066 -0.6743 0.2144
vn -0.6822 -0.6744 0.2826
vn -0.6512 -0.6743 0.3481
vn -0.6140 -0.6743 0.4102
vn -0.5708 -0.6743 0.4684
vn -0.5221 -0.6743 0.5221
vn -0.4684 -0.6743 0.5708
vn -0.4102 -0.6743 0.6140
vn -0.3481 -0.6743 0.6512
vn -0.2826 -0.6743 0.6822
vn -0.2144 -0.6743 0.7066
vn -0.1441 -0.6743 0.7242
vn -0.0724 -0.6743 0.7349
vn -0.0000 -0.6743 0.7384
vn 0.0724 -0.6743 0.7349
vn 0.1441 -0.6743 0.7242
vn 0.2144 -0.6743 0.7066
vn 0.2826 -0.6743 0.6822
vn 0.3481 -0.6743 0.6512
vn 0.4102 -0.6743 0.6140
vn 0.4684 -0.6743 0.5708
vn 0.5221 -0.6743 0.5221
vn 0.5708 -0.6743 0.4684
vn 0.6140 -0.6743 0.4102
vn 0.6512 -0.6743 0.3481
vn 0.6822 -0.6744 0.2826
vn 0.7066 -0.6743 0.2144
vn 0.7242 -0.6743 0.1441
vn 0.7349 -0.6743 0.0724
vn 0.0905 -0.9959 -0.0000
vn 0.0901 -0.9959 -0.0089
vn 0.0888 -0.9959 -0.0177
vn 0.0866 -0.9959 -0.0263
vn 0.0836 -0.9959 -0.0346
vn 0.0798 -0.9959 -0.0427
vn 0.0753 -0.9959 -0.0503
vn 0.0700 -0.9959 -0.0574
vn 0.0640 -0.9959 -0.0640
vn 0.0574 -0.9959 -0.0700
vn 0.0503 -0.9959 -0.0753
vn 0.0427 -0.9959 -0.0798
vn 0.0346 -0.9959 -0.0836
vn 0.0263 -0.9959 -0.0866
vn 0.0177 -0.9959 -0.0888
vn 0.0089 -0.9959 -0.0901
vn -0.0000 -0.9959 -0.0905
vn -0.0089 -0.9959 -0.0901
vn -0.0177 -0.9959 -0.0888
vn -0.0263 -0.9959 -0.0866
vn -0.0346 -0.9959 -0.0836
vn -0.0427 -0.9959 -0.0798
vn -0.0503 -0.9959 -0.0753
vn -0.0574 -0.9959 -0.0700
vn -0.0640 -0.9959 -0.0640
vn -0.0700 -0.9959 -0.0574
vn -0.0753 -0.9959 -0.0503
vn -0.0798 -0.9959 -0.0427
vn -0.0836 -0.9959 -0.0346
vn -0.0866 -0.9959 -0.0263
vn -0.0888 -0.9959 -0.0177
vn -0.0901 -0.9959 -0.0089
vn -0.0905 -0.9959 -0.0000
vn -0.0901 -0.9959 0.0089
vn -0.0888 -0.9959 0.0177
vn -0.0866 -0.9959 0.0263
vn -0.0836 -0.9959 0.0346
vn -0.0798 -0.9959 0.0427
vn -0.0753 -0.9959 0.0503
vn -0.0700 -0.9959 0.0574
vn -0.0640 -0.9959 0.0640
vn -0.0574 -0.9959 0.0700
vn -0.0503 -0.9959 0.0753
vn -0.0427 -0.9959 0.0798
vn -0.0346 -0.9959 0.0836
vn -0.0263 -0.9959 0.0866
vn -0.0177 -0.9959 0.0888
vn -0.0089 -0.9959 0.0901
vn -0.0000 -0.9959 0.0905
vn 0.0089 -0.9959 0.0901
vn 0.0177 -0.9959 0.0888
vn 0.0263 -0.9959 0.0866
vn 0.0346 -0.9959 0.0836
vn 0.0427 -0.9959 0.0798
vn 0.0503 -0.9959 0.0753
vn 0.0574 -0.9959 0.0700
vn 0.0640 -0.9959 0.0640
vn 0.0700 -0.9959 0.0574
vn 0.0753 -0.9959 0.0503
vn 0.0798 -0.9959 0.0427
vn 0.0836 -0.9959 0.0346
vn 0.0866 -0.9959 0.0263
vn 0.0888 -0.9959 0.0177
vn 0.0901 -0.9959 0.0089
vn 0.6822 -0.6743 -0.2826
vn -0.4102 -0.6743 -0.6140
vn -0.4684 -0.6743 -0.5708
vn -0.6822 -0.6743 -0.2826
vn -0.6822 -0.6743 0.2826
vn 0.6822 -0.6743 0.2826
vn 0.7488 0.6587 -0.0737
vn 0.7524 0.6587 -0.0000
vn 0.7379 0.6587 -0.1468
vn 0.7200 0.6587 -0.2184
vn 0.6951 0.6587 -0.2879
vn 0.6635 0.6587 -0.3547
vn 0.6256 0.6587 -0.4180
vn 0.5816 0.6587 -0.4773
vn 0.5320 0.6587 -0.5320
vn 0.4773 0.6587 -0.5816
vn 0.4180 0.6587 -0.6256
vn 0.3547 0.6587 -0.6635
vn 0.2879 0.6587 -0.6951
vn 0.2184 0.6587 -0.7200
vn 0.1468 0.6587 -0.7379
vn 0.0737 0.6587 -0.7488
vn -0.0000 0.6587 -0.7524
vn -0.0737 0.6587 -0.7488
vn -0.1468 0.6587 -0.7379
vn -0.2184 0.6587 -0.7200
vn -0.2879 0.6587 -0.6951
vn -0.3547 0.6587 -0.6635
vn -0.4180 0.6587 -0.6256
vn -0.4773 0.6587 -0.5816
vn -0.5320 0.6587 -0.5320
vn -0.5816 0.6587 -0.4773
vn -0.6256 0.6587 -0.4180
vn -0.6635 0.6587 -0.3547
vn -0.6951 0.6587 -0.2879
vn -0.7200 0.6587 -0.2184
vn -0.7379 0.6587 -0.1468
vn -0.7488 0.6587 -0.0737
vn -0.7524 0.6587 -0.0000
vn -0.7488 0.6587 0.0737
vn -0.7379 0.6587 0.1468
vn -0.7200 0.6587 0.2184
vn -0.6951 0.6587 0.2879
vn -0.6635 0.6587 0.3547
vn -0.6256 0.6587 0.4180
vn -0.5816 0.6587 0.4773
vn -0.5320 0.6587 0.5320
vn -0.4773 0.6587 0.5816
vn -0.4180 0.6587 0.6256
vn -0.3547 0.6587 0.6635
vn -0.2879 0.6587 0.6951
vn -0.2184 0.6587 0.7200
vn -0.1468 0.6587 0.7379
vn -0.0737 0.6587 0.7488
vn -0.0000 0.6587 0.7524
vn 0.0737 0.6587 0.7488
vn 0.1468 0.6587 0.7379
vn 0.2184 0.6587 0.7200
vn 0.2879 0.6587 0.6951
vn 0.3547 0.6587 0.6635
vn 0.4180 0.6587 0.6256
vn 0.4773 0.6587 0.5816
vn 0.5320 0.6587 0.5320
vn 0.5816 0.6587 0.4773
vn 0.6256 0.6587 0.4180
vn 0.6635 0.6587 0.3547
vn 0.6951 0.6587 0.2879
vn 0.7200 0.6587 0.2184
vn 0.7379 0.6587 0.1468
vn 0.7488 0.6587 0.0737
vn 0.1315 0.9912 -0.0130
vn 0.1322 0.9912 -0.0000
vn 0.1296 0.9912 -0.0258
vn 0.1265 0.9912 -0.0384
vn 0.1221 0.9912 -0.0506
vn 0.1166 0.9912 -0.0623
vn 0.1099 0.9912 -0.0734
vn 0.1022 0.9912 -0.0838
vn 0.0935 0.9912 -0.0935
vn 0.0838 0.9912 -0.1022
vn 0.0734 0.9912 -0.1099
vn 0.0623 0.9912 -0.1166
vn 0.0506 0.9912 -0.1221
vn 0.0384 0.9912 -0.1265
vn 0.0258 0.9912 -0.1296
vn 0.0130 0.9912 -0.1315
vn -0.0000 0.9912 -0.1322
vn -0.0130 0.9912 -0.1315
vn -0.0258 0.9912 -0.1296
vn -0.0384 0.9912 -0.1265
vn -0.0506 0.9912 -0.1221
vn -0.0623 0.9912 -0.1166
vn -0.0734 0.9912 -0.1099
vn -0.0838 0.9912 -0.1022
vn -0.0935 0.9912 -0.0935
vn -0.1022 0.9912 -0.0838
vn -0.1099 0.9912 -0.0734
vn -0.1166 0.9912 -0.0623
vn -0.1221 0.9912 -0.0506
vn -0.1265 0.9912 -0.0384
vn -0.1296 0.9912 -0.0258
vn -0.1315 0.9912 -0.0130
vn -0.1322 0.9912 -0.0000
vn -0.1315 0.9912 0.0130
vn -0.1296 0.9912 0.0258
vn -0.1265 0.9912 0.0384
vn -0.1221 0.9912 0.0506
vn -0.1166 0.9912 0.0623
vn -0.1099 0.9912 0.0734
vn -0.1022 0.9912 0.0838
vn -0.0935 0.9912 0.0935
vn -0.0838 0.9912 0.1022
vn -0.0734 0.9912 0.1099
vn -0.0623 0.9912 0.1166
vn -0.0506 0.9912 0.1221
vn -0.0384 0.9912 0.1265
vn -0.0258 0.9912 0.1296
vn -0.0130 0.9912 0.1315
vn -0.0000 0.9912 0.1322
vn 0.0130 0.9912 0.1315
vn 0.0258 0.9912 0.1296
vn 0.0384 0.9912 0.1265
vn 0.0506 0.9912 0.1221
vn 0.0623 0.9912 0.1166
vn 0.0734 0.9912 0.1099
vn 0.0838 0.9912 0.1022
vn 0.0935 0.9912 0.0935
vn 0.1022 0.9912 0.0838
vn 0.1099 0.9912 0.0734
vn 0.1166 0.9912 0.0623
vn 0.1221 0.9912 0.0506
vn 0.1265 0.9912 0.0384
vn 0.1296 0.9912 0.0258
vn 0.1315 0.9912 0.0130
vn 0.9862 0.1338 -0.0971
vn 0.9910 0.1338 -0.0000
vn 0.9720 0.1338 -0.1933
vn 0.9483 0.1338 -0.2877
vn 0.9156 0.1338 -0.3792
vn 0.8740 0.1339 -0.4672
vn 0.8240 0.1338 -0.5506
vn 0.7661 0.1338 -0.6287
vn 0.7007 0.1339 -0.7007
vn 0.6287 0.1339 -0.7661
vn 0.5506 0.1338 -0.8240
vn 0.4672 0.1339 -0.8740
vn 0.3792 0.1338 -0.9156
vn 0.2877 0.1338 -0.9483
vn 0.1933 0.1338 -0.9720
vn 0.0971 0.1338 -0.9862
vn -0.0000 0.1338 -0.9910
vn -0.0971 0.1338 -0.9862
vn -0.1933 0.1338 -0.9720
vn -0.2877 0.1338 -0.9483
vn -0.3792 0.1338 -0.9156
vn -0.4672 0.1338 -0.8740
vn -0.5506 0.1338 -0.8240
vn -0.6287 0.1338 -0.7661
vn -0.7007 0.1339 -0.7007
vn -0.7661 0.1338 -0.6287
vn -0.8240 0.1338 -0.5506
vn -0.8740 0.1339 -0.4672
vn -0.9156 0.1338 -0.3792
vn -0.9483 0.1338 -0.2877
vn -0.9720 0.1338 -0.1933
vn -0.9862 0.1338 -0.0971
vn -0.9910 0.1338 -0.0000
vn -0.9862 0.1338 0.0971
vn -0.9720 0.1338 0.1933
vn -0.9483 0.1338 0.2877
vn -0.9156 0.1338 0.3792
vn -0.8740 0.1339 0.4672
vn -0.8240 0.1338 0.5506
vn -0.7661 0.1338 0.6287
vn -0.7007 0.1339 0.7007
vn -0.6287 0.1339 0.7661
vn -0.5506 0.1339 0.8240
vn -0.4672 0.1339 0.8740
vn -0.3792 0.1338 0.9156
vn -0.2877 0.1338 0.9483
vn -0.1933 0.1338 0.9720
vn -0.1933 0.1339 0.9720
vn -0.0971 0.1338 0.9862
vn -0.0000 0.1338 0.9910
vn 0.0971 0.1338 0.9862
vn 0.1933 0.1338 0.9720
vn 0.2877 0.1338 0.9483
vn 0.3792 0.1338 0.9156
vn 0.4672 0.1338 0.8740
vn 0.5506 0.1339 0.8240
vn 0.6287 0.1339 0.7661
vn 0.7007 0.1339 0.7007
vn 0.7661 0.1338 0.6287
vn 0.8240 0.1338 0.5506
vn 0.8740 0.1339 0.4672
vn 0.9156 0.1338 0.3792
vn 0.9483 0.1338 0.2877
vn 0.9720 0.1338 0.1933
vn 0.9862 0.1338 0.0971
vn 0.5910 -0.8046 -0.0582
vn 0.5939 -0.8046 -0.0000
vn 0.3904 -0.9206 -0.0000
vn 0.3885 -0.9206 -0.0383
vn 0.3829 -0.9206 -0.0762
vn 0.5825 -0.8046 -0.1159
vn 0.3736 -0.9206 -0.1133
vn 0.5683 -0.8046 -0.1724
vn 0.3607 -0.9206 -0.1494
vn 0.5487 -0.8046 -0.2273
vn 0.3443 -0.9206 -0.1840
vn 0.5238 -0.8046 -0.2800
vn 0.4938 -0.8046 -0.3299
vn 0.3246 -0.9206 -0.2169
vn 0.3018 -0.9206 -0.2477
vn 0.4591 -0.8046 -0.3768
vn 0.2761 -0.9206 -0.2761
vn 0.4199 -0.8046 -0.4199
vn 0.2477 -0.9206 -0.3018
vn 0.3768 -0.8046 -0.4591
vn 0.2169 -0.9206 -0.3246
vn 0.3299 -0.8046 -0.4938
vn 0.1840 -0.9206 -0.3443
vn 0.2800 -0.8046 -0.5238
vn 0.1494 -0.9206 -0.3607
vn 0.2273 -0.8046 -0.5487
vn 0.1133 -0.9206 -0.3736
vn 0.1724 -0.8046 -0.5683
vn 0.0762 -0.9206 -0.3829
vn 0.1159 -0.8046 -0.5825
vn 0.0383 -0.9206 -0.3885
vn 0.0582 -0.8046 -0.5910
vn -0.0000 -0.9206 -0.3904
vn -0.0000 -0.8046 -0.5939
vn -0.0383 -0.9206 -0.3885
vn -0.0582 -0.8046 -0.5910
vn -0.0762 -0.9206 -0.3829
vn -0.1159 -0.8046 -0.5825
vn -0.1133 -0.9206 -0.3736
vn -0.1724 -0.8046 -0.5683
vn -0.1494 -0.9206 -0.3607
vn -0.2273 -0.8046 -0.5487
vn -0.1840 -0.9206 -0.3443
vn -0.2800 -0.8046 -0.5238
vn -0.2169 -0.9206 -0.3246
vn -0.3299 -0.8046 -0.4938
vn -0.2477 -0.9206 -0.3018
vn -0.3768 -0.8046 -0.4591
vn -0.4199 -0.8046 -0.4199
vn -0.2760 -0.9206 -0.2761
vn -0.3018 -0.9206 -0.2477
vn -0.4591 -0.8046 -0.3768
vn -0.3246 -0.9206 -0.2169
vn -0.4938 -0.8046 -0.3299
vn -0.3443 -0.9206 -0.1840
vn -0.5238 -0.8046 -0.2800
vn -0.5487 -0.8046 -0.2273
vn -0.3607 -0.9206 -0.1494
vn -0.3736 -0.9206 -0.1133
vn -0.5683 -0.8046 -0.1724
vn -0.3829 -0.9206 -0.0762
vn -0.5825 -0.8046 -0.1159
vn -0.3885 -0.9206 -0.0383
vn -0.5910 -0.8046 -0.0582
vn -0.3904 -0.9206 -0.0000
vn -0.5939 -0.8046 -0.0000
vn -0.3885 -0.9206 0.0383
vn -0.5910 -0.8046 0.0582
vn -0.5825 -0.8046 0.1159
vn -0.3829 -0.9206 0.0762
vn -0.5683 -0.8046 0.1724
vn -0.3736 -0.9206 0.1133
vn -0.5487 -0.8046 0.2273
vn -0.3607 -0.9206 0.1494
vn -0.5238 -0.8046 0.2800
vn -0.3443 -0.9206 0.1840
vn -0.3246 -0.9206 0.2169
vn -0.4938 -0.8046 0.3299
vn -0.4591 -0.8046 0.3768
vn -0.3018 -0.9206 0.2477
vn -0.4199 -0.8046 0.4199
vn -0.2761 -0.9206 0.2761
vn -0.3768 -0.8046 0.4591
vn -0.2477 -0.9206 0.3018
vn -0.3299 -0.8046 0.4938
vn -0.2169 -0.9206 0.3246
vn -0.2800 -0.8046 0.5238
vn -0.1840 -0.9206 0.3443
vn -0.2273 -0.8046 0.5487
vn -0.1494 -0.9206 0.3607
vn -0.1724 -0.8046 0.5683
vn -0.1133 -0.9206 0.3736
vn -0.1159 -0.8046 0.5825
vn -0.0762 -0.9206 0.3829
vn -0.0582 -0.8046 0.5910
vn -0.0383 -0.9206 0.3885
vn -0.0000 -0.8046 0.5939
vn -0.0000 -0.9206 0.3904
vn 0.0582 -0.8046 0.5910
vn 0.0383 -0.9206 0.3885
vn 0.1159 -0.8046 0.5825
vn 0.0762 -0.9206 0.3829
vn 0.1724 -0.8046 0.5683
vn 0.1133 -0.9206 0.3736
vn 0.2273 -0.8046 0.5487
vn 0.1494 -0.9206 0.3607
vn 0.2800 -0.8046 0.5238
vn 0.1840 -0.9206 0.3443
vn 0.3299 -0.8046 0.4938
vn 0.2169 -0.9206 0.3246
vn 0.3768 -0.8046 0.4591
vn 0.2477 -0.9206 0.3018
vn 0.2760 -0.9206 0.2761
vn 0.4199 -0.8046 0.4199
vn 0.4591 -0.8046 0.3768
vn 0.3018 -0.9206 0.2477
vn 0.4938 -0.8046 0.3299
vn 0.3246 -0.9206 0.2169
vn 0.5238 -0.8046 0.2800
vn 0.3443 -0.9206 0.1840
vn 0.3607 -0.9206 0.1494
vn 0.5487 -0.8046 0.2273
vn 0.5683 -0.8046 0.1724
vn 0.3736 -0.9206 0.1133
vn 0.5825 -0.8046 0.1159
vn 0.3829 -0.9206 0.0762
vn 0.5910 -0.8046 0.0582
vn 0.3885 -0.9206 0.0383
vn 0.7604 -0.6451 -0.0749
vn 0.7641 -0.6451 -0.0000
vn 0.7494 -0.6451 -0.1491
vn 0.7312 -0.6451 -0.2218
vn 0.7059 -0.6451 -0.2924
vn 0.6739 -0.6451 -0.3602
vn 0.6353 -0.6451 -0.4245
vn 0.5907 -0.6451 -0.4847
vn 0.5403 -0.6451 -0.5403
vn 0.4847 -0.6451 -0.5907
vn 0.4245 -0.6451 -0.6353
vn 0.3602 -0.6451 -0.6739
vn 0.2924 -0.6451 -0.7059
vn 0.2218 -0.6451 -0.7312
vn 0.1491 -0.6451 -0.7494
vn 0.0749 -0.6451 -0.7604
vn -0.0000 -0.6451 -0.7641
vn -0.0749 -0.6451 -0.7604
vn -0.1491 -0.6451 -0.7494
vn -0.2218 -0.6451 -0.7312
vn -0.2924 -0.6451 -0.7059
vn -0.3602 -0.6451 -0.6739
vn -0.4245 -0.6451 -0.6353
vn -0.4847 -0.6451 -0.5907
vn -0.5403 -0.6451 -0.5403
vn -0.5907 -0.6451 -0.4847
vn -0.6353 -0.6451 -0.4245
vn -0.6739 -0.6451 -0.3602
vn -0.7059 -0.6451 -0.2924
vn -0.7312 -0.6451 -0.2218
vn -0.7494 -0.6451 -0.1491
vn -0.7604 -0.6451 -0.0749
vn -0.7641 -0.6451 -0.0000
vn -0.7604 -0.6451 0.0749
vn -0.7494 -0.6451 0.1491
vn -0.7312 -0.6451 0.2218
vn -0.7059 -0.6451 0.2924
vn -0.6739 -0.6451 0.3602
vn -0.6353 -0.6451 0.4245
vn -0.5907 -0.6451 0.4847
vn -0.5403 -0.6451 0.5403
vn -0.4847 -0.6451 0.5907
vn -0.4245 -0.6451 0.6353
vn -0.3602 -0.6451 0.6739
vn -0.2924 -0.6451 0.7059
vn -0.2218 -0.6451 0.7312
vn -0.1491 -0.6451 0.7494
vn -0.0749 -0.6451 0.7604
vn -0.0000 -0.6451 0.7641
vn 0.0749 -0.6451 0.7604
vn 0.1491 -0.6451 0.7494
vn 0.2218 -0.6451 0.7312
vn 0.2924 -0.6451 0.7059
vn 0.3602 -0.6451 0.6739
vn 0.4245 -0.6451 0.6353
vn 0.4847 -0.6451 0.5907
vn 0.5403 -0.6451 0.5403
vn 0.5907 -0.6451 0.4847
vn 0.6353 -0.6451 0.4245
vn 0.6739 -0.6451 0.3602
vn 0.7059 -0.6451 0.2924
vn 0.7312 -0.6451 0.2218
vn 0.7494 -0.6451 0.1491
vn 0.7604 -0.6451 0.0749
vn 0.8727 -0.4806 -0.0860
vn 0.8770 -0.4806 -0.0000
vn 0.8601 -0.4806 -0.1711
vn 0.8392 -0.4806 -0.2546
vn 0.8102 -0.4806 -0.3356
vn 0.7734 -0.4806 -0.4134
vn 0.7292 -0.4806 -0.4872
vn 0.6779 -0.4806 -0.5563
vn 0.6201 -0.4806 -0.6201
vn 0.5563 -0.4806 -0.6779
vn 0.4872 -0.4806 -0.7292
vn 0.4134 -0.4806 -0.7734
vn 0.3356 -0.4806 -0.8102
vn 0.2546 -0.4806 -0.8392
vn 0.1711 -0.4806 -0.8601
vn 0.0860 -0.4806 -0.8727
vn -0.0000 -0.4806 -0.8770
vn -0.0860 -0.4806 -0.8727
vn -0.1711 -0.4806 -0.8601
vn -0.2546 -0.4806 -0.8392
vn -0.3356 -0.4806 -0.8102
vn -0.4134 -0.4806 -0.7734
vn -0.4872 -0.4806 -0.7292
vn -0.5563 -0.4806 -0.6779
vn -0.6201 -0.4806 -0.6201
vn -0.6779 -0.4806 -0.5563
vn -0.7292 -0.4806 -0.4872
vn -0.7734 -0.4806 -0.4134
vn -0.8102 -0.4806 -0.3356
vn -0.8392 -0.4806 -0.2546
vn -0.8601 -0.4806 -0.1711
vn -0.8727 -0.4806 -0.0860
vn -0.8770 -0.4806 -0.0000
vn -0.8727 -0.4806 0.0860
vn -0.8601 -0.4806 0.1711
vn -0.8392 -0.4806 0.2546
vn -0.8102 -0.4806 0.3356
vn -0.7734 -0.4806 0.4134
vn -0.7292 -0.4806 0.4872
vn -0.6779 -0.4806 0.5563
vn -0.6201 -0.4806 0.6201
vn -0.5563 -0.4806 0.6779
vn -0.4872 -0.4806 0.7292
vn -0.4134 -0.4806 0.7734
vn -0.3356 -0.4806 0.8102
vn -0.2546 -0.4806 0.8392
vn -0.1711 -0.4806 0.8601
vn -0.0860 -0.4806 0.8727
vn -0.0000 -0.4806 0.8770
vn 0.0860 -0.4806 0.8727
vn 0.1711 -0.4806 0.8601
vn 0.2546 -0.4806 0.8392
vn 0.3356 -0.4806 0.8102
vn 0.4134 -0.4806 0.7734
vn 0.4872 -0.4806 0.7292
vn 0.5563 -0.4806 0.6779
vn 0.6201 -0.4806 0.6201
vn 0.6779 -0.4806 0.5563
vn 0.7292 -0.4806 0.4872
vn 0.7734 -0.4806 0.4134
vn 0.8102 -0.4806 0.3356
vn 0.8392 -0.4806 0.2546
vn 0.8601 -0.4806 0.1711
vn 0.8727 -0.4806 0.0860
vn 0.9357 -0.3404 -0.0922
vn 0.9403 -0.3404 -0.0000
vn 0.9222 -0.3404 -0.1834
vn 0.8998 -0.3405 -0.2729
vn 0.8687 -0.3404 -0.3598
vn 0.8292 -0.3404 -0.4432
vn 0.7818 -0.3404 -0.5224
vn 0.7268 -0.3405 -0.5965
vn 0.6649 -0.3404 -0.6649
vn 0.5965 -0.3404 -0.7268
vn 0.5224 -0.3405 -0.7818
vn 0.4432 -0.3405 -0.8292
vn 0.3598 -0.3405 -0.8687
vn 0.2729 -0.3404 -0.8998
vn 0.1834 -0.3404 -0.9222
vn 0.0922 -0.3404 -0.9357
vn -0.0000 -0.3404 -0.9403
vn -0.0922 -0.3405 -0.9357
vn -0.1834 -0.3405 -0.9222
vn -0.2729 -0.3404 -0.8998
vn -0.3598 -0.3405 -0.8687
vn -0.4432 -0.3405 -0.8292
vn -0.5224 -0.3404 -0.7818
vn -0.5965 -0.3404 -0.7268
vn -0.6649 -0.3404 -0.6649
vn -0.7268 -0.3405 -0.5965
vn -0.7818 -0.3405 -0.5224
vn -0.8292 -0.3405 -0.4432
vn -0.8687 -0.3405 -0.3598
vn -0.8998 -0.3405 -0.2729
vn -0.9222 -0.3405 -0.1834
vn -0.9357 -0.3405 -0.0922
vn -0.9403 -0.3404 -0.0000
vn -0.9357 -0.3404 0.0922
vn -0.9222 -0.3405 0.1834
vn -0.8998 -0.3405 0.2729
vn -0.8687 -0.3404 0.3598
vn -0.8292 -0.3404 0.4432
vn -0.7818 -0.3405 0.5224
vn -0.7268 -0.3405 0.5965
vn -0.6649 -0.3404 0.6649
vn -0.5965 -0.3405 0.7268
vn -0.5224 -0.3404 0.7818
vn -0.4432 -0.3405 0.8292
vn -0.3598 -0.3404 0.8687
vn -0.2729 -0.3405 0.8998
vn -0.1834 -0.3405 0.9222
vn -0.0922 -0.3405 0.9357
vn -0.0000 -0.3404 0.9403
vn 0.0922 -0.3405 0.9357
vn 0.1834 -0.3405 0.9222
vn 0.2729 -0.3405 0.8998
vn 0.3598 -0.3404 0.8687
vn 0.4432 -0.3404 0.8292
vn 0.5224 -0.3404 0.7818
vn 0.5965 -0.3405 0.7268
vn 0.6649 -0.3405 0.6649
vn 0.7268 -0.3404 0.5965
vn 0.7818 -0.3405 0.5224
vn 0.8292 -0.3405 0.4432
vn 0.8687 -0.3405 0.3598
vn 0.8998 -0.3404 0.2729
vn 0.9222 -0.3405 0.1834
vn 0.9357 -0.3404 0.0922
vn 0.9713 -0.2177 -0.0957
vn 0.9760 -0.2177 -0.0000
vn 0.9572 -0.2178 -0.1904
vn 0.9340 -0.2177 -0.2833
vn 0.9017 -0.2178 -0.3735
vn 0.8608 -0.2178 -0.4601
vn 0.8115 -0.2177 -0.5422
vn 0.7545 -0.2178 -0.6192
vn 0.6901 -0.2178 -0.6901
vn 0.6192 -0.2178 -0.7545
vn 0.5422 -0.2177 -0.8115
vn 0.4601 -0.2178 -0.8608
vn 0.3735 -0.2178 -0.9017
vn 0.2833 -0.2177 -0.9340
vn 0.1904 -0.2178 -0.9572
vn 0.0957 -0.2177 -0.9713
vn -0.0000 -0.2178 -0.9760
vn -0.0957 -0.2178 -0.9713
vn -0.1904 -0.2178 -0.9572
vn -0.2833 -0.2178 -0.9340
vn -0.3735 -0.2177 -0.9017
vn -0.4601 -0.2178 -0.8608
vn -0.5422 -0.2178 -0.8115
vn -0.6192 -0.2178 -0.7545
vn -0.6901 -0.2178 -0.6901
vn -0.7545 -0.2178 -0.6192
vn -0.8115 -0.2178 -0.5422
vn -0.8608 -0.2177 -0.4601
vn -0.9017 -0.2177 -0.3735
vn -0.9296 -0.2269 -0.2905
vn -0.9504 -0.2501 -0.1850
vn -0.9649 -0.2446 -0.0956
vn -0.9694 -0.2456 -0.0000
vn -0.9649 -0.2446 0.0956
vn -0.9515 -0.2417 0.1904
vn -0.9291 -0.2373 0.2835
vn -0.8979 -0.2320 0.3741
vn -0.8580 -0.2261 0.4612
vn -0.8099 -0.2211 0.5433
vn -0.7480 -0.2264 0.6239
vn -0.6901 -0.2178 0.6901
vn -0.6192 -0.2178 0.7545
vn -0.5422 -0.2177 0.8115
vn -0.4601 -0.2177 0.8608
vn -0.3735 -0.2178 0.9017
vn -0.2833 -0.2177 0.9340
vn -0.1904 -0.2178 0.9572
vn -0.0957 -0.2177 0.9713
vn -0.0000 -0.2178 0.9760
vn 0.0957 -0.2177 0.9713
vn 0.1904 -0.2178 0.9572
vn 0.2833 -0.2178 0.9340
vn 0.3735 -0.2177 0.9017
vn 0.4601 -0.2178 0.8608
vn 0.5422 -0.2178 0.8115
vn 0.6192 -0.2178 0.7545
vn 0.6901 -0.2178 0.6901
vn 0.7545 -0.2178 0.6192
vn 0.8115 -0.2178 0.5422
vn 0.8608 -0.2177 0.4601
vn 0.9017 -0.2177 0.3735
vn 0.9340 -0.2177 0.2833
vn 0.9572 -0.2178 0.1904
vn 0.9713 -0.2178 0.0957
vn 0.9896 -0.1053 -0.0975
vn 0.9944 -0.1053 -0.0000
vn 0.9753 -0.1053 -0.1940
vn 0.9516 -0.1053 -0.2887
vn 0.9187 -0.1053 -0.3806
vn 0.8770 -0.1053 -0.4688
vn 0.8268 -0.1053 -0.5525
vn 0.7687 -0.1052 -0.6309
vn 0.7032 -0.1053 -0.7032
vn 0.6309 -0.1053 -0.7687
vn 0.5525 -0.1053 -0.8268
vn 0.4688 -0.1053 -0.8770
vn 0.3806 -0.1053 -0.9187
vn 0.2887 -0.1053 -0.9516
vn 0.1940 -0.1053 -0.9753
vn 0.0975 -0.1053 -0.9896
vn -0.0000 -0.1053 -0.9944
vn -0.0975 -0.1053 -0.9896
vn -0.1940 -0.1053 -0.9753
vn -0.2887 -0.1053 -0.9516
vn -0.3806 -0.1053 -0.9187
vn -0.4688 -0.1053 -0.8770
vn -0.5525 -0.1053 -0.8268
vn -0.6309 -0.1053 -0.7687
vn -0.7032 -0.1053 -0.7032
vn -0.7687 -0.1053 -0.6309
vn -0.8268 -0.1053 -0.5525
vn -0.8770 -0.1053 -0.4688
vn -0.9187 -0.1053 -0.3806
vn -0.9371 -0.1048 -0.3328
vn -0.9571 -0.1628 -0.2396
vn -0.9816 -0.1630 -0.0990
vn -0.9670 -0.1630 -0.1959
vn -0.9866 -0.1630 -0.0000
vn -0.9817 -0.1630 0.0986
vn -0.9670 -0.1630 0.1959
vn -0.9429 -0.1630 0.2906
vn -0.9097 -0.1630 0.3820
vn -0.8678 -0.1630 0.4695
vn -0.8272 -0.1630 0.5378
vn -0.7612 -0.1497 0.6310
vn -0.6975 -0.1335 0.7040
vn -0.6265 -0.1203 0.7701
vn -0.5515 -0.1143 0.8263
vn -0.4650 -0.1096 0.8785
vn -0.3806 -0.1053 0.9187
vn -0.2887 -0.1053 0.9516
vn -0.1940 -0.1053 0.9753
vn -0.0975 -0.1053 0.9897
vn -0.0000 -0.1053 0.9944
vn 0.0975 -0.1053 0.9897
vn 0.1940 -0.1053 0.9753
vn 0.2887 -0.1053 0.9516
vn 0.3806 -0.1053 0.9187
vn 0.4688 -0.1053 0.8770
vn 0.5525 -0.1053 0.8268
vn 0.6309 -0.1053 0.7687
vn 0.7032 -0.1053 0.7032
vn 0.7687 -0.1053 0.6309
vn 0.8268 -0.1053 0.5525
vn 0.8770 -0.1053 0.4688
vn 0.9187 -0.1053 0.3806
vn 0.9516 -0.1053 0.2887
vn 0.9753 -0.1053 0.1940
vn 0.9897 -0.1053 0.0975
vn 0.9951 0.0084 -0.0980
vn 1.0000 0.0084 -0.0000
vn 0.9808 0.0084 -0.1951
vn 0.9569 0.0084 -0.2903
vn 0.9238 0.0084 -0.3827
vn 0.8819 0.0084 -0.4714
vn 0.8314 0.0084 -0.5556
vn 0.7730 0.0084 -0.6344
vn 0.7071 0.0084 -0.7071
vn 0.6344 0.0084 -0.7730
vn 0.5556 0.0084 -0.8314
vn 0.4714 0.0084 -0.8819
vn 0.3827 0.0084 -0.9238
vn 0.2903 0.0084 -0.9569
vn 0.1951 0.0084 -0.9808
vn 0.0980 0.0084 -0.9951
vn -0.0000 0.0084 -1.0000
vn -0.0980 0.0084 -0.9951
vn -0.1951 0.0084 -0.9808
vn -0.2903 0.0084 -0.9569
vn -0.3827 0.0084 -0.9238
vn -0.4714 0.0084 -0.8819
vn -0.5556 0.0084 -0.8314
vn -0.6344 0.0084 -0.7730
vn -0.7071 0.0084 -0.7071
vn -0.7730 0.0084 -0.6344
vn -0.8314 0.0084 -0.5556
vn -0.8819 0.0084 -0.4714
vn -0.9238 0.0084 -0.3827
vn -0.9538 0.0209 -0.2998
vn -0.9674 -0.0755 -0.2419
vn -0.9687 -0.0530 -0.2426
vn -0.9939 -0.0531 -0.0967
vn -0.9950 0.0218 -0.0975
vn -0.9807 0.0246 -0.1937
vn -0.9829 -0.0531 -0.1761
vn -0.9986 -0.0531 -0.0000
vn -0.9998 0.0211 -0.0000
vn -0.9939 -0.0531 0.0967
vn -0.9950 0.0218 0.0975
vn -0.9799 -0.0531 0.1922
vn -0.9807 0.0241 0.1941
vn -0.9569 -0.0531 0.2856
vn -0.9570 0.0281 0.2887
vn -0.9254 -0.0531 0.3752
vn -0.9242 0.0344 0.3804
vn -0.8873 -0.0531 0.4581
vn -0.8825 0.0440 0.4683
vn -0.8356 0.0564 0.5464
vn -0.8500 -0.0530 0.5240
vn -0.7479 -0.0530 0.6616
vn -0.7992 -0.0993 0.5928
vn -0.8016 0.0630 0.5945
vn -0.6940 -0.0531 0.7180
vn -0.6251 -0.0531 0.7788
vn -0.5745 -0.0530 0.8168
vn -0.5135 -0.0495 0.8567
vn -0.3776 -0.0151 0.9258
vn -0.4414 -0.0277 0.8969
vn -0.2937 -0.0123 0.9558
vn -0.1941 0.0071 0.9810
vn -0.0980 0.0084 0.9951
vn -0.0000 0.0084 1.0000
vn 0.0980 0.0084 0.9951
vn 0.1951 0.0084 0.9808
vn 0.2903 0.0084 0.9569
vn 0.3827 0.0084 0.9238
vn 0.4714 0.0084 0.8819
vn 0.5556 0.0084 0.8314
vn 0.6344 0.0084 0.7730
vn 0.7071 0.0084 0.7071
vn 0.7730 0.0084 0.6344
vn 0.8314 0.0084 0.5556
vn 0.8819 0.0084 0.4714
vn 0.9238 0.0084 0.3827
vn 0.9569 0.0084 0.2903
vn 0.9808 0.0084 0.1951
vn 0.9951 0.0084 0.0980
vn 0.9866 0.1308 -0.0972
vn 0.9914 0.1308 -0.0000
vn 0.9723 0.1313 -0.1934
vn 0.9487 0.1308 -0.2878
vn 0.9159 0.1308 -0.3794
vn 0.8744 0.1307 -0.4674
vn 0.8243 0.1308 -0.5508
vn 0.7664 0.1309 -0.6289
vn 0.7010 0.1313 -0.7010
vn 0.6289 0.1309 -0.7664
vn 0.5508 0.1308 -0.8243
vn 0.4674 0.1307 -0.8744
vn 0.3794 0.1308 -0.9159
vn 0.2878 0.1307 -0.9487
vn 0.1934 0.1309 -0.9723
vn 0.0972 0.1309 -0.9866
vn -0.0000 0.1309 -0.9914
vn -0.0972 0.1309 -0.9866
vn -0.1934 0.1308 -0.9724
vn -0.2878 0.1307 -0.9487
vn -0.3794 0.1307 -0.9160
vn -0.4673 0.1313 -0.8743
vn -0.5508 0.1308 -0.8243
vn -0.6289 0.1313 -0.7663
vn -0.7010 0.1308 -0.7010
vn -0.7664 0.1309 -0.6289
vn -0.8243 0.1309 -0.5508
vn -0.8744 0.1307 -0.4674
vn -0.9159 0.1308 -0.3794
vn -0.9487 0.1309 -0.2878
vn -0.9723 0.1313 -0.1934
vn -0.9866 0.1308 -0.0972
vn -0.9914 0.1308 -0.0000
vn -0.9866 0.1308 0.0972
vn -0.9723 0.1313 0.1934
vn -0.9487 0.1309 0.2878
vn -0.9159 0.1308 0.3794
vn -0.8743 0.1309 0.4673
vn -0.8273 0.1396 0.5441
vn -0.7676 0.1347 0.6266
vn -0.7120 0.0698 0.6987
vn -0.7024 0.1437 0.6971
vn -0.7532 0.0698 0.6541
vn -0.6459 0.0698 0.7602
vn -0.6302 0.1578 0.7602
vn -0.5879 0.0697 0.8059
vn -0.5754 0.1693 0.8001
vn -0.4342 0.0697 0.8981
vn -0.5048 0.1896 0.8422
vn -0.3655 0.0698 0.9282
vn -0.2841 0.0698 0.9562
vn -0.2423 0.0733 0.9674
vn -0.0920 0.1072 0.9900
vn -0.1573 0.0944 0.9830
vn -0.0034 0.1105 0.9939
vn 0.0981 0.1295 0.9867
vn 0.1934 0.1308 0.9724
vn 0.2878 0.1313 0.9487
vn 0.3794 0.1308 0.9159
vn 0.4674 0.1307 0.8744
vn 0.5508 0.1308 0.8243
vn 0.6289 0.1313 0.7663
vn 0.7010 0.1308 0.7010
vn 0.7663 0.1313 0.6289
vn 0.8243 0.1308 0.5508
vn 0.8744 0.1307 0.4674
vn 0.9159 0.1309 0.3794
vn 0.9487 0.1309 0.2878
vn 0.9723 0.1313 0.1934
vn 0.9866 0.1308 0.0972
vn 0.9659 0.2410 -0.0951
vn 0.9705 0.2411 -0.0000
vn 0.9519 0.2411 -0.1893
vn 0.9287 0.2410 -0.2817
vn 0.8966 0.2410 -0.3714
vn 0.8559 0.2410 -0.4575
vn 0.8070 0.2409 -0.5392
vn 0.7502 0.2410 -0.6157
vn 0.6863 0.2410 -0.6863
vn 0.6157 0.2410 -0.7502
vn 0.5392 0.2411 -0.8069
vn 0.4575 0.2409 -0.8559
vn 0.3714 0.2410 -0.8967
vn 0.2817 0.2410 -0.9287
vn 0.1893 0.2411 -0.9519
vn 0.0951 0.2410 -0.9658
vn -0.0000 0.2410 -0.9705
vn -0.0951 0.2410 -0.9658
vn -0.1893 0.2411 -0.9519
vn -0.2817 0.2411 -0.9287
vn -0.3714 0.2412 -0.8966
vn -0.4575 0.2410 -0.8559
vn -0.5392 0.2411 -0.8069
vn -0.6157 0.2410 -0.7502
vn -0.6863 0.2411 -0.6863
vn -0.7502 0.2410 -0.6157
vn -0.8070 0.2410 -0.5392
vn -0.8559 0.2411 -0.4575
vn -0.8966 0.2410 -0.3714
vn -0.9288 0.2409 -0.2817
vn -0.9519 0.2410 -0.1893
vn -0.9659 0.2410 -0.0951
vn -0.9705 0.2411 -0.0000
vn -0.9659 0.2410 0.0951
vn -0.9519 0.2410 0.1893
vn -0.9287 0.2410 0.2817
vn -0.8966 0.2410 0.3714
vn -0.8559 0.2410 0.4575
vn -0.8070 0.2410 0.5392
vn -0.7502 0.2410 0.6157
vn -0.6863 0.2410 0.6863
vn -0.6157 0.2409 0.7502
vn -0.5421 0.2452 0.8037
vn -0.4577 0.2501 0.8532
vn -0.4441 0.1927 0.8750
vn -0.3907 0.1927 0.9001
vn -0.3748 0.2587 0.8903
vn -0.3211 0.1926 0.9272
vn -0.3086 0.2690 0.9123
vn -0.1492 0.1925 0.9699
vn -0.2327 0.2874 0.9291
vn -0.0781 0.1927 0.9781
vn 0.0058 0.1927 0.9812
vn 0.0481 0.1948 0.9797
vn 0.1950 0.2199 0.9558
vn 0.1331 0.2104 0.9685
vn 0.2859 0.2316 0.9299
vn 0.3682 0.2306 0.9007
vn 0.4576 0.2409 0.8559
vn 0.5392 0.2409 0.8070
vn 0.6157 0.2410 0.7502
vn 0.6863 0.2411 0.6863
vn 0.7502 0.2410 0.6157
vn 0.8070 0.2410 0.5392
vn 0.8559 0.2409 0.4575
vn 0.8966 0.2410 0.3714
vn 0.9288 0.2409 0.2817
vn 0.9519 0.2410 0.1893
vn 0.9659 0.2410 0.0951
vn 0.9399 0.3285 -0.0926
vn 0.9444 0.3287 -0.0000
vn 0.9263 0.3287 -0.1843
vn 0.9038 0.3286 -0.2742
vn 0.8725 0.3287 -0.3614
vn 0.8329 0.3287 -0.4452
vn 0.7853 0.3287 -0.5247
vn 0.7301 0.3287 -0.5991
vn 0.6678 0.3286 -0.6678
vn 0.5991 0.3287 -0.7301
vn 0.5247 0.3286 -0.7853
vn 0.4452 0.3287 -0.8329
vn 0.3614 0.3286 -0.8726
vn 0.2742 0.3287 -0.9038
vn 0.1843 0.3286 -0.9263
vn 0.0926 0.3286 -0.9399
vn -0.0000 0.3286 -0.9445
vn -0.0926 0.3286 -0.9399
vn -0.1843 0.3287 -0.9263
vn -0.2742 0.3287 -0.9038
vn -0.3614 0.3286 -0.8726
vn -0.4452 0.3286 -0.8329
vn -0.5247 0.3285 -0.7853
vn -0.5992 0.3286 -0.7301
vn -0.6678 0.3286 -0.6678
vn -0.7301 0.3285 -0.5992
vn -0.7853 0.3286 -0.5247
vn -0.8329 0.3286 -0.4452
vn -0.8725 0.3287 -0.3614
vn -0.9038 0.3286 -0.2742
vn -0.9263 0.3287 -0.1843
vn -0.9399 0.3285 -0.0926
vn -0.9445 0.3286 -0.0000
vn -0.9399 0.3285 0.0926
vn -0.9263 0.3287 0.1843
vn -0.9038 0.3286 0.2742
vn -0.8725 0.3287 0.3614
vn -0.8329 0.3287 0.4452
vn -0.7853 0.3287 0.5247
vn -0.7301 0.3285 0.5992
vn -0.6678 0.3286 0.6678
vn -0.5992 0.3286 0.7301
vn -0.5247 0.3287 0.7853
vn -0.4452 0.3286 0.8329
vn -0.3614 0.3286 0.8726
vn -0.2773 0.3315 0.9018
vn -0.1845 0.3361 0.9236
vn -0.1642 0.2914 0.9424
vn -0.1088 0.2914 0.9504
vn -0.0974 0.3420 0.9347
vn -0.0332 0.2913 0.9560
vn -0.0252 0.3502 0.9363
vn 0.1357 0.2912 0.9470
vn 0.0457 0.3640 0.9303
vn 0.2037 0.2914 0.9346
vn 0.2865 0.2915 0.9127
vn 0.3608 0.2915 0.8859
vn 0.4079 0.2998 0.8624
vn 0.5304 0.3122 0.7882
vn 0.4693 0.3068 0.8280
vn 0.6032 0.3187 0.7312
vn 0.6705 0.3232 0.6678
vn 0.7293 0.3206 0.6045
vn 0.7856 0.3283 0.5244
vn 0.8329 0.3286 0.4452
vn 0.8725 0.3287 0.3614
vn 0.9038 0.3286 0.2742
vn 0.9263 0.3287 0.1843
vn 0.9399 0.3285 0.0926
vn 0.9192 0.3834 -0.0903
vn 0.9235 0.3837 -0.0000
vn 0.9063 0.3825 -0.1797
vn 0.8850 0.3810 -0.2675
vn 0.8490 0.3876 -0.3591
vn 0.8084 0.3931 -0.4381
vn 0.7631 0.3970 -0.5099
vn 0.7095 0.3970 -0.5823
vn 0.6490 0.3970 -0.6490
vn 0.5823 0.3970 -0.7095
vn 0.5099 0.3970 -0.7631
vn 0.4327 0.3970 -0.8094
vn 0.3512 0.3970 -0.8480
vn 0.2664 0.3970 -0.8783
vn 0.1791 0.3969 -0.9002
vn 0.0900 0.3970 -0.9134
vn -0.0000 0.3970 -0.9178
vn -0.0900 0.3970 -0.9134
vn -0.1791 0.3970 -0.9002
vn -0.2664 0.3969 -0.8783
vn -0.3512 0.3970 -0.8480
vn -0.4326 0.3970 -0.8094
vn -0.5099 0.3970 -0.7631
vn -0.5823 0.3970 -0.7095
vn -0.6490 0.3969 -0.6490
vn -0.7095 0.3970 -0.5823
vn -0.7631 0.3970 -0.5099
vn -0.8094 0.3970 -0.4327
vn -0.8480 0.3970 -0.3512
vn -0.8783 0.3970 -0.2664
vn -0.9002 0.3970 -0.1791
vn -0.9134 0.3970 -0.0900
vn -0.9178 0.3970 -0.0000
vn -0.9134 0.3970 0.0900
vn -0.9002 0.3970 0.1791
vn -0.8783 0.3970 0.2664
vn -0.8480 0.3969 0.3512
vn -0.8095 0.3969 0.4327
vn -0.7631 0.3970 0.5099
vn -0.7095 0.3970 0.5823
vn -0.6490 0.3970 0.6490
vn -0.5823 0.3970 0.7095
vn -0.5099 0.3970 0.7631
vn -0.4327 0.3970 0.8094
vn -0.3512 0.3970 0.8480
vn -0.2664 0.3970 0.8783
vn -0.1791 0.3970 0.9002
vn -0.0900 0.3970 0.9134
vn -0.0025 0.3985 0.9172
vn 0.0912 0.4024 0.9109
vn 0.1193 0.3689 0.9218
vn 0.1713 0.3690 0.9135
vn 0.1743 0.4044 0.8978
vn 0.2547 0.3690 0.8939
vn 0.2602 0.4118 0.8733
vn 0.3240 0.3688 0.8712
vn 0.3241 0.4176 0.8488
vn 0.4630 0.3689 0.8060
vn 0.3868 0.4262 0.8178
vn 0.5261 0.3690 0.7662
vn 0.5949 0.3690 0.7141
vn 0.6605 0.3690 0.6539
vn 0.7193 0.3690 0.5886
vn 0.7466 0.3688 0.5537
vn 0.8183 0.3751 0.4355
vn 0.7927 0.3724 0.4827
vn 0.8556 0.3786 0.3530
vn 0.8850 0.3810 0.2675
vn 0.9063 0.3825 0.1797
vn 0.9192 0.3834 0.0903
vn 0.9034 0.4289 -0.0000
vn 0.8991 0.4289 -0.0874
vn 0.8865 0.4289 -0.1737
vn 0.8658 0.4289 -0.2579
vn 0.8507 0.4285 -0.3045
vn 0.8168 0.4285 -0.3863
vn 0.7841 0.4481 -0.4295
vn 0.7428 0.4494 -0.4963
vn 0.6906 0.4494 -0.5667
vn 0.6317 0.4494 -0.6317
vn 0.5667 0.4494 -0.6906
vn 0.4963 0.4493 -0.7428
vn 0.4211 0.4493 -0.7879
vn 0.3419 0.4494 -0.8253
vn 0.2593 0.4494 -0.8549
vn 0.1743 0.4493 -0.8762
vn 0.0876 0.4493 -0.8891
vn -0.0000 0.4493 -0.8934
vn -0.0876 0.4493 -0.8891
vn -0.1743 0.4494 -0.8762
vn -0.2593 0.4494 -0.8549
vn -0.3419 0.4494 -0.8253
vn -0.4211 0.4494 -0.7879
vn -0.4963 0.4494 -0.7428
vn -0.5667 0.4493 -0.6906
vn -0.6317 0.4494 -0.6317
vn -0.6906 0.4494 -0.5667
vn -0.7428 0.4493 -0.4963
vn -0.7879 0.4493 -0.4211
vn -0.8253 0.4494 -0.3419
vn -0.8549 0.4494 -0.2593
vn -0.8762 0.4493 -0.1743
vn -0.8891 0.4493 -0.0876
vn -0.8934 0.4493 -0.0000
vn -0.8890 0.4494 0.0876
vn -0.8762 0.4493 0.1743
vn -0.8549 0.4494 0.2593
vn -0.8253 0.4494 0.3419
vn -0.7879 0.4494 0.4211
vn -0.7428 0.4494 0.4963
vn -0.6906 0.4494 0.5667
vn -0.6317 0.4494 0.6317
vn -0.5667 0.4494 0.6906
vn -0.4963 0.4493 0.7428
vn -0.4211 0.4494 0.7879
vn -0.3419 0.4493 0.8254
vn -0.2593 0.4494 0.8549
vn -0.1743 0.4493 0.8762
vn -0.0876 0.4494 0.8890
vn -0.0000 0.4493 0.8934
vn 0.0876 0.4494 0.8890
vn 0.1743 0.4493 0.8762
vn 0.2593 0.4493 0.8549
vn 0.3388 0.4507 0.8259
vn 0.4220 0.4528 0.7854
vn 0.4486 0.4287 0.7842
vn 0.4970 0.4289 0.7543
vn 0.4930 0.4532 0.7427
vn 0.5679 0.4289 0.7025
vn 0.5624 0.4564 0.6895
vn 0.6332 0.4289 0.6443
vn 0.6262 0.4597 0.6297
vn 0.6921 0.4289 0.5806
vn 0.6835 0.4633 0.5640
vn 0.7436 0.4288 0.5130
vn 0.7341 0.4669 0.4931
vn 0.7739 0.4285 0.4664
vn 0.7852 0.4288 0.4468
vn 0.7720 0.4696 0.4284
vn 0.8047 0.4288 0.4106
vn 0.7970 0.4720 0.3769
vn 0.8376 0.4289 0.3384
vn 0.8658 0.4289 0.2579
vn 0.8865 0.4289 0.1738
vn 0.8991 0.4289 0.0874
vn 0.8677 0.4896 -0.0857
vn 0.8719 0.4897 -0.0000
vn 0.8804 0.4742 -0.0000
vn 0.8761 0.4742 -0.0868
vn 0.8552 0.4894 -0.1706
vn 0.8634 0.4742 -0.1726
vn 0.8346 0.4889 -0.2539
vn 0.8422 0.4742 -0.2567
vn 0.8076 0.4913 -0.3262
vn 0.8131 0.4742 -0.3376
vn 0.7695 0.4885 -0.4113
vn 0.7255 0.4885 -0.4848
vn 0.6745 0.4884 -0.5536
vn 0.6170 0.4885 -0.6170
vn 0.5536 0.4885 -0.6745
vn 0.4848 0.4885 -0.7255
vn 0.4113 0.4884 -0.7696
vn 0.3339 0.4885 -0.8062
vn 0.2533 0.4885 -0.8350
vn 0.1702 0.4885 -0.8558
vn 0.0855 0.4885 -0.8684
vn -0.0000 0.4884 -0.8726
vn -0.0855 0.4885 -0.8684
vn -0.1702 0.4885 -0.8558
vn -0.2533 0.4885 -0.8350
vn -0.3339 0.4884 -0.8062
vn -0.4113 0.4884 -0.7696
vn -0.4848 0.4884 -0.7255
vn -0.5536 0.4885 -0.6745
vn -0.6170 0.4885 -0.6170
vn -0.6745 0.4885 -0.5536
vn -0.7255 0.4884 -0.4848
vn -0.7695 0.4885 -0.4113
vn -0.8062 0.4885 -0.3339
vn -0.8350 0.4885 -0.2533
vn -0.8558 0.4885 -0.1702
vn -0.8684 0.4885 -0.0855
vn -0.8726 0.4885 -0.0000
vn -0.8684 0.4884 0.0855
vn -0.8558 0.4885 0.1702
vn -0.8350 0.4885 0.2533
vn -0.8062 0.4885 0.3339
vn -0.7695 0.4885 0.4113
vn -0.7255 0.4885 0.4848
vn -0.6745 0.4884 0.5536
vn -0.6170 0.4885 0.6170
vn -0.5536 0.4885 0.6745
vn -0.4848 0.4884 0.7255
vn -0.4113 0.4884 0.7696
vn -0.3339 0.4884 0.8062
vn -0.2533 0.4885 0.8350
vn -0.1702 0.4885 0.8558
vn -0.0855 0.4884 0.8684
vn -0.0000 0.4885 0.8726
vn 0.0855 0.4885 0.8684
vn 0.1702 0.4885 0.8558
vn 0.2533 0.4885 0.8350
vn 0.3339 0.4885 0.8062
vn 0.4113 0.4885 0.7695
vn 0.4848 0.4884 0.7255
vn 0.5536 0.4884 0.6745
vn 0.6170 0.4885 0.6170
vn 0.6745 0.4885 0.5536
vn 0.7255 0.4884 0.4848
vn 0.7695 0.4885 0.4114
vn 0.8076 0.4912 0.3264
vn 0.8346 0.4889 0.2539
vn 0.8289 0.4737 0.2975
vn 0.8422 0.4742 0.2567
vn 0.8552 0.4894 0.1706
vn 0.8633 0.4742 0.1726
vn 0.8677 0.4896 0.0857
vn 0.8761 0.4742 0.0868
vn 0.8524 0.5160 -0.0840
vn 0.8565 0.5161 -0.0000
vn 0.8401 0.5160 -0.1671
vn 0.8197 0.5160 -0.2486
vn 0.7914 0.5160 -0.3278
vn 0.7554 0.5160 -0.4038
vn 0.7122 0.5160 -0.4759
vn 0.6621 0.5161 -0.5434
vn 0.6057 0.5160 -0.6057
vn 0.5434 0.5161 -0.6621
vn 0.4759 0.5160 -0.7122
vn 0.4038 0.5160 -0.7554
vn 0.3278 0.5161 -0.7913
vn 0.2486 0.5160 -0.8197
vn 0.1671 0.5161 -0.8401
vn 0.0840 0.5160 -0.8524
vn -0.0000 0.5161 -0.8565
vn -0.0840 0.5160 -0.8524
vn -0.1671 0.5160 -0.8401
vn -0.2486 0.5160 -0.8197
vn -0.3278 0.5160 -0.7914
vn -0.4038 0.5160 -0.7554
vn -0.4759 0.5161 -0.7122
vn -0.5434 0.5161 -0.6621
vn -0.6057 0.5160 -0.6057
vn -0.6621 0.5160 -0.5434
vn -0.7122 0.5160 -0.4759
vn -0.7554 0.5160 -0.4038
vn -0.7914 0.5160 -0.3278
vn -0.8197 0.5160 -0.2486
vn -0.8401 0.5160 -0.1671
vn -0.8524 0.5160 -0.0840
vn -0.8565 0.5161 -0.0000
vn -0.8524 0.5160 0.0840
vn -0.8401 0.5160 0.1671
vn -0.8197 0.5161 0.2486
vn -0.7914 0.5160 0.3278
vn -0.7554 0.5161 0.4038
vn -0.7122 0.5160 0.4759
vn -0.6621 0.5160 0.5434
vn -0.6057 0.5161 0.6057
vn -0.5434 0.5160 0.6621
vn -0.4759 0.5161 0.7122
vn -0.4038 0.5160 0.7554
vn -0.3278 0.5160 0.7914
vn -0.2486 0.5160 0.8197
vn -0.1671 0.5161 0.8401
vn -0.0840 0.5160 0.8524
vn -0.0000 0.5160 0.8566
vn 0.0840 0.5160 0.8524
vn 0.1671 0.5161 0.8401
vn 0.2486 0.5161 0.8197
vn 0.3278 0.5161 0.7913
vn 0.4038 0.5161 0.7554
vn 0.4759 0.5160 0.7122
vn 0.5434 0.5161 0.6621
vn 0.6057 0.5160 0.6057
vn 0.6621 0.5161 0.5434
vn 0.7122 0.5160 0.4759
vn 0.7554 0.5160 0.4038
vn 0.7913 0.5161 0.3278
vn 0.8197 0.5160 0.2486
vn 0.8401 0.5160 0.1671
vn 0.8524 0.5160 0.0840
vn 0.8421 0.5329 -0.0829
vn 0.8462 0.5328 -0.0000
vn 0.8299 0.5329 -0.1651
vn 0.8098 0.5329 -0.2456
vn 0.7818 0.5329 -0.3238
vn 0.7463 0.5329 -0.3989
vn 0.7036 0.5329 -0.4701
vn 0.6541 0.5330 -0.5368
vn 0.5983 0.5329 -0.5983
vn 0.5368 0.5328 -0.6541
vn 0.4701 0.5329 -0.7036
vn 0.3989 0.5329 -0.7463
vn 0.3238 0.5329 -0.7818
vn 0.2456 0.5330 -0.8097
vn 0.1651 0.5329 -0.8299
vn 0.0829 0.5329 -0.8421
vn -0.0000 0.5329 -0.8462
vn -0.0829 0.5329 -0.8421
vn -0.1651 0.5329 -0.8299
vn -0.2456 0.5330 -0.8097
vn -0.3238 0.5329 -0.7818
vn -0.3989 0.5329 -0.7463
vn -0.4701 0.5329 -0.7036
vn -0.5368 0.5329 -0.6541
vn -0.5983 0.5329 -0.5983
vn -0.6541 0.5329 -0.5368
vn -0.7036 0.5329 -0.4701
vn -0.7463 0.5329 -0.3989
vn -0.7818 0.5329 -0.3238
vn -0.8097 0.5329 -0.2456
vn -0.8299 0.5329 -0.1651
vn -0.8421 0.5329 -0.0829
vn -0.8462 0.5329 -0.0000
vn -0.8421 0.5329 0.0829
vn -0.8300 0.5328 0.1651
vn -0.8097 0.5329 0.2456
vn -0.7817 0.5330 0.3238
vn -0.7463 0.5329 0.3989
vn -0.7036 0.5328 0.4701
vn -0.6541 0.5329 0.5368
vn -0.5984 0.5328 0.5984
vn -0.5368 0.5328 0.6541
vn -0.4701 0.5330 0.7035
vn -0.3989 0.5329 0.7463
vn -0.3238 0.5329 0.7818
vn -0.2456 0.5329 0.8097
vn -0.1651 0.5329 0.8299
vn -0.0829 0.5329 0.8421
vn -0.0000 0.5329 0.8462
vn 0.0829 0.5329 0.8421
vn 0.1651 0.5329 0.8299
vn 0.2456 0.5329 0.8098
vn 0.3238 0.5329 0.7818
vn 0.3989 0.5329 0.7463
vn 0.4701 0.5330 0.7035
vn 0.5368 0.5329 0.6541
vn 0.5983 0.5329 0.5983
vn 0.6541 0.5330 0.5368
vn 0.7036 0.5329 0.4701
vn 0.7463 0.5329 0.3989
vn 0.7818 0.5329 0.3238
vn 0.8097 0.5329 0.2456
vn 0.8299 0.5329 0.1651
vn 0.8421 0.5329 0.0829
vn 0.8768 0.4731 -0.0864
vn 0.8810 0.4731 -0.0000
vn 0.8641 0.4731 -0.1719
vn 0.8431 0.4731 -0.2557
vn 0.8140 0.4731 -0.3372
vn 0.7770 0.4731 -0.4153
vn 0.7325 0.4731 -0.4895
vn 0.6810 0.4731 -0.5589
vn 0.6230 0.4731 -0.6230
vn 0.5589 0.4731 -0.6810
vn 0.4895 0.4731 -0.7325
vn 0.4153 0.4731 -0.7770
vn 0.3372 0.4731 -0.8140
vn 0.2557 0.4731 -0.8431
vn 0.1719 0.4731 -0.8641
vn 0.0864 0.4731 -0.8768
vn -0.0000 0.4731 -0.8810
vn -0.0864 0.4731 -0.8768
vn -0.1719 0.4731 -0.8641
vn -0.2558 0.4731 -0.8431
vn -0.3372 0.4731 -0.8140
vn -0.4153 0.4731 -0.7770
vn -0.4895 0.4731 -0.7325
vn -0.5589 0.4731 -0.6810
vn -0.6230 0.4731 -0.6230
vn -0.6810 0.4731 -0.5589
vn -0.7325 0.4731 -0.4895
vn -0.7770 0.4731 -0.4153
vn -0.8140 0.4731 -0.3372
vn -0.8431 0.4731 -0.2557
vn -0.8641 0.4731 -0.1719
vn -0.8768 0.4731 -0.0864
vn -0.8810 0.4731 -0.0000
vn -0.8768 0.4731 0.0864
vn -0.8641 0.4731 0.1719
vn -0.8431 0.4731 0.2557
vn -0.8140 0.4731 0.3372
vn -0.7770 0.4731 0.4153
vn -0.7325 0.4731 0.4895
vn -0.6810 0.4731 0.5589
vn -0.6230 0.4731 0.6230
vn -0.5589 0.4731 0.6810
vn -0.4895 0.4731 0.7325
vn -0.4153 0.4731 0.7770
vn -0.3372 0.4731 0.8140
vn -0.2557 0.4731 0.8431
vn -0.1719 0.4731 0.8641
vn -0.0864 0.4731 0.8768
vn -0.0000 0.4731 0.8810
vn 0.0864 0.4731 0.8768
vn 0.1719 0.4731 0.8641
vn 0.2558 0.4731 0.8431
vn 0.3372 0.4731 0.8140
vn 0.4153 0.4731 0.7770
vn 0.4895 0.4731 0.7325
vn 0.5589 0.4731 0.6810
vn 0.6230 0.4731 0.6230
vn 0.6810 0.4731 0.5589
vn 0.7325 0.4731 0.4895
vn 0.7770 0.4731 0.4153
vn 0.8140 0.4731 0.3372
vn 0.8431 0.4731 0.2557
vn 0.8641 0.4731 0.1719
vn 0.8768 0.4731 0.0864
vn 0.9467 0.3082 -0.0932
vn 0.9513 0.3082 -0.0000
vn 0.9330 0.3082 -0.1856
vn 0.9104 0.3082 -0.2762
vn 0.8789 0.3082 -0.3641
vn 0.8390 0.3082 -0.4484
vn 0.7910 0.3082 -0.5285
vn 0.6035 0.3082 -0.7354
vn 0.5285 0.3082 -0.7910
vn 0.4484 0.3082 -0.8390
vn 0.3641 0.3082 -0.8789
vn 0.2762 0.3082 -0.9104
vn 0.1856 0.3082 -0.9330
vn 0.0932 0.3082 -0.9467
vn -0.0000 0.3082 -0.9513
vn -0.0932 0.3082 -0.9467
vn -0.1856 0.3082 -0.9330
vn -0.2762 0.3082 -0.9104
vn -0.3641 0.3082 -0.8789
vn -0.4484 0.3082 -0.8390
vn -0.5285 0.3082 -0.7910
vn -0.6035 0.3082 -0.7354
vn -0.6727 0.3082 -0.6727
vn -0.7354 0.3082 -0.6035
vn -0.7910 0.3082 -0.5285
vn -0.8390 0.3082 -0.4484
vn -0.8789 0.3082 -0.3641
vn -0.9104 0.3082 -0.2762
vn -0.9330 0.3082 -0.1856
vn -0.9467 0.3082 -0.0932
vn -0.9513 0.3082 -0.0000
vn -0.9467 0.3082 0.0932
vn -0.9330 0.3082 0.1856
vn -0.9104 0.3082 0.2762
vn -0.8789 0.3082 0.3640
vn -0.8390 0.3082 0.4484
vn -0.7910 0.3082 0.5285
vn -0.7354 0.3082 0.6035
vn -0.6727 0.3082 0.6727
vn -0.6035 0.3082 0.7354
vn -0.5285 0.3082 0.7910
vn -0.4484 0.3082 0.8390
vn -0.3641 0.3082 0.8789
vn -0.2762 0.3082 0.9104
vn -0.1856 0.3082 0.9330
vn -0.0933 0.3082 0.9467
vn -0.0000 0.3082 0.9513
vn 0.0932 0.3082 0.9467
vn 0.1856 0.3082 0.9330
vn 0.2762 0.3082 0.9104
vn 0.3641 0.3082 0.8789
vn 0.4484 0.3082 0.8390
vn 0.5285 0.3082 0.7910
vn 0.6035 0.3082 0.7354
vn 0.6727 0.3082 0.6727
vn 0.7354 0.3082 0.6035
vn 0.7910 0.3082 0.5285
vn 0.8390 0.3082 0.4484
vn 0.8789 0.3082 0.3641
vn 0.9104 0.3082 0.2762
vn 0.9330 0.3082 0.1856
vn 0.9467 0.3082 0.0932
vn 0.7735 0.6292 -0.0762
vn 0.7773 0.6292 -0.0000
vn 0.7623 0.6292 -0.1516
vn 0.7438 0.6292 -0.2256
vn 0.7181 0.6291 -0.2975
vn 0.6855 0.6292 -0.3664
vn 0.6463 0.6291 -0.4318
vn 0.4931 0.6292 -0.6008
vn 0.4318 0.6291 -0.6463
vn 0.3664 0.6292 -0.6855
vn 0.2974 0.6292 -0.7181
vn 0.2256 0.6292 -0.7438
vn 0.1516 0.6292 -0.7623
vn 0.0762 0.6292 -0.7735
vn -0.0000 0.6292 -0.7773
vn -0.0762 0.6291 -0.7736
vn -0.1516 0.6292 -0.7623
vn -0.2256 0.6291 -0.7438
vn -0.2974 0.6292 -0.7181
vn -0.3664 0.6292 -0.6855
vn -0.4318 0.6292 -0.6463
vn -0.4931 0.6291 -0.6009
vn -0.5496 0.6291 -0.5496
vn -0.6008 0.6292 -0.4931
vn -0.6463 0.6292 -0.4318
vn -0.6855 0.6292 -0.3664
vn -0.7181 0.6291 -0.2975
vn -0.7438 0.6291 -0.2256
vn -0.7623 0.6292 -0.1516
vn -0.7735 0.6291 -0.0762
vn -0.7773 0.6292 -0.0000
vn -0.7735 0.6292 0.0762
vn -0.7624 0.6291 0.1516
vn -0.7438 0.6292 0.2256
vn -0.7181 0.6291 0.2975
vn -0.6855 0.6292 0.3664
vn -0.6463 0.6292 0.4318
vn -0.6008 0.6292 0.4931
vn -0.5496 0.6292 0.5496
vn -0.4931 0.6291 0.6009
vn -0.4318 0.6292 0.6463
vn -0.3664 0.6291 0.6855
vn -0.2974 0.6292 0.7181
vn -0.2256 0.6291 0.7438
vn -0.1516 0.6292 0.7623
vn -0.0762 0.6292 0.7735
vn -0.0000 0.6292 0.7773
vn 0.0762 0.6291 0.7736
vn 0.1516 0.6291 0.7624
vn 0.2256 0.6292 0.7438
vn 0.2974 0.6292 0.7181
vn 0.3664 0.6291 0.6855
vn 0.4318 0.6291 0.6463
vn 0.4931 0.6291 0.6009
vn 0.5496 0.6292 0.5496
vn 0.6008 0.6292 0.4931
vn 0.6463 0.6292 0.4318
vn 0.6855 0.6292 0.3664
vn 0.7181 0.6292 0.2974
vn 0.7438 0.6291 0.2256
vn 0.7624 0.6291 0.1516
vn 0.7735 0.6292 0.0762
vn 0.5044 0.8620 -0.0497
vn 0.5069 0.8620 -0.0000
vn 0.4971 0.8620 -0.0989
vn 0.4851 0.8620 -0.1471
vn 0.4683 0.8620 -0.1940
vn 0.4470 0.8620 -0.2389
vn 0.4214 0.8620 -0.2816
vn 0.3918 0.8620 -0.3216
vn 0.3584 0.8620 -0.3584
vn 0.3216 0.8620 -0.3918
vn 0.2816 0.8620 -0.4215
vn 0.2389 0.8620 -0.4470
vn 0.1940 0.8620 -0.4683
vn 0.1471 0.8620 -0.4851
vn 0.0989 0.8620 -0.4971
vn 0.0497 0.8620 -0.5044
vn -0.0000 0.8620 -0.5069
vn -0.0497 0.8620 -0.5044
vn -0.0989 0.8620 -0.4971
vn -0.1471 0.8620 -0.4851
vn -0.1940 0.8620 -0.4683
vn -0.2389 0.8620 -0.4470
vn -0.2816 0.8620 -0.4214
vn -0.3216 0.8620 -0.3918
vn -0.3584 0.8620 -0.3584
vn -0.3918 0.8620 -0.3216
vn -0.4215 0.8620 -0.2816
vn -0.4470 0.8620 -0.2389
vn -0.4683 0.8620 -0.1940
vn -0.4850 0.8620 -0.1471
vn -0.4971 0.8620 -0.0989
vn -0.5044 0.8620 -0.0497
vn -0.5069 0.8620 -0.0000
vn -0.5044 0.8620 0.0497
vn -0.4971 0.8620 0.0989
vn -0.4850 0.8620 0.1471
vn -0.4683 0.8620 0.1940
vn -0.4470 0.8620 0.2389
vn -0.4215 0.8620 0.2816
vn -0.3918 0.8620 0.3216
vn -0.3584 0.8620 0.3584
vn -0.3216 0.8620 0.3918
vn -0.2816 0.8620 0.4215
vn -0.2389 0.8620 0.4470
vn -0.1940 0.8620 0.4683
vn -0.1471 0.8620 0.4851
vn -0.0989 0.8620 0.4971
vn -0.0497 0.8620 0.5044
vn -0.0000 0.8620 0.5069
vn 0.0497 0.8620 0.5044
vn 0.0989 0.8620 0.4971
vn 0.1471 0.8620 0.4851
vn 0.1940 0.8620 0.4683
vn 0.2389 0.8620 0.4470
vn 0.2816 0.8620 0.4214
vn 0.3216 0.8620 0.3918
vn 0.3584 0.8620 0.3584
vn 0.3918 0.8620 0.3216
vn 0.4215 0.8620 0.2816
vn 0.4470 0.8620 0.2389
vn 0.4683 0.8620 0.1940
vn 0.4851 0.8620 0.1471
vn 0.4971 0.8620 0.0989
vn 0.5044 0.8620 0.0497
vn -0.0000 1.0000 -0.0000
vn -0.6691 0.7431 -0.0000
vn 0.6691 -0.7431 -0.0000
vn 0.8166 0.4285 -0.3867
vn 0.8162 0.4298 -0.3861
vn -0.6692 0.7431 -0.0000
vn -0.6691 0.7432 -0.0000
vn -0.6691 0.7432 -0.0001
vn -0.6691 0.7431 -0.0001
vn -0.6693 0.7430 -0.0001
vn -0.6692 0.7430 -0.0001
vn -0.6693 0.7430 -0.0000
vn -0.6788 0.7343 0.0043
vn -0.6690 0.7432 -0.0000
vn 0.6691 -0.7432 -0.0000
vn 0.6690 -0.7432 -0.0000
vn 0.6692 -0.7431 -0.0000
vn 0.6701 -0.7423 -0.0004
vn 0.6695 -0.7429 -0.0000
vn 0.6693 -0.7430 -0.0000
vn 0.6701 -0.7423 0.0004
vn 0.6689 -0.7434 0.0001
vn 0.6692 -0.7431 0.0001
vn 0.6691 -0.7432 -0.0001
vn 0.5000 0.8660 -0.0000
vn 0.4976 0.8660 -0.0490
vn 0.4904 0.8660 -0.0975
vn 0.4785 0.8660 -0.1451
vn 0.4619 0.8660 -0.1913
vn 0.4410 0.8660 -0.2357
vn 0.4157 0.8660 -0.2778
vn 0.3865 0.8660 -0.3172
vn 0.3536 0.8660 -0.3536
vn 0.3172 0.8660 -0.3865
vn 0.2778 0.8660 -0.4157
vn 0.2357 0.8660 -0.4410
vn 0.1913 0.8660 -0.4619
vn 0.1451 0.8660 -0.4785
vn 0.0975 0.8660 -0.4904
vn 0.0490 0.8660 -0.4976
vn -0.0000 0.8660 -0.5000
vn -0.0490 0.8660 -0.4976
vn -0.0975 0.8660 -0.4904
vn -0.1451 0.8660 -0.4785
vn -0.1913 0.8660 -0.4619
vn -0.2357 0.8660 -0.4410
vn -0.2778 0.8660 -0.4157
vn -0.3172 0.8660 -0.3865
vn -0.3536 0.8660 -0.3536
vn -0.3865 0.8660 -0.3172
vn -0.4157 0.8660 -0.2778
vn -0.4410 0.8660 -0.2357
vn -0.4619 0.8660 -0.1913
vn -0.4785 0.8660 -0.1451
vn -0.4904 0.8660 -0.0975
vn -0.4976 0.8660 -0.0490
vn -0.5000 0.8660 -0.0000
vn -0.4976 0.8660 0.0490
vn -0.4904 0.8660 0.0975
vn -0.4785 0.8660 0.1451
vn -0.4619 0.8660 0.1913
vn -0.4410 0.8660 0.2357
vn -0.4157 0.8660 0.2778
vn -0.3865 0.8660 0.3172
vn -0.3536 0.8660 0.3536
vn -0.3172 0.8660 0.3865
vn -0.2778 0.8660 0.4157
vn -0.2357 0.8660 0.4410
vn -0.1913 0.8660 0.4619
vn -0.1451 0.8660 0.4785
vn -0.0975 0.8660 0.4904
vn -0.0490 0.8660 0.4976
vn -0.0000 0.8660 0.5000
vn 0.0490 0.8660 0.4976
vn 0.0975 0.8660 0.4904
vn 0.1451 0.8660 0.4785
vn 0.1913 0.8660 0.4619
vn 0.2357 0.8660 0.4410
vn 0.2778 0.8660 0.4157
vn 0.3172 0.8660 0.3865
vn 0.3536 0.8660 0.3536
vn 0.3865 0.8660 0.3172
vn 0.4157 0.8660 0.2778
vn 0.4410 0.8660 0.2357
vn 0.4619 0.8660 0.1913
vn 0.4785 0.8660 0.1451
vn 0.4904 0.8660 0.0975
vn 0.4976 0.8660 0.0490
vn -0.5000 -0.8660 -0.0000
vn -0.4976 -0.8660 0.0490
vn -0.4904 -0.8660 0.0975
vn -0.4785 -0.8660 0.1451
vn -0.4619 -0.8660 0.1913
vn -0.4410 -0.8660 0.2357
vn -0.4157 -0.8660 0.2778
vn -0.3865 -0.8660 0.3172
vn -0.3536 -0.8660 0.3536
vn -0.3172 -0.8660 0.3865
vn -0.2778 -0.8660 0.4157
vn -0.2357 -0.8660 0.4410
vn -0.1913 -0.8660 0.4619
vn -0.1451 -0.8660 0.4785
vn -0.0975 -0.8660 0.4904
vn -0.0490 -0.8660 0.4976
vn -0.0000 -0.8660 0.5000
vn 0.0490 -0.8660 0.4976
vn 0.0975 -0.8660 0.4904
vn 0.1451 -0.8660 0.4785
vn 0.1913 -0.8660 0.4619
vn 0.2357 -0.8660 0.4410
vn 0.2778 -0.8660 0.4157
vn 0.3172 -0.8660 0.3865
vn 0.3536 -0.8660 0.3536
vn 0.3865 -0.8660 0.3172
vn 0.4157 -0.8660 0.2778
vn 0.4410 -0.8660 0.2357
vn 0.4619 -0.8660 0.1913
vn 0.4785 -0.8660 0.1451
vn 0.4904 -0.8660 0.0975
vn 0.4976 -0.8660 0.0490
vn 0.5000 -0.8660 -0.0000
vn 0.4976 -0.8660 -0.0490
vn 0.4904 -0.8660 -0.0975
vn 0.4785 -0.8660 -0.1451
vn 0.4619 -0.8660 -0.1913
vn 0.4410 -0.8660 -0.2357
vn 0.4157 -0.8660 -0.2778
vn 0.3865 -0.8660 -0.3172
vn 0.3536 -0.8660 -0.3536
vn 0.3172 -0.8660 -0.3865
vn 0.2778 -0.8660 -0.4157
vn 0.2357 -0.8660 -0.4410
vn 0.1913 -0.8660 -0.4619
vn 0.1451 -0.8660 -0.4785
vn 0.0975 -0.8660 -0.4904
vn 0.0490 -0.8660 -0.4976
vn -0.0000 -0.8660 -0.5000
vn -0.0490 -0.8660 -0.4976
vn -0.0975 -0.8660 -0.4904
vn -0.1451 -0.8660 -0.4785
vn -0.1913 -0.8660 -0.4619
vn -0.2357 -0.8660 -0.4410
vn -0.2778 -0.8660 -0.4157
vn -0.3172 -0.8660 -0.3865
vn -0.3536 -0.8660 -0.3536
vn -0.3865 -0.8660 -0.3172
vn -0.4157 -0.8660 -0.2778
vn -0.4410 -0.8660 -0.2357
vn -0.4619 -0.8660 -0.1913
vn -0.4785 -0.8660 -0.1451
vn -0.4904 -0.8660 -0.0975
vn -0.4976 -0.8660 -0.0490
vn 0.6935 -0.7071 -0.1380
vn -0.1380 -0.7071 -0.6935
vn -0.6935 -0.7071 -0.1380
vn -0.6935 -0.7071 0.1380
vn 0.1380 -0.7071 0.6935
vn 0.6935 -0.7071 0.1380
vn 0.7071 0.7071 -0.0000
vn 0.7037 0.7071 -0.0693
vn 0.6935 0.7071 -0.1380
vn 0.6767 0.7071 -0.2053
vn 0.6533 0.7071 -0.2706
vn 0.6236 0.7071 -0.3333
vn 0.5879 0.7071 -0.3928
vn 0.5466 0.7071 -0.4486
vn 0.5000 0.7071 -0.5000
vn 0.4486 0.7071 -0.5466
vn 0.3928 0.7071 -0.5879
vn 0.3333 0.7071 -0.6236
vn 0.2706 0.7071 -0.6533
vn 0.2053 0.7071 -0.6767
vn 0.1380 0.7071 -0.6935
vn 0.0693 0.7071 -0.7037
vn -0.0000 0.7071 -0.7071
vn -0.0693 0.7071 -0.7037
vn -0.1380 0.7071 -0.6935
vn -0.2053 0.7071 -0.6767
vn -0.2706 0.7071 -0.6533
vn -0.3333 0.7071 -0.6236
vn -0.3928 0.7071 -0.5879
vn -0.4486 0.7071 -0.5466
vn -0.5000 0.7071 -0.5000
vn -0.5466 0.7071 -0.4486
vn -0.5879 0.7071 -0.3928
vn -0.6236 0.7071 -0.3333
vn -0.6533 0.7071 -0.2706
vn -0.6767 0.7071 -0.2053
vn -0.6935 0.7071 -0.1380
vn -0.7037 0.7071 -0.0693
vn -0.7071 0.7071 -0.0000
vn -0.7037 0.7071 0.0693
vn -0.6935 0.7071 0.1380
vn -0.6767 0.7071 0.2053
vn -0.6533 0.7071 0.2706
vn -0.6236 0.7071 0.3333
vn -0.5879 0.7071 0.3928
vn -0.5466 0.7071 0.4486
vn -0.5000 0.7071 0.5000
vn -0.4486 0.7071 0.5466
vn -0.3928 0.7071 0.5879
vn -0.3333 0.7071 0.6236
vn -0.2706 0.7071 0.6533
vn -0.2053 0.7071 0.6767
vn -0.1380 0.7071 0.6935
vn -0.0693 0.7071 0.7037
vn -0.0000 0.7071 0.7071
vn 0.0693 0.7071 0.7037
vn 0.1380 0.7071 0.6935
vn 0.2053 0.7071 0.6767
vn 0.2706 0.7071 0.6533
vn 0.3333 0.7071 0.6236
vn 0.3928 0.7071 0.5879
vn 0.4486 0.7071 0.5466
vn 0.5000 0.7071 0.5000
vn 0.5466 0.7071 0.4486
vn 0.5879 0.7071 0.3928
vn 0.6236 0.7071 0.3333
vn 0.6533 0.7071 0.2706
vn 0.6767 0.7071 0.2053
vn 0.6935 0.7071 0.1380
vn 0.7037 0.7071 0.0693
vn 0.3097 -0.9472 -0.0830
vn 0.3206 -0.9472 -0.0000
vn 0.2776 -0.9472 -0.1603
vn 0.2267 -0.9472 -0.2267
vn 0.1603 -0.9472 -0.2776
vn 0.0830 -0.9472 -0.3097
vn -0.0000 -0.9472 -0.3206
vn -0.0830 -0.9472 -0.3097
vn -0.1603 -0.9472 -0.2776
vn -0.2267 -0.9472 -0.2267
vn -0.2776 -0.9472 -0.1603
vn -0.3097 -0.9472 -0.0830
vn -0.3206 -0.9472 -0.0000
vn -0.3097 -0.9472 0.0830
vn -0.2776 -0.9472 0.1603
vn -0.2267 -0.9472 0.2267
vn -0.1603 -0.9472 0.2776
vn -0.0830 -0.9472 0.3097
vn -0.0000 -0.9472 0.3206
vn 0.0830 -0.9472 0.3097
vn 0.1603 -0.9472 0.2776
vn 0.2267 -0.9472 0.2267
vn 0.2776 -0.9472 0.1603
vn 0.3097 -0.9472 0.0830
vn 0.5079 -0.8506 -0.1361
vn 0.5258 -0.8506 -0.0000
vn 0.4553 -0.8506 -0.2629
vn 0.3718 -0.8506 -0.3718
vn 0.2629 -0.8506 -0.4553
vn 0.1361 -0.8506 -0.5079
vn -0.0000 -0.8506 -0.5258
vn -0.1361 -0.8506 -0.5079
vn -0.2629 -0.8506 -0.4553
vn -0.3718 -0.8506 -0.3718
vn -0.4553 -0.8506 -0.2629
vn -0.5079 -0.8506 -0.1361
vn -0.5258 -0.8506 -0.0000
vn -0.5079 -0.8506 0.1361
vn -0.4553 -0.8506 0.2629
vn -0.3718 -0.8506 0.3718
vn -0.2629 -0.8506 0.4553
vn -0.1361 -0.8506 0.5079
vn -0.0000 -0.8506 0.5258
vn 0.1361 -0.8506 0.5079
vn 0.2629 -0.8506 0.4553
vn 0.3718 -0.8506 0.3718
vn 0.4553 -0.8506 0.2629
vn 0.5079 -0.8506 0.1361
vn 0.6947 -0.6948 -0.1862
vn 0.7193 -0.6947 -0.0000
vn 0.6229 -0.6948 -0.3596
vn 0.5086 -0.6947 -0.5086
vn 0.3596 -0.6948 -0.6229
vn 0.1862 -0.6947 -0.6948
vn -0.0000 -0.6947 -0.7193
vn -0.1862 -0.6947 -0.6948
vn -0.3596 -0.6948 -0.6229
vn -0.5086 -0.6947 -0.5086
vn -0.6229 -0.6947 -0.3596
vn -0.6948 -0.6947 -0.1862
vn -0.7193 -0.6947 -0.0000
vn -0.6947 -0.6948 0.1862
vn -0.6229 -0.6948 0.3596
vn -0.5086 -0.6947 0.5086
vn -0.3596 -0.6948 0.6229
vn -0.1862 -0.6947 0.6948
vn -0.0000 -0.6947 0.7193
vn 0.1862 -0.6947 0.6948
vn 0.3596 -0.6948 0.6229
vn 0.5086 -0.6947 0.5086
vn 0.6229 -0.6947 0.3596
vn 0.6948 -0.6947 0.1862
vn 0.8413 -0.4913 -0.2254
vn 0.8710 -0.4913 -0.0000
vn 0.7543 -0.4913 -0.4355
vn 0.6159 -0.4913 -0.6159
vn 0.4355 -0.4913 -0.7543
vn 0.2254 -0.4913 -0.8413
vn -0.0000 -0.4913 -0.8710
vn -0.2254 -0.4913 -0.8413
vn -0.4355 -0.4913 -0.7543
vn -0.6159 -0.4913 -0.6159
vn -0.7543 -0.4913 -0.4355
vn -0.8413 -0.4913 -0.2254
vn -0.8710 -0.4913 -0.0000
vn -0.8413 -0.4913 0.2254
vn -0.7543 -0.4913 0.4355
vn -0.6159 -0.4913 0.6159
vn -0.4355 -0.4913 0.7543
vn -0.2254 -0.4913 0.8413
vn -0.0000 -0.4913 0.8710
vn 0.2254 -0.4913 0.8413
vn 0.4355 -0.4913 0.7543
vn 0.6159 -0.4913 0.6159
vn 0.7543 -0.4913 0.4355
vn 0.8413 -0.4913 0.2254
vn 0.9342 -0.2543 -0.2503
vn 0.9671 -0.2543 -0.0000
vn 0.8375 -0.2543 -0.4836
vn 0.6838 -0.2544 -0.6838
vn 0.4836 -0.2543 -0.8376
vn 0.2503 -0.2544 -0.9341
vn -0.0000 -0.2543 -0.9671
vn -0.2503 -0.2544 -0.9341
vn -0.4836 -0.2543 -0.8375
vn -0.6839 -0.2543 -0.6839
vn -0.8375 -0.2544 -0.4836
vn -0.9342 -0.2543 -0.2503
vn -0.9671 -0.2543 -0.0000
vn -0.9342 -0.2543 0.2503
vn -0.8375 -0.2543 0.4836
vn -0.6838 -0.2544 0.6838
vn -0.4836 -0.2543 0.8376
vn -0.2503 -0.2544 0.9341
vn -0.0000 -0.2543 0.9671
vn 0.2503 -0.2544 0.9341
vn 0.4836 -0.2543 0.8375
vn 0.6839 -0.2543 0.6839
vn 0.8375 -0.2544 0.4836
vn 0.9342 -0.2543 0.2503
vn 0.9659 -0.0000 -0.2588
vn 0.8660 -0.0000 -0.5000
vn 0.5000 -0.0000 -0.8660
vn 0.2588 -0.0000 -0.9659
vn -0.2588 -0.0000 -0.9659
vn -0.5000 -0.0000 -0.8660
vn -0.8660 -0.0000 -0.5000
vn -0.9659 -0.0000 -0.2588
vn -0.9659 -0.0000 0.2588
vn -0.8660 -0.0000 0.5000
vn -0.5000 -0.0000 0.8660
vn -0.2588 -0.0000 0.9659
vn 0.2588 -0.0000 0.9659
vn 0.5000 -0.0000 0.8660
vn 0.8660 -0.0000 0.5000
vn 0.9659 -0.0000 0.2588
vn 0.9342 0.2543 -0.2503
vn 0.9671 0.2544 -0.0000
vn 0.8375 0.2543 -0.4836
vn 0.6839 0.2543 -0.6839
vn 0.4836 0.2543 -0.8375
vn 0.2503 0.2543 -0.9342
vn -0.0000 0.2544 -0.9671
vn -0.2503 0.2543 -0.9342
vn -0.4836 0.2543 -0.8375
vn -0.6839 0.2543 -0.6839
vn -0.8375 0.2544 -0.4836
vn -0.9342 0.2543 -0.2503
vn -0.9671 0.2544 -0.0000
vn -0.9342 0.2543 0.2503
vn -0.8375 0.2543 0.4836
vn -0.6839 0.2543 0.6839
vn -0.4836 0.2543 0.8375
vn -0.2503 0.2543 0.9342
vn -0.0000 0.2544 0.9671
vn 0.2503 0.2543 0.9342
vn 0.4836 0.2543 0.8375
vn 0.6839 0.2543 0.6839
vn 0.8375 0.2544 0.4836
vn 0.9342 0.2543 0.2503
vn 0.8413 0.4913 -0.2254
vn 0.8710 0.4913 -0.0000
vn 0.7543 0.4913 -0.4355
vn 0.6159 0.4913 -0.6159
vn 0.4355 0.4913 -0.7543
vn 0.2254 0.4913 -0.8413
vn -0.0000 0.4913 -0.8710
vn -0.2254 0.4913 -0.8413
vn -0.4355 0.4913 -0.7543
vn -0.6159 0.4913 -0.6159
vn -0.7543 0.4913 -0.4355
vn -0.8413 0.4913 -0.2254
vn -0.8710 0.4913 -0.0000
vn -0.8413 0.4913 0.2254
vn -0.7543 0.4913 0.4355
vn -0.6159 0.4913 0.6159
vn -0.4355 0.4913 0.7543
vn -0.2254 0.4913 0.8413
vn -0.0000 0.4913 0.8710
vn 0.2254 0.4913 0.8413
vn 0.4355 0.4913 0.7543
vn 0.6159 0.4913 0.6159
vn 0.7543 0.4913 0.4355
vn 0.8413 0.4913 0.2254
vn 0.6948 0.6947 -0.1862
vn 0.7193 0.6947 -0.0000
vn 0.6229 0.6947 -0.3596
vn 0.5086 0.6948 -0.5086
vn 0.3596 0.6947 -0.6229
vn 0.1862 0.6948 -0.6947
vn -0.0000 0.6947 -0.7193
vn -0.1862 0.6947 -0.6948
vn -0.3596 0.6947 -0.6229
vn -0.5086 0.6947 -0.5086
vn -0.6229 0.6947 -0.3596
vn -0.6948 0.6947 -0.1862
vn -0.7192 0.6948 -0.0000
vn -0.6948 0.6947 0.1862
vn -0.6229 0.6947 0.3596
vn -0.5086 0.6948 0.5086
vn -0.3596 0.6947 0.6229
vn -0.1862 0.6948 0.6947
vn -0.0000 0.6947 0.7193
vn 0.1862 0.6947 0.6948
vn 0.3596 0.6947 0.6229
vn 0.5086 0.6947 0.5086
vn 0.6229 0.6947 0.3596
vn 0.6948 0.6947 0.1862
vn 0.5079 0.8506 -0.1361
vn 0.5258 0.8506 -0.0000
vn 0.4553 0.8506 -0.2629
vn 0.3718 0.8506 -0.3718
vn 0.2629 0.8506 -0.4553
vn 0.1361 0.8506 -0.5079
vn -0.0000 0.8506 -0.5258
vn -0.1361 0.8506 -0.5079
vn -0.2629 0.8506 -0.4553
vn -0.3718 0.8506 -0.3718
vn -0.4553 0.8506 -0.2629
vn -0.5079 0.8506 -0.1361
vn -0.5258 0.8506 -0.0000
vn -0.5079 0.8506 0.1361
vn -0.4553 0.8506 0.2629
vn -0.3718 0.8506 0.3718
vn -0.2629 0.8506 0.4553
vn -0.1361 0.8506 0.5079
vn -0.0000 0.8506 0.5258
vn 0.1361 0.8506 0.5079
vn 0.2629 0.8506 0.4553
vn 0.3718 0.8506 0.3718
vn 0.4553 0.8506 0.2629
vn 0.5079 0.8506 0.1361
vn 0.3097 0.9472 -0.0830
vn 0.3206 0.9472 -0.0000
vn 0.2776 0.9472 -0.1603
vn 0.2267 0.9472 -0.2267
vn 0.1603 0.9472 -0.2776
vn 0.0830 0.9472 -0.3097
vn -0.0000 0.9472 -0.3206
vn -0.0830 0.9472 -0.3097
vn -0.1603 0.9472 -0.2776
vn -0.2267 0.9472 -0.2267
vn -0.2776 0.9472 -0.1603
vn -0.3097 0.9472 -0.0830
vn -0.3206 0.9472 -0.0000
vn -0.3097 0.9472 0.0830
vn -0.2776 0.9472 0.1603
vn -0.2267 0.9472 0.2267
vn -0.1603 0.9472 0.2776
vn -0.0830 0.9472 0.3097
vn -0.0000 0.9472 0.3206
vn 0.0830 0.9472 0.3097
vn 0.1603 0.9472 0.2776
vn 0.2267 0.9472 0.2267
vn 0.2776 0.9472 0.1603
vn 0.3097 0.9472 0.0830
vt 0.125000 1.394206
vt 0.109375 1.394206
vt 0.109375 1.393058
vt 0.125000 1.393058
vt 0.023438 0.000000
vt 0.031250 0.230000
vt 0.015625 0.230000
vt 0.039062 0.000000
vt 0.046875 0.230000
vt 0.054688 0.000000
vt 0.062500 0.230000
vt 0.070312 0.000000
vt 0.078125 0.230000
vt 0.085938 0.000000
vt 0.093750 0.230000
vt 0.101562 0.000000
vt 0.109375 0.230000
vt 0.117188 0.000000
vt 0.125000 0.230000
vt 0.132812 0.000000
vt 0.140625 0.230000
vt 0.148438 0.000000
vt 0.156250 0.230000
vt 0.164062 0.000000
vt 0.171875 0.230000
vt 0.179688 0.000000
vt 0.187500 0.230000
vt 0.195312 0.000000
vt 0.203125 0.230000
vt 0.210938 0.000000
vt 0.218750 0.230000
vt 0.226562 0.000000
vt 0.234375 0.230000
vt 0.242188 0.000000
vt 0.250000 0.230000
vt 0.265625 0.230000
vt 0.257812 0.000000
vt 0.281250 0.230000
vt 0.273438 0.000000
vt 0.296875 0.230000
vt 0.289062 0.000000
vt 0.312500 0.230000
vt 0.304688 0.000000
vt 0.328125 0.230000
vt 0.320312 0.000000
vt 0.343750 0.230000
vt 0.335938 0.000000
vt 0.359375 0.230000
vt 0.351562 0.000000
vt 0.375000 0.230000
vt 0.367188 0.000000
vt 0.390625 0.230000
vt 0.382812 0.000000
vt 0.406250 0.230000
vt 0.398438 0.000000
vt 0.421875 0.230000
vt 0.414062 0.000000
vt 0.437500 0.230000
vt 0.429688 0.000000
vt 0.453125 0.230000
vt 0.445312 0.000000
vt 0.468750 0.230000
vt 0.460938 0.000000
vt 0.484375 0.230000
vt 0.476562 0.000000
vt 0.500000 0.230000
vt 0.492188 0.000000
vt 0.515625 0.230000
vt 0.507812 0.000000
vt 0.531250 0.230000
vt 0.523438 0.000000
vt 0.546875 0.230000
vt 0.539062 0.000000
vt 0.554688 0.000000
vt 0.562500 0.230000
vt 0.578125 0.230000
vt 0.570312 0.000000
vt 0.593750 0.230000
vt 0.585938 0.000000
vt 0.601562 0.000000
vt 0.609375 0.230000
vt 0.625000 0.230000
vt 0.617188 0.000000
vt 0.632812 0.000000
vt 0.640625 0.230000
vt 0.656250 0.230000
vt 0.648438 0.000000
vt 0.664062 0.000000
vt 0.671875 0.230000
vt 0.679688 0.000000
vt 0.687500 0.230000
vt 0.703125 0.230000
vt 0.695312 0.000000
vt 0.710938 0.000000
vt 0.718750 0.230000
vt 0.726562 0.000000
vt 0.734375 0.230000
vt 0.742188 0.000000
vt 0.750000 0.230000
vt 0.757812 0.000000
vt 0.765625 0.230000
vt 0.773438 0.000000
vt 0.781250 0.230000
vt 0.789062 0.000000
vt 0.796875 0.230000
vt 0.804688 0.000000
vt 0.812500 0.230000
vt 0.820312 0.000000
vt 0.828125 0.230000
vt 0.835938 0.000000
vt 0.843750 0.230000
vt 0.851562 0.000000
vt 0.859375 0.230000
vt 0.867188 0.000000
vt 0.875000 0.230000
vt 0.882812 0.000000
vt 0.890625 0.230000
vt 0.898438 0.000000
vt 0.906250 0.230000
vt 0.914062 0.000000
vt 0.921875 0.230000
vt 0.929688 0.000000
vt 0.937500 0.230000
vt 0.945312 0.000000
vt 0.953125 0.230000
vt 0.960938 0.000000
vt 0.968750 0.230000
vt 0.976562 0.000000
vt 0.984375 0.230000
vt 0.992188 0.000000
vt 1.000000 0.230000
vt 0.000000 0.230000
vt 0.015625 0.248601
vt 0.000000 0.248601
vt 0.031250 0.248601
vt 0.046875 0.248601
vt 0.062500 0.248601
vt 0.078125 0.248601
vt 0.093750 0.248601
vt 0.109375 0.248601
vt 0.125000 0.248601
vt 0.140625 0.248601
vt 0.156250 0.248601
vt 0.171875 0.248601
vt 0.187500 0.248601
vt 0.203125 0.248601
vt 0.218750 0.248601
vt 0.234375 0.248601
vt 0.250000 0.248601
vt 0.265625 0.248601
vt 0.281250 0.248601
vt 0.296875 0.248601
vt 0.312500 0.248601
vt 0.328125 0.248601
vt 0.343750 0.248601
vt 0.359375 0.248601
vt 0.375000 0.248601
vt 0.390625 0.248601
vt 0.406250 0.248601
vt 0.421875 0.248601
vt 0.437500 0.248601
vt 0.453125 0.248601
vt 0.468750 0.248601
vt 0.484375 0.248601
vt 0.500000 0.248601
vt 0.515625 0.248601
vt 0.531250 0.248601
vt 0.546875 0.248601
vt 0.562500 0.248601
vt 0.578125 0.248601
vt 0.593750 0.248601
vt 0.609375 0.248601
vt 0.625000 0.248601
vt 0.640625 0.248601
vt 0.656250 0.248601
vt 0.671875 0.248601
vt 0.687500 0.248601
vt 0.703125 0.248601
vt 0.718750 0.248601
vt 0.734375 0.248601
vt 0.750000 0.248601
vt 0.765625 0.248601
vt 0.781250 0.248601
vt 0.796875 0.248601
vt 0.812500 0.248601
vt 0.828125 0.248601
vt 0.843750 0.248601
vt 0.859375 0.248601
vt 0.875000 0.248601
vt 0.890625 0.248601
vt 0.906250 0.248601
vt 0.921875 0.248601
vt 0.937500 0.248601
vt 0.953125 0.248601
vt 0.968750 0.248601
vt 0.984375 0.248601
vt 1.000000 0.248601
vt 0.015625 0.254637
vt 0.000000 0.254637
vt 0.031250 0.254637
vt 0.046875 0.254637
vt 0.062500 0.254637
vt 0.078125 0.254637
vt 0.093750 0.254637
vt 0.109375 0.254637
vt 0.125000 0.254637
vt 0.140625 0.254637
vt 0.156250 0.254637
vt 0.171875 0.254637
vt 0.187500 0.254637
vt 0.203125 0.254637
vt 0.218750 0.254637
vt 0.234375 0.254637
vt 0.250000 0.254637
vt 0.265625 0.254637
vt 0.281250 0.254637
vt 0.296875 0.254637
vt 0.312500 0.254637
vt 0.328125 0.254637
vt 0.343750 0.254637
vt 0.359375 0.254637
vt 0.375000 0.254637
vt 0.390625 0.254637
vt 0.406250 0.254637
vt 0.421875 0.254637
vt 0.437500 0.254637
vt 0.453125 0.254637
vt 0.468750 0.254637
vt 0.484375 0.254637
vt 0.500000 0.254637
vt 0.515625 0.254637
vt 0.531250 0.254637
vt 0.546875 0.254637
vt 0.562500 0.254637
vt 0.578125 0.254637
vt 0.593750 0.254637
vt 0.609375 0.254637
vt 0.625000 0.254637
vt 0.640625 0.254637
vt 0.656250 0.254637
vt 0.671875 0.254637
vt 0.687500 0.254637
vt 0.703125 0.254637
vt 0.718750 0.254637
vt 0.734375 0.254637
vt 0.750000 0.254637
vt 0.765625 0.254637
vt 0.781250 0.254637
vt 0.796875 0.254637
vt 0.812500 0.254637
vt 0.828125 0.254637
vt 0.843750 0.254637
vt 0.859375 0.254637
vt 0.875000 0.254637
vt 0.890625 0.254637
vt 0.906250 0.254637
vt 0.921875 0.254637
vt 0.937500 0.254637
vt 0.953125 0.254637
vt 0.968750 0.254637
vt 0.984375 0.254637
vt 1.000000 0.254637
vt 0.015625 0.256550
vt 0.000000 0.256550
vt 0.031250 0.256550
vt 0.046875 0.256550
vt 0.062500 0.256550
vt 0.078125 0.256550
vt 0.093750 0.256550
vt 0.109375 0.256550
vt 0.125000 0.256550
vt 0.140625 0.256550
vt 0.156250 0.256550
vt 0.171875 0.256550
vt 0.187500 0.256550
vt 0.203125 0.256550
vt 0.218750 0.256550
vt 0.234375 0.256550
vt 0.250000 0.256550
vt 0.265625 0.256550
vt 0.281250 0.256550
vt 0.296875 0.256550
vt 0.312500 0.256550
vt 0.328125 0.256550
vt 0.343750 0.256550
vt 0.359375 0.256550
vt 0.375000 0.256550
vt 0.390625 0.256550
vt 0.406250 0.256550
vt 0.421875 0.256550
vt 0.437500 0.256550
vt 0.453125 0.256550
vt 0.468750 0.256550
vt 0.484375 0.256550
vt 0.500000 0.256550
vt 0.515625 0.256550
vt 0.531250 0.256550
vt 0.546875 0.256550
vt 0.562500 0.256550
vt 0.578125 0.256550
vt 0.593750 0.256550
vt 0.609375 0.256550
vt 0.625000 0.256550
vt 0.640625 0.256550
vt 0.656250 0.256550
vt 0.671875 0.256550
vt 0.687500 0.256550
vt 0.703125 0.256550
vt 0.718750 0.256550
vt 0.734375 0.256550
vt 0.750000 0.256550
vt 0.765625 0.256550
vt 0.781250 0.256550
vt 0.796875 0.256550
vt 0.812500 0.256550
vt 0.828125 0.256550
vt 0.843750 0.256550
vt 0.859375 0.256550
vt 0.875000 0.256550
vt 0.890625 0.256550
vt 0.906250 0.256550
vt 0.921875 0.256550
vt 0.937500 0.256550
vt 0.953125 0.256550
vt 0.968750 0.256550
vt 0.984375 0.256550
vt 1.000000 0.256550
vt 0.015625 0.272030
vt 0.000000 0.272030
vt 0.031250 0.272030
vt 0.046875 0.272030
vt 0.062500 0.272030
vt 0.078125 0.272030
vt 0.093750 0.272030
vt 0.109375 0.272030
vt 0.125000 0.272030
vt 0.140625 0.272030
vt 0.156250 0.272030
vt 0.171875 0.272030
vt 0.187500 0.272030
vt 0.203125 0.272030
vt 0.218750 0.272030
vt 0.234375 0.272030
vt 0.250000 0.272030
vt 0.265625 0.272030
vt 0.281250 0.272030
vt 0.296875 0.272030
vt 0.312500 0.272030
vt 0.328125 0.272030
vt 0.343750 0.272030
vt 0.359375 0.272030
vt 0.375000 0.272030
vt 0.390625 0.272030
vt 0.406250 0.272030
vt 0.421875 0.272030
vt 0.437500 0.272030
vt 0.453125 0.272030
vt 0.468750 0.272030
vt 0.484375 0.272030
vt 0.500000 0.272030
vt 0.515625 0.272030
vt 0.531250 0.272030
vt 0.546875 0.272030
vt 0.562500 0.272030
vt 0.578125 0.272030
vt 0.593750 0.272030
vt 0.609375 0.272030
vt 0.625000 0.272030
vt 0.640625 0.272030
vt 0.656250 0.272030
vt 0.671875 0.272030
vt 0.687500 0.272030
vt 0.703125 0.272030
vt 0.718750 0.272030
vt 0.734375 0.272030
vt 0.750000 0.272030
vt 0.765625 0.272030
vt 0.781250 0.272030
vt 0.796875 0.272030
vt 0.812500 0.272030
vt 0.828125 0.272030
vt 0.843750 0.272030
vt 0.859375 0.272030
vt 0.875000 0.272030
vt 0.890625 0.272030
vt 0.906250 0.272030
vt 0.921875 0.272030
vt 0.937500 0.272030
vt 0.953125 0.272030
vt 0.968750 0.272030
vt 0.984375 0.272030
vt 1.000000 0.272030
vt 0.015625 0.274583
vt 0.000000 0.274583
vt 0.031250 0.274583
vt 0.046875 0.274583
vt 0.062500 0.274583
vt 0.078125 0.274583
vt 0.093750 0.274583
vt 0.109375 0.274583
vt 0.125000 0.274583
vt 0.140625 0.274583
vt 0.156250 0.274583
vt 0.171875 0.274583
vt 0.187500 0.274583
vt 0.203125 0.274583
vt 0.218750 0.274583
vt 0.234375 0.274583
vt 0.250000 0.274583
vt 0.265625 0.274583
vt 0.281250 0.274583
vt 0.296875 0.274583
vt 0.312500 0.274583
vt 0.328125 0.274583
vt 0.343750 0.274583
vt 0.359375 0.274583
vt 0.375000 0.274583
vt 0.390625 0.274583
vt 0.406250 0.274583
vt 0.421875 0.274583
vt 0.437500 0.274583
vt 0.453125 0.274583
vt 0.468750 0.274583
vt 0.484375 0.274583
vt 0.500000 0.274583
vt 0.515625 0.274583
vt 0.531250 0.274583
vt 0.546875 0.274583
vt 0.562500 0.274583
vt 0.578125 0.274583
vt 0.593750 0.274583
vt 0.609375 0.274583
vt 0.625000 0.274583
vt 0.640625 0.274583
vt 0.656250 0.274583
vt 0.671875 0.274583
vt 0.687500 0.274583
vt 0.703125 0.274583
vt 0.718750 0.274583
vt 0.734375 0.274583
vt 0.750000 0.274583
vt 0.765625 0.274583
vt 0.781250 0.274583
vt 0.796875 0.274583
vt 0.812500 0.274583
vt 0.828125 0.274583
vt 0.843750 0.274583
vt 0.859375 0.274583
vt 0.875000 0.274583
vt 0.890625 0.274583
vt 0.906250 0.274583
vt 0.921875 0.274583
vt 0.937500 0.274583
vt 0.953125 0.274583
vt 0.968750 0.274583
vt 0.984375 0.274583
vt 1.000000 0.274583
vt 0.015625 0.285629
vt 0.000000 0.285629
vt 0.031250 0.285629
vt 0.046875 0.285629
vt 0.062500 0.285629
vt 0.078125 0.285629
vt 0.093750 0.285629
vt 0.109375 0.285629
vt 0.125000 0.285629
vt 0.140625 0.285629
vt 0.156250 0.285629
vt 0.171875 0.285629
vt 0.187500 0.285629
vt 0.203125 0.285629
vt 0.218750 0.285629
vt 0.234375 0.285629
vt 0.250000 0.285629
vt 0.265625 0.285629
vt 0.281250 0.285629
vt 0.296875 0.285629
vt 0.312500 0.285629
vt 0.328125 0.285629
vt 0.343750 0.285629
vt 0.359375 0.285629
vt 0.375000 0.285629
vt 0.390625 0.285629
vt 0.406250 0.285629
vt 0.421875 0.285629
vt 0.437500 0.285629
vt 0.453125 0.285629
vt 0.468750 0.285629
vt 0.484375 0.285629
vt 0.500000 0.285629
vt 0.515625 0.285629
vt 0.531250 0.285629
vt 0.546875 0.285629
vt 0.562500 0.285629
vt 0.578125 0.285629
vt 0.593750 0.285629
vt 0.609375 0.285629
vt 0.625000 0.285629
vt 0.640625 0.285629
vt 0.656250 0.285629
vt 0.671875 0.285629
vt 0.687500 0.285629
vt 0.703125 0.285629
vt 0.718750 0.285629
vt 0.734375 0.285629
vt 0.750000 0.285629
vt 0.765625 0.285629
vt 0.781250 0.285629
vt 0.796875 0.285629
vt 0.812500 0.285629
vt 0.828125 0.285629
vt 0.843750 0.285629
vt 0.859375 0.285629
vt 0.875000 0.285629
vt 0.890625 0.285629
vt 0.906250 0.285629
vt 0.921875 0.285629
vt 0.937500 0.285629
vt 0.953125 0.285629
vt 0.968750 0.285629
vt 0.984375 0.285629
vt 1.000000 0.285629
vt 0.015625 0.292483
vt 0.000000 0.292483
vt 0.031250 0.292483
vt 0.046875 0.292483
vt 0.062500 0.292483
vt 0.078125 0.292483
vt 0.093750 0.292483
vt 0.109375 0.292483
vt 0.125000 0.292483
vt 0.140625 0.292483
vt 0.156250 0.292483
vt 0.171875 0.292483
vt 0.187500 0.292483
vt 0.203125 0.292483
vt 0.218750 0.292483
vt 0.234375 0.292483
vt 0.250000 0.292483
vt 0.265625 0.292483
vt 0.281250 0.292483
vt 0.296875 0.292483
vt 0.312500 0.292483
vt 0.328125 0.292483
vt 0.343750 0.292483
vt 0.359375 0.292483
vt 0.375000 0.292483
vt 0.390625 0.292483
vt 0.406250 0.292483
vt 0.421875 0.292483
vt 0.437500 0.292483
vt 0.453125 0.292483
vt 0.468750 0.292483
vt 0.484375 0.292483
vt 0.500000 0.292483
vt 0.515625 0.292483
vt 0.531250 0.292483
vt 0.546875 0.292483
vt 0.562500 0.292483
vt 0.578125 0.292483
vt 0.593750 0.292483
vt 0.609375 0.292483
vt 0.625000 0.292483
vt 0.640625 0.292483
vt 0.656250 0.292483
vt 0.671875 0.292483
vt 0.687500 0.292483
vt 0.703125 0.292483
vt 0.718750 0.292483
vt 0.734375 0.292483
vt 0.750000 0.292483
vt 0.765625 0.292483
vt 0.781250 0.292483
vt 0.796875 0.292483
vt 0.812500 0.292483
vt 0.828125 0.292483
vt 0.843750 0.292483
vt 0.859375 0.292483
vt 0.875000 0.292483
vt 0.890625 0.292483
vt 0.906250 0.292483
vt 0.921875 0.292483
vt 0.937500 0.292483
vt 0.953125 0.292483
vt 0.968750 0.292483
vt 0.984375 0.292483
vt 1.000000 0.292483
vt 0.015625 0.300841
vt 0.000000 0.300841
vt 0.031250 0.300841
vt 0.046875 0.300841
vt 0.062500 0.300841
vt 0.078125 0.300841
vt 0.093750 0.300841
vt 0.109375 0.300841
vt 0.125000 0.300841
vt 0.140625 0.300841
vt 0.156250 0.300841
vt 0.171875 0.300841
vt 0.187500 0.300841
vt 0.203125 0.300841
vt 0.218750 0.300841
vt 0.234375 0.300841
vt 0.250000 0.300841
vt 0.265625 0.300841
vt 0.281250 0.300841
vt 0.296875 0.300841
vt 0.312500 0.300841
vt 0.328125 0.300841
vt 0.343750 0.300841
vt 0.359375 0.300841
vt 0.375000 0.300841
vt 0.390625 0.300841
vt 0.406250 0.300841
vt 0.421875 0.300841
vt 0.437500 0.300841
vt 0.453125 0.300841
vt 0.468750 0.300841
vt 0.484375 0.300841
vt 0.500000 0.300841
vt 0.515625 0.300841
vt 0.531250 0.300841
vt 0.546875 0.300841
vt 0.562500 0.300841
vt 0.578125 0.300841
vt 0.593750 0.300841
vt 0.609375 0.300841
vt 0.625000 0.300841
vt 0.640625 0.300841
vt 0.656250 0.300841
vt 0.671875 0.300841
vt 0.687500 0.300841
vt 0.703125 0.300841
vt 0.718750 0.300841
vt 0.734375 0.300841
vt 0.750000 0.300841
vt 0.765625 0.300841
vt 0.781250 0.300841
vt 0.796875 0.300841
vt 0.812500 0.300841
vt 0.828125 0.300841
vt 0.843750 0.300841
vt 0.859375 0.300841
vt 0.875000 0.300841
vt 0.890625 0.300841
vt 0.906250 0.300841
vt 0.921875 0.300841
vt 0.937500 0.300841
vt 0.953125 0.300841
vt 0.968750 0.300841
vt 0.984375 0.300841
vt 1.000000 0.300841
vt 0.015625 0.310381
vt 0.000000 0.310381
vt 0.031250 0.310381
vt 0.046875 0.310381
vt 0.062500 0.310381
vt 0.078125 0.310381
vt 0.093750 0.310381
vt 0.109375 0.310381
vt 0.125000 0.310381
vt 0.140625 0.310381
vt 0.156250 0.310381
vt 0.171875 0.310381
vt 0.187500 0.310381
vt 0.203125 0.310381
vt 0.218750 0.310381
vt 0.234375 0.310381
vt 0.250000 0.310381
vt 0.265625 0.310381
vt 0.281250 0.310381
vt 0.296875 0.310381
vt 0.312500 0.310381
vt 0.328125 0.310381
vt 0.343750 0.310381
vt 0.359375 0.310381
vt 0.375000 0.310381
vt 0.390625 0.310381
vt 0.406250 0.310381
vt 0.421875 0.310381
vt 0.437500 0.310381
vt 0.453125 0.310381
vt 0.468750 0.310381
vt 0.484375 0.310381
vt 0.500000 0.310381
vt 0.515625 0.310381
vt 0.531250 0.310381
vt 0.546875 0.310381
vt 0.562500 0.310381
vt 0.578125 0.310381
vt 0.593750 0.310381
vt 0.609375 0.310381
vt 0.625000 0.310381
vt 0.640625 0.310381
vt 0.656250 0.310381
vt 0.671875 0.310381
vt 0.687500 0.310381
vt 0.703125 0.310381
vt 0.718750 0.310381
vt 0.734375 0.310381
vt 0.750000 0.310381
vt 0.765625 0.310381
vt 0.781250 0.310381
vt 0.796875 0.310381
vt 0.812500 0.310381
vt 0.828125 0.310381
vt 0.843750 0.310381
vt 0.859375 0.310381
vt 0.875000 0.310381
vt 0.890625 0.310381
vt 0.906250 0.310381
vt 0.921875 0.310381
vt 0.937500 0.310381
vt 0.953125 0.310381
vt 0.968750 0.310381
vt 0.984375 0.310381
vt 1.000000 0.310381
vt 0.015625 0.321062
vt 0.000000 0.321062
vt 0.031250 0.321062
vt 0.046875 0.321062
vt 0.062500 0.321062
vt 0.078125 0.321062
vt 0.093750 0.321062
vt 0.109375 0.321062
vt 0.125000 0.321062
vt 0.140625 0.321062
vt 0.156250 0.321062
vt 0.171875 0.321062
vt 0.187500 0.321062
vt 0.203125 0.321062
vt 0.218750 0.321062
vt 0.234375 0.321062
vt 0.250000 0.321062
vt 0.265625 0.321062
vt 0.281250 0.321062
vt 0.296875 0.321062
vt 0.312500 0.321062
vt 0.328125 0.321062
vt 0.343750 0.321062
vt 0.359375 0.321062
vt 0.375000 0.321062
vt 0.390625 0.321062
vt 0.406250 0.321062
vt 0.421875 0.321062
vt 0.437500 0.321062
vt 0.453125 0.321062
vt 0.468750 0.321062
vt 0.484375 0.321062
vt 0.500000 0.321062
vt 0.515625 0.321062
vt 0.531250 0.321062
vt 0.546875 0.321062
vt 0.562500 0.321062
vt 0.578125 0.321062
vt 0.593750 0.321062
vt 0.609375 0.321062
vt 0.625000 0.321062
vt 0.640625 0.321062
vt 0.656250 0.321062
vt 0.671875 0.321062
vt 0.687500 0.321062
vt 0.703125 0.321062
vt 0.718750 0.321062
vt 0.734375 0.321062
vt 0.750000 0.321062
vt 0.765625 0.321062
vt 0.781250 0.321062
vt 0.796875 0.321062
vt 0.812500 0.321062
vt 0.828125 0.321062
vt 0.843750 0.321062
vt 0.859375 0.321062
vt 0.875000 0.321062
vt 0.890625 0.321062
vt 0.906250 0.321062
vt 0.921875 0.321062
vt 0.937500 0.321062
vt 0.953125 0.321062
vt 0.968750 0.321062
vt 0.984375 0.321062
vt 1.000000 0.321062
vt 0.015625 0.333425
vt 0.000000 0.333425
vt 0.031250 0.333425
vt 0.046875 0.333425
vt 0.062500 0.333425
vt 0.078125 0.333425
vt 0.093750 0.333425
vt 0.109375 0.333425
vt 0.125000 0.333425
vt 0.140625 0.333425
vt 0.156250 0.333425
vt 0.171875 0.333425
vt 0.187500 0.333425
vt 0.203125 0.333425
vt 0.218750 0.333425
vt 0.234375 0.333425
vt 0.250000 0.333425
vt 0.265625 0.333425
vt 0.281250 0.333425
vt 0.296875 0.333425
vt 0.312500 0.333425
vt 0.328125 0.333425
vt 0.343750 0.333425
vt 0.359375 0.333425
vt 0.375000 0.333425
vt 0.390625 0.333425
vt 0.406250 0.333425
vt 0.421875 0.333425
vt 0.437500 0.333425
vt 0.453125 0.333425
vt 0.468750 0.333425
vt 0.484375 0.333425
vt 0.500000 0.333425
vt 0.515625 0.333425
vt 0.531250 0.333425
vt 0.546875 0.333425
vt 0.562500 0.333425
vt 0.578125 0.333425
vt 0.593750 0.333425
vt 0.609375 0.333425
vt 0.625000 0.333425
vt 0.640625 0.333425
vt 0.656250 0.333425
vt 0.671875 0.333425
vt 0.687500 0.333425
vt 0.703125 0.333425
vt 0.718750 0.333425
vt 0.734375 0.333425
vt 0.750000 0.333425
vt 0.765625 0.333425
vt 0.781250 0.333425
vt 0.796875 0.333425
vt 0.812500 0.333425
vt 0.828125 0.333425
vt 0.843750 0.333425
vt 0.859375 0.333425
vt 0.875000 0.333425
vt 0.890625 0.333425
vt 0.906250 0.333425
vt 0.921875 0.333425
vt 0.937500 0.333425
vt 0.953125 0.333425
vt 0.968750 0.333425
vt 0.984375 0.333425
vt 1.000000 0.333425
vt 0.015625 0.348633
vt 0.000000 0.348633
vt 0.031250 0.348633
vt 0.046875 0.348633
vt 0.062500 0.348633
vt 0.078125 0.348633
vt 0.093750 0.348633
vt 0.109375 0.348633
vt 0.125000 0.348633
vt 0.140625 0.348633
vt 0.156250 0.348633
vt 0.171875 0.348633
vt 0.187500 0.348633
vt 0.203125 0.348633
vt 0.218750 0.348633
vt 0.234375 0.348633
vt 0.250000 0.348633
vt 0.265625 0.348633
vt 0.281250 0.348633
vt 0.296875 0.348633
vt 0.312500 0.348633
vt 0.328125 0.348633
vt 0.343750 0.348633
vt 0.359375 0.348633
vt 0.375000 0.348633
vt 0.390625 0.348633
vt 0.406250 0.348633
vt 0.421875 0.348633
vt 0.437500 0.348633
vt 0.453125 0.348633
vt 0.468750 0.348633
vt 0.484375 0.348633
vt 0.500000 0.348633
vt 0.515625 0.348633
vt 0.531250 0.348633
vt 0.546875 0.348633
vt 0.562500 0.348633
vt 0.578125 0.348633
vt 0.593750 0.348633
vt 0.609375 0.348633
vt 0.625000 0.348633
vt 0.640625 0.348633
vt 0.656250 0.348633
vt 0.671875 0.348633
vt 0.687500 0.348633
vt 0.703125 0.348633
vt 0.718750 0.348633
vt 0.734375 0.348633
vt 0.750000 0.348633
vt 0.765625 0.348633
vt 0.781250 0.348633
vt 0.796875 0.348633
vt 0.812500 0.348633
vt 0.828125 0.348633
vt 0.843750 0.348633
vt 0.859375 0.348633
vt 0.875000 0.348633
vt 0.890625 0.348633
vt 0.906250 0.348633
vt 0.921875 0.348633
vt 0.937500 0.348633
vt 0.953125 0.348633
vt 0.968750 0.348633
vt 0.984375 0.348633
vt 1.000000 0.348633
vt 0.015625 0.358832
vt 0.000000 0.358832
vt 0.031250 0.358832
vt 0.046875 0.358832
vt 0.062500 0.358832
vt 0.078125 0.358832
vt 0.093750 0.358832
vt 0.109375 0.358832
vt 0.125000 0.358832
vt 0.140625 0.358832
vt 0.156250 0.358832
vt 0.171875 0.358832
vt 0.187500 0.358832
vt 0.203125 0.358832
vt 0.218750 0.358832
vt 0.234375 0.358832
vt 0.250000 0.358832
vt 0.265625 0.358832
vt 0.281250 0.358832
vt 0.296875 0.358832
vt 0.312500 0.358832
vt 0.328125 0.358832
vt 0.343750 0.358832
vt 0.359375 0.358832
vt 0.375000 0.358832
vt 0.390625 0.358832
vt 0.406250 0.358832
vt 0.421875 0.358832
vt 0.437500 0.358832
vt 0.453125 0.358832
vt 0.468750 0.358832
vt 0.484375 0.358832
vt 0.500000 0.358832
vt 0.515625 0.358832
vt 0.531250 0.358832
vt 0.546875 0.358832
vt 0.562500 0.358832
vt 0.578125 0.358832
vt 0.593750 0.358832
vt 0.609375 0.358832
vt 0.625000 0.358832
vt 0.640625 0.358832
vt 0.656250 0.358832
vt 0.671875 0.358832
vt 0.687500 0.358832
vt 0.703125 0.358832
vt 0.718750 0.358832
vt 0.734375 0.358832
vt 0.750000 0.358832
vt 0.765625 0.358832
vt 0.781250 0.358832
vt 0.796875 0.358832
vt 0.812500 0.358832
vt 0.828125 0.358832
vt 0.843750 0.358832
vt 0.859375 0.358832
vt 0.875000 0.358832
vt 0.890625 0.358832
vt 0.906250 0.358832
vt 0.921875 0.358832
vt 0.937500 0.358832
vt 0.953125 0.358832
vt 0.968750 0.358832
vt 0.984375 0.358832
vt 1.000000 0.358832
vt 0.015625 0.391193
vt 0.000000 0.391193
vt 0.031250 0.391193
vt 0.046875 0.391193
vt 0.062500 0.391193
vt 0.078125 0.391193
vt 0.093750 0.391193
vt 0.109375 0.391193
vt 0.125000 0.391193
vt 0.140625 0.391193
vt 0.156250 0.391193
vt 0.171875 0.391193
vt 0.187500 0.391193
vt 0.203125 0.391193
vt 0.218750 0.391193
vt 0.234375 0.391193
vt 0.250000 0.391193
vt 0.265625 0.391193
vt 0.281250 0.391193
vt 0.296875 0.391193
vt 0.312500 0.391193
vt 0.328125 0.391193
vt 0.343750 0.391193
vt 0.359375 0.391193
vt 0.375000 0.391193
vt 0.390625 0.391193
vt 0.406250 0.391193
vt 0.421875 0.391193
vt 0.437500 0.391193
vt 0.453125 0.391193
vt 0.468750 0.391193
vt 0.484375 0.391193
vt 0.500000 0.391193
vt 0.515625 0.391193
vt 0.531250 0.391193
vt 0.546875 0.391193
vt 0.562500 0.391193
vt 0.578125 0.391193
vt 0.593750 0.391193
vt 0.609375 0.391193
vt 0.625000 0.391193
vt 0.640625 0.391193
vt 0.656250 0.391193
vt 0.671875 0.391193
vt 0.687500 0.391193
vt 0.703125 0.391193
vt 0.718750 0.391193
vt 0.734375 0.391193
vt 0.750000 0.391193
vt 0.765625 0.391193
vt 0.781250 0.391193
vt 0.796875 0.391193
vt 0.812500 0.391193
vt 0.828125 0.391193
vt 0.843750 0.391193
vt 0.859375 0.391193
vt 0.875000 0.391193
vt 0.890625 0.391193
vt 0.906250 0.391193
vt 0.921875 0.391193
vt 0.937500 0.391193
vt 0.953125 0.391193
vt 0.968750 0.391193
vt 0.984375 0.391193
vt 1.000000 0.391193
vt 0.015625 0.418619
vt 0.000000 0.418619
vt 0.031250 0.418619
vt 0.046875 0.418619
vt 0.062500 0.418619
vt 0.078125 0.418619
vt 0.093750 0.418619
vt 0.109375 0.418619
vt 0.125000 0.418619
vt 0.140625 0.418619
vt 0.156250 0.418619
vt 0.171875 0.418619
vt 0.187500 0.418619
vt 0.203125 0.418619
vt 0.218750 0.418619
vt 0.234375 0.418619
vt 0.250000 0.418619
vt 0.265625 0.418619
vt 0.281250 0.418619
vt 0.296875 0.418619
vt 0.312500 0.418619
vt 0.328125 0.418619
vt 0.343750 0.418619
vt 0.359375 0.418619
vt 0.375000 0.418619
vt 0.390625 0.418619
vt 0.406250 0.418619
vt 0.421875 0.418619
vt 0.437500 0.418619
vt 0.453125 0.418619
vt 0.468750 0.418619
vt 0.484375 0.418619
vt 0.500000 0.418619
vt 0.515625 0.418619
vt 0.531250 0.418619
vt 0.546875 0.418619
vt 0.562500 0.418619
vt 0.578125 0.418619
vt 0.593750 0.418619
vt 0.609375 0.418619
vt 0.625000 0.418619
vt 0.640625 0.418619
vt 0.656250 0.418619
vt 0.671875 0.418619
vt 0.687500 0.418619
vt 0.703125 0.418619
vt 0.718750 0.418619
vt 0.734375 0.418619
vt 0.750000 0.418619
vt 0.765625 0.418619
vt 0.781250 0.418619
vt 0.796875 0.418619
vt 0.812500 0.418619
vt 0.828125 0.418619
vt 0.843750 0.418619
vt 0.859375 0.418619
vt 0.875000 0.418619
vt 0.890625 0.418619
vt 0.906250 0.418619
vt 0.921875 0.418619
vt 0.937500 0.418619
vt 0.953125 0.418619
vt 0.968750 0.418619
vt 0.984375 0.418619
vt 1.000000 0.418619
vt 0.015625 0.441412
vt 0.000000 0.441412
vt 0.031250 0.441412
vt 0.046875 0.441412
vt 0.062500 0.441412
vt 0.078125 0.441412
vt 0.093750 0.441412
vt 0.109375 0.441412
vt 0.125000 0.441412
vt 0.140625 0.441412
vt 0.156250 0.441412
vt 0.171875 0.441412
vt 0.187500 0.441412
vt 0.203125 0.441412
vt 0.218750 0.441412
vt 0.234375 0.441412
vt 0.250000 0.441412
vt 0.265625 0.441412
vt 0.281250 0.441412
vt 0.296875 0.441412
vt 0.312500 0.441412
vt 0.328125 0.441412
vt 0.343750 0.441412
vt 0.359375 0.441412
vt 0.375000 0.441412
vt 0.390625 0.441412
vt 0.406250 0.441412
vt 0.421875 0.441412
vt 0.437500 0.441412
vt 0.453125 0.441412
vt 0.468750 0.441412
vt 0.484375 0.441412
vt 0.500000 0.441412
vt 0.515625 0.441412
vt 0.531250 0.441412
vt 0.546875 0.441412
vt 0.562500 0.441412
vt 0.578125 0.441412
vt 0.593750 0.441412
vt 0.609375 0.441412
vt 0.625000 0.441412
vt 0.640625 0.441412
vt 0.656250 0.441412
vt 0.671875 0.441412
vt 0.687500 0.441412
vt 0.703125 0.441412
vt 0.718750 0.441412
vt 0.734375 0.441412
vt 0.750000 0.441412
vt 0.765625 0.441412
vt 0.781250 0.441412
vt 0.796875 0.441412
vt 0.812500 0.441412
vt 0.828125 0.441412
vt 0.843750 0.441412
vt 0.859375 0.441412
vt 0.875000 0.441412
vt 0.890625 0.441412
vt 0.906250 0.441412
vt 0.921875 0.441412
vt 0.937500 0.441412
vt 0.953125 0.441412
vt 0.968750 0.441412
vt 0.984375 0.441412
vt 1.000000 0.441412
vt 0.015625 0.460385
vt 0.000000 0.460385
vt 0.031250 0.460385
vt 0.046875 0.460385
vt 0.062500 0.460385
vt 0.078125 0.460385
vt 0.093750 0.460385
vt 0.109375 0.460385
vt 0.125000 0.460385
vt 0.140625 0.460385
vt 0.156250 0.460385
vt 0.171875 0.460385
vt 0.187500 0.460385
vt 0.203125 0.460385
vt 0.218750 0.460385
vt 0.234375 0.460385
vt 0.250000 0.460385
vt 0.265625 0.460385
vt 0.281250 0.460385
vt 0.296875 0.460385
vt 0.312500 0.460385
vt 0.328125 0.460385
vt 0.343750 0.460385
vt 0.359375 0.460385
vt 0.375000 0.460385
vt 0.390625 0.460385
vt 0.406250 0.460385
vt 0.421875 0.460385
vt 0.437500 0.460385
vt 0.453125 0.460385
vt 0.468750 0.460385
vt 0.484375 0.460385
vt 0.500000 0.460385
vt 0.515625 0.460385
vt 0.531250 0.460385
vt 0.546875 0.460385
vt 0.562500 0.460385
vt 0.578125 0.460385
vt 0.593750 0.460385
vt 0.609375 0.460385
vt 0.625000 0.460385
vt 0.640625 0.460385
vt 0.656250 0.460385
vt 0.671875 0.460385
vt 0.687500 0.460385
vt 0.703125 0.460385
vt 0.718750 0.460385
vt 0.734375 0.460385
vt 0.750000 0.460385
vt 0.765625 0.460385
vt 0.781250 0.460385
vt 0.796875 0.460385
vt 0.812500 0.460385
vt 0.828125 0.460385
vt 0.843750 0.460385
vt 0.859375 0.460385
vt 0.875000 0.460385
vt 0.890625 0.460385
vt 0.906250 0.460385
vt 0.921875 0.460385
vt 0.937500 0.460385
vt 0.953125 0.460385
vt 0.968750 0.460385
vt 0.984375 0.460385
vt 1.000000 0.460385
vt 0.015625 0.477321
vt 0.000000 0.477321
vt 0.031250 0.477321
vt 0.046875 0.477321
vt 0.062500 0.477321
vt 0.078125 0.477321
vt 0.093750 0.477321
vt 0.109375 0.477321
vt 0.125000 0.477321
vt 0.140625 0.477321
vt 0.156250 0.477321
vt 0.171875 0.477321
vt 0.187500 0.477321
vt 0.203125 0.477321
vt 0.218750 0.477321
vt 0.234375 0.477321
vt 0.250000 0.477321
vt 0.265625 0.477321
vt 0.281250 0.477321
vt 0.296875 0.477321
vt 0.312500 0.477321
vt 0.328125 0.477321
vt 0.343750 0.477321
vt 0.359375 0.477321
vt 0.375000 0.477321
vt 0.390625 0.477321
vt 0.406250 0.477321
vt 0.421875 0.477321
vt 0.437500 0.477321
vt 0.453125 0.477321
vt 0.468750 0.477321
vt 0.484375 0.477321
vt 0.500000 0.477321
vt 0.515625 0.477321
vt 0.531250 0.477321
vt 0.546875 0.477321
vt 0.562500 0.477321
vt 0.578125 0.477321
vt 0.593750 0.477321
vt 0.609375 0.477321
vt 0.625000 0.477321
vt 0.640625 0.477321
vt 0.656250 0.477321
vt 0.671875 0.477321
vt 0.687500 0.477321
vt 0.703125 0.477321
vt 0.718750 0.477321
vt 0.734375 0.477321
vt 0.750000 0.477321
vt 0.765625 0.477321
vt 0.781250 0.477321
vt 0.796875 0.477321
vt 0.812500 0.477321
vt 0.828125 0.477321
vt 0.843750 0.477321
vt 0.859375 0.477321
vt 0.875000 0.477321
vt 0.890625 0.477321
vt 0.906250 0.477321
vt 0.921875 0.477321
vt 0.937500 0.477321
vt 0.953125 0.477321
vt 0.968750 0.477321
vt 0.984375 0.477321
vt 1.000000 0.477321
vt 0.015625 0.539685
vt 0.000000 0.539685
vt 0.031250 0.539685
vt 0.046875 0.539685
vt 0.062500 0.539685
vt 0.078125 0.539685
vt 0.093750 0.539685
vt 0.109375 0.539685
vt 0.125000 0.539685
vt 0.140625 0.539685
vt 0.156250 0.539685
vt 0.171875 0.539685
vt 0.187500 0.539685
vt 0.203125 0.539685
vt 0.218750 0.539685
vt 0.234375 0.539685
vt 0.250000 0.539685
vt 0.265625 0.539685
vt 0.281250 0.539685
vt 0.296875 0.539685
vt 0.312500 0.539685
vt 0.328125 0.539685
vt 0.343750 0.539685
vt 0.359375 0.539685
vt 0.375000 0.539685
vt 0.390625 0.539685
vt 0.406250 0.539685
vt 0.421875 0.539685
vt 0.437500 0.539685
vt 0.453125 0.539685
vt 0.468750 0.539685
vt 0.484375 0.539685
vt 0.500000 0.539685
vt 0.515625 0.539685
vt 0.531250 0.539685
vt 0.546875 0.539685
vt 0.562500 0.539685
vt 0.578125 0.539685
vt 0.593750 0.539685
vt 0.609375 0.539685
vt 0.625000 0.539685
vt 0.640625 0.539685
vt 0.656250 0.539685
vt 0.671875 0.539685
vt 0.687500 0.539685
vt 0.703125 0.539685
vt 0.718750 0.539685
vt 0.734375 0.539685
vt 0.750000 0.539685
vt 0.765625 0.539685
vt 0.781250 0.539685
vt 0.796875 0.539685
vt 0.812500 0.539685
vt 0.828125 0.539685
vt 0.843750 0.539685
vt 0.859375 0.539685
vt 0.875000 0.539685
vt 0.890625 0.539685
vt 0.906250 0.539685
vt 0.921875 0.539685
vt 0.937500 0.539685
vt 0.953125 0.539685
vt 0.968750 0.539685
vt 0.984375 0.539685
vt 1.000000 0.539685
vt 0.015625 0.602873
vt 0.000000 0.602873
vt 0.031250 0.602873
vt 0.046875 0.602873
vt 0.062500 0.602873
vt 0.078125 0.602873
vt 0.093750 0.602873
vt 0.109375 0.602873
vt 0.125000 0.602873
vt 0.140625 0.602873
vt 0.156250 0.602873
vt 0.171875 0.602873
vt 0.187500 0.602873
vt 0.203125 0.602873
vt 0.218750 0.602873
vt 0.234375 0.602873
vt 0.250000 0.602873
vt 0.265625 0.602873
vt 0.281250 0.602873
vt 0.296875 0.602873
vt 0.312500 0.602873
vt 0.328125 0.602873
vt 0.343750 0.602873
vt 0.359375 0.602873
vt 0.375000 0.602873
vt 0.390625 0.602873
vt 0.406250 0.602873
vt 0.421875 0.602873
vt 0.437500 0.602873
vt 0.453125 0.602873
vt 0.468750 0.602873
vt 0.484375 0.602873
vt 0.500000 0.602873
vt 0.515625 0.602873
vt 0.531250 0.602873
vt 0.546875 0.602873
vt 0.562500 0.602873
vt 0.578125 0.602873
vt 0.593750 0.602873
vt 0.609375 0.602873
vt 0.625000 0.602873
vt 0.640625 0.602873
vt 0.656250 0.602873
vt 0.671875 0.602873
vt 0.687500 0.602873
vt 0.703125 0.602873
vt 0.718750 0.602873
vt 0.734375 0.602873
vt 0.750000 0.602873
vt 0.765625 0.602873
vt 0.781250 0.602873
vt 0.796875 0.602873
vt 0.812500 0.602873
vt 0.828125 0.602873
vt 0.843750 0.602873
vt 0.859375 0.602873
vt 0.875000 0.602873
vt 0.890625 0.602873
vt 0.906250 0.602873
vt 0.921875 0.602873
vt 0.937500 0.602873
vt 0.953125 0.602873
vt 0.968750 0.602873
vt 0.984375 0.602873
vt 1.000000 0.602873
vt 0.015625 0.664275
vt 0.000000 0.664275
vt 0.031250 0.664275
vt 0.046875 0.664275
vt 0.062500 0.664275
vt 0.078125 0.664275
vt 0.093750 0.664275
vt 0.109375 0.664275
vt 0.125000 0.664275
vt 0.140625 0.664275
vt 0.156250 0.664275
vt 0.171875 0.664275
vt 0.187500 0.664275
vt 0.203125 0.664275
vt 0.218750 0.664275
vt 0.234375 0.664275
vt 0.250000 0.664275
vt 0.265625 0.664275
vt 0.281250 0.664275
vt 0.296875 0.664275
vt 0.312500 0.664275
vt 0.328125 0.664275
vt 0.343750 0.664275
vt 0.359375 0.664275
vt 0.375000 0.664275
vt 0.390625 0.664275
vt 0.406250 0.664275
vt 0.421875 0.664275
vt 0.437500 0.664275
vt 0.453125 0.664275
vt 0.468750 0.664275
vt 0.484375 0.664275
vt 0.500000 0.664275
vt 0.515625 0.664275
vt 0.531250 0.664275
vt 0.546875 0.664275
vt 0.562500 0.664275
vt 0.578125 0.664275
vt 0.593750 0.664275
vt 0.609375 0.664275
vt 0.625000 0.664275
vt 0.640625 0.664275
vt 0.656250 0.664275
vt 0.671875 0.664275
vt 0.687500 0.664275
vt 0.703125 0.664275
vt 0.718750 0.664275
vt 0.734375 0.664275
vt 0.750000 0.664275
vt 0.765625 0.664275
vt 0.781250 0.664275
vt 0.796875 0.664275
vt 0.812500 0.664275
vt 0.828125 0.664275
vt 0.843750 0.664275
vt 0.859375 0.664275
vt 0.875000 0.664275
vt 0.890625 0.664275
vt 0.906250 0.664275
vt 0.921875 0.664275
vt 0.937500 0.664275
vt 0.953125 0.664275
vt 0.968750 0.664275
vt 0.984375 0.664275
vt 1.000000 0.664275
vt 0.015625 0.721199
vt 0.000000 0.721199
vt 0.031250 0.721199
vt 0.046875 0.721199
vt 0.062500 0.721199
vt 0.078125 0.721199
vt 0.093750 0.721199
vt 0.109375 0.721199
vt 0.125000 0.721199
vt 0.140625 0.721199
vt 0.156250 0.721199
vt 0.171875 0.721199
vt 0.187500 0.721199
vt 0.203125 0.721199
vt 0.218750 0.721199
vt 0.234375 0.721199
vt 0.250000 0.721199
vt 0.265625 0.721199
vt 0.281250 0.721199
vt 0.296875 0.721199
vt 0.312500 0.721199
vt 0.328125 0.721199
vt 0.343750 0.721199
vt 0.359375 0.721199
vt 0.375000 0.721199
vt 0.390625 0.721199
vt 0.406250 0.721199
vt 0.421875 0.721199
vt 0.437500 0.721199
vt 0.453125 0.721199
vt 0.468750 0.721199
vt 0.484375 0.721199
vt 0.500000 0.721199
vt 0.515625 0.721199
vt 0.531250 0.721199
vt 0.546875 0.721199
vt 0.562500 0.721199
vt 0.578125 0.721199
vt 0.593750 0.721199
vt 0.609375 0.721199
vt 0.625000 0.721199
vt 0.640625 0.721199
vt 0.656250 0.721199
vt 0.671875 0.721199
vt 0.687500 0.721199
vt 0.703125 0.721199
vt 0.718750 0.721199
vt 0.734375 0.721199
vt 0.750000 0.721199
vt 0.765625 0.721199
vt 0.781250 0.721199
vt 0.796875 0.721199
vt 0.812500 0.721199
vt 0.828125 0.721199
vt 0.843750 0.721199
vt 0.859375 0.721199
vt 0.875000 0.721199
vt 0.890625 0.721199
vt 0.906250 0.721199
vt 0.921875 0.721199
vt 0.937500 0.721199
vt 0.953125 0.721199
vt 0.968750 0.721199
vt 0.984375 0.721199
vt 1.000000 0.721199
vt 0.015625 0.770925
vt 0.000000 0.770925
vt 0.031250 0.770925
vt 0.046875 0.770925
vt 0.062500 0.770925
vt 0.078125 0.770925
vt 0.093750 0.770925
vt 0.109375 0.770925
vt 0.125000 0.770925
vt 0.140625 0.770925
vt 0.156250 0.770925
vt 0.171875 0.770925
vt 0.187500 0.770925
vt 0.203125 0.770925
vt 0.218750 0.770925
vt 0.234375 0.770925
vt 0.250000 0.770925
vt 0.265625 0.770925
vt 0.281250 0.770925
vt 0.296875 0.770925
vt 0.312500 0.770925
vt 0.328125 0.770925
vt 0.343750 0.770925
vt 0.359375 0.770925
vt 0.375000 0.770925
vt 0.390625 0.770925
vt 0.406250 0.770925
vt 0.421875 0.770925
vt 0.437500 0.770925
vt 0.453125 0.770925
vt 0.468750 0.770925
vt 0.484375 0.770925
vt 0.500000 0.770925
vt 0.515625 0.770925
vt 0.531250 0.770925
vt 0.546875 0.770925
vt 0.562500 0.770925
vt 0.578125 0.770925
vt 0.593750 0.770925
vt 0.609375 0.770925
vt 0.625000 0.770925
vt 0.640625 0.770925
vt 0.656250 0.770925
vt 0.671875 0.770925
vt 0.687500 0.770925
vt 0.703125 0.770925
vt 0.718750 0.770925
vt 0.734375 0.770925
vt 0.750000 0.770925
vt 0.765625 0.770925
vt 0.781250 0.770925
vt 0.796875 0.770925
vt 0.812500 0.770925
vt 0.828125 0.770925
vt 0.843750 0.770925
vt 0.859375 0.770925
vt 0.875000 0.770925
vt 0.890625 0.770925
vt 0.906250 0.770925
vt 0.921875 0.770925
vt 0.937500 0.770925
vt 0.953125 0.770925
vt 0.968750 0.770925
vt 0.984375 0.770925
vt 1.000000 0.770925
vt 0.015625 0.806283
vt 0.000000 0.806283
vt 0.031250 0.806283
vt 0.046875 0.806283
vt 0.062500 0.806283
vt 0.078125 0.806283
vt 0.093750 0.806283
vt 0.109375 0.806283
vt 0.125000 0.806283
vt 0.140625 0.806283
vt 0.156250 0.806283
vt 0.171875 0.806283
vt 0.187500 0.806283
vt 0.203125 0.806283
vt 0.218750 0.806283
vt 0.234375 0.806283
vt 0.250000 0.806283
vt 0.265625 0.806283
vt 0.281250 0.806283
vt 0.296875 0.806283
vt 0.312500 0.806283
vt 0.328125 0.806283
vt 0.343750 0.806283
vt 0.359375 0.806283
vt 0.375000 0.806283
vt 0.390625 0.806283
vt 0.406250 0.806283
vt 0.421875 0.806283
vt 0.437500 0.806283
vt 0.453125 0.806283
vt 0.468750 0.806283
vt 0.484375 0.806283
vt 0.500000 0.806283
vt 0.515625 0.806283
vt 0.531250 0.806283
vt 0.546875 0.806283
vt 0.562500 0.806283
vt 0.578125 0.806283
vt 0.593750 0.806283
vt 0.609375 0.806283
vt 0.625000 0.806283
vt 0.640625 0.806283
vt 0.656250 0.806283
vt 0.671875 0.806283
vt 0.687500 0.806283
vt 0.703125 0.806283
vt 0.718750 0.806283
vt 0.734375 0.806283
vt 0.750000 0.806283
vt 0.765625 0.806283
vt 0.781250 0.806283
vt 0.796875 0.806283
vt 0.812500 0.806283
vt 0.828125 0.806283
vt 0.843750 0.806283
vt 0.859375 0.806283
vt 0.875000 0.806283
vt 0.890625 0.806283
vt 0.906250 0.806283
vt 0.921875 0.806283
vt 0.937500 0.806283
vt 0.953125 0.806283
vt 0.968750 0.806283
vt 0.984375 0.806283
vt 1.000000 0.806283
vt 0.015625 0.808238
vt 0.000000 0.808238
vt 0.031250 0.808238
vt 0.046875 0.808238
vt 0.062500 0.808238
vt 0.078125 0.808238
vt 0.093750 0.808238
vt 0.109375 0.808238
vt 0.125000 0.808238
vt 0.140625 0.808238
vt 0.156250 0.808238
vt 0.171875 0.808238
vt 0.187500 0.808238
vt 0.203125 0.808238
vt 0.218750 0.808238
vt 0.234375 0.808238
vt 0.250000 0.808238
vt 0.265625 0.808238
vt 0.281250 0.808238
vt 0.296875 0.808238
vt 0.312500 0.808238
vt 0.328125 0.808238
vt 0.343750 0.808238
vt 0.359375 0.808238
vt 0.375000 0.808238
vt 0.390625 0.808238
vt 0.406250 0.808238
vt 0.421875 0.808238
vt 0.437500 0.808238
vt 0.453125 0.808238
vt 0.468750 0.808238
vt 0.484375 0.808238
vt 0.500000 0.808238
vt 0.515625 0.808238
vt 0.531250 0.808238
vt 0.546875 0.808238
vt 0.562500 0.808238
vt 0.578125 0.808238
vt 0.593750 0.808238
vt 0.609375 0.808238
vt 0.625000 0.808238
vt 0.640625 0.808238
vt 0.656250 0.808238
vt 0.671875 0.808238
vt 0.687500 0.808238
vt 0.703125 0.808238
vt 0.718750 0.808238
vt 0.734375 0.808238
vt 0.750000 0.808238
vt 0.765625 0.808238
vt 0.781250 0.808238
vt 0.796875 0.808238
vt 0.812500 0.808238
vt 0.828125 0.808238
vt 0.843750 0.808238
vt 0.859375 0.808238
vt 0.875000 0.808238
vt 0.890625 0.808238
vt 0.906250 0.808238
vt 0.921875 0.808238
vt 0.937500 0.808238
vt 0.953125 0.808238
vt 0.968750 0.808238
vt 0.984375 0.808238
vt 1.000000 0.808238
vt 0.015625 0.809791
vt 0.000000 0.809791
vt 0.031250 0.809791
vt 0.046875 0.809791
vt 0.062500 0.809791
vt 0.078125 0.809791
vt 0.093750 0.809791
vt 0.109375 0.809791
vt 0.125000 0.809791
vt 0.140625 0.809791
vt 0.156250 0.809791
vt 0.171875 0.809791
vt 0.187500 0.809791
vt 0.203125 0.809791
vt 0.218750 0.809791
vt 0.234375 0.809791
vt 0.250000 0.809791
vt 0.265625 0.809791
vt 0.281250 0.809791
vt 0.296875 0.809791
vt 0.312500 0.809791
vt 0.328125 0.809791
vt 0.343750 0.809791
vt 0.359375 0.809791
vt 0.375000 0.809791
vt 0.390625 0.809791
vt 0.406250 0.809791
vt 0.421875 0.809791
vt 0.437500 0.809791
vt 0.453125 0.809791
vt 0.468750 0.809791
vt 0.484375 0.809791
vt 0.500000 0.809791
vt 0.515625 0.809791
vt 0.531250 0.809791
vt 0.546875 0.809791
vt 0.562500 0.809791
vt 0.578125 0.809791
vt 0.593750 0.809791
vt 0.609375 0.809791
vt 0.625000 0.809791
vt 0.640625 0.809791
vt 0.656250 0.809791
vt 0.671875 0.809791
vt 0.687500 0.809791
vt 0.703125 0.809791
vt 0.718750 0.809791
vt 0.734375 0.809791
vt 0.750000 0.809791
vt 0.765625 0.809791
vt 0.781250 0.809791
vt 0.796875 0.809791
vt 0.812500 0.809791
vt 0.828125 0.809791
vt 0.843750 0.809791
vt 0.859375 0.809791
vt 0.875000 0.809791
vt 0.890625 0.809791
vt 0.906250 0.809791
vt 0.921875 0.809791
vt 0.937500 0.809791
vt 0.953125 0.809791
vt 0.968750 0.809791
vt 0.984375 0.809791
vt 1.000000 0.809791
vt 0.015625 0.811343
vt 0.000000 0.811343
vt 0.031250 0.811343
vt 0.046875 0.811343
vt 0.062500 0.811343
vt 0.078125 0.811343
vt 0.093750 0.811343
vt 0.109375 0.811343
vt 0.125000 0.811343
vt 0.140625 0.811343
vt 0.156250 0.811343
vt 0.171875 0.811343
vt 0.187500 0.811343
vt 0.203125 0.811343
vt 0.218750 0.811343
vt 0.234375 0.811343
vt 0.250000 0.811343
vt 0.265625 0.811343
vt 0.281250 0.811343
vt 0.296875 0.811343
vt 0.312500 0.811343
vt 0.328125 0.811343
vt 0.343750 0.811343
vt 0.359375 0.811343
vt 0.375000 0.811343
vt 0.390625 0.811343
vt 0.406250 0.811343
vt 0.421875 0.811343
vt 0.437500 0.811343
vt 0.453125 0.811343
vt 0.468750 0.811343
vt 0.484375 0.811343
vt 0.500000 0.811343
vt 0.515625 0.811343
vt 0.531250 0.811343
vt 0.546875 0.811343
vt 0.562500 0.811343
vt 0.578125 0.811343
vt 0.593750 0.811343
vt 0.609375 0.811343
vt 0.625000 0.811343
vt 0.640625 0.811343
vt 0.656250 0.811343
vt 0.671875 0.811343
vt 0.687500 0.811343
vt 0.703125 0.811343
vt 0.718750 0.811343
vt 0.734375 0.811343
vt 0.750000 0.811343
vt 0.765625 0.811343
vt 0.781250 0.811343
vt 0.796875 0.811343
vt 0.812500 0.811343
vt 0.828125 0.811343
vt 0.843750 0.811343
vt 0.859375 0.811343
vt 0.875000 0.811343
vt 0.890625 0.811343
vt 0.906250 0.811343
vt 0.921875 0.811343
vt 0.937500 0.811343
vt 0.953125 0.811343
vt 0.968750 0.811343
vt 0.984375 0.811343
vt 1.000000 0.811343
vt 0.015625 0.813299
vt 0.000000 0.813299
vt 0.031250 0.813299
vt 0.046875 0.813299
vt 0.062500 0.813299
vt 0.078125 0.813299
vt 0.093750 0.813299
vt 0.109375 0.813299
vt 0.125000 0.813299
vt 0.140625 0.813299
vt 0.156250 0.813299
vt 0.171875 0.813299
vt 0.187500 0.813299
vt 0.203125 0.813299
vt 0.218750 0.813299
vt 0.234375 0.813299
vt 0.250000 0.813299
vt 0.265625 0.813299
vt 0.281250 0.813299
vt 0.296875 0.813299
vt 0.312500 0.813299
vt 0.328125 0.813299
vt 0.343750 0.813299
vt 0.359375 0.813299
vt 0.375000 0.813299
vt 0.390625 0.813299
vt 0.406250 0.813299
vt 0.421875 0.813299
vt 0.437500 0.813299
vt 0.453125 0.813299
vt 0.468750 0.813299
vt 0.484375 0.813299
vt 0.500000 0.813299
vt 0.515625 0.813299
vt 0.531250 0.813299
vt 0.546875 0.813299
vt 0.562500 0.813299
vt 0.578125 0.813299
vt 0.593750 0.813299
vt 0.609375 0.813299
vt 0.625000 0.813299
vt 0.640625 0.813299
vt 0.656250 0.813299
vt 0.671875 0.813299
vt 0.687500 0.813299
vt 0.703125 0.813299
vt 0.718750 0.813299
vt 0.734375 0.813299
vt 0.750000 0.813299
vt 0.765625 0.813299
vt 0.781250 0.813299
vt 0.796875 0.813299
vt 0.812500 0.813299
vt 0.828125 0.813299
vt 0.843750 0.813299
vt 0.859375 0.813299
vt 0.875000 0.813299
vt 0.890625 0.813299
vt 0.906250 0.813299
vt 0.921875 0.813299
vt 0.937500 0.813299
vt 0.953125 0.813299
vt 0.968750 0.813299
vt 0.984375 0.813299
vt 1.000000 0.813299
vt 0.015625 0.855800
vt 0.000000 0.855800
vt 0.031250 0.855800
vt 0.046875 0.855800
vt 0.062500 0.855800
vt 0.078125 0.855800
vt 0.093750 0.855800
vt 0.109375 0.855800
vt 0.125000 0.855800
vt 0.140625 0.855800
vt 0.156250 0.855800
vt 0.171875 0.855800
vt 0.187500 0.855800
vt 0.203125 0.855800
vt 0.218750 0.855800
vt 0.234375 0.855800
vt 0.250000 0.855800
vt 0.265625 0.855800
vt 0.281250 0.855800
vt 0.296875 0.855800
vt 0.312500 0.855800
vt 0.328125 0.855800
vt 0.343750 0.855800
vt 0.359375 0.855800
vt 0.375000 0.855800
vt 0.390625 0.855800
vt 0.406250 0.855800
vt 0.421875 0.855800
vt 0.437500 0.855800
vt 0.453125 0.855800
vt 0.468750 0.855800
vt 0.484375 0.855800
vt 0.500000 0.855800
vt 0.515625 0.855800
vt 0.531250 0.855800
vt 0.546875 0.855800
vt 0.562500 0.855800
vt 0.578125 0.855800
vt 0.593750 0.855800
vt 0.609375 0.855800
vt 0.625000 0.855800
vt 0.640625 0.855800
vt 0.656250 0.855800
vt 0.671875 0.855800
vt 0.687500 0.855800
vt 0.703125 0.855800
vt 0.718750 0.855800
vt 0.734375 0.855800
vt 0.750000 0.855800
vt 0.765625 0.855800
vt 0.781250 0.855800
vt 0.796875 0.855800
vt 0.812500 0.855800
vt 0.828125 0.855800
vt 0.843750 0.855800
vt 0.859375 0.855800
vt 0.875000 0.855800
vt 0.890625 0.855800
vt 0.906250 0.855800
vt 0.921875 0.855800
vt 0.937500 0.855800
vt 0.953125 0.855800
vt 0.968750 0.855800
vt 0.984375 0.855800
vt 1.000000 0.855800
vt 0.015625 0.862857
vt 0.000000 0.862857
vt 0.031250 0.862857
vt 0.046875 0.862857
vt 0.062500 0.862857
vt 0.078125 0.862857
vt 0.093750 0.862857
vt 0.109375 0.862857
vt 0.125000 0.862857
vt 0.140625 0.862857
vt 0.156250 0.862857
vt 0.171875 0.862857
vt 0.187500 0.862857
vt 0.203125 0.862857
vt 0.218750 0.862857
vt 0.234375 0.862857
vt 0.250000 0.862857
vt 0.265625 0.862857
vt 0.281250 0.862857
vt 0.296875 0.862857
vt 0.312500 0.862857
vt 0.328125 0.862857
vt 0.343750 0.862857
vt 0.359375 0.862857
vt 0.375000 0.862857
vt 0.390625 0.862857
vt 0.406250 0.862857
vt 0.421875 0.862857
vt 0.437500 0.862857
vt 0.453125 0.862857
vt 0.468750 0.862857
vt 0.484375 0.862857
vt 0.500000 0.862857
vt 0.515625 0.862857
vt 0.531250 0.862857
vt 0.546875 0.862857
vt 0.562500 0.862857
vt 0.578125 0.862857
vt 0.593750 0.862857
vt 0.609375 0.862857
vt 0.625000 0.862857
vt 0.640625 0.862857
vt 0.656250 0.862857
vt 0.671875 0.862857
vt 0.687500 0.862857
vt 0.703125 0.862857
vt 0.718750 0.862857
vt 0.734375 0.862857
vt 0.750000 0.862857
vt 0.765625 0.862857
vt 0.781250 0.862857
vt 0.796875 0.862857
vt 0.812500 0.862857
vt 0.828125 0.862857
vt 0.843750 0.862857
vt 0.859375 0.862857
vt 0.875000 0.862857
vt 0.890625 0.862857
vt 0.906250 0.862857
vt 0.921875 0.862857
vt 0.937500 0.862857
vt 0.953125 0.862857
vt 0.968750 0.862857
vt 0.984375 0.862857
vt 1.000000 0.862857
vt 0.015625 0.865171
vt 0.000000 0.865171
vt 0.031250 0.865171
vt 0.046875 0.865171
vt 0.062500 0.865171
vt 0.078125 0.865171
vt 0.093750 0.865171
vt 0.109375 0.865171
vt 0.125000 0.865171
vt 0.140625 0.865171
vt 0.156250 0.865171
vt 0.171875 0.865171
vt 0.187500 0.865171
vt 0.203125 0.865171
vt 0.218750 0.865171
vt 0.234375 0.865171
vt 0.250000 0.865171
vt 0.265625 0.865171
vt 0.281250 0.865171
vt 0.296875 0.865171
vt 0.312500 0.865171
vt 0.328125 0.865171
vt 0.343750 0.865171
vt 0.359375 0.865171
vt 0.375000 0.865171
vt 0.390625 0.865171
vt 0.406250 0.865171
vt 0.421875 0.865171
vt 0.437500 0.865171
vt 0.453125 0.865171
vt 0.468750 0.865171
vt 0.484375 0.865171
vt 0.500000 0.865171
vt 0.515625 0.865171
vt 0.531250 0.865171
vt 0.546875 0.865171
vt 0.562500 0.865171
vt 0.578125 0.865171
vt 0.593750 0.865171
vt 0.609375 0.865171
vt 0.625000 0.865171
vt 0.640625 0.865171
vt 0.656250 0.865171
vt 0.671875 0.865171
vt 0.687500 0.865171
vt 0.703125 0.865171
vt 0.718750 0.865171
vt 0.734375 0.865171
vt 0.750000 0.865171
vt 0.765625 0.865171
vt 0.781250 0.865171
vt 0.796875 0.865171
vt 0.812500 0.865171
vt 0.828125 0.865171
vt 0.843750 0.865171
vt 0.859375 0.865171
vt 0.875000 0.865171
vt 0.890625 0.865171
vt 0.906250 0.865171
vt 0.921875 0.865171
vt 0.937500 0.865171
vt 0.953125 0.865171
vt 0.968750 0.865171
vt 0.984375 0.865171
vt 1.000000 0.865171
vt 0.015625 0.886733
vt 0.000000 0.886733
vt 0.031250 0.886733
vt 0.046875 0.886733
vt 0.062500 0.886733
vt 0.078125 0.886733
vt 0.093750 0.886733
vt 0.109375 0.886733
vt 0.125000 0.886733
vt 0.140625 0.886733
vt 0.156250 0.886733
vt 0.171875 0.886733
vt 0.187500 0.886733
vt 0.203125 0.886733
vt 0.218750 0.886733
vt 0.234375 0.886733
vt 0.250000 0.886733
vt 0.265625 0.886733
vt 0.281250 0.886733
vt 0.296875 0.886733
vt 0.312500 0.886733
vt 0.328125 0.886733
vt 0.343750 0.886733
vt 0.359375 0.886733
vt 0.375000 0.886733
vt 0.390625 0.886733
vt 0.406250 0.886733
vt 0.421875 0.886733
vt 0.437500 0.886733
vt 0.453125 0.886733
vt 0.468750 0.886733
vt 0.484375 0.886733
vt 0.500000 0.886733
vt 0.515625 0.886733
vt 0.531250 0.886733
vt 0.546875 0.886733
vt 0.562500 0.886733
vt 0.578125 0.886733
vt 0.593750 0.886733
vt 0.609375 0.886733
vt 0.625000 0.886733
vt 0.640625 0.886733
vt 0.656250 0.886733
vt 0.671875 0.886733
vt 0.687500 0.886733
vt 0.703125 0.886733
vt 0.718750 0.886733
vt 0.734375 0.886733
vt 0.750000 0.886733
vt 0.765625 0.886733
vt 0.781250 0.886733
vt 0.796875 0.886733
vt 0.812500 0.886733
vt 0.828125 0.886733
vt 0.843750 0.886733
vt 0.859375 0.886733
vt 0.875000 0.886733
vt 0.890625 0.886733
vt 0.906250 0.886733
vt 0.921875 0.886733
vt 0.937500 0.886733
vt 0.953125 0.886733
vt 0.968750 0.886733
vt 0.984375 0.886733
vt 1.000000 0.886733
vt 0.015625 0.889048
vt 0.000000 0.889048
vt 0.031250 0.889048
vt 0.046875 0.889048
vt 0.062500 0.889048
vt 0.078125 0.889048
vt 0.093750 0.889048
vt 0.109375 0.889048
vt 0.125000 0.889048
vt 0.140625 0.889048
vt 0.156250 0.889048
vt 0.171875 0.889048
vt 0.187500 0.889048
vt 0.203125 0.889048
vt 0.218750 0.889048
vt 0.234375 0.889048
vt 0.250000 0.889048
vt 0.265625 0.889048
vt 0.281250 0.889048
vt 0.296875 0.889048
vt 0.312500 0.889048
vt 0.328125 0.889048
vt 0.343750 0.889048
vt 0.359375 0.889048
vt 0.375000 0.889048
vt 0.390625 0.889048
vt 0.406250 0.889048
vt 0.421875 0.889048
vt 0.437500 0.889048
vt 0.453125 0.889048
vt 0.468750 0.889048
vt 0.484375 0.889048
vt 0.500000 0.889048
vt 0.515625 0.889048
vt 0.531250 0.889048
vt 0.546875 0.889048
vt 0.562500 0.889048
vt 0.578125 0.889048
vt 0.593750 0.889048
vt 0.609375 0.889048
vt 0.625000 0.889048
vt 0.640625 0.889048
vt 0.656250 0.889048
vt 0.671875 0.889048
vt 0.687500 0.889048
vt 0.703125 0.889048
vt 0.718750 0.889048
vt 0.734375 0.889048
vt 0.750000 0.889048
vt 0.765625 0.889048
vt 0.781250 0.889048
vt 0.796875 0.889048
vt 0.812500 0.889048
vt 0.828125 0.889048
vt 0.843750 0.889048
vt 0.859375 0.889048
vt 0.875000 0.889048
vt 0.890625 0.889048
vt 0.906250 0.889048
vt 0.921875 0.889048
vt 0.937500 0.889048
vt 0.953125 0.889048
vt 0.968750 0.889048
vt 0.984375 0.889048
vt 1.000000 0.889048
vt 0.015625 0.896105
vt 0.000000 0.896105
vt 0.031250 0.896105
vt 0.046875 0.896105
vt 0.062500 0.896105
vt 0.078125 0.896105
vt 0.093750 0.896105
vt 0.109375 0.896105
vt 0.125000 0.896105
vt 0.140625 0.896105
vt 0.156250 0.896105
vt 0.171875 0.896105
vt 0.187500 0.896105
vt 0.203125 0.896105
vt 0.218750 0.896105
vt 0.234375 0.896105
vt 0.250000 0.896105
vt 0.265625 0.896105
vt 0.281250 0.896105
vt 0.296875 0.896105
vt 0.312500 0.896105
vt 0.328125 0.896105
vt 0.343750 0.896105
vt 0.359375 0.896105
vt 0.375000 0.896105
vt 0.390625 0.896105
vt 0.406250 0.896105
vt 0.421875 0.896105
vt 0.437500 0.896105
vt 0.453125 0.896105
vt 0.468750 0.896105
vt 0.484375 0.896105
vt 0.500000 0.896105
vt 0.515625 0.896105
vt 0.531250 0.896105
vt 0.546875 0.896105
vt 0.562500 0.896105
vt 0.578125 0.896105
vt 0.593750 0.896105
vt 0.609375 0.896105
vt 0.625000 0.896105
vt 0.640625 0.896105
vt 0.656250 0.896105
vt 0.671875 0.896105
vt 0.687500 0.896105
vt 0.703125 0.896105
vt 0.718750 0.896105
vt 0.734375 0.896105
vt 0.750000 0.896105
vt 0.765625 0.896105
vt 0.781250 0.896105
vt 0.796875 0.896105
vt 0.812500 0.896105
vt 0.828125 0.896105
vt 0.843750 0.896105
vt 0.859375 0.896105
vt 0.875000 0.896105
vt 0.890625 0.896105
vt 0.906250 0.896105
vt 0.921875 0.896105
vt 0.937500 0.896105
vt 0.953125 0.896105
vt 0.968750 0.896105
vt 0.984375 0.896105
vt 1.000000 0.896105
vt 0.015625 0.935852
vt 0.000000 0.935852
vt 0.031250 0.935852
vt 0.046875 0.935852
vt 0.062500 0.935852
vt 0.078125 0.935852
vt 0.093750 0.935852
vt 0.109375 0.935852
vt 0.125000 0.935852
vt 0.140625 0.935852
vt 0.156250 0.935852
vt 0.171875 0.935852
vt 0.187500 0.935852
vt 0.203125 0.935852
vt 0.218750 0.935852
vt 0.234375 0.935852
vt 0.250000 0.935852
vt 0.265625 0.935852
vt 0.281250 0.935852
vt 0.296875 0.935852
vt 0.312500 0.935852
vt 0.328125 0.935852
vt 0.343750 0.935852
vt 0.359375 0.935852
vt 0.375000 0.935852
vt 0.390625 0.935852
vt 0.406250 0.935852
vt 0.421875 0.935852
vt 0.437500 0.935852
vt 0.453125 0.935852
vt 0.468750 0.935852
vt 0.484375 0.935852
vt 0.500000 0.935852
vt 0.515625 0.935852
vt 0.531250 0.935852
vt 0.546875 0.935852
vt 0.562500 0.935852
vt 0.578125 0.935852
vt 0.593750 0.935852
vt 0.609375 0.935852
vt 0.625000 0.935852
vt 0.640625 0.935852
vt 0.656250 0.935852
vt 0.671875 0.935852
vt 0.687500 0.935852
vt 0.703125 0.935852
vt 0.718750 0.935852
vt 0.734375 0.935852
vt 0.750000 0.935852
vt 0.765625 0.935852
vt 0.781250 0.935852
vt 0.796875 0.935852
vt 0.812500 0.935852
vt 0.828125 0.935852
vt 0.843750 0.935852
vt 0.859375 0.935852
vt 0.875000 0.935852
vt 0.890625 0.935852
vt 0.906250 0.935852
vt 0.921875 0.935852
vt 0.937500 0.935852
vt 0.953125 0.935852
vt 0.968750 0.935852
vt 0.984375 0.935852
vt 1.000000 0.935852
vt 0.015625 0.936165
vt 0.000000 0.936165
vt 0.031250 0.936165
vt 0.046875 0.936165
vt 0.062500 0.936165
vt 0.078125 0.936165
vt 0.093750 0.936165
vt 0.109375 0.936165
vt 0.125000 0.936165
vt 0.140625 0.936165
vt 0.156250 0.936165
vt 0.171875 0.936165
vt 0.187500 0.936165
vt 0.203125 0.936165
vt 0.218750 0.936165
vt 0.234375 0.936165
vt 0.250000 0.936165
vt 0.265625 0.936165
vt 0.281250 0.936165
vt 0.296875 0.936165
vt 0.312500 0.936165
vt 0.328125 0.936165
vt 0.343750 0.936165
vt 0.359375 0.936165
vt 0.375000 0.936165
vt 0.390625 0.936165
vt 0.406250 0.936165
vt 0.421875 0.936165
vt 0.437500 0.936165
vt 0.453125 0.936165
vt 0.468750 0.936165
vt 0.484375 0.936165
vt 0.500000 0.936165
vt 0.515625 0.936165
vt 0.531250 0.936165
vt 0.546875 0.936165
vt 0.562500 0.936165
vt 0.578125 0.936165
vt 0.593750 0.936165
vt 0.609375 0.936165
vt 0.625000 0.936165
vt 0.640625 0.936165
vt 0.656250 0.936165
vt 0.671875 0.936165
vt 0.687500 0.936165
vt 0.703125 0.936165
vt 0.718750 0.936165
vt 0.734375 0.936165
vt 0.750000 0.936165
vt 0.765625 0.936165
vt 0.781250 0.936165
vt 0.796875 0.936165
vt 0.812500 0.936165
vt 0.828125 0.936165
vt 0.843750 0.936165
vt 0.859375 0.936165
vt 0.875000 0.936165
vt 0.890625 0.936165
vt 0.906250 0.936165
vt 0.921875 0.936165
vt 0.937500 0.936165
vt 0.953125 0.936165
vt 0.968750 0.936165
vt 0.984375 0.936165
vt 1.000000 0.936165
vt 0.015625 0.936434
vt 0.000000 0.936434
vt 0.031250 0.936434
vt 0.046875 0.936434
vt 0.062500 0.936434
vt 0.078125 0.936434
vt 0.093750 0.936434
vt 0.109375 0.936434
vt 0.125000 0.936434
vt 0.140625 0.936434
vt 0.156250 0.936434
vt 0.171875 0.936434
vt 0.187500 0.936434
vt 0.203125 0.936434
vt 0.218750 0.936434
vt 0.234375 0.936434
vt 0.250000 0.936434
vt 0.265625 0.936434
vt 0.281250 0.936434
vt 0.296875 0.936434
vt 0.312500 0.936434
vt 0.328125 0.936434
vt 0.343750 0.936434
vt 0.359375 0.936434
vt 0.375000 0.936434
vt 0.390625 0.936434
vt 0.406250 0.936434
vt 0.421875 0.936434
vt 0.437500 0.936434
vt 0.453125 0.936434
vt 0.468750 0.936434
vt 0.484375 0.936434
vt 0.500000 0.936434
vt 0.515625 0.936434
vt 0.531250 0.936434
vt 0.546875 0.936434
vt 0.562500 0.936434
vt 0.578125 0.936434
vt 0.593750 0.936434
vt 0.609375 0.936434
vt 0.625000 0.936434
vt 0.640625 0.936434
vt 0.656250 0.936434
vt 0.671875 0.936434
vt 0.687500 0.936434
vt 0.703125 0.936434
vt 0.718750 0.936434
vt 0.734375 0.936434
vt 0.750000 0.936434
vt 0.765625 0.936434
vt 0.781250 0.936434
vt 0.796875 0.936434
vt 0.812500 0.936434
vt 0.828125 0.936434
vt 0.843750 0.936434
vt 0.859375 0.936434
vt 0.875000 0.936434
vt 0.890625 0.936434
vt 0.906250 0.936434
vt 0.921875 0.936434
vt 0.937500 0.936434
vt 0.953125 0.936434
vt 0.968750 0.936434
vt 0.984375 0.936434
vt 1.000000 0.936434
vt 0.015625 0.936747
vt 0.000000 0.936747
vt 0.031250 0.936747
vt 0.046875 0.936747
vt 0.062500 0.936747
vt 0.078125 0.936747
vt 0.093750 0.936747
vt 0.109375 0.936747
vt 0.125000 0.936747
vt 0.140625 0.936747
vt 0.156250 0.936747
vt 0.171875 0.936747
vt 0.187500 0.936747
vt 0.203125 0.936747
vt 0.218750 0.936747
vt 0.234375 0.936747
vt 0.250000 0.936747
vt 0.265625 0.936747
vt 0.281250 0.936747
vt 0.296875 0.936747
vt 0.312500 0.936747
vt 0.328125 0.936747
vt 0.343750 0.936747
vt 0.359375 0.936747
vt 0.375000 0.936747
vt 0.390625 0.936747
vt 0.406250 0.936747
vt 0.421875 0.936747
vt 0.437500 0.936747
vt 0.453125 0.936747
vt 0.468750 0.936747
vt 0.484375 0.936747
vt 0.500000 0.936747
vt 0.515625 0.936747
vt 0.531250 0.936747
vt 0.546875 0.936747
vt 0.562500 0.936747
vt 0.578125 0.936747
vt 0.593750 0.936747
vt 0.609375 0.936747
vt 0.625000 0.936747
vt 0.640625 0.936747
vt 0.656250 0.936747
vt 0.671875 0.936747
vt 0.687500 0.936747
vt 0.703125 0.936747
vt 0.718750 0.936747
vt 0.734375 0.936747
vt 0.750000 0.936747
vt 0.765625 0.936747
vt 0.781250 0.936747
vt 0.796875 0.936747
vt 0.812500 0.936747
vt 0.828125 0.936747
vt 0.843750 0.936747
vt 0.859375 0.936747
vt 0.875000 0.936747
vt 0.890625 0.936747
vt 0.906250 0.936747
vt 0.921875 0.936747
vt 0.937500 0.936747
vt 0.953125 0.936747
vt 0.968750 0.936747
vt 0.984375 0.936747
vt 1.000000 0.936747
vt 0.015625 0.936867
vt 0.000000 0.936867
vt 0.031250 0.936867
vt 0.046875 0.936867
vt 0.062500 0.936867
vt 0.078125 0.936867
vt 0.093750 0.936867
vt 0.109375 0.936867
vt 0.125000 0.936867
vt 0.140625 0.936867
vt 0.156250 0.936867
vt 0.171875 0.936867
vt 0.187500 0.936867
vt 0.203125 0.936867
vt 0.218750 0.936867
vt 0.234375 0.936867
vt 0.250000 0.936867
vt 0.265625 0.936867
vt 0.281250 0.936867
vt 0.296875 0.936867
vt 0.312500 0.936867
vt 0.328125 0.936867
vt 0.343750 0.936867
vt 0.359375 0.936867
vt 0.375000 0.936867
vt 0.390625 0.936867
vt 0.406250 0.936867
vt 0.421875 0.936867
vt 0.437500 0.936867
vt 0.453125 0.936867
vt 0.468750 0.936867
vt 0.484375 0.936867
vt 0.500000 0.936867
vt 0.515625 0.936867
vt 0.531250 0.936867
vt 0.546875 0.936867
vt 0.562500 0.936867
vt 0.578125 0.936867
vt 0.593750 0.936867
vt 0.609375 0.936867
vt 0.625000 0.936867
vt 0.640625 0.936867
vt 0.656250 0.936867
vt 0.671875 0.936867
vt 0.687500 0.936867
vt 0.703125 0.936867
vt 0.718750 0.936867
vt 0.734375 0.936867
vt 0.750000 0.936867
vt 0.765625 0.936867
vt 0.781250 0.936867
vt 0.796875 0.936867
vt 0.812500 0.936867
vt 0.828125 0.936867
vt 0.843750 0.936867
vt 0.859375 0.936867
vt 0.875000 0.936867
vt 0.890625 0.936867
vt 0.906250 0.936867
vt 0.921875 0.936867
vt 0.937500 0.936867
vt 0.953125 0.936867
vt 0.968750 0.936867
vt 0.984375 0.936867
vt 1.000000 0.936867
vt 0.015625 0.937664
vt 0.000000 0.937664
vt 0.031250 0.937664
vt 0.046875 0.937664
vt 0.062500 0.937664
vt 0.078125 0.937664
vt 0.093750 0.937664
vt 0.109375 0.937664
vt 0.125000 0.937664
vt 0.140625 0.937664
vt 0.156250 0.937664
vt 0.171875 0.937664
vt 0.187500 0.937664
vt 0.203125 0.937664
vt 0.218750 0.937664
vt 0.234375 0.937664
vt 0.250000 0.937664
vt 0.265625 0.937664
vt 0.281250 0.937664
vt 0.296875 0.937664
vt 0.312500 0.937664
vt 0.328125 0.937664
vt 0.343750 0.937664
vt 0.359375 0.937664
vt 0.375000 0.937664
vt 0.390625 0.937664
vt 0.406250 0.937664
vt 0.421875 0.937664
vt 0.437500 0.937664
vt 0.453125 0.937664
vt 0.468750 0.937664
vt 0.484375 0.937664
vt 0.500000 0.937664
vt 0.515625 0.937664
vt 0.531250 0.937664
vt 0.546875 0.937664
vt 0.562500 0.937664
vt 0.578125 0.937664
vt 0.593750 0.937664
vt 0.609375 0.937664
vt 0.625000 0.937664
vt 0.640625 0.937664
vt 0.656250 0.937664
vt 0.671875 0.937664
vt 0.687500 0.937664
vt 0.703125 0.937664
vt 0.718750 0.937664
vt 0.734375 0.937664
vt 0.750000 0.937664
vt 0.765625 0.937664
vt 0.781250 0.937664
vt 0.796875 0.937664
vt 0.812500 0.937664
vt 0.828125 0.937664
vt 0.843750 0.937664
vt 0.859375 0.937664
vt 0.875000 0.937664
vt 0.890625 0.937664
vt 0.906250 0.937664
vt 0.921875 0.937664
vt 0.937500 0.937664
vt 0.953125 0.937664
vt 0.968750 0.937664
vt 0.984375 0.937664
vt 1.000000 0.937664
vt 0.015625 0.957389
vt 0.000000 0.957389
vt 0.031250 0.957389
vt 0.046875 0.957389
vt 0.062500 0.957389
vt 0.078125 0.957389
vt 0.093750 0.957389
vt 0.109375 0.957389
vt 0.125000 0.957389
vt 0.140625 0.957389
vt 0.156250 0.957389
vt 0.171875 0.957389
vt 0.187500 0.957389
vt 0.203125 0.957389
vt 0.218750 0.957389
vt 0.234375 0.957389
vt 0.250000 0.957389
vt 0.265625 0.957389
vt 0.281250 0.957389
vt 0.296875 0.957389
vt 0.312500 0.957389
vt 0.328125 0.957389
vt 0.343750 0.957389
vt 0.359375 0.957389
vt 0.375000 0.957389
vt 0.390625 0.957389
vt 0.406250 0.957389
vt 0.421875 0.957389
vt 0.437500 0.957389
vt 0.453125 0.957389
vt 0.468750 0.957389
vt 0.484375 0.957389
vt 0.500000 0.957389
vt 0.515625 0.957389
vt 0.531250 0.957389
vt 0.546875 0.957389
vt 0.562500 0.957389
vt 0.578125 0.957389
vt 0.593750 0.957389
vt 0.609375 0.957389
vt 0.625000 0.957389
vt 0.640625 0.957389
vt 0.656250 0.957389
vt 0.671875 0.957389
vt 0.687500 0.957389
vt 0.703125 0.957389
vt 0.718750 0.957389
vt 0.734375 0.957389
vt 0.750000 0.957389
vt 0.765625 0.957389
vt 0.781250 0.957389
vt 0.796875 0.957389
vt 0.812500 0.957389
vt 0.828125 0.957389
vt 0.843750 0.957389
vt 0.859375 0.957389
vt 0.875000 0.957389
vt 0.890625 0.957389
vt 0.906250 0.957389
vt 0.921875 0.957389
vt 0.937500 0.957389
vt 0.953125 0.957389
vt 0.968750 0.957389
vt 0.984375 0.957389
vt 1.000000 0.957389
vt 0.015625 0.960086
vt 0.000000 0.960086
vt 0.031250 0.960086
vt 0.046875 0.960086
vt 0.062500 0.960086
vt 0.078125 0.960086
vt 0.093750 0.960086
vt 0.109375 0.960086
vt 0.125000 0.960086
vt 0.140625 0.960086
vt 0.156250 0.960086
vt 0.171875 0.960086
vt 0.187500 0.960086
vt 0.203125 0.960086
vt 0.218750 0.960086
vt 0.234375 0.960086
vt 0.250000 0.960086
vt 0.265625 0.960086
vt 0.281250 0.960086
vt 0.296875 0.960086
vt 0.312500 0.960086
vt 0.328125 0.960086
vt 0.343750 0.960086
vt 0.359375 0.960086
vt 0.375000 0.960086
vt 0.390625 0.960086
vt 0.406250 0.960086
vt 0.421875 0.960086
vt 0.437500 0.960086
vt 0.453125 0.960086
vt 0.468750 0.960086
vt 0.484375 0.960086
vt 0.500000 0.960086
vt 0.515625 0.960086
vt 0.531250 0.960086
vt 0.546875 0.960086
vt 0.562500 0.960086
vt 0.578125 0.960086
vt 0.593750 0.960086
vt 0.609375 0.960086
vt 0.625000 0.960086
vt 0.640625 0.960086
vt 0.656250 0.960086
vt 0.671875 0.960086
vt 0.687500 0.960086
vt 0.703125 0.960086
vt 0.718750 0.960086
vt 0.734375 0.960086
vt 0.750000 0.960086
vt 0.765625 0.960086
vt 0.781250 0.960086
vt 0.796875 0.960086
vt 0.812500 0.960086
vt 0.828125 0.960086
vt 0.843750 0.960086
vt 0.859375 0.960086
vt 0.875000 0.960086
vt 0.890625 0.960086
vt 0.906250 0.960086
vt 0.921875 0.960086
vt 0.937500 0.960086
vt 0.953125 0.960086
vt 0.968750 0.960086
vt 0.984375 0.960086
vt 1.000000 0.960086
vt 0.015625 0.966509
vt 0.000000 0.966509
vt 0.031250 0.966509
vt 0.046875 0.966509
vt 0.062500 0.966509
vt 0.078125 0.966509
vt 0.093750 0.966509
vt 0.109375 0.966509
vt 0.125000 0.966509
vt 0.140625 0.966509
vt 0.156250 0.966509
vt 0.171875 0.966509
vt 0.187500 0.966509
vt 0.203125 0.966509
vt 0.218750 0.966509
vt 0.234375 0.966509
vt 0.250000 0.966509
vt 0.265625 0.966509
vt 0.281250 0.966509
vt 0.296875 0.966509
vt 0.312500 0.966509
vt 0.328125 0.966509
vt 0.343750 0.966509
vt 0.359375 0.966509
vt 0.375000 0.966509
vt 0.390625 0.966509
vt 0.406250 0.966509
vt 0.421875 0.966509
vt 0.437500 0.966509
vt 0.453125 0.966509
vt 0.468750 0.966509
vt 0.484375 0.966509
vt 0.500000 0.966509
vt 0.515625 0.966509
vt 0.531250 0.966509
vt 0.546875 0.966509
vt 0.562500 0.966509
vt 0.578125 0.966509
vt 0.593750 0.966509
vt 0.609375 0.966509
vt 0.625000 0.966509
vt 0.640625 0.966509
vt 0.656250 0.966509
vt 0.671875 0.966509
vt 0.687500 0.966509
vt 0.703125 0.966509
vt 0.718750 0.966509
vt 0.734375 0.966509
vt 0.750000 0.966509
vt 0.765625 0.966509
vt 0.781250 0.966509
vt 0.796875 0.966509
vt 0.812500 0.966509
vt 0.828125 0.966509
vt 0.843750 0.966509
vt 0.859375 0.966509
vt 0.875000 0.966509
vt 0.890625 0.966509
vt 0.906250 0.966509
vt 0.921875 0.966509
vt 0.937500 0.966509
vt 0.953125 0.966509
vt 0.968750 0.966509
vt 0.984375 0.966509
vt 1.000000 0.966509
vt 0.015625 0.969144
vt 0.000000 0.969144
vt 0.031250 0.969144
vt 0.046875 0.969144
vt 0.062500 0.969144
vt 0.078125 0.969144
vt 0.093750 0.969144
vt 0.109375 0.969144
vt 0.125000 0.969144
vt 0.140625 0.969144
vt 0.156250 0.969144
vt 0.171875 0.969144
vt 0.187500 0.969144
vt 0.203125 0.969144
vt 0.218750 0.969144
vt 0.234375 0.969144
vt 0.250000 0.969144
vt 0.265625 0.969144
vt 0.281250 0.969144
vt 0.296875 0.969144
vt 0.312500 0.969144
vt 0.328125 0.969144
vt 0.343750 0.969144
vt 0.359375 0.969144
vt 0.375000 0.969144
vt 0.390625 0.969144
vt 0.406250 0.969144
vt 0.421875 0.969144
vt 0.437500 0.969144
vt 0.453125 0.969144
vt 0.468750 0.969144
vt 0.484375 0.969144
vt 0.500000 0.969144
vt 0.515625 0.969144
vt 0.531250 0.969144
vt 0.546875 0.969144
vt 0.562500 0.969144
vt 0.578125 0.969144
vt 0.593750 0.969144
vt 0.609375 0.969144
vt 0.625000 0.969144
vt 0.640625 0.969144
vt 0.656250 0.969144
vt 0.671875 0.969144
vt 0.687500 0.969144
vt 0.703125 0.969144
vt 0.718750 0.969144
vt 0.734375 0.969144
vt 0.750000 0.969144
vt 0.765625 0.969144
vt 0.781250 0.969144
vt 0.796875 0.969144
vt 0.812500 0.969144
vt 0.828125 0.969144
vt 0.843750 0.969144
vt 0.859375 0.969144
vt 0.875000 0.969144
vt 0.890625 0.969144
vt 0.906250 0.969144
vt 0.921875 0.969144
vt 0.937500 0.969144
vt 0.953125 0.969144
vt 0.968750 0.969144
vt 0.984375 0.969144
vt 1.000000 0.969144
vt 0.015625 0.991552
vt 0.000000 0.991552
vt 0.031250 0.991552
vt 0.046875 0.991552
vt 0.062500 0.991552
vt 0.078125 0.991552
vt 0.093750 0.991552
vt 0.109375 0.991552
vt 0.125000 0.991552
vt 0.140625 0.991552
vt 0.156250 0.991552
vt 0.171875 0.991552
vt 0.187500 0.991552
vt 0.203125 0.991552
vt 0.218750 0.991552
vt 0.234375 0.991552
vt 0.250000 0.991552
vt 0.265625 0.991552
vt 0.281250 0.991552
vt 0.296875 0.991552
vt 0.312500 0.991552
vt 0.328125 0.991552
vt 0.343750 0.991552
vt 0.359375 0.991552
vt 0.375000 0.991552
vt 0.390625 0.991552
vt 0.406250 0.991552
vt 0.421875 0.991552
vt 0.437500 0.991552
vt 0.453125 0.991552
vt 0.468750 0.991552
vt 0.484375 0.991552
vt 0.500000 0.991552
vt 0.515625 0.991552
vt 0.531250 0.991552
vt 0.546875 0.991552
vt 0.562500 0.991552
vt 0.578125 0.991552
vt 0.593750 0.991552
vt 0.609375 0.991552
vt 0.625000 0.991552
vt 0.640625 0.991552
vt 0.656250 0.991552
vt 0.671875 0.991552
vt 0.687500 0.991552
vt 0.703125 0.991552
vt 0.718750 0.991552
vt 0.734375 0.991552
vt 0.750000 0.991552
vt 0.765625 0.991552
vt 0.781250 0.991552
vt 0.796875 0.991552
vt 0.812500 0.991552
vt 0.828125 0.991552
vt 0.843750 0.991552
vt 0.859375 0.991552
vt 0.875000 0.991552
vt 0.890625 0.991552
vt 0.906250 0.991552
vt 0.921875 0.991552
vt 0.937500 0.991552
vt 0.953125 0.991552
vt 0.968750 0.991552
vt 0.984375 0.991552
vt 1.000000 0.991552
vt 0.015625 0.994772
vt 0.000000 0.994772
vt 0.031250 0.994772
vt 0.046875 0.994772
vt 0.062500 0.994772
vt 0.078125 0.994772
vt 0.093750 0.994772
vt 0.109375 0.994772
vt 0.125000 0.994772
vt 0.140625 0.994772
vt 0.156250 0.994772
vt 0.171875 0.994772
vt 0.187500 0.994772
vt 0.203125 0.994772
vt 0.218750 0.994772
vt 0.234375 0.994772
vt 0.250000 0.994772
vt 0.265625 0.994772
vt 0.281250 0.994772
vt 0.296875 0.994772
vt 0.312500 0.994772
vt 0.328125 0.994772
vt 0.343750 0.994772
vt 0.359375 0.994772
vt 0.375000 0.994772
vt 0.390625 0.994772
vt 0.406250 0.994772
vt 0.421875 0.994772
vt 0.437500 0.994772
vt 0.453125 0.994772
vt 0.468750 0.994772
vt 0.484375 0.994772
vt 0.500000 0.994772
vt 0.515625 0.994772
vt 0.531250 0.994772
vt 0.546875 0.994772
vt 0.562500 0.994772
vt 0.578125 0.994772
vt 0.593750 0.994772
vt 0.609375 0.994772
vt 0.625000 0.994772
vt 0.640625 0.994772
vt 0.656250 0.994772
vt 0.671875 0.994772
vt 0.687500 0.994772
vt 0.703125 0.994772
vt 0.718750 0.994772
vt 0.734375 0.994772
vt 0.750000 0.994772
vt 0.765625 0.994772
vt 0.781250 0.994772
vt 0.796875 0.994772
vt 0.812500 0.994772
vt 0.828125 0.994772
vt 0.843750 0.994772
vt 0.859375 0.994772
vt 0.875000 0.994772
vt 0.890625 0.994772
vt 0.906250 0.994772
vt 0.921875 0.994772
vt 0.937500 0.994772
vt 0.953125 0.994772
vt 0.968750 0.994772
vt 0.984375 0.994772
vt 1.000000 0.994772
vt 0.015625 1.002235
vt 0.000000 1.002235
vt 0.031250 1.002235
vt 0.046875 1.002235
vt 0.062500 1.002235
vt 0.078125 1.002235
vt 0.093750 1.002235
vt 0.109375 1.002235
vt 0.125000 1.002235
vt 0.140625 1.002235
vt 0.156250 1.002235
vt 0.171875 1.002235
vt 0.187500 1.002235
vt 0.203125 1.002235
vt 0.218750 1.002235
vt 0.234375 1.002235
vt 0.250000 1.002235
vt 0.265625 1.002235
vt 0.281250 1.002235
vt 0.296875 1.002235
vt 0.312500 1.002235
vt 0.328125 1.002235
vt 0.343750 1.002235
vt 0.359375 1.002235
vt 0.375000 1.002235
vt 0.390625 1.002235
vt 0.406250 1.002235
vt 0.421875 1.002235
vt 0.437500 1.002235
vt 0.453125 1.002235
vt 0.468750 1.002235
vt 0.484375 1.002235
vt 0.500000 1.002235
vt 0.515625 1.002235
vt 0.531250 1.002235
vt 0.546875 1.002235
vt 0.562500 1.002235
vt 0.578125 1.002235
vt 0.593750 1.002235
vt 0.609375 1.002235
vt 0.625000 1.002235
vt 0.640625 1.002235
vt 0.656250 1.002235
vt 0.671875 1.002235
vt 0.687500 1.002235
vt 0.703125 1.002235
vt 0.718750 1.002235
vt 0.734375 1.002235
vt 0.750000 1.002235
vt 0.765625 1.002235
vt 0.781250 1.002235
vt 0.796875 1.002235
vt 0.812500 1.002235
vt 0.828125 1.002235
vt 0.843750 1.002235
vt 0.859375 1.002235
vt 0.875000 1.002235
vt 0.890625 1.002235
vt 0.906250 1.002235
vt 0.921875 1.002235
vt 0.937500 1.002235
vt 0.953125 1.002235
vt 0.968750 1.002235
vt 0.984375 1.002235
vt 1.000000 1.002235
vt 0.015625 1.017754
vt 0.000000 1.017754
vt 0.031250 1.017754
vt 0.046875 1.017754
vt 0.062500 1.017754
vt 0.078125 1.017754
vt 0.093750 1.017754
vt 0.109375 1.017754
vt 0.125000 1.017754
vt 0.140625 1.017754
vt 0.156250 1.017754
vt 0.171875 1.017754
vt 0.187500 1.017754
vt 0.203125 1.017754
vt 0.218750 1.017754
vt 0.234375 1.017754
vt 0.250000 1.017754
vt 0.265625 1.017754
vt 0.281250 1.017754
vt 0.296875 1.017754
vt 0.312500 1.017754
vt 0.328125 1.017754
vt 0.343750 1.017754
vt 0.359375 1.017754
vt 0.375000 1.017754
vt 0.390625 1.017754
vt 0.406250 1.017754
vt 0.421875 1.017754
vt 0.437500 1.017754
vt 0.453125 1.017754
vt 0.468750 1.017754
vt 0.484375 1.017754
vt 0.500000 1.017754
vt 0.515625 1.017754
vt 0.531250 1.017754
vt 0.546875 1.017754
vt 0.562500 1.017754
vt 0.578125 1.017754
vt 0.593750 1.017754
vt 0.609375 1.017754
vt 0.625000 1.017754
vt 0.640625 1.017754
vt 0.656250 1.017754
vt 0.671875 1.017754
vt 0.687500 1.017754
vt 0.703125 1.017754
vt 0.718750 1.017754
vt 0.734375 1.017754
vt 0.750000 1.017754
vt 0.765625 1.017754
vt 0.781250 1.017754
vt 0.796875 1.017754
vt 0.812500 1.017754
vt 0.828125 1.017754
vt 0.843750 1.017754
vt 0.859375 1.017754
vt 0.875000 1.017754
vt 0.890625 1.017754
vt 0.906250 1.017754
vt 0.921875 1.017754
vt 0.937500 1.017754
vt 0.953125 1.017754
vt 0.968750 1.017754
vt 0.984375 1.017754
vt 1.000000 1.017754
vt 0.015625 1.035851
vt 0.000000 1.035851
vt 0.031250 1.035851
vt 0.046875 1.035851
vt 0.062500 1.035851
vt 0.078125 1.035851
vt 0.093750 1.035851
vt 0.109375 1.035851
vt 0.125000 1.035851
vt 0.140625 1.035851
vt 0.156250 1.035851
vt 0.171875 1.035851
vt 0.187500 1.035851
vt 0.203125 1.035851
vt 0.218750 1.035851
vt 0.234375 1.035851
vt 0.250000 1.035851
vt 0.265625 1.035851
vt 0.281250 1.035851
vt 0.296875 1.035851
vt 0.312500 1.035851
vt 0.328125 1.035851
vt 0.343750 1.035851
vt 0.359375 1.035851
vt 0.375000 1.035851
vt 0.390625 1.035851
vt 0.406250 1.035851
vt 0.421875 1.035851
vt 0.437500 1.035851
vt 0.453125 1.035851
vt 0.468750 1.035851
vt 0.484375 1.035851
vt 0.500000 1.035851
vt 0.515625 1.035851
vt 0.531250 1.035851
vt 0.546875 1.035851
vt 0.562500 1.035851
vt 0.578125 1.035851
vt 0.593750 1.035851
vt 0.609375 1.035851
vt 0.625000 1.035851
vt 0.640625 1.035851
vt 0.656250 1.035851
vt 0.671875 1.035851
vt 0.687500 1.035851
vt 0.703125 1.035851
vt 0.718750 1.035851
vt 0.734375 1.035851
vt 0.750000 1.035851
vt 0.765625 1.035851
vt 0.781250 1.035851
vt 0.796875 1.035851
vt 0.812500 1.035851
vt 0.828125 1.035851
vt 0.843750 1.035851
vt 0.859375 1.035851
vt 0.875000 1.035851
vt 0.890625 1.035851
vt 0.906250 1.035851
vt 0.921875 1.035851
vt 0.937500 1.035851
vt 0.953125 1.035851
vt 0.968750 1.035851
vt 0.984375 1.035851
vt 1.000000 1.035851
vt 0.015625 1.056636
vt 0.000000 1.056636
vt 0.031250 1.056636
vt 0.046875 1.056636
vt 0.062500 1.056636
vt 0.078125 1.056636
vt 0.093750 1.056636
vt 0.109375 1.056636
vt 0.125000 1.056636
vt 0.140625 1.056636
vt 0.156250 1.056636
vt 0.171875 1.056636
vt 0.187500 1.056636
vt 0.203125 1.056636
vt 0.218750 1.056636
vt 0.234375 1.056636
vt 0.250000 1.056636
vt 0.265625 1.056636
vt 0.281250 1.056636
vt 0.296875 1.056636
vt 0.312500 1.056636
vt 0.328125 1.056636
vt 0.343750 1.056636
vt 0.359375 1.056636
vt 0.375000 1.056636
vt 0.390625 1.056636
vt 0.406250 1.056636
vt 0.421875 1.056636
vt 0.437500 1.056636
vt 0.453125 1.056636
vt 0.468750 1.056636
vt 0.484375 1.056636
vt 0.500000 1.056636
vt 0.515625 1.056636
vt 0.531250 1.056636
vt 0.546875 1.056636
vt 0.562500 1.056636
vt 0.578125 1.056636
vt 0.593750 1.056636
vt 0.609375 1.056636
vt 0.625000 1.056636
vt 0.640625 1.056636
vt 0.656250 1.056636
vt 0.671875 1.056636
vt 0.687500 1.056636
vt 0.703125 1.056636
vt 0.718750 1.056636
vt 0.734375 1.056636
vt 0.750000 1.056636
vt 0.765625 1.056636
vt 0.781250 1.056636
vt 0.796875 1.056636
vt 0.812500 1.056636
vt 0.828125 1.056636
vt 0.843750 1.056636
vt 0.859375 1.056636
vt 0.875000 1.056636
vt 0.890625 1.056636
vt 0.906250 1.056636
vt 0.921875 1.056636
vt 0.937500 1.056636
vt 0.953125 1.056636
vt 0.968750 1.056636
vt 0.984375 1.056636
vt 1.000000 1.056636
vt 0.015625 1.079978
vt 0.000000 1.079978
vt 0.031250 1.079978
vt 0.046875 1.079978
vt 0.062500 1.079978
vt 0.078125 1.079978
vt 0.093750 1.079978
vt 0.109375 1.079978
vt 0.125000 1.079978
vt 0.140625 1.079978
vt 0.156250 1.079978
vt 0.171875 1.079978
vt 0.187500 1.079978
vt 0.203125 1.079978
vt 0.218750 1.079978
vt 0.234375 1.079978
vt 0.250000 1.079978
vt 0.265625 1.079978
vt 0.281250 1.079978
vt 0.296875 1.079978
vt 0.312500 1.079978
vt 0.328125 1.079978
vt 0.343750 1.079978
vt 0.359375 1.079978
vt 0.375000 1.079978
vt 0.390625 1.079978
vt 0.406250 1.079978
vt 0.421875 1.079978
vt 0.437500 1.079978
vt 0.453125 1.079978
vt 0.468750 1.079978
vt 0.484375 1.079978
vt 0.500000 1.079978
vt 0.515625 1.079978
vt 0.531250 1.079978
vt 0.546875 1.079978
vt 0.562500 1.079978
vt 0.578125 1.079978
vt 0.593750 1.079978
vt 0.609375 1.079978
vt 0.625000 1.079978
vt 0.640625 1.079978
vt 0.656250 1.079978
vt 0.671875 1.079978
vt 0.687500 1.079978
vt 0.703125 1.079978
vt 0.718750 1.079978
vt 0.734375 1.079978
vt 0.750000 1.079978
vt 0.765625 1.079978
vt 0.781250 1.079978
vt 0.796875 1.079978
vt 0.812500 1.079978
vt 0.828125 1.079978
vt 0.843750 1.079978
vt 0.859375 1.079978
vt 0.875000 1.079978
vt 0.890625 1.079978
vt 0.906250 1.079978
vt 0.921875 1.079978
vt 0.937500 1.079978
vt 0.953125 1.079978
vt 0.968750 1.079978
vt 0.984375 1.079978
vt 1.000000 1.079978
vt 0.015625 1.105648
vt 0.000000 1.105648
vt 0.031250 1.105648
vt 0.046875 1.105648
vt 0.062500 1.105648
vt 0.078125 1.105648
vt 0.093750 1.105648
vt 0.109375 1.105648
vt 0.125000 1.105648
vt 0.140625 1.105648
vt 0.156250 1.105648
vt 0.171875 1.105648
vt 0.187500 1.105648
vt 0.203125 1.105648
vt 0.218750 1.105648
vt 0.234375 1.105648
vt 0.250000 1.105648
vt 0.265625 1.105648
vt 0.281250 1.105648
vt 0.296875 1.105648
vt 0.312500 1.105648
vt 0.328125 1.105648
vt 0.343750 1.105648
vt 0.359375 1.105648
vt 0.375000 1.105648
vt 0.390625 1.105648
vt 0.406250 1.105648
vt 0.421875 1.105648
vt 0.437500 1.105648
vt 0.453125 1.105648
vt 0.453173 1.092909
vt 0.484375 1.089770
vt 0.468750 1.090951
vt 0.500000 1.089377
vt 0.515625 1.089770
vt 0.531250 1.090951
vt 0.546875 1.092916
vt 0.562500 1.095660
vt 0.578125 1.099177
vt 0.593750 1.103458
vt 0.609375 1.105648
vt 0.625000 1.105648
vt 0.640625 1.105648
vt 0.656250 1.105648
vt 0.671875 1.105648
vt 0.687500 1.105648
vt 0.703125 1.105648
vt 0.718750 1.105648
vt 0.734375 1.105648
vt 0.750000 1.105648
vt 0.765625 1.105648
vt 0.781250 1.105648
vt 0.796875 1.105648
vt 0.812500 1.105648
vt 0.828125 1.105648
vt 0.843750 1.105648
vt 0.859375 1.105648
vt 0.875000 1.105648
vt 0.890625 1.105648
vt 0.906250 1.105648
vt 0.921875 1.105648
vt 0.937500 1.105648
vt 0.953125 1.105648
vt 0.968750 1.105648
vt 0.984375 1.105648
vt 1.000000 1.105648
vt 0.015625 1.133392
vt 0.000000 1.133392
vt 0.031250 1.133392
vt 0.046875 1.133392
vt 0.062500 1.133392
vt 0.078125 1.133392
vt 0.093750 1.133392
vt 0.109375 1.133392
vt 0.125000 1.133392
vt 0.140625 1.133392
vt 0.156250 1.133392
vt 0.171875 1.133392
vt 0.187500 1.133392
vt 0.203125 1.133392
vt 0.218750 1.133392
vt 0.234375 1.133392
vt 0.250000 1.133392
vt 0.265625 1.133392
vt 0.281250 1.133392
vt 0.296875 1.133392
vt 0.312500 1.133392
vt 0.328125 1.133392
vt 0.343750 1.133392
vt 0.359375 1.133392
vt 0.375000 1.133392
vt 0.390625 1.133392
vt 0.406250 1.133392
vt 0.421875 1.133392
vt 0.437500 1.133392
vt 0.453125 1.133392
vt 0.454110 1.105648
vt 0.454416 1.118786
vt 0.484375 1.115469
vt 0.484375 1.133392
vt 0.468750 1.133392
vt 0.468750 1.116784
vt 0.500000 1.115030
vt 0.500000 1.133392
vt 0.515625 1.115469
vt 0.515625 1.133392
vt 0.531250 1.116784
vt 0.531250 1.133392
vt 0.546875 1.118966
vt 0.546875 1.133392
vt 0.562500 1.121999
vt 0.562500 1.133392
vt 0.546875 1.118966
vt 0.578125 1.125861
vt 0.578125 1.133392
vt 0.593750 1.133392
vt 0.593750 1.130525
vt 0.609375 1.108667
vt 0.600579 1.105648
vt 0.602010 1.133392
vt 0.625000 1.114742
vt 0.625000 1.114742
vt 0.640625 1.121488
vt 0.656250 1.128852
vt 0.665218 1.133392
vt 0.687500 1.133392
vt 0.671875 1.133392
vt 0.703125 1.133392
vt 0.718750 1.133392
vt 0.734375 1.133392
vt 0.750000 1.133392
vt 0.765625 1.133392
vt 0.781250 1.133392
vt 0.796875 1.133392
vt 0.812500 1.133392
vt 0.828125 1.133392
vt 0.843750 1.133392
vt 0.859375 1.133392
vt 0.875000 1.133392
vt 0.890625 1.133392
vt 0.906250 1.133392
vt 0.921875 1.133392
vt 0.937500 1.133392
vt 0.953125 1.133392
vt 0.968750 1.133392
vt 0.984375 1.133392
vt 1.000000 1.133392
vt 0.015625 1.161124
vt 0.000000 1.161124
vt 0.031250 1.161124
vt 0.046875 1.161124
vt 0.062500 1.161124
vt 0.078125 1.161124
vt 0.093750 1.161124
vt 0.109375 1.161124
vt 0.125000 1.161124
vt 0.140625 1.161124
vt 0.156250 1.161124
vt 0.171875 1.161124
vt 0.187500 1.161124
vt 0.203125 1.161124
vt 0.218750 1.161124
vt 0.234375 1.161124
vt 0.250000 1.161124
vt 0.265625 1.161124
vt 0.281250 1.161124
vt 0.296875 1.161124
vt 0.312500 1.161124
vt 0.328125 1.161124
vt 0.343750 1.161124
vt 0.359375 1.161124
vt 0.375000 1.161124
vt 0.390625 1.161124
vt 0.406250 1.161124
vt 0.421875 1.161124
vt 0.437500 1.161124
vt 0.453125 1.161124
vt 0.468750 1.161124
vt 0.484375 1.161124
vt 0.500000 1.161124
vt 0.515625 1.161124
vt 0.531250 1.161124
vt 0.546875 1.161124
vt 0.562500 1.161124
vt 0.578125 1.161124
vt 0.593750 1.161124
vt 0.609375 1.161124
vt 0.625000 1.142839
vt 0.625000 1.161124
vt 0.609375 1.136190
vt 0.640625 1.150109
vt 0.640625 1.161124
vt 0.640625 1.150109
vt 0.656250 1.157912
vt 0.656250 1.161124
vt 0.671875 1.136962
vt 0.656250 1.157912
vt 0.662317 1.161124
vt 0.687500 1.145721
vt 0.703125 1.154738
vt 0.713976 1.161124
vt 0.703125 1.154738
vt 0.734375 1.161124
vt 0.718750 1.161124
vt 0.750000 1.161124
vt 0.765625 1.161124
vt 0.781250 1.161124
vt 0.796875 1.161124
vt 0.812500 1.161124
vt 0.828125 1.161124
vt 0.843750 1.161124
vt 0.859375 1.161124
vt 0.875000 1.161124
vt 0.890625 1.161124
vt 0.906250 1.161124
vt 0.921875 1.161124
vt 0.937500 1.161124
vt 0.953125 1.161124
vt 0.968750 1.161124
vt 0.984375 1.161124
vt 1.000000 1.161124
vt 0.015625 1.189148
vt 0.000000 1.189148
vt 0.031250 1.189148
vt 0.046875 1.189148
vt 0.062500 1.189148
vt 0.078125 1.189148
vt 0.093750 1.189148
vt 0.109375 1.189148
vt 0.125000 1.189148
vt 0.140625 1.189148
vt 0.156250 1.189148
vt 0.171875 1.189148
vt 0.187500 1.189148
vt 0.203125 1.189148
vt 0.218750 1.189148
vt 0.234375 1.189148
vt 0.250000 1.189148
vt 0.265625 1.189148
vt 0.281250 1.189148
vt 0.296875 1.189148
vt 0.312500 1.189148
vt 0.328125 1.189148
vt 0.343750 1.189148
vt 0.359375 1.189148
vt 0.375000 1.189148
vt 0.390625 1.189148
vt 0.406250 1.189148
vt 0.421875 1.189148
vt 0.437500 1.189148
vt 0.453125 1.189148
vt 0.468750 1.189148
vt 0.484375 1.189148
vt 0.500000 1.189148
vt 0.515625 1.189148
vt 0.531250 1.189148
vt 0.546875 1.189148
vt 0.562500 1.189148
vt 0.578125 1.189148
vt 0.593750 1.189148
vt 0.609375 1.189148
vt 0.625000 1.189148
vt 0.640625 1.189148
vt 0.656250 1.189148
vt 0.662317 1.161124
vt 0.671875 1.189148
vt 0.671875 1.166539
vt 0.687500 1.175622
vt 0.687500 1.189148
vt 0.703125 1.184762
vt 0.703125 1.189148
vt 0.718750 1.164028
vt 0.710594 1.189148
vt 0.718750 1.164028
vt 0.734375 1.173501
vt 0.750000 1.182736
vt 0.761178 1.189148
vt 0.781250 1.189148
vt 0.765625 1.189148
vt 0.796875 1.189148
vt 0.812500 1.189148
vt 0.828125 1.189148
vt 0.843750 1.189148
vt 0.859375 1.189148
vt 0.875000 1.189148
vt 0.890625 1.189148
vt 0.906250 1.189148
vt 0.921875 1.189148
vt 0.937500 1.189148
vt 0.953125 1.189148
vt 0.968750 1.189148
vt 0.984375 1.189148
vt 1.000000 1.189148
vt 0.015625 1.217474
vt 0.000000 1.217474
vt 0.031250 1.217474
vt 0.046875 1.217474
vt 0.062500 1.217474
vt 0.078125 1.217474
vt 0.093750 1.217474
vt 0.109375 1.217474
vt 0.125000 1.217474
vt 0.140625 1.217474
vt 0.156250 1.217474
vt 0.171875 1.217474
vt 0.187500 1.217474
vt 0.203125 1.217474
vt 0.218750 1.217474
vt 0.234375 1.217474
vt 0.250000 1.217474
vt 0.265625 1.217474
vt 0.281250 1.217474
vt 0.296875 1.217474
vt 0.312500 1.217474
vt 0.328125 1.217474
vt 0.343750 1.217474
vt 0.359375 1.217474
vt 0.375000 1.217474
vt 0.390625 1.217474
vt 0.406250 1.217474
vt 0.421875 1.217474
vt 0.437500 1.217474
vt 0.453125 1.217474
vt 0.468750 1.217474
vt 0.484375 1.217474
vt 0.500000 1.217474
vt 0.515625 1.217474
vt 0.531250 1.217474
vt 0.546875 1.217474
vt 0.562500 1.217474
vt 0.578125 1.217474
vt 0.593750 1.217474
vt 0.609375 1.217474
vt 0.625000 1.217474
vt 0.640625 1.217474
vt 0.656250 1.217474
vt 0.671875 1.217474
vt 0.687500 1.217474
vt 0.703125 1.217474
vt 0.718750 1.217474
vt 0.718750 1.194073
vt 0.734375 1.203297
vt 0.734375 1.217474
vt 0.750000 1.212111
vt 0.750000 1.217474
vt 0.765625 1.191697
vt 0.759936 1.217474
vt 0.765625 1.191697
vt 0.781250 1.200276
vt 0.781250 1.200276
vt 0.796875 1.208279
vt 0.796875 1.208279
vt 0.812500 1.215684
vt 0.816549 1.217474
vt 0.843750 1.217474
vt 0.828125 1.217474
vt 0.859375 1.217474
vt 0.875000 1.217474
vt 0.890625 1.217474
vt 0.906250 1.217474
vt 0.921875 1.217474
vt 0.937500 1.217474
vt 0.953125 1.217474
vt 0.968750 1.217474
vt 0.984375 1.217474
vt 1.000000 1.217474
vt 0.015625 1.245937
vt 0.000000 1.245937
vt 0.031250 1.245937
vt 0.046875 1.245937
vt 0.062500 1.245937
vt 0.078125 1.245937
vt 0.093750 1.245937
vt 0.109375 1.245937
vt 0.125000 1.245937
vt 0.140625 1.245937
vt 0.156250 1.245937
vt 0.171875 1.245937
vt 0.187500 1.245937
vt 0.203125 1.245937
vt 0.218750 1.245937
vt 0.234375 1.245937
vt 0.250000 1.245937
vt 0.265625 1.245937
vt 0.281250 1.245937
vt 0.296875 1.245937
vt 0.312500 1.245937
vt 0.328125 1.245937
vt 0.343750 1.245937
vt 0.359375 1.245937
vt 0.375000 1.245937
vt 0.390625 1.245937
vt 0.406250 1.245937
vt 0.421875 1.245937
vt 0.437500 1.245937
vt 0.453125 1.245937
vt 0.468750 1.245937
vt 0.484375 1.245937
vt 0.500000 1.245937
vt 0.515625 1.245937
vt 0.531250 1.245937
vt 0.546875 1.245937
vt 0.562500 1.245937
vt 0.578125 1.245937
vt 0.593750 1.245937
vt 0.609375 1.245937
vt 0.625000 1.245937
vt 0.640625 1.245937
vt 0.656250 1.245937
vt 0.671875 1.245937
vt 0.687500 1.245937
vt 0.703125 1.245937
vt 0.718750 1.245937
vt 0.734375 1.245937
vt 0.750000 1.245937
vt 0.765625 1.245937
vt 0.765625 1.220528
vt 0.781250 1.228464
vt 0.781250 1.245937
vt 0.796875 1.235763
vt 0.796875 1.245937
vt 0.812500 1.242429
vt 0.812500 1.245937
vt 0.828125 1.222455
vt 0.812500 1.242429
vt 0.821463 1.245937
vt 0.843750 1.228549
vt 0.859375 1.233984
vt 0.859375 1.233984
vt 0.875000 1.238781
vt 0.875000 1.238781
vt 0.890625 1.242961
vt 0.903583 1.245937
vt 0.890625 1.242960
vt 0.921875 1.245937
vt 0.906250 1.245937
vt 0.937500 1.245937
vt 0.953125 1.245937
vt 0.968750 1.245937
vt 0.984375 1.245937
vt 1.000000 1.245937
vt 0.000000 1.256021
vt 0.015625 1.255764
vt 0.031250 1.254988
vt 0.046875 1.253689
vt 0.062500 1.251857
vt 0.071399 1.273099
vt 0.078125 1.274247
vt 0.093750 1.274247
vt 0.109375 1.274247
vt 0.125000 1.274247
vt 0.140625 1.274247
vt 0.156250 1.274247
vt 0.171875 1.274247
vt 0.187500 1.274247
vt 0.203125 1.274247
vt 0.218750 1.274247
vt 0.234375 1.274247
vt 0.250000 1.274247
vt 0.265625 1.274247
vt 0.281250 1.274247
vt 0.296875 1.274247
vt 0.312500 1.274247
vt 0.328125 1.274247
vt 0.343750 1.274247
vt 0.359375 1.274247
vt 0.375000 1.274247
vt 0.390625 1.274247
vt 0.406250 1.274247
vt 0.421875 1.274247
vt 0.437500 1.274247
vt 0.453125 1.274247
vt 0.468750 1.274247
vt 0.484375 1.274247
vt 0.500000 1.274247
vt 0.515625 1.274247
vt 0.531250 1.274247
vt 0.546875 1.274247
vt 0.562500 1.274247
vt 0.578125 1.274247
vt 0.593750 1.274247
vt 0.609375 1.274247
vt 0.625000 1.274247
vt 0.640625 1.274247
vt 0.656250 1.274247
vt 0.671875 1.274247
vt 0.687500 1.274247
vt 0.703125 1.274247
vt 0.718750 1.274247
vt 0.734375 1.274247
vt 0.750000 1.274247
vt 0.765625 1.274247
vt 0.781250 1.274247
vt 0.796875 1.274247
vt 0.812500 1.274247
vt 0.828125 1.274247
vt 0.828125 1.248476
vt 0.843750 1.253887
vt 0.843750 1.274247
vt 0.859375 1.258677
vt 0.859375 1.274247
vt 0.875000 1.262875
vt 0.875000 1.274247
vt 0.890625 1.266511
vt 0.890625 1.274247
vt 0.906250 1.269610
vt 0.906250 1.274247
vt 0.906250 1.246531
vt 0.921875 1.272193
vt 0.921875 1.274247
vt 0.906250 1.269609
vt 0.921875 1.249476
vt 0.921875 1.272193
vt 0.937237 1.274247
vt 0.937500 1.251857
vt 0.953125 1.253689
vt 0.968750 1.254988
vt 0.984375 1.255764
vt 1.000000 1.256022
vt 0.015625 1.302022
vt 0.000000 1.302022
vt 0.000000 1.277885
vt 0.015625 1.277662
vt 0.031250 1.302022
vt 0.031250 1.276992
vt 0.046875 1.302022
vt 0.046875 1.275869
vt 0.062500 1.302022
vt 0.062500 1.274281
vt 0.062500 1.274281
vt 0.078125 1.302022
vt 0.093750 1.302022
vt 0.109375 1.302022
vt 0.125000 1.302022
vt 0.140625 1.302022
vt 0.156250 1.302022
vt 0.171875 1.302022
vt 0.187500 1.302022
vt 0.203125 1.302022
vt 0.218750 1.302022
vt 0.234375 1.302022
vt 0.250000 1.302022
vt 0.265625 1.302022
vt 0.281250 1.302022
vt 0.296875 1.302022
vt 0.312500 1.302022
vt 0.328125 1.302022
vt 0.343750 1.302022
vt 0.359375 1.302022
vt 0.375000 1.302022
vt 0.390625 1.302022
vt 0.406250 1.302022
vt 0.421875 1.302022
vt 0.437500 1.302022
vt 0.453125 1.302022
vt 0.468750 1.302022
vt 0.484375 1.302022
vt 0.500000 1.302022
vt 0.515625 1.302022
vt 0.531250 1.302022
vt 0.546875 1.302022
vt 0.562500 1.302022
vt 0.578125 1.302022
vt 0.593750 1.302022
vt 0.609375 1.302022
vt 0.625000 1.302022
vt 0.640625 1.302022
vt 0.656250 1.302022
vt 0.671875 1.302022
vt 0.687500 1.302022
vt 0.703125 1.302022
vt 0.718750 1.302022
vt 0.734375 1.302022
vt 0.750000 1.302022
vt 0.765625 1.302022
vt 0.781250 1.302022
vt 0.796875 1.302022
vt 0.812500 1.302022
vt 0.828125 1.302022
vt 0.843750 1.302022
vt 0.859375 1.302022
vt 0.875000 1.302022
vt 0.890625 1.302022
vt 0.906250 1.302022
vt 0.921875 1.302022
vt 0.937500 1.302022
vt 0.953125 1.302022
vt 0.937500 1.274281
vt 0.953125 1.275869
vt 0.968750 1.302022
vt 0.968750 1.276992
vt 0.984375 1.302022
vt 0.984375 1.277662
vt 0.984375 1.277662
vt 1.000000 1.277885
vt 1.000000 1.302022
vt 0.015625 1.328819
vt 0.000000 1.328819
vt 0.031250 1.328819
vt 0.046875 1.328819
vt 0.062500 1.328819
vt 0.078125 1.328819
vt 0.093750 1.328819
vt 0.109375 1.328819
vt 0.125000 1.328819
vt 0.140625 1.328819
vt 0.156250 1.328819
vt 0.171875 1.328819
vt 0.187500 1.328819
vt 0.203125 1.328819
vt 0.218750 1.328819
vt 0.234375 1.328819
vt 0.250000 1.328819
vt 0.265625 1.328819
vt 0.281250 1.328819
vt 0.296875 1.328819
vt 0.312500 1.328819
vt 0.328125 1.328819
vt 0.343750 1.328819
vt 0.359375 1.328819
vt 0.375000 1.328819
vt 0.390625 1.328819
vt 0.406250 1.328819
vt 0.421875 1.328819
vt 0.437500 1.328819
vt 0.453125 1.328819
vt 0.468750 1.328819
vt 0.484375 1.328819
vt 0.500000 1.328819
vt 0.515625 1.328819
vt 0.531250 1.328819
vt 0.546875 1.328819
vt 0.562500 1.328819
vt 0.578125 1.328819
vt 0.593750 1.328819
vt 0.609375 1.328819
vt 0.625000 1.328819
vt 0.640625 1.328819
vt 0.656250 1.328819
vt 0.671875 1.328819
vt 0.687500 1.328819
vt 0.703125 1.328819
vt 0.718750 1.328819
vt 0.734375 1.328819
vt 0.750000 1.328819
vt 0.765625 1.328819
vt 0.781250 1.328819
vt 0.796875 1.328819
vt 0.812500 1.328819
vt 0.828125 1.328819
vt 0.843750 1.328819
vt 0.859375 1.328819
vt 0.875000 1.328819
vt 0.890625 1.328819
vt 0.906250 1.328819
vt 0.921875 1.328819
vt 0.937500 1.328819
vt 0.953125 1.328819
vt 0.968750 1.328819
vt 0.984375 1.328819
vt 1.000000 1.328819
vt 0.015625 1.354153
vt 0.000000 1.354153
vt 0.031250 1.354153
vt 0.046875 1.354153
vt 0.062500 1.354153
vt 0.078125 1.354153
vt 0.093750 1.354153
vt 0.109375 1.354153
vt 0.125000 1.354153
vt 0.140625 1.354153
vt 0.156250 1.354153
vt 0.171875 1.354153
vt 0.187500 1.354153
vt 0.203125 1.354153
vt 0.218750 1.354153
vt 0.234375 1.354153
vt 0.250000 1.354153
vt 0.265625 1.354153
vt 0.281250 1.354153
vt 0.296875 1.354153
vt 0.312500 1.354153
vt 0.328125 1.354153
vt 0.343750 1.354153
vt 0.359375 1.354153
vt 0.375000 1.354153
vt 0.390625 1.354153
vt 0.406250 1.354153
vt 0.421875 1.354153
vt 0.437500 1.354153
vt 0.453125 1.354153
vt 0.468750 1.354153
vt 0.484375 1.354153
vt 0.500000 1.354153
vt 0.515625 1.354153
vt 0.531250 1.354153
vt 0.546875 1.354153
vt 0.562500 1.354153
vt 0.578125 1.354153
vt 0.593750 1.354153
vt 0.609375 1.354153
vt 0.625000 1.354153
vt 0.640625 1.354153
vt 0.656250 1.354153
vt 0.671875 1.354153
vt 0.687500 1.354153
vt 0.703125 1.354153
vt 0.718750 1.354153
vt 0.734375 1.354153
vt 0.750000 1.354153
vt 0.765625 1.354153
vt 0.781250 1.354153
vt 0.796875 1.354153
vt 0.812500 1.354153
vt 0.828125 1.354153
vt 0.843750 1.354153
vt 0.859375 1.354153
vt 0.875000 1.354153
vt 0.890625 1.354153
vt 0.906250 1.354153
vt 0.921875 1.354153
vt 0.937500 1.354153
vt 0.953125 1.354153
vt 0.968750 1.354153
vt 0.984375 1.354153
vt 1.000000 1.354153
vt 0.015625 1.377508
vt 0.000000 1.377508
vt 0.031250 1.377508
vt 0.046875 1.377508
vt 0.062500 1.377508
vt 0.078125 1.377508
vt 0.093750 1.377508
vt 0.109375 1.377508
vt 0.125000 1.377508
vt 0.140625 1.377508
vt 0.156250 1.377508
vt 0.171875 1.377508
vt 0.187500 1.377508
vt 0.203125 1.377508
vt 0.218750 1.377508
vt 0.234375 1.377508
vt 0.250000 1.377508
vt 0.265625 1.377508
vt 0.281250 1.377508
vt 0.296875 1.377508
vt 0.312500 1.377508
vt 0.328125 1.377508
vt 0.343750 1.377508
vt 0.359375 1.377508
vt 0.375000 1.377508
vt 0.390625 1.377508
vt 0.406250 1.377508
vt 0.421875 1.377508
vt 0.437500 1.377508
vt 0.453125 1.377508
vt 0.468750 1.377508
vt 0.484375 1.377508
vt 0.500000 1.377508
vt 0.515625 1.377508
vt 0.531250 1.377508
vt 0.546875 1.377508
vt 0.562500 1.377508
vt 0.578125 1.377508
vt 0.593750 1.377508
vt 0.609375 1.377508
vt 0.625000 1.377508
vt 0.640625 1.377508
vt 0.656250 1.377508
vt 0.671875 1.377508
vt 0.687500 1.377508
vt 0.703125 1.377508
vt 0.718750 1.377508
vt 0.734375 1.377508
vt 0.750000 1.377508
vt 0.765625 1.377508
vt 0.781250 1.377508
vt 0.796875 1.377508
vt 0.812500 1.377508
vt 0.828125 1.377508
vt 0.843750 1.377508
vt 0.859375 1.377508
vt 0.875000 1.377508
vt 0.890625 1.377508
vt 0.906250 1.377508
vt 0.921875 1.377508
vt 0.937500 1.377508
vt 0.953125 1.377508
vt 0.968750 1.377508
vt 0.984375 1.377508
vt 1.000000 1.377508
vt 0.015625 1.393058
vt 0.000000 1.393058
vt 0.031250 1.393058
vt 0.046875 1.393058
vt 0.062500 1.393058
vt 0.078125 1.393058
vt 0.093750 1.393058
vt 0.140625 1.393058
vt 0.156250 1.393058
vt 0.171875 1.393058
vt 0.187500 1.393058
vt 0.203125 1.393058
vt 0.218750 1.393058
vt 0.234375 1.393058
vt 0.250000 1.393058
vt 0.265625 1.393058
vt 0.281250 1.393058
vt 0.296875 1.393058
vt 0.312500 1.393058
vt 0.328125 1.393058
vt 0.343750 1.393058
vt 0.359375 1.393058
vt 0.375000 1.393058
vt 0.390625 1.393058
vt 0.406250 1.393058
vt 0.421875 1.393058
vt 0.437500 1.393058
vt 0.453125 1.393058
vt 0.468750 1.393058
vt 0.484375 1.393058
vt 0.500000 1.393058
vt 0.515625 1.393058
vt 0.531250 1.393058
vt 0.546875 1.393058
vt 0.562500 1.393058
vt 0.578125 1.393058
vt 0.593750 1.393058
vt 0.609375 1.393058
vt 0.625000 1.393058
vt 0.640625 1.393058
vt 0.656250 1.393058
vt 0.671875 1.393058
vt 0.687500 1.393058
vt 0.703125 1.393058
vt 0.718750 1.393058
vt 0.734375 1.393058
vt 0.750000 1.393058
vt 0.765625 1.393058
vt 0.781250 1.393058
vt 0.796875 1.393058
vt 0.812500 1.393058
vt 0.828125 1.393058
vt 0.843750 1.393058
vt 0.859375 1.393058
vt 0.875000 1.393058
vt 0.890625 1.393058
vt 0.906250 1.393058
vt 0.921875 1.393058
vt 0.937500 1.393058
vt 0.953125 1.393058
vt 0.968750 1.393058
vt 0.984375 1.393058
vt 1.000000 1.393058
vt 0.015625 1.394206
vt 0.000000 1.394206
vt 0.031250 1.394206
vt 0.046875 1.394206
vt 0.062500 1.394206
vt 0.078125 1.394206
vt 0.093750 1.394206
vt 0.007812 0.000000
vt 0.140625 1.394206
vt 0.156250 1.394206
vt 0.171875 1.394206
vt 0.187500 1.394206
vt 0.203125 1.394206
vt 0.218750 1.394206
vt 0.234375 1.394206
vt 0.250000 1.394206
vt 0.265625 1.394206
vt 0.281250 1.394206
vt 0.296875 1.394206
vt 0.312500 1.394206
vt 0.328125 1.394206
vt 0.343750 1.394206
vt 0.359375 1.394206
vt 0.375000 1.394206
vt 0.390625 1.394206
vt 0.406250 1.394206
vt 0.421875 1.394206
vt 0.437500 1.394206
vt 0.453125 1.394206
vt 0.468750 1.394206
vt 0.484375 1.394206
vt 0.500000 1.394206
vt 0.515625 1.394206
vt 0.531250 1.394206
vt 0.546875 1.394206
vt 0.562500 1.394206
vt 0.578125 1.394206
vt 0.593750 1.394206
vt 0.609375 1.394206
vt 0.625000 1.394206
vt 0.640625 1.394206
vt 0.656250 1.394206
vt 0.671875 1.394206
vt 0.687500 1.394206
vt 0.703125 1.394206
vt 0.718750 1.394206
vt 0.734375 1.394206
vt 0.750000 1.394206
vt 0.765625 1.394206
vt 0.781250 1.394206
vt 0.796875 1.394206
vt 0.812500 1.394206
vt 0.828125 1.394206
vt 0.843750 1.394206
vt 0.859375 1.394206
vt 0.875000 1.394206
vt 0.890625 1.394206
vt 0.906250 1.394206
vt 0.921875 1.394206
vt 0.937500 1.394206
vt 0.953125 1.394206
vt 0.968750 1.394206
vt 0.984375 1.394206
vt 1.000000 1.394206
vt 0.015625 1.395353
vt 0.000000 1.395353
vt 0.031250 1.395353
vt 0.046875 1.395353
vt 0.062500 1.395353
vt 0.078125 1.395353
vt 0.093750 1.395353
vt 0.109375 1.395353
vt 0.125000 1.395353
vt 0.140625 1.395353
vt 0.156250 1.395353
vt 0.171875 1.395353
vt 0.187500 1.395353
vt 0.203125 1.395353
vt 0.218750 1.395353
vt 0.234375 1.395353
vt 0.250000 1.395353
vt 0.265625 1.395353
vt 0.281250 1.395353
vt 0.296875 1.395353
vt 0.312500 1.395353
vt 0.328125 1.395353
vt 0.343750 1.395353
vt 0.359375 1.395353
vt 0.375000 1.395353
vt 0.390625 1.395353
vt 0.406250 1.395353
vt 0.421875 1.395353
vt 0.437500 1.395353
vt 0.453125 1.395353
vt 0.468750 1.395353
vt 0.484375 1.395353
vt 0.500000 1.395353
vt 0.515625 1.395353
vt 0.531250 1.395353
vt 0.546875 1.395353
vt 0.562500 1.395353
vt 0.578125 1.395353
vt 0.593750 1.395353
vt 0.609375 1.395353
vt 0.625000 1.395353
vt 0.640625 1.395353
vt 0.656250 1.395353
vt 0.671875 1.395353
vt 0.687500 1.395353
vt 0.703125 1.395353
vt 0.718750 1.395353
vt 0.734375 1.395353
vt 0.750000 1.395353
vt 0.765625 1.395353
vt 0.781250 1.395353
vt 0.796875 1.395353
vt 0.812500 1.395353
vt 0.828125 1.395353
vt 0.843750 1.395353
vt 0.859375 1.395353
vt 0.875000 1.395353
vt 0.890625 1.395353
vt 0.906250 1.395353
vt 0.921875 1.395353
vt 0.937500 1.395353
vt 0.953125 1.395353
vt 0.968750 1.395353
vt 0.984375 1.395353
vt 1.000000 1.395353
vt 0.007812 1.406670
vt 0.023438 1.406670
vt 0.039062 1.406670
vt 0.054688 1.406670
vt 0.070312 1.406670
vt 0.085938 1.406670
vt 0.101562 1.406670
vt 0.117188 1.406670
vt 0.132812 1.406670
vt 0.148438 1.406670
vt 0.164062 1.406670
vt 0.179688 1.406670
vt 0.195312 1.406670
vt 0.210938 1.406670
vt 0.226562 1.406670
vt 0.242188 1.406670
vt 0.257812 1.406670
vt 0.273438 1.406670
vt 0.289062 1.406670
vt 0.304688 1.406670
vt 0.320312 1.406670
vt 0.335938 1.406670
vt 0.351562 1.406670
vt 0.367188 1.406670
vt 0.382812 1.406670
vt 0.398438 1.406670
vt 0.414062 1.406670
vt 0.429688 1.406670
vt 0.445312 1.406670
vt 0.460938 1.406670
vt 0.476562 1.406670
vt 0.492188 1.406670
vt 0.507812 1.406670
vt 0.523438 1.406670
vt 0.539062 1.406670
vt 0.554688 1.406670
vt 0.570312 1.406670
vt 0.585938 1.406670
vt 0.601562 1.406670
vt 0.617188 1.406670
vt 0.632812 1.406670
vt 0.648438 1.406670
vt 0.664062 1.406670
vt 0.679688 1.406670
vt 0.695312 1.406670
vt 0.710938 1.406670
vt 0.726562 1.406670
vt 0.742188 1.406670
vt 0.757812 1.406670
vt 0.773438 1.406670
vt 0.789062 1.406670
vt 0.804688 1.406670
vt 0.820312 1.406670
vt 0.835938 1.406670
vt 0.851562 1.406670
vt 0.867188 1.406670
vt 0.882812 1.406670
vt 0.898438 1.406670
vt 0.914062 1.406670
vt 0.929688 1.406670
vt 0.945312 1.406670
vt 0.960938 1.406670
vt 0.976562 1.406670
vt 0.992188 1.406670
vt 0.000000 0.000000
vt 0.468750 1.116784
vt 0.062523 1.251853
vt 0.062763 1.274247
vt 0.937500 1.274281
vt 0.968750 0.006800
vt 0.984375 0.006800
vt 0.984375 0.013600
vt 0.968750 0.013600
vt 0.000000 0.013600
vt 0.015625 0.013600
vt 0.015625 0.020400
vt 0.000000 0.020400
vt 0.031250 0.013600
vt 0.031250 0.020400
vt 0.046875 0.013600
vt 0.046875 0.020400
vt 0.062500 0.013600
vt 0.062500 0.020400
vt 0.078125 0.013600
vt 0.078125 0.020400
vt 0.093750 0.013600
vt 0.093750 0.020400
vt 0.109375 0.013600
vt 0.109375 0.020400
vt 0.125000 0.013600
vt 0.125000 0.020400
vt 0.140625 0.013600
vt 0.140625 0.020400
vt 0.156250 0.013600
vt 0.156250 0.020400
vt 0.171875 0.013600
vt 0.171875 0.020400
vt 0.187500 0.013600
vt 0.187500 0.020400
vt 0.203125 0.013600
vt 0.203125 0.020400
vt 0.218750 0.013600
vt 0.218750 0.020400
vt 0.234375 0.013600
vt 0.234375 0.020400
vt 0.250000 0.013600
vt 0.250000 0.020400
vt 0.265625 0.013600
vt 0.265625 0.020400
vt 0.281250 0.013600
vt 0.281250 0.020400
vt 0.296875 0.013600
vt 0.296875 0.020400
vt 0.312500 0.013600
vt 0.312500 0.020400
vt 0.328125 0.013600
vt 0.328125 0.020400
vt 0.343750 0.013600
vt 0.343750 0.020400
vt 0.359375 0.013600
vt 0.359375 0.020400
vt 0.375000 0.013600
vt 0.375000 0.020400
vt 0.390625 0.013600
vt 0.390625 0.020400
vt 0.406250 0.013600
vt 0.406250 0.020400
vt 0.421875 0.013600
vt 0.421875 0.020400
vt 0.437500 0.013600
vt 0.437500 0.020400
vt 0.453125 0.013600
vt 0.453125 0.020400
vt 0.468750 0.013600
vt 0.468750 0.020400
vt 0.484375 0.013600
vt 0.484375 0.020400
vt 0.500000 0.013600
vt 0.500000 0.020400
vt 0.515625 0.013600
vt 0.515625 0.020400
vt 0.531250 0.013600
vt 0.531250 0.020400
vt 0.546875 0.013600
vt 0.546875 0.020400
vt 0.562500 0.013600
vt 0.562500 0.020400
vt 0.578125 0.013600
vt 0.578125 0.020400
vt 0.593750 0.013600
vt 0.593750 0.020400
vt 0.609375 0.013600
vt 0.609375 0.020400
vt 0.625000 0.013600
vt 0.625000 0.020400
vt 0.640625 0.013600
vt 0.640625 0.020400
vt 0.656250 0.013600
vt 0.656250 0.020400
vt 0.671875 0.013600
vt 0.671875 0.020400
vt 0.687500 0.013600
vt 0.687500 0.020400
vt 0.703125 0.013600
vt 0.703125 0.020400
vt 0.718750 0.013600
vt 0.718750 0.020400
vt 0.734375 0.013600
vt 0.734375 0.020400
vt 0.750000 0.013600
vt 0.750000 0.020400
vt 0.765625 0.013600
vt 0.765625 0.020400
vt 0.781250 0.013600
vt 0.781250 0.020400
vt 0.796875 0.013600
vt 0.796875 0.020400
vt 0.812500 0.013600
vt 0.812500 0.020400
vt 0.828125 0.013600
vt 0.828125 0.020400
vt 0.843750 0.013600
vt 0.843750 0.020400
vt 0.859375 0.013600
vt 0.859375 0.020400
vt 0.875000 0.013600
vt 0.875000 0.020400
vt 0.890625 0.013600
vt 0.890625 0.020400
vt 0.906250 0.013600
vt 0.906250 0.020400
vt 0.921875 0.013600
vt 0.921875 0.020400
vt 0.937500 0.013600
vt 0.937500 0.020400
vt 0.953125 0.013600
vt 0.953125 0.020400
vt 0.968750 0.020400
vt 0.984375 0.020400
vt 1.000000 0.013600
vt 1.000000 0.020400
vt 0.015625 0.027200
vt 0.000000 0.027200
vt 0.031250 0.027200
vt 0.046875 0.027200
vt 0.062500 0.027200
vt 0.078125 0.027200
vt 0.093750 0.027200
vt 0.109375 0.027200
vt 0.125000 0.027200
vt 0.140625 0.027200
vt 0.156250 0.027200
vt 0.171875 0.027200
vt 0.187500 0.027200
vt 0.203125 0.027200
vt 0.218750 0.027200
vt 0.234375 0.027200
vt 0.250000 0.027200
vt 0.265625 0.027200
vt 0.281250 0.027200
vt 0.296875 0.027200
vt 0.312500 0.027200
vt 0.328125 0.027200
vt 0.343750 0.027200
vt 0.359375 0.027200
vt 0.375000 0.027200
vt 0.390625 0.027200
vt 0.406250 0.027200
vt 0.421875 0.027200
vt 0.437500 0.027200
vt 0.453125 0.027200
vt 0.468750 0.027200
vt 0.484375 0.027200
vt 0.500000 0.027200
vt 0.515625 0.027200
vt 0.531250 0.027200
vt 0.546875 0.027200
vt 0.562500 0.027200
vt 0.578125 0.027200
vt 0.593750 0.027200
vt 0.609375 0.027200
vt 0.625000 0.027200
vt 0.640625 0.027200
vt 0.656250 0.027200
vt 0.671875 0.027200
vt 0.687500 0.027200
vt 0.703125 0.027200
vt 0.718750 0.027200
vt 0.734375 0.027200
vt 0.750000 0.027200
vt 0.765625 0.027200
vt 0.781250 0.027200
vt 0.796875 0.027200
vt 0.812500 0.027200
vt 0.828125 0.027200
vt 0.843750 0.027200
vt 0.859375 0.027200
vt 0.875000 0.027200
vt 0.890625 0.027200
vt 0.906250 0.027200
vt 0.921875 0.027200
vt 0.937500 0.027200
vt 0.953125 0.027200
vt 0.968750 0.027200
vt 0.984375 0.027200
vt 1.000000 0.027200
vt 0.015625 0.034000
vt 0.000000 0.034000
vt 0.031250 0.034000
vt 0.046875 0.034000
vt 0.062500 0.034000
vt 0.078125 0.034000
vt 0.093750 0.034000
vt 0.109375 0.034000
vt 0.125000 0.034000
vt 0.140625 0.034000
vt 0.156250 0.034000
vt 0.171875 0.034000
vt 0.187500 0.034000
vt 0.203125 0.034000
vt 0.218750 0.034000
vt 0.234375 0.034000
vt 0.250000 0.034000
vt 0.265625 0.034000
vt 0.281250 0.034000
vt 0.296875 0.034000
vt 0.312500 0.034000
vt 0.328125 0.034000
vt 0.343750 0.034000
vt 0.359375 0.034000
vt 0.375000 0.034000
vt 0.390625 0.034000
vt 0.406250 0.034000
vt 0.421875 0.034000
vt 0.437500 0.034000
vt 0.453125 0.034000
vt 0.468750 0.034000
vt 0.484375 0.034000
vt 0.500000 0.034000
vt 0.515625 0.034000
vt 0.531250 0.034000
vt 0.546875 0.034000
vt 0.562500 0.034000
vt 0.578125 0.034000
vt 0.593750 0.034000
vt 0.609375 0.034000
vt 0.625000 0.034000
vt 0.640625 0.034000
vt 0.656250 0.034000
vt 0.671875 0.034000
vt 0.687500 0.034000
vt 0.703125 0.034000
vt 0.718750 0.034000
vt 0.734375 0.034000
vt 0.750000 0.034000
vt 0.765625 0.034000
vt 0.781250 0.034000
vt 0.796875 0.034000
vt 0.812500 0.034000
vt 0.828125 0.034000
vt 0.843750 0.034000
vt 0.859375 0.034000
vt 0.875000 0.034000
vt 0.890625 0.034000
vt 0.906250 0.034000
vt 0.921875 0.034000
vt 0.937500 0.034000
vt 0.953125 0.034000
vt 0.968750 0.034000
vt 0.984375 0.034000
vt 1.000000 0.034000
vt 0.015625 0.040800
vt 0.000000 0.040800
vt 0.031250 0.040800
vt 0.046875 0.040800
vt 0.062500 0.040800
vt 0.078125 0.040800
vt 0.093750 0.040800
vt 0.109375 0.040800
vt 0.125000 0.040800
vt 0.140625 0.040800
vt 0.156250 0.040800
vt 0.171875 0.040800
vt 0.187500 0.040800
vt 0.203125 0.040800
vt 0.218750 0.040800
vt 0.234375 0.040800
vt 0.250000 0.040800
vt 0.265625 0.040800
vt 0.281250 0.040800
vt 0.296875 0.040800
vt 0.312500 0.040800
vt 0.328125 0.040800
vt 0.343750 0.040800
vt 0.359375 0.040800
vt 0.375000 0.040800
vt 0.390625 0.040800
vt 0.406250 0.040800
vt 0.421875 0.040800
vt 0.437500 0.040800
vt 0.453125 0.040800
vt 0.468750 0.040800
vt 0.484375 0.040800
vt 0.500000 0.040800
vt 0.515625 0.040800
vt 0.531250 0.040800
vt 0.546875 0.040800
vt 0.562500 0.040800
vt 0.578125 0.040800
vt 0.593750 0.040800
vt 0.609375 0.040800
vt 0.625000 0.040800
vt 0.640625 0.040800
vt 0.656250 0.040800
vt 0.671875 0.040800
vt 0.687500 0.040800
vt 0.703125 0.040800
vt 0.718750 0.040800
vt 0.734375 0.040800
vt 0.750000 0.040800
vt 0.765625 0.040800
vt 0.781250 0.040800
vt 0.796875 0.040800
vt 0.812500 0.040800
vt 0.828125 0.040800
vt 0.843750 0.040800
vt 0.859375 0.040800
vt 0.875000 0.040800
vt 0.890625 0.040800
vt 0.906250 0.040800
vt 0.921875 0.040800
vt 0.937500 0.040800
vt 0.953125 0.040800
vt 0.968750 0.040800
vt 0.984375 0.040800
vt 1.000000 0.040800
vt 0.015625 0.000000
vt 0.015625 0.009500
vt 0.000000 0.009500
vt 0.031250 0.000000
vt 0.031250 0.009500
vt 0.046875 0.000000
vt 0.046875 0.009500
vt 0.062500 0.000000
vt 0.062500 0.009500
vt 0.078125 0.000000
vt 0.078125 0.009500
vt 0.093750 0.000000
vt 0.093750 0.009500
vt 0.109375 0.000000
vt 0.109375 0.009500
vt 0.125000 0.000000
vt 0.125000 0.009500
vt 0.140625 0.000000
vt 0.140625 0.009500
vt 0.156250 0.000000
vt 0.156250 0.009500
vt 0.171875 0.000000
vt 0.171875 0.009500
vt 0.187500 0.000000
vt 0.187500 0.009500
vt 0.203125 0.000000
vt 0.203125 0.009500
vt 0.218750 0.000000
vt 0.218750 0.009500
vt 0.234375 0.000000
vt 0.234375 0.009500
vt 0.250000 0.000000
vt 0.250000 0.009500
vt 0.265625 0.000000
vt 0.265625 0.009500
vt 0.281250 0.000000
vt 0.281250 0.009500
vt 0.296875 0.000000
vt 0.296875 0.009500
vt 0.312500 0.000000
vt 0.312500 0.009500
vt 0.328125 0.000000
vt 0.328125 0.009500
vt 0.343750 0.000000
vt 0.343750 0.009500
vt 0.359375 0.000000
vt 0.359375 0.009500
vt 0.375000 0.000000
vt 0.375000 0.009500
vt 0.390625 0.000000
vt 0.390625 0.009500
vt 0.406250 0.000000
vt 0.406250 0.009500
vt 0.421875 0.000000
vt 0.421875 0.009500
vt 0.437500 0.000000
vt 0.437500 0.009500
vt 0.453125 0.000000
vt 0.453125 0.009500
vt 0.468750 0.000000
vt 0.468750 0.009500
vt 0.484375 0.000000
vt 0.484375 0.009500
vt 0.500000 0.000000
vt 0.500000 0.009500
vt 0.515625 0.000000
vt 0.515625 0.009500
vt 0.531250 0.000000
vt 0.531250 0.009500
vt 0.546875 0.000000
vt 0.546875 0.009500
vt 0.562500 0.000000
vt 0.562500 0.009500
vt 0.578125 0.000000
vt 0.578125 0.009500
vt 0.593750 0.000000
vt 0.593750 0.009500
vt 0.609375 0.000000
vt 0.609375 0.009500
vt 0.625000 0.000000
vt 0.625000 0.009500
vt 0.640625 0.000000
vt 0.640625 0.009500
vt 0.656250 0.000000
vt 0.656250 0.009500
vt 0.671875 0.000000
vt 0.671875 0.009500
vt 0.687500 0.000000
vt 0.687500 0.009500
vt 0.703125 0.000000
vt 0.703125 0.009500
vt 0.718750 0.000000
vt 0.718750 0.009500
vt 0.734375 0.000000
vt 0.734375 0.009500
vt 0.750000 0.000000
vt 0.750000 0.009500
vt 0.765625 0.000000
vt 0.765625 0.009500
vt 0.781250 0.000000
vt 0.781250 0.009500
vt 0.796875 0.000000
vt 0.796875 0.009500
vt 0.812500 0.000000
vt 0.812500 0.009500
vt 0.828125 0.000000
vt 0.828125 0.009500
vt 0.843750 0.000000
vt 0.843750 0.009500
vt 0.859375 0.000000
vt 0.859375 0.009500
vt 0.875000 0.000000
vt 0.875000 0.009500
vt 0.890625 0.000000
vt 0.890625 0.009500
vt 0.906250 0.000000
vt 0.906250 0.009500
vt 0.921875 0.000000
vt 0.921875 0.009500
vt 0.937500 0.000000
vt 0.937500 0.009500
vt 0.953125 0.000000
vt 0.953125 0.009500
vt 0.968750 0.000000
vt 0.968750 0.009500
vt 0.984375 0.000000
vt 0.984375 0.009500
vt 1.000000 0.000000
vt 1.000000 0.009500
vt 0.015625 0.012328
vt 0.000000 0.012328
vt 0.031250 0.012328
vt 0.046875 0.012328
vt 0.062500 0.012328
vt 0.078125 0.012328
vt 0.093750 0.012328
vt 0.109375 0.012328
vt 0.125000 0.012328
vt 0.140625 0.012328
vt 0.156250 0.012328
vt 0.171875 0.012328
vt 0.187500 0.012328
vt 0.203125 0.012328
vt 0.218750 0.012328
vt 0.234375 0.012328
vt 0.250000 0.012328
vt 0.265625 0.012328
vt 0.281250 0.012328
vt 0.296875 0.012328
vt 0.312500 0.012328
vt 0.328125 0.012328
vt 0.343750 0.012328
vt 0.359375 0.012328
vt 0.375000 0.012328
vt 0.390625 0.012328
vt 0.406250 0.012328
vt 0.421875 0.012328
vt 0.437500 0.012328
vt 0.453125 0.012328
vt 0.468750 0.012328
vt 0.484375 0.012328
vt 0.500000 0.012328
vt 0.515625 0.012328
vt 0.531250 0.012328
vt 0.546875 0.012328
vt 0.562500 0.012328
vt 0.578125 0.012328
vt 0.593750 0.012328
vt 0.609375 0.012328
vt 0.625000 0.012328
vt 0.640625 0.012328
vt 0.656250 0.012328
vt 0.671875 0.012328
vt 0.687500 0.012328
vt 0.703125 0.012328
vt 0.718750 0.012328
vt 0.734375 0.012328
vt 0.750000 0.012328
vt 0.765625 0.012328
vt 0.781250 0.012328
vt 0.796875 0.012328
vt 0.812500 0.012328
vt 0.828125 0.012328
vt 0.843750 0.012328
vt 0.859375 0.012328
vt 0.875000 0.012328
vt 0.890625 0.012328
vt 0.906250 0.012328
vt 0.921875 0.012328
vt 0.937500 0.012328
vt 0.953125 0.012328
vt 0.968750 0.012328
vt 0.984375 0.012328
vt 1.000000 0.012328
vt 0.015625 0.021328
vt 0.000000 0.021328
vt 0.031250 0.021328
vt 0.046875 0.021328
vt 0.062500 0.021328
vt 0.078125 0.021328
vt 0.093750 0.021328
vt 0.109375 0.021328
vt 0.125000 0.021328
vt 0.140625 0.021328
vt 0.156250 0.021328
vt 0.171875 0.021328
vt 0.187500 0.021328
vt 0.203125 0.021328
vt 0.218750 0.021328
vt 0.234375 0.021328
vt 0.250000 0.021328
vt 0.265625 0.021328
vt 0.281250 0.021328
vt 0.296875 0.021328
vt 0.312500 0.021328
vt 0.328125 0.021328
vt 0.343750 0.021328
vt 0.359375 0.021328
vt 0.375000 0.021328
vt 0.390625 0.021328
vt 0.406250 0.021328
vt 0.421875 0.021328
vt 0.437500 0.021328
vt 0.453125 0.021328
vt 0.468750 0.021328
vt 0.484375 0.021328
vt 0.500000 0.021328
vt 0.515625 0.021328
vt 0.531250 0.021328
vt 0.546875 0.021328
vt 0.562500 0.021328
vt 0.578125 0.021328
vt 0.593750 0.021328
vt 0.609375 0.021328
vt 0.625000 0.021328
vt 0.640625 0.021328
vt 0.656250 0.021328
vt 0.671875 0.021328
vt 0.687500 0.021328
vt 0.703125 0.021328
vt 0.718750 0.021328
vt 0.734375 0.021328
vt 0.750000 0.021328
vt 0.765625 0.021328
vt 0.781250 0.021328
vt 0.796875 0.021328
vt 0.812500 0.021328
vt 0.828125 0.021328
vt 0.843750 0.021328
vt 0.859375 0.021328
vt 0.875000 0.021328
vt 0.890625 0.021328
vt 0.906250 0.021328
vt 0.921875 0.021328
vt 0.937500 0.021328
vt 0.953125 0.021328
vt 0.968750 0.021328
vt 0.984375 0.021328
vt 1.000000 0.021328
vt 0.015625 0.024157
vt 0.000000 0.024157
vt 0.031250 0.024157
vt 0.046875 0.024157
vt 0.062500 0.024157
vt 0.078125 0.024157
vt 0.093750 0.024157
vt 0.109375 0.024157
vt 0.125000 0.024157
vt 0.140625 0.024157
vt 0.156250 0.024157
vt 0.171875 0.024157
vt 0.187500 0.024157
vt 0.203125 0.024157
vt 0.218750 0.024157
vt 0.234375 0.024157
vt 0.250000 0.024157
vt 0.265625 0.024157
vt 0.281250 0.024157
vt 0.296875 0.024157
vt 0.312500 0.024157
vt 0.328125 0.024157
vt 0.343750 0.024157
vt 0.359375 0.024157
vt 0.375000 0.024157
vt 0.390625 0.024157
vt 0.406250 0.024157
vt 0.421875 0.024157
vt 0.437500 0.024157
vt 0.453125 0.024157
vt 0.468750 0.024157
vt 0.484375 0.024157
vt 0.500000 0.024157
vt 0.515625 0.024157
vt 0.531250 0.024157
vt 0.546875 0.024157
vt 0.562500 0.024157
vt 0.578125 0.024157
vt 0.593750 0.024157
vt 0.609375 0.024157
vt 0.625000 0.024157
vt 0.640625 0.024157
vt 0.656250 0.024157
vt 0.671875 0.024157
vt 0.687500 0.024157
vt 0.703125 0.024157
vt 0.718750 0.024157
vt 0.734375 0.024157
vt 0.750000 0.024157
vt 0.765625 0.024157
vt 0.781250 0.024157
vt 0.796875 0.024157
vt 0.812500 0.024157
vt 0.828125 0.024157
vt 0.843750 0.024157
vt 0.859375 0.024157
vt 0.875000 0.024157
vt 0.890625 0.024157
vt 0.906250 0.024157
vt 0.921875 0.024157
vt 0.937500 0.024157
vt 0.953125 0.024157
vt 0.968750 0.024157
vt 0.984375 0.024157
vt 1.000000 0.024157
vt 0.015625 0.033657
vt 0.000000 0.033657
vt 0.031250 0.033657
vt 0.046875 0.033657
vt 0.062500 0.033657
vt 0.078125 0.033657
vt 0.093750 0.033657
vt 0.109375 0.033657
vt 0.125000 0.033657
vt 0.140625 0.033657
vt 0.156250 0.033657
vt 0.171875 0.033657
vt 0.187500 0.033657
vt 0.203125 0.033657
vt 0.218750 0.033657
vt 0.234375 0.033657
vt 0.250000 0.033657
vt 0.265625 0.033657
vt 0.281250 0.033657
vt 0.296875 0.033657
vt 0.312500 0.033657
vt 0.328125 0.033657
vt 0.343750 0.033657
vt 0.359375 0.033657
vt 0.375000 0.033657
vt 0.390625 0.033657
vt 0.406250 0.033657
vt 0.421875 0.033657
vt 0.437500 0.033657
vt 0.453125 0.033657
vt 0.468750 0.033657
vt 0.484375 0.033657
vt 0.500000 0.033657
vt 0.515625 0.033657
vt 0.531250 0.033657
vt 0.546875 0.033657
vt 0.562500 0.033657
vt 0.578125 0.033657
vt 0.593750 0.033657
vt 0.609375 0.033657
vt 0.625000 0.033657
vt 0.640625 0.033657
vt 0.656250 0.033657
vt 0.671875 0.033657
vt 0.687500 0.033657
vt 0.703125 0.033657
vt 0.718750 0.033657
vt 0.734375 0.033657
vt 0.750000 0.033657
vt 0.765625 0.033657
vt 0.781250 0.033657
vt 0.796875 0.033657
vt 0.812500 0.033657
vt 0.828125 0.033657
vt 0.843750 0.033657
vt 0.859375 0.033657
vt 0.875000 0.033657
vt 0.890625 0.033657
vt 0.906250 0.033657
vt 0.921875 0.033657
vt 0.937500 0.033657
vt 0.953125 0.033657
vt 0.968750 0.033657
vt 0.984375 0.033657
vt 1.000000 0.033657
vt 0.015625 0.046657
vt 0.000000 0.046657
vt 0.031250 0.046657
vt 0.046875 0.046657
vt 0.062500 0.046657
vt 0.078125 0.046657
vt 0.093750 0.046657
vt 0.109375 0.046657
vt 0.125000 0.046657
vt 0.140625 0.046657
vt 0.156250 0.046657
vt 0.171875 0.046657
vt 0.187500 0.046657
vt 0.203125 0.046657
vt 0.218750 0.046657
vt 0.234375 0.046657
vt 0.250000 0.046657
vt 0.265625 0.046657
vt 0.281250 0.046657
vt 0.296875 0.046657
vt 0.312500 0.046657
vt 0.328125 0.046657
vt 0.343750 0.046657
vt 0.359375 0.046657
vt 0.375000 0.046657
vt 0.390625 0.046657
vt 0.406250 0.046657
vt 0.421875 0.046657
vt 0.437500 0.046657
vt 0.453125 0.046657
vt 0.468750 0.046657
vt 0.484375 0.046657
vt 0.500000 0.046657
vt 0.515625 0.046657
vt 0.531250 0.046657
vt 0.546875 0.046657
vt 0.562500 0.046657
vt 0.578125 0.046657
vt 0.593750 0.046657
vt 0.609375 0.046657
vt 0.625000 0.046657
vt 0.640625 0.046657
vt 0.656250 0.046657
vt 0.671875 0.046657
vt 0.687500 0.046657
vt 0.703125 0.046657
vt 0.718750 0.046657
vt 0.734375 0.046657
vt 0.750000 0.046657
vt 0.765625 0.046657
vt 0.781250 0.046657
vt 0.796875 0.046657
vt 0.812500 0.046657
vt 0.828125 0.046657
vt 0.843750 0.046657
vt 0.859375 0.046657
vt 0.875000 0.046657
vt 0.890625 0.046657
vt 0.906250 0.046657
vt 0.921875 0.046657
vt 0.937500 0.046657
vt 0.953125 0.046657
vt 0.968750 0.046657
vt 0.984375 0.046657
vt 1.000000 0.046657
vt 0.020833 0.000000
vt 0.041667 0.007571
vt 0.000000 0.007571
vt 0.083333 0.007571
vt 0.104167 0.000000
vt 0.125000 0.007571
vt 0.145833 0.000000
vt 0.166667 0.007571
vt 0.208333 0.007571
vt 0.229167 0.000000
vt 0.250000 0.007571
vt 0.270833 0.000000
vt 0.291667 0.007571
vt 0.333333 0.007571
vt 0.354167 0.000000
vt 0.375000 0.007571
vt 0.395833 0.000000
vt 0.416667 0.007571
vt 0.458333 0.007571
vt 0.479167 0.000000
vt 0.500000 0.007571
vt 0.520833 0.000000
vt 0.541667 0.007571
vt 0.583333 0.007571
vt 0.604167 0.000000
vt 0.625000 0.007571
vt 0.645833 0.000000
vt 0.666667 0.007571
vt 0.708333 0.007571
vt 0.729167 0.000000
vt 0.750000 0.007571
vt 0.770833 0.000000
vt 0.791667 0.007571
vt 0.833333 0.007571
vt 0.854167 0.000000
vt 0.875000 0.007571
vt 0.895833 0.000000
vt 0.916667 0.007571
vt 0.958333 0.007571
vt 0.979167 0.000000
vt 1.000000 0.007571
vt 0.041667 0.015141
vt 0.000000 0.015141
vt 0.083333 0.015141
vt 0.125000 0.015141
vt 0.166667 0.015141
vt 0.208333 0.015141
vt 0.250000 0.015141
vt 0.291667 0.015141
vt 0.333333 0.015141
vt 0.375000 0.015141
vt 0.416667 0.015141
vt 0.458333 0.015141
vt 0.500000 0.015141
vt 0.541667 0.015141
vt 0.583333 0.015141
vt 0.625000 0.015141
vt 0.666667 0.015141
vt 0.708333 0.015141
vt 0.750000 0.015141
vt 0.791667 0.015141
vt 0.833333 0.015141
vt 0.875000 0.015141
vt 0.916667 0.015141
vt 0.958333 0.015141
vt 1.000000 0.015141
vt 0.041667 0.022712
vt 0.000000 0.022712
vt 0.083333 0.022712
vt 0.125000 0.022712
vt 0.166667 0.022712
vt 0.208333 0.022712
vt 0.250000 0.022712
vt 0.291667 0.022712
vt 0.333333 0.022712
vt 0.375000 0.022712
vt 0.416667 0.022712
vt 0.458333 0.022712
vt 0.500000 0.022712
vt 0.541667 0.022712
vt 0.583333 0.022712
vt 0.625000 0.022712
vt 0.666667 0.022712
vt 0.708333 0.022712
vt 0.750000 0.022712
vt 0.791667 0.022712
vt 0.833333 0.022712
vt 0.875000 0.022712
vt 0.916667 0.022712
vt 0.958333 0.022712
vt 1.000000 0.022712
vt 0.041667 0.030282
vt 0.000000 0.030282
vt 0.083333 0.030282
vt 0.125000 0.030282
vt 0.166667 0.030282
vt 0.208333 0.030282
vt 0.250000 0.030282
vt 0.291667 0.030282
vt 0.333333 0.030282
vt 0.375000 0.030282
vt 0.416667 0.030282
vt 0.458333 0.030282
vt 0.500000 0.030282
vt 0.541667 0.030282
vt 0.583333 0.030282
vt 0.625000 0.030282
vt 0.666667 0.030282
vt 0.708333 0.030282
vt 0.750000 0.030282
vt 0.791667 0.030282
vt 0.833333 0.030282
vt 0.875000 0.030282
vt 0.916667 0.030282
vt 0.958333 0.030282
vt 1.000000 0.030282
vt 0.041667 0.037853
vt 0.000000 0.037853
vt 0.083333 0.037853
vt 0.125000 0.037853
vt 0.166667 0.037853
vt 0.208333 0.037853
vt 0.250000 0.037853
vt 0.291667 0.037853
vt 0.333333 0.037853
vt 0.375000 0.037853
vt 0.416667 0.037853
vt 0.458333 0.037853
vt 0.500000 0.037853
vt 0.541667 0.037853
vt 0.583333 0.037853
vt 0.625000 0.037853
vt 0.666667 0.037853
vt 0.708333 0.037853
vt 0.750000 0.037853
vt 0.791667 0.037853
vt 0.833333 0.037853
vt 0.875000 0.037853
vt 0.916667 0.037853
vt 0.958333 0.037853
vt 1.000000 0.037853
vt 0.041667 0.045423
vt 0.000000 0.045423
vt 0.083333 0.045423
vt 0.125000 0.045423
vt 0.166667 0.045423
vt 0.208333 0.045423
vt 0.250000 0.045423
vt 0.291667 0.045423
vt 0.333333 0.045423
vt 0.375000 0.045423
vt 0.416667 0.045423
vt 0.458333 0.045423
vt 0.500000 0.045423
vt 0.541667 0.045423
vt 0.583333 0.045423
vt 0.625000 0.045423
vt 0.666667 0.045423
vt 0.708333 0.045423
vt 0.750000 0.045423
vt 0.791667 0.045423
vt 0.833333 0.045423
vt 0.875000 0.045423
vt 0.916667 0.045423
vt 0.958333 0.045423
vt 1.000000 0.045423
vt 0.041667 0.052994
vt 0.000000 0.052994
vt 0.083333 0.052994
vt 0.125000 0.052994
vt 0.166667 0.052994
vt 0.208333 0.052994
vt 0.250000 0.052994
vt 0.291667 0.052994
vt 0.333333 0.052994
vt 0.375000 0.052994
vt 0.416667 0.052994
vt 0.458333 0.052994
vt 0.500000 0.052994
vt 0.541667 0.052994
vt 0.583333 0.052994
vt 0.625000 0.052994
vt 0.666667 0.052994
vt 0.708333 0.052994
vt 0.750000 0.052994
vt 0.791667 0.052994
vt 0.833333 0.052994
vt 0.875000 0.052994
vt 0.916667 0.052994
vt 0.958333 0.052994
vt 1.000000 0.052994
vt 0.041667 0.060564
vt 0.000000 0.060564
vt 0.083333 0.060564
vt 0.125000 0.060564
vt 0.166667 0.060564
vt 0.208333 0.060564
vt 0.250000 0.060564
vt 0.291667 0.060564
vt 0.333333 0.060564
vt 0.375000 0.060564
vt 0.416667 0.060564
vt 0.458333 0.060564
vt 0.500000 0.060564
vt 0.541667 0.060564
vt 0.583333 0.060564
vt 0.625000 0.060564
vt 0.666667 0.060564
vt 0.708333 0.060564
vt 0.750000 0.060564
vt 0.791667 0.060564
vt 0.833333 0.060564
vt 0.875000 0.060564
vt 0.916667 0.060564
vt 0.958333 0.060564
vt 1.000000 0.060564
vt 0.041667 0.068135
vt 0.000000 0.068135
vt 0.083333 0.068135
vt 0.125000 0.068135
vt 0.166667 0.068135
vt 0.208333 0.068135
vt 0.250000 0.068135
vt 0.291667 0.068135
vt 0.333333 0.068135
vt 0.375000 0.068135
vt 0.416667 0.068135
vt 0.458333 0.068135
vt 0.500000 0.068135
vt 0.541667 0.068135
vt 0.583333 0.068135
vt 0.625000 0.068135
vt 0.666667 0.068135
vt 0.708333 0.068135
vt 0.750000 0.068135
vt 0.791667 0.068135
vt 0.833333 0.068135
vt 0.875000 0.068135
vt 0.916667 0.068135
vt 0.958333 0.068135
vt 1.000000 0.068135
vt 0.041667 0.075705
vt 0.000000 0.075705
vt 0.083333 0.075705
vt 0.125000 0.075705
vt 0.166667 0.075705
vt 0.208333 0.075705
vt 0.250000 0.075705
vt 0.291667 0.075705
vt 0.333333 0.075705
vt 0.375000 0.075705
vt 0.416667 0.075705
vt 0.458333 0.075705
vt 0.500000 0.075705
vt 0.541667 0.075705
vt 0.583333 0.075705
vt 0.625000 0.075705
vt 0.666667 0.075705
vt 0.708333 0.075705
vt 0.750000 0.075705
vt 0.791667 0.075705
vt 0.833333 0.075705
vt 0.875000 0.075705
vt 0.916667 0.075705
vt 0.958333 0.075705
vt 1.000000 0.075705
vt 0.041667 0.083276
vt 0.000000 0.083276
vt 0.083333 0.083276
vt 0.125000 0.083276
vt 0.166667 0.083276
vt 0.208333 0.083276
vt 0.250000 0.083276
vt 0.291667 0.083276
vt 0.333333 0.083276
vt 0.375000 0.083276
vt 0.416667 0.083276
vt 0.458333 0.083276
vt 0.500000 0.083276
vt 0.541667 0.083276
vt 0.583333 0.083276
vt 0.625000 0.083276
vt 0.666667 0.083276
vt 0.708333 0.083276
vt 0.750000 0.083276
vt 0.791667 0.083276
vt 0.833333 0.083276
vt 0.875000 0.083276
vt 0.916667 0.083276
vt 0.958333 0.083276
vt 1.000000 0.083276
vt 0.020833 0.090846
vt 0.062500 0.090846
vt 0.104167 0.090846
vt 0.145833 0.090846
vt 0.187500 0.090846
vt 0.229167 0.090846
vt 0.270833 0.090846
vt 0.312500 0.090846
vt 0.354167 0.090846
vt 0.395833 0.090846
vt 0.437500 0.090846
vt 0.479167 0.090846
vt 0.520833 0.090846
vt 0.562500 0.090846
vt 0.604167 0.090846
vt 0.645833 0.090846
vt 0.687500 0.090846
vt 0.729167 0.090846
vt 0.770833 0.090846
vt 0.812500 0.090846
vt 0.854167 0.090846
vt 0.895833 0.090846
vt 0.937500 0.090846
vt 0.979167 0.090846
vt 0.015625 0.006800
vt 0.000000 0.006800
vt 0.031250 0.006800
vt 0.046875 0.006800
vt 0.062500 0.006800
vt 0.078125 0.006800
vt 0.093750 0.006800
vt 0.109375 0.006800
vt 0.125000 0.006800
vt 0.140625 0.006800
vt 0.156250 0.006800
vt 0.171875 0.006800
vt 0.187500 0.006800
vt 0.203125 0.006800
vt 0.218750 0.006800
vt 0.234375 0.006800
vt 0.250000 0.006800
vt 0.265625 0.006800
vt 0.281250 0.006800
vt 0.296875 0.006800
vt 0.312500 0.006800
vt 0.328125 0.006800
vt 0.343750 0.006800
vt 0.359375 0.006800
vt 0.375000 0.006800
vt 0.390625 0.006800
vt 0.406250 0.006800
vt 0.421875 0.006800
vt 0.437500 0.006800
vt 0.453125 0.006800
vt 0.468750 0.006800
vt 0.484375 0.006800
vt 0.500000 0.006800
vt 0.515625 0.006800
vt 0.531250 0.006800
vt 0.546875 0.006800
vt 0.562500 0.006800
vt 0.578125 0.006800
vt 0.593750 0.006800
vt 0.609375 0.006800
vt 0.625000 0.006800
vt 0.640625 0.006800
vt 0.656250 0.006800
vt 0.671875 0.006800
vt 0.687500 0.006800
vt 0.703125 0.006800
vt 0.718750 0.006800
vt 0.734375 0.006800
vt 0.750000 0.006800
vt 0.765625 0.006800
vt 0.781250 0.006800
vt 0.796875 0.006800
vt 0.812500 0.006800
vt 0.828125 0.006800
vt 0.843750 0.006800
vt 0.859375 0.006800
vt 0.875000 0.006800
vt 0.890625 0.006800
vt 0.906250 0.006800
vt 0.921875 0.006800
vt 0.937500 0.006800
vt 0.953125 0.006800
vt 1.000000 0.006800
s 1
usemtl body
f 4080/1/1 4130/2/2 4123/3/3 4138/4/4
f 3154/5/5 3451/6/5 3428/7/5
f 3154/8/5 3475/9/5 3451/6/5
f 3154/10/5 3462/11/5 3475/9/5
f 3154/12/5 3467/13/5 3462/11/5
f 3154/14/5 3547/15/5 3467/13/5
f 3154/16/5 3511/17/5 3547/15/5
f 3154/18/5 3519/19/5 3511/17/5
f 3154/20/5 3503/21/5 3519/19/5
f 3154/22/5 3531/23/5 3503/21/5
f 3154/24/5 3382/25/5 3531/23/5
f 3154/26/5 3362/27/5 3382/25/5
f 3154/28/5 3367/29/5 3362/27/5
f 3154/30/5 3341/31/5 3367/29/5
f 3154/32/5 3321/33/5 3341/31/5
f 3154/34/5 3312/35/5 3321/33/5
f 1426/36/5 3312/35/5 3154/37/5
f 1420/38/5 1426/36/5 3154/39/5
f 1389/40/5 1420/38/5 3154/41/5
f 1381/42/5 1389/40/5 3154/43/5
f 1368/44/5 1381/42/5 3154/45/5
f 1207/46/5 1368/44/5 3154/47/5
f 1194/48/5 1207/46/5 3154/49/5
f 1183/50/5 1194/48/5 3154/51/5
f 1170/52/5 1183/50/5 3154/53/5
f 1159/54/5 1170/52/5 3154/55/5
f 1131/56/5 1159/54/5 3154/57/5
f 1122/58/5 1131/56/5 3154/59/5
f 1103/60/5 1122/58/5 3154/61/5
f 1086/62/5 1103/60/5 3154/63/5
f 1071/64/5 1086/62/5 3154/65/5
f 1070/66/5 1071/64/5 3154/67/5
f 121/68/5 1070/66/5 3154/69/5
f 110/70/5 121/68/5 3154/71/5
f 82/72/5 110/70/5 3154/73/5
f 82/72/5 3154/74/5 97/75/5
f 93/76/5 97/75/5 3154/77/5
f 11/78/5 93/76/5 3154/79/5
f 11/78/5 3154/80/5 45/81/5
f 38/82/5 45/81/5 3154/83/5
f 38/82/5 3154/84/5 53/85/5
f 27/86/5 53/85/5 3154/87/5
f 27/86/5 3154/88/5 162/89/5
f 162/89/5 3154/90/5 181/91/5
f 174/92/5 181/91/5 3154/93/5
f 174/92/5 3154/94/5 204/95/5
f 204/95/5 3154/96/5 220/97/5
f 220/97/5 3154/98/5 229/99/5
f 229/99/5 3154/100/5 2124/101/5
f 2124/101/5 3154/102/5 2131/103/5
f 2131/103/5 3154/104/5 2158/105/5
f 2158/105/5 3154/106/5 2168/107/5
f 2168/107/5 3154/108/5 2182/109/5
f 2182/109/5 3154/110/5 2336/111/5
f 2336/111/5 3154/112/5 2347/113/5
f 2347/113/5 3154/114/5 2359/115/5
f 2359/115/5 3154/116/5 2371/117/5
f 2371/117/5 3154/118/5 2384/119/5
f 2384/119/5 3154/120/5 2412/121/5
f 2412/121/5 3154/122/5 2420/123/5
f 2420/123/5 3154/124/5 2437/125/5
f 2437/125/5 3154/126/5 2456/127/5
f 2456/127/5 3154/128/5 2467/129/5
f 2467/129/5 3154/130/5 3427/131/5
f 3427/132/6 3428/7/7 3437/133/7 3429/134/6
f 3428/7/7 3451/6/8 3453/135/8 3437/133/7
f 3482/136/9 3453/135/8 3451/6/8 3475/9/9
f 3490/137/10 3482/136/9 3475/9/9 3462/11/10
f 3462/11/10 3467/13/11 3468/138/11 3490/137/10
f 3467/13/11 3547/15/12 3552/139/12 3468/138/11
f 3547/15/12 3511/17/13 3551/140/13 3552/139/12
f 3511/17/13 3519/19/14 3523/141/14 3551/140/13
f 3519/19/14 3503/21/15 3540/142/15 3523/141/14
f 3503/21/15 3531/23/16 3535/143/16 3540/142/15
f 3531/23/16 3382/25/17 3383/144/17 3535/143/16
f 3382/25/17 3362/27/18 3390/145/18 3383/144/17
f 3362/27/18 3367/29/19 3371/146/19 3390/145/18
f 3367/29/19 3341/31/20 3343/147/20 3371/146/19
f 3341/31/20 3321/33/21 3322/148/21 3343/147/20
f 3321/33/21 3312/35/22 3313/149/22 3322/148/21
f 3312/35/22 1426/36/23 1427/150/23 3313/149/22
f 1426/36/23 1420/38/24 1413/151/24 1427/150/23
f 1420/38/24 1389/40/25 1393/152/25 1413/151/24
f 1389/40/25 1381/42/26 1376/153/26 1393/152/25
f 1381/42/26 1368/44/27 1364/154/27 1376/153/26
f 1368/44/27 1207/46/28 1211/155/28 1364/154/27
f 1207/46/28 1194/48/29 1206/156/29 1211/155/28
f 1194/48/29 1183/50/30 1178/157/30 1206/156/29
f 1183/50/30 1170/52/31 1163/158/31 1178/157/30
f 1170/52/31 1159/54/32 1154/159/32 1163/158/31
f 1159/54/32 1131/56/33 1127/160/33 1154/159/32
f 1131/56/33 1122/58/34 1115/161/34 1127/160/33
f 1122/58/34 1103/60/35 1098/162/35 1115/161/34
f 1103/60/35 1086/62/36 1081/163/36 1098/162/35
f 1086/62/36 1071/64/37 1062/164/37 1081/163/36
f 1071/64/37 1070/66/38 1054/165/38 1062/164/37
f 113/166/39 1054/165/38 1070/66/38 121/68/39
f 104/167/40 113/166/39 121/68/39 110/70/40
f 110/70/40 82/72/41 74/168/41 104/167/40
f 82/72/41 97/75/42 71/169/42 74/168/41
f 89/170/43 71/169/42 97/75/42 93/76/43
f 5/171/44 89/170/43 93/76/43 11/78/44
f 10/172/45 5/171/44 11/78/44 45/81/45
f 33/173/46 10/172/45 45/81/45 38/82/46
f 21/174/47 33/173/46 38/82/46 53/85/47
f 22/175/48 21/174/47 53/85/47 27/86/48
f 158/176/49 22/175/48 27/86/48 162/89/49
f 155/177/50 158/176/49 162/89/49 181/91/50
f 169/178/51 155/177/50 181/91/50 174/92/51
f 198/179/52 169/178/51 174/92/51 204/95/52
f 212/180/53 198/179/52 204/95/52 220/97/53
f 221/181/54 212/180/53 220/97/53 229/99/54
f 2116/182/55 221/181/54 229/99/54 2124/101/55
f 2134/183/56 2116/182/55 2124/101/55 2131/103/56
f 2153/184/57 2134/183/56 2131/103/56 2158/105/57
f 2175/185/58 2153/184/57 2158/105/57 2168/107/58
f 2183/186/59 2175/185/58 2168/107/58 2182/109/59
f 2331/187/60 2183/186/59 2182/109/59 2336/111/60
f 2340/188/61 2331/187/60 2336/111/60 2347/113/61
f 2363/189/62 2340/188/61 2347/113/61 2359/115/62
f 2383/190/63 2363/189/62 2359/115/62 2371/117/63
f 2388/191/64 2383/190/63 2371/117/63 2384/119/64
f 2413/192/65 2388/191/64 2384/119/64 2412/121/65
f 2429/193/66 2413/192/65 2412/121/65 2420/123/66
f 2441/194/67 2429/193/66 2420/123/66 2437/125/67
f 2457/195/68 2441/194/67 2437/125/67 2456/127/68
f 2468/196/69 2457/195/68 2456/127/68 2467/129/69
f 3429/197/6 2468/196/69 2467/129/69 3427/131/6
f 3438/198/70 3430/199/71 3429/134/72 3437/133/73
f 3454/200/74 3438/198/70 3437/133/73 3453/135/75
f 3483/201/76 3454/200/74 3453/135/75 3482/136/77
f 3482/136/77 3490/137/78 3491/202/79 3483/201/76
f 3490/137/78 3468/138/80 3495/203/81 3491/202/79
f 3553/204/82 3495/203/81 3468/138/80 3552/139/83
f 3552/139/83 3551/140/84 3559/205/85 3553/204/82
f 3551/140/84 3523/141/86 3524/206/87 3559/205/85
f 3523/141/86 3540/142/88 3543/207/89 3524/206/87
f 3540/142/88 3535/143/90 3536/208/91 3543/207/89
f 3535/143/90 3383/144/92 3395/209/93 3536/208/91
f 3383/144/92 3390/145/94 3391/210/95 3395/209/93
f 3390/145/94 3371/146/96 3372/211/97 3391/210/95
f 3371/146/96 3343/147/98 3344/212/99 3372/211/97
f 3343/147/98 3322/148/100 3323/213/101 3344/212/99
f 3322/148/100 3313/149/102 3314/214/103 3323/213/101
f 3313/149/102 1427/150/104 1428/215/105 3314/214/103
f 1427/150/104 1413/151/106 1414/216/107 1428/215/105
f 1413/151/106 1393/152/108 1394/217/109 1414/216/107
f 1393/152/108 1376/153/110 1377/218/111 1394/217/109
f 1376/153/110 1364/154/112 1372/219/113 1377/218/111
f 1364/154/112 1211/155/114 1213/220/115 1372/219/113
f 1211/155/114 1206/156/116 1203/221/117 1213/220/115
f 1206/156/116 1178/157/118 1180/222/119 1203/221/117
f 1178/157/118 1163/158/120 1166/223/121 1180/222/119
f 1163/158/120 1154/159/122 1155/224/123 1166/223/121
f 1154/159/122 1127/160/124 1118/225/125 1155/224/123
f 1127/160/124 1115/161/126 1114/226/127 1118/225/125
f 1115/161/126 1098/162/128 1099/227/129 1114/226/127
f 1098/162/128 1081/163/130 1080/228/131 1099/227/129
f 1081/163/130 1062/164/132 1063/229/133 1080/228/131
f 1062/164/132 1054/165/134 1055/230/135 1063/229/133
f 1054/165/134 113/166/136 114/231/137 1055/230/135
f 113/166/136 104/167/138 103/232/139 114/231/137
f 104/167/138 74/168/140 75/233/141 103/232/139
f 70/234/142 75/233/141 74/168/140 71/169/143
f 65/235/144 70/234/142 71/169/143 89/170/145
f 89/170/145 5/171/146 7/236/147 65/235/144
f 2/237/148 7/236/147 5/171/146 10/172/149
f 35/238/150 2/237/148 10/172/149 33/173/151
f 18/239/152 35/238/150 33/173/151 21/174/153
f 24/240/154 18/239/152 21/174/153 22/175/155
f 149/241/156 24/240/154 22/175/155 158/176/157
f 154/242/158 149/241/156 158/176/157 155/177/159
f 170/243/160 154/242/158 155/177/159 169/178/161
f 197/244/162 170/243/160 169/178/161 198/179/163
f 213/245/164 197/244/162 198/179/163 212/180/165
f 222/246/166 213/245/164 212/180/165 221/181/167
f 2117/247/168 222/246/166 221/181/167 2116/182/169
f 2133/248/170 2117/247/168 2116/182/169 2134/183/171
f 2154/249/172 2133/248/170 2134/183/171 2153/184/173
f 2174/250/174 2154/249/172 2153/184/173 2175/185/175
f 2178/251/176 2174/250/174 2175/185/175 2183/186/177
f 2332/252/178 2178/251/176 2183/186/177 2331/187/179
f 2343/253/180 2332/252/178 2331/187/179 2340/188/181
f 2364/254/182 2343/253/180 2340/188/181 2363/189/183
f 2380/255/184 2364/254/182 2363/189/183 2383/190/185
f 2390/256/186 2380/255/184 2383/190/185 2388/191/187
f 2425/257/188 2390/256/186 2388/191/187 2413/192/189
f 2430/258/190 2425/257/188 2413/192/189 2429/193/191
f 2442/259/192 2430/258/190 2429/193/191 2441/194/193
f 2458/260/194 2442/259/192 2441/194/193 2457/195/195
f 2469/261/196 2458/260/194 2457/195/195 2468/196/197
f 3430/262/71 2469/261/196 2468/196/197 3429/197/72
f 3439/263/198 3431/264/199 3430/199/71 3438/198/70
f 3455/265/200 3439/263/198 3438/198/70 3454/200/74
f 3484/266/201 3455/265/200 3454/200/74 3483/201/76
f 3483/201/76 3491/202/79 3492/267/202 3484/266/201
f 3496/268/203 3492/267/202 3491/202/79 3495/203/81
f 3554/269/204 3496/268/203 3495/203/81 3553/204/82
f 3560/270/205 3554/269/204 3553/204/82 3559/205/85
f 3559/205/85 3524/206/87 3525/271/206 3560/270/205
f 3524/206/87 3543/207/89 3544/272/207 3525/271/206
f 3543/207/89 3536/208/91 3537/273/208 3544/272/207
f 3536/208/91 3395/209/93 3396/274/209 3537/273/208
f 3395/209/93 3391/210/95 3392/275/210 3396/274/209
f 3373/276/211 3392/275/210 3391/210/95 3372/211/97
f 3372/211/97 3344/212/99 3345/277/212 3373/276/211
f 3344/212/99 3323/213/101 3324/278/213 3345/277/212
f 3323/213/101 3314/214/103 3315/279/214 3324/278/213
f 3314/214/103 1428/215/105 1429/280/215 3315/279/214
f 1428/215/105 1414/216/107 1415/281/216 1429/280/215
f 1414/216/107 1394/217/109 1395/282/217 1415/281/216
f 1394/217/109 1377/218/111 1378/283/218 1395/282/217
f 1377/218/111 1372/219/113 1373/284/219 1378/283/218
f 1372/219/113 1213/220/115 1212/285/220 1373/284/219
f 1213/220/115 1203/221/117 1202/286/221 1212/285/220
f 1203/221/117 1180/222/119 1179/287/222 1202/286/221
f 1180/222/119 1166/223/121 1167/288/223 1179/287/222
f 1166/223/121 1155/224/123 1156/289/224 1167/288/223
f 1155/224/123 1118/225/125 1119/290/225 1156/289/224
f 1118/225/125 1114/226/127 1113/291/226 1119/290/225
f 1114/226/127 1099/227/129 1100/292/227 1113/291/226
f 1099/227/129 1080/228/131 1079/293/228 1100/292/227
f 1080/228/131 1063/229/133 1064/294/229 1079/293/228
f 1063/229/133 1055/230/135 1056/295/230 1064/294/229
f 1055/230/135 114/231/137 115/296/231 1056/295/230
f 114/231/137 103/232/139 102/297/232 115/296/231
f 103/232/139 75/233/141 76/298/233 102/297/232
f 69/299/234 76/298/233 75/233/141 70/234/142
f 70/234/142 65/235/144 66/300/235 69/299/234
f 65/235/144 7/236/147 6/301/236 66/300/235
f 7/236/147 2/237/148 1/302/237 6/301/236
f 34/303/238 1/302/237 2/237/148 35/238/150
f 17/304/239 34/303/238 35/238/150 18/239/152
f 23/305/240 17/304/239 18/239/152 24/240/154
f 150/306/241 23/305/240 24/240/154 149/241/156
f 153/307/242 150/306/241 149/241/156 154/242/158
f 154/242/158 170/243/160 171/308/243 153/307/242
f 196/309/244 171/308/243 170/243/160 197/244/162
f 214/310/245 196/309/244 197/244/162 213/245/164
f 223/311/246 214/310/245 213/245/164 222/246/166
f 2118/312/247 223/311/246 222/246/166 2117/247/168
f 2132/313/248 2118/312/247 2117/247/168 2133/248/170
f 2155/314/249 2132/313/248 2133/248/170 2154/249/172
f 2173/315/250 2155/314/249 2154/249/172 2174/250/174
f 2179/316/251 2173/315/250 2174/250/174 2178/251/176
f 2333/317/252 2179/316/251 2178/251/176 2332/252/178
f 2344/318/253 2333/317/252 2332/252/178 2343/253/180
f 2365/319/254 2344/318/253 2343/253/180 2364/254/182
f 2379/320/255 2365/319/254 2364/254/182 2380/255/184
f 2389/321/256 2379/320/255 2380/255/184 2390/256/186
f 2426/322/257 2389/321/256 2390/256/186 2425/257/188
f 2431/323/258 2426/322/257 2425/257/188 2430/258/190
f 2443/324/259 2431/323/258 2430/258/190 2442/259/192
f 2459/325/260 2443/324/259 2442/259/192 2458/260/194
f 2470/326/261 2459/325/260 2458/260/194 2469/261/196
f 3431/327/199 2470/326/261 2469/261/196 3430/262/71
f 3444/328/262 3436/329/263 3431/264/199 3439/263/198
f 3459/330/264 3444/328/262 3439/263/198 3455/265/200
f 3486/331/265 3459/330/264 3455/265/200 3484/266/201
f 3484/266/201 3492/267/202 3494/332/266 3486/331/265
f 3498/333/267 3494/332/266 3492/267/202 3496/268/203
f 3556/334/268 3498/333/267 3496/268/203 3554/269/204
f 3562/335/269 3556/334/268 3554/269/204 3560/270/205
f 3560/270/205 3525/271/206 3527/336/270 3562/335/269
f 3546/337/271 3527/336/270 3525/271/206 3544/272/207
f 3544/272/207 3537/273/208 3539/338/272 3546/337/271
f 3537/273/208 3396/274/209 3398/339/273 3539/338/272
f 3396/274/209 3392/275/210 3394/340/274 3398/339/273
f 3375/341/275 3394/340/274 3392/275/210 3373/276/211
f 3373/276/211 3345/277/212 3349/342/276 3375/341/275
f 3345/277/212 3324/278/213 3329/343/277 3349/342/276
f 3324/278/213 3315/279/214 3320/344/278 3329/343/277
f 3315/279/214 1429/280/215 1433/345/279 3320/344/278
f 1429/280/215 1415/281/216 1419/346/280 1433/345/279
f 1415/281/216 1395/282/217 1397/347/281 1419/346/280
f 1395/282/217 1378/283/218 1380/348/282 1397/347/281
f 1378/283/218 1373/284/219 1375/349/283 1380/348/282
f 1373/284/219 1212/285/220 1215/350/284 1375/349/283
f 1212/285/220 1202/286/221 1204/351/285 1215/350/284
f 1202/286/221 1179/287/222 1181/352/286 1204/351/285
f 1179/287/222 1167/288/223 1169/353/287 1181/352/286
f 1167/288/223 1156/289/224 1157/354/288 1169/353/287
f 1156/289/224 1119/290/225 1120/355/289 1157/354/288
f 1119/290/225 1113/291/226 1116/356/290 1120/355/289
f 1113/291/226 1100/292/227 1101/357/291 1116/356/290
f 1100/292/227 1079/293/228 1082/358/292 1101/357/291
f 1079/293/228 1064/294/229 1065/359/293 1082/358/292
f 1064/294/229 1056/295/230 1057/360/294 1065/359/293
f 1056/295/230 115/296/231 116/361/295 1057/360/294
f 115/296/231 102/297/232 105/362/296 116/361/295
f 102/297/232 76/298/233 77/363/297 105/362/296
f 72/364/298 77/363/297 76/298/233 69/299/234
f 69/299/234 66/300/235 67/365/299 72/364/298
f 66/300/235 6/301/236 8/366/300 67/365/299
f 6/301/236 1/302/237 3/367/301 8/366/300
f 36/368/302 3/367/301 1/302/237 34/303/238
f 34/303/238 17/304/239 19/369/303 36/368/302
f 25/370/304 19/369/303 17/304/239 23/305/240
f 151/371/305 25/370/304 23/305/240 150/306/241
f 156/372/306 151/371/305 150/306/241 153/307/242
f 153/307/242 171/308/243 172/373/307 156/372/306
f 199/374/308 172/373/307 171/308/243 196/309/244
f 215/375/309 199/374/308 196/309/244 214/310/245
f 224/376/310 215/375/309 214/310/245 223/311/246
f 2120/377/311 224/376/310 223/311/246 2118/312/247
f 2135/378/312 2120/377/311 2118/312/247 2132/313/248
f 2156/379/313 2135/378/312 2132/313/248 2155/314/249
f 2176/380/314 2156/379/313 2155/314/249 2173/315/250
f 2180/381/315 2176/380/314 2173/315/250 2179/316/251
f 2334/382/316 2180/381/315 2179/316/251 2333/317/252
f 2346/383/317 2334/382/316 2333/317/252 2344/318/253
f 2367/384/318 2346/383/317 2344/318/253 2365/319/254
f 2381/385/319 2367/384/318 2365/319/254 2379/320/255
f 2392/386/320 2381/385/319 2379/320/255 2389/321/256
f 2428/387/321 2392/386/320 2389/321/256 2426/322/257
f 2433/388/322 2428/387/321 2426/322/257 2431/323/258
f 2445/389/323 2433/388/322 2431/323/258 2443/324/259
f 2463/390/324 2445/389/323 2443/324/259 2459/325/260
f 2475/391/325 2463/390/324 2459/325/260 2470/326/261
f 3436/392/263 2475/391/325 2470/326/261 3431/327/199
f 3443/393/326 3435/394/327 3436/329/263 3444/328/262
f 3458/395/328 3443/393/326 3444/328/262 3459/330/264
f 3485/396/329 3458/395/328 3459/330/264 3486/331/265
f 3486/331/265 3494/332/266 3493/397/330 3485/396/329
f 3497/398/331 3493/397/330 3494/332/266 3498/333/267
f 3555/399/332 3497/398/331 3498/333/267 3556/334/268
f 3561/400/333 3555/399/332 3556/334/268 3562/335/269
f 3562/335/269 3527/336/270 3526/401/334 3561/400/333
f 3527/336/270 3546/337/271 3545/402/335 3526/401/334
f 3546/337/271 3539/338/272 3538/403/336 3545/402/335
f 3539/338/272 3398/339/273 3397/404/337 3538/403/336
f 3398/339/273 3394/340/274 3393/405/338 3397/404/337
f 3374/406/339 3393/405/338 3394/340/274 3375/341/275
f 3375/341/275 3349/342/276 3348/407/340 3374/406/339
f 3349/342/276 3329/343/277 3328/408/341 3348/407/340
f 3329/343/277 3320/344/278 3319/409/342 3328/408/341
f 3320/344/278 1433/345/279 1432/410/343 3319/409/342
f 1433/345/279 1419/346/280 1418/411/344 1432/410/343
f 1419/346/280 1397/347/281 1396/412/345 1418/411/344
f 1397/347/281 1380/348/282 1379/413/346 1396/412/345
f 1380/348/282 1375/349/283 1374/414/347 1379/413/346
f 1375/349/283 1215/350/284 1214/415/348 1374/414/347
f 1215/350/284 1204/351/285 1205/416/349 1214/415/348
f 1204/351/285 1181/352/286 1182/417/350 1205/416/349
f 1181/352/286 1169/353/287 1168/418/351 1182/417/350
f 1169/353/287 1157/354/288 1158/419/352 1168/418/351
f 1157/354/288 1120/355/289 1121/420/353 1158/419/352
f 1120/355/289 1116/356/290 1117/421/354 1121/420/353
f 1116/356/290 1101/357/291 1102/422/355 1117/421/354
f 1101/357/291 1082/358/292 1083/423/356 1102/422/355
f 1082/358/292 1065/359/293 1066/424/357 1083/423/356
f 1065/359/293 1057/360/294 1058/425/358 1066/424/357
f 1057/360/294 116/361/295 117/426/359 1058/425/358
f 116/361/295 105/362/296 106/427/360 117/426/359
f 105/362/296 77/363/297 78/428/361 106/427/360
f 73/429/362 78/428/361 77/363/297 72/364/298
f 72/364/298 67/365/299 68/430/363 73/429/362
f 67/365/299 8/366/300 9/431/364 68/430/363
f 8/366/300 3/367/301 4/432/365 9/431/364
f 37/433/366 4/432/365 3/367/301 36/368/302
f 20/434/367 37/433/366 36/368/302 19/369/303
f 26/435/368 20/434/367 19/369/303 25/370/304
f 152/436/369 26/435/368 25/370/304 151/371/305
f 157/437/370 152/436/369 151/371/305 156/372/306
f 156/372/306 172/373/307 173/438/371 157/437/370
f 200/439/372 173/438/371 172/373/307 199/374/308
f 216/440/373 200/439/372 199/374/308 215/375/309
f 225/441/374 216/440/373 215/375/309 224/376/310
f 2121/442/375 225/441/374 224/376/310 2120/377/311
f 2136/443/376 2121/442/375 2120/377/311 2135/378/312
f 2157/444/377 2136/443/376 2135/378/312 2156/379/313
f 2177/445/378 2157/444/377 2156/379/313 2176/380/314
f 2181/446/379 2177/445/378 2176/380/314 2180/381/315
f 2335/447/380 2181/446/379 2180/381/315 2334/382/316
f 2345/448/381 2335/447/380 2334/382/316 2346/383/317
f 2366/449/382 2345/448/381 2346/383/317 2367/384/318
f 2382/450/383 2366/449/382 2367/384/318 2381/385/319
f 2391/451/384 2382/450/383 2381/385/319 2392/386/320
f 2427/452/385 2391/451/384 2392/386/320 2428/387/321
f 2432/453/386 2427/452/385 2428/387/321 2433/388/322
f 2444/454/387 2432/453/386 2433/388/322 2445/389/323
f 2462/455/388 2444/454/387 2445/389/323 2463/390/324
f 2474/456/389 2462/455/388 2463/390/324 2475/391/325
f 3435/457/327 2474/456/389 2475/391/325 3436/392/263
f 3440/458/390 3432/459/391 3435/394/327 3443/393/326
f 3452/460/392 3440/458/390 3443/393/326 3458/395/328
f 3476/461/393 3452/460/392 3458/395/328 3485/396/329
f 3479/462/394 3476/461/393 3485/396/329 3493/397/330
f 3469/463/395 3479/462/394 3493/397/330 3497/398/331
f 3548/464/396 3469/463/395 3497/398/331 3555/399/332
f 3555/399/332 3561/400/333 3512/465/397 3548/464/396
f 3561/400/333 3526/401/334 3520/466/398 3512/465/397
f 3526/401/334 3545/402/335 3504/467/399 3520/466/398
f 3532/468/400 3504/467/399 3545/402/335 3538/403/336
f 3538/403/336 3397/404/337 3384/469/401 3532/468/400
f 3376/470/402 3384/469/401 3397/404/337 3393/405/338
f 3368/471/403 3376/470/402 3393/405/338 3374/406/339
f 3374/406/339 3348/407/340 3342/472/404 3368/471/403
f 3348/407/340 3328/408/341 3325/473/405 3342/472/404
f 3328/408/341 3319/409/342 3316/474/406 3325/473/405
f 3319/409/342 1432/410/343 1434/475/407 3316/474/406
f 1432/410/343 1418/411/344 1421/476/408 1434/475/407
f 1418/411/344 1396/412/345 1390/477/409 1421/476/408
f 1396/412/345 1379/413/346 1386/478/410 1390/477/409
f 1379/413/346 1374/414/347 1365/479/411 1386/478/410
f 1374/414/347 1214/415/348 1210/480/412 1365/479/411
f 1214/415/348 1205/416/349 1195/481/413 1210/480/412
f 1205/416/349 1182/417/350 1184/482/414 1195/481/413
f 1182/417/350 1168/418/351 1171/483/415 1184/482/414
f 1168/418/351 1158/419/352 1160/484/416 1171/483/415
f 1158/419/352 1121/420/353 1130/485/417 1160/484/416
f 1121/420/353 1117/421/354 1107/486/418 1130/485/417
f 1117/421/354 1102/422/355 1104/487/419 1107/486/418
f 1102/422/355 1083/423/356 1078/488/420 1104/487/419
f 1083/423/356 1066/424/357 1067/489/421 1078/488/420
f 1066/424/357 1058/425/358 1059/490/422 1067/489/421
f 1058/425/358 117/426/359 120/491/423 1059/490/422
f 117/426/359 106/427/360 109/492/424 120/491/423
f 106/427/360 78/428/361 83/493/425 109/492/424
f 78/428/361 73/429/362 79/494/426 83/493/425
f 73/429/362 68/430/363 92/495/427 79/494/426
f 68/430/363 9/431/364 14/496/428 92/495/427
f 46/497/429 14/496/428 9/431/364 4/432/365
f 39/498/430 46/497/429 4/432/365 37/433/366
f 54/499/431 39/498/430 37/433/366 20/434/367
f 20/434/367 26/435/368 30/500/432 54/499/431
f 161/501/433 30/500/432 26/435/368 152/436/369
f 152/436/369 157/437/370 166/502/434 161/501/433
f 157/437/370 173/438/371 175/503/435 166/502/434
f 203/504/436 175/503/435 173/438/371 200/439/372
f 219/505/437 203/504/436 200/439/372 216/440/373
f 226/506/438 219/505/437 216/440/373 225/441/374
f 2119/507/439 226/506/438 225/441/374 2121/442/375
f 2130/508/440 2119/507/439 2121/442/375 2136/443/376
f 2159/509/441 2130/508/440 2136/443/376 2157/444/377
f 2162/510/442 2159/509/441 2157/444/377 2177/445/378
f 2186/511/443 2162/510/442 2177/445/378 2181/446/379
f 2337/512/444 2186/511/443 2181/446/379 2335/447/380
f 2348/513/445 2337/512/444 2335/447/380 2345/448/381
f 2360/514/446 2348/513/445 2345/448/381 2366/449/382
f 2372/515/447 2360/514/446 2366/449/382 2382/450/383
f 2387/516/448 2372/515/447 2382/450/383 2391/451/384
f 2414/517/449 2387/516/448 2391/451/384 2427/452/385
f 2434/518/450 2414/517/449 2427/452/385 2432/453/386
f 2438/519/451 2434/518/450 2432/453/386 2444/454/387
f 2464/520/452 2438/519/451 2444/454/387 2462/455/388
f 2473/521/453 2464/520/452 2462/455/388 2474/456/389
f 3432/522/391 2473/521/453 2474/456/389 3435/457/327
f 3441/523/454 3433/524/455 3432/459/456 3440/458/457
f 3440/458/457 3452/460/458 3456/525/459 3441/523/454
f 3477/526/460 3456/525/459 3452/460/458 3476/461/461
f 3480/527/462 3477/526/460 3476/461/461 3479/462/463
f 3479/462/463 3469/463/464 3470/528/465 3480/527/462
f 3549/529/466 3470/528/465 3469/463/464 3548/464/467
f 3513/530/468 3549/529/466 3548/464/467 3512/465/469
f 3512/465/469 3520/466/470 3521/531/471 3513/530/468
f 3520/466/470 3504/467/472 3505/532/473 3521/531/471
f 3504/467/472 3532/468/474 3533/533/475 3505/532/473
f 3532/468/474 3384/469/476 3385/534/477 3533/533/475
f 3384/469/476 3376/470/478 3377/535/479 3385/534/477
f 3376/470/478 3368/471/480 3369/536/481 3377/535/479
f 3368/471/480 3342/472/482 3346/537/483 3369/536/481
f 3342/472/482 3325/473/484 3326/538/485 3346/537/483
f 3325/473/484 3316/474/486 3317/539/487 3326/538/485
f 3316/474/486 1434/475/488 1430/540/489 3317/539/487
f 1434/475/488 1421/476/490 1416/541/491 1430/540/489
f 1421/476/490 1390/477/492 1391/542/493 1416/541/491
f 1390/477/492 1386/478/494 1387/543/495 1391/542/493
f 1386/478/494 1365/479/496 1366/544/497 1387/543/495
f 1365/479/496 1210/480/498 1208/545/499 1366/544/497
f 1210/480/498 1195/481/500 1196/546/501 1208/545/499
f 1195/481/500 1184/482/502 1185/547/503 1196/546/501
f 1184/482/502 1171/483/504 1172/548/505 1185/547/503
f 1171/483/504 1160/484/506 1161/549/507 1172/548/505
f 1160/484/506 1130/485/508 1128/550/509 1161/549/507
f 1130/485/508 1107/486/510 1108/551/511 1128/550/509
f 1107/486/510 1104/487/512 1105/552/513 1108/551/511
f 1104/487/512 1078/488/514 1084/553/515 1105/552/513
f 1078/488/514 1067/489/516 1068/554/517 1084/553/515
f 1067/489/516 1059/490/518 1060/555/519 1068/554/517
f 1059/490/518 120/491/520 118/556/521 1060/555/519
f 107/557/522 118/556/521 120/491/520 109/492/523
f 109/492/523 83/493/524 84/558/525 107/557/522
f 83/493/524 79/494/526 80/559/527 84/558/525
f 90/560/528 80/559/527 79/494/526 92/495/529
f 92/495/529 14/496/530 12/561/531 90/560/528
f 14/496/530 46/497/532 47/562/533 12/561/531
f 40/563/534 47/562/533 46/497/532 39/498/535
f 55/564/536 40/563/534 39/498/535 54/499/537
f 28/565/538 55/564/536 54/499/537 30/500/539
f 159/566/540 28/565/538 30/500/539 161/501/541
f 167/567/542 159/566/540 161/501/541 166/502/543
f 176/568/544 167/567/542 166/502/543 175/503/545
f 201/569/546 176/568/544 175/503/545 203/504/547
f 217/570/548 201/569/546 203/504/547 219/505/549
f 227/571/550 217/570/548 219/505/549 226/506/551
f 2122/572/552 227/571/550 226/506/551 2119/507/553
f 2137/573/554 2122/572/552 2119/507/553 2130/508/555
f 2160/574/556 2137/573/554 2130/508/555 2159/509/557
f 2163/575/558 2160/574/556 2159/509/557 2162/510/559
f 2184/576/560 2163/575/558 2162/510/559 2186/511/561
f 2338/577/562 2184/576/560 2186/511/561 2337/512/563
f 2349/578/564 2338/577/562 2337/512/563 2348/513/565
f 2361/579/566 2349/578/564 2348/513/565 2360/514/567
f 2373/580/568 2361/579/566 2360/514/567 2372/515/569
f 2385/581/570 2373/580/568 2372/515/569 2387/516/571
f 2415/582/572 2385/581/570 2387/516/571 2414/517/573
f 2435/583/574 2415/582/572 2414/517/573 2434/518/575
f 2439/584/576 2435/583/574 2434/518/575 2438/519/577
f 2460/585/578 2439/584/576 2438/519/577 2464/520/579
f 2471/586/580 2460/585/578 2464/520/579 2473/521/581
f 3433/587/455 2471/586/580 2473/521/581 3432/522/456
f 3442/588/582 3434/589/583 3433/524/455 3441/523/454
f 3457/590/584 3442/588/582 3441/523/454 3456/525/459
f 3456/525/459 3477/526/460 3478/591/585 3457/590/584
f 3481/592/586 3478/591/585 3477/526/460 3480/527/462
f 3480/527/462 3470/528/465 3471/593/587 3481/592/586
f 3550/594/588 3471/593/587 3470/528/465 3549/529/466
f 3514/595/589 3550/594/588 3549/529/466 3513/530/468
f 3513/530/468 3521/531/471 3522/596/590 3514/595/589
f 3521/531/471 3505/532/473 3506/597/591 3522/596/590
f 3505/532/473 3533/533/475 3534/598/592 3506/597/591
f 3533/533/475 3385/534/477 3386/599/593 3534/598/592
f 3378/600/594 3386/599/593 3385/534/477 3377/535/479
f 3377/535/479 3369/536/481 3370/601/595 3378/600/594
f 3347/602/596 3370/601/595 3369/536/481 3346/537/483
f 3346/537/483 3326/538/485 3327/603/597 3347/602/596
f 3326/538/485 3317/539/487 3318/604/598 3327/603/597
f 3317/539/487 1430/540/489 1431/605/599 3318/604/598
f 1430/540/489 1416/541/491 1417/606/600 1431/605/599
f 1416/541/491 1391/542/493 1392/607/601 1417/606/600
f 1391/542/493 1387/543/495 1388/608/602 1392/607/601
f 1387/543/495 1366/544/497 1367/609/603 1388/608/602
f 1366/544/497 1208/545/499 1209/610/604 1367/609/603
f 1208/545/499 1196/546/501 1197/611/605 1209/610/604
f 1196/546/501 1185/547/503 1186/612/606 1197/611/605
f 1185/547/503 1172/548/505 1173/613/607 1186/612/606
f 1172/548/505 1161/549/507 1162/614/608 1173/613/607
f 1161/549/507 1128/550/509 1129/615/609 1162/614/608
f 1128/550/509 1108/551/511 1109/616/610 1129/615/609
f 1108/551/511 1105/552/513 1106/617/611 1109/616/610
f 1105/552/513 1084/553/515 1085/618/612 1106/617/611
f 1084/553/515 1068/554/517 1069/619/613 1085/618/612
f 1068/554/517 1060/555/519 1061/620/614 1069/619/613
f 1060/555/519 118/556/521 119/621/615 1061/620/614
f 118/556/521 107/557/522 108/622/616 119/621/615
f 85/623/617 108/622/616 107/557/522 84/558/525
f 84/558/525 80/559/527 81/624/618 85/623/617
f 91/625/619 81/624/618 80/559/527 90/560/528
f 90/560/528 12/561/531 13/626/620 91/625/619
f 12/561/531 47/562/533 48/627/621 13/626/620
f 41/628/622 48/627/621 47/562/533 40/563/534
f 56/629/623 41/628/622 40/563/534 55/564/536
f 29/630/624 56/629/623 55/564/536 28/565/538
f 160/631/625 29/630/624 28/565/538 159/566/540
f 159/566/540 167/567/542 168/632/626 160/631/625
f 177/633/627 168/632/626 167/567/542 176/568/544
f 176/568/544 201/569/546 202/634/628 177/633/627
f 218/635/629 202/634/628 201/569/546 217/570/548
f 228/636/630 218/635/629 217/570/548 227/571/550
f 2123/637/631 228/636/630 227/571/550 2122/572/552
f 2138/638/632 2123/637/631 2122/572/552 2137/573/554
f 2161/639/633 2138/638/632 2137/573/554 2160/574/556
f 2164/640/634 2161/639/633 2160/574/556 2163/575/558
f 2185/641/635 2164/640/634 2163/575/558 2184/576/560
f 2339/642/636 2185/641/635 2184/576/560 2338/577/562
f 2350/643/637 2339/642/636 2338/577/562 2349/578/564
f 2362/644/638 2350/643/637 2349/578/564 2361/579/566
f 2374/645/639 2362/644/638 2361/579/566 2373/580/568
f 2386/646/640 2374/645/639 2373/580/568 2385/581/570
f 2416/647/641 2386/646/640 2385/581/570 2415/582/572
f 2436/648/642 2416/647/641 2415/582/572 2435/583/574
f 2440/649/643 2436/648/642 2435/583/574 2439/584/576
f 2461/650/644 2440/649/643 2439/584/576 2460/585/578
f 2472/651/645 2461/650/644 2460/585/578 2471/586/580
f 3434/652/583 2472/651/645 2471/586/580 3433/587/455
f 3450/653/646 3449/654/647 3434/589/583 3442/588/582
f 3460/655/648 3450/653/646 3442/588/582 3457/590/584
f 3488/656/649 3460/655/648 3457/590/584 3478/591/585
f 3489/657/650 3488/656/649 3478/591/585 3481/592/586
f 3473/658/651 3489/657/650 3481/592/586 3471/593/587
f 3558/659/652 3473/658/651 3471/593/587 3550/594/588
f 3518/660/653 3558/659/652 3550/594/588 3514/595/589
f 3514/595/589 3522/596/590 3529/661/654 3518/660/653
f 3510/662/655 3529/661/654 3522/596/590 3506/597/591
f 3506/597/591 3534/598/592 3542/663/656 3510/662/655
f 3534/598/592 3386/599/593 3388/664/657 3542/663/656
f 3381/665/658 3388/664/657 3386/599/593 3378/600/594
f 3378/600/594 3370/601/595 3380/666/659 3381/665/658
f 3370/601/595 3347/602/596 3350/667/660 3380/666/659
f 3347/602/596 3327/603/597 3335/668/661 3350/667/660
f 3327/603/597 3318/604/598 3332/669/662 3335/668/661
f 3318/604/598 1431/605/599 1437/670/663 3332/669/662
f 1431/605/599 1417/606/600 1422/671/664 1437/670/663
f 1417/606/600 1392/607/601 1400/672/665 1422/671/664
f 1392/607/601 1388/608/602 1398/673/666 1400/672/665
f 1388/608/602 1367/609/603 1369/674/667 1398/673/666
f 1367/609/603 1209/610/604 1217/675/668 1369/674/667
f 1209/610/604 1197/611/605 1198/676/669 1217/675/668
f 1197/611/605 1186/612/606 1187/677/670 1198/676/669
f 1186/612/606 1173/613/607 1175/678/671 1187/677/670
f 1173/613/607 1162/614/608 1164/679/672 1175/678/671
f 1162/614/608 1129/615/609 1132/680/673 1164/679/672
f 1129/615/609 1109/616/610 1112/681/674 1132/680/673
f 1109/616/610 1106/617/611 1110/682/675 1112/681/674
f 1106/617/611 1085/618/612 1087/683/676 1110/682/675
f 1085/618/612 1069/619/613 1073/684/677 1087/683/676
f 1069/619/613 1061/620/614 1072/685/678 1073/684/677
f 1061/620/614 119/621/615 122/686/679 1072/685/678
f 119/621/615 108/622/616 111/687/680 122/686/679
f 108/622/616 85/623/617 87/688/681 111/687/680
f 85/623/617 81/624/618 86/689/682 87/688/681
f 81/624/618 91/625/619 94/690/683 86/689/682
f 91/625/619 13/626/620 15/691/684 94/690/683
f 13/626/620 48/627/621 49/692/685 15/691/684
f 42/693/686 49/692/685 48/627/621 41/628/622
f 41/628/622 56/629/623 57/694/687 42/693/686
f 31/695/688 57/694/687 56/629/623 29/630/624
f 163/696/689 31/695/688 29/630/624 160/631/625
f 160/631/625 168/632/626 178/697/690 163/696/689
f 179/698/691 178/697/690 168/632/626 177/633/627
f 205/699/692 179/698/691 177/633/627 202/634/628
f 230/700/693 205/699/692 202/634/628 218/635/629
f 233/701/694 230/700/693 218/635/629 228/636/630
f 2125/702/695 233/701/694 228/636/630 2123/637/631
f 2139/703/696 2125/702/695 2123/637/631 2138/638/632
f 2165/704/697 2139/703/696 2138/638/632 2161/639/633
f 2167/705/698 2165/704/697 2161/639/633 2164/640/634
f 2188/706/699 2167/705/698 2164/640/634 2185/641/635
f 2341/707/700 2188/706/699 2185/641/635 2339/642/636
f 2354/708/701 2341/707/700 2339/642/636 2350/643/637
f 2369/709/702 2354/708/701 2350/643/637 2362/644/638
f 2377/710/703 2369/709/702 2362/644/638 2374/645/639
f 2394/711/704 2377/710/703 2374/645/639 2386/646/640
f 2418/712/705 2394/711/704 2386/646/640 2416/647/641
f 2446/713/706 2418/712/705 2416/647/641 2436/648/642
f 2448/714/707 2446/713/706 2436/648/642 2440/649/643
f 2465/715/708 2448/714/707 2440/649/643 2461/650/644
f 2478/716/709 2465/715/708 2461/650/644 2472/651/645
f 3449/717/647 2478/716/709 2472/651/645 3434/652/583
f 3448/718/710 3446/719/711 3449/654/647 3450/653/646
f 3461/720/712 3448/718/710 3450/653/646 3460/655/648
f 3487/721/713 3461/720/712 3460/655/648 3488/656/649
f 3466/722/714 3487/721/713 3488/656/649 3489/657/650
f 3474/723/715 3466/722/714 3489/657/650 3473/658/651
f 3473/658/651 3558/659/652 3557/724/716 3474/723/715
f 3517/725/717 3557/724/716 3558/659/652 3518/660/653
f 3530/726/718 3517/725/717 3518/660/653 3529/661/654
f 3529/661/654 3510/662/655 3509/727/719 3530/726/718
f 3541/728/720 3509/727/719 3510/662/655 3542/663/656
f 3389/729/721 3541/728/720 3542/663/656 3388/664/657
f 3388/664/657 3381/665/658 3366/730/722 3389/729/721
f 3381/665/658 3380/666/659 3379/731/723 3366/730/722
f 3380/666/659 3350/667/660 3351/732/724 3379/731/723
f 3350/667/660 3335/668/661 3334/733/725 3351/732/724
f 3331/734/726 3334/733/725 3335/668/661 3332/669/662
f 3332/669/662 1437/670/663 1436/735/727 3331/734/726
f 1437/670/663 1422/671/664 1423/736/728 1436/735/727
f 1422/671/664 1400/672/665 1399/737/729 1423/736/728
f 1400/672/665 1398/673/666 1383/738/730 1399/737/729
f 1398/673/666 1369/674/667 1370/739/731 1383/738/730
f 1369/674/667 1217/675/668 1216/740/732 1370/739/731
f 1217/675/668 1198/676/669 1200/741/733 1216/740/732
f 1198/676/669 1187/677/670 1188/742/734 1200/741/733
f 1187/677/670 1175/678/671 1174/743/735 1188/742/734
f 1175/678/671 1164/679/672 1165/744/736 1174/743/735
f 1164/679/672 1132/680/673 1133/745/737 1165/744/736
f 1132/680/673 1112/681/674 1124/746/738 1133/745/737
f 1112/681/674 1110/682/675 1111/747/739 1124/746/738
f 1110/682/675 1087/683/676 1088/748/740 1111/747/739
f 1087/683/676 1073/684/677 1076/749/741 1088/748/740
f 1073/684/677 1072/685/678 1074/750/742 1076/749/741
f 1072/685/678 122/686/679 123/751/743 1074/750/742
f 122/686/679 111/687/680 112/752/744 123/751/743
f 111/687/680 87/688/681 88/753/745 112/752/744
f 87/688/681 86/689/682 98/754/746 88/753/745
f 86/689/682 94/690/683 95/755/747 98/754/746
f 16/756/748 95/755/747 94/690/683 15/691/684
f 15/691/684 49/692/685 50/757/749 16/756/748
f 49/692/685 42/693/686 43/758/750 50/757/749
f 58/759/751 43/758/750 42/693/686 57/694/687
f 57/694/687 31/695/688 32/760/752 58/759/751
f 31/695/688 163/696/689 164/761/753 32/760/752
f 182/762/754 164/761/753 163/696/689 178/697/690
f 180/763/755 182/762/754 178/697/690 179/698/691
f 206/764/756 180/763/755 179/698/691 205/699/692
f 231/765/757 206/764/756 205/699/692 230/700/693
f 230/700/693 233/701/694 234/766/758 231/765/757
f 2126/767/759 234/766/758 233/701/694 2125/702/695
f 2140/768/760 2126/767/759 2125/702/695 2139/703/696
f 2166/769/761 2140/768/760 2139/703/696 2165/704/697
f 2171/770/762 2166/769/761 2165/704/697 2167/705/698
f 2189/771/763 2171/770/762 2167/705/698 2188/706/699
f 2342/772/764 2189/771/763 2188/706/699 2341/707/700
f 2352/773/765 2342/772/764 2341/707/700 2354/708/701
f 2370/774/766 2352/773/765 2354/708/701 2369/709/702
f 2378/775/767 2370/774/766 2369/709/702 2377/710/703
f 2393/776/768 2378/775/767 2377/710/703 2394/711/704
f 2419/777/769 2393/776/768 2394/711/704 2418/712/705
f 2423/778/770 2419/777/769 2418/712/705 2446/713/706
f 2447/779/771 2423/778/770 2446/713/706 2448/714/707
f 2466/780/772 2447/779/771 2448/714/707 2465/715/708
f 2477/781/773 2466/780/772 2465/715/708 2478/716/709
f 3446/782/711 2477/781/773 2478/716/709 3449/717/647
f 3447/783/774 3445/784/775 3446/719/711 3448/718/710
f 3425/785/776 3447/783/774 3448/718/710 3461/720/712
f 3464/786/777 3425/785/776 3461/720/712 3487/721/713
f 3465/787/778 3464/786/777 3487/721/713 3466/722/714
f 3472/788/779 3465/787/778 3466/722/714 3474/723/715
f 3474/723/715 3557/724/716 3416/789/780 3472/788/779
f 3516/790/781 3416/789/780 3557/724/716 3517/725/717
f 3528/791/782 3516/790/781 3517/725/717 3530/726/718
f 3508/792/783 3528/791/782 3530/726/718 3509/727/719
f 3360/793/784 3508/792/783 3509/727/719 3541/728/720
f 3541/728/720 3389/729/721 3387/794/785 3360/793/784
f 3365/795/786 3387/794/785 3389/729/721 3366/730/722
f 3366/730/722 3379/731/723 3363/796/787 3365/795/786
f 3337/797/788 3363/796/787 3379/731/723 3351/732/724
f 3351/732/724 3334/733/725 3333/798/789 3337/797/788
f 3334/733/725 3331/734/726 3330/799/790 3333/798/789
f 3331/734/726 1436/735/727 1435/800/791 3330/799/790
f 1436/735/727 1423/736/728 1411/801/792 1435/800/791
f 1423/736/728 1399/737/729 1385/802/793 1411/801/792
f 1399/737/729 1383/738/730 1384/803/794 1385/802/793
f 1383/738/730 1370/739/731 1371/804/795 1384/803/794
f 1370/739/731 1216/740/732 1356/805/796 1371/804/795
f 1216/740/732 1200/741/733 1199/806/797 1356/805/796
f 1200/741/733 1188/742/734 1189/807/798 1199/806/797
f 1188/742/734 1174/743/735 1176/808/799 1189/807/798
f 1174/743/735 1165/744/736 1147/809/800 1176/808/799
f 1165/744/736 1133/745/737 1134/810/801 1147/809/800
f 1133/745/737 1124/746/738 1125/811/802 1134/810/801
f 1124/746/738 1111/747/739 1123/812/803 1125/811/802
f 1111/747/739 1088/748/740 1093/813/804 1123/812/803
f 1088/748/740 1076/749/741 1077/814/805 1093/813/804
f 1076/749/741 1074/750/742 1075/815/806 1077/814/805
f 1074/750/742 123/751/743 124/816/807 1075/815/806
f 123/751/743 112/752/744 125/817/808 124/816/807
f 112/752/744 88/753/745 100/818/809 125/817/808
f 88/753/745 98/754/746 99/819/810 100/818/809
f 98/754/746 95/755/747 96/820/811 99/819/810
f 132/821/812 96/820/811 95/755/747 16/756/748
f 16/756/748 50/757/749 51/822/813 132/821/812
f 50/757/749 43/758/750 44/823/814 51/822/813
f 43/758/750 58/759/751 59/824/815 44/823/814
f 58/759/751 32/760/752 186/825/816 59/824/815
f 165/826/817 186/825/816 32/760/752 164/761/753
f 164/761/753 182/762/754 183/827/818 165/826/817
f 185/828/819 183/827/818 182/762/754 180/763/755
f 180/763/755 206/764/756 209/829/820 185/828/819
f 232/830/821 209/829/820 206/764/756 231/765/757
f 235/831/822 232/830/821 231/765/757 234/766/758
f 2127/832/823 235/831/822 234/766/758 2126/767/759
f 2141/833/824 2127/832/823 2126/767/759 2140/768/760
f 2169/834/825 2141/833/824 2140/768/760 2166/769/761
f 2170/835/826 2169/834/825 2166/769/761 2171/770/762
f 2187/836/827 2170/835/826 2171/770/762 2189/771/763
f 2196/837/828 2187/836/827 2189/771/763 2342/772/764
f 2353/838/829 2196/837/828 2342/772/764 2352/773/765
f 2368/839/830 2353/838/829 2352/773/765 2370/774/766
f 2376/840/831 2368/839/830 2370/774/766 2378/775/767
f 2400/841/832 2376/840/831 2378/775/767 2393/776/768
f 2417/842/833 2400/841/832 2393/776/768 2419/777/769
f 2422/843/834 2417/842/833 2419/777/769 2423/778/770
f 2424/844/835 2422/843/834 2423/778/770 2447/779/771
f 2452/845/836 2424/844/835 2447/779/771 2466/780/772
f 2476/846/837 2452/845/836 2466/780/772 2477/781/773
f 3445/847/775 2476/846/837 2477/781/773 3446/782/711
f 3421/848/838 3420/849/839 3445/784/775 3447/783/774
f 3426/850/840 3421/848/838 3447/783/774 3425/785/776
f 3424/851/841 3426/850/840 3425/785/776 3464/786/777
f 3463/852/842 3424/851/841 3464/786/777 3465/787/778
f 3415/853/843 3463/852/842 3465/787/778 3472/788/779
f 3417/854/844 3415/853/843 3472/788/779 3416/789/780
f 3515/855/845 3417/854/844 3416/789/780 3516/790/781
f 3502/856/846 3515/855/845 3516/790/781 3528/791/782
f 3507/857/847 3502/856/846 3528/791/782 3508/792/783
f 3361/858/848 3507/857/847 3508/792/783 3360/793/784
f 3358/859/849 3361/858/848 3360/793/784 3387/794/785
f 3387/794/785 3365/795/786 3364/860/850 3358/859/849
f 3340/861/851 3364/860/850 3365/795/786 3363/796/787
f 3363/796/787 3337/797/788 3338/862/852 3340/861/851
f 3337/797/788 3333/798/789 3311/863/853 3338/862/852
f 3333/798/789 3330/799/790 3309/864/854 3311/863/853
f 3330/799/790 1435/800/791 1425/865/855 3309/864/854
f 1435/800/791 1411/801/792 1412/866/856 1425/865/855
f 1411/801/792 1385/802/793 1409/867/857 1412/866/856
f 1382/868/858 1409/867/857 1385/802/793 1384/803/794
f 1384/803/794 1371/804/795 1358/869/859 1382/868/858
f 1371/804/795 1356/805/796 1357/870/860 1358/869/859
f 1356/805/796 1199/806/797 1201/871/861 1357/870/860
f 1199/806/797 1189/807/798 1191/872/862 1201/871/861
f 1189/807/798 1176/808/799 1177/873/863 1191/872/862
f 1176/808/799 1147/809/800 1148/874/864 1177/873/863
f 1147/809/800 1134/810/801 1146/875/865 1148/874/864
f 1134/810/801 1125/811/802 1126/876/866 1146/875/865
f 1125/811/802 1123/812/803 1096/877/867 1126/876/866
f 1123/812/803 1093/813/804 1094/878/868 1096/877/867
f 1093/813/804 1077/814/805 1090/879/869 1094/878/868
f 1077/814/805 1075/815/806 1089/880/870 1090/879/869
f 1075/815/806 124/816/807 130/881/871 1089/880/870
f 124/816/807 125/817/808 126/882/872 130/881/871
f 125/817/808 100/818/809 127/883/873 126/882/872
f 100/818/809 99/819/810 101/884/874 127/883/873
f 99/819/810 96/820/811 134/885/875 101/884/874
f 96/820/811 132/821/812 133/886/876 134/885/875
f 132/821/812 51/822/813 52/887/877 133/886/876
f 51/822/813 44/823/814 61/888/878 52/887/877
f 44/823/814 59/824/815 60/889/879 61/888/878
f 59/824/815 186/825/816 187/890/880 60/889/879
f 186/825/816 165/826/817 189/891/881 187/890/880
f 184/892/882 189/891/881 165/826/817 183/827/818
f 183/827/818 185/828/819 207/893/883 184/892/882
f 210/894/884 207/893/883 185/828/819 209/829/820
f 236/895/885 210/894/884 209/829/820 232/830/821
f 238/896/886 236/895/885 232/830/821 235/831/822
f 2128/897/887 238/896/886 235/831/822 2127/832/823
f 2142/898/888 2128/897/887 2127/832/823 2141/833/824
f 2144/899/889 2142/898/888 2141/833/824 2169/834/825
f 2169/834/825 2170/835/826 2172/900/890 2144/899/889
f 2195/901/891 2172/900/890 2170/835/826 2187/836/827
f 2197/902/892 2195/901/891 2187/836/827 2196/837/828
f 2351/903/893 2197/902/892 2196/837/828 2353/838/829
f 2357/904/894 2351/903/893 2353/838/829 2368/839/830
f 2375/905/895 2357/904/894 2368/839/830 2376/840/831
f 2401/906/896 2375/905/895 2376/840/831 2400/841/832
f 2402/907/897 2401/906/896 2400/841/832 2417/842/833
f 2421/908/898 2402/907/897 2417/842/833 2422/843/834
f 2450/909/899 2421/908/898 2422/843/834 2424/844/835
f 2453/910/900 2450/909/899 2424/844/835 2452/845/836
f 2455/911/901 2453/910/900 2452/845/836 2476/846/837
f 3420/912/839 2455/911/901 2476/846/837 3445/847/775
f 3419/913/902 3418/914/903 3420/849/904 3421/848/905
f 3422/915/906 3419/913/902 3421/848/905 3426/850/907
f 3423/916/908 3422/915/906 3426/850/907 3424/851/909
f 3412/917/910 3423/916/908 3424/851/909 3463/852/911
f 3413/918/912 3412/917/910 3463/852/911 3415/853/913
f 3414/919/914 3413/918/912 3415/853/913 3417/854/915
f 3501/920/916 3414/919/914 3417/854/915 3515/855/917
f 3499/921/918 3501/920/916 3515/855/917 3502/856/919
f 3500/922/920 3499/921/918 3502/856/919 3507/857/921
f 3359/923/922 3500/922/920 3507/857/921 3361/858/923
f 3356/924/924 3359/923/922 3361/858/923 3358/859/925
f 3358/859/925 3364/860/926 3355/925/927 3356/924/924
f 3364/860/926 3340/861/928 3339/926/929 3355/925/927
f 3340/861/928 3338/862/930 3336/927/931 3339/926/929
f 3338/862/930 3311/863/932 3310/928/933 3336/927/931
f 3308/929/934 3310/928/933 3311/863/932 3309/864/935
f 1424/930/936 3308/929/934 3309/864/935 1425/865/937
f 1425/865/937 1412/866/938 1410/931/939 1424/930/936
f 1412/866/938 1409/867/940 1408/932/941 1410/931/939
f 1409/867/940 1382/868/942 1363/933/943 1408/932/941
f 1382/868/942 1358/869/944 1362/934/945 1363/933/943
f 1358/869/944 1357/870/946 1355/935/947 1362/934/945
f 1357/870/946 1201/871/948 1193/936/949 1355/935/947
f 1201/871/948 1191/872/950 1192/937/951 1193/936/949
f 1191/872/950 1177/873/952 1190/938/953 1192/937/951
f 1177/873/952 1148/874/954 1149/939/955 1190/938/953
f 1148/874/954 1146/875/956 1145/940/957 1149/939/955
f 1146/875/956 1126/876/958 1144/941/959 1145/940/957
f 1126/876/958 1096/877/960 1097/942/961 1144/941/959
f 1096/877/960 1094/878/962 1095/943/963 1097/942/961
f 1094/878/962 1090/879/964 1092/944/965 1095/943/963
f 1090/879/964 1089/880/966 1091/945/967 1092/944/965
f 1089/880/966 130/881/968 131/946/969 1091/945/967
f 130/881/968 126/882/970 129/947/971 131/946/969
f 126/882/970 127/883/972 128/948/973 129/947/971
f 127/883/972 101/884/974 137/949/975 128/948/973
f 101/884/974 134/885/976 136/950/977 137/949/975
f 134/885/976 133/886/978 135/951/979 136/950/977
f 133/886/978 52/887/980 62/952/981 135/951/979
f 52/887/980 61/888/982 64/953/983 62/952/981
f 61/888/982 60/889/984 63/954/985 64/953/983
f 60/889/984 187/890/986 188/955/987 63/954/985
f 187/890/986 189/891/988 191/956/989 188/955/987
f 192/957/990 191/956/989 189/891/988 184/892/991
f 208/958/992 192/957/990 184/892/991 207/893/993
f 211/959/994 208/958/992 207/893/993 210/894/995
f 237/960/996 211/959/994 210/894/995 236/895/997
f 236/895/997 238/896/998 239/961/999 237/960/996
f 238/896/998 2128/897/1000 2129/962/1001 239/961/999
f 2143/963/1002 2129/962/1001 2128/897/1000 2142/898/1003
f 2145/964/1004 2143/963/1002 2142/898/1003 2144/899/1005
f 2190/965/1006 2145/964/1004 2144/899/1005 2172/900/1007
f 2191/966/1008 2190/965/1006 2172/900/1007 2195/901/1009
f 2198/967/1010 2191/966/1008 2195/901/1009 2197/902/1011
f 2355/968/1012 2198/967/1010 2197/902/1011 2351/903/1013
f 2356/969/1014 2355/968/1012 2351/903/1013 2357/904/1015
f 2358/970/1016 2356/969/1014 2357/904/1015 2375/905/1017
f 2399/971/1018 2358/970/1016 2375/905/1017 2401/906/1019
f 2403/972/1020 2399/971/1018 2401/906/1019 2402/907/1021
f 2404/973/1022 2403/972/1020 2402/907/1021 2421/908/1023
f 2449/974/1024 2404/973/1022 2421/908/1023 2450/909/1025
f 2451/975/1026 2449/974/1024 2450/909/1025 2453/910/1027
f 2454/976/1028 2451/975/1026 2453/910/1027 2455/911/1029
f 3418/977/903 2454/976/1028 2455/911/1029 3420/912/904
f 3405/978/1030 3404/979/1031 3418/914/903 3419/913/902
f 3406/980/1032 3405/978/1030 3419/913/902 3422/915/906
f 3407/981/1033 3406/980/1032 3422/915/906 3423/916/908
f 3409/982/1034 3407/981/1033 3423/916/908 3412/917/910
f 3410/983/1035 3409/982/1034 3412/917/910 3413/918/912
f 3408/984/1036 3410/983/1035 3413/918/912 3414/919/914
f 3411/985/1037 3408/984/1036 3414/919/914 3501/920/916
f 3223/986/1038 3411/985/1037 3501/920/916 3499/921/918
f 3357/987/1039 3223/986/1038 3499/921/918 3500/922/920
f 3353/988/1040 3357/987/1039 3500/922/920 3359/923/922
f 3354/989/1041 3353/988/1040 3359/923/922 3356/924/924
f 3356/924/924 3355/925/927 3352/990/1042 3354/989/1041
f 3307/991/1043 3352/990/1042 3355/925/927 3339/926/929
f 3306/992/1044 3307/991/1043 3339/926/929 3336/927/931
f 3303/993/1045 3306/992/1044 3336/927/931 3310/928/933
f 3310/928/933 3308/929/934 3302/994/1046 3303/993/1045
f 3308/929/934 1424/930/936 1407/995/1047 3302/994/1046
f 1424/930/936 1410/931/939 1404/996/1048 1407/995/1047
f 1410/931/939 1408/932/941 1403/997/1049 1404/996/1048
f 1408/932/941 1363/933/943 1361/998/1050 1403/997/1049
f 1363/933/943 1362/934/945 1360/999/1051 1361/998/1050
f 1362/934/945 1355/935/947 1359/1000/1052 1360/999/1051
f 1355/935/947 1193/936/949 1354/1001/1053 1359/1000/1052
f 1193/936/949 1192/937/951 1250/1002/1054 1354/1001/1053
f 1192/937/951 1190/938/953 1153/1003/1055 1250/1002/1054
f 1190/938/953 1149/939/955 1152/1004/1056 1153/1003/1055
f 1149/939/955 1145/940/957 1151/1005/1057 1152/1004/1056
f 1145/940/957 1144/941/959 1150/1006/1058 1151/1005/1057
f 1144/941/959 1097/942/961 1138/1007/1059 1150/1006/1058
f 1097/942/961 1095/943/963 1137/1008/1060 1138/1007/1059
f 1095/943/963 1092/944/965 1136/1009/1061 1137/1008/1060
f 1092/944/965 1091/945/967 1135/1010/1062 1136/1009/1061
f 1091/945/967 131/946/969 144/1011/1063 1135/1010/1062
f 131/946/969 129/947/971 143/1012/1064 144/1011/1063
f 129/947/971 128/948/973 142/1013/1065 143/1012/1064
f 128/948/973 137/949/975 140/1014/1066 142/1013/1065
f 137/949/975 136/950/977 139/1015/1067 140/1014/1066
f 136/950/977 135/951/979 141/1016/1068 139/1015/1067
f 135/951/979 62/952/981 138/1017/1069 141/1016/1068
f 62/952/981 64/953/983 249/1018/1070 138/1017/1069
f 64/953/983 63/954/985 190/1019/1071 249/1018/1070
f 63/954/985 188/955/987 194/1020/1072 190/1019/1071
f 188/955/987 191/956/989 193/1021/1073 194/1020/1072
f 195/1022/1074 193/1021/1073 191/956/989 192/957/990
f 192/957/990 208/958/992 240/1023/1075 195/1022/1074
f 208/958/992 211/959/994 241/1024/1076 240/1023/1075
f 211/959/994 237/960/996 244/1025/1077 241/1024/1076
f 245/1026/1078 244/1025/1077 237/960/996 239/961/999
f 2146/1027/1079 245/1026/1078 239/961/999 2129/962/1001
f 2149/1028/1080 2146/1027/1079 2129/962/1001 2143/963/1002
f 2150/1029/1081 2149/1028/1080 2143/963/1002 2145/964/1004
f 2192/1030/1082 2150/1029/1081 2145/964/1004 2190/965/1006
f 2193/1031/1083 2192/1030/1082 2190/965/1006 2191/966/1008
f 2194/1032/1084 2193/1031/1083 2191/966/1008 2198/967/1010
f 2199/1033/1085 2194/1032/1084 2198/967/1010 2355/968/1012
f 2232/1034/1086 2199/1033/1085 2355/968/1012 2356/969/1014
f 2395/1035/1087 2232/1034/1086 2356/969/1014 2358/970/1016
f 2396/1036/1088 2395/1035/1087 2358/970/1016 2399/971/1018
f 2397/1037/1089 2396/1036/1088 2399/971/1018 2403/972/1020
f 2398/1038/1090 2397/1037/1089 2403/972/1020 2404/973/1022
f 2409/1039/1091 2398/1038/1090 2404/973/1022 2449/974/1024
f 2410/1040/1092 2409/1039/1091 2449/974/1024 2451/975/1026
f 2411/1041/1093 2410/1040/1092 2451/975/1026 2454/976/1028
f 3404/1042/1031 2411/1041/1093 2454/976/1028 3418/977/903
f 3400/1043/1094 3399/1044/1095 3404/979/1031 3405/978/1030
f 3401/1045/1096 3400/1043/1094 3405/978/1030 3406/980/1032
f 3402/1046/1097 3401/1045/1096 3406/980/1032 3407/981/1033
f 3403/1047/1098 3402/1046/1097 3407/981/1033 3409/982/1034
f 3221/1048/1099 3403/1047/1098 3409/982/1034 3410/983/1035
f 3220/1049/1100 3221/1048/1099 3410/983/1035 3408/984/1036
f 3219/1050/1101 3220/1049/1100 3408/984/1036 3411/985/1037
f 3222/1051/1102 3219/1050/1101 3411/985/1037 3223/986/1038
f 3217/1052/1103 3222/1051/1102 3223/986/1038 3357/987/1039
f 3216/1053/1104 3217/1052/1103 3357/987/1039 3353/988/1040
f 3215/1054/1105 3216/1053/1104 3353/988/1040 3354/989/1041
f 3305/1055/1106 3215/1054/1105 3354/989/1041 3352/990/1042
f 3304/1056/1107 3305/1055/1106 3352/990/1042 3307/991/1043
f 3301/1057/1108 3304/1056/1107 3307/991/1043 3306/992/1044
f 3306/992/1044 3303/993/1045 3300/1058/1109 3301/1057/1108
f 3299/1059/1110 3300/1058/1109 3303/993/1045 3302/994/1046
f 1406/1060/1111 3299/1059/1110 3302/994/1046 1407/995/1047
f 1407/995/1047 1404/996/1048 1405/1061/1112 1406/1060/1111
f 1404/996/1048 1403/997/1049 1402/1062/1113 1405/1061/1112
f 1401/1063/1114 1402/1062/1113 1403/997/1049 1361/998/1050
f 1361/998/1050 1360/999/1051 1258/1064/1115 1401/1063/1114
f 1360/999/1051 1359/1000/1052 1257/1065/1116 1258/1064/1115
f 1359/1000/1052 1354/1001/1053 1255/1066/1117 1257/1065/1116
f 1354/1001/1053 1250/1002/1054 1251/1067/1118 1255/1066/1117
f 1250/1002/1054 1153/1003/1055 1249/1068/1119 1251/1067/1118
f 1153/1003/1055 1152/1004/1056 1247/1069/1120 1249/1068/1119
f 1152/1004/1056 1151/1005/1057 1246/1070/1121 1247/1069/1120
f 1151/1005/1057 1150/1006/1058 1143/1071/1122 1246/1070/1121
f 1150/1006/1058 1138/1007/1059 1142/1072/1123 1143/1071/1122
f 1138/1007/1059 1137/1008/1060 1141/1073/1124 1142/1072/1123
f 1137/1008/1060 1136/1009/1061 1140/1074/1125 1141/1073/1124
f 1136/1009/1061 1135/1010/1062 1139/1075/1126 1140/1074/1125
f 1135/1010/1062 144/1011/1063 148/1076/1127 1139/1075/1126
f 144/1011/1063 143/1012/1064 147/1077/1128 148/1076/1127
f 143/1012/1064 142/1013/1065 146/1078/1129 147/1077/1128
f 142/1013/1065 140/1014/1066 145/1079/1130 146/1078/1129
f 140/1014/1066 139/1015/1067 251/1080/1131 145/1079/1130
f 139/1015/1067 141/1016/1068 252/1081/1132 251/1080/1131
f 141/1016/1068 138/1017/1069 253/1082/1133 252/1081/1132
f 138/1017/1069 249/1018/1070 250/1083/1134 253/1082/1133
f 249/1018/1070 190/1019/1071 255/1084/1135 250/1083/1134
f 190/1019/1071 194/1020/1072 256/1085/1136 255/1084/1135
f 194/1020/1072 193/1021/1073 257/1086/1137 256/1085/1136
f 193/1021/1073 195/1022/1074 242/1087/1138 257/1086/1137
f 195/1022/1074 240/1023/1075 243/1088/1139 242/1087/1138
f 240/1023/1075 241/1024/1076 246/1089/1140 243/1088/1139
f 247/1090/1141 246/1089/1140 241/1024/1076 244/1025/1077
f 244/1025/1077 245/1026/1078 248/1091/1142 247/1090/1141
f 245/1026/1078 2146/1027/1079 2147/1092/1143 248/1091/1142
f 2148/1093/1144 2147/1092/1143 2146/1027/1079 2149/1028/1080
f 2151/1094/1145 2148/1093/1144 2149/1028/1080 2150/1029/1081
f 2150/1029/1081 2192/1030/1082 2152/1095/1146 2151/1094/1145
f 2224/1096/1147 2152/1095/1146 2192/1030/1082 2193/1031/1083
f 2225/1097/1148 2224/1096/1147 2193/1031/1083 2194/1032/1084
f 2227/1098/1149 2225/1097/1148 2194/1032/1084 2199/1033/1085
f 2231/1099/1150 2227/1098/1149 2199/1033/1085 2232/1034/1086
f 2233/1100/1151 2231/1099/1150 2232/1034/1086 2395/1035/1087
f 2235/1101/1152 2233/1100/1151 2395/1035/1087 2396/1036/1088
f 2236/1102/1153 2235/1101/1152 2396/1036/1088 2397/1037/1089
f 2405/1103/1154 2236/1102/1153 2397/1037/1089 2398/1038/1090
f 2406/1104/1155 2405/1103/1154 2398/1038/1090 2409/1039/1091
f 2407/1105/1156 2406/1104/1155 2409/1039/1091 2410/1040/1092
f 2408/1106/1157 2407/1105/1156 2410/1040/1092 2411/1041/1093
f 3399/1107/1095 2408/1106/1157 2411/1041/1093 3404/1042/1031
f 3184/1108/1158 3183/1109/1159 3399/1044/1095 3400/1043/1094
f 3185/1110/1160 3184/1108/1158 3400/1043/1094 3401/1045/1096
f 3187/1111/1161 3185/1110/1160 3401/1045/1096 3402/1046/1097
f 3188/1112/1162 3187/1111/1161 3402/1046/1097 3403/1047/1098
f 3186/1113/1163 3188/1112/1162 3403/1047/1098 3221/1048/1099
f 3218/1114/1164 3186/1113/1163 3221/1048/1099 3220/1049/1100
f 3212/1115/1165 3218/1114/1164 3220/1049/1100 3219/1050/1101
f 3213/1116/1166 3212/1115/1165 3219/1050/1101 3222/1051/1102
f 3211/1117/1167 3213/1116/1166 3222/1051/1102 3217/1052/1103
f 3214/1118/1168 3211/1117/1167 3217/1052/1103 3216/1053/1104
f 3160/1119/1169 3214/1118/1168 3216/1053/1104 3215/1054/1105
f 3159/1120/1170 3160/1119/1169 3215/1054/1105 3305/1055/1106
f 3158/1121/1171 3159/1120/1170 3305/1055/1106 3304/1056/1107
f 3157/1122/1172 3158/1121/1171 3304/1056/1107 3301/1057/1108
f 3156/1123/1173 3157/1122/1172 3301/1057/1108 3300/1058/1109
f 3300/1058/1109 3299/1059/1110 3155/1124/1174 3156/1123/1173
f 3299/1059/1110 1406/1060/1111 1270/1125/1175 3155/1124/1174
f 1406/1060/1111 1405/1061/1112 1269/1126/1176 1270/1125/1175
f 1268/1127/1177 1269/1126/1176 1405/1061/1112 1402/1062/1113
f 1402/1062/1113 1401/1063/1114 1267/1128/1178 1268/1127/1177
f 1401/1063/1114 1258/1064/1115 1266/1129/1179 1267/1128/1178
f 1256/1130/1180 1266/1129/1179 1258/1064/1115 1257/1065/1116
f 1257/1065/1116 1255/1066/1117 1254/1131/1181 1256/1130/1180
f 1255/1066/1117 1251/1067/1118 1253/1132/1182 1254/1131/1181
f 1251/1067/1118 1249/1068/1119 1252/1133/1183 1253/1132/1182
f 1249/1068/1119 1247/1069/1120 1248/1134/1184 1252/1133/1183
f 1247/1069/1120 1246/1070/1121 1223/1135/1185 1248/1134/1184
f 1246/1070/1121 1143/1071/1122 1222/1136/1186 1223/1135/1185
f 1143/1071/1122 1142/1072/1123 1221/1137/1187 1222/1136/1186
f 1142/1072/1123 1141/1073/1124 1220/1138/1188 1221/1137/1187
f 1141/1073/1124 1140/1074/1125 1219/1139/1189 1220/1138/1188
f 1140/1074/1125 1139/1075/1126 1218/1140/1190 1219/1139/1189
f 1139/1075/1126 148/1076/1127 273/1141/1191 1218/1140/1190
f 148/1076/1127 147/1077/1128 272/1142/1192 273/1141/1191
f 147/1077/1128 146/1078/1129 270/1143/1193 272/1142/1192
f 146/1078/1129 145/1079/1130 269/1144/1194 270/1143/1193
f 145/1079/1130 251/1080/1131 271/1145/1195 269/1144/1194
f 251/1080/1131 252/1081/1132 254/1146/1196 271/1145/1195
f 252/1081/1132 253/1082/1133 260/1147/1197 254/1146/1196
f 253/1082/1133 250/1083/1134 259/1148/1198 260/1147/1197
f 250/1083/1134 255/1084/1135 261/1149/1199 259/1148/1198
f 255/1084/1135 256/1085/1136 258/1150/1200 261/1149/1199
f 256/1085/1136 257/1086/1137 293/1151/1201 258/1150/1200
f 257/1086/1137 242/1087/1138 294/1152/1202 293/1151/1201
f 242/1087/1138 243/1088/1139 295/1153/1203 294/1152/1202
f 243/1088/1139 246/1089/1140 296/1154/1204 295/1153/1203
f 246/1089/1140 247/1090/1141 297/1155/1205 296/1154/1204
f 298/1156/1206 297/1155/1205 247/1090/1141 248/1091/1142
f 2200/1157/1207 298/1156/1206 248/1091/1142 2147/1092/1143
f 2201/1158/1208 2200/1157/1207 2147/1092/1143 2148/1093/1144
f 2148/1093/1144 2151/1094/1145 2202/1159/1209 2201/1158/1208
f 2203/1160/1210 2202/1159/1209 2151/1094/1145 2152/1095/1146
f 2204/1161/1211 2203/1160/1210 2152/1095/1146 2224/1096/1147
f 2224/1096/1147 2225/1097/1148 2226/1162/1212 2204/1161/1211
f 2228/1163/1213 2226/1162/1212 2225/1097/1148 2227/1098/1149
f 2229/1164/1214 2228/1163/1213 2227/1098/1149 2231/1099/1150
f 2230/1165/1215 2229/1164/1214 2231/1099/1150 2233/1100/1151
f 2234/1166/1216 2230/1165/1215 2233/1100/1151 2235/1101/1152
f 2244/1167/1217 2234/1166/1216 2235/1101/1152 2236/1102/1153
f 2245/1168/1218 2244/1167/1217 2236/1102/1153 2405/1103/1154
f 2246/1169/1219 2245/1168/1218 2405/1103/1154 2406/1104/1155
f 2247/1170/1220 2246/1169/1219 2406/1104/1155 2407/1105/1156
f 2248/1171/1221 2247/1170/1220 2407/1105/1156 2408/1106/1157
f 3183/1172/1159 2248/1171/1221 2408/1106/1157 3399/1107/1095
f 3204/1173/1222 3203/1174/1223 3183/1109/1159 3184/1108/1158
f 3207/1175/1224 3204/1173/1222 3184/1108/1158 3185/1110/1160
f 3208/1176/1225 3207/1175/1224 3185/1110/1160 3187/1111/1161
f 3210/1177/1226 3208/1176/1225 3187/1111/1161 3188/1112/1162
f 3194/1178/1227 3210/1177/1226 3188/1112/1162 3186/1113/1163
f 3196/1179/1228 3194/1178/1227 3186/1113/1163 3218/1114/1164
f 3229/1180/1229 3196/1179/1228 3218/1114/1164 3212/1115/1165
f 3226/1181/1230 3229/1180/1229 3212/1115/1165 3213/1116/1166
f 3228/1182/1231 3226/1181/1230 3213/1116/1166 3211/1117/1167
f 3177/1183/1232 3228/1182/1231 3211/1117/1167 3214/1118/1168
f 3174/1184/1233 3177/1183/1232 3214/1118/1168 3160/1119/1169
f 3182/1185/1234 3174/1184/1233 3160/1119/1169 3159/1120/1170
f 3171/1186/1235 3182/1185/1234 3159/1120/1170 3158/1121/1171
f 3169/1187/1236 3171/1186/1235 3158/1121/1171 3157/1122/1172
f 3157/1122/1172 3156/1123/1173 3167/1188/1237 3169/1187/1236
f 3156/1123/1173 3155/1124/1174 3165/1189/1238 3167/1188/1237
f 3155/1124/1174 1270/1125/1175 1289/1190/1239 3165/1189/1238
f 1270/1125/1175 1269/1126/1176 1287/1191/1240 1289/1190/1239
f 1285/1192/1241 1287/1191/1240 1269/1126/1176 1268/1127/1177
f 1268/1127/1177 1267/1128/1178 1280/1193/1242 1285/1192/1241
f 1267/1128/1178 1266/1129/1179 1273/1194/1243 1280/1193/1242
f 1266/1129/1179 1256/1130/1180 1272/1195/1244 1273/1194/1243
f 1256/1130/1180 1254/1131/1181 1264/1196/1245 1272/1195/1244
f 1254/1131/1181 1253/1132/1182 1261/1197/1246 1264/1196/1245
f 1253/1132/1182 1252/1133/1183 1259/1198/1247 1261/1197/1246
f 1252/1133/1183 1248/1134/1184 1240/1199/1248 1259/1198/1247
f 1248/1134/1184 1223/1135/1185 1238/1200/1249 1240/1199/1248
f 1223/1135/1185 1222/1136/1186 1233/1201/1250 1238/1200/1249
f 1222/1136/1186 1221/1137/1187 1229/1202/1251 1233/1201/1250
f 1221/1137/1187 1220/1138/1188 1228/1203/1252 1229/1202/1251
f 1220/1138/1188 1219/1139/1189 1225/1204/1253 1228/1203/1252
f 1219/1139/1189 1218/1140/1190 1224/1205/1254 1225/1204/1253
f 1218/1140/1190 273/1141/1191 279/1206/1255 1224/1205/1254
f 273/1141/1191 272/1142/1192 276/1207/1256 279/1206/1255
f 272/1142/1192 270/1143/1193 275/1208/1257 276/1207/1256
f 270/1143/1193 269/1144/1194 274/1209/1258 275/1208/1257
f 269/1144/1194 271/1145/1195 282/1210/1259 274/1209/1258
f 271/1145/1195 254/1146/1196 281/1211/1260 282/1210/1259
f 254/1146/1196 260/1147/1197 262/1212/1261 281/1211/1260
f 260/1147/1197 259/1148/1198 264/1213/1262 262/1212/1261
f 259/1148/1198 261/1149/1199 263/1214/1263 264/1213/1262
f 261/1149/1199 258/1150/1200 300/1215/1264 263/1214/1263
f 258/1150/1200 293/1151/1201 302/1216/1265 300/1215/1264
f 293/1151/1201 294/1152/1202 299/1217/1266 302/1216/1265
f 294/1152/1202 295/1153/1203 309/1218/1267 299/1217/1266
f 295/1153/1203 296/1154/1204 311/1219/1268 309/1218/1267
f 313/1220/1269 311/1219/1268 296/1154/1204 297/1155/1205
f 315/1221/1270 313/1220/1269 297/1155/1205 298/1156/1206
f 2205/1222/1271 315/1221/1270 298/1156/1206 2200/1157/1207
f 2207/1223/1272 2205/1222/1271 2200/1157/1207 2201/1158/1208
f 2201/1158/1208 2202/1159/1209 2209/1224/1273 2207/1223/1272
f 2214/1225/1274 2209/1224/1273 2202/1159/1209 2203/1160/1210
f 2216/1226/1275 2214/1225/1274 2203/1160/1210 2204/1161/1211
f 2218/1227/1276 2216/1226/1275 2204/1161/1211 2226/1162/1212
f 2237/1228/1277 2218/1227/1276 2226/1162/1212 2228/1163/1213
f 2239/1229/1278 2237/1228/1277 2228/1163/1213 2229/1164/1214
f 2242/1230/1279 2239/1229/1278 2229/1164/1214 2230/1165/1215
f 2250/1231/1280 2242/1230/1279 2230/1165/1215 2234/1166/1216
f 2251/1232/1281 2250/1231/1280 2234/1166/1216 2244/1167/1217
f 2261/1233/1282 2251/1232/1281 2244/1167/1217 2245/1168/1218
f 2264/1234/1283 2261/1233/1282 2245/1168/1218 2246/1169/1219
f 2265/1235/1284 2264/1234/1283 2246/1169/1219 2247/1170/1220
f 2267/1236/1285 2265/1235/1284 2247/1170/1220 2248/1171/1221
f 3203/1237/1223 2267/1236/1285 2248/1171/1221 3183/1172/1159
f 3202/1238/1286 3201/1239/1287 3203/1174/1223 3204/1173/1222
f 3205/1240/1288 3202/1238/1286 3204/1173/1222 3207/1175/1224
f 3206/1241/1289 3205/1240/1288 3207/1175/1224 3208/1176/1225
f 3192/1242/1290 3206/1241/1289 3208/1176/1225 3210/1177/1226
f 3195/1243/1291 3192/1242/1290 3210/1177/1226 3194/1178/1227
f 3193/1244/1292 3195/1243/1291 3194/1178/1227 3196/1179/1228
f 3225/1245/1293 3193/1244/1292 3196/1179/1228 3229/1180/1229
f 3227/1246/1294 3225/1245/1293 3229/1180/1229 3226/1181/1230
f 3224/1247/1295 3227/1246/1294 3226/1181/1230 3228/1182/1231
f 3176/1248/1296 3224/1247/1295 3228/1182/1231 3177/1183/1232
f 3175/1249/1297 3176/1248/1296 3177/1183/1232 3174/1184/1233
f 3173/1250/1298 3175/1249/1297 3174/1184/1233 3182/1185/1234
f 3182/1185/1234 3171/1186/1235 3170/1251/1299 3173/1250/1298
f 3171/1186/1235 3169/1187/1236 3168/1252/1300 3170/1251/1299
f 3169/1187/1236 3167/1188/1237 3166/1253/1301 3168/1252/1300
f 3167/1188/1237 3165/1189/1238 3164/1254/1302 3166/1253/1301
f 3165/1189/1238 1289/1190/1239 1288/1255/1303 3164/1254/1302
f 1289/1190/1239 1287/1191/1240 1286/1256/1304 1288/1255/1303
f 1287/1191/1240 1285/1192/1241 1284/1257/1305 1286/1256/1304
f 1285/1192/1241 1280/1193/1242 1275/1258/1306 1284/1257/1305
f 1280/1193/1242 1273/1194/1243 1274/1259/1307 1275/1258/1306
f 1273/1194/1243 1272/1195/1244 1271/1260/1308 1274/1259/1307
f 1272/1195/1244 1264/1196/1245 1263/1261/1309 1271/1260/1308
f 1264/1196/1245 1261/1197/1246 1262/1262/1310 1263/1261/1309
f 1261/1197/1246 1259/1198/1247 1260/1263/1311 1262/1262/1310
f 1259/1198/1247 1240/1199/1248 1241/1264/1312 1260/1263/1311
f 1240/1199/1248 1238/1200/1249 1239/1265/1313 1241/1264/1312
f 1238/1200/1249 1233/1201/1250 1237/1266/1314 1239/1265/1313
f 1233/1201/1250 1229/1202/1251 1231/1267/1315 1237/1266/1314
f 1229/1202/1251 1228/1203/1252 1230/1268/1316 1231/1267/1315
f 1228/1203/1252 1225/1204/1253 1227/1269/1317 1230/1268/1316
f 1225/1204/1253 1224/1205/1254 1226/1270/1318 1227/1269/1317
f 1224/1205/1254 279/1206/1255 280/1271/1319 1226/1270/1318
f 279/1206/1255 276/1207/1256 278/1272/1320 280/1271/1319
f 276/1207/1256 275/1208/1257 277/1273/1321 278/1272/1320
f 275/1208/1257 274/1209/1258 285/1274/1322 277/1273/1321
f 274/1209/1258 282/1210/1259 283/1275/1323 285/1274/1322
f 282/1210/1259 281/1211/1260 284/1276/1324 283/1275/1323
f 281/1211/1260 262/1212/1261 266/1277/1325 284/1276/1324
f 262/1212/1261 264/1213/1262 265/1278/1326 266/1277/1325
f 264/1213/1262 263/1214/1263 267/1279/1327 265/1278/1326
f 263/1214/1263 300/1215/1264 301/1280/1328 267/1279/1327
f 300/1215/1264 302/1216/1265 303/1281/1329 301/1280/1328
f 302/1216/1265 299/1217/1266 304/1282/1330 303/1281/1329
f 310/1283/1331 304/1282/1330 299/1217/1266 309/1218/1267
f 309/1218/1267 311/1219/1268 312/1284/1332 310/1283/1331
f 314/1285/1333 312/1284/1332 311/1219/1268 313/1220/1269
f 316/1286/1334 314/1285/1333 313/1220/1269 315/1221/1270
f 2206/1287/1335 316/1286/1334 315/1221/1270 2205/1222/1271
f 2208/1288/1336 2206/1287/1335 2205/1222/1271 2207/1223/1272
f 2210/1289/1337 2208/1288/1336 2207/1223/1272 2209/1224/1273
f 2215/1290/1338 2210/1289/1337 2209/1224/1273 2214/1225/1274
f 2217/1291/1339 2215/1290/1338 2214/1225/1274 2216/1226/1275
f 2219/1292/1340 2217/1291/1339 2216/1226/1275 2218/1227/1276
f 2238/1293/1341 2219/1292/1340 2218/1227/1276 2237/1228/1277
f 2240/1294/1342 2238/1293/1341 2237/1228/1277 2239/1229/1278
f 2241/1295/1343 2240/1294/1342 2239/1229/1278 2242/1230/1279
f 2249/1296/1344 2241/1295/1343 2242/1230/1279 2250/1231/1280
f 2252/1297/1345 2249/1296/1344 2250/1231/1280 2251/1232/1281
f 2253/1298/1346 2252/1297/1345 2251/1232/1281 2261/1233/1282
f 2262/1299/1347 2253/1298/1346 2261/1233/1282 2264/1234/1283
f 2264/1234/1283 2265/1235/1284 2263/1300/1348 2262/1299/1347
f 2266/1301/1349 2263/1300/1348 2265/1235/1284 2267/1236/1285
f 3201/1302/1287 2266/1301/1349 2267/1236/1285 3203/1237/1223
f 3201/1239/1287 3202/1238/1286 3189/1303/1350 3209/1304/1351
f 3202/1238/1286 3205/1240/1288 3190/1305/1352 3189/1303/1350
f 3191/1306/1353 3190/1305/1352 3205/1240/1288 3206/1241/1289
f 3199/1307/1354 3191/1306/1353 3206/1241/1289 3192/1242/1290
f 3192/1242/1290 3195/1243/1291 3198/1308/1355 3199/1307/1354
f 3195/1243/1291 3193/1244/1292 3200/1309/1356 3198/1308/1355
f 3193/1244/1292 3225/1245/1293 3197/1310/1357 3200/1309/1356
f 3225/1245/1293 3227/1246/1294 3230/1311/1358 3197/1310/1357
f 3227/1246/1294 3224/1247/1295 3180/1312/1359 3230/1311/1358
f 3224/1247/1295 3176/1248/1296 3181/1313/1360 3180/1312/1359
f 3176/1248/1296 3175/1249/1297 3179/1314/1361 3181/1313/1360
f 3175/1249/1297 3173/1250/1298 3178/1315/1362 3179/1314/1361
f 3173/1250/1298 3170/1251/1299 3163/1316/1363 3178/1315/1362
f 3162/1317/1364 3163/1316/1363 3170/1251/1299 3168/1252/1300
f 3168/1252/1300 3166/1253/1301 3161/1318/1365 3162/1317/1364
f 3166/1253/1301 3164/1254/1302 3172/1319/1366 3161/1318/1365
f 3164/1254/1302 1288/1255/1303 1283/1320/1367 3172/1319/1366
f 1288/1255/1303 1286/1256/1304 1282/1321/1368 1283/1320/1367
f 1281/1322/1369 1282/1321/1368 1286/1256/1304 1284/1257/1305
f 1284/1257/1305 1275/1258/1306 1279/1323/1370 1281/1322/1369
f 1275/1258/1306 1274/1259/1307 1278/1324/1371 1279/1323/1370
f 1274/1259/1307 1271/1260/1308 1277/1325/1372 1278/1324/1371
f 1271/1260/1308 1263/1261/1309 1276/1326/1373 1277/1325/1372
f 1263/1261/1309 1262/1262/1310 1265/1327/1374 1276/1326/1373
f 1262/1262/1310 1260/1263/1311 1245/1328/1375 1265/1327/1374
f 1260/1263/1311 1241/1264/1312 1244/1329/1376 1245/1328/1375
f 1241/1264/1312 1239/1265/1313 1243/1330/1377 1244/1329/1376
f 1239/1265/1313 1237/1266/1314 1242/1331/1378 1243/1330/1377
f 1237/1266/1314 1231/1267/1315 1236/1332/1379 1242/1331/1378
f 1231/1267/1315 1230/1268/1316 1235/1333/1380 1236/1332/1379
f 1230/1268/1316 1227/1269/1317 1234/1334/1381 1235/1333/1380
f 1227/1269/1317 1226/1270/1318 1232/1335/1382 1234/1334/1381
f 1226/1270/1318 280/1271/1319 292/1336/1383 1232/1335/1382
f 280/1271/1319 278/1272/1320 291/1337/1384 292/1336/1383
f 278/1272/1320 277/1273/1321 290/1338/1385 291/1337/1384
f 277/1273/1321 285/1274/1322 287/1339/1386 290/1338/1385
f 285/1274/1322 283/1275/1323 288/1340/1387 287/1339/1386
f 283/1275/1323 284/1276/1324 286/1341/1388 288/1340/1387
f 284/1276/1324 266/1277/1325 289/1342/1389 286/1341/1388
f 266/1277/1325 265/1278/1326 268/1343/1390 289/1342/1389
f 265/1278/1326 267/1279/1327 306/1344/1391 268/1343/1390
f 267/1279/1327 301/1280/1328 305/1345/1392 306/1344/1391
f 301/1280/1328 303/1281/1329 307/1346/1393 305/1345/1392
f 303/1281/1329 304/1282/1330 308/1347/1394 307/1346/1393
f 304/1282/1330 310/1283/1331 318/1348/1395 308/1347/1394
f 310/1283/1331 312/1284/1332 319/1349/1396 318/1348/1395
f 312/1284/1332 314/1285/1333 320/1350/1397 319/1349/1396
f 314/1285/1333 316/1286/1334 317/1351/1398 320/1350/1397
f 316/1286/1334 2206/1287/1335 2211/1352/1399 317/1351/1398
f 2206/1287/1335 2208/1288/1336 2212/1353/1400 2211/1352/1399
f 2208/1288/1336 2210/1289/1337 2213/1354/1401 2212/1353/1400
f 2220/1355/1402 2213/1354/1401 2210/1289/1337 2215/1290/1338
f 2215/1290/1338 2217/1291/1339 2221/1356/1403 2220/1355/1402
f 2217/1291/1339 2219/1292/1340 2222/1357/1404 2221/1356/1403
f 2219/1292/1340 2238/1293/1341 2223/1358/1405 2222/1357/1404
f 2238/1293/1341 2240/1294/1342 2243/1359/1406 2223/1358/1405
f 2240/1294/1342 2241/1295/1343 2254/1360/1407 2243/1359/1406
f 2241/1295/1343 2249/1296/1344 2255/1361/1408 2254/1360/1407
f 2249/1296/1344 2252/1297/1345 2256/1362/1409 2255/1361/1408
f 2252/1297/1345 2253/1298/1346 2257/1363/1410 2256/1362/1409
f 2253/1298/1346 2262/1299/1347 2258/1364/1411 2257/1363/1410
f 2259/1365/1412 2258/1364/1411 2262/1299/1347 2263/1300/1348
f 2263/1300/1348 2266/1301/1349 2260/1366/1413 2259/1365/1412
f 2266/1301/1349 3201/1302/1287 3209/1367/1351 2260/1366/1413
f 3209/1304/1351 3189/1303/1350 3281/1368/1414 3280/1369/1415
f 3189/1303/1350 3190/1305/1352 3282/1370/1416 3281/1368/1414
f 3190/1305/1352 3191/1306/1353 3283/1371/1417 3282/1370/1416
f 3191/1306/1353 3199/1307/1354 3292/1372/1418 3283/1371/1417
f 3199/1307/1354 3198/1308/1355 3289/1373/1419 3292/1372/1418
f 3198/1308/1355 3200/1309/1356 3291/1374/1420 3289/1373/1419
f 3200/1309/1356 3197/1310/1357 3290/1375/1421 3291/1374/1420
f 3197/1310/1357 3230/1311/1358 3231/1376/1422 3290/1375/1421
f 3230/1311/1358 3180/1312/1359 3272/1377/1423 3231/1376/1422
f 3180/1312/1359 3181/1313/1360 3273/1378/1424 3272/1377/1423
f 3181/1313/1360 3179/1314/1361 3270/1379/1425 3273/1378/1424
f 3179/1314/1361 3178/1315/1362 3271/1380/1426 3270/1379/1425
f 3178/1315/1362 3163/1316/1363 3264/1381/1427 3271/1380/1426
f 3163/1316/1363 3162/1317/1364 3263/1382/1428 3264/1381/1427
f 3162/1317/1364 3161/1318/1365 3262/1383/1429 3263/1382/1428
f 3161/1318/1365 3172/1319/1366 3261/1384/1430 3262/1383/1429
f 3172/1319/1366 1283/1320/1367 1346/1385/1431 3261/1384/1430
f 1283/1320/1367 1282/1321/1368 1345/1386/1432 1346/1385/1431
f 1282/1321/1368 1281/1322/1369 1344/1387/1433 1345/1386/1432
f 1281/1322/1369 1279/1323/1370 1341/1388/1434 1344/1387/1433
f 1279/1323/1370 1278/1324/1371 1340/1389/1435 1341/1388/1434
f 1278/1324/1371 1277/1325/1372 1339/1390/1436 1340/1389/1435
f 1277/1325/1372 1276/1326/1373 1338/1391/1437 1339/1390/1436
f 1276/1326/1373 1265/1327/1374 1309/1392/1438 1338/1391/1437
f 1265/1327/1374 1245/1328/1375 1302/1393/1439 1309/1392/1438
f 1245/1328/1375 1244/1329/1376 1301/1394/1440 1302/1393/1439
f 1244/1329/1376 1243/1330/1377 1300/1395/1441 1301/1394/1440
f 1243/1330/1377 1242/1331/1378 1299/1396/1442 1300/1395/1441
f 1242/1331/1378 1236/1332/1379 1293/1397/1443 1299/1396/1442
f 1236/1332/1379 1235/1333/1380 1292/1398/1444 1293/1397/1443
f 1235/1333/1380 1234/1334/1381 1291/1399/1445 1292/1398/1444
f 1234/1334/1381 1232/1335/1382 1290/1400/1446 1291/1399/1445
f 1232/1335/1382 292/1336/1383 329/1401/1447 1290/1400/1446
f 292/1336/1383 291/1337/1384 328/1402/1448 329/1401/1447
f 291/1337/1384 290/1338/1385 327/1403/1449 328/1402/1448
f 290/1338/1385 287/1339/1386 321/1404/1450 327/1403/1449
f 287/1339/1386 288/1340/1387 324/1405/1451 321/1404/1450
f 288/1340/1387 286/1341/1388 322/1406/1452 324/1405/1451
f 286/1341/1388 289/1342/1389 323/1407/1453 322/1406/1452
f 289/1342/1389 268/1343/1390 354/1408/1454 323/1407/1453
f 268/1343/1390 306/1344/1391 338/1409/1455 354/1408/1454
f 306/1344/1391 305/1345/1392 337/1410/1456 338/1409/1455
f 305/1345/1392 307/1346/1393 340/1411/1457 337/1410/1456
f 307/1346/1393 308/1347/1394 339/1412/1458 340/1411/1457
f 308/1347/1394 318/1348/1395 343/1413/1459 339/1412/1458
f 318/1348/1395 319/1349/1396 344/1414/1460 343/1413/1459
f 319/1349/1396 320/1350/1397 345/1415/1461 344/1414/1460
f 320/1350/1397 317/1351/1398 346/1416/1462 345/1415/1461
f 317/1351/1398 2211/1352/1399 2268/1417/1463 346/1416/1462
f 2211/1352/1399 2212/1353/1400 2269/1418/1464 2268/1417/1463
f 2212/1353/1400 2213/1354/1401 2270/1419/1465 2269/1418/1464
f 2213/1354/1401 2220/1355/1402 2276/1420/1466 2270/1419/1465
f 2220/1355/1402 2221/1356/1403 2277/1421/1467 2276/1420/1466
f 2221/1356/1403 2222/1357/1404 2278/1422/1468 2277/1421/1467
f 2222/1357/1404 2223/1358/1405 2279/1423/1469 2278/1422/1468
f 2223/1358/1405 2243/1359/1406 2286/1424/1470 2279/1423/1469
f 2243/1359/1406 2254/1360/1407 2315/1425/1471 2286/1424/1470
f 2254/1360/1407 2255/1361/1408 2316/1426/1472 2315/1425/1471
f 2255/1361/1408 2256/1362/1409 2317/1427/1473 2316/1426/1472
f 2256/1362/1409 2257/1363/1410 2318/1428/1474 2317/1427/1473
f 2257/1363/1410 2258/1364/1411 2321/1429/1475 2318/1428/1474
f 2258/1364/1411 2259/1365/1412 2322/1430/1476 2321/1429/1475
f 2259/1365/1412 2260/1366/1413 2323/1431/1477 2322/1430/1476
f 2260/1366/1413 3209/1367/1351 3280/1432/1415 2323/1431/1477
f 3280/1369/1415 3281/1368/1414 3285/1433/1478 3284/1434/1479
f 3286/1435/1480 3285/1433/1478 3281/1368/1414 3282/1370/1416
f 3288/1436/1481 3286/1435/1480 3282/1370/1416 3283/1371/1417
f 3283/1371/1417 3292/1372/1418 3287/1437/1482 3288/1436/1481
f 3292/1372/1418 3289/1373/1419 3293/1438/1483 3287/1437/1482
f 3289/1373/1419 3291/1374/1420 3294/1439/1484 3293/1438/1483
f 3234/1440/1485 3294/1439/1484 3291/1374/1420 3290/1375/1421
f 3232/1441/1486 3234/1440/1485 3290/1375/1421 3231/1376/1422
f 3231/1376/1422 3272/1377/1423 3233/1442/1487 3232/1441/1486
f 3275/1443/1488 3233/1442/1487 3272/1377/1423 3273/1378/1424
f 3274/1444/1489 3275/1443/1488 3273/1378/1424 3270/1379/1425
f 3270/1379/1425 3271/1380/1426 3269/1445/1490 3274/1444/1489
f 3271/1380/1426 3264/1381/1427 3268/1446/1491 3269/1445/1490
f 3267/1447/1492 3268/1446/1491 3264/1381/1427 3263/1382/1428
f 3266/1448/1493 3267/1447/1492 3263/1382/1428 3262/1383/1429
f 3262/1383/1429 3261/1384/1430 3265/1449/1494 3266/1448/1493
f 3261/1384/1430 1346/1385/1431 1350/1450/1495 3265/1449/1494
f 1349/1451/1496 1350/1450/1495 1346/1385/1431 1345/1386/1432
f 1348/1452/1497 1349/1451/1496 1345/1386/1432 1344/1387/1433
f 1344/1387/1433 1341/1388/1434 1347/1453/1498 1348/1452/1497
f 1341/1388/1434 1340/1389/1435 1343/1454/1499 1347/1453/1498
f 1340/1389/1435 1339/1390/1436 1342/1455/1500 1343/1454/1499
f 1339/1390/1436 1338/1391/1437 1312/1456/1501 1342/1455/1500
f 1338/1391/1437 1309/1392/1438 1311/1457/1502 1312/1456/1501
f 1309/1392/1438 1302/1393/1439 1310/1458/1503 1311/1457/1502
f 1302/1393/1439 1301/1394/1440 1304/1459/1504 1310/1458/1503
f 1301/1394/1440 1300/1395/1441 1303/1460/1505 1304/1459/1504
f 1300/1395/1441 1299/1396/1442 1298/1461/1506 1303/1460/1505
f 1299/1396/1442 1293/1397/1443 1297/1462/1507 1298/1461/1506
f 1293/1397/1443 1292/1398/1444 1296/1463/1508 1297/1462/1507
f 1292/1398/1444 1291/1399/1445 1295/1464/1509 1296/1463/1508
f 1291/1399/1445 1290/1400/1446 1294/1465/1510 1295/1464/1509
f 1290/1400/1446 329/1401/1447 333/1466/1511 1294/1465/1510
f 329/1401/1447 328/1402/1448 332/1467/1512 333/1466/1511
f 328/1402/1448 327/1403/1449 330/1468/1513 332/1467/1512
f 327/1403/1449 321/1404/1450 331/1469/1514 330/1468/1513
f 321/1404/1450 324/1405/1451 326/1470/1515 331/1469/1514
f 324/1405/1451 322/1406/1452 325/1471/1516 326/1470/1515
f 322/1406/1452 323/1407/1453 355/1472/1517 325/1471/1516
f 323/1407/1453 354/1408/1454 357/1473/1518 355/1472/1517
f 354/1408/1454 338/1409/1455 356/1474/1519 357/1473/1518
f 338/1409/1455 337/1410/1456 341/1475/1520 356/1474/1519
f 337/1410/1456 340/1411/1457 342/1476/1521 341/1475/1520
f 340/1411/1457 339/1412/1458 347/1477/1522 342/1476/1521
f 339/1412/1458 343/1413/1459 348/1478/1523 347/1477/1522
f 343/1413/1459 344/1414/1460 349/1479/1524 348/1478/1523
f 344/1414/1460 345/1415/1461 350/1480/1525 349/1479/1524
f 345/1415/1461 346/1416/1462 2271/1481/1526 350/1480/1525
f 346/1416/1462 2268/1417/1463 2272/1482/1527 2271/1481/1526
f 2268/1417/1463 2269/1418/1464 2273/1483/1528 2272/1482/1527
f 2269/1418/1464 2270/1419/1465 2274/1484/1529 2273/1483/1528
f 2270/1419/1465 2276/1420/1466 2275/1485/1530 2274/1484/1529
f 2276/1420/1466 2277/1421/1467 2280/1486/1531 2275/1485/1530
f 2277/1421/1467 2278/1422/1468 2281/1487/1532 2280/1486/1531
f 2287/1488/1533 2281/1487/1532 2278/1422/1468 2279/1423/1469
f 2288/1489/1534 2287/1488/1533 2279/1423/1469 2286/1424/1470
f 2286/1424/1470 2315/1425/1471 2289/1490/1535 2288/1489/1534
f 2319/1491/1536 2289/1490/1535 2315/1425/1471 2316/1426/1472
f 2320/1492/1537 2319/1491/1536 2316/1426/1472 2317/1427/1473
f 2317/1427/1473 2318/1428/1474 2324/1493/1538 2320/1492/1537
f 2318/1428/1474 2321/1429/1475 2325/1494/1539 2324/1493/1538
f 2326/1495/1540 2325/1494/1539 2321/1429/1475 2322/1430/1476
f 2327/1496/1541 2326/1495/1540 2322/1430/1476 2323/1431/1477
f 2323/1431/1477 3280/1432/1415 3284/1497/1479 2327/1496/1541
f 3296/1498/1542 3295/1499/1479 3284/1434/1479 3285/1433/1478
f 3297/1500/1543 3296/1498/1542 3285/1433/1478 3286/1435/1480
f 3298/1501/1544 3297/1500/1543 3286/1435/1480 3288/1436/1481
f 3244/1502/1545 3298/1501/1544 3288/1436/1481 3287/1437/1482
f 3243/1503/1546 3244/1502/1545 3287/1437/1482 3293/1438/1483
f 3293/1438/1483 3294/1439/1484 3254/1504/1547 3243/1503/1546
f 3294/1439/1484 3234/1440/1485 3255/1505/1548 3254/1504/1547
f 3251/1506/1549 3255/1505/1548 3234/1440/1485 3232/1441/1486
f 3232/1441/1486 3233/1442/1487 3253/1507/1550 3251/1506/1549
f 3252/1508/1551 3253/1507/1550 3233/1442/1487 3275/1443/1488
f 3275/1443/1488 3274/1444/1489 3236/1509/1552 3252/1508/1551
f 3235/1510/1490 3236/1509/1552 3274/1444/1489 3269/1445/1490
f 3269/1445/1490 3268/1446/1491 3279/1511/1553 3235/1510/1490
f 3268/1446/1491 3267/1447/1492 3278/1512/1492 3279/1511/1553
f 3277/1513/1554 3278/1512/1492 3267/1447/1492 3266/1448/1493
f 3276/1514/1555 3277/1513/1554 3266/1448/1493 3265/1449/1494
f 1353/1515/1556 3276/1514/1555 3265/1449/1494 1350/1450/1495
f 1352/1516/1557 1353/1515/1556 1350/1450/1495 1349/1451/1496
f 1349/1451/1496 1348/1452/1497 1351/1517/1558 1352/1516/1557
f 1348/1452/1497 1347/1453/1498 1332/1518/1559 1351/1517/1558
f 1347/1453/1498 1343/1454/1499 1331/1519/1560 1332/1518/1559
f 1343/1454/1499 1342/1455/1500 1325/1520/1561 1331/1519/1560
f 1342/1455/1500 1312/1456/1501 1324/1521/1562 1325/1520/1561
f 1312/1456/1501 1311/1457/1502 1323/1522/1563 1324/1521/1562
f 1311/1457/1502 1310/1458/1503 1322/1523/1564 1323/1522/1563
f 1310/1458/1503 1304/1459/1504 1321/1524/1565 1322/1523/1564
f 1304/1459/1504 1303/1460/1505 1314/1525/1566 1321/1524/1565
f 1303/1460/1505 1298/1461/1506 1313/1526/1567 1314/1525/1566
f 1298/1461/1506 1297/1462/1507 1308/1527/1568 1313/1526/1567
f 1297/1462/1507 1296/1463/1508 1307/1528/1508 1308/1527/1568
f 1296/1463/1508 1295/1464/1509 1306/1529/1569 1307/1528/1508
f 1295/1464/1509 1294/1465/1510 1305/1530/1510 1306/1529/1569
f 1294/1465/1510 333/1466/1511 336/1531/1570 1305/1530/1510
f 333/1466/1511 332/1467/1512 335/1532/1571 336/1531/1570
f 332/1467/1512 330/1468/1513 334/1533/1572 335/1532/1571
f 330/1468/1513 331/1469/1514 368/1534/1573 334/1533/1572
f 331/1469/1514 326/1470/1515 369/1535/1574 368/1534/1573
f 326/1470/1515 325/1471/1516 359/1536/1575 369/1535/1574
f 325/1471/1516 355/1472/1517 358/1537/1576 359/1536/1575
f 355/1472/1517 357/1473/1518 362/1538/1577 358/1537/1576
f 357/1473/1518 356/1474/1519 360/1539/1578 362/1538/1577
f 356/1474/1519 341/1475/1520 361/1540/1579 360/1539/1578
f 341/1475/1520 342/1476/1521 375/1541/1580 361/1540/1579
f 342/1476/1521 347/1477/1522 376/1542/1522 375/1541/1580
f 351/1543/1581 376/1542/1522 347/1477/1522 348/1478/1523
f 348/1478/1523 349/1479/1524 352/1544/1524 351/1543/1581
f 349/1479/1524 350/1480/1525 353/1545/1582 352/1544/1524
f 350/1480/1525 2271/1481/1526 2282/1546/1583 353/1545/1582
f 2271/1481/1526 2272/1482/1527 2283/1547/1584 2282/1546/1583
f 2272/1482/1527 2273/1483/1528 2284/1548/1528 2283/1547/1584
f 2285/1549/1585 2284/1548/1528 2273/1483/1528 2274/1484/1529
f 2290/1550/1586 2285/1549/1585 2274/1484/1529 2275/1485/1530
f 2291/1551/1587 2290/1550/1586 2275/1485/1530 2280/1486/1531
f 2280/1486/1531 2281/1487/1532 2298/1552/1588 2291/1551/1587
f 2281/1487/1532 2287/1488/1533 2299/1553/1589 2298/1552/1588
f 2300/1554/1590 2299/1553/1589 2287/1488/1533 2288/1489/1534
f 2288/1489/1534 2289/1490/1535 2301/1555/1591 2300/1554/1590
f 2302/1556/1592 2301/1555/1591 2289/1490/1535 2319/1491/1536
f 2319/1491/1536 2320/1492/1537 2308/1557/1593 2302/1556/1592
f 2309/1558/1594 2308/1557/1593 2320/1492/1537 2324/1493/1538
f 2328/1559/1595 2309/1558/1594 2324/1493/1538 2325/1494/1539
f 2325/1494/1539 2326/1495/1540 2329/1560/1540 2328/1559/1595
f 2330/1561/1596 2329/1560/1540 2326/1495/1540 2327/1496/1541
f 3295/1562/1479 2330/1561/1596 2327/1496/1541 3284/1497/1479
f 3246/1563/1597 3245/1564/1598 3295/1499/1479 3296/1498/1542
f 3247/1565/1599 3246/1563/1597 3296/1498/1542 3297/1500/1543
f 3250/1566/1600 3247/1565/1599 3297/1500/1543 3298/1501/1544
f 3298/1501/1544 3244/1502/1545 3248/1567/1601 3250/1566/1600
f 3244/1502/1545 3243/1503/1546 3249/1568/1602 3248/1567/1601
f 3260/1569/1603 3249/1568/1602 3243/1503/1546 3254/1504/1547
f 3254/1504/1547 3255/1505/1548 3257/1570/1604 3260/1569/1603
f 3255/1505/1548 3251/1506/1549 3258/1571/1605 3257/1570/1604
f 3256/1572/1606 3258/1571/1605 3251/1506/1549 3253/1507/1550
f 3253/1507/1550 3252/1508/1551 3259/1573/1607 3256/1572/1606
f 3252/1508/1551 3236/1509/1552 3242/1574/1608 3259/1573/1607
f 3240/1575/1609 3242/1574/1608 3236/1509/1552 3235/1510/1490
f 3235/1510/1490 3279/1511/1553 3241/1576/1610 3240/1575/1609
f 3279/1511/1553 3278/1512/1492 3239/1577/1611 3241/1576/1610
f 3278/1512/1492 3277/1513/1554 3238/1578/1612 3239/1577/1611
f 3237/1579/1613 3238/1578/1612 3277/1513/1554 3276/1514/1555
f 1337/1580/1614 3237/1579/1613 3276/1514/1555 1353/1515/1556
f 1353/1515/1556 1352/1516/1557 1336/1581/1615 1337/1580/1614
f 1352/1516/1557 1351/1517/1558 1335/1582/1616 1336/1581/1615
f 1351/1517/1558 1332/1518/1559 1334/1583/1617 1335/1582/1616
f 1332/1518/1559 1331/1519/1560 1333/1584/1618 1334/1583/1617
f 1331/1519/1560 1325/1520/1561 1330/1585/1619 1333/1584/1618
f 1325/1520/1561 1324/1521/1562 1329/1586/1620 1330/1585/1619
f 1324/1521/1562 1323/1522/1563 1328/1587/1621 1329/1586/1620
f 1323/1522/1563 1322/1523/1564 1327/1588/1622 1328/1587/1621
f 1322/1523/1564 1321/1524/1565 1326/1589/1623 1327/1588/1622
f 1321/1524/1565 1314/1525/1566 1320/1590/1624 1326/1589/1623
f 1314/1525/1566 1313/1526/1567 1319/1591/1625 1320/1590/1624
f 1313/1526/1567 1308/1527/1568 1318/1592/1626 1319/1591/1625
f 1308/1527/1568 1307/1528/1508 1317/1593/1627 1318/1592/1626
f 1307/1528/1508 1306/1529/1569 1316/1594/1628 1317/1593/1627
f 1306/1529/1569 1305/1530/1510 1315/1595/1629 1316/1594/1628
f 1305/1530/1510 336/1531/1570 374/1596/1630 1315/1595/1629
f 336/1531/1570 335/1532/1571 373/1597/1631 374/1596/1630
f 335/1532/1571 334/1533/1572 370/1598/1632 373/1597/1631
f 334/1533/1572 368/1534/1573 372/1599/1633 370/1598/1632
f 368/1534/1573 369/1535/1574 371/1600/1634 372/1599/1633
f 369/1535/1574 359/1536/1575 363/1601/1635 371/1600/1634
f 359/1536/1575 358/1537/1576 366/1602/1636 363/1601/1635
f 358/1537/1576 362/1538/1577 365/1603/1637 366/1602/1636
f 362/1538/1577 360/1539/1578 367/1604/1638 365/1603/1637
f 360/1539/1578 361/1540/1579 364/1605/1639 367/1604/1638
f 361/1540/1579 375/1541/1580 377/1606/1640 364/1605/1639
f 375/1541/1580 376/1542/1522 379/1607/1641 377/1606/1640
f 376/1542/1522 351/1543/1581 378/1608/1642 379/1607/1641
f 380/1609/1643 378/1608/1642 351/1543/1581 352/1544/1524
f 352/1544/1524 353/1545/1582 381/1610/1644 380/1609/1643
f 353/1545/1582 2282/1546/1583 2292/1611/1645 381/1610/1644
f 2282/1546/1583 2283/1547/1584 2293/1612/1646 2292/1611/1645
f 2294/1613/1647 2293/1612/1646 2283/1547/1584 2284/1548/1528
f 2295/1614/1648 2294/1613/1647 2284/1548/1528 2285/1549/1585
f 2285/1549/1585 2290/1550/1586 2296/1615/1649 2295/1614/1648
f 2290/1550/1586 2291/1551/1587 2297/1616/1650 2296/1615/1649
f 2303/1617/1651 2297/1616/1650 2291/1551/1587 2298/1552/1588
f 2298/1552/1588 2299/1553/1589 2304/1618/1652 2303/1617/1651
f 2299/1553/1589 2300/1554/1590 2305/1619/1653 2304/1618/1652
f 2306/1620/1654 2305/1619/1653 2300/1554/1590 2301/1555/1591
f 2301/1555/1591 2302/1556/1592 2307/1621/1655 2306/1620/1654
f 2302/1556/1592 2308/1557/1593 2310/1622/1656 2307/1621/1655
f 2311/1623/1657 2310/1622/1656 2308/1557/1593 2309/1558/1594
f 2309/1558/1594 2328/1559/1595 2312/1624/1658 2311/1623/1657
f 2313/1625/1659 2312/1624/1658 2328/1559/1595 2329/1560/1540
f 2329/1560/1540 2330/1561/1596 2314/1626/1660 2313/1625/1659
f 3245/1627/1598 2314/1626/1660 2330/1561/1596 3295/1562/1479
f 3245/1564/1598 3246/1563/1597 3655/1628/1661 3652/1629/1662
f 3246/1563/1597 3247/1565/1599 3658/1630/1663 3655/1628/1661
f 3247/1565/1599 3250/1566/1600 3662/1631/1664 3658/1630/1663
f 3250/1566/1600 3248/1567/1601 3669/1632/1665 3662/1631/1664
f 3248/1567/1601 3249/1568/1602 3676/1633/1666 3669/1632/1665
f 3249/1568/1602 3260/1569/1603 3648/1634/1667 3676/1633/1666
f 3260/1569/1603 3257/1570/1604 3741/1635/1668 3648/1634/1667
f 3257/1570/1604 3258/1571/1605 3733/1636/1669 3741/1635/1668
f 3258/1571/1605 3256/1572/1606 3736/1637/1670 3733/1636/1669
f 3256/1572/1606 3259/1573/1607 3580/1638/1671 3736/1637/1670
f 3259/1573/1607 3242/1574/1608 3592/1639/1672 3580/1638/1671
f 3242/1574/1608 3240/1575/1609 3586/1640/1673 3592/1639/1672
f 3240/1575/1609 3241/1576/1610 3577/1641/1674 3586/1640/1673
f 3241/1576/1610 3239/1577/1611 3573/1642/1675 3577/1641/1674
f 3239/1577/1611 3238/1578/1612 3566/1643/1676 3573/1642/1675
f 3238/1578/1612 3237/1579/1613 3563/1644/1677 3566/1643/1676
f 3237/1579/1613 1337/1580/1614 1774/1645/1678 3563/1644/1677
f 1337/1580/1614 1336/1581/1615 1769/1646/1679 1774/1645/1678
f 1336/1581/1615 1335/1582/1616 1767/1647/1680 1769/1646/1679
f 1335/1582/1616 1334/1583/1617 1759/1648/1681 1767/1647/1680
f 1334/1583/1617 1333/1584/1618 1754/1649/1682 1759/1648/1681
f 1333/1584/1618 1330/1585/1619 1750/1650/1683 1754/1649/1682
f 1330/1585/1619 1329/1586/1620 1689/1651/1684 1750/1650/1683
f 1329/1586/1620 1328/1587/1621 1684/1652/1685 1689/1651/1684
f 1328/1587/1621 1327/1588/1622 1678/1653/1686 1684/1652/1685
f 1327/1588/1622 1326/1589/1623 1621/1654/1687 1678/1653/1686
f 1326/1589/1623 1320/1590/1624 1616/1655/1688 1621/1654/1687
f 1320/1590/1624 1319/1591/1625 1613/1656/1689 1616/1655/1688
f 1319/1591/1625 1318/1592/1626 1606/1657/1690 1613/1656/1689
f 1318/1592/1626 1317/1593/1627 1602/1658/1691 1606/1657/1690
f 1317/1593/1627 1316/1594/1628 1599/1659/1692 1602/1658/1691
f 1316/1594/1628 1315/1595/1629 1596/1660/1693 1599/1659/1692
f 1315/1595/1629 374/1596/1630 741/1661/1694 1596/1660/1693
f 374/1596/1630 373/1597/1631 737/1662/1695 741/1661/1694
f 373/1597/1631 370/1598/1632 735/1663/1696 737/1662/1695
f 370/1598/1632 372/1599/1633 729/1664/1697 735/1663/1696
f 372/1599/1633 371/1600/1634 720/1665/1698 729/1664/1697
f 371/1600/1634 363/1601/1635 744/1666/1699 720/1665/1698
f 363/1601/1635 366/1602/1636 651/1667/1700 744/1666/1699
f 366/1602/1636 365/1603/1637 659/1668/1701 651/1667/1700
f 365/1603/1637 367/1604/1638 656/1669/1702 659/1668/1701
f 367/1604/1638 364/1605/1639 804/1670/1703 656/1669/1702
f 364/1605/1639 377/1606/1640 791/1671/1704 804/1670/1703
f 377/1606/1640 379/1607/1641 799/1672/1705 791/1671/1704
f 379/1607/1641 378/1608/1642 809/1673/1706 799/1672/1705
f 378/1608/1642 380/1609/1643 811/1674/1707 809/1673/1706
f 380/1609/1643 381/1610/1644 817/1675/1708 811/1674/1707
f 381/1610/1644 2292/1611/1645 2586/1676/1709 817/1675/1708
f 2292/1611/1645 2293/1612/1646 2589/1677/1710 2586/1676/1709
f 2293/1612/1646 2294/1613/1647 2593/1678/1711 2589/1677/1710
f 2294/1613/1647 2295/1614/1648 2597/1679/1712 2593/1678/1711
f 2295/1614/1648 2296/1615/1649 2604/1680/1713 2597/1679/1712
f 2296/1615/1649 2297/1616/1650 2607/1681/1714 2604/1680/1713
f 2297/1616/1650 2303/1617/1651 2612/1682/1715 2607/1681/1714
f 2303/1617/1651 2304/1618/1652 2668/1683/1716 2612/1682/1715
f 2304/1618/1652 2305/1619/1653 2673/1684/1717 2668/1683/1716
f 2305/1619/1653 2306/1620/1654 2679/1685/1718 2673/1684/1717
f 2306/1620/1654 2307/1621/1655 2741/1686/1719 2679/1685/1718
f 2307/1621/1655 2310/1622/1656 2745/1687/1720 2741/1686/1719
f 2310/1622/1656 2311/1623/1657 2750/1688/1721 2745/1687/1720
f 2311/1623/1657 2312/1624/1658 2758/1689/1722 2750/1688/1721
f 2312/1624/1658 2313/1625/1659 2760/1690/1723 2758/1689/1722
f 2313/1625/1659 2314/1626/1660 2764/1691/1724 2760/1690/1723
f 2314/1626/1660 3245/1627/1598 3652/1692/1662 2764/1691/1724
f 3656/1693/1725 3653/1694/1726 3652/1629/1662 3655/1628/1661
f 3659/1695/1727 3656/1693/1725 3655/1628/1661 3658/1630/1663
f 3663/1696/1728 3659/1695/1727 3658/1630/1663 3662/1631/1664
f 3670/1697/1729 3663/1696/1728 3662/1631/1664 3669/1632/1665
f 3677/1698/1730 3670/1697/1729 3669/1632/1665 3676/1633/1666
f 3649/1699/1731 3677/1698/1730 3676/1633/1666 3648/1634/1667
f 3742/1700/1732 3649/1699/1731 3648/1634/1667 3741/1635/1668
f 3741/1635/1668 3733/1636/1669 3734/1701/1733 3742/1700/1732
f 3737/1702/1734 3734/1701/1733 3733/1636/1669 3736/1637/1670
f 3736/1637/1670 3580/1638/1671 3581/1703/1735 3737/1702/1734
f 3580/1638/1671 3592/1639/1672 3593/1704/1736 3581/1703/1735
f 3592/1639/1672 3586/1640/1673 3587/1705/1737 3593/1704/1736
f 3586/1640/1673 3577/1641/1674 3578/1706/1738 3587/1705/1737
f 3577/1641/1674 3573/1642/1675 3574/1707/1739 3578/1706/1738
f 3573/1642/1675 3566/1643/1676 3567/1708/1740 3574/1707/1739
f 3566/1643/1676 3563/1644/1677 3564/1709/1741 3567/1708/1740
f 3563/1644/1677 1774/1645/1678 1775/1710/1742 3564/1709/1741
f 1774/1645/1678 1769/1646/1679 1770/1711/1743 1775/1710/1742
f 1769/1646/1679 1767/1647/1680 1768/1712/1744 1770/1711/1743
f 1767/1647/1680 1759/1648/1681 1760/1713/1745 1768/1712/1744
f 1759/1648/1681 1754/1649/1682 1755/1714/1746 1760/1713/1745
f 1754/1649/1682 1750/1650/1683 1751/1715/1747 1755/1714/1746
f 1750/1650/1683 1689/1651/1684 1690/1716/1748 1751/1715/1747
f 1689/1651/1684 1684/1652/1685 1685/1717/1749 1690/1716/1748
f 1684/1652/1685 1678/1653/1686 1679/1718/1750 1685/1717/1749
f 1678/1653/1686 1621/1654/1687 1622/1719/1751 1679/1718/1750
f 1621/1654/1687 1616/1655/1688 1617/1720/1752 1622/1719/1751
f 1616/1655/1688 1613/1656/1689 1614/1721/1753 1617/1720/1752
f 1613/1656/1689 1606/1657/1690 1607/1722/1754 1614/1721/1753
f 1606/1657/1690 1602/1658/1691 1603/1723/1755 1607/1722/1754
f 1602/1658/1691 1599/1659/1692 1600/1724/1756 1603/1723/1755
f 1599/1659/1692 1596/1660/1693 1597/1725/1757 1600/1724/1756
f 1596/1660/1693 741/1661/1694 742/1726/1758 1597/1725/1757
f 741/1661/1694 737/1662/1695 738/1727/1759 742/1726/1758
f 737/1662/1695 735/1663/1696 736/1728/1760 738/1727/1759
f 735/1663/1696 729/1664/1697 730/1729/1761 736/1728/1760
f 729/1664/1697 720/1665/1698 721/1730/1762 730/1729/1761
f 720/1665/1698 744/1666/1699 745/1731/1763 721/1730/1762
f 744/1666/1699 651/1667/1700 652/1732/1764 745/1731/1763
f 660/1733/1765 652/1732/1764 651/1667/1700 659/1668/1701
f 659/1668/1701 656/1669/1702 657/1734/1766 660/1733/1765
f 805/1735/1767 657/1734/1766 656/1669/1702 804/1670/1703
f 792/1736/1768 805/1735/1767 804/1670/1703 791/1671/1704
f 800/1737/1769 792/1736/1768 791/1671/1704 799/1672/1705
f 810/1738/1770 800/1737/1769 799/1672/1705 809/1673/1706
f 812/1739/1771 810/1738/1770 809/1673/1706 811/1674/1707
f 818/1740/1772 812/1739/1771 811/1674/1707 817/1675/1708
f 2587/1741/1773 818/1740/1772 817/1675/1708 2586/1676/1709
f 2590/1742/1774 2587/1741/1773 2586/1676/1709 2589/1677/1710
f 2594/1743/1775 2590/1742/1774 2589/1677/1710 2593/1678/1711
f 2598/1744/1776 2594/1743/1775 2593/1678/1711 2597/1679/1712
f 2605/1745/1777 2598/1744/1776 2597/1679/1712 2604/1680/1713
f 2608/1746/1778 2605/1745/1777 2604/1680/1713 2607/1681/1714
f 2613/1747/1779 2608/1746/1778 2607/1681/1714 2612/1682/1715
f 2669/1748/1780 2613/1747/1779 2612/1682/1715 2668/1683/1716
f 2674/1749/1781 2669/1748/1780 2668/1683/1716 2673/1684/1717
f 2680/1750/1782 2674/1749/1781 2673/1684/1717 2679/1685/1718
f 2742/1751/1783 2680/1750/1782 2679/1685/1718 2741/1686/1719
f 2746/1752/1784 2742/1751/1783 2741/1686/1719 2745/1687/1720
f 2751/1753/1785 2746/1752/1784 2745/1687/1720 2750/1688/1721
f 2759/1754/1786 2751/1753/1785 2750/1688/1721 2758/1689/1722
f 2761/1755/1787 2759/1754/1786 2758/1689/1722 2760/1690/1723
f 2765/1756/1788 2761/1755/1787 2760/1690/1723 2764/1691/1724
f 3653/1757/1726 2765/1756/1788 2764/1691/1724 3652/1692/1662
f 3657/1758/1789 3654/1759/1790 3653/1694/1726 3656/1693/1725
f 3660/1760/1791 3657/1758/1789 3656/1693/1725 3659/1695/1727
f 3672/1761/1792 3660/1760/1791 3659/1695/1727 3663/1696/1728
f 3663/1696/1728 3670/1697/1729 3671/1762/1793 3672/1761/1792
f 3678/1763/1794 3671/1762/1793 3670/1697/1729 3677/1698/1730
f 3650/1764/1795 3678/1763/1794 3677/1698/1730 3649/1699/1731
f 3649/1699/1731 3742/1700/1732 3743/1765/1796 3650/1764/1795
f 3742/1700/1732 3734/1701/1733 3735/1766/1797 3743/1765/1796
f 3734/1701/1733 3737/1702/1734 3738/1767/1798 3735/1766/1797
f 3582/1768/1799 3738/1767/1798 3737/1702/1734 3581/1703/1735
f 3581/1703/1735 3593/1704/1736 3594/1769/1800 3582/1768/1799
f 3593/1704/1736 3587/1705/1737 3588/1770/1801 3594/1769/1800
f 3584/1771/1802 3588/1770/1801 3587/1705/1737 3578/1706/1738
f 3578/1706/1738 3574/1707/1739 3575/1772/1803 3584/1771/1802
f 3574/1707/1739 3567/1708/1740 3568/1773/1804 3575/1772/1803
f 3567/1708/1740 3564/1709/1741 3565/1774/1805 3568/1773/1804
f 3564/1709/1741 1775/1710/1742 1776/1775/1806 3565/1774/1805
f 1775/1710/1742 1770/1711/1743 1772/1776/1807 1776/1775/1806
f 1770/1711/1743 1768/1712/1744 1764/1777/1808 1772/1776/1807
f 1768/1712/1744 1760/1713/1745 1761/1778/1809 1764/1777/1808
f 1760/1713/1745 1755/1714/1746 1756/1779/1810 1761/1778/1809
f 1755/1714/1746 1751/1715/1747 1753/1780/1811 1756/1779/1810
f 1751/1715/1747 1690/1716/1748 1691/1781/1812 1753/1780/1811
f 1690/1716/1748 1685/1717/1749 1686/1782/1813 1691/1781/1812
f 1685/1717/1749 1679/1718/1750 1680/1783/1814 1686/1782/1813
f 1679/1718/1750 1622/1719/1751 1624/1784/1815 1680/1783/1814
f 1622/1719/1751 1617/1720/1752 1620/1785/1816 1624/1784/1815
f 1617/1720/1752 1614/1721/1753 1615/1786/1817 1620/1785/1816
f 1614/1721/1753 1607/1722/1754 1610/1787/1818 1615/1786/1817
f 1607/1722/1754 1603/1723/1755 1605/1788/1819 1610/1787/1818
f 1603/1723/1755 1600/1724/1756 1601/1789/1820 1605/1788/1819
f 1600/1724/1756 1597/1725/1757 1598/1790/1821 1601/1789/1820
f 1597/1725/1757 742/1726/1758 743/1791/1822 1598/1790/1821
f 742/1726/1758 738/1727/1759 740/1792/1823 743/1791/1822
f 738/1727/1759 736/1728/1760 728/1793/1824 740/1792/1823
f 731/1794/1825 728/1793/1824 736/1728/1760 730/1729/1761
f 730/1729/1761 721/1730/1762 724/1795/1826 731/1794/1825
f 721/1730/1762 745/1731/1763 747/1796/1827 724/1795/1826
f 653/1797/1828 747/1796/1827 745/1731/1763 652/1732/1764
f 661/1798/1829 653/1797/1828 652/1732/1764 660/1733/1765
f 658/1799/1830 661/1798/1829 660/1733/1765 657/1734/1766
f 657/1734/1766 805/1735/1767 807/1800/1831 658/1799/1830
f 795/1801/1832 807/1800/1831 805/1735/1767 792/1736/1768
f 801/1802/1833 795/1801/1832 792/1736/1768 800/1737/1769
f 800/1737/1769 810/1738/1770 803/1803/1834 801/1802/1833
f 814/1804/1835 803/1803/1834 810/1738/1770 812/1739/1771
f 819/1805/1836 814/1804/1835 812/1739/1771 818/1740/1772
f 2588/1806/1837 819/1805/1836 818/1740/1772 2587/1741/1773
f 2591/1807/1838 2588/1806/1837 2587/1741/1773 2590/1742/1774
f 2595/1808/1839 2591/1807/1838 2590/1742/1774 2594/1743/1775
f 2601/1809/1840 2595/1808/1839 2594/1743/1775 2598/1744/1776
f 2606/1810/1841 2601/1809/1840 2598/1744/1776 2605/1745/1777
f 2611/1811/1842 2606/1810/1841 2605/1745/1777 2608/1746/1778
f 2614/1812/1843 2611/1811/1842 2608/1746/1778 2613/1747/1779
f 2670/1813/1844 2614/1812/1843 2613/1747/1779 2669/1748/1780
f 2675/1814/1845 2670/1813/1844 2669/1748/1780 2674/1749/1781
f 2681/1815/1846 2675/1814/1845 2674/1749/1781 2680/1750/1782
f 2743/1816/1847 2681/1815/1846 2680/1750/1782 2742/1751/1783
f 2747/1817/1848 2743/1816/1847 2742/1751/1783 2746/1752/1784
f 2752/1818/1849 2747/1817/1848 2746/1752/1784 2751/1753/1785
f 2755/1819/1850 2752/1818/1849 2751/1753/1785 2759/1754/1786
f 2762/1820/1851 2755/1819/1850 2759/1754/1786 2761/1755/1787
f 2766/1821/1852 2762/1820/1851 2761/1755/1787 2765/1756/1788
f 3654/1822/1790 2766/1821/1852 2765/1756/1788 3653/1757/1726
f 3654/1759/1790 3657/1758/1789 3666/1823/1853 3664/1824/1854
f 3661/1825/1855 3666/1823/1853 3657/1758/1789 3660/1760/1791
f 3673/1826/1856 3661/1825/1855 3660/1760/1791 3672/1761/1792
f 3672/1761/1792 3671/1762/1793 3674/1827/1857 3673/1826/1856
f 3679/1828/1858 3674/1827/1857 3671/1762/1793 3678/1763/1794
f 3678/1763/1794 3650/1764/1795 3651/1829/1859 3679/1828/1858
f 3744/1830/1860 3651/1829/1859 3650/1764/1795 3743/1765/1796
f 3743/1765/1796 3735/1766/1797 3746/1831/1861 3744/1830/1860
f 3735/1766/1797 3738/1767/1798 3739/1832/1862 3746/1831/1861
f 3738/1767/1798 3582/1768/1799 3583/1833/1863 3739/1832/1862
f 3595/1834/1864 3583/1833/1863 3582/1768/1799 3594/1769/1800
f 3594/1769/1800 3588/1770/1801 3589/1835/1865 3595/1834/1864
f 3588/1770/1801 3584/1771/1802 3585/1836/1866 3589/1835/1865
f 3584/1771/1802 3575/1772/1803 3576/1837/1867 3585/1836/1866
f 3575/1772/1803 3568/1773/1804 3571/1838/1868 3576/1837/1867
f 3568/1773/1804 3565/1774/1805 3569/1839/1869 3571/1838/1868
f 3565/1774/1805 1776/1775/1806 1777/1840/1870 3569/1839/1869
f 1776/1775/1806 1772/1776/1807 1771/1841/1871 1777/1840/1870
f 1772/1776/1807 1764/1777/1808 1765/1842/1872 1771/1841/1871
f 1764/1777/1808 1761/1778/1809 1763/1843/1873 1765/1842/1872
f 1761/1778/1809 1756/1779/1810 1758/1844/1874 1763/1843/1873
f 1756/1779/1810 1753/1780/1811 1752/1845/1875 1758/1844/1874
f 1753/1780/1811 1691/1781/1812 1687/1846/1876 1752/1845/1875
f 1691/1781/1812 1686/1782/1813 1683/1847/1877 1687/1846/1876
f 1686/1782/1813 1680/1783/1814 1681/1848/1878 1683/1847/1877
f 1680/1783/1814 1624/1784/1815 1623/1849/1879 1681/1848/1878
f 1624/1784/1815 1620/1785/1816 1619/1850/1880 1623/1849/1879
f 1620/1785/1816 1615/1786/1817 1612/1851/1881 1619/1850/1880
f 1615/1786/1817 1610/1787/1818 1609/1852/1882 1612/1851/1881
f 1610/1787/1818 1605/1788/1819 1604/1853/1883 1609/1852/1882
f 1605/1788/1819 1601/1789/1820 1594/1854/1884 1604/1853/1883
f 1592/1855/1885 1594/1854/1884 1601/1789/1820 1598/1790/1821
f 734/1856/1886 1592/1855/1885 1598/1790/1821 743/1791/1822
f 743/1791/1822 740/1792/1823 739/1857/1887 734/1856/1886
f 740/1792/1823 728/1793/1824 727/1858/1888 739/1857/1887
f 726/1859/1889 727/1858/1888 728/1793/1824 731/1794/1825
f 731/1794/1825 724/1795/1826 723/1860/1890 726/1859/1889
f 746/1861/1891 723/1860/1890 724/1795/1826 747/1796/1827
f 747/1796/1827 653/1797/1828 650/1862/1892 746/1861/1891
f 648/1863/1893 650/1862/1892 653/1797/1828 661/1798/1829
f 655/1864/1894 648/1863/1893 661/1798/1829 658/1799/1830
f 806/1865/1895 655/1864/1894 658/1799/1830 807/1800/1831
f 807/1800/1831 795/1801/1832 794/1866/1896 806/1865/1895
f 798/1867/1897 794/1866/1896 795/1801/1832 801/1802/1833
f 802/1868/1898 798/1867/1897 801/1802/1833 803/1803/1834
f 813/1869/1899 802/1868/1898 803/1803/1834 814/1804/1835
f 816/1870/1900 813/1869/1899 814/1804/1835 819/1805/1836
f 2583/1871/1901 816/1870/1900 819/1805/1836 2588/1806/1837
f 2585/1872/1902 2583/1871/1901 2588/1806/1837 2591/1807/1838
f 2596/1873/1903 2585/1872/1902 2591/1807/1838 2595/1808/1839
f 2600/1874/1904 2596/1873/1903 2595/1808/1839 2601/1809/1840
f 2602/1875/1905 2600/1874/1904 2601/1809/1840 2606/1810/1841
f 2609/1876/1906 2602/1875/1905 2606/1810/1841 2611/1811/1842
f 2615/1877/1907 2609/1876/1906 2611/1811/1842 2614/1812/1843
f 2672/1878/1908 2615/1877/1907 2614/1812/1843 2670/1813/1844
f 2676/1879/1909 2672/1878/1908 2670/1813/1844 2675/1814/1845
f 2678/1880/1910 2676/1879/1909 2675/1814/1845 2681/1815/1846
f 2744/1881/1911 2678/1880/1910 2681/1815/1846 2743/1816/1847
f 2748/1882/1912 2744/1881/1911 2743/1816/1847 2747/1817/1848
f 2753/1883/1913 2748/1882/1912 2747/1817/1848 2752/1818/1849
f 2756/1884/1914 2753/1883/1913 2752/1818/1849 2755/1819/1850
f 2763/1885/1915 2756/1884/1914 2755/1819/1850 2762/1820/1851
f 2768/1886/1916 2763/1885/1915 2762/1820/1851 2766/1821/1852
f 2766/1821/1852 3654/1822/1790 3664/1887/1854 2768/1886/1916
f 3664/1824/1854 3666/1823/1853 3667/1888/1917 3665/1889/1918
f 3668/1890/1919 3667/1888/1917 3666/1823/1853 3661/1825/1855
f 3661/1825/1855 3673/1826/1856 3681/1891/1920 3668/1890/1919
f 3675/1892/1921 3681/1891/1920 3673/1826/1856 3674/1827/1857
f 3674/1827/1857 3679/1828/1858 3680/1893/1922 3675/1892/1921
f 3679/1828/1858 3651/1829/1859 3749/1894/1923 3680/1893/1922
f 3651/1829/1859 3744/1830/1860 3745/1895/1924 3749/1894/1923
f 3744/1830/1860 3746/1831/1861 3747/1896/1925 3745/1895/1924
f 3746/1831/1861 3739/1832/1862 3740/1897/1926 3747/1896/1925
f 3739/1832/1862 3583/1833/1863 3748/1898/1927 3740/1897/1926
f 3583/1833/1863 3595/1834/1864 3596/1899/1928 3748/1898/1927
f 3595/1834/1864 3589/1835/1865 3590/1900/1929 3596/1899/1928
f 3589/1835/1865 3585/1836/1866 3591/1901/1930 3590/1900/1929
f 3585/1836/1866 3576/1837/1867 3579/1902/1931 3591/1901/1930
f 3576/1837/1867 3571/1838/1868 3572/1903/1932 3579/1902/1931
f 3571/1838/1868 3569/1839/1869 3570/1904/1933 3572/1903/1932
f 3569/1839/1869 1777/1840/1870 1778/1905/1934 3570/1904/1933
f 1777/1840/1870 1771/1841/1871 1773/1906/1935 1778/1905/1934
f 1771/1841/1871 1765/1842/1872 1766/1907/1936 1773/1906/1935
f 1765/1842/1872 1763/1843/1873 1762/1908/1937 1766/1907/1936
f 1763/1843/1873 1758/1844/1874 1757/1909/1938 1762/1908/1937
f 1758/1844/1874 1752/1845/1875 1692/1910/1939 1757/1909/1938
f 1752/1845/1875 1687/1846/1876 1688/1911/1940 1692/1910/1939
f 1687/1846/1876 1683/1847/1877 1682/1912/1941 1688/1911/1940
f 1683/1847/1877 1681/1848/1878 1677/1913/1942 1682/1912/1941
f 1681/1848/1878 1623/1849/1879 1676/1914/1943 1677/1913/1942
f 1623/1849/1879 1619/1850/1880 1618/1915/1944 1676/1914/1943
f 1619/1850/1880 1612/1851/1881 1611/1916/1945 1618/1915/1944
f 1612/1851/1881 1609/1852/1882 1608/1917/1946 1611/1916/1945
f 1595/1918/1947 1608/1917/1946 1609/1852/1882 1604/1853/1883
f 1604/1853/1883 1594/1854/1884 1593/1919/1948 1595/1918/1947
f 1591/1920/1949 1593/1919/1948 1594/1854/1884 1592/1855/1885
f 733/1921/1950 1591/1920/1949 1592/1855/1885 734/1856/1886
f 734/1856/1886 739/1857/1887 732/1922/1951 733/1921/1950
f 719/1923/1952 732/1922/1951 739/1857/1887 727/1858/1888
f 727/1858/1888 726/1859/1889 725/1924/1953 719/1923/1952
f 722/1925/1954 725/1924/1953 726/1859/1889 723/1860/1890
f 645/1926/1955 722/1925/1954 723/1860/1890 746/1861/1891
f 649/1927/1956 645/1926/1955 746/1861/1891 650/1862/1892
f 647/1928/1957 649/1927/1956 650/1862/1892 648/1863/1893
f 654/1929/1958 647/1928/1957 648/1863/1893 655/1864/1894
f 646/1930/1959 654/1929/1958 655/1864/1894 806/1865/1895
f 793/1931/1960 646/1930/1959 806/1865/1895 794/1866/1896
f 797/1932/1961 793/1931/1960 794/1866/1896 798/1867/1897
f 796/1933/1962 797/1932/1961 798/1867/1897 802/1868/1898
f 808/1934/1963 796/1933/1962 802/1868/1898 813/1869/1899
f 815/1935/1964 808/1934/1963 813/1869/1899 816/1870/1900
f 2582/1936/1965 815/1935/1964 816/1870/1900 2583/1871/1901
f 2584/1937/1966 2582/1936/1965 2583/1871/1901 2585/1872/1902
f 2592/1938/1967 2584/1937/1966 2585/1872/1902 2596/1873/1903
f 2599/1939/1968 2592/1938/1967 2596/1873/1903 2600/1874/1904
f 2603/1940/1969 2599/1939/1968 2600/1874/1904 2602/1875/1905
f 2610/1941/1970 2603/1940/1969 2602/1875/1905 2609/1876/1906
f 2667/1942/1971 2610/1941/1970 2609/1876/1906 2615/1877/1907
f 2671/1943/1972 2667/1942/1971 2615/1877/1907 2672/1878/1908
f 2677/1944/1973 2671/1943/1972 2672/1878/1908 2676/1879/1909
f 2682/1945/1974 2677/1944/1973 2676/1879/1909 2678/1880/1910
f 2683/1946/1975 2682/1945/1974 2678/1880/1910 2744/1881/1911
f 2749/1947/1976 2683/1946/1975 2744/1881/1911 2748/1882/1912
f 2754/1948/1977 2749/1947/1976 2748/1882/1912 2753/1883/1913
f 2757/1949/1978 2754/1948/1977 2753/1883/1913 2756/1884/1914
f 2756/1884/1914 2763/1885/1915 2767/1950/1979 2757/1949/1978
f 2769/1951/1980 2767/1950/1979 2763/1885/1915 2768/1886/1916
f 2768/1886/1916 3664/1887/1854 3665/1952/1918 2769/1951/1980
f 3665/1889/1918 3667/1888/1917 3985/1953/5 3984/1954/5
f 3667/1888/1917 3668/1890/1919 3996/1955/5 3985/1953/5
f 3668/1890/1919 3681/1891/1920 3997/1956/5 3996/1955/5
f 3681/1891/1920 3675/1892/1921 3956/1957/5 3997/1956/5
f 3675/1892/1921 3680/1893/1922 3959/1958/5 3956/1957/5
f 3680/1893/1922 3749/1894/1923 3958/1959/5 3959/1958/5
f 3749/1894/1923 3745/1895/1924 4046/1960/5 3958/1959/5
f 3745/1895/1924 3747/1896/1925 4047/1961/5 4046/1960/5
f 3747/1896/1925 3740/1897/1926 4045/1962/5 4047/1961/5
f 3740/1897/1926 3748/1898/1927 3862/1963/5 4045/1962/5
f 3748/1898/1927 3596/1899/1928 3861/1964/5 3862/1963/5
f 3596/1899/1928 3590/1900/1929 3859/1965/5 3861/1964/5
f 3590/1900/1929 3591/1901/1930 3852/1966/5 3859/1965/5
f 3591/1901/1930 3579/1902/1931 3849/1967/5 3852/1966/5
f 3579/1902/1931 3572/1903/1932 3840/1968/5 3849/1967/5
f 3572/1903/1932 3570/1904/1933 3837/1969/5 3840/1968/5
f 3570/1904/1933 1778/1905/1934 1893/1970/5 3837/1969/5
f 1778/1905/1934 1773/1906/1935 1885/1971/5 1893/1970/5
f 1773/1906/1935 1766/1907/1936 1883/1972/5 1885/1971/5
f 1766/1907/1936 1762/1908/1937 1830/1973/5 1883/1972/5
f 1762/1908/1937 1757/1909/1938 1825/1974/5 1830/1973/5
f 1757/1909/1938 1692/1910/1939 1822/1975/5 1825/1974/5
f 1692/1910/1939 1688/1911/1940 1571/1976/5 1822/1975/5
f 1688/1911/1940 1682/1912/1941 1570/1977/5 1571/1976/5
f 1567/1978/5 1570/1977/5 1682/1912/1941 1677/1913/1942
f 1505/1979/5 1567/1978/5 1677/1913/1942 1676/1914/1943
f 1502/1980/5 1505/1979/5 1676/1914/1943 1618/1915/1944
f 1618/1915/1944 1611/1916/1945 1500/1981/5 1502/1980/5
f 1454/1982/5 1500/1981/5 1611/1916/1945 1608/1917/1946
f 1453/1983/5 1454/1982/5 1608/1917/1946 1595/1918/1947
f 1443/1984/5 1453/1983/5 1595/1918/1947 1593/1919/1948
f 1442/1985/5 1443/1984/5 1593/1919/1948 1591/1920/1949
f 436/1986/5 1442/1985/5 1591/1920/1949 733/1921/1950
f 428/1987/5 436/1986/5 733/1921/1950 732/1922/1951
f 427/1988/5 428/1987/5 732/1922/1951 719/1923/1952
f 448/1989/5 427/1988/5 719/1923/1952 725/1924/1953
f 442/1990/5 448/1989/5 725/1924/1953 722/1925/1954
f 443/1991/5 442/1990/5 722/1925/1954 645/1926/1955
f 393/1992/5 443/1991/5 645/1926/1955 649/1927/1956
f 392/1993/5 393/1992/5 649/1927/1956 647/1928/1957
f 394/1994/5 392/1993/5 647/1928/1957 654/1929/1958
f 535/1995/5 394/1994/5 654/1929/1958 646/1930/1959
f 536/1996/5 535/1995/5 646/1930/1959 793/1931/1960
f 541/1997/5 536/1996/5 793/1931/1960 797/1932/1961
f 562/1998/5 541/1997/5 797/1932/1961 796/1933/1962
f 565/1999/5 562/1998/5 796/1933/1962 808/1934/1963
f 573/2000/5 565/1999/5 808/1934/1963 815/1935/1964
f 576/2001/5 573/2000/5 815/1935/1964 2582/1936/1965
f 2481/2002/5 576/2001/5 2582/1936/1965 2584/1937/1966
f 2487/2003/5 2481/2002/5 2584/1937/1966 2592/1938/1967
f 2489/2004/5 2487/2003/5 2592/1938/1967 2599/1939/1968
f 2529/2005/5 2489/2004/5 2599/1939/1968 2603/1940/1969
f 2531/2006/5 2529/2005/5 2603/1940/1969 2610/1941/1970
f 2534/2007/5 2531/2006/5 2610/1941/1970 2667/1942/1971
f 2817/2008/5 2534/2007/5 2667/1942/1971 2671/1943/1972
f 2818/2009/5 2817/2008/5 2671/1943/1972 2677/1944/1973
f 2677/1944/1973 2682/1945/1974 2821/2010/5 2818/2009/5
f 2682/1945/1974 2683/1946/1975 2841/2011/5 2821/2010/5
f 2683/1946/1975 2749/1947/1976 2844/2012/5 2841/2011/5
f 2849/2013/5 2844/2012/5 2749/1947/1976 2754/1948/1977
f 2754/1948/1977 2757/1949/1978 2902/2014/5 2849/2013/5
f 2757/1949/1978 2767/1950/1979 2903/2015/5 2902/2014/5
f 2767/1950/1979 2769/1951/1980 2912/2016/5 2903/2015/5
f 2769/1951/1980 3665/1952/1918 3984/2017/5 2912/2016/5
f 3988/2018/1981 3986/2019/1982 3984/1954/1982 3985/1953/1981
f 3998/2020/1983 3988/2018/1981 3985/1953/1981 3996/1955/1983
f 3996/1955/1983 3997/1956/1984 4000/2021/1984 3998/2020/1983
f 3997/1956/1984 3956/1957/1985 4006/2022/1985 4000/2021/1984
f 3956/1957/1985 3959/1958/1986 4012/2023/1986 4006/2022/1985
f 3959/1958/1986 3958/1959/1987 3960/2024/1987 4012/2023/1986
f 3958/1959/1987 4046/1960/1988 4059/2025/1988 3960/2024/1987
f 4046/1960/1988 4047/1961/1989 4048/2026/1989 4059/2025/1988
f 4047/1961/1989 4045/1962/1990 4055/2027/1990 4048/2026/1989
f 4045/1962/1990 3862/1963/1991 3863/2028/1991 4055/2027/1990
f 3862/1963/1991 3861/1964/1992 3893/2029/1992 3863/2028/1991
f 3861/1964/1992 3859/1965/1993 3888/2030/1993 3893/2029/1992
f 3859/1965/1993 3852/1966/1994 3853/2031/1994 3888/2030/1993
f 3852/1966/1994 3849/1967/1995 3850/2032/1995 3853/2031/1994
f 3849/1967/1995 3840/1968/1996 3841/2033/1996 3850/2032/1995
f 3840/1968/1996 3837/1969/1997 3838/2034/1997 3841/2033/1996
f 3837/1969/1997 1893/1970/1998 1894/2035/1998 3838/2034/1997
f 1893/1970/1998 1885/1971/1999 1886/2036/1999 1894/2035/1998
f 1885/1971/1999 1883/1972/2000 1884/2037/2000 1886/2036/1999
f 1883/1972/2000 1830/1973/2001 1855/2038/2001 1884/2037/2000
f 1830/1973/2001 1825/1974/2002 1851/2039/2002 1855/2038/2001
f 1825/1974/2002 1822/1975/2003 1824/2040/2003 1851/2039/2002
f 1822/1975/2003 1571/1976/2004 1578/2041/2004 1824/2040/2003
f 1571/1976/2004 1570/1977/2005 1569/2042/2005 1578/2041/2004
f 1570/1977/2005 1567/1978/2006 1563/2043/2006 1569/2042/2005
f 1567/1978/2006 1505/1979/2007 1504/2044/2007 1563/2043/2006
f 1505/1979/2007 1502/1980/2008 1466/2045/2008 1504/2044/2007
f 1502/1980/2008 1500/1981/2009 1462/2046/2009 1466/2045/2008
f 1452/2047/2010 1462/2046/2009 1500/1981/2009 1454/1982/2010
f 1454/1982/2010 1453/1983/2011 1451/2048/2011 1452/2047/2010
f 1453/1983/2011 1443/1984/2012 1441/2049/2012 1451/2048/2011
f 1443/1984/2012 1442/1985/2013 1439/2050/2013 1441/2049/2012
f 1442/1985/2013 436/1986/2014 435/2051/2014 1439/2050/2013
f 436/1986/2014 428/1987/2015 426/2052/2015 435/2051/2014
f 424/2053/2016 426/2052/2015 428/1987/2015 427/1988/2016
f 420/2054/2017 424/2053/2016 427/1988/2016 448/1989/2017
f 415/2055/2018 420/2054/2017 448/1989/2017 442/1990/2018
f 441/2056/2019 415/2055/2018 442/1990/2018 443/1991/2019
f 383/2057/2020 441/2056/2019 443/1991/2019 393/1992/2020
f 391/2058/2021 383/2057/2020 393/1992/2020 392/1993/2021
f 387/2059/2022 391/2058/2021 392/1993/2021 394/1994/2022
f 534/2060/2023 387/2059/2022 394/1994/2022 535/1995/2023
f 524/2061/2024 534/2060/2023 535/1995/2023 536/1996/2024
f 528/2062/2025 524/2061/2024 536/1996/2024 541/1997/2025
f 561/2063/2026 528/2062/2025 541/1997/2025 562/1998/2026
f 564/2064/2027 561/2063/2026 562/1998/2026 565/1999/2027
f 572/2065/2028 564/2064/2027 565/1999/2027 573/2000/2028
f 575/2066/2029 572/2065/2028 573/2000/2028 576/2001/2029
f 2480/2067/2030 575/2066/2029 576/2001/2029 2481/2002/2030
f 2486/2068/2031 2480/2067/2030 2481/2002/2030 2487/2003/2031
f 2488/2069/2032 2486/2068/2031 2487/2003/2031 2489/2004/2032
f 2520/2070/2033 2488/2069/2032 2489/2004/2032 2529/2005/2033
f 2525/2071/2034 2520/2070/2033 2529/2005/2033 2531/2006/2034
f 2532/2072/2035 2525/2071/2034 2531/2006/2034 2534/2007/2035
f 2813/2073/2036 2532/2072/2035 2534/2007/2035 2817/2008/2036
f 2819/2074/2037 2813/2073/2036 2817/2008/2036 2818/2009/2037
f 2828/2075/2038 2819/2074/2037 2818/2009/2037 2821/2010/2038
f 2842/2076/2039 2828/2075/2038 2821/2010/2038 2841/2011/2039
f 2893/2077/2040 2842/2076/2039 2841/2011/2039 2844/2012/2040
f 2896/2078/2041 2893/2077/2040 2844/2012/2040 2849/2013/2041
f 2849/2013/2041 2902/2014/2042 2904/2079/2042 2896/2078/2041
f 2905/2080/2043 2904/2079/2042 2902/2014/2042 2903/2015/2043
f 2913/2081/2044 2905/2080/2043 2903/2015/2043 2912/2016/2044
f 3986/2082/1982 2913/2081/2044 2912/2016/2044 3984/2017/1982
f 3989/2083/2045 3987/2084/2046 3986/2019/2046 3988/2018/2045
f 3999/2085/2047 3989/2083/2045 3988/2018/2045 3998/2020/2047
f 4008/2086/2048 3999/2085/2047 3998/2020/2047 4000/2021/2048
f 4000/2021/2048 4006/2022/2049 4007/2087/2049 4008/2086/2048
f 4013/2088/2050 4007/2087/2049 4006/2022/2049 4012/2023/2050
f 3961/2089/2051 4013/2088/2050 4012/2023/2050 3960/2024/2051
f 3960/2024/2051 4059/2025/2052 4060/2090/2052 3961/2089/2051
f 4059/2025/2052 4048/2026/2053 4049/2091/2053 4060/2090/2052
f 4048/2026/2053 4055/2027/2054 4056/2092/2054 4049/2091/2053
f 4055/2027/2054 3863/2028/2055 3864/2093/2055 4056/2092/2054
f 3863/2028/2055 3893/2029/2056 3894/2094/2056 3864/2093/2055
f 3893/2029/2056 3888/2030/2057 3889/2095/2057 3894/2094/2056
f 3888/2030/2057 3853/2031/2058 3887/2096/2058 3889/2095/2057
f 3853/2031/2058 3850/2032/2059 3851/2097/2059 3887/2096/2058
f 3850/2032/2059 3841/2033/2060 3842/2098/2060 3851/2097/2059
f 3841/2033/2060 3838/2034/2061 3839/2099/2061 3842/2098/2060
f 3838/2034/2061 1894/2035/2062 1895/2100/2062 3839/2099/2061
f 1894/2035/2062 1886/2036/2063 1887/2101/2063 1895/2100/2062
f 1886/2036/2063 1884/2037/2064 1856/2102/2064 1887/2101/2063
f 1884/2037/2064 1855/2038/2065 1854/2103/2065 1856/2102/2064
f 1855/2038/2065 1851/2039/2066 1850/2104/2066 1854/2103/2065
f 1851/2039/2066 1824/2040/2067 1823/2105/2067 1850/2104/2066
f 1824/2040/2067 1578/2041/2068 1577/2106/2068 1823/2105/2067
f 1578/2041/2068 1569/2042/2069 1568/2107/2069 1577/2106/2068
f 1569/2042/2069 1563/2043/2070 1564/2108/2070 1568/2107/2069
f 1563/2043/2070 1504/2044/2071 1503/2109/2071 1564/2108/2070
f 1504/2044/2071 1466/2045/2072 1467/2110/2072 1503/2109/2071
f 1466/2045/2072 1462/2046/2073 1461/2111/2073 1467/2110/2072
f 1462/2046/2073 1452/2047/2074 1460/2112/2074 1461/2111/2073
f 1452/2047/2074 1451/2048/2075 1450/2113/2075 1460/2112/2074
f 1451/2048/2075 1441/2049/2076 1440/2114/2076 1450/2113/2075
f 1441/2049/2076 1439/2050/2077 1438/2115/2077 1440/2114/2076
f 1439/2050/2077 435/2051/2078 434/2116/2078 1438/2115/2077
f 435/2051/2078 426/2052/2079 425/2117/2079 434/2116/2078
f 426/2052/2079 424/2053/2080 418/2118/2080 425/2117/2079
f 419/2119/2081 418/2118/2080 424/2053/2080 420/2054/2081
f 420/2054/2081 415/2055/2082 414/2120/2082 419/2119/2081
f 415/2055/2082 441/2056/2083 440/2121/2083 414/2120/2082
f 382/2122/2084 440/2121/2083 441/2056/2083 383/2057/2084
f 390/2123/2085 382/2122/2084 383/2057/2084 391/2058/2085
f 386/2124/2086 390/2123/2085 391/2058/2085 387/2059/2086
f 533/2125/2087 386/2124/2086 387/2059/2086 534/2060/2087
f 523/2126/2088 533/2125/2087 534/2060/2087 524/2061/2088
f 527/2127/2089 523/2126/2088 524/2061/2088 528/2062/2089
f 529/2128/2090 527/2127/2089 528/2062/2089 561/2063/2090
f 563/2129/2091 529/2128/2090 561/2063/2090 564/2064/2091
f 571/2130/2092 563/2129/2091 564/2064/2091 572/2065/2092
f 574/2131/2093 571/2130/2092 572/2065/2092 575/2066/2093
f 2479/2132/2094 574/2131/2093 575/2066/2093 2480/2067/2094
f 2485/2133/2095 2479/2132/2094 2480/2067/2094 2486/2068/2095
f 2519/2134/2096 2485/2133/2095 2486/2068/2095 2488/2069/2096
f 2521/2135/2097 2519/2134/2096 2488/2069/2096 2520/2070/2097
f 2526/2136/2098 2521/2135/2097 2520/2070/2097 2525/2071/2098
f 2533/2137/2099 2526/2136/2098 2525/2071/2098 2532/2072/2099
f 2814/2138/2100 2533/2137/2099 2532/2072/2099 2813/2073/2100
f 2820/2139/2101 2814/2138/2100 2813/2073/2100 2819/2074/2101
f 2827/2140/2102 2820/2139/2101 2819/2074/2101 2828/2075/2102
f 2843/2141/2103 2827/2140/2102 2828/2075/2102 2842/2076/2103
f 2892/2142/2104 2843/2141/2103 2842/2076/2103 2893/2077/2104
f 2897/2143/2105 2892/2142/2104 2893/2077/2104 2896/2078/2105
f 2898/2144/2106 2897/2143/2105 2896/2078/2105 2904/2079/2106
f 2906/2145/2107 2898/2144/2106 2904/2079/2106 2905/2080/2107
f 2914/2146/2108 2906/2145/2107 2905/2080/2107 2913/2081/2108
f 3987/2147/2046 2914/2146/2108 2913/2081/2108 3986/2082/2046
f 3995/2148/2109 3993/2149/2110 3987/2084/2110 3989/2083/2109
f 4004/2150/2111 3995/2148/2109 3989/2083/2109 3999/2085/2111
f 4011/2151/2112 4004/2150/2111 3999/2085/2111 4008/2086/2112
f 4008/2086/2112 4007/2087/2113 4010/2152/2113 4011/2151/2112
f 4015/2153/2114 4010/2152/2113 4007/2087/2113 4013/2088/2114
f 3965/2154/2115 4015/2153/2114 4013/2088/2114 3961/2089/2115
f 3961/2089/2115 4060/2090/2116 4062/2155/2116 3965/2154/2115
f 4060/2090/2116 4049/2091/2117 4054/2156/2117 4062/2155/2116
f 4049/2091/2117 4056/2092/2118 4058/2157/2118 4054/2156/2117
f 3868/2158/2119 4058/2157/2118 4056/2092/2118 3864/2093/2119
f 3864/2093/2119 3894/2094/2120 3896/2159/2120 3868/2158/2119
f 3894/2094/2120 3889/2095/2121 3892/2160/2121 3896/2159/2120
f 3890/2161/2122 3892/2160/2121 3889/2095/2121 3887/2096/2122
f 3887/2096/2122 3851/2097/2123 3856/2162/2123 3890/2161/2122
f 3851/2097/2123 3842/2098/2124 3848/2163/2124 3856/2162/2123
f 3842/2098/2124 3839/2099/2125 3845/2164/2125 3848/2163/2124
f 3839/2099/2125 1895/2100/2126 1898/2165/2126 3845/2164/2125
f 1895/2100/2126 1887/2101/2127 1892/2166/2127 1898/2165/2126
f 1887/2101/2127 1856/2102/2128 1859/2167/2128 1892/2166/2127
f 1856/2102/2128 1854/2103/2129 1857/2168/2129 1859/2167/2128
f 1854/2103/2129 1850/2104/2130 1852/2169/2130 1857/2168/2129
f 1850/2104/2130 1823/2105/2131 1827/2170/2131 1852/2169/2130
f 1823/2105/2131 1577/2106/2132 1579/2171/2132 1827/2170/2131
f 1577/2106/2132 1568/2107/2133 1573/2172/2133 1579/2171/2132
f 1568/2107/2133 1564/2108/2134 1566/2173/2134 1573/2172/2133
f 1564/2108/2134 1503/2109/2135 1507/2174/2135 1566/2173/2134
f 1503/2109/2135 1467/2110/2136 1469/2175/2136 1507/2174/2135
f 1467/2110/2136 1461/2111/2137 1464/2176/2137 1469/2175/2136
f 1461/2111/2137 1460/2112/2138 1463/2177/2138 1464/2176/2137
f 1460/2112/2138 1450/2113/2139 1455/2178/2139 1463/2177/2138
f 1450/2113/2139 1440/2114/2140 1446/2179/2140 1455/2178/2139
f 1440/2114/2140 1438/2115/2141 1444/2180/2141 1446/2179/2140
f 1438/2115/2141 434/2116/2142 437/2181/2142 1444/2180/2141
f 434/2116/2142 425/2117/2143 430/2182/2143 437/2181/2142
f 425/2117/2143 418/2118/2144 421/2183/2144 430/2182/2143
f 422/2184/2145 421/2183/2144 418/2118/2144 419/2119/2145
f 419/2119/2145 414/2120/2146 416/2185/2146 422/2184/2145
f 414/2120/2146 440/2121/2147 444/2186/2147 416/2185/2146
f 384/2187/2148 444/2186/2147 440/2121/2147 382/2122/2148
f 382/2122/2148 390/2123/2149 395/2188/2149 384/2187/2148
f 390/2123/2149 386/2124/2150 388/2189/2150 395/2188/2149
f 386/2124/2150 533/2125/2151 537/2190/2151 388/2189/2150
f 525/2191/2152 537/2190/2151 533/2125/2151 523/2126/2152
f 530/2192/2153 525/2191/2152 523/2126/2152 527/2127/2153
f 527/2127/2153 529/2128/2154 532/2193/2154 530/2192/2153
f 568/2194/2155 532/2193/2154 529/2128/2154 563/2129/2155
f 577/2195/2156 568/2194/2155 563/2129/2155 571/2130/2156
f 580/2196/2157 577/2195/2156 571/2130/2156 574/2131/2157
f 2482/2197/2158 580/2196/2157 574/2131/2157 2479/2132/2158
f 2490/2198/2159 2482/2197/2158 2479/2132/2158 2485/2133/2159
f 2522/2199/2160 2490/2198/2159 2485/2133/2159 2519/2134/2160
f 2524/2200/2161 2522/2199/2160 2519/2134/2160 2521/2135/2161
f 2528/2201/2162 2524/2200/2161 2521/2135/2161 2526/2136/2162
f 2537/2202/2163 2528/2201/2162 2526/2136/2162 2533/2137/2163
f 2816/2203/2164 2537/2202/2163 2533/2137/2163 2814/2138/2164
f 2814/2138/2164 2820/2139/2165 2825/2204/2165 2816/2203/2164
f 2820/2139/2165 2827/2140/2166 2829/2205/2166 2825/2204/2165
f 2847/2206/2167 2829/2205/2166 2827/2140/2166 2843/2141/2167
f 2894/2207/2168 2847/2206/2167 2843/2141/2167 2892/2142/2168
f 2900/2208/2169 2894/2207/2168 2892/2142/2168 2897/2143/2169
f 2901/2209/2170 2900/2208/2169 2897/2143/2169 2898/2144/2170
f 2911/2210/2171 2901/2209/2170 2898/2144/2170 2906/2145/2171
f 2917/2211/2172 2911/2210/2171 2906/2145/2171 2914/2146/2172
f 3993/2212/2110 2917/2211/2172 2914/2146/2172 3987/2147/2110
f 3994/2213/2173 3992/2214/2174 3993/2149/2174 3995/2148/2173
f 4003/2215/2175 3994/2213/2173 3995/2148/2173 4004/2150/2175
f 4005/2216/2176 4003/2215/2175 4004/2150/2175 4011/2151/2176
f 4009/2217/2177 4005/2216/2176 4011/2151/2176 4010/2152/2177
f 4014/2218/2178 4009/2217/2177 4010/2152/2177 4015/2153/2178
f 3964/2219/2179 4014/2218/2178 4015/2153/2178 3965/2154/2179
f 4061/2220/2180 3964/2219/2179 3965/2154/2179 4062/2155/2180
f 4062/2155/2180 4054/2156/2181 4053/2221/2181 4061/2220/2180
f 4057/2222/2182 4053/2221/2181 4054/2156/2181 4058/2157/2182
f 3867/2223/2183 4057/2222/2182 4058/2157/2182 3868/2158/2183
f 3868/2158/2183 3896/2159/2184 3895/2224/2184 3867/2223/2183
f 3896/2159/2184 3892/2160/2185 3891/2225/2185 3895/2224/2184
f 3858/2226/2186 3891/2225/2185 3892/2160/2185 3890/2161/2186
f 3890/2161/2186 3856/2162/2187 3855/2227/2187 3858/2226/2186
f 3856/2162/2187 3848/2163/2188 3847/2228/2188 3855/2227/2187
f 3848/2163/2188 3845/2164/2189 3844/2229/2189 3847/2228/2188
f 3845/2164/2189 1898/2165/2190 1897/2230/2190 3844/2229/2189
f 1898/2165/2190 1892/2166/2191 1891/2231/2191 1897/2230/2190
f 1892/2166/2191 1859/2167/2192 1889/2232/2192 1891/2231/2191
f 1859/2167/2192 1857/2168/2193 1858/2233/2193 1889/2232/2192
f 1857/2168/2193 1852/2169/2194 1853/2234/2194 1858/2233/2193
f 1852/2169/2194 1827/2170/2195 1828/2235/2195 1853/2234/2194
f 1827/2170/2195 1579/2171/2196 1580/2236/2196 1828/2235/2195
f 1579/2171/2196 1573/2172/2197 1574/2237/2197 1580/2236/2196
f 1573/2172/2197 1566/2173/2198 1565/2238/2198 1574/2237/2197
f 1566/2173/2198 1507/2174/2199 1508/2239/2199 1565/2238/2198
f 1507/2174/2199 1469/2175/2200 1468/2240/2200 1508/2239/2199
f 1469/2175/2200 1464/2176/2201 1465/2241/2201 1468/2240/2200
f 1464/2176/2201 1463/2177/2202 1457/2242/2202 1465/2241/2201
f 1463/2177/2202 1455/2178/2203 1456/2243/2203 1457/2242/2202
f 1455/2178/2203 1446/2179/2204 1447/2244/2204 1456/2243/2203
f 1446/2179/2204 1444/2180/2205 1445/2245/2205 1447/2244/2204
f 1444/2180/2205 437/2181/2206 438/2246/2206 1445/2245/2205
f 437/2181/2206 430/2182/2207 431/2247/2207 438/2246/2206
f 430/2182/2207 421/2183/2208 429/2248/2208 431/2247/2207
f 421/2183/2208 422/2184/2209 423/2249/2209 429/2248/2208
f 422/2184/2209 416/2185/2210 417/2250/2210 423/2249/2209
f 416/2185/2210 444/2186/2211 445/2251/2211 417/2250/2210
f 444/2186/2211 384/2187/2212 385/2252/2212 445/2251/2211
f 396/2253/2213 385/2252/2212 384/2187/2212 395/2188/2213
f 395/2188/2213 388/2189/2214 389/2254/2214 396/2253/2213
f 388/2189/2214 537/2190/2215 538/2255/2215 389/2254/2214
f 526/2256/2216 538/2255/2215 537/2190/2215 525/2191/2216
f 531/2257/2217 526/2256/2216 525/2191/2216 530/2192/2217
f 530/2192/2217 532/2193/2218 566/2258/2218 531/2257/2217
f 569/2259/2219 566/2258/2218 532/2193/2218 568/2194/2219
f 578/2260/2220 569/2259/2219 568/2194/2219 577/2195/2220
f 581/2261/2221 578/2260/2220 577/2195/2220 580/2196/2221
f 2483/2262/2222 581/2261/2221 580/2196/2221 2482/2197/2222
f 2491/2263/2223 2483/2262/2222 2482/2197/2222 2490/2198/2223
f 2493/2264/2224 2491/2263/2223 2490/2198/2223 2522/2199/2224
f 2523/2265/2225 2493/2264/2224 2522/2199/2224 2524/2200/2225
f 2527/2266/2226 2523/2265/2225 2524/2200/2225 2528/2201/2226
f 2536/2267/2227 2527/2266/2226 2528/2201/2226 2537/2202/2227
f 2815/2268/2228 2536/2267/2227 2537/2202/2227 2816/2203/2228
f 2824/2269/2229 2815/2268/2228 2816/2203/2228 2825/2204/2229
f 2830/2270/2230 2824/2269/2229 2825/2204/2229 2829/2205/2230
f 2846/2271/2231 2830/2270/2230 2829/2205/2230 2847/2206/2231
f 2895/2272/2232 2846/2271/2231 2847/2206/2231 2894/2207/2232
f 2899/2273/2233 2895/2272/2232 2894/2207/2232 2900/2208/2233
f 2909/2274/2234 2899/2273/2233 2900/2208/2233 2901/2209/2234
f 2910/2275/2235 2909/2274/2234 2901/2209/2234 2911/2210/2235
f 2916/2276/2236 2910/2275/2235 2911/2210/2235 2917/2211/2236
f 3992/2277/2174 2916/2276/2236 2917/2211/2236 3993/2212/2174
f 3991/2278/2237 3990/2279/2238 3992/2214/2238 3994/2213/2237
f 4001/2280/2239 3991/2278/2237 3994/2213/2237 4003/2215/2239
f 4002/2281/2240 4001/2280/2239 4003/2215/2239 4005/2216/2240
f 3957/2282/2241 4002/2281/2240 4005/2216/2240 4009/2217/2241
f 3963/2283/2242 3957/2282/2241 4009/2217/2241 4014/2218/2242
f 3962/2284/2243 3963/2283/2242 4014/2218/2242 3964/2219/2243
f 4051/2285/2244 3962/2284/2243 3964/2219/2243 4061/2220/2244
f 4052/2286/2245 4051/2285/2244 4061/2220/2244 4053/2221/2245
f 4050/2287/2246 4052/2286/2245 4053/2221/2245 4057/2222/2246
f 3866/2288/2247 4050/2287/2246 4057/2222/2246 3867/2223/2247
f 3865/2289/2248 3866/2288/2247 3867/2223/2247 3895/2224/2248
f 3860/2290/2249 3865/2289/2248 3895/2224/2248 3891/2225/2249
f 3891/2225/2249 3858/2226/2250 3857/2291/2250 3860/2290/2249
f 3854/2292/2251 3857/2291/2250 3858/2226/2250 3855/2227/2251
f 3855/2227/2251 3847/2228/2252 3846/2293/2252 3854/2292/2251
f 3847/2228/2252 3844/2229/2253 3843/2294/2253 3846/2293/2252
f 3844/2229/2253 1897/2230/2254 1896/2295/2254 3843/2294/2253
f 1897/2230/2254 1891/2231/2255 1890/2296/2255 1896/2295/2254
f 1891/2231/2255 1889/2232/2256 1888/2297/2256 1890/2296/2255
f 1889/2232/2256 1858/2233/2257 1831/2298/2257 1888/2297/2256
f 1858/2233/2257 1853/2234/2258 1829/2299/2258 1831/2298/2257
f 1853/2234/2258 1828/2235/2259 1826/2300/2259 1829/2299/2258
f 1828/2235/2259 1580/2236/2260 1576/2301/2260 1826/2300/2259
f 1580/2236/2260 1574/2237/2261 1575/2302/2261 1576/2301/2260
f 1574/2237/2261 1565/2238/2262 1572/2303/2262 1575/2302/2261
f 1565/2238/2262 1508/2239/2263 1509/2304/2263 1572/2303/2262
f 1508/2239/2263 1468/2240/2264 1506/2305/2264 1509/2304/2263
f 1468/2240/2264 1465/2241/2265 1501/2306/2265 1506/2305/2264
f 1465/2241/2265 1457/2242/2266 1459/2307/2266 1501/2306/2265
f 1457/2242/2266 1456/2243/2267 1458/2308/2267 1459/2307/2266
f 1456/2243/2267 1447/2244/2268 1449/2309/2268 1458/2308/2267
f 1447/2244/2268 1445/2245/2269 1448/2310/2269 1449/2309/2268
f 1445/2245/2269 438/2246/2270 439/2311/2270 1448/2310/2269
f 438/2246/2270 431/2247/2271 433/2312/2271 439/2311/2270
f 431/2247/2271 429/2248/2272 432/2313/2272 433/2312/2271
f 429/2248/2272 423/2249/2273 449/2314/2273 432/2313/2272
f 423/2249/2273 417/2250/2274 446/2315/2274 449/2314/2273
f 417/2250/2274 445/2251/2275 447/2316/2275 446/2315/2274
f 445/2251/2275 385/2252/2276 398/2317/2276 447/2316/2275
f 385/2252/2276 396/2253/2277 397/2318/2277 398/2317/2276
f 396/2253/2277 389/2254/2278 399/2319/2278 397/2318/2277
f 389/2254/2278 538/2255/2279 539/2320/2279 399/2319/2278
f 538/2255/2279 526/2256/2280 540/2321/2280 539/2320/2279
f 526/2256/2280 531/2257/2281 542/2322/2281 540/2321/2280
f 567/2323/2282 542/2322/2281 531/2257/2281 566/2258/2282
f 566/2258/2282 569/2259/2283 570/2324/2283 567/2323/2282
f 579/2325/2284 570/2324/2283 569/2259/2283 578/2260/2284
f 582/2326/2285 579/2325/2284 578/2260/2284 581/2261/2285
f 2484/2327/2286 582/2326/2285 581/2261/2285 2483/2262/2286
f 2492/2328/2287 2484/2327/2286 2483/2262/2286 2491/2263/2287
f 2494/2329/2288 2492/2328/2287 2491/2263/2287 2493/2264/2288
f 2530/2330/2289 2494/2329/2288 2493/2264/2288 2523/2265/2289
f 2535/2331/2290 2530/2330/2289 2523/2265/2289 2527/2266/2290
f 2538/2332/2291 2535/2331/2290 2527/2266/2290 2536/2267/2291
f 2822/2333/2292 2538/2332/2291 2536/2267/2291 2815/2268/2292
f 2823/2334/2293 2822/2333/2292 2815/2268/2292 2824/2269/2293
f 2826/2335/2294 2823/2334/2293 2824/2269/2293 2830/2270/2294
f 2845/2336/2295 2826/2335/2294 2830/2270/2294 2846/2271/2295
f 2848/2337/2296 2845/2336/2295 2846/2271/2295 2895/2272/2296
f 2850/2338/2297 2848/2337/2296 2895/2272/2296 2899/2273/2297
f 2907/2339/2298 2850/2338/2297 2899/2273/2297 2909/2274/2298
f 2908/2340/2299 2907/2339/2298 2909/2274/2298 2910/2275/2299
f 2915/2341/2300 2908/2340/2299 2910/2275/2299 2916/2276/2300
f 3990/2342/2238 2915/2341/2300 2916/2276/2300 3992/2277/2238
f 3990/2279/2301 3991/2278/2302 3692/2343/2303 3684/2344/2304
f 3991/2278/2302 4001/2280/2305 3702/2345/2306 3692/2343/2303
f 4001/2280/2305 4002/2281/2307 3719/2346/2308 3702/2345/2306
f 4002/2281/2307 3957/2282/2309 3726/2347/2310 3719/2346/2308
f 3712/2348/2311 3726/2347/2310 3957/2282/2309 3963/2283/2312
f 3963/2283/2312 3962/2284/2313 3789/2349/2314 3712/2348/2311
f 3760/2350/2315 3789/2349/2314 3962/2284/2313 4051/2285/2316
f 3769/2351/2317 3760/2350/2315 4051/2285/2316 4052/2286/2318
f 3752/2352/2319 3769/2351/2317 4052/2286/2318 4050/2287/2320
f 3779/2353/2321 3752/2352/2319 4050/2287/2320 3866/2288/2322
f 3642/2354/2323 3779/2353/2321 3866/2288/2322 3865/2289/2324
f 3865/2289/2324 3860/2290/2325 3633/2355/2326 3642/2354/2323
f 3860/2290/2325 3857/2291/2327 3626/2356/2328 3633/2355/2326
f 3857/2291/2327 3854/2292/2329 3617/2357/2330 3626/2356/2328
f 3854/2292/2329 3846/2293/2331 3607/2358/2332 3617/2357/2330
f 3846/2293/2331 3843/2294/2333 3599/2359/2334 3607/2358/2332
f 3843/2294/2333 1896/2295/2335 1818/2360/2336 3599/2359/2334
f 1896/2295/2335 1890/2296/2337 1807/2361/2338 1818/2360/2336
f 1890/2296/2337 1888/2297/2339 1800/2362/2340 1807/2361/2338
f 1888/2297/2339 1831/2298/2341 1795/2363/2342 1800/2362/2340
f 1831/2298/2341 1829/2299/2343 1780/2364/2344 1795/2363/2342
f 1829/2299/2343 1826/2300/2345 1745/2365/2346 1780/2364/2344
f 1732/2366/2347 1745/2365/2346 1826/2300/2345 1576/2301/2348
f 1723/2367/2349 1732/2366/2347 1576/2301/2348 1575/2302/2350
f 1575/2302/2350 1572/2303/2351 1717/2368/2352 1723/2367/2349
f 1572/2303/2351 1509/2304/2353 1693/2369/2354 1717/2368/2352
f 1509/2304/2353 1506/2305/2355 1671/2370/2356 1693/2369/2354
f 1506/2305/2355 1501/2306/2357 1655/2371/2358 1671/2370/2356
f 1501/2306/2357 1459/2307/2359 1649/2372/2360 1655/2371/2358
f 1459/2307/2359 1458/2308/2361 1644/2373/2362 1649/2372/2360
f 1458/2308/2361 1449/2309/2363 1631/2374/2364 1644/2373/2362
f 1449/2309/2363 1448/2310/2365 1625/2375/2366 1631/2374/2364
f 1448/2310/2365 439/2311/2367 783/2376/2368 1625/2375/2366
f 439/2311/2367 433/2312/2369 775/2377/2370 783/2376/2368
f 433/2312/2369 432/2313/2371 756/2378/2372 775/2377/2370
f 432/2313/2371 449/2314/2373 750/2379/2374 756/2378/2372
f 449/2314/2373 446/2315/2375 765/2380/2376 750/2379/2374
f 446/2315/2375 447/2316/2377 675/2381/2378 765/2380/2376
f 447/2316/2377 398/2317/2379 703/2382/2380 675/2381/2378
f 398/2317/2379 397/2318/2381 694/2383/2382 703/2382/2380
f 397/2318/2381 399/2319/2383 711/2384/2384 694/2383/2382
f 399/2319/2383 539/2320/2385 685/2385/2386 711/2384/2384
f 539/2320/2385 540/2321/2387 822/2386/2388 685/2385/2386
f 540/2321/2387 542/2322/2389 830/2387/2390 822/2386/2388
f 542/2322/2389 567/2323/2391 836/2388/2392 830/2387/2390
f 567/2323/2391 570/2324/2393 847/2389/2394 836/2388/2392
f 570/2324/2393 579/2325/2395 855/2390/2396 847/2389/2394
f 579/2325/2395 582/2326/2397 2616/2391/2398 855/2390/2396
f 582/2326/2397 2484/2327/2399 2622/2392/2400 2616/2391/2398
f 2484/2327/2399 2492/2328/2401 2635/2393/2402 2622/2392/2400
f 2492/2328/2401 2494/2329/2403 2640/2394/2404 2635/2393/2402
f 2494/2329/2403 2530/2330/2405 2646/2395/2406 2640/2394/2404
f 2662/2396/2407 2646/2395/2406 2530/2330/2405 2535/2331/2408
f 2535/2331/2408 2538/2332/2409 2684/2397/2410 2662/2396/2407
f 2538/2332/2409 2822/2333/2411 2696/2398/2412 2684/2397/2410
f 2822/2333/2411 2823/2334/2413 2705/2399/2414 2696/2398/2412
f 2711/2400/2415 2705/2399/2414 2823/2334/2413 2826/2335/2416
f 2736/2401/2417 2711/2400/2415 2826/2335/2416 2845/2336/2418
f 2771/2402/2419 2736/2401/2417 2845/2336/2418 2848/2337/2420
f 2848/2337/2420 2850/2338/2421 2786/2403/2422 2771/2402/2419
f 2850/2338/2421 2907/2339/2423 2791/2404/2424 2786/2403/2422
f 2907/2339/2423 2908/2340/2425 2798/2405/2426 2791/2404/2424
f 2908/2340/2425 2915/2341/2427 2809/2406/2428 2798/2405/2426
f 2915/2341/2427 3990/2342/2301 3684/2407/2304 2809/2406/2428
f 3688/2408/2429 3685/2409/2430 3684/2344/2304 3692/2343/2303
f 3701/2410/2431 3688/2408/2429 3692/2343/2303 3702/2345/2306
f 3702/2345/2306 3719/2346/2308 3720/2411/2432 3701/2410/2431
f 3722/2412/2433 3720/2411/2432 3719/2346/2308 3726/2347/2310
f 3726/2347/2310 3712/2348/2311 3711/2413/2434 3722/2412/2433
f 3785/2414/2435 3711/2413/2434 3712/2348/2311 3789/2349/2314
f 3761/2415/2436 3785/2414/2435 3789/2349/2314 3760/2350/2315
f 3760/2350/2315 3769/2351/2317 3770/2416/2437 3761/2415/2436
f 3769/2351/2317 3752/2352/2319 3753/2417/2438 3770/2416/2437
f 3775/2418/2439 3753/2417/2438 3752/2352/2319 3779/2353/2321
f 3779/2353/2321 3642/2354/2323 3641/2419/2440 3775/2418/2439
f 3629/2420/2441 3641/2419/2440 3642/2354/2323 3633/2355/2326
f 3633/2355/2326 3626/2356/2328 3627/2421/2442 3629/2420/2441
f 3616/2422/2443 3627/2421/2442 3626/2356/2328 3617/2357/2330
f 3617/2357/2330 3607/2358/2332 3603/2423/2444 3616/2422/2443
f 3607/2358/2332 3599/2359/2334 3600/2424/2445 3603/2423/2444
f 3599/2359/2334 1818/2360/2336 1814/2425/2446 3600/2424/2445
f 1818/2360/2336 1807/2361/2338 1806/2426/2447 1814/2425/2446
f 1807/2361/2338 1800/2362/2340 1801/2427/2448 1806/2426/2447
f 1800/2362/2340 1795/2363/2342 1791/2428/2449 1801/2427/2448
f 1795/2363/2342 1780/2364/2344 1779/2429/2450 1791/2428/2449
f 1780/2364/2344 1745/2365/2346 1741/2430/2451 1779/2429/2450
f 1745/2365/2346 1732/2366/2347 1733/2431/2452 1741/2430/2451
f 1732/2366/2347 1723/2367/2349 1724/2432/2453 1733/2431/2452
f 1723/2367/2349 1717/2368/2352 1718/2433/2454 1724/2432/2453
f 1717/2368/2352 1693/2369/2354 1695/2434/2455 1718/2433/2454
f 1693/2369/2354 1671/2370/2356 1673/2435/2456 1695/2434/2455
f 1671/2370/2356 1655/2371/2358 1657/2436/2457 1673/2435/2456
f 1655/2371/2358 1649/2372/2360 1650/2437/2458 1657/2436/2457
f 1649/2372/2360 1644/2373/2362 1646/2438/2459 1650/2437/2458
f 1644/2373/2362 1631/2374/2364 1633/2439/2460 1646/2438/2459
f 1631/2374/2364 1625/2375/2366 1626/2440/2461 1633/2439/2460
f 1625/2375/2366 783/2376/2368 785/2441/2462 1626/2440/2461
f 783/2376/2368 775/2377/2370 777/2442/2463 785/2441/2462
f 757/2443/2464 777/2442/2463 775/2377/2370 756/2378/2372
f 756/2378/2372 750/2379/2374 752/2444/2465 757/2443/2464
f 767/2445/2466 752/2444/2465 750/2379/2374 765/2380/2376
f 765/2380/2376 675/2381/2378 677/2446/2467 767/2445/2466
f 675/2381/2378 703/2382/2380 704/2447/2468 677/2446/2467
f 695/2448/2469 704/2447/2468 703/2382/2380 694/2383/2382
f 712/2449/2470 695/2448/2469 694/2383/2382 711/2384/2384
f 711/2384/2384 685/2385/2386 687/2450/2471 712/2449/2470
f 824/2451/2472 687/2450/2471 685/2385/2386 822/2386/2388
f 822/2386/2388 830/2387/2390 832/2452/2473 824/2451/2472
f 837/2453/2474 832/2452/2473 830/2387/2390 836/2388/2392
f 836/2388/2392 847/2389/2394 849/2454/2475 837/2453/2474
f 857/2455/2476 849/2454/2475 847/2389/2394 855/2390/2396
f 2617/2456/2477 857/2455/2476 855/2390/2396 2616/2391/2398
f 2624/2457/2478 2617/2456/2477 2616/2391/2398 2622/2392/2400
f 2637/2458/2479 2624/2457/2478 2622/2392/2400 2635/2393/2402
f 2641/2459/2480 2637/2458/2479 2635/2393/2402 2640/2394/2404
f 2648/2460/2481 2641/2459/2480 2640/2394/2404 2646/2395/2406
f 2664/2461/2482 2648/2460/2481 2646/2395/2406 2662/2396/2407
f 2686/2462/2483 2664/2461/2482 2662/2396/2407 2684/2397/2410
f 2697/2463/2484 2686/2462/2483 2684/2397/2410 2696/2398/2412
f 2706/2464/2485 2697/2463/2484 2696/2398/2412 2705/2399/2414
f 2712/2465/2486 2706/2464/2485 2705/2399/2414 2711/2400/2415
f 2732/2466/2487 2712/2465/2486 2711/2400/2415 2736/2401/2417
f 2770/2467/2488 2732/2466/2487 2736/2401/2417 2771/2402/2419
f 2782/2468/2489 2770/2467/2488 2771/2402/2419 2786/2403/2422
f 2792/2469/2490 2782/2468/2489 2786/2403/2422 2791/2404/2424
f 2797/2470/2491 2792/2469/2490 2791/2404/2424 2798/2405/2426
f 2805/2471/2492 2797/2470/2491 2798/2405/2426 2809/2406/2428
f 3685/2472/2430 2805/2471/2492 2809/2406/2428 3684/2407/2304
f 3689/2473/2493 3686/2474/2494 3685/2409/2430 3688/2408/2429
f 3698/2475/2495 3689/2473/2493 3688/2408/2429 3701/2410/2431
f 3716/2476/2496 3698/2475/2495 3701/2410/2431 3720/2411/2432
f 3723/2477/2497 3716/2476/2496 3720/2411/2432 3722/2412/2433
f 3722/2412/2433 3711/2413/2434 3708/2478/2498 3723/2477/2497
f 3786/2479/2499 3708/2478/2498 3711/2413/2434 3785/2414/2435
f 3762/2480/2500 3786/2479/2499 3785/2414/2435 3761/2415/2436
f 3761/2415/2436 3770/2416/2437 3766/2481/2501 3762/2480/2500
f 3770/2416/2437 3753/2417/2438 3754/2482/2502 3766/2481/2501
f 3753/2417/2438 3775/2418/2439 3776/2483/2503 3754/2482/2502
f 3775/2418/2439 3641/2419/2440 3638/2484/2504 3776/2483/2503
f 3630/2485/2505 3638/2484/2504 3641/2419/2440 3629/2420/2441
f 3629/2420/2441 3627/2421/2442 3623/2486/2506 3630/2485/2505
f 3627/2421/2442 3616/2422/2443 3613/2487/2507 3623/2486/2506
f 3616/2422/2443 3603/2423/2444 3604/2488/2508 3613/2487/2507
f 3603/2423/2444 3600/2424/2445 3601/2489/2509 3604/2488/2508
f 3600/2424/2445 1814/2425/2446 1815/2490/2510 3601/2489/2509
f 1814/2425/2446 1806/2426/2447 1809/2491/2511 1815/2490/2510
f 1806/2426/2447 1801/2427/2448 1797/2492/2512 1809/2491/2511
f 1801/2427/2448 1791/2428/2449 1792/2493/2513 1797/2492/2512
f 1791/2428/2449 1779/2429/2450 1782/2494/2514 1792/2493/2513
f 1779/2429/2450 1741/2430/2451 1742/2495/2515 1782/2494/2514
f 1741/2430/2451 1733/2431/2452 1734/2496/2516 1742/2495/2515
f 1733/2431/2452 1724/2432/2453 1726/2497/2517 1734/2496/2516
f 1724/2432/2453 1718/2433/2454 1719/2498/2518 1726/2497/2517
f 1718/2433/2454 1695/2434/2455 1696/2499/2519 1719/2498/2518
f 1695/2434/2455 1673/2435/2456 1668/2500/2520 1696/2499/2519
f 1673/2435/2456 1657/2436/2457 1658/2501/2521 1668/2500/2520
f 1657/2436/2457 1650/2437/2458 1652/2502/2522 1658/2501/2521
f 1650/2437/2458 1646/2438/2459 1641/2503/2523 1652/2502/2522
f 1646/2438/2459 1633/2439/2460 1634/2504/2524 1641/2503/2523
f 1633/2439/2460 1626/2440/2461 1627/2505/2525 1634/2504/2524
f 1626/2440/2461 785/2441/2462 786/2506/2526 1627/2505/2525
f 785/2441/2462 777/2442/2463 778/2507/2527 786/2506/2526
f 777/2442/2463 757/2443/2464 759/2508/2528 778/2507/2527
f 757/2443/2464 752/2444/2465 753/2509/2529 759/2508/2528
f 768/2510/2530 753/2509/2529 752/2444/2465 767/2445/2466
f 767/2445/2466 677/2446/2467 678/2511/2531 768/2510/2530
f 677/2446/2467 704/2447/2468 705/2512/2532 678/2511/2531
f 697/2513/2533 705/2512/2532 704/2447/2468 695/2448/2469
f 713/2514/2534 697/2513/2533 695/2448/2469 712/2449/2470
f 688/2515/2535 713/2514/2534 712/2449/2470 687/2450/2471
f 825/2516/2536 688/2515/2535 687/2450/2471 824/2451/2472
f 824/2451/2472 832/2452/2473 833/2517/2537 825/2516/2536
f 839/2518/2538 833/2517/2537 832/2452/2473 837/2453/2474
f 850/2519/2539 839/2518/2538 837/2453/2474 849/2454/2475
f 858/2520/2540 850/2519/2539 849/2454/2475 857/2455/2476
f 2618/2521/2541 858/2520/2540 857/2455/2476 2617/2456/2477
f 2625/2522/2542 2618/2521/2541 2617/2456/2477 2624/2457/2478
f 2632/2523/2543 2625/2522/2542 2624/2457/2478 2637/2458/2479
f 2643/2524/2544 2632/2523/2543 2637/2458/2479 2641/2459/2480
f 2649/2525/2545 2643/2524/2544 2641/2459/2480 2648/2460/2481
f 2659/2526/2546 2649/2525/2545 2648/2460/2481 2664/2461/2482
f 2687/2527/2547 2659/2526/2546 2664/2461/2482 2686/2462/2483
f 2698/2528/2548 2687/2527/2547 2686/2462/2483 2697/2463/2484
f 2702/2529/2549 2698/2528/2548 2697/2463/2484 2706/2464/2485
f 2713/2530/2550 2702/2529/2549 2706/2464/2485 2712/2465/2486
f 2733/2531/2551 2713/2530/2550 2712/2465/2486 2732/2466/2487
f 2773/2532/2552 2733/2531/2551 2732/2466/2487 2770/2467/2488
f 2783/2533/2553 2773/2532/2552 2770/2467/2488 2782/2468/2489
f 2788/2534/2554 2783/2533/2553 2782/2468/2489 2792/2469/2490
f 2800/2535/2555 2788/2534/2554 2792/2469/2490 2797/2470/2491
f 2806/2536/2556 2800/2535/2555 2797/2470/2491 2805/2471/2492
f 3686/2537/2494 2806/2536/2556 2805/2471/2492 3685/2472/2430
f 3690/2538/2557 3682/2539/2558 3686/2474/2494 3689/2473/2493
f 3699/2540/2559 3690/2538/2557 3689/2473/2493 3698/2475/2495
f 3717/2541/2560 3699/2540/2559 3698/2475/2495 3716/2476/2496
f 3724/2542/2561 3717/2541/2560 3716/2476/2496 3723/2477/2497
f 3709/2543/2562 3724/2542/2561 3723/2477/2497 3708/2478/2498
f 3787/2544/2563 3709/2543/2562 3708/2478/2498 3786/2479/2499
f 3758/2545/2564 3787/2544/2563 3786/2479/2499 3762/2480/2500
f 3762/2480/2500 3766/2481/2501 3767/2546/2565 3758/2545/2564
f 3750/2547/2566 3767/2546/2565 3766/2481/2501 3754/2482/2502
f 3754/2482/2502 3776/2483/2503 3777/2548/2567 3750/2547/2566
f 3776/2483/2503 3638/2484/2504 3639/2549/2568 3777/2548/2567
f 3638/2484/2504 3630/2485/2505 3631/2550/2569 3639/2549/2568
f 3630/2485/2505 3623/2486/2506 3624/2551/2570 3631/2550/2569
f 3623/2486/2506 3613/2487/2507 3614/2552/2571 3624/2551/2570
f 3613/2487/2507 3604/2488/2508 3605/2553/2572 3614/2552/2571
f 3604/2488/2508 3601/2489/2509 3597/2554/2573 3605/2553/2572
f 3601/2489/2509 1815/2490/2510 1816/2555/2574 3597/2554/2573
f 1815/2490/2510 1809/2491/2511 1810/2556/2575 1816/2555/2574
f 1809/2491/2511 1797/2492/2512 1798/2557/2576 1810/2556/2575
f 1797/2492/2512 1792/2493/2513 1793/2558/2577 1798/2557/2576
f 1792/2493/2513 1782/2494/2514 1783/2559/2578 1793/2558/2577
f 1782/2494/2514 1742/2495/2515 1743/2560/2579 1783/2559/2578
f 1742/2495/2515 1734/2496/2516 1736/2561/2580 1743/2560/2579
f 1734/2496/2516 1726/2497/2517 1727/2562/2581 1736/2561/2580
f 1726/2497/2517 1719/2498/2518 1715/2563/2582 1727/2562/2581
f 1719/2498/2518 1696/2499/2519 1697/2564/2583 1715/2563/2582
f 1696/2499/2519 1668/2500/2520 1669/2565/2584 1697/2564/2583
f 1668/2500/2520 1658/2501/2521 1659/2566/2585 1669/2565/2584
f 1658/2501/2521 1652/2502/2522 1653/2567/2586 1659/2566/2585
f 1652/2502/2522 1641/2503/2523 1642/2568/2587 1653/2567/2586
f 1641/2503/2523 1634/2504/2524 1635/2569/2588 1642/2568/2587
f 1634/2504/2524 1627/2505/2525 1629/2570/2589 1635/2569/2588
f 1627/2505/2525 786/2506/2526 787/2571/2590 1629/2570/2589
f 786/2506/2526 778/2507/2527 779/2572/2591 787/2571/2590
f 778/2507/2527 759/2508/2528 760/2573/2592 779/2572/2591
f 759/2508/2528 753/2509/2529 754/2574/2593 760/2573/2592
f 753/2509/2529 768/2510/2530 769/2575/2594 754/2574/2593
f 768/2510/2530 678/2511/2531 679/2576/2595 769/2575/2594
f 678/2511/2531 705/2512/2532 707/2577/2596 679/2576/2595
f 698/2578/2597 707/2577/2596 705/2512/2532 697/2513/2533
f 697/2513/2533 713/2514/2534 715/2579/2598 698/2578/2597
f 689/2580/2599 715/2579/2598 713/2514/2534 688/2515/2535
f 826/2581/2600 689/2580/2599 688/2515/2535 825/2516/2536
f 834/2582/2601 826/2581/2600 825/2516/2536 833/2517/2537
f 840/2583/2602 834/2582/2601 833/2517/2537 839/2518/2538
f 851/2584/2603 840/2583/2602 839/2518/2538 850/2519/2539
f 859/2585/2604 851/2584/2603 850/2519/2539 858/2520/2540
f 2620/2586/2605 859/2585/2604 858/2520/2540 2618/2521/2541
f 2626/2587/2606 2620/2586/2605 2618/2521/2541 2625/2522/2542
f 2633/2588/2607 2626/2587/2606 2625/2522/2542 2632/2523/2543
f 2644/2589/2608 2633/2588/2607 2632/2523/2543 2643/2524/2544
f 2650/2590/2609 2644/2589/2608 2643/2524/2544 2649/2525/2545
f 2660/2591/2610 2650/2590/2609 2649/2525/2545 2659/2526/2546
f 2688/2592/2611 2660/2591/2610 2659/2526/2546 2687/2527/2547
f 2694/2593/2612 2688/2592/2611 2687/2527/2547 2698/2528/2548
f 2703/2594/2613 2694/2593/2612 2698/2528/2548 2702/2529/2549
f 2715/2595/2614 2703/2594/2613 2702/2529/2549 2713/2530/2550
f 2734/2596/2615 2715/2595/2614 2713/2530/2550 2733/2531/2551
f 2774/2597/2616 2734/2596/2615 2733/2531/2551 2773/2532/2552
f 2784/2598/2617 2774/2597/2616 2773/2532/2552 2783/2533/2553
f 2789/2599/2618 2784/2598/2617 2783/2533/2553 2788/2534/2554
f 2801/2600/2619 2789/2599/2618 2788/2534/2554 2800/2535/2555
f 2807/2601/2620 2801/2600/2619 2800/2535/2555 2806/2536/2556
f 3682/2602/2558 2807/2601/2620 2806/2536/2556 3686/2537/2494
f 3691/2603/2109 3683/2604/2110 3682/2539/2558 3690/2538/2557
f 3700/2605/2111 3691/2603/2109 3690/2538/2557 3699/2540/2559
f 3718/2606/2112 3700/2605/2111 3699/2540/2559 3717/2541/2560
f 3725/2607/2113 3718/2606/2112 3717/2541/2560 3724/2542/2561
f 3710/2608/2114 3725/2607/2113 3724/2542/2561 3709/2543/2562
f 3788/2609/2115 3710/2608/2114 3709/2543/2562 3787/2544/2563
f 3759/2610/2621 3788/2609/2115 3787/2544/2563 3758/2545/2564
f 3758/2545/2564 3767/2546/2565 3768/2611/2622 3759/2610/2621
f 3751/2612/2118 3768/2611/2622 3767/2546/2565 3750/2547/2566
f 3750/2547/2566 3777/2548/2567 3778/2613/2119 3751/2612/2118
f 3777/2548/2567 3639/2549/2568 3640/2614/2120 3778/2613/2119
f 3639/2549/2568 3631/2550/2569 3632/2615/2121 3640/2614/2120
f 3631/2550/2569 3624/2551/2570 3625/2616/2122 3632/2615/2121
f 3624/2551/2570 3614/2552/2571 3615/2617/2123 3625/2616/2122
f 3614/2552/2571 3605/2553/2572 3606/2618/2124 3615/2617/2123
f 3605/2553/2572 3597/2554/2573 3598/2619/2125 3606/2618/2124
f 3597/2554/2573 1816/2555/2574 1817/2620/2126 3598/2619/2125
f 1816/2555/2574 1810/2556/2575 1811/2621/2127 1817/2620/2126
f 1810/2556/2575 1798/2557/2576 1799/2622/2128 1811/2621/2127
f 1798/2557/2576 1793/2558/2577 1794/2623/2129 1799/2622/2128
f 1793/2558/2577 1783/2559/2578 1784/2624/2130 1794/2623/2129
f 1783/2559/2578 1743/2560/2579 1744/2625/2131 1784/2624/2130
f 1743/2560/2579 1736/2561/2580 1737/2626/2132 1744/2625/2131
f 1736/2561/2580 1727/2562/2581 1728/2627/2623 1737/2626/2132
f 1727/2562/2581 1715/2563/2582 1716/2628/2624 1728/2627/2623
f 1715/2563/2582 1697/2564/2583 1698/2629/2135 1716/2628/2624
f 1697/2564/2583 1669/2565/2584 1670/2630/2136 1698/2629/2135
f 1669/2565/2584 1659/2566/2585 1660/2631/2137 1670/2630/2136
f 1659/2566/2585 1653/2567/2586 1654/2632/2138 1660/2631/2137
f 1653/2567/2586 1642/2568/2587 1643/2633/2139 1654/2632/2138
f 1642/2568/2587 1635/2569/2588 1636/2634/2140 1643/2633/2139
f 1635/2569/2588 1629/2570/2589 1630/2635/2141 1636/2634/2140
f 1629/2570/2589 787/2571/2590 788/2636/2142 1630/2635/2141
f 787/2571/2590 779/2572/2591 780/2637/2143 788/2636/2142
f 779/2572/2591 760/2573/2592 761/2638/2144 780/2637/2143
f 760/2573/2592 754/2574/2593 755/2639/2145 761/2638/2144
f 754/2574/2593 769/2575/2594 770/2640/2146 755/2639/2145
f 769/2575/2594 679/2576/2595 680/2641/2147 770/2640/2146
f 679/2576/2595 707/2577/2596 708/2642/2625 680/2641/2147
f 699/2643/2626 708/2642/2625 707/2577/2596 698/2578/2597
f 698/2578/2597 715/2579/2598 716/2644/2150 699/2643/2626
f 690/2645/2151 716/2644/2150 715/2579/2598 689/2580/2599
f 827/2646/2152 690/2645/2151 689/2580/2599 826/2581/2600
f 835/2647/2153 827/2646/2152 826/2581/2600 834/2582/2601
f 841/2648/2154 835/2647/2153 834/2582/2601 840/2583/2602
f 852/2649/2155 841/2648/2154 840/2583/2602 851/2584/2603
f 860/2650/2156 852/2649/2155 851/2584/2603 859/2585/2604
f 2621/2651/2157 860/2650/2156 859/2585/2604 2620/2586/2605
f 2627/2652/2158 2621/2651/2157 2620/2586/2605 2626/2587/2606
f 2634/2653/2159 2627/2652/2158 2626/2587/2606 2633/2588/2607
f 2645/2654/2160 2634/2653/2159 2633/2588/2607 2644/2589/2608
f 2651/2655/2161 2645/2654/2160 2644/2589/2608 2650/2590/2609
f 2661/2656/2162 2651/2655/2161 2650/2590/2609 2660/2591/2610
f 2689/2657/2163 2661/2656/2162 2660/2591/2610 2688/2592/2611
f 2695/2658/2164 2689/2657/2163 2688/2592/2611 2694/2593/2612
f 2704/2659/2627 2695/2658/2164 2694/2593/2612 2703/2594/2613
f 2716/2660/2628 2704/2659/2627 2703/2594/2613 2715/2595/2614
f 2735/2661/2167 2716/2660/2628 2715/2595/2614 2734/2596/2615
f 2775/2662/2168 2735/2661/2167 2734/2596/2615 2774/2597/2616
f 2785/2663/2169 2775/2662/2168 2774/2597/2616 2784/2598/2617
f 2790/2664/2170 2785/2663/2169 2784/2598/2617 2789/2599/2618
f 2802/2665/2171 2790/2664/2170 2789/2599/2618 2801/2600/2619
f 2808/2666/2172 2802/2665/2171 2801/2600/2619 2807/2601/2620
f 3683/2667/2110 2808/2666/2172 2807/2601/2620 3682/2602/2558
f 3693/2668/2629 3687/2669/2630 3683/2604/2630 3691/2603/2629
f 3703/2670/2631 3693/2668/2629 3691/2603/2629 3700/2605/2631
f 3700/2605/2631 3718/2606/2632 3721/2671/2632 3703/2670/2631
f 3727/2672/2633 3721/2671/2632 3718/2606/2632 3725/2607/2633
f 3725/2607/2633 3710/2608/2634 3713/2673/2634 3727/2672/2633
f 3790/2674/2635 3713/2673/2634 3710/2608/2634 3788/2609/2635
f 3763/2675/2636 3790/2674/2635 3788/2609/2635 3759/2610/2636
f 3759/2610/2636 3768/2611/2637 3771/2676/2637 3763/2675/2636
f 3768/2611/2637 3751/2612/2638 3755/2677/2638 3771/2676/2637
f 3751/2612/2638 3778/2613/2639 3780/2678/2639 3755/2677/2638
f 3778/2613/2639 3640/2614/2640 3643/2679/2640 3780/2678/2639
f 3634/2680/2641 3643/2679/2640 3640/2614/2640 3632/2615/2641
f 3632/2615/2641 3625/2616/2642 3628/2681/2642 3634/2680/2641
f 3625/2616/2642 3615/2617/2643 3618/2682/2643 3628/2681/2642
f 3615/2617/2643 3606/2618/2644 3608/2683/2644 3618/2682/2643
f 3606/2618/2644 3598/2619/2645 3602/2684/2645 3608/2683/2644
f 3598/2619/2645 1817/2620/2646 1819/2685/2646 3602/2684/2645
f 1817/2620/2646 1811/2621/2647 1808/2686/2647 1819/2685/2646
f 1811/2621/2647 1799/2622/2648 1802/2687/2648 1808/2686/2647
f 1799/2622/2648 1794/2623/2649 1796/2688/2649 1802/2687/2648
f 1794/2623/2649 1784/2624/2650 1781/2689/2650 1796/2688/2649
f 1784/2624/2650 1744/2625/2651 1746/2690/2651 1781/2689/2650
f 1744/2625/2651 1737/2626/2652 1735/2691/2652 1746/2690/2651
f 1737/2626/2652 1728/2627/2653 1725/2692/2653 1735/2691/2652
f 1728/2627/2653 1716/2628/2654 1720/2693/2654 1725/2692/2653
f 1716/2628/2654 1698/2629/2655 1694/2694/2655 1720/2693/2654
f 1698/2629/2655 1670/2630/2656 1672/2695/2656 1694/2694/2655
f 1670/2630/2656 1660/2631/2657 1656/2696/2657 1672/2695/2656
f 1660/2631/2657 1654/2632/2658 1651/2697/2658 1656/2696/2657
f 1654/2632/2658 1643/2633/2659 1645/2698/2659 1651/2697/2658
f 1643/2633/2659 1636/2634/2660 1632/2699/2660 1645/2698/2659
f 1636/2634/2660 1630/2635/2661 1628/2700/2661 1632/2699/2660
f 1630/2635/2661 788/2636/2662 784/2701/2662 1628/2700/2661
f 788/2636/2662 780/2637/2663 776/2702/2663 784/2701/2662
f 758/2703/2664 776/2702/2663 780/2637/2663 761/2638/2664
f 761/2638/2664 755/2639/2665 751/2704/2665 758/2703/2664
f 766/2705/2666 751/2704/2665 755/2639/2665 770/2640/2666
f 770/2640/2666 680/2641/2667 676/2706/2667 766/2705/2666
f 680/2641/2667 708/2642/2668 706/2707/2668 676/2706/2667
f 696/2708/2669 706/2707/2668 708/2642/2668 699/2643/2669
f 714/2709/2670 696/2708/2669 699/2643/2669 716/2644/2670
f 686/2710/2671 714/2709/2670 716/2644/2670 690/2645/2671
f 823/2711/2672 686/2710/2671 690/2645/2671 827/2646/2672
f 827/2646/2672 835/2647/2673 831/2712/2673 823/2711/2672
f 838/2713/2674 831/2712/2673 835/2647/2673 841/2648/2674
f 848/2714/2675 838/2713/2674 841/2648/2674 852/2649/2675
f 856/2715/2676 848/2714/2675 852/2649/2675 860/2650/2676
f 2619/2716/2677 856/2715/2676 860/2650/2676 2621/2651/2677
f 2623/2717/2678 2619/2716/2677 2621/2651/2677 2627/2652/2678
f 2636/2718/2679 2623/2717/2678 2627/2652/2678 2634/2653/2679
f 2642/2719/2680 2636/2718/2679 2634/2653/2679 2645/2654/2680
f 2647/2720/2681 2642/2719/2680 2645/2654/2680 2651/2655/2681
f 2663/2721/2682 2647/2720/2681 2651/2655/2681 2661/2656/2682
f 2685/2722/2683 2663/2721/2682 2661/2656/2682 2689/2657/2683
f 2699/2723/2684 2685/2722/2683 2689/2657/2683 2695/2658/2684
f 2707/2724/2685 2699/2723/2684 2695/2658/2684 2704/2659/2685
f 2714/2725/2686 2707/2724/2685 2704/2659/2685 2716/2660/2686
f 2737/2726/2687 2714/2725/2686 2716/2660/2686 2735/2661/2687
f 2772/2727/2688 2737/2726/2687 2735/2661/2687 2775/2662/2688
f 2787/2728/2689 2772/2727/2688 2775/2662/2688 2785/2663/2689
f 2793/2729/2690 2787/2728/2689 2785/2663/2689 2790/2664/2690
f 2799/2730/2691 2793/2729/2690 2790/2664/2690 2802/2665/2691
f 2810/2731/2692 2799/2730/2691 2802/2665/2691 2808/2666/2692
f 3687/2732/2630 2810/2731/2692 2808/2666/2692 3683/2667/2630
f 3687/2669/2693 3693/2668/2694 3942/2733/2694 3938/2734/2693
f 3693/2668/2694 3703/2670/2695 3948/2735/2695 3942/2733/2694
f 3703/2670/2695 3721/2671/2696 3932/2736/2696 3948/2735/2695
f 3721/2671/2696 3727/2672/2697 3934/2737/2697 3932/2736/2696
f 3727/2672/2697 3713/2673/2698 3970/2738/2698 3934/2737/2697
f 3713/2673/2698 3790/2674/2699 3966/2739/2699 3970/2738/2698
f 3790/2674/2699 3763/2675/2700 3797/2740/2700 3966/2739/2699
f 3763/2675/2700 3771/2676/2701 3799/2741/2701 3797/2740/2700
f 3771/2676/2701 3755/2677/2702 3795/2742/2702 3799/2741/2701
f 3755/2677/2702 3780/2678/2703 3875/2743/2703 3795/2742/2702
f 3780/2678/2703 3643/2679/2704 3871/2744/2704 3875/2743/2703
f 3643/2679/2704 3634/2680/2705 3825/2745/2705 3871/2744/2704
f 3634/2680/2705 3628/2681/2706 3823/2746/2706 3825/2745/2705
f 3628/2681/2706 3618/2682/2707 3829/2747/2707 3823/2746/2706
f 3618/2682/2707 3608/2683/2708 3817/2748/2708 3829/2747/2707
f 3608/2683/2708 3602/2684/2709 3813/2749/2709 3817/2748/2708
f 3602/2684/2709 1819/2685/2710 1878/2750/2710 3813/2749/2709
f 1819/2685/2710 1808/2686/2711 1868/2751/2711 1878/2750/2710
f 1808/2686/2711 1802/2687/2712 1862/2752/2712 1868/2751/2711
f 1802/2687/2712 1796/2688/2713 1860/2753/2713 1862/2752/2712
f 1796/2688/2713 1781/2689/2714 1840/2754/2714 1860/2753/2713
f 1781/2689/2714 1746/2690/2715 1836/2755/2715 1840/2754/2714
f 1746/2690/2715 1735/2691/2716 1709/2756/2716 1836/2755/2715
f 1705/2757/2717 1709/2756/2716 1735/2691/2716 1725/2692/2717
f 1725/2692/2717 1720/2693/2718 1703/2758/2718 1705/2757/2717
f 1517/2759/2719 1703/2758/2718 1720/2693/2718 1694/2694/2719
f 1513/2760/2720 1517/2759/2719 1694/2694/2719 1672/2695/2720
f 1496/2761/2721 1513/2760/2720 1672/2695/2720 1656/2696/2721
f 1656/2696/2721 1651/2697/2722 1494/2762/2722 1496/2761/2721
f 1651/2697/2722 1645/2698/2723 1480/2763/2723 1494/2762/2722
f 1474/2764/2724 1480/2763/2723 1645/2698/2723 1632/2699/2724
f 1470/2765/2725 1474/2764/2724 1632/2699/2724 1628/2700/2725
f 476/2766/2726 1470/2765/2725 1628/2700/2725 784/2701/2726
f 470/2767/2727 476/2766/2726 784/2701/2726 776/2702/2727
f 483/2768/2728 470/2767/2727 776/2702/2727 758/2703/2728
f 481/2769/2729 483/2768/2728 758/2703/2728 751/2704/2729
f 457/2770/2730 481/2769/2729 751/2704/2729 766/2705/2730
f 461/2771/2731 457/2770/2730 766/2705/2730 676/2706/2731
f 666/2772/2732 461/2771/2731 676/2706/2731 706/2707/2732
f 662/2773/2733 666/2772/2732 706/2707/2732 696/2708/2733
f 668/2774/2734 662/2773/2733 696/2708/2733 714/2709/2734
f 548/2775/2735 668/2774/2734 714/2709/2734 686/2710/2735
f 552/2776/2736 548/2775/2735 686/2710/2735 823/2711/2736
f 591/2777/2737 552/2776/2736 823/2711/2736 831/2712/2737
f 593/2778/2738 591/2777/2737 831/2712/2737 838/2713/2738
f 585/2779/2739 593/2778/2738 838/2713/2738 848/2714/2739
f 597/2780/2740 585/2779/2739 848/2714/2739 856/2715/2740
f 601/2781/2741 597/2780/2740 856/2715/2740 2619/2716/2741
f 2495/2782/2742 601/2781/2741 2619/2716/2741 2623/2717/2742
f 2505/2783/2743 2495/2782/2742 2623/2717/2742 2636/2718/2743
f 2513/2784/2744 2505/2783/2743 2636/2718/2743 2642/2719/2744
f 2515/2785/2745 2513/2784/2744 2642/2719/2744 2647/2720/2745
f 2542/2786/2746 2515/2785/2745 2647/2720/2745 2663/2721/2746
f 2546/2787/2747 2542/2786/2746 2663/2721/2746 2685/2722/2747
f 2719/2788/2748 2546/2787/2747 2685/2722/2747 2699/2723/2748
f 2699/2723/2748 2707/2724/2749 2721/2789/2749 2719/2788/2748
f 2725/2790/2750 2721/2789/2749 2707/2724/2749 2714/2725/2750
f 2714/2725/2750 2737/2726/2751 2855/2791/2751 2725/2790/2750
f 2737/2726/2751 2772/2727/2752 2859/2792/2752 2855/2791/2751
f 2772/2727/2752 2787/2728/2753 2869/2793/2753 2859/2792/2752
f 2871/2794/2754 2869/2793/2753 2787/2728/2753 2793/2729/2754
f 2881/2795/2755 2871/2794/2754 2793/2729/2754 2799/2730/2755
f 2799/2730/2755 2810/2731/2756 2887/2796/2756 2881/2795/2755
f 2810/2731/2756 3687/2732/2693 3938/2797/2693 2887/2796/2756
f 3943/2798/2629 3939/2799/2630 3938/2734/2630 3942/2733/2629
f 3949/2800/2631 3943/2798/2629 3942/2733/2629 3948/2735/2631
f 3948/2735/2631 3932/2736/2632 3952/2801/2632 3949/2800/2631
f 3973/2802/2757 3952/2801/2632 3932/2736/2632 3934/2737/2757
f 3971/2803/2634 3973/2802/2757 3934/2737/2757 3970/2738/2634
f 3970/2738/2634 3966/2739/2635 3967/2804/2635 3971/2803/2634
f 3966/2739/2635 3797/2740/2636 3979/2805/2636 3967/2804/2635
f 3800/2806/2637 3979/2805/2636 3797/2740/2636 3799/2741/2637
f 3799/2741/2637 3795/2742/2638 3883/2807/2638 3800/2806/2637
f 3795/2742/2638 3875/2743/2639 3876/2808/2639 3883/2807/2638
f 3875/2743/2639 3871/2744/2640 3872/2809/2640 3876/2808/2639
f 3871/2744/2640 3825/2745/2641 3869/2810/2641 3872/2809/2640
f 3825/2745/2641 3823/2746/2642 3833/2811/2642 3869/2810/2641
f 3823/2746/2642 3829/2747/2643 3830/2812/2643 3833/2811/2642
f 3829/2747/2643 3817/2748/2644 3818/2813/2644 3830/2812/2643
f 3817/2748/2644 3813/2749/2645 3814/2814/2645 3818/2813/2644
f 3813/2749/2645 1878/2750/2646 1879/2815/2646 3814/2814/2645
f 1878/2750/2646 1868/2751/2647 1869/2816/2647 1879/2815/2646
f 1868/2751/2647 1862/2752/2648 1866/2817/2648 1869/2816/2647
f 1862/2752/2648 1860/2753/2649 1843/2818/2649 1866/2817/2648
f 1860/2753/2649 1840/2754/2650 1841/2819/2650 1843/2818/2649
f 1840/2754/2650 1836/2755/2758 1837/2820/2758 1841/2819/2650
f 1836/2755/2758 1709/2756/2759 1832/2821/2759 1837/2820/2758
f 1709/2756/2759 1705/2757/2653 1706/2822/2653 1832/2821/2759
f 1705/2757/2653 1703/2758/2654 1524/2823/2654 1706/2822/2653
f 1703/2758/2654 1517/2759/2655 1518/2824/2655 1524/2823/2654
f 1517/2759/2655 1513/2760/2656 1514/2825/2656 1518/2824/2655
f 1513/2760/2656 1496/2761/2760 1511/2826/2760 1514/2825/2656
f 1496/2761/2760 1494/2762/2658 1484/2827/2658 1511/2826/2760
f 1494/2762/2658 1480/2763/2659 1481/2828/2659 1484/2827/2658
f 1480/2763/2659 1474/2764/2660 1475/2829/2660 1481/2828/2659
f 1474/2764/2660 1470/2765/2661 1471/2830/2661 1475/2829/2660
f 1470/2765/2661 476/2766/2662 477/2831/2662 1471/2830/2661
f 476/2766/2662 470/2767/2663 471/2832/2663 477/2831/2662
f 468/2833/2664 471/2832/2663 470/2767/2663 483/2768/2664
f 483/2768/2664 481/2769/2761 455/2834/2761 468/2833/2664
f 481/2769/2761 457/2770/2666 458/2835/2666 455/2834/2761
f 462/2836/2667 458/2835/2666 457/2770/2666 461/2771/2667
f 451/2837/2668 462/2836/2667 461/2771/2667 666/2772/2668
f 666/2772/2668 662/2773/2669 663/2838/2669 451/2837/2668
f 543/2839/2670 663/2838/2669 662/2773/2669 668/2774/2670
f 549/2840/2671 543/2839/2670 668/2774/2670 548/2775/2671
f 553/2841/2672 549/2840/2671 548/2775/2671 552/2776/2672
f 555/2842/2673 553/2841/2672 552/2776/2672 591/2777/2673
f 583/2843/2674 555/2842/2673 591/2777/2673 593/2778/2674
f 586/2844/2675 583/2843/2674 593/2778/2674 585/2779/2675
f 598/2845/2676 586/2844/2675 585/2779/2675 597/2780/2676
f 602/2846/2677 598/2845/2676 597/2780/2676 601/2781/2677
f 2496/2847/2678 602/2846/2677 601/2781/2677 2495/2782/2678
f 2506/2848/2679 2496/2847/2678 2495/2782/2678 2505/2783/2679
f 2509/2849/2680 2506/2848/2679 2505/2783/2679 2513/2784/2680
f 2540/2850/2681 2509/2849/2680 2513/2784/2680 2515/2785/2681
f 2543/2851/2682 2540/2850/2681 2515/2785/2681 2542/2786/2682
f 2547/2852/2683 2543/2851/2682 2542/2786/2682 2546/2787/2683
f 2553/2853/2684 2547/2852/2683 2546/2787/2683 2719/2788/2684
f 2722/2854/2685 2553/2853/2684 2719/2788/2684 2721/2789/2685
f 2851/2855/2686 2722/2854/2685 2721/2789/2685 2725/2790/2686
f 2856/2856/2687 2851/2855/2686 2725/2790/2686 2855/2791/2687
f 2860/2857/2688 2856/2856/2687 2855/2791/2687 2859/2792/2688
f 2862/2858/2762 2860/2857/2688 2859/2792/2688 2869/2793/2762
f 2879/2859/2690 2862/2858/2762 2869/2793/2762 2871/2794/2690
f 2882/2860/2691 2879/2859/2690 2871/2794/2690 2881/2795/2691
f 2888/2861/2692 2882/2860/2691 2881/2795/2691 2887/2796/2692
f 3939/2862/2630 2888/2861/2692 2887/2796/2692 3938/2797/2630
f 3944/2863/2109 3940/2864/2110 3939/2799/2110 3943/2798/2109
f 3950/2865/2111 3944/2863/2109 3943/2798/2109 3949/2800/2111
f 3953/2866/2112 3950/2865/2111 3949/2800/2111 3952/2801/2112
f 3974/2867/2113 3953/2866/2112 3952/2801/2112 3973/2802/2113
f 3973/2802/2113 3971/2803/2114 3972/2868/2114 3974/2867/2113
f 3971/2803/2114 3967/2804/2115 3968/2869/2115 3972/2868/2114
f 3967/2804/2115 3979/2805/2116 3980/2870/2116 3968/2869/2115
f 3801/2871/2117 3980/2870/2116 3979/2805/2116 3800/2806/2117
f 3800/2806/2117 3883/2807/2118 3884/2872/2118 3801/2871/2117
f 3877/2873/2119 3884/2872/2118 3883/2807/2118 3876/2808/2119
f 3873/2874/2120 3877/2873/2119 3876/2808/2119 3872/2809/2120
f 3872/2809/2120 3869/2810/2121 3870/2875/2121 3873/2874/2120
f 3869/2810/2121 3833/2811/2122 3834/2876/2122 3870/2875/2121
f 3833/2811/2122 3830/2812/2123 3831/2877/2123 3834/2876/2122
f 3830/2812/2123 3818/2813/2124 3819/2878/2124 3831/2877/2123
f 3818/2813/2124 3814/2814/2125 3815/2879/2125 3819/2878/2124
f 3814/2814/2125 1879/2815/2126 1880/2880/2126 3815/2879/2125
f 1879/2815/2126 1869/2816/2127 1870/2881/2127 1880/2880/2126
f 1869/2816/2127 1866/2817/2128 1867/2882/2128 1870/2881/2127
f 1866/2817/2128 1843/2818/2129 1844/2883/2129 1867/2882/2128
f 1843/2818/2129 1841/2819/2130 1842/2884/2130 1844/2883/2129
f 1841/2819/2130 1837/2820/2131 1838/2885/2131 1842/2884/2130
f 1837/2820/2131 1832/2821/2132 1833/2886/2132 1838/2885/2131
f 1832/2821/2132 1706/2822/2133 1707/2887/2133 1833/2886/2132
f 1706/2822/2133 1524/2823/2134 1525/2888/2134 1707/2887/2133
f 1524/2823/2134 1518/2824/2135 1519/2889/2135 1525/2888/2134
f 1518/2824/2135 1514/2825/2136 1515/2890/2136 1519/2889/2135
f 1514/2825/2136 1511/2826/2137 1512/2891/2137 1515/2890/2136
f 1511/2826/2137 1484/2827/2138 1485/2892/2138 1512/2891/2137
f 1484/2827/2138 1481/2828/2139 1482/2893/2139 1485/2892/2138
f 1481/2828/2139 1475/2829/2140 1476/2894/2140 1482/2893/2139
f 1475/2829/2140 1471/2830/2141 1472/2895/2141 1476/2894/2140
f 1471/2830/2141 477/2831/2142 478/2896/2142 1472/2895/2141
f 477/2831/2142 471/2832/2143 472/2897/2143 478/2896/2142
f 471/2832/2143 468/2833/2144 469/2898/2144 472/2897/2143
f 468/2833/2144 455/2834/2145 456/2899/2145 469/2898/2144
f 459/2900/2146 456/2899/2145 455/2834/2145 458/2835/2146
f 463/2901/2147 459/2900/2146 458/2835/2146 462/2836/2147
f 452/2902/2148 463/2901/2147 462/2836/2147 451/2837/2148
f 451/2837/2148 663/2838/2149 664/2903/2149 452/2902/2148
f 544/2904/2150 664/2903/2149 663/2838/2149 543/2839/2150
f 543/2839/2150 549/2840/2151 550/2905/2151 544/2904/2150
f 549/2840/2151 553/2841/2152 554/2906/2152 550/2905/2151
f 556/2907/2153 554/2906/2152 553/2841/2152 555/2842/2153
f 584/2908/2154 556/2907/2153 555/2842/2153 583/2843/2154
f 587/2909/2155 584/2908/2154 583/2843/2154 586/2844/2155
f 599/2910/2156 587/2909/2155 586/2844/2155 598/2845/2156
f 603/2911/2157 599/2910/2156 598/2845/2156 602/2846/2157
f 2497/2912/2158 603/2911/2157 602/2846/2157 2496/2847/2158
f 2507/2913/2159 2497/2912/2158 2496/2847/2158 2506/2848/2159
f 2510/2914/2160 2507/2913/2159 2506/2848/2159 2509/2849/2160
f 2541/2915/2161 2510/2914/2160 2509/2849/2160 2540/2850/2161
f 2544/2916/2162 2541/2915/2161 2540/2850/2161 2543/2851/2162
f 2548/2917/2163 2544/2916/2162 2543/2851/2162 2547/2852/2163
f 2554/2918/2164 2548/2917/2163 2547/2852/2163 2553/2853/2164
f 2723/2919/2165 2554/2918/2164 2553/2853/2164 2722/2854/2165
f 2852/2920/2166 2723/2919/2165 2722/2854/2165 2851/2855/2166
f 2857/2921/2167 2852/2920/2166 2851/2855/2166 2856/2856/2167
f 2861/2922/2168 2857/2921/2167 2856/2856/2167 2860/2857/2168
f 2863/2923/2169 2861/2922/2168 2860/2857/2168 2862/2858/2169
f 2880/2924/2170 2863/2923/2169 2862/2858/2169 2879/2859/2170
f 2883/2925/2171 2880/2924/2170 2879/2859/2170 2882/2860/2171
f 2889/2926/2172 2883/2925/2171 2882/2860/2171 2888/2861/2172
f 3940/2927/2110 2889/2926/2172 2888/2861/2172 3939/2862/2110
f 3945/2928/2763 3941/2929/2764 3940/2864/2764 3944/2863/2763
f 3951/2930/2765 3945/2928/2763 3944/2863/2763 3950/2865/2765
f 3933/2931/2766 3951/2930/2765 3950/2865/2765 3953/2866/2766
f 3935/2932/2767 3933/2931/2766 3953/2866/2766 3974/2867/2767
f 3975/2933/2768 3935/2932/2767 3974/2867/2767 3972/2868/2768
f 3969/2934/2769 3975/2933/2768 3972/2868/2768 3968/2869/2769
f 3798/2935/2770 3969/2934/2769 3968/2869/2769 3980/2870/2770
f 3802/2936/2771 3798/2935/2770 3980/2870/2770 3801/2871/2771
f 3801/2871/2771 3884/2872/2772 3796/2937/2772 3802/2936/2771
f 3884/2872/2772 3877/2873/2773 3878/2938/2773 3796/2937/2772
f 3874/2939/2774 3878/2938/2773 3877/2873/2773 3873/2874/2774
f 3873/2874/2774 3870/2875/2775 3826/2940/2775 3874/2939/2774
f 3870/2875/2775 3834/2876/2776 3824/2941/2776 3826/2940/2775
f 3832/2942/2777 3824/2941/2776 3834/2876/2776 3831/2877/2777
f 3831/2877/2777 3819/2878/2778 3820/2943/2778 3832/2942/2777
f 3819/2878/2778 3815/2879/2779 3816/2944/2779 3820/2943/2778
f 3815/2879/2779 1880/2880/2780 1881/2945/2780 3816/2944/2779
f 1880/2880/2780 1870/2881/2781 1871/2946/2781 1881/2945/2780
f 1870/2881/2781 1867/2882/2782 1863/2947/2782 1871/2946/2781
f 1867/2882/2782 1844/2883/2783 1861/2948/2783 1863/2947/2782
f 1844/2883/2783 1842/2884/2784 1845/2949/2784 1861/2948/2783
f 1842/2884/2784 1838/2885/2785 1839/2950/2785 1845/2949/2784
f 1838/2885/2785 1833/2886/2786 1710/2951/2786 1839/2950/2785
f 1833/2886/2786 1707/2887/2787 1708/2952/2787 1710/2951/2786
f 1707/2887/2787 1525/2888/2788 1704/2953/2788 1708/2952/2787
f 1525/2888/2788 1519/2889/2789 1520/2954/2789 1704/2953/2788
f 1519/2889/2789 1515/2890/2790 1516/2955/2790 1520/2954/2789
f 1515/2890/2790 1512/2891/2791 1497/2956/2791 1516/2955/2790
f 1512/2891/2791 1485/2892/2792 1495/2957/2792 1497/2956/2791
f 1485/2892/2792 1482/2893/2793 1483/2958/2793 1495/2957/2792
f 1482/2893/2793 1476/2894/2794 1477/2959/2794 1483/2958/2793
f 1476/2894/2794 1472/2895/2795 1473/2960/2795 1477/2959/2794
f 1472/2895/2795 478/2896/2796 479/2961/2796 1473/2960/2795
f 478/2896/2796 472/2897/2797 473/2962/2797 479/2961/2796
f 472/2897/2797 469/2898/2798 484/2963/2798 473/2962/2797
f 469/2898/2798 456/2899/2799 482/2964/2799 484/2963/2798
f 456/2899/2799 459/2900/2800 460/2965/2800 482/2964/2799
f 459/2900/2800 463/2901/2801 464/2966/2801 460/2965/2800
f 463/2901/2801 452/2902/2802 667/2967/2802 464/2966/2801
f 452/2902/2802 664/2903/2803 665/2968/2803 667/2967/2802
f 669/2969/2804 665/2968/2803 664/2903/2803 544/2904/2804
f 551/2970/2805 669/2969/2804 544/2904/2804 550/2905/2805
f 550/2905/2805 554/2906/2806 557/2971/2806 551/2970/2805
f 592/2972/2807 557/2971/2806 554/2906/2806 556/2907/2807
f 594/2973/2808 592/2972/2807 556/2907/2807 584/2908/2808
f 584/2908/2808 587/2909/2809 588/2974/2809 594/2973/2808
f 600/2975/2810 588/2974/2809 587/2909/2809 599/2910/2810
f 604/2976/2811 600/2975/2810 599/2910/2810 603/2911/2811
f 2498/2977/2812 604/2976/2811 603/2911/2811 2497/2912/2812
f 2508/2978/2813 2498/2977/2812 2497/2912/2812 2507/2913/2813
f 2514/2979/2814 2508/2978/2813 2507/2913/2813 2510/2914/2814
f 2516/2980/2815 2514/2979/2814 2510/2914/2814 2541/2915/2815
f 2545/2981/2816 2516/2980/2815 2541/2915/2815 2544/2916/2816
f 2549/2982/2817 2545/2981/2816 2544/2916/2816 2548/2917/2817
f 2720/2983/2818 2549/2982/2817 2548/2917/2817 2554/2918/2818
f 2724/2984/2819 2720/2983/2818 2554/2918/2818 2723/2919/2819
f 2726/2985/2820 2724/2984/2819 2723/2919/2819 2852/2920/2820
f 2858/2986/2821 2726/2985/2820 2852/2920/2820 2857/2921/2821
f 2864/2987/2822 2858/2986/2821 2857/2921/2821 2861/2922/2822
f 2870/2988/2823 2864/2987/2822 2861/2922/2822 2863/2923/2823
f 2872/2989/2824 2870/2988/2823 2863/2923/2823 2880/2924/2824
f 2884/2990/2825 2872/2989/2824 2880/2924/2824 2883/2925/2825
f 2890/2991/2826 2884/2990/2825 2883/2925/2825 2889/2926/2826
f 3941/2992/2764 2890/2991/2826 2889/2926/2826 3940/2927/2764
f 3696/2993/2827 3694/2994/2828 3941/2929/2828 3945/2928/2827
f 3704/2995/2829 3696/2993/2827 3945/2928/2827 3951/2930/2829
f 3728/2996/2830 3704/2995/2829 3951/2930/2829 3933/2931/2830
f 3706/2997/2831 3728/2996/2830 3933/2931/2830 3935/2932/2831
f 3715/2998/2832 3706/2997/2831 3935/2932/2831 3975/2933/2832
f 3791/2999/2833 3715/2998/2832 3975/2933/2832 3969/2934/2833
f 3764/3000/2834 3791/2999/2833 3969/2934/2833 3798/2935/2834
f 3772/3001/2835 3764/3000/2834 3798/2935/2834 3802/2936/2835
f 3756/3002/2836 3772/3001/2835 3802/2936/2835 3796/2937/2836
f 3781/3003/2837 3756/3002/2836 3796/2937/2836 3878/2938/2837
f 3645/3004/2838 3781/3003/2837 3878/2938/2837 3874/2939/2838
f 3621/3005/2839 3645/3004/2838 3874/2939/2838 3826/2940/2839
f 3635/3006/2840 3621/3005/2839 3826/2940/2839 3824/2941/2840
f 3619/3007/2841 3635/3006/2840 3824/2941/2840 3832/2942/2841
f 3611/3008/2842 3619/3007/2841 3832/2942/2841 3820/2943/2842
f 3609/3009/2843 3611/3008/2842 3820/2943/2842 3816/2944/2843
f 1820/3010/2844 3609/3009/2843 3816/2944/2843 1881/2945/2844
f 1812/3011/2845 1820/3010/2844 1881/2945/2844 1871/2946/2845
f 1871/2946/2845 1863/2947/2846 1803/3012/2846 1812/3011/2845
f 1789/3013/2847 1803/3012/2846 1863/2947/2846 1861/2948/2847
f 1785/3014/2848 1789/3013/2847 1861/2948/2847 1845/2949/2848
f 1845/2949/2848 1839/2950/2849 1748/3015/2849 1785/3014/2848
f 1839/2950/2849 1710/2951/2850 1738/3016/2850 1748/3015/2849
f 1710/2951/2850 1708/2952/2851 1730/3017/2851 1738/3016/2850
f 1721/3018/2852 1730/3017/2851 1708/2952/2851 1704/2953/2852
f 1704/2953/2852 1520/2954/2853 1700/3019/2853 1721/3018/2852
f 1520/2954/2853 1516/2955/2854 1675/3020/2854 1700/3019/2853
f 1516/2955/2854 1497/2956/2855 1666/3021/2855 1675/3020/2854
f 1497/2956/2855 1495/2957/2856 1662/3022/2856 1666/3021/2855
f 1495/2957/2856 1483/2958/2857 1647/3023/2857 1662/3022/2856
f 1483/2958/2857 1477/2959/2858 1639/3024/2858 1647/3023/2857
f 1477/2959/2858 1473/2960/2859 1637/3025/2859 1639/3024/2858
f 1473/2960/2859 479/2961/2860 789/3026/2860 1637/3025/2859
f 479/2961/2860 473/2962/2861 781/3027/2861 789/3026/2860
f 473/2962/2861 484/2963/2862 763/3028/2862 781/3027/2861
f 484/2963/2862 482/2964/2863 773/3029/2863 763/3028/2862
f 482/2964/2863 460/2965/2864 771/3030/2864 773/3029/2863
f 460/2965/2864 464/2966/2865 682/3031/2865 771/3030/2864
f 464/2966/2865 667/2967/2866 709/3032/2866 682/3031/2865
f 667/2967/2866 665/2968/2867 701/3033/2867 709/3032/2866
f 665/2968/2867 669/2969/2868 717/3034/2868 701/3033/2867
f 669/2969/2868 551/2970/2869 692/3035/2869 717/3034/2868
f 551/2970/2869 557/2971/2870 828/3036/2870 692/3035/2869
f 557/2971/2870 592/2972/2871 845/3037/2871 828/3036/2870
f 592/2972/2871 594/2973/2872 843/3038/2872 845/3037/2871
f 594/2973/2872 588/2974/2873 853/3039/2873 843/3038/2872
f 588/2974/2873 600/2975/2874 861/3040/2874 853/3039/2873
f 600/2975/2874 604/2976/2875 2628/3041/2875 861/3040/2874
f 604/2976/2875 2498/2977/2876 2630/3042/2876 2628/3041/2875
f 2498/2977/2876 2508/2978/2877 2638/3043/2877 2630/3042/2876
f 2653/3044/2878 2638/3043/2877 2508/2978/2877 2514/2979/2878
f 2514/2979/2878 2516/2980/2879 2655/3045/2879 2653/3044/2878
f 2516/2980/2879 2545/2981/2880 2666/3046/2880 2655/3045/2879
f 2690/3047/2881 2666/3046/2880 2545/2981/2880 2549/2982/2881
f 2700/3048/2882 2690/3047/2881 2549/2982/2881 2720/2983/2882
f 2708/3049/2883 2700/3048/2882 2720/2983/2882 2724/2984/2883
f 2724/2984/2883 2726/2985/2884 2717/3050/2884 2708/3049/2883
f 2738/3051/2885 2717/3050/2884 2726/2985/2884 2858/2986/2885
f 2776/3052/2886 2738/3051/2885 2858/2986/2885 2864/2987/2886
f 2778/3053/2887 2776/3052/2886 2864/2987/2886 2870/2988/2887
f 2794/3054/2888 2778/3053/2887 2870/2988/2887 2872/2989/2888
f 2803/3055/2889 2794/3054/2888 2872/2989/2888 2884/2990/2889
f 2811/3056/2890 2803/3055/2889 2884/2990/2889 2890/2991/2890
f 3694/3057/2828 2811/3056/2890 2890/2991/2890 3941/2992/2828
f 3697/3058/2891 3695/3059/2892 3694/2994/2892 3696/2993/2891
f 3705/3060/2893 3697/3058/2891 3696/2993/2891 3704/2995/2893
f 3729/3061/2894 3705/3060/2893 3704/2995/2893 3728/2996/2894
f 3707/3062/2895 3729/3061/2894 3728/2996/2894 3706/2997/2895
f 3714/3063/2896 3707/3062/2895 3706/2997/2895 3715/2998/2896
f 3792/3064/2897 3714/3063/2896 3715/2998/2896 3791/2999/2897
f 3791/2999/2897 3764/3000/2898 3765/3065/2898 3792/3064/2897
f 3773/3066/2899 3765/3065/2898 3764/3000/2898 3772/3001/2899
f 3772/3001/2899 3756/3002/2900 3757/3067/2900 3773/3066/2899
f 3782/3068/2901 3757/3067/2900 3756/3002/2900 3781/3003/2901
f 3781/3003/2901 3645/3004/2902 3644/3069/2902 3782/3068/2901
f 3645/3004/2902 3621/3005/2903 3622/3070/2903 3644/3069/2902
f 3636/3071/2904 3622/3070/2903 3621/3005/2903 3635/3006/2904
f 3635/3006/2904 3619/3007/2905 3620/3072/2905 3636/3071/2904
f 3619/3007/2905 3611/3008/2906 3612/3073/2906 3620/3072/2905
f 3611/3008/2906 3609/3009/2907 3610/3074/2907 3612/3073/2906
f 3609/3009/2907 1820/3010/2908 1821/3075/2908 3610/3074/2907
f 1820/3010/2908 1812/3011/2909 1813/3076/2909 1821/3075/2908
f 1812/3011/2909 1803/3012/2910 1804/3077/2910 1813/3076/2909
f 1803/3012/2910 1789/3013/2911 1790/3078/2911 1804/3077/2910
f 1789/3013/2911 1785/3014/2912 1786/3079/2912 1790/3078/2911
f 1785/3014/2912 1748/3015/2913 1749/3080/2913 1786/3079/2912
f 1748/3015/2913 1738/3016/2914 1739/3081/2914 1749/3080/2913
f 1738/3016/2914 1730/3017/2915 1731/3082/2915 1739/3081/2914
f 1730/3017/2915 1721/3018/2916 1722/3083/2916 1731/3082/2915
f 1721/3018/2916 1700/3019/2917 1701/3084/2917 1722/3083/2916
f 1700/3019/2917 1675/3020/2918 1674/3085/2918 1701/3084/2917
f 1675/3020/2918 1666/3021/2919 1667/3086/2919 1674/3085/2918
f 1666/3021/2919 1662/3022/2920 1663/3087/2920 1667/3086/2919
f 1662/3022/2920 1647/3023/2921 1648/3088/2921 1663/3087/2920
f 1647/3023/2921 1639/3024/2922 1640/3089/2922 1648/3088/2921
f 1639/3024/2922 1637/3025/2923 1638/3090/2923 1640/3089/2922
f 1637/3025/2923 789/3026/2924 790/3091/2924 1638/3090/2923
f 789/3026/2924 781/3027/2925 782/3092/2925 790/3091/2924
f 781/3027/2925 763/3028/2926 764/3093/2926 782/3092/2925
f 763/3028/2926 773/3029/2927 774/3094/2927 764/3093/2926
f 773/3029/2927 771/3030/2928 772/3095/2928 774/3094/2927
f 771/3030/2928 682/3031/2929 683/3096/2929 772/3095/2928
f 710/3097/2930 683/3096/2929 682/3031/2929 709/3032/2930
f 709/3032/2930 701/3033/2931 702/3098/2931 710/3097/2930
f 718/3099/2932 702/3098/2931 701/3033/2931 717/3034/2932
f 717/3034/2932 692/3035/2933 693/3100/2933 718/3099/2932
f 829/3101/2934 693/3100/2933 692/3035/2933 828/3036/2934
f 846/3102/2935 829/3101/2934 828/3036/2934 845/3037/2935
f 845/3037/2935 843/3038/2936 844/3103/2936 846/3102/2935
f 854/3104/2937 844/3103/2936 843/3038/2936 853/3039/2938
f 862/3105/2939 854/3104/2937 853/3039/2938 861/3040/2939
f 2629/3106/2940 862/3105/2939 861/3040/2939 2628/3041/2940
f 2631/3107/2941 2629/3106/2940 2628/3041/2940 2630/3042/2941
f 2639/3108/2942 2631/3107/2941 2630/3042/2941 2638/3043/2942
f 2654/3109/2943 2639/3108/2942 2638/3043/2942 2653/3044/2943
f 2656/3110/2944 2654/3109/2943 2653/3044/2943 2655/3045/2944
f 2665/3111/2945 2656/3110/2944 2655/3045/2944 2666/3046/2945
f 2691/3112/2946 2665/3111/2945 2666/3046/2945 2690/3047/2946
f 2701/3113/2947 2691/3112/2946 2690/3047/2946 2700/3048/2947
f 2709/3114/2948 2701/3113/2947 2700/3048/2947 2708/3049/2948
f 2718/3115/2949 2709/3114/2948 2708/3049/2948 2717/3050/2949
f 2739/3116/2950 2718/3115/2949 2717/3050/2949 2738/3051/2950
f 2777/3117/2951 2739/3116/2950 2738/3051/2950 2776/3052/2951
f 2779/3118/2952 2777/3117/2951 2776/3052/2951 2778/3053/2952
f 2795/3119/2953 2779/3118/2952 2778/3053/2952 2794/3054/2953
f 2804/3120/2954 2795/3119/2953 2794/3054/2953 2803/3055/2954
f 2812/3121/2955 2804/3120/2954 2803/3055/2954 2811/3056/2955
f 3695/3122/2892 2812/3121/2955 2811/3056/2955 3694/3057/2892
f 3927/3123/2956 3926/3124/2957 3695/3059/2958 3697/3058/2959
f 3697/3058/2959 3705/3060/2960 3928/3125/2961 3927/3123/2956
f 3705/3060/2960 3729/3061/2962 3730/3126/2963 3928/3125/2961
f 3729/3061/2962 3707/3062/2964 3732/3127/2965 3730/3126/2963
f 3707/3062/2964 3714/3063/2966 3731/3128/2967 3732/3127/2965
f 3793/3129/2968 3731/3128/2967 3714/3063/2966 3792/3064/2969
f 3792/3064/2969 3765/3065/2970 3794/3130/2971 3793/3129/2968
f 3765/3065/2970 3773/3066/2972 3774/3131/2973 3794/3130/2971
f 3773/3066/2972 3757/3067/2974 3784/3132/2975 3774/3131/2973
f 3757/3067/2974 3782/3068/2976 3783/3133/2977 3784/3132/2975
f 3782/3068/2976 3644/3069/2978 3647/3134/2979 3783/3133/2977
f 3644/3069/2978 3622/3070/2980 3646/3135/2981 3647/3134/2979
f 3622/3070/2980 3636/3071/2982 3637/3136/2983 3646/3135/2981
f 3636/3071/2982 3620/3072/2984 3809/3137/2985 3637/3136/2983
f 3620/3072/2984 3612/3073/2986 3808/3138/2987 3809/3137/2985
f 3612/3073/2986 3610/3074/2988 3807/3139/2989 3808/3138/2987
f 3610/3074/2988 1821/3075/2990 1875/3140/2991 3807/3139/2989
f 1821/3075/2990 1813/3076/2992 1874/3141/2993 1875/3140/2991
f 1813/3076/2992 1804/3077/2994 1805/3142/2995 1874/3141/2993
f 1804/3077/2994 1790/3078/2996 1788/3143/2997 1805/3142/2995
f 1790/3078/2996 1786/3079/2998 1787/3144/2999 1788/3143/2997
f 1786/3079/2998 1749/3080/3000 1747/3145/3001 1787/3144/2999
f 1749/3080/3000 1739/3081/3002 1740/3146/3003 1747/3145/3001
f 1729/3147/3004 1740/3146/3003 1739/3081/3002 1731/3082/3005
f 1731/3082/3005 1722/3083/3006 1702/3148/3007 1729/3147/3004
f 1722/3083/3006 1701/3084/3008 1699/3149/3009 1702/3148/3007
f 1701/3084/3008 1674/3085/3010 1665/3150/3011 1699/3149/3009
f 1664/3151/3012 1665/3150/3011 1674/3085/3010 1667/3086/3013
f 1667/3086/3013 1663/3087/3014 1661/3152/3015 1664/3151/3012
f 1663/3087/3014 1648/3088/3016 1490/3153/3017 1661/3152/3015
f 1648/3088/3016 1640/3089/3018 1489/3154/3019 1490/3153/3017
f 1640/3089/3018 1638/3090/3020 1488/3155/3021 1489/3154/3019
f 1638/3090/3020 790/3091/3022 488/3156/3023 1488/3155/3021
f 487/3157/3024 488/3156/3023 790/3091/3022 782/3092/3025
f 762/3158/3026 487/3157/3024 782/3092/3025 764/3093/3027
f 748/3159/3028 762/3158/3026 764/3093/3027 774/3094/3029
f 749/3160/3030 748/3159/3028 774/3094/3029 772/3095/3031
f 772/3095/3031 683/3096/3032 681/3161/3033 749/3160/3030
f 674/3162/3034 681/3161/3033 683/3096/3032 710/3097/3035
f 700/3163/3036 674/3162/3034 710/3097/3035 702/3098/3037
f 684/3164/3038 700/3163/3036 702/3098/3037 718/3099/3039
f 691/3165/3040 684/3164/3038 718/3099/3039 693/3100/3041
f 820/3166/3042 691/3165/3040 693/3100/3041 829/3101/3043
f 821/3167/3044 820/3166/3042 829/3101/3043 846/3102/3045
f 842/3168/3046 821/3167/3044 846/3102/3045 844/3103/3047
f 607/3169/3048 842/3168/3046 844/3103/3047 854/3104/3049
f 608/3170/3050 607/3169/3048 854/3104/3049 862/3105/3051
f 2500/3171/3052 608/3170/3050 862/3105/3051 2629/3106/3053
f 2501/3172/3054 2500/3171/3052 2629/3106/3053 2631/3107/3055
f 2502/3173/3056 2501/3172/3054 2631/3107/3055 2639/3108/3057
f 2652/3174/3058 2502/3173/3056 2639/3108/3057 2654/3109/3059
f 2657/3175/3060 2652/3174/3058 2654/3109/3059 2656/3110/3061
f 2658/3176/3062 2657/3175/3060 2656/3110/3061 2665/3111/3063
f 2692/3177/3064 2658/3176/3062 2665/3111/3063 2691/3112/3065
f 2693/3178/3066 2692/3177/3064 2691/3112/3065 2701/3113/3067
f 2701/3113/3067 2709/3114/3068 2710/3179/3069 2693/3178/3066
f 2731/3180/3070 2710/3179/3069 2709/3114/3068 2718/3115/3071
f 2740/3181/3072 2731/3180/3070 2718/3115/3071 2739/3116/3073
f 2780/3182/3074 2740/3181/3072 2739/3116/3073 2777/3117/3075
f 2777/3117/3075 2779/3118/3076 2781/3183/3077 2780/3182/3074
f 2796/3184/3078 2781/3183/3077 2779/3118/3076 2795/3119/3079
f 2875/3185/3080 2796/3184/3078 2795/3119/3079 2804/3120/3081
f 2876/3186/3082 2875/3185/3080 2804/3120/3081 2812/3121/3083
f 3926/3187/2957 2876/3186/3082 2812/3121/3083 3695/3122/2958
f 3926/3124/2957 3927/3123/2956 3930/3188/3084 3929/3189/3085
f 3927/3123/2956 3928/3125/2961 3931/3190/3086 3930/3188/3084
f 3928/3125/2961 3730/3126/2963 3937/3191/3087 3931/3190/3086
f 3936/3192/3088 3937/3191/3087 3730/3126/2963 3732/3127/2965
f 3732/3127/2965 3731/3128/2967 3976/3193/3089 3936/3192/3088
f 3731/3128/2967 3793/3129/2968 3977/3194/3090 3976/3193/3089
f 3793/3129/2968 3794/3130/2971 3805/3195/3091 3977/3194/3090
f 3794/3130/2971 3774/3131/2973 3803/3196/3092 3805/3195/3091
f 3774/3131/2973 3784/3132/2975 3804/3197/3093 3803/3196/3092
f 3784/3132/2975 3783/3133/2977 3880/3198/3094 3804/3197/3093
f 3783/3133/2977 3647/3134/2979 3879/3199/3095 3880/3198/3094
f 3647/3134/2979 3646/3135/2981 3828/3200/3096 3879/3199/3095
f 3646/3135/2981 3637/3136/2983 3827/3201/3097 3828/3200/3096
f 3637/3136/2983 3809/3137/2985 3812/3202/3098 3827/3201/3097
f 3809/3137/2985 3808/3138/2987 3811/3203/3099 3812/3202/3098
f 3808/3138/2987 3807/3139/2989 3810/3204/3100 3811/3203/3099
f 3807/3139/2989 1875/3140/2991 1877/3205/3101 3810/3204/3100
f 1875/3140/2991 1874/3141/2993 1876/3206/3102 1877/3205/3101
f 1874/3141/2993 1805/3142/2995 1865/3207/3103 1876/3206/3102
f 1805/3142/2995 1788/3143/2997 1864/3208/3104 1865/3207/3103
f 1788/3143/2997 1787/3144/2999 1848/3209/3105 1864/3208/3104
f 1787/3144/2999 1747/3145/3001 1846/3210/3106 1848/3209/3105
f 1747/3145/3001 1740/3146/3003 1714/3211/3107 1846/3210/3106
f 1713/3212/3108 1714/3211/3107 1740/3146/3003 1729/3147/3004
f 1729/3147/3004 1702/3148/3007 1711/3213/3109 1713/3212/3108
f 1702/3148/3007 1699/3149/3009 1523/3214/3110 1711/3213/3109
f 1699/3149/3009 1665/3150/3011 1522/3215/3111 1523/3214/3110
f 1499/3216/3112 1522/3215/3111 1665/3150/3011 1664/3151/3012
f 1664/3151/3012 1661/3152/3015 1498/3217/3113 1499/3216/3112
f 1661/3152/3015 1490/3153/3017 1493/3218/3114 1498/3217/3113
f 1492/3219/3115 1493/3218/3114 1490/3153/3017 1489/3154/3019
f 1491/3220/3116 1492/3219/3115 1489/3154/3019 1488/3155/3021
f 490/3221/3117 1491/3220/3116 1488/3155/3021 488/3156/3023
f 489/3222/3118 490/3221/3117 488/3156/3023 487/3157/3024
f 485/3223/3119 489/3222/3118 487/3157/3024 762/3158/3026
f 762/3158/3026 748/3159/3028 486/3224/3120 485/3223/3119
f 467/3225/3121 486/3224/3120 748/3159/3028 749/3160/3030
f 466/3226/3122 467/3225/3121 749/3160/3030 681/3161/3033
f 671/3227/3123 466/3226/3122 681/3161/3033 674/3162/3034
f 673/3228/3124 671/3227/3123 674/3162/3034 700/3163/3036
f 672/3229/3125 673/3228/3124 700/3163/3036 684/3164/3038
f 559/3230/3126 672/3229/3125 684/3164/3038 691/3165/3040
f 560/3231/3127 559/3230/3126 691/3165/3040 820/3166/3042
f 595/3232/3128 560/3231/3127 820/3166/3042 821/3167/3044
f 596/3233/3129 595/3232/3128 821/3167/3044 842/3168/3046
f 609/3234/3130 596/3233/3129 842/3168/3046 607/3169/3048
f 610/3235/3131 609/3234/3130 607/3169/3048 608/3170/3050
f 611/3236/3132 610/3235/3131 608/3170/3050 2500/3171/3052
f 2503/3237/3133 611/3236/3132 2500/3171/3052 2501/3172/3054
f 2504/3238/3134 2503/3237/3133 2501/3172/3054 2502/3173/3056
f 2517/3239/3135 2504/3238/3134 2502/3173/3056 2652/3174/3058
f 2518/3240/3136 2517/3239/3135 2652/3174/3058 2657/3175/3060
f 2550/3241/3137 2518/3240/3136 2657/3175/3060 2658/3176/3062
f 2552/3242/3138 2550/3241/3137 2658/3176/3062 2692/3177/3064
f 2727/3243/3139 2552/3242/3138 2692/3177/3064 2693/3178/3066
f 2693/3178/3066 2710/3179/3069 2728/3244/3140 2727/3243/3139
f 2730/3245/3141 2728/3244/3140 2710/3179/3069 2731/3180/3070
f 2865/3246/3142 2730/3245/3141 2731/3180/3070 2740/3181/3072
f 2866/3247/3143 2865/3246/3142 2740/3181/3072 2780/3182/3074
f 2780/3182/3074 2781/3183/3077 2873/3248/3144 2866/3247/3143
f 2874/3249/3145 2873/3248/3144 2781/3183/3077 2796/3184/3078
f 2877/3250/3146 2874/3249/3145 2796/3184/3078 2875/3185/3080
f 2875/3185/3080 2876/3186/3082 2878/3251/3147 2877/3250/3146
f 2876/3186/3082 3926/3187/2957 3929/3252/3085 2878/3251/3147
f 3929/3189/3085 3930/3188/3084 3946/3253/3148 3947/3254/3149
f 3930/3188/3084 3931/3190/3086 3954/3255/3150 3946/3253/3148
f 3931/3190/3086 3937/3191/3087 3955/3256/3151 3954/3255/3150
f 3937/3191/3087 3936/3192/3088 3983/3257/3152 3955/3256/3151
f 3936/3192/3088 3976/3193/3089 3978/3258/3153 3983/3257/3152
f 3976/3193/3089 3977/3194/3090 3982/3259/3154 3978/3258/3153
f 3977/3194/3090 3805/3195/3091 3981/3260/3155 3982/3259/3154
f 3805/3195/3091 3803/3196/3092 3806/3261/3156 3981/3260/3155
f 3803/3196/3092 3804/3197/3093 3886/3262/3157 3806/3261/3156
f 3804/3197/3093 3880/3198/3094 3885/3263/3158 3886/3262/3157
f 3880/3198/3094 3879/3199/3095 3881/3264/3159 3885/3263/3158
f 3879/3199/3095 3828/3200/3096 3882/3265/3160 3881/3264/3159
f 3828/3200/3096 3827/3201/3097 3836/3266/3161 3882/3265/3160
f 3827/3201/3097 3812/3202/3098 3835/3267/3162 3836/3266/3161
f 3812/3202/3098 3811/3203/3099 3822/3268/3163 3835/3267/3162
f 3811/3203/3099 3810/3204/3100 3821/3269/3164 3822/3268/3163
f 3810/3204/3100 1877/3205/3101 1882/3270/3165 3821/3269/3164
f 1877/3205/3101 1876/3206/3102 1873/3271/3166 1882/3270/3165
f 1876/3206/3102 1865/3207/3103 1872/3272/3167 1873/3271/3166
f 1865/3207/3103 1864/3208/3104 1849/3273/3168 1872/3272/3167
f 1864/3208/3104 1848/3209/3105 1847/3274/3169 1849/3273/3168
f 1848/3209/3105 1846/3210/3106 1835/3275/3170 1847/3274/3169
f 1846/3210/3106 1714/3211/3107 1834/3276/3171 1835/3275/3170
f 1714/3211/3107 1713/3212/3108 1712/3277/3172 1834/3276/3171
f 1713/3212/3108 1711/3213/3109 1527/3278/3173 1712/3277/3172
f 1711/3213/3109 1523/3214/3110 1526/3279/3174 1527/3278/3173
f 1521/3280/3175 1526/3279/3174 1523/3214/3110 1522/3215/3111
f 1522/3215/3111 1499/3216/3112 1510/3281/3176 1521/3280/3175
f 1499/3216/3112 1498/3217/3113 1487/3282/3177 1510/3281/3176
f 1486/3283/3178 1487/3282/3177 1498/3217/3113 1493/3218/3114
f 1493/3218/3114 1492/3219/3115 1479/3284/3179 1486/3283/3178
f 1492/3219/3115 1491/3220/3116 1478/3285/3180 1479/3284/3179
f 1491/3220/3116 490/3221/3117 480/3286/3181 1478/3285/3180
f 490/3221/3117 489/3222/3118 475/3287/3182 480/3286/3181
f 474/3288/3183 475/3287/3182 489/3222/3118 485/3223/3119
f 450/3289/3184 474/3288/3183 485/3223/3119 486/3224/3120
f 486/3224/3120 467/3225/3121 465/3290/3185 450/3289/3184
f 453/3291/3186 465/3290/3185 467/3225/3121 466/3226/3122
f 466/3226/3122 671/3227/3123 454/3292/3187 453/3291/3186
f 671/3227/3123 673/3228/3124 670/3293/3188 454/3292/3187
f 545/3294/3189 670/3293/3188 673/3228/3124 672/3229/3125
f 546/3295/3190 545/3294/3189 672/3229/3125 559/3230/3126
f 558/3296/3191 546/3295/3190 559/3230/3126 560/3231/3127
f 560/3231/3127 595/3232/3128 547/3297/3192 558/3296/3191
f 595/3232/3128 596/3233/3129 589/3298/3193 547/3297/3192
f 590/3299/3194 589/3298/3193 596/3233/3129 609/3234/3130
f 609/3234/3130 610/3235/3131 605/3300/3195 590/3299/3194
f 610/3235/3131 611/3236/3132 606/3301/3196 605/3300/3195
f 611/3236/3132 2503/3237/3133 2499/3302/3197 606/3301/3196
f 2503/3237/3133 2504/3238/3134 2511/3303/3198 2499/3302/3197
f 2512/3304/3199 2511/3303/3198 2504/3238/3134 2517/3239/3135
f 2539/3305/3200 2512/3304/3199 2517/3239/3135 2518/3240/3136
f 2518/3240/3136 2550/3241/3137 2551/3306/3201 2539/3305/3200
f 2555/3307/3202 2551/3306/3201 2550/3241/3137 2552/3242/3138
f 2552/3242/3138 2727/3243/3139 2556/3308/3203 2555/3307/3202
f 2727/3243/3139 2728/3244/3140 2729/3309/3204 2556/3308/3203
f 2853/3310/3205 2729/3309/3204 2728/3244/3140 2730/3245/3141
f 2854/3311/3206 2853/3310/3205 2730/3245/3141 2865/3246/3142
f 2865/3246/3142 2866/3247/3143 2867/3312/3207 2854/3311/3206
f 2866/3247/3143 2873/3248/3144 2868/3313/3208 2867/3312/3207
f 2873/3248/3144 2874/3249/3145 2885/3314/3209 2868/3313/3208
f 2874/3249/3145 2877/3250/3146 2886/3315/3210 2885/3314/3209
f 2877/3250/3146 2878/3251/3147 2891/3316/3211 2886/3315/3210
f 2878/3251/3147 3929/3252/3085 3947/3317/3149 2891/3316/3211
f 3947/3254/3149 3946/3253/3148 4029/3318/3212 4028/3319/3213
f 3946/3253/3148 3954/3255/3150 4016/3320/3214 4029/3318/3212
f 3954/3255/3150 3955/3256/3151 4017/3321/3215 4016/3320/3214
f 4020/3322/3216 4017/3321/3215 3955/3256/3151 3983/3257/3152
f 4019/3323/3217 4020/3322/3216 3983/3257/3152 3978/3258/3153
f 3978/3258/3153 3982/3259/3154 4022/3324/3218 4019/3323/3217
f 3982/3259/3154 3981/3260/3155 4018/3325/3219 4022/3324/3218
f 3981/3260/3155 3806/3261/3156 4063/3326/3220 4018/3325/3219
f 3806/3261/3156 3886/3262/3157 3916/3327/3221 4063/3326/3220
f 3886/3262/3157 3885/3263/3158 3917/3328/3222 3916/3327/3221
f 3885/3263/3158 3881/3264/3159 3914/3329/3223 3917/3328/3222
f 3881/3264/3159 3882/3265/3160 3913/3330/3224 3914/3329/3223
f 3882/3265/3160 3836/3266/3161 3898/3331/3225 3913/3330/3224
f 3836/3266/3161 3835/3267/3162 3897/3332/3226 3898/3331/3225
f 3835/3267/3162 3822/3268/3163 3900/3333/3227 3897/3332/3226
f 3822/3268/3163 3821/3269/3164 3899/3334/3228 3900/3333/3227
f 3821/3269/3164 1882/3270/3165 1916/3335/3229 3899/3334/3228
f 1882/3270/3165 1873/3271/3166 1913/3336/3230 1916/3335/3229
f 1873/3271/3166 1872/3272/3167 1912/3337/3231 1913/3336/3230
f 1872/3272/3167 1849/3273/3168 1904/3338/3232 1912/3337/3231
f 1849/3273/3168 1847/3274/3169 1903/3339/3233 1904/3338/3232
f 1847/3274/3169 1835/3275/3170 1900/3340/3234 1903/3339/3233
f 1835/3275/3170 1834/3276/3171 1899/3341/3235 1900/3340/3234
f 1834/3276/3171 1712/3277/3172 1582/3342/3236 1899/3341/3235
f 1712/3277/3172 1527/3278/3173 1559/3343/3237 1582/3342/3236
f 1527/3278/3173 1526/3279/3174 1556/3344/3238 1559/3343/3237
f 1526/3279/3174 1521/3280/3175 1554/3345/3239 1556/3344/3238
f 1521/3280/3175 1510/3281/3176 1553/3346/3240 1554/3345/3239
f 1510/3281/3176 1487/3282/3177 1552/3347/3241 1553/3346/3240
f 1487/3282/3177 1486/3283/3178 1551/3348/3242 1552/3347/3241
f 1529/3349/3243 1551/3348/3242 1486/3283/3178 1479/3284/3179
f 1528/3350/3244 1529/3349/3243 1479/3284/3179 1478/3285/3180
f 500/3351/3245 1528/3350/3244 1478/3285/3180 480/3286/3181
f 522/3352/3246 500/3351/3245 480/3286/3181 475/3287/3182
f 475/3287/3182 474/3288/3183 521/3353/3247 522/3352/3246
f 474/3288/3183 450/3289/3184 513/3354/3248 521/3353/3247
f 450/3289/3184 465/3290/3185 514/3355/3249 513/3354/3248
f 509/3356/3250 514/3355/3249 465/3290/3185 453/3291/3186
f 516/3357/3251 509/3356/3250 453/3291/3186 454/3292/3187
f 402/3358/3252 516/3357/3251 454/3292/3187 670/3293/3188
f 620/3359/3253 402/3358/3252 670/3293/3188 545/3294/3189
f 617/3360/3254 620/3359/3253 545/3294/3189 546/3295/3190
f 621/3361/3255 617/3360/3254 546/3295/3190 558/3296/3191
f 622/3362/3256 621/3361/3255 558/3296/3191 547/3297/3192
f 643/3363/3257 622/3362/3256 547/3297/3192 589/3298/3193
f 644/3364/3258 643/3363/3257 589/3298/3193 590/3299/3194
f 630/3365/3259 644/3364/3258 590/3299/3194 605/3300/3195
f 631/3366/3260 630/3365/3259 605/3300/3195 606/3301/3196
f 2557/3367/3261 631/3366/3260 606/3301/3196 2499/3302/3197
f 2567/3368/3262 2557/3367/3261 2499/3302/3197 2511/3303/3198
f 2511/3303/3198 2512/3304/3199 2568/3369/3263 2567/3368/3262
f 2572/3370/3264 2568/3369/3263 2512/3304/3199 2539/3305/3200
f 2573/3371/3265 2572/3370/3264 2539/3305/3200 2551/3306/3201
f 2575/3372/3266 2573/3371/3265 2551/3306/3201 2555/3307/3202
f 2578/3373/3267 2575/3372/3266 2555/3307/3202 2556/3308/3203
f 2832/3374/3268 2578/3373/3267 2556/3308/3203 2729/3309/3204
f 2918/3375/3269 2832/3374/3268 2729/3309/3204 2853/3310/3205
f 2919/3376/3270 2918/3375/3269 2853/3310/3205 2854/3311/3206
f 2922/3377/3271 2919/3376/3270 2854/3311/3206 2867/3312/3207
f 2923/3378/3272 2922/3377/3271 2867/3312/3207 2868/3313/3208
f 2928/3379/3273 2923/3378/3272 2868/3313/3208 2885/3314/3209
f 2929/3380/3274 2928/3379/3273 2885/3314/3209 2886/3315/3210
f 2886/3315/3210 2891/3316/3211 2935/3381/3275 2929/3380/3274
f 2891/3316/3211 3947/3317/3149 4028/3382/3213 2935/3381/3275
f 4028/3319/3213 4029/3318/3212 4031/3383/3276 4030/3384/3277
f 4032/3385/3278 4031/3383/3276 4029/3318/3212 4016/3320/3214
f 4016/3320/3214 4017/3321/3215 4033/3386/3279 4032/3385/3278
f 4017/3321/3215 4020/3322/3216 4021/3387/3280 4033/3386/3279
f 4020/3322/3216 4019/3323/3217 4024/3388/3281 4021/3387/3280
f 4019/3323/3217 4022/3324/3218 4023/3389/3282 4024/3388/3281
f 4022/3324/3218 4018/3325/3219 4066/3390/3283 4023/3389/3282
f 4018/3325/3219 4063/3326/3220 4064/3391/3284 4066/3390/3283
f 4063/3326/3220 3916/3327/3221 4065/3392/3285 4064/3391/3284
f 3916/3327/3221 3917/3328/3222 3919/3393/3286 4065/3392/3285
f 3917/3328/3222 3914/3329/3223 3918/3394/3287 3919/3393/3286
f 3914/3329/3223 3913/3330/3224 3915/3395/3288 3918/3394/3287
f 3913/3330/3224 3898/3331/3225 3904/3396/3289 3915/3395/3288
f 3898/3331/3225 3897/3332/3226 3903/3397/3290 3904/3396/3289
f 3897/3332/3226 3900/3333/3227 3902/3398/3291 3903/3397/3290
f 3900/3333/3227 3899/3334/3228 3901/3399/3292 3902/3398/3291
f 3899/3334/3228 1916/3335/3229 1917/3400/3293 3901/3399/3292
f 1916/3335/3229 1913/3336/3230 1915/3401/3294 1917/3400/3293
f 1913/3336/3230 1912/3337/3231 1914/3402/3295 1915/3401/3294
f 1912/3337/3231 1904/3338/3232 1905/3403/3296 1914/3402/3295
f 1904/3338/3232 1903/3339/3233 1902/3404/3297 1905/3403/3296
f 1903/3339/3233 1900/3340/3234 1901/3405/3298 1902/3404/3297
f 1900/3340/3234 1899/3341/3235 1584/3406/3299 1901/3405/3298
f 1899/3341/3235 1582/3342/3236 1583/3407/3300 1584/3406/3299
f 1582/3342/3236 1559/3343/3237 1581/3408/3301 1583/3407/3300
f 1559/3343/3237 1556/3344/3238 1558/3409/3302 1581/3408/3301
f 1556/3344/3238 1554/3345/3239 1557/3410/3303 1558/3409/3302
f 1554/3345/3239 1553/3346/3240 1555/3411/3304 1557/3410/3303
f 1553/3346/3240 1552/3347/3241 1536/3412/3305 1555/3411/3304
f 1552/3347/3241 1551/3348/3242 1534/3413/3306 1536/3412/3305
f 1551/3348/3242 1529/3349/3243 1533/3414/3307 1534/3413/3306
f 1529/3349/3243 1528/3350/3244 1532/3415/3308 1533/3414/3307
f 1528/3350/3244 500/3351/3245 502/3416/3309 1532/3415/3308
f 500/3351/3245 522/3352/3246 498/3417/3310 502/3416/3309
f 496/3418/3311 498/3417/3310 522/3352/3246 521/3353/3247
f 515/3419/3312 496/3418/3311 521/3353/3247 513/3354/3248
f 513/3354/3248 514/3355/3249 510/3420/3313 515/3419/3312
f 514/3355/3249 509/3356/3250 512/3421/3314 510/3420/3313
f 400/3422/3315 512/3421/3314 509/3356/3250 516/3357/3251
f 516/3357/3251 402/3358/3252 403/3423/3316 400/3422/3315
f 402/3358/3252 620/3359/3253 401/3424/3317 403/3423/3316
f 620/3359/3253 617/3360/3254 618/3425/3318 401/3424/3317
f 617/3360/3254 621/3361/3255 619/3426/3319 618/3425/3318
f 621/3361/3255 622/3362/3256 623/3427/3320 619/3426/3319
f 628/3428/3321 623/3427/3320 622/3362/3256 643/3363/3257
f 643/3363/3257 644/3364/3258 629/3429/3322 628/3428/3321
f 632/3430/3323 629/3429/3322 644/3364/3258 630/3365/3259
f 630/3365/3259 631/3366/3260 633/3431/3324 632/3430/3323
f 631/3366/3260 2557/3367/3261 2558/3432/3325 633/3431/3324
f 2559/3433/3326 2558/3432/3325 2557/3367/3261 2567/3368/3262
f 2560/3434/3327 2559/3433/3326 2567/3368/3262 2568/3369/3263
f 2574/3435/3328 2560/3434/3327 2568/3369/3263 2572/3370/3264
f 2572/3370/3264 2573/3371/3265 2576/3436/3329 2574/3435/3328
f 2573/3371/3265 2575/3372/3266 2577/3437/3330 2576/3436/3329
f 2831/3438/3331 2577/3437/3330 2575/3372/3266 2578/3373/3267
f 2578/3373/3267 2832/3374/3268 2833/3439/3332 2831/3438/3331
f 2832/3374/3268 2918/3375/3269 2834/3440/3333 2833/3439/3332
f 2918/3375/3269 2919/3376/3270 2920/3441/3334 2834/3440/3333
f 2919/3376/3270 2922/3377/3271 2921/3442/3335 2920/3441/3334
f 2922/3377/3271 2923/3378/3272 2924/3443/3336 2921/3442/3335
f 2933/3444/3337 2924/3443/3336 2923/3378/3272 2928/3379/3273
f 2928/3379/3273 2929/3380/3274 2934/3445/3338 2933/3444/3337
f 2936/3446/3339 2934/3445/3338 2929/3380/3274 2935/3381/3275
f 2935/3381/3275 4028/3382/3213 4030/3447/3277 2936/3446/3339
f 4035/3448/3340 4034/3449/3341 4030/3384/3277 4031/3383/3276
f 4039/3450/3342 4035/3448/3340 4031/3383/3276 4032/3385/3278
f 4032/3385/3278 4033/3386/3279 4038/3451/3343 4039/3450/3342
f 4033/3386/3279 4021/3387/3280 4042/3452/3344 4038/3451/3343
f 4021/3387/3280 4024/3388/3281 4025/3453/3345 4042/3452/3344
f 4024/3388/3281 4023/3389/3282 4026/3454/3346 4025/3453/3345
f 4071/3455/3347 4026/3454/3346 4023/3389/3282 4066/3390/3283
f 4066/3390/3283 4064/3391/3284 4067/3456/3348 4071/3455/3347
f 4064/3391/3284 4065/3392/3285 4069/3457/3349 4067/3456/3348
f 4065/3392/3285 3919/3393/3286 3921/3458/3350 4069/3457/3349
f 3919/3393/3286 3918/3394/3287 3920/3459/3351 3921/3458/3350
f 3918/3394/3287 3915/3395/3288 3923/3460/3352 3920/3459/3351
f 3915/3395/3288 3904/3396/3289 3910/3461/3353 3923/3460/3352
f 3904/3396/3289 3903/3397/3290 3909/3462/3354 3910/3461/3353
f 3903/3397/3290 3902/3398/3291 3906/3463/3355 3909/3462/3354
f 3902/3398/3291 3901/3399/3292 3905/3464/3356 3906/3463/3355
f 3901/3399/3292 1917/3400/3293 1922/3465/3357 3905/3464/3356
f 1917/3400/3293 1915/3401/3294 1919/3466/3358 1922/3465/3357
f 1915/3401/3294 1914/3402/3295 1918/3467/3359 1919/3466/3358
f 1914/3402/3295 1905/3403/3296 1910/3468/3360 1918/3467/3359
f 1905/3403/3296 1902/3404/3297 1907/3469/3361 1910/3468/3360
f 1902/3404/3297 1901/3405/3298 1906/3470/3362 1907/3469/3361
f 1901/3405/3298 1584/3406/3299 1589/3471/3363 1906/3470/3362
f 1584/3406/3299 1583/3407/3300 1587/3472/3364 1589/3471/3363
f 1583/3407/3300 1581/3408/3301 1585/3473/3365 1587/3472/3364
f 1581/3408/3301 1558/3409/3302 1561/3474/3366 1585/3473/3365
f 1558/3409/3302 1557/3410/3303 1560/3475/3367 1561/3474/3366
f 1557/3410/3303 1555/3411/3304 1548/3476/3368 1560/3475/3367
f 1555/3411/3304 1536/3412/3305 1545/3477/3369 1548/3476/3368
f 1537/3478/3370 1545/3477/3369 1536/3412/3305
f 1533/3414/3307 1531/3479/3371 1535/3480/3372 1534/3413/3306
f 1531/3479/3371 1533/3414/3307 1532/3415/3308 1530/3481/3373
f 1530/3481/3373 1532/3415/3308 502/3416/3309 501/3482/3374
f 498/3417/3310 499/3483/3375 501/3482/3374 502/3416/3309
f 496/3418/3311 497/3484/3376 499/3483/3375 498/3417/3310
f 497/3484/3376 496/3418/3311 515/3419/3312 491/3485/3377
f 510/3420/3313 511/3486/3378 491/3485/3377 515/3419/3312
f 510/3420/3313 512/3421/3314 517/3487/3379 511/3486/3378
f 404/3488/3380 517/3487/3379 512/3421/3314
f 411/3489/3381 404/3488/3380 400/3422/3315 403/3423/3316
f 408/3490/3382 411/3489/3381 403/3423/3316 401/3424/3317
f 624/3491/3383 408/3490/3382 401/3424/3317 618/3425/3318
f 625/3492/3384 624/3491/3383 618/3425/3318 619/3426/3319
f 614/3493/3385 625/3492/3384 619/3426/3319 623/3427/3320
f 634/3494/3386 614/3493/3385 623/3427/3320 628/3428/3321
f 635/3495/3387 634/3494/3386 628/3428/3321 629/3429/3322
f 639/3496/3388 635/3495/3387 629/3429/3322 632/3430/3323
f 640/3497/3389 639/3496/3388 632/3430/3323 633/3431/3324
f 2561/3498/3390 640/3497/3389 633/3431/3324 2558/3432/3325
f 2563/3499/3391 2561/3498/3390 2558/3432/3325 2559/3433/3326
f 2559/3433/3326 2560/3434/3327 2564/3500/3392 2563/3499/3391
f 2569/3501/3393 2564/3500/3392 2560/3434/3327 2574/3435/3328
f 2579/3502/3394 2569/3501/3393 2574/3435/3328 2576/3436/3329
f 2580/3503/3395 2579/3502/3394 2576/3436/3329 2577/3437/3330
f 2835/3504/3396 2580/3503/3395 2577/3437/3330 2831/3438/3331
f 2837/3505/3397 2835/3504/3396 2831/3438/3331 2833/3439/3332
f 2839/3506/3398 2837/3505/3397 2833/3439/3332 2834/3440/3333
f 2925/3507/3399 2839/3506/3398 2834/3440/3333 2920/3441/3334
f 2926/3508/3400 2925/3507/3399 2920/3441/3334 2921/3442/3335
f 2931/3509/3401 2926/3508/3400 2921/3442/3335 2924/3443/3336
f 2937/3510/3402 2931/3509/3401 2924/3443/3336 2933/3444/3337
f 2938/3511/3403 2937/3510/3402 2933/3444/3337 2934/3445/3338
f 2941/3512/3404 2938/3511/3403 2934/3445/3338 2936/3446/3339
f 4034/3513/3341 2941/3512/3404 2936/3446/3339 4030/3447/3277
f 4037/3514/3405 4036/3515/3406 4034/3449/3341 4035/3448/3340
f 4040/3516/3407 4037/3514/3405 4035/3448/3340 4039/3450/3342
f 4041/3517/3408 4040/3516/3407 4039/3450/3342 4038/3451/3343
f 4043/3518/3409 4041/3517/3408 4038/3451/3343 4042/3452/3344
f 4042/3452/3344 4025/3453/3345 4044/3519/3410 4043/3518/3409
f 4027/3520/3411 4044/3519/3410 4025/3453/3345 4026/3454/3346
f 4072/3521/3412 4027/3520/3411 4026/3454/3346 4071/3455/3347
f 4071/3455/3347 4067/3456/3348 4068/3522/3413 4072/3521/3412
f 4070/3523/3414 4068/3522/3413 4067/3456/3348 4069/3457/3349
f 4069/3457/3349 3921/3458/3350 3922/3524/3415 4070/3523/3414
f 3921/3458/3350 3920/3459/3351 3925/3525/3416 3922/3524/3415
f 3920/3459/3351 3923/3460/3352 3924/3526/3417 3925/3525/3416
f 3923/3460/3352 3910/3461/3353 3912/3527/3418 3924/3526/3417
f 3910/3461/3353 3909/3462/3354 3911/3528/3419 3912/3527/3418
f 3909/3462/3354 3906/3463/3355 3908/3529/3420 3911/3528/3419
f 3906/3463/3355 3905/3464/3356 3907/3530/3421 3908/3529/3420
f 3905/3464/3356 1922/3465/3357 1923/3531/3422 3907/3530/3421
f 1922/3465/3357 1919/3466/3358 1921/3532/3423 1923/3531/3422
f 1919/3466/3358 1918/3467/3359 1920/3533/3424 1921/3532/3423
f 1918/3467/3359 1910/3468/3360 1911/3534/3425 1920/3533/3424
f 1910/3468/3360 1907/3469/3361 1909/3535/3426 1911/3534/3425
f 1907/3469/3361 1906/3470/3362 1908/3536/3427 1909/3535/3426
f 1906/3470/3362 1589/3471/3363 1590/3537/3428 1908/3536/3427
f 1589/3471/3363 1587/3472/3364 1588/3538/3429 1590/3537/3428
f 1587/3472/3364 1585/3473/3365 1586/3539/3430 1588/3538/3429
f 1585/3473/3365 1561/3474/3366 1562/3540/3431 1586/3539/3430
f 1561/3474/3366 1560/3475/3367 1550/3541/3432 1562/3540/3431
f 1560/3475/3367 1548/3476/3368 1549/3542/3433 1550/3541/3432
f 1548/3476/3368 1545/3477/3369 1547/3543/3434 1549/3542/3433
f 1547/3543/3434 1544/3544/3435 1543/3545/3436
f 1539/3546/3437 1541/3547/3438 1546/3548/3439 1542/3549/3440
f 1538/3550/3441 1540/3551/3442 1541/3547/3438 1539/3546/3437
f 507/3552/3443 508/3553/3444 1540/3551/3442 1538/3550/3441
f 504/3554/3445 506/3555/3446 508/3553/3444 507/3552/3443
f 503/3556/3447 505/3557/3448 506/3555/3446 504/3554/3445
f 494/3558/3449 495/3559/3450 505/3557/3448 503/3560/3447
f 492/3561/3451 493/3562/3452 495/3559/3450 494/3558/3449
f 520/3563/3453 493/3562/3452 492/3561/3451 519/3564/3454
f 404/3488/3380 405/3565/3455 518/3566/3456
f 520/3563/3453 519/3564/3454 407/3567/3457
f 405/3565/3455 404/3488/3380 411/3489/3381 412/3568/3458
f 412/3569/3458 411/3489/3381 408/3490/3382 409/3570/3459
f 409/3570/3459 408/3490/3382 624/3491/3383 626/3571/3460
f 627/3572/3461 624/3491/3383 625/3492/3384
f 615/3573/3462 612/3574/3463 625/3492/3384 614/3493/3385
f 636/3575/3464 615/3573/3462 614/3493/3385 634/3494/3386
f 638/3576/3465 636/3575/3464 634/3494/3386 635/3495/3387
f 641/3577/3466 638/3576/3465 635/3495/3387 639/3496/3388
f 642/3578/3467 641/3577/3466 639/3496/3388 640/3497/3389
f 2562/3579/3468 642/3578/3467 640/3497/3389 2561/3498/3390
f 2565/3580/3469 2562/3579/3468 2561/3498/3390 2563/3499/3391
f 2566/3581/3470 2565/3580/3469 2563/3499/3391 2564/3500/3392
f 2570/3582/3471 2566/3581/3470 2564/3500/3392 2569/3501/3393
f 2569/3501/3393 2579/3502/3394 2571/3583/3472 2570/3582/3471
f 2581/3584/3473 2571/3583/3472 2579/3502/3394 2580/3503/3395
f 2836/3585/3474 2581/3584/3473 2580/3503/3395 2835/3504/3396
f 2838/3586/3475 2836/3585/3474 2835/3504/3396 2837/3505/3397
f 2840/3587/3476 2838/3586/3475 2837/3505/3397 2839/3506/3398
f 2927/3588/3477 2840/3587/3476 2839/3506/3398 2925/3507/3399
f 2930/3589/3478 2927/3588/3477 2925/3507/3399 2926/3508/3400
f 2932/3590/3479 2930/3589/3478 2926/3508/3400 2931/3509/3401
f 2939/3591/3480 2932/3590/3479 2931/3509/3401 2937/3510/3402
f 2940/3592/3481 2939/3591/3480 2937/3510/3402 2938/3511/3403
f 2942/3593/3482 2940/3592/3481 2938/3511/3403 2941/3512/3404
f 4036/3594/3406 2942/3593/3482 2941/3512/3404 4034/3513/3341
f 4265/3595/3483 4264/3596/3484 4036/3515/3406 4037/3514/3405
f 4269/3597/3485 4265/3595/3483 4037/3514/3405 4040/3516/3407
f 4268/3598/3486 4269/3597/3485 4040/3516/3407 4041/3517/3408
f 4272/3599/3487 4268/3598/3486 4041/3517/3408 4043/3518/3409
f 4253/3600/3488 4272/3599/3487 4043/3518/3409 4044/3519/3410
f 4254/3601/3489 4253/3600/3488 4044/3519/3410 4027/3520/3411
f 4284/3602/3490 4254/3601/3489 4027/3520/3411 4072/3521/3412
f 4072/3521/3412 4068/3522/3413 4279/3603/3491 4284/3602/3490
f 4283/3604/3492 4279/3603/3491 4068/3522/3413 4070/3523/3414
f 4070/3523/3414 3922/3524/3415 4221/3605/3493 4283/3604/3492
f 3922/3524/3415 3925/3525/3416 4220/3606/3494 4221/3605/3493
f 3925/3525/3416 3924/3526/3417 4231/3607/3495 4220/3606/3494
f 3924/3526/3417 3912/3527/3418 4216/3608/3496 4231/3607/3495
f 3912/3527/3418 3911/3528/3419 4215/3609/3497 4216/3608/3496
f 3911/3528/3419 3908/3529/3420 4212/3610/3498 4215/3609/3497
f 3908/3529/3420 3907/3530/3421 4211/3611/3499 4212/3610/3498
f 3907/3530/3421 1923/3531/3422 2110/3612/3500 4211/3611/3499
f 1923/3531/3422 1921/3532/3423 2107/3613/3501 2110/3612/3500
f 1921/3532/3423 1920/3533/3424 2106/3614/3502 2107/3613/3501
f 1920/3533/3424 1911/3534/3425 2098/3615/3503 2106/3614/3502
f 1911/3534/3425 1909/3535/3426 2087/3616/3504 2098/3615/3503
f 1909/3535/3426 1908/3536/3427 2086/3617/3505 2087/3616/3504
f 1908/3536/3427 1590/3537/3428 1964/3618/3506 2086/3617/3505
f 1590/3537/3428 1588/3538/3429 1960/3619/3507 1964/3618/3506
f 1588/3538/3429 1586/3539/3430 1959/3620/3508 1960/3619/3507
f 1586/3539/3430 1562/3540/3431 1944/3621/3509 1959/3620/3508
f 1562/3540/3431 1550/3541/3432 1943/3622/3510 1944/3621/3509
f 1550/3541/3432 1549/3542/3433 1932/3623/3511 1943/3622/3510
f 1549/3542/3433 1547/3543/3434 1929/3624/3512 1932/3623/3511
f 1547/3543/3434 1546/3548/3439 1928/3625/3513 1929/3624/3512
f 1546/3548/3439 1541/3547/3438 1925/3626/3514 1928/3625/3513
f 1541/3547/3438 1540/3551/3442 1924/3627/3515 1925/3626/3514
f 1540/3551/3442 508/3553/3444 875/3628/3516 1924/3627/3515
f 508/3553/3444 506/3555/3446 871/3629/3517 875/3628/3516
f 506/3555/3446 505/3557/3448 872/3630/3518 871/3629/3517
f 505/3557/3448 495/3559/3450 870/3631/3519 872/3630/3518
f 495/3559/3450 493/3562/3452 878/3632/3520 870/3631/3519
f 493/3562/3452 520/3563/3453 877/3633/3521 878/3632/3520
f 863/3634/3522 520/3563/3453 407/3567/3457
f 413/3635/3523 865/3636/3524 863/3634/3522 406/3637/3525
f 865/3636/3524 413/3635/3523 410/3638/3526 864/3639/3527
f 864/3639/3527 410/3640/3526 901/3641/3528 902/3642/3529
f 612/3574/3463 613/3643/3530 627/3572/3461
f 902/3642/3529 901/3644/3528 903/3645/3531
f 613/3643/3530 612/3574/3463 615/3573/3462 616/3646/3532
f 616/3646/3532 615/3573/3462 636/3575/3464 637/3647/3533
f 638/3576/3465 915/3648/3534 637/3649/3533
f 922/3650/3535 916/3651/3536 638/3576/3465 641/3577/3466
f 924/3652/3537 922/3650/3535 641/3577/3466 642/3578/3467
f 2943/3653/3538 924/3652/3537 642/3578/3467 2562/3579/3468
f 2947/3654/3539 2943/3653/3538 2562/3579/3468 2565/3580/3469
f 2948/3655/3540 2947/3654/3539 2565/3580/3469 2566/3581/3470
f 2961/3656/3541 2948/3655/3540 2566/3581/3470 2570/3582/3471
f 2963/3657/3542 2961/3656/3541 2570/3582/3471 2571/3583/3472
f 2964/3658/3543 2963/3657/3542 2571/3583/3472 2581/3584/3473
f 3109/3659/3544 2964/3658/3543 2581/3584/3473 2836/3585/3474
f 3110/3660/3545 3109/3659/3544 2836/3585/3474 2838/3586/3475
f 3114/3661/3546 3110/3660/3545 2838/3586/3475 2840/3587/3476
f 3116/3662/3547 3114/3661/3546 2840/3587/3476 2927/3588/3477
f 3117/3663/3548 3116/3662/3547 2927/3588/3477 2930/3589/3478
f 2930/3589/3478 2932/3590/3479 3142/3664/3549 3117/3663/3548
f 3143/3665/3550 3142/3664/3549 2932/3590/3479 2939/3591/3480
f 3144/3666/3551 3143/3665/3550 2939/3591/3480 2940/3592/3481
f 3147/3667/3552 3144/3666/3551 2940/3592/3481 2942/3593/3482
f 4264/3668/3484 3147/3667/3552 2942/3593/3482 4036/3594/3406
f 4267/3669/3553 4266/3670/3554 4264/3596/3484 4265/3595/3483
f 4270/3671/3555 4267/3669/3553 4265/3595/3483 4269/3597/3485
f 4271/3672/3556 4270/3671/3555 4269/3597/3485 4268/3598/3486
f 4252/3673/3557 4271/3672/3556 4268/3598/3486 4272/3599/3487
f 4256/3674/3558 4252/3673/3557 4272/3599/3487 4253/3600/3488
f 4255/3675/3559 4256/3674/3558 4253/3600/3488 4254/3601/3489
f 4281/3676/3560 4255/3675/3559 4254/3601/3489 4284/3602/3490
f 4282/3677/3561 4281/3676/3560 4284/3602/3490 4279/3603/3491
f 4280/3678/3562 4282/3677/3561 4279/3603/3491 4283/3604/3492
f 4223/3679/3563 4280/3678/3562 4283/3604/3492 4221/3605/3493
f 4221/3605/3493 4220/3606/3494 4222/3680/3564 4223/3679/3563
f 4219/3681/3565 4222/3680/3564 4220/3606/3494 4231/3607/3495
f 4231/3607/3495 4216/3608/3496 4218/3682/3566 4219/3681/3565
f 4216/3608/3496 4215/3609/3497 4217/3683/3567 4218/3682/3566
f 4215/3609/3497 4212/3610/3498 4214/3684/3568 4217/3683/3567
f 4213/3685/3569 4214/3684/3568 4212/3610/3498 4211/3611/3499
f 2111/3686/3570 4213/3685/3569 4211/3611/3499 2110/3612/3500
f 2110/3612/3500 2107/3613/3501 2109/3687/3571 2111/3686/3570
f 2107/3613/3501 2106/3614/3502 2108/3688/3572 2109/3687/3571
f 2106/3614/3502 2098/3615/3503 2090/3689/3573 2108/3688/3572
f 2098/3615/3503 2087/3616/3504 2089/3690/3574 2090/3689/3573
f 2087/3616/3504 2086/3617/3505 2088/3691/3575 2089/3690/3574
f 2086/3617/3505 1964/3618/3506 1963/3692/3576 2088/3691/3575
f 1964/3618/3506 1960/3619/3507 1962/3693/3577 1963/3692/3576
f 1960/3619/3507 1959/3620/3508 1961/3694/3578 1962/3693/3577
f 1959/3620/3508 1944/3621/3509 1946/3695/3579 1961/3694/3578
f 1944/3621/3509 1943/3622/3510 1945/3696/3580 1946/3695/3579
f 1943/3622/3510 1932/3623/3511 1942/3697/3581 1945/3696/3580
f 1932/3623/3511 1929/3624/3512 1931/3698/3582 1942/3697/3581
f 1929/3624/3512 1928/3625/3513 1930/3699/3583 1931/3698/3582
f 1928/3625/3513 1925/3626/3514 1927/3700/3584 1930/3699/3583
f 1925/3626/3514 1924/3627/3515 1926/3701/3585 1927/3700/3584
f 1924/3627/3515 875/3628/3516 876/3702/3586 1926/3701/3585
f 875/3628/3516 871/3629/3517 874/3703/3587 876/3702/3586
f 871/3629/3517 872/3630/3518 873/3704/3588 874/3703/3587
f 872/3630/3518 870/3631/3519 881/3705/3589 873/3704/3588
f 870/3631/3519 878/3632/3520 879/3706/3590 881/3705/3589
f 878/3632/3520 877/3633/3521 880/3707/3591 879/3706/3590
f 877/3633/3521 863/3634/3522 867/3708/3592 880/3707/3591
f 863/3634/3522 865/3636/3524 866/3709/3593 867/3708/3592
f 865/3636/3524 864/3639/3527 868/3710/3594 866/3709/3593
f 864/3639/3527 902/3642/3529 905/3711/3595 868/3710/3594
f 903/3712/3531 906/3713/3596 905/3711/3595
f 906/3713/3596 904/3714/3597 900/3715/3598 907/3716/3599
f 907/3716/3599 900/3715/3598 918/3717/3600 919/3718/3601
f 916/3651/3536 917/3719/3602 915/3648/3534
f 919/3718/3601 918/3717/3600 920/3720/3603
f 917/3721/3602 916/3651/3536 922/3650/3535 923/3722/3604
f 923/3722/3604 922/3650/3535 924/3652/3537 925/3723/3605
f 2943/3653/3538 2944/3724/3606 925/3723/3605
f 2949/3725/3607 2945/3726/3608 2943/3653/3538 2947/3654/3539
f 2951/3727/3609 2949/3725/3607 2947/3654/3539 2948/3655/3540
f 2962/3728/3610 2951/3727/3609 2948/3655/3540 2961/3656/3541
f 2965/3729/3611 2962/3728/3610 2961/3656/3541 2963/3657/3542
f 2966/3730/3612 2965/3729/3611 2963/3657/3542 2964/3658/3543
f 3111/3731/3613 2966/3730/3612 2964/3658/3543 3109/3659/3544
f 3112/3732/3614 3111/3731/3613 3109/3659/3544 3110/3660/3545
f 3113/3733/3615 3112/3732/3614 3110/3660/3545 3114/3661/3546
f 3118/3734/3616 3113/3733/3615 3114/3661/3546 3116/3662/3547
f 3116/3662/3547 3117/3663/3548 3119/3735/3617 3118/3734/3616
f 3120/3736/3618 3119/3735/3617 3117/3663/3548 3142/3664/3549
f 3145/3737/3619 3120/3736/3618 3142/3664/3549 3143/3665/3550
f 3143/3665/3550 3144/3666/3551 3146/3738/3620 3145/3737/3619
f 3148/3739/3621 3146/3738/3620 3144/3666/3551 3147/3667/3552
f 4266/3740/3554 3148/3739/3621 3147/3667/3552 4264/3668/3484
f 4266/3670/3554 4267/3669/3553 4246/3741/3622 4245/3742/3623
f 4249/3743/3624 4246/3741/3622 4267/3669/3553 4270/3671/3555
f 4250/3744/3625 4249/3743/3624 4270/3671/3555 4271/3672/3556
f 4262/3745/3626 4250/3744/3625 4271/3672/3556 4252/3673/3557
f 4263/3746/3627 4262/3745/3626 4252/3673/3557 4256/3674/3558
f 4256/3674/3558 4255/3675/3559 4259/3747/3628 4263/3746/3627
f 4255/3675/3559 4281/3676/3560 4260/3748/3629 4259/3747/3628
f 4285/3749/3630 4260/3748/3629 4281/3676/3560 4282/3677/3561
f 4229/3750/3631 4285/3749/3630 4282/3677/3561 4280/3678/3562
f 4228/3751/3632 4229/3750/3631 4280/3678/3562 4223/3679/3563
f 4223/3679/3563 4222/3680/3564 4227/3752/3633 4228/3751/3632
f 4226/3753/3634 4227/3752/3633 4222/3680/3564 4219/3681/3565
f 4219/3681/3565 4218/3682/3566 4209/3754/3635 4226/3753/3634
f 4208/3755/3636 4209/3754/3635 4218/3682/3566 4217/3683/3567
f 4203/3756/3637 4208/3755/3636 4217/3683/3567 4214/3684/3568
f 4214/3684/3568 4213/3685/3569 4202/3757/3638 4203/3756/3637
f 4213/3685/3569 2111/3686/3570 2104/3758/3639 4202/3757/3638
f 2102/3759/3640 2104/3758/3639 2111/3686/3570 2109/3687/3571
f 2109/3687/3571 2108/3688/3572 2101/3760/3641 2102/3759/3640
f 2108/3688/3572 2090/3689/3573 2097/3761/3642 2101/3760/3641
f 2090/3689/3573 2089/3690/3574 2096/3762/3643 2097/3761/3642
f 2089/3690/3574 2088/3691/3575 2092/3763/3644 2096/3762/3643
f 2088/3691/3575 1963/3692/3576 2091/3764/3645 2092/3763/3644
f 1963/3692/3576 1962/3693/3577 1965/3765/3646 2091/3764/3645
f 1962/3693/3577 1961/3694/3578 1952/3766/3647 1965/3765/3646
f 1961/3694/3578 1946/3695/3579 1951/3767/3648 1952/3766/3647
f 1946/3695/3579 1945/3696/3580 1948/3768/3649 1951/3767/3648
f 1945/3696/3580 1942/3697/3581 1947/3769/3650 1948/3768/3649
f 1942/3697/3581 1931/3698/3582 1938/3770/3651 1947/3769/3650
f 1931/3698/3582 1930/3699/3583 1937/3771/3652 1938/3770/3651
f 1930/3699/3583 1927/3700/3584 1934/3772/3653 1937/3771/3652
f 1927/3700/3584 1926/3701/3585 1933/3773/3654 1934/3772/3653
f 1926/3701/3585 876/3702/3586 892/3774/3655 1933/3773/3654
f 876/3702/3586 874/3703/3587 890/3775/3656 892/3774/3655
f 874/3703/3587 873/3704/3588 889/3776/3657 890/3775/3656
f 873/3704/3588 881/3705/3589 883/3777/3658 889/3776/3657
f 881/3705/3589 879/3706/3590 882/3778/3659 883/3777/3658
f 879/3706/3590 880/3707/3591 885/3779/3660 882/3778/3659
f 880/3707/3591 867/3708/3592 884/3780/3661 885/3779/3660
f 867/3708/3592 866/3709/3593 869/3781/3662 884/3780/3661
f 866/3709/3593 868/3710/3594 908/3782/3663 869/3781/3662
f 868/3710/3594 905/3711/3595 909/3783/3664 908/3782/3663
f 905/3711/3595 906/3713/3596 911/3784/3665 909/3783/3664
f 906/3713/3596 907/3716/3599 912/3785/3666 911/3784/3665
f 928/3786/3667 912/3785/3666 907/3716/3599 919/3718/3601
f 920/3720/3603 929/3787/3668 928/3786/3667
f 929/3787/3668 921/3788/3669 926/3789/3670 933/3790/3671
f 933/3790/3671 926/3789/3670 927/3791/3672 934/3792/3673
f 2945/3726/3608 2946/3793/3674 2944/3724/3606
f 934/3792/3673 927/3791/3672 2953/3794/3675
f 2946/3795/3674 2945/3726/3608 2949/3725/3607 2950/3796/3676
f 2950/3797/3676 2949/3725/3607 2951/3727/3609 2952/3798/3677
f 2952/3799/3677 2951/3727/3609 2962/3728/3610 2967/3800/3678
f 2965/3729/3611 2968/3801/3679 2967/3800/3678
f 2965/3729/3611 2966/3730/3612 2975/3802/3680 2970/3803/3681
f 2966/3730/3612 3111/3731/3613 2978/3804/3682 2975/3802/3680
f 3115/3805/3683 2978/3804/3682 3111/3731/3613 3112/3732/3614
f 3121/3806/3684 3115/3805/3683 3112/3732/3614 3113/3733/3615
f 3122/3807/3685 3121/3806/3684 3113/3733/3615 3118/3734/3616
f 3118/3734/3616 3119/3735/3617 3129/3808/3686 3122/3807/3685
f 3130/3809/3687 3129/3808/3686 3119/3735/3617 3120/3736/3618
f 3137/3810/3688 3130/3809/3687 3120/3736/3618 3145/3737/3619
f 3138/3811/3689 3137/3810/3688 3145/3737/3619 3146/3738/3620
f 3140/3812/3690 3138/3811/3689 3146/3738/3620 3148/3739/3621
f 3148/3739/3621 4266/3740/3554 4245/3813/3623 3140/3812/3690
f 4248/3814/3691 4247/3815/3692 4245/3742/3623 4246/3741/3622
f 4251/3816/3693 4248/3814/3691 4246/3741/3622 4249/3743/3624
f 4249/3743/3624 4250/3744/3625 4243/3817/3694 4251/3816/3693
f 4250/3744/3625 4262/3745/3626 4244/3818/3695 4243/3817/3694
f 4258/3819/3696 4244/3818/3695 4262/3745/3626 4263/3746/3627
f 4263/3746/3627 4259/3747/3628 4257/3820/3697 4258/3819/3696
f 4259/3747/3628 4260/3748/3629 4261/3821/3698 4257/3820/3697
f 4260/3748/3629 4285/3749/3630 4074/3822/3699 4261/3821/3698
f 4230/3823/3700 4074/3822/3699 4285/3749/3630 4229/3750/3631
f 4225/3824/3701 4230/3823/3700 4229/3750/3631 4228/3751/3632
f 4228/3751/3632 4227/3752/3633 4224/3825/3702 4225/3824/3701
f 4207/3826/3703 4224/3825/3702 4227/3752/3633 4226/3753/3634
f 4226/3753/3634 4209/3754/3635 4206/3827/3704 4207/3826/3703
f 4209/3754/3635 4208/3755/3636 4210/3828/3705 4206/3827/3704
f 4205/3829/3706 4210/3828/3705 4208/3755/3636 4203/3756/3637
f 4204/3830/3707 4205/3829/3706 4203/3756/3637 4202/3757/3638
f 2105/3831/3708 4204/3830/3707 4202/3757/3638 2104/3758/3639
f 2103/3832/3709 2105/3831/3708 2104/3758/3639 2102/3759/3640
f 2102/3759/3640 2101/3760/3641 2100/3833/3710 2103/3832/3709
f 2101/3760/3641 2097/3761/3642 2099/3834/3711 2100/3833/3710
f 2095/3835/3712 2099/3834/3711 2097/3761/3642 2096/3762/3643
f 2096/3762/3643 2092/3763/3644 2094/3836/3713 2095/3835/3712
f 2092/3763/3644 2091/3764/3645 2093/3837/3714 2094/3836/3713
f 2091/3764/3645 1965/3765/3646 1966/3838/3715 2093/3837/3714
f 1965/3765/3646 1952/3766/3647 1953/3839/3716 1966/3838/3715
f 1952/3766/3647 1951/3767/3648 1950/3840/3717 1953/3839/3716
f 1951/3767/3648 1948/3768/3649 1949/3841/3718 1950/3840/3717
f 1948/3768/3649 1947/3769/3650 1941/3842/3719 1949/3841/3718
f 1947/3769/3650 1938/3770/3651 1940/3843/3720 1941/3842/3719
f 1938/3770/3651 1937/3771/3652 1939/3844/3721 1940/3843/3720
f 1937/3771/3652 1934/3772/3653 1936/3845/3722 1939/3844/3721
f 1934/3772/3653 1933/3773/3654 1935/3846/3723 1936/3845/3722
f 1933/3773/3654 892/3774/3655 893/3847/3724 1935/3846/3723
f 892/3774/3655 890/3775/3656 891/3848/3725 893/3847/3724
f 890/3775/3656 889/3776/3657 895/3849/3726 891/3848/3725
f 889/3776/3657 883/3777/3658 894/3850/3727 895/3849/3726
f 883/3777/3658 882/3778/3659 887/3851/3728 894/3850/3727
f 882/3778/3659 885/3779/3660 888/3852/3729 887/3851/3728
f 885/3779/3660 884/3780/3661 886/3853/3730 888/3852/3729
f 884/3780/3661 869/3781/3662 941/3854/3731 886/3853/3730
f 869/3781/3662 908/3782/3663 910/3855/3732 941/3854/3731
f 908/3782/3663 909/3783/3664 913/3856/3733 910/3855/3732
f 909/3783/3664 911/3784/3665 914/3857/3734 913/3856/3733
f 911/3784/3665 912/3785/3666 931/3858/3735 914/3857/3734
f 912/3785/3666 928/3786/3667 932/3859/3736 931/3858/3735
f 928/3786/3667 929/3787/3668 930/3860/3737 932/3859/3736
f 929/3787/3668 933/3790/3671 935/3861/3738 930/3860/3737
f 933/3790/3671 934/3792/3673 936/3862/3739 935/3861/3738
f 2953/3794/3675 2955/3863/3740 936/3862/3739
f 2955/3863/3740 2954/3864/3741 2956/3865/3742 2958/3866/3743
f 2958/3866/3743 2956/3865/3742 2957/3867/3744 2959/3868/3745
f 2959/3868/3745 2957/3867/3744 2971/3869/3746 2960/3870/3747
f 2970/3803/3681 2969/3871/3748 2968/3801/3679
f 2960/3870/3747 2971/3872/3746 2972/3873/3749
f 2969/3871/3748 2970/3803/3681 2975/3802/3680 2976/3874/3750
f 2976/3874/3750 2975/3802/3680 2978/3804/3682 2977/3875/3751
f 2977/3876/3751 2978/3804/3682 3115/3805/3683 2984/3877/3752
f 2984/3878/3752 3115/3805/3683 3121/3806/3684 3123/3879/3753
f 3122/3807/3685 3124/3880/3754 3123/3881/3753
f 3122/3807/3685 3129/3808/3686 3128/3882/3755 3125/3883/3756
f 3132/3884/3757 3128/3882/3755 3129/3808/3686 3130/3809/3687
f 3130/3809/3687 3137/3810/3688 3133/3885/3758 3132/3884/3757
f 3137/3810/3688 3138/3811/3689 3139/3886/3759 3133/3885/3758
f 3141/3887/3760 3139/3886/3759 3138/3811/3689 3140/3812/3690
f 4247/3888/3692 3141/3887/3760 3140/3812/3690 4245/3813/3623
f 4237/3889/3761 4247/3815/3692 4248/3814/3691 4238/3890/3762
f 4238/3890/3762 4248/3814/3691 4251/3816/3693 4239/3891/3763
f 4239/3891/3763 4251/3816/3693 4243/3817/3694 4240/3892/3764
f 4240/3892/3764 4243/3817/3694 4244/3818/3695 4241/3893/3765
f 4073/3894/3766 4244/3818/3695 4200/3895/3767
f 4199/3896/3768 4200/3895/3767 4258/3819/3696 4257/3820/3697
f 4257/3820/3697 4261/3821/3698 4198/3897/3769 4199/3896/3768
f 4261/3821/3698 4074/3822/3699 4201/3898/3770 4198/3897/3769
f 4197/3899/3771 4201/3898/3770 4074/3822/3699 4230/3823/3700
f 4230/3823/3700 4225/3824/3701 4196/3900/3772 4197/3899/3771
f 4195/3901/3773 4196/3900/3772 4225/3824/3701 4224/3825/3702
f 4224/3825/3702 4207/3826/3703 4236/3902/3774 4195/3901/3773
f 4235/3903/3775 4236/3902/3774 4207/3826/3703 4206/3827/3704
f 4234/3904/3776 4235/3903/3775 4206/3827/3704 4210/3828/3705
f 4210/3828/3705 4205/3829/3706 4233/3905/3777 4234/3904/3776
f 4205/3829/3706 4204/3830/3707 4232/3906/3778 4233/3905/3777
f 4204/3830/3707 2105/3831/3708 2115/3907/3779 4232/3906/3778
f 2105/3831/3708 2103/3832/3709 2114/3908/3780 2115/3907/3779
f 2103/3832/3709 2100/3833/3710 2113/3909/3781 2114/3908/3780
f 2100/3833/3710 2099/3834/3711 2112/3910/3782 2113/3909/3781
f 2099/3834/3711 2095/3835/3712 1991/3911/3783 2112/3910/3782
f 2095/3835/3712 2094/3836/3713 1990/3912/3784 1991/3911/3783
f 2094/3836/3713 2093/3837/3714 1989/3913/3785 1990/3912/3784
f 2093/3837/3714 1966/3838/3715 1985/3914/3786 1989/3913/3785
f 1966/3838/3715 1953/3839/3716 1984/3915/3787 1985/3914/3786
f 1953/3839/3716 1950/3840/3717 1983/3916/3788 1984/3915/3787
f 1950/3840/3717 1949/3841/3718 1982/3917/3789 1983/3916/3788
f 1949/3841/3718 1941/3842/3719 1958/3918/3790 1982/3917/3789
f 1941/3842/3719 1940/3843/3720 1957/3919/3791 1958/3918/3790
f 1940/3843/3720 1939/3844/3721 1956/3920/3792 1957/3919/3791
f 1939/3844/3721 1936/3845/3722 1955/3921/3793 1956/3920/3792
f 1936/3845/3722 1935/3846/3723 1954/3922/3794 1955/3921/3793
f 1935/3846/3723 893/3847/3724 899/3923/3795 1954/3922/3794
f 893/3847/3724 891/3848/3725 898/3924/3796 899/3923/3795
f 891/3848/3725 895/3849/3726 897/3925/3797 898/3924/3796
f 895/3849/3726 894/3850/3727 896/3926/3798 897/3925/3797
f 894/3850/3727 887/3851/3728 943/3927/3799 896/3926/3798
f 887/3851/3728 888/3852/3729 944/3928/3800 943/3927/3799
f 888/3852/3729 886/3853/3730 945/3929/3801 944/3928/3800
f 886/3853/3730 941/3854/3731 942/3930/3802 945/3929/3801
f 941/3854/3731 910/3855/3732 946/3931/3803 942/3930/3802
f 910/3855/3732 913/3856/3733 947/3932/3804 946/3931/3803
f 913/3856/3733 914/3857/3734 948/3933/3805 947/3932/3804
f 914/3857/3734 931/3858/3735 937/3934/3806 948/3933/3805
f 931/3858/3735 932/3859/3736 938/3935/3807 937/3934/3806
f 932/3859/3736 930/3860/3737 939/3936/3808 938/3935/3807
f 930/3860/3737 935/3861/3738 940/3937/3809 939/3936/3808
f 935/3861/3738 936/3862/3739 2979/3938/3810 940/3937/3809
f 936/3862/3739 2955/3863/3740 2980/3939/3811 2979/3938/3810
f 2955/3863/3740 2958/3866/3743 2981/3940/3812 2980/3939/3811
f 2958/3866/3743 2959/3868/3745 2982/3941/3813 2981/3940/3812
f 2983/3942/3814 2982/3941/3813 2959/3868/3745 2960/3870/3747
f 2972/3873/3749 3086/3943/3815 2983/3942/3814
f 3086/3943/3815 2973/3944/3816 2974/3945/3817 3087/3946/3818
f 3087/3946/3818 2974/3945/3817 2985/3947/3819 3088/3948/3820
f 3088/3948/3820 2985/3947/3819 2986/3949/3821 3092/3950/3822
f 2987/3951/3823 3093/3952/3824 3092/3950/3822 2986/3949/3821
f 2988/3953/3825 3094/3954/3826 3093/3952/3824 2987/3951/3823
f 3125/3883/3756 3126/3955/3827 3124/3880/3754
f 2989/3956/3828 3095/3957/3829 3094/3954/3826 2988/3958/3825
f 3126/3955/3827 3125/3883/3756 3128/3882/3755 3127/3959/3830
f 3095/3957/3829 2989/3960/3828 3149/3961/3831
f 3127/3959/3830 3128/3882/3755 3132/3884/3757 3131/3962/3832
f 3131/3962/3832 3132/3884/3757 3133/3885/3758 3134/3963/3833
f 3134/3963/3833 3133/3885/3758 3139/3886/3759 3135/3964/3834
f 3135/3964/3834 3139/3886/3759 3141/3887/3760 3136/3965/3835
f 3136/3965/3835 3141/3887/3760 4247/3888/3692 4237/3966/3761
f 4188/3967/3836 4187/3968/3837 4273/3969/3838 4274/3970/3839
f 4186/3971/3840 4188/3967/3836 4274/3970/3839 4275/3972/3841
f 4189/3973/3842 4186/3971/3840 4275/3972/3841 4276/3974/3843
f 4190/3975/3844 4189/3973/3842 4276/3974/3843 4277/3976/3845
f 4277/3977/3845 4200/3895/3767 4191/3978/3846
f 4181/3979/3847 4191/3978/3846 4200/3895/3767 4199/3896/3768
f 4199/3896/3768 4198/3897/3769 4193/3980/3848 4181/3979/3847
f 4194/3981/3849 4193/3980/3848 4198/3897/3769 4201/3898/3770
f 4192/3982/3850 4194/3981/3849 4201/3898/3770 4197/3899/3771
f 4197/3899/3771 4196/3900/3772 4169/3983/3851 4192/3982/3850
f 4176/3984/3852 4169/3983/3851 4196/3900/3772 4195/3901/3773
f 4175/3985/3853 4176/3984/3852 4195/3901/3773 4236/3902/3774
f 4236/3902/3774 4235/3903/3775 4174/3986/3854 4175/3985/3853
f 4168/3987/3855 4174/3986/3854 4235/3903/3775 4234/3904/3776
f 4167/3988/3856 4168/3987/3855 4234/3904/3776 4233/3905/3777
f 4166/3989/3857 4167/3988/3856 4233/3905/3777 4232/3906/3778
f 2085/3990/3858 4166/3989/3857 4232/3906/3778 2115/3907/3779
f 2084/3991/3859 2085/3990/3858 2115/3907/3779 2114/3908/3780
f 2114/3908/3780 2113/3909/3781 2080/3992/3860 2084/3991/3859
f 2113/3909/3781 2112/3910/3782 2079/3993/3861 2080/3992/3860
f 2078/3994/3862 2079/3993/3861 2112/3910/3782 1991/3911/3783
f 1991/3911/3783 1990/3912/3784 2073/3995/3863 2078/3994/3862
f 1990/3912/3784 1989/3913/3785 1988/3996/3864 2073/3995/3863
f 1987/3997/3865 1988/3996/3864 1989/3913/3785 1985/3914/3786
f 1985/3914/3786 1984/3915/3787 1986/3998/3866 1987/3997/3865
f 1984/3915/3787 1983/3916/3788 1977/3999/3867 1986/3998/3866
f 1983/3916/3788 1982/3917/3789 1972/4000/3868 1977/3999/3867
f 1982/3917/3789 1958/3918/3790 1971/4001/3869 1972/4000/3868
f 1958/3918/3790 1957/3919/3791 1970/4002/3870 1971/4001/3869
f 1957/3919/3791 1956/3920/3792 1969/4003/3871 1970/4002/3870
f 1956/3920/3792 1955/3921/3793 1968/4004/3872 1969/4003/3871
f 1955/3921/3793 1954/3922/3794 1967/4005/3873 1968/4004/3872
f 1954/3922/3794 899/3923/3795 955/4006/3874 1967/4005/3873
f 899/3923/3795 898/3924/3796 956/4007/3875 955/4006/3874
f 898/3924/3796 897/3925/3797 954/4008/3876 956/4007/3875
f 897/3925/3797 896/3926/3798 953/4009/3877 954/4008/3876
f 896/3926/3798 943/3927/3799 952/4010/3878 953/4009/3877
f 943/3927/3799 944/3928/3800 957/4011/3879 952/4010/3878
f 944/3928/3800 945/3929/3801 950/4012/3880 957/4011/3879
f 945/3929/3801 942/3930/3802 949/4013/3881 950/4012/3880
f 942/3930/3802 946/3931/3803 951/4014/3882 949/4013/3881
f 946/3931/3803 947/3932/3804 968/4015/3883 951/4014/3882
f 947/3932/3804 948/3933/3805 965/4016/3884 968/4015/3883
f 948/3933/3805 937/3934/3806 966/4017/3885 965/4016/3884
f 937/3934/3806 938/3935/3807 967/4018/3886 966/4017/3885
f 938/3935/3807 939/3936/3808 973/4019/3887 967/4018/3886
f 939/3936/3808 940/3937/3809 974/4020/3888 973/4019/3887
f 940/3937/3809 2979/3938/3810 2990/4021/3889 974/4020/3888
f 2979/3938/3810 2980/3939/3811 2991/4022/3890 2990/4021/3889
f 2980/3939/3811 2981/3940/3812 2992/4023/3891 2991/4022/3890
f 2997/4024/3892 2992/4023/3891 2981/3940/3812 2982/3941/3813
f 2982/3941/3813 2983/3942/3814 2998/4025/3893 2997/4024/3892
f 2983/3942/3814 3086/3943/3815 2999/4026/3894 2998/4025/3893
f 3000/4027/3895 2999/4026/3894 3086/3943/3815 3087/3946/3818
f 3087/3946/3818 3088/3948/3820 3089/4028/3896 3000/4027/3895
f 3088/3948/3820 3092/3950/3822 3090/4029/3897 3089/4028/3896
f 3091/4030/3898 3090/4029/3897 3092/3950/3822 3093/3952/3824
f 3093/3952/3824 3094/3954/3826 3096/4031/3899 3091/4030/3898
f 3104/4032/3900 3096/4031/3899 3094/3954/3826 3095/3957/3829
f 3149/3961/3831 3105/4033/3901 3104/4032/3900
f 3106/4034/3902 3105/4033/3901 3150/4035/3903 3151/4036/3904
f 3107/4037/3905 3106/4034/3902 3151/4036/3904 3152/4038/3906
f 3108/4039/3907 3107/4037/3905 3152/4038/3906 3153/4040/3908
f 3108/4039/3907 3153/4041/3908 4273/4042/3838 4187/4043/3837
f 4178/4044/3909 4177/4045/3910 4187/3968/3837 4188/3967/3836
f 4179/4046/3911 4178/4044/3909 4188/3967/3836 4186/3971/3840
f 4180/4047/3912 4179/4046/3911 4186/3971/3840 4189/3973/3842
f 4183/4048/3913 4180/4047/3912 4189/3973/3842 4190/3975/3844
f 4184/4049/3914 4183/4048/3913 4190/3975/3844 4191/3978/3846
f 4182/4050/3915 4184/4049/3914 4191/3978/3846 4181/3979/3847
f 4185/4051/3916 4182/4050/3915 4181/3979/3847 4193/3980/3848
f 4075/4052/3917 4185/4051/3916 4193/3980/3848 4194/3981/3849
f 4173/4053/3918 4075/4052/3917 4194/3981/3849 4192/3982/3850
f 4171/4054/3919 4173/4053/3918 4192/3982/3850 4169/3983/3851
f 4172/4055/3920 4171/4054/3919 4169/3983/3851 4176/3984/3852
f 4170/4056/3921 4172/4055/3920 4176/3984/3852 4175/3985/3853
f 4165/4057/3922 4170/4056/3921 4175/3985/3853 4174/3986/3854
f 4164/4058/3923 4165/4057/3922 4174/3986/3854 4168/3987/3855
f 4163/4059/3924 4164/4058/3923 4168/3987/3855 4167/3988/3856
f 4162/4060/3925 4163/4059/3924 4167/3988/3856 4166/3989/3857
f 2083/4061/3926 4162/4060/3925 4166/3989/3857 2085/3990/3858
f 2082/4062/3927 2083/4061/3926 2085/3990/3858 2084/3991/3859
f 2081/4063/3928 2082/4062/3927 2084/3991/3859 2080/3992/3860
f 2080/3992/3860 2079/3993/3861 2077/4064/3929 2081/4063/3928
f 2079/3993/3861 2078/3994/3862 2076/4065/3930 2077/4064/3929
f 2078/3994/3862 2073/3995/3863 2075/4066/3931 2076/4065/3930
f 2074/4067/3932 2075/4066/3931 2073/3995/3863 1988/3996/3864
f 1988/3996/3864 1987/3997/3865 1992/4068/3933 2074/4067/3932
f 1987/3997/3865 1986/3998/3866 1981/4069/3934 1992/4068/3933
f 1986/3998/3866 1977/3999/3867 1980/4070/3935 1981/4069/3934
f 1977/3999/3867 1972/4000/3868 1979/4071/3936 1980/4070/3935
f 1972/4000/3868 1971/4001/3869 1978/4072/3937 1979/4071/3936
f 1971/4001/3869 1970/4002/3870 1976/4073/3938 1978/4072/3937
f 1970/4002/3870 1969/4003/3871 1975/4074/3939 1976/4073/3938
f 1969/4003/3871 1968/4004/3872 1974/4075/3940 1975/4074/3939
f 1968/4004/3872 1967/4005/3873 1973/4076/3941 1974/4075/3940
f 1967/4005/3873 955/4006/3874 964/4077/3942 1973/4076/3941
f 955/4006/3874 956/4007/3875 963/4078/3943 964/4077/3942
f 956/4007/3875 954/4008/3876 962/4079/3944 963/4078/3943
f 954/4008/3876 953/4009/3877 960/4080/3945 962/4079/3944
f 953/4009/3877 952/4010/3878 959/4081/3946 960/4080/3945
f 952/4010/3878 957/4011/3879 961/4082/3947 959/4081/3946
f 957/4011/3879 950/4012/3880 958/4083/3948 961/4082/3947
f 950/4012/3880 949/4013/3881 978/4084/3949 958/4083/3948
f 949/4013/3881 951/4014/3882 969/4085/3950 978/4084/3949
f 951/4014/3882 968/4015/3883 971/4086/3951 969/4085/3950
f 968/4015/3883 965/4016/3884 970/4087/3952 971/4086/3951
f 965/4016/3884 966/4017/3885 972/4088/3953 970/4087/3952
f 966/4017/3885 967/4018/3886 975/4089/3954 972/4088/3953
f 967/4018/3886 973/4019/3887 976/4090/3955 975/4089/3954
f 973/4019/3887 974/4020/3888 977/4091/3956 976/4090/3955
f 974/4020/3888 2990/4021/3889 2993/4092/3957 977/4091/3956
f 2990/4021/3889 2991/4022/3890 2994/4093/3958 2993/4092/3957
f 2991/4022/3890 2992/4023/3891 2995/4094/3959 2994/4093/3958
f 2992/4023/3891 2997/4024/3892 2996/4095/3960 2995/4094/3959
f 3001/4096/3961 2996/4095/3960 2997/4024/3892 2998/4025/3893
f 3002/4097/3962 3001/4096/3961 2998/4025/3893 2999/4026/3894
f 3003/4098/3963 3002/4097/3962 2999/4026/3894 3000/4027/3895
f 3000/4027/3895 3089/4028/3896 3004/4099/3964 3003/4098/3963
f 3005/4100/3965 3004/4099/3964 3089/4028/3896 3090/4029/3897
f 3097/4101/3966 3005/4100/3965 3090/4029/3897 3091/4030/3898
f 3098/4102/3967 3097/4101/3966 3091/4030/3898 3096/4031/3899
f 3099/4103/3968 3098/4102/3967 3096/4031/3899 3104/4032/3900
f 3100/4104/3969 3099/4103/3968 3104/4032/3900 3105/4033/3901
f 3101/4105/3970 3100/4104/3969 3105/4033/3901 3106/4034/3902
f 3102/4106/3971 3101/4105/3970 3106/4034/3902 3107/4037/3905
f 3103/4107/3972 3102/4106/3971 3107/4037/3905 3108/4039/3907
f 4177/4108/3910 3103/4107/3972 3108/4039/3907 4187/4043/3837
f 4177/4045/3910 4178/4044/3909 4149/4109/3973 4148/4110/3974
f 4178/4044/3909 4179/4046/3911 4150/4111/3975 4149/4109/3973
f 4179/4046/3911 4180/4047/3912 4153/4112/3976 4150/4111/3975
f 4180/4047/3912 4183/4048/3913 4151/4113/3977 4153/4112/3976
f 4152/4114/3978 4151/4113/3977 4183/4048/3913 4184/4049/3914
f 4161/4115/3979 4152/4114/3978 4184/4049/3914 4182/4050/3915
f 4182/4050/3915 4185/4051/3916 4158/4116/3980 4161/4115/3979
f 4185/4051/3916 4075/4052/3917 4159/4117/3981 4158/4116/3980
f 4075/4052/3917 4173/4053/3918 4157/4118/3982 4159/4117/3981
f 4173/4053/3918 4171/4054/3919 4160/4119/3983 4157/4118/3982
f 4144/4120/3984 4160/4119/3983 4171/4054/3919 4172/4055/3920
f 4142/4121/3985 4144/4120/3984 4172/4055/3920 4170/4056/3921
f 4143/4122/3986 4142/4121/3985 4170/4056/3921 4165/4057/3922
f 4165/4057/3922 4164/4058/3923 4141/4123/3987 4143/4122/3986
f 4164/4058/3923 4163/4059/3924 4140/4124/3988 4141/4123/3987
f 4163/4059/3924 4162/4060/3925 4139/4125/3989 4140/4124/3988
f 4162/4060/3925 2083/4061/3926 2070/4126/3990 4139/4125/3989
f 2083/4061/3926 2082/4062/3927 2069/4127/3991 2070/4126/3990
f 2082/4062/3927 2081/4063/3928 2068/4128/3992 2069/4127/3991
f 2081/4063/3928 2077/4064/3929 2067/4129/3993 2068/4128/3992
f 2066/4130/3994 2067/4129/3993 2077/4064/3929 2076/4065/3930
f 2006/4131/3995 2066/4130/3994 2076/4065/3930 2075/4066/3931
f 2075/4066/3931 2074/4067/3932 2005/4132/3996 2006/4131/3995
f 2074/4067/3932 1992/4068/3933 2004/4133/3997 2005/4132/3996
f 1992/4068/3933 1981/4069/3934 2003/4134/3998 2004/4133/3997
f 1981/4069/3934 1980/4070/3935 2002/4135/3999 2003/4134/3998
f 1980/4070/3935 1979/4071/3936 1998/4136/4000 2002/4135/3999
f 1979/4071/3936 1978/4072/3937 1997/4137/4001 1998/4136/4000
f 1978/4072/3937 1976/4073/3938 1996/4138/4002 1997/4137/4001
f 1976/4073/3938 1975/4074/3939 1995/4139/4003 1996/4138/4002
f 1975/4074/3939 1974/4075/3940 1994/4140/4004 1995/4139/4003
f 1974/4075/3940 1973/4076/3941 1993/4141/4005 1994/4140/4004
f 1973/4076/3941 964/4077/3942 988/4142/4006 1993/4141/4005
f 964/4077/3942 963/4078/3943 987/4143/4007 988/4142/4006
f 963/4078/3943 962/4079/3944 984/4144/4008 987/4143/4007
f 962/4079/3944 960/4080/3945 986/4145/4009 984/4144/4008
f 960/4080/3945 959/4081/3946 985/4146/4010 986/4145/4009
f 959/4081/3946 961/4082/3947 979/4147/4011 985/4146/4010
f 961/4082/3947 958/4083/3948 982/4148/4012 979/4147/4011
f 958/4083/3948 978/4084/3949 981/4149/4013 982/4148/4012
f 978/4084/3949 969/4085/3950 983/4150/4014 981/4149/4013
f 969/4085/3950 971/4086/3951 980/4151/4015 983/4150/4014
f 971/4086/3951 970/4087/3952 991/4152/4016 980/4151/4015
f 970/4087/3952 972/4088/3953 993/4153/4017 991/4152/4016
f 972/4088/3953 975/4089/3954 992/4154/4018 993/4153/4017
f 975/4089/3954 976/4090/3955 994/4155/4019 992/4154/4018
f 976/4090/3955 977/4091/3956 995/4156/4020 994/4155/4019
f 977/4091/3956 2993/4092/3957 3006/4157/4021 995/4156/4020
f 2993/4092/3957 2994/4093/3958 3007/4158/4022 3006/4157/4021
f 2994/4093/3958 2995/4094/3959 3008/4159/4023 3007/4158/4022
f 2995/4094/3959 2996/4095/3960 3009/4160/4024 3008/4159/4023
f 2996/4095/3960 3001/4096/3961 3010/4161/4025 3009/4160/4024
f 3001/4096/3961 3002/4097/3962 3011/4162/4026 3010/4161/4025
f 3002/4097/3962 3003/4098/3963 3074/4163/4027 3011/4162/4026
f 3003/4098/3963 3004/4099/3964 3075/4164/4028 3074/4163/4027
f 3004/4099/3964 3005/4100/3965 3076/4165/4029 3075/4164/4028
f 3005/4100/3965 3097/4101/3966 3077/4166/4030 3076/4165/4029
f 3097/4101/3966 3098/4102/3967 3078/4167/4031 3077/4166/4030
f 3079/4168/4032 3078/4167/4031 3098/4102/3967 3099/4103/3968
f 3080/4169/4033 3079/4168/4032 3099/4103/3968 3100/4104/3969
f 3081/4170/4034 3080/4169/4033 3100/4104/3969 3101/4105/3970
f 3101/4105/3970 3102/4106/3971 3082/4171/4035 3081/4170/4034
f 3102/4106/3971 3103/4107/3972 3083/4172/4036 3082/4171/4035
f 3103/4107/3972 4177/4108/3910 4148/4173/3974 3083/4172/4036
f 4155/4174/4037 4154/4175/4038 4148/4110/3974 4149/4109/3973
f 4156/4176/4039 4155/4174/4037 4149/4109/3973 4150/4111/3975
f 4107/4177/4040 4156/4176/4039 4150/4111/3975 4153/4112/3976
f 4109/4178/4041 4107/4177/4040 4153/4112/3976 4151/4113/3977
f 4108/4179/4042 4109/4178/4041 4151/4113/3977 4152/4114/3978
f 4136/4180/4043 4108/4179/4042 4152/4114/3978 4161/4115/3979
f 4137/4181/4044 4136/4180/4043 4161/4115/3979 4158/4116/3980
f 4133/4182/4045 4137/4181/4044 4158/4116/3980 4159/4117/3981
f 4135/4183/4046 4133/4182/4045 4159/4117/3981 4157/4118/3982
f 4134/4184/4047 4135/4183/4046 4157/4118/3982 4160/4119/3983
f 4083/4185/4048 4134/4184/4047 4160/4119/3983 4144/4120/3984
f 4082/4186/4049 4083/4185/4048 4144/4120/3984 4142/4121/3985
f 4081/4187/4050 4082/4186/4049 4142/4121/3985 4143/4122/3986
f 4147/4188/4051 4081/4187/4050 4143/4122/3986 4141/4123/3987
f 4146/4189/4052 4147/4188/4051 4141/4123/3987 4140/4124/3988
f 4145/4190/4053 4146/4189/4052 4140/4124/3988 4139/4125/3989
f 2072/4191/4054 4145/4190/4053 4139/4125/3989 2070/4126/3990
f 2071/4192/4055 2072/4191/4054 2070/4126/3990 2069/4127/3991
f 2045/4193/4056 2071/4192/4055 2069/4127/3991 2068/4128/3992
f 2068/4128/3992 2067/4129/3993 2044/4194/4057 2045/4193/4056
f 2043/4195/4058 2044/4194/4057 2067/4129/3993 2066/4130/3994
f 2066/4130/3994 2006/4131/3995 2037/4196/4059 2043/4195/4058
f 2006/4131/3995 2005/4132/3996 2036/4197/4060 2037/4196/4059
f 2005/4132/3996 2004/4133/3997 2035/4198/4061 2036/4197/4060
f 2004/4133/3997 2003/4134/3998 2034/4199/4062 2035/4198/4061
f 2003/4134/3998 2002/4135/3999 2033/4200/4063 2034/4199/4062
f 2002/4135/3999 1998/4136/4000 2009/4201/4064 2033/4200/4063
f 1998/4136/4000 1997/4137/4001 2008/4202/4065 2009/4201/4064
f 2007/4203/4066 2008/4202/4065 1997/4137/4001 1996/4138/4002
f 1996/4138/4002 1995/4139/4003 2001/4204/4067 2007/4203/4066
f 1995/4139/4003 1994/4140/4004 2000/4205/4068 2001/4204/4067
f 1994/4140/4004 1993/4141/4005 1999/4206/4069 2000/4205/4068
f 1993/4141/4005 988/4142/4006 990/4207/4070 1999/4206/4069
f 988/4142/4006 987/4143/4007 989/4208/4071 990/4207/4070
f 987/4143/4007 984/4144/4008 1006/4209/4072 989/4208/4071
f 984/4144/4008 986/4145/4009 1004/4210/4073 1006/4209/4072
f 986/4145/4009 985/4146/4010 1005/4211/4074 1004/4210/4073
f 985/4146/4010 979/4147/4011 999/4212/4075 1005/4211/4074
f 979/4147/4011 982/4148/4012 998/4213/4076 999/4212/4075
f 982/4148/4012 981/4149/4013 1002/4214/4077 998/4213/4076
f 981/4149/4013 983/4150/4014 1000/4215/4078 1002/4214/4077
f 983/4150/4014 980/4151/4015 1001/4216/4079 1000/4215/4078
f 980/4151/4015 991/4152/4016 1027/4217/4080 1001/4216/4079
f 991/4152/4016 993/4153/4017 1028/4218/4081 1027/4217/4080
f 993/4153/4017 992/4154/4018 1029/4219/4082 1028/4218/4081
f 992/4154/4018 994/4155/4019 996/4220/4083 1029/4219/4082
f 994/4155/4019 995/4156/4020 997/4221/4084 996/4220/4083
f 995/4156/4020 3006/4157/4021 3012/4222/4085 997/4221/4084
f 3006/4157/4021 3007/4158/4022 3013/4223/4086 3012/4222/4085
f 3007/4158/4022 3008/4159/4023 3014/4224/4087 3013/4223/4086
f 3008/4159/4023 3009/4160/4024 3015/4225/4088 3014/4224/4087
f 3016/4226/4089 3015/4225/4088 3009/4160/4024 3010/4161/4025
f 3010/4161/4025 3011/4162/4026 3017/4227/4090 3016/4226/4089
f 3045/4228/4091 3017/4227/4090 3011/4162/4026 3074/4163/4027
f 3046/4229/4092 3045/4228/4091 3074/4163/4027 3075/4164/4028
f 3047/4230/4093 3046/4229/4092 3075/4164/4028 3076/4165/4029
f 3048/4231/4094 3047/4230/4093 3076/4165/4029 3077/4166/4030
f 3049/4232/4095 3048/4231/4094 3077/4166/4030 3078/4167/4031
f 3051/4233/4096 3049/4232/4095 3078/4167/4031 3079/4168/4032
f 3052/4234/4097 3051/4233/4096 3079/4168/4032 3080/4169/4033
f 3080/4169/4033 3081/4170/4034 3053/4235/4098 3052/4234/4097
f 3084/4236/4099 3053/4235/4098 3081/4170/4034 3082/4171/4035
f 3085/4237/4100 3084/4236/4099 3082/4171/4035 3083/4172/4036
f 4154/4238/4038 3085/4237/4100 3083/4172/4036 4148/4173/3974
f 4154/4175/4038 4155/4174/4037 4111/4239/4101 4110/4240/4102
f 4155/4174/4037 4156/4176/4039 4112/4241/4103 4111/4239/4101
f 4156/4176/4039 4107/4177/4040 4113/4242/4104 4112/4241/4103
f 4107/4177/4040 4109/4178/4041 4125/4243/4105 4113/4242/4104
f 4109/4178/4041 4108/4179/4042 4126/4244/4106 4125/4243/4105
f 4108/4179/4042 4136/4180/4043 4124/4245/4107 4126/4244/4106
f 4123/3/3 4124/4245/4107 4136/4180/4043 4137/4181/4044
f 4137/4181/4044 4133/4182/4045 4138/4/4 4123/3/3
f 4133/4182/4045 4135/4183/4046 4100/4246/4108 4138/4/4
f 4135/4183/4046 4134/4184/4047 4099/4247/4109 4100/4246/4108
f 4134/4184/4047 4083/4185/4048 4098/4248/4110 4099/4247/4109
f 4083/4185/4048 4082/4186/4049 4097/4249/4111 4098/4248/4110
f 4082/4186/4049 4081/4187/4050 4087/4250/4112 4097/4249/4111
f 4081/4187/4050 4147/4188/4051 4086/4251/4113 4087/4250/4112
f 4147/4188/4051 4146/4189/4052 4085/4252/4114 4086/4251/4113
f 4146/4189/4052 4145/4190/4053 4084/4253/4115 4085/4252/4114
f 4145/4190/4053 2072/4191/4054 2058/4254/4116 4084/4253/4115
f 2072/4191/4054 2071/4192/4055 2057/4255/4117 2058/4254/4116
f 2071/4192/4055 2045/4193/4056 2056/4256/4118 2057/4255/4117
f 2045/4193/4056 2044/4194/4057 2049/4257/4119 2056/4256/4118
f 2044/4194/4057 2043/4195/4058 2048/4258/4120 2049/4257/4119
f 2043/4195/4058 2037/4196/4059 2047/4259/4121 2048/4258/4120
f 2037/4196/4059 2036/4197/4060 2046/4260/4122 2047/4259/4121
f 2036/4197/4060 2035/4198/4061 2038/4261/4123 2046/4260/4122
f 2035/4198/4061 2034/4199/4062 2026/4262/4124 2038/4261/4123
f 2034/4199/4062 2033/4200/4063 2025/4263/4125 2026/4262/4124
f 2033/4200/4063 2009/4201/4064 2024/4264/4126 2025/4263/4125
f 2009/4201/4064 2008/4202/4065 2023/4265/4127 2024/4264/4126
f 2008/4202/4065 2007/4203/4066 2013/4266/4128 2023/4265/4127
f 2007/4203/4066 2001/4204/4067 2012/4267/4129 2013/4266/4128
f 2001/4204/4067 2000/4205/4068 2011/4268/4130 2012/4267/4129
f 2000/4205/4068 1999/4206/4069 2010/4269/4131 2011/4268/4130
f 1999/4206/4069 990/4207/4070 1019/4270/4132 2010/4269/4131
f 990/4207/4070 989/4208/4071 1018/4271/4133 1019/4270/4132
f 989/4208/4071 1006/4209/4072 1017/4272/4134 1018/4271/4133
f 1006/4209/4072 1004/4210/4073 1008/4273/4135 1017/4272/4134
f 1004/4210/4073 1005/4211/4074 1007/4274/4136 1008/4273/4135
f 1005/4211/4074 999/4212/4075 1009/4275/4137 1007/4274/4136
f 999/4212/4075 998/4213/4076 1010/4276/4138 1009/4275/4137
f 998/4213/4076 1002/4214/4077 1003/4277/4139 1010/4276/4138
f 1002/4214/4077 1000/4215/4078 1030/4278/4140 1003/4277/4139
f 1000/4215/4078 1001/4216/4079 1031/4279/4141 1030/4278/4140
f 1001/4216/4079 1027/4217/4080 1032/4280/4142 1031/4279/4141
f 1027/4217/4080 1028/4218/4081 1033/4281/4143 1032/4280/4142
f 1028/4218/4081 1029/4219/4082 1040/4282/4144 1033/4281/4143
f 1029/4219/4082 996/4220/4083 1041/4283/4145 1040/4282/4144
f 996/4220/4083 997/4221/4084 1042/4284/4146 1041/4283/4145
f 997/4221/4084 3012/4222/4085 3018/4285/4147 1042/4284/4146
f 3012/4222/4085 3013/4223/4086 3019/4286/4148 3018/4285/4147
f 3013/4223/4086 3014/4224/4087 3020/4287/4149 3019/4286/4148
f 3014/4224/4087 3015/4225/4088 3021/4288/4150 3020/4287/4149
f 3015/4225/4088 3016/4226/4089 3031/4289/4151 3021/4288/4150
f 3016/4226/4089 3017/4227/4090 3032/4290/4152 3031/4289/4151
f 3017/4227/4090 3045/4228/4091 3033/4291/4153 3032/4290/4152
f 3034/4292/4154 3033/4291/4153 3045/4228/4091 3046/4229/4092
f 3046/4229/4092 3047/4230/4093 3050/4293/4155 3034/4292/4154
f 3047/4230/4093 3048/4231/4094 3054/4294/4156 3050/4293/4155
f 3048/4231/4094 3049/4232/4095 3055/4295/4157 3054/4294/4156
f 3049/4232/4095 3051/4233/4096 3056/4296/4158 3055/4295/4157
f 3051/4233/4096 3052/4234/4097 3057/4297/4159 3056/4296/4158
f 3052/4234/4097 3053/4235/4098 3064/4298/4160 3057/4297/4159
f 3053/4235/4098 3084/4236/4099 3065/4299/4161 3064/4298/4160
f 3084/4236/4099 3085/4237/4100 3066/4300/4162 3065/4299/4161
f 3085/4237/4100 4154/4238/4038 4110/4301/4102 3066/4300/4162
f 4120/4302/4163 4119/4303/4164 4110/4240/4102 4111/4239/4101
f 4121/4304/4165 4120/4302/4163 4111/4239/4101 4112/4241/4103
f 4122/4305/4166 4121/4304/4165 4112/4241/4103 4113/4242/4104
f 4132/4306/4167 4122/4305/4166 4113/4242/4104 4125/4243/4105
f 4129/4307/4168 4132/4306/4167 4125/4243/4105 4126/4244/4106
f 4131/4308/4169 4129/4307/4168 4126/4244/4106 4124/4245/4107
f 4124/4245/4107 4123/3/3 4130/2/2 4131/4308/4169
f 3154/4309/5 3428/7/5 3427/132/5
f 4106/4310/4170 4080/1/1 4138/4/4 4100/4246/4108
f 4105/4311/4171 4106/4310/4170 4100/4246/4108 4099/4247/4109
f 4099/4247/4109 4098/4248/4110 4103/4312/4172 4105/4311/4171
f 4098/4248/4110 4097/4249/4111 4104/4313/4173 4103/4312/4172
f 4097/4249/4111 4087/4250/4112 4096/4314/4174 4104/4313/4173
f 4095/4315/4175 4096/4314/4174 4087/4250/4112 4086/4251/4113
f 4086/4251/4113 4085/4252/4114 4092/4316/4176 4095/4315/4175
f 4085/4252/4114 4084/4253/4115 4091/4317/4177 4092/4316/4176
f 4084/4253/4115 2058/4254/4116 2064/4318/4178 4091/4317/4177
f 2058/4254/4116 2057/4255/4117 2062/4319/4179 2064/4318/4178
f 2061/4320/4180 2062/4319/4179 2057/4255/4117 2056/4256/4118
f 2056/4256/4118 2049/4257/4119 2055/4321/4181 2061/4320/4180
f 2049/4257/4119 2048/4258/4120 2053/4322/4182 2055/4321/4181
f 2048/4258/4120 2047/4259/4121 2051/4323/4183 2053/4322/4182
f 2047/4259/4121 2046/4260/4122 2050/4324/4184 2051/4323/4183
f 2046/4260/4122 2038/4261/4123 2040/4325/4185 2050/4324/4184
f 2038/4261/4123 2026/4262/4124 2032/4326/4186 2040/4325/4185
f 2026/4262/4124 2025/4263/4125 2031/4327/4187 2032/4326/4186
f 2025/4263/4125 2024/4264/4126 2028/4328/4188 2031/4327/4187
f 2024/4264/4126 2023/4265/4127 2027/4329/4189 2028/4328/4188
f 2023/4265/4127 2013/4266/4128 2019/4330/4190 2027/4329/4189
f 2013/4266/4128 2012/4267/4129 2018/4331/4191 2019/4330/4190
f 2012/4267/4129 2011/4268/4130 2015/4332/4192 2018/4331/4191
f 2011/4268/4130 2010/4269/4131 2014/4333/4193 2015/4332/4192
f 2010/4269/4131 1019/4270/4132 1022/4334/4194 2014/4333/4193
f 1019/4270/4132 1018/4271/4133 1021/4335/4195 1022/4334/4194
f 1018/4271/4133 1017/4272/4134 1020/4336/4196 1021/4335/4195
f 1017/4272/4134 1008/4273/4135 1011/4337/4197 1020/4336/4196
f 1008/4273/4135 1007/4274/4136 1014/4338/4198 1011/4337/4197
f 1007/4274/4136 1009/4275/4137 1012/4339/4199 1014/4338/4198
f 1009/4275/4137 1010/4276/4138 1013/4340/4200 1012/4339/4199
f 1010/4276/4138 1003/4277/4139 1050/4341/4201 1013/4340/4200
f 1003/4277/4139 1030/4278/4140 1034/4342/4202 1050/4341/4201
f 1030/4278/4140 1031/4279/4141 1035/4343/4203 1034/4342/4202
f 1031/4279/4141 1032/4280/4142 1037/4344/4204 1035/4343/4203
f 1032/4280/4142 1033/4281/4143 1036/4345/4205 1037/4344/4204
f 1033/4281/4143 1040/4282/4144 1043/4346/4206 1036/4345/4205
f 1040/4282/4144 1041/4283/4145 1044/4347/4207 1043/4346/4206
f 1047/4348/4208 1044/4347/4207 1041/4283/4145 1042/4284/4146
f 3022/4349/4209 1047/4348/4208 1042/4284/4146 3018/4285/4147
f 3025/4350/4210 3022/4349/4209 3018/4285/4147 3019/4286/4148
f 3027/4351/4211 3025/4350/4210 3019/4286/4148 3020/4287/4149
f 3020/4287/4149 3021/4288/4150 3028/4352/4212 3027/4351/4211
f 3035/4353/4213 3028/4352/4212 3021/4288/4150 3031/4289/4151
f 3037/4354/4214 3035/4353/4213 3031/4289/4151 3032/4290/4152
f 3039/4355/4215 3037/4354/4214 3032/4290/4152 3033/4291/4153
f 3033/4291/4153 3034/4292/4154 3040/4356/4216 3039/4355/4215
f 3043/4357/4217 3040/4356/4216 3034/4292/4154 3050/4293/4155
f 3058/4358/4218 3043/4357/4217 3050/4293/4155 3054/4294/4156
f 3059/4359/4219 3058/4358/4218 3054/4294/4156 3055/4295/4157
f 3055/4295/4157 3056/4296/4158 3062/4360/4220 3059/4359/4219
f 3056/4296/4158 3057/4297/4159 3063/4361/4221 3062/4360/4220
f 3057/4297/4159 3064/4298/4160 3070/4362/4222 3063/4361/4221
f 3071/4363/4223 3070/4362/4222 3064/4298/4160 3065/4299/4161
f 3073/4364/4224 3071/4363/4223 3065/4299/4161 3066/4300/4162
f 4119/4365/4164 3073/4364/4224 3066/4300/4162 4110/4301/4102
f 4118/4366/4225 4117/4367/4226 4119/4303/4164 4120/4302/4163
f 4114/4368/4227 4118/4366/4225 4120/4302/4163 4121/4304/4165
f 4115/4369/4228 4114/4368/4227 4121/4304/4165 4122/4305/4166
f 4116/4370/4229 4115/4369/4228 4122/4305/4166 4132/4306/4167
f 4127/4371/4230 4116/4370/4229 4132/4306/4167 4129/4307/4168
f 4128/4372/4231 4127/4371/4230 4129/4307/4168 4131/4308/4169
f 4078/4373/4232 4128/4372/4231 4131/4308/4169 4130/2/2
f 4079/4374/4233 4078/4373/4232 4130/2/2 4080/1/1
f 4077/4375/4234 4079/4374/4233 4080/1/1 4106/4310/4170
f 4102/4376/4235 4077/4375/4234 4106/4310/4170 4105/4311/4171
f 4101/4377/4236 4102/4376/4235 4105/4311/4171 4103/4312/4172
f 4103/4312/4172 4104/4313/4173 4094/4378/4237 4101/4377/4236
f 4093/4379/4238 4094/4378/4237 4104/4313/4173 4096/4314/4174
f 4096/4314/4174 4095/4315/4175 4088/4380/4239 4093/4379/4238
f 4095/4315/4175 4092/4316/4176 4090/4381/4240 4088/4380/4239
f 4092/4316/4176 4091/4317/4177 4089/4382/4241 4090/4381/4240
f 4091/4317/4177 2064/4318/4178 2065/4383/4242 4089/4382/4241
f 2064/4318/4178 2062/4319/4179 2063/4384/4243 2065/4383/4242
f 2062/4319/4179 2061/4320/4180 2060/4385/4244 2063/4384/4243
f 2059/4386/4245 2060/4385/4244 2061/4320/4180 2055/4321/4181
f 2055/4321/4181 2053/4322/4182 2054/4387/4246 2059/4386/4245
f 2053/4322/4182 2051/4323/4183 2052/4388/4247 2054/4387/4246
f 2051/4323/4183 2050/4324/4184 2042/4389/4248 2052/4388/4247
f 2050/4324/4184 2040/4325/4185 2041/4390/4249 2042/4389/4248
f 2040/4325/4185 2032/4326/4186 2039/4391/4250 2041/4390/4249
f 2032/4326/4186 2031/4327/4187 2030/4392/4251 2039/4391/4250
f 2031/4327/4187 2028/4328/4188 2029/4393/4252 2030/4392/4251
f 2028/4328/4188 2027/4329/4189 2022/4394/4253 2029/4393/4252
f 2027/4329/4189 2019/4330/4190 2021/4395/4254 2022/4394/4253
f 2019/4330/4190 2018/4331/4191 2020/4396/4255 2021/4395/4254
f 2018/4331/4191 2015/4332/4192 2017/4397/4256 2020/4396/4255
f 2015/4332/4192 2014/4333/4193 2016/4398/4257 2017/4397/4256
f 2014/4333/4193 1022/4334/4194 1023/4399/4258 2016/4398/4257
f 1022/4334/4194 1021/4335/4195 1026/4400/4259 1023/4399/4258
f 1021/4335/4195 1020/4336/4196 1025/4401/4260 1026/4400/4259
f 1020/4336/4196 1011/4337/4197 1024/4402/4261 1025/4401/4260
f 1011/4337/4197 1014/4338/4198 1016/4403/4262 1024/4402/4261
f 1014/4338/4198 1012/4339/4199 1015/4404/4263 1016/4403/4262
f 1012/4339/4199 1013/4340/4200 1052/4405/4264 1015/4404/4263
f 1013/4340/4200 1050/4341/4201 1051/4406/4265 1052/4405/4264
f 1050/4341/4201 1034/4342/4202 1053/4407/4266 1051/4406/4265
f 1034/4342/4202 1035/4343/4203 1038/4408/4267 1053/4407/4266
f 1035/4343/4203 1037/4344/4204 1039/4409/4268 1038/4408/4267
f 1045/4410/4269 1039/4409/4268 1037/4344/4204 1036/4345/4205
f 1036/4345/4205 1043/4346/4206 1046/4411/4270 1045/4410/4269
f 1049/4412/4271 1046/4411/4270 1043/4346/4206 1044/4347/4207
f 1048/4413/4272 1049/4412/4271 1044/4347/4207 1047/4348/4208
f 3023/4414/4273 1048/4413/4272 1047/4348/4208 3022/4349/4209
f 3024/4415/4274 3023/4414/4273 3022/4349/4209 3025/4350/4210
f 3026/4416/4275 3024/4415/4274 3025/4350/4210 3027/4351/4211
f 3029/4417/4276 3026/4416/4275 3027/4351/4211 3028/4352/4212
f 3028/4352/4212 3035/4353/4213 3030/4418/4277 3029/4417/4276
f 3036/4419/4278 3030/4418/4277 3035/4353/4213 3037/4354/4214
f 3038/4420/4279 3036/4419/4278 3037/4354/4214 3039/4355/4215
f 3041/4421/4280 3038/4420/4279 3039/4355/4215 3040/4356/4216
f 3042/4422/4281 3041/4421/4280 3040/4356/4216 3043/4357/4217
f 3044/4423/4282 3042/4422/4281 3043/4357/4217 3058/4358/4218
f 3060/4424/4283 3044/4423/4282 3058/4358/4218 3059/4359/4219
f 3061/4425/4284 3060/4424/4283 3059/4359/4219 3062/4360/4220
f 3067/4426/4285 3061/4425/4284 3062/4360/4220 3063/4361/4221
f 3068/4427/4286 3067/4426/4285 3063/4361/4221 3070/4362/4222
f 3069/4428/4287 3068/4427/4286 3070/4362/4222 3071/4363/4223
f 3072/4429/4288 3069/4428/4287 3071/4363/4223 3073/4364/4224
f 4117/4430/4226 3072/4429/4288 3073/4364/4224 4119/4365/4164
f 4076/4431/4289 4117/4367/4226 4118/4366/4225
f 4076/4432/4289 4118/4366/4225 4114/4368/4227
f 4076/4433/4289 4114/4368/4227 4115/4369/4228
f 4076/4434/4289 4115/4369/4228 4116/4370/4229
f 4076/4435/4289 4116/4370/4229 4127/4371/4230
f 4076/4436/4289 4127/4371/4230 4128/4372/4231
f 4076/4437/4289 4128/4372/4231 4078/4373/4232
f 4076/4438/4289 4078/4373/4232 4079/4374/4233
f 4076/4439/4289 4079/4374/4233 4077/4375/4234
f 4076/4440/4289 4077/4375/4234 4102/4376/4235
f 4076/4441/4289 4102/4376/4235 4101/4377/4236
f 4076/4442/4289 4101/4377/4236 4094/4378/4237
f 4076/4443/4289 4094/4378/4237 4093/4379/4238
f 4076/4444/4289 4093/4379/4238 4088/4380/4239
f 4076/4445/4289 4088/4380/4239 4090/4381/4240
f 4076/4446/4289 4090/4381/4240 4089/4382/4241
f 2065/4383/4242 4076/4447/4289 4089/4382/4241
f 2063/4384/4243 4076/4448/4289 2065/4383/4242
f 2060/4385/4244 4076/4449/4289 2063/4384/4243
f 2059/4386/4245 4076/4450/4289 2060/4385/4244
f 2054/4387/4246 4076/4451/4289 2059/4386/4245
f 2052/4388/4247 4076/4452/4289 2054/4387/4246
f 2042/4389/4248 4076/4453/4289 2052/4388/4247
f 2041/4390/4249 4076/4454/4289 2042/4389/4248
f 2039/4391/4250 4076/4455/4289 2041/4390/4249
f 2030/4392/4251 4076/4456/4289 2039/4391/4250
f 2029/4393/4252 4076/4457/4289 2030/4392/4251
f 2022/4394/4253 4076/4458/4289 2029/4393/4252
f 2021/4395/4254 4076/4459/4289 2022/4394/4253
f 2020/4396/4255 4076/4460/4289 2021/4395/4254
f 2017/4397/4256 4076/4461/4289 2020/4396/4255
f 2016/4398/4257 4076/4462/4289 2017/4397/4256
f 1023/4399/4258 4076/4463/4289 2016/4398/4257
f 1023/4399/4258 1026/4400/4259 4076/4464/4289
f 1025/4401/4260 4076/4465/4289 1026/4400/4259
f 1024/4402/4261 4076/4466/4289 1025/4401/4260
f 1016/4403/4262 4076/4467/4289 1024/4402/4261
f 1015/4404/4263 4076/4468/4289 1016/4403/4262
f 1015/4404/4263 1052/4405/4264 4076/4469/4289
f 1051/4406/4265 4076/4470/4289 1052/4405/4264
f 1051/4406/4265 1053/4407/4266 4076/4471/4289
f 1038/4408/4267 4076/4472/4289 1053/4407/4266
f 1038/4408/4267 1039/4409/4268 4076/4473/4289
f 1039/4409/4268 1045/4410/4269 4076/4474/4289
f 1045/4410/4269 1046/4411/4270 4076/4475/4289
f 1046/4411/4270 1049/4412/4271 4076/4476/4289
f 1048/4413/4272 4076/4477/4289 1049/4412/4271
f 1048/4413/4272 3023/4414/4273 4076/4478/4289
f 3023/4414/4273 3024/4415/4274 4076/4479/4289
f 3024/4415/4274 3026/4416/4275 4076/4480/4289
f 3026/4416/4275 3029/4417/4276 4076/4481/4289
f 3029/4417/4276 3030/4418/4277 4076/4482/4289
f 3030/4418/4277 3036/4419/4278 4076/4483/4289
f 3036/4419/4278 3038/4420/4279 4076/4484/4289
f 3038/4420/4279 3041/4421/4280 4076/4485/4289
f 3041/4421/4280 3042/4422/4281 4076/4486/4289
f 3042/4422/4281 3044/4423/4282 4076/4487/4289
f 3044/4423/4282 3060/4424/4283 4076/4488/4289
f 3060/4424/4283 3061/4425/4284 4076/4489/4289
f 3061/4425/4284 3067/4426/4285 4076/4490/4289
f 3067/4426/4285 3068/4427/4286 4076/4491/4289
f 3068/4427/4286 3069/4428/4287 4076/4492/4289
f 3069/4428/4287 3072/4429/4288 4076/4493/4289
f 3072/4429/4288 4117/4430/4226 4076/4494/4289
f 4242/4495/2157 1543/4495/2157 1544/4495/2157
f 2946/4495/4290 3136/4495/4290 517/4495/4290
f 4276/4495/4291 2972/4495/4291 413/4495/4291
f 1536/3412/3305 1534/3413/3306 1535/3480/3372
f 1537/3478/3370 1544/3544/3435 1545/3477/3369
f 1536/3412/3305 1535/3480/3372 1537/3478/3370
f 512/3421/3314 400/3422/3315 404/3488/3380
f 404/3488/3380 518/3566/3456 517/3487/3379
f 1543/3545/3436 1542/4496/3440 1546/3548/3439
f 1547/3543/3434 1545/3477/3369 1544/3544/3435
f 1543/3545/3436 1546/3548/3439 1547/3543/3434
f 625/3492/3384 612/3574/3463 627/3572/3461
f 627/3572/3461 626/3571/3460 624/3491/3383
f 407/3567/3457 406/3637/3525 863/3634/3522
f 863/3634/3522 877/3633/3521 520/3563/3453
f 637/3649/3533 636/3575/3464 638/3576/3465
f 638/3576/3465 916/3651/3536 915/3648/3534
f 905/3711/3595 902/3642/3529 903/3712/3531
f 903/3712/3531 904/3714/3597 906/3713/3596
f 925/3723/3605 924/3652/3537 2943/3653/3538
f 2943/3653/3538 2945/3726/3608 2944/3724/3606
f 928/3786/3667 919/3718/3601 920/3720/3603
f 920/3720/3603 921/3788/3669 929/3787/3668
f 2967/3800/3678 2962/3728/3610 2965/3729/3611
f 2965/3729/3611 2970/3803/3681 2968/3801/3679
f 936/3862/3739 934/3792/3673 2953/3794/3675
f 2953/3794/3675 2954/3864/3741 2955/3863/3740
f 3123/3881/3753 3121/3806/3684 3122/3807/3685
f 3122/3807/3685 3125/3883/3756 3124/3880/3754
f 4242/4497/4292 4241/3893/3765 4244/3818/3695
f 4244/3818/3695 4258/3819/3696 4200/3895/3767
f 4200/3895/3767 4278/4498/4293 4073/3894/3766
f 4073/3894/3766 4242/4497/4292 4244/3818/3695
f 2983/3942/3814 2960/3870/3747 2972/3873/3749
f 2972/3873/3749 2973/3944/3816 3086/3943/3815
f 4191/3978/3846 4190/3975/3844 4277/3977/3845
f 4277/3977/3845 4278/4498/4293 4200/3895/3767
f 3104/4032/3900 3095/3957/3829 3149/3961/3831
f 3149/3961/3831 3150/4499/3903 3105/4033/3901
f 1544/4495/2157 1537/4495/2157 4242/4495/2157
f 4242/4495/2157 4073/4495/2157 1543/4495/2157
f 518/4495/4294 405/4495/4295 412/4495/4290
f 412/4495/4290 409/4495/4295 626/4495/4295
f 626/4495/4295 627/4495/4295 613/4495/4290
f 613/4495/4290 616/4495/4295 637/4495/4290
f 637/4495/4290 915/4495/4296 917/4495/4290
f 917/4495/4290 923/4495/4297 925/4495/4295
f 925/4495/4295 2944/4495/4294 2946/4495/4290
f 2946/4495/4290 2950/4495/4294 2952/4495/4290
f 2952/4495/4290 2967/4495/4298 2968/4495/4290
f 2968/4495/4290 2969/4495/4294 2976/4495/4295
f 2976/4495/4295 2977/4495/4294 2984/4495/4290
f 2984/4495/4290 3123/4495/4294 3124/4495/4290
f 3124/4495/4290 3126/4495/4299 3127/4495/4295
f 3127/4495/4295 3131/4495/4300 3134/4495/4295
f 3134/4495/4295 3135/4495/4295 3136/4495/4290
f 3136/4495/4290 4237/4495/4295 4238/4495/4295
f 4238/4495/4295 4239/4495/4295 4240/4495/4290
f 4240/4495/4290 4241/4495/4301 4242/4495/4294
f 4242/4495/4294 1537/4495/4290 1535/4495/4290
f 1535/4495/4290 1531/4495/4302 1530/4495/4290
f 1530/4495/4290 501/4495/4302 499/4495/4290
f 499/4495/4290 497/4495/4294 491/4495/4295
f 491/4495/4295 511/4495/4302 517/4495/4290
f 517/4495/4290 518/4495/4294 412/4495/4290
f 412/4495/4290 626/4495/4295 613/4495/4290
f 613/4495/4290 637/4495/4290 917/4495/4290
f 917/4495/4290 925/4495/4295 2946/4495/4290
f 2946/4495/4290 2952/4495/4290 2968/4495/4290
f 2968/4495/4290 2976/4495/4295 2984/4495/4290
f 2984/4495/4290 3124/4495/4290 3127/4495/4295
f 3127/4495/4295 3134/4495/4295 3136/4495/4290
f 3136/4495/4290 4238/4495/4295 4240/4495/4290
f 4240/4495/4290 4242/4495/4294 1535/4495/4290
f 1535/4495/4290 1530/4495/4290 499/4495/4290
f 499/4495/4290 491/4495/4295 517/4495/4290
f 517/4495/4290 412/4495/4290 613/4495/4290
f 613/4495/4290 917/4495/4290 2946/4495/4290
f 2946/4495/4290 2968/4495/4290 2984/4495/4290
f 2984/4495/4290 3127/4495/4295 3136/4495/4290
f 3136/4495/4290 4240/4495/4290 1535/4495/4290
f 1535/4495/4290 499/4495/4290 517/4495/4290
f 517/4495/4290 613/4495/4290 2946/4495/4290
f 2946/4495/4290 2984/4495/4290 3136/4495/4290
f 3136/4495/4290 1535/4495/4290 517/4495/4290
f 413/4495/4291 406/4495/4291 407/4495/4291
f 407/4495/4291 519/4495/4303 492/4495/4291
f 492/4495/4291 494/4495/4304 503/4495/4291
f 503/4495/4291 504/4495/4305 507/4495/4291
f 507/4495/4291 1538/4495/4305 1539/4495/4291
f 1539/4495/4291 1542/4495/4303 1543/4495/4291
f 1543/4495/4291 4073/4495/4291 4278/4495/4305
f 4278/4495/4305 4277/4495/4306 4276/4495/4291
f 4276/4495/4291 4275/4495/4307 4274/4495/4291
f 4274/4495/4291 4273/4495/4308 3153/4495/4291
f 3153/4495/4291 3152/4495/4307 3151/4495/4304
f 3151/4495/4304 3150/4495/4309 3149/4495/4308
f 3149/4495/4308 2989/4495/4303 2988/4495/4303
f 2988/4495/4303 2987/4495/4308 2986/4495/4291
f 2986/4495/4291 2985/4495/4291 2974/4495/4303
f 2974/4495/4303 2973/4495/4310 2972/4495/4291
f 2972/4495/4291 2971/4495/4303 2957/4495/4303
f 2957/4495/4303 2956/4495/4311 2954/4495/4291
f 2954/4495/4291 2953/4495/4305 927/4495/4291
f 927/4495/4291 926/4495/4291 921/4495/4291
f 921/4495/4291 920/4495/4303 918/4495/4291
f 918/4495/4291 900/4495/4291 904/4495/4291
f 904/4495/4291 903/4495/4312 901/4495/4291
f 901/4495/4291 410/4495/4291 413/4495/4291
f 413/4495/4291 407/4495/4291 492/4495/4291
f 492/4495/4291 503/4495/4291 507/4495/4291
f 507/4495/4291 1539/4495/4291 1543/4495/4291
f 1543/4495/4291 4278/4495/4305 4276/4495/4291
f 4276/4495/4291 4274/4495/4291 3153/4495/4291
f 3153/4495/4291 3151/4495/4304 3149/4495/4308
f 3149/4495/4308 2988/4495/4303 2986/4495/4291
f 2986/4495/4291 2974/4495/4303 2972/4495/4291
f 2972/4495/4291 2957/4495/4303 2954/4495/4291
f 2954/4495/4291 927/4495/4291 921/4495/4291
f 921/4495/4291 918/4495/4291 904/4495/4291
f 904/4495/4291 901/4495/4291 413/4495/4291
f 413/4495/4291 492/4495/4291 507/4495/4291
f 507/4495/4291 1543/4495/4291 4276/4495/4291
f 4276/4495/4291 3153/4495/4291 3149/4495/4308
f 3149/4495/4308 2986/4495/4291 2972/4495/4291
f 2972/4495/4291 2954/4495/4291 921/4495/4291
f 921/4495/4291 904/4495/4291 413/4495/4291
f 413/4495/4291 507/4495/4291 4276/4495/4291
f 4276/4495/4291 3149/4495/4308 2972/4495/4291
f 2972/4495/4291 921/4495/4291 413/4495/4291
usemtl trim
f 4412/4500/2171 4413/4501/2172 4477/4502/2172 4476/4503/2171
f 4414/4504/4313 4415/4505/4314 4479/4506/4314 4478/4507/4313
f 4415/4505/4314 4416/4508/4315 4480/4509/4315 4479/4506/4314
f 4416/4508/4315 4417/4510/4316 4481/4511/4316 4480/4509/4315
f 4417/4510/4316 4418/4512/4317 4482/4513/4317 4481/4511/4316
f 4418/4512/4317 4419/4514/4318 4483/4515/4318 4482/4513/4317
f 4419/4514/4318 4420/4516/4319 4484/4517/4319 4483/4515/4318
f 4420/4516/4319 4421/4518/4320 4485/4519/4320 4484/4517/4319
f 4421/4518/4320 4422/4520/4321 4486/4521/4321 4485/4519/4320
f 4422/4520/4321 4423/4522/4322 4487/4523/4322 4486/4521/4321
f 4423/4522/4322 4424/4524/4323 4488/4525/4323 4487/4523/4322
f 4424/4524/4323 4425/4526/4324 4489/4527/4324 4488/4525/4323
f 4425/4526/4324 4426/4528/4325 4490/4529/4325 4489/4527/4324
f 4426/4528/4325 4427/4530/4326 4491/4531/4326 4490/4529/4325
f 4427/4530/4326 4428/4532/4327 4492/4533/4327 4491/4531/4326
f 4428/4532/4327 4429/4534/4328 4493/4535/4328 4492/4533/4327
f 4429/4534/4328 4430/4536/4329 4494/4537/4329 4493/4535/4328
f 4430/4536/4329 4431/4538/4330 4495/4539/4330 4494/4537/4329
f 4431/4538/4330 4432/4540/4331 4496/4541/4331 4495/4539/4330
f 4432/4540/4331 4433/4542/4332 4497/4543/4332 4496/4541/4331
f 4433/4542/4332 4434/4544/4333 4498/4545/4333 4497/4543/4332
f 4434/4544/4333 4435/4546/4334 4499/4547/4334 4498/4545/4333
f 4435/4546/4334 4436/4548/4335 4500/4549/4335 4499/4547/4334
f 4436/4548/4335 4437/4550/4336 4501/4551/4336 4500/4549/4335
f 4437/4550/4336 4438/4552/4337 4502/4553/4337 4501/4551/4336
f 4438/4552/4337 4439/4554/4338 4503/4555/4338 4502/4553/4337
f 4439/4554/4338 4440/4556/4339 4504/4557/4339 4503/4555/4338
f 4440/4556/4339 4441/4558/4340 4505/4559/4340 4504/4557/4339
f 4441/4558/4340 4442/4560/4341 4506/4561/4341 4505/4559/4340
f 4442/4560/4341 4443/4562/4342 4507/4563/4342 4506/4561/4341
f 4443/4562/4342 4444/4564/4343 4508/4565/4343 4507/4563/4342
f 4444/4564/4343 4445/4566/4344 4509/4567/4344 4508/4565/4343
f 4445/4566/4344 4446/4568/4345 4510/4569/4345 4509/4567/4344
f 4446/4568/4345 4447/4570/4346 4511/4571/4346 4510/4569/4345
f 4447/4570/4346 4448/4572/4347 4512/4573/4347 4511/4571/4346
f 4448/4572/4347 4449/4574/4348 4513/4575/4348 4512/4573/4347
f 4449/4574/4348 4450/4576/4349 4514/4577/4349 4513/4575/4348
f 4450/4576/4349 4451/4578/4350 4515/4579/4350 4514/4577/4349
f 4451/4578/4350 4452/4580/4351 4516/4581/4351 4515/4579/4350
f 4452/4580/4351 4453/4582/4352 4517/4583/4352 4516/4581/4351
f 4453/4582/4352 4454/4584/4353 4518/4585/4353 4517/4583/4352
f 4454/4584/4353 4455/4586/4354 4519/4587/4354 4518/4585/4353
f 4455/4586/4354 4456/4588/4355 4520/4589/4355 4519/4587/4354
f 4456/4588/4355 4457/4590/4356 4521/4591/4356 4520/4589/4355
f 4457/4590/4356 4458/4592/4357 4522/4593/4357 4521/4591/4356
f 4458/4592/4357 4459/4594/4358 4523/4595/4358 4522/4593/4357
f 4459/4594/4358 4460/4596/4359 4524/4597/4359 4523/4595/4358
f 4460/4596/4359 4461/4598/4360 4525/4599/4360 4524/4597/4359
f 4461/4598/4360 4462/4600/4361 4526/4601/4361 4525/4599/4360
f 4462/4600/4361 4463/4602/4362 4527/4603/4362 4526/4601/4361
f 4463/4602/4362 4464/4604/4363 4528/4605/4363 4527/4603/4362
f 4464/4604/4363 4465/4606/4364 4529/4607/4364 4528/4605/4363
f 4465/4606/4364 4466/4608/4365 4530/4609/4365 4529/4607/4364
f 4466/4608/4365 4467/4610/4366 4531/4611/4366 4530/4609/4365
f 4467/4610/4366 4468/4612/4367 4532/4613/4367 4531/4611/4366
f 4468/4612/4367 4469/4614/4368 4533/4615/4368 4532/4613/4367
f 4469/4614/4368 4470/4616/4369 4534/4617/4369 4533/4615/4368
f 4470/4616/4369 4471/4618/4370 4535/4619/4370 4534/4617/4369
f 4471/4618/4370 4472/4620/4371 4536/4621/4371 4535/4619/4370
f 4472/4620/4371 4473/4622/4372 4537/4623/4372 4536/4621/4371
f 4473/4622/4372 4474/4624/4373 4538/4625/4373 4537/4623/4372
f 4474/4624/4373 4475/4626/4374 4539/4627/4374 4538/4625/4373
f 4475/4626/4374 4476/4503/4375 4540/4628/4375 4539/4627/4374
f 4476/4503/4375 4477/4502/4376 4541/4629/4376 4540/4628/4375
f 4477/4502/4376 4414/4630/4313 4478/4631/4313 4541/4629/4376
f 4478/4507/4345 4479/4506/4346 4543/4632/4346 4542/4633/4345
f 4479/4506/4346 4480/4509/4347 4544/4634/4347 4543/4632/4346
f 4480/4509/4347 4481/4511/4348 4545/4635/4348 4544/4634/4347
f 4481/4511/4348 4482/4513/4349 4546/4636/4349 4545/4635/4348
f 4482/4513/4349 4483/4515/4350 4547/4637/4350 4546/4636/4349
f 4483/4515/4350 4484/4517/4351 4548/4638/4351 4547/4637/4350
f 4484/4517/4351 4485/4519/4352 4549/4639/4352 4548/4638/4351
f 4485/4519/4352 4486/4521/4353 4550/4640/4353 4549/4639/4352
f 4486/4521/4353 4487/4523/4354 4551/4641/4354 4550/4640/4353
f 4487/4523/4354 4488/4525/4355 4552/4642/4355 4551/4641/4354
f 4488/4525/4355 4489/4527/4356 4553/4643/4356 4552/4642/4355
f 4489/4527/4356 4490/4529/4357 4554/4644/4357 4553/4643/4356
f 4490/4529/4357 4491/4531/4358 4555/4645/4358 4554/4644/4357
f 4491/4531/4358 4492/4533/4359 4556/4646/4359 4555/4645/4358
f 4492/4533/4359 4493/4535/4360 4557/4647/4360 4556/4646/4359
f 4493/4535/4360 4494/4537/4361 4558/4648/4361 4557/4647/4360
f 4494/4537/4361 4495/4539/4362 4559/4649/4362 4558/4648/4361
f 4495/4539/4362 4496/4541/4363 4560/4650/4363 4559/4649/4362
f 4496/4541/4363 4497/4543/4364 4561/4651/4364 4560/4650/4363
f 4497/4543/4364 4498/4545/4365 4562/4652/4365 4561/4651/4364
f 4498/4545/4365 4499/4547/4366 4563/4653/4366 4562/4652/4365
f 4499/4547/4366 4500/4549/4367 4564/4654/4367 4563/4653/4366
f 4500/4549/4367 4501/4551/4368 4565/4655/4368 4564/4654/4367
f 4501/4551/4368 4502/4553/4369 4566/4656/4369 4565/4655/4368
f 4502/4553/4369 4503/4555/4370 4567/4657/4370 4566/4656/4369
f 4503/4555/4370 4504/4557/4371 4568/4658/4371 4567/4657/4370
f 4504/4557/4371 4505/4559/4372 4569/4659/4372 4568/4658/4371
f 4505/4559/4372 4506/4561/4373 4570/4660/4373 4569/4659/4372
f 4506/4561/4373 4507/4563/4374 4571/4661/4374 4570/4660/4373
f 4507/4563/4374 4508/4565/4375 4572/4662/4375 4571/4661/4374
f 4508/4565/4375 4509/4567/4376 4573/4663/4376 4572/4662/4375
f 4509/4567/4376 4510/4569/4313 4574/4664/4313 4573/4663/4376
f 4510/4569/4313 4511/4571/4314 4575/4665/4314 4574/4664/4313
f 4511/4571/4314 4512/4573/4315 4576/4666/4315 4575/4665/4314
f 4512/4573/4315 4513/4575/4316 4577/4667/4316 4576/4666/4315
f 4513/4575/4316 4514/4577/4317 4578/4668/4317 4577/4667/4316
f 4514/4577/4317 4515/4579/4318 4579/4669/4318 4578/4668/4317
f 4515/4579/4318 4516/4581/4319 4580/4670/4319 4579/4669/4318
f 4516/4581/4319 4517/4583/4320 4581/4671/4320 4580/4670/4319
f 4517/4583/4320 4518/4585/4321 4582/4672/4321 4581/4671/4320
f 4518/4585/4321 4519/4587/4322 4583/4673/4322 4582/4672/4321
f 4519/4587/4322 4520/4589/4323 4584/4674/4323 4583/4673/4322
f 4520/4589/4323 4521/4591/4324 4585/4675/4324 4584/4674/4323
f 4521/4591/4324 4522/4593/4325 4586/4676/4325 4585/4675/4324
f 4522/4593/4325 4523/4595/4326 4587/4677/4326 4586/4676/4325
f 4523/4595/4326 4524/4597/4327 4588/4678/4327 4587/4677/4326
f 4524/4597/4327 4525/4599/4328 4589/4679/4328 4588/4678/4327
f 4525/4599/4328 4526/4601/4329 4590/4680/4329 4589/4679/4328
f 4526/4601/4329 4527/4603/4330 4591/4681/4330 4590/4680/4329
f 4527/4603/4330 4528/4605/4331 4592/4682/4331 4591/4681/4330
f 4528/4605/4331 4529/4607/4332 4593/4683/4332 4592/4682/4331
f 4529/4607/4332 4530/4609/4333 4594/4684/4333 4593/4683/4332
f 4530/4609/4333 4531/4611/4334 4595/4685/4334 4594/4684/4333
f 4531/4611/4334 4532/4613/4335 4596/4686/4335 4595/4685/4334
f 4532/4613/4335 4533/4615/4336 4597/4687/4336 4596/4686/4335
f 4533/4615/4336 4534/4617/4337 4598/4688/4337 4597/4687/4336
f 4534/4617/4337 4535/4619/4338 4599/4689/4338 4598/4688/4337
f 4535/4619/4338 4536/4621/4339 4600/4690/4339 4599/4689/4338
f 4536/4621/4339 4537/4623/4340 4601/4691/4340 4600/4690/4339
f 4537/4623/4340 4538/4625/4341 4602/4692/4341 4601/4691/4340
f 4538/4625/4341 4539/4627/4342 4603/4693/4342 4602/4692/4341
f 4539/4627/4342 4540/4628/4343 4604/4694/4343 4603/4693/4342
f 4540/4628/4343 4541/4629/4344 4605/4695/4344 4604/4694/4343
f 4541/4629/4344 4478/4631/4345 4542/4696/4345 4605/4695/4344
f 4542/4633/2141 4543/4632/2142 4607/4697/2142 4606/4698/2141
f 4543/4632/2142 4544/4634/2143 4608/4699/2143 4607/4697/2142
f 4544/4634/2143 4545/4635/2144 4609/4700/2144 4608/4699/2143
f 4545/4635/2144 4546/4636/2145 4610/4701/2145 4609/4700/2144
f 4546/4636/2145 4547/4637/2146 4611/4702/2146 4610/4701/2145
f 4547/4637/2146 4548/4638/2147 4612/4703/2147 4611/4702/2146
f 4548/4638/2147 4549/4639/2148 4613/4704/2148 4612/4703/2147
f 4549/4639/2148 4550/4640/2149 4614/4705/2149 4613/4704/2148
f 4550/4640/2149 4551/4641/2150 4615/4706/2150 4614/4705/2149
f 4551/4641/2150 4552/4642/2151 4616/4707/2151 4615/4706/2150
f 4552/4642/2151 4553/4643/2152 4617/4708/2152 4616/4707/2151
f 4553/4643/2152 4554/4644/2153 4618/4709/2153 4617/4708/2152
f 4554/4644/2153 4555/4645/2154 4619/4710/2154 4618/4709/2153
f 4555/4645/2154 4556/4646/2155 4620/4711/2155 4619/4710/2154
f 4556/4646/2155 4557/4647/2156 4621/4712/2156 4620/4711/2155
f 4557/4647/2156 4558/4648/2157 4622/4713/2157 4621/4712/2156
f 4558/4648/2157 4559/4649/2158 4623/4714/2158 4622/4713/2157
f 4559/4649/2158 4560/4650/2159 4624/4715/2159 4623/4714/2158
f 4560/4650/2159 4561/4651/2160 4625/4716/2160 4624/4715/2159
f 4561/4651/2160 4562/4652/2161 4626/4717/2161 4625/4716/2160
f 4562/4652/2161 4563/4653/2162 4627/4718/2162 4626/4717/2161
f 4563/4653/2162 4564/4654/2163 4628/4719/2163 4627/4718/2162
f 4564/4654/2163 4565/4655/2164 4629/4720/2164 4628/4719/2163
f 4565/4655/2164 4566/4656/2165 4630/4721/2165 4629/4720/2164
f 4566/4656/2165 4567/4657/2166 4631/4722/2166 4630/4721/2165
f 4567/4657/2166 4568/4658/2167 4632/4723/2167 4631/4722/2166
f 4568/4658/2167 4569/4659/2168 4633/4724/2168 4632/4723/2167
f 4569/4659/2168 4570/4660/2169 4634/4725/2169 4633/4724/2168
f 4570/4660/2169 4571/4661/2170 4635/4726/2170 4634/4725/2169
f 4571/4661/2170 4572/4662/2171 4636/4727/2171 4635/4726/2170
f 4572/4662/2171 4573/4663/2172 4637/4728/2172 4636/4727/2171
f 4573/4663/2172 4574/4664/2110 4638/4729/2110 4637/4728/2172
f 4574/4664/2110 4575/4665/2109 4639/4730/2109 4638/4729/2110
f 4575/4665/2109 4576/4666/2111 4640/4731/2111 4639/4730/2109
f 4576/4666/2111 4577/4667/2112 4641/4732/2112 4640/4731/2111
f 4577/4667/2112 4578/4668/2113 4642/4733/2113 4641/4732/2112
f 4578/4668/2113 4579/4669/2114 4643/4734/2114 4642/4733/2113
f 4579/4669/2114 4580/4670/2115 4644/4735/2115 4643/4734/2114
f 4580/4670/2115 4581/4671/2116 4645/4736/2116 4644/4735/2115
f 4581/4671/2116 4582/4672/2117 4646/4737/2117 4645/4736/2116
f 4582/4672/2117 4583/4673/2118 4647/4738/2118 4646/4737/2117
f 4583/4673/2118 4584/4674/2119 4648/4739/2119 4647/4738/2118
f 4584/4674/2119 4585/4675/2120 4649/4740/2120 4648/4739/2119
f 4585/4675/2120 4586/4676/2121 4650/4741/2121 4649/4740/2120
f 4586/4676/2121 4587/4677/2122 4651/4742/2122 4650/4741/2121
f 4587/4677/2122 4588/4678/2123 4652/4743/2123 4651/4742/2122
f 4588/4678/2123 4589/4679/2124 4653/4744/2124 4652/4743/2123
f 4589/4679/2124 4590/4680/2125 4654/4745/2125 4653/4744/2124
f 4590/4680/2125 4591/4681/2126 4655/4746/2126 4654/4745/2125
f 4591/4681/2126 4592/4682/2127 4656/4747/2127 4655/4746/2126
f 4592/4682/2127 4593/4683/2128 4657/4748/2128 4656/4747/2127
f 4593/4683/2128 4594/4684/2129 4658/4749/2129 4657/4748/2128
f 4594/4684/2129 4595/4685/2130 4659/4750/2130 4658/4749/2129
f 4595/4685/2130 4596/4686/2131 4660/4751/2131 4659/4750/2130
f 4596/4686/2131 4597/4687/2132 4661/4752/2132 4660/4751/2131
f 4597/4687/2132 4598/4688/2133 4662/4753/2133 4661/4752/2132
f 4598/4688/2133 4599/4689/2134 4663/4754/2134 4662/4753/2133
f 4599/4689/2134 4600/4690/2135 4664/4755/2135 4663/4754/2134
f 4600/4690/2135 4601/4691/2136 4665/4756/2136 4664/4755/2135
f 4601/4691/2136 4602/4692/2137 4666/4757/2137 4665/4756/2136
f 4602/4692/2137 4603/4693/2138 4667/4758/2138 4666/4757/2137
f 4603/4693/2138 4604/4694/2139 4668/4759/2139 4667/4758/2138
f 4604/4694/2139 4605/4695/2140 4669/4760/2140 4668/4759/2139
f 4605/4695/2140 4542/4696/2141 4606/4761/2141 4669/4760/2140
f 4606/4698/4377 4607/4697/4378 4287/4762/4378 4286/4763/4377
f 4607/4697/4378 4608/4699/4379 4288/4764/4379 4287/4762/4378
f 4608/4699/4379 4609/4700/4380 4289/4765/4380 4288/4764/4379
f 4609/4700/4380 4610/4701/4381 4290/4766/4381 4289/4765/4380
f 4610/4701/4381 4611/4702/4382 4291/4767/4382 4290/4766/4381
f 4611/4702/4382 4612/4703/4383 4292/4768/4383 4291/4767/4382
f 4612/4703/4383 4613/4704/4384 4293/4769/4384 4292/4768/4383
f 4613/4704/4384 4614/4705/4385 4294/4770/4385 4293/4769/4384
f 4614/4705/4385 4615/4706/4386 4295/4771/4386 4294/4770/4385
f 4615/4706/4386 4616/4707/4387 4296/4772/4387 4295/4771/4386
f 4616/4707/4387 4617/4708/4388 4297/4773/4388 4296/4772/4387
f 4617/4708/4388 4618/4709/4389 4298/4774/4389 4297/4773/4388
f 4618/4709/4389 4619/4710/4390 4299/4775/4390 4298/4774/4389
f 4619/4710/4390 4620/4711/4391 4300/4776/4391 4299/4775/4390
f 4620/4711/4391 4621/4712/4392 4301/4777/4392 4300/4776/4391
f 4621/4712/4392 4622/4713/4393 4302/4778/4393 4301/4777/4392
f 4622/4713/4393 4623/4714/4394 4303/4779/4394 4302/4778/4393
f 4623/4714/4394 4624/4715/4395 4304/4780/4395 4303/4779/4394
f 4624/4715/4395 4625/4716/4396 4305/4781/4396 4304/4780/4395
f 4625/4716/4396 4626/4717/4397 4306/4782/4397 4305/4781/4396
f 4626/4717/4397 4627/4718/4398 4307/4783/4398 4306/4782/4397
f 4627/4718/4398 4628/4719/4399 4308/4784/4399 4307/4783/4398
f 4628/4719/4399 4629/4720/4400 4309/4785/4400 4308/4784/4399
f 4629/4720/4400 4630/4721/4401 4310/4786/4401 4309/4785/4400
f 4630/4721/4401 4631/4722/4402 4311/4787/4402 4310/4786/4401
f 4631/4722/4402 4632/4723/4403 4312/4788/4403 4311/4787/4402
f 4632/4723/4403 4633/4724/4404 4313/4789/4404 4312/4788/4403
f 4633/4724/4404 4634/4725/4405 4314/4790/4405 4313/4789/4404
f 4634/4725/4405 4635/4726/4406 4315/4791/4406 4314/4790/4405
f 4635/4726/4406 4636/4727/4407 4316/4792/4407 4315/4791/4406
f 4636/4727/4407 4637/4728/4408 4317/4793/4408 4316/4792/4407
f 4637/4728/4408 4638/4729/4409 4318/4794/4409 4317/4793/4408
f 4638/4729/4409 4639/4730/4410 4319/4795/4410 4318/4794/4409
f 4639/4730/4410 4640/4731/4411 4320/4796/4411 4319/4795/4410
f 4640/4731/4411 4641/4732/4412 4321/4797/4412 4320/4796/4411
f 4641/4732/4412 4642/4733/4413 4322/4798/4413 4321/4797/4412
f 4642/4733/4413 4643/4734/4414 4323/4799/4414 4322/4798/4413
f 4643/4734/4414 4644/4735/4415 4324/4800/4415 4323/4799/4414
f 4644/4735/4415 4645/4736/4416 4325/4801/4416 4324/4800/4415
f 4645/4736/4416 4646/4737/4417 4326/4802/4417 4325/4801/4416
f 4646/4737/4417 4647/4738/4418 4327/4803/4418 4326/4802/4417
f 4647/4738/4418 4648/4739/4419 4328/4804/4419 4327/4803/4418
f 4648/4739/4419 4649/4740/4420 4329/4805/4420 4328/4804/4419
f 4649/4740/4420 4650/4741/4421 4330/4806/4421 4329/4805/4420
f 4650/4741/4421 4651/4742/4422 4331/4807/4422 4330/4806/4421
f 4651/4742/4422 4652/4743/4423 4332/4808/4423 4331/4807/4422
f 4652/4743/4423 4653/4744/4424 4333/4809/4424 4332/4808/4423
f 4653/4744/4424 4654/4745/4425 4334/4810/4425 4333/4809/4424
f 4654/4745/4425 4655/4746/4426 4335/4811/4426 4334/4810/4425
f 4655/4746/4426 4656/4747/4427 4336/4812/4427 4335/4811/4426
f 4656/4747/4427 4657/4748/4428 4337/4813/4428 4336/4812/4427
f 4657/4748/4428 4658/4749/4429 4338/4814/4429 4337/4813/4428
f 4658/4749/4429 4659/4750/4430 4339/4815/4430 4338/4814/4429
f 4659/4750/4430 4660/4751/4431 4340/4816/4431 4339/4815/4430
f 4660/4751/4431 4661/4752/4432 4341/4817/4432 4340/4816/4431
f 4661/4752/4432 4662/4753/4433 4342/4818/4433 4341/4817/4432
f 4662/4753/4433 4663/4754/4434 4343/4819/4434 4342/4818/4433
f 4663/4754/4434 4664/4755/4435 4344/4820/4435 4343/4819/4434
f 4664/4755/4435 4665/4756/4436 4345/4821/4436 4344/4820/4435
f 4665/4756/4436 4666/4757/4437 4346/4822/4437 4345/4821/4436
f 4666/4757/4437 4667/4758/4438 4347/4823/4438 4346/4822/4437
f 4667/4758/4438 4668/4759/4439 4348/4824/4439 4347/4823/4438
f 4668/4759/4439 4669/4760/4440 4349/4825/4440 4348/4824/4439
f 4669/4760/4440 4606/4761/4377 4286/4826/4377 4349/4825/4440
f 4670/4495/5 4671/4827/5 4735/4828/5 4734/4829/5
f 4671/4827/5 4672/4830/5 4736/4831/5 4735/4828/5
f 4672/4830/5 4673/4832/5 4737/4833/5 4736/4831/5
f 4673/4832/5 4674/4834/5 4738/4835/5 4737/4833/5
f 4674/4834/5 4675/4836/5 4739/4837/5 4738/4835/5
f 4675/4836/5 4676/4838/5 4740/4839/5 4739/4837/5
f 4676/4838/5 4677/4840/5 4741/4841/5 4740/4839/5
f 4677/4840/5 4678/4842/5 4742/4843/5 4741/4841/5
f 4678/4842/5 4679/4844/5 4743/4845/5 4742/4843/5
f 4679/4844/5 4680/4846/5 4744/4847/5 4743/4845/5
f 4680/4846/5 4681/4848/5 4745/4849/5 4744/4847/5
f 4681/4848/5 4682/4850/5 4746/4851/5 4745/4849/5
f 4682/4850/5 4683/4852/5 4747/4853/5 4746/4851/5
f 4683/4852/5 4684/4854/5 4748/4855/5 4747/4853/5
f 4684/4854/5 4685/4856/5 4749/4857/5 4748/4855/5
f 4685/4856/5 4686/4858/5 4750/4859/5 4749/4857/5
f 4686/4858/5 4687/4860/5 4751/4861/5 4750/4859/5
f 4687/4860/5 4688/4862/5 4752/4863/5 4751/4861/5
f 4688/4862/5 4689/4864/5 4753/4865/5 4752/4863/5
f 4689/4864/5 4690/4866/5 4754/4867/5 4753/4865/5
f 4690/4866/5 4691/4868/5 4755/4869/5 4754/4867/5
f 4691/4868/5 4692/4870/5 4756/4871/5 4755/4869/5
f 4692/4870/5 4693/4872/5 4757/4873/5 4756/4871/5
f 4693/4872/5 4694/4874/5 4758/4875/5 4757/4873/5
f 4694/4874/5 4695/4876/5 4759/4877/5 4758/4875/5
f 4695/4876/5 4696/4878/5 4760/4879/5 4759/4877/5
f 4696/4878/5 4697/4880/5 4761/4881/5 4760/4879/5
f 4697/4880/5 4698/4882/5 4762/4883/5 4761/4881/5
f 4698/4882/5 4699/4884/5 4763/4885/5 4762/4883/5
f 4699/4884/5 4700/4886/5 4764/4887/5 4763/4885/5
f 4700/4886/5 4701/4888/5 4765/4889/5 4764/4887/5
f 4701/4888/5 4702/4890/5 4766/4891/5 4765/4889/5
f 4702/4890/5 4703/4892/5 4767/4893/5 4766/4891/5
f 4703/4892/5 4704/4894/5 4768/4895/5 4767/4893/5
f 4704/4894/5 4705/4896/5 4769/4897/5 4768/4895/5
f 4705/4896/5 4706/4898/5 4770/4899/5 4769/4897/5
f 4706/4898/5 4707/4900/5 4771/4901/5 4770/4899/5
f 4707/4900/5 4708/4902/5 4772/4903/5 4771/4901/5
f 4708/4902/5 4709/4904/5 4773/4905/5 4772/4903/5
f 4709/4904/5 4710/4906/5 4774/4907/5 4773/4905/5
f 4710/4906/5 4711/4908/5 4775/4909/5 4774/4907/5
f 4711/4908/5 4712/4910/5 4776/4911/5 4775/4909/5
f 4712/4910/5 4713/4912/5 4777/4913/5 4776/4911/5
f 4713/4912/5 4714/4914/5 4778/4915/5 4777/4913/5
f 4714/4914/5 4715/4916/5 4779/4917/5 4778/4915/5
f 4715/4916/5 4716/4918/5 4780/4919/5 4779/4917/5
f 4716/4918/5 4717/4920/5 4781/4921/5 4780/4919/5
f 4717/4920/5 4718/4922/5 4782/4923/5 4781/4921/5
f 4718/4922/5 4719/4924/5 4783/4925/5 4782/4923/5
f 4719/4924/5 4720/4926/5 4784/4927/5 4783/4925/5
f 4720/4926/5 4721/4928/5 4785/4929/5 4784/4927/5
f 4721/4928/5 4722/4930/5 4786/4931/5 4785/4929/5
f 4722/4930/5 4723/4932/5 4787/4933/5 4786/4931/5
f 4723/4932/5 4724/4934/5 4788/4935/5 4787/4933/5
f 4724/4934/5 4725/4936/5 4789/4937/5 4788/4935/5
f 4725/4936/5 4726/4938/5 4790/4939/5 4789/4937/5
f 4726/4938/5 4727/4940/5 4791/4941/5 4790/4939/5
f 4727/4940/5 4728/4942/5 4792/4943/5 4791/4941/5
f 4728/4942/5 4729/4944/5 4793/4945/5 4792/4943/5
f 4729/4944/5 4730/4946/5 4794/4947/5 4793/4945/5
f 4730/4946/5 4731/4948/5 4795/4949/5 4794/4947/5
f 4731/4948/5 4732/4950/5 4796/4951/5 4795/4949/5
f 4732/4950/5 4733/4952/5 4797/4953/5 4796/4951/5
f 4733/4952/5 4670/4954/5 4734/4955/5 4797/4953/5
f 4734/4829/72 4735/4828/73 4799/4956/73 4798/4957/72
f 4735/4828/73 4736/4831/4441 4800/4958/4441 4799/4956/73
f 4736/4831/4441 4737/4833/77 4801/4959/77 4800/4958/4441
f 4737/4833/77 4738/4835/78 4802/4960/78 4801/4959/77
f 4738/4835/78 4739/4837/80 4803/4961/80 4802/4960/78
f 4739/4837/80 4740/4839/83 4804/4962/83 4803/4961/80
f 4740/4839/83 4741/4841/84 4805/4963/84 4804/4962/83
f 4741/4841/84 4742/4843/86 4806/4964/86 4805/4963/84
f 4742/4843/86 4743/4845/88 4807/4965/88 4806/4964/86
f 4743/4845/88 4744/4847/90 4808/4966/90 4807/4965/88
f 4744/4847/90 4745/4849/92 4809/4967/92 4808/4966/90
f 4745/4849/92 4746/4851/94 4810/4968/94 4809/4967/92
f 4746/4851/94 4747/4853/96 4811/4969/96 4810/4968/94
f 4747/4853/96 4748/4855/98 4812/4970/98 4811/4969/96
f 4748/4855/98 4749/4857/100 4813/4971/100 4812/4970/98
f 4749/4857/100 4750/4859/102 4814/4972/102 4813/4971/100
f 4750/4859/102 4751/4861/104 4815/4973/104 4814/4972/102
f 4751/4861/104 4752/4863/4442 4816/4974/4442 4815/4973/104
f 4752/4863/4442 4753/4865/108 4817/4975/108 4816/4974/4442
f 4753/4865/108 4754/4867/110 4818/4976/110 4817/4975/108
f 4754/4867/110 4755/4869/112 4819/4977/112 4818/4976/110
f 4755/4869/112 4756/4871/114 4820/4978/114 4819/4977/112
f 4756/4871/114 4757/4873/116 4821/4979/116 4820/4978/114
f 4757/4873/116 4758/4875/118 4822/4980/118 4821/4979/116
f 4758/4875/118 4759/4877/120 4823/4981/120 4822/4980/118
f 4759/4877/120 4760/4879/122 4824/4982/122 4823/4981/120
f 4760/4879/122 4761/4881/124 4825/4983/124 4824/4982/122
f 4761/4881/124 4762/4883/126 4826/4984/126 4825/4983/124
f 4762/4883/126 4763/4885/128 4827/4985/128 4826/4984/126
f 4763/4885/128 4764/4887/4443 4828/4986/4443 4827/4985/128
f 4764/4887/4443 4765/4889/132 4829/4987/132 4828/4986/4443
f 4765/4889/132 4766/4891/134 4830/4988/134 4829/4987/132
f 4766/4891/134 4767/4893/136 4831/4989/136 4830/4988/134
f 4767/4893/136 4768/4895/4444 4832/4990/4444 4831/4989/136
f 4768/4895/4444 4769/4897/140 4833/4991/140 4832/4990/4444
f 4769/4897/140 4770/4899/143 4834/4992/143 4833/4991/140
f 4770/4899/143 4771/4901/145 4835/4993/145 4834/4992/143
f 4771/4901/145 4772/4903/146 4836/4994/146 4835/4993/145
f 4772/4903/146 4773/4905/149 4837/4995/149 4836/4994/146
f 4773/4905/149 4774/4907/151 4838/4996/151 4837/4995/149
f 4774/4907/151 4775/4909/153 4839/4997/153 4838/4996/151
f 4775/4909/153 4776/4911/155 4840/4998/155 4839/4997/153
f 4776/4911/155 4777/4913/157 4841/4999/157 4840/4998/155
f 4777/4913/157 4778/4915/159 4842/5000/159 4841/4999/157
f 4778/4915/159 4779/4917/161 4843/5001/161 4842/5000/159
f 4779/4917/161 4780/4919/163 4844/5002/163 4843/5001/161
f 4780/4919/163 4781/4921/165 4845/5003/165 4844/5002/163
f 4781/4921/165 4782/4923/167 4846/5004/167 4845/5003/165
f 4782/4923/167 4783/4925/169 4847/5005/169 4846/5004/167
f 4783/4925/169 4784/4927/4445 4848/5006/4445 4847/5005/169
f 4784/4927/4445 4785/4929/173 4849/5007/173 4848/5006/4445
f 4785/4929/173 4786/4931/175 4850/5008/175 4849/5007/173
f 4786/4931/175 4787/4933/177 4851/5009/177 4850/5008/175
f 4787/4933/177 4788/4935/179 4852/5010/179 4851/5009/177
f 4788/4935/179 4789/4937/181 4853/5011/181 4852/5010/179
f 4789/4937/181 4790/4939/183 4854/5012/183 4853/5011/181
f 4790/4939/183 4791/4941/185 4855/5013/185 4854/5012/183
f 4791/4941/185 4792/4943/187 4856/5014/187 4855/5013/185
f 4792/4943/187 4793/4945/189 4857/5015/189 4856/5014/187
f 4793/4945/189 4794/4947/191 4858/5016/191 4857/5015/189
f 4794/4947/191 4795/4949/193 4859/5017/193 4858/5016/191
f 4795/4949/193 4796/4951/4446 4860/5018/4446 4859/5017/193
f 4796/4951/4446 4797/4953/197 4861/5019/197 4860/5018/4446
f 4797/4953/197 4734/4955/72 4798/5020/72 4861/5019/197
f 4798/4957/2110 4799/4956/2109 4863/5021/2109 4862/5022/2110
f 4799/4956/2109 4800/4958/2111 4864/5023/2111 4863/5021/2109
f 4800/4958/2111 4801/4959/2112 4865/5024/2112 4864/5023/2111
f 4801/4959/2112 4802/4960/2113 4866/5025/2113 4865/5024/2112
f 4802/4960/2113 4803/4961/2114 4867/5026/2114 4866/5025/2113
f 4803/4961/2114 4804/4962/2115 4868/5027/2115 4867/5026/2114
f 4804/4962/2115 4805/4963/2116 4869/5028/2116 4868/5027/2115
f 4805/4963/2116 4806/4964/2117 4870/5029/2117 4869/5028/2116
f 4806/4964/2117 4807/4965/2118 4871/5030/2118 4870/5029/2117
f 4807/4965/2118 4808/4966/2119 4872/5031/2119 4871/5030/2118
f 4808/4966/2119 4809/4967/2120 4873/5032/2120 4872/5031/2119
f 4809/4967/2120 4810/4968/2121 4874/5033/2121 4873/5032/2120
f 4810/4968/2121 4811/4969/2122 4875/5034/2122 4874/5033/2121
f 4811/4969/2122 4812/4970/2123 4876/5035/2123 4875/5034/2122
f 4812/4970/2123 4813/4971/2124 4877/5036/2124 4876/5035/2123
f 4813/4971/2124 4814/4972/2125 4878/5037/2125 4877/5036/2124
f 4814/4972/2125 4815/4973/2126 4879/5038/2126 4878/5037/2125
f 4815/4973/2126 4816/4974/2127 4880/5039/2127 4879/5038/2126
f 4816/4974/2127 4817/4975/2128 4881/5040/2128 4880/5039/2127
f 4817/4975/2128 4818/4976/2129 4882/5041/2129 4881/5040/2128
f 4818/4976/2129 4819/4977/2130 4883/5042/2130 4882/5041/2129
f 4819/4977/2130 4820/4978/2131 4884/5043/2131 4883/5042/2130
f 4820/4978/2131 4821/4979/2132 4885/5044/2132 4884/5043/2131
f 4821/4979/2132 4822/4980/2133 4886/5045/2133 4885/5044/2132
f 4822/4980/2133 4823/4981/2134 4887/5046/2134 4886/5045/2133
f 4823/4981/2134 4824/4982/2135 4888/5047/2135 4887/5046/2134
f 4824/4982/2135 4825/4983/2136 4889/5048/2136 4888/5047/2135
f 4825/4983/2136 4826/4984/2137 4890/5049/2137 4889/5048/2136
f 4826/4984/2137 4827/4985/2138 4891/5050/2138 4890/5049/2137
f 4827/4985/2138 4828/4986/2139 4892/5051/2139 4891/5050/2138
f 4828/4986/2139 4829/4987/2140 4893/5052/2140 4892/5051/2139
f 4829/4987/2140 4830/4988/2141 4894/5053/2141 4893/5052/2140
f 4830/4988/2141 4831/4989/2142 4895/5054/2142 4894/5053/2141
f 4831/4989/2142 4832/4990/2143 4896/5055/2143 4895/5054/2142
f 4832/4990/2143 4833/4991/2144 4897/5056/2144 4896/5055/2143
f 4833/4991/2144 4834/4992/2145 4898/5057/2145 4897/5056/2144
f 4834/4992/2145 4835/4993/2146 4899/5058/2146 4898/5057/2145
f 4835/4993/2146 4836/4994/2147 4900/5059/2147 4899/5058/2146
f 4836/4994/2147 4837/4995/2148 4901/5060/2148 4900/5059/2147
f 4837/4995/2148 4838/4996/2149 4902/5061/2149 4901/5060/2148
f 4838/4996/2149 4839/4997/2150 4903/5062/2150 4902/5061/2149
f 4839/4997/2150 4840/4998/2151 4904/5063/2151 4903/5062/2150
f 4840/4998/2151 4841/4999/2152 4905/5064/2152 4904/5063/2151
f 4841/4999/2152 4842/5000/2153 4906/5065/2153 4905/5064/2152
f 4842/5000/2153 4843/5001/2154 4907/5066/2154 4906/5065/2153
f 4843/5001/2154 4844/5002/2155 4908/5067/2155 4907/5066/2154
f 4844/5002/2155 4845/5003/2156 4909/5068/2156 4908/5067/2155
f 4845/5003/2156 4846/5004/2157 4910/5069/2157 4909/5068/2156
f 4846/5004/2157 4847/5005/2158 4911/5070/2158 4910/5069/2157
f 4847/5005/2158 4848/5006/2159 4912/5071/2159 4911/5070/2158
f 4848/5006/2159 4849/5007/2160 4913/5072/2160 4912/5071/2159
f 4849/5007/2160 4850/5008/2161 4914/5073/2161 4913/5072/2160
f 4850/5008/2161 4851/5009/2162 4915/5074/2162 4914/5073/2161
f 4851/5009/2162 4852/5010/2163 4916/5075/2163 4915/5074/2162
f 4852/5010/2163 4853/5011/2164 4917/5076/2164 4916/5075/2163
f 4853/5011/2164 4854/5012/2165 4918/5077/2165 4917/5076/2164
f 4854/5012/2165 4855/5013/2166 4919/5078/2166 4918/5077/2165
f 4855/5013/2166 4856/5014/2167 4920/5079/2167 4919/5078/2166
f 4856/5014/2167 4857/5015/2168 4921/5080/2168 4920/5079/2167
f 4857/5015/2168 4858/5016/2169 4922/5081/2169 4921/5080/2168
f 4858/5016/2169 4859/5017/2170 4923/5082/2170 4922/5081/2169
f 4859/5017/2170 4860/5018/2171 4924/5083/2171 4923/5082/2170
f 4860/5018/2171 4861/5019/2172 4925/5084/2172 4924/5083/2171
f 4861/5019/2172 4798/5020/2110 4862/5085/2110 4925/5084/2172
f 4862/5022/4447 4863/5021/4448 4927/5086/4448 4926/5087/4447
f 4863/5021/4448 4864/5023/4449 4928/5088/4449 4927/5086/4448
f 4864/5023/4449 4865/5024/4450 4929/5089/4450 4928/5088/4449
f 4865/5024/4450 4866/5025/4451 4930/5090/4451 4929/5089/4450
f 4866/5025/4451 4867/5026/4452 4931/5091/4452 4930/5090/4451
f 4867/5026/4452 4868/5027/4453 4932/5092/4453 4931/5091/4452
f 4868/5027/4453 4869/5028/4454 4933/5093/4454 4932/5092/4453
f 4869/5028/4454 4870/5029/4455 4934/5094/4455 4933/5093/4454
f 4870/5029/4455 4871/5030/4456 4935/5095/4456 4934/5094/4455
f 4871/5030/4456 4872/5031/4457 4936/5096/4457 4935/5095/4456
f 4872/5031/4457 4873/5032/4458 4937/5097/4458 4936/5096/4457
f 4873/5032/4458 4874/5033/4459 4938/5098/4459 4937/5097/4458
f 4874/5033/4459 4875/5034/4460 4939/5099/4460 4938/5098/4459
f 4875/5034/4460 4876/5035/4461 4940/5100/4461 4939/5099/4460
f 4876/5035/4461 4877/5036/4462 4941/5101/4462 4940/5100/4461
f 4877/5036/4462 4878/5037/4463 4942/5102/4463 4941/5101/4462
f 4878/5037/4463 4879/5038/4464 4943/5103/4464 4942/5102/4463
f 4879/5038/4464 4880/5039/4465 4944/5104/4465 4943/5103/4464
f 4880/5039/4465 4881/5040/4466 4945/5105/4466 4944/5104/4465
f 4881/5040/4466 4882/5041/4467 4946/5106/4467 4945/5105/4466
f 4882/5041/4467 4883/5042/4468 4947/5107/4468 4946/5106/4467
f 4883/5042/4468 4884/5043/4469 4948/5108/4469 4947/5107/4468
f 4884/5043/4469 4885/5044/4470 4949/5109/4470 4948/5108/4469
f 4885/5044/4470 4886/5045/4471 4950/5110/4471 4949/5109/4470
f 4886/5045/4471 4887/5046/4472 4951/5111/4472 4950/5110/4471
f 4887/5046/4472 4888/5047/4473 4952/5112/4473 4951/5111/4472
f 4888/5047/4473 4889/5048/4474 4953/5113/4474 4952/5112/4473
f 4889/5048/4474 4890/5049/4475 4954/5114/4475 4953/5113/4474
f 4890/5049/4475 4891/5050/4476 4955/5115/4476 4954/5114/4475
f 4891/5050/4476 4892/5051/4477 4956/5116/4477 4955/5115/4476
f 4892/5051/4477 4893/5052/4478 4957/5117/4478 4956/5116/4477
f 4893/5052/4478 4894/5053/4479 4958/5118/4479 4957/5117/4478
f 4894/5053/4479 4895/5054/4480 4959/5119/4480 4958/5118/4479
f 4895/5054/4480 4896/5055/4481 4960/5120/4481 4959/5119/4480
f 4896/5055/4481 4897/5056/4482 4961/5121/4482 4960/5120/4481
f 4897/5056/4482 4898/5057/4483 4962/5122/4483 4961/5121/4482
f 4898/5057/4483 4899/5058/4484 4963/5123/4484 4962/5122/4483
f 4899/5058/4484 4900/5059/4485 4964/5124/4485 4963/5123/4484
f 4900/5059/4485 4901/5060/4486 4965/5125/4486 4964/5124/4485
f 4901/5060/4486 4902/5061/4487 4966/5126/4487 4965/5125/4486
f 4902/5061/4487 4903/5062/4488 4967/5127/4488 4966/5126/4487
f 4903/5062/4488 4904/5063/4489 4968/5128/4489 4967/5127/4488
f 4904/5063/4489 4905/5064/4490 4969/5129/4490 4968/5128/4489
f 4905/5064/4490 4906/5065/4491 4970/5130/4491 4969/5129/4490
f 4906/5065/4491 4907/5066/4492 4971/5131/4492 4970/5130/4491
f 4907/5066/4492 4908/5067/4493 4972/5132/4493 4971/5131/4492
f 4908/5067/4493 4909/5068/4494 4973/5133/4494 4972/5132/4493
f 4909/5068/4494 4910/5069/4495 4974/5134/4495 4973/5133/4494
f 4910/5069/4495 4911/5070/4496 4975/5135/4496 4974/5134/4495
f 4911/5070/4496 4912/5071/4497 4976/5136/4497 4975/5135/4496
f 4912/5071/4497 4913/5072/4498 4977/5137/4498 4976/5136/4497
f 4913/5072/4498 4914/5073/4499 4978/5138/4499 4977/5137/4498
f 4914/5073/4499 4915/5074/4500 4979/5139/4500 4978/5138/4499
f 4915/5074/4500 4916/5075/4501 4980/5140/4501 4979/5139/4500
f 4916/5075/4501 4917/5076/4502 4981/5141/4502 4980/5140/4501
f 4917/5076/4502 4918/5077/4503 4982/5142/4503 4981/5141/4502
f 4918/5077/4503 4919/5078/4504 4983/5143/4504 4982/5142/4503
f 4919/5078/4504 4920/5079/4505 4984/5144/4505 4983/5143/4504
f 4920/5079/4505 4921/5080/4506 4985/5145/4506 4984/5144/4505
f 4921/5080/4506 4922/5081/4507 4986/5146/4507 4985/5145/4506
f 4922/5081/4507 4923/5082/4508 4987/5147/4508 4986/5146/4507
f 4923/5082/4508 4924/5083/4509 4988/5148/4509 4987/5147/4508
f 4924/5083/4509 4925/5084/4510 4989/5149/4510 4988/5148/4509
f 4925/5084/4510 4862/5085/4447 4926/5150/4447 4989/5149/4510
f 4926/5087/4289 4927/5086/4289 4991/5151/4289 4990/5152/4289
f 4927/5086/4289 4928/5088/4289 4992/5153/4289 4991/5151/4289
f 4928/5088/4289 4929/5089/4289 4993/5154/4289 4992/5153/4289
f 4929/5089/4289 4930/5090/4289 4994/5155/4289 4993/5154/4289
f 4930/5090/4289 4931/5091/4289 4995/5156/4289 4994/5155/4289
f 4931/5091/4289 4932/5092/4289 4996/5157/4289 4995/5156/4289
f 4932/5092/4289 4933/5093/4289 4997/5158/4289 4996/5157/4289
f 4933/5093/4289 4934/5094/4289 4998/5159/4289 4997/5158/4289
f 4934/5094/4289 4935/5095/4289 4999/5160/4289 4998/5159/4289
f 4935/5095/4289 4936/5096/4289 5000/5161/4289 4999/5160/4289
f 4936/5096/4289 4937/5097/4289 5001/5162/4289 5000/5161/4289
f 4937/5097/4289 4938/5098/4289 5002/5163/4289 5001/5162/4289
f 4938/5098/4289 4939/5099/4289 5003/5164/4289 5002/5163/4289
f 4939/5099/4289 4940/5100/4289 5004/5165/4289 5003/5164/4289
f 4940/5100/4289 4941/5101/4289 5005/5166/4289 5004/5165/4289
f 4941/5101/4289 4942/5102/4289 5006/5167/4289 5005/5166/4289
f 4942/5102/4289 4943/5103/4289 5007/5168/4289 5006/5167/4289
f 4943/5103/4289 4944/5104/4289 5008/5169/4289 5007/5168/4289
f 4944/5104/4289 4945/5105/4289 5009/5170/4289 5008/5169/4289
f 4945/5105/4289 4946/5106/4289 5010/5171/4289 5009/5170/4289
f 4946/5106/4289 4947/5107/4289 5011/5172/4289 5010/5171/4289
f 4947/5107/4289 4948/5108/4289 5012/5173/4289 5011/5172/4289
f 4948/5108/4289 4949/5109/4289 5013/5174/4289 5012/5173/4289
f 4949/5109/4289 4950/5110/4289 5014/5175/4289 5013/5174/4289
f 4950/5110/4289 4951/5111/4289 5015/5176/4289 5014/5175/4289
f 4951/5111/4289 4952/5112/4289 5016/5177/4289 5015/5176/4289
f 4952/5112/4289 4953/5113/4289 5017/5178/4289 5016/5177/4289
f 4953/5113/4289 4954/5114/4289 5018/5179/4289 5017/5178/4289
f 4954/5114/4289 4955/5115/4289 5019/5180/4289 5018/5179/4289
f 4955/5115/4289 4956/5116/4289 5020/5181/4289 5019/5180/4289
f 4956/5116/4289 4957/5117/4289 5021/5182/4289 5020/5181/4289
f 4957/5117/4289 4958/5118/4289 5022/5183/4289 5021/5182/4289
f 4958/5118/4289 4959/5119/4289 5023/5184/4289 5022/5183/4289
f 4959/5119/4289 4960/5120/4289 5024/5185/4289 5023/5184/4289
f 4960/5120/4289 4961/5121/4289 5025/5186/4289 5024/5185/4289
f 4961/5121/4289 4962/5122/4289 5026/5187/4289 5025/5186/4289
f 4962/5122/4289 4963/5123/4289 5027/5188/4289 5026/5187/4289
f 4963/5123/4289 4964/5124/4289 5028/5189/4289 5027/5188/4289
f 4964/5124/4289 4965/5125/4289 5029/5190/4289 5028/5189/4289
f 4965/5125/4289 4966/5126/4289 5030/5191/4289 5029/5190/4289
f 4966/5126/4289 4967/5127/4289 5031/5192/4289 5030/5191/4289
f 4967/5127/4289 4968/5128/4289 5032/5193/4289 5031/5192/4289
f 4968/5128/4289 4969/5129/4289 5033/5194/4289 5032/5193/4289
f 4969/5129/4289 4970/5130/4289 5034/5195/4289 5033/5194/4289
f 4970/5130/4289 4971/5131/4289 5035/5196/4289 5034/5195/4289
f 4971/5131/4289 4972/5132/4289 5036/5197/4289 5035/5196/4289
f 4972/5132/4289 4973/5133/4289 5037/5198/4289 5036/5197/4289
f 4973/5133/4289 4974/5134/4289 5038/5199/4289 5037/5198/4289
f 4974/5134/4289 4975/5135/4289 5039/5200/4289 5038/5199/4289
f 4975/5135/4289 4976/5136/4289 5040/5201/4289 5039/5200/4289
f 4976/5136/4289 4977/5137/4289 5041/5202/4289 5040/5201/4289
f 4977/5137/4289 4978/5138/4289 5042/5203/4289 5041/5202/4289
f 4978/5138/4289 4979/5139/4289 5043/5204/4289 5042/5203/4289
f 4979/5139/4289 4980/5140/4289 5044/5205/4289 5043/5204/4289
f 4980/5140/4289 4981/5141/4289 5045/5206/4289 5044/5205/4289
f 4981/5141/4289 4982/5142/4289 5046/5207/4289 5045/5206/4289
f 4982/5142/4289 4983/5143/4289 5047/5208/4289 5046/5207/4289
f 4983/5143/4289 4984/5144/4289 5048/5209/4289 5047/5208/4289
f 4984/5144/4289 4985/5145/4289 5049/5210/4289 5048/5209/4289
f 4985/5145/4289 4986/5146/4289 5050/5211/4289 5049/5210/4289
f 4986/5146/4289 4987/5147/4289 5051/5212/4289 5050/5211/4289
f 4987/5147/4289 4988/5148/4289 5052/5213/4289 5051/5212/4289
f 4988/5148/4289 4989/5149/4289 5053/5214/4289 5052/5213/4289
f 4989/5149/4289 4926/5150/4289 4990/5215/4289 5053/5214/4289
f 4990/5152/2141 4991/5151/2142 4671/5216/2142 4670/5217/2141
f 4991/5151/2142 4992/5153/2143 4672/5218/2143 4671/5216/2142
f 4992/5153/2143 4993/5154/2144 4673/5219/2144 4672/5218/2143
f 4993/5154/2144 4994/5155/2145 4674/5220/2145 4673/5219/2144
f 4994/5155/2145 4995/5156/2146 4675/5221/2146 4674/5220/2145
f 4995/5156/2146 4996/5157/2147 4676/5222/2147 4675/5221/2146
f 4996/5157/2147 4997/5158/2148 4677/5223/2148 4676/5222/2147
f 4997/5158/2148 4998/5159/2149 4678/5224/2149 4677/5223/2148
f 4998/5159/2149 4999/5160/2150 4679/5225/2150 4678/5224/2149
f 4999/5160/2150 5000/5161/2151 4680/5226/2151 4679/5225/2150
f 5000/5161/2151 5001/5162/2152 4681/5227/2152 4680/5226/2151
f 5001/5162/2152 5002/5163/2153 4682/5228/2153 4681/5227/2152
f 5002/5163/2153 5003/5164/2154 4683/5229/2154 4682/5228/2153
f 5003/5164/2154 5004/5165/2155 4684/5230/2155 4683/5229/2154
f 5004/5165/2155 5005/5166/2156 4685/5231/2156 4684/5230/2155
f 5005/5166/2156 5006/5167/2157 4686/5232/2157 4685/5231/2156
f 5006/5167/2157 5007/5168/2158 4687/5233/2158 4686/5232/2157
f 5007/5168/2158 5008/5169/2159 4688/5234/2159 4687/5233/2158
f 5008/5169/2159 5009/5170/2160 4689/5235/2160 4688/5234/2159
f 5009/5170/2160 5010/5171/2161 4690/5236/2161 4689/5235/2160
f 5010/5171/2161 5011/5172/2162 4691/5237/2162 4690/5236/2161
f 5011/5172/2162 5012/5173/2163 4692/5238/2163 4691/5237/2162
f 5012/5173/2163 5013/5174/2164 4693/5239/2164 4692/5238/2163
f 5013/5174/2164 5014/5175/2165 4694/5240/2165 4693/5239/2164
f 5014/5175/2165 5015/5176/2166 4695/5241/2166 4694/5240/2165
f 5015/5176/2166 5016/5177/2167 4696/5242/2167 4695/5241/2166
f 5016/5177/2167 5017/5178/2168 4697/5243/2168 4696/5242/2167
f 5017/5178/2168 5018/5179/2169 4698/5244/2169 4697/5243/2168
f 5018/5179/2169 5019/5180/2170 4699/5245/2170 4698/5244/2169
f 5019/5180/2170 5020/5181/2171 4700/5246/2171 4699/5245/2170
f 5020/5181/2171 5021/5182/2172 4701/5247/2172 4700/5246/2171
f 5021/5182/2172 5022/5183/2110 4702/5248/2110 4701/5247/2172
f 5022/5183/2110 5023/5184/2109 4703/5249/2109 4702/5248/2110
f 5023/5184/2109 5024/5185/2111 4704/5250/2111 4703/5249/2109
f 5024/5185/2111 5025/5186/2112 4705/5251/2112 4704/5250/2111
f 5025/5186/2112 5026/5187/2113 4706/5252/2113 4705/5251/2112
f 5026/5187/2113 5027/5188/2114 4707/5253/2114 4706/5252/2113
f 5027/5188/2114 5028/5189/2115 4708/5254/2115 4707/5253/2114
f 5028/5189/2115 5029/5190/2116 4709/5255/2116 4708/5254/2115
f 5029/5190/2116 5030/5191/2117 4710/5256/2117 4709/5255/2116
f 5030/5191/2117 5031/5192/2118 4711/5257/2118 4710/5256/2117
f 5031/5192/2118 5032/5193/2119 4712/5258/2119 4711/5257/2118
f 5032/5193/2119 5033/5194/2120 4713/5259/2120 4712/5258/2119
f 5033/5194/2120 5034/5195/2121 4714/5260/2121 4713/5259/2120
f 5034/5195/2121 5035/5196/2122 4715/5261/2122 4714/5260/2121
f 5035/5196/2122 5036/5197/2123 4716/5262/2123 4715/5261/2122
f 5036/5197/2123 5037/5198/2124 4717/5263/2124 4716/5262/2123
f 5037/5198/2124 5038/5199/2125 4718/5264/2125 4717/5263/2124
f 5038/5199/2125 5039/5200/2126 4719/5265/2126 4718/5264/2125
f 5039/5200/2126 5040/5201/2127 4720/5266/2127 4719/5265/2126
f 5040/5201/2127 5041/5202/2128 4721/5267/2128 4720/5266/2127
f 5041/5202/2128 5042/5203/2129 4722/5268/2129 4721/5267/2128
f 5042/5203/2129 5043/5204/2130 4723/5269/2130 4722/5268/2129
f 5043/5204/2130 5044/5205/2131 4724/5270/2131 4723/5269/2130
f 5044/5205/2131 5045/5206/2132 4725/5271/2132 4724/5270/2131
f 5045/5206/2132 5046/5207/2133 4726/5272/2133 4725/5271/2132
f 5046/5207/2133 5047/5208/2134 4727/5273/2134 4726/5272/2133
f 5047/5208/2134 5048/5209/2135 4728/5274/2135 4727/5273/2134
f 5048/5209/2135 5049/5210/2136 4729/5275/2136 4728/5274/2135
f 5049/5210/2136 5050/5211/2137 4730/5276/2137 4729/5275/2136
f 5050/5211/2137 5051/5212/2138 4731/5277/2138 4730/5276/2137
f 5051/5212/2138 5052/5213/2139 4732/5278/2139 4731/5277/2138
f 5052/5213/2139 5053/5214/2140 4733/5279/2140 4732/5278/2139
f 5053/5214/2140 4990/5215/2141 4670/5280/2141 4733/5279/2140
f 5054/5281/5 5056/5282/4511 5055/5283/4512
f 5054/4834/5 5057/5284/4513 5056/5282/4511
f 5054/5285/5 5058/5286/4514 5057/5284/4513
f 5054/5287/5 5059/5288/4515 5058/5286/4514
f 5054/4850/5 5060/5289/4516 5059/5288/4515
f 5054/5290/5 5061/5291/4517 5060/5289/4516
f 5054/5292/5 5062/5293/4518 5061/5291/4517
f 5054/4866/5 5063/5294/4519 5062/5293/4518
f 5054/5295/5 5064/5296/4520 5063/5294/4519
f 5054/5297/5 5065/5298/4521 5064/5296/4520
f 5054/4882/5 5066/5299/4522 5065/5298/4521
f 5054/5300/5 5067/5301/4523 5066/5299/4522
f 5054/5302/5 5068/5303/4524 5067/5301/4523
f 5054/4898/5 5069/5304/4525 5068/5303/4524
f 5054/5305/5 5070/5306/4526 5069/5304/4525
f 5054/5307/5 5071/5308/4527 5070/5306/4526
f 5054/4914/5 5072/5309/4528 5071/5308/4527
f 5054/5310/5 5073/5311/4529 5072/5309/4528
f 5054/5312/5 5074/5313/4530 5073/5311/4529
f 5054/4930/5 5075/5314/4531 5074/5313/4530
f 5054/5315/5 5076/5316/4532 5075/5314/4531
f 5054/5317/5 5077/5318/4533 5076/5316/4532
f 5054/4946/5 5078/5319/4534 5077/5318/4533
f 5054/5320/5 5055/5321/4512 5078/5319/4534
f 5055/5283/4512 5056/5282/4511 5080/5322/4535 5079/5323/4536
f 5056/5282/4511 5057/5284/4513 5081/5324/4537 5080/5322/4535
f 5057/5284/4513 5058/5286/4514 5082/5325/4538 5081/5324/4537
f 5058/5286/4514 5059/5288/4515 5083/5326/4539 5082/5325/4538
f 5059/5288/4515 5060/5289/4516 5084/5327/4540 5083/5326/4539
f 5060/5289/4516 5061/5291/4517 5085/5328/4541 5084/5327/4540
f 5061/5291/4517 5062/5293/4518 5086/5329/4542 5085/5328/4541
f 5062/5293/4518 5063/5294/4519 5087/5330/4543 5086/5329/4542
f 5063/5294/4519 5064/5296/4520 5088/5331/4544 5087/5330/4543
f 5064/5296/4520 5065/5298/4521 5089/5332/4545 5088/5331/4544
f 5065/5298/4521 5066/5299/4522 5090/5333/4546 5089/5332/4545
f 5066/5299/4522 5067/5301/4523 5091/5334/4547 5090/5333/4546
f 5067/5301/4523 5068/5303/4524 5092/5335/4548 5091/5334/4547
f 5068/5303/4524 5069/5304/4525 5093/5336/4549 5092/5335/4548
f 5069/5304/4525 5070/5306/4526 5094/5337/4550 5093/5336/4549
f 5070/5306/4526 5071/5308/4527 5095/5338/4551 5094/5337/4550
f 5071/5308/4527 5072/5309/4528 5096/5339/4552 5095/5338/4551
f 5072/5309/4528 5073/5311/4529 5097/5340/4553 5096/5339/4552
f 5073/5311/4529 5074/5313/4530 5098/5341/4554 5097/5340/4553
f 5074/5313/4530 5075/5314/4531 5099/5342/4555 5098/5341/4554
f 5075/5314/4531 5076/5316/4532 5100/5343/4556 5099/5342/4555
f 5076/5316/4532 5077/5318/4533 5101/5344/4557 5100/5343/4556
f 5077/5318/4533 5078/5319/4534 5102/5345/4558 5101/5344/4557
f 5078/5319/4534 5055/5321/4512 5079/5346/4536 5102/5345/4558
f 5079/5323/4536 5080/5322/4535 5104/5347/4559 5103/5348/4560
f 5080/5322/4535 5081/5324/4537 5105/5349/4561 5104/5347/4559
f 5081/5324/4537 5082/5325/4538 5106/5350/4562 5105/5349/4561
f 5082/5325/4538 5083/5326/4539 5107/5351/4563 5106/5350/4562
f 5083/5326/4539 5084/5327/4540 5108/5352/4564 5107/5351/4563
f 5084/5327/4540 5085/5328/4541 5109/5353/4565 5108/5352/4564
f 5085/5328/4541 5086/5329/4542 5110/5354/4566 5109/5353/4565
f 5086/5329/4542 5087/5330/4543 5111/5355/4567 5110/5354/4566
f 5087/5330/4543 5088/5331/4544 5112/5356/4568 5111/5355/4567
f 5088/5331/4544 5089/5332/4545 5113/5357/4569 5112/5356/4568
f 5089/5332/4545 5090/5333/4546 5114/5358/4570 5113/5357/4569
f 5090/5333/4546 5091/5334/4547 5115/5359/4571 5114/5358/4570
f 5091/5334/4547 5092/5335/4548 5116/5360/4572 5115/5359/4571
f 5092/5335/4548 5093/5336/4549 5117/5361/4573 5116/5360/4572
f 5093/5336/4549 5094/5337/4550 5118/5362/4574 5117/5361/4573
f 5094/5337/4550 5095/5338/4551 5119/5363/4575 5118/5362/4574
f 5095/5338/4551 5096/5339/4552 5120/5364/4576 5119/5363/4575
f 5096/5339/4552 5097/5340/4553 5121/5365/4577 5120/5364/4576
f 5097/5340/4553 5098/5341/4554 5122/5366/4578 5121/5365/4577
f 5098/5341/4554 5099/5342/4555 5123/5367/4579 5122/5366/4578
f 5099/5342/4555 5100/5343/4556 5124/5368/4580 5123/5367/4579
f 5100/5343/4556 5101/5344/4557 5125/5369/4581 5124/5368/4580
f 5101/5344/4557 5102/5345/4558 5126/5370/4582 5125/5369/4581
f 5102/5345/4558 5079/5346/4536 5103/5371/4560 5126/5370/4582
f 5103/5348/4560 5104/5347/4559 5128/5372/4583 5127/5373/4584
f 5104/5347/4559 5105/5349/4561 5129/5374/4585 5128/5372/4583
f 5105/5349/4561 5106/5350/4562 5130/5375/4586 5129/5374/4585
f 5106/5350/4562 5107/5351/4563 5131/5376/4587 5130/5375/4586
f 5107/5351/4563 5108/5352/4564 5132/5377/4588 5131/5376/4587
f 5108/5352/4564 5109/5353/4565 5133/5378/4589 5132/5377/4588
f 5109/5353/4565 5110/5354/4566 5134/5379/4590 5133/5378/4589
f 5110/5354/4566 5111/5355/4567 5135/5380/4591 5134/5379/4590
f 5111/5355/4567 5112/5356/4568 5136/5381/4592 5135/5380/4591
f 5112/5356/4568 5113/5357/4569 5137/5382/4593 5136/5381/4592
f 5113/5357/4569 5114/5358/4570 5138/5383/4594 5137/5382/4593
f 5114/5358/4570 5115/5359/4571 5139/5384/4595 5138/5383/4594
f 5115/5359/4571 5116/5360/4572 5140/5385/4596 5139/5384/4595
f 5116/5360/4572 5117/5361/4573 5141/5386/4597 5140/5385/4596
f 5117/5361/4573 5118/5362/4574 5142/5387/4598 5141/5386/4597
f 5118/5362/4574 5119/5363/4575 5143/5388/4599 5142/5387/4598
f 5119/5363/4575 5120/5364/4576 5144/5389/4600 5143/5388/4599
f 5120/5364/4576 5121/5365/4577 5145/5390/4601 5144/5389/4600
f 5121/5365/4577 5122/5366/4578 5146/5391/4602 5145/5390/4601
f 5122/5366/4578 5123/5367/4579 5147/5392/4603 5146/5391/4602
f 5123/5367/4579 5124/5368/4580 5148/5393/4604 5147/5392/4603
f 5124/5368/4580 5125/5369/4581 5149/5394/4605 5148/5393/4604
f 5125/5369/4581 5126/5370/4582 5150/5395/4606 5149/5394/4605
f 5126/5370/4582 5103/5371/4560 5127/5396/4584 5150/5395/4606
f 5127/5373/4584 5128/5372/4583 5152/5397/4607 5151/5398/4608
f 5128/5372/4583 5129/5374/4585 5153/5399/4609 5152/5397/4607
f 5129/5374/4585 5130/5375/4586 5154/5400/4610 5153/5399/4609
f 5130/5375/4586 5131/5376/4587 5155/5401/4611 5154/5400/4610
f 5131/5376/4587 5132/5377/4588 5156/5402/4612 5155/5401/4611
f 5132/5377/4588 5133/5378/4589 5157/5403/4613 5156/5402/4612
f 5133/5378/4589 5134/5379/4590 5158/5404/4614 5157/5403/4613
f 5134/5379/4590 5135/5380/4591 5159/5405/4615 5158/5404/4614
f 5135/5380/4591 5136/5381/4592 5160/5406/4616 5159/5405/4615
f 5136/5381/4592 5137/5382/4593 5161/5407/4617 5160/5406/4616
f 5137/5382/4593 5138/5383/4594 5162/5408/4618 5161/5407/4617
f 5138/5383/4594 5139/5384/4595 5163/5409/4619 5162/5408/4618
f 5139/5384/4595 5140/5385/4596 5164/5410/4620 5163/5409/4619
f 5140/5385/4596 5141/5386/4597 5165/5411/4621 5164/5410/4620
f 5141/5386/4597 5142/5387/4598 5166/5412/4622 5165/5411/4621
f 5142/5387/4598 5143/5388/4599 5167/5413/4623 5166/5412/4622
f 5143/5388/4599 5144/5389/4600 5168/5414/4624 5167/5413/4623
f 5144/5389/4600 5145/5390/4601 5169/5415/4625 5168/5414/4624
f 5145/5390/4601 5146/5391/4602 5170/5416/4626 5169/5415/4625
f 5146/5391/4602 5147/5392/4603 5171/5417/4627 5170/5416/4626
f 5147/5392/4603 5148/5393/4604 5172/5418/4628 5171/5417/4627
f 5148/5393/4604 5149/5394/4605 5173/5419/4629 5172/5418/4628
f 5149/5394/4605 5150/5395/4606 5174/5420/4630 5173/5419/4629
f 5150/5395/4606 5127/5396/4584 5151/5421/4608 5174/5420/4630
f 5151/5398/4608 5152/5397/4607 5176/5422/4631 5175/5423/2110
f 5152/5397/4607 5153/5399/4609 5177/5424/4632 5176/5422/4631
f 5153/5399/4609 5154/5400/4610 5178/5425/2117 5177/5424/4632
f 5154/5400/4610 5155/5401/4611 5179/5426/4633 5178/5425/2117
f 5155/5401/4611 5156/5402/4612 5180/5427/4634 5179/5426/4633
f 5156/5402/4612 5157/5403/4613 5181/5428/2125 5180/5427/4634
f 5157/5403/4613 5158/5404/4614 5182/5429/4635 5181/5428/2125
f 5158/5404/4614 5159/5405/4615 5183/5430/4636 5182/5429/4635
f 5159/5405/4615 5160/5406/4616 5184/5431/2133 5183/5430/4636
f 5160/5406/4616 5161/5407/4617 5185/5432/4637 5184/5431/2133
f 5161/5407/4617 5162/5408/4618 5186/5433/4638 5185/5432/4637
f 5162/5408/4618 5163/5409/4619 5187/5434/2141 5186/5433/4638
f 5163/5409/4619 5164/5410/4620 5188/5435/4639 5187/5434/2141
f 5164/5410/4620 5165/5411/4621 5189/5436/4640 5188/5435/4639
f 5165/5411/4621 5166/5412/4622 5190/5437/2149 5189/5436/4640
f 5166/5412/4622 5167/5413/4623 5191/5438/4641 5190/5437/2149
f 5167/5413/4623 5168/5414/4624 5192/5439/4642 5191/5438/4641
f 5168/5414/4624 5169/5415/4625 5193/5440/2157 5192/5439/4642
f 5169/5415/4625 5170/5416/4626 5194/5441/4643 5193/5440/2157
f 5170/5416/4626 5171/5417/4627 5195/5442/4644 5194/5441/4643
f 5171/5417/4627 5172/5418/4628 5196/5443/2165 5195/5442/4644
f 5172/5418/4628 5173/5419/4629 5197/5444/4645 5196/5443/2165
f 5173/5419/4629 5174/5420/4630 5198/5445/4646 5197/5444/4645
f 5174/5420/4630 5151/5421/4608 5175/5446/2110 5198/5445/4646
f 5175/5423/2110 5176/5422/4631 5200/5447/4647 5199/5448/4648
f 5176/5422/4631 5177/5424/4632 5201/5449/4649 5200/5447/4647
f 5177/5424/4632 5178/5425/2117 5202/5450/4650 5201/5449/4649
f 5178/5425/2117 5179/5426/4633 5203/5451/4651 5202/5450/4650
f 5179/5426/4633 5180/5427/4634 5204/5452/4652 5203/5451/4651
f 5180/5427/4634 5181/5428/2125 5205/5453/4653 5204/5452/4652
f 5181/5428/2125 5182/5429/4635 5206/5454/4654 5205/5453/4653
f 5182/5429/4635 5183/5430/4636 5207/5455/4655 5206/5454/4654
f 5183/5430/4636 5184/5431/2133 5208/5456/4656 5207/5455/4655
f 5184/5431/2133 5185/5432/4637 5209/5457/4657 5208/5456/4656
f 5185/5432/4637 5186/5433/4638 5210/5458/4658 5209/5457/4657
f 5186/5433/4638 5187/5434/2141 5211/5459/4659 5210/5458/4658
f 5187/5434/2141 5188/5435/4639 5212/5460/4660 5211/5459/4659
f 5188/5435/4639 5189/5436/4640 5213/5461/4661 5212/5460/4660
f 5189/5436/4640 5190/5437/2149 5214/5462/4662 5213/5461/4661
f 5190/5437/2149 5191/5438/4641 5215/5463/4663 5214/5462/4662
f 5191/5438/4641 5192/5439/4642 5216/5464/4664 5215/5463/4663
f 5192/5439/4642 5193/5440/2157 5217/5465/4665 5216/5464/4664
f 5193/5440/2157 5194/5441/4643 5218/5466/4666 5217/5465/4665
f 5194/5441/4643 5195/5442/4644 5219/5467/4667 5218/5466/4666
f 5195/5442/4644 5196/5443/2165 5220/5468/4668 5219/5467/4667
f 5196/5443/2165 5197/5444/4645 5221/5469/4669 5220/5468/4668
f 5197/5444/4645 5198/5445/4646 5222/5470/4670 5221/5469/4669
f 5198/5445/4646 5175/5446/2110 5199/5471/4648 5222/5470/4670
f 5199/5448/4648 5200/5447/4647 5224/5472/4671 5223/5473/4672
f 5200/5447/4647 5201/5449/4649 5225/5474/4673 5224/5472/4671
f 5201/5449/4649 5202/5450/4650 5226/5475/4674 5225/5474/4673
f 5202/5450/4650 5203/5451/4651 5227/5476/4675 5226/5475/4674
f 5203/5451/4651 5204/5452/4652 5228/5477/4676 5227/5476/4675
f 5204/5452/4652 5205/5453/4653 5229/5478/4677 5228/5477/4676
f 5205/5453/4653 5206/5454/4654 5230/5479/4678 5229/5478/4677
f 5206/5454/4654 5207/5455/4655 5231/5480/4679 5230/5479/4678
f 5207/5455/4655 5208/5456/4656 5232/5481/4680 5231/5480/4679
f 5208/5456/4656 5209/5457/4657 5233/5482/4681 5232/5481/4680
f 5209/5457/4657 5210/5458/4658 5234/5483/4682 5233/5482/4681
f 5210/5458/4658 5211/5459/4659 5235/5484/4683 5234/5483/4682
f 5211/5459/4659 5212/5460/4660 5236/5485/4684 5235/5484/4683
f 5212/5460/4660 5213/5461/4661 5237/5486/4685 5236/5485/4684
f 5213/5461/4661 5214/5462/4662 5238/5487/4686 5237/5486/4685
f 5214/5462/4662 5215/5463/4663 5239/5488/4687 5238/5487/4686
f 5215/5463/4663 5216/5464/4664 5240/5489/4688 5239/5488/4687
f 5216/5464/4664 5217/5465/4665 5241/5490/4689 5240/5489/4688
f 5217/5465/4665 5218/5466/4666 5242/5491/4690 5241/5490/4689
f 5218/5466/4666 5219/5467/4667 5243/5492/4691 5242/5491/4690
f 5219/5467/4667 5220/5468/4668 5244/5493/4692 5243/5492/4691
f 5220/5468/4668 5221/5469/4669 5245/5494/4693 5244/5493/4692
f 5221/5469/4669 5222/5470/4670 5246/5495/4694 5245/5494/4693
f 5222/5470/4670 5199/5471/4648 5223/5496/4672 5246/5495/4694
f 5223/5473/4672 5224/5472/4671 5248/5497/4695 5247/5498/4696
f 5224/5472/4671 5225/5474/4673 5249/5499/4697 5248/5497/4695
f 5225/5474/4673 5226/5475/4674 5250/5500/4698 5249/5499/4697
f 5226/5475/4674 5227/5476/4675 5251/5501/4699 5250/5500/4698
f 5227/5476/4675 5228/5477/4676 5252/5502/4700 5251/5501/4699
f 5228/5477/4676 5229/5478/4677 5253/5503/4701 5252/5502/4700
f 5229/5478/4677 5230/5479/4678 5254/5504/4702 5253/5503/4701
f 5230/5479/4678 5231/5480/4679 5255/5505/4703 5254/5504/4702
f 5231/5480/4679 5232/5481/4680 5256/5506/4704 5255/5505/4703
f 5232/5481/4680 5233/5482/4681 5257/5507/4705 5256/5506/4704
f 5233/5482/4681 5234/5483/4682 5258/5508/4706 5257/5507/4705
f 5234/5483/4682 5235/5484/4683 5259/5509/4707 5258/5508/4706
f 5235/5484/4683 5236/5485/4684 5260/5510/4708 5259/5509/4707
f 5236/5485/4684 5237/5486/4685 5261/5511/4709 5260/5510/4708
f 5237/5486/4685 5238/5487/4686 5262/5512/4710 5261/5511/4709
f 5238/5487/4686 5239/5488/4687 5263/5513/4711 5262/5512/4710
f 5239/5488/4687 5240/5489/4688 5264/5514/4712 5263/5513/4711
f 5240/5489/4688 5241/5490/4689 5265/5515/4713 5264/5514/4712
f 5241/5490/4689 5242/5491/4690 5266/5516/4714 5265/5515/4713
f 5242/5491/4690 5243/5492/4691 5267/5517/4715 5266/5516/4714
f 5243/5492/4691 5244/5493/4692 5268/5518/4716 5267/5517/4715
f 5244/5493/4692 5245/5494/4693 5269/5519/4717 5268/5518/4716
f 5245/5494/4693 5246/5495/4694 5270/5520/4718 5269/5519/4717
f 5246/5495/4694 5223/5496/4672 5247/5521/4696 5270/5520/4718
f 5247/5498/4696 5248/5497/4695 5272/5522/4719 5271/5523/4720
f 5248/5497/4695 5249/5499/4697 5273/5524/4721 5272/5522/4719
f 5249/5499/4697 5250/5500/4698 5274/5525/4722 5273/5524/4721
f 5250/5500/4698 5251/5501/4699 5275/5526/4723 5274/5525/4722
f 5251/5501/4699 5252/5502/4700 5276/5527/4724 5275/5526/4723
f 5252/5502/4700 5253/5503/4701 5277/5528/4725 5276/5527/4724
f 5253/5503/4701 5254/5504/4702 5278/5529/4726 5277/5528/4725
f 5254/5504/4702 5255/5505/4703 5279/5530/4727 5278/5529/4726
f 5255/5505/4703 5256/5506/4704 5280/5531/4728 5279/5530/4727
f 5256/5506/4704 5257/5507/4705 5281/5532/4729 5280/5531/4728
f 5257/5507/4705 5258/5508/4706 5282/5533/4730 5281/5532/4729
f 5258/5508/4706 5259/5509/4707 5283/5534/4731 5282/5533/4730
f 5259/5509/4707 5260/5510/4708 5284/5535/4732 5283/5534/4731
f 5260/5510/4708 5261/5511/4709 5285/5536/4733 5284/5535/4732
f 5261/5511/4709 5262/5512/4710 5286/5537/4734 5285/5536/4733
f 5262/5512/4710 5263/5513/4711 5287/5538/4735 5286/5537/4734
f 5263/5513/4711 5264/5514/4712 5288/5539/4736 5287/5538/4735
f 5264/5514/4712 5265/5515/4713 5289/5540/4737 5288/5539/4736
f 5265/5515/4713 5266/5516/4714 5290/5541/4738 5289/5540/4737
f 5266/5516/4714 5267/5517/4715 5291/5542/4739 5290/5541/4738
f 5267/5517/4715 5268/5518/4716 5292/5543/4740 5291/5542/4739
f 5268/5518/4716 5269/5519/4717 5293/5544/4741 5292/5543/4740
f 5269/5519/4717 5270/5520/4718 5294/5545/4742 5293/5544/4741
f 5270/5520/4718 5247/5521/4696 5271/5546/4720 5294/5545/4742
f 5271/5523/4720 5272/5522/4719 5296/5547/4743 5295/5548/4744
f 5272/5522/4719 5273/5524/4721 5297/5549/4745 5296/5547/4743
f 5273/5524/4721 5274/5525/4722 5298/5550/4746 5297/5549/4745
f 5274/5525/4722 5275/5526/4723 5299/5551/4747 5298/5550/4746
f 5275/5526/4723 5276/5527/4724 5300/5552/4748 5299/5551/4747
f 5276/5527/4724 5277/5528/4725 5301/5553/4749 5300/5552/4748
f 5277/5528/4725 5278/5529/4726 5302/5554/4750 5301/5553/4749
f 5278/5529/4726 5279/5530/4727 5303/5555/4751 5302/5554/4750
f 5279/5530/4727 5280/5531/4728 5304/5556/4752 5303/5555/4751
f 5280/5531/4728 5281/5532/4729 5305/5557/4753 5304/5556/4752
f 5281/5532/4729 5282/5533/4730 5306/5558/4754 5305/5557/4753
f 5282/5533/4730 5283/5534/4731 5307/5559/4755 5306/5558/4754
f 5283/5534/4731 5284/5535/4732 5308/5560/4756 5307/5559/4755
f 5284/5535/4732 5285/5536/4733 5309/5561/4757 5308/5560/4756
f 5285/5536/4733 5286/5537/4734 5310/5562/4758 5309/5561/4757
f 5286/5537/4734 5287/5538/4735 5311/5563/4759 5310/5562/4758
f 5287/5538/4735 5288/5539/4736 5312/5564/4760 5311/5563/4759
f 5288/5539/4736 5289/5540/4737 5313/5565/4761 5312/5564/4760
f 5289/5540/4737 5290/5541/4738 5314/5566/4762 5313/5565/4761
f 5290/5541/4738 5291/5542/4739 5315/5567/4763 5314/5566/4762
f 5291/5542/4739 5292/5543/4740 5316/5568/4764 5315/5567/4763
f 5292/5543/4740 5293/5544/4741 5317/5569/4765 5316/5568/4764
f 5293/5544/4741 5294/5545/4742 5318/5570/4766 5317/5569/4765
f 5294/5545/4742 5271/5546/4720 5295/5571/4744 5318/5570/4766
f 5295/5548/4744 5296/5547/4743 5319/5572/4289
f 5296/5547/4743 5297/5549/4745 5319/5573/4289
f 5297/5549/4745 5298/5550/4746 5319/5574/4289
f 5298/5550/4746 5299/5551/4747 5319/5575/4289
f 5299/5551/4747 5300/5552/4748 5319/5576/4289
f 5300/5552/4748 5301/5553/4749 5319/5577/4289
f 5301/5553/4749 5302/5554/4750 5319/5578/4289
f 5302/5554/4750 5303/5555/4751 5319/5579/4289
f 5303/5555/4751 5304/5556/4752 5319/5580/4289
f 5304/5556/4752 5305/5557/4753 5319/5581/4289
f 5305/5557/4753 5306/5558/4754 5319/5582/4289
f 5306/5558/4754 5307/5559/4755 5319/5583/4289
f 5307/5559/4755 5308/5560/4756 5319/5584/4289
f 5308/5560/4756 5309/5561/4757 5319/5585/4289
f 5309/5561/4757 5310/5562/4758 5319/5586/4289
f 5310/5562/4758 5311/5563/4759 5319/5587/4289
f 5311/5563/4759 5312/5564/4760 5319/5588/4289
f 5312/5564/4760 5313/5565/4761 5319/5589/4289
f 5313/5565/4761 5314/5566/4762 5319/5590/4289
f 5314/5566/4762 5315/5567/4763 5319/5591/4289
f 5315/5567/4763 5316/5568/4764 5319/5592/4289
f 5316/5568/4764 5317/5569/4765 5319/5593/4289
f 5317/5569/4765 5318/5570/4766 5319/5594/4289
f 5318/5570/4766 5295/5571/4744 5319/5595/4289
f 4286/4495/4409 4287/4827/4410 4351/5596/4410 4350/5597/4409
f 4287/4827/4410 4288/4830/4411 4352/5598/4411 4351/5596/4410
f 4288/4830/4411 4289/4832/4412 4353/5599/4412 4352/5598/4411
f 4289/4832/4412 4290/4834/4413 4354/5600/4413 4353/5599/4412
f 4290/4834/4413 4291/4836/4414 4355/5601/4414 4354/5600/4413
f 4291/4836/4414 4292/4838/4415 4356/5602/4415 4355/5601/4414
f 4292/4838/4415 4293/4840/4416 4357/5603/4416 4356/5602/4415
f 4293/4840/4416 4294/4842/4417 4358/5604/4417 4357/5603/4416
f 4294/4842/4417 4295/4844/4418 4359/5605/4418 4358/5604/4417
f 4295/4844/4418 4296/4846/4419 4360/5606/4419 4359/5605/4418
f 4296/4846/4419 4297/4848/4420 4361/5607/4420 4360/5606/4419
f 4297/4848/4420 4298/4850/4421 4362/5608/4421 4361/5607/4420
f 4298/4850/4421 4299/4852/4422 4363/5609/4422 4362/5608/4421
f 4299/4852/4422 4300/4854/4423 4364/5610/4423 4363/5609/4422
f 4300/4854/4423 4301/4856/4424 4365/5611/4424 4364/5610/4423
f 4301/4856/4424 4302/4858/4425 4366/5612/4425 4365/5611/4424
f 4302/4858/4425 4303/4860/4426 4367/5613/4426 4366/5612/4425
f 4303/4860/4426 4304/4862/4427 4368/5614/4427 4367/5613/4426
f 4304/4862/4427 4305/4864/4428 4369/5615/4428 4368/5614/4427
f 4305/4864/4428 4306/4866/4429 4370/5616/4429 4369/5615/4428
f 4306/4866/4429 4307/4868/4430 4371/5617/4430 4370/5616/4429
f 4307/4868/4430 4308/4870/4431 4372/5618/4431 4371/5617/4430
f 4308/4870/4431 4309/4872/4432 4373/5619/4432 4372/5618/4431
f 4309/4872/4432 4310/4874/4433 4374/5620/4433 4373/5619/4432
f 4310/4874/4433 4311/4876/4434 4375/5621/4434 4374/5620/4433
f 4311/4876/4434 4312/4878/4435 4376/5622/4435 4375/5621/4434
f 4312/4878/4435 4313/4880/4436 4377/5623/4436 4376/5622/4435
f 4313/4880/4436 4314/4882/4437 4378/5624/4437 4377/5623/4436
f 4314/4882/4437 4315/4884/4438 4379/5625/4438 4378/5624/4437
f 4315/4884/4438 4316/4886/4439 4380/5626/4439 4379/5625/4438
f 4316/4886/4439 4317/4888/4440 4381/5627/4440 4380/5626/4439
f 4317/4888/4440 4318/4890/4377 4382/5628/4377 4381/5627/4440
f 4318/4890/4377 4319/4892/4378 4383/5629/4378 4382/5628/4377
f 4319/4892/4378 4320/4894/4379 4384/5630/4379 4383/5629/4378
f 4320/4894/4379 4321/4896/4380 4385/5631/4380 4384/5630/4379
f 4321/4896/4380 4322/4898/4381 4386/5632/4381 4385/5631/4380
f 4322/4898/4381 4323/4900/4382 4387/5633/4382 4386/5632/4381
f 4323/4900/4382 4324/4902/4383 4388/5634/4383 4387/5633/4382
f 4324/4902/4383 4325/4904/4384 4389/5635/4384 4388/5634/4383
f 4325/4904/4384 4326/4906/4385 4390/5636/4385 4389/5635/4384
f 4326/4906/4385 4327/4908/4386 4391/5637/4386 4390/5636/4385
f 4327/4908/4386 4328/4910/4387 4392/5638/4387 4391/5637/4386
f 4328/4910/4387 4329/4912/4388 4393/5639/4388 4392/5638/4387
f 4329/4912/4388 4330/4914/4389 4394/5640/4389 4393/5639/4388
f 4330/4914/4389 4331/4916/4390 4395/5641/4390 4394/5640/4389
f 4331/4916/4390 4332/4918/4391 4396/5642/4391 4395/5641/4390
f 4332/4918/4391 4333/4920/4392 4397/5643/4392 4396/5642/4391
f 4333/4920/4392 4334/4922/4393 4398/5644/4393 4397/5643/4392
f 4334/4922/4393 4335/4924/4394 4399/5645/4394 4398/5644/4393
f 4335/4924/4394 4336/4926/4395 4400/5646/4395 4399/5645/4394
f 4336/4926/4395 4337/4928/4396 4401/5647/4396 4400/5646/4395
f 4337/4928/4396 4338/4930/4397 4402/5648/4397 4401/5647/4396
f 4338/4930/4397 4339/4932/4398 4403/5649/4398 4402/5648/4397
f 4339/4932/4398 4340/4934/4399 4404/5650/4399 4403/5649/4398
f 4340/4934/4399 4341/4936/4400 4405/5651/4400 4404/5650/4399
f 4341/4936/4400 4342/4938/4401 4406/5652/4401 4405/5651/4400
f 4342/4938/4401 4343/4940/4402 4407/5653/4402 4406/5652/4401
f 4343/4940/4402 4344/4942/4403 4408/5654/4403 4407/5653/4402
f 4344/4942/4403 4345/4944/4404 4409/5655/4404 4408/5654/4403
f 4345/4944/4404 4346/4946/4405 4410/5656/4405 4409/5655/4404
f 4346/4946/4405 4347/4948/4406 4411/5657/4406 4410/5656/4405
f 4347/4948/4406 4348/4950/4407 4412/4500/4407 4411/5657/4406
f 4348/4950/4407 4349/4952/4408 4413/4501/4408 4412/4500/4407
f 4349/4952/4408 4286/4954/4409 4350/5658/4409 4413/4501/4408
f 4350/5597/2110 4351/5596/2109 4415/4505/2109 4414/4504/2110
f 4351/5596/2109 4352/5598/2111 4416/4508/2111 4415/4505/2109
f 4352/5598/2111 4353/5599/2112 4417/4510/2112 4416/4508/2111
f 4353/5599/2112 4354/5600/2113 4418/4512/2113 4417/4510/2112
f 4354/5600/2113 4355/5601/2114 4419/4514/2114 4418/4512/2113
f 4355/5601/2114 4356/5602/2115 4420/4516/2115 4419/4514/2114
f 4356/5602/2115 4357/5603/2116 4421/4518/2116 4420/4516/2115
f 4357/5603/2116 4358/5604/2117 4422/4520/2117 4421/4518/2116
f 4358/5604/2117 4359/5605/2118 4423/4522/2118 4422/4520/2117
f 4359/5605/2118 4360/5606/2119 4424/4524/2119 4423/4522/2118
f 4360/5606/2119 4361/5607/2120 4425/4526/2120 4424/4524/2119
f 4361/5607/2120 4362/5608/2121 4426/4528/2121 4425/4526/2120
f 4362/5608/2121 4363/5609/2122 4427/4530/2122 4426/4528/2121
f 4363/5609/2122 4364/5610/2123 4428/4532/2123 4427/4530/2122
f 4364/5610/2123 4365/5611/2124 4429/4534/2124 4428/4532/2123
f 4365/5611/2124 4366/5612/2125 4430/4536/2125 4429/4534/2124
f 4366/5612/2125 4367/5613/2126 4431/4538/2126 4430/4536/2125
f 4367/5613/2126 4368/5614/2127 4432/4540/2127 4431/4538/2126
f 4368/5614/2127 4369/5615/2128 4433/4542/2128 4432/4540/2127
f 4369/5615/2128 4370/5616/2129 4434/4544/2129 4433/4542/2128
f 4370/5616/2129 4371/5617/2130 4435/4546/2130 4434/4544/2129
f 4371/5617/2130 4372/5618/2131 4436/4548/2131 4435/4546/2130
f 4372/5618/2131 4373/5619/2132 4437/4550/2132 4436/4548/2131
f 4373/5619/2132 4374/5620/2133 4438/4552/2133 4437/4550/2132
f 4374/5620/2133 4375/5621/2134 4439/4554/2134 4438/4552/2133
f 4375/5621/2134 4376/5622/2135 4440/4556/2135 4439/4554/2134
f 4376/5622/2135 4377/5623/2136 4441/4558/2136 4440/4556/2135
f 4377/5623/2136 4378/5624/2137 4442/4560/2137 4441/4558/2136
f 4378/5624/2137 4379/5625/2138 4443/4562/2138 4442/4560/2137
f 4379/5625/2138 4380/5626/2139 4444/4564/2139 4443/4562/2138
f 4380/5626/2139 4381/5627/2140 4445/4566/2140 4444/4564/2139
f 4381/5627/2140 4382/5628/2141 4446/4568/2141 4445/4566/2140
f 4382/5628/2141 4383/5629/2142 4447/4570/2142 4446/4568/2141
f 4383/5629/2142 4384/5630/2143 4448/4572/2143 4447/4570/2142
f 4384/5630/2143 4385/5631/2144 4449/4574/2144 4448/4572/2143
f 4385/5631/2144 4386/5632/2145 4450/4576/2145 4449/4574/2144
f 4386/5632/2145 4387/5633/2146 4451/4578/2146 4450/4576/2145
f 4387/5633/2146 4388/5634/2147 4452/4580/2147 4451/4578/2146
f 4388/5634/2147 4389/5635/2148 4453/4582/2148 4452/4580/2147
f 4389/5635/2148 4390/5636/2149 4454/4584/2149 4453/4582/2148
f 4390/5636/2149 4391/5637/2150 4455/4586/2150 4454/4584/2149
f 4391/5637/2150 4392/5638/2151 4456/4588/2151 4455/4586/2150
f 4392/5638/2151 4393/5639/2152 4457/4590/2152 4456/4588/2151
f 4393/5639/2152 4394/5640/2153 4458/4592/2153 4457/4590/2152
f 4394/5640/2153 4395/5641/2154 4459/4594/2154 4458/4592/2153
f 4395/5641/2154 4396/5642/2155 4460/4596/2155 4459/4594/2154
f 4396/5642/2155 4397/5643/2156 4461/4598/2156 4460/4596/2155
f 4397/5643/2156 4398/5644/2157 4462/4600/2157 4461/4598/2156
f 4398/5644/2157 4399/5645/2158 4463/4602/2158 4462/4600/2157
f 4399/5645/2158 4400/5646/2159 4464/4604/2159 4463/4602/2158
f 4400/5646/2159 4401/5647/2160 4465/4606/2160 4464/4604/2159
f 4401/5647/2160 4402/5648/2161 4466/4608/2161 4465/4606/2160
f 4402/5648/2161 4403/5649/2162 4467/4610/2162 4466/4608/2161
f 4403/5649/2162 4404/5650/2163 4468/4612/2163 4467/4610/2162
f 4404/5650/2163 4405/5651/2164 4469/4614/2164 4468/4612/2163
f 4405/5651/2164 4406/5652/2165 4470/4616/2165 4469/4614/2164
f 4406/5652/2165 4407/5653/2166 4471/4618/2166 4470/4616/2165
f 4407/5653/2166 4408/5654/2167 4472/4620/2167 4471/4618/2166
f 4408/5654/2167 4409/5655/2168 4473/4622/2168 4472/4620/2167
f 4409/5655/2168 4410/5656/2169 4474/4624/2169 4473/4622/2168
f 4410/5656/2169 4411/5657/2170 4475/4626/2170 4474/4624/2169
f 4411/5657/2170 4412/4500/2171 4476/4503/2171 4475/4626/2170
f 4413/4501/2172 4350/5658/2110 4414/4630/2110 4477/4502/2172
