# Blender 5.2.1 LTS
# www.blender.org
mtllib board_frame.mtl
o board_frame
v 4.000000 -0.120000 -4.000000
v -4.000000 -0.120000 -4.000000
v -4.000000 -0.120000 4.000000
v 4.000000 -0.120000 4.000000
v 4.000000 0.094000 -4.000000
v -4.000000 0.094000 -4.000000
v -4.000000 0.094000 4.000000
v 4.000000 0.094000 4.000000
v 4.006000 0.100000 -4.006000
v -4.006000 0.100000 -4.006000
v -4.006000 0.100000 4.006000
v 4.006000 0.100000 4.006000
v 4.298552 0.100000 -4.298552
v -4.298552 0.100000 -4.298552
v -4.298552 0.100000 4.298552
v 4.298552 0.100000 4.298552
v 4.299916 0.099768 -4.299916
v -4.299916 0.099768 -4.299916
v -4.299916 0.099768 4.299916
v 4.299916 0.099768 4.299916
v 4.301113 0.099073 -4.301113
v -4.301113 0.099073 -4.301113
v -4.301113 0.099073 4.301113
v 4.301113 0.099073 4.301113
v 4.311307 0.090577 -4.311307
v -4.311307 0.090577 -4.311307
v -4.311307 0.090577 4.311307
v 4.311307 0.090577 4.311307
v 4.312051 0.090119 -4.312051
v -4.312051 0.090119 -4.312051
v -4.312051 0.090119 4.312051
v 4.312051 0.090119 4.312051
v 4.312896 0.089900 -4.312896
v -4.312896 0.089900 -4.312896
v -4.312896 0.089900 4.312896
v 4.312896 0.089900 4.312896
v 4.330000 0.088000 -4.330000
v -4.330000 0.088000 -4.330000
v -4.330000 0.088000 4.330000
v 4.330000 0.088000 4.330000
v 4.342000 0.087242 -4.342000
v -4.342000 0.087242 -4.342000
v -4.342000 0.087242 4.342000
v 4.342000 0.087242 4.342000
v 4.353079 0.085102 -4.353079
v -4.353079 0.085102 -4.353079
v -4.353079 0.085102 4.353079
v 4.353079 0.085102 4.353079
v 4.363359 0.081781 -4.363359
v -4.363359 0.081781 -4.363359
v -4.363359 0.081781 4.363359
v 4.363359 0.081781 4.363359
v 4.372963 0.077481 -4.372963
v -4.372963 0.077481 -4.372963
v -4.372963 0.077481 4.372963
v 4.372963 0.077481 4.372963
v 4.382011 0.072404 -4.382011
v -4.382011 0.072404 -4.382011
v -4.382011 0.072404 4.382011
v 4.382011 0.072404 4.382011
v 4.390625 0.066750 -4.390625
v -4.390625 0.066750 -4.390625
v -4.390625 0.066750 4.390625
v 4.390625 0.066750 4.390625
v 4.398927 0.060721 -4.398927
v -4.398927 0.060721 -4.398927
v -4.398927 0.060721 4.398927
v 4.398927 0.060721 4.398927
v 4.407037 0.054519 -4.407037
v -4.407037 0.054519 -4.407037
v -4.407037 0.054519 4.407037
v 4.407037 0.054519 4.407037
v 4.415078 0.048344 -4.415078
v -4.415078 0.048344 -4.415078
v -4.415078 0.048344 4.415078
v 4.415078 0.048344 4.415078
v 4.423171 0.042398 -4.423171
v -4.423171 0.042398 -4.423171
v -4.423171 0.042398 4.423171
v 4.423171 0.042398 4.423171
v 4.431438 0.036883 -4.431438
v -4.431438 0.036883 -4.431438
v -4.431438 0.036883 4.431438
v 4.431438 0.036883 4.431438
v 4.440000 0.032000 -4.440000
v -4.440000 0.032000 -4.440000
v -4.440000 0.032000 4.440000
v 4.440000 0.032000 4.440000
v 4.448938 0.027730 -4.448938
v -4.448938 0.027730 -4.448938
v -4.448938 0.027730 4.448938
v 4.448938 0.027730 4.448938
v 4.458171 0.023843 -4.458171
v -4.458171 0.023843 -4.458171
v -4.458171 0.023843 4.458171
v 4.458171 0.023843 4.458171
v 4.467578 0.020219 -4.467578
v -4.467578 0.020219 -4.467578
v -4.467578 0.020219 4.467578
v 4.467578 0.020219 4.467578
v 4.477037 0.016741 -4.477037
v -4.477037 0.016741 -4.477037
v -4.477037 0.016741 4.477037
v 4.477037 0.016741 4.477037
v 4.486426 0.013291 -4.486426
v -4.486426 0.013291 -4.486426
v -4.486426 0.013291 4.486426
v 4.486426 0.013291 4.486426
v 4.495625 0.009750 -4.495625
v -4.495625 0.009750 -4.495625
v -4.495625 0.009750 4.495625
v 4.495625 0.009750 4.495625
v 4.504511 0.006001 -4.504511
v -4.504511 0.006001 -4.504511
v -4.504511 0.006001 4.504511
v 4.504511 0.006001 4.504511
v 4.512963 0.001926 -4.512963
v -4.512963 0.001926 -4.512963
v -4.512963 0.001926 4.512963
v 4.512963 0.001926 4.512963
v 4.520859 -0.002594 -4.520859
v -4.520859 -0.002594 -4.520859
v -4.520859 -0.002594 4.520859
v 4.520859 -0.002594 4.520859
v 4.528079 -0.007676 -4.528079
v -4.528079 -0.007676 -4.528079
v -4.528079 -0.007676 4.528079
v 4.528079 -0.007676 4.528079
v 4.534499 -0.013439 -4.534499
v -4.534499 -0.013439 -4.534499
v -4.534499 -0.013439 4.534499
v 4.534499 -0.013439 4.534499
v 4.540000 -0.020000 -4.540000
v -4.540000 -0.020000 -4.540000
v -4.540000 -0.020000 4.540000
v 4.540000 -0.020000 4.540000
v 4.548000 -0.026000 -4.548000
v -4.548000 -0.026000 -4.548000
v -4.548000 -0.026000 4.548000
v 4.548000 -0.026000 4.548000
v 4.587151 -0.026000 -4.587151
v -4.587151 -0.026000 -4.587151
v -4.587151 -0.026000 4.587151
v 4.587151 -0.026000 4.587151
v 4.587982 -0.026086 -4.587982
v -4.587982 -0.026086 -4.587982
v -4.587982 -0.026086 4.587982
v 4.587982 -0.026086 4.587982
v 4.588776 -0.026345 -4.588776
v -4.588776 -0.026345 -4.588776
v -4.588776 -0.026345 4.588776
v 4.588776 -0.026345 4.588776
v 4.592609 -0.028051 -4.592609
v -4.592609 -0.028051 -4.592609
v -4.592609 -0.028051 4.592609
v 4.592609 -0.028051 4.592609
v 4.596000 -0.032281 -4.596000
v -4.596000 -0.032281 -4.596000
v -4.596000 -0.032281 4.596000
v 4.596000 -0.032281 4.596000
v 4.598266 -0.038059 -4.598266
v -4.598266 -0.038059 -4.598266
v -4.598266 -0.038059 4.598266
v 4.598266 -0.038059 4.598266
v 4.599500 -0.044750 -4.599500
v -4.599500 -0.044750 -4.599500
v -4.599500 -0.044750 4.599500
v 4.599500 -0.044750 4.599500
v 4.599797 -0.051723 -4.599797
v -4.599797 -0.051723 -4.599797
v -4.599797 -0.051723 4.599797
v 4.599797 -0.051723 4.599797
v 4.599250 -0.058344 -4.599250
v -4.599250 -0.058344 -4.599250
v -4.599250 -0.058344 4.599250
v 4.599250 -0.058344 4.599250
v 4.597953 -0.063980 -4.597953
v -4.597953 -0.063980 -4.597953
v -4.597953 -0.063980 4.597953
v 4.597953 -0.063980 4.597953
v 4.596000 -0.068000 -4.596000
v -4.596000 -0.068000 -4.596000
v -4.596000 -0.068000 4.596000
v 4.596000 -0.068000 4.596000
v 4.599121 -0.071121 -4.599121
v -4.599121 -0.071121 -4.599121
v -4.599121 -0.071121 4.599121
v 4.599121 -0.071121 4.599121
v 4.599780 -0.072091 -4.599780
v -4.599780 -0.072091 -4.599780
v -4.599780 -0.072091 4.599780
v 4.599780 -0.072091 4.599780
v 4.600000 -0.073243 -4.600000
v -4.600000 -0.073243 -4.600000
v -4.600000 -0.073243 4.600000
v 4.600000 -0.073243 4.600000
v 4.600000 -0.110757 -4.600000
v -4.600000 -0.110757 -4.600000
v -4.600000 -0.110757 4.600000
v 4.600000 -0.110757 4.600000
v 4.599780 -0.111909 -4.599780
v -4.599780 -0.111909 -4.599780
v -4.599780 -0.111909 4.599780
v 4.599780 -0.111909 4.599780
v 4.599121 -0.112879 -4.599121
v -4.599121 -0.112879 -4.599121
v -4.599121 -0.112879 4.599121
v 4.599121 -0.112879 4.599121
v 4.592000 -0.120000 -4.592000
v -4.592000 -0.120000 -4.592000
v -4.592000 -0.120000 4.592000
v 4.592000 -0.120000 4.592000
v 4.060000 0.092000 -4.060000
v -4.060000 0.092000 -4.060000
v -4.060000 0.092000 4.060000
v 4.060000 0.092000 4.060000
v 4.095000 0.092000 -4.095000
v -4.095000 0.092000 -4.095000
v -4.095000 0.092000 4.095000
v 4.095000 0.092000 4.095000
v 4.095000 0.101800 -4.095000
v -4.095000 0.101800 -4.095000
v -4.095000 0.101800 4.095000
v 4.095000 0.101800 4.095000
v 4.060000 0.101800 -4.060000
v -4.060000 0.101800 -4.060000
v -4.060000 0.101800 4.060000
v 4.060000 0.101800 4.060000
v 4.200000 0.094000 -4.200000
v 4.275000 0.094000 -4.200000
v 4.273995 0.094000 -4.207288
v 4.271023 0.094000 -4.214127
v 4.266149 0.094000 -4.220066
v 4.258204 0.094000 -4.224109
v 4.260963 0.094000 -4.232585
v 4.260211 0.094000 -4.240232
v 4.257475 0.094000 -4.247169
v 4.253033 0.094000 -4.253033
v 4.247169 0.094000 -4.257475
v 4.240232 0.094000 -4.260211
v 4.232585 0.094000 -4.260963
v 4.224109 0.094000 -4.258204
v 4.220066 0.094000 -4.266149
v 4.214127 0.094000 -4.271023
v 4.207288 0.094000 -4.273995
v 4.200000 0.094000 -4.275000
v 4.192712 0.094000 -4.273995
v 4.185873 0.094000 -4.271023
v 4.179934 0.094000 -4.266149
v 4.175891 0.094000 -4.258204
v 4.167414 0.094000 -4.260963
v 4.159768 0.094000 -4.260211
v 4.152831 0.094000 -4.257475
v 4.146967 0.094000 -4.253033
v 4.142524 0.094000 -4.247169
v 4.139789 0.094000 -4.240232
v 4.139036 0.094000 -4.232585
v 4.141795 0.094000 -4.224109
v 4.133851 0.094000 -4.220066
v 4.128976 0.094000 -4.214127
v 4.126005 0.094000 -4.207288
v 4.125000 0.094000 -4.200000
v 4.126005 0.094000 -4.192712
v 4.128976 0.094000 -4.185873
v 4.133851 0.094000 -4.179934
v 4.141795 0.094000 -4.175891
v 4.139036 0.094000 -4.167414
v 4.139789 0.094000 -4.159768
v 4.142524 0.094000 -4.152831
v 4.146967 0.094000 -4.146967
v 4.152831 0.094000 -4.142524
v 4.159768 0.094000 -4.139789
v 4.167414 0.094000 -4.139036
v 4.175891 0.094000 -4.141795
v 4.179934 0.094000 -4.133851
v 4.185873 0.094000 -4.128976
v 4.192712 0.094000 -4.126005
v 4.200000 0.094000 -4.125000
v 4.207288 0.094000 -4.126005
v 4.214127 0.094000 -4.128976
v 4.220066 0.094000 -4.133851
v 4.224109 0.094000 -4.141795
v 4.232585 0.094000 -4.139036
v 4.240232 0.094000 -4.139789
v 4.247169 0.094000 -4.142524
v 4.253033 0.094000 -4.146967
v 4.257475 0.094000 -4.152831
v 4.260211 0.094000 -4.159768
v 4.260963 0.094000 -4.167414
v 4.258204 0.094000 -4.175891
v 4.266149 0.094000 -4.179934
v 4.271023 0.094000 -4.185873
v 4.273995 0.094000 -4.192712
v 4.275000 0.100673 -4.200000
v 4.273995 0.100673 -4.207288
v 4.271023 0.100673 -4.214127
v 4.266149 0.100673 -4.220066
v 4.258204 0.100673 -4.224109
v 4.260963 0.100673 -4.232585
v 4.260211 0.100673 -4.240232
v 4.257475 0.100673 -4.247169
v 4.253033 0.100673 -4.253033
v 4.247169 0.100673 -4.257475
v 4.240232 0.100673 -4.260211
v 4.232585 0.100673 -4.260963
v 4.224109 0.100673 -4.258204
v 4.220066 0.100673 -4.266149
v 4.214127 0.100673 -4.271023
v 4.207288 0.100673 -4.273995
v 4.200000 0.100673 -4.275000
v 4.192712 0.100673 -4.273995
v 4.185873 0.100673 -4.271023
v 4.179934 0.100673 -4.266149
v 4.175891 0.100673 -4.258204
v 4.167414 0.100673 -4.260963
v 4.159768 0.100673 -4.260211
v 4.152831 0.100673 -4.257475
v 4.146967 0.100673 -4.253033
v 4.142524 0.100673 -4.247169
v 4.139789 0.100673 -4.240232
v 4.139036 0.100673 -4.232585
v 4.141795 0.100673 -4.224109
v 4.133851 0.100673 -4.220066
v 4.128976 0.100673 -4.214127
v 4.126005 0.100673 -4.207288
v 4.125000 0.100673 -4.200000
v 4.126005 0.100673 -4.192712
v 4.128976 0.100673 -4.185873
v 4.133851 0.100673 -4.179934
v 4.141795 0.100673 -4.175891
v 4.139036 0.100673 -4.167414
v 4.139789 0.100673 -4.159768
v 4.142524 0.100673 -4.152831
v 4.146967 0.100673 -4.146967
v 4.152831 0.100673 -4.142524
v 4.159768 0.100673 -4.139789
v 4.167414 0.100673 -4.139036
v 4.175891 0.100673 -4.141795
v 4.179934 0.100673 -4.133851
v 4.185873 0.100673 -4.128976
v 4.192712 0.100673 -4.126005
v 4.200000 0.100673 -4.125000
v 4.207288 0.100673 -4.126005
v 4.214127 0.100673 -4.128976
v 4.220066 0.100673 -4.133851
v 4.224109 0.100673 -4.141795
v 4.232585 0.100673 -4.139036
v 4.240232 0.100673 -4.139789
v 4.247169 0.100673 -4.142524
v 4.253033 0.100673 -4.146967
v 4.257475 0.100673 -4.152831
v 4.260211 0.100673 -4.159768
v 4.260963 0.100673 -4.167414
v 4.258204 0.100673 -4.175891
v 4.266149 0.100673 -4.179934
v 4.271023 0.100673 -4.185873
v 4.273995 0.100673 -4.192712
v 4.273777 0.102516 -4.200000
v 4.272789 0.102516 -4.207169
v 4.269866 0.102516 -4.213897
v 4.265071 0.102516 -4.219739
v 4.257256 0.102516 -4.223716
v 4.259970 0.102516 -4.232054
v 4.259229 0.102516 -4.239576
v 4.256539 0.102516 -4.246400
v 4.252169 0.102516 -4.252169
v 4.246400 0.102516 -4.256539
v 4.239576 0.102516 -4.259229
v 4.232054 0.102516 -4.259970
v 4.223716 0.102516 -4.257256
v 4.219739 0.102516 -4.265071
v 4.213897 0.102516 -4.269866
v 4.207169 0.102516 -4.272789
v 4.200000 0.102516 -4.273777
v 4.192831 0.102516 -4.272789
v 4.186102 0.102516 -4.269866
v 4.180261 0.102516 -4.265071
v 4.176284 0.102516 -4.257256
v 4.167945 0.102516 -4.259970
v 4.160424 0.102516 -4.259229
v 4.153600 0.102516 -4.256539
v 4.147831 0.102516 -4.252169
v 4.143461 0.102516 -4.246400
v 4.140770 0.102516 -4.239576
v 4.140030 0.102516 -4.232054
v 4.142744 0.102516 -4.223716
v 4.134929 0.102516 -4.219739
v 4.130134 0.102516 -4.213897
v 4.127211 0.102516 -4.207169
v 4.126222 0.102516 -4.200000
v 4.127211 0.102516 -4.192831
v 4.130134 0.102516 -4.186102
v 4.134929 0.102516 -4.180261
v 4.142744 0.102516 -4.176284
v 4.140030 0.102516 -4.167945
v 4.140770 0.102516 -4.160424
v 4.143461 0.102516 -4.153600
v 4.147831 0.102516 -4.147831
v 4.153600 0.102516 -4.143461
v 4.160424 0.102516 -4.140770
v 4.167945 0.102516 -4.140030
v 4.176284 0.102516 -4.142744
v 4.180261 0.102516 -4.134929
v 4.186102 0.102516 -4.130134
v 4.192831 0.102516 -4.127211
v 4.200000 0.102516 -4.126222
v 4.207169 0.102516 -4.127211
v 4.213897 0.102516 -4.130134
v 4.219739 0.102516 -4.134929
v 4.223716 0.102516 -4.142744
v 4.232054 0.102516 -4.140030
v 4.239576 0.102516 -4.140770
v 4.246400 0.102516 -4.143461
v 4.252169 0.102516 -4.147831
v 4.256539 0.102516 -4.153600
v 4.259229 0.102516 -4.160424
v 4.259970 0.102516 -4.167945
v 4.257256 0.102516 -4.176284
v 4.265071 0.102516 -4.180261
v 4.269866 0.102516 -4.186102
v 4.272789 0.102516 -4.192831
v 4.269844 0.104176 -4.200000
v 4.268908 0.104176 -4.206787
v 4.266140 0.104176 -4.213156
v 4.261601 0.104176 -4.218687
v 4.254203 0.104176 -4.222451
v 4.256772 0.104176 -4.230345
v 4.256071 0.104176 -4.237465
v 4.253524 0.104176 -4.243926
v 4.249387 0.104176 -4.249387
v 4.243926 0.104176 -4.253524
v 4.237465 0.104176 -4.256071
v 4.230345 0.104176 -4.256772
v 4.222451 0.104176 -4.254203
v 4.218687 0.104176 -4.261601
v 4.213156 0.104176 -4.266140
v 4.206787 0.104176 -4.268908
v 4.200000 0.104176 -4.269844
v 4.193213 0.104176 -4.268908
v 4.186843 0.104176 -4.266140
v 4.181313 0.104176 -4.261601
v 4.177548 0.104176 -4.254203
v 4.169654 0.104176 -4.256772
v 4.162534 0.104176 -4.256071
v 4.156074 0.104176 -4.253524
v 4.150613 0.104176 -4.249387
v 4.146476 0.104176 -4.243926
v 4.143929 0.104176 -4.237465
v 4.143228 0.104176 -4.230345
v 4.145797 0.104176 -4.222451
v 4.138398 0.104176 -4.218687
v 4.133859 0.104176 -4.213156
v 4.131092 0.104176 -4.206787
v 4.130156 0.104176 -4.200000
v 4.131092 0.104176 -4.193213
v 4.133859 0.104176 -4.186843
v 4.138398 0.104176 -4.181313
v 4.145797 0.104176 -4.177548
v 4.143228 0.104176 -4.169654
v 4.143929 0.104176 -4.162534
v 4.146476 0.104176 -4.156074
v 4.150613 0.104176 -4.150613
v 4.156074 0.104176 -4.146476
v 4.162534 0.104176 -4.143929
v 4.169654 0.104176 -4.143228
v 4.177548 0.104176 -4.145797
v 4.181313 0.104176 -4.138398
v 4.186843 0.104176 -4.133859
v 4.193213 0.104176 -4.131092
v 4.200000 0.104176 -4.130156
v 4.206787 0.104176 -4.131092
v 4.213156 0.104176 -4.133859
v 4.218687 0.104176 -4.138398
v 4.222451 0.104176 -4.145797
v 4.230345 0.104176 -4.143228
v 4.237465 0.104176 -4.143929
v 4.243926 0.104176 -4.146476
v 4.249387 0.104176 -4.150613
v 4.253524 0.104176 -4.156074
v 4.256071 0.104176 -4.162534
v 4.256772 0.104176 -4.169654
v 4.254203 0.104176 -4.177548
v 4.261601 0.104176 -4.181313
v 4.266140 0.104176 -4.186843
v 4.268908 0.104176 -4.193213
v 4.262500 0.105741 -4.200000
v 4.261662 0.105741 -4.206073
v 4.259186 0.105741 -4.211773
v 4.255124 0.105741 -4.216722
v 4.248504 0.105741 -4.220091
v 4.250803 0.105741 -4.227155
v 4.250175 0.105741 -4.233526
v 4.247896 0.105741 -4.239307
v 4.244194 0.105741 -4.244194
v 4.239307 0.105741 -4.247896
v 4.233526 0.105741 -4.250175
v 4.227155 0.105741 -4.250803
v 4.220091 0.105741 -4.248504
v 4.216722 0.105741 -4.255124
v 4.211773 0.105741 -4.259186
v 4.206073 0.105741 -4.261662
v 4.200000 0.105741 -4.262500
v 4.193927 0.105741 -4.261662
v 4.188227 0.105741 -4.259186
v 4.183278 0.105741 -4.255124
v 4.179909 0.105741 -4.248504
v 4.172845 0.105741 -4.250803
v 4.166473 0.105741 -4.250175
v 4.160692 0.105741 -4.247896
v 4.155806 0.105741 -4.244194
v 4.152103 0.105741 -4.239307
v 4.149824 0.105741 -4.233526
v 4.149197 0.105741 -4.227155
v 4.151496 0.105741 -4.220091
v 4.144876 0.105741 -4.216722
v 4.140813 0.105741 -4.211773
v 4.138337 0.105741 -4.206073
v 4.137500 0.105741 -4.200000
v 4.138337 0.105741 -4.193927
v 4.140813 0.105741 -4.188227
v 4.144876 0.105741 -4.183278
v 4.151496 0.105741 -4.179909
v 4.149197 0.105741 -4.172845
v 4.149824 0.105741 -4.166473
v 4.152103 0.105741 -4.160692
v 4.155806 0.105741 -4.155806
v 4.160692 0.105741 -4.152103
v 4.166473 0.105741 -4.149824
v 4.172845 0.105741 -4.149197
v 4.179909 0.105741 -4.151496
v 4.183278 0.105741 -4.144876
v 4.188227 0.105741 -4.140813
v 4.193927 0.105741 -4.138337
v 4.200000 0.105741 -4.137500
v 4.206073 0.105741 -4.138337
v 4.211773 0.105741 -4.140813
v 4.216722 0.105741 -4.144876
v 4.220091 0.105741 -4.151496
v 4.227155 0.105741 -4.149197
v 4.233526 0.105741 -4.149824
v 4.239307 0.105741 -4.152103
v 4.244194 0.105741 -4.155806
v 4.247896 0.105741 -4.160692
v 4.250175 0.105741 -4.166473
v 4.250803 0.105741 -4.172845
v 4.248504 0.105741 -4.179909
v 4.255124 0.105741 -4.183278
v 4.259186 0.105741 -4.188227
v 4.261662 0.105741 -4.193927
v 4.253906 0.106750 -4.200000
v 4.253184 0.106750 -4.205238
v 4.251048 0.106750 -4.210154
v 4.247545 0.106750 -4.214422
v 4.241834 0.106750 -4.217328
v 4.243817 0.106750 -4.223421
v 4.243277 0.106750 -4.228916
v 4.241311 0.106750 -4.233902
v 4.238117 0.106750 -4.238117
v 4.233902 0.106750 -4.241311
v 4.228916 0.106750 -4.243277
v 4.223421 0.106750 -4.243817
v 4.217328 0.106750 -4.241834
v 4.214422 0.106750 -4.247545
v 4.210154 0.106750 -4.251048
v 4.205238 0.106750 -4.253184
v 4.200000 0.106750 -4.253906
v 4.194762 0.106750 -4.253184
v 4.189846 0.106750 -4.251048
v 4.185577 0.106750 -4.247545
v 4.182672 0.106750 -4.241834
v 4.176579 0.106750 -4.243817
v 4.171083 0.106750 -4.243277
v 4.166097 0.106750 -4.241311
v 4.161882 0.106750 -4.238117
v 4.158689 0.106750 -4.233902
v 4.156723 0.106750 -4.228916
v 4.156182 0.106750 -4.223421
v 4.158165 0.106750 -4.217328
v 4.152455 0.106750 -4.214422
v 4.148952 0.106750 -4.210154
v 4.146816 0.106750 -4.205238
v 4.146093 0.106750 -4.200000
v 4.146816 0.106750 -4.194762
v 4.148952 0.106750 -4.189846
v 4.152455 0.106750 -4.185577
v 4.158165 0.106750 -4.182672
v 4.156182 0.106750 -4.176579
v 4.156723 0.106750 -4.171083
v 4.158689 0.106750 -4.166097
v 4.161882 0.106750 -4.161882
v 4.166097 0.106750 -4.158689
v 4.171083 0.106750 -4.156723
v 4.176579 0.106750 -4.156182
v 4.182672 0.106750 -4.158165
v 4.185577 0.106750 -4.152455
v 4.189846 0.106750 -4.148952
v 4.194762 0.106750 -4.146816
v 4.200000 0.106750 -4.146093
v 4.205238 0.106750 -4.146816
v 4.210154 0.106750 -4.148952
v 4.214422 0.106750 -4.152455
v 4.217328 0.106750 -4.158165
v 4.223421 0.106750 -4.156182
v 4.228916 0.106750 -4.156723
v 4.233902 0.106750 -4.158689
v 4.238117 0.106750 -4.161882
v 4.241311 0.106750 -4.166097
v 4.243277 0.106750 -4.171083
v 4.243817 0.106750 -4.176579
v 4.241834 0.106750 -4.182672
v 4.247545 0.106750 -4.185577
v 4.251048 0.106750 -4.189846
v 4.253184 0.106750 -4.194762
v 4.245000 0.107259 -4.200000
v 4.244397 0.107259 -4.204372
v 4.242614 0.107259 -4.208476
v 4.239689 0.107259 -4.212039
v 4.234922 0.107259 -4.214465
v 4.236578 0.107259 -4.219551
v 4.236126 0.107259 -4.224139
v 4.234485 0.107259 -4.228301
v 4.231820 0.107259 -4.231820
v 4.228301 0.107259 -4.234485
v 4.224139 0.107259 -4.236126
v 4.219551 0.107259 -4.236578
v 4.214465 0.107259 -4.234922
v 4.212039 0.107259 -4.239689
v 4.208476 0.107259 -4.242614
v 4.204372 0.107259 -4.244397
v 4.200000 0.107259 -4.245000
v 4.195627 0.107259 -4.244397
v 4.191524 0.107259 -4.242614
v 4.187960 0.107259 -4.239689
v 4.185534 0.107259 -4.234922
v 4.180449 0.107259 -4.236578
v 4.175861 0.107259 -4.236126
v 4.171699 0.107259 -4.234485
v 4.168180 0.107259 -4.231820
v 4.165514 0.107259 -4.228301
v 4.163873 0.107259 -4.224139
v 4.163422 0.107259 -4.219551
v 4.165077 0.107259 -4.214465
v 4.160310 0.107259 -4.212039
v 4.157386 0.107259 -4.208476
v 4.155603 0.107259 -4.204372
v 4.155000 0.107259 -4.200000
v 4.155603 0.107259 -4.195627
v 4.157386 0.107259 -4.191524
v 4.160310 0.107259 -4.187960
v 4.165077 0.107259 -4.185534
v 4.163422 0.107259 -4.180449
v 4.163873 0.107259 -4.175861
v 4.165514 0.107259 -4.171699
v 4.168180 0.107259 -4.168180
v 4.171699 0.107259 -4.165514
v 4.175861 0.107259 -4.163873
v 4.180449 0.107259 -4.163422
v 4.185534 0.107259 -4.165077
v 4.187960 0.107259 -4.160310
v 4.191524 0.107259 -4.157386
v 4.195627 0.107259 -4.155603
v 4.200000 0.107259 -4.155000
v 4.204372 0.107259 -4.155603
v 4.208476 0.107259 -4.157386
v 4.212039 0.107259 -4.160310
v 4.214465 0.107259 -4.165077
v 4.219551 0.107259 -4.163422
v 4.224139 0.107259 -4.163873
v 4.228301 0.107259 -4.165514
v 4.231820 0.107259 -4.168180
v 4.234485 0.107259 -4.171699
v 4.236126 0.107259 -4.175861
v 4.236578 0.107259 -4.180449
v 4.234922 0.107259 -4.185534
v 4.239689 0.107259 -4.187960
v 4.242614 0.107259 -4.191524
v 4.244397 0.107259 -4.195627
v 4.236719 0.107324 -4.200000
v 4.236227 0.107324 -4.203568
v 4.234772 0.107324 -4.206916
v 4.232386 0.107324 -4.209824
v 4.228496 0.107324 -4.211803
v 4.229846 0.107324 -4.215953
v 4.229478 0.107324 -4.219697
v 4.228139 0.107324 -4.223093
v 4.225964 0.107324 -4.225964
v 4.223093 0.107324 -4.228139
v 4.219697 0.107324 -4.229478
v 4.215953 0.107324 -4.229846
v 4.211803 0.107324 -4.228496
v 4.209824 0.107324 -4.232386
v 4.206916 0.107324 -4.234772
v 4.203568 0.107324 -4.236227
v 4.200000 0.107324 -4.236719
v 4.196432 0.107324 -4.236227
v 4.193083 0.107324 -4.234772
v 4.190176 0.107324 -4.232386
v 4.188196 0.107324 -4.228496
v 4.184046 0.107324 -4.229846
v 4.180303 0.107324 -4.229478
v 4.176907 0.107324 -4.228139
v 4.174036 0.107324 -4.225964
v 4.171861 0.107324 -4.223093
v 4.170522 0.107324 -4.219697
v 4.170153 0.107324 -4.215953
v 4.171504 0.107324 -4.211803
v 4.167614 0.107324 -4.209824
v 4.165228 0.107324 -4.206916
v 4.163773 0.107324 -4.203568
v 4.163281 0.107324 -4.200000
v 4.163773 0.107324 -4.196432
v 4.165228 0.107324 -4.193083
v 4.167614 0.107324 -4.190176
v 4.171504 0.107324 -4.188196
v 4.170153 0.107324 -4.184046
v 4.170522 0.107324 -4.180303
v 4.171861 0.107324 -4.176907
v 4.174036 0.107324 -4.174036
v 4.176907 0.107324 -4.171861
v 4.180303 0.107324 -4.170522
v 4.184046 0.107324 -4.170153
v 4.188196 0.107324 -4.171504
v 4.190176 0.107324 -4.167614
v 4.193083 0.107324 -4.165228
v 4.196432 0.107324 -4.163773
v 4.200000 0.107324 -4.163281
v 4.203568 0.107324 -4.163773
v 4.206916 0.107324 -4.165228
v 4.209824 0.107324 -4.167614
v 4.211803 0.107324 -4.171504
v 4.215953 0.107324 -4.170153
v 4.219697 0.107324 -4.170522
v 4.223093 0.107324 -4.171861
v 4.225964 0.107324 -4.174036
v 4.228139 0.107324 -4.176907
v 4.229478 0.107324 -4.180303
v 4.229846 0.107324 -4.184046
v 4.228496 0.107324 -4.188196
v 4.232386 0.107324 -4.190176
v 4.234772 0.107324 -4.193083
v 4.236227 0.107324 -4.196432
v 4.230000 0.107000 -4.200000
v 4.229598 0.107000 -4.202915
v 4.228409 0.107000 -4.205651
v 4.226460 0.107000 -4.208026
v 4.223281 0.107000 -4.209643
v 4.224385 0.107000 -4.213034
v 4.224084 0.107000 -4.216093
v 4.222990 0.107000 -4.218867
v 4.221213 0.107000 -4.221213
v 4.218867 0.107000 -4.222990
v 4.216093 0.107000 -4.224084
v 4.213034 0.107000 -4.224385
v 4.209643 0.107000 -4.223281
v 4.208026 0.107000 -4.226460
v 4.205651 0.107000 -4.228409
v 4.202915 0.107000 -4.229598
v 4.200000 0.107000 -4.230000
v 4.197084 0.107000 -4.229598
v 4.194349 0.107000 -4.228409
v 4.191973 0.107000 -4.226460
v 4.190356 0.107000 -4.223281
v 4.186965 0.107000 -4.224385
v 4.183907 0.107000 -4.224084
v 4.181132 0.107000 -4.222990
v 4.178787 0.107000 -4.221213
v 4.177010 0.107000 -4.218867
v 4.175915 0.107000 -4.216093
v 4.175614 0.107000 -4.213034
v 4.176718 0.107000 -4.209643
v 4.173540 0.107000 -4.208026
v 4.171590 0.107000 -4.205651
v 4.170402 0.107000 -4.202915
v 4.170000 0.107000 -4.200000
v 4.170402 0.107000 -4.197084
v 4.171590 0.107000 -4.194349
v 4.173540 0.107000 -4.191973
v 4.176718 0.107000 -4.190356
v 4.175614 0.107000 -4.186965
v 4.175915 0.107000 -4.183907
v 4.177010 0.107000 -4.181132
v 4.178787 0.107000 -4.178787
v 4.181132 0.107000 -4.177010
v 4.183907 0.107000 -4.175915
v 4.186965 0.107000 -4.175614
v 4.190356 0.107000 -4.176718
v 4.191973 0.107000 -4.173540
v 4.194349 0.107000 -4.171590
v 4.197084 0.107000 -4.170402
v 4.200000 0.107000 -4.170000
v 4.202915 0.107000 -4.170402
v 4.205651 0.107000 -4.171590
v 4.208026 0.107000 -4.173540
v 4.209643 0.107000 -4.176718
v 4.213034 0.107000 -4.175614
v 4.216093 0.107000 -4.175915
v 4.218867 0.107000 -4.177010
v 4.221213 0.107000 -4.178787
v 4.222990 0.107000 -4.181132
v 4.224084 0.107000 -4.183907
v 4.224385 0.107000 -4.186965
v 4.223281 0.107000 -4.190356
v 4.226460 0.107000 -4.191973
v 4.228409 0.107000 -4.194349
v 4.229598 0.107000 -4.197084
v 4.227000 0.106500 -4.200000
v 4.226870 0.106500 -4.202646
v 4.226481 0.106500 -4.205267
v 4.225837 0.106500 -4.207838
v 4.224945 0.106500 -4.210332
v 4.223812 0.106500 -4.212728
v 4.222449 0.106500 -4.215000
v 4.220871 0.106500 -4.217128
v 4.219092 0.106500 -4.219092
v 4.217128 0.106500 -4.220871
v 4.215000 0.106500 -4.222449
v 4.212728 0.106500 -4.223812
v 4.210332 0.106500 -4.224945
v 4.207838 0.106500 -4.225837
v 4.205267 0.106500 -4.226481
v 4.202646 0.106500 -4.226870
v 4.200000 0.106500 -4.227000
v 4.197353 0.106500 -4.226870
v 4.194732 0.106500 -4.226481
v 4.192162 0.106500 -4.225837
v 4.189667 0.106500 -4.224945
v 4.187272 0.106500 -4.223812
v 4.184999 0.106500 -4.222449
v 4.182871 0.106500 -4.220871
v 4.180908 0.106500 -4.219092
v 4.179129 0.106500 -4.217128
v 4.177550 0.106500 -4.215000
v 4.176188 0.106500 -4.212728
v 4.175055 0.106500 -4.210332
v 4.174162 0.106500 -4.207838
v 4.173519 0.106500 -4.205267
v 4.173130 0.106500 -4.202646
v 4.173000 0.106500 -4.200000
v 4.173130 0.106500 -4.197353
v 4.173519 0.106500 -4.194732
v 4.174162 0.106500 -4.192162
v 4.175055 0.106500 -4.189667
v 4.176188 0.106500 -4.187272
v 4.177550 0.106500 -4.184999
v 4.179129 0.106500 -4.182871
v 4.180908 0.106500 -4.180908
v 4.182871 0.106500 -4.179129
v 4.184999 0.106500 -4.177550
v 4.187272 0.106500 -4.176188
v 4.189667 0.106500 -4.175055
v 4.192162 0.106500 -4.174162
v 4.194732 0.106500 -4.173519
v 4.197353 0.106500 -4.173130
v 4.200000 0.106500 -4.173000
v 4.202646 0.106500 -4.173130
v 4.205267 0.106500 -4.173519
v 4.207838 0.106500 -4.174162
v 4.210332 0.106500 -4.175055
v 4.212728 0.106500 -4.176188
v 4.215000 0.106500 -4.177550
v 4.217128 0.106500 -4.179129
v 4.219092 0.106500 -4.180908
v 4.220871 0.106500 -4.182871
v 4.222449 0.106500 -4.184999
v 4.223812 0.106500 -4.187272
v 4.224945 0.106500 -4.189667
v 4.225837 0.106500 -4.192162
v 4.226481 0.106500 -4.194732
v 4.226870 0.106500 -4.197353
v 4.224062 0.109113 -4.200000
v 4.223947 0.109113 -4.202358
v 4.223600 0.109113 -4.204694
v 4.223026 0.109113 -4.206985
v 4.222230 0.109113 -4.209208
v 4.221221 0.109113 -4.211343
v 4.220007 0.109113 -4.213368
v 4.218600 0.109113 -4.215265
v 4.217015 0.109113 -4.217015
v 4.215265 0.109113 -4.218600
v 4.213368 0.109113 -4.220007
v 4.211343 0.109113 -4.221221
v 4.209208 0.109113 -4.222230
v 4.206985 0.109113 -4.223026
v 4.204694 0.109113 -4.223600
v 4.202358 0.109113 -4.223947
v 4.200000 0.109113 -4.224062
v 4.197641 0.109113 -4.223947
v 4.195305 0.109113 -4.223600
v 4.193015 0.109113 -4.223026
v 4.190792 0.109113 -4.222230
v 4.188657 0.109113 -4.221221
v 4.186631 0.109113 -4.220007
v 4.184735 0.109113 -4.218600
v 4.182985 0.109113 -4.217015
v 4.181399 0.109113 -4.215265
v 4.179993 0.109113 -4.213368
v 4.178779 0.109113 -4.211343
v 4.177769 0.109113 -4.209208
v 4.176973 0.109113 -4.206985
v 4.176400 0.109113 -4.204694
v 4.176053 0.109113 -4.202358
v 4.175937 0.109113 -4.200000
v 4.176053 0.109113 -4.197641
v 4.176400 0.109113 -4.195305
v 4.176973 0.109113 -4.193015
v 4.177769 0.109113 -4.190792
v 4.178779 0.109113 -4.188657
v 4.179993 0.109113 -4.186631
v 4.181399 0.109113 -4.184735
v 4.182985 0.109113 -4.182985
v 4.184735 0.109113 -4.181399
v 4.186631 0.109113 -4.179993
v 4.188657 0.109113 -4.178779
v 4.190792 0.109113 -4.177769
v 4.193015 0.109113 -4.176973
v 4.195305 0.109113 -4.176400
v 4.197641 0.109113 -4.176053
v 4.200000 0.109113 -4.175937
v 4.202358 0.109113 -4.176053
v 4.204694 0.109113 -4.176400
v 4.206985 0.109113 -4.176973
v 4.209208 0.109113 -4.177769
v 4.211343 0.109113 -4.178779
v 4.213368 0.109113 -4.179993
v 4.215265 0.109113 -4.181399
v 4.217015 0.109113 -4.182985
v 4.218600 0.109113 -4.184735
v 4.220007 0.109113 -4.186631
v 4.221221 0.109113 -4.188657
v 4.222230 0.109113 -4.190792
v 4.223026 0.109113 -4.193015
v 4.223600 0.109113 -4.195305
v 4.223947 0.109113 -4.197641
v 4.220000 0.111407 -4.200000
v 4.219903 0.111407 -4.201960
v 4.219615 0.111407 -4.203902
v 4.219139 0.111407 -4.205805
v 4.218477 0.111407 -4.207654
v 4.217638 0.111407 -4.209428
v 4.216629 0.111407 -4.211111
v 4.215460 0.111407 -4.212687
v 4.214142 0.111407 -4.214142
v 4.212687 0.111407 -4.215460
v 4.211111 0.111407 -4.216629
v 4.209428 0.111407 -4.217638
v 4.207654 0.111407 -4.218477
v 4.205805 0.111407 -4.219139
v 4.203902 0.111407 -4.219615
v 4.201960 0.111407 -4.219903
v 4.200000 0.111407 -4.220000
v 4.198040 0.111407 -4.219903
v 4.196098 0.111407 -4.219615
v 4.194194 0.111407 -4.219139
v 4.192346 0.111407 -4.218477
v 4.190572 0.111407 -4.217638
v 4.188889 0.111407 -4.216629
v 4.187312 0.111407 -4.215460
v 4.185858 0.111407 -4.214142
v 4.184540 0.111407 -4.212687
v 4.183371 0.111407 -4.211111
v 4.182362 0.111407 -4.209428
v 4.181522 0.111407 -4.207654
v 4.180861 0.111407 -4.205805
v 4.180384 0.111407 -4.203902
v 4.180096 0.111407 -4.201960
v 4.180000 0.111407 -4.200000
v 4.180096 0.111407 -4.198040
v 4.180384 0.111407 -4.196098
v 4.180861 0.111407 -4.194194
v 4.181522 0.111407 -4.192346
v 4.182362 0.111407 -4.190572
v 4.183371 0.111407 -4.188889
v 4.184540 0.111407 -4.187312
v 4.185858 0.111407 -4.185858
v 4.187312 0.111407 -4.184540
v 4.188889 0.111407 -4.183371
v 4.190572 0.111407 -4.182362
v 4.192346 0.111407 -4.181522
v 4.194194 0.111407 -4.180861
v 4.196098 0.111407 -4.180384
v 4.198040 0.111407 -4.180096
v 4.200000 0.111407 -4.180000
v 4.201960 0.111407 -4.180096
v 4.203902 0.111407 -4.180384
v 4.205805 0.111407 -4.180861
v 4.207654 0.111407 -4.181522
v 4.209428 0.111407 -4.182362
v 4.211111 0.111407 -4.183371
v 4.212687 0.111407 -4.184540
v 4.214142 0.111407 -4.185858
v 4.215460 0.111407 -4.187312
v 4.216629 0.111407 -4.188889
v 4.217638 0.111407 -4.190572
v 4.218477 0.111407 -4.192346
v 4.219139 0.111407 -4.194194
v 4.219615 0.111407 -4.196098
v 4.219903 0.111407 -4.198040
v 4.215187 0.113312 -4.200000
v 4.215114 0.113312 -4.201488
v 4.214895 0.113312 -4.202963
v 4.214533 0.113312 -4.204409
v 4.214031 0.113312 -4.205812
v 4.213394 0.113312 -4.207159
v 4.212628 0.113312 -4.208437
v 4.211740 0.113312 -4.209635
v 4.210739 0.113312 -4.210739
v 4.209635 0.113312 -4.211740
v 4.208437 0.113312 -4.212628
v 4.207159 0.113312 -4.213394
v 4.205812 0.113312 -4.214031
v 4.204409 0.113312 -4.214533
v 4.202963 0.113312 -4.214895
v 4.201488 0.113312 -4.215114
v 4.200000 0.113312 -4.215187
v 4.198511 0.113312 -4.215114
v 4.197037 0.113312 -4.214895
v 4.195591 0.113312 -4.214533
v 4.194188 0.113312 -4.214031
v 4.192841 0.113312 -4.213394
v 4.191562 0.113312 -4.212628
v 4.190365 0.113312 -4.211740
v 4.189260 0.113312 -4.210739
v 4.188260 0.113312 -4.209635
v 4.187372 0.113312 -4.208437
v 4.186605 0.113312 -4.207159
v 4.185968 0.113312 -4.205812
v 4.185466 0.113312 -4.204409
v 4.185104 0.113312 -4.202963
v 4.184886 0.113312 -4.201488
v 4.184813 0.113312 -4.200000
v 4.184886 0.113312 -4.198511
v 4.185104 0.113312 -4.197037
v 4.185466 0.113312 -4.195591
v 4.185968 0.113312 -4.194188
v 4.186605 0.113312 -4.192841
v 4.187372 0.113312 -4.191562
v 4.188260 0.113312 -4.190365
v 4.189260 0.113312 -4.189260
v 4.190365 0.113312 -4.188260
v 4.191562 0.113312 -4.187372
v 4.192841 0.113312 -4.186605
v 4.194188 0.113312 -4.185968
v 4.195591 0.113312 -4.185466
v 4.197037 0.113312 -4.185104
v 4.198511 0.113312 -4.184886
v 4.200000 0.113312 -4.184813
v 4.201488 0.113312 -4.184886
v 4.202963 0.113312 -4.185104
v 4.204409 0.113312 -4.185466
v 4.205812 0.113312 -4.185968
v 4.207159 0.113312 -4.186605
v 4.208437 0.113312 -4.187372
v 4.209635 0.113312 -4.188260
v 4.210739 0.113312 -4.189260
v 4.211740 0.113312 -4.190365
v 4.212628 0.113312 -4.191562
v 4.213394 0.113312 -4.192841
v 4.214031 0.113312 -4.194188
v 4.214533 0.113312 -4.195591
v 4.214895 0.113312 -4.197037
v 4.215114 0.113312 -4.198511
v 4.210000 0.114759 -4.200000
v 4.209952 0.114759 -4.200980
v 4.209808 0.114759 -4.201951
v 4.209569 0.114759 -4.202903
v 4.209239 0.114759 -4.203826
v 4.208819 0.114759 -4.204714
v 4.208314 0.114759 -4.205555
v 4.207730 0.114759 -4.206344
v 4.207071 0.114759 -4.207071
v 4.206344 0.114759 -4.207730
v 4.205555 0.114759 -4.208314
v 4.204714 0.114759 -4.208819
v 4.203826 0.114759 -4.209239
v 4.202903 0.114759 -4.209569
v 4.201951 0.114759 -4.209808
v 4.200980 0.114759 -4.209952
v 4.200000 0.114759 -4.210000
v 4.199019 0.114759 -4.209952
v 4.198049 0.114759 -4.209808
v 4.197097 0.114759 -4.209569
v 4.196173 0.114759 -4.209239
v 4.195286 0.114759 -4.208819
v 4.194444 0.114759 -4.208314
v 4.193656 0.114759 -4.207730
v 4.192929 0.114759 -4.207071
v 4.192270 0.114759 -4.206344
v 4.191685 0.114759 -4.205555
v 4.191181 0.114759 -4.204714
v 4.190761 0.114759 -4.203826
v 4.190431 0.114759 -4.202903
v 4.190192 0.114759 -4.201951
v 4.190048 0.114759 -4.200980
v 4.190000 0.114759 -4.200000
v 4.190048 0.114759 -4.199019
v 4.190192 0.114759 -4.198049
v 4.190431 0.114759 -4.197097
v 4.190761 0.114759 -4.196173
v 4.191181 0.114759 -4.195286
v 4.191685 0.114759 -4.194444
v 4.192270 0.114759 -4.193656
v 4.192929 0.114759 -4.192929
v 4.193656 0.114759 -4.192270
v 4.194444 0.114759 -4.191685
v 4.195286 0.114759 -4.191181
v 4.196173 0.114759 -4.190761
v 4.197097 0.114759 -4.190431
v 4.198049 0.114759 -4.190192
v 4.199019 0.114759 -4.190048
v 4.200000 0.114759 -4.190000
v 4.200980 0.114759 -4.190048
v 4.201951 0.114759 -4.190192
v 4.202903 0.114759 -4.190431
v 4.203826 0.114759 -4.190761
v 4.204714 0.114759 -4.191181
v 4.205555 0.114759 -4.191685
v 4.206344 0.114759 -4.192270
v 4.207071 0.114759 -4.192929
v 4.207730 0.114759 -4.193656
v 4.208314 0.114759 -4.194444
v 4.208819 0.114759 -4.195286
v 4.209239 0.114759 -4.196173
v 4.209569 0.114759 -4.197097
v 4.209808 0.114759 -4.198049
v 4.209952 0.114759 -4.199019
v 4.204813 0.115678 -4.200000
v 4.204789 0.115678 -4.200471
v 4.204720 0.115678 -4.200939
v 4.204605 0.115678 -4.201397
v 4.204446 0.115678 -4.201841
v 4.204244 0.115678 -4.202269
v 4.204001 0.115678 -4.202673
v 4.203720 0.115678 -4.203053
v 4.203403 0.115678 -4.203403
v 4.203053 0.115678 -4.203720
v 4.202673 0.115678 -4.204001
v 4.202269 0.115678 -4.204244
v 4.201841 0.115678 -4.204446
v 4.201397 0.115678 -4.204605
v 4.200939 0.115678 -4.204720
v 4.200471 0.115678 -4.204789
v 4.200000 0.115678 -4.204813
v 4.199528 0.115678 -4.204789
v 4.199061 0.115678 -4.204720
v 4.198603 0.115678 -4.204605
v 4.198158 0.115678 -4.204446
v 4.197731 0.115678 -4.204244
v 4.197326 0.115678 -4.204001
v 4.196947 0.115678 -4.203720
v 4.196597 0.115678 -4.203403
v 4.196280 0.115678 -4.203053
v 4.195998 0.115678 -4.202673
v 4.195755 0.115678 -4.202269
v 4.195554 0.115678 -4.201841
v 4.195395 0.115678 -4.201397
v 4.195280 0.115678 -4.200939
v 4.195210 0.115678 -4.200471
v 4.195187 0.115678 -4.200000
v 4.195210 0.115678 -4.199528
v 4.195280 0.115678 -4.199061
v 4.195395 0.115678 -4.198603
v 4.195554 0.115678 -4.198158
v 4.195755 0.115678 -4.197731
v 4.195998 0.115678 -4.197326
v 4.196280 0.115678 -4.196947
v 4.196597 0.115678 -4.196597
v 4.196947 0.115678 -4.196280
v 4.197326 0.115678 -4.195998
v 4.197731 0.115678 -4.195755
v 4.198158 0.115678 -4.195554
v 4.198603 0.115678 -4.195395
v 4.199061 0.115678 -4.195280
v 4.199528 0.115678 -4.195210
v 4.200000 0.115678 -4.195187
v 4.200471 0.115678 -4.195210
v 4.200939 0.115678 -4.195280
v 4.201397 0.115678 -4.195395
v 4.201841 0.115678 -4.195554
v 4.202269 0.115678 -4.195755
v 4.202673 0.115678 -4.195998
v 4.203053 0.115678 -4.196280
v 4.203403 0.115678 -4.196597
v 4.203720 0.115678 -4.196947
v 4.204001 0.115678 -4.197326
v 4.204244 0.115678 -4.197731
v 4.204446 0.115678 -4.198158
v 4.204605 0.115678 -4.198603
v 4.204720 0.115678 -4.199061
v 4.204789 0.115678 -4.199528
v 4.200000 0.116000 -4.200000
v -4.200000 0.094000 -4.200000
v -4.125000 0.094000 -4.200000
v -4.126005 0.094000 -4.207288
v -4.128976 0.094000 -4.214127
v -4.133851 0.094000 -4.220066
v -4.141795 0.094000 -4.224109
v -4.139036 0.094000 -4.232585
v -4.139789 0.094000 -4.240232
v -4.142524 0.094000 -4.247169
v -4.146967 0.094000 -4.253033
v -4.152831 0.094000 -4.257475
v -4.159768 0.094000 -4.260211
v -4.167414 0.094000 -4.260963
v -4.175891 0.094000 -4.258204
v -4.179934 0.094000 -4.266149
v -4.185873 0.094000 -4.271023
v -4.192712 0.094000 -4.273995
v -4.200000 0.094000 -4.275000
v -4.207288 0.094000 -4.273995
v -4.214127 0.094000 -4.271023
v -4.220066 0.094000 -4.266149
v -4.224109 0.094000 -4.258204
v -4.232585 0.094000 -4.260963
v -4.240232 0.094000 -4.260211
v -4.247169 0.094000 -4.257475
v -4.253033 0.094000 -4.253033
v -4.257475 0.094000 -4.247169
v -4.260211 0.094000 -4.240232
v -4.260963 0.094000 -4.232585
v -4.258204 0.094000 -4.224109
v -4.266149 0.094000 -4.220066
v -4.271023 0.094000 -4.214127
v -4.273995 0.094000 -4.207288
v -4.275000 0.094000 -4.200000
v -4.273995 0.094000 -4.192712
v -4.271023 0.094000 -4.185873
v -4.266149 0.094000 -4.179934
v -4.258204 0.094000 -4.175891
v -4.260963 0.094000 -4.167414
v -4.260211 0.094000 -4.159768
v -4.257475 0.094000 -4.152831
v -4.253033 0.094000 -4.146967
v -4.247169 0.094000 -4.142524
v -4.240232 0.094000 -4.139789
v -4.232585 0.094000 -4.139036
v -4.224109 0.094000 -4.141795
v -4.220066 0.094000 -4.133851
v -4.214127 0.094000 -4.128976
v -4.207288 0.094000 -4.126005
v -4.200000 0.094000 -4.125000
v -4.192712 0.094000 -4.126005
v -4.185873 0.094000 -4.128976
v -4.179934 0.094000 -4.133851
v -4.175891 0.094000 -4.141795
v -4.167414 0.094000 -4.139036
v -4.159768 0.094000 -4.139789
v -4.152831 0.094000 -4.142524
v -4.146967 0.094000 -4.146967
v -4.142524 0.094000 -4.152831
v -4.139789 0.094000 -4.159768
v -4.139036 0.094000 -4.167414
v -4.141795 0.094000 -4.175891
v -4.133851 0.094000 -4.179934
v -4.128976 0.094000 -4.185873
v -4.126005 0.094000 -4.192712
v -4.125000 0.100673 -4.200000
v -4.126005 0.100673 -4.207288
v -4.128976 0.100673 -4.214127
v -4.133851 0.100673 -4.220066
v -4.141795 0.100673 -4.224109
v -4.139036 0.100673 -4.232585
v -4.139789 0.100673 -4.240232
v -4.142524 0.100673 -4.247169
v -4.146967 0.100673 -4.253033
v -4.152831 0.100673 -4.257475
v -4.159768 0.100673 -4.260211
v -4.167414 0.100673 -4.260963
v -4.175891 0.100673 -4.258204
v -4.179934 0.100673 -4.266149
v -4.185873 0.100673 -4.271023
v -4.192712 0.100673 -4.273995
v -4.200000 0.100673 -4.275000
v -4.207288 0.100673 -4.273995
v -4.214127 0.100673 -4.271023
v -4.220066 0.100673 -4.266149
v -4.224109 0.100673 -4.258204
v -4.232585 0.100673 -4.260963
v -4.240232 0.100673 -4.260211
v -4.247169 0.100673 -4.257475
v -4.253033 0.100673 -4.253033
v -4.257475 0.100673 -4.247169
v -4.260211 0.100673 -4.240232
v -4.260963 0.100673 -4.232585
v -4.258204 0.100673 -4.224109
v -4.266149 0.100673 -4.220066
v -4.271023 0.100673 -4.214127
v -4.273995 0.100673 -4.207288
v -4.275000 0.100673 -4.200000
v -4.273995 0.100673 -4.192712
v -4.271023 0.100673 -4.185873
v -4.266149 0.100673 -4.179934
v -4.258204 0.100673 -4.175891
v -4.260963 0.100673 -4.167414
v -4.260211 0.100673 -4.159768
v -4.257475 0.100673 -4.152831
v -4.253033 0.100673 -4.146967
v -4.247169 0.100673 -4.142524
v -4.240232 0.100673 -4.139789
v -4.232585 0.100673 -4.139036
v -4.224109 0.100673 -4.141795
v -4.220066 0.100673 -4.133851
v -4.214127 0.100673 -4.128976
v -4.207288 0.100673 -4.126005
v -4.200000 0.100673 -4.125000
v -4.192712 0.100673 -4.126005
v -4.185873 0.100673 -4.128976
v -4.179934 0.100673 -4.133851
v -4.175891 0.100673 -4.141795
v -4.167414 0.100673 -4.139036
v -4.159768 0.100673 -4.139789
v -4.152831 0.100673 -4.142524
v -4.146967 0.100673 -4.146967
v -4.142524 0.100673 -4.152831
v -4.139789 0.100673 -4.159768
v -4.139036 0.100673 -4.167414
v -4.141795 0.100673 -4.175891
v -4.133851 0.100673 -4.179934
v -4.128976 0.100673 -4.185873
v -4.126005 0.100673 -4.192712
v -4.126222 0.102516 -4.200000
v -4.127211 0.102516 -4.207169
v -4.130134 0.102516 -4.213897
v -4.134929 0.102516 -4.219739
v -4.142744 0.102516 -4.223716
v -4.140030 0.102516 -4.232054
v -4.140770 0.102516 -4.239576
v -4.143461 0.102516 -4.246400
v -4.147831 0.102516 -4.252169
v -4.153600 0.102516 -4.256539
v -4.160424 0.102516 -4.259229
v -4.167945 0.102516 -4.259970
v -4.176284 0.102516 -4.257256
v -4.180261 0.102516 -4.265071
v -4.186102 0.102516 -4.269866
v -4.192831 0.102516 -4.272789
v -4.200000 0.102516 -4.273777
v -4.207169 0.102516 -4.272789
v -4.213897 0.102516 -4.269866
v -4.219739 0.102516 -4.265071
v -4.223716 0.102516 -4.257256
v -4.232054 0.102516 -4.259970
v -4.239576 0.102516 -4.259229
v -4.246400 0.102516 -4.256539
v -4.252169 0.102516 -4.252169
v -4.256539 0.102516 -4.246400
v -4.259229 0.102516 -4.239576
v -4.259970 0.102516 -4.232054
v -4.257256 0.102516 -4.223716
v -4.265071 0.102516 -4.219739
v -4.269866 0.102516 -4.213897
v -4.272789 0.102516 -4.207169
v -4.273777 0.102516 -4.200000
v -4.272789 0.102516 -4.192831
v -4.269866 0.102516 -4.186102
v -4.265071 0.102516 -4.180261
v -4.257256 0.102516 -4.176284
v -4.259970 0.102516 -4.167945
v -4.259229 0.102516 -4.160424
v -4.256539 0.102516 -4.153600
v -4.252169 0.102516 -4.147831
v -4.246400 0.102516 -4.143461
v -4.239576 0.102516 -4.140770
v -4.232054 0.102516 -4.140030
v -4.223716 0.102516 -4.142744
v -4.219739 0.102516 -4.134929
v -4.213897 0.102516 -4.130134
v -4.207169 0.102516 -4.127211
v -4.200000 0.102516 -4.126222
v -4.192831 0.102516 -4.127211
v -4.186102 0.102516 -4.130134
v -4.180261 0.102516 -4.134929
v -4.176284 0.102516 -4.142744
v -4.167945 0.102516 -4.140030
v -4.160424 0.102516 -4.140770
v -4.153600 0.102516 -4.143461
v -4.147831 0.102516 -4.147831
v -4.143461 0.102516 -4.153600
v -4.140770 0.102516 -4.160424
v -4.140030 0.102516 -4.167945
v -4.142744 0.102516 -4.176284
v -4.134929 0.102516 -4.180261
v -4.130134 0.102516 -4.186102
v -4.127211 0.102516 -4.192831
v -4.130156 0.104176 -4.200000
v -4.131092 0.104176 -4.206787
v -4.133859 0.104176 -4.213156
v -4.138398 0.104176 -4.218687
v -4.145797 0.104176 -4.222451
v -4.143228 0.104176 -4.230345
v -4.143929 0.104176 -4.237465
v -4.146476 0.104176 -4.243926
v -4.150613 0.104176 -4.249387
v -4.156074 0.104176 -4.253524
v -4.162534 0.104176 -4.256071
v -4.169654 0.104176 -4.256772
v -4.177548 0.104176 -4.254203
v -4.181313 0.104176 -4.261601
v -4.186843 0.104176 -4.266140
v -4.193213 0.104176 -4.268908
v -4.200000 0.104176 -4.269844
v -4.206787 0.104176 -4.268908
v -4.213156 0.104176 -4.266140
v -4.218687 0.104176 -4.261601
v -4.222451 0.104176 -4.254203
v -4.230345 0.104176 -4.256772
v -4.237465 0.104176 -4.256071
v -4.243926 0.104176 -4.253524
v -4.249387 0.104176 -4.249387
v -4.253524 0.104176 -4.243926
v -4.256071 0.104176 -4.237465
v -4.256772 0.104176 -4.230345
v -4.254203 0.104176 -4.222451
v -4.261601 0.104176 -4.218687
v -4.266140 0.104176 -4.213156
v -4.268908 0.104176 -4.206787
v -4.269844 0.104176 -4.200000
v -4.268908 0.104176 -4.193213
v -4.266140 0.104176 -4.186843
v -4.261601 0.104176 -4.181313
v -4.254203 0.104176 -4.177548
v -4.256772 0.104176 -4.169654
v -4.256071 0.104176 -4.162534
v -4.253524 0.104176 -4.156074
v -4.249387 0.104176 -4.150613
v -4.243926 0.104176 -4.146476
v -4.237465 0.104176 -4.143929
v -4.230345 0.104176 -4.143228
v -4.222451 0.104176 -4.145797
v -4.218687 0.104176 -4.138398
v -4.213156 0.104176 -4.133859
v -4.206787 0.104176 -4.131092
v -4.200000 0.104176 -4.130156
v -4.193213 0.104176 -4.131092
v -4.186843 0.104176 -4.133859
v -4.181313 0.104176 -4.138398
v -4.177548 0.104176 -4.145797
v -4.169654 0.104176 -4.143228
v -4.162534 0.104176 -4.143929
v -4.156074 0.104176 -4.146476
v -4.150613 0.104176 -4.150613
v -4.146476 0.104176 -4.156074
v -4.143929 0.104176 -4.162534
v -4.143228 0.104176 -4.169654
v -4.145797 0.104176 -4.177548
v -4.138398 0.104176 -4.181313
v -4.133859 0.104176 -4.186843
v -4.131092 0.104176 -4.193213
v -4.137500 0.105741 -4.200000
v -4.138337 0.105741 -4.206073
v -4.140813 0.105741 -4.211773
v -4.144876 0.105741 -4.216722
v -4.151496 0.105741 -4.220091
v -4.149197 0.105741 -4.227155
v -4.149824 0.105741 -4.233526
v -4.152103 0.105741 -4.239307
v -4.155806 0.105741 -4.244194
v -4.160692 0.105741 -4.247896
v -4.166473 0.105741 -4.250175
v -4.172845 0.105741 -4.250803
v -4.179909 0.105741 -4.248504
v -4.183278 0.105741 -4.255124
v -4.188227 0.105741 -4.259186
v -4.193927 0.105741 -4.261662
v -4.200000 0.105741 -4.262500
v -4.206073 0.105741 -4.261662
v -4.211773 0.105741 -4.259186
v -4.216722 0.105741 -4.255124
v -4.220091 0.105741 -4.248504
v -4.227155 0.105741 -4.250803
v -4.233526 0.105741 -4.250175
v -4.239307 0.105741 -4.247896
v -4.244194 0.105741 -4.244194
v -4.247896 0.105741 -4.239307
v -4.250175 0.105741 -4.233526
v -4.250803 0.105741 -4.227155
v -4.248504 0.105741 -4.220091
v -4.255124 0.105741 -4.216722
v -4.259186 0.105741 -4.211773
v -4.261662 0.105741 -4.206073
v -4.262500 0.105741 -4.200000
v -4.261662 0.105741 -4.193927
v -4.259186 0.105741 -4.188227
v -4.255124 0.105741 -4.183278
v -4.248504 0.105741 -4.179909
v -4.250803 0.105741 -4.172845
v -4.250175 0.105741 -4.166473
v -4.247896 0.105741 -4.160692
v -4.244194 0.105741 -4.155806
v -4.239307 0.105741 -4.152103
v -4.233526 0.105741 -4.149824
v -4.227155 0.105741 -4.149197
v -4.220091 0.105741 -4.151496
v -4.216722 0.105741 -4.144876
v -4.211773 0.105741 -4.140813
v -4.206073 0.105741 -4.138337
v -4.200000 0.105741 -4.137500
v -4.193927 0.105741 -4.138337
v -4.188227 0.105741 -4.140813
v -4.183278 0.105741 -4.144876
v -4.179909 0.105741 -4.151496
v -4.172845 0.105741 -4.149197
v -4.166473 0.105741 -4.149824
v -4.160692 0.105741 -4.152103
v -4.155806 0.105741 -4.155806
v -4.152103 0.105741 -4.160692
v -4.149824 0.105741 -4.166473
v -4.149197 0.105741 -4.172845
v -4.151496 0.105741 -4.179909
v -4.144876 0.105741 -4.183278
v -4.140813 0.105741 -4.188227
v -4.138337 0.105741 -4.193927
v -4.146093 0.106750 -4.200000
v -4.146816 0.106750 -4.205238
v -4.148952 0.106750 -4.210154
v -4.152455 0.106750 -4.214422
v -4.158165 0.106750 -4.217328
v -4.156182 0.106750 -4.223421
v -4.156723 0.106750 -4.228916
v -4.158689 0.106750 -4.233902
v -4.161882 0.106750 -4.238117
v -4.166097 0.106750 -4.241311
v -4.171083 0.106750 -4.243277
v -4.176579 0.106750 -4.243817
v -4.182672 0.106750 -4.241834
v -4.185577 0.106750 -4.247545
v -4.189846 0.106750 -4.251048
v -4.194762 0.106750 -4.253184
v -4.200000 0.106750 -4.253906
v -4.205238 0.106750 -4.253184
v -4.210154 0.106750 -4.251048
v -4.214422 0.106750 -4.247545
v -4.217328 0.106750 -4.241834
v -4.223421 0.106750 -4.243817
v -4.228916 0.106750 -4.243277
v -4.233902 0.106750 -4.241311
v -4.238117 0.106750 -4.238117
v -4.241311 0.106750 -4.233902
v -4.243277 0.106750 -4.228916
v -4.243817 0.106750 -4.223421
v -4.241834 0.106750 -4.217328
v -4.247545 0.106750 -4.214422
v -4.251048 0.106750 -4.210154
v -4.253184 0.106750 -4.205238
v -4.253906 0.106750 -4.200000
v -4.253184 0.106750 -4.194762
v -4.251048 0.106750 -4.189846
v -4.247545 0.106750 -4.185577
v -4.241834 0.106750 -4.182672
v -4.243817 0.106750 -4.176579
v -4.243277 0.106750 -4.171083
v -4.241311 0.106750 -4.166097
v -4.238117 0.106750 -4.161882
v -4.233902 0.106750 -4.158689
v -4.228916 0.106750 -4.156723
v -4.223421 0.106750 -4.156182
v -4.217328 0.106750 -4.158165
v -4.214422 0.106750 -4.152455
v -4.210154 0.106750 -4.148952
v -4.205238 0.106750 -4.146816
v -4.200000 0.106750 -4.146093
v -4.194762 0.106750 -4.146816
v -4.189846 0.106750 -4.148952
v -4.185577 0.106750 -4.152455
v -4.182672 0.106750 -4.158165
v -4.176579 0.106750 -4.156182
v -4.171083 0.106750 -4.156723
v -4.166097 0.106750 -4.158689
v -4.161882 0.106750 -4.161882
v -4.158689 0.106750 -4.166097
v -4.156723 0.106750 -4.171083
v -4.156182 0.106750 -4.176579
v -4.158165 0.106750 -4.182672
v -4.152455 0.106750 -4.185577
v -4.148952 0.106750 -4.189846
v -4.146816 0.106750 -4.194762
v -4.155000 0.107259 -4.200000
v -4.155603 0.107259 -4.204372
v -4.157386 0.107259 -4.208476
v -4.160310 0.107259 -4.212039
v -4.165077 0.107259 -4.214465
v -4.163422 0.107259 -4.219551
v -4.163873 0.107259 -4.224139
v -4.165514 0.107259 -4.228301
v -4.168180 0.107259 -4.231820
v -4.171699 0.107259 -4.234485
v -4.175861 0.107259 -4.236126
v -4.180449 0.107259 -4.236578
v -4.185534 0.107259 -4.234922
v -4.187960 0.107259 -4.239689
v -4.191524 0.107259 -4.242614
v -4.195627 0.107259 -4.244397
v -4.200000 0.107259 -4.245000
v -4.204372 0.107259 -4.244397
v -4.208476 0.107259 -4.242614
v -4.212039 0.107259 -4.239689
v -4.214465 0.107259 -4.234922
v -4.219551 0.107259 -4.236578
v -4.224139 0.107259 -4.236126
v -4.228301 0.107259 -4.234485
v -4.231820 0.107259 -4.231820
v -4.234485 0.107259 -4.228301
v -4.236126 0.107259 -4.224139
v -4.236578 0.107259 -4.219551
v -4.234922 0.107259 -4.214465
v -4.239689 0.107259 -4.212039
v -4.242614 0.107259 -4.208476
v -4.244397 0.107259 -4.204372
v -4.245000 0.107259 -4.200000
v -4.244397 0.107259 -4.195627
v -4.242614 0.107259 -4.191524
v -4.239689 0.107259 -4.187960
v -4.234922 0.107259 -4.185534
v -4.236578 0.107259 -4.180449
v -4.236126 0.107259 -4.175861
v -4.234485 0.107259 -4.171699
v -4.231820 0.107259 -4.168180
v -4.228301 0.107259 -4.165514
v -4.224139 0.107259 -4.163873
v -4.219551 0.107259 -4.163422
v -4.214465 0.107259 -4.165077
v -4.212039 0.107259 -4.160310
v -4.208476 0.107259 -4.157386
v -4.204372 0.107259 -4.155603
v -4.200000 0.107259 -4.155000
v -4.195627 0.107259 -4.155603
v -4.191524 0.107259 -4.157386
v -4.187960 0.107259 -4.160310
v -4.185534 0.107259 -4.165077
v -4.180449 0.107259 -4.163422
v -4.175861 0.107259 -4.163873
v -4.171699 0.107259 -4.165514
v -4.168180 0.107259 -4.168180
v -4.165514 0.107259 -4.171699
v -4.163873 0.107259 -4.175861
v -4.163422 0.107259 -4.180449
v -4.165077 0.107259 -4.185534
v -4.160310 0.107259 -4.187960
v -4.157386 0.107259 -4.191524
v -4.155603 0.107259 -4.195627
v -4.163281 0.107324 -4.200000
v -4.163773 0.107324 -4.203568
v -4.165228 0.107324 -4.206916
v -4.167614 0.107324 -4.209824
v -4.171504 0.107324 -4.211803
v -4.170153 0.107324 -4.215953
v -4.170522 0.107324 -4.219697
v -4.171861 0.107324 -4.223093
v -4.174036 0.107324 -4.225964
v -4.176907 0.107324 -4.228139
v -4.180303 0.107324 -4.229478
v -4.184046 0.107324 -4.229846
v -4.188196 0.107324 -4.228496
v -4.190176 0.107324 -4.232386
v -4.193083 0.107324 -4.234772
v -4.196432 0.107324 -4.236227
v -4.200000 0.107324 -4.236719
v -4.203568 0.107324 -4.236227
v -4.206916 0.107324 -4.234772
v -4.209824 0.107324 -4.232386
v -4.211803 0.107324 -4.228496
v -4.215953 0.107324 -4.229846
v -4.219697 0.107324 -4.229478
v -4.223093 0.107324 -4.228139
v -4.225964 0.107324 -4.225964
v -4.228139 0.107324 -4.223093
v -4.229478 0.107324 -4.219697
v -4.229846 0.107324 -4.215953
v -4.228496 0.107324 -4.211803
v -4.232386 0.107324 -4.209824
v -4.234772 0.107324 -4.206916
v -4.236227 0.107324 -4.203568
v -4.236719 0.107324 -4.200000
v -4.236227 0.107324 -4.196432
v -4.234772 0.107324 -4.193083
v -4.232386 0.107324 -4.190176
v -4.228496 0.107324 -4.188196
v -4.229846 0.107324 -4.184046
v -4.229478 0.107324 -4.180303
v -4.228139 0.107324 -4.176907
v -4.225964 0.107324 -4.174036
v -4.223093 0.107324 -4.171861
v -4.219697 0.107324 -4.170522
v -4.215953 0.107324 -4.170153
v -4.211803 0.107324 -4.171504
v -4.209824 0.107324 -4.167614
v -4.206916 0.107324 -4.165228
v -4.203568 0.107324 -4.163773
v -4.200000 0.107324 -4.163281
v -4.196432 0.107324 -4.163773
v -4.193083 0.107324 -4.165228
v -4.190176 0.107324 -4.167614
v -4.188196 0.107324 -4.171504
v -4.184046 0.107324 -4.170153
v -4.180303 0.107324 -4.170522
v -4.176907 0.107324 -4.171861
v -4.174036 0.107324 -4.174036
v -4.171861 0.107324 -4.176907
v -4.170522 0.107324 -4.180303
v -4.170153 0.107324 -4.184046
v -4.171504 0.107324 -4.188196
v -4.167614 0.107324 -4.190176
v -4.165228 0.107324 -4.193083
v -4.163773 0.107324 -4.196432
v -4.170000 0.107000 -4.200000
v -4.170402 0.107000 -4.202915
v -4.171590 0.107000 -4.205651
v -4.173540 0.107000 -4.208026
v -4.176718 0.107000 -4.209643
v -4.175614 0.107000 -4.213034
v -4.175915 0.107000 -4.216093
v -4.177010 0.107000 -4.218867
v -4.178787 0.107000 -4.221213
v -4.181132 0.107000 -4.222990
v -4.183907 0.107000 -4.224084
v -4.186965 0.107000 -4.224385
v -4.190356 0.107000 -4.223281
v -4.191973 0.107000 -4.226460
v -4.194349 0.107000 -4.228409
v -4.197084 0.107000 -4.229598
v -4.200000 0.107000 -4.230000
v -4.202915 0.107000 -4.229598
v -4.205651 0.107000 -4.228409
v -4.208026 0.107000 -4.226460
v -4.209643 0.107000 -4.223281
v -4.213034 0.107000 -4.224385
v -4.216093 0.107000 -4.224084
v -4.218867 0.107000 -4.222990
v -4.221213 0.107000 -4.221213
v -4.222990 0.107000 -4.218867
v -4.224084 0.107000 -4.216093
v -4.224385 0.107000 -4.213034
v -4.223281 0.107000 -4.209643
v -4.226460 0.107000 -4.208026
v -4.228409 0.107000 -4.205651
v -4.229598 0.107000 -4.202915
v -4.230000 0.107000 -4.200000
v -4.229598 0.107000 -4.197084
v -4.228409 0.107000 -4.194349
v -4.226460 0.107000 -4.191973
v -4.223281 0.107000 -4.190356
v -4.224385 0.107000 -4.186965
v -4.224084 0.107000 -4.183907
v -4.222990 0.107000 -4.181132
v -4.221213 0.107000 -4.178787
v -4.218867 0.107000 -4.177010
v -4.216093 0.107000 -4.175915
v -4.213034 0.107000 -4.175614
v -4.209643 0.107000 -4.176718
v -4.208026 0.107000 -4.173540
v -4.205651 0.107000 -4.171590
v -4.202915 0.107000 -4.170402
v -4.200000 0.107000 -4.170000
v -4.197084 0.107000 -4.170402
v -4.194349 0.107000 -4.171590
v -4.191973 0.107000 -4.173540
v -4.190356 0.107000 -4.176718
v -4.186965 0.107000 -4.175614
v -4.183907 0.107000 -4.175915
v -4.181132 0.107000 -4.177010
v -4.178787 0.107000 -4.178787
v -4.177010 0.107000 -4.181132
v -4.175915 0.107000 -4.183907
v -4.175614 0.107000 -4.186965
v -4.176718 0.107000 -4.190356
v -4.173540 0.107000 -4.191973
v -4.171590 0.107000 -4.194349
v -4.170402 0.107000 -4.197084
v -4.173000 0.106500 -4.200000
v -4.173130 0.106500 -4.202646
v -4.173519 0.106500 -4.205267
v -4.174162 0.106500 -4.207838
v -4.175055 0.106500 -4.210332
v -4.176188 0.106500 -4.212728
v -4.177550 0.106500 -4.215000
v -4.179129 0.106500 -4.217128
v -4.180908 0.106500 -4.219092
v -4.182871 0.106500 -4.220871
v -4.184999 0.106500 -4.222449
v -4.187272 0.106500 -4.223812
v -4.189667 0.106500 -4.224945
v -4.192162 0.106500 -4.225837
v -4.194732 0.106500 -4.226481
v -4.197353 0.106500 -4.226870
v -4.200000 0.106500 -4.227000
v -4.202646 0.106500 -4.226870
v -4.205267 0.106500 -4.226481
v -4.207838 0.106500 -4.225837
v -4.210332 0.106500 -4.224945
v -4.212728 0.106500 -4.223812
v -4.215000 0.106500 -4.222449
v -4.217128 0.106500 -4.220871
v -4.219092 0.106500 -4.219092
v -4.220871 0.106500 -4.217128
v -4.222449 0.106500 -4.215000
v -4.223812 0.106500 -4.212728
v -4.224945 0.106500 -4.210332
v -4.225837 0.106500 -4.207838
v -4.226481 0.106500 -4.205267
v -4.226870 0.106500 -4.202646
v -4.227000 0.106500 -4.200000
v -4.226870 0.106500 -4.197353
v -4.226481 0.106500 -4.194732
v -4.225837 0.106500 -4.192162
v -4.224945 0.106500 -4.189667
v -4.223812 0.106500 -4.187272
v -4.222449 0.106500 -4.184999
v -4.220871 0.106500 -4.182871
v -4.219092 0.106500 -4.180908
v -4.217128 0.106500 -4.179129
v -4.215000 0.106500 -4.177550
v -4.212728 0.106500 -4.176188
v -4.210332 0.106500 -4.175055
v -4.207838 0.106500 -4.174162
v -4.205267 0.106500 -4.173519
v -4.202646 0.106500 -4.173130
v -4.200000 0.106500 -4.173000
v -4.197353 0.106500 -4.173130
v -4.194732 0.106500 -4.173519
v -4.192162 0.106500 -4.174162
v -4.189667 0.106500 -4.175055
v -4.187272 0.106500 -4.176188
v -4.184999 0.106500 -4.177550
v -4.182871 0.106500 -4.179129
v -4.180908 0.106500 -4.180908
v -4.179129 0.106500 -4.182871
v -4.177550 0.106500 -4.184999
v -4.176188 0.106500 -4.187272
v -4.175055 0.106500 -4.189667
v -4.174162 0.106500 -4.192162
v -4.173519 0.106500 -4.194732
v -4.173130 0.106500 -4.197353
v -4.175937 0.109113 -4.200000
v -4.176053 0.109113 -4.202358
v -4.176400 0.109113 -4.204694
v -4.176973 0.109113 -4.206985
v -4.177769 0.109113 -4.209208
v -4.178779 0.109113 -4.211343
v -4.179993 0.109113 -4.213368
v -4.181399 0.109113 -4.215265
v -4.182985 0.109113 -4.217015
v -4.184735 0.109113 -4.218600
v -4.186631 0.109113 -4.220007
v -4.188657 0.109113 -4.221221
v -4.190792 0.109113 -4.222230
v -4.193015 0.109113 -4.223026
v -4.195305 0.109113 -4.223600
v -4.197641 0.109113 -4.223947
v -4.200000 0.109113 -4.224062
v -4.202358 0.109113 -4.223947
v -4.204694 0.109113 -4.223600
v -4.206985 0.109113 -4.223026
v -4.209208 0.109113 -4.222230
v -4.211343 0.109113 -4.221221
v -4.213368 0.109113 -4.220007
v -4.215265 0.109113 -4.218600
v -4.217015 0.109113 -4.217015
v -4.218600 0.109113 -4.215265
v -4.220007 0.109113 -4.213368
v -4.221221 0.109113 -4.211343
v -4.222230 0.109113 -4.209208
v -4.223026 0.109113 -4.206985
v -4.223600 0.109113 -4.204694
v -4.223947 0.109113 -4.202358
v -4.224062 0.109113 -4.200000
v -4.223947 0.109113 -4.197641
v -4.223600 0.109113 -4.195305
v -4.223026 0.109113 -4.193015
v -4.222230 0.109113 -4.190792
v -4.221221 0.109113 -4.188657
v -4.220007 0.109113 -4.186631
v -4.218600 0.109113 -4.184735
v -4.217015 0.109113 -4.182985
v -4.215265 0.109113 -4.181399
v -4.213368 0.109113 -4.179993
v -4.211343 0.109113 -4.178779
v -4.209208 0.109113 -4.177769
v -4.206985 0.109113 -4.176973
v -4.204694 0.109113 -4.176400
v -4.202358 0.109113 -4.176053
v -4.200000 0.109113 -4.175937
v -4.197641 0.109113 -4.176053
v -4.195305 0.109113 -4.176400
v -4.193015 0.109113 -4.176973
v -4.190792 0.109113 -4.177769
v -4.188657 0.109113 -4.178779
v -4.186631 0.109113 -4.179993
v -4.184735 0.109113 -4.181399
v -4.182985 0.109113 -4.182985
v -4.181399 0.109113 -4.184735
v -4.179993 0.109113 -4.186631
v -4.178779 0.109113 -4.188657
v -4.177769 0.109113 -4.190792
v -4.176973 0.109113 -4.193015
v -4.176400 0.109113 -4.195305
v -4.176053 0.109113 -4.197641
v -4.180000 0.111407 -4.200000
v -4.180096 0.111407 -4.201960
v -4.180384 0.111407 -4.203902
v -4.180861 0.111407 -4.205805
v -4.181522 0.111407 -4.207654
v -4.182362 0.111407 -4.209428
v -4.183371 0.111407 -4.211111
v -4.184540 0.111407 -4.212687
v -4.185858 0.111407 -4.214142
v -4.187312 0.111407 -4.215460
v -4.188889 0.111407 -4.216629
v -4.190572 0.111407 -4.217638
v -4.192346 0.111407 -4.218477
v -4.194194 0.111407 -4.219139
v -4.196098 0.111407 -4.219615
v -4.198040 0.111407 -4.219903
v -4.200000 0.111407 -4.220000
v -4.201960 0.111407 -4.219903
v -4.203902 0.111407 -4.219615
v -4.205805 0.111407 -4.219139
v -4.207654 0.111407 -4.218477
v -4.209428 0.111407 -4.217638
v -4.211111 0.111407 -4.216629
v -4.212687 0.111407 -4.215460
v -4.214142 0.111407 -4.214142
v -4.215460 0.111407 -4.212687
v -4.216629 0.111407 -4.211111
v -4.217638 0.111407 -4.209428
v -4.218477 0.111407 -4.207654
v -4.219139 0.111407 -4.205805
v -4.219615 0.111407 -4.203902
v -4.219903 0.111407 -4.201960
v -4.220000 0.111407 -4.200000
v -4.219903 0.111407 -4.198040
v -4.219615 0.111407 -4.196098
v -4.219139 0.111407 -4.194194
v -4.218477 0.111407 -4.192346
v -4.217638 0.111407 -4.190572
v -4.216629 0.111407 -4.188889
v -4.215460 0.111407 -4.187312
v -4.214142 0.111407 -4.185858
v -4.212687 0.111407 -4.184540
v -4.211111 0.111407 -4.183371
v -4.209428 0.111407 -4.182362
v -4.207654 0.111407 -4.181522
v -4.205805 0.111407 -4.180861
v -4.203902 0.111407 -4.180384
v -4.201960 0.111407 -4.180096
v -4.200000 0.111407 -4.180000
v -4.198040 0.111407 -4.180096
v -4.196098 0.111407 -4.180384
v -4.194194 0.111407 -4.180861
v -4.192346 0.111407 -4.181522
v -4.190572 0.111407 -4.182362
v -4.188889 0.111407 -4.183371
v -4.187312 0.111407 -4.184540
v -4.185858 0.111407 -4.185858
v -4.184540 0.111407 -4.187312
v -4.183371 0.111407 -4.188889
v -4.182362 0.111407 -4.190572
v -4.181522 0.111407 -4.192346
v -4.180861 0.111407 -4.194194
v -4.180384 0.111407 -4.196098
v -4.180096 0.111407 -4.198040
v -4.184813 0.113312 -4.200000
v -4.184886 0.113312 -4.201488
v -4.185104 0.113312 -4.202963
v -4.185466 0.113312 -4.204409
v -4.185968 0.113312 -4.205812
v -4.186605 0.113312 -4.207159
v -4.187372 0.113312 -4.208437
v -4.188260 0.113312 -4.209635
v -4.189260 0.113312 -4.210739
v -4.190365 0.113312 -4.211740
v -4.191562 0.113312 -4.212628
v -4.192841 0.113312 -4.213394
v -4.194188 0.113312 -4.214031
v -4.195591 0.113312 -4.214533
v -4.197037 0.113312 -4.214895
v -4.198511 0.113312 -4.215114
v -4.200000 0.113312 -4.215187
v -4.201488 0.113312 -4.215114
v -4.202963 0.113312 -4.214895
v -4.204409 0.113312 -4.214533
v -4.205812 0.113312 -4.214031
v -4.207159 0.113312 -4.213394
v -4.208437 0.113312 -4.212628
v -4.209635 0.113312 -4.211740
v -4.210739 0.113312 -4.210739
v -4.211740 0.113312 -4.209635
v -4.212628 0.113312 -4.208437
v -4.213394 0.113312 -4.207159
v -4.214031 0.113312 -4.205812
v -4.214533 0.113312 -4.204409
v -4.214895 0.113312 -4.202963
v -4.215114 0.113312 -4.201488
v -4.215187 0.113312 -4.200000
v -4.215114 0.113312 -4.198511
v -4.214895 0.113312 -4.197037
v -4.214533 0.113312 -4.195591
v -4.214031 0.113312 -4.194188
v -4.213394 0.113312 -4.192841
v -4.212628 0.113312 -4.191562
v -4.211740 0.113312 -4.190365
v -4.210739 0.113312 -4.189260
v -4.209635 0.113312 -4.188260
v -4.208437 0.113312 -4.187372
v -4.207159 0.113312 -4.186605
v -4.205812 0.113312 -4.185968
v -4.204409 0.113312 -4.185466
v -4.202963 0.113312 -4.185104
v -4.201488 0.113312 -4.184886
v -4.200000 0.113312 -4.184813
v -4.198511 0.113312 -4.184886
v -4.197037 0.113312 -4.185104
v -4.195591 0.113312 -4.185466
v -4.194188 0.113312 -4.185968
v -4.192841 0.113312 -4.186605
v -4.191562 0.113312 -4.187372
v -4.190365 0.113312 -4.188260
v -4.189260 0.113312 -4.189260
v -4.188260 0.113312 -4.190365
v -4.187372 0.113312 -4.191562
v -4.186605 0.113312 -4.192841
v -4.185968 0.113312 -4.194188
v -4.185466 0.113312 -4.195591
v -4.185104 0.113312 -4.197037
v -4.184886 0.113312 -4.198511
v -4.190000 0.114759 -4.200000
v -4.190048 0.114759 -4.200980
v -4.190192 0.114759 -4.201951
v -4.190431 0.114759 -4.202903
v -4.190761 0.114759 -4.203826
v -4.191181 0.114759 -4.204714
v -4.191685 0.114759 -4.205555
v -4.192270 0.114759 -4.206344
v -4.192929 0.114759 -4.207071
v -4.193656 0.114759 -4.207730
v -4.194444 0.114759 -4.208314
v -4.195286 0.114759 -4.208819
v -4.196173 0.114759 -4.209239
v -4.197097 0.114759 -4.209569
v -4.198049 0.114759 -4.209808
v -4.199019 0.114759 -4.209952
v -4.200000 0.114759 -4.210000
v -4.200980 0.114759 -4.209952
v -4.201951 0.114759 -4.209808
v -4.202903 0.114759 -4.209569
v -4.203826 0.114759 -4.209239
v -4.204714 0.114759 -4.208819
v -4.205555 0.114759 -4.208314
v -4.206344 0.114759 -4.207730
v -4.207071 0.114759 -4.207071
v -4.207730 0.114759 -4.206344
v -4.208314 0.114759 -4.205555
v -4.208819 0.114759 -4.204714
v -4.209239 0.114759 -4.203826
v -4.209569 0.114759 -4.202903
v -4.209808 0.114759 -4.201951
v -4.209952 0.114759 -4.200980
v -4.210000 0.114759 -4.200000
v -4.209952 0.114759 -4.199019
v -4.209808 0.114759 -4.198049
v -4.209569 0.114759 -4.197097
v -4.209239 0.114759 -4.196173
v -4.208819 0.114759 -4.195286
v -4.208314 0.114759 -4.194444
v -4.207730 0.114759 -4.193656
v -4.207071 0.114759 -4.192929
v -4.206344 0.114759 -4.192270
v -4.205555 0.114759 -4.191685
v -4.204714 0.114759 -4.191181
v -4.203826 0.114759 -4.190761
v -4.202903 0.114759 -4.190431
v -4.201951 0.114759 -4.190192
v -4.200980 0.114759 -4.190048
v -4.200000 0.114759 -4.190000
v -4.199019 0.114759 -4.190048
v -4.198049 0.114759 -4.190192
v -4.197097 0.114759 -4.190431
v -4.196173 0.114759 -4.190761
v -4.195286 0.114759 -4.191181
v -4.194444 0.114759 -4.191685
v -4.193656 0.114759 -4.192270
v -4.192929 0.114759 -4.192929
v -4.192270 0.114759 -4.193656
v -4.191685 0.114759 -4.194444
v -4.191181 0.114759 -4.195286
v -4.190761 0.114759 -4.196173
v -4.190431 0.114759 -4.197097
v -4.190192 0.114759 -4.198049
v -4.190048 0.114759 -4.199019
v -4.195187 0.115678 -4.200000
v -4.195210 0.115678 -4.200471
v -4.195280 0.115678 -4.200939
v -4.195395 0.115678 -4.201397
v -4.195554 0.115678 -4.201841
v -4.195755 0.115678 -4.202269
v -4.195998 0.115678 -4.202673
v -4.196280 0.115678 -4.203053
v -4.196597 0.115678 -4.203403
v -4.196947 0.115678 -4.203720
v -4.197326 0.115678 -4.204001
v -4.197731 0.115678 -4.204244
v -4.198158 0.115678 -4.204446
v -4.198603 0.115678 -4.204605
v -4.199061 0.115678 -4.204720
v -4.199528 0.115678 -4.204789
v -4.200000 0.115678 -4.204813
v -4.200471 0.115678 -4.204789
v -4.200939 0.115678 -4.204720
v -4.201397 0.115678 -4.204605
v -4.201841 0.115678 -4.204446
v -4.202269 0.115678 -4.204244
v -4.202673 0.115678 -4.204001
v -4.203053 0.115678 -4.203720
v -4.203403 0.115678 -4.203403
v -4.203720 0.115678 -4.203053
v -4.204001 0.115678 -4.202673
v -4.204244 0.115678 -4.202269
v -4.204446 0.115678 -4.201841
v -4.204605 0.115678 -4.201397
v -4.204720 0.115678 -4.200939
v -4.204789 0.115678 -4.200471
v -4.204813 0.115678 -4.200000
v -4.204789 0.115678 -4.199528
v -4.204720 0.115678 -4.199061
v -4.204605 0.115678 -4.198603
v -4.204446 0.115678 -4.198158
v -4.204244 0.115678 -4.197731
v -4.204001 0.115678 -4.197326
v -4.203720 0.115678 -4.196947
v -4.203403 0.115678 -4.196597
v -4.203053 0.115678 -4.196280
v -4.202673 0.115678 -4.195998
v -4.202269 0.115678 -4.195755
v -4.201841 0.115678 -4.195554
v -4.201397 0.115678 -4.195395
v -4.200939 0.115678 -4.195280
v -4.200471 0.115678 -4.195210
v -4.200000 0.115678 -4.195187
v -4.199528 0.115678 -4.195210
v -4.199061 0.115678 -4.195280
v -4.198603 0.115678 -4.195395
v -4.198158 0.115678 -4.195554
v -4.197731 0.115678 -4.195755
v -4.197326 0.115678 -4.195998
v -4.196947 0.115678 -4.196280
v -4.196597 0.115678 -4.196597
v -4.196280 0.115678 -4.196947
v -4.195998 0.115678 -4.197326
v -4.195755 0.115678 -4.197731
v -4.195554 0.115678 -4.198158
v -4.195395 0.115678 -4.198603
v -4.195280 0.115678 -4.199061
v -4.195210 0.115678 -4.199528
v -4.200000 0.116000 -4.200000
v -4.200000 0.094000 4.200000
v -4.125000 0.094000 4.200000
v -4.126005 0.094000 4.192712
v -4.128976 0.094000 4.185873
v -4.133851 0.094000 4.179934
v -4.141795 0.094000 4.175891
v -4.139036 0.094000 4.167414
v -4.139789 0.094000 4.159768
v -4.142524 0.094000 4.152831
v -4.146967 0.094000 4.146967
v -4.152831 0.094000 4.142524
v -4.159768 0.094000 4.139789
v -4.167414 0.094000 4.139036
v -4.175891 0.094000 4.141795
v -4.179934 0.094000 4.133851
v -4.185873 0.094000 4.128976
v -4.192712 0.094000 4.126005
v -4.200000 0.094000 4.125000
v -4.207288 0.094000 4.126005
v -4.214127 0.094000 4.128976
v -4.220066 0.094000 4.133851
v -4.224109 0.094000 4.141795
v -4.232585 0.094000 4.139036
v -4.240232 0.094000 4.139789
v -4.247169 0.094000 4.142524
v -4.253033 0.094000 4.146967
v -4.257475 0.094000 4.152831
v -4.260211 0.094000 4.159768
v -4.260963 0.094000 4.167414
v -4.258204 0.094000 4.175891
v -4.266149 0.094000 4.179934
v -4.271023 0.094000 4.185873
v -4.273995 0.094000 4.192712
v -4.275000 0.094000 4.200000
v -4.273995 0.094000 4.207288
v -4.271023 0.094000 4.214127
v -4.266149 0.094000 4.220066
v -4.258204 0.094000 4.224109
v -4.260963 0.094000 4.232585
v -4.260211 0.094000 4.240232
v -4.257475 0.094000 4.247169
v -4.253033 0.094000 4.253033
v -4.247169 0.094000 4.257475
v -4.240232 0.094000 4.260211
v -4.232585 0.094000 4.260963
v -4.224109 0.094000 4.258204
v -4.220066 0.094000 4.266149
v -4.214127 0.094000 4.271023
v -4.207288 0.094000 4.273995
v -4.200000 0.094000 4.275000
v -4.192712 0.094000 4.273995
v -4.185873 0.094000 4.271023
v -4.179934 0.094000 4.266149
v -4.175891 0.094000 4.258204
v -4.167414 0.094000 4.260963
v -4.159768 0.094000 4.260211
v -4.152831 0.094000 4.257475
v -4.146967 0.094000 4.253033
v -4.142524 0.094000 4.247169
v -4.139789 0.094000 4.240232
v -4.139036 0.094000 4.232585
v -4.141795 0.094000 4.224109
v -4.133851 0.094000 4.220066
v -4.128976 0.094000 4.214127
v -4.126005 0.094000 4.207288
v -4.125000 0.100673 4.200000
v -4.126005 0.100673 4.192712
v -4.128976 0.100673 4.185873
v -4.133851 0.100673 4.179934
v -4.141795 0.100673 4.175891
v -4.139036 0.100673 4.167414
v -4.139789 0.100673 4.159768
v -4.142524 0.100673 4.152831
v -4.146967 0.100673 4.146967
v -4.152831 0.100673 4.142524
v -4.159768 0.100673 4.139789
v -4.167414 0.100673 4.139036
v -4.175891 0.100673 4.141795
v -4.179934 0.100673 4.133851
v -4.185873 0.100673 4.128976
v -4.192712 0.100673 4.126005
v -4.200000 0.100673 4.125000
v -4.207288 0.100673 4.126005
v -4.214127 0.100673 4.128976
v -4.220066 0.100673 4.133851
v -4.224109 0.100673 4.141795
v -4.232585 0.100673 4.139036
v -4.240232 0.100673 4.139789
v -4.247169 0.100673 4.142524
v -4.253033 0.100673 4.146967
v -4.257475 0.100673 4.152831
v -4.260211 0.100673 4.159768
v -4.260963 0.100673 4.167414
v -4.258204 0.100673 4.175891
v -4.266149 0.100673 4.179934
v -4.271023 0.100673 4.185873
v -4.273995 0.100673 4.192712
v -4.275000 0.100673 4.200000
v -4.273995 0.100673 4.207288
v -4.271023 0.100673 4.214127
v -4.266149 0.100673 4.220066
v -4.258204 0.100673 4.224109
v -4.260963 0.100673 4.232585
v -4.260211 0.100673 4.240232
v -4.257475 0.100673 4.247169
v -4.253033 0.100673 4.253033
v -4.247169 0.100673 4.257475
v -4.240232 0.100673 4.260211
v -4.232585 0.100673 4.260963
v -4.224109 0.100673 4.258204
v -4.220066 0.100673 4.266149
v -4.214127 0.100673 4.271023
v -4.207288 0.100673 4.273995
v -4.200000 0.100673 4.275000
v -4.192712 0.100673 4.273995
v -4.185873 0.100673 4.271023
v -4.179934 0.100673 4.266149
v -4.175891 0.100673 4.258204
v -4.167414 0.100673 4.260963
v -4.159768 0.100673 4.260211
v -4.152831 0.100673 4.257475
v -4.146967 0.100673 4.253033
v -4.142524 0.100673 4.247169
v -4.139789 0.100673 4.240232
v -4.139036 0.100673 4.232585
v -4.141795 0.100673 4.224109
v -4.133851 0.100673 4.220066
v -4.128976 0.100673 4.214127
v -4.126005 0.100673 4.207288
v -4.126222 0.102516 4.200000
v -4.127211 0.102516 4.192831
v -4.130134 0.102516 4.186102
v -4.134929 0.102516 4.180261
v -4.142744 0.102516 4.176284
v -4.140030 0.102516 4.167945
v -4.140770 0.102516 4.160424
v -4.143461 0.102516 4.153600
v -4.147831 0.102516 4.147831
v -4.153600 0.102516 4.143461
v -4.160424 0.102516 4.140770
v -4.167945 0.102516 4.140030
v -4.176284 0.102516 4.142744
v -4.180261 0.102516 4.134929
v -4.186102 0.102516 4.130134
v -4.192831 0.102516 4.127211
v -4.200000 0.102516 4.126222
v -4.207169 0.102516 4.127211
v -4.213897 0.102516 4.130134
v -4.219739 0.102516 4.134929
v -4.223716 0.102516 4.142744
v -4.232054 0.102516 4.140030
v -4.239576 0.102516 4.140770
v -4.246400 0.102516 4.143461
v -4.252169 0.102516 4.147831
v -4.256539 0.102516 4.153600
v -4.259229 0.102516 4.160424
v -4.259970 0.102516 4.167945
v -4.257256 0.102516 4.176284
v -4.265071 0.102516 4.180261
v -4.269866 0.102516 4.186102
v -4.272789 0.102516 4.192831
v -4.273777 0.102516 4.200000
v -4.272789 0.102516 4.207169
v -4.269866 0.102516 4.213897
v -4.265071 0.102516 4.219739
v -4.257256 0.102516 4.223716
v -4.259970 0.102516 4.232054
v -4.259229 0.102516 4.239576
v -4.256539 0.102516 4.246400
v -4.252169 0.102516 4.252169
v -4.246400 0.102516 4.256539
v -4.239576 0.102516 4.259229
v -4.232054 0.102516 4.259970
v -4.223716 0.102516 4.257256
v -4.219739 0.102516 4.265071
v -4.213897 0.102516 4.269866
v -4.207169 0.102516 4.272789
v -4.200000 0.102516 4.273777
v -4.192831 0.102516 4.272789
v -4.186102 0.102516 4.269866
v -4.180261 0.102516 4.265071
v -4.176284 0.102516 4.257256
v -4.167945 0.102516 4.259970
v -4.160424 0.102516 4.259229
v -4.153600 0.102516 4.256539
v -4.147831 0.102516 4.252169
v -4.143461 0.102516 4.246400
v -4.140770 0.102516 4.239576
v -4.140030 0.102516 4.232054
v -4.142744 0.102516 4.223716
v -4.134929 0.102516 4.219739
v -4.130134 0.102516 4.213897
v -4.127211 0.102516 4.207169
v -4.130156 0.104176 4.200000
v -4.131092 0.104176 4.193213
v -4.133859 0.104176 4.186843
v -4.138398 0.104176 4.181313
v -4.145797 0.104176 4.177548
v -4.143228 0.104176 4.169654
v -4.143929 0.104176 4.162534
v -4.146476 0.104176 4.156074
v -4.150613 0.104176 4.150613
v -4.156074 0.104176 4.146476
v -4.162534 0.104176 4.143929
v -4.169654 0.104176 4.143228
v -4.177548 0.104176 4.145797
v -4.181313 0.104176 4.138398
v -4.186843 0.104176 4.133859
v -4.193213 0.104176 4.131092
v -4.200000 0.104176 4.130156
v -4.206787 0.104176 4.131092
v -4.213156 0.104176 4.133859
v -4.218687 0.104176 4.138398
v -4.222451 0.104176 4.145797
v -4.230345 0.104176 4.143228
v -4.237465 0.104176 4.143929
v -4.243926 0.104176 4.146476
v -4.249387 0.104176 4.150613
v -4.253524 0.104176 4.156074
v -4.256071 0.104176 4.162534
v -4.256772 0.104176 4.169654
v -4.254203 0.104176 4.177548
v -4.261601 0.104176 4.181313
v -4.266140 0.104176 4.186843
v -4.268908 0.104176 4.193213
v -4.269844 0.104176 4.200000
v -4.268908 0.104176 4.206787
v -4.266140 0.104176 4.213156
v -4.261601 0.104176 4.218687
v -4.254203 0.104176 4.222451
v -4.256772 0.104176 4.230345
v -4.256071 0.104176 4.237465
v -4.253524 0.104176 4.243926
v -4.249387 0.104176 4.249387
v -4.243926 0.104176 4.253524
v -4.237465 0.104176 4.256071
v -4.230345 0.104176 4.256772
v -4.222451 0.104176 4.254203
v -4.218687 0.104176 4.261601
v -4.213156 0.104176 4.266140
v -4.206787 0.104176 4.268908
v -4.200000 0.104176 4.269844
v -4.193213 0.104176 4.268908
v -4.186843 0.104176 4.266140
v -4.181313 0.104176 4.261601
v -4.177548 0.104176 4.254203
v -4.169654 0.104176 4.256772
v -4.162534 0.104176 4.256071
v -4.156074 0.104176 4.253524
v -4.150613 0.104176 4.249387
v -4.146476 0.104176 4.243926
v -4.143929 0.104176 4.237465
v -4.143228 0.104176 4.230345
v -4.145797 0.104176 4.222451
v -4.138398 0.104176 4.218687
v -4.133859 0.104176 4.213156
v -4.131092 0.104176 4.206787
v -4.137500 0.105741 4.200000
v -4.138337 0.105741 4.193927
v -4.140813 0.105741 4.188227
v -4.144876 0.105741 4.183278
v -4.151496 0.105741 4.179909
v -4.149197 0.105741 4.172845
v -4.149824 0.105741 4.166473
v -4.152103 0.105741 4.160692
v -4.155806 0.105741 4.155806
v -4.160692 0.105741 4.152103
v -4.166473 0.105741 4.149824
v -4.172845 0.105741 4.149197
v -4.179909 0.105741 4.151496
v -4.183278 0.105741 4.144876
v -4.188227 0.105741 4.140813
v -4.193927 0.105741 4.138337
v -4.200000 0.105741 4.137500
v -4.206073 0.105741 4.138337
v -4.211773 0.105741 4.140813
v -4.216722 0.105741 4.144876
v -4.220091 0.105741 4.151496
v -4.227155 0.105741 4.149197
v -4.233526 0.105741 4.149824
v -4.239307 0.105741 4.152103
v -4.244194 0.105741 4.155806
v -4.247896 0.105741 4.160692
v -4.250175 0.105741 4.166473
v -4.250803 0.105741 4.172845
v -4.248504 0.105741 4.179909
v -4.255124 0.105741 4.183278
v -4.259186 0.105741 4.188227
v -4.261662 0.105741 4.193927
v -4.262500 0.105741 4.200000
v -4.261662 0.105741 4.206073
v -4.259186 0.105741 4.211773
v -4.255124 0.105741 4.216722
v -4.248504 0.105741 4.220091
v -4.250803 0.105741 4.227155
v -4.250175 0.105741 4.233526
v -4.247896 0.105741 4.239307
v -4.244194 0.105741 4.244194
v -4.239307 0.105741 4.247896
v -4.233526 0.105741 4.250175
v -4.227155 0.105741 4.250803
v -4.220091 0.105741 4.248504
v -4.216722 0.105741 4.255124
v -4.211773 0.105741 4.259186
v -4.206073 0.105741 4.261662
v -4.200000 0.105741 4.262500
v -4.193927 0.105741 4.261662
v -4.188227 0.105741 4.259186
v -4.183278 0.105741 4.255124
v -4.179909 0.105741 4.248504
v -4.172845 0.105741 4.250803
v -4.166473 0.105741 4.250175
v -4.160692 0.105741 4.247896
v -4.155806 0.105741 4.244194
v -4.152103 0.105741 4.239307
v -4.149824 0.105741 4.233526
v -4.149197 0.105741 4.227155
v -4.151496 0.105741 4.220091
v -4.144876 0.105741 4.216722
v -4.140813 0.105741 4.211773
v -4.138337 0.105741 4.206073
v -4.146093 0.106750 4.200000
v -4.146816 0.106750 4.194762
v -4.148952 0.106750 4.189846
v -4.152455 0.106750 4.185577
v -4.158165 0.106750 4.182672
v -4.156182 0.106750 4.176579
v -4.156723 0.106750 4.171083
v -4.158689 0.106750 4.166097
v -4.161882 0.106750 4.161882
v -4.166097 0.106750 4.158689
v -4.171083 0.106750 4.156723
v -4.176579 0.106750 4.156182
v -4.182672 0.106750 4.158165
v -4.185577 0.106750 4.152455
v -4.189846 0.106750 4.148952
v -4.194762 0.106750 4.146816
v -4.200000 0.106750 4.146093
v -4.205238 0.106750 4.146816
v -4.210154 0.106750 4.148952
v -4.214422 0.106750 4.152455
v -4.217328 0.106750 4.158165
v -4.223421 0.106750 4.156182
v -4.228916 0.106750 4.156723
v -4.233902 0.106750 4.158689
v -4.238117 0.106750 4.161882
v -4.241311 0.106750 4.166097
v -4.243277 0.106750 4.171083
v -4.243817 0.106750 4.176579
v -4.241834 0.106750 4.182672
v -4.247545 0.106750 4.185577
v -4.251048 0.106750 4.189846
v -4.253184 0.106750 4.194762
v -4.253906 0.106750 4.200000
v -4.253184 0.106750 4.205238
v -4.251048 0.106750 4.210154
v -4.247545 0.106750 4.214422
v -4.241834 0.106750 4.217328
v -4.243817 0.106750 4.223421
v -4.243277 0.106750 4.228916
v -4.241311 0.106750 4.233902
v -4.238117 0.106750 4.238117
v -4.233902 0.106750 4.241311
v -4.228916 0.106750 4.243277
v -4.223421 0.106750 4.243817
v -4.217328 0.106750 4.241834
v -4.214422 0.106750 4.247545
v -4.210154 0.106750 4.251048
v -4.205238 0.106750 4.253184
v -4.200000 0.106750 4.253906
v -4.194762 0.106750 4.253184
v -4.189846 0.106750 4.251048
v -4.185577 0.106750 4.247545
v -4.182672 0.106750 4.241834
v -4.176579 0.106750 4.243817
v -4.171083 0.106750 4.243277
v -4.166097 0.106750 4.241311
v -4.161882 0.106750 4.238117
v -4.158689 0.106750 4.233902
v -4.156723 0.106750 4.228916
v -4.156182 0.106750 4.223421
v -4.158165 0.106750 4.217328
v -4.152455 0.106750 4.214422
v -4.148952 0.106750 4.210154
v -4.146816 0.106750 4.205238
v -4.155000 0.107259 4.200000
v -4.155603 0.107259 4.195627
v -4.157386 0.107259 4.191524
v -4.160310 0.107259 4.187960
v -4.165077 0.107259 4.185534
v -4.163422 0.107259 4.180449
v -4.163873 0.107259 4.175861
v -4.165514 0.107259 4.171699
v -4.168180 0.107259 4.168180
v -4.171699 0.107259 4.165514
v -4.175861 0.107259 4.163873
v -4.180449 0.107259 4.163422
v -4.185534 0.107259 4.165077
v -4.187960 0.107259 4.160310
v -4.191524 0.107259 4.157386
v -4.195627 0.107259 4.155603
v -4.200000 0.107259 4.155000
v -4.204372 0.107259 4.155603
v -4.208476 0.107259 4.157386
v -4.212039 0.107259 4.160310
v -4.214465 0.107259 4.165077
v -4.219551 0.107259 4.163422
v -4.224139 0.107259 4.163873
v -4.228301 0.107259 4.165514
v -4.231820 0.107259 4.168180
v -4.234485 0.107259 4.171699
v -4.236126 0.107259 4.175861
v -4.236578 0.107259 4.180449
v -4.234922 0.107259 4.185534
v -4.239689 0.107259 4.187960
v -4.242614 0.107259 4.191524
v -4.244397 0.107259 4.195627
v -4.245000 0.107259 4.200000
v -4.244397 0.107259 4.204372
v -4.242614 0.107259 4.208476
v -4.239689 0.107259 4.212039
v -4.234922 0.107259 4.214465
v -4.236578 0.107259 4.219551
v -4.236126 0.107259 4.224139
v -4.234485 0.107259 4.228301
v -4.231820 0.107259 4.231820
v -4.228301 0.107259 4.234485
v -4.224139 0.107259 4.236126
v -4.219551 0.107259 4.236578
v -4.214465 0.107259 4.234922
v -4.212039 0.107259 4.239689
v -4.208476 0.107259 4.242614
v -4.204372 0.107259 4.244397
v -4.200000 0.107259 4.245000
v -4.195627 0.107259 4.244397
v -4.191524 0.107259 4.242614
v -4.187960 0.107259 4.239689
v -4.185534 0.107259 4.234922
v -4.180449 0.107259 4.236578
v -4.175861 0.107259 4.236126
v -4.171699 0.107259 4.234485
v -4.168180 0.107259 4.231820
v -4.165514 0.107259 4.228301
v -4.163873 0.107259 4.224139
v -4.163422 0.107259 4.219551
v -4.165077 0.107259 4.214465
v -4.160310 0.107259 4.212039
v -4.157386 0.107259 4.208476
v -4.155603 0.107259 4.204372
v -4.163281 0.107324 4.200000
v -4.163773 0.107324 4.196432
v -4.165228 0.107324 4.193083
v -4.167614 0.107324 4.190176
v -4.171504 0.107324 4.188196
v -4.170153 0.107324 4.184046
v -4.170522 0.107324 4.180303
v -4.171861 0.107324 4.176907
v -4.174036 0.107324 4.174036
v -4.176907 0.107324 4.171861
v -4.180303 0.107324 4.170522
v -4.184046 0.107324 4.170153
v -4.188196 0.107324 4.171504
v -4.190176 0.107324 4.167614
v -4.193083 0.107324 4.165228
v -4.196432 0.107324 4.163773
v -4.200000 0.107324 4.163281
v -4.203568 0.107324 4.163773
v -4.206916 0.107324 4.165228
v -4.209824 0.107324 4.167614
v -4.211803 0.107324 4.171504
v -4.215953 0.107324 4.170153
v -4.219697 0.107324 4.170522
v -4.223093 0.107324 4.171861
v -4.225964 0.107324 4.174036
v -4.228139 0.107324 4.176907
v -4.229478 0.107324 4.180303
v -4.229846 0.107324 4.184046
v -4.228496 0.107324 4.188196
v -4.232386 0.107324 4.190176
v -4.234772 0.107324 4.193083
v -4.236227 0.107324 4.196432
v -4.236719 0.107324 4.200000
v -4.236227 0.107324 4.203568
v -4.234772 0.107324 4.206916
v -4.232386 0.107324 4.209824
v -4.228496 0.107324 4.211803
v -4.229846 0.107324 4.215953
v -4.229478 0.107324 4.219697
v -4.228139 0.107324 4.223093
v -4.225964 0.107324 4.225964
v -4.223093 0.107324 4.228139
v -4.219697 0.107324 4.229478
v -4.215953 0.107324 4.229846
v -4.211803 0.107324 4.228496
v -4.209824 0.107324 4.232386
v -4.206916 0.107324 4.234772
v -4.203568 0.107324 4.236227
v -4.200000 0.107324 4.236719
v -4.196432 0.107324 4.236227
v -4.193083 0.107324 4.234772
v -4.190176 0.107324 4.232386
v -4.188196 0.107324 4.228496
v -4.184046 0.107324 4.229846
v -4.180303 0.107324 4.229478
v -4.176907 0.107324 4.228139
v -4.174036 0.107324 4.225964
v -4.171861 0.107324 4.223093
v -4.170522 0.107324 4.219697
v -4.170153 0.107324 4.215953
v -4.171504 0.107324 4.211803
v -4.167614 0.107324 4.209824
v -4.165228 0.107324 4.206916
v -4.163773 0.107324 4.203568
v -4.170000 0.107000 4.200000
v -4.170402 0.107000 4.197084
v -4.171590 0.107000 4.194349
v -4.173540 0.107000 4.191973
v -4.176718 0.107000 4.190356
v -4.175614 0.107000 4.186965
v -4.175915 0.107000 4.183907
v -4.177010 0.107000 4.181132
v -4.178787 0.107000 4.178787
v -4.181132 0.107000 4.177010
v -4.183907 0.107000 4.175915
v -4.186965 0.107000 4.175614
v -4.190356 0.107000 4.176718
v -4.191973 0.107000 4.173540
v -4.194349 0.107000 4.171590
v -4.197084 0.107000 4.170402
v -4.200000 0.107000 4.170000
v -4.202915 0.107000 4.170402
v -4.205651 0.107000 4.171590
v -4.208026 0.107000 4.173540
v -4.209643 0.107000 4.176718
v -4.213034 0.107000 4.175614
v -4.216093 0.107000 4.175915
v -4.218867 0.107000 4.177010
v -4.221213 0.107000 4.178787
v -4.222990 0.107000 4.181132
v -4.224084 0.107000 4.183907
v -4.224385 0.107000 4.186965
v -4.223281 0.107000 4.190356
v -4.226460 0.107000 4.191973
v -4.228409 0.107000 4.194349
v -4.229598 0.107000 4.197084
v -4.230000 0.107000 4.200000
v -4.229598 0.107000 4.202915
v -4.228409 0.107000 4.205651
v -4.226460 0.107000 4.208026
v -4.223281 0.107000 4.209643
v -4.224385 0.107000 4.213034
v -4.224084 0.107000 4.216093
v -4.222990 0.107000 4.218867
v -4.221213 0.107000 4.221213
v -4.218867 0.107000 4.222990
v -4.216093 0.107000 4.224084
v -4.213034 0.107000 4.224385
v -4.209643 0.107000 4.223281
v -4.208026 0.107000 4.226460
v -4.205651 0.107000 4.228409
v -4.202915 0.107000 4.229598
v -4.200000 0.107000 4.230000
v -4.197084 0.107000 4.229598
v -4.194349 0.107000 4.228409
v -4.191973 0.107000 4.226460
v -4.190356 0.107000 4.223281
v -4.186965 0.107000 4.224385
v -4.183907 0.107000 4.224084
v -4.181132 0.107000 4.222990
v -4.178787 0.107000 4.221213
v -4.177010 0.107000 4.218867
v -4.175915 0.107000 4.216093
v -4.175614 0.107000 4.213034
v -4.176718 0.107000 4.209643
v -4.173540 0.107000 4.208026
v -4.171590 0.107000 4.205651
v -4.170402 0.107000 4.202915
v -4.173000 0.106500 4.200000
v -4.173130 0.106500 4.197353
v -4.173519 0.106500 4.194732
v -4.174162 0.106500 4.192162
v -4.175055 0.106500 4.189667
v -4.176188 0.106500 4.187272
v -4.177550 0.106500 4.184999
v -4.179129 0.106500 4.182871
v -4.180908 0.106500 4.180908
v -4.182871 0.106500 4.179129
v -4.184999 0.106500 4.177550
v -4.187272 0.106500 4.176188
v -4.189667 0.106500 4.175055
v -4.192162 0.106500 4.174162
v -4.194732 0.106500 4.173519
v -4.197353 0.106500 4.173130
v -4.200000 0.106500 4.173000
v -4.202646 0.106500 4.173130
v -4.205267 0.106500 4.173519
v -4.207838 0.106500 4.174162
v -4.210332 0.106500 4.175055
v -4.212728 0.106500 4.176188
v -4.215000 0.106500 4.177550
v -4.217128 0.106500 4.179129
v -4.219092 0.106500 4.180908
v -4.220871 0.106500 4.182871
v -4.222449 0.106500 4.184999
v -4.223812 0.106500 4.187272
v -4.224945 0.106500 4.189667
v -4.225837 0.106500 4.192162
v -4.226481 0.106500 4.194732
v -4.226870 0.106500 4.197353
v -4.227000 0.106500 4.200000
v -4.226870 0.106500 4.202646
v -4.226481 0.106500 4.205267
v -4.225837 0.106500 4.207838
v -4.224945 0.106500 4.210332
v -4.223812 0.106500 4.212728
v -4.222449 0.106500 4.215000
v -4.220871 0.106500 4.217128
v -4.219092 0.106500 4.219092
v -4.217128 0.106500 4.220871
v -4.215000 0.106500 4.222449
v -4.212728 0.106500 4.223812
v -4.210332 0.106500 4.224945
v -4.207838 0.106500 4.225837
v -4.205267 0.106500 4.226481
v -4.202646 0.106500 4.226870
v -4.200000 0.106500 4.227000
v -4.197353 0.106500 4.226870
v -4.194732 0.106500 4.226481
v -4.192162 0.106500 4.225837
v -4.189667 0.106500 4.224945
v -4.187272 0.106500 4.223812
v -4.184999 0.106500 4.222449
v -4.182871 0.106500 4.220871
v -4.180908 0.106500 4.219092
v -4.179129 0.106500 4.217128
v -4.177550 0.106500 4.215000
v -4.176188 0.106500 4.212728
v -4.175055 0.106500 4.210332
v -4.174162 0.106500 4.207838
v -4.173519 0.106500 4.205267
v -4.173130 0.106500 4.202646
v -4.175937 0.109113 4.200000
v -4.176053 0.109113 4.197641
v -4.176400 0.109113 4.195305
v -4.176973 0.109113 4.193015
v -4.177769 0.109113 4.190792
v -4.178779 0.109113 4.188657
v -4.179993 0.109113 4.186631
v -4.181399 0.109113 4.184735
v -4.182985 0.109113 4.182985
v -4.184735 0.109113 4.181399
v -4.186631 0.109113 4.179993
v -4.188657 0.109113 4.178779
v -4.190792 0.109113 4.177769
v -4.193015 0.109113 4.176973
v -4.195305 0.109113 4.176400
v -4.197641 0.109113 4.176053
v -4.200000 0.109113 4.175937
v -4.202358 0.109113 4.176053
v -4.204694 0.109113 4.176400
v -4.206985 0.109113 4.176973
v -4.209208 0.109113 4.177769
v -4.211343 0.109113 4.178779
v -4.213368 0.109113 4.179993
v -4.215265 0.109113 4.181399
v -4.217015 0.109113 4.182985
v -4.218600 0.109113 4.184735
v -4.220007 0.109113 4.186631
v -4.221221 0.109113 4.188657
v -4.222230 0.109113 4.190792
v -4.223026 0.109113 4.193015
v -4.223600 0.109113 4.195305
v -4.223947 0.109113 4.197641
v -4.224062 0.109113 4.200000
v -4.223947 0.109113 4.202358
v -4.223600 0.109113 4.204694
v -4.223026 0.109113 4.206985
v -4.222230 0.109113 4.209208
v -4.221221 0.109113 4.211343
v -4.220007 0.109113 4.213368
v -4.218600 0.109113 4.215265
v -4.217015 0.109113 4.217015
v -4.215265 0.109113 4.218600
v -4.213368 0.109113 4.220007
v -4.211343 0.109113 4.221221
v -4.209208 0.109113 4.222230
v -4.206985 0.109113 4.223026
v -4.204694 0.109113 4.223600
v -4.202358 0.109113 4.223947
v -4.200000 0.109113 4.224062
v -4.197641 0.109113 4.223947
v -4.195305 0.109113 4.223600
v -4.193015 0.109113 4.223026
v -4.190792 0.109113 4.222230
v -4.188657 0.109113 4.221221
v -4.186631 0.109113 4.220007
v -4.184735 0.109113 4.218600
v -4.182985 0.109113 4.217015
v -4.181399 0.109113 4.215265
v -4.179993 0.109113 4.213368
v -4.178779 0.109113 4.211343
v -4.177769 0.109113 4.209208
v -4.176973 0.109113 4.206985
v -4.176400 0.109113 4.204694
v -4.176053 0.109113 4.202358
v -4.180000 0.111407 4.200000
v -4.180096 0.111407 4.198040
v -4.180384 0.111407 4.196098
v -4.180861 0.111407 4.194194
v -4.181522 0.111407 4.192346
v -4.182362 0.111407 4.190572
v -4.183371 0.111407 4.188889
v -4.184540 0.111407 4.187312
v -4.185858 0.111407 4.185858
v -4.187312 0.111407 4.184540
v -4.188889 0.111407 4.183371
v -4.190572 0.111407 4.182362
v -4.192346 0.111407 4.181522
v -4.194194 0.111407 4.180861
v -4.196098 0.111407 4.180384
v -4.198040 0.111407 4.180096
v -4.200000 0.111407 4.180000
v -4.201960 0.111407 4.180096
v -4.203902 0.111407 4.180384
v -4.205805 0.111407 4.180861
v -4.207654 0.111407 4.181522
v -4.209428 0.111407 4.182362
v -4.211111 0.111407 4.183371
v -4.212687 0.111407 4.184540
v -4.214142 0.111407 4.185858
v -4.215460 0.111407 4.187312
v -4.216629 0.111407 4.188889
v -4.217638 0.111407 4.190572
v -4.218477 0.111407 4.192346
v -4.219139 0.111407 4.194194
v -4.219615 0.111407 4.196098
v -4.219903 0.111407 4.198040
v -4.220000 0.111407 4.200000
v -4.219903 0.111407 4.201960
v -4.219615 0.111407 4.203902
v -4.219139 0.111407 4.205805
v -4.218477 0.111407 4.207654
v -4.217638 0.111407 4.209428
v -4.216629 0.111407 4.211111
v -4.215460 0.111407 4.212687
v -4.214142 0.111407 4.214142
v -4.212687 0.111407 4.215460
v -4.211111 0.111407 4.216629
v -4.209428 0.111407 4.217638
v -4.207654 0.111407 4.218477
v -4.205805 0.111407 4.219139
v -4.203902 0.111407 4.219615
v -4.201960 0.111407 4.219903
v -4.200000 0.111407 4.220000
v -4.198040 0.111407 4.219903
v -4.196098 0.111407 4.219615
v -4.194194 0.111407 4.219139
v -4.192346 0.111407 4.218477
v -4.190572 0.111407 4.217638
v -4.188889 0.111407 4.216629
v -4.187312 0.111407 4.215460
v -4.185858 0.111407 4.214142
v -4.184540 0.111407 4.212687
v -4.183371 0.111407 4.211111
v -4.182362 0.111407 4.209428
v -4.181522 0.111407 4.207654
v -4.180861 0.111407 4.205805
v -4.180384 0.111407 4.203902
v -4.180096 0.111407 4.201960
v -4.184813 0.113312 4.200000
v -4.184886 0.113312 4.198511
v -4.185104 0.113312 4.197037
v -4.185466 0.113312 4.195591
v -4.185968 0.113312 4.194188
v -4.186605 0.113312 4.192841
v -4.187372 0.113312 4.191562
v -4.188260 0.113312 4.190365
v -4.189260 0.113312 4.189260
v -4.190365 0.113312 4.188260
v -4.191562 0.113312 4.187372
v -4.192841 0.113312 4.186605
v -4.194188 0.113312 4.185968
v -4.195591 0.113312 4.185466
v -4.197037 0.113312 4.185104
v -4.198511 0.113312 4.184886
v -4.200000 0.113312 4.184813
v -4.201488 0.113312 4.184886
v -4.202963 0.113312 4.185104
v -4.204409 0.113312 4.185466
v -4.205812 0.113312 4.185968
v -4.207159 0.113312 4.186605
v -4.208437 0.113312 4.187372
v -4.209635 0.113312 4.188260
v -4.210739 0.113312 4.189260
v -4.211740 0.113312 4.190365
v -4.212628 0.113312 4.191562
v -4.213394 0.113312 4.192841
v -4.214031 0.113312 4.194188
v -4.214533 0.113312 4.195591
v -4.214895 0.113312 4.197037
v -4.215114 0.113312 4.198511
v -4.215187 0.113312 4.200000
v -4.215114 0.113312 4.201488
v -4.214895 0.113312 4.202963
v -4.214533 0.113312 4.204409
v -4.214031 0.113312 4.205812
v -4.213394 0.113312 4.207159
v -4.212628 0.113312 4.208437
v -4.211740 0.113312 4.209635
v -4.210739 0.113312 4.210739
v -4.209635 0.113312 4.211740
v -4.208437 0.113312 4.212628
v -4.207159 0.113312 4.213394
v -4.205812 0.113312 4.214031
v -4.204409 0.113312 4.214533
v -4.202963 0.113312 4.214895
v -4.201488 0.113312 4.215114
v -4.200000 0.113312 4.215187
v -4.198511 0.113312 4.215114
v -4.197037 0.113312 4.214895
v -4.195591 0.113312 4.214533
v -4.194188 0.113312 4.214031
v -4.192841 0.113312 4.213394
v -4.191562 0.113312 4.212628
v -4.190365 0.113312 4.211740
v -4.189260 0.113312 4.210739
v -4.188260 0.113312 4.209635
v -4.187372 0.113312 4.208437
v -4.186605 0.113312 4.207159
v -4.185968 0.113312 4.205812
v -4.185466 0.113312 4.204409
v -4.185104 0.113312 4.202963
v -4.184886 0.113312 4.201488
v -4.190000 0.114759 4.200000
v -4.190048 0.114759 4.199019
v -4.190192 0.114759 4.198049
v -4.190431 0.114759 4.197097
v -4.190761 0.114759 4.196173
v -4.191181 0.114759 4.195286
v -4.191685 0.114759 4.194444
v -4.192270 0.114759 4.193656
v -4.192929 0.114759 4.192929
v -4.193656 0.114759 4.192270
v -4.194444 0.114759 4.191685
v -4.195286 0.114759 4.191181
v -4.196173 0.114759 4.190761
v -4.197097 0.114759 4.190431
v -4.198049 0.114759 4.190192
v -4.199019 0.114759 4.190048
v -4.200000 0.114759 4.190000
v -4.200980 0.114759 4.190048
v -4.201951 0.114759 4.190192
v -4.202903 0.114759 4.190431
v -4.203826 0.114759 4.190761
v -4.204714 0.114759 4.191181
v -4.205555 0.114759 4.191685
v -4.206344 0.114759 4.192270
v -4.207071 0.114759 4.192929
v -4.207730 0.114759 4.193656
v -4.208314 0.114759 4.194444
v -4.208819 0.114759 4.195286
v -4.209239 0.114759 4.196173
v -4.209569 0.114759 4.197097
v -4.209808 0.114759 4.198049
v -4.209952 0.114759 4.199019
v -4.210000 0.114759 4.200000
v -4.209952 0.114759 4.200980
v -4.209808 0.114759 4.201951
v -4.209569 0.114759 4.202903
v -4.209239 0.114759 4.203826
v -4.208819 0.114759 4.204714
v -4.208314 0.114759 4.205555
v -4.207730 0.114759 4.206344
v -4.207071 0.114759 4.207071
v -4.206344 0.114759 4.207730
v -4.205555 0.114759 4.208314
v -4.204714 0.114759 4.208819
v -4.203826 0.114759 4.209239
v -4.202903 0.114759 4.209569
v -4.201951 0.114759 4.209808
v -4.200980 0.114759 4.209952
v -4.200000 0.114759 4.210000
v -4.199019 0.114759 4.209952
v -4.198049 0.114759 4.209808
v -4.197097 0.114759 4.209569
v -4.196173 0.114759 4.209239
v -4.195286 0.114759 4.208819
v -4.194444 0.114759 4.208314
v -4.193656 0.114759 4.207730
v -4.192929 0.114759 4.207071
v -4.192270 0.114759 4.206344
v -4.191685 0.114759 4.205555
v -4.191181 0.114759 4.204714
v -4.190761 0.114759 4.203826
v -4.190431 0.114759 4.202903
v -4.190192 0.114759 4.201951
v -4.190048 0.114759 4.200980
v -4.195187 0.115678 4.200000
v -4.195210 0.115678 4.199528
v -4.195280 0.115678 4.199061
v -4.195395 0.115678 4.198603
v -4.195554 0.115678 4.198158
v -4.195755 0.115678 4.197731
v -4.195998 0.115678 4.197326
v -4.196280 0.115678 4.196947
v -4.196597 0.115678 4.196597
v -4.196947 0.115678 4.196280
v -4.197326 0.115678 4.195998
v -4.197731 0.115678 4.195755
v -4.198158 0.115678 4.195554
v -4.198603 0.115678 4.195395
v -4.199061 0.115678 4.195280
v -4.199528 0.115678 4.195210
v -4.200000 0.115678 4.195187
v -4.200471 0.115678 4.195210
v -4.200939 0.115678 4.195280
v -4.201397 0.115678 4.195395
v -4.201841 0.115678 4.195554
v -4.202269 0.115678 4.195755
v -4.202673 0.115678 4.195998
v -4.203053 0.115678 4.196280
v -4.203403 0.115678 4.196597
v -4.203720 0.115678 4.196947
v -4.204001 0.115678 4.197326
v -4.204244 0.115678 4.197731
v -4.204446 0.115678 4.198158
v -4.204605 0.115678 4.198603
v -4.204720 0.115678 4.199061
v -4.204789 0.115678 4.199528
v -4.204813 0.115678 4.200000
v -4.204789 0.115678 4.200471
v -4.204720 0.115678 4.200939
v -4.204605 0.115678 4.201397
v -4.204446 0.115678 4.201841
v -4.204244 0.115678 4.202269
v -4.204001 0.115678 4.202673
v -4.203720 0.115678 4.203053
v -4.203403 0.115678 4.203403
v -4.203053 0.115678 4.203720
v -4.202673 0.115678 4.204001
v -4.202269 0.115678 4.204244
v -4.201841 0.115678 4.204446
v -4.201397 0.115678 4.204605
v -4.200939 0.115678 4.204720
v -4.200471 0.115678 4.204789
v -4.200000 0.115678 4.204813
v -4.199528 0.115678 4.204789
v -4.199061 0.115678 4.204720
v -4.198603 0.115678 4.204605
v -4.198158 0.115678 4.204446
v -4.197731 0.115678 4.204244
v -4.197326 0.115678 4.204001
v -4.196947 0.115678 4.203720
v -4.196597 0.115678 4.203403
v -4.196280 0.115678 4.203053
v -4.195998 0.115678 4.202673
v -4.195755 0.115678 4.202269
v -4.195554 0.115678 4.201841
v -4.195395 0.115678 4.201397
v -4.195280 0.115678 4.200939
v -4.195210 0.115678 4.200471
v -4.200000 0.116000 4.200000
v 4.200000 0.094000 4.200000
v 4.275000 0.094000 4.200000
v 4.273995 0.094000 4.192712
v 4.271023 0.094000 4.185873
v 4.266149 0.094000 4.179934
v 4.258204 0.094000 4.175891
v 4.260963 0.094000 4.167414
v 4.260211 0.094000 4.159768
v 4.257475 0.094000 4.152831
v 4.253033 0.094000 4.146967
v 4.247169 0.094000 4.142524
v 4.240232 0.094000 4.139789
v 4.232585 0.094000 4.139036
v 4.224109 0.094000 4.141795
v 4.220066 0.094000 4.133851
v 4.214127 0.094000 4.128976
v 4.207288 0.094000 4.126005
v 4.200000 0.094000 4.125000
v 4.192712 0.094000 4.126005
v 4.185873 0.094000 4.128976
v 4.179934 0.094000 4.133851
v 4.175891 0.094000 4.141795
v 4.167414 0.094000 4.139036
v 4.159768 0.094000 4.139789
v 4.152831 0.094000 4.142524
v 4.146967 0.094000 4.146967
v 4.142524 0.094000 4.152831
v 4.139789 0.094000 4.159768
v 4.139036 0.094000 4.167414
v 4.141795 0.094000 4.175891
v 4.133851 0.094000 4.179934
v 4.128976 0.094000 4.185873
v 4.126005 0.094000 4.192712
v 4.125000 0.094000 4.200000
v 4.126005 0.094000 4.207288
v 4.128976 0.094000 4.214127
v 4.133851 0.094000 4.220066
v 4.141795 0.094000 4.224109
v 4.139036 0.094000 4.232585
v 4.139789 0.094000 4.240232
v 4.142524 0.094000 4.247169
v 4.146967 0.094000 4.253033
v 4.152831 0.094000 4.257475
v 4.159768 0.094000 4.260211
v 4.167414 0.094000 4.260963
v 4.175891 0.094000 4.258204
v 4.179934 0.094000 4.266149
v 4.185873 0.094000 4.271023
v 4.192712 0.094000 4.273995
v 4.200000 0.094000 4.275000
v 4.207288 0.094000 4.273995
v 4.214127 0.094000 4.271023
v 4.220066 0.094000 4.266149
v 4.224109 0.094000 4.258204
v 4.232585 0.094000 4.260963
v 4.240232 0.094000 4.260211
v 4.247169 0.094000 4.257475
v 4.253033 0.094000 4.253033
v 4.257475 0.094000 4.247169
v 4.260211 0.094000 4.240232
v 4.260963 0.094000 4.232585
v 4.258204 0.094000 4.224109
v 4.266149 0.094000 4.220066
v 4.271023 0.094000 4.214127
v 4.273995 0.094000 4.207288
v 4.275000 0.100673 4.200000
v 4.273995 0.100673 4.192712
v 4.271023 0.100673 4.185873
v 4.266149 0.100673 4.179934
v 4.258204 0.100673 4.175891
v 4.260963 0.100673 4.167414
v 4.260211 0.100673 4.159768
v 4.257475 0.100673 4.152831
v 4.253033 0.100673 4.146967
v 4.247169 0.100673 4.142524
v 4.240232 0.100673 4.139789
v 4.232585 0.100673 4.139036
v 4.224109 0.100673 4.141795
v 4.220066 0.100673 4.133851
v 4.214127 0.100673 4.128976
v 4.207288 0.100673 4.126005
v 4.200000 0.100673 4.125000
v 4.192712 0.100673 4.126005
v 4.185873 0.100673 4.128976
v 4.179934 0.100673 4.133851
v 4.175891 0.100673 4.141795
v 4.167414 0.100673 4.139036
v 4.159768 0.100673 4.139789
v 4.152831 0.100673 4.142524
v 4.146967 0.100673 4.146967
v 4.142524 0.100673 4.152831
v 4.139789 0.100673 4.159768
v 4.139036 0.100673 4.167414
v 4.141795 0.100673 4.175891
v 4.133851 0.100673 4.179934
v 4.128976 0.100673 4.185873
v 4.126005 0.100673 4.192712
v 4.125000 0.100673 4.200000
v 4.126005 0.100673 4.207288
v 4.128976 0.100673 4.214127
v 4.133851 0.100673 4.220066
v 4.141795 0.100673 4.224109
v 4.139036 0.100673 4.232585
v 4.139789 0.100673 4.240232
v 4.142524 0.100673 4.247169
v 4.146967 0.100673 4.253033
v 4.152831 0.100673 4.257475
v 4.159768 0.100673 4.260211
v 4.167414 0.100673 4.260963
v 4.175891 0.100673 4.258204
v 4.179934 0.100673 4.266149
v 4.185873 0.100673 4.271023
v 4.192712 0.100673 4.273995
v 4.200000 0.100673 4.275000
v 4.207288 0.100673 4.273995
v 4.214127 0.100673 4.271023
v 4.220066 0.100673 4.266149
v 4.224109 0.100673 4.258204
v 4.232585 0.100673 4.260963
v 4.240232 0.100673 4.260211
v 4.247169 0.100673 4.257475
v 4.253033 0.100673 4.253033
v 4.257475 0.100673 4.247169
v 4.260211 0.100673 4.240232
v 4.260963 0.100673 4.232585
v 4.258204 0.100673 4.224109
v 4.266149 0.100673 4.220066
v 4.271023 0.100673 4.214127
v 4.273995 0.100673 4.207288
v 4.273777 0.102516 4.200000
v 4.272789 0.102516 4.192831
v 4.269866 0.102516 4.186102
v 4.265071 0.102516 4.180261
v 4.257256 0.102516 4.176284
v 4.259970 0.102516 4.167945
v 4.259229 0.102516 4.160424
v 4.256539 0.102516 4.153600
v 4.252169 0.102516 4.147831
v 4.246400 0.102516 4.143461
v 4.239576 0.102516 4.140770
v 4.232054 0.102516 4.140030
v 4.223716 0.102516 4.142744
v 4.219739 0.102516 4.134929
v 4.213897 0.102516 4.130134
v 4.207169 0.102516 4.127211
v 4.200000 0.102516 4.126222
v 4.192831 0.102516 4.127211
v 4.186102 0.102516 4.130134
v 4.180261 0.102516 4.134929
v 4.176284 0.102516 4.142744
v 4.167945 0.102516 4.140030
v 4.160424 0.102516 4.140770
v 4.153600 0.102516 4.143461
v 4.147831 0.102516 4.147831
v 4.143461 0.102516 4.153600
v 4.140770 0.102516 4.160424
v 4.140030 0.102516 4.167945
v 4.142744 0.102516 4.176284
v 4.134929 0.102516 4.180261
v 4.130134 0.102516 4.186102
v 4.127211 0.102516 4.192831
v 4.126222 0.102516 4.200000
v 4.127211 0.102516 4.207169
v 4.130134 0.102516 4.213897
v 4.134929 0.102516 4.219739
v 4.142744 0.102516 4.223716
v 4.140030 0.102516 4.232054
v 4.140770 0.102516 4.239576
v 4.143461 0.102516 4.246400
v 4.147831 0.102516 4.252169
v 4.153600 0.102516 4.256539
v 4.160424 0.102516 4.259229
v 4.167945 0.102516 4.259970
v 4.176284 0.102516 4.257256
v 4.180261 0.102516 4.265071
v 4.186102 0.102516 4.269866
v 4.192831 0.102516 4.272789
v 4.200000 0.102516 4.273777
v 4.207169 0.102516 4.272789
v 4.213897 0.102516 4.269866
v 4.219739 0.102516 4.265071
v 4.223716 0.102516 4.257256
v 4.232054 0.102516 4.259970
v 4.239576 0.102516 4.259229
v 4.246400 0.102516 4.256539
v 4.252169 0.102516 4.252169
v 4.256539 0.102516 4.246400
v 4.259229 0.102516 4.239576
v 4.259970 0.102516 4.232054
v 4.257256 0.102516 4.223716
v 4.265071 0.102516 4.219739
v 4.269866 0.102516 4.213897
v 4.272789 0.102516 4.207169
v 4.269844 0.104176 4.200000
v 4.268908 0.104176 4.193213
v 4.266140 0.104176 4.186843
v 4.261601 0.104176 4.181313
v 4.254203 0.104176 4.177548
v 4.256772 0.104176 4.169654
v 4.256071 0.104176 4.162534
v 4.253524 0.104176 4.156074
v 4.249387 0.104176 4.150613
v 4.243926 0.104176 4.146476
v 4.237465 0.104176 4.143929
v 4.230345 0.104176 4.143228
v 4.222451 0.104176 4.145797
v 4.218687 0.104176 4.138398
v 4.213156 0.104176 4.133859
v 4.206787 0.104176 4.131092
v 4.200000 0.104176 4.130156
v 4.193213 0.104176 4.131092
v 4.186843 0.104176 4.133859
v 4.181313 0.104176 4.138398
v 4.177548 0.104176 4.145797
v 4.169654 0.104176 4.143228
v 4.162534 0.104176 4.143929
v 4.156074 0.104176 4.146476
v 4.150613 0.104176 4.150613
v 4.146476 0.104176 4.156074
v 4.143929 0.104176 4.162534
v 4.143228 0.104176 4.169654
v 4.145797 0.104176 4.177548
v 4.138398 0.104176 4.181313
v 4.133859 0.104176 4.186843
v 4.131092 0.104176 4.193213
v 4.130156 0.104176 4.200000
v 4.131092 0.104176 4.206787
v 4.133859 0.104176 4.213156
v 4.138398 0.104176 4.218687
v 4.145797 0.104176 4.222451
v 4.143228 0.104176 4.230345
v 4.143929 0.104176 4.237465
v 4.146476 0.104176 4.243926
v 4.150613 0.104176 4.249387
v 4.156074 0.104176 4.253524
v 4.162534 0.104176 4.256071
v 4.169654 0.104176 4.256772
v 4.177548 0.104176 4.254203
v 4.181313 0.104176 4.261601
v 4.186843 0.104176 4.266140
v 4.193213 0.104176 4.268908
v 4.200000 0.104176 4.269844
v 4.206787 0.104176 4.268908
v 4.213156 0.104176 4.266140
v 4.218687 0.104176 4.261601
v 4.222451 0.104176 4.254203
v 4.230345 0.104176 4.256772
v 4.237465 0.104176 4.256071
v 4.243926 0.104176 4.253524
v 4.249387 0.104176 4.249387
v 4.253524 0.104176 4.243926
v 4.256071 0.104176 4.237465
v 4.256772 0.104176 4.230345
v 4.254203 0.104176 4.222451
v 4.261601 0.104176 4.218687
v 4.266140 0.104176 4.213156
v 4.268908 0.104176 4.206787
v 4.262500 0.105741 4.200000
v 4.261662 0.105741 4.193927
v 4.259186 0.105741 4.188227
v 4.255124 0.105741 4.183278
v 4.248504 0.105741 4.179909
v 4.250803 0.105741 4.172845
v 4.250175 0.105741 4.166473
v 4.247896 0.105741 4.160692
v 4.244194 0.105741 4.155806
v 4.239307 0.105741 4.152103
v 4.233526 0.105741 4.149824
v 4.227155 0.105741 4.149197
v 4.220091 0.105741 4.151496
v 4.216722 0.105741 4.144876
v 4.211773 0.105741 4.140813
v 4.206073 0.105741 4.138337
v 4.200000 0.105741 4.137500
v 4.193927 0.105741 4.138337
v 4.188227 0.105741 4.140813
v 4.183278 0.105741 4.144876
v 4.179909 0.105741 4.151496
v 4.172845 0.105741 4.149197
v 4.166473 0.105741 4.149824
v 4.160692 0.105741 4.152103
v 4.155806 0.105741 4.155806
v 4.152103 0.105741 4.160692
v 4.149824 0.105741 4.166473
v 4.149197 0.105741 4.172845
v 4.151496 0.105741 4.179909
v 4.144876 0.105741 4.183278
v 4.140813 0.105741 4.188227
v 4.138337 0.105741 4.193927
v 4.137500 0.105741 4.200000
v 4.138337 0.105741 4.206073
v 4.140813 0.105741 4.211773
v 4.144876 0.105741 4.216722
v 4.151496 0.105741 4.220091
v 4.149197 0.105741 4.227155
v 4.149824 0.105741 4.233526
v 4.152103 0.105741 4.239307
v 4.155806 0.105741 4.244194
v 4.160692 0.105741 4.247896
v 4.166473 0.105741 4.250175
v 4.172845 0.105741 4.250803
v 4.179909 0.105741 4.248504
v 4.183278 0.105741 4.255124
v 4.188227 0.105741 4.259186
v 4.193927 0.105741 4.261662
v 4.200000 0.105741 4.262500
v 4.206073 0.105741 4.261662
v 4.211773 0.105741 4.259186
v 4.216722 0.105741 4.255124
v 4.220091 0.105741 4.248504
v 4.227155 0.105741 4.250803
v 4.233526 0.105741 4.250175
v 4.239307 0.105741 4.247896
v 4.244194 0.105741 4.244194
v 4.247896 0.105741 4.239307
v 4.250175 0.105741 4.233526
v 4.250803 0.105741 4.227155
v 4.248504 0.105741 4.220091
v 4.255124 0.105741 4.216722
v 4.259186 0.105741 4.211773
v 4.261662 0.105741 4.206073
v 4.253906 0.106750 4.200000
v 4.253184 0.106750 4.194762
v 4.251048 0.106750 4.189846
v 4.247545 0.106750 4.185577
v 4.241834 0.106750 4.182672
v 4.243817 0.106750 4.176579
v 4.243277 0.106750 4.171083
v 4.241311 0.106750 4.166097
v 4.238117 0.106750 4.161882
v 4.233902 0.106750 4.158689
v 4.228916 0.106750 4.156723
v 4.223421 0.106750 4.156182
v 4.217328 0.106750 4.158165
v 4.214422 0.106750 4.152455
v 4.210154 0.106750 4.148952
v 4.205238 0.106750 4.146816
v 4.200000 0.106750 4.146093
v 4.194762 0.106750 4.146816
v 4.189846 0.106750 4.148952
v 4.185577 0.106750 4.152455
v 4.182672 0.106750 4.158165
v 4.176579 0.106750 4.156182
v 4.171083 0.106750 4.156723
v 4.166097 0.106750 4.158689
v 4.161882 0.106750 4.161882
v 4.158689 0.106750 4.166097
v 4.156723 0.106750 4.171083
v 4.156182 0.106750 4.176579
v 4.158165 0.106750 4.182672
v 4.152455 0.106750 4.185577
v 4.148952 0.106750 4.189846
v 4.146816 0.106750 4.194762
v 4.146093 0.106750 4.200000
v 4.146816 0.106750 4.205238
v 4.148952 0.106750 4.210154
v 4.152455 0.106750 4.214422
v 4.158165 0.106750 4.217328
v 4.156182 0.106750 4.223421
v 4.156723 0.106750 4.228916
v 4.158689 0.106750 4.233902
v 4.161882 0.106750 4.238117
v 4.166097 0.106750 4.241311
v 4.171083 0.106750 4.243277
v 4.176579 0.106750 4.243817
v 4.182672 0.106750 4.241834
v 4.185577 0.106750 4.247545
v 4.189846 0.106750 4.251048
v 4.194762 0.106750 4.253184
v 4.200000 0.106750 4.253906
v 4.205238 0.106750 4.253184
v 4.210154 0.106750 4.251048
v 4.214422 0.106750 4.247545
v 4.217328 0.106750 4.241834
v 4.223421 0.106750 4.243817
v 4.228916 0.106750 4.243277
v 4.233902 0.106750 4.241311
v 4.238117 0.106750 4.238117
v 4.241311 0.106750 4.233902
v 4.243277 0.106750 4.228916
v 4.243817 0.106750 4.223421
v 4.241834 0.106750 4.217328
v 4.247545 0.106750 4.214422
v 4.251048 0.106750 4.210154
v 4.253184 0.106750 4.205238
v 4.245000 0.107259 4.200000
v 4.244397 0.107259 4.195627
v 4.242614 0.107259 4.191524
v 4.239689 0.107259 4.187960
v 4.234922 0.107259 4.185534
v 4.236578 0.107259 4.180449
v 4.236126 0.107259 4.175861
v 4.234485 0.107259 4.171699
v 4.231820 0.107259 4.168180
v 4.228301 0.107259 4.165514
v 4.224139 0.107259 4.163873
v 4.219551 0.107259 4.163422
v 4.214465 0.107259 4.165077
v 4.212039 0.107259 4.160310
v 4.208476 0.107259 4.157386
v 4.204372 0.107259 4.155603
v 4.200000 0.107259 4.155000
v 4.195627 0.107259 4.155603
v 4.191524 0.107259 4.157386
v 4.187960 0.107259 4.160310
v 4.185534 0.107259 4.165077
v 4.180449 0.107259 4.163422
v 4.175861 0.107259 4.163873
v 4.171699 0.107259 4.165514
v 4.168180 0.107259 4.168180
v 4.165514 0.107259 4.171699
v 4.163873 0.107259 4.175861
v 4.163422 0.107259 4.180449
v 4.165077 0.107259 4.185534
v 4.160310 0.107259 4.187960
v 4.157386 0.107259 4.191524
v 4.155603 0.107259 4.195627
v 4.155000 0.107259 4.200000
v 4.155603 0.107259 4.204372
v 4.157386 0.107259 4.208476
v 4.160310 0.107259 4.212039
v 4.165077 0.107259 4.214465
v 4.163422 0.107259 4.219551
v 4.163873 0.107259 4.224139
v 4.165514 0.107259 4.228301
v 4.168180 0.107259 4.231820
v 4.171699 0.107259 4.234485
v 4.175861 0.107259 4.236126
v 4.180449 0.107259 4.236578
v 4.185534 0.107259 4.234922
v 4.187960 0.107259 4.239689
v 4.191524 0.107259 4.242614
v 4.195627 0.107259 4.244397
v 4.200000 0.107259 4.245000
v 4.204372 0.107259 4.244397
v 4.208476 0.107259 4.242614
v 4.212039 0.107259 4.239689
v 4.214465 0.107259 4.234922
v 4.219551 0.107259 4.236578
v 4.224139 0.107259 4.236126
v 4.228301 0.107259 4.234485
v 4.231820 0.107259 4.231820
v 4.234485 0.107259 4.228301
v 4.236126 0.107259 4.224139
v 4.236578 0.107259 4.219551
v 4.234922 0.107259 4.214465
v 4.239689 0.107259 4.212039
v 4.242614 0.107259 4.208476
v 4.244397 0.107259 4.204372
v 4.236719 0.107324 4.200000
v 4.236227 0.107324 4.196432
v 4.234772 0.107324 4.193083
v 4.232386 0.107324 4.190176
v 4.228496 0.107324 4.188196
v 4.229846 0.107324 4.184046
v 4.229478 0.107324 4.180303
v 4.228139 0.107324 4.176907
v 4.225964 0.107324 4.174036
v 4.223093 0.107324 4.171861
v 4.219697 0.107324 4.170522
v 4.215953 0.107324 4.170153
v 4.211803 0.107324 4.171504
v 4.209824 0.107324 4.167614
v 4.206916 0.107324 4.165228
v 4.203568 0.107324 4.163773
v 4.200000 0.107324 4.163281
v 4.196432 0.107324 4.163773
v 4.193083 0.107324 4.165228
v 4.190176 0.107324 4.167614
v 4.188196 0.107324 4.171504
v 4.184046 0.107324 4.170153
v 4.180303 0.107324 4.170522
v 4.176907 0.107324 4.171861
v 4.174036 0.107324 4.174036
v 4.171861 0.107324 4.176907
v 4.170522 0.107324 4.180303
v 4.170153 0.107324 4.184046
v 4.171504 0.107324 4.188196
v 4.167614 0.107324 4.190176
v 4.165228 0.107324 4.193083
v 4.163773 0.107324 4.196432
v 4.163281 0.107324 4.200000
v 4.163773 0.107324 4.203568
v 4.165228 0.107324 4.206916
v 4.167614 0.107324 4.209824
v 4.171504 0.107324 4.211803
v 4.170153 0.107324 4.215953
v 4.170522 0.107324 4.219697
v 4.171861 0.107324 4.223093
v 4.174036 0.107324 4.225964
v 4.176907 0.107324 4.228139
v 4.180303 0.107324 4.229478
v 4.184046 0.107324 4.229846
v 4.188196 0.107324 4.228496
v 4.190176 0.107324 4.232386
v 4.193083 0.107324 4.234772
v 4.196432 0.107324 4.236227
v 4.200000 0.107324 4.236719
v 4.203568 0.107324 4.236227
v 4.206916 0.107324 4.234772
v 4.209824 0.107324 4.232386
v 4.211803 0.107324 4.228496
v 4.215953 0.107324 4.229846
v 4.219697 0.107324 4.229478
v 4.223093 0.107324 4.228139
v 4.225964 0.107324 4.225964
v 4.228139 0.107324 4.223093
v 4.229478 0.107324 4.219697
v 4.229846 0.107324 4.215953
v 4.228496 0.107324 4.211803
v 4.232386 0.107324 4.209824
v 4.234772 0.107324 4.206916
v 4.236227 0.107324 4.203568
v 4.230000 0.107000 4.200000
v 4.229598 0.107000 4.197084
v 4.228409 0.107000 4.194349
v 4.226460 0.107000 4.191973
v 4.223281 0.107000 4.190356
v 4.224385 0.107000 4.186965
v 4.224084 0.107000 4.183907
v 4.222990 0.107000 4.181132
v 4.221213 0.107000 4.178787
v 4.218867 0.107000 4.177010
v 4.216093 0.107000 4.175915
v 4.213034 0.107000 4.175614
v 4.209643 0.107000 4.176718
v 4.208026 0.107000 4.173540
v 4.205651 0.107000 4.171590
v 4.202915 0.107000 4.170402
v 4.200000 0.107000 4.170000
v 4.197084 0.107000 4.170402
v 4.194349 0.107000 4.171590
v 4.191973 0.107000 4.173540
v 4.190356 0.107000 4.176718
v 4.186965 0.107000 4.175614
v 4.183907 0.107000 4.175915
v 4.181132 0.107000 4.177010
v 4.178787 0.107000 4.178787
v 4.177010 0.107000 4.181132
v 4.175915 0.107000 4.183907
v 4.175614 0.107000 4.186965
v 4.176718 0.107000 4.190356
v 4.173540 0.107000 4.191973
v 4.171590 0.107000 4.194349
v 4.170402 0.107000 4.197084
v 4.170000 0.107000 4.200000
v 4.170402 0.107000 4.202915
v 4.171590 0.107000 4.205651
v 4.173540 0.107000 4.208026
v 4.176718 0.107000 4.209643
v 4.175614 0.107000 4.213034
v 4.175915 0.107000 4.216093
v 4.177010 0.107000 4.218867
v 4.178787 0.107000 4.221213
v 4.181132 0.107000 4.222990
v 4.183907 0.107000 4.224084
v 4.186965 0.107000 4.224385
v 4.190356 0.107000 4.223281
v 4.191973 0.107000 4.226460
v 4.194349 0.107000 4.228409
v 4.197084 0.107000 4.229598
v 4.200000 0.107000 4.230000
v 4.202915 0.107000 4.229598
v 4.205651 0.107000 4.228409
v 4.208026 0.107000 4.226460
v 4.209643 0.107000 4.223281
v 4.213034 0.107000 4.224385
v 4.216093 0.107000 4.224084
v 4.218867 0.107000 4.222990
v 4.221213 0.107000 4.221213
v 4.222990 0.107000 4.218867
v 4.224084 0.107000 4.216093
v 4.224385 0.107000 4.213034
v 4.223281 0.107000 4.209643
v 4.226460 0.107000 4.208026
v 4.228409 0.107000 4.205651
v 4.229598 0.107000 4.202915
v 4.227000 0.106500 4.200000
v 4.226870 0.106500 4.197353
v 4.226481 0.106500 4.194732
v 4.225837 0.106500 4.192162
v 4.224945 0.106500 4.189667
v 4.223812 0.106500 4.187272
v 4.222449 0.106500 4.184999
v 4.220871 0.106500 4.182871
v 4.219092 0.106500 4.180908
v 4.217128 0.106500 4.179129
v 4.215000 0.106500 4.177550
v 4.212728 0.106500 4.176188
v 4.210332 0.106500 4.175055
v 4.207838 0.106500 4.174162
v 4.205267 0.106500 4.173519
v 4.202646 0.106500 4.173130
v 4.200000 0.106500 4.173000
v 4.197353 0.106500 4.173130
v 4.194732 0.106500 4.173519
v 4.192162 0.106500 4.174162
v 4.189667 0.106500 4.175055
v 4.187272 0.106500 4.176188
v 4.184999 0.106500 4.177550
v 4.182871 0.106500 4.179129
v 4.180908 0.106500 4.180908
v 4.179129 0.106500 4.182871
v 4.177550 0.106500 4.184999
v 4.176188 0.106500 4.187272
v 4.175055 0.106500 4.189667
v 4.174162 0.106500 4.192162
v 4.173519 0.106500 4.194732
v 4.173130 0.106500 4.197353
v 4.173000 0.106500 4.200000
v 4.173130 0.106500 4.202646
v 4.173519 0.106500 4.205267
v 4.174162 0.106500 4.207838
v 4.175055 0.106500 4.210332
v 4.176188 0.106500 4.212728
v 4.177550 0.106500 4.215000
v 4.179129 0.106500 4.217128
v 4.180908 0.106500 4.219092
v 4.182871 0.106500 4.220871
v 4.184999 0.106500 4.222449
v 4.187272 0.106500 4.223812
v 4.189667 0.106500 4.224945
v 4.192162 0.106500 4.225837
v 4.194732 0.106500 4.226481
v 4.197353 0.106500 4.226870
v 4.200000 0.106500 4.227000
v 4.202646 0.106500 4.226870
v 4.205267 0.106500 4.226481
v 4.207838 0.106500 4.225837
v 4.210332 0.106500 4.224945
v 4.212728 0.106500 4.223812
v 4.215000 0.106500 4.222449
v 4.217128 0.106500 4.220871
v 4.219092 0.106500 4.219092
v 4.220871 0.106500 4.217128
v 4.222449 0.106500 4.215000
v 4.223812 0.106500 4.212728
v 4.224945 0.106500 4.210332
v 4.225837 0.106500 4.207838
v 4.226481 0.106500 4.205267
v 4.226870 0.106500 4.202646
v 4.224062 0.109113 4.200000
v 4.223947 0.109113 4.197641
v 4.223600 0.109113 4.195305
v 4.223026 0.109113 4.193015
v 4.222230 0.109113 4.190792
v 4.221221 0.109113 4.188657
v 4.220007 0.109113 4.186631
v 4.218600 0.109113 4.184735
v 4.217015 0.109113 4.182985
v 4.215265 0.109113 4.181399
v 4.213368 0.109113 4.179993
v 4.211343 0.109113 4.178779
v 4.209208 0.109113 4.177769
v 4.206985 0.109113 4.176973
v 4.204694 0.109113 4.176400
v 4.202358 0.109113 4.176053
v 4.200000 0.109113 4.175937
v 4.197641 0.109113 4.176053
v 4.195305 0.109113 4.176400
v 4.193015 0.109113 4.176973
v 4.190792 0.109113 4.177769
v 4.188657 0.109113 4.178779
v 4.186631 0.109113 4.179993
v 4.184735 0.109113 4.181399
v 4.182985 0.109113 4.182985
v 4.181399 0.109113 4.184735
v 4.179993 0.109113 4.186631
v 4.178779 0.109113 4.188657
v 4.177769 0.109113 4.190792
v 4.176973 0.109113 4.193015
v 4.176400 0.109113 4.195305
v 4.176053 0.109113 4.197641
v 4.175937 0.109113 4.200000
v 4.176053 0.109113 4.202358
v 4.176400 0.109113 4.204694
v 4.176973 0.109113 4.206985
v 4.177769 0.109113 4.209208
v 4.178779 0.109113 4.211343
v 4.179993 0.109113 4.213368
v 4.181399 0.109113 4.215265
v 4.182985 0.109113 4.217015
v 4.184735 0.109113 4.218600
v 4.186631 0.109113 4.220007
v 4.188657 0.109113 4.221221
v 4.190792 0.109113 4.222230
v 4.193015 0.109113 4.223026
v 4.195305 0.109113 4.223600
v 4.197641 0.109113 4.223947
v 4.200000 0.109113 4.224062
v 4.202358 0.109113 4.223947
v 4.204694 0.109113 4.223600
v 4.206985 0.109113 4.223026
v 4.209208 0.109113 4.222230
v 4.211343 0.109113 4.221221
v 4.213368 0.109113 4.220007
v 4.215265 0.109113 4.218600
v 4.217015 0.109113 4.217015
v 4.218600 0.109113 4.215265
v 4.220007 0.109113 4.213368
v 4.221221 0.109113 4.211343
v 4.222230 0.109113 4.209208
v 4.223026 0.109113 4.206985
v 4.223600 0.109113 4.204694
v 4.223947 0.109113 4.202358
v 4.220000 0.111407 4.200000
v 4.219903 0.111407 4.198040
v 4.219615 0.111407 4.196098
v 4.219139 0.111407 4.194194
v 4.218477 0.111407 4.192346
v 4.217638 0.111407 4.190572
v 4.216629 0.111407 4.188889
v 4.215460 0.111407 4.187312
v 4.214142 0.111407 4.185858
v 4.212687 0.111407 4.184540
v 4.211111 0.111407 4.183371
v 4.209428 0.111407 4.182362
v 4.207654 0.111407 4.181522
v 4.205805 0.111407 4.180861
v 4.203902 0.111407 4.180384
v 4.201960 0.111407 4.180096
v 4.200000 0.111407 4.180000
v 4.198040 0.111407 4.180096
v 4.196098 0.111407 4.180384
v 4.194194 0.111407 4.180861
v 4.192346 0.111407 4.181522
v 4.190572 0.111407 4.182362
v 4.188889 0.111407 4.183371
v 4.187312 0.111407 4.184540
v 4.185858 0.111407 4.185858
v 4.184540 0.111407 4.187312
v 4.183371 0.111407 4.188889
v 4.182362 0.111407 4.190572
v 4.181522 0.111407 4.192346
v 4.180861 0.111407 4.194194
v 4.180384 0.111407 4.196098
v 4.180096 0.111407 4.198040
v 4.180000 0.111407 4.200000
v 4.180096 0.111407 4.201960
v 4.180384 0.111407 4.203902
v 4.180861 0.111407 4.205805
v 4.181522 0.111407 4.207654
v 4.182362 0.111407 4.209428
v 4.183371 0.111407 4.211111
v 4.184540 0.111407 4.212687
v 4.185858 0.111407 4.214142
v 4.187312 0.111407 4.215460
v 4.188889 0.111407 4.216629
v 4.190572 0.111407 4.217638
v 4.192346 0.111407 4.218477
v 4.194194 0.111407 4.219139
v 4.196098 0.111407 4.219615
v 4.198040 0.111407 4.219903
v 4.200000 0.111407 4.220000
v 4.201960 0.111407 4.219903
v 4.203902 0.111407 4.219615
v 4.205805 0.111407 4.219139
v 4.207654 0.111407 4.218477
v 4.209428 0.111407 4.217638
v 4.211111 0.111407 4.216629
v 4.212687 0.111407 4.215460
v 4.214142 0.111407 4.214142
v 4.215460 0.111407 4.212687
v 4.216629 0.111407 4.211111
v 4.217638 0.111407 4.209428
v 4.218477 0.111407 4.207654
v 4.219139 0.111407 4.205805
v 4.219615 0.111407 4.203902
v 4.219903 0.111407 4.201960
v 4.215187 0.113312 4.200000
v 4.215114 0.113312 4.198511
v 4.214895 0.113312 4.197037
v 4.214533 0.113312 4.195591
v 4.214031 0.113312 4.194188
v 4.213394 0.113312 4.192841
v 4.212628 0.113312 4.191562
v 4.211740 0.113312 4.190365
v 4.210739 0.113312 4.189260
v 4.209635 0.113312 4.188260
v 4.208437 0.113312 4.187372
v 4.207159 0.113312 4.186605
v 4.205812 0.113312 4.185968
v 4.204409 0.113312 4.185466
v 4.202963 0.113312 4.185104
v 4.201488 0.113312 4.184886
v 4.200000 0.113312 4.184813
v 4.198511 0.113312 4.184886
v 4.197037 0.113312 4.185104
v 4.195591 0.113312 4.185466
v 4.194188 0.113312 4.185968
v 4.192841 0.113312 4.186605
v 4.191562 0.113312 4.187372
v 4.190365 0.113312 4.188260
v 4.189260 0.113312 4.189260
v 4.188260 0.113312 4.190365
v 4.187372 0.113312 4.191562
v 4.186605 0.113312 4.192841
v 4.185968 0.113312 4.194188
v 4.185466 0.113312 4.195591
v 4.185104 0.113312 4.197037
v 4.184886 0.113312 4.198511
v 4.184813 0.113312 4.200000
v 4.184886 0.113312 4.201488
v 4.185104 0.113312 4.202963
v 4.185466 0.113312 4.204409
v 4.185968 0.113312 4.205812
v 4.186605 0.113312 4.207159
v 4.187372 0.113312 4.208437
v 4.188260 0.113312 4.209635
v 4.189260 0.113312 4.210739
v 4.190365 0.113312 4.211740
v 4.191562 0.113312 4.212628
v 4.192841 0.113312 4.213394
v 4.194188 0.113312 4.214031
v 4.195591 0.113312 4.214533
v 4.197037 0.113312 4.214895
v 4.198511 0.113312 4.215114
v 4.200000 0.113312 4.215187
v 4.201488 0.113312 4.215114
v 4.202963 0.113312 4.214895
v 4.204409 0.113312 4.214533
v 4.205812 0.113312 4.214031
v 4.207159 0.113312 4.213394
v 4.208437 0.113312 4.212628
v 4.209635 0.113312 4.211740
v 4.210739 0.113312 4.210739
v 4.211740 0.113312 4.209635
v 4.212628 0.113312 4.208437
v 4.213394 0.113312 4.207159
v 4.214031 0.113312 4.205812
v 4.214533 0.113312 4.204409
v 4.214895 0.113312 4.202963
v 4.215114 0.113312 4.201488
v 4.210000 0.114759 4.200000
v 4.209952 0.114759 4.199019
v 4.209808 0.114759 4.198049
v 4.209569 0.114759 4.197097
v 4.209239 0.114759 4.196173
v 4.208819 0.114759 4.195286
v 4.208314 0.114759 4.194444
v 4.207730 0.114759 4.193656
v 4.207071 0.114759 4.192929
v 4.206344 0.114759 4.192270
v 4.205555 0.114759 4.191685
v 4.204714 0.114759 4.191181
v 4.203826 0.114759 4.190761
v 4.202903 0.114759 4.190431
v 4.201951 0.114759 4.190192
v 4.200980 0.114759 4.190048
v 4.200000 0.114759 4.190000
v 4.199019 0.114759 4.190048
v 4.198049 0.114759 4.190192
v 4.197097 0.114759 4.190431
v 4.196173 0.114759 4.190761
v 4.195286 0.114759 4.191181
v 4.194444 0.114759 4.191685
v 4.193656 0.114759 4.192270
v 4.192929 0.114759 4.192929
v 4.192270 0.114759 4.193656
v 4.191685 0.114759 4.194444
v 4.191181 0.114759 4.195286
v 4.190761 0.114759 4.196173
v 4.190431 0.114759 4.197097
v 4.190192 0.114759 4.198049
v 4.190048 0.114759 4.199019
v 4.190000 0.114759 4.200000
v 4.190048 0.114759 4.200980
v 4.190192 0.114759 4.201951
v 4.190431 0.114759 4.202903
v 4.190761 0.114759 4.203826
v 4.191181 0.114759 4.204714
v 4.191685 0.114759 4.205555
v 4.192270 0.114759 4.206344
v 4.192929 0.114759 4.207071
v 4.193656 0.114759 4.207730
v 4.194444 0.114759 4.208314
v 4.195286 0.114759 4.208819
v 4.196173 0.114759 4.209239
v 4.197097 0.114759 4.209569
v 4.198049 0.114759 4.209808
v 4.199019 0.114759 4.209952
v 4.200000 0.114759 4.210000
v 4.200980 0.114759 4.209952
v 4.201951 0.114759 4.209808
v 4.202903 0.114759 4.209569
v 4.203826 0.114759 4.209239
v 4.204714 0.114759 4.208819
v 4.205555 0.114759 4.208314
v 4.206344 0.114759 4.207730
v 4.207071 0.114759 4.207071
v 4.207730 0.114759 4.206344
v 4.208314 0.114759 4.205555
v 4.208819 0.114759 4.204714
v 4.209239 0.114759 4.203826
v 4.209569 0.114759 4.202903
v 4.209808 0.114759 4.201951
v 4.209952 0.114759 4.200980
v 4.204813 0.115678 4.200000
v 4.204789 0.115678 4.199528
v 4.204720 0.115678 4.199061
v 4.204605 0.115678 4.198603
v 4.204446 0.115678 4.198158
v 4.204244 0.115678 4.197731
v 4.204001 0.115678 4.197326
v 4.203720 0.115678 4.196947
v 4.203403 0.115678 4.196597
v 4.203053 0.115678 4.196280
v 4.202673 0.115678 4.195998
v 4.202269 0.115678 4.195755
v 4.201841 0.115678 4.195554
v 4.201397 0.115678 4.195395
v 4.200939 0.115678 4.195280
v 4.200471 0.115678 4.195210
v 4.200000 0.115678 4.195187
v 4.199528 0.115678 4.195210
v 4.199061 0.115678 4.195280
v 4.198603 0.115678 4.195395
v 4.198158 0.115678 4.195554
v 4.197731 0.115678 4.195755
v 4.197326 0.115678 4.195998
v 4.196947 0.115678 4.196280
v 4.196597 0.115678 4.196597
v 4.196280 0.115678 4.196947
v 4.195998 0.115678 4.197326
v 4.195755 0.115678 4.197731
v 4.195554 0.115678 4.198158
v 4.195395 0.115678 4.198603
v 4.195280 0.115678 4.199061
v 4.195210 0.115678 4.199528
v 4.195187 0.115678 4.200000
v 4.195210 0.115678 4.200471
v 4.195280 0.115678 4.200939
v 4.195395 0.115678 4.201397
v 4.195554 0.115678 4.201841
v 4.195755 0.115678 4.202269
v 4.195998 0.115678 4.202673
v 4.196280 0.115678 4.203053
v 4.196597 0.115678 4.203403
v 4.196947 0.115678 4.203720
v 4.197326 0.115678 4.204001
v 4.197731 0.115678 4.204244
v 4.198158 0.115678 4.204446
v 4.198603 0.115678 4.204605
v 4.199061 0.115678 4.204720
v 4.199528 0.115678 4.204789
v 4.200000 0.115678 4.204813
v 4.200471 0.115678 4.204789
v 4.200939 0.115678 4.204720
v 4.201397 0.115678 4.204605
v 4.201841 0.115678 4.204446
v 4.202269 0.115678 4.204244
v 4.202673 0.115678 4.204001
v 4.203053 0.115678 4.203720
v 4.203403 0.115678 4.203403
v 4.203720 0.115678 4.203053
v 4.204001 0.115678 4.202673
v 4.204244 0.115678 4.202269
v 4.204446 0.115678 4.201841
v 4.204605 0.115678 4.201397
v 4.204720 0.115678 4.200939
v 4.204789 0.115678 4.200471
v 4.200000 0.116000 4.200000
vn -0.0000 -0.0000 1.0000
vn 0.1817 0.9664 -0.1817
vn 0.1938 0.9617 -0.1938
vn -0.1938 0.9617 -0.1938
vn -0.1817 0.9664 -0.1817
vn -0.1938 0.9617 0.1938
vn -0.1817 0.9664 0.1817
vn 0.1938 0.9617 0.1938
vn 0.1817 0.9664 0.1817
vn 0.2150 0.9527 -0.2150
vn -0.2150 0.9527 -0.2150
vn -0.2150 0.9527 0.2150
vn 0.2150 0.9527 0.2150
vn -0.0000 0.8851 -0.4654
vn -0.4654 0.8851 -0.0000
vn -0.0000 0.8851 0.4654
vn 0.4654 0.8851 -0.0000
vn -0.0000 0.8441 -0.5362
vn -0.5362 0.8441 -0.0000
vn -0.0000 0.8441 0.5362
vn 0.5362 0.8441 -0.0000
vn -0.0000 0.7827 -0.6224
vn -0.6224 0.7827 -0.0000
vn -0.0000 0.7827 0.6224
vn 0.6224 0.7827 -0.0000
vn -0.0000 0.6952 -0.7188
vn -0.7188 0.6952 -0.0000
vn -0.0000 0.6952 0.7188
vn 0.7188 0.6952 -0.0000
vn -0.0000 0.7322 -0.6811
vn -0.6811 0.7322 -0.0000
vn -0.0000 0.7322 0.6811
vn 0.6811 0.7322 -0.0000
vn -0.0000 0.8000 -0.6000
vn -0.6000 0.8000 -0.0000
vn -0.0000 0.8000 0.6000
vn 0.6000 0.8000 -0.0000
vn -0.0000 1.0000 -0.0000
vn 0.0011 1.0000 -0.0011
vn -0.0011 1.0000 -0.0011
vn -0.0011 1.0000 0.0011
vn 0.0011 1.0000 0.0011
vn 0.1051 0.9889 -0.1050
vn -0.1051 0.9889 -0.1051
vn -0.1051 0.9889 0.1051
vn 0.1051 0.9889 0.1051
vn 0.2033 0.9578 -0.2033
vn -0.2033 0.9578 -0.2033
vn -0.2033 0.9578 0.2033
vn 0.2033 0.9578 0.2033
vn 0.3553 0.8646 -0.3553
vn -0.3553 0.8646 -0.3553
vn -0.3553 0.8646 0.3553
vn 0.3553 0.8646 0.3553
vn -0.0000 0.4920 -0.8706
vn -0.8706 0.4920 -0.0000
vn -0.0000 0.4920 0.8706
vn 0.8706 0.4920 -0.0000
vn -0.0000 0.2702 -0.9628
vn -0.9628 0.2702 -0.0000
vn -0.0000 0.2702 0.9628
vn 0.9628 0.2702 -0.0000
vn -0.0000 0.1113 -0.9938
vn -0.9938 0.1114 -0.0000
vn -0.0000 0.1113 0.9938
vn 0.9938 0.1114 -0.0000
vn -0.0000 -0.0185 -0.9998
vn -0.9998 -0.0185 -0.0000
vn -0.0000 -0.0185 0.9998
vn 0.9998 -0.0185 -0.0000
vn -0.0000 -0.1487 -0.9889
vn -0.9889 -0.1487 -0.0000
vn -0.0000 -0.1487 0.9889
vn 0.9889 -0.1487 -0.0000
vn -0.0000 -0.3189 -0.9478
vn -0.9478 -0.3189 -0.0000
vn -0.0000 -0.3189 0.9478
vn 0.9478 -0.3189 -0.0000
vn -0.0000 -0.4370 -0.8995
vn -0.8994 -0.4370 -0.0000
vn -0.0000 -0.4370 0.8995
vn 0.8994 -0.4370 -0.0000
vn -0.0000 0.7071 -0.7072
vn -0.0000 0.6786 -0.7345
vn -0.7072 0.7071 -0.0000
vn -0.7345 0.6786 -0.0000
vn -0.0000 0.7071 0.7072
vn -0.0000 0.6786 0.7345
vn 0.7072 0.7071 -0.0000
vn 0.7345 0.6786 -0.0000
vn -0.0000 0.3827 -0.9239
vn -0.9239 0.3827 -0.0000
vn -0.0000 0.3827 0.9239
vn 0.9239 0.3827 -0.0000
vn -0.0000 0.0057 -1.0000
vn -1.0000 0.0057 -0.0000
vn -0.0000 0.0057 1.0000
vn 1.0000 0.0057 -0.0000
vn -0.0000 -0.0057 -1.0000
vn -1.0000 -0.0057 -0.0000
vn -0.0000 -0.0057 1.0000
vn 1.0000 -0.0057 -0.0000
vn -0.0000 -0.3827 -0.9239
vn -0.9239 -0.3827 -0.0000
vn -0.0000 -0.3827 0.9239
vn 0.9239 -0.3827 -0.0000
vn -0.0000 -0.6931 -0.7209
vn -0.7209 -0.6931 -0.0000
vn -0.0000 -0.6931 0.7209
vn 0.7209 -0.6931 -0.0000
vn -0.0000 -0.7071 -0.7071
vn -0.7071 -0.7071 -0.0000
vn -0.0000 -0.7071 0.7071
vn 0.7071 -0.7071 -0.0000
vn -0.0000 -1.0000 -0.0000
vn 1.0000 -0.0000 -0.0000
vn -0.0000 -0.0000 -1.0000
vn -1.0000 -0.0000 -0.0000
vn -0.0000 0.7071 0.7071
vn 0.7071 0.7071 -0.0000
vn -0.0000 0.7071 -0.7071
vn -0.7071 0.7071 -0.0000
vn 0.0004 1.0000 -0.0004
vn -0.0004 1.0000 -0.0004
vn -0.0004 1.0000 0.0004
vn 0.0004 1.0000 0.0004
vn 0.1754 0.9688 -0.1753
vn -0.1753 0.9688 -0.1754
vn -0.1754 0.9688 0.1753
vn 0.1753 0.9688 0.1754
vn -0.0000 0.7782 -0.6280
vn -0.6280 0.7782 -0.0000
vn -0.0000 0.7782 0.6280
vn 0.6280 0.7782 -0.0000
vn -0.0000 0.7739 -0.6334
vn -0.6334 0.7738 -0.0000
vn -0.0000 0.7739 0.6334
vn 0.6334 0.7738 -0.0000
vn 0.2039 0.9575 -0.2039
vn -0.2039 0.9575 -0.2039
vn -0.2039 0.9575 0.2039
vn 0.2039 0.9575 0.2039
vn 0.0588 0.9965 -0.0588
vn -0.0588 0.9965 -0.0588
vn -0.0588 0.9965 0.0588
vn 0.0588 0.9965 0.0588
vn 0.0456 0.9979 -0.0456
vn -0.0456 0.9979 -0.0456
vn -0.0456 0.9979 0.0456
vn 0.0456 0.9979 0.0456
vn 0.0626 0.9961 -0.0626
vn -0.0626 0.9961 -0.0626
vn -0.0626 0.9961 0.0626
vn 0.0626 0.9961 0.0626
vn 0.1258 0.9840 -0.1258
vn -0.1258 0.9840 -0.1258
vn -0.1258 0.9840 0.1258
vn 0.1258 0.9840 0.1258
vn 0.1850 0.9652 -0.1850
vn -0.1850 0.9652 -0.1850
vn -0.1850 0.9652 0.1850
vn 0.1850 0.9652 0.1850
vn 0.2369 0.9422 -0.2369
vn -0.2369 0.9422 -0.2369
vn -0.2369 0.9422 0.2369
vn 0.2369 0.9422 0.2369
vn -0.0000 0.8546 -0.5193
vn -0.5193 0.8546 -0.0000
vn -0.0000 0.8546 0.5193
vn 0.5193 0.8546 -0.0000
vn -0.0000 0.8228 -0.5683
vn -0.5683 0.8228 -0.0000
vn -0.0000 0.8228 0.5683
vn 0.5683 0.8228 -0.0000
vn -0.0000 0.8018 -0.5976
vn -0.5976 0.8018 -0.0000
vn -0.0000 0.8018 0.5976
vn 0.5976 0.8018 -0.0000
vn -0.0000 0.7938 -0.6082
vn -0.6086 0.7935 -0.0000
vn -0.0000 0.7938 0.6082
vn 0.6086 0.7935 -0.0000
vn -0.0000 0.7995 -0.6006
vn -0.6006 0.7995 -0.0000
vn -0.0000 0.7995 0.6006
vn 0.6006 0.7995 -0.0000
vn -0.0000 0.8190 -0.5738
vn -0.5737 0.8190 -0.0000
vn -0.0000 0.8190 0.5738
vn 0.5737 0.8190 -0.0000
vn -0.0000 0.8507 -0.5256
vn -0.5256 0.8507 -0.0000
vn -0.0000 0.8507 0.5256
vn 0.5256 0.8507 -0.0000
vn -0.0000 0.8861 -0.4634
vn -0.4634 0.8861 -0.0000
vn -0.0000 0.8861 0.4634
vn 0.4634 0.8861 -0.0000
vn 0.2139 0.9531 -0.2139
vn -0.2139 0.9531 -0.2139
vn -0.2139 0.9531 0.2139
vn 0.2139 0.9531 0.2139
vn 0.1819 0.9664 -0.1819
vn -0.1819 0.9664 -0.1819
vn -0.1819 0.9664 0.1819
vn 0.1819 0.9664 0.1819
vn 0.1779 0.9679 -0.1779
vn -0.1779 0.9679 -0.1779
vn -0.1779 0.9679 0.1779
vn 0.1779 0.9679 0.1779
vn 0.4139 0.7390 -0.5315
vn 0.3321 0.6811 -0.6526
vn 0.3014 0.9453 -0.1248
vn 0.2207 0.9332 -0.2835
vn 0.6962 0.6812 0.2266
vn 0.6685 0.7391 0.0832
vn 0.3565 0.9332 0.0444
vn 0.5875 0.7970 -0.1405
vn 0.2965 0.9524 -0.0709
vn 0.5017 0.8180 -0.2813
vn 0.2483 0.9586 -0.1392
vn 0.4001 0.8245 -0.4002
vn 0.1969 0.9605 -0.1969
vn 0.2813 0.8180 -0.5017
vn 0.1392 0.9586 -0.2483
vn 0.1405 0.7970 -0.5874
vn 0.0709 0.9524 -0.2965
vn -0.0832 0.7391 -0.6685
vn -0.0444 0.9332 -0.3565
vn -0.2266 0.6811 -0.6962
vn 0.1248 0.9453 -0.3014
vn 0.6525 0.6811 -0.3320
vn 0.5315 0.7390 -0.4139
vn 0.2835 0.9332 -0.2207
vn 0.3161 0.7970 -0.5147
vn 0.1595 0.9524 -0.2598
vn 0.1559 0.8180 -0.5537
vn 0.0771 0.9586 -0.2741
vn -0.0000 0.8245 -0.5659
vn -0.0000 0.9605 -0.2784
vn -0.1559 0.8180 -0.5537
vn -0.0771 0.9586 -0.2741
vn -0.3161 0.7970 -0.5147
vn -0.1595 0.9524 -0.2598
vn -0.5316 0.7390 -0.4139
vn -0.2835 0.9332 -0.2207
vn -0.6525 0.6811 -0.3320
vn -0.1248 0.9453 -0.3014
vn 0.2266 0.6811 -0.6962
vn 0.0832 0.7391 -0.6685
vn 0.0444 0.9332 -0.3565
vn -0.1405 0.7970 -0.5875
vn -0.0709 0.9524 -0.2965
vn -0.2813 0.8180 -0.5018
vn -0.1392 0.9586 -0.2483
vn -0.4001 0.8245 -0.4002
vn -0.1969 0.9605 -0.1969
vn -0.5017 0.8180 -0.2813
vn -0.2483 0.9586 -0.1392
vn -0.5874 0.7970 -0.1405
vn -0.2965 0.9524 -0.0709
vn -0.6685 0.7390 0.0832
vn -0.3566 0.9332 0.0444
vn -0.6962 0.6811 0.2266
vn -0.3014 0.9453 -0.1248
vn -0.3321 0.6811 -0.6526
vn -0.4139 0.7390 -0.5316
vn -0.2207 0.9332 -0.2835
vn -0.5147 0.7970 -0.3161
vn -0.2598 0.9524 -0.1595
vn -0.5537 0.8180 -0.1559
vn -0.2741 0.9586 -0.0771
vn -0.5659 0.8245 -0.0000
vn -0.2784 0.9605 -0.0000
vn -0.5537 0.8180 0.1559
vn -0.2741 0.9586 0.0771
vn -0.5148 0.7969 0.3161
vn -0.2598 0.9524 0.1595
vn -0.4139 0.7390 0.5315
vn -0.2207 0.9332 0.2835
vn -0.3320 0.6811 0.6525
vn -0.3014 0.9453 0.1249
vn -0.6962 0.6812 -0.2266
vn -0.6685 0.7391 -0.0832
vn -0.3566 0.9332 -0.0444
vn -0.5874 0.7970 0.1405
vn -0.2965 0.9524 0.0709
vn -0.5017 0.8180 0.2813
vn -0.2483 0.9586 0.1392
vn -0.4001 0.8245 0.4002
vn -0.1969 0.9605 0.1969
vn -0.2813 0.8180 0.5018
vn -0.1392 0.9586 0.2483
vn -0.1405 0.7970 0.5875
vn -0.0709 0.9524 0.2965
vn 0.0832 0.7391 0.6685
vn 0.0444 0.9332 0.3565
vn 0.2266 0.6811 0.6962
vn -0.1248 0.9453 0.3014
vn -0.6525 0.6811 0.3320
vn -0.5316 0.7390 0.4139
vn -0.2835 0.9332 0.2207
vn -0.3161 0.7970 0.5147
vn -0.1595 0.9524 0.2598
vn -0.1559 0.8180 0.5537
vn -0.0771 0.9586 0.2741
vn -0.0000 0.8245 0.5659
vn -0.0000 0.9605 0.2784
vn 0.1559 0.8180 0.5537
vn 0.0771 0.9586 0.2741
vn 0.3161 0.7970 0.5148
vn 0.1595 0.9524 0.2598
vn 0.5316 0.7390 0.4139
vn 0.2835 0.9332 0.2207
vn 0.6525 0.6811 0.3320
vn 0.1248 0.9453 0.3014
vn -0.2266 0.6811 0.6962
vn -0.0832 0.7391 0.6685
vn -0.0444 0.9332 0.3565
vn 0.1405 0.7970 0.5874
vn 0.0709 0.9524 0.2965
vn 0.2813 0.8180 0.5017
vn 0.1392 0.9586 0.2483
vn 0.4001 0.8245 0.4002
vn 0.1969 0.9605 0.1969
vn 0.5017 0.8180 0.2813
vn 0.2483 0.9586 0.1392
vn 0.5874 0.7970 0.1405
vn 0.2965 0.9524 0.0709
vn 0.6685 0.7391 -0.0832
vn 0.3566 0.9332 -0.0444
vn 0.6962 0.6812 -0.2266
vn 0.3014 0.9453 0.1248
vn 0.3320 0.6811 0.6525
vn 0.4139 0.7390 0.5315
vn 0.2207 0.9332 0.2835
vn 0.5148 0.7969 0.3161
vn 0.2598 0.9524 0.1595
vn 0.5537 0.8180 0.1559
vn 0.2741 0.9586 0.0771
vn 0.5659 0.8245 -0.0000
vn 0.2784 0.9605 -0.0000
vn 0.2741 0.9586 -0.0771
vn 0.1600 0.9861 -0.0450
vn 0.1624 0.9867 -0.0000
vn 0.2598 0.9524 -0.1595
vn 0.1524 0.9839 -0.0935
vn 0.1312 0.9769 -0.1685
vn 0.1776 0.9813 -0.0736
vn 0.2119 0.9769 0.0264
vn 0.1739 0.9839 -0.0416
vn 0.1450 0.9861 -0.0813
vn 0.1148 0.9867 -0.1148
vn 0.0813 0.9861 -0.1450
vn 0.0416 0.9839 -0.1739
vn -0.0264 0.9769 -0.2119
vn 0.0736 0.9813 -0.1776
vn 0.1685 0.9769 -0.1312
vn 0.0935 0.9839 -0.1524
vn 0.0451 0.9861 -0.1601
vn -0.0000 0.9867 -0.1624
vn -0.0450 0.9861 -0.1600
vn -0.0935 0.9839 -0.1524
vn -0.1685 0.9769 -0.1312
vn -0.0736 0.9813 -0.1776
vn 0.0264 0.9769 -0.2119
vn -0.0416 0.9839 -0.1739
vn -0.0813 0.9861 -0.1450
vn -0.1148 0.9867 -0.1148
vn -0.1451 0.9861 -0.0813
vn -0.1739 0.9839 -0.0416
vn -0.2119 0.9769 0.0264
vn -0.1776 0.9813 -0.0736
vn -0.1312 0.9769 -0.1685
vn -0.1524 0.9839 -0.0936
vn -0.1600 0.9861 -0.0450
vn -0.1624 0.9867 -0.0000
vn -0.1600 0.9861 0.0450
vn -0.1524 0.9839 0.0936
vn -0.1312 0.9769 0.1685
vn -0.1776 0.9813 0.0736
vn -0.2119 0.9769 -0.0264
vn -0.1739 0.9839 0.0416
vn -0.1450 0.9861 0.0813
vn -0.1149 0.9867 0.1149
vn -0.0813 0.9861 0.1450
vn -0.0416 0.9839 0.1739
vn 0.0264 0.9769 0.2119
vn -0.0736 0.9813 0.1776
vn -0.1685 0.9769 0.1312
vn -0.0936 0.9839 0.1524
vn -0.0450 0.9861 0.1600
vn -0.0000 0.9867 0.1624
vn 0.0450 0.9861 0.1600
vn 0.0935 0.9839 0.1524
vn 0.1685 0.9769 0.1312
vn 0.0736 0.9813 0.1776
vn -0.0264 0.9769 0.2119
vn 0.0416 0.9839 0.1739
vn 0.0813 0.9861 0.1451
vn 0.1149 0.9867 0.1149
vn 0.1450 0.9861 0.0813
vn 0.1739 0.9839 0.0416
vn 0.2119 0.9769 -0.0264
vn 0.1776 0.9813 0.0736
vn 0.1312 0.9769 0.1685
vn 0.1524 0.9839 0.0936
vn 0.1600 0.9861 0.0450
vn 0.0876 0.9958 -0.0247
vn 0.0888 0.9960 -0.0000
vn 0.0836 0.9952 -0.0513
vn 0.0723 0.9930 -0.0929
vn 0.0976 0.9944 -0.0404
vn 0.1168 0.9931 0.0145
vn 0.0954 0.9952 -0.0228
vn 0.0794 0.9958 -0.0445
vn 0.0628 0.9960 -0.0628
vn 0.0445 0.9958 -0.0794
vn 0.0228 0.9952 -0.0954
vn -0.0146 0.9930 -0.1168
vn 0.0404 0.9944 -0.0976
vn 0.0929 0.9930 -0.0723
vn 0.0513 0.9952 -0.0836
vn 0.0246 0.9958 -0.0876
vn -0.0000 0.9960 -0.0888
vn -0.0247 0.9958 -0.0876
vn -0.0513 0.9952 -0.0836
vn -0.0929 0.9930 -0.0723
vn -0.0404 0.9944 -0.0976
vn 0.0145 0.9931 -0.1168
vn -0.0228 0.9952 -0.0954
vn -0.0445 0.9958 -0.0794
vn -0.0629 0.9960 -0.0629
vn -0.0795 0.9958 -0.0445
vn -0.0954 0.9952 -0.0228
vn -0.1168 0.9931 0.0145
vn -0.0976 0.9944 -0.0404
vn -0.0723 0.9930 -0.0929
vn -0.0836 0.9952 -0.0513
vn -0.0877 0.9958 -0.0247
vn -0.0888 0.9960 -0.0000
vn -0.0876 0.9958 0.0247
vn -0.0836 0.9952 0.0513
vn -0.0723 0.9931 0.0928
vn -0.0976 0.9944 0.0404
vn -0.1168 0.9931 -0.0145
vn -0.0953 0.9952 0.0228
vn -0.0794 0.9958 0.0445
vn -0.0629 0.9960 0.0629
vn -0.0445 0.9958 0.0794
vn -0.0228 0.9952 0.0954
vn 0.0145 0.9931 0.1168
vn -0.0404 0.9944 0.0976
vn -0.0929 0.9930 0.0723
vn -0.0513 0.9952 0.0836
vn -0.0247 0.9958 0.0876
vn -0.0000 0.9960 0.0889
vn 0.0247 0.9958 0.0876
vn 0.0513 0.9952 0.0836
vn 0.0928 0.9931 0.0723
vn 0.0404 0.9944 0.0976
vn -0.0145 0.9931 0.1168
vn 0.0228 0.9952 0.0954
vn 0.0445 0.9958 0.0795
vn 0.0628 0.9960 0.0628
vn 0.0794 0.9958 0.0445
vn 0.0954 0.9952 0.0228
vn 0.1168 0.9931 -0.0145
vn 0.0976 0.9944 0.0404
vn 0.0723 0.9931 0.0928
vn 0.0836 0.9952 0.0513
vn 0.0876 0.9958 0.0247
vn 0.0352 0.9993 -0.0099
vn 0.0357 0.9994 -0.0000
vn 0.0336 0.9992 -0.0206
vn 0.0291 0.9989 -0.0374
vn 0.0393 0.9991 -0.0163
vn 0.0470 0.9989 0.0059
vn 0.0383 0.9992 -0.0091
vn 0.0319 0.9993 -0.0179
vn 0.0253 0.9994 -0.0253
vn 0.0179 0.9993 -0.0319
vn 0.0091 0.9992 -0.0383
vn -0.0058 0.9989 -0.0470
vn 0.0163 0.9991 -0.0393
vn 0.0374 0.9989 -0.0291
vn 0.0206 0.9992 -0.0336
vn 0.0099 0.9993 -0.0352
vn -0.0000 0.9994 -0.0357
vn -0.0099 0.9993 -0.0352
vn -0.0206 0.9992 -0.0336
vn -0.0374 0.9989 -0.0291
vn -0.0163 0.9991 -0.0393
vn 0.0059 0.9989 -0.0471
vn -0.0092 0.9992 -0.0383
vn -0.0179 0.9993 -0.0319
vn -0.0253 0.9994 -0.0253
vn -0.0319 0.9993 -0.0179
vn -0.0383 0.9992 -0.0091
vn -0.0471 0.9989 0.0059
vn -0.0393 0.9991 -0.0163
vn -0.0291 0.9989 -0.0374
vn -0.0336 0.9992 -0.0206
vn -0.0351 0.9993 -0.0099
vn -0.0357 0.9994 -0.0000
vn -0.0352 0.9993 0.0099
vn -0.0336 0.9992 0.0206
vn -0.0291 0.9989 0.0374
vn -0.0393 0.9991 0.0163
vn -0.0470 0.9989 -0.0059
vn -0.0383 0.9992 0.0092
vn -0.0319 0.9993 0.0179
vn -0.0253 0.9994 0.0253
vn -0.0179 0.9993 0.0319
vn -0.0092 0.9992 0.0383
vn 0.0059 0.9989 0.0471
vn -0.0163 0.9991 0.0393
vn -0.0374 0.9989 0.0291
vn -0.0206 0.9992 0.0336
vn -0.0099 0.9993 0.0353
vn -0.0000 0.9994 0.0357
vn 0.0099 0.9993 0.0352
vn 0.0206 0.9992 0.0336
vn 0.0374 0.9989 0.0291
vn 0.0163 0.9991 0.0393
vn -0.0058 0.9989 0.0470
vn 0.0092 0.9992 0.0383
vn 0.0179 0.9993 0.0319
vn 0.0253 0.9994 0.0253
vn 0.0319 0.9993 0.0179
vn 0.0383 0.9992 0.0091
vn 0.0470 0.9989 -0.0059
vn 0.0393 0.9991 0.0163
vn 0.0291 0.9989 0.0374
vn 0.0336 0.9992 0.0206
vn 0.0352 0.9993 0.0099
vn -0.0143 0.9999 0.0040
vn -0.0145 0.9999 -0.0000
vn -0.0137 0.9999 0.0084
vn -0.0118 0.9998 0.0152
vn -0.0160 0.9999 0.0066
vn -0.0191 0.9998 -0.0024
vn -0.0156 0.9999 0.0037
vn -0.0130 0.9999 0.0073
vn -0.0103 0.9999 0.0103
vn -0.0073 0.9999 0.0130
vn -0.0037 0.9999 0.0156
vn 0.0024 0.9998 0.0191
vn -0.0066 0.9999 0.0160
vn -0.0152 0.9998 0.0118
vn -0.0084 0.9999 0.0136
vn -0.0040 0.9999 0.0143
vn -0.0000 0.9999 0.0145
vn 0.0040 0.9999 0.0143
vn 0.0084 0.9999 0.0136
vn 0.0152 0.9998 0.0118
vn 0.0066 0.9999 0.0160
vn -0.0024 0.9998 0.0191
vn 0.0037 0.9999 0.0156
vn 0.0073 0.9999 0.0130
vn 0.0103 0.9999 0.0103
vn 0.0130 0.9999 0.0073
vn 0.0156 0.9999 0.0037
vn 0.0191 0.9998 -0.0024
vn 0.0160 0.9999 0.0066
vn 0.0118 0.9998 0.0152
vn 0.0136 0.9999 0.0084
vn 0.0143 0.9999 0.0040
vn 0.0145 0.9999 -0.0000
vn 0.0143 0.9999 -0.0040
vn 0.0137 0.9999 -0.0084
vn 0.0118 0.9998 -0.0152
vn 0.0160 0.9999 -0.0066
vn 0.0191 0.9998 0.0024
vn 0.0156 0.9999 -0.0037
vn 0.0130 0.9999 -0.0073
vn 0.0103 0.9999 -0.0103
vn 0.0073 0.9999 -0.0130
vn 0.0037 0.9999 -0.0156
vn -0.0024 0.9998 -0.0191
vn 0.0066 0.9999 -0.0160
vn 0.0152 0.9998 -0.0118
vn 0.0084 0.9999 -0.0136
vn 0.0040 0.9999 -0.0143
vn -0.0000 0.9999 -0.0145
vn -0.0040 0.9999 -0.0143
vn -0.0084 0.9999 -0.0136
vn -0.0152 0.9998 -0.0118
vn -0.0066 0.9999 -0.0160
vn 0.0024 0.9998 -0.0191
vn -0.0037 0.9999 -0.0156
vn -0.0073 0.9999 -0.0130
vn -0.0103 0.9999 -0.0103
vn -0.0130 0.9999 -0.0073
vn -0.0156 0.9999 -0.0037
vn -0.0191 0.9998 0.0024
vn -0.0160 0.9999 -0.0066
vn -0.0118 0.9998 -0.0152
vn -0.0136 0.9999 -0.0084
vn -0.0143 0.9999 -0.0040
vn -0.0829 0.9964 0.0191
vn -0.0817 0.9967 -0.0000
vn -0.0869 0.9953 0.0428
vn -0.0665 0.9959 0.0620
vn -0.0530 0.9984 0.0219
vn -0.0909 0.9959 0.0032
vn -0.0917 0.9953 0.0312
vn -0.0721 0.9964 0.0451
vn -0.0578 0.9967 0.0578
vn -0.0451 0.9964 0.0722
vn -0.0312 0.9953 0.0917
vn -0.0032 0.9959 0.0909
vn -0.0219 0.9984 0.0530
vn -0.0620 0.9959 0.0665
vn -0.0428 0.9953 0.0869
vn -0.0191 0.9964 0.0829
vn -0.0000 0.9967 0.0817
vn 0.0191 0.9964 0.0829
vn 0.0428 0.9953 0.0869
vn 0.0620 0.9959 0.0665
vn 0.0219 0.9984 0.0530
vn 0.0032 0.9959 0.0909
vn 0.0312 0.9953 0.0917
vn 0.0451 0.9964 0.0722
vn 0.0578 0.9967 0.0578
vn 0.0722 0.9964 0.0451
vn 0.0917 0.9953 0.0312
vn 0.0909 0.9959 0.0032
vn 0.0530 0.9984 0.0219
vn 0.0665 0.9959 0.0620
vn 0.0869 0.9953 0.0428
vn 0.0829 0.9964 0.0191
vn 0.0817 0.9967 -0.0000
vn 0.0829 0.9964 -0.0191
vn 0.0869 0.9953 -0.0428
vn 0.0665 0.9959 -0.0620
vn 0.0530 0.9984 -0.0219
vn 0.0909 0.9959 -0.0032
vn 0.0917 0.9953 -0.0312
vn 0.0722 0.9964 -0.0451
vn 0.0578 0.9967 -0.0578
vn 0.0451 0.9964 -0.0721
vn 0.0312 0.9953 -0.0917
vn 0.0032 0.9959 -0.0909
vn 0.0219 0.9984 -0.0530
vn 0.0620 0.9959 -0.0665
vn 0.0428 0.9953 -0.0869
vn 0.0191 0.9964 -0.0829
vn -0.0000 0.9967 -0.0817
vn -0.0191 0.9964 -0.0829
vn -0.0428 0.9953 -0.0869
vn -0.0620 0.9959 -0.0665
vn -0.0219 0.9984 -0.0530
vn -0.0032 0.9959 -0.0909
vn -0.0312 0.9953 -0.0917
vn -0.0451 0.9964 -0.0721
vn -0.0578 0.9967 -0.0578
vn -0.0721 0.9964 -0.0451
vn -0.0917 0.9953 -0.0312
vn -0.0909 0.9959 -0.0032
vn -0.0530 0.9984 -0.0219
vn -0.0665 0.9959 -0.0620
vn -0.0869 0.9953 -0.0428
vn -0.0829 0.9964 -0.0191
vn -0.1849 0.9821 0.0357
vn -0.1712 0.9852 -0.0000
vn -0.2478 0.9636 0.1003
vn -0.3261 0.9297 0.1710
vn -0.4799 -0.7375 0.4752
vn -0.5975 -0.7627 0.2475
vn -0.6755 -0.7374 0.0035
vn -0.2461 0.9636 0.1043
vn -0.3515 0.9297 0.1097
vn -0.1561 0.9821 0.1055
vn -0.1211 0.9852 0.1211
vn -0.1055 0.9821 0.1561
vn -0.1043 0.9636 0.2461
vn -0.1097 0.9297 0.3515
vn -0.0034 -0.7374 0.6754
vn -0.2475 -0.7627 0.5975
vn -0.4752 -0.7375 0.4799
vn -0.1003 0.9636 0.2477
vn -0.1711 0.9297 0.3262
vn -0.0357 0.9821 0.1850
vn -0.0000 0.9852 0.1712
vn 0.0357 0.9821 0.1850
vn 0.1003 0.9636 0.2477
vn 0.1711 0.9297 0.3262
vn 0.4752 -0.7375 0.4799
vn 0.2476 -0.7625 0.5977
vn 0.2475 -0.7627 0.5975
vn 0.0034 -0.7375 0.6754
vn 0.1043 0.9636 0.2461
vn 0.1097 0.9297 0.3515
vn 0.1055 0.9821 0.1561
vn 0.1211 0.9852 0.1211
vn 0.1561 0.9821 0.1055
vn 0.2461 0.9636 0.1043
vn 0.3515 0.9297 0.1097
vn 0.6755 -0.7374 0.0035
vn 0.5975 -0.7627 0.2476
vn 0.5975 -0.7627 0.2475
vn 0.4800 -0.7374 0.4752
vn 0.2477 0.9636 0.1003
vn 0.3261 0.9297 0.1710
vn 0.1849 0.9821 0.0357
vn 0.1712 0.9852 -0.0000
vn 0.1849 0.9821 -0.0357
vn 0.2478 0.9636 -0.1003
vn 0.3261 0.9297 -0.1710
vn 0.4799 -0.7375 -0.4751
vn 0.5975 -0.7627 -0.2475
vn 0.6755 -0.7374 -0.0035
vn 0.2461 0.9636 -0.1043
vn 0.3515 0.9297 -0.1097
vn 0.1561 0.9821 -0.1055
vn 0.1211 0.9852 -0.1211
vn 0.1055 0.9821 -0.1560
vn 0.1043 0.9636 -0.2461
vn 0.1097 0.9297 -0.3515
vn 0.0034 -0.7374 -0.6754
vn 0.2475 -0.7628 -0.5973
vn 0.2475 -0.7626 -0.5976
vn 0.4752 -0.7375 -0.4799
vn 0.1003 0.9636 -0.2477
vn 0.1711 0.9297 -0.3262
vn 0.0357 0.9821 -0.1850
vn -0.0000 0.9852 -0.1712
vn -0.0357 0.9821 -0.1850
vn -0.1003 0.9636 -0.2477
vn -0.1711 0.9297 -0.3262
vn -0.4753 -0.7373 -0.4801
vn -0.2476 -0.7627 -0.5975
vn -0.0034 -0.7376 -0.6752
vn -0.1043 0.9636 -0.2461
vn -0.1097 0.9297 -0.3515
vn -0.1055 0.9821 -0.1560
vn -0.1211 0.9852 -0.1211
vn -0.1561 0.9821 -0.1055
vn -0.2461 0.9636 -0.1043
vn -0.3515 0.9297 -0.1097
vn -0.6755 -0.7374 -0.0035
vn -0.5975 -0.7627 -0.2475
vn -0.4799 -0.7375 -0.4751
vn -0.2478 0.9636 -0.1003
vn -0.3261 0.9297 -0.1710
vn -0.1850 0.9821 -0.0358
vn 0.6647 0.7471 -0.0000
vn 0.6615 0.7471 -0.0652
vn 0.5777 0.8143 -0.0569
vn 0.5805 0.8143 -0.0000
vn 0.6519 0.7471 -0.1297
vn 0.5693 0.8143 -0.1132
vn 0.6361 0.7471 -0.1929
vn 0.5555 0.8143 -0.1685
vn 0.6141 0.7471 -0.2544
vn 0.5363 0.8143 -0.2222
vn 0.5862 0.7471 -0.3133
vn 0.5119 0.8143 -0.2736
vn 0.5527 0.7471 -0.3693
vn 0.4826 0.8143 -0.3225
vn 0.5139 0.7471 -0.4217
vn 0.4487 0.8143 -0.3682
vn 0.4700 0.7471 -0.4700
vn 0.4104 0.8143 -0.4104
vn 0.4217 0.7471 -0.5138
vn 0.3682 0.8143 -0.4487
vn 0.3693 0.7471 -0.5527
vn 0.3225 0.8143 -0.4826
vn 0.3133 0.7471 -0.5862
vn 0.2736 0.8143 -0.5119
vn 0.2544 0.7472 -0.6140
vn 0.2222 0.8143 -0.5363
vn 0.1930 0.7471 -0.6361
vn 0.1685 0.8143 -0.5555
vn 0.1297 0.7471 -0.6519
vn 0.1132 0.8143 -0.5693
vn 0.0652 0.7471 -0.6615
vn 0.0569 0.8143 -0.5777
vn -0.0000 0.7470 -0.6648
vn -0.0000 0.8143 -0.5805
vn -0.0652 0.7471 -0.6615
vn -0.0569 0.8143 -0.5777
vn -0.1297 0.7471 -0.6519
vn -0.1132 0.8143 -0.5693
vn -0.1930 0.7471 -0.6361
vn -0.1685 0.8143 -0.5555
vn -0.2544 0.7471 -0.6141
vn -0.2221 0.8143 -0.5363
vn -0.3133 0.7471 -0.5862
vn -0.2736 0.8143 -0.5119
vn -0.3693 0.7471 -0.5527
vn -0.3225 0.8143 -0.4826
vn -0.4216 0.7471 -0.5139
vn -0.3682 0.8143 -0.4487
vn -0.4700 0.7471 -0.4700
vn -0.4104 0.8143 -0.4104
vn -0.5138 0.7472 -0.4216
vn -0.4487 0.8143 -0.3682
vn -0.5526 0.7472 -0.3693
vn -0.4826 0.8143 -0.3225
vn -0.5862 0.7471 -0.3133
vn -0.5119 0.8143 -0.2736
vn -0.6141 0.7471 -0.2544
vn -0.5362 0.8143 -0.2221
vn -0.6361 0.7471 -0.1930
vn -0.5555 0.8143 -0.1685
vn -0.6519 0.7471 -0.1296
vn -0.5693 0.8143 -0.1132
vn -0.6615 0.7471 -0.0652
vn -0.5777 0.8143 -0.0569
vn -0.6647 0.7471 -0.0000
vn -0.5805 0.8143 -0.0000
vn -0.6615 0.7471 0.0652
vn -0.5777 0.8143 0.0569
vn -0.6520 0.7471 0.1296
vn -0.5693 0.8143 0.1132
vn -0.6361 0.7471 0.1930
vn -0.5554 0.8143 0.1685
vn -0.6141 0.7471 0.2544
vn -0.5363 0.8143 0.2222
vn -0.5862 0.7471 0.3134
vn -0.5119 0.8143 0.2736
vn -0.5527 0.7471 0.3693
vn -0.4826 0.8143 0.3225
vn -0.5139 0.7471 0.4216
vn -0.4487 0.8143 0.3682
vn -0.4700 0.7471 0.4700
vn -0.4104 0.8143 0.4104
vn -0.4217 0.7471 0.5139
vn -0.3682 0.8143 0.4487
vn -0.3693 0.7471 0.5527
vn -0.3225 0.8143 0.4826
vn -0.3133 0.7471 0.5862
vn -0.2736 0.8143 0.5119
vn -0.2544 0.7471 0.6141
vn -0.2221 0.8143 0.5362
vn -0.1930 0.7471 0.6361
vn -0.1685 0.8143 0.5554
vn -0.1297 0.7471 0.6520
vn -0.1132 0.8143 0.5693
vn -0.0652 0.7471 0.6615
vn -0.0569 0.8143 0.5777
vn -0.0000 0.7470 0.6648
vn -0.0000 0.8143 0.5805
vn 0.0652 0.7470 0.6616
vn 0.0569 0.8143 0.5777
vn 0.1297 0.7471 0.6520
vn 0.1132 0.8143 0.5693
vn 0.1930 0.7471 0.6361
vn 0.1685 0.8143 0.5554
vn 0.2544 0.7472 0.6140
vn 0.2222 0.8143 0.5363
vn 0.3133 0.7471 0.5862
vn 0.2736 0.8143 0.5119
vn 0.3693 0.7471 0.5527
vn 0.3225 0.8143 0.4826
vn 0.4217 0.7471 0.5139
vn 0.3682 0.8143 0.4487
vn 0.4700 0.7471 0.4700
vn 0.4105 0.8143 0.4105
vn 0.5138 0.7471 0.4216
vn 0.4487 0.8143 0.3682
vn 0.5526 0.7472 0.3692
vn 0.4826 0.8143 0.3225
vn 0.5862 0.7471 0.3134
vn 0.5119 0.8143 0.2736
vn 0.6141 0.7471 0.2544
vn 0.5363 0.8143 0.2222
vn 0.6361 0.7471 0.1930
vn 0.5554 0.8143 0.1685
vn 0.6520 0.7471 0.1297
vn 0.5693 0.8143 0.1132
vn 0.6615 0.7471 0.0652
vn 0.5777 0.8143 0.0569
vn 0.4325 0.9006 -0.0426
vn 0.4347 0.9006 -0.0000
vn 0.4263 0.9006 -0.0848
vn 0.4159 0.9006 -0.1262
vn 0.4015 0.9006 -0.1663
vn 0.3833 0.9006 -0.2049
vn 0.3614 0.9006 -0.2415
vn 0.3360 0.9006 -0.2757
vn 0.3073 0.9006 -0.3073
vn 0.2757 0.9006 -0.3360
vn 0.2415 0.9006 -0.3614
vn 0.2049 0.9006 -0.3833
vn 0.1663 0.9006 -0.4016
vn 0.1262 0.9006 -0.4159
vn 0.0848 0.9006 -0.4263
vn 0.0426 0.9006 -0.4325
vn -0.0000 0.9006 -0.4346
vn -0.0426 0.9006 -0.4325
vn -0.0848 0.9006 -0.4263
vn -0.1262 0.9006 -0.4159
vn -0.1663 0.9006 -0.4016
vn -0.2049 0.9006 -0.3833
vn -0.2415 0.9006 -0.3614
vn -0.2757 0.9006 -0.3360
vn -0.3073 0.9006 -0.3073
vn -0.3360 0.9006 -0.2757
vn -0.3614 0.9006 -0.2415
vn -0.3833 0.9006 -0.2049
vn -0.4015 0.9006 -0.1663
vn -0.4159 0.9006 -0.1262
vn -0.4263 0.9006 -0.0848
vn -0.4325 0.9006 -0.0426
vn -0.4346 0.9006 -0.0000
vn -0.4325 0.9006 0.0426
vn -0.4263 0.9006 0.0848
vn -0.4159 0.9006 0.1262
vn -0.4015 0.9006 0.1663
vn -0.3833 0.9006 0.2049
vn -0.3614 0.9006 0.2415
vn -0.3360 0.9006 0.2757
vn -0.3073 0.9006 0.3073
vn -0.2757 0.9006 0.3359
vn -0.2415 0.9006 0.3614
vn -0.2049 0.9006 0.3833
vn -0.1663 0.9006 0.4016
vn -0.1262 0.9006 0.4159
vn -0.0848 0.9006 0.4263
vn -0.0426 0.9006 0.4325
vn -0.0000 0.9006 0.4346
vn 0.0426 0.9006 0.4325
vn 0.0848 0.9006 0.4263
vn 0.1262 0.9006 0.4159
vn 0.1663 0.9006 0.4016
vn 0.2049 0.9006 0.3833
vn 0.2415 0.9006 0.3614
vn 0.2757 0.9006 0.3360
vn 0.3073 0.9006 0.3073
vn 0.3360 0.9006 0.2757
vn 0.3614 0.9006 0.2415
vn 0.3833 0.9006 0.2049
vn 0.4016 0.9006 0.1663
vn 0.4159 0.9006 0.1262
vn 0.4263 0.9006 0.0848
vn 0.4325 0.9006 0.0426
vn 0.3245 0.9453 -0.0320
vn 0.3261 0.9453 -0.0000
vn 0.3198 0.9453 -0.0636
vn 0.3120 0.9453 -0.0947
vn 0.3012 0.9454 -0.1248
vn 0.2876 0.9453 -0.1537
vn 0.2711 0.9453 -0.1812
vn 0.2521 0.9453 -0.2068
vn 0.2306 0.9454 -0.2306
vn 0.2068 0.9454 -0.2520
vn 0.1812 0.9453 -0.2711
vn 0.1537 0.9453 -0.2876
vn 0.1248 0.9453 -0.3013
vn 0.0947 0.9453 -0.3120
vn 0.0636 0.9453 -0.3198
vn 0.0320 0.9454 -0.3245
vn -0.0000 0.9454 -0.3260
vn -0.0320 0.9453 -0.3245
vn -0.0636 0.9453 -0.3198
vn -0.0946 0.9454 -0.3120
vn -0.1248 0.9454 -0.3012
vn -0.1537 0.9454 -0.2876
vn -0.1811 0.9454 -0.2711
vn -0.2068 0.9453 -0.2521
vn -0.2306 0.9453 -0.2306
vn -0.2521 0.9453 -0.2069
vn -0.2711 0.9454 -0.1812
vn -0.2876 0.9453 -0.1537
vn -0.3012 0.9454 -0.1248
vn -0.3120 0.9453 -0.0946
vn -0.3198 0.9453 -0.0636
vn -0.3245 0.9453 -0.0320
vn -0.3260 0.9454 -0.0000
vn -0.3245 0.9454 0.0320
vn -0.3198 0.9453 0.0636
vn -0.3120 0.9453 0.0947
vn -0.3012 0.9454 0.1248
vn -0.2876 0.9453 0.1537
vn -0.2711 0.9453 0.1812
vn -0.2521 0.9453 0.2069
vn -0.2306 0.9454 0.2306
vn -0.2068 0.9453 0.2521
vn -0.1811 0.9454 0.2711
vn -0.1537 0.9454 0.2875
vn -0.1248 0.9453 0.3013
vn -0.0947 0.9453 0.3120
vn -0.0636 0.9453 0.3198
vn -0.0320 0.9454 0.3245
vn -0.0000 0.9453 0.3261
vn 0.0320 0.9454 0.3245
vn 0.0636 0.9454 0.3198
vn 0.0947 0.9453 0.3120
vn 0.1248 0.9453 0.3012
vn 0.1537 0.9454 0.2875
vn 0.1812 0.9453 0.2711
vn 0.2068 0.9454 0.2520
vn 0.2306 0.9453 0.2306
vn 0.2521 0.9453 0.2068
vn 0.2711 0.9453 0.1812
vn 0.2875 0.9454 0.1537
vn 0.3012 0.9454 0.1248
vn 0.3120 0.9453 0.0947
vn 0.3198 0.9453 0.0636
vn 0.3245 0.9453 0.0320
vn 0.2334 0.9721 -0.0230
vn 0.2345 0.9721 -0.0000
vn 0.2300 0.9721 -0.0458
vn 0.2244 0.9721 -0.0681
vn 0.2167 0.9721 -0.0897
vn 0.2068 0.9721 -0.1105
vn 0.1949 0.9721 -0.1303
vn 0.1812 0.9721 -0.1487
vn 0.1658 0.9721 -0.1658
vn 0.1487 0.9721 -0.1813
vn 0.1303 0.9721 -0.1950
vn 0.1105 0.9721 -0.2068
vn 0.0897 0.9721 -0.2166
vn 0.0681 0.9721 -0.2244
vn 0.0458 0.9721 -0.2300
vn 0.0230 0.9721 -0.2334
vn -0.0000 0.9721 -0.2345
vn -0.0230 0.9721 -0.2334
vn -0.0458 0.9721 -0.2300
vn -0.0681 0.9721 -0.2244
vn -0.0897 0.9721 -0.2167
vn -0.1105 0.9721 -0.2068
vn -0.1303 0.9721 -0.1950
vn -0.1488 0.9721 -0.1813
vn -0.1658 0.9721 -0.1658
vn -0.1813 0.9721 -0.1488
vn -0.1949 0.9721 -0.1303
vn -0.2068 0.9721 -0.1105
vn -0.2166 0.9721 -0.0897
vn -0.2244 0.9721 -0.0681
vn -0.2300 0.9721 -0.0458
vn -0.2334 0.9721 -0.0230
vn -0.2345 0.9721 -0.0000
vn -0.2334 0.9721 0.0230
vn -0.2300 0.9721 0.0458
vn -0.2244 0.9721 0.0681
vn -0.2167 0.9721 0.0897
vn -0.2068 0.9721 0.1105
vn -0.1950 0.9721 0.1303
vn -0.1813 0.9721 0.1487
vn -0.1658 0.9721 0.1658
vn -0.1487 0.9721 0.1813
vn -0.1303 0.9721 0.1950
vn -0.1105 0.9721 0.2068
vn -0.0897 0.9721 0.2167
vn -0.0681 0.9721 0.2244
vn -0.0458 0.9721 0.2300
vn -0.0230 0.9721 0.2334
vn -0.0000 0.9721 0.2345
vn 0.0230 0.9721 0.2334
vn 0.0458 0.9721 0.2300
vn 0.0681 0.9721 0.2244
vn 0.0897 0.9721 0.2166
vn 0.1105 0.9721 0.2068
vn 0.1303 0.9721 0.1950
vn 0.1487 0.9721 0.1813
vn 0.1658 0.9721 0.1658
vn 0.1813 0.9721 0.1487
vn 0.1950 0.9721 0.1303
vn 0.2068 0.9721 0.1105
vn 0.2167 0.9721 0.0897
vn 0.2244 0.9721 0.0681
vn 0.2300 0.9721 0.0458
vn 0.2334 0.9721 0.0230
vn 0.1492 0.9887 -0.0147
vn 0.1499 0.9887 -0.0000
vn 0.1470 0.9887 -0.0293
vn 0.1434 0.9887 -0.0435
vn 0.1385 0.9887 -0.0574
vn 0.1322 0.9887 -0.0706
vn 0.1246 0.9887 -0.0833
vn 0.1159 0.9887 -0.0951
vn 0.1060 0.9887 -0.1060
vn 0.0951 0.9887 -0.1159
vn 0.0833 0.9887 -0.1246
vn 0.0706 0.9887 -0.1322
vn 0.0574 0.9887 -0.1385
vn 0.0435 0.9887 -0.1434
vn 0.0293 0.9887 -0.1470
vn 0.0147 0.9887 -0.1492
vn -0.0000 0.9887 -0.1499
vn -0.0147 0.9887 -0.1491
vn -0.0293 0.9887 -0.1470
vn -0.0435 0.9887 -0.1434
vn -0.0573 0.9887 -0.1385
vn -0.0707 0.9887 -0.1322
vn -0.0833 0.9887 -0.1246
vn -0.0951 0.9887 -0.1159
vn -0.1060 0.9887 -0.1060
vn -0.1159 0.9887 -0.0951
vn -0.1246 0.9887 -0.0833
vn -0.1322 0.9887 -0.0706
vn -0.1385 0.9887 -0.0573
vn -0.1434 0.9887 -0.0436
vn -0.1470 0.9887 -0.0293
vn -0.1492 0.9887 -0.0147
vn -0.1499 0.9887 -0.0000
vn -0.1492 0.9887 0.0147
vn -0.1470 0.9887 0.0292
vn -0.1434 0.9887 0.0435
vn -0.1385 0.9887 0.0574
vn -0.1322 0.9887 0.0706
vn -0.1246 0.9887 0.0833
vn -0.1159 0.9887 0.0951
vn -0.1060 0.9887 0.1060
vn -0.0951 0.9887 0.1159
vn -0.0833 0.9887 0.1247
vn -0.0706 0.9887 0.1322
vn -0.0574 0.9887 0.1385
vn -0.0435 0.9887 0.1434
vn -0.0293 0.9887 0.1470
vn -0.0147 0.9887 0.1491
vn -0.0000 0.9887 0.1499
vn 0.0147 0.9887 0.1492
vn 0.0293 0.9887 0.1470
vn 0.0435 0.9887 0.1434
vn 0.0574 0.9887 0.1385
vn 0.0706 0.9887 0.1322
vn 0.0833 0.9887 0.1247
vn 0.0951 0.9887 0.1159
vn 0.1060 0.9887 0.1060
vn 0.1159 0.9887 0.0951
vn 0.1246 0.9887 0.0833
vn 0.1322 0.9887 0.0706
vn 0.1385 0.9887 0.0574
vn 0.1434 0.9887 0.0435
vn 0.1470 0.9887 0.0292
vn 0.1492 0.9887 0.0147
vn 0.9626 -0.0000 -0.2709
vn 0.9534 0.1379 -0.2683
vn 0.9900 0.1412 -0.0000
vn 0.8522 -0.0000 -0.5232
vn 0.8452 0.1281 -0.5189
vn 0.6144 -0.0000 -0.7890
vn 0.6109 0.1068 -0.7845
vn 0.4535 -0.0000 -0.8913
vn 0.4516 0.0907 -0.8876
vn 0.9509 -0.0000 0.3095
vn 0.9923 -0.0000 0.1235
vn 0.9867 0.1068 0.1228
vn 0.9470 0.0907 0.3082
vn 0.9726 -0.0000 -0.2326
vn 0.9645 0.1281 -0.2307
vn 0.8722 -0.0000 -0.4891
vn 0.8639 0.1379 -0.4844
vn 0.7071 -0.0000 -0.7071
vn 0.7000 0.1412 -0.7000
vn 0.4890 -0.0000 -0.8723
vn 0.4844 0.1379 -0.8639
vn 0.2326 -0.0000 -0.9726
vn 0.2307 0.1281 -0.9646
vn -0.1235 -0.0000 -0.9923
vn -0.1228 0.1068 -0.9867
vn -0.3095 -0.0000 -0.9509
vn -0.3082 0.0907 -0.9470
vn 0.8913 -0.0000 -0.4535
vn 0.7890 -0.0000 -0.6144
vn 0.7845 0.1068 -0.6109
vn 0.8876 0.0907 -0.4516
vn 0.5232 -0.0000 -0.8522
vn 0.5189 0.1281 -0.8452
vn 0.2709 -0.0000 -0.9626
vn 0.2684 0.1379 -0.9534
vn -0.0000 0.1412 -0.9900
vn -0.2710 -0.0000 -0.9626
vn -0.2683 0.1379 -0.9534
vn -0.5232 -0.0000 -0.8522
vn -0.5189 0.1281 -0.8452
vn -0.7890 -0.0000 -0.6144
vn -0.7845 0.1068 -0.6109
vn -0.8913 -0.0000 -0.4535
vn -0.8876 0.0907 -0.4516
vn 0.3095 -0.0000 -0.9509
vn 0.1235 -0.0000 -0.9923
vn 0.1228 0.1068 -0.9867
vn 0.3082 0.0907 -0.9470
vn -0.2326 -0.0000 -0.9726
vn -0.2307 0.1281 -0.9646
vn -0.4891 -0.0000 -0.8722
vn -0.4844 0.1379 -0.8639
vn -0.7071 -0.0000 -0.7071
vn -0.7000 0.1412 -0.7000
vn -0.8722 -0.0000 -0.4891
vn -0.8639 0.1379 -0.4844
vn -0.9726 -0.0000 -0.2326
vn -0.9645 0.1281 -0.2307
vn -0.9923 -0.0000 0.1235
vn -0.9867 0.1068 0.1228
vn -0.9509 -0.0000 0.3095
vn -0.9470 0.0907 0.3082
vn -0.4535 -0.0000 -0.8912
vn -0.6144 -0.0000 -0.7890
vn -0.6109 0.1068 -0.7845
vn -0.4517 0.0907 -0.8876
vn -0.8522 -0.0000 -0.5232
vn -0.8452 0.1281 -0.5189
vn -0.9626 -0.0000 -0.2710
vn -0.9534 0.1379 -0.2684
vn -0.9900 0.1412 -0.0000
vn -0.9626 -0.0000 0.2710
vn -0.9534 0.1379 0.2684
vn -0.8522 -0.0000 0.5232
vn -0.8452 0.1281 0.5189
vn -0.6144 -0.0000 0.7890
vn -0.6109 0.1068 0.7845
vn -0.4535 -0.0000 0.8912
vn -0.4517 0.0907 0.8876
vn -0.9509 -0.0000 -0.3095
vn -0.9923 -0.0000 -0.1235
vn -0.9867 0.1068 -0.1228
vn -0.9470 0.0907 -0.3082
vn -0.9726 -0.0000 0.2326
vn -0.9646 0.1281 0.2307
vn -0.8722 -0.0000 0.4891
vn -0.8639 0.1379 0.4844
vn -0.7071 -0.0000 0.7071
vn -0.7000 0.1412 0.7000
vn -0.4891 -0.0000 0.8722
vn -0.4844 0.1379 0.8639
vn -0.2326 -0.0000 0.9726
vn -0.2307 0.1281 0.9646
vn 0.1235 -0.0000 0.9923
vn 0.1228 0.1068 0.9867
vn 0.3095 -0.0000 0.9509
vn 0.3082 0.0907 0.9470
vn -0.8913 -0.0000 0.4535
vn -0.7890 -0.0000 0.6144
vn -0.7845 0.1068 0.6109
vn -0.8876 0.0907 0.4516
vn -0.5232 -0.0000 0.8522
vn -0.5189 0.1281 0.8452
vn -0.2710 -0.0000 0.9626
vn -0.2683 0.1379 0.9534
vn -0.0000 0.1412 0.9900
vn 0.2709 -0.0000 0.9626
vn 0.2683 0.1379 0.9534
vn 0.5232 -0.0000 0.8522
vn 0.5189 0.1281 0.8452
vn 0.7890 -0.0000 0.6144
vn 0.7845 0.1068 0.6109
vn 0.8913 -0.0000 0.4535
vn 0.8876 0.0907 0.4516
vn -0.3095 -0.0000 0.9509
vn -0.1235 -0.0000 0.9923
vn -0.1228 0.1068 0.9867
vn -0.3082 0.0907 0.9470
vn 0.2326 -0.0000 0.9726
vn 0.2307 0.1281 0.9645
vn 0.4890 -0.0000 0.8723
vn 0.4844 0.1379 0.8639
vn 0.7071 -0.0000 0.7071
vn 0.7000 0.1412 0.7000
vn 0.8722 -0.0000 0.4891
vn 0.8639 0.1379 0.4844
vn 0.9726 -0.0000 0.2326
vn 0.9646 0.1281 0.2307
vn 0.9923 -0.0000 -0.1235
vn 0.9867 0.1068 -0.1228
vn 0.9509 -0.0000 -0.3095
vn 0.9470 0.0907 -0.3082
vn 0.4535 -0.0000 0.8913
vn 0.6144 -0.0000 0.7890
vn 0.6109 0.1068 0.7845
vn 0.4516 0.0907 0.8876
vn 0.8522 -0.0000 0.5232
vn 0.8452 0.1281 0.5189
vn 0.9626 -0.0000 0.2709
vn 0.9534 0.1379 0.2683
vn 0.5537 0.8180 -0.1559
vn 0.5147 0.7970 -0.3161
vn 0.1558 0.8180 -0.5537
vn -0.2813 0.8180 -0.5017
vn -0.4002 0.8245 -0.4001
vn -0.4139 0.7390 -0.5315
vn -0.5537 0.8180 -0.1558
vn -0.5537 0.8180 0.1558
vn -0.4001 0.8245 0.4001
vn -0.2813 0.8180 0.5017
vn -0.3161 0.7970 0.5148
vn -0.1558 0.8180 0.5537
vn 0.3161 0.7970 0.5147
vn 0.4001 0.8245 0.4001
vn 0.5875 0.7970 0.1405
vn 0.5537 0.8180 0.1558
vn 0.0936 0.9839 -0.1524
vn 0.0450 0.9861 -0.1600
vn -0.0813 0.9861 -0.1451
vn -0.1450 0.9861 -0.0813
vn -0.1524 0.9839 -0.0935
vn -0.1524 0.9839 0.0935
vn -0.0813 0.9861 0.1451
vn -0.0935 0.9839 0.1524
vn 0.0813 0.9861 0.1450
vn 0.1148 0.9867 0.1148
vn 0.0877 0.9958 -0.0247
vn 0.0629 0.9960 -0.0629
vn 0.0445 0.9958 -0.0795
vn 0.0247 0.9958 -0.0876
vn -0.0246 0.9958 -0.0876
vn -0.0628 0.9960 -0.0628
vn -0.0794 0.9958 -0.0445
vn -0.0723 0.9931 -0.0928
vn -0.0723 0.9930 0.0929
vn -0.0954 0.9952 0.0228
vn -0.0628 0.9960 0.0628
vn 0.0146 0.9930 0.1168
vn 0.0247 0.9958 0.0877
vn 0.0445 0.9958 0.0794
vn 0.0099 0.9993 -0.0353
vn -0.0207 0.9992 -0.0335
vn -0.0352 0.9993 -0.0099
vn -0.0353 0.9993 0.0099
vn -0.0180 0.9993 0.0320
vn -0.0099 0.9993 0.0352
vn 0.0383 0.9992 0.0092
vn 0.0119 0.9998 -0.0152
vn -0.0722 0.9964 0.0451
vn 0.0721 0.9964 0.0451
vn -0.0722 0.9964 -0.0451
vn -0.2477 0.9636 0.1003
vn -0.1055 0.9821 0.1560
vn -0.0034 -0.7375 0.6754
vn 0.0034 -0.7374 0.6754
vn 0.1850 0.9821 0.0358
vn 0.1850 0.9821 -0.0358
vn 0.0034 -0.7376 -0.6752
vn 0.2474 -0.7626 -0.5977
vn 0.2474 -0.7625 -0.5978
vn -0.2474 -0.7626 -0.5977
vn -0.0034 -0.7374 -0.6754
vn -0.1055 0.9821 -0.1561
vn 0.6519 0.7471 -0.1296
vn 0.5139 0.7471 -0.4216
vn 0.4105 0.8143 -0.4105
vn 0.4216 0.7471 -0.5139
vn 0.2544 0.7471 -0.6141
vn -0.1297 0.7471 -0.6520
vn -0.1132 0.8143 -0.5694
vn -0.2544 0.7472 -0.6140
vn -0.2222 0.8143 -0.5363
vn -0.4216 0.7471 -0.5138
vn -0.5138 0.7471 -0.4216
vn -0.5526 0.7472 -0.3692
vn -0.5363 0.8143 -0.2222
vn -0.6519 0.7471 -0.1297
vn -0.6520 0.7471 0.1297
vn -0.5555 0.8143 0.1685
vn -0.5527 0.7471 0.3692
vn -0.5138 0.7471 0.4216
vn -0.2221 0.8143 0.5363
vn -0.0652 0.7470 0.6616
vn 0.0652 0.7471 0.6615
vn 0.2544 0.7471 0.6141
vn 0.3133 0.7472 0.5862
vn 0.4104 0.8143 0.4104
vn 0.5138 0.7472 0.4216
vn 0.5526 0.7471 0.3693
vn 0.4827 0.8143 0.3225
vn 0.5862 0.7471 0.3133
vn 0.5555 0.8143 0.1685
vn 0.6520 0.7471 0.1296
vn 0.4346 0.9006 -0.0000
vn 0.3613 0.9006 -0.2415
vn 0.1663 0.9006 -0.4015
vn -0.0848 0.9006 -0.4262
vn -0.2757 0.9006 -0.3359
vn -0.4262 0.9006 -0.0848
vn -0.4016 0.9006 0.1663
vn -0.2757 0.9006 0.3360
vn 0.3245 0.9454 -0.0320
vn 0.3260 0.9454 -0.0000
vn 0.3120 0.9453 -0.0946
vn 0.2875 0.9454 -0.1537
vn 0.2305 0.9454 -0.2305
vn 0.2068 0.9453 -0.2521
vn 0.1811 0.9454 -0.2711
vn 0.1248 0.9454 -0.3012
vn 0.0320 0.9453 -0.3245
vn -0.0636 0.9454 -0.3198
vn -0.0947 0.9453 -0.3120
vn -0.1248 0.9453 -0.3013
vn -0.1812 0.9453 -0.2711
vn -0.2068 0.9454 -0.2520
vn -0.2305 0.9454 -0.2305
vn -0.2711 0.9453 -0.1812
vn -0.2875 0.9454 -0.1537
vn -0.3120 0.9454 -0.0946
vn -0.3245 0.9454 -0.0320
vn -0.3261 0.9453 -0.0000
vn -0.3245 0.9453 0.0320
vn -0.3013 0.9453 0.1248
vn -0.2306 0.9453 0.2306
vn -0.2068 0.9454 0.2520
vn -0.1812 0.9453 0.2711
vn -0.1248 0.9453 0.3012
vn 0.0320 0.9453 0.3245
vn 0.0636 0.9453 0.3198
vn 0.1248 0.9454 0.3012
vn 0.2068 0.9453 0.2521
vn 0.2306 0.9454 0.2306
vn 0.3013 0.9453 0.1248
vn 0.3245 0.9454 0.0320
vn 0.1950 0.9721 -0.1303
vn 0.1813 0.9721 -0.1488
vn 0.0897 0.9721 -0.2167
vn -0.1487 0.9721 -0.1813
vn -0.1950 0.9721 -0.1303
vn -0.0897 0.9721 0.2166
vn 0.0897 0.9721 0.2167
vn 0.0833 0.9887 -0.1247
vn 0.0147 0.9887 -0.1491
vn -0.0147 0.9887 -0.1492
vn -0.0574 0.9887 -0.1385
vn -0.0706 0.9887 -0.1322
vn -0.0833 0.9887 -0.1247
vn -0.1385 0.9887 -0.0574
vn -0.0147 0.9887 0.1492
vn 0.0147 0.9887 0.1491
vn 0.0573 0.9887 0.1385
vn 0.0833 0.9887 0.1246
vn 0.1434 0.9887 0.0436
vn 0.2683 0.1379 -0.9534
vn -0.9867 0.1068 0.1227
vn -0.2307 0.1281 0.9645
vn 0.2307 0.1281 0.9646
vn 0.5537 0.8180 -0.1558
vn 0.5148 0.7969 -0.3161
vn 0.3320 0.6811 -0.6525
vn 0.5874 0.7970 -0.1405
vn 0.4001 0.8245 -0.4001
vn 0.1405 0.7970 -0.5875
vn 0.5316 0.7390 -0.4139
vn 0.3161 0.7970 -0.5148
vn -0.3161 0.7970 -0.5148
vn -0.1405 0.7970 -0.5874
vn -0.6685 0.7391 0.0832
vn -0.6962 0.6812 0.2266
vn -0.3320 0.6811 -0.6525
vn -0.5148 0.7969 -0.3161
vn -0.5147 0.7970 0.3161
vn -0.3321 0.6811 0.6526
vn -0.5875 0.7970 0.1405
vn -0.1405 0.7970 0.5874
vn -0.5315 0.7390 0.4139
vn 0.1558 0.8180 0.5537
vn 0.1405 0.7970 0.5875
vn 0.6685 0.7390 -0.0832
vn 0.6962 0.6811 -0.2266
vn 0.4139 0.7390 0.5316
vn 0.3321 0.6811 0.6526
vn 0.5147 0.7970 0.3160
vn 0.3014 0.9453 -0.1249
vn 0.3566 0.9332 0.0444
vn -0.3014 0.9453 0.1248
vn -0.3565 0.9332 -0.0444
vn 0.1524 0.9839 -0.0936
vn 0.1149 0.9867 -0.1149
vn -0.1149 0.9867 -0.1149
vn -0.1148 0.9867 0.1148
vn -0.0451 0.9861 0.1601
vn 0.1451 0.9861 0.0813
vn 0.0723 0.9931 -0.0928
vn 0.0953 0.9952 -0.0228
vn -0.0145 0.9931 -0.1168
vn -0.0000 0.9960 -0.0889
vn -0.0928 0.9931 -0.0723
vn -0.0445 0.9958 -0.0795
vn -0.0876 0.9958 -0.0247
vn -0.0246 0.9958 0.0876
vn -0.0000 0.9960 0.0888
vn 0.0929 0.9930 0.0723
vn 0.0629 0.9960 0.0629
vn 0.0795 0.9958 0.0445
vn 0.0723 0.9930 0.0929
vn 0.0877 0.9958 0.0247
vn 0.0383 0.9992 -0.0092
vn 0.0092 0.9992 -0.0383
vn -0.0059 0.9989 -0.0471
vn 0.0058 0.9989 -0.0470
vn -0.0470 0.9989 0.0059
vn -0.0383 0.9992 0.0091
vn -0.0091 0.9992 0.0383
vn 0.0058 0.9989 0.0470
vn -0.0059 0.9989 0.0471
vn 0.0471 0.9989 -0.0059
vn 0.0351 0.9993 0.0099
vn -0.0451 0.9964 0.0721
vn 0.0451 0.9964 0.0721
vn 0.0721 0.9964 -0.0451
vn 0.0451 0.9964 -0.0722
vn -0.0451 0.9964 -0.0722
vn -0.4799 -0.7375 0.4751
vn -0.2475 -0.7628 0.5973
vn -0.2475 -0.7626 0.5976
vn 0.4753 -0.7373 0.4801
vn 0.2476 -0.7627 0.5975
vn 0.0034 -0.7376 0.6752
vn 0.1055 0.9821 0.1560
vn 0.4799 -0.7375 0.4751
vn 0.2478 0.9636 0.1003
vn 0.4799 -0.7375 -0.4752
vn 0.1055 0.9821 -0.1561
vn 0.2475 -0.7627 -0.5975
vn -0.4752 -0.7375 -0.4799
vn -0.2476 -0.7625 -0.5977
vn -0.2475 -0.7627 -0.5975
vn -0.0034 -0.7375 -0.6754
vn -0.5975 -0.7627 -0.2476
vn -0.4800 -0.7374 -0.4752
vn -0.2477 0.9636 -0.1003
vn -0.1849 0.9821 -0.0357
vn 0.6520 0.7471 -0.1296
vn 0.6361 0.7471 -0.1930
vn 0.5554 0.8143 -0.1685
vn 0.5862 0.7471 -0.3134
vn 0.4217 0.7471 -0.5139
vn 0.2221 0.8143 -0.5362
vn 0.1685 0.8143 -0.5554
vn 0.1297 0.7471 -0.6520
vn -0.0652 0.7470 -0.6616
vn -0.1685 0.8143 -0.5554
vn -0.4217 0.7471 -0.5139
vn -0.4105 0.8143 -0.4105
vn -0.5862 0.7471 -0.3134
vn -0.5554 0.8143 -0.1685
vn -0.6520 0.7471 -0.1297
vn -0.6519 0.7471 0.1297
vn -0.6361 0.7471 0.1929
vn -0.5862 0.7471 0.3133
vn -0.5139 0.7471 0.4217
vn -0.4217 0.7471 0.5138
vn -0.2544 0.7472 0.6140
vn -0.2222 0.8143 0.5363
vn -0.1685 0.8143 0.5555
vn -0.1297 0.7471 0.6519
vn 0.1297 0.7471 0.6519
vn 0.1685 0.8143 0.5555
vn 0.2221 0.8143 0.5363
vn 0.4216 0.7471 0.5139
vn 0.5526 0.7472 0.3693
vn 0.5362 0.8143 0.2221
vn 0.6519 0.7471 0.1296
vn 0.2757 0.9006 -0.3359
vn -0.4016 0.9006 -0.1663
vn 0.4015 0.9006 0.1663
vn 0.2521 0.9453 -0.2069
vn 0.1537 0.9454 -0.2875
vn -0.0000 0.9453 -0.3261
vn -0.0320 0.9454 -0.3245
vn -0.1248 0.9453 -0.3012
vn -0.1537 0.9454 -0.2875
vn -0.2521 0.9453 -0.2068
vn -0.3120 0.9453 -0.0947
vn -0.2521 0.9453 0.2068
vn -0.1537 0.9453 0.2876
vn -0.0000 0.9454 0.3260
vn 0.0946 0.9454 0.3120
vn 0.1537 0.9454 0.2876
vn 0.1811 0.9454 0.2711
vn 0.2521 0.9453 0.2069
vn 0.2711 0.9454 0.1812
vn 0.2876 0.9453 0.1537
vn 0.3120 0.9453 0.0946
vn 0.1813 0.9721 -0.1487
vn -0.0897 0.9721 -0.2166
vn -0.1813 0.9721 -0.1487
vn -0.2167 0.9721 -0.0897
vn -0.1949 0.9721 0.1303
vn -0.1812 0.9721 0.1487
vn 0.1488 0.9721 0.1813
vn 0.1813 0.9721 0.1488
vn 0.1949 0.9721 0.1303
vn 0.2166 0.9721 0.0897
vn 0.1470 0.9887 -0.0292
vn -0.1434 0.9887 -0.0435
vn -0.1470 0.9887 -0.0292
vn -0.1470 0.9887 0.0293
vn -0.0833 0.9887 0.1246
vn 0.0707 0.9887 0.1322
vn 0.1385 0.9887 0.0573
vn 0.1470 0.9887 0.0293
vn 0.9626 -0.0000 -0.2710
vn 0.9534 0.1379 -0.2684
vn 0.4535 -0.0000 -0.8912
vn 0.4517 0.0907 -0.8876
vn 0.9646 0.1281 -0.2307
vn 0.4891 -0.0000 -0.8722
vn 0.2710 -0.0000 -0.9626
vn -0.2709 -0.0000 -0.9626
vn -0.2307 0.1281 -0.9645
vn -0.4890 -0.0000 -0.8723
vn -0.9646 0.1281 -0.2307
vn -0.4535 -0.0000 -0.8913
vn -0.4516 0.0907 -0.8876
vn -0.9626 -0.0000 -0.2709
vn -0.9534 0.1379 -0.2683
vn -0.9626 -0.0000 0.2709
vn -0.9534 0.1379 0.2683
vn -0.4535 -0.0000 0.8913
vn -0.9645 0.1281 0.2307
vn -0.4890 -0.0000 0.8723
vn -0.2709 -0.0000 0.9626
vn -0.2684 0.1379 0.9534
vn 0.2710 -0.0000 0.9626
vn 0.4891 -0.0000 0.8722
vn 0.9645 0.1281 0.2307
vn 0.4535 -0.0000 0.8912
vn 0.4517 0.0907 0.8876
vn 0.9626 -0.0000 0.2710
vn 0.9534 0.1379 0.2684
vn -0.4001 0.8245 -0.4001
vn -0.5875 0.7970 -0.1405
vn 0.4002 0.8245 0.4001
vn 0.5147 0.7970 0.3161
vn 0.0813 0.9861 -0.1451
vn 0.1524 0.9839 0.0935
vn -0.0247 0.9958 -0.0877
vn -0.0877 0.9958 0.0247
vn -0.0445 0.9958 0.0795
vn 0.0246 0.9958 0.0876
vn 0.0353 0.9993 -0.0099
vn 0.0180 0.9993 -0.0320
vn -0.0383 0.9992 -0.0092
vn 0.0207 0.9992 0.0335
vn -0.0119 0.9998 0.0152
vn -0.1850 0.9821 0.0358
vn -0.0034 -0.7376 0.6752
vn -0.2474 -0.7626 0.5977
vn -0.2474 -0.7625 0.5978
vn 0.2474 -0.7626 0.5977
vn 0.2477 0.9636 -0.1003
vn 0.0034 -0.7375 -0.6754
vn 0.6520 0.7471 -0.1297
vn 0.5527 0.7471 -0.3692
vn 0.5138 0.7471 -0.4216
vn 0.2221 0.8143 -0.5363
vn 0.0652 0.7470 -0.6616
vn -0.3133 0.7472 -0.5862
vn -0.5526 0.7471 -0.3693
vn -0.4827 0.8143 -0.3225
vn -0.6520 0.7471 -0.1296
vn -0.6519 0.7471 0.1296
vn -0.4105 0.8143 0.4105
vn -0.4216 0.7471 0.5139
vn 0.1132 0.8143 0.5694
vn 0.4216 0.7471 0.5138
vn 0.6519 0.7471 0.1297
vn 0.4016 0.9006 -0.1663
vn -0.4347 0.9006 -0.0000
vn -0.3613 0.9006 0.2415
vn -0.1663 0.9006 0.4015
vn 0.0848 0.9006 0.4262
vn 0.2757 0.9006 0.3359
vn 0.4262 0.9006 0.0848
vn 0.3013 0.9453 -0.1248
vn 0.2306 0.9453 -0.2306
vn 0.1248 0.9453 -0.3012
vn -0.2306 0.9454 -0.2306
vn -0.3013 0.9453 -0.1248
vn -0.3120 0.9453 0.0946
vn -0.2875 0.9454 0.1537
vn -0.2305 0.9454 0.2305
vn -0.1248 0.9454 0.3012
vn -0.0320 0.9453 0.3245
vn 0.1248 0.9453 0.3013
vn 0.2305 0.9454 0.2305
vn 0.3120 0.9454 0.0946
vn -0.1813 0.9721 0.1488
vn 0.2307 0.1281 -0.9645
vn -0.4516 0.0907 0.8876
vn 0.9867 0.1068 -0.1227
vt 0.934783 0.000000
vt 0.934783 0.214000
vt 0.065217 0.214000
vt 0.065217 0.000000
vt 0.987655 0.725874
vt 0.988655 0.735731
vt 0.011345 0.735731
vt 0.012345 0.725874
vt 0.989621 0.745375
vt 0.010379 0.745375
vt 0.990539 0.754758
vt 0.009461 0.754758
vt 0.991398 0.763857
vt 0.008602 0.763857
vt 0.992182 0.772685
vt 0.007818 0.772685
vt 0.992880 0.781313
vt 0.007120 0.781313
vt 0.993478 0.789875
vt 0.006522 0.789875
vt 0.994348 0.799875
vt 0.005652 0.799875
vt 0.998603 0.839025
vt 0.001397 0.839025
vt 0.998694 0.839861
vt 0.001306 0.839861
vt 0.998780 0.840697
vt 0.001220 0.840697
vt 0.999197 0.844892
vt 0.000803 0.844892
vt 0.999565 0.850314
vt 0.000435 0.850314
vt 0.999811 0.856519
vt 0.000189 0.856519
vt 0.999946 0.863324
vt 0.000054 0.863324
vt 0.999978 0.870303
vt 0.000022 0.870303
vt 0.999918 0.876946
vt 0.000082 0.876946
vt 0.999778 0.882730
vt 0.000222 0.882730
vt 0.999565 0.887199
vt 0.000435 0.887199
vt 0.999904 0.891613
vt 0.000096 0.891613
vt 0.999976 0.892786
vt 0.000024 0.892786
vt 1.000000 0.893958
vt 0.000000 0.893958
vt 1.000000 0.931473
vt 0.000000 0.931473
vt 0.999976 0.932645
vt 0.000024 0.932645
vt 0.999904 0.933818
vt 0.000096 0.933818
vt 0.999130 0.943889
vt 0.000870 0.943889
vt 0.934783 1.535889
vt 0.065217 1.535889
vt 0.935435 0.222485
vt 0.064565 0.222485
vt 0.967234 0.515037
vt 0.032766 0.515037
vt 0.967382 0.516421
vt 0.032618 0.516421
vt 0.967512 0.517805
vt 0.032488 0.517805
vt 0.968620 0.531075
vt 0.031380 0.531075
vt 0.968701 0.531949
vt 0.031299 0.531949
vt 0.968793 0.532822
vt 0.031207 0.532822
vt 0.970652 0.550031
vt 0.029348 0.550031
vt 0.971956 0.562054
vt 0.028044 0.562054
vt 0.973161 0.573338
vt 0.026839 0.573338
vt 0.974278 0.584142
vt 0.025722 0.584142
vt 0.975322 0.594664
vt 0.024678 0.594664
vt 0.976306 0.605039
vt 0.023694 0.605039
vt 0.977242 0.615343
vt 0.022758 0.615343
vt 0.978144 0.625603
vt 0.021856 0.625603
vt 0.979026 0.635813
vt 0.020974 0.635813
vt 0.979900 0.645952
vt 0.020100 0.645952
vt 0.980779 0.655994
vt 0.019221 0.655994
vt 0.981678 0.665932
vt 0.018322 0.665932
vt 0.982609 0.675788
vt 0.017391 0.675788
vt 0.983580 0.685694
vt 0.016420 0.685694
vt 0.984584 0.695712
vt 0.015416 0.695712
vt 0.985606 0.705793
vt 0.014394 0.705793
vt 0.986634 0.715871
vt 0.013366 0.715871
vt 0.046875 0.083884
vt 0.062500 0.083884
vt 0.062500 0.088154
vt 0.046875 0.088154
vt 0.078125 0.083884
vt 0.078125 0.088154
vt 0.093750 0.083884
vt 0.093750 0.088154
vt 0.109375 0.083884
vt 0.109375 0.088154
vt 0.125000 0.083884
vt 0.125000 0.088154
vt 0.140625 0.083884
vt 0.140625 0.088154
vt 0.156250 0.083884
vt 0.156250 0.088154
vt 0.171875 0.083884
vt 0.171875 0.088154
vt 0.187500 0.083884
vt 0.187500 0.088154
vt 0.203125 0.083884
vt 0.203125 0.088154
vt 0.218750 0.083884
vt 0.218750 0.088154
vt 0.234375 0.083884
vt 0.234375 0.088154
vt 0.250000 0.083884
vt 0.250000 0.088154
vt 0.265625 0.083884
vt 0.265625 0.088154
vt 0.281250 0.083884
vt 0.281250 0.088154
vt 0.296875 0.083884
vt 0.296875 0.088154
vt 0.312500 0.083884
vt 0.312500 0.088154
vt 0.328125 0.083884
vt 0.328125 0.088154
vt 0.343750 0.083884
vt 0.343750 0.088154
vt 0.359375 0.083884
vt 0.359375 0.088154
vt 0.375000 0.083884
vt 0.375000 0.088154
vt 0.390625 0.083884
vt 0.390625 0.088154
vt 0.406250 0.083884
vt 0.406250 0.088154
vt 0.421875 0.083884
vt 0.421875 0.088154
vt 0.437500 0.083884
vt 0.437500 0.088154
vt 0.453125 0.083884
vt 0.453125 0.088154
vt 0.468750 0.083884
vt 0.468750 0.088154
vt 0.484375 0.083884
vt 0.484375 0.088154
vt 0.500000 0.083884
vt 0.500000 0.088154
vt 0.515625 0.083884
vt 0.515625 0.088154
vt 0.531250 0.083884
vt 0.531250 0.088154
vt 0.546875 0.083884
vt 0.546875 0.088154
vt 0.562500 0.083884
vt 0.562500 0.088154
vt 0.578125 0.083884
vt 0.578125 0.088154
vt 0.593750 0.083884
vt 0.593750 0.088154
vt 0.609375 0.083884
vt 0.609375 0.088154
vt 0.625000 0.083884
vt 0.625000 0.088154
vt 0.640625 0.083884
vt 0.640625 0.088154
vt 0.656250 0.083884
vt 0.656250 0.088154
vt 0.671875 0.083884
vt 0.671875 0.088154
vt 0.687500 0.083884
vt 0.687500 0.088154
vt 0.703125 0.083884
vt 0.703125 0.088154
vt 0.718750 0.083884
vt 0.718750 0.088154
vt 0.734375 0.083884
vt 0.734375 0.088154
vt 0.750000 0.083884
vt 0.750000 0.088154
vt 0.765625 0.083884
vt 0.765625 0.088154
vt 0.781250 0.083884
vt 0.781250 0.088154
vt 0.796875 0.083884
vt 0.796875 0.088154
vt 0.812500 0.083884
vt 0.812500 0.088154
vt 0.828125 0.083884
vt 0.828125 0.088154
vt 0.843750 0.083884
vt 0.843750 0.088154
vt 0.859375 0.083884
vt 0.859375 0.088154
vt 0.875000 0.083884
vt 0.875000 0.088154
vt 0.890625 0.083884
vt 0.890625 0.088154
vt 0.906250 0.083884
vt 0.906250 0.088154
vt 0.921875 0.083884
vt 0.921875 0.088154
vt 0.937500 0.083884
vt 0.937500 0.088154
vt 0.953125 0.083884
vt 0.953125 0.088154
vt 0.968750 0.083884
vt 0.968750 0.088154
vt 0.984375 0.083884
vt 0.984375 0.088154
vt 1.000000 0.083884
vt 1.000000 0.088154
vt 0.000000 0.088154
vt 0.015625 0.088154
vt 0.015625 0.095663
vt 0.000000 0.095663
vt 0.031250 0.088154
vt 0.031250 0.095663
vt 0.046875 0.095663
vt 0.062500 0.095663
vt 0.078125 0.095663
vt 0.093750 0.095663
vt 0.109375 0.095663
vt 0.125000 0.095663
vt 0.140625 0.095663
vt 0.156250 0.095663
vt 0.171875 0.095663
vt 0.187500 0.095663
vt 0.203125 0.095663
vt 0.218750 0.095663
vt 0.234375 0.095663
vt 0.250000 0.095663
vt 0.265625 0.095663
vt 0.281250 0.095663
vt 0.296875 0.095663
vt 0.312500 0.095663
vt 0.328125 0.095663
vt 0.343750 0.095663
vt 0.359375 0.095663
vt 0.375000 0.095663
vt 0.390625 0.095663
vt 0.406250 0.095663
vt 0.421875 0.095663
vt 0.437500 0.095663
vt 0.453125 0.095663
vt 0.468750 0.095663
vt 0.484375 0.095663
vt 0.500000 0.095663
vt 0.515625 0.095663
vt 0.531250 0.095663
vt 0.546875 0.095663
vt 0.562500 0.095663
vt 0.578125 0.095663
vt 0.593750 0.095663
vt 0.609375 0.095663
vt 0.625000 0.095663
vt 0.640625 0.095663
vt 0.656250 0.095663
vt 0.671875 0.095663
vt 0.687500 0.095663
vt 0.703125 0.095663
vt 0.718750 0.095663
vt 0.734375 0.095663
vt 0.750000 0.095663
vt 0.765625 0.095663
vt 0.781250 0.095663
vt 0.796875 0.095663
vt 0.812500 0.095663
vt 0.828125 0.095663
vt 0.843750 0.095663
vt 0.859375 0.095663
vt 0.875000 0.095663
vt 0.890625 0.095663
vt 0.906250 0.095663
vt 0.921875 0.095663
vt 0.937500 0.095663
vt 0.953125 0.095663
vt 0.968750 0.095663
vt 0.984375 0.095663
vt 1.000000 0.095663
vt 0.015625 0.104316
vt 0.000000 0.104316
vt 0.031250 0.104316
vt 0.046875 0.104316
vt 0.062500 0.104316
vt 0.078125 0.104316
vt 0.093750 0.104316
vt 0.109375 0.104316
vt 0.125000 0.104316
vt 0.140625 0.104316
vt 0.156250 0.104316
vt 0.171875 0.104316
vt 0.187500 0.104316
vt 0.203125 0.104316
vt 0.218750 0.104316
vt 0.234375 0.104316
vt 0.250000 0.104316
vt 0.265625 0.104316
vt 0.281250 0.104316
vt 0.296875 0.104316
vt 0.312500 0.104316
vt 0.328125 0.104316
vt 0.343750 0.104316
vt 0.359375 0.104316
vt 0.375000 0.104316
vt 0.390625 0.104316
vt 0.406250 0.104316
vt 0.421875 0.104316
vt 0.437500 0.104316
vt 0.453125 0.104316
vt 0.468750 0.104316
vt 0.484375 0.104316
vt 0.500000 0.104316
vt 0.515625 0.104316
vt 0.531250 0.104316
vt 0.546875 0.104316
vt 0.562500 0.104316
vt 0.578125 0.104316
vt 0.593750 0.104316
vt 0.609375 0.104316
vt 0.625000 0.104316
vt 0.640625 0.104316
vt 0.656250 0.104316
vt 0.671875 0.104316
vt 0.687500 0.104316
vt 0.703125 0.104316
vt 0.718750 0.104316
vt 0.734375 0.104316
vt 0.750000 0.104316
vt 0.765625 0.104316
vt 0.781250 0.104316
vt 0.796875 0.104316
vt 0.812500 0.104316
vt 0.828125 0.104316
vt 0.843750 0.104316
vt 0.859375 0.104316
vt 0.875000 0.104316
vt 0.890625 0.104316
vt 0.906250 0.104316
vt 0.921875 0.104316
vt 0.937500 0.104316
vt 0.953125 0.104316
vt 0.968750 0.104316
vt 0.984375 0.104316
vt 1.000000 0.104316
vt 0.015625 0.113236
vt 0.000000 0.113236
vt 0.031250 0.113236
vt 0.046875 0.113236
vt 0.062500 0.113236
vt 0.078125 0.113236
vt 0.093750 0.113236
vt 0.109375 0.113236
vt 0.125000 0.113236
vt 0.140625 0.113236
vt 0.156250 0.113236
vt 0.171875 0.113236
vt 0.187500 0.113236
vt 0.203125 0.113236
vt 0.218750 0.113236
vt 0.234375 0.113236
vt 0.250000 0.113236
vt 0.265625 0.113236
vt 0.281250 0.113236
vt 0.296875 0.113236
vt 0.312500 0.113236
vt 0.328125 0.113236
vt 0.343750 0.113236
vt 0.359375 0.113236
vt 0.375000 0.113236
vt 0.390625 0.113236
vt 0.406250 0.113236
vt 0.421875 0.113236
vt 0.437500 0.113236
vt 0.453125 0.113236
vt 0.468750 0.113236
vt 0.484375 0.113236
vt 0.500000 0.113236
vt 0.515625 0.113236
vt 0.531250 0.113236
vt 0.546875 0.113236
vt 0.562500 0.113236
vt 0.578125 0.113236
vt 0.593750 0.113236
vt 0.609375 0.113236
vt 0.625000 0.113236
vt 0.640625 0.113236
vt 0.656250 0.113236
vt 0.671875 0.113236
vt 0.687500 0.113236
vt 0.703125 0.113236
vt 0.718750 0.113236
vt 0.734375 0.113236
vt 0.750000 0.113236
vt 0.765625 0.113236
vt 0.781250 0.113236
vt 0.796875 0.113236
vt 0.812500 0.113236
vt 0.828125 0.113236
vt 0.843750 0.113236
vt 0.859375 0.113236
vt 0.875000 0.113236
vt 0.890625 0.113236
vt 0.906250 0.113236
vt 0.921875 0.113236
vt 0.937500 0.113236
vt 0.953125 0.113236
vt 0.968750 0.113236
vt 0.984375 0.113236
vt 1.000000 0.113236
vt 0.015625 0.121518
vt 0.000000 0.121518
vt 0.031250 0.121518
vt 0.046875 0.121518
vt 0.062500 0.121518
vt 0.078125 0.121518
vt 0.093750 0.121518
vt 0.109375 0.121518
vt 0.125000 0.121518
vt 0.140625 0.121518
vt 0.156250 0.121518
vt 0.171875 0.121518
vt 0.187500 0.121518
vt 0.203125 0.121518
vt 0.218750 0.121518
vt 0.234375 0.121518
vt 0.250000 0.121518
vt 0.265625 0.121518
vt 0.281250 0.121518
vt 0.296875 0.121518
vt 0.312500 0.121518
vt 0.328125 0.121518
vt 0.343750 0.121518
vt 0.359375 0.121518
vt 0.375000 0.121518
vt 0.390625 0.121518
vt 0.406250 0.121518
vt 0.421875 0.121518
vt 0.437500 0.121518
vt 0.453125 0.121518
vt 0.468750 0.121518
vt 0.484375 0.121518
vt 0.500000 0.121518
vt 0.515625 0.121518
vt 0.531250 0.121518
vt 0.546875 0.121518
vt 0.562500 0.121518
vt 0.578125 0.121518
vt 0.593750 0.121518
vt 0.609375 0.121518
vt 0.625000 0.121518
vt 0.640625 0.121518
vt 0.656250 0.121518
vt 0.671875 0.121518
vt 0.687500 0.121518
vt 0.703125 0.121518
vt 0.718750 0.121518
vt 0.734375 0.121518
vt 0.750000 0.121518
vt 0.765625 0.121518
vt 0.781250 0.121518
vt 0.796875 0.121518
vt 0.812500 0.121518
vt 0.828125 0.121518
vt 0.843750 0.121518
vt 0.859375 0.121518
vt 0.875000 0.121518
vt 0.890625 0.121518
vt 0.906250 0.121518
vt 0.921875 0.121518
vt 0.937500 0.121518
vt 0.953125 0.121518
vt 0.968750 0.121518
vt 0.984375 0.121518
vt 1.000000 0.121518
vt 0.015625 0.128245
vt 0.000000 0.128245
vt 0.031250 0.128245
vt 0.046875 0.128245
vt 0.062500 0.128245
vt 0.078125 0.128245
vt 0.093750 0.128245
vt 0.109375 0.128245
vt 0.125000 0.128245
vt 0.140625 0.128245
vt 0.156250 0.128245
vt 0.171875 0.128245
vt 0.187500 0.128245
vt 0.203125 0.128245
vt 0.218750 0.128245
vt 0.234375 0.128245
vt 0.250000 0.128245
vt 0.265625 0.128245
vt 0.281250 0.128245
vt 0.296875 0.128245
vt 0.312500 0.128245
vt 0.328125 0.128245
vt 0.343750 0.128245
vt 0.359375 0.128245
vt 0.375000 0.128245
vt 0.390625 0.128245
vt 0.406250 0.128245
vt 0.421875 0.128245
vt 0.437500 0.128245
vt 0.453125 0.128245
vt 0.468750 0.128245
vt 0.484375 0.128245
vt 0.500000 0.128245
vt 0.515625 0.128245
vt 0.531250 0.128245
vt 0.546875 0.128245
vt 0.562500 0.128245
vt 0.578125 0.128245
vt 0.593750 0.128245
vt 0.609375 0.128245
vt 0.625000 0.128245
vt 0.640625 0.128245
vt 0.656250 0.128245
vt 0.671875 0.128245
vt 0.687500 0.128245
vt 0.703125 0.128245
vt 0.718750 0.128245
vt 0.734375 0.128245
vt 0.750000 0.128245
vt 0.765625 0.128245
vt 0.781250 0.128245
vt 0.796875 0.128245
vt 0.812500 0.128245
vt 0.828125 0.128245
vt 0.843750 0.128245
vt 0.859375 0.128245
vt 0.875000 0.128245
vt 0.890625 0.128245
vt 0.906250 0.128245
vt 0.921875 0.128245
vt 0.937500 0.128245
vt 0.953125 0.128245
vt 0.968750 0.128245
vt 0.984375 0.128245
vt 1.000000 0.128245
vt 0.015625 0.131286
vt 0.000000 0.131286
vt 0.031250 0.131286
vt 0.046875 0.131286
vt 0.062500 0.131286
vt 0.078125 0.131286
vt 0.093750 0.131286
vt 0.109375 0.131286
vt 0.125000 0.131286
vt 0.140625 0.131286
vt 0.156250 0.131286
vt 0.171875 0.131286
vt 0.187500 0.131286
vt 0.203125 0.131286
vt 0.218750 0.131286
vt 0.234375 0.131286
vt 0.250000 0.131286
vt 0.265625 0.131286
vt 0.281250 0.131286
vt 0.296875 0.131286
vt 0.312500 0.131286
vt 0.328125 0.131286
vt 0.343750 0.131286
vt 0.359375 0.131286
vt 0.375000 0.131286
vt 0.390625 0.131286
vt 0.406250 0.131286
vt 0.421875 0.131286
vt 0.437500 0.131286
vt 0.453125 0.131286
vt 0.468750 0.131286
vt 0.484375 0.131286
vt 0.500000 0.131286
vt 0.515625 0.131286
vt 0.531250 0.131286
vt 0.546875 0.131286
vt 0.562500 0.131286
vt 0.578125 0.131286
vt 0.593750 0.131286
vt 0.609375 0.131286
vt 0.625000 0.131286
vt 0.640625 0.131286
vt 0.656250 0.131286
vt 0.671875 0.131286
vt 0.687500 0.131286
vt 0.703125 0.131286
vt 0.718750 0.131286
vt 0.734375 0.131286
vt 0.750000 0.131286
vt 0.765625 0.131286
vt 0.781250 0.131286
vt 0.796875 0.131286
vt 0.812500 0.131286
vt 0.828125 0.131286
vt 0.843750 0.131286
vt 0.859375 0.131286
vt 0.875000 0.131286
vt 0.890625 0.131286
vt 0.906250 0.131286
vt 0.921875 0.131286
vt 0.937500 0.131286
vt 0.953125 0.131286
vt 0.968750 0.131286
vt 0.984375 0.131286
vt 1.000000 0.131286
vt 0.015625 0.135218
vt 0.000000 0.135218
vt 0.031250 0.135218
vt 0.046875 0.135218
vt 0.062500 0.135218
vt 0.078125 0.135218
vt 0.093750 0.135218
vt 0.109375 0.135218
vt 0.125000 0.135218
vt 0.140625 0.135218
vt 0.156250 0.135218
vt 0.171875 0.135218
vt 0.187500 0.135218
vt 0.203125 0.135218
vt 0.218750 0.135218
vt 0.234375 0.135218
vt 0.250000 0.135218
vt 0.265625 0.135218
vt 0.281250 0.135218
vt 0.296875 0.135218
vt 0.312500 0.135218
vt 0.328125 0.135218
vt 0.343750 0.135218
vt 0.359375 0.135218
vt 0.375000 0.135218
vt 0.390625 0.135218
vt 0.406250 0.135218
vt 0.421875 0.135218
vt 0.437500 0.135218
vt 0.453125 0.135218
vt 0.468750 0.135218
vt 0.484375 0.135218
vt 0.500000 0.135218
vt 0.515625 0.135218
vt 0.531250 0.135218
vt 0.546875 0.135218
vt 0.562500 0.135218
vt 0.578125 0.135218
vt 0.593750 0.135218
vt 0.609375 0.135218
vt 0.625000 0.135218
vt 0.640625 0.135218
vt 0.656250 0.135218
vt 0.671875 0.135218
vt 0.687500 0.135218
vt 0.703125 0.135218
vt 0.718750 0.135218
vt 0.734375 0.135218
vt 0.750000 0.135218
vt 0.765625 0.135218
vt 0.781250 0.135218
vt 0.796875 0.135218
vt 0.812500 0.135218
vt 0.828125 0.135218
vt 0.843750 0.135218
vt 0.859375 0.135218
vt 0.875000 0.135218
vt 0.890625 0.135218
vt 0.906250 0.135218
vt 0.921875 0.135218
vt 0.937500 0.135218
vt 0.953125 0.135218
vt 0.968750 0.135218
vt 0.984375 0.135218
vt 1.000000 0.135218
vt 0.015625 0.139883
vt 0.000000 0.139883
vt 0.031250 0.139883
vt 0.046875 0.139883
vt 0.062500 0.139883
vt 0.078125 0.139883
vt 0.093750 0.139883
vt 0.109375 0.139883
vt 0.125000 0.139883
vt 0.140625 0.139883
vt 0.156250 0.139883
vt 0.171875 0.139883
vt 0.187500 0.139883
vt 0.203125 0.139883
vt 0.218750 0.139883
vt 0.234375 0.139883
vt 0.250000 0.139883
vt 0.265625 0.139883
vt 0.281250 0.139883
vt 0.296875 0.139883
vt 0.312500 0.139883
vt 0.328125 0.139883
vt 0.343750 0.139883
vt 0.359375 0.139883
vt 0.375000 0.139883
vt 0.390625 0.139883
vt 0.406250 0.139883
vt 0.421875 0.139883
vt 0.437500 0.139883
vt 0.453125 0.139883
vt 0.468750 0.139883
vt 0.484375 0.139883
vt 0.500000 0.139883
vt 0.515625 0.139883
vt 0.531250 0.139883
vt 0.546875 0.139883
vt 0.562500 0.139883
vt 0.578125 0.139883
vt 0.593750 0.139883
vt 0.609375 0.139883
vt 0.625000 0.139883
vt 0.640625 0.139883
vt 0.656250 0.139883
vt 0.671875 0.139883
vt 0.687500 0.139883
vt 0.703125 0.139883
vt 0.718750 0.139883
vt 0.734375 0.139883
vt 0.750000 0.139883
vt 0.765625 0.139883
vt 0.781250 0.139883
vt 0.796875 0.139883
vt 0.812500 0.139883
vt 0.828125 0.139883
vt 0.843750 0.139883
vt 0.859375 0.139883
vt 0.875000 0.139883
vt 0.890625 0.139883
vt 0.906250 0.139883
vt 0.921875 0.139883
vt 0.937500 0.139883
vt 0.953125 0.139883
vt 0.968750 0.139883
vt 0.984375 0.139883
vt 1.000000 0.139883
vt 0.015625 0.145059
vt 0.000000 0.145059
vt 0.031250 0.145059
vt 0.046875 0.145059
vt 0.062500 0.145059
vt 0.078125 0.145059
vt 0.093750 0.145059
vt 0.109375 0.145059
vt 0.125000 0.145059
vt 0.140625 0.145059
vt 0.156250 0.145059
vt 0.171875 0.145059
vt 0.187500 0.145059
vt 0.203125 0.145059
vt 0.218750 0.145059
vt 0.234375 0.145059
vt 0.250000 0.145059
vt 0.265625 0.145059
vt 0.281250 0.145059
vt 0.296875 0.145059
vt 0.312500 0.145059
vt 0.328125 0.145059
vt 0.343750 0.145059
vt 0.359375 0.145059
vt 0.375000 0.145059
vt 0.390625 0.145059
vt 0.406250 0.145059
vt 0.421875 0.145059
vt 0.437500 0.145059
vt 0.453125 0.145059
vt 0.468750 0.145059
vt 0.484375 0.145059
vt 0.500000 0.145059
vt 0.515625 0.145059
vt 0.531250 0.145059
vt 0.546875 0.145059
vt 0.562500 0.145059
vt 0.578125 0.145059
vt 0.593750 0.145059
vt 0.609375 0.145059
vt 0.625000 0.145059
vt 0.640625 0.145059
vt 0.656250 0.145059
vt 0.671875 0.145059
vt 0.687500 0.145059
vt 0.703125 0.145059
vt 0.718750 0.145059
vt 0.734375 0.145059
vt 0.750000 0.145059
vt 0.765625 0.145059
vt 0.781250 0.145059
vt 0.796875 0.145059
vt 0.812500 0.145059
vt 0.828125 0.145059
vt 0.843750 0.145059
vt 0.859375 0.145059
vt 0.875000 0.145059
vt 0.890625 0.145059
vt 0.906250 0.145059
vt 0.921875 0.145059
vt 0.937500 0.145059
vt 0.953125 0.145059
vt 0.968750 0.145059
vt 0.984375 0.145059
vt 1.000000 0.145059
vt 0.015625 0.150444
vt 0.000000 0.150444
vt 0.031250 0.150444
vt 0.046875 0.150444
vt 0.062500 0.150444
vt 0.078125 0.150444
vt 0.093750 0.150444
vt 0.109375 0.150444
vt 0.125000 0.150444
vt 0.140625 0.150444
vt 0.156250 0.150444
vt 0.171875 0.150444
vt 0.187500 0.150444
vt 0.203125 0.150444
vt 0.218750 0.150444
vt 0.234375 0.150444
vt 0.250000 0.150444
vt 0.265625 0.150444
vt 0.281250 0.150444
vt 0.296875 0.150444
vt 0.312500 0.150444
vt 0.328125 0.150444
vt 0.343750 0.150444
vt 0.359375 0.150444
vt 0.375000 0.150444
vt 0.390625 0.150444
vt 0.406250 0.150444
vt 0.421875 0.150444
vt 0.437500 0.150444
vt 0.453125 0.150444
vt 0.468750 0.150444
vt 0.484375 0.150444
vt 0.500000 0.150444
vt 0.515625 0.150444
vt 0.531250 0.150444
vt 0.546875 0.150444
vt 0.562500 0.150444
vt 0.578125 0.150444
vt 0.593750 0.150444
vt 0.609375 0.150444
vt 0.625000 0.150444
vt 0.640625 0.150444
vt 0.656250 0.150444
vt 0.671875 0.150444
vt 0.687500 0.150444
vt 0.703125 0.150444
vt 0.718750 0.150444
vt 0.734375 0.150444
vt 0.750000 0.150444
vt 0.765625 0.150444
vt 0.781250 0.150444
vt 0.796875 0.150444
vt 0.812500 0.150444
vt 0.828125 0.150444
vt 0.843750 0.150444
vt 0.859375 0.150444
vt 0.875000 0.150444
vt 0.890625 0.150444
vt 0.906250 0.150444
vt 0.921875 0.150444
vt 0.937500 0.150444
vt 0.953125 0.150444
vt 0.968750 0.150444
vt 0.984375 0.150444
vt 1.000000 0.150444
vt 0.015625 0.155713
vt 0.000000 0.155713
vt 0.031250 0.155713
vt 0.046875 0.155713
vt 0.062500 0.155713
vt 0.078125 0.155713
vt 0.093750 0.155713
vt 0.109375 0.155713
vt 0.125000 0.155713
vt 0.140625 0.155713
vt 0.156250 0.155713
vt 0.171875 0.155713
vt 0.187500 0.155713
vt 0.203125 0.155713
vt 0.218750 0.155713
vt 0.234375 0.155713
vt 0.250000 0.155713
vt 0.265625 0.155713
vt 0.281250 0.155713
vt 0.296875 0.155713
vt 0.312500 0.155713
vt 0.328125 0.155713
vt 0.343750 0.155713
vt 0.359375 0.155713
vt 0.375000 0.155713
vt 0.390625 0.155713
vt 0.406250 0.155713
vt 0.421875 0.155713
vt 0.437500 0.155713
vt 0.453125 0.155713
vt 0.468750 0.155713
vt 0.484375 0.155713
vt 0.500000 0.155713
vt 0.515625 0.155713
vt 0.531250 0.155713
vt 0.546875 0.155713
vt 0.562500 0.155713
vt 0.578125 0.155713
vt 0.593750 0.155713
vt 0.609375 0.155713
vt 0.625000 0.155713
vt 0.640625 0.155713
vt 0.656250 0.155713
vt 0.671875 0.155713
vt 0.687500 0.155713
vt 0.703125 0.155713
vt 0.718750 0.155713
vt 0.734375 0.155713
vt 0.750000 0.155713
vt 0.765625 0.155713
vt 0.781250 0.155713
vt 0.796875 0.155713
vt 0.812500 0.155713
vt 0.828125 0.155713
vt 0.843750 0.155713
vt 0.859375 0.155713
vt 0.875000 0.155713
vt 0.890625 0.155713
vt 0.906250 0.155713
vt 0.921875 0.155713
vt 0.937500 0.155713
vt 0.953125 0.155713
vt 0.968750 0.155713
vt 0.984375 0.155713
vt 1.000000 0.155713
vt 0.007812 0.160536
vt 0.023438 0.160536
vt 0.039062 0.160536
vt 0.054688 0.160536
vt 0.070312 0.160536
vt 0.085938 0.160536
vt 0.101562 0.160536
vt 0.117188 0.160536
vt 0.132812 0.160536
vt 0.148438 0.160536
vt 0.164062 0.160536
vt 0.179688 0.160536
vt 0.195312 0.160536
vt 0.210938 0.160536
vt 0.226562 0.160536
vt 0.242188 0.160536
vt 0.257812 0.160536
vt 0.273438 0.160536
vt 0.289062 0.160536
vt 0.304688 0.160536
vt 0.320312 0.160536
vt 0.335938 0.160536
vt 0.351562 0.160536
vt 0.367188 0.160536
vt 0.382812 0.160536
vt 0.398438 0.160536
vt 0.414062 0.160536
vt 0.429688 0.160536
vt 0.445312 0.160536
vt 0.460938 0.160536
vt 0.476562 0.160536
vt 0.492188 0.160536
vt 0.507812 0.160536
vt 0.523438 0.160536
vt 0.539062 0.160536
vt 0.554688 0.160536
vt 0.570312 0.160536
vt 0.585938 0.160536
vt 0.601562 0.160536
vt 0.617188 0.160536
vt 0.632812 0.160536
vt 0.648438 0.160536
vt 0.664062 0.160536
vt 0.679688 0.160536
vt 0.695312 0.160536
vt 0.710938 0.160536
vt 0.726562 0.160536
vt 0.742188 0.160536
vt 0.757812 0.160536
vt 0.773438 0.160536
vt 0.789062 0.160536
vt 0.804688 0.160536
vt 0.820312 0.160536
vt 0.835938 0.160536
vt 0.851562 0.160536
vt 0.867188 0.160536
vt 0.882812 0.160536
vt 0.898438 0.160536
vt 0.914062 0.160536
vt 0.929688 0.160536
vt 0.945312 0.160536
vt 0.960938 0.160536
vt 0.976562 0.160536
vt 0.992188 0.160536
vt 0.007812 0.000000
vt 0.015625 0.075000
vt 0.000000 0.075000
vt 0.023438 0.000000
vt 0.031250 0.075000
vt 0.039062 0.000000
vt 0.046875 0.075000
vt 0.054688 0.000000
vt 0.062500 0.075000
vt 0.070312 0.000000
vt 0.078125 0.075000
vt 0.085938 0.000000
vt 0.093750 0.075000
vt 0.101562 0.000000
vt 0.109375 0.075000
vt 0.117188 0.000000
vt 0.125000 0.075000
vt 0.132812 0.000000
vt 0.140625 0.075000
vt 0.148438 0.000000
vt 0.156250 0.075000
vt 0.164062 0.000000
vt 0.171875 0.075000
vt 0.179688 0.000000
vt 0.187500 0.075000
vt 0.195312 0.000000
vt 0.203125 0.075000
vt 0.210938 0.000000
vt 0.218750 0.075000
vt 0.226562 0.000000
vt 0.234375 0.075000
vt 0.242188 0.000000
vt 0.250000 0.075000
vt 0.257812 0.000000
vt 0.265625 0.075000
vt 0.273438 0.000000
vt 0.281250 0.075000
vt 0.289062 0.000000
vt 0.296875 0.075000
vt 0.304688 0.000000
vt 0.312500 0.075000
vt 0.320312 0.000000
vt 0.328125 0.075000
vt 0.335938 0.000000
vt 0.343750 0.075000
vt 0.351562 0.000000
vt 0.359375 0.075000
vt 0.367188 0.000000
vt 0.375000 0.075000
vt 0.382812 0.000000
vt 0.390625 0.075000
vt 0.398438 0.000000
vt 0.406250 0.075000
vt 0.414062 0.000000
vt 0.421875 0.075000
vt 0.429688 0.000000
vt 0.437500 0.075000
vt 0.445312 0.000000
vt 0.453125 0.075000
vt 0.460938 0.000000
vt 0.468750 0.075000
vt 0.476562 0.000000
vt 0.484375 0.075000
vt 0.492188 0.000000
vt 0.500000 0.075000
vt 0.507812 0.000000
vt 0.515625 0.075000
vt 0.523438 0.000000
vt 0.531250 0.075000
vt 0.539062 0.000000
vt 0.546875 0.075000
vt 0.554688 0.000000
vt 0.562500 0.075000
vt 0.570312 0.000000
vt 0.578125 0.075000
vt 0.585938 0.000000
vt 0.593750 0.075000
vt 0.601562 0.000000
vt 0.609375 0.075000
vt 0.617188 0.000000
vt 0.625000 0.075000
vt 0.632812 0.000000
vt 0.640625 0.075000
vt 0.648438 0.000000
vt 0.656250 0.075000
vt 0.664062 0.000000
vt 0.671875 0.075000
vt 0.679688 0.000000
vt 0.687500 0.075000
vt 0.695312 0.000000
vt 0.703125 0.075000
vt 0.710938 0.000000
vt 0.718750 0.075000
vt 0.726562 0.000000
vt 0.734375 0.075000
vt 0.742188 0.000000
vt 0.750000 0.075000
vt 0.757812 0.000000
vt 0.765625 0.075000
vt 0.773438 0.000000
vt 0.781250 0.075000
vt 0.789062 0.000000
vt 0.796875 0.075000
vt 0.804688 0.000000
vt 0.812500 0.075000
vt 0.820312 0.000000
vt 0.828125 0.075000
vt 0.835938 0.000000
vt 0.843750 0.075000
vt 0.851562 0.000000
vt 0.859375 0.075000
vt 0.867188 0.000000
vt 0.875000 0.075000
vt 0.882812 0.000000
vt 0.890625 0.075000
vt 0.898438 0.000000
vt 0.906250 0.075000
vt 0.914062 0.000000
vt 0.921875 0.075000
vt 0.929688 0.000000
vt 0.937500 0.075000
vt 0.945312 0.000000
vt 0.953125 0.075000
vt 0.960938 0.000000
vt 0.968750 0.075000
vt 0.976562 0.000000
vt 0.984375 0.075000
vt 0.992188 0.000000
vt 1.000000 0.075000
vt 0.015625 0.081673
vt 0.000000 0.081673
vt 0.031250 0.081673
vt 0.046875 0.081673
vt 0.062500 0.081673
vt 0.078125 0.081673
vt 0.093750 0.081673
vt 0.109375 0.081673
vt 0.125000 0.081673
vt 0.140625 0.081673
vt 0.156250 0.081673
vt 0.171875 0.081673
vt 0.187500 0.081673
vt 0.203125 0.081673
vt 0.218750 0.081673
vt 0.234375 0.081673
vt 0.250000 0.081673
vt 0.265625 0.081673
vt 0.281250 0.081673
vt 0.296875 0.081673
vt 0.312500 0.081673
vt 0.328125 0.081673
vt 0.343750 0.081673
vt 0.359375 0.081673
vt 0.375000 0.081673
vt 0.390625 0.081673
vt 0.406250 0.081673
vt 0.421875 0.081673
vt 0.437500 0.081673
vt 0.453125 0.081673
vt 0.468750 0.081673
vt 0.484375 0.081673
vt 0.500000 0.081673
vt 0.515625 0.081673
vt 0.531250 0.081673
vt 0.546875 0.081673
vt 0.562500 0.081673
vt 0.578125 0.081673
vt 0.593750 0.081673
vt 0.609375 0.081673
vt 0.625000 0.081673
vt 0.640625 0.081673
vt 0.656250 0.081673
vt 0.671875 0.081673
vt 0.687500 0.081673
vt 0.703125 0.081673
vt 0.718750 0.081673
vt 0.734375 0.081673
vt 0.750000 0.081673
vt 0.765625 0.081673
vt 0.781250 0.081673
vt 0.796875 0.081673
vt 0.812500 0.081673
vt 0.828125 0.081673
vt 0.843750 0.081673
vt 0.859375 0.081673
vt 0.875000 0.081673
vt 0.890625 0.081673
vt 0.906250 0.081673
vt 0.921875 0.081673
vt 0.937500 0.081673
vt 0.953125 0.081673
vt 0.968750 0.081673
vt 0.984375 0.081673
vt 1.000000 0.081673
vt 0.015625 0.083884
vt 0.000000 0.083884
vt 0.031250 0.083884
vt 0.995726 0.000000
vt 0.004274 0.000000
vt 0.000000 0.035000
vt 1.000000 0.035000
vt 0.000000 0.044800
vt 1.000000 0.044800
vt 0.004274 0.079800
vt 0.995726 0.079800
vt 0.004274 0.089600
vt 0.995726 0.089600
s 1
usemtl body
f 1/1/1 5/2/1 6/3/1 2/4/1
f 105/5/2 109/6/3 110/7/4 106/8/5
f 106/5/5 110/6/4 111/7/6 107/8/7
f 107/8/7 111/7/6 112/6/8 108/5/9
f 108/8/9 112/7/8 109/6/3 105/5/2
f 109/6/3 113/9/10 114/10/11 110/7/4
f 110/6/4 114/9/11 115/10/12 111/7/6
f 111/7/6 115/10/12 116/9/13 112/6/8
f 112/7/8 116/10/13 113/9/10 109/6/3
f 113/9/10 117/11/14 118/12/14 114/10/11
f 114/9/11 118/11/15 119/12/15 115/10/12
f 115/10/12 119/12/16 120/11/16 116/9/13
f 116/10/13 120/12/17 117/11/17 113/9/10
f 117/11/14 121/13/18 122/14/18 118/12/14
f 118/11/15 122/13/19 123/14/19 119/12/15
f 119/12/16 123/14/20 124/13/20 120/11/16
f 120/12/17 124/14/21 121/13/21 117/11/17
f 121/13/18 125/15/22 126/16/22 122/14/18
f 122/13/19 126/15/23 127/16/23 123/14/19
f 123/14/20 127/16/24 128/15/24 124/13/20
f 124/14/21 128/16/25 125/15/25 121/13/21
f 125/15/22 129/17/26 130/18/26 126/16/22
f 126/15/23 130/17/27 131/18/27 127/16/23
f 127/16/24 131/18/28 132/17/28 128/15/24
f 128/16/25 132/18/29 129/17/29 125/15/25
f 129/17/26 133/19/30 134/20/30 130/18/26
f 130/17/27 134/19/31 135/20/31 131/18/27
f 131/18/28 135/20/32 136/19/32 132/17/28
f 132/18/29 136/20/33 133/19/33 129/17/29
f 133/19/30 137/21/34 138/22/34 134/20/30
f 134/19/31 138/21/35 139/22/35 135/20/31
f 135/20/32 139/22/36 140/21/36 136/19/32
f 136/20/33 140/22/37 137/21/37 133/19/33
f 137/21/38 141/23/39 142/24/40 138/22/38
f 138/21/38 142/23/40 143/24/41 139/22/38
f 139/22/38 143/24/41 144/23/42 140/21/38
f 140/22/38 144/24/42 141/23/39 137/21/38
f 141/23/39 145/25/43 146/26/44 142/24/40
f 142/23/40 146/25/44 147/26/45 143/24/41
f 143/24/41 147/26/45 148/25/46 144/23/42
f 144/24/42 148/26/46 145/25/43 141/23/39
f 145/25/43 149/27/47 150/28/48 146/26/44
f 146/25/44 150/27/48 151/28/49 147/26/45
f 147/26/45 151/28/49 152/27/50 148/25/46
f 148/26/46 152/28/50 149/27/47 145/25/43
f 149/27/47 153/29/51 154/30/52 150/28/48
f 150/27/48 154/29/52 155/30/53 151/28/49
f 151/28/49 155/30/53 156/29/54 152/27/50
f 152/28/50 156/30/54 153/29/51 149/27/47
f 153/29/51 157/31/55 158/32/55 154/30/52
f 154/29/52 158/31/56 159/32/56 155/30/53
f 155/30/53 159/32/57 160/31/57 156/29/54
f 156/30/54 160/32/58 157/31/58 153/29/51
f 157/31/55 161/33/59 162/34/59 158/32/55
f 158/31/56 162/33/60 163/34/60 159/32/56
f 159/32/57 163/34/61 164/33/61 160/31/57
f 160/32/58 164/34/62 161/33/62 157/31/58
f 161/33/59 165/35/63 166/36/63 162/34/59
f 162/33/60 166/35/64 167/36/64 163/34/60
f 163/34/61 167/36/65 168/35/65 164/33/61
f 164/34/62 168/36/66 165/35/66 161/33/62
f 165/35/63 169/37/67 170/38/67 166/36/63
f 166/35/64 170/37/68 171/38/68 167/36/64
f 167/36/65 171/38/69 172/37/69 168/35/65
f 168/36/66 172/38/70 169/37/70 165/35/66
f 169/37/67 173/39/71 174/40/71 170/38/67
f 170/37/68 174/39/72 175/40/72 171/38/68
f 171/38/69 175/40/73 176/39/73 172/37/69
f 172/38/70 176/40/74 173/39/74 169/37/70
f 173/39/71 177/41/75 178/42/75 174/40/71
f 174/39/72 178/41/76 179/42/76 175/40/72
f 175/40/73 179/42/77 180/41/77 176/39/73
f 176/40/74 180/42/78 177/41/78 173/39/74
f 177/41/75 181/43/79 182/44/79 178/42/75
f 178/41/76 182/43/80 183/44/80 179/42/76
f 179/42/77 183/44/81 184/43/81 180/41/77
f 180/42/78 184/44/82 181/43/82 177/41/78
f 181/43/83 185/45/84 186/46/84 182/44/83
f 182/43/85 186/45/86 187/46/86 183/44/85
f 183/44/87 187/46/88 188/45/88 184/43/87
f 184/44/89 188/46/90 185/45/90 181/43/89
f 185/45/84 189/47/91 190/48/91 186/46/84
f 186/45/86 190/47/92 191/48/92 187/46/86
f 187/46/88 191/48/93 192/47/93 188/45/88
f 188/46/90 192/48/94 189/47/94 185/45/90
f 189/47/91 193/49/95 194/50/95 190/48/91
f 190/47/92 194/49/96 195/50/96 191/48/92
f 191/48/93 195/50/97 196/49/97 192/47/93
f 192/48/94 196/50/98 193/49/98 189/47/94
f 193/49/95 197/51/99 198/52/99 194/50/95
f 194/49/96 198/51/100 199/52/100 195/50/96
f 195/50/97 199/52/101 200/51/101 196/49/97
f 196/50/98 200/52/102 197/51/102 193/49/98
f 197/51/99 201/53/103 202/54/103 198/52/99
f 198/51/100 202/53/104 203/54/104 199/52/100
f 199/52/101 203/54/105 204/53/105 200/51/101
f 200/52/102 204/54/106 201/53/106 197/51/102
f 201/53/103 205/55/107 206/56/107 202/54/103
f 202/53/104 206/55/108 207/56/108 203/54/104
f 203/54/105 207/56/109 208/55/109 204/53/105
f 204/54/106 208/56/110 205/55/110 201/53/106
f 205/55/107 209/57/111 210/58/111 206/56/107
f 206/55/108 210/57/112 211/58/112 207/56/108
f 207/56/109 211/58/113 212/57/113 208/55/109
f 208/56/110 212/58/114 209/57/114 205/55/110
f 209/57/115 1/59/115 2/60/115 210/58/115
f 210/57/115 2/59/115 3/60/115 211/58/115
f 211/58/115 3/60/115 4/59/115 212/57/115
f 212/58/115 4/60/115 1/59/115 209/57/115
f 2/1/116 6/2/116 7/3/116 3/4/116
f 3/4/117 7/3/117 8/2/117 4/1/117
f 4/4/118 8/3/118 5/2/118 1/1/118
f 5/2/119 9/61/119 10/62/119 6/3/119
f 6/2/120 10/61/120 11/62/120 7/3/120
f 7/3/121 11/62/121 12/61/121 8/2/121
f 8/3/122 12/62/122 9/61/122 5/2/122
f 9/61/38 13/63/123 14/64/124 10/62/38
f 10/61/38 14/63/124 15/64/125 11/62/38
f 11/62/38 15/64/125 16/63/126 12/61/38
f 12/62/38 16/64/126 13/63/123 9/61/38
f 13/63/123 17/65/127 18/66/128 14/64/124
f 14/63/124 18/65/128 19/66/129 15/64/125
f 15/64/125 19/66/129 20/65/130 16/63/126
f 16/64/126 20/66/130 17/65/127 13/63/123
f 17/65/127 21/67/131 22/68/131 18/66/128
f 18/65/128 22/67/132 23/68/132 19/66/129
f 19/66/129 23/68/133 24/67/133 20/65/130
f 20/66/130 24/68/134 21/67/134 17/65/127
f 21/67/131 25/69/135 26/70/135 22/68/131
f 22/67/132 26/69/136 27/70/136 23/68/132
f 23/68/133 27/70/137 28/69/137 24/67/133
f 24/68/134 28/70/138 25/69/138 21/67/134
f 25/69/135 29/71/139 30/72/140 26/70/135
f 26/69/136 30/71/140 31/72/141 27/70/136
f 27/70/137 31/72/141 32/71/142 28/69/137
f 28/70/138 32/72/142 29/71/139 25/69/138
f 29/71/139 33/73/143 34/74/144 30/72/140
f 30/71/140 34/73/144 35/74/145 31/72/141
f 31/72/141 35/74/145 36/73/146 32/71/142
f 32/72/142 36/74/146 33/73/143 29/71/139
f 33/73/143 37/75/147 38/76/148 34/74/144
f 34/73/144 38/75/148 39/76/149 35/74/145
f 35/74/145 39/76/149 40/75/150 36/73/146
f 36/74/146 40/76/150 37/75/147 33/73/143
f 37/75/147 41/77/151 42/78/152 38/76/148
f 38/75/148 42/77/152 43/78/153 39/76/149
f 39/76/149 43/78/153 44/77/154 40/75/150
f 40/76/150 44/78/154 41/77/151 37/75/147
f 41/77/151 45/79/155 46/80/156 42/78/152
f 42/77/152 46/79/156 47/80/157 43/78/153
f 43/78/153 47/80/157 48/79/158 44/77/154
f 44/78/154 48/80/158 45/79/155 41/77/151
f 45/79/155 49/81/159 50/82/160 46/80/156
f 46/79/156 50/81/160 51/82/161 47/80/157
f 47/80/157 51/82/161 52/81/162 48/79/158
f 48/80/158 52/82/162 49/81/159 45/79/155
f 49/81/159 53/83/163 54/84/164 50/82/160
f 50/81/160 54/83/164 55/84/165 51/82/161
f 51/82/161 55/84/165 56/83/166 52/81/162
f 52/82/162 56/84/166 53/83/163 49/81/159
f 53/83/163 57/85/167 58/86/167 54/84/164
f 54/83/164 58/85/168 59/86/168 55/84/165
f 55/84/165 59/86/169 60/85/169 56/83/166
f 56/84/166 60/86/170 57/85/170 53/83/163
f 57/85/167 61/87/171 62/88/171 58/86/167
f 58/85/168 62/87/172 63/88/172 59/86/168
f 59/86/169 63/88/173 64/87/173 60/85/169
f 60/86/170 64/88/174 61/87/174 57/85/170
f 61/87/171 65/89/175 66/90/175 62/88/171
f 62/87/172 66/89/176 67/90/176 63/88/172
f 63/88/173 67/90/177 68/89/177 64/87/173
f 64/88/174 68/90/178 65/89/178 61/87/174
f 65/89/175 69/91/179 70/92/179 66/90/175
f 66/89/176 70/91/180 71/92/180 67/90/176
f 67/90/177 71/92/181 72/91/181 68/89/177
f 68/90/178 72/92/182 69/91/182 65/89/178
f 69/91/179 73/93/183 74/94/183 70/92/179
f 70/91/180 74/93/184 75/94/184 71/92/180
f 71/92/181 75/94/185 76/93/185 72/91/181
f 72/92/182 76/94/186 73/93/186 69/91/182
f 73/93/183 77/95/187 78/96/187 74/94/183
f 74/93/184 78/95/188 79/96/188 75/94/184
f 75/94/185 79/96/189 80/95/189 76/93/185
f 76/94/186 80/96/190 77/95/190 73/93/186
f 77/95/187 81/97/191 82/98/191 78/96/187
f 78/95/188 82/97/192 83/98/192 79/96/188
f 79/96/189 83/98/193 84/97/193 80/95/189
f 80/96/190 84/98/194 81/97/194 77/95/190
f 81/97/191 85/99/195 86/100/195 82/98/191
f 82/97/192 86/99/196 87/100/196 83/98/192
f 83/98/193 87/100/197 88/99/197 84/97/193
f 84/98/194 88/100/198 85/99/198 81/97/194
f 85/99/195 89/101/199 90/102/200 86/100/195
f 86/99/196 90/101/200 91/102/201 87/100/196
f 87/100/197 91/102/201 92/101/202 88/99/197
f 88/100/198 92/102/202 89/101/199 85/99/198
f 89/101/199 93/103/3 94/104/4 90/102/200
f 90/101/200 94/103/4 95/104/6 91/102/201
f 91/102/201 95/104/6 96/103/8 92/101/202
f 92/102/202 96/104/8 93/103/3 89/101/199
f 93/103/3 97/105/203 98/106/204 94/104/4
f 94/103/4 98/105/204 99/106/205 95/104/6
f 95/104/6 99/106/205 100/105/206 96/103/8
f 96/104/8 100/106/206 97/105/203 93/103/3
f 97/105/203 101/107/207 102/108/208 98/106/204
f 98/105/204 102/107/208 103/108/209 99/106/205
f 99/106/205 103/108/209 104/107/210 100/105/206
f 100/106/206 104/108/210 101/107/207 97/105/203
f 101/107/207 105/5/2 106/8/5 102/108/208
f 102/107/208 106/5/5 107/8/7 103/108/209
f 103/108/209 107/8/7 108/5/9 104/107/210
f 104/108/210 108/8/9 105/5/2 101/107/207
usemtl trim
f 361/109/211 362/110/212 426/111/213 425/112/214
f 362/110/215 363/113/216 427/114/217 426/111/213
f 363/113/216 364/115/218 428/116/219 427/114/217
f 364/115/218 365/117/220 429/118/221 428/116/219
f 365/117/220 366/119/222 430/120/223 429/118/221
f 366/119/222 367/121/224 431/122/225 430/120/223
f 367/121/224 368/123/226 432/124/227 431/122/225
f 368/123/226 369/125/228 433/126/229 432/124/227
f 369/125/228 370/127/230 434/128/231 433/126/229
f 370/127/232 371/129/233 435/130/234 434/128/231
f 371/129/233 372/131/235 436/132/236 435/130/234
f 372/131/235 373/133/237 437/134/238 436/132/236
f 373/133/237 374/135/239 438/136/240 437/134/238
f 374/135/239 375/137/241 439/138/242 438/136/240
f 375/137/241 376/139/243 440/140/244 439/138/242
f 376/139/243 377/141/245 441/142/246 440/140/244
f 377/141/245 378/143/247 442/144/248 441/142/246
f 378/143/249 379/145/250 443/146/251 442/144/248
f 379/145/250 380/147/252 444/148/253 443/146/251
f 380/147/252 381/149/254 445/150/255 444/148/253
f 381/149/254 382/151/256 446/152/257 445/150/255
f 382/151/256 383/153/258 447/154/259 446/152/257
f 383/153/258 384/155/260 448/156/261 447/154/259
f 384/155/260 385/157/262 449/158/263 448/156/261
f 385/157/262 386/159/264 450/160/265 449/158/263
f 386/159/266 387/161/267 451/162/268 450/160/265
f 387/161/267 388/163/269 452/164/270 451/162/268
f 388/163/269 389/165/271 453/166/272 452/164/270
f 389/165/271 390/167/273 454/168/274 453/166/272
f 390/167/273 391/169/275 455/170/276 454/168/274
f 391/169/275 392/171/277 456/172/278 455/170/276
f 392/171/277 393/173/279 457/174/280 456/172/278
f 393/173/279 394/175/281 458/176/282 457/174/280
f 394/175/283 395/177/284 459/178/285 458/176/282
f 395/177/284 396/179/286 460/180/287 459/178/285
f 396/179/286 397/181/288 461/182/289 460/180/287
f 397/181/288 398/183/290 462/184/291 461/182/289
f 398/183/290 399/185/292 463/186/293 462/184/291
f 399/185/292 400/187/294 464/188/295 463/186/293
f 400/187/294 401/189/296 465/190/297 464/188/295
f 401/189/296 402/191/298 466/192/299 465/190/297
f 402/191/300 403/193/301 467/194/302 466/192/299
f 403/193/301 404/195/303 468/196/304 467/194/302
f 404/195/303 405/197/305 469/198/306 468/196/304
f 405/197/305 406/199/307 470/200/308 469/198/306
f 406/199/307 407/201/309 471/202/310 470/200/308
f 407/201/309 408/203/311 472/204/312 471/202/310
f 408/203/311 409/205/313 473/206/314 472/204/312
f 409/205/313 410/207/315 474/208/316 473/206/314
f 410/207/317 411/209/318 475/210/319 474/208/316
f 411/209/318 412/211/320 476/212/321 475/210/319
f 412/211/320 413/213/322 477/214/323 476/212/321
f 413/213/322 414/215/324 478/216/325 477/214/323
f 414/215/324 415/217/326 479/218/327 478/216/325
f 415/217/326 416/219/328 480/220/329 479/218/327
f 416/219/328 417/221/330 481/222/331 480/220/329
f 417/221/330 418/223/332 482/224/333 481/222/331
f 418/223/334 419/225/335 483/226/336 482/224/333
f 419/225/335 420/227/337 484/228/338 483/226/336
f 420/227/337 421/229/339 485/230/340 484/228/338
f 421/229/339 358/231/341 422/232/342 485/230/340
f 422/233/342 423/234/343 487/235/344 486/236/345
f 423/234/343 424/237/346 488/238/347 487/235/344
f 424/237/346 425/112/214 489/239/348 488/238/347
f 425/112/214 426/111/213 490/240/349 489/239/348
f 426/111/213 427/114/217 491/241/350 490/240/349
f 427/114/217 428/116/219 492/242/351 491/241/350
f 428/116/219 429/118/221 493/243/352 492/242/351
f 429/118/221 430/120/223 494/244/353 493/243/352
f 430/120/223 431/122/225 495/245/354 494/244/353
f 431/122/225 432/124/227 496/246/355 495/245/354
f 432/124/227 433/126/229 497/247/356 496/246/355
f 433/126/229 434/128/231 498/248/357 497/247/356
f 434/128/231 435/130/234 499/249/358 498/248/357
f 435/130/234 436/132/236 500/250/359 499/249/358
f 436/132/236 437/134/238 501/251/360 500/250/359
f 437/134/238 438/136/240 502/252/361 501/251/360
f 438/136/240 439/138/242 503/253/362 502/252/361
f 439/138/242 440/140/244 504/254/363 503/253/362
f 440/140/244 441/142/246 505/255/364 504/254/363
f 441/142/246 442/144/248 506/256/365 505/255/364
f 442/144/248 443/146/251 507/257/366 506/256/365
f 443/146/251 444/148/253 508/258/367 507/257/366
f 444/148/253 445/150/255 509/259/368 508/258/367
f 445/150/255 446/152/257 510/260/369 509/259/368
f 446/152/257 447/154/259 511/261/370 510/260/369
f 447/154/259 448/156/261 512/262/371 511/261/370
f 448/156/261 449/158/263 513/263/372 512/262/371
f 449/158/263 450/160/265 514/264/373 513/263/372
f 450/160/265 451/162/268 515/265/374 514/264/373
f 451/162/268 452/164/270 516/266/375 515/265/374
f 452/164/270 453/166/272 517/267/376 516/266/375
f 453/166/272 454/168/274 518/268/377 517/267/376
f 454/168/274 455/170/276 519/269/378 518/268/377
f 455/170/276 456/172/278 520/270/379 519/269/378
f 456/172/278 457/174/280 521/271/380 520/270/379
f 457/174/280 458/176/282 522/272/381 521/271/380
f 458/176/282 459/178/285 523/273/382 522/272/381
f 459/178/285 460/180/287 524/274/383 523/273/382
f 460/180/287 461/182/289 525/275/384 524/274/383
f 461/182/289 462/184/291 526/276/385 525/275/384
f 462/184/291 463/186/293 527/277/386 526/276/385
f 463/186/293 464/188/295 528/278/387 527/277/386
f 464/188/295 465/190/297 529/279/388 528/278/387
f 465/190/297 466/192/299 530/280/389 529/279/388
f 466/192/299 467/194/302 531/281/390 530/280/389
f 467/194/302 468/196/304 532/282/391 531/281/390
f 468/196/304 469/198/306 533/283/392 532/282/391
f 469/198/306 470/200/308 534/284/393 533/283/392
f 470/200/308 471/202/310 535/285/394 534/284/393
f 471/202/310 472/204/312 536/286/395 535/285/394
f 472/204/312 473/206/314 537/287/396 536/286/395
f 473/206/314 474/208/316 538/288/397 537/287/396
f 474/208/316 475/210/319 539/289/398 538/288/397
f 475/210/319 476/212/321 540/290/399 539/289/398
f 476/212/321 477/214/323 541/291/400 540/290/399
f 477/214/323 478/216/325 542/292/401 541/291/400
f 478/216/325 479/218/327 543/293/402 542/292/401
f 479/218/327 480/220/329 544/294/403 543/293/402
f 480/220/329 481/222/331 545/295/404 544/294/403
f 481/222/331 482/224/333 546/296/405 545/295/404
f 482/224/333 483/226/336 547/297/406 546/296/405
f 483/226/336 484/228/338 548/298/407 547/297/406
f 484/228/338 485/230/340 549/299/408 548/298/407
f 485/230/340 422/232/342 486/300/345 549/299/408
f 486/236/345 487/235/344 551/301/409 550/302/410
f 487/235/344 488/238/347 552/303/411 551/301/409
f 488/238/347 489/239/348 553/304/412 552/303/411
f 489/239/348 490/240/349 554/305/413 553/304/412
f 490/240/349 491/241/350 555/306/414 554/305/413
f 491/241/350 492/242/351 556/307/415 555/306/414
f 492/242/351 493/243/352 557/308/416 556/307/415
f 493/243/352 494/244/353 558/309/417 557/308/416
f 494/244/353 495/245/354 559/310/418 558/309/417
f 495/245/354 496/246/355 560/311/419 559/310/418
f 496/246/355 497/247/356 561/312/420 560/311/419
f 497/247/356 498/248/357 562/313/421 561/312/420
f 498/248/357 499/249/358 563/314/422 562/313/421
f 499/249/358 500/250/359 564/315/423 563/314/422
f 500/250/359 501/251/360 565/316/424 564/315/423
f 501/251/360 502/252/361 566/317/425 565/316/424
f 502/252/361 503/253/362 567/318/426 566/317/425
f 503/253/362 504/254/363 568/319/427 567/318/426
f 504/254/363 505/255/364 569/320/428 568/319/427
f 505/255/364 506/256/365 570/321/429 569/320/428
f 506/256/365 507/257/366 571/322/430 570/321/429
f 507/257/366 508/258/367 572/323/431 571/322/430
f 508/258/367 509/259/368 573/324/432 572/323/431
f 509/259/368 510/260/369 574/325/433 573/324/432
f 510/260/369 511/261/370 575/326/434 574/325/433
f 511/261/370 512/262/371 576/327/435 575/326/434
f 512/262/371 513/263/372 577/328/436 576/327/435
f 513/263/372 514/264/373 578/329/437 577/328/436
f 514/264/373 515/265/374 579/330/438 578/329/437
f 515/265/374 516/266/375 580/331/439 579/330/438
f 516/266/375 517/267/376 581/332/440 580/331/439
f 517/267/376 518/268/377 582/333/441 581/332/440
f 518/268/377 519/269/378 583/334/442 582/333/441
f 519/269/378 520/270/379 584/335/443 583/334/442
f 520/270/379 521/271/380 585/336/444 584/335/443
f 521/271/380 522/272/381 586/337/445 585/336/444
f 522/272/381 523/273/382 587/338/446 586/337/445
f 523/273/382 524/274/383 588/339/447 587/338/446
f 524/274/383 525/275/384 589/340/448 588/339/447
f 525/275/384 526/276/385 590/341/449 589/340/448
f 526/276/385 527/277/386 591/342/450 590/341/449
f 527/277/386 528/278/387 592/343/451 591/342/450
f 528/278/387 529/279/388 593/344/452 592/343/451
f 529/279/388 530/280/389 594/345/453 593/344/452
f 530/280/389 531/281/390 595/346/454 594/345/453
f 531/281/390 532/282/391 596/347/455 595/346/454
f 532/282/391 533/283/392 597/348/456 596/347/455
f 533/283/392 534/284/393 598/349/457 597/348/456
f 534/284/393 535/285/394 599/350/458 598/349/457
f 535/285/394 536/286/395 600/351/459 599/350/458
f 536/286/395 537/287/396 601/352/460 600/351/459
f 537/287/396 538/288/397 602/353/461 601/352/460
f 538/288/397 539/289/398 603/354/462 602/353/461
f 539/289/398 540/290/399 604/355/463 603/354/462
f 540/290/399 541/291/400 605/356/464 604/355/463
f 541/291/400 542/292/401 606/357/465 605/356/464
f 542/292/401 543/293/402 607/358/466 606/357/465
f 543/293/402 544/294/403 608/359/467 607/358/466
f 544/294/403 545/295/404 609/360/468 608/359/467
f 545/295/404 546/296/405 610/361/469 609/360/468
f 546/296/405 547/297/406 611/362/470 610/361/469
f 547/297/406 548/298/407 612/363/471 611/362/470
f 548/298/407 549/299/408 613/364/472 612/363/471
f 549/299/408 486/300/345 550/365/410 613/364/472
f 550/302/410 551/301/409 615/366/473 614/367/474
f 551/301/409 552/303/411 616/368/475 615/366/473
f 552/303/411 553/304/412 617/369/476 616/368/475
f 553/304/412 554/305/413 618/370/477 617/369/476
f 554/305/413 555/306/414 619/371/478 618/370/477
f 555/306/414 556/307/415 620/372/479 619/371/478
f 556/307/415 557/308/416 621/373/480 620/372/479
f 557/308/416 558/309/417 622/374/481 621/373/480
f 558/309/417 559/310/418 623/375/482 622/374/481
f 559/310/418 560/311/419 624/376/483 623/375/482
f 560/311/419 561/312/420 625/377/484 624/376/483
f 561/312/420 562/313/421 626/378/485 625/377/484
f 562/313/421 563/314/422 627/379/486 626/378/485
f 563/314/422 564/315/423 628/380/487 627/379/486
f 564/315/423 565/316/424 629/381/488 628/380/487
f 565/316/424 566/317/425 630/382/489 629/381/488
f 566/317/425 567/318/426 631/383/490 630/382/489
f 567/318/426 568/319/427 632/384/491 631/383/490
f 568/319/427 569/320/428 633/385/492 632/384/491
f 569/320/428 570/321/429 634/386/493 633/385/492
f 570/321/429 571/322/430 635/387/494 634/386/493
f 571/322/430 572/323/431 636/388/495 635/387/494
f 572/323/431 573/324/432 637/389/496 636/388/495
f 573/324/432 574/325/433 638/390/497 637/389/496
f 574/325/433 575/326/434 639/391/498 638/390/497
f 575/326/434 576/327/435 640/392/499 639/391/498
f 576/327/435 577/328/436 641/393/500 640/392/499
f 577/328/436 578/329/437 642/394/501 641/393/500
f 578/329/437 579/330/438 643/395/502 642/394/501
f 579/330/438 580/331/439 644/396/503 643/395/502
f 580/331/439 581/332/440 645/397/504 644/396/503
f 581/332/440 582/333/441 646/398/505 645/397/504
f 582/333/441 583/334/442 647/399/506 646/398/505
f 583/334/442 584/335/443 648/400/507 647/399/506
f 584/335/443 585/336/444 649/401/508 648/400/507
f 585/336/444 586/337/445 650/402/509 649/401/508
f 586/337/445 587/338/446 651/403/510 650/402/509
f 587/338/446 588/339/447 652/404/511 651/403/510
f 588/339/447 589/340/448 653/405/512 652/404/511
f 589/340/448 590/341/449 654/406/513 653/405/512
f 590/341/449 591/342/450 655/407/514 654/406/513
f 591/342/450 592/343/451 656/408/515 655/407/514
f 592/343/451 593/344/452 657/409/516 656/408/515
f 593/344/452 594/345/453 658/410/517 657/409/516
f 594/345/453 595/346/454 659/411/518 658/410/517
f 595/346/454 596/347/455 660/412/519 659/411/518
f 596/347/455 597/348/456 661/413/520 660/412/519
f 597/348/456 598/349/457 662/414/521 661/413/520
f 598/349/457 599/350/458 663/415/522 662/414/521
f 599/350/458 600/351/459 664/416/523 663/415/522
f 600/351/459 601/352/460 665/417/524 664/416/523
f 601/352/460 602/353/461 666/418/525 665/417/524
f 602/353/461 603/354/462 667/419/526 666/418/525
f 603/354/462 604/355/463 668/420/527 667/419/526
f 604/355/463 605/356/464 669/421/528 668/420/527
f 605/356/464 606/357/465 670/422/529 669/421/528
f 606/357/465 607/358/466 671/423/530 670/422/529
f 607/358/466 608/359/467 672/424/531 671/423/530
f 608/359/467 609/360/468 673/425/532 672/424/531
f 609/360/468 610/361/469 674/426/533 673/425/532
f 610/361/469 611/362/470 675/427/534 674/426/533
f 611/362/470 612/363/471 676/428/535 675/427/534
f 612/363/471 613/364/472 677/429/536 676/428/535
f 613/364/472 550/365/410 614/430/474 677/429/536
f 614/367/474 615/366/473 679/431/537 678/432/538
f 615/366/473 616/368/475 680/433/539 679/431/537
f 616/368/475 617/369/476 681/434/540 680/433/539
f 617/369/476 618/370/477 682/435/541 681/434/540
f 618/370/477 619/371/478 683/436/542 682/435/541
f 619/371/478 620/372/479 684/437/543 683/436/542
f 620/372/479 621/373/480 685/438/544 684/437/543
f 621/373/480 622/374/481 686/439/545 685/438/544
f 622/374/481 623/375/482 687/440/546 686/439/545
f 623/375/482 624/376/483 688/441/547 687/440/546
f 624/376/483 625/377/484 689/442/548 688/441/547
f 625/377/484 626/378/485 690/443/549 689/442/548
f 626/378/485 627/379/486 691/444/550 690/443/549
f 627/379/486 628/380/487 692/445/551 691/444/550
f 628/380/487 629/381/488 693/446/552 692/445/551
f 629/381/488 630/382/489 694/447/553 693/446/552
f 630/382/489 631/383/490 695/448/554 694/447/553
f 631/383/490 632/384/491 696/449/555 695/448/554
f 632/384/491 633/385/492 697/450/556 696/449/555
f 633/385/492 634/386/493 698/451/557 697/450/556
f 634/386/493 635/387/494 699/452/558 698/451/557
f 635/387/494 636/388/495 700/453/559 699/452/558
f 636/388/495 637/389/496 701/454/560 700/453/559
f 637/389/496 638/390/497 702/455/561 701/454/560
f 638/390/497 639/391/498 703/456/562 702/455/561
f 639/391/498 640/392/499 704/457/563 703/456/562
f 640/392/499 641/393/500 705/458/564 704/457/563
f 641/393/500 642/394/501 706/459/565 705/458/564
f 642/394/501 643/395/502 707/460/566 706/459/565
f 643/395/502 644/396/503 708/461/567 707/460/566
f 644/396/503 645/397/504 709/462/568 708/461/567
f 645/397/504 646/398/505 710/463/569 709/462/568
f 646/398/505 647/399/506 711/464/570 710/463/569
f 647/399/506 648/400/507 712/465/571 711/464/570
f 648/400/507 649/401/508 713/466/572 712/465/571
f 649/401/508 650/402/509 714/467/573 713/466/572
f 650/402/509 651/403/510 715/468/574 714/467/573
f 651/403/510 652/404/511 716/469/575 715/468/574
f 652/404/511 653/405/512 717/470/576 716/469/575
f 653/405/512 654/406/513 718/471/577 717/470/576
f 654/406/513 655/407/514 719/472/578 718/471/577
f 655/407/514 656/408/515 720/473/579 719/472/578
f 656/408/515 657/409/516 721/474/580 720/473/579
f 657/409/516 658/410/517 722/475/581 721/474/580
f 658/410/517 659/411/518 723/476/582 722/475/581
f 659/411/518 660/412/519 724/477/583 723/476/582
f 660/412/519 661/413/520 725/478/584 724/477/583
f 661/413/520 662/414/521 726/479/585 725/478/584
f 662/414/521 663/415/522 727/480/586 726/479/585
f 663/415/522 664/416/523 728/481/587 727/480/586
f 664/416/523 665/417/524 729/482/588 728/481/587
f 665/417/524 666/418/525 730/483/589 729/482/588
f 666/418/525 667/419/526 731/484/590 730/483/589
f 667/419/526 668/420/527 732/485/591 731/484/590
f 668/420/527 669/421/528 733/486/592 732/485/591
f 669/421/528 670/422/529 734/487/593 733/486/592
f 670/422/529 671/423/530 735/488/594 734/487/593
f 671/423/530 672/424/531 736/489/595 735/488/594
f 672/424/531 673/425/532 737/490/596 736/489/595
f 673/425/532 674/426/533 738/491/597 737/490/596
f 674/426/533 675/427/534 739/492/598 738/491/597
f 675/427/534 676/428/535 740/493/599 739/492/598
f 676/428/535 677/429/536 741/494/600 740/493/599
f 677/429/536 614/430/474 678/495/538 741/494/600
f 678/432/538 679/431/537 743/496/601 742/497/602
f 679/431/537 680/433/539 744/498/603 743/496/601
f 680/433/539 681/434/540 745/499/604 744/498/603
f 681/434/540 682/435/541 746/500/605 745/499/604
f 682/435/541 683/436/542 747/501/606 746/500/605
f 683/436/542 684/437/543 748/502/607 747/501/606
f 684/437/543 685/438/544 749/503/608 748/502/607
f 685/438/544 686/439/545 750/504/609 749/503/608
f 686/439/545 687/440/546 751/505/610 750/504/609
f 687/440/546 688/441/547 752/506/611 751/505/610
f 688/441/547 689/442/548 753/507/612 752/506/611
f 689/442/548 690/443/549 754/508/613 753/507/612
f 690/443/549 691/444/550 755/509/614 754/508/613
f 691/444/550 692/445/551 756/510/615 755/509/614
f 692/445/551 693/446/552 757/511/616 756/510/615
f 693/446/552 694/447/553 758/512/617 757/511/616
f 694/447/553 695/448/554 759/513/618 758/512/617
f 695/448/554 696/449/555 760/514/619 759/513/618
f 696/449/555 697/450/556 761/515/620 760/514/619
f 697/450/556 698/451/557 762/516/621 761/515/620
f 698/451/557 699/452/558 763/517/622 762/516/621
f 699/452/558 700/453/559 764/518/623 763/517/622
f 700/453/559 701/454/560 765/519/624 764/518/623
f 701/454/560 702/455/561 766/520/625 765/519/624
f 702/455/561 703/456/562 767/521/626 766/520/625
f 703/456/562 704/457/563 768/522/627 767/521/626
f 704/457/563 705/458/564 769/523/628 768/522/627
f 705/458/564 706/459/565 770/524/629 769/523/628
f 706/459/565 707/460/566 771/525/630 770/524/629
f 707/460/566 708/461/567 772/526/631 771/525/630
f 708/461/567 709/462/568 773/527/632 772/526/631
f 709/462/568 710/463/569 774/528/633 773/527/632
f 710/463/569 711/464/570 775/529/634 774/528/633
f 711/464/570 712/465/571 776/530/635 775/529/634
f 712/465/571 713/466/572 777/531/636 776/530/635
f 713/466/572 714/467/573 778/532/637 777/531/636
f 714/467/573 715/468/574 779/533/638 778/532/637
f 715/468/574 716/469/575 780/534/639 779/533/638
f 716/469/575 717/470/576 781/535/640 780/534/639
f 717/470/576 718/471/577 782/536/641 781/535/640
f 718/471/577 719/472/578 783/537/642 782/536/641
f 719/472/578 720/473/579 784/538/643 783/537/642
f 720/473/579 721/474/580 785/539/644 784/538/643
f 721/474/580 722/475/581 786/540/645 785/539/644
f 722/475/581 723/476/582 787/541/646 786/540/645
f 723/476/582 724/477/583 788/542/647 787/541/646
f 724/477/583 725/478/584 789/543/648 788/542/647
f 725/478/584 726/479/585 790/544/649 789/543/648
f 726/479/585 727/480/586 791/545/650 790/544/649
f 727/480/586 728/481/587 792/546/651 791/545/650
f 728/481/587 729/482/588 793/547/652 792/546/651
f 729/482/588 730/483/589 794/548/653 793/547/652
f 730/483/589 731/484/590 795/549/654 794/548/653
f 731/484/590 732/485/591 796/550/655 795/549/654
f 732/485/591 733/486/592 797/551/656 796/550/655
f 733/486/592 734/487/593 798/552/657 797/551/656
f 734/487/593 735/488/594 799/553/658 798/552/657
f 735/488/594 736/489/595 800/554/659 799/553/658
f 736/489/595 737/490/596 801/555/660 800/554/659
f 737/490/596 738/491/597 802/556/661 801/555/660
f 738/491/597 739/492/598 803/557/662 802/556/661
f 739/492/598 740/493/599 804/558/663 803/557/662
f 740/493/599 741/494/600 805/559/664 804/558/663
f 741/494/600 678/495/538 742/560/602 805/559/664
f 742/497/602 743/496/601 807/561/665 806/562/666
f 743/496/601 744/498/603 808/563/667 807/561/665
f 744/498/603 745/499/604 809/564/668 808/563/667
f 745/499/669 746/500/670 810/565/670 809/564/669
f 746/500/670 747/501/671 811/566/671 810/565/670
f 747/501/606 748/502/607 812/567/672 811/566/673
f 748/502/607 749/503/608 813/568/674 812/567/672
f 749/503/608 750/504/609 814/569/675 813/568/674
f 750/504/609 751/505/610 815/570/676 814/569/675
f 751/505/610 752/506/611 816/571/677 815/570/676
f 752/506/611 753/507/612 817/572/678 816/571/677
f 753/507/679 754/508/680 818/573/680 817/572/679
f 754/508/680 755/509/681 819/574/681 818/573/680
f 755/509/614 756/510/615 820/575/682 819/574/683
f 756/510/615 757/511/616 821/576/684 820/575/682
f 757/511/616 758/512/617 822/577/685 821/576/684
f 758/512/617 759/513/618 823/578/686 822/577/685
f 759/513/618 760/514/619 824/579/687 823/578/686
f 760/514/619 761/515/620 825/580/688 824/579/687
f 761/515/689 762/516/690 826/581/691 825/580/689
f 762/516/690 763/517/692 827/582/692 826/581/691
f 763/517/622 764/518/623 828/583/693 827/582/694
f 764/518/623 765/519/624 829/584/695 828/583/693
f 765/519/624 766/520/625 830/585/696 829/584/695
f 766/520/625 767/521/626 831/586/697 830/585/696
f 767/521/626 768/522/627 832/587/698 831/586/697
f 768/522/627 769/523/628 833/588/699 832/587/698
f 769/523/700 770/524/701 834/589/702 833/588/700
f 770/524/701 771/525/703 835/590/703 834/589/702
f 771/525/630 772/526/631 836/591/704 835/590/705
f 772/526/631 773/527/632 837/592/706 836/591/704
f 773/527/632 774/528/633 838/593/707 837/592/706
f 774/528/633 775/529/634 839/594/708 838/593/707
f 775/529/634 776/530/635 840/595/709 839/594/708
f 776/530/635 777/531/636 841/596/710 840/595/709
f 777/531/711 778/532/712 842/597/712 841/596/711
f 778/532/712 779/533/713 843/598/713 842/597/712
f 779/533/638 780/534/639 844/599/714 843/598/715
f 780/534/639 781/535/640 845/600/716 844/599/714
f 781/535/640 782/536/641 846/601/717 845/600/716
f 782/536/641 783/537/642 847/602/718 846/601/717
f 783/537/642 784/538/643 848/603/719 847/602/718
f 784/538/643 785/539/644 849/604/720 848/603/719
f 785/539/721 786/540/722 850/605/723 849/604/721
f 786/540/722 787/541/724 851/606/724 850/605/723
f 787/541/646 788/542/647 852/607/725 851/606/726
f 788/542/647 789/543/648 853/608/727 852/607/725
f 789/543/648 790/544/649 854/609/728 853/608/727
f 790/544/649 791/545/650 855/610/729 854/609/728
f 791/545/650 792/546/651 856/611/730 855/610/729
f 792/546/651 793/547/652 857/612/731 856/611/730
f 793/547/732 794/548/733 858/613/733 857/612/732
f 794/548/733 795/549/734 859/614/734 858/613/733
f 795/549/654 796/550/655 860/615/735 859/614/736
f 796/550/655 797/551/656 861/616/737 860/615/735
f 797/551/656 798/552/657 862/617/738 861/616/737
f 798/552/657 799/553/658 863/618/739 862/617/738
f 799/553/658 800/554/659 864/619/740 863/618/739
f 800/554/659 801/555/660 865/620/741 864/619/740
f 801/555/742 802/556/743 866/621/743 865/620/742
f 802/556/743 803/557/744 867/622/744 866/621/743
f 803/557/662 804/558/663 868/623/745 867/622/746
f 804/558/663 805/559/664 869/624/747 868/623/745
f 805/559/664 742/560/602 806/625/666 869/624/747
f 806/562/748 807/561/749 871/626/750 870/627/751
f 807/561/749 808/563/752 872/628/753 871/626/750
f 808/563/752 809/564/754 873/629/755 872/628/753
f 809/564/754 810/565/756 874/630/757 873/629/755
f 810/565/756 811/566/758 875/631/759 874/630/757
f 811/566/758 812/567/760 876/632/761 875/631/759
f 812/567/760 813/568/762 877/633/763 876/632/761
f 813/568/762 814/569/764 878/634/765 877/633/763
f 814/569/764 815/570/766 879/635/767 878/634/765
f 815/570/766 816/571/768 880/636/769 879/635/767
f 816/571/768 817/572/770 881/637/771 880/636/769
f 817/572/770 818/573/772 882/638/773 881/637/771
f 818/573/772 819/574/774 883/639/775 882/638/773
f 819/574/774 820/575/776 884/640/777 883/639/775
f 820/575/776 821/576/778 885/641/779 884/640/777
f 821/576/778 822/577/780 886/642/781 885/641/779
f 822/577/780 823/578/782 887/643/783 886/642/781
f 823/578/782 824/579/784 888/644/785 887/643/783
f 824/579/784 825/580/786 889/645/787 888/644/785
f 825/580/786 826/581/788 890/646/789 889/645/787
f 826/581/788 827/582/790 891/647/791 890/646/789
f 827/582/790 828/583/792 892/648/793 891/647/791
f 828/583/792 829/584/794 893/649/795 892/648/793
f 829/584/794 830/585/796 894/650/797 893/649/795
f 830/585/796 831/586/798 895/651/799 894/650/797
f 831/586/798 832/587/800 896/652/801 895/651/799
f 832/587/800 833/588/802 897/653/803 896/652/801
f 833/588/802 834/589/804 898/654/805 897/653/803
f 834/589/804 835/590/806 899/655/807 898/654/805
f 835/590/806 836/591/808 900/656/809 899/655/807
f 836/591/808 837/592/810 901/657/811 900/656/809
f 837/592/810 838/593/812 902/658/813 901/657/811
f 838/593/812 839/594/814 903/659/815 902/658/813
f 839/594/814 840/595/816 904/660/817 903/659/815
f 840/595/816 841/596/818 905/661/819 904/660/817
f 841/596/818 842/597/820 906/662/821 905/661/819
f 842/597/820 843/598/822 907/663/823 906/662/821
f 843/598/822 844/599/824 908/664/825 907/663/823
f 844/599/824 845/600/826 909/665/827 908/664/825
f 845/600/826 846/601/828 910/666/829 909/665/827
f 846/601/828 847/602/830 911/667/831 910/666/829
f 847/602/830 848/603/832 912/668/833 911/667/831
f 848/603/832 849/604/834 913/669/835 912/668/833
f 849/604/834 850/605/836 914/670/837 913/669/835
f 850/605/836 851/606/838 915/671/839 914/670/837
f 851/606/838 852/607/840 916/672/841 915/671/839
f 852/607/840 853/608/842 917/673/843 916/672/841
f 853/608/842 854/609/844 918/674/845 917/673/843
f 854/609/844 855/610/846 919/675/847 918/674/845
f 855/610/846 856/611/848 920/676/849 919/675/847
f 856/611/848 857/612/850 921/677/851 920/676/849
f 857/612/850 858/613/852 922/678/853 921/677/851
f 858/613/852 859/614/854 923/679/855 922/678/853
f 859/614/854 860/615/856 924/680/857 923/679/855
f 860/615/856 861/616/858 925/681/859 924/680/857
f 861/616/858 862/617/860 926/682/861 925/681/859
f 862/617/860 863/618/862 927/683/863 926/682/861
f 863/618/862 864/619/864 928/684/865 927/683/863
f 864/619/864 865/620/866 929/685/867 928/684/865
f 865/620/866 866/621/868 930/686/869 929/685/867
f 866/621/868 867/622/870 931/687/871 930/686/869
f 867/622/870 868/623/872 932/688/873 931/687/871
f 868/623/872 869/624/874 933/689/875 932/688/873
f 869/624/874 806/625/748 870/690/751 933/689/875
f 870/627/751 871/626/750 935/691/876 934/692/877
f 871/626/750 872/628/753 936/693/878 935/691/876
f 872/628/753 873/629/755 937/694/879 936/693/878
f 873/629/755 874/630/757 938/695/880 937/694/879
f 874/630/757 875/631/759 939/696/881 938/695/880
f 875/631/759 876/632/761 940/697/882 939/696/881
f 876/632/761 877/633/763 941/698/883 940/697/882
f 877/633/763 878/634/765 942/699/884 941/698/883
f 878/634/765 879/635/767 943/700/885 942/699/884
f 879/635/767 880/636/769 944/701/886 943/700/885
f 880/636/769 881/637/771 945/702/887 944/701/886
f 881/637/771 882/638/773 946/703/888 945/702/887
f 882/638/773 883/639/775 947/704/889 946/703/888
f 883/639/775 884/640/777 948/705/890 947/704/889
f 884/640/777 885/641/779 949/706/891 948/705/890
f 885/641/779 886/642/781 950/707/892 949/706/891
f 886/642/781 887/643/783 951/708/893 950/707/892
f 887/643/783 888/644/785 952/709/894 951/708/893
f 888/644/785 889/645/787 953/710/895 952/709/894
f 889/645/787 890/646/789 954/711/896 953/710/895
f 890/646/789 891/647/791 955/712/897 954/711/896
f 891/647/791 892/648/793 956/713/898 955/712/897
f 892/648/793 893/649/795 957/714/899 956/713/898
f 893/649/795 894/650/797 958/715/900 957/714/899
f 894/650/797 895/651/799 959/716/901 958/715/900
f 895/651/799 896/652/801 960/717/902 959/716/901
f 896/652/801 897/653/803 961/718/903 960/717/902
f 897/653/803 898/654/805 962/719/904 961/718/903
f 898/654/805 899/655/807 963/720/905 962/719/904
f 899/655/807 900/656/809 964/721/906 963/720/905
f 900/656/809 901/657/811 965/722/907 964/721/906
f 901/657/811 902/658/813 966/723/908 965/722/907
f 902/658/813 903/659/815 967/724/909 966/723/908
f 903/659/815 904/660/817 968/725/910 967/724/909
f 904/660/817 905/661/819 969/726/911 968/725/910
f 905/661/819 906/662/821 970/727/912 969/726/911
f 906/662/821 907/663/823 971/728/913 970/727/912
f 907/663/823 908/664/825 972/729/914 971/728/913
f 908/664/825 909/665/827 973/730/915 972/729/914
f 909/665/827 910/666/829 974/731/916 973/730/915
f 910/666/829 911/667/831 975/732/917 974/731/916
f 911/667/831 912/668/833 976/733/918 975/732/917
f 912/668/833 913/669/835 977/734/919 976/733/918
f 913/669/835 914/670/837 978/735/920 977/734/919
f 914/670/837 915/671/839 979/736/921 978/735/920
f 915/671/839 916/672/841 980/737/922 979/736/921
f 916/672/841 917/673/843 981/738/923 980/737/922
f 917/673/843 918/674/845 982/739/924 981/738/923
f 918/674/845 919/675/847 983/740/925 982/739/924
f 919/675/847 920/676/849 984/741/926 983/740/925
f 920/676/849 921/677/851 985/742/927 984/741/926
f 921/677/851 922/678/853 986/743/928 985/742/927
f 922/678/853 923/679/855 987/744/929 986/743/928
f 923/679/855 924/680/857 988/745/930 987/744/929
f 924/680/857 925/681/859 989/746/931 988/745/930
f 925/681/859 926/682/861 990/747/932 989/746/931
f 926/682/861 927/683/863 991/748/933 990/747/932
f 927/683/863 928/684/865 992/749/934 991/748/933
f 928/684/865 929/685/867 993/750/935 992/749/934
f 929/685/867 930/686/869 994/751/936 993/750/935
f 930/686/869 931/687/871 995/752/937 994/751/936
f 931/687/871 932/688/873 996/753/938 995/752/937
f 932/688/873 933/689/875 997/754/939 996/753/938
f 933/689/875 870/690/751 934/755/877 997/754/939
f 934/692/877 935/691/876 999/756/940 998/757/941
f 935/691/876 936/693/878 1000/758/942 999/756/940
f 936/693/878 937/694/879 1001/759/943 1000/758/942
f 937/694/879 938/695/880 1002/760/944 1001/759/943
f 938/695/880 939/696/881 1003/761/945 1002/760/944
f 939/696/881 940/697/882 1004/762/946 1003/761/945
f 940/697/882 941/698/883 1005/763/947 1004/762/946
f 941/698/883 942/699/884 1006/764/948 1005/763/947
f 942/699/884 943/700/885 1007/765/949 1006/764/948
f 943/700/885 944/701/886 1008/766/950 1007/765/949
f 944/701/886 945/702/887 1009/767/951 1008/766/950
f 945/702/887 946/703/888 1010/768/952 1009/767/951
f 946/703/888 947/704/889 1011/769/953 1010/768/952
f 947/704/889 948/705/890 1012/770/954 1011/769/953
f 948/705/890 949/706/891 1013/771/955 1012/770/954
f 949/706/891 950/707/892 1014/772/956 1013/771/955
f 950/707/892 951/708/893 1015/773/957 1014/772/956
f 951/708/893 952/709/894 1016/774/958 1015/773/957
f 952/709/894 953/710/895 1017/775/959 1016/774/958
f 953/710/895 954/711/896 1018/776/960 1017/775/959
f 954/711/896 955/712/897 1019/777/961 1018/776/960
f 955/712/897 956/713/898 1020/778/962 1019/777/961
f 956/713/898 957/714/899 1021/779/963 1020/778/962
f 957/714/899 958/715/900 1022/780/964 1021/779/963
f 958/715/900 959/716/901 1023/781/965 1022/780/964
f 959/716/901 960/717/902 1024/782/966 1023/781/965
f 960/717/902 961/718/903 1025/783/967 1024/782/966
f 961/718/903 962/719/904 1026/784/968 1025/783/967
f 962/719/904 963/720/905 1027/785/969 1026/784/968
f 963/720/905 964/721/906 1028/786/970 1027/785/969
f 964/721/906 965/722/907 1029/787/971 1028/786/970
f 965/722/907 966/723/908 1030/788/972 1029/787/971
f 966/723/908 967/724/909 1031/789/973 1030/788/972
f 967/724/909 968/725/910 1032/790/974 1031/789/973
f 968/725/910 969/726/911 1033/791/975 1032/790/974
f 969/726/911 970/727/912 1034/792/976 1033/791/975
f 970/727/912 971/728/913 1035/793/977 1034/792/976
f 971/728/913 972/729/914 1036/794/978 1035/793/977
f 972/729/914 973/730/915 1037/795/979 1036/794/978
f 973/730/915 974/731/916 1038/796/980 1037/795/979
f 974/731/916 975/732/917 1039/797/981 1038/796/980
f 975/732/917 976/733/918 1040/798/982 1039/797/981
f 976/733/918 977/734/919 1041/799/983 1040/798/982
f 977/734/919 978/735/920 1042/800/984 1041/799/983
f 978/735/920 979/736/921 1043/801/985 1042/800/984
f 979/736/921 980/737/922 1044/802/986 1043/801/985
f 980/737/922 981/738/923 1045/803/987 1044/802/986
f 981/738/923 982/739/924 1046/804/988 1045/803/987
f 982/739/924 983/740/925 1047/805/989 1046/804/988
f 983/740/925 984/741/926 1048/806/990 1047/805/989
f 984/741/926 985/742/927 1049/807/991 1048/806/990
f 985/742/927 986/743/928 1050/808/992 1049/807/991
f 986/743/928 987/744/929 1051/809/993 1050/808/992
f 987/744/929 988/745/930 1052/810/994 1051/809/993
f 988/745/930 989/746/931 1053/811/995 1052/810/994
f 989/746/931 990/747/932 1054/812/996 1053/811/995
f 990/747/932 991/748/933 1055/813/997 1054/812/996
f 991/748/933 992/749/934 1056/814/998 1055/813/997
f 992/749/934 993/750/935 1057/815/999 1056/814/998
f 993/750/935 994/751/936 1058/816/1000 1057/815/999
f 994/751/936 995/752/937 1059/817/1001 1058/816/1000
f 995/752/937 996/753/938 1060/818/1002 1059/817/1001
f 996/753/938 997/754/939 1061/819/1003 1060/818/1002
f 997/754/939 934/755/877 998/820/941 1061/819/1003
f 998/757/941 999/756/940 1063/821/1004 1062/822/1005
f 999/756/940 1000/758/942 1064/823/1006 1063/821/1004
f 1000/758/942 1001/759/943 1065/824/1007 1064/823/1006
f 1001/759/943 1002/760/944 1066/825/1008 1065/824/1007
f 1002/760/944 1003/761/945 1067/826/1009 1066/825/1008
f 1003/761/945 1004/762/946 1068/827/1010 1067/826/1009
f 1004/762/946 1005/763/947 1069/828/1011 1068/827/1010
f 1005/763/947 1006/764/948 1070/829/1012 1069/828/1011
f 1006/764/948 1007/765/949 1071/830/1013 1070/829/1012
f 1007/765/949 1008/766/950 1072/831/1014 1071/830/1013
f 1008/766/950 1009/767/951 1073/832/1015 1072/831/1014
f 1009/767/951 1010/768/952 1074/833/1016 1073/832/1015
f 1010/768/952 1011/769/953 1075/834/1017 1074/833/1016
f 1011/769/953 1012/770/954 1076/835/1018 1075/834/1017
f 1012/770/954 1013/771/955 1077/836/1019 1076/835/1018
f 1013/771/955 1014/772/956 1078/837/1020 1077/836/1019
f 1014/772/956 1015/773/957 1079/838/1021 1078/837/1020
f 1015/773/957 1016/774/958 1080/839/1022 1079/838/1021
f 1016/774/958 1017/775/959 1081/840/1023 1080/839/1022
f 1017/775/959 1018/776/960 1082/841/1024 1081/840/1023
f 1018/776/960 1019/777/961 1083/842/1025 1082/841/1024
f 1019/777/961 1020/778/962 1084/843/1026 1083/842/1025
f 1020/778/962 1021/779/963 1085/844/1027 1084/843/1026
f 1021/779/963 1022/780/964 1086/845/1028 1085/844/1027
f 1022/780/964 1023/781/965 1087/846/1029 1086/845/1028
f 1023/781/965 1024/782/966 1088/847/1030 1087/846/1029
f 1024/782/966 1025/783/967 1089/848/1031 1088/847/1030
f 1025/783/967 1026/784/968 1090/849/1032 1089/848/1031
f 1026/784/968 1027/785/969 1091/850/1033 1090/849/1032
f 1027/785/969 1028/786/970 1092/851/1034 1091/850/1033
f 1028/786/970 1029/787/971 1093/852/1035 1092/851/1034
f 1029/787/971 1030/788/972 1094/853/1036 1093/852/1035
f 1030/788/972 1031/789/973 1095/854/1037 1094/853/1036
f 1031/789/973 1032/790/974 1096/855/1038 1095/854/1037
f 1032/790/974 1033/791/975 1097/856/1039 1096/855/1038
f 1033/791/975 1034/792/976 1098/857/1040 1097/856/1039
f 1034/792/976 1035/793/977 1099/858/1041 1098/857/1040
f 1035/793/977 1036/794/978 1100/859/1042 1099/858/1041
f 1036/794/978 1037/795/979 1101/860/1043 1100/859/1042
f 1037/795/979 1038/796/980 1102/861/1044 1101/860/1043
f 1038/796/980 1039/797/981 1103/862/1045 1102/861/1044
f 1039/797/981 1040/798/982 1104/863/1046 1103/862/1045
f 1040/798/982 1041/799/983 1105/864/1047 1104/863/1046
f 1041/799/983 1042/800/984 1106/865/1048 1105/864/1047
f 1042/800/984 1043/801/985 1107/866/1049 1106/865/1048
f 1043/801/985 1044/802/986 1108/867/1050 1107/866/1049
f 1044/802/986 1045/803/987 1109/868/1051 1108/867/1050
f 1045/803/987 1046/804/988 1110/869/1052 1109/868/1051
f 1046/804/988 1047/805/989 1111/870/1053 1110/869/1052
f 1047/805/989 1048/806/990 1112/871/1054 1111/870/1053
f 1048/806/990 1049/807/991 1113/872/1055 1112/871/1054
f 1049/807/991 1050/808/992 1114/873/1056 1113/872/1055
f 1050/808/992 1051/809/993 1115/874/1057 1114/873/1056
f 1051/809/993 1052/810/994 1116/875/1058 1115/874/1057
f 1052/810/994 1053/811/995 1117/876/1059 1116/875/1058
f 1053/811/995 1054/812/996 1118/877/1060 1117/876/1059
f 1054/812/996 1055/813/997 1119/878/1061 1118/877/1060
f 1055/813/997 1056/814/998 1120/879/1062 1119/878/1061
f 1056/814/998 1057/815/999 1121/880/1063 1120/879/1062
f 1057/815/999 1058/816/1000 1122/881/1064 1121/880/1063
f 1058/816/1000 1059/817/1001 1123/882/1065 1122/881/1064
f 1059/817/1001 1060/818/1002 1124/883/1066 1123/882/1065
f 1060/818/1002 1061/819/1003 1125/884/1067 1124/883/1066
f 1061/819/1003 998/820/941 1062/885/1005 1125/884/1067
f 1062/822/1005 1063/821/1004 1127/886/1068 1126/887/1069
f 1063/821/1004 1064/823/1006 1128/888/1070 1127/886/1068
f 1064/823/1006 1065/824/1007 1129/889/1071 1128/888/1070
f 1065/824/1007 1066/825/1008 1130/890/1072 1129/889/1071
f 1066/825/1008 1067/826/1009 1131/891/1073 1130/890/1072
f 1067/826/1009 1068/827/1010 1132/892/1074 1131/891/1073
f 1068/827/1010 1069/828/1011 1133/893/1075 1132/892/1074
f 1069/828/1011 1070/829/1012 1134/894/1076 1133/893/1075
f 1070/829/1012 1071/830/1013 1135/895/1077 1134/894/1076
f 1071/830/1013 1072/831/1014 1136/896/1078 1135/895/1077
f 1072/831/1014 1073/832/1015 1137/897/1079 1136/896/1078
f 1073/832/1015 1074/833/1016 1138/898/1080 1137/897/1079
f 1074/833/1016 1075/834/1017 1139/899/1081 1138/898/1080
f 1075/834/1017 1076/835/1018 1140/900/1082 1139/899/1081
f 1076/835/1018 1077/836/1019 1141/901/1083 1140/900/1082
f 1077/836/1019 1078/837/1020 1142/902/1084 1141/901/1083
f 1078/837/1020 1079/838/1021 1143/903/1085 1142/902/1084
f 1079/838/1021 1080/839/1022 1144/904/1086 1143/903/1085
f 1080/839/1022 1081/840/1023 1145/905/1087 1144/904/1086
f 1081/840/1023 1082/841/1024 1146/906/1088 1145/905/1087
f 1082/841/1024 1083/842/1025 1147/907/1089 1146/906/1088
f 1083/842/1025 1084/843/1026 1148/908/1090 1147/907/1089
f 1084/843/1026 1085/844/1027 1149/909/1091 1148/908/1090
f 1085/844/1027 1086/845/1028 1150/910/1092 1149/909/1091
f 1086/845/1028 1087/846/1029 1151/911/1093 1150/910/1092
f 1087/846/1029 1088/847/1030 1152/912/1094 1151/911/1093
f 1088/847/1030 1089/848/1031 1153/913/1095 1152/912/1094
f 1089/848/1031 1090/849/1032 1154/914/1096 1153/913/1095
f 1090/849/1032 1091/850/1033 1155/915/1097 1154/914/1096
f 1091/850/1033 1092/851/1034 1156/916/1098 1155/915/1097
f 1092/851/1034 1093/852/1035 1157/917/1099 1156/916/1098
f 1093/852/1035 1094/853/1036 1158/918/1100 1157/917/1099
f 1094/853/1036 1095/854/1037 1159/919/1101 1158/918/1100
f 1095/854/1037 1096/855/1038 1160/920/1102 1159/919/1101
f 1096/855/1038 1097/856/1039 1161/921/1103 1160/920/1102
f 1097/856/1039 1098/857/1040 1162/922/1104 1161/921/1103
f 1098/857/1040 1099/858/1041 1163/923/1105 1162/922/1104
f 1099/858/1041 1100/859/1042 1164/924/1106 1163/923/1105
f 1100/859/1042 1101/860/1043 1165/925/1107 1164/924/1106
f 1101/860/1043 1102/861/1044 1166/926/1108 1165/925/1107
f 1102/861/1044 1103/862/1045 1167/927/1109 1166/926/1108
f 1103/862/1045 1104/863/1046 1168/928/1110 1167/927/1109
f 1104/863/1046 1105/864/1047 1169/929/1111 1168/928/1110
f 1105/864/1047 1106/865/1048 1170/930/1112 1169/929/1111
f 1106/865/1048 1107/866/1049 1171/931/1113 1170/930/1112
f 1107/866/1049 1108/867/1050 1172/932/1114 1171/931/1113
f 1108/867/1050 1109/868/1051 1173/933/1115 1172/932/1114
f 1109/868/1051 1110/869/1052 1174/934/1116 1173/933/1115
f 1110/869/1052 1111/870/1053 1175/935/1117 1174/934/1116
f 1111/870/1053 1112/871/1054 1176/936/1118 1175/935/1117
f 1112/871/1054 1113/872/1055 1177/937/1119 1176/936/1118
f 1113/872/1055 1114/873/1056 1178/938/1120 1177/937/1119
f 1114/873/1056 1115/874/1057 1179/939/1121 1178/938/1120
f 1115/874/1057 1116/875/1058 1180/940/1122 1179/939/1121
f 1116/875/1058 1117/876/1059 1181/941/1123 1180/940/1122
f 1117/876/1059 1118/877/1060 1182/942/1124 1181/941/1123
f 1118/877/1060 1119/878/1061 1183/943/1125 1182/942/1124
f 1119/878/1061 1120/879/1062 1184/944/1126 1183/943/1125
f 1120/879/1062 1121/880/1063 1185/945/1127 1184/944/1126
f 1121/880/1063 1122/881/1064 1186/946/1128 1185/945/1127
f 1122/881/1064 1123/882/1065 1187/947/1129 1186/946/1128
f 1123/882/1065 1124/883/1066 1188/948/1130 1187/947/1129
f 1124/883/1066 1125/884/1067 1189/949/1131 1188/948/1130
f 1125/884/1067 1062/885/1005 1126/950/1069 1189/949/1131
f 1126/887/1069 1127/886/1068 1190/951/38
f 1127/886/1068 1128/888/1070 1190/952/38
f 1128/888/1070 1129/889/1071 1190/953/38
f 1129/889/1071 1130/890/1072 1190/954/38
f 1130/890/1072 1131/891/1073 1190/955/38
f 1131/891/1073 1132/892/1074 1190/956/38
f 1132/892/1074 1133/893/1075 1190/957/38
f 1133/893/1075 1134/894/1076 1190/958/38
f 1134/894/1076 1135/895/1077 1190/959/38
f 1135/895/1077 1136/896/1078 1190/960/38
f 1136/896/1078 1137/897/1079 1190/961/38
f 1137/897/1079 1138/898/1080 1190/962/38
f 1138/898/1080 1139/899/1081 1190/963/38
f 1139/899/1081 1140/900/1082 1190/964/38
f 1140/900/1082 1141/901/1083 1190/965/38
f 1141/901/1083 1142/902/1084 1190/966/38
f 1142/902/1084 1143/903/1085 1190/967/38
f 1143/903/1085 1144/904/1086 1190/968/38
f 1144/904/1086 1145/905/1087 1190/969/38
f 1145/905/1087 1146/906/1088 1190/970/38
f 1146/906/1088 1147/907/1089 1190/971/38
f 1147/907/1089 1148/908/1090 1190/972/38
f 1148/908/1090 1149/909/1091 1190/973/38
f 1149/909/1091 1150/910/1092 1190/974/38
f 1150/910/1092 1151/911/1093 1190/975/38
f 1151/911/1093 1152/912/1094 1190/976/38
f 1152/912/1094 1153/913/1095 1190/977/38
f 1153/913/1095 1154/914/1096 1190/978/38
f 1154/914/1096 1155/915/1097 1190/979/38
f 1155/915/1097 1156/916/1098 1190/980/38
f 1156/916/1098 1157/917/1099 1190/981/38
f 1157/917/1099 1158/918/1100 1190/982/38
f 1158/918/1100 1159/919/1101 1190/983/38
f 1159/919/1101 1160/920/1102 1190/984/38
f 1160/920/1102 1161/921/1103 1190/985/38
f 1161/921/1103 1162/922/1104 1190/986/38
f 1162/922/1104 1163/923/1105 1190/987/38
f 1163/923/1105 1164/924/1106 1190/988/38
f 1164/924/1106 1165/925/1107 1190/989/38
f 1165/925/1107 1166/926/1108 1190/990/38
f 1166/926/1108 1167/927/1109 1190/991/38
f 1167/927/1109 1168/928/1110 1190/992/38
f 1168/928/1110 1169/929/1111 1190/993/38
f 1169/929/1111 1170/930/1112 1190/994/38
f 1170/930/1112 1171/931/1113 1190/995/38
f 1171/931/1113 1172/932/1114 1190/996/38
f 1172/932/1114 1173/933/1115 1190/997/38
f 1173/933/1115 1174/934/1116 1190/998/38
f 1174/934/1116 1175/935/1117 1190/999/38
f 1175/935/1117 1176/936/1118 1190/1000/38
f 1176/936/1118 1177/937/1119 1190/1001/38
f 1177/937/1119 1178/938/1120 1190/1002/38
f 1178/938/1120 1179/939/1121 1190/1003/38
f 1179/939/1121 1180/940/1122 1190/1004/38
f 1180/940/1122 1181/941/1123 1190/1005/38
f 1181/941/1123 1182/942/1124 1190/1006/38
f 1182/942/1124 1183/943/1125 1190/1007/38
f 1183/943/1125 1184/944/1126 1190/1008/38
f 1184/944/1126 1185/945/1127 1190/1009/38
f 1185/945/1127 1186/946/1128 1190/1010/38
f 1186/946/1128 1187/947/1129 1190/1011/38
f 1187/947/1129 1188/948/1130 1190/1012/38
f 1188/948/1130 1189/949/1131 1190/1013/38
f 1189/949/1131 1126/950/1069 1190/1014/38
f 1191/1015/115 1193/1016/115 1192/1017/115
f 1191/1018/115 1194/1019/115 1193/1016/115
f 1191/1020/115 1195/1021/115 1194/1019/115
f 1191/1022/115 1196/1023/115 1195/1021/115
f 1191/1024/115 1197/1025/115 1196/1023/115
f 1191/1026/115 1198/1027/115 1197/1025/115
f 1191/1028/115 1199/1029/115 1198/1027/115
f 1191/1030/115 1200/1031/115 1199/1029/115
f 1191/1032/115 1201/1033/115 1200/1031/115
f 1191/1034/115 1202/1035/115 1201/1033/115
f 1191/1036/115 1203/1037/115 1202/1035/115
f 1191/1038/115 1204/1039/115 1203/1037/115
f 1191/1040/115 1205/1041/115 1204/1039/115
f 1191/1042/115 1206/1043/115 1205/1041/115
f 1191/1044/115 1207/1045/115 1206/1043/115
f 1191/1046/115 1208/1047/115 1207/1045/115
f 1191/1048/115 1209/1049/115 1208/1047/115
f 1191/1050/115 1210/1051/115 1209/1049/115
f 1191/1052/115 1211/1053/115 1210/1051/115
f 1191/1054/115 1212/1055/115 1211/1053/115
f 1191/1056/115 1213/1057/115 1212/1055/115
f 1191/1058/115 1214/1059/115 1213/1057/115
f 1191/1060/115 1215/1061/115 1214/1059/115
f 1191/1062/115 1216/1063/115 1215/1061/115
f 1191/1064/115 1217/1065/115 1216/1063/115
f 1191/1066/115 1218/1067/115 1217/1065/115
f 1191/1068/115 1219/1069/115 1218/1067/115
f 1191/1070/115 1220/1071/115 1219/1069/115
f 1191/1072/115 1221/1073/115 1220/1071/115
f 1191/1074/115 1222/1075/115 1221/1073/115
f 1191/1076/115 1223/1077/115 1222/1075/115
f 1191/1078/115 1224/1079/115 1223/1077/115
f 1191/1080/115 1225/1081/115 1224/1079/115
f 1191/1082/115 1226/1083/115 1225/1081/115
f 1191/1084/115 1227/1085/115 1226/1083/115
f 1191/1086/115 1228/1087/115 1227/1085/115
f 1191/1088/115 1229/1089/115 1228/1087/115
f 1191/1090/115 1230/1091/115 1229/1089/115
f 1191/1092/115 1231/1093/115 1230/1091/115
f 1191/1094/115 1232/1095/115 1231/1093/115
f 1191/1096/115 1233/1097/115 1232/1095/115
f 1191/1098/115 1234/1099/115 1233/1097/115
f 1191/1100/115 1235/1101/115 1234/1099/115
f 1191/1102/115 1236/1103/115 1235/1101/115
f 1191/1104/115 1237/1105/115 1236/1103/115
f 1191/1106/115 1238/1107/115 1237/1105/115
f 1191/1108/115 1239/1109/115 1238/1107/115
f 1191/1110/115 1240/1111/115 1239/1109/115
f 1191/1112/115 1241/1113/115 1240/1111/115
f 1191/1114/115 1242/1115/115 1241/1113/115
f 1191/1116/115 1243/1117/115 1242/1115/115
f 1191/1118/115 1244/1119/115 1243/1117/115
f 1191/1120/115 1245/1121/115 1244/1119/115
f 1191/1122/115 1246/1123/115 1245/1121/115
f 1191/1124/115 1247/1125/115 1246/1123/115
f 1191/1126/115 1248/1127/115 1247/1125/115
f 1191/1128/115 1249/1129/115 1248/1127/115
f 1191/1130/115 1250/1131/115 1249/1129/115
f 1191/1132/115 1251/1133/115 1250/1131/115
f 1191/1134/115 1252/1135/115 1251/1133/115
f 1191/1136/115 1253/1137/115 1252/1135/115
f 1191/1138/115 1254/1139/115 1253/1137/115
f 1191/1140/115 1255/1141/115 1254/1139/115
f 1191/1142/115 1192/1143/115 1255/1141/115
f 1192/1017/116 1193/1016/1132 1257/1144/1133 1256/1145/1134
f 1193/1016/1132 1194/1019/1135 1258/1146/1136 1257/1144/1133
f 1194/1019/1135 1195/1021/1137 1259/1147/1138 1258/1146/1136
f 1195/1021/1137 1196/1023/1139 1260/1148/1140 1259/1147/1138
f 1196/1023/1141 1197/1025/1142 1261/1149/1143 1260/1148/1144
f 1197/1025/1142 1198/1027/1145 1262/1150/1146 1261/1149/1143
f 1198/1027/1145 1199/1029/1147 1263/1151/1148 1262/1150/1146
f 1199/1029/1147 1200/1031/1149 1264/1152/1150 1263/1151/1148
f 1200/1031/1149 1201/1033/1151 1265/1153/1152 1264/1152/1150
f 1201/1033/1151 1202/1035/1153 1266/1154/1154 1265/1153/1152
f 1202/1035/1153 1203/1037/1155 1267/1155/1156 1266/1154/1154
f 1203/1037/1155 1204/1039/1157 1268/1156/1158 1267/1155/1156
f 1204/1039/1159 1205/1041/1160 1269/1157/1161 1268/1156/1162
f 1205/1041/1160 1206/1043/1163 1270/1158/1164 1269/1157/1161
f 1206/1043/1163 1207/1045/1165 1271/1159/1166 1270/1158/1164
f 1207/1045/1165 1208/1047/117 1272/1160/1167 1271/1159/1166
f 1208/1047/117 1209/1049/1168 1273/1161/1169 1272/1160/1167
f 1209/1049/1168 1210/1051/1170 1274/1162/1171 1273/1161/1169
f 1210/1051/1170 1211/1053/1172 1275/1163/1173 1274/1162/1171
f 1211/1053/1172 1212/1055/1174 1276/1164/1175 1275/1163/1173
f 1212/1055/1176 1213/1057/1177 1277/1165/1178 1276/1164/1179
f 1213/1057/1177 1214/1059/1180 1278/1166/1181 1277/1165/1178
f 1214/1059/1180 1215/1061/1182 1279/1167/1183 1278/1166/1181
f 1215/1061/1182 1216/1063/1184 1280/1168/1185 1279/1167/1183
f 1216/1063/1184 1217/1065/1186 1281/1169/1187 1280/1168/1185
f 1217/1065/1186 1218/1067/1188 1282/1170/1189 1281/1169/1187
f 1218/1067/1188 1219/1069/1190 1283/1171/1191 1282/1170/1189
f 1219/1069/1190 1220/1071/1192 1284/1172/1193 1283/1171/1191
f 1220/1071/1194 1221/1073/1195 1285/1173/1196 1284/1172/1197
f 1221/1073/1195 1222/1075/1198 1286/1174/1199 1285/1173/1196
f 1222/1075/1198 1223/1077/1200 1287/1175/1201 1286/1174/1199
f 1223/1077/1200 1224/1079/118 1288/1176/1202 1287/1175/1201
f 1224/1079/118 1225/1081/1203 1289/1177/1204 1288/1176/1202
f 1225/1081/1203 1226/1083/1205 1290/1178/1206 1289/1177/1204
f 1226/1083/1205 1227/1085/1207 1291/1179/1208 1290/1178/1206
f 1227/1085/1207 1228/1087/1209 1292/1180/1210 1291/1179/1208
f 1228/1087/1211 1229/1089/1212 1293/1181/1213 1292/1180/1214
f 1229/1089/1212 1230/1091/1215 1294/1182/1216 1293/1181/1213
f 1230/1091/1215 1231/1093/1217 1295/1183/1218 1294/1182/1216
f 1231/1093/1217 1232/1095/1219 1296/1184/1220 1295/1183/1218
f 1232/1095/1219 1233/1097/1221 1297/1185/1222 1296/1184/1220
f 1233/1097/1221 1234/1099/1223 1298/1186/1224 1297/1185/1222
f 1234/1099/1223 1235/1101/1225 1299/1187/1226 1298/1186/1224
f 1235/1101/1225 1236/1103/1227 1300/1188/1228 1299/1187/1226
f 1236/1103/1229 1237/1105/1230 1301/1189/1231 1300/1188/1232
f 1237/1105/1230 1238/1107/1233 1302/1190/1234 1301/1189/1231
f 1238/1107/1233 1239/1109/1235 1303/1191/1236 1302/1190/1234
f 1239/1109/1235 1240/1111/1 1304/1192/1237 1303/1191/1236
f 1240/1111/1 1241/1113/1238 1305/1193/1239 1304/1192/1237
f 1241/1113/1238 1242/1115/1240 1306/1194/1241 1305/1193/1239
f 1242/1115/1240 1243/1117/1242 1307/1195/1243 1306/1194/1241
f 1243/1117/1242 1244/1119/1244 1308/1196/1245 1307/1195/1243
f 1244/1119/1246 1245/1121/1247 1309/1197/1248 1308/1196/1249
f 1245/1121/1247 1246/1123/1250 1310/1198/1251 1309/1197/1248
f 1246/1123/1250 1247/1125/1252 1311/1199/1253 1310/1198/1251
f 1247/1125/1252 1248/1127/1254 1312/1200/1255 1311/1199/1253
f 1248/1127/1254 1249/1129/1256 1313/1201/1257 1312/1200/1255
f 1249/1129/1256 1250/1131/1258 1314/1202/1259 1313/1201/1257
f 1250/1131/1258 1251/1133/1260 1315/1203/1261 1314/1202/1259
f 1251/1133/1260 1252/1135/1262 1316/1204/1263 1315/1203/1261
f 1252/1135/1264 1253/1137/1265 1317/1205/1266 1316/1204/1267
f 1253/1137/1265 1254/1139/1268 1318/1206/1269 1317/1205/1266
f 1254/1139/1268 1255/1141/1270 1319/1207/1271 1318/1206/1269
f 1255/1141/1270 1192/1143/116 1256/1208/1134 1319/1207/1271
f 1256/1145/1134 1257/1144/1133 1321/1209/1272 1320/1210/341
f 1257/1144/1133 1258/1146/1136 1322/1211/1273 1321/1209/1272
f 1258/1146/1136 1259/1147/1138 1323/109/211 1322/1211/1273
f 1259/1147/1138 1260/1148/1140 1324/110/212 1323/109/211
f 1260/1148/1144 1261/1149/1143 1325/113/216 1324/110/215
f 1261/1149/1143 1262/1150/1146 1326/115/218 1325/113/216
f 1262/1150/1146 1263/1151/1148 1327/117/220 1326/115/218
f 1263/1151/1148 1264/1152/1150 1328/119/222 1327/117/220
f 1264/1152/1150 1265/1153/1152 1329/121/224 1328/119/222
f 1265/1153/1152 1266/1154/1154 1330/123/226 1329/121/224
f 1266/1154/1154 1267/1155/1156 1331/125/228 1330/123/226
f 1267/1155/1156 1268/1156/1158 1332/127/230 1331/125/228
f 1268/1156/1162 1269/1157/1161 1333/129/233 1332/127/232
f 1269/1157/1161 1270/1158/1164 1334/131/235 1333/129/233
f 1270/1158/1164 1271/1159/1166 1335/133/1274 1334/131/235
f 1271/1159/1166 1272/1160/1167 1336/135/239 1335/133/1274
f 1272/1160/1167 1273/1161/1169 1337/137/241 1336/135/239
f 1273/1161/1169 1274/1162/1171 1338/139/243 1337/137/241
f 1274/1162/1171 1275/1163/1173 1339/141/245 1338/139/243
f 1275/1163/1173 1276/1164/1175 1340/143/247 1339/141/245
f 1276/1164/1179 1277/1165/1178 1341/145/250 1340/143/249
f 1277/1165/1178 1278/1166/1181 1342/147/252 1341/145/250
f 1278/1166/1181 1279/1167/1183 1343/149/1275 1342/147/252
f 1279/1167/1183 1280/1168/1185 1344/151/1276 1343/149/1275
f 1280/1168/1185 1281/1169/1187 1345/153/258 1344/151/1276
f 1281/1169/1187 1282/1170/1189 1346/155/260 1345/153/258
f 1282/1170/1189 1283/1171/1191 1347/157/262 1346/155/260
f 1283/1171/1191 1284/1172/1193 1348/159/264 1347/157/262
f 1284/1172/1197 1285/1173/1196 1349/161/1277 1348/159/266
f 1285/1173/1196 1286/1174/1199 1350/163/269 1349/161/1277
f 1286/1174/1199 1287/1175/1201 1351/165/1278 1350/163/269
f 1287/1175/1201 1288/1176/1202 1352/167/273 1351/165/1278
f 1288/1176/1202 1289/1177/1204 1353/169/1279 1352/167/273
f 1289/1177/1204 1290/1178/1206 1354/171/277 1353/169/1279
f 1290/1178/1206 1291/1179/1208 1355/173/279 1354/171/277
f 1291/1179/1208 1292/1180/1210 1356/175/281 1355/173/279
f 1292/1180/1214 1293/1181/1213 1357/177/284 1356/175/283
f 1293/1181/1213 1294/1182/1216 1358/179/286 1357/177/284
f 1294/1182/1216 1295/1183/1218 1359/181/288 1358/179/286
f 1295/1183/1218 1296/1184/1220 1360/183/1280 1359/181/288
f 1296/1184/1220 1297/1185/1222 1361/185/1281 1360/183/1280
f 1297/1185/1222 1298/1186/1224 1362/187/294 1361/185/1281
f 1298/1186/1224 1299/1187/1226 1363/189/296 1362/187/294
f 1299/1187/1226 1300/1188/1228 1364/191/298 1363/189/296
f 1300/1188/1232 1301/1189/1231 1365/193/301 1364/191/300
f 1301/1189/1231 1302/1190/1234 1366/195/1282 1365/193/301
f 1302/1190/1234 1303/1191/1236 1367/197/1283 1366/195/1282
f 1303/1191/1236 1304/1192/1237 1368/199/307 1367/197/1283
f 1304/1192/1237 1305/1193/1239 1369/201/309 1368/199/307
f 1305/1193/1239 1306/1194/1241 1370/203/1284 1369/201/309
f 1306/1194/1241 1307/1195/1243 1371/205/313 1370/203/1284
f 1307/1195/1243 1308/1196/1245 1372/207/315 1371/205/313
f 1308/1196/1249 1309/1197/1248 1373/209/318 1372/207/317
f 1309/1197/1248 1310/1198/1251 1374/211/320 1373/209/318
f 1310/1198/1251 1311/1199/1253 1375/213/322 1374/211/320
f 1311/1199/1253 1312/1200/1255 1376/215/1285 1375/213/322
f 1312/1200/1255 1313/1201/1257 1377/217/326 1376/215/1285
f 1313/1201/1257 1314/1202/1259 1378/219/1286 1377/217/326
f 1314/1202/1259 1315/1203/1261 1379/221/330 1378/219/1286
f 1315/1203/1261 1316/1204/1263 1380/223/332 1379/221/330
f 1316/1204/1267 1317/1205/1266 1381/225/335 1380/223/334
f 1317/1205/1266 1318/1206/1269 1382/227/337 1381/225/335
f 1318/1206/1269 1319/1207/1271 1383/229/1287 1382/227/337
f 1319/1207/1271 1256/1208/1134 1320/231/341 1383/229/1287
f 1320/1210/341 1321/1209/1272 1385/234/343 1384/233/342
f 1321/1209/1272 1322/1211/1273 1386/237/346 1385/234/343
f 1322/1211/1273 1323/109/211 1387/112/214 1386/237/346
f 1323/109/211 1324/110/212 1388/111/213 1387/112/214
f 1324/110/215 1325/113/216 1389/114/217 1388/111/213
f 1325/113/216 1326/115/218 1390/116/219 1389/114/217
f 1326/115/218 1327/117/220 1391/118/221 1390/116/219
f 1327/117/220 1328/119/222 1392/120/223 1391/118/221
f 1328/119/222 1329/121/224 1393/122/225 1392/120/223
f 1329/121/224 1330/123/226 1394/124/227 1393/122/225
f 1330/123/226 1331/125/228 1395/126/229 1394/124/227
f 1331/125/228 1332/127/230 1396/128/231 1395/126/229
f 1332/127/232 1333/129/233 1397/130/234 1396/128/231
f 1333/129/233 1334/131/235 1398/132/236 1397/130/234
f 1334/131/235 1335/133/1274 1399/134/238 1398/132/236
f 1335/133/1274 1336/135/239 1400/136/240 1399/134/238
f 1336/135/239 1337/137/241 1401/138/242 1400/136/240
f 1337/137/241 1338/139/243 1402/140/244 1401/138/242
f 1338/139/243 1339/141/245 1403/142/246 1402/140/244
f 1339/141/245 1340/143/247 1404/144/248 1403/142/246
f 1340/143/249 1341/145/250 1405/146/251 1404/144/248
f 1341/145/250 1342/147/252 1406/148/253 1405/146/251
f 1342/147/252 1343/149/1275 1407/150/255 1406/148/253
f 1343/149/1275 1344/151/1276 1408/152/257 1407/150/255
f 1344/151/1276 1345/153/258 1409/154/259 1408/152/257
f 1345/153/258 1346/155/260 1410/156/261 1409/154/259
f 1346/155/260 1347/157/262 1411/158/263 1410/156/261
f 1347/157/262 1348/159/264 1412/160/265 1411/158/263
f 1348/159/266 1349/161/1277 1413/162/268 1412/160/265
f 1349/161/1277 1350/163/269 1414/164/270 1413/162/268
f 1350/163/269 1351/165/1278 1415/166/272 1414/164/270
f 1351/165/1278 1352/167/273 1416/168/274 1415/166/272
f 1352/167/273 1353/169/1279 1417/170/276 1416/168/274
f 1353/169/1279 1354/171/277 1418/172/278 1417/170/276
f 1354/171/277 1355/173/279 1419/174/280 1418/172/278
f 1355/173/279 1356/175/281 1420/176/282 1419/174/280
f 1356/175/283 1357/177/284 1421/178/285 1420/176/282
f 1357/177/284 1358/179/286 1422/180/287 1421/178/285
f 1358/179/286 1359/181/288 1423/182/289 1422/180/287
f 1359/181/288 1360/183/1280 1424/184/291 1423/182/289
f 1360/183/1280 1361/185/1281 1425/186/293 1424/184/291
f 1361/185/1281 1362/187/294 1426/188/295 1425/186/293
f 1362/187/294 1363/189/296 1427/190/297 1426/188/295
f 1363/189/296 1364/191/298 1428/192/299 1427/190/297
f 1364/191/300 1365/193/301 1429/194/302 1428/192/299
f 1365/193/301 1366/195/1282 1430/196/304 1429/194/302
f 1366/195/1282 1367/197/1283 1431/198/306 1430/196/304
f 1367/197/1283 1368/199/307 1432/200/308 1431/198/306
f 1368/199/307 1369/201/309 1433/202/310 1432/200/308
f 1369/201/309 1370/203/1284 1434/204/312 1433/202/310
f 1370/203/1284 1371/205/313 1435/206/314 1434/204/312
f 1371/205/313 1372/207/315 1436/208/316 1435/206/314
f 1372/207/317 1373/209/318 1437/210/319 1436/208/316
f 1373/209/318 1374/211/320 1438/212/321 1437/210/319
f 1374/211/320 1375/213/322 1439/214/323 1438/212/321
f 1375/213/322 1376/215/1285 1440/216/325 1439/214/323
f 1376/215/1285 1377/217/326 1441/218/327 1440/216/325
f 1377/217/326 1378/219/1286 1442/220/329 1441/218/327
f 1378/219/1286 1379/221/330 1443/222/331 1442/220/329
f 1379/221/330 1380/223/332 1444/224/333 1443/222/331
f 1380/223/334 1381/225/335 1445/226/336 1444/224/333
f 1381/225/335 1382/227/337 1446/228/338 1445/226/336
f 1382/227/337 1383/229/1287 1447/230/340 1446/228/338
f 1383/229/1287 1320/231/341 1384/232/342 1447/230/340
f 1384/233/342 1385/234/343 1449/235/344 1448/236/345
f 1385/234/343 1386/237/346 1450/238/347 1449/235/344
f 1386/237/346 1387/112/214 1451/239/348 1450/238/347
f 1387/112/214 1388/111/213 1452/240/349 1451/239/348
f 1388/111/213 1389/114/217 1453/241/350 1452/240/349
f 1389/114/217 1390/116/219 1454/242/351 1453/241/350
f 1390/116/219 1391/118/221 1455/243/352 1454/242/351
f 1391/118/221 1392/120/223 1456/244/353 1455/243/352
f 1392/120/223 1393/122/225 1457/245/354 1456/244/353
f 1393/122/225 1394/124/227 1458/246/355 1457/245/354
f 1394/124/227 1395/126/229 1459/247/356 1458/246/355
f 1395/126/229 1396/128/231 1460/248/357 1459/247/356
f 1396/128/231 1397/130/234 1461/249/358 1460/248/357
f 1397/130/234 1398/132/236 1462/250/1288 1461/249/358
f 1398/132/236 1399/134/238 1463/251/1289 1462/250/1288
f 1399/134/238 1400/136/240 1464/252/361 1463/251/1289
f 1400/136/240 1401/138/242 1465/253/362 1464/252/361
f 1401/138/242 1402/140/244 1466/254/363 1465/253/362
f 1402/140/244 1403/142/246 1467/255/364 1466/254/363
f 1403/142/246 1404/144/248 1468/256/365 1467/255/364
f 1404/144/248 1405/146/251 1469/257/366 1468/256/365
f 1405/146/251 1406/148/253 1470/258/367 1469/257/366
f 1406/148/253 1407/150/255 1471/259/1290 1470/258/367
f 1407/150/255 1408/152/257 1472/260/369 1471/259/1290
f 1408/152/257 1409/154/259 1473/261/1291 1472/260/369
f 1409/154/259 1410/156/261 1474/262/371 1473/261/1291
f 1410/156/261 1411/158/263 1475/263/372 1474/262/371
f 1411/158/263 1412/160/265 1476/264/373 1475/263/372
f 1412/160/265 1413/162/268 1477/265/374 1476/264/373
f 1413/162/268 1414/164/270 1478/266/1292 1477/265/374
f 1414/164/270 1415/166/272 1479/267/376 1478/266/1292
f 1415/166/272 1416/168/274 1480/268/377 1479/267/376
f 1416/168/274 1417/170/276 1481/269/378 1480/268/377
f 1417/170/276 1418/172/278 1482/270/1293 1481/269/378
f 1418/172/278 1419/174/280 1483/271/380 1482/270/1293
f 1419/174/280 1420/176/282 1484/272/381 1483/271/380
f 1420/176/282 1421/178/285 1485/273/382 1484/272/381
f 1421/178/285 1422/180/287 1486/274/383 1485/273/382
f 1422/180/287 1423/182/289 1487/275/384 1486/274/383
f 1423/182/289 1424/184/291 1488/276/385 1487/275/384
f 1424/184/291 1425/186/293 1489/277/1294 1488/276/385
f 1425/186/293 1426/188/295 1490/278/387 1489/277/1294
f 1426/188/295 1427/190/297 1491/279/388 1490/278/387
f 1427/190/297 1428/192/299 1492/280/389 1491/279/388
f 1428/192/299 1429/194/302 1493/281/390 1492/280/389
f 1429/194/302 1430/196/304 1494/282/1295 1493/281/390
f 1430/196/304 1431/198/306 1495/283/392 1494/282/1295
f 1431/198/306 1432/200/308 1496/284/393 1495/283/392
f 1432/200/308 1433/202/310 1497/285/394 1496/284/393
f 1433/202/310 1434/204/312 1498/286/395 1497/285/394
f 1434/204/312 1435/206/314 1499/287/396 1498/286/395
f 1435/206/314 1436/208/316 1500/288/397 1499/287/396
f 1436/208/316 1437/210/319 1501/289/398 1500/288/397
f 1437/210/319 1438/212/321 1502/290/399 1501/289/398
f 1438/212/321 1439/214/323 1503/291/1296 1502/290/399
f 1439/214/323 1440/216/325 1504/292/1297 1503/291/1296
f 1440/216/325 1441/218/327 1505/293/402 1504/292/1297
f 1441/218/327 1442/220/329 1506/294/403 1505/293/402
f 1442/220/329 1443/222/331 1507/295/404 1506/294/403
f 1443/222/331 1444/224/333 1508/296/405 1507/295/404
f 1444/224/333 1445/226/336 1509/297/406 1508/296/405
f 1445/226/336 1446/228/338 1510/298/407 1509/297/406
f 1446/228/338 1447/230/340 1511/299/408 1510/298/407
f 1447/230/340 1384/232/342 1448/300/345 1511/299/408
f 1448/236/345 1449/235/344 1513/301/1298 1512/302/410
f 1449/235/344 1450/238/347 1514/303/411 1513/301/1298
f 1450/238/347 1451/239/348 1515/304/412 1514/303/411
f 1451/239/348 1452/240/349 1516/305/413 1515/304/412
f 1452/240/349 1453/241/350 1517/306/414 1516/305/413
f 1453/241/350 1454/242/351 1518/307/415 1517/306/414
f 1454/242/351 1455/243/352 1519/308/416 1518/307/415
f 1455/243/352 1456/244/353 1520/309/1299 1519/308/416
f 1456/244/353 1457/245/354 1521/310/1300 1520/309/1299
f 1457/245/354 1458/246/355 1522/311/419 1521/310/1300
f 1458/246/355 1459/247/356 1523/312/420 1522/311/419
f 1459/247/356 1460/248/357 1524/313/421 1523/312/420
f 1460/248/357 1461/249/358 1525/314/422 1524/313/421
f 1461/249/358 1462/250/1288 1526/315/423 1525/314/422
f 1462/250/1288 1463/251/1289 1527/316/1301 1526/315/423
f 1463/251/1289 1464/252/361 1528/317/425 1527/316/1301
f 1464/252/361 1465/253/362 1529/318/1302 1528/317/425
f 1465/253/362 1466/254/363 1530/319/427 1529/318/1302
f 1466/254/363 1467/255/364 1531/320/428 1530/319/427
f 1467/255/364 1468/256/365 1532/321/429 1531/320/428
f 1468/256/365 1469/257/366 1533/322/430 1532/321/429
f 1469/257/366 1470/258/367 1534/323/431 1533/322/430
f 1470/258/367 1471/259/1290 1535/324/432 1534/323/431
f 1471/259/1290 1472/260/369 1536/325/1303 1535/324/432
f 1472/260/369 1473/261/1291 1537/326/1304 1536/325/1303
f 1473/261/1291 1474/262/371 1538/327/435 1537/326/1304
f 1474/262/371 1475/263/372 1539/328/436 1538/327/435
f 1475/263/372 1476/264/373 1540/329/437 1539/328/436
f 1476/264/373 1477/265/374 1541/330/1305 1540/329/437
f 1477/265/374 1478/266/1292 1542/331/439 1541/330/1305
f 1478/266/1292 1479/267/376 1543/332/440 1542/331/439
f 1479/267/376 1480/268/377 1544/333/441 1543/332/440
f 1480/268/377 1481/269/378 1545/334/442 1544/333/441
f 1481/269/378 1482/270/1293 1546/335/443 1545/334/442
f 1482/270/1293 1483/271/380 1547/336/1306 1546/335/443
f 1483/271/380 1484/272/381 1548/337/445 1547/336/1306
f 1484/272/381 1485/273/382 1549/338/446 1548/337/445
f 1485/273/382 1486/274/383 1550/339/1307 1549/338/446
f 1486/274/383 1487/275/384 1551/340/448 1550/339/1307
f 1487/275/384 1488/276/385 1552/341/1308 1551/340/448
f 1488/276/385 1489/277/1294 1553/342/450 1552/341/1308
f 1489/277/1294 1490/278/387 1554/343/451 1553/342/450
f 1490/278/387 1491/279/388 1555/344/1309 1554/343/451
f 1491/279/388 1492/280/389 1556/345/453 1555/344/1309
f 1492/280/389 1493/281/390 1557/346/454 1556/345/453
f 1493/281/390 1494/282/1295 1558/347/455 1557/346/454
f 1494/282/1295 1495/283/392 1559/348/456 1558/347/455
f 1495/283/392 1496/284/393 1560/349/457 1559/348/456
f 1496/284/393 1497/285/394 1561/350/1310 1560/349/457
f 1497/285/394 1498/286/395 1562/351/459 1561/350/1310
f 1498/286/395 1499/287/396 1563/352/460 1562/351/459
f 1499/287/396 1500/288/397 1564/353/461 1563/352/460
f 1500/288/397 1501/289/398 1565/354/462 1564/353/461
f 1501/289/398 1502/290/399 1566/355/463 1565/354/462
f 1502/290/399 1503/291/1296 1567/356/1311 1566/355/463
f 1503/291/1296 1504/292/1297 1568/357/465 1567/356/1311
f 1504/292/1297 1505/293/402 1569/358/466 1568/357/465
f 1505/293/402 1506/294/403 1570/359/467 1569/358/466
f 1506/294/403 1507/295/404 1571/360/468 1570/359/467
f 1507/295/404 1508/296/405 1572/361/469 1571/360/468
f 1508/296/405 1509/297/406 1573/362/470 1572/361/469
f 1509/297/406 1510/298/407 1574/363/471 1573/362/470
f 1510/298/407 1511/299/408 1575/364/472 1574/363/471
f 1511/299/408 1448/300/345 1512/365/410 1575/364/472
f 1512/302/410 1513/301/1298 1577/366/473 1576/367/474
f 1513/301/1298 1514/303/411 1578/368/475 1577/366/473
f 1514/303/411 1515/304/412 1579/369/476 1578/368/475
f 1515/304/412 1516/305/413 1580/370/477 1579/369/476
f 1516/305/413 1517/306/414 1581/371/478 1580/370/477
f 1517/306/414 1518/307/415 1582/372/479 1581/371/478
f 1518/307/415 1519/308/416 1583/373/480 1582/372/479
f 1519/308/416 1520/309/1299 1584/374/481 1583/373/480
f 1520/309/1299 1521/310/1300 1585/375/482 1584/374/481
f 1521/310/1300 1522/311/419 1586/376/483 1585/375/482
f 1522/311/419 1523/312/420 1587/377/484 1586/376/483
f 1523/312/420 1524/313/421 1588/378/485 1587/377/484
f 1524/313/421 1525/314/422 1589/379/486 1588/378/485
f 1525/314/422 1526/315/423 1590/380/487 1589/379/486
f 1526/315/423 1527/316/1301 1591/381/1312 1590/380/487
f 1527/316/1301 1528/317/425 1592/382/489 1591/381/1312
f 1528/317/425 1529/318/1302 1593/383/490 1592/382/489
f 1529/318/1302 1530/319/427 1594/384/1313 1593/383/490
f 1530/319/427 1531/320/428 1595/385/492 1594/384/1313
f 1531/320/428 1532/321/429 1596/386/493 1595/385/492
f 1532/321/429 1533/322/430 1597/387/494 1596/386/493
f 1533/322/430 1534/323/431 1598/388/495 1597/387/494
f 1534/323/431 1535/324/432 1599/389/496 1598/388/495
f 1535/324/432 1536/325/1303 1600/390/497 1599/389/496
f 1536/325/1303 1537/326/1304 1601/391/498 1600/390/497
f 1537/326/1304 1538/327/435 1602/392/499 1601/391/498
f 1538/327/435 1539/328/436 1603/393/500 1602/392/499
f 1539/328/436 1540/329/437 1604/394/501 1603/393/500
f 1540/329/437 1541/330/1305 1605/395/502 1604/394/501
f 1541/330/1305 1542/331/439 1606/396/503 1605/395/502
f 1542/331/439 1543/332/440 1607/397/1314 1606/396/503
f 1543/332/440 1544/333/441 1608/398/505 1607/397/1314
f 1544/333/441 1545/334/442 1609/399/1315 1608/398/505
f 1545/334/442 1546/335/443 1610/400/507 1609/399/1315
f 1546/335/443 1547/336/1306 1611/401/508 1610/400/507
f 1547/336/1306 1548/337/445 1612/402/509 1611/401/508
f 1548/337/445 1549/338/446 1613/403/510 1612/402/509
f 1549/338/446 1550/339/1307 1614/404/511 1613/403/510
f 1550/339/1307 1551/340/448 1615/405/512 1614/404/511
f 1551/340/448 1552/341/1308 1616/406/513 1615/405/512
f 1552/341/1308 1553/342/450 1617/407/1316 1616/406/513
f 1553/342/450 1554/343/451 1618/408/515 1617/407/1316
f 1554/343/451 1555/344/1309 1619/409/516 1618/408/515
f 1555/344/1309 1556/345/453 1620/410/517 1619/409/516
f 1556/345/453 1557/346/454 1621/411/518 1620/410/517
f 1557/346/454 1558/347/455 1622/412/519 1621/411/518
f 1558/347/455 1559/348/456 1623/413/1317 1622/412/519
f 1559/348/456 1560/349/457 1624/414/521 1623/413/1317
f 1560/349/457 1561/350/1310 1625/415/522 1624/414/521
f 1561/350/1310 1562/351/459 1626/416/523 1625/415/522
f 1562/351/459 1563/352/460 1627/417/524 1626/416/523
f 1563/352/460 1564/353/461 1628/418/525 1627/417/524
f 1564/353/461 1565/354/462 1629/419/526 1628/418/525
f 1565/354/462 1566/355/463 1630/420/527 1629/419/526
f 1566/355/463 1567/356/1311 1631/421/528 1630/420/527
f 1567/356/1311 1568/357/465 1632/422/529 1631/421/528
f 1568/357/465 1569/358/466 1633/423/530 1632/422/529
f 1569/358/466 1570/359/467 1634/424/1318 1633/423/530
f 1570/359/467 1571/360/468 1635/425/532 1634/424/1318
f 1571/360/468 1572/361/469 1636/426/533 1635/425/532
f 1572/361/469 1573/362/470 1637/427/534 1636/426/533
f 1573/362/470 1574/363/471 1638/428/535 1637/427/534
f 1574/363/471 1575/364/472 1639/429/536 1638/428/535
f 1575/364/472 1512/365/410 1576/430/474 1639/429/536
f 1576/367/474 1577/366/473 1641/431/537 1640/432/538
f 1577/366/473 1578/368/475 1642/433/539 1641/431/537
f 1578/368/475 1579/369/476 1643/434/540 1642/433/539
f 1579/369/476 1580/370/477 1644/435/541 1643/434/540
f 1580/370/477 1581/371/478 1645/436/542 1644/435/541
f 1581/371/478 1582/372/479 1646/437/543 1645/436/542
f 1582/372/479 1583/373/480 1647/438/544 1646/437/543
f 1583/373/480 1584/374/481 1648/439/545 1647/438/544
f 1584/374/481 1585/375/482 1649/440/546 1648/439/545
f 1585/375/482 1586/376/483 1650/441/547 1649/440/546
f 1586/376/483 1587/377/484 1651/442/548 1650/441/547
f 1587/377/484 1588/378/485 1652/443/549 1651/442/548
f 1588/378/485 1589/379/486 1653/444/550 1652/443/549
f 1589/379/486 1590/380/487 1654/445/551 1653/444/550
f 1590/380/487 1591/381/1312 1655/446/552 1654/445/551
f 1591/381/1312 1592/382/489 1656/447/553 1655/446/552
f 1592/382/489 1593/383/490 1657/448/554 1656/447/553
f 1593/383/490 1594/384/1313 1658/449/555 1657/448/554
f 1594/384/1313 1595/385/492 1659/450/556 1658/449/555
f 1595/385/492 1596/386/493 1660/451/557 1659/450/556
f 1596/386/493 1597/387/494 1661/452/558 1660/451/557
f 1597/387/494 1598/388/495 1662/453/559 1661/452/558
f 1598/388/495 1599/389/496 1663/454/560 1662/453/559
f 1599/389/496 1600/390/497 1664/455/561 1663/454/560
f 1600/390/497 1601/391/498 1665/456/562 1664/455/561
f 1601/391/498 1602/392/499 1666/457/563 1665/456/562
f 1602/392/499 1603/393/500 1667/458/564 1666/457/563
f 1603/393/500 1604/394/501 1668/459/565 1667/458/564
f 1604/394/501 1605/395/502 1669/460/566 1668/459/565
f 1605/395/502 1606/396/503 1670/461/567 1669/460/566
f 1606/396/503 1607/397/1314 1671/462/568 1670/461/567
f 1607/397/1314 1608/398/505 1672/463/569 1671/462/568
f 1608/398/505 1609/399/1315 1673/464/570 1672/463/569
f 1609/399/1315 1610/400/507 1674/465/571 1673/464/570
f 1610/400/507 1611/401/508 1675/466/1319 1674/465/571
f 1611/401/508 1612/402/509 1676/467/573 1675/466/1319
f 1612/402/509 1613/403/510 1677/468/574 1676/467/573
f 1613/403/510 1614/404/511 1678/469/575 1677/468/574
f 1614/404/511 1615/405/512 1679/470/576 1678/469/575
f 1615/405/512 1616/406/513 1680/471/577 1679/470/576
f 1616/406/513 1617/407/1316 1681/472/578 1680/471/577
f 1617/407/1316 1618/408/515 1682/473/579 1681/472/578
f 1618/408/515 1619/409/516 1683/474/580 1682/473/579
f 1619/409/516 1620/410/517 1684/475/581 1683/474/580
f 1620/410/517 1621/411/518 1685/476/582 1684/475/581
f 1621/411/518 1622/412/519 1686/477/583 1685/476/582
f 1622/412/519 1623/413/1317 1687/478/584 1686/477/583
f 1623/413/1317 1624/414/521 1688/479/585 1687/478/584
f 1624/414/521 1625/415/522 1689/480/586 1688/479/585
f 1625/415/522 1626/416/523 1690/481/587 1689/480/586
f 1626/416/523 1627/417/524 1691/482/588 1690/481/587
f 1627/417/524 1628/418/525 1692/483/589 1691/482/588
f 1628/418/525 1629/419/526 1693/484/590 1692/483/589
f 1629/419/526 1630/420/527 1694/485/591 1693/484/590
f 1630/420/527 1631/421/528 1695/486/592 1694/485/591
f 1631/421/528 1632/422/529 1696/487/593 1695/486/592
f 1632/422/529 1633/423/530 1697/488/594 1696/487/593
f 1633/423/530 1634/424/1318 1698/489/595 1697/488/594
f 1634/424/1318 1635/425/532 1699/490/596 1698/489/595
f 1635/425/532 1636/426/533 1700/491/597 1699/490/596
f 1636/426/533 1637/427/534 1701/492/598 1700/491/597
f 1637/427/534 1638/428/535 1702/493/599 1701/492/598
f 1638/428/535 1639/429/536 1703/494/600 1702/493/599
f 1639/429/536 1576/430/474 1640/495/538 1703/494/600
f 1640/432/538 1641/431/537 1705/496/601 1704/497/602
f 1641/431/537 1642/433/539 1706/498/603 1705/496/601
f 1642/433/539 1643/434/540 1707/499/604 1706/498/603
f 1643/434/540 1644/435/541 1708/500/605 1707/499/604
f 1644/435/541 1645/436/542 1709/501/606 1708/500/605
f 1645/436/542 1646/437/543 1710/502/607 1709/501/606
f 1646/437/543 1647/438/544 1711/503/1320 1710/502/607
f 1647/438/544 1648/439/545 1712/504/609 1711/503/1320
f 1648/439/545 1649/440/546 1713/505/610 1712/504/609
f 1649/440/546 1650/441/547 1714/506/611 1713/505/610
f 1650/441/547 1651/442/548 1715/507/612 1714/506/611
f 1651/442/548 1652/443/549 1716/508/613 1715/507/612
f 1652/443/549 1653/444/550 1717/509/614 1716/508/613
f 1653/444/550 1654/445/551 1718/510/615 1717/509/614
f 1654/445/551 1655/446/552 1719/511/616 1718/510/615
f 1655/446/552 1656/447/553 1720/512/617 1719/511/616
f 1656/447/553 1657/448/554 1721/513/618 1720/512/617
f 1657/448/554 1658/449/555 1722/514/619 1721/513/618
f 1658/449/555 1659/450/556 1723/515/620 1722/514/619
f 1659/450/556 1660/451/557 1724/516/621 1723/515/620
f 1660/451/557 1661/452/558 1725/517/622 1724/516/621
f 1661/452/558 1662/453/559 1726/518/623 1725/517/622
f 1662/453/559 1663/454/560 1727/519/624 1726/518/623
f 1663/454/560 1664/455/561 1728/520/625 1727/519/624
f 1664/455/561 1665/456/562 1729/521/1321 1728/520/625
f 1665/456/562 1666/457/563 1730/522/627 1729/521/1321
f 1666/457/563 1667/458/564 1731/523/628 1730/522/627
f 1667/458/564 1668/459/565 1732/524/629 1731/523/628
f 1668/459/565 1669/460/566 1733/525/630 1732/524/629
f 1669/460/566 1670/461/567 1734/526/631 1733/525/630
f 1670/461/567 1671/462/568 1735/527/632 1734/526/631
f 1671/462/568 1672/463/569 1736/528/633 1735/527/632
f 1672/463/569 1673/464/570 1737/529/634 1736/528/633
f 1673/464/570 1674/465/571 1738/530/635 1737/529/634
f 1674/465/571 1675/466/1319 1739/531/636 1738/530/635
f 1675/466/1319 1676/467/573 1740/532/637 1739/531/636
f 1676/467/573 1677/468/574 1741/533/638 1740/532/637
f 1677/468/574 1678/469/575 1742/534/639 1741/533/638
f 1678/469/575 1679/470/576 1743/535/640 1742/534/639
f 1679/470/576 1680/471/577 1744/536/641 1743/535/640
f 1680/471/577 1681/472/578 1745/537/642 1744/536/641
f 1681/472/578 1682/473/579 1746/538/643 1745/537/642
f 1682/473/579 1683/474/580 1747/539/644 1746/538/643
f 1683/474/580 1684/475/581 1748/540/645 1747/539/644
f 1684/475/581 1685/476/582 1749/541/646 1748/540/645
f 1685/476/582 1686/477/583 1750/542/647 1749/541/646
f 1686/477/583 1687/478/584 1751/543/648 1750/542/647
f 1687/478/584 1688/479/585 1752/544/649 1751/543/648
f 1688/479/585 1689/480/586 1753/545/650 1752/544/649
f 1689/480/586 1690/481/587 1754/546/651 1753/545/650
f 1690/481/587 1691/482/588 1755/547/652 1754/546/651
f 1691/482/588 1692/483/589 1756/548/653 1755/547/652
f 1692/483/589 1693/484/590 1757/549/654 1756/548/653
f 1693/484/590 1694/485/591 1758/550/655 1757/549/654
f 1694/485/591 1695/486/592 1759/551/656 1758/550/655
f 1695/486/592 1696/487/593 1760/552/657 1759/551/656
f 1696/487/593 1697/488/594 1761/553/1322 1760/552/657
f 1697/488/594 1698/489/595 1762/554/659 1761/553/1322
f 1698/489/595 1699/490/596 1763/555/660 1762/554/659
f 1699/490/596 1700/491/597 1764/556/661 1763/555/660
f 1700/491/597 1701/492/598 1765/557/662 1764/556/661
f 1701/492/598 1702/493/599 1766/558/663 1765/557/662
f 1702/493/599 1703/494/600 1767/559/664 1766/558/663
f 1703/494/600 1640/495/538 1704/560/602 1767/559/664
f 1704/497/602 1705/496/601 1769/561/665 1768/562/666
f 1705/496/601 1706/498/603 1770/563/1323 1769/561/665
f 1706/498/603 1707/499/604 1771/564/668 1770/563/1323
f 1707/499/669 1708/500/670 1772/565/670 1771/564/669
f 1708/500/670 1709/501/671 1773/566/671 1772/565/670
f 1709/501/606 1710/502/607 1774/567/672 1773/566/673
f 1710/502/607 1711/503/1320 1775/568/674 1774/567/672
f 1711/503/1320 1712/504/609 1776/569/675 1775/568/674
f 1712/504/609 1713/505/610 1777/570/1324 1776/569/675
f 1713/505/610 1714/506/611 1778/571/677 1777/570/1324
f 1714/506/611 1715/507/612 1779/572/678 1778/571/677
f 1715/507/1325 1716/508/680 1780/573/680 1779/572/1325
f 1716/508/680 1717/509/681 1781/574/681 1780/573/680
f 1717/509/614 1718/510/615 1782/575/682 1781/574/683
f 1718/510/615 1719/511/616 1783/576/684 1782/575/682
f 1719/511/616 1720/512/617 1784/577/685 1783/576/684
f 1720/512/617 1721/513/618 1785/578/686 1784/577/685
f 1721/513/618 1722/514/619 1786/579/687 1785/578/686
f 1722/514/619 1723/515/620 1787/580/688 1786/579/687
f 1723/515/689 1724/516/691 1788/581/691 1787/580/689
f 1724/516/691 1725/517/1326 1789/582/1326 1788/581/691
f 1725/517/622 1726/518/623 1790/583/693 1789/582/694
f 1726/518/623 1727/519/624 1791/584/695 1790/583/693
f 1727/519/624 1728/520/625 1792/585/696 1791/584/695
f 1728/520/625 1729/521/1321 1793/586/697 1792/585/696
f 1729/521/1321 1730/522/627 1794/587/698 1793/586/697
f 1730/522/627 1731/523/628 1795/588/699 1794/587/698
f 1731/523/700 1732/524/701 1796/589/702 1795/588/700
f 1732/524/701 1733/525/703 1797/590/703 1796/589/702
f 1733/525/630 1734/526/631 1798/591/704 1797/590/705
f 1734/526/631 1735/527/632 1799/592/1327 1798/591/704
f 1735/527/632 1736/528/633 1800/593/707 1799/592/1327
f 1736/528/633 1737/529/634 1801/594/1328 1800/593/707
f 1737/529/634 1738/530/635 1802/595/709 1801/594/1328
f 1738/530/635 1739/531/636 1803/596/710 1802/595/709
f 1739/531/711 1740/532/712 1804/597/712 1803/596/711
f 1740/532/712 1741/533/713 1805/598/713 1804/597/712
f 1741/533/638 1742/534/639 1806/599/714 1805/598/715
f 1742/534/639 1743/535/640 1807/600/716 1806/599/714
f 1743/535/640 1744/536/641 1808/601/717 1807/600/716
f 1744/536/641 1745/537/642 1809/602/718 1808/601/717
f 1745/537/642 1746/538/643 1810/603/719 1809/602/718
f 1746/538/643 1747/539/644 1811/604/720 1810/603/719
f 1747/539/1329 1748/540/1330 1812/605/1331 1811/604/1329
f 1748/540/1330 1749/541/724 1813/606/724 1812/605/1331
f 1749/541/646 1750/542/647 1814/607/725 1813/606/726
f 1750/542/647 1751/543/648 1815/608/727 1814/607/725
f 1751/543/648 1752/544/649 1816/609/728 1815/608/727
f 1752/544/649 1753/545/650 1817/610/729 1816/609/728
f 1753/545/650 1754/546/651 1818/611/730 1817/610/729
f 1754/546/651 1755/547/652 1819/612/731 1818/611/730
f 1755/547/732 1756/548/1332 1820/613/1332 1819/612/732
f 1756/548/1332 1757/549/1333 1821/614/1333 1820/613/1332
f 1757/549/654 1758/550/655 1822/615/735 1821/614/736
f 1758/550/655 1759/551/656 1823/616/1334 1822/615/735
f 1759/551/656 1760/552/657 1824/617/738 1823/616/1334
f 1760/552/657 1761/553/1322 1825/618/739 1824/617/738
f 1761/553/1322 1762/554/659 1826/619/740 1825/618/739
f 1762/554/659 1763/555/660 1827/620/741 1826/619/740
f 1763/555/742 1764/556/743 1828/621/743 1827/620/742
f 1764/556/743 1765/557/744 1829/622/744 1828/621/743
f 1765/557/662 1766/558/663 1830/623/745 1829/622/746
f 1766/558/663 1767/559/664 1831/624/747 1830/623/745
f 1767/559/664 1704/560/602 1768/625/666 1831/624/747
f 1768/562/748 1769/561/749 1833/626/750 1832/627/751
f 1769/561/749 1770/563/1335 1834/628/753 1833/626/750
f 1770/563/1335 1771/564/754 1835/629/755 1834/628/753
f 1771/564/754 1772/565/756 1836/630/757 1835/629/755
f 1772/565/756 1773/566/758 1837/631/759 1836/630/757
f 1773/566/758 1774/567/760 1838/632/761 1837/631/759
f 1774/567/760 1775/568/1336 1839/633/763 1838/632/761
f 1775/568/1336 1776/569/764 1840/634/1337 1839/633/763
f 1776/569/764 1777/570/1338 1841/635/767 1840/634/1337
f 1777/570/1338 1778/571/768 1842/636/769 1841/635/767
f 1778/571/768 1779/572/770 1843/637/771 1842/636/769
f 1779/572/770 1780/573/1339 1844/638/773 1843/637/771
f 1780/573/1339 1781/574/774 1845/639/775 1844/638/773
f 1781/574/774 1782/575/776 1846/640/777 1845/639/775
f 1782/575/776 1783/576/778 1847/641/779 1846/640/777
f 1783/576/778 1784/577/780 1848/642/781 1847/641/779
f 1784/577/780 1785/578/782 1849/643/783 1848/642/781
f 1785/578/782 1786/579/1340 1850/644/1341 1849/643/783
f 1786/579/1340 1787/580/786 1851/645/787 1850/644/1341
f 1787/580/786 1788/581/1342 1852/646/1343 1851/645/787
f 1788/581/1342 1789/582/790 1853/647/791 1852/646/1343
f 1789/582/790 1790/583/792 1854/648/793 1853/647/791
f 1790/583/792 1791/584/1344 1855/649/795 1854/648/793
f 1791/584/1344 1792/585/796 1856/650/797 1855/649/795
f 1792/585/796 1793/586/1345 1857/651/799 1856/650/797
f 1793/586/1345 1794/587/1346 1858/652/801 1857/651/799
f 1794/587/1346 1795/588/802 1859/653/803 1858/652/801
f 1795/588/802 1796/589/804 1860/654/1347 1859/653/803
f 1796/589/804 1797/590/806 1861/655/807 1860/654/1347
f 1797/590/806 1798/591/1348 1862/656/809 1861/655/807
f 1798/591/1348 1799/592/810 1863/657/811 1862/656/809
f 1799/592/810 1800/593/812 1864/658/813 1863/657/811
f 1800/593/812 1801/594/814 1865/659/815 1864/658/813
f 1801/594/814 1802/595/1349 1866/660/817 1865/659/815
f 1802/595/1349 1803/596/818 1867/661/1350 1866/660/817
f 1803/596/818 1804/597/820 1868/662/821 1867/661/1350
f 1804/597/820 1805/598/822 1869/663/823 1868/662/821
f 1805/598/822 1806/599/1351 1870/664/825 1869/663/823
f 1806/599/1351 1807/600/1352 1871/665/827 1870/664/825
f 1807/600/1352 1808/601/828 1872/666/829 1871/665/827
f 1808/601/828 1809/602/830 1873/667/831 1872/666/829
f 1809/602/830 1810/603/832 1874/668/833 1873/667/831
f 1810/603/832 1811/604/834 1875/669/835 1874/668/833
f 1811/604/834 1812/605/836 1876/670/1353 1875/669/835
f 1812/605/836 1813/606/838 1877/671/839 1876/670/1353
f 1813/606/838 1814/607/840 1878/672/841 1877/671/839
f 1814/607/840 1815/608/1354 1879/673/843 1878/672/841
f 1815/608/1354 1816/609/844 1880/674/845 1879/673/843
f 1816/609/844 1817/610/1355 1881/675/847 1880/674/845
f 1817/610/1355 1818/611/848 1882/676/849 1881/675/847
f 1818/611/848 1819/612/850 1883/677/851 1882/676/849
f 1819/612/850 1820/613/1356 1884/678/853 1883/677/851
f 1820/613/1356 1821/614/1357 1885/679/855 1884/678/853
f 1821/614/1357 1822/615/856 1886/680/857 1885/679/855
f 1822/615/856 1823/616/858 1887/681/859 1886/680/857
f 1823/616/858 1824/617/860 1888/682/1358 1887/681/859
f 1824/617/860 1825/618/1359 1889/683/863 1888/682/1358
f 1825/618/1359 1826/619/1360 1890/684/1361 1889/683/863
f 1826/619/1360 1827/620/1362 1891/685/867 1890/684/1361
f 1827/620/1362 1828/621/868 1892/686/869 1891/685/867
f 1828/621/868 1829/622/870 1893/687/1363 1892/686/869
f 1829/622/870 1830/623/1364 1894/688/873 1893/687/1363
f 1830/623/1364 1831/624/874 1895/689/875 1894/688/873
f 1831/624/874 1768/625/748 1832/690/751 1895/689/875
f 1832/627/751 1833/626/750 1897/691/876 1896/692/1365
f 1833/626/750 1834/628/753 1898/693/878 1897/691/876
f 1834/628/753 1835/629/755 1899/694/879 1898/693/878
f 1835/629/755 1836/630/757 1900/695/880 1899/694/879
f 1836/630/757 1837/631/759 1901/696/881 1900/695/880
f 1837/631/759 1838/632/761 1902/697/1366 1901/696/881
f 1838/632/761 1839/633/763 1903/698/883 1902/697/1366
f 1839/633/763 1840/634/1337 1904/699/884 1903/698/883
f 1840/634/1337 1841/635/767 1905/700/885 1904/699/884
f 1841/635/767 1842/636/769 1906/701/886 1905/700/885
f 1842/636/769 1843/637/771 1907/702/887 1906/701/886
f 1843/637/771 1844/638/773 1908/703/1367 1907/702/887
f 1844/638/773 1845/639/775 1909/704/889 1908/703/1367
f 1845/639/775 1846/640/777 1910/705/890 1909/704/889
f 1846/640/777 1847/641/779 1911/706/891 1910/705/890
f 1847/641/779 1848/642/781 1912/707/892 1911/706/891
f 1848/642/781 1849/643/783 1913/708/893 1912/707/892
f 1849/643/783 1850/644/1341 1914/709/1368 1913/708/893
f 1850/644/1341 1851/645/787 1915/710/895 1914/709/1368
f 1851/645/787 1852/646/1343 1916/711/896 1915/710/895
f 1852/646/1343 1853/647/791 1917/712/897 1916/711/896
f 1853/647/791 1854/648/793 1918/713/898 1917/712/897
f 1854/648/793 1855/649/795 1919/714/1369 1918/713/898
f 1855/649/795 1856/650/797 1920/715/900 1919/714/1369
f 1856/650/797 1857/651/799 1921/716/901 1920/715/900
f 1857/651/799 1858/652/801 1922/717/902 1921/716/901
f 1858/652/801 1859/653/803 1923/718/903 1922/717/902
f 1859/653/803 1860/654/1347 1924/719/904 1923/718/903
f 1860/654/1347 1861/655/807 1925/720/905 1924/719/904
f 1861/655/807 1862/656/809 1926/721/1370 1925/720/905
f 1862/656/809 1863/657/811 1927/722/907 1926/721/1370
f 1863/657/811 1864/658/813 1928/723/908 1927/722/907
f 1864/658/813 1865/659/815 1929/724/909 1928/723/908
f 1865/659/815 1866/660/817 1930/725/910 1929/724/909
f 1866/660/817 1867/661/1350 1931/726/911 1930/725/910
f 1867/661/1350 1868/662/821 1932/727/1371 1931/726/911
f 1868/662/821 1869/663/823 1933/728/913 1932/727/1371
f 1869/663/823 1870/664/825 1934/729/914 1933/728/913
f 1870/664/825 1871/665/827 1935/730/915 1934/729/914
f 1871/665/827 1872/666/829 1936/731/916 1935/730/915
f 1872/666/829 1873/667/831 1937/732/1372 1936/731/916
f 1873/667/831 1874/668/833 1938/733/918 1937/732/1372
f 1874/668/833 1875/669/835 1939/734/919 1938/733/918
f 1875/669/835 1876/670/1353 1940/735/920 1939/734/919
f 1876/670/1353 1877/671/839 1941/736/921 1940/735/920
f 1877/671/839 1878/672/841 1942/737/922 1941/736/921
f 1878/672/841 1879/673/843 1943/738/923 1942/737/922
f 1879/673/843 1880/674/845 1944/739/924 1943/738/923
f 1880/674/845 1881/675/847 1945/740/925 1944/739/924
f 1881/675/847 1882/676/849 1946/741/926 1945/740/925
f 1882/676/849 1883/677/851 1947/742/927 1946/741/926
f 1883/677/851 1884/678/853 1948/743/928 1947/742/927
f 1884/678/853 1885/679/855 1949/744/929 1948/743/928
f 1885/679/855 1886/680/857 1950/745/930 1949/744/929
f 1886/680/857 1887/681/859 1951/746/931 1950/745/930
f 1887/681/859 1888/682/1358 1952/747/932 1951/746/931
f 1888/682/1358 1889/683/863 1953/748/933 1952/747/932
f 1889/683/863 1890/684/1361 1954/749/934 1953/748/933
f 1890/684/1361 1891/685/867 1955/750/935 1954/749/934
f 1891/685/867 1892/686/869 1956/751/936 1955/750/935
f 1892/686/869 1893/687/1363 1957/752/937 1956/751/936
f 1893/687/1363 1894/688/873 1958/753/938 1957/752/937
f 1894/688/873 1895/689/875 1959/754/939 1958/753/938
f 1895/689/875 1832/690/751 1896/755/1365 1959/754/939
f 1896/692/1365 1897/691/876 1961/756/1373 1960/757/1374
f 1897/691/876 1898/693/878 1962/758/942 1961/756/1373
f 1898/693/878 1899/694/879 1963/759/1375 1962/758/942
f 1899/694/879 1900/695/880 1964/760/944 1963/759/1375
f 1900/695/880 1901/696/881 1965/761/1376 1964/760/944
f 1901/696/881 1902/697/1366 1966/762/946 1965/761/1376
f 1902/697/1366 1903/698/883 1967/763/947 1966/762/946
f 1903/698/883 1904/699/884 1968/764/1377 1967/763/947
f 1904/699/884 1905/700/885 1969/765/1378 1968/764/1377
f 1905/700/885 1906/701/886 1970/766/1379 1969/765/1378
f 1906/701/886 1907/702/887 1971/767/951 1970/766/1379
f 1907/702/887 1908/703/1367 1972/768/1380 1971/767/951
f 1908/703/1367 1909/704/889 1973/769/953 1972/768/1380
f 1909/704/889 1910/705/890 1974/770/954 1973/769/953
f 1910/705/890 1911/706/891 1975/771/1381 1974/770/954
f 1911/706/891 1912/707/892 1976/772/956 1975/771/1381
f 1912/707/892 1913/708/893 1977/773/957 1976/772/956
f 1913/708/893 1914/709/1368 1978/774/1382 1977/773/957
f 1914/709/1368 1915/710/895 1979/775/1383 1978/774/1382
f 1915/710/895 1916/711/896 1980/776/1384 1979/775/1383
f 1916/711/896 1917/712/897 1981/777/961 1980/776/1384
f 1917/712/897 1918/713/898 1982/778/1385 1981/777/961
f 1918/713/898 1919/714/1369 1983/779/1386 1982/778/1385
f 1919/714/1369 1920/715/900 1984/780/1387 1983/779/1386
f 1920/715/900 1921/716/901 1985/781/965 1984/780/1387
f 1921/716/901 1922/717/902 1986/782/1388 1985/781/965
f 1922/717/902 1923/718/903 1987/783/1389 1986/782/1388
f 1923/718/903 1924/719/904 1988/784/968 1987/783/1389
f 1924/719/904 1925/720/905 1989/785/1390 1988/784/968
f 1925/720/905 1926/721/1370 1990/786/970 1989/785/1390
f 1926/721/1370 1927/722/907 1991/787/1391 1990/786/970
f 1927/722/907 1928/723/908 1992/788/1392 1991/787/1391
f 1928/723/908 1929/724/909 1993/789/1393 1992/788/1392
f 1929/724/909 1930/725/910 1994/790/974 1993/789/1393
f 1930/725/910 1931/726/911 1995/791/975 1994/790/974
f 1931/726/911 1932/727/1371 1996/792/1394 1995/791/975
f 1932/727/1371 1933/728/913 1997/793/977 1996/792/1394
f 1933/728/913 1934/729/914 1998/794/978 1997/793/977
f 1934/729/914 1935/730/915 1999/795/979 1998/794/978
f 1935/730/915 1936/731/916 2000/796/1395 1999/795/979
f 1936/731/916 1937/732/1372 2001/797/1396 2000/796/1395
f 1937/732/1372 1938/733/918 2002/798/1397 2001/797/1396
f 1938/733/918 1939/734/919 2003/799/983 2002/798/1397
f 1939/734/919 1940/735/920 2004/800/1398 2003/799/983
f 1940/735/920 1941/736/921 2005/801/985 2004/800/1398
f 1941/736/921 1942/737/922 2006/802/986 2005/801/985
f 1942/737/922 1943/738/923 2007/803/987 2006/802/986
f 1943/738/923 1944/739/924 2008/804/988 2007/803/987
f 1944/739/924 1945/740/925 2009/805/1399 2008/804/988
f 1945/740/925 1946/741/926 2010/806/1400 2009/805/1399
f 1946/741/926 1947/742/927 2011/807/991 2010/806/1400
f 1947/742/927 1948/743/928 2012/808/1401 2011/807/991
f 1948/743/928 1949/744/929 2013/809/993 2012/808/1401
f 1949/744/929 1950/745/930 2014/810/994 2013/809/993
f 1950/745/930 1951/746/931 2015/811/1402 2014/810/994
f 1951/746/931 1952/747/932 2016/812/1403 2015/811/1402
f 1952/747/932 1953/748/933 2017/813/997 2016/812/1403
f 1953/748/933 1954/749/934 2018/814/998 2017/813/997
f 1954/749/934 1955/750/935 2019/815/999 2018/814/998
f 1955/750/935 1956/751/936 2020/816/1404 2019/815/999
f 1956/751/936 1957/752/937 2021/817/1001 2020/816/1404
f 1957/752/937 1958/753/938 2022/818/1002 2021/817/1001
f 1958/753/938 1959/754/939 2023/819/1405 2022/818/1002
f 1959/754/939 1896/755/1365 1960/820/1374 2023/819/1405
f 1960/757/1374 1961/756/1373 2025/821/1004 2024/822/1005
f 1961/756/1373 1962/758/942 2026/823/1006 2025/821/1004
f 1962/758/942 1963/759/1375 2027/824/1007 2026/823/1006
f 1963/759/1375 1964/760/944 2028/825/1008 2027/824/1007
f 1964/760/944 1965/761/1376 2029/826/1009 2028/825/1008
f 1965/761/1376 1966/762/946 2030/827/1406 2029/826/1009
f 1966/762/946 1967/763/947 2031/828/1407 2030/827/1406
f 1967/763/947 1968/764/1377 2032/829/1012 2031/828/1407
f 1968/764/1377 1969/765/1378 2033/830/1013 2032/829/1012
f 1969/765/1378 1970/766/1379 2034/831/1014 2033/830/1013
f 1970/766/1379 1971/767/951 2035/832/1015 2034/831/1014
f 1971/767/951 1972/768/1380 2036/833/1408 2035/832/1015
f 1972/768/1380 1973/769/953 2037/834/1017 2036/833/1408
f 1973/769/953 1974/770/954 2038/835/1018 2037/834/1017
f 1974/770/954 1975/771/1381 2039/836/1019 2038/835/1018
f 1975/771/1381 1976/772/956 2040/837/1020 2039/836/1019
f 1976/772/956 1977/773/957 2041/838/1021 2040/837/1020
f 1977/773/957 1978/774/1382 2042/839/1022 2041/838/1021
f 1978/774/1382 1979/775/1383 2043/840/1023 2042/839/1022
f 1979/775/1383 1980/776/1384 2044/841/1024 2043/840/1023
f 1980/776/1384 1981/777/961 2045/842/1025 2044/841/1024
f 1981/777/961 1982/778/1385 2046/843/1026 2045/842/1025
f 1982/778/1385 1983/779/1386 2047/844/1409 2046/843/1026
f 1983/779/1386 1984/780/1387 2048/845/1028 2047/844/1409
f 1984/780/1387 1985/781/965 2049/846/1029 2048/845/1028
f 1985/781/965 1986/782/1388 2050/847/1410 2049/846/1029
f 1986/782/1388 1987/783/1389 2051/848/1031 2050/847/1410
f 1987/783/1389 1988/784/968 2052/849/1032 2051/848/1031
f 1988/784/968 1989/785/1390 2053/850/1033 2052/849/1032
f 1989/785/1390 1990/786/970 2054/851/1034 2053/850/1033
f 1990/786/970 1991/787/1391 2055/852/1035 2054/851/1034
f 1991/787/1391 1992/788/1392 2056/853/1036 2055/852/1035
f 1992/788/1392 1993/789/1393 2057/854/1037 2056/853/1036
f 1993/789/1393 1994/790/974 2058/855/1038 2057/854/1037
f 1994/790/974 1995/791/975 2059/856/1039 2058/855/1038
f 1995/791/975 1996/792/1394 2060/857/1040 2059/856/1039
f 1996/792/1394 1997/793/977 2061/858/1041 2060/857/1040
f 1997/793/977 1998/794/978 2062/859/1042 2061/858/1041
f 1998/794/978 1999/795/979 2063/860/1043 2062/859/1042
f 1999/795/979 2000/796/1395 2064/861/1044 2063/860/1043
f 2000/796/1395 2001/797/1396 2065/862/1045 2064/861/1044
f 2001/797/1396 2002/798/1397 2066/863/1046 2065/862/1045
f 2002/798/1397 2003/799/983 2067/864/1047 2066/863/1046
f 2003/799/983 2004/800/1398 2068/865/1411 2067/864/1047
f 2004/800/1398 2005/801/985 2069/866/1049 2068/865/1411
f 2005/801/985 2006/802/986 2070/867/1050 2069/866/1049
f 2006/802/986 2007/803/987 2071/868/1051 2070/867/1050
f 2007/803/987 2008/804/988 2072/869/1052 2071/868/1051
f 2008/804/988 2009/805/1399 2073/870/1053 2072/869/1052
f 2009/805/1399 2010/806/1400 2074/871/1054 2073/870/1053
f 2010/806/1400 2011/807/991 2075/872/1055 2074/871/1054
f 2011/807/991 2012/808/1401 2076/873/1412 2075/872/1055
f 2012/808/1401 2013/809/993 2077/874/1057 2076/873/1412
f 2013/809/993 2014/810/994 2078/875/1058 2077/874/1057
f 2014/810/994 2015/811/1402 2079/876/1059 2078/875/1058
f 2015/811/1402 2016/812/1403 2080/877/1060 2079/876/1059
f 2016/812/1403 2017/813/997 2081/878/1061 2080/877/1060
f 2017/813/997 2018/814/998 2082/879/1062 2081/878/1061
f 2018/814/998 2019/815/999 2083/880/1063 2082/879/1062
f 2019/815/999 2020/816/1404 2084/881/1064 2083/880/1063
f 2020/816/1404 2021/817/1001 2085/882/1065 2084/881/1064
f 2021/817/1001 2022/818/1002 2086/883/1066 2085/882/1065
f 2022/818/1002 2023/819/1405 2087/884/1067 2086/883/1066
f 2023/819/1405 1960/820/1374 2024/885/1005 2087/884/1067
f 2024/822/1005 2025/821/1004 2089/886/1068 2088/887/1069
f 2025/821/1004 2026/823/1006 2090/888/1070 2089/886/1068
f 2026/823/1006 2027/824/1007 2091/889/1071 2090/888/1070
f 2027/824/1007 2028/825/1008 2092/890/1072 2091/889/1071
f 2028/825/1008 2029/826/1009 2093/891/1073 2092/890/1072
f 2029/826/1009 2030/827/1406 2094/892/1074 2093/891/1073
f 2030/827/1406 2031/828/1407 2095/893/1075 2094/892/1074
f 2031/828/1407 2032/829/1012 2096/894/1076 2095/893/1075
f 2032/829/1012 2033/830/1013 2097/895/1077 2096/894/1076
f 2033/830/1013 2034/831/1014 2098/896/1413 2097/895/1077
f 2034/831/1014 2035/832/1015 2099/897/1079 2098/896/1413
f 2035/832/1015 2036/833/1408 2100/898/1080 2099/897/1079
f 2036/833/1408 2037/834/1017 2101/899/1081 2100/898/1080
f 2037/834/1017 2038/835/1018 2102/900/1082 2101/899/1081
f 2038/835/1018 2039/836/1019 2103/901/1414 2102/900/1082
f 2039/836/1019 2040/837/1020 2104/902/1084 2103/901/1414
f 2040/837/1020 2041/838/1021 2105/903/1415 2104/902/1084
f 2041/838/1021 2042/839/1022 2106/904/1086 2105/903/1415
f 2042/839/1022 2043/840/1023 2107/905/1087 2106/904/1086
f 2043/840/1023 2044/841/1024 2108/906/1416 2107/905/1087
f 2044/841/1024 2045/842/1025 2109/907/1417 2108/906/1416
f 2045/842/1025 2046/843/1026 2110/908/1418 2109/907/1417
f 2046/843/1026 2047/844/1409 2111/909/1091 2110/908/1418
f 2047/844/1409 2048/845/1028 2112/910/1092 2111/909/1091
f 2048/845/1028 2049/846/1029 2113/911/1093 2112/910/1092
f 2049/846/1029 2050/847/1410 2114/912/1094 2113/911/1093
f 2050/847/1410 2051/848/1031 2115/913/1095 2114/912/1094
f 2051/848/1031 2052/849/1032 2116/914/1419 2115/913/1095
f 2052/849/1032 2053/850/1033 2117/915/1097 2116/914/1419
f 2053/850/1033 2054/851/1034 2118/916/1098 2117/915/1097
f 2054/851/1034 2055/852/1035 2119/917/1099 2118/916/1098
f 2055/852/1035 2056/853/1036 2120/918/1100 2119/917/1099
f 2056/853/1036 2057/854/1037 2121/919/1101 2120/918/1100
f 2057/854/1037 2058/855/1038 2122/920/1102 2121/919/1101
f 2058/855/1038 2059/856/1039 2123/921/1103 2122/920/1102
f 2059/856/1039 2060/857/1040 2124/922/1104 2123/921/1103
f 2060/857/1040 2061/858/1041 2125/923/1105 2124/922/1104
f 2061/858/1041 2062/859/1042 2126/924/1106 2125/923/1105
f 2062/859/1042 2063/860/1043 2127/925/1107 2126/924/1106
f 2063/860/1043 2064/861/1044 2128/926/1108 2127/925/1107
f 2064/861/1044 2065/862/1045 2129/927/1109 2128/926/1108
f 2065/862/1045 2066/863/1046 2130/928/1110 2129/927/1109
f 2066/863/1046 2067/864/1047 2131/929/1111 2130/928/1110
f 2067/864/1047 2068/865/1411 2132/930/1112 2131/929/1111
f 2068/865/1411 2069/866/1049 2133/931/1113 2132/930/1112
f 2069/866/1049 2070/867/1050 2134/932/1114 2133/931/1113
f 2070/867/1050 2071/868/1051 2135/933/1420 2134/932/1114
f 2071/868/1051 2072/869/1052 2136/934/1116 2135/933/1420
f 2072/869/1052 2073/870/1053 2137/935/1421 2136/934/1116
f 2073/870/1053 2074/871/1054 2138/936/1118 2137/935/1421
f 2074/871/1054 2075/872/1055 2139/937/1119 2138/936/1118
f 2075/872/1055 2076/873/1412 2140/938/1422 2139/937/1119
f 2076/873/1412 2077/874/1057 2141/939/1121 2140/938/1422
f 2077/874/1057 2078/875/1058 2142/940/1423 2141/939/1121
f 2078/875/1058 2079/876/1059 2143/941/1123 2142/940/1423
f 2079/876/1059 2080/877/1060 2144/942/1124 2143/941/1123
f 2080/877/1060 2081/878/1061 2145/943/1125 2144/942/1124
f 2081/878/1061 2082/879/1062 2146/944/1126 2145/943/1125
f 2082/879/1062 2083/880/1063 2147/945/1127 2146/944/1126
f 2083/880/1063 2084/881/1064 2148/946/1128 2147/945/1127
f 2084/881/1064 2085/882/1065 2149/947/1424 2148/946/1128
f 2085/882/1065 2086/883/1066 2150/948/1130 2149/947/1424
f 2086/883/1066 2087/884/1067 2151/949/1131 2150/948/1130
f 2087/884/1067 2024/885/1005 2088/950/1069 2151/949/1131
f 2088/887/1069 2089/886/1068 2152/951/38
f 2089/886/1068 2090/888/1070 2152/952/38
f 2090/888/1070 2091/889/1071 2152/953/38
f 2091/889/1071 2092/890/1072 2152/954/38
f 2092/890/1072 2093/891/1073 2152/955/38
f 2093/891/1073 2094/892/1074 2152/956/38
f 2094/892/1074 2095/893/1075 2152/957/38
f 2095/893/1075 2096/894/1076 2152/958/38
f 2096/894/1076 2097/895/1077 2152/959/38
f 2097/895/1077 2098/896/1413 2152/960/38
f 2098/896/1413 2099/897/1079 2152/961/38
f 2099/897/1079 2100/898/1080 2152/962/38
f 2100/898/1080 2101/899/1081 2152/963/38
f 2101/899/1081 2102/900/1082 2152/964/38
f 2102/900/1082 2103/901/1414 2152/965/38
f 2103/901/1414 2104/902/1084 2152/966/38
f 2104/902/1084 2105/903/1415 2152/967/38
f 2105/903/1415 2106/904/1086 2152/968/38
f 2106/904/1086 2107/905/1087 2152/969/38
f 2107/905/1087 2108/906/1416 2152/970/38
f 2108/906/1416 2109/907/1417 2152/971/38
f 2109/907/1417 2110/908/1418 2152/972/38
f 2110/908/1418 2111/909/1091 2152/973/38
f 2111/909/1091 2112/910/1092 2152/974/38
f 2112/910/1092 2113/911/1093 2152/975/38
f 2113/911/1093 2114/912/1094 2152/976/38
f 2114/912/1094 2115/913/1095 2152/977/38
f 2115/913/1095 2116/914/1419 2152/978/38
f 2116/914/1419 2117/915/1097 2152/979/38
f 2117/915/1097 2118/916/1098 2152/980/38
f 2118/916/1098 2119/917/1099 2152/981/38
f 2119/917/1099 2120/918/1100 2152/982/38
f 2120/918/1100 2121/919/1101 2152/983/38
f 2121/919/1101 2122/920/1102 2152/984/38
f 2122/920/1102 2123/921/1103 2152/985/38
f 2123/921/1103 2124/922/1104 2152/986/38
f 2124/922/1104 2125/923/1105 2152/987/38
f 2125/923/1105 2126/924/1106 2152/988/38
f 2126/924/1106 2127/925/1107 2152/989/38
f 2127/925/1107 2128/926/1108 2152/990/38
f 2128/926/1108 2129/927/1109 2152/991/38
f 2129/927/1109 2130/928/1110 2152/992/38
f 2130/928/1110 2131/929/1111 2152/993/38
f 2131/929/1111 2132/930/1112 2152/994/38
f 2132/930/1112 2133/931/1113 2152/995/38
f 2133/931/1113 2134/932/1114 2152/996/38
f 2134/932/1114 2135/933/1420 2152/997/38
f 2135/933/1420 2136/934/1116 2152/998/38
f 2136/934/1116 2137/935/1421 2152/999/38
f 2137/935/1421 2138/936/1118 2152/1000/38
f 2138/936/1118 2139/937/1119 2152/1001/38
f 2139/937/1119 2140/938/1422 2152/1002/38
f 2140/938/1422 2141/939/1121 2152/1003/38
f 2141/939/1121 2142/940/1423 2152/1004/38
f 2142/940/1423 2143/941/1123 2152/1005/38
f 2143/941/1123 2144/942/1124 2152/1006/38
f 2144/942/1124 2145/943/1125 2152/1007/38
f 2145/943/1125 2146/944/1126 2152/1008/38
f 2146/944/1126 2147/945/1127 2152/1009/38
f 2147/945/1127 2148/946/1128 2152/1010/38
f 2148/946/1128 2149/947/1424 2152/1011/38
f 2149/947/1424 2150/948/1130 2152/1012/38
f 2150/948/1130 2151/949/1131 2152/1013/38
f 2151/949/1131 2088/950/1069 2152/1014/38
f 2153/1015/115 2155/1016/115 2154/1017/115
f 2153/1018/115 2156/1019/115 2155/1016/115
f 2153/1020/115 2157/1021/115 2156/1019/115
f 2153/1022/115 2158/1023/115 2157/1021/115
f 2153/1024/115 2159/1025/115 2158/1023/115
f 2153/1026/115 2160/1027/115 2159/1025/115
f 2153/1028/115 2161/1029/115 2160/1027/115
f 2153/1030/115 2162/1031/115 2161/1029/115
f 2153/1032/115 2163/1033/115 2162/1031/115
f 2153/1034/115 2164/1035/115 2163/1033/115
f 2153/1036/115 2165/1037/115 2164/1035/115
f 2153/1038/115 2166/1039/115 2165/1037/115
f 2153/1040/115 2167/1041/115 2166/1039/115
f 2153/1042/115 2168/1043/115 2167/1041/115
f 2153/1044/115 2169/1045/115 2168/1043/115
f 2153/1046/115 2170/1047/115 2169/1045/115
f 2153/1048/115 2171/1049/115 2170/1047/115
f 2153/1050/115 2172/1051/115 2171/1049/115
f 2153/1052/115 2173/1053/115 2172/1051/115
f 2153/1054/115 2174/1055/115 2173/1053/115
f 2153/1056/115 2175/1057/115 2174/1055/115
f 2153/1058/115 2176/1059/115 2175/1057/115
f 2153/1060/115 2177/1061/115 2176/1059/115
f 2153/1062/115 2178/1063/115 2177/1061/115
f 2153/1064/115 2179/1065/115 2178/1063/115
f 2153/1066/115 2180/1067/115 2179/1065/115
f 2153/1068/115 2181/1069/115 2180/1067/115
f 2153/1070/115 2182/1071/115 2181/1069/115
f 2153/1072/115 2183/1073/115 2182/1071/115
f 2153/1074/115 2184/1075/115 2183/1073/115
f 2153/1076/115 2185/1077/115 2184/1075/115
f 2153/1078/115 2186/1079/115 2185/1077/115
f 2153/1080/115 2187/1081/115 2186/1079/115
f 2153/1082/115 2188/1083/115 2187/1081/115
f 2153/1084/115 2189/1085/115 2188/1083/115
f 2153/1086/115 2190/1087/115 2189/1085/115
f 2153/1088/115 2191/1089/115 2190/1087/115
f 2153/1090/115 2192/1091/115 2191/1089/115
f 2153/1092/115 2193/1093/115 2192/1091/115
f 2153/1094/115 2194/1095/115 2193/1093/115
f 2153/1096/115 2195/1097/115 2194/1095/115
f 2153/1098/115 2196/1099/115 2195/1097/115
f 2153/1100/115 2197/1101/115 2196/1099/115
f 2153/1102/115 2198/1103/115 2197/1101/115
f 2153/1104/115 2199/1105/115 2198/1103/115
f 2153/1106/115 2200/1107/115 2199/1105/115
f 2153/1108/115 2201/1109/115 2200/1107/115
f 2153/1110/115 2202/1111/115 2201/1109/115
f 2153/1112/115 2203/1113/115 2202/1111/115
f 2153/1114/115 2204/1115/115 2203/1113/115
f 2153/1116/115 2205/1117/115 2204/1115/115
f 2153/1118/115 2206/1119/115 2205/1117/115
f 2153/1120/115 2207/1121/115 2206/1119/115
f 2153/1122/115 2208/1123/115 2207/1121/115
f 2153/1124/115 2209/1125/115 2208/1123/115
f 2153/1126/115 2210/1127/115 2209/1125/115
f 2153/1128/115 2211/1129/115 2210/1127/115
f 2153/1130/115 2212/1131/115 2211/1129/115
f 2153/1132/115 2213/1133/115 2212/1131/115
f 2153/1134/115 2214/1135/115 2213/1133/115
f 2153/1136/115 2215/1137/115 2214/1135/115
f 2153/1138/115 2216/1139/115 2215/1137/115
f 2153/1140/115 2217/1141/115 2216/1139/115
f 2153/1142/115 2154/1143/115 2217/1141/115
f 2154/1017/116 2155/1016/1132 2219/1144/1133 2218/1145/1134
f 2155/1016/1132 2156/1019/1135 2220/1146/1136 2219/1144/1133
f 2156/1019/1135 2157/1021/1137 2221/1147/1138 2220/1146/1136
f 2157/1021/1137 2158/1023/1139 2222/1148/1140 2221/1147/1138
f 2158/1023/1141 2159/1025/1142 2223/1149/1143 2222/1148/1144
f 2159/1025/1142 2160/1027/1145 2224/1150/1146 2223/1149/1143
f 2160/1027/1145 2161/1029/1147 2225/1151/1148 2224/1150/1146
f 2161/1029/1147 2162/1031/1149 2226/1152/1150 2225/1151/1148
f 2162/1031/1149 2163/1033/1151 2227/1153/1152 2226/1152/1150
f 2163/1033/1151 2164/1035/1153 2228/1154/1154 2227/1153/1152
f 2164/1035/1153 2165/1037/1155 2229/1155/1156 2228/1154/1154
f 2165/1037/1155 2166/1039/1157 2230/1156/1158 2229/1155/1156
f 2166/1039/1159 2167/1041/1160 2231/1157/1161 2230/1156/1162
f 2167/1041/1160 2168/1043/1163 2232/1158/1164 2231/1157/1161
f 2168/1043/1163 2169/1045/1165 2233/1159/1425 2232/1158/1164
f 2169/1045/1165 2170/1047/117 2234/1160/1167 2233/1159/1425
f 2170/1047/117 2171/1049/1168 2235/1161/1169 2234/1160/1167
f 2171/1049/1168 2172/1051/1170 2236/1162/1171 2235/1161/1169
f 2172/1051/1170 2173/1053/1172 2237/1163/1173 2236/1162/1171
f 2173/1053/1172 2174/1055/1174 2238/1164/1175 2237/1163/1173
f 2174/1055/1176 2175/1057/1177 2239/1165/1178 2238/1164/1179
f 2175/1057/1177 2176/1059/1180 2240/1166/1181 2239/1165/1178
f 2176/1059/1180 2177/1061/1182 2241/1167/1183 2240/1166/1181
f 2177/1061/1182 2178/1063/1184 2242/1168/1185 2241/1167/1183
f 2178/1063/1184 2179/1065/1186 2243/1169/1187 2242/1168/1185
f 2179/1065/1186 2180/1067/1188 2244/1170/1189 2243/1169/1187
f 2180/1067/1188 2181/1069/1190 2245/1171/1426 2244/1170/1189
f 2181/1069/1190 2182/1071/1192 2246/1172/1193 2245/1171/1426
f 2182/1071/1194 2183/1073/1195 2247/1173/1196 2246/1172/1197
f 2183/1073/1195 2184/1075/1198 2248/1174/1199 2247/1173/1196
f 2184/1075/1198 2185/1077/1200 2249/1175/1201 2248/1174/1199
f 2185/1077/1200 2186/1079/118 2250/1176/1202 2249/1175/1201
f 2186/1079/118 2187/1081/1203 2251/1177/1204 2250/1176/1202
f 2187/1081/1203 2188/1083/1205 2252/1178/1206 2251/1177/1204
f 2188/1083/1205 2189/1085/1207 2253/1179/1208 2252/1178/1206
f 2189/1085/1207 2190/1087/1209 2254/1180/1210 2253/1179/1208
f 2190/1087/1211 2191/1089/1212 2255/1181/1213 2254/1180/1214
f 2191/1089/1212 2192/1091/1215 2256/1182/1216 2255/1181/1213
f 2192/1091/1215 2193/1093/1217 2257/1183/1218 2256/1182/1216
f 2193/1093/1217 2194/1095/1219 2258/1184/1220 2257/1183/1218
f 2194/1095/1219 2195/1097/1221 2259/1185/1222 2258/1184/1220
f 2195/1097/1221 2196/1099/1223 2260/1186/1427 2259/1185/1222
f 2196/1099/1223 2197/1101/1225 2261/1187/1226 2260/1186/1427
f 2197/1101/1225 2198/1103/1227 2262/1188/1228 2261/1187/1226
f 2198/1103/1229 2199/1105/1230 2263/1189/1231 2262/1188/1232
f 2199/1105/1230 2200/1107/1233 2264/1190/1234 2263/1189/1231
f 2200/1107/1233 2201/1109/1235 2265/1191/1236 2264/1190/1234
f 2201/1109/1235 2202/1111/1 2266/1192/1237 2265/1191/1236
f 2202/1111/1 2203/1113/1238 2267/1193/1239 2266/1192/1237
f 2203/1113/1238 2204/1115/1240 2268/1194/1241 2267/1193/1239
f 2204/1115/1240 2205/1117/1242 2269/1195/1243 2268/1194/1241
f 2205/1117/1242 2206/1119/1244 2270/1196/1245 2269/1195/1243
f 2206/1119/1246 2207/1121/1247 2271/1197/1248 2270/1196/1249
f 2207/1121/1247 2208/1123/1250 2272/1198/1428 2271/1197/1248
f 2208/1123/1250 2209/1125/1252 2273/1199/1253 2272/1198/1428
f 2209/1125/1252 2210/1127/1254 2274/1200/1255 2273/1199/1253
f 2210/1127/1254 2211/1129/1256 2275/1201/1257 2274/1200/1255
f 2211/1129/1256 2212/1131/1258 2276/1202/1259 2275/1201/1257
f 2212/1131/1258 2213/1133/1260 2277/1203/1261 2276/1202/1259
f 2213/1133/1260 2214/1135/1262 2278/1204/1263 2277/1203/1261
f 2214/1135/1264 2215/1137/1265 2279/1205/1266 2278/1204/1267
f 2215/1137/1265 2216/1139/1268 2280/1206/1269 2279/1205/1266
f 2216/1139/1268 2217/1141/1270 2281/1207/1271 2280/1206/1269
f 2217/1141/1270 2154/1143/116 2218/1208/1134 2281/1207/1271
f 2218/1145/1134 2219/1144/1133 2283/1209/1429 2282/1210/341
f 2219/1144/1133 2220/1146/1136 2284/1211/1430 2283/1209/1429
f 2220/1146/1136 2221/1147/1138 2285/109/211 2284/1211/1430
f 2221/1147/1138 2222/1148/1140 2286/110/1431 2285/109/211
f 2222/1148/1144 2223/1149/1143 2287/113/216 2286/110/215
f 2223/1149/1143 2224/1150/1146 2288/115/1432 2287/113/216
f 2224/1150/1146 2225/1151/1148 2289/117/220 2288/115/1432
f 2225/1151/1148 2226/1152/1150 2290/119/1433 2289/117/220
f 2226/1152/1150 2227/1153/1152 2291/121/224 2290/119/1433
f 2227/1153/1152 2228/1154/1154 2292/123/1434 2291/121/224
f 2228/1154/1154 2229/1155/1156 2293/125/228 2292/123/1434
f 2229/1155/1156 2230/1156/1158 2294/127/230 2293/125/228
f 2230/1156/1162 2231/1157/1161 2295/129/1435 2294/127/232
f 2231/1157/1161 2232/1158/1164 2296/131/1436 2295/129/1435
f 2232/1158/1164 2233/1159/1425 2297/133/1274 2296/131/1436
f 2233/1159/1425 2234/1160/1167 2298/135/239 2297/133/1274
f 2234/1160/1167 2235/1161/1169 2299/137/241 2298/135/239
f 2235/1161/1169 2236/1162/1171 2300/139/1437 2299/137/241
f 2236/1162/1171 2237/1163/1173 2301/141/245 2300/139/1437
f 2237/1163/1173 2238/1164/1175 2302/143/247 2301/141/245
f 2238/1164/1179 2239/1165/1178 2303/145/250 2302/143/249
f 2239/1165/1178 2240/1166/1181 2304/147/1438 2303/145/250
f 2240/1166/1181 2241/1167/1183 2305/149/1275 2304/147/1438
f 2241/1167/1183 2242/1168/1185 2306/151/1276 2305/149/1275
f 2242/1168/1185 2243/1169/1187 2307/153/258 2306/151/1276
f 2243/1169/1187 2244/1170/1189 2308/155/260 2307/153/258
f 2244/1170/1189 2245/1171/1426 2309/157/1439 2308/155/260
f 2245/1171/1426 2246/1172/1193 2310/159/1440 2309/157/1439
f 2246/1172/1197 2247/1173/1196 2311/161/1277 2310/159/1441
f 2247/1173/1196 2248/1174/1199 2312/163/1442 2311/161/1277
f 2248/1174/1199 2249/1175/1201 2313/165/1278 2312/163/1442
f 2249/1175/1201 2250/1176/1202 2314/167/273 2313/165/1278
f 2250/1176/1202 2251/1177/1204 2315/169/275 2314/167/273
f 2251/1177/1204 2252/1178/1206 2316/171/1443 2315/169/275
f 2252/1178/1206 2253/1179/1208 2317/173/279 2316/171/1443
f 2253/1179/1208 2254/1180/1210 2318/175/1444 2317/173/279
f 2254/1180/1214 2255/1181/1213 2319/177/284 2318/175/283
f 2255/1181/1213 2256/1182/1216 2320/179/1445 2319/177/284
f 2256/1182/1216 2257/1183/1218 2321/181/288 2320/179/1445
f 2257/1183/1218 2258/1184/1220 2322/183/1280 2321/181/288
f 2258/1184/1220 2259/1185/1222 2323/185/1281 2322/183/1280
f 2259/1185/1222 2260/1186/1427 2324/187/1446 2323/185/1281
f 2260/1186/1427 2261/1187/1226 2325/189/296 2324/187/1446
f 2261/1187/1226 2262/1188/1228 2326/191/298 2325/189/296
f 2262/1188/1232 2263/1189/1231 2327/193/1447 2326/191/300
f 2263/1189/1231 2264/1190/1234 2328/195/303 2327/193/1447
f 2264/1190/1234 2265/1191/1236 2329/197/1283 2328/195/303
f 2265/1191/1236 2266/1192/1237 2330/199/307 2329/197/1283
f 2266/1192/1237 2267/1193/1239 2331/201/1448 2330/199/307
f 2267/1193/1239 2268/1194/1241 2332/203/1284 2331/201/1448
f 2268/1194/1241 2269/1195/1243 2333/205/313 2332/203/1284
f 2269/1195/1243 2270/1196/1245 2334/207/315 2333/205/313
f 2270/1196/1249 2271/1197/1248 2335/209/318 2334/207/317
f 2271/1197/1248 2272/1198/1428 2336/211/1449 2335/209/318
f 2272/1198/1428 2273/1199/1253 2337/213/322 2336/211/1449
f 2273/1199/1253 2274/1200/1255 2338/215/1285 2337/213/322
f 2274/1200/1255 2275/1201/1257 2339/217/326 2338/215/1285
f 2275/1201/1257 2276/1202/1259 2340/219/328 2339/217/326
f 2276/1202/1259 2277/1203/1261 2341/221/1450 2340/219/328
f 2277/1203/1261 2278/1204/1263 2342/223/1451 2341/221/1450
f 2278/1204/1267 2279/1205/1266 2343/225/1452 2342/223/1453
f 2279/1205/1266 2280/1206/1269 2344/227/1454 2343/225/1452
f 2280/1206/1269 2281/1207/1271 2345/229/1287 2344/227/1454
f 2281/1207/1271 2218/1208/1134 2282/231/341 2345/229/1287
f 2282/1210/341 2283/1209/1429 2347/234/343 2346/233/342
f 2283/1209/1429 2284/1211/1430 2348/237/346 2347/234/343
f 2284/1211/1430 2285/109/211 2349/112/214 2348/237/346
f 2285/109/211 2286/110/1431 2350/111/1455 2349/112/214
f 2286/110/215 2287/113/216 2351/114/1456 2350/111/1455
f 2287/113/216 2288/115/1432 2352/116/219 2351/114/1456
f 2288/115/1432 2289/117/220 2353/118/221 2352/116/219
f 2289/117/220 2290/119/1433 2354/120/223 2353/118/221
f 2290/119/1433 2291/121/224 2355/122/225 2354/120/223
f 2291/121/224 2292/123/1434 2356/124/227 2355/122/225
f 2292/123/1434 2293/125/228 2357/126/229 2356/124/227
f 2293/125/228 2294/127/230 2358/128/231 2357/126/229
f 2294/127/232 2295/129/1435 2359/130/234 2358/128/231
f 2295/129/1435 2296/131/1436 2360/132/236 2359/130/234
f 2296/131/1436 2297/133/1274 2361/134/238 2360/132/236
f 2297/133/1274 2298/135/239 2362/136/240 2361/134/238
f 2298/135/239 2299/137/241 2363/138/242 2362/136/240
f 2299/137/241 2300/139/1437 2364/140/244 2363/138/242
f 2300/139/1437 2301/141/245 2365/142/246 2364/140/244
f 2301/141/245 2302/143/247 2366/144/248 2365/142/246
f 2302/143/249 2303/145/250 2367/146/251 2366/144/248
f 2303/145/250 2304/147/1438 2368/148/253 2367/146/251
f 2304/147/1438 2305/149/1275 2369/150/255 2368/148/253
f 2305/149/1275 2306/151/1276 2370/152/257 2369/150/255
f 2306/151/1276 2307/153/258 2371/154/259 2370/152/257
f 2307/153/258 2308/155/260 2372/156/261 2371/154/259
f 2308/155/260 2309/157/1439 2373/158/263 2372/156/261
f 2309/157/1439 2310/159/1440 2374/160/265 2373/158/263
f 2310/159/1441 2311/161/1277 2375/162/268 2374/160/265
f 2311/161/1277 2312/163/1442 2376/164/270 2375/162/268
f 2312/163/1442 2313/165/1278 2377/166/272 2376/164/270
f 2313/165/1278 2314/167/273 2378/168/274 2377/166/272
f 2314/167/273 2315/169/275 2379/170/276 2378/168/274
f 2315/169/275 2316/171/1443 2380/172/278 2379/170/276
f 2316/171/1443 2317/173/279 2381/174/280 2380/172/278
f 2317/173/279 2318/175/1444 2382/176/1457 2381/174/280
f 2318/175/283 2319/177/284 2383/178/1458 2382/176/1457
f 2319/177/284 2320/179/1445 2384/180/287 2383/178/1458
f 2320/179/1445 2321/181/288 2385/182/289 2384/180/287
f 2321/181/288 2322/183/1280 2386/184/291 2385/182/289
f 2322/183/1280 2323/185/1281 2387/186/293 2386/184/291
f 2323/185/1281 2324/187/1446 2388/188/295 2387/186/293
f 2324/187/1446 2325/189/296 2389/190/297 2388/188/295
f 2325/189/296 2326/191/298 2390/192/299 2389/190/297
f 2326/191/300 2327/193/1447 2391/194/302 2390/192/299
f 2327/193/1447 2328/195/303 2392/196/304 2391/194/302
f 2328/195/303 2329/197/1283 2393/198/306 2392/196/304
f 2329/197/1283 2330/199/307 2394/200/308 2393/198/306
f 2330/199/307 2331/201/1448 2395/202/310 2394/200/308
f 2331/201/1448 2332/203/1284 2396/204/312 2395/202/310
f 2332/203/1284 2333/205/313 2397/206/314 2396/204/312
f 2333/205/313 2334/207/315 2398/208/316 2397/206/314
f 2334/207/317 2335/209/318 2399/210/319 2398/208/316
f 2335/209/318 2336/211/1449 2400/212/321 2399/210/319
f 2336/211/1449 2337/213/322 2401/214/323 2400/212/321
f 2337/213/322 2338/215/1285 2402/216/325 2401/214/323
f 2338/215/1285 2339/217/326 2403/218/327 2402/216/325
f 2339/217/326 2340/219/328 2404/220/329 2403/218/327
f 2340/219/328 2341/221/1450 2405/222/331 2404/220/329
f 2341/221/1450 2342/223/1451 2406/224/333 2405/222/331
f 2342/223/1453 2343/225/1452 2407/226/336 2406/224/333
f 2343/225/1452 2344/227/1454 2408/228/338 2407/226/336
f 2344/227/1454 2345/229/1287 2409/230/340 2408/228/338
f 2345/229/1287 2282/231/341 2346/232/342 2409/230/340
f 2346/233/342 2347/234/343 2411/235/344 2410/236/345
f 2347/234/343 2348/237/346 2412/238/1459 2411/235/344
f 2348/237/346 2349/112/214 2413/239/348 2412/238/1459
f 2349/112/214 2350/111/1455 2414/240/349 2413/239/348
f 2350/111/1455 2351/114/1456 2415/241/350 2414/240/349
f 2351/114/1456 2352/116/219 2416/242/351 2415/241/350
f 2352/116/219 2353/118/221 2417/243/352 2416/242/351
f 2353/118/221 2354/120/223 2418/244/1460 2417/243/352
f 2354/120/223 2355/122/225 2419/245/354 2418/244/1460
f 2355/122/225 2356/124/227 2420/246/355 2419/245/354
f 2356/124/227 2357/126/229 2421/247/356 2420/246/355
f 2357/126/229 2358/128/231 2422/248/357 2421/247/356
f 2358/128/231 2359/130/234 2423/249/358 2422/248/357
f 2359/130/234 2360/132/236 2424/250/1288 2423/249/358
f 2360/132/236 2361/134/238 2425/251/1289 2424/250/1288
f 2361/134/238 2362/136/240 2426/252/361 2425/251/1289
f 2362/136/240 2363/138/242 2427/253/362 2426/252/361
f 2363/138/242 2364/140/244 2428/254/363 2427/253/362
f 2364/140/244 2365/142/246 2429/255/364 2428/254/363
f 2365/142/246 2366/144/248 2430/256/365 2429/255/364
f 2366/144/248 2367/146/251 2431/257/366 2430/256/365
f 2367/146/251 2368/148/253 2432/258/367 2431/257/366
f 2368/148/253 2369/150/255 2433/259/1290 2432/258/367
f 2369/150/255 2370/152/257 2434/260/1461 2433/259/1290
f 2370/152/257 2371/154/259 2435/261/1291 2434/260/1461
f 2371/154/259 2372/156/261 2436/262/371 2435/261/1291
f 2372/156/261 2373/158/263 2437/263/372 2436/262/371
f 2373/158/263 2374/160/265 2438/264/373 2437/263/372
f 2374/160/265 2375/162/268 2439/265/374 2438/264/373
f 2375/162/268 2376/164/270 2440/266/375 2439/265/374
f 2376/164/270 2377/166/272 2441/267/376 2440/266/375
f 2377/166/272 2378/168/274 2442/268/377 2441/267/376
f 2378/168/274 2379/170/276 2443/269/378 2442/268/377
f 2379/170/276 2380/172/278 2444/270/1293 2443/269/378
f 2380/172/278 2381/174/280 2445/271/380 2444/270/1293
f 2381/174/280 2382/176/1457 2446/272/381 2445/271/380
f 2382/176/1457 2383/178/1458 2447/273/382 2446/272/381
f 2383/178/1458 2384/180/287 2448/274/383 2447/273/382
f 2384/180/287 2385/182/289 2449/275/384 2448/274/383
f 2385/182/289 2386/184/291 2450/276/1462 2449/275/384
f 2386/184/291 2387/186/293 2451/277/386 2450/276/1462
f 2387/186/293 2388/188/295 2452/278/387 2451/277/386
f 2388/188/295 2389/190/297 2453/279/388 2452/278/387
f 2389/190/297 2390/192/299 2454/280/389 2453/279/388
f 2390/192/299 2391/194/302 2455/281/390 2454/280/389
f 2391/194/302 2392/196/304 2456/282/1295 2455/281/390
f 2392/196/304 2393/198/306 2457/283/1463 2456/282/1295
f 2393/198/306 2394/200/308 2458/284/393 2457/283/1463
f 2394/200/308 2395/202/310 2459/285/394 2458/284/393
f 2395/202/310 2396/204/312 2460/286/395 2459/285/394
f 2396/204/312 2397/206/314 2461/287/396 2460/286/395
f 2397/206/314 2398/208/316 2462/288/397 2461/287/396
f 2398/208/316 2399/210/319 2463/289/398 2462/288/397
f 2399/210/319 2400/212/321 2464/290/399 2463/289/398
f 2400/212/321 2401/214/323 2465/291/1296 2464/290/399
f 2401/214/323 2402/216/325 2466/292/1297 2465/291/1296
f 2402/216/325 2403/218/327 2467/293/1464 2466/292/1297
f 2403/218/327 2404/220/329 2468/294/403 2467/293/1464
f 2404/220/329 2405/222/331 2469/295/404 2468/294/403
f 2405/222/331 2406/224/333 2470/296/405 2469/295/404
f 2406/224/333 2407/226/336 2471/297/406 2470/296/405
f 2407/226/336 2408/228/338 2472/298/407 2471/297/406
f 2408/228/338 2409/230/340 2473/299/408 2472/298/407
f 2409/230/340 2346/232/342 2410/300/345 2473/299/408
f 2410/236/345 2411/235/344 2475/301/409 2474/302/410
f 2411/235/344 2412/238/1459 2476/303/411 2475/301/409
f 2412/238/1459 2413/239/348 2477/304/1465 2476/303/411
f 2413/239/348 2414/240/349 2478/305/413 2477/304/1465
f 2414/240/349 2415/241/350 2479/306/414 2478/305/413
f 2415/241/350 2416/242/351 2480/307/1466 2479/306/414
f 2416/242/351 2417/243/352 2481/308/416 2480/307/1466
f 2417/243/352 2418/244/1460 2482/309/1299 2481/308/416
f 2418/244/1460 2419/245/354 2483/310/418 2482/309/1299
f 2419/245/354 2420/246/355 2484/311/419 2483/310/418
f 2420/246/355 2421/247/356 2485/312/1467 2484/311/419
f 2421/247/356 2422/248/357 2486/313/421 2485/312/1467
f 2422/248/357 2423/249/358 2487/314/422 2486/313/421
f 2423/249/358 2424/250/1288 2488/315/423 2487/314/422
f 2424/250/1288 2425/251/1289 2489/316/1301 2488/315/423
f 2425/251/1289 2426/252/361 2490/317/1468 2489/316/1301
f 2426/252/361 2427/253/362 2491/318/426 2490/317/1468
f 2427/253/362 2428/254/363 2492/319/427 2491/318/426
f 2428/254/363 2429/255/364 2493/320/1469 2492/319/427
f 2429/255/364 2430/256/365 2494/321/429 2493/320/1469
f 2430/256/365 2431/257/366 2495/322/430 2494/321/429
f 2431/257/366 2432/258/367 2496/323/431 2495/322/430
f 2432/258/367 2433/259/1290 2497/324/1470 2496/323/431
f 2433/259/1290 2434/260/1461 2498/325/1303 2497/324/1470
f 2434/260/1461 2435/261/1291 2499/326/1304 2498/325/1303
f 2435/261/1291 2436/262/371 2500/327/435 2499/326/1304
f 2436/262/371 2437/263/372 2501/328/436 2500/327/435
f 2437/263/372 2438/264/373 2502/329/437 2501/328/436
f 2438/264/373 2439/265/374 2503/330/1305 2502/329/437
f 2439/265/374 2440/266/375 2504/331/439 2503/330/1305
f 2440/266/375 2441/267/376 2505/332/1471 2504/331/439
f 2441/267/376 2442/268/377 2506/333/441 2505/332/1471
f 2442/268/377 2443/269/378 2507/334/442 2506/333/441
f 2443/269/378 2444/270/1293 2508/335/443 2507/334/442
f 2444/270/1293 2445/271/380 2509/336/1306 2508/335/443
f 2445/271/380 2446/272/381 2510/337/445 2509/336/1306
f 2446/272/381 2447/273/382 2511/338/446 2510/337/445
f 2447/273/382 2448/274/383 2512/339/1307 2511/338/446
f 2448/274/383 2449/275/384 2513/340/448 2512/339/1307
f 2449/275/384 2450/276/1462 2514/341/1308 2513/340/448
f 2450/276/1462 2451/277/386 2515/342/450 2514/341/1308
f 2451/277/386 2452/278/387 2516/343/451 2515/342/450
f 2452/278/387 2453/279/388 2517/344/1309 2516/343/451
f 2453/279/388 2454/280/389 2518/345/453 2517/344/1309
f 2454/280/389 2455/281/390 2519/346/454 2518/345/453
f 2455/281/390 2456/282/1295 2520/347/455 2519/346/454
f 2456/282/1295 2457/283/1463 2521/348/1472 2520/347/455
f 2457/283/1463 2458/284/393 2522/349/1473 2521/348/1472
f 2458/284/393 2459/285/394 2523/350/458 2522/349/1473
f 2459/285/394 2460/286/395 2524/351/459 2523/350/458
f 2460/286/395 2461/287/396 2525/352/1474 2524/351/459
f 2461/287/396 2462/288/397 2526/353/461 2525/352/1474
f 2462/288/397 2463/289/398 2527/354/462 2526/353/461
f 2463/289/398 2464/290/399 2528/355/463 2527/354/462
f 2464/290/399 2465/291/1296 2529/356/1311 2528/355/463
f 2465/291/1296 2466/292/1297 2530/357/1475 2529/356/1311
f 2466/292/1297 2467/293/1464 2531/358/1476 2530/357/1475
f 2467/293/1464 2468/294/403 2532/359/467 2531/358/1476
f 2468/294/403 2469/295/404 2533/360/468 2532/359/467
f 2469/295/404 2470/296/405 2534/361/469 2533/360/468
f 2470/296/405 2471/297/406 2535/362/1477 2534/361/469
f 2471/297/406 2472/298/407 2536/363/471 2535/362/1477
f 2472/298/407 2473/299/408 2537/364/1478 2536/363/471
f 2473/299/408 2410/300/345 2474/365/410 2537/364/1478
f 2474/302/410 2475/301/409 2539/366/473 2538/367/474
f 2475/301/409 2476/303/411 2540/368/475 2539/366/473
f 2476/303/411 2477/304/1465 2541/369/476 2540/368/475
f 2477/304/1465 2478/305/413 2542/370/477 2541/369/476
f 2478/305/413 2479/306/414 2543/371/478 2542/370/477
f 2479/306/414 2480/307/1466 2544/372/1479 2543/371/478
f 2480/307/1466 2481/308/416 2545/373/480 2544/372/1479
f 2481/308/416 2482/309/1299 2546/374/481 2545/373/480
f 2482/309/1299 2483/310/418 2547/375/482 2546/374/481
f 2483/310/418 2484/311/419 2548/376/1480 2547/375/482
f 2484/311/419 2485/312/1467 2549/377/1481 2548/376/1480
f 2485/312/1467 2486/313/421 2550/378/485 2549/377/1481
f 2486/313/421 2487/314/422 2551/379/486 2550/378/485
f 2487/314/422 2488/315/423 2552/380/487 2551/379/486
f 2488/315/423 2489/316/1301 2553/381/1312 2552/380/487
f 2489/316/1301 2490/317/1468 2554/382/489 2553/381/1312
f 2490/317/1468 2491/318/426 2555/383/490 2554/382/489
f 2491/318/426 2492/319/427 2556/384/491 2555/383/490
f 2492/319/427 2493/320/1469 2557/385/492 2556/384/491
f 2493/320/1469 2494/321/429 2558/386/493 2557/385/492
f 2494/321/429 2495/322/430 2559/387/1482 2558/386/493
f 2495/322/430 2496/323/431 2560/388/495 2559/387/1482
f 2496/323/431 2497/324/1470 2561/389/496 2560/388/495
f 2497/324/1470 2498/325/1303 2562/390/497 2561/389/496
f 2498/325/1303 2499/326/1304 2563/391/498 2562/390/497
f 2499/326/1304 2500/327/435 2564/392/499 2563/391/498
f 2500/327/435 2501/328/436 2565/393/1483 2564/392/499
f 2501/328/436 2502/329/437 2566/394/501 2565/393/1483
f 2502/329/437 2503/330/1305 2567/395/502 2566/394/501
f 2503/330/1305 2504/331/439 2568/396/503 2567/395/502
f 2504/331/439 2505/332/1471 2569/397/1314 2568/396/503
f 2505/332/1471 2506/333/441 2570/398/505 2569/397/1314
f 2506/333/441 2507/334/442 2571/399/506 2570/398/505
f 2507/334/442 2508/335/443 2572/400/507 2571/399/506
f 2508/335/443 2509/336/1306 2573/401/508 2572/400/507
f 2509/336/1306 2510/337/445 2574/402/509 2573/401/508
f 2510/337/445 2511/338/446 2575/403/510 2574/402/509
f 2511/338/446 2512/339/1307 2576/404/1484 2575/403/510
f 2512/339/1307 2513/340/448 2577/405/512 2576/404/1484
f 2513/340/448 2514/341/1308 2578/406/513 2577/405/512
f 2514/341/1308 2515/342/450 2579/407/514 2578/406/513
f 2515/342/450 2516/343/451 2580/408/1485 2579/407/514
f 2516/343/451 2517/344/1309 2581/409/1486 2580/408/1485
f 2517/344/1309 2518/345/453 2582/410/517 2581/409/1486
f 2518/345/453 2519/346/454 2583/411/518 2582/410/517
f 2519/346/454 2520/347/455 2584/412/519 2583/411/518
f 2520/347/455 2521/348/1472 2585/413/1317 2584/412/519
f 2521/348/1472 2522/349/1473 2586/414/521 2585/413/1317
f 2522/349/1473 2523/350/458 2587/415/522 2586/414/521
f 2523/350/458 2524/351/459 2588/416/523 2587/415/522
f 2524/351/459 2525/352/1474 2589/417/524 2588/416/523
f 2525/352/1474 2526/353/461 2590/418/525 2589/417/524
f 2526/353/461 2527/354/462 2591/419/1487 2590/418/525
f 2527/354/462 2528/355/463 2592/420/527 2591/419/1487
f 2528/355/463 2529/356/1311 2593/421/528 2592/420/527
f 2529/356/1311 2530/357/1475 2594/422/529 2593/421/528
f 2530/357/1475 2531/358/1476 2595/423/530 2594/422/529
f 2531/358/1476 2532/359/467 2596/424/531 2595/423/530
f 2532/359/467 2533/360/468 2597/425/1488 2596/424/531
f 2533/360/468 2534/361/469 2598/426/533 2597/425/1488
f 2534/361/469 2535/362/1477 2599/427/534 2598/426/533
f 2535/362/1477 2536/363/471 2600/428/535 2599/427/534
f 2536/363/471 2537/364/1478 2601/429/1489 2600/428/535
f 2537/364/1478 2474/365/410 2538/430/474 2601/429/1489
f 2538/367/474 2539/366/473 2603/431/537 2602/432/538
f 2539/366/473 2540/368/475 2604/433/539 2603/431/537
f 2540/368/475 2541/369/476 2605/434/540 2604/433/539
f 2541/369/476 2542/370/477 2606/435/541 2605/434/540
f 2542/370/477 2543/371/478 2607/436/542 2606/435/541
f 2543/371/478 2544/372/1479 2608/437/543 2607/436/542
f 2544/372/1479 2545/373/480 2609/438/544 2608/437/543
f 2545/373/480 2546/374/481 2610/439/545 2609/438/544
f 2546/374/481 2547/375/482 2611/440/546 2610/439/545
f 2547/375/482 2548/376/1480 2612/441/547 2611/440/546
f 2548/376/1480 2549/377/1481 2613/442/548 2612/441/547
f 2549/377/1481 2550/378/485 2614/443/549 2613/442/548
f 2550/378/485 2551/379/486 2615/444/550 2614/443/549
f 2551/379/486 2552/380/487 2616/445/551 2615/444/550
f 2552/380/487 2553/381/1312 2617/446/552 2616/445/551
f 2553/381/1312 2554/382/489 2618/447/553 2617/446/552
f 2554/382/489 2555/383/490 2619/448/554 2618/447/553
f 2555/383/490 2556/384/491 2620/449/555 2619/448/554
f 2556/384/491 2557/385/492 2621/450/556 2620/449/555
f 2557/385/492 2558/386/493 2622/451/557 2621/450/556
f 2558/386/493 2559/387/1482 2623/452/558 2622/451/557
f 2559/387/1482 2560/388/495 2624/453/559 2623/452/558
f 2560/388/495 2561/389/496 2625/454/560 2624/453/559
f 2561/389/496 2562/390/497 2626/455/561 2625/454/560
f 2562/390/497 2563/391/498 2627/456/562 2626/455/561
f 2563/391/498 2564/392/499 2628/457/563 2627/456/562
f 2564/392/499 2565/393/1483 2629/458/564 2628/457/563
f 2565/393/1483 2566/394/501 2630/459/565 2629/458/564
f 2566/394/501 2567/395/502 2631/460/566 2630/459/565
f 2567/395/502 2568/396/503 2632/461/567 2631/460/566
f 2568/396/503 2569/397/1314 2633/462/568 2632/461/567
f 2569/397/1314 2570/398/505 2634/463/569 2633/462/568
f 2570/398/505 2571/399/506 2635/464/570 2634/463/569
f 2571/399/506 2572/400/507 2636/465/571 2635/464/570
f 2572/400/507 2573/401/508 2637/466/572 2636/465/571
f 2573/401/508 2574/402/509 2638/467/573 2637/466/572
f 2574/402/509 2575/403/510 2639/468/574 2638/467/573
f 2575/403/510 2576/404/1484 2640/469/575 2639/468/574
f 2576/404/1484 2577/405/512 2641/470/576 2640/469/575
f 2577/405/512 2578/406/513 2642/471/577 2641/470/576
f 2578/406/513 2579/407/514 2643/472/578 2642/471/577
f 2579/407/514 2580/408/1485 2644/473/579 2643/472/578
f 2580/408/1485 2581/409/1486 2645/474/580 2644/473/579
f 2581/409/1486 2582/410/517 2646/475/581 2645/474/580
f 2582/410/517 2583/411/518 2647/476/582 2646/475/581
f 2583/411/518 2584/412/519 2648/477/583 2647/476/582
f 2584/412/519 2585/413/1317 2649/478/584 2648/477/583
f 2585/413/1317 2586/414/521 2650/479/585 2649/478/584
f 2586/414/521 2587/415/522 2651/480/586 2650/479/585
f 2587/415/522 2588/416/523 2652/481/587 2651/480/586
f 2588/416/523 2589/417/524 2653/482/588 2652/481/587
f 2589/417/524 2590/418/525 2654/483/589 2653/482/588
f 2590/418/525 2591/419/1487 2655/484/590 2654/483/589
f 2591/419/1487 2592/420/527 2656/485/591 2655/484/590
f 2592/420/527 2593/421/528 2657/486/592 2656/485/591
f 2593/421/528 2594/422/529 2658/487/593 2657/486/592
f 2594/422/529 2595/423/530 2659/488/594 2658/487/593
f 2595/423/530 2596/424/531 2660/489/595 2659/488/594
f 2596/424/531 2597/425/1488 2661/490/596 2660/489/595
f 2597/425/1488 2598/426/533 2662/491/597 2661/490/596
f 2598/426/533 2599/427/534 2663/492/598 2662/491/597
f 2599/427/534 2600/428/535 2664/493/599 2663/492/598
f 2600/428/535 2601/429/1489 2665/494/600 2664/493/599
f 2601/429/1489 2538/430/474 2602/495/538 2665/494/600
f 2602/432/538 2603/431/537 2667/496/601 2666/497/602
f 2603/431/537 2604/433/539 2668/498/603 2667/496/601
f 2604/433/539 2605/434/540 2669/499/604 2668/498/603
f 2605/434/540 2606/435/541 2670/500/605 2669/499/604
f 2606/435/541 2607/436/542 2671/501/606 2670/500/605
f 2607/436/542 2608/437/543 2672/502/607 2671/501/606
f 2608/437/543 2609/438/544 2673/503/1320 2672/502/607
f 2609/438/544 2610/439/545 2674/504/609 2673/503/1320
f 2610/439/545 2611/440/546 2675/505/1490 2674/504/609
f 2611/440/546 2612/441/547 2676/506/611 2675/505/1490
f 2612/441/547 2613/442/548 2677/507/612 2676/506/611
f 2613/442/548 2614/443/549 2678/508/613 2677/507/612
f 2614/443/549 2615/444/550 2679/509/614 2678/508/613
f 2615/444/550 2616/445/551 2680/510/615 2679/509/614
f 2616/445/551 2617/446/552 2681/511/616 2680/510/615
f 2617/446/552 2618/447/553 2682/512/617 2681/511/616
f 2618/447/553 2619/448/554 2683/513/618 2682/512/617
f 2619/448/554 2620/449/555 2684/514/619 2683/513/618
f 2620/449/555 2621/450/556 2685/515/620 2684/514/619
f 2621/450/556 2622/451/557 2686/516/621 2685/515/620
f 2622/451/557 2623/452/558 2687/517/622 2686/516/621
f 2623/452/558 2624/453/559 2688/518/623 2687/517/622
f 2624/453/559 2625/454/560 2689/519/1491 2688/518/623
f 2625/454/560 2626/455/561 2690/520/625 2689/519/1491
f 2626/455/561 2627/456/562 2691/521/1321 2690/520/625
f 2627/456/562 2628/457/563 2692/522/627 2691/521/1321
f 2628/457/563 2629/458/564 2693/523/628 2692/522/627
f 2629/458/564 2630/459/565 2694/524/629 2693/523/628
f 2630/459/565 2631/460/566 2695/525/630 2694/524/629
f 2631/460/566 2632/461/567 2696/526/631 2695/525/630
f 2632/461/567 2633/462/568 2697/527/632 2696/526/631
f 2633/462/568 2634/463/569 2698/528/633 2697/527/632
f 2634/463/569 2635/464/570 2699/529/634 2698/528/633
f 2635/464/570 2636/465/571 2700/530/635 2699/529/634
f 2636/465/571 2637/466/572 2701/531/636 2700/530/635
f 2637/466/572 2638/467/573 2702/532/637 2701/531/636
f 2638/467/573 2639/468/574 2703/533/638 2702/532/637
f 2639/468/574 2640/469/575 2704/534/639 2703/533/638
f 2640/469/575 2641/470/576 2705/535/1492 2704/534/639
f 2641/470/576 2642/471/577 2706/536/641 2705/535/1492
f 2642/471/577 2643/472/578 2707/537/1493 2706/536/641
f 2643/472/578 2644/473/579 2708/538/643 2707/537/1493
f 2644/473/579 2645/474/580 2709/539/644 2708/538/643
f 2645/474/580 2646/475/581 2710/540/645 2709/539/644
f 2646/475/581 2647/476/582 2711/541/646 2710/540/645
f 2647/476/582 2648/477/583 2712/542/647 2711/541/646
f 2648/477/583 2649/478/584 2713/543/648 2712/542/647
f 2649/478/584 2650/479/585 2714/544/649 2713/543/648
f 2650/479/585 2651/480/586 2715/545/650 2714/544/649
f 2651/480/586 2652/481/587 2716/546/651 2715/545/650
f 2652/481/587 2653/482/588 2717/547/652 2716/546/651
f 2653/482/588 2654/483/589 2718/548/653 2717/547/652
f 2654/483/589 2655/484/590 2719/549/654 2718/548/653
f 2655/484/590 2656/485/591 2720/550/655 2719/549/654
f 2656/485/591 2657/486/592 2721/551/1494 2720/550/655
f 2657/486/592 2658/487/593 2722/552/657 2721/551/1494
f 2658/487/593 2659/488/594 2723/553/1322 2722/552/657
f 2659/488/594 2660/489/595 2724/554/659 2723/553/1322
f 2660/489/595 2661/490/596 2725/555/660 2724/554/659
f 2661/490/596 2662/491/597 2726/556/661 2725/555/660
f 2662/491/597 2663/492/598 2727/557/662 2726/556/661
f 2663/492/598 2664/493/599 2728/558/663 2727/557/662
f 2664/493/599 2665/494/600 2729/559/664 2728/558/663
f 2665/494/600 2602/495/538 2666/560/602 2729/559/664
f 2666/497/602 2667/496/601 2731/561/665 2730/562/666
f 2667/496/601 2668/498/603 2732/563/667 2731/561/665
f 2668/498/603 2669/499/604 2733/564/668 2732/563/667
f 2669/499/1495 2670/500/670 2734/565/670 2733/564/1495
f 2670/500/670 2671/501/671 2735/566/671 2734/565/670
f 2671/501/606 2672/502/607 2736/567/672 2735/566/673
f 2672/502/607 2673/503/1320 2737/568/674 2736/567/672
f 2673/503/1320 2674/504/609 2738/569/675 2737/568/674
f 2674/504/609 2675/505/1490 2739/570/1324 2738/569/675
f 2675/505/1490 2676/506/611 2740/571/677 2739/570/1324
f 2676/506/611 2677/507/612 2741/572/678 2740/571/677
f 2677/507/679 2678/508/1496 2742/573/1497 2741/572/679
f 2678/508/1496 2679/509/681 2743/574/681 2742/573/1497
f 2679/509/614 2680/510/615 2744/575/682 2743/574/683
f 2680/510/615 2681/511/616 2745/576/684 2744/575/682
f 2681/511/616 2682/512/617 2746/577/685 2745/576/684
f 2682/512/617 2683/513/618 2747/578/686 2746/577/685
f 2683/513/618 2684/514/619 2748/579/687 2747/578/686
f 2684/514/619 2685/515/620 2749/580/688 2748/579/687
f 2685/515/1498 2686/516/1499 2750/581/1499 2749/580/1498
f 2686/516/1499 2687/517/1500 2751/582/1500 2750/581/1499
f 2687/517/622 2688/518/623 2752/583/693 2751/582/694
f 2688/518/623 2689/519/1491 2753/584/1501 2752/583/693
f 2689/519/1491 2690/520/625 2754/585/696 2753/584/1501
f 2690/520/625 2691/521/1321 2755/586/697 2754/585/696
f 2691/521/1321 2692/522/627 2756/587/698 2755/586/697
f 2692/522/627 2693/523/628 2757/588/699 2756/587/698
f 2693/523/700 2694/524/702 2758/589/702 2757/588/700
f 2694/524/702 2695/525/1502 2759/590/1502 2758/589/702
f 2695/525/630 2696/526/631 2760/591/1503 2759/590/705
f 2696/526/631 2697/527/632 2761/592/1327 2760/591/1503
f 2697/527/632 2698/528/633 2762/593/707 2761/592/1327
f 2698/528/633 2699/529/634 2763/594/708 2762/593/707
f 2699/529/634 2700/530/635 2764/595/709 2763/594/708
f 2700/530/635 2701/531/636 2765/596/710 2764/595/709
f 2701/531/1504 2702/532/712 2766/597/712 2765/596/1504
f 2702/532/712 2703/533/713 2767/598/713 2766/597/712
f 2703/533/638 2704/534/639 2768/599/714 2767/598/715
f 2704/534/639 2705/535/1492 2769/600/716 2768/599/714
f 2705/535/1492 2706/536/641 2770/601/717 2769/600/716
f 2706/536/641 2707/537/1493 2771/602/1505 2770/601/717
f 2707/537/1493 2708/538/643 2772/603/719 2771/602/1505
f 2708/538/643 2709/539/644 2773/604/720 2772/603/719
f 2709/539/721 2710/540/1506 2774/605/1506 2773/604/721
f 2710/540/1506 2711/541/724 2775/606/724 2774/605/1506
f 2711/541/646 2712/542/647 2776/607/725 2775/606/726
f 2712/542/647 2713/543/648 2777/608/727 2776/607/725
f 2713/543/648 2714/544/649 2778/609/728 2777/608/727
f 2714/544/649 2715/545/650 2779/610/729 2778/609/728
f 2715/545/650 2716/546/651 2780/611/730 2779/610/729
f 2716/546/651 2717/547/652 2781/612/731 2780/611/730
f 2717/547/1507 2718/548/1508 2782/613/1509 2781/612/1507
f 2718/548/1508 2719/549/1510 2783/614/1510 2782/613/1509
f 2719/549/654 2720/550/655 2784/615/735 2783/614/736
f 2720/550/655 2721/551/1494 2785/616/1334 2784/615/735
f 2721/551/1494 2722/552/657 2786/617/738 2785/616/1334
f 2722/552/657 2723/553/1322 2787/618/739 2786/617/738
f 2723/553/1322 2724/554/659 2788/619/740 2787/618/739
f 2724/554/659 2725/555/660 2789/620/741 2788/619/740
f 2725/555/742 2726/556/1511 2790/621/743 2789/620/742
f 2726/556/1511 2727/557/1512 2791/622/1512 2790/621/743
f 2727/557/662 2728/558/663 2792/623/1513 2791/622/746
f 2728/558/663 2729/559/664 2793/624/1514 2792/623/1513
f 2729/559/664 2666/560/602 2730/625/666 2793/624/1514
f 2730/562/748 2731/561/749 2795/626/750 2794/627/751
f 2731/561/749 2732/563/1515 2796/628/753 2795/626/750
f 2732/563/1515 2733/564/1516 2797/629/1517 2796/628/753
f 2733/564/1516 2734/565/756 2798/630/757 2797/629/1517
f 2734/565/756 2735/566/1518 2799/631/759 2798/630/757
f 2735/566/1518 2736/567/760 2800/632/761 2799/631/759
f 2736/567/760 2737/568/1336 2801/633/763 2800/632/761
f 2737/568/1336 2738/569/764 2802/634/765 2801/633/763
f 2738/569/764 2739/570/1519 2803/635/767 2802/634/765
f 2739/570/1519 2740/571/768 2804/636/769 2803/635/767
f 2740/571/768 2741/572/770 2805/637/771 2804/636/769
f 2741/572/770 2742/573/1339 2806/638/1520 2805/637/771
f 2742/573/1339 2743/574/774 2807/639/1521 2806/638/1520
f 2743/574/774 2744/575/1522 2808/640/777 2807/639/1521
f 2744/575/1522 2745/576/778 2809/641/779 2808/640/777
f 2745/576/778 2746/577/780 2810/642/781 2809/641/779
f 2746/577/780 2747/578/1523 2811/643/783 2810/642/781
f 2747/578/1523 2748/579/1340 2812/644/785 2811/643/783
f 2748/579/1340 2749/580/786 2813/645/1524 2812/644/785
f 2749/580/786 2750/581/1342 2814/646/1343 2813/645/1524
f 2750/581/1342 2751/582/790 2815/647/791 2814/646/1343
f 2751/582/790 2752/583/792 2816/648/793 2815/647/791
f 2752/583/792 2753/584/1525 2817/649/795 2816/648/793
f 2753/584/1525 2754/585/796 2818/650/1526 2817/649/795
f 2754/585/796 2755/586/1345 2819/651/799 2818/650/1526
f 2755/586/1345 2756/587/1346 2820/652/801 2819/651/799
f 2756/587/1346 2757/588/1527 2821/653/803 2820/652/801
f 2757/588/1527 2758/589/804 2822/654/1347 2821/653/803
f 2758/589/804 2759/590/806 2823/655/1528 2822/654/1347
f 2759/590/806 2760/591/1529 2824/656/809 2823/655/1528
f 2760/591/1529 2761/592/810 2825/657/811 2824/656/809
f 2761/592/810 2762/593/812 2826/658/813 2825/657/811
f 2762/593/812 2763/594/814 2827/659/815 2826/658/813
f 2763/594/814 2764/595/1530 2828/660/817 2827/659/815
f 2764/595/1530 2765/596/1531 2829/661/1350 2828/660/817
f 2765/596/1531 2766/597/820 2830/662/821 2829/661/1350
f 2766/597/820 2767/598/1532 2831/663/823 2830/662/821
f 2767/598/1532 2768/599/824 2832/664/825 2831/663/823
f 2768/599/824 2769/600/1533 2833/665/827 2832/664/825
f 2769/600/1533 2770/601/828 2834/666/829 2833/665/827
f 2770/601/828 2771/602/1534 2835/667/831 2834/666/829
f 2771/602/1534 2772/603/832 2836/668/833 2835/667/831
f 2772/603/832 2773/604/834 2837/669/835 2836/668/833
f 2773/604/834 2774/605/1535 2838/670/1536 2837/669/835
f 2774/605/1535 2775/606/838 2839/671/1537 2838/670/1536
f 2775/606/838 2776/607/1538 2840/672/841 2839/671/1537
f 2776/607/1538 2777/608/842 2841/673/843 2840/672/841
f 2777/608/842 2778/609/844 2842/674/845 2841/673/843
f 2778/609/844 2779/610/1355 2843/675/847 2842/674/845
f 2779/610/1355 2780/611/1539 2844/676/849 2843/675/847
f 2780/611/1539 2781/612/850 2845/677/1540 2844/676/849
f 2781/612/850 2782/613/1356 2846/678/1541 2845/677/1540
f 2782/613/1356 2783/614/854 2847/679/855 2846/678/1541
f 2783/614/854 2784/615/856 2848/680/857 2847/679/855
f 2784/615/856 2785/616/1542 2849/681/859 2848/680/857
f 2785/616/1542 2786/617/860 2850/682/1358 2849/681/859
f 2786/617/860 2787/618/1359 2851/683/863 2850/682/1358
f 2787/618/1359 2788/619/1543 2852/684/865 2851/683/863
f 2788/619/1543 2789/620/1362 2853/685/867 2852/684/865
f 2789/620/1362 2790/621/868 2854/686/1544 2853/685/867
f 2790/621/868 2791/622/870 2855/687/1363 2854/686/1544
f 2791/622/870 2792/623/1545 2856/688/873 2855/687/1363
f 2792/623/1545 2793/624/874 2857/689/875 2856/688/873
f 2793/624/874 2730/625/748 2794/690/751 2857/689/875
f 2794/627/751 2795/626/750 2859/691/876 2858/692/1365
f 2795/626/750 2796/628/753 2860/693/878 2859/691/876
f 2796/628/753 2797/629/1517 2861/694/879 2860/693/878
f 2797/629/1517 2798/630/757 2862/695/880 2861/694/879
f 2798/630/757 2799/631/759 2863/696/881 2862/695/880
f 2799/631/759 2800/632/761 2864/697/882 2863/696/881
f 2800/632/761 2801/633/763 2865/698/883 2864/697/882
f 2801/633/763 2802/634/765 2866/699/884 2865/698/883
f 2802/634/765 2803/635/767 2867/700/1546 2866/699/884
f 2803/635/767 2804/636/769 2868/701/886 2867/700/1546
f 2804/636/769 2805/637/771 2869/702/887 2868/701/886
f 2805/637/771 2806/638/1520 2870/703/888 2869/702/887
f 2806/638/1520 2807/639/1521 2871/704/889 2870/703/888
f 2807/639/1521 2808/640/777 2872/705/890 2871/704/889
f 2808/640/777 2809/641/779 2873/706/891 2872/705/890
f 2809/641/779 2810/642/781 2874/707/892 2873/706/891
f 2810/642/781 2811/643/783 2875/708/893 2874/707/892
f 2811/643/783 2812/644/785 2876/709/894 2875/708/893
f 2812/644/785 2813/645/1524 2877/710/895 2876/709/894
f 2813/645/1524 2814/646/1343 2878/711/896 2877/710/895
f 2814/646/1343 2815/647/791 2879/712/897 2878/711/896
f 2815/647/791 2816/648/793 2880/713/898 2879/712/897
f 2816/648/793 2817/649/795 2881/714/899 2880/713/898
f 2817/649/795 2818/650/1526 2882/715/900 2881/714/899
f 2818/650/1526 2819/651/799 2883/716/901 2882/715/900
f 2819/651/799 2820/652/801 2884/717/902 2883/716/901
f 2820/652/801 2821/653/803 2885/718/903 2884/717/902
f 2821/653/803 2822/654/1347 2886/719/1547 2885/718/903
f 2822/654/1347 2823/655/1528 2887/720/905 2886/719/1547
f 2823/655/1528 2824/656/809 2888/721/906 2887/720/905
f 2824/656/809 2825/657/811 2889/722/907 2888/721/906
f 2825/657/811 2826/658/813 2890/723/908 2889/722/907
f 2826/658/813 2827/659/815 2891/724/909 2890/723/908
f 2827/659/815 2828/660/817 2892/725/910 2891/724/909
f 2828/660/817 2829/661/1350 2893/726/911 2892/725/910
f 2829/661/1350 2830/662/821 2894/727/912 2893/726/911
f 2830/662/821 2831/663/823 2895/728/913 2894/727/912
f 2831/663/823 2832/664/825 2896/729/914 2895/728/913
f 2832/664/825 2833/665/827 2897/730/915 2896/729/914
f 2833/665/827 2834/666/829 2898/731/916 2897/730/915
f 2834/666/829 2835/667/831 2899/732/1372 2898/731/916
f 2835/667/831 2836/668/833 2900/733/918 2899/732/1372
f 2836/668/833 2837/669/835 2901/734/919 2900/733/918
f 2837/669/835 2838/670/1536 2902/735/920 2901/734/919
f 2838/670/1536 2839/671/1537 2903/736/921 2902/735/920
f 2839/671/1537 2840/672/841 2904/737/922 2903/736/921
f 2840/672/841 2841/673/843 2905/738/923 2904/737/922
f 2841/673/843 2842/674/845 2906/739/924 2905/738/923
f 2842/674/845 2843/675/847 2907/740/925 2906/739/924
f 2843/675/847 2844/676/849 2908/741/926 2907/740/925
f 2844/676/849 2845/677/1540 2909/742/927 2908/741/926
f 2845/677/1540 2846/678/1541 2910/743/928 2909/742/927
f 2846/678/1541 2847/679/855 2911/744/929 2910/743/928
f 2847/679/855 2848/680/857 2912/745/930 2911/744/929
f 2848/680/857 2849/681/859 2913/746/931 2912/745/930
f 2849/681/859 2850/682/1358 2914/747/932 2913/746/931
f 2850/682/1358 2851/683/863 2915/748/933 2914/747/932
f 2851/683/863 2852/684/865 2916/749/934 2915/748/933
f 2852/684/865 2853/685/867 2917/750/935 2916/749/934
f 2853/685/867 2854/686/1544 2918/751/1548 2917/750/935
f 2854/686/1544 2855/687/1363 2919/752/937 2918/751/1548
f 2855/687/1363 2856/688/873 2920/753/938 2919/752/937
f 2856/688/873 2857/689/875 2921/754/939 2920/753/938
f 2857/689/875 2794/690/751 2858/755/1365 2921/754/939
f 2858/692/1365 2859/691/876 2923/756/1373 2922/757/1374
f 2859/691/876 2860/693/878 2924/758/942 2923/756/1373
f 2860/693/878 2861/694/879 2925/759/943 2924/758/942
f 2861/694/879 2862/695/880 2926/760/944 2925/759/943
f 2862/695/880 2863/696/881 2927/761/945 2926/760/944
f 2863/696/881 2864/697/882 2928/762/946 2927/761/945
f 2864/697/882 2865/698/883 2929/763/1549 2928/762/946
f 2865/698/883 2866/699/884 2930/764/948 2929/763/1549
f 2866/699/884 2867/700/1546 2931/765/1378 2930/764/948
f 2867/700/1546 2868/701/886 2932/766/1379 2931/765/1378
f 2868/701/886 2869/702/887 2933/767/1550 2932/766/1379
f 2869/702/887 2870/703/888 2934/768/952 2933/767/1550
f 2870/703/888 2871/704/889 2935/769/953 2934/768/952
f 2871/704/889 2872/705/890 2936/770/954 2935/769/953
f 2872/705/890 2873/706/891 2937/771/955 2936/770/954
f 2873/706/891 2874/707/892 2938/772/1551 2937/771/955
f 2874/707/892 2875/708/893 2939/773/1552 2938/772/1551
f 2875/708/893 2876/709/894 2940/774/1382 2939/773/1552
f 2876/709/894 2877/710/895 2941/775/1383 2940/774/1382
f 2877/710/895 2878/711/896 2942/776/1553 2941/775/1383
f 2878/711/896 2879/712/897 2943/777/1554 2942/776/1553
f 2879/712/897 2880/713/898 2944/778/1385 2943/777/1554
f 2880/713/898 2881/714/899 2945/779/1386 2944/778/1385
f 2881/714/899 2882/715/900 2946/780/964 2945/779/1386
f 2882/715/900 2883/716/901 2947/781/1555 2946/780/964
f 2883/716/901 2884/717/902 2948/782/1388 2947/781/1555
f 2884/717/902 2885/718/903 2949/783/1389 2948/782/1388
f 2885/718/903 2886/719/1547 2950/784/968 2949/783/1389
f 2886/719/1547 2887/720/905 2951/785/1556 2950/784/968
f 2887/720/905 2888/721/906 2952/786/970 2951/785/1556
f 2888/721/906 2889/722/907 2953/787/971 2952/786/970
f 2889/722/907 2890/723/908 2954/788/1392 2953/787/971
f 2890/723/908 2891/724/909 2955/789/1393 2954/788/1392
f 2891/724/909 2892/725/910 2956/790/974 2955/789/1393
f 2892/725/910 2893/726/911 2957/791/975 2956/790/974
f 2893/726/911 2894/727/912 2958/792/976 2957/791/975
f 2894/727/912 2895/728/913 2959/793/977 2958/792/976
f 2895/728/913 2896/729/914 2960/794/978 2959/793/977
f 2896/729/914 2897/730/915 2961/795/1557 2960/794/978
f 2897/730/915 2898/731/916 2962/796/980 2961/795/1557
f 2898/731/916 2899/732/1372 2963/797/1396 2962/796/980
f 2899/732/1372 2900/733/918 2964/798/1397 2963/797/1396
f 2900/733/918 2901/734/919 2965/799/1558 2964/798/1397
f 2901/734/919 2902/735/920 2966/800/984 2965/799/1558
f 2902/735/920 2903/736/921 2967/801/985 2966/800/984
f 2903/736/921 2904/737/922 2968/802/986 2967/801/985
f 2904/737/922 2905/738/923 2969/803/987 2968/802/986
f 2905/738/923 2906/739/924 2970/804/1559 2969/803/987
f 2906/739/924 2907/740/925 2971/805/1399 2970/804/1559
f 2907/740/925 2908/741/926 2972/806/1400 2971/805/1399
f 2908/741/926 2909/742/927 2973/807/1560 2972/806/1400
f 2909/742/927 2910/743/928 2974/808/1401 2973/807/1560
f 2910/743/928 2911/744/929 2975/809/1561 2974/808/1401
f 2911/744/929 2912/745/930 2976/810/1562 2975/809/1561
f 2912/745/930 2913/746/931 2977/811/1402 2976/810/1562
f 2913/746/931 2914/747/932 2978/812/996 2977/811/1402
f 2914/747/932 2915/748/933 2979/813/1563 2978/812/996
f 2915/748/933 2916/749/934 2980/814/1564 2979/813/1563
f 2916/749/934 2917/750/935 2981/815/1565 2980/814/1564
f 2917/750/935 2918/751/1548 2982/816/1000 2981/815/1565
f 2918/751/1548 2919/752/937 2983/817/1566 2982/816/1000
f 2919/752/937 2920/753/938 2984/818/1002 2983/817/1566
f 2920/753/938 2921/754/939 2985/819/1003 2984/818/1002
f 2921/754/939 2858/755/1365 2922/820/1374 2985/819/1003
f 2922/757/1374 2923/756/1373 2987/821/1004 2986/822/1005
f 2923/756/1373 2924/758/942 2988/823/1006 2987/821/1004
f 2924/758/942 2925/759/943 2989/824/1007 2988/823/1006
f 2925/759/943 2926/760/944 2990/825/1008 2989/824/1007
f 2926/760/944 2927/761/945 2991/826/1009 2990/825/1008
f 2927/761/945 2928/762/946 2992/827/1406 2991/826/1009
f 2928/762/946 2929/763/1549 2993/828/1567 2992/827/1406
f 2929/763/1549 2930/764/948 2994/829/1012 2993/828/1567
f 2930/764/948 2931/765/1378 2995/830/1013 2994/829/1012
f 2931/765/1378 2932/766/1379 2996/831/1014 2995/830/1013
f 2932/766/1379 2933/767/1550 2997/832/1015 2996/831/1014
f 2933/767/1550 2934/768/952 2998/833/1408 2997/832/1015
f 2934/768/952 2935/769/953 2999/834/1017 2998/833/1408
f 2935/769/953 2936/770/954 3000/835/1018 2999/834/1017
f 2936/770/954 2937/771/955 3001/836/1019 3000/835/1018
f 2937/771/955 2938/772/1551 3002/837/1020 3001/836/1019
f 2938/772/1551 2939/773/1552 3003/838/1021 3002/837/1020
f 2939/773/1552 2940/774/1382 3004/839/1022 3003/838/1021
f 2940/774/1382 2941/775/1383 3005/840/1023 3004/839/1022
f 2941/775/1383 2942/776/1553 3006/841/1568 3005/840/1023
f 2942/776/1553 2943/777/1554 3007/842/1025 3006/841/1568
f 2943/777/1554 2944/778/1385 3008/843/1026 3007/842/1025
f 2944/778/1385 2945/779/1386 3009/844/1409 3008/843/1026
f 2945/779/1386 2946/780/964 3010/845/1028 3009/844/1409
f 2946/780/964 2947/781/1555 3011/846/1569 3010/845/1028
f 2947/781/1555 2948/782/1388 3012/847/1410 3011/846/1569
f 2948/782/1388 2949/783/1389 3013/848/1031 3012/847/1410
f 2949/783/1389 2950/784/968 3014/849/1570 3013/848/1031
f 2950/784/968 2951/785/1556 3015/850/1033 3014/849/1570
f 2951/785/1556 2952/786/970 3016/851/1034 3015/850/1033
f 2952/786/970 2953/787/971 3017/852/1035 3016/851/1034
f 2953/787/971 2954/788/1392 3018/853/1036 3017/852/1035
f 2954/788/1392 2955/789/1393 3019/854/1037 3018/853/1036
f 2955/789/1393 2956/790/974 3020/855/1038 3019/854/1037
f 2956/790/974 2957/791/975 3021/856/1039 3020/855/1038
f 2957/791/975 2958/792/976 3022/857/1040 3021/856/1039
f 2958/792/976 2959/793/977 3023/858/1041 3022/857/1040
f 2959/793/977 2960/794/978 3024/859/1571 3023/858/1041
f 2960/794/978 2961/795/1557 3025/860/1572 3024/859/1571
f 2961/795/1557 2962/796/980 3026/861/1044 3025/860/1572
f 2962/796/980 2963/797/1396 3027/862/1045 3026/861/1044
f 2963/797/1396 2964/798/1397 3028/863/1046 3027/862/1045
f 2964/798/1397 2965/799/1558 3029/864/1047 3028/863/1046
f 2965/799/1558 2966/800/984 3030/865/1411 3029/864/1047
f 2966/800/984 2967/801/985 3031/866/1049 3030/865/1411
f 2967/801/985 2968/802/986 3032/867/1050 3031/866/1049
f 2968/802/986 2969/803/987 3033/868/1051 3032/867/1050
f 2969/803/987 2970/804/1559 3034/869/1052 3033/868/1051
f 2970/804/1559 2971/805/1399 3035/870/1053 3034/869/1052
f 2971/805/1399 2972/806/1400 3036/871/1054 3035/870/1053
f 2972/806/1400 2973/807/1560 3037/872/1055 3036/871/1054
f 2973/807/1560 2974/808/1401 3038/873/1412 3037/872/1055
f 2974/808/1401 2975/809/1561 3039/874/1057 3038/873/1412
f 2975/809/1561 2976/810/1562 3040/875/1058 3039/874/1057
f 2976/810/1562 2977/811/1402 3041/876/1573 3040/875/1058
f 2977/811/1402 2978/812/996 3042/877/1060 3041/876/1573
f 2978/812/996 2979/813/1563 3043/878/1574 3042/877/1060
f 2979/813/1563 2980/814/1564 3044/879/1575 3043/878/1574
f 2980/814/1564 2981/815/1565 3045/880/1063 3044/879/1575
f 2981/815/1565 2982/816/1000 3046/881/1576 3045/880/1063
f 2982/816/1000 2983/817/1566 3047/882/1065 3046/881/1576
f 2983/817/1566 2984/818/1002 3048/883/1066 3047/882/1065
f 2984/818/1002 2985/819/1003 3049/884/1067 3048/883/1066
f 2985/819/1003 2922/820/1374 2986/885/1005 3049/884/1067
f 2986/822/1005 2987/821/1004 3051/886/1068 3050/887/1069
f 2987/821/1004 2988/823/1006 3052/888/1577 3051/886/1068
f 2988/823/1006 2989/824/1007 3053/889/1071 3052/888/1577
f 2989/824/1007 2990/825/1008 3054/890/1072 3053/889/1071
f 2990/825/1008 2991/826/1009 3055/891/1073 3054/890/1072
f 2991/826/1009 2992/827/1406 3056/892/1074 3055/891/1073
f 2992/827/1406 2993/828/1567 3057/893/1075 3056/892/1074
f 2993/828/1567 2994/829/1012 3058/894/1076 3057/893/1075
f 2994/829/1012 2995/830/1013 3059/895/1077 3058/894/1076
f 2995/830/1013 2996/831/1014 3060/896/1413 3059/895/1077
f 2996/831/1014 2997/832/1015 3061/897/1079 3060/896/1413
f 2997/832/1015 2998/833/1408 3062/898/1080 3061/897/1079
f 2998/833/1408 2999/834/1017 3063/899/1081 3062/898/1080
f 2999/834/1017 3000/835/1018 3064/900/1082 3063/899/1081
f 3000/835/1018 3001/836/1019 3065/901/1414 3064/900/1082
f 3001/836/1019 3002/837/1020 3066/902/1084 3065/901/1414
f 3002/837/1020 3003/838/1021 3067/903/1415 3066/902/1084
f 3003/838/1021 3004/839/1022 3068/904/1086 3067/903/1415
f 3004/839/1022 3005/840/1023 3069/905/1087 3068/904/1086
f 3005/840/1023 3006/841/1568 3070/906/1416 3069/905/1087
f 3006/841/1568 3007/842/1025 3071/907/1417 3070/906/1416
f 3007/842/1025 3008/843/1026 3072/908/1418 3071/907/1417
f 3008/843/1026 3009/844/1409 3073/909/1091 3072/908/1418
f 3009/844/1409 3010/845/1028 3074/910/1092 3073/909/1091
f 3010/845/1028 3011/846/1569 3075/911/1093 3074/910/1092
f 3011/846/1569 3012/847/1410 3076/912/1094 3075/911/1093
f 3012/847/1410 3013/848/1031 3077/913/1095 3076/912/1094
f 3013/848/1031 3014/849/1570 3078/914/1419 3077/913/1095
f 3014/849/1570 3015/850/1033 3079/915/1578 3078/914/1419
f 3015/850/1033 3016/851/1034 3080/916/1579 3079/915/1578
f 3016/851/1034 3017/852/1035 3081/917/1099 3080/916/1579
f 3017/852/1035 3018/853/1036 3082/918/1100 3081/917/1099
f 3018/853/1036 3019/854/1037 3083/919/1101 3082/918/1100
f 3019/854/1037 3020/855/1038 3084/920/1580 3083/919/1101
f 3020/855/1038 3021/856/1039 3085/921/1103 3084/920/1580
f 3021/856/1039 3022/857/1040 3086/922/1104 3085/921/1103
f 3022/857/1040 3023/858/1041 3087/923/1105 3086/922/1104
f 3023/858/1041 3024/859/1571 3088/924/1106 3087/923/1105
f 3024/859/1571 3025/860/1572 3089/925/1107 3088/924/1106
f 3025/860/1572 3026/861/1044 3090/926/1108 3089/925/1107
f 3026/861/1044 3027/862/1045 3091/927/1109 3090/926/1108
f 3027/862/1045 3028/863/1046 3092/928/1581 3091/927/1109
f 3028/863/1046 3029/864/1047 3093/929/1111 3092/928/1581
f 3029/864/1047 3030/865/1411 3094/930/1112 3093/929/1111
f 3030/865/1411 3031/866/1049 3095/931/1113 3094/930/1112
f 3031/866/1049 3032/867/1050 3096/932/1114 3095/931/1113
f 3032/867/1050 3033/868/1051 3097/933/1420 3096/932/1114
f 3033/868/1051 3034/869/1052 3098/934/1116 3097/933/1420
f 3034/869/1052 3035/870/1053 3099/935/1421 3098/934/1116
f 3035/870/1053 3036/871/1054 3100/936/1118 3099/935/1421
f 3036/871/1054 3037/872/1055 3101/937/1119 3100/936/1118
f 3037/872/1055 3038/873/1412 3102/938/1422 3101/937/1119
f 3038/873/1412 3039/874/1057 3103/939/1582 3102/938/1422
f 3039/874/1057 3040/875/1058 3104/940/1423 3103/939/1582
f 3040/875/1058 3041/876/1573 3105/941/1123 3104/940/1423
f 3041/876/1573 3042/877/1060 3106/942/1124 3105/941/1123
f 3042/877/1060 3043/878/1574 3107/943/1125 3106/942/1124
f 3043/878/1574 3044/879/1575 3108/944/1126 3107/943/1125
f 3044/879/1575 3045/880/1063 3109/945/1127 3108/944/1126
f 3045/880/1063 3046/881/1576 3110/946/1583 3109/945/1127
f 3046/881/1576 3047/882/1065 3111/947/1424 3110/946/1583
f 3047/882/1065 3048/883/1066 3112/948/1584 3111/947/1424
f 3048/883/1066 3049/884/1067 3113/949/1131 3112/948/1584
f 3049/884/1067 2986/885/1005 3050/950/1069 3113/949/1131
f 3050/887/1069 3051/886/1068 3114/951/38
f 3051/886/1068 3052/888/1577 3114/952/38
f 3052/888/1577 3053/889/1071 3114/953/38
f 3053/889/1071 3054/890/1072 3114/954/38
f 3054/890/1072 3055/891/1073 3114/955/38
f 3055/891/1073 3056/892/1074 3114/956/38
f 3056/892/1074 3057/893/1075 3114/957/38
f 3057/893/1075 3058/894/1076 3114/958/38
f 3058/894/1076 3059/895/1077 3114/959/38
f 3059/895/1077 3060/896/1413 3114/960/38
f 3060/896/1413 3061/897/1079 3114/961/38
f 3061/897/1079 3062/898/1080 3114/962/38
f 3062/898/1080 3063/899/1081 3114/963/38
f 3063/899/1081 3064/900/1082 3114/964/38
f 3064/900/1082 3065/901/1414 3114/965/38
f 3065/901/1414 3066/902/1084 3114/966/38
f 3066/902/1084 3067/903/1415 3114/967/38
f 3067/903/1415 3068/904/1086 3114/968/38
f 3068/904/1086 3069/905/1087 3114/969/38
f 3069/905/1087 3070/906/1416 3114/970/38
f 3070/906/1416 3071/907/1417 3114/971/38
f 3071/907/1417 3072/908/1418 3114/972/38
f 3072/908/1418 3073/909/1091 3114/973/38
f 3073/909/1091 3074/910/1092 3114/974/38
f 3074/910/1092 3075/911/1093 3114/975/38
f 3075/911/1093 3076/912/1094 3114/976/38
f 3076/912/1094 3077/913/1095 3114/977/38
f 3077/913/1095 3078/914/1419 3114/978/38
f 3078/914/1419 3079/915/1578 3114/979/38
f 3079/915/1578 3080/916/1579 3114/980/38
f 3080/916/1579 3081/917/1099 3114/981/38
f 3081/917/1099 3082/918/1100 3114/982/38
f 3082/918/1100 3083/919/1101 3114/983/38
f 3083/919/1101 3084/920/1580 3114/984/38
f 3084/920/1580 3085/921/1103 3114/985/38
f 3085/921/1103 3086/922/1104 3114/986/38
f 3086/922/1104 3087/923/1105 3114/987/38
f 3087/923/1105 3088/924/1106 3114/988/38
f 3088/924/1106 3089/925/1107 3114/989/38
f 3089/925/1107 3090/926/1108 3114/990/38
f 3090/926/1108 3091/927/1109 3114/991/38
f 3091/927/1109 3092/928/1581 3114/992/38
f 3092/928/1581 3093/929/1111 3114/993/38
f 3093/929/1111 3094/930/1112 3114/994/38
f 3094/930/1112 3095/931/1113 3114/995/38
f 3095/931/1113 3096/932/1114 3114/996/38
f 3096/932/1114 3097/933/1420 3114/997/38
f 3097/933/1420 3098/934/1116 3114/998/38
f 3098/934/1116 3099/935/1421 3114/999/38
f 3099/935/1421 3100/936/1118 3114/1000/38
f 3100/936/1118 3101/937/1119 3114/1001/38
f 3101/937/1119 3102/938/1422 3114/1002/38
f 3102/938/1422 3103/939/1582 3114/1003/38
f 3103/939/1582 3104/940/1423 3114/1004/38
f 3104/940/1423 3105/941/1123 3114/1005/38
f 3105/941/1123 3106/942/1124 3114/1006/38
f 3106/942/1124 3107/943/1125 3114/1007/38
f 3107/943/1125 3108/944/1126 3114/1008/38
f 3108/944/1126 3109/945/1127 3114/1009/38
f 3109/945/1127 3110/946/1583 3114/1010/38
f 3110/946/1583 3111/947/1424 3114/1011/38
f 3111/947/1424 3112/948/1584 3114/1012/38
f 3112/948/1584 3113/949/1131 3114/1013/38
f 3113/949/1131 3050/950/1069 3114/1014/38
f 3115/1015/115 3117/1016/115 3116/1017/115
f 3115/1018/115 3118/1019/115 3117/1016/115
f 3115/1020/115 3119/1021/115 3118/1019/115
f 3115/1022/115 3120/1023/115 3119/1021/115
f 3115/1024/115 3121/1025/115 3120/1023/115
f 3115/1026/115 3122/1027/115 3121/1025/115
f 3115/1028/115 3123/1029/115 3122/1027/115
f 3115/1030/115 3124/1031/115 3123/1029/115
f 3115/1032/115 3125/1033/115 3124/1031/115
f 3115/1034/115 3126/1035/115 3125/1033/115
f 3115/1036/115 3127/1037/115 3126/1035/115
f 3115/1038/115 3128/1039/115 3127/1037/115
f 3115/1040/115 3129/1041/115 3128/1039/115
f 3115/1042/115 3130/1043/115 3129/1041/115
f 3115/1044/115 3131/1045/115 3130/1043/115
f 3115/1046/115 3132/1047/115 3131/1045/115
f 3115/1048/115 3133/1049/115 3132/1047/115
f 3115/1050/115 3134/1051/115 3133/1049/115
f 3115/1052/115 3135/1053/115 3134/1051/115
f 3115/1054/115 3136/1055/115 3135/1053/115
f 3115/1056/115 3137/1057/115 3136/1055/115
f 3115/1058/115 3138/1059/115 3137/1057/115
f 3115/1060/115 3139/1061/115 3138/1059/115
f 3115/1062/115 3140/1063/115 3139/1061/115
f 3115/1064/115 3141/1065/115 3140/1063/115
f 3115/1066/115 3142/1067/115 3141/1065/115
f 3115/1068/115 3143/1069/115 3142/1067/115
f 3115/1070/115 3144/1071/115 3143/1069/115
f 3115/1072/115 3145/1073/115 3144/1071/115
f 3115/1074/115 3146/1075/115 3145/1073/115
f 3115/1076/115 3147/1077/115 3146/1075/115
f 3115/1078/115 3148/1079/115 3147/1077/115
f 3115/1080/115 3149/1081/115 3148/1079/115
f 3115/1082/115 3150/1083/115 3149/1081/115
f 3115/1084/115 3151/1085/115 3150/1083/115
f 3115/1086/115 3152/1087/115 3151/1085/115
f 3115/1088/115 3153/1089/115 3152/1087/115
f 3115/1090/115 3154/1091/115 3153/1089/115
f 3115/1092/115 3155/1093/115 3154/1091/115
f 3115/1094/115 3156/1095/115 3155/1093/115
f 3115/1096/115 3157/1097/115 3156/1095/115
f 3115/1098/115 3158/1099/115 3157/1097/115
f 3115/1100/115 3159/1101/115 3158/1099/115
f 3115/1102/115 3160/1103/115 3159/1101/115
f 3115/1104/115 3161/1105/115 3160/1103/115
f 3115/1106/115 3162/1107/115 3161/1105/115
f 3115/1108/115 3163/1109/115 3162/1107/115
f 3115/1110/115 3164/1111/115 3163/1109/115
f 3115/1112/115 3165/1113/115 3164/1111/115
f 3115/1114/115 3166/1115/115 3165/1113/115
f 3115/1116/115 3167/1117/115 3166/1115/115
f 3115/1118/115 3168/1119/115 3167/1117/115
f 3115/1120/115 3169/1121/115 3168/1119/115
f 3115/1122/115 3170/1123/115 3169/1121/115
f 3115/1124/115 3171/1125/115 3170/1123/115
f 3115/1126/115 3172/1127/115 3171/1125/115
f 3115/1128/115 3173/1129/115 3172/1127/115
f 3115/1130/115 3174/1131/115 3173/1129/115
f 3115/1132/115 3175/1133/115 3174/1131/115
f 3115/1134/115 3176/1135/115 3175/1133/115
f 3115/1136/115 3177/1137/115 3176/1135/115
f 3115/1138/115 3178/1139/115 3177/1137/115
f 3115/1140/115 3179/1141/115 3178/1139/115
f 3115/1142/115 3116/1143/115 3179/1141/115
f 3116/1017/116 3117/1016/1585 3181/1144/1586 3180/1145/1134
f 3117/1016/1585 3118/1019/1135 3182/1146/1136 3181/1144/1586
f 3118/1019/1135 3119/1021/1137 3183/1147/1138 3182/1146/1136
f 3119/1021/1137 3120/1023/1587 3184/1148/1588 3183/1147/1138
f 3120/1023/1141 3121/1025/1142 3185/1149/1143 3184/1148/1144
f 3121/1025/1142 3122/1027/1145 3186/1150/1589 3185/1149/1143
f 3122/1027/1145 3123/1029/1147 3187/1151/1148 3186/1150/1589
f 3123/1029/1147 3124/1031/1149 3188/1152/1150 3187/1151/1148
f 3124/1031/1149 3125/1033/1590 3189/1153/1152 3188/1152/1150
f 3125/1033/1590 3126/1035/1153 3190/1154/1154 3189/1153/1152
f 3126/1035/1153 3127/1037/1155 3191/1155/1156 3190/1154/1154
f 3127/1037/1155 3128/1039/1157 3192/1156/1158 3191/1155/1156
f 3128/1039/1159 3129/1041/1160 3193/1157/1161 3192/1156/1162
f 3129/1041/1160 3130/1043/1163 3194/1158/1164 3193/1157/1161
f 3130/1043/1163 3131/1045/1591 3195/1159/1425 3194/1158/1164
f 3131/1045/1591 3132/1047/117 3196/1160/1167 3195/1159/1425
f 3132/1047/117 3133/1049/1592 3197/1161/1169 3196/1160/1167
f 3133/1049/1592 3134/1051/1170 3198/1162/1171 3197/1161/1169
f 3134/1051/1170 3135/1053/1172 3199/1163/1173 3198/1162/1171
f 3135/1053/1172 3136/1055/1174 3200/1164/1175 3199/1163/1173
f 3136/1055/1176 3137/1057/1177 3201/1165/1178 3200/1164/1179
f 3137/1057/1177 3138/1059/1180 3202/1166/1593 3201/1165/1178
f 3138/1059/1180 3139/1061/1594 3203/1167/1183 3202/1166/1593
f 3139/1061/1594 3140/1063/1184 3204/1168/1185 3203/1167/1183
f 3140/1063/1184 3141/1065/1186 3205/1169/1187 3204/1168/1185
f 3141/1065/1186 3142/1067/1188 3206/1170/1595 3205/1169/1187
f 3142/1067/1188 3143/1069/1190 3207/1171/1191 3206/1170/1595
f 3143/1069/1190 3144/1071/1192 3208/1172/1193 3207/1171/1191
f 3144/1071/1596 3145/1073/1195 3209/1173/1196 3208/1172/1597
f 3145/1073/1195 3146/1075/1198 3210/1174/1199 3209/1173/1196
f 3146/1075/1198 3147/1077/1598 3211/1175/1599 3210/1174/1199
f 3147/1077/1598 3148/1079/118 3212/1176/1202 3211/1175/1599
f 3148/1079/118 3149/1081/1600 3213/1177/1601 3212/1176/1202
f 3149/1081/1600 3150/1083/1205 3214/1178/1206 3213/1177/1601
f 3150/1083/1205 3151/1085/1207 3215/1179/1208 3214/1178/1206
f 3151/1085/1207 3152/1087/1602 3216/1180/1210 3215/1179/1208
f 3152/1087/1211 3153/1089/1212 3217/1181/1213 3216/1180/1214
f 3153/1089/1212 3154/1091/1215 3218/1182/1603 3217/1181/1213
f 3154/1091/1215 3155/1093/1217 3219/1183/1218 3218/1182/1603
f 3155/1093/1217 3156/1095/1219 3220/1184/1220 3219/1183/1218
f 3156/1095/1219 3157/1097/1604 3221/1185/1222 3220/1184/1220
f 3157/1097/1604 3158/1099/1223 3222/1186/1224 3221/1185/1222
f 3158/1099/1223 3159/1101/1225 3223/1187/1226 3222/1186/1224
f 3159/1101/1225 3160/1103/1227 3224/1188/1228 3223/1187/1226
f 3160/1103/1229 3161/1105/1230 3225/1189/1231 3224/1188/1232
f 3161/1105/1230 3162/1107/1233 3226/1190/1234 3225/1189/1231
f 3162/1107/1233 3163/1109/1605 3227/1191/1606 3226/1190/1234
f 3163/1109/1605 3164/1111/1 3228/1192/1237 3227/1191/1606
f 3164/1111/1 3165/1113/1607 3229/1193/1239 3228/1192/1237
f 3165/1113/1607 3166/1115/1240 3230/1194/1241 3229/1193/1239
f 3166/1115/1240 3167/1117/1242 3231/1195/1243 3230/1194/1241
f 3167/1117/1242 3168/1119/1244 3232/1196/1245 3231/1195/1243
f 3168/1119/1246 3169/1121/1247 3233/1197/1248 3232/1196/1249
f 3169/1121/1247 3170/1123/1250 3234/1198/1428 3233/1197/1248
f 3170/1123/1250 3171/1125/1608 3235/1199/1253 3234/1198/1428
f 3171/1125/1608 3172/1127/1254 3236/1200/1255 3235/1199/1253
f 3172/1127/1254 3173/1129/1256 3237/1201/1257 3236/1200/1255
f 3173/1129/1256 3174/1131/1258 3238/1202/1609 3237/1201/1257
f 3174/1131/1258 3175/1133/1260 3239/1203/1261 3238/1202/1609
f 3175/1133/1260 3176/1135/1262 3240/1204/1263 3239/1203/1261
f 3176/1135/1610 3177/1137/1265 3241/1205/1266 3240/1204/1611
f 3177/1137/1265 3178/1139/1268 3242/1206/1269 3241/1205/1266
f 3178/1139/1268 3179/1141/1612 3243/1207/1613 3242/1206/1269
f 3179/1141/1612 3116/1143/116 3180/1208/1134 3243/1207/1613
f 3180/1145/1134 3181/1144/1586 3245/1209/1429 3244/1210/341
f 3181/1144/1586 3182/1146/1136 3246/1211/1430 3245/1209/1429
f 3182/1146/1136 3183/1147/1138 3247/109/211 3246/1211/1430
f 3183/1147/1138 3184/1148/1588 3248/110/1431 3247/109/211
f 3184/1148/1144 3185/1149/1143 3249/113/216 3248/110/215
f 3185/1149/1143 3186/1150/1589 3250/115/1432 3249/113/216
f 3186/1150/1589 3187/1151/1148 3251/117/220 3250/115/1432
f 3187/1151/1148 3188/1152/1150 3252/119/1433 3251/117/220
f 3188/1152/1150 3189/1153/1152 3253/121/224 3252/119/1433
f 3189/1153/1152 3190/1154/1154 3254/123/1434 3253/121/224
f 3190/1154/1154 3191/1155/1156 3255/125/228 3254/123/1434
f 3191/1155/1156 3192/1156/1158 3256/127/230 3255/125/228
f 3192/1156/1162 3193/1157/1161 3257/129/1435 3256/127/232
f 3193/1157/1161 3194/1158/1164 3258/131/1436 3257/129/1435
f 3194/1158/1164 3195/1159/1425 3259/133/1274 3258/131/1436
f 3195/1159/1425 3196/1160/1167 3260/135/239 3259/133/1274
f 3196/1160/1167 3197/1161/1169 3261/137/241 3260/135/239
f 3197/1161/1169 3198/1162/1171 3262/139/243 3261/137/241
f 3198/1162/1171 3199/1163/1173 3263/141/245 3262/139/243
f 3199/1163/1173 3200/1164/1175 3264/143/247 3263/141/245
f 3200/1164/1179 3201/1165/1178 3265/145/250 3264/143/249
f 3201/1165/1178 3202/1166/1593 3266/147/1438 3265/145/250
f 3202/1166/1593 3203/1167/1183 3267/149/1275 3266/147/1438
f 3203/1167/1183 3204/1168/1185 3268/151/1614 3267/149/1275
f 3204/1168/1185 3205/1169/1187 3269/153/258 3268/151/1614
f 3205/1169/1187 3206/1170/1595 3270/155/1615 3269/153/258
f 3206/1170/1595 3207/1171/1191 3271/157/1439 3270/155/1615
f 3207/1171/1191 3208/1172/1193 3272/159/1440 3271/157/1439
f 3208/1172/1597 3209/1173/1196 3273/161/1277 3272/159/1441
f 3209/1173/1196 3210/1174/1199 3274/163/1442 3273/161/1277
f 3210/1174/1199 3211/1175/1599 3275/165/1278 3274/163/1442
f 3211/1175/1599 3212/1176/1202 3276/167/273 3275/165/1278
f 3212/1176/1202 3213/1177/1601 3277/169/275 3276/167/273
f 3213/1177/1601 3214/1178/1206 3278/171/1443 3277/169/275
f 3214/1178/1206 3215/1179/1208 3279/173/279 3278/171/1443
f 3215/1179/1208 3216/1180/1210 3280/175/1444 3279/173/279
f 3216/1180/1214 3217/1181/1213 3281/177/284 3280/175/283
f 3217/1181/1213 3218/1182/1603 3282/179/1445 3281/177/284
f 3218/1182/1603 3219/1183/1218 3283/181/288 3282/179/1445
f 3219/1183/1218 3220/1184/1220 3284/183/290 3283/181/288
f 3220/1184/1220 3221/1185/1222 3285/185/1281 3284/183/290
f 3221/1185/1222 3222/1186/1224 3286/187/1446 3285/185/1281
f 3222/1186/1224 3223/1187/1226 3287/189/296 3286/187/1446
f 3223/1187/1226 3224/1188/1228 3288/191/298 3287/189/296
f 3224/1188/1232 3225/1189/1231 3289/193/1447 3288/191/300
f 3225/1189/1231 3226/1190/1234 3290/195/303 3289/193/1447
f 3226/1190/1234 3227/1191/1606 3291/197/1283 3290/195/303
f 3227/1191/1606 3228/1192/1237 3292/199/307 3291/197/1283
f 3228/1192/1237 3229/1193/1239 3293/201/309 3292/199/307
f 3229/1193/1239 3230/1194/1241 3294/203/1284 3293/201/309
f 3230/1194/1241 3231/1195/1243 3295/205/313 3294/203/1284
f 3231/1195/1243 3232/1196/1245 3296/207/315 3295/205/313
f 3232/1196/1249 3233/1197/1248 3297/209/318 3296/207/317
f 3233/1197/1248 3234/1198/1428 3298/211/1449 3297/209/318
f 3234/1198/1428 3235/1199/1253 3299/213/322 3298/211/1449
f 3235/1199/1253 3236/1200/1255 3300/215/1616 3299/213/322
f 3236/1200/1255 3237/1201/1257 3301/217/326 3300/215/1616
f 3237/1201/1257 3238/1202/1609 3302/219/328 3301/217/326
f 3238/1202/1609 3239/1203/1261 3303/221/1450 3302/219/328
f 3239/1203/1261 3240/1204/1263 3304/223/1451 3303/221/1450
f 3240/1204/1611 3241/1205/1266 3305/225/335 3304/223/1453
f 3241/1205/1266 3242/1206/1269 3306/227/1617 3305/225/335
f 3242/1206/1269 3243/1207/1613 3307/229/1287 3306/227/1617
f 3243/1207/1613 3180/1208/1134 3244/231/341 3307/229/1287
f 3244/1210/341 3245/1209/1429 3309/234/343 3308/233/342
f 3245/1209/1429 3246/1211/1430 3310/237/346 3309/234/343
f 3246/1211/1430 3247/109/211 3311/112/214 3310/237/346
f 3247/109/211 3248/110/1431 3312/111/1455 3311/112/214
f 3248/110/215 3249/113/216 3313/114/1456 3312/111/1455
f 3249/113/216 3250/115/1432 3314/116/219 3313/114/1456
f 3250/115/1432 3251/117/220 3315/118/221 3314/116/219
f 3251/117/220 3252/119/1433 3316/120/223 3315/118/221
f 3252/119/1433 3253/121/224 3317/122/225 3316/120/223
f 3253/121/224 3254/123/1434 3318/124/227 3317/122/225
f 3254/123/1434 3255/125/228 3319/126/229 3318/124/227
f 3255/125/228 3256/127/230 3320/128/231 3319/126/229
f 3256/127/232 3257/129/1435 3321/130/234 3320/128/231
f 3257/129/1435 3258/131/1436 3322/132/236 3321/130/234
f 3258/131/1436 3259/133/1274 3323/134/238 3322/132/236
f 3259/133/1274 3260/135/239 3324/136/240 3323/134/238
f 3260/135/239 3261/137/241 3325/138/242 3324/136/240
f 3261/137/241 3262/139/243 3326/140/244 3325/138/242
f 3262/139/243 3263/141/245 3327/142/246 3326/140/244
f 3263/141/245 3264/143/247 3328/144/248 3327/142/246
f 3264/143/249 3265/145/250 3329/146/251 3328/144/248
f 3265/145/250 3266/147/1438 3330/148/253 3329/146/251
f 3266/147/1438 3267/149/1275 3331/150/255 3330/148/253
f 3267/149/1275 3268/151/1614 3332/152/257 3331/150/255
f 3268/151/1614 3269/153/258 3333/154/259 3332/152/257
f 3269/153/258 3270/155/1615 3334/156/261 3333/154/259
f 3270/155/1615 3271/157/1439 3335/158/263 3334/156/261
f 3271/157/1439 3272/159/1440 3336/160/265 3335/158/263
f 3272/159/1441 3273/161/1277 3337/162/268 3336/160/265
f 3273/161/1277 3274/163/1442 3338/164/270 3337/162/268
f 3274/163/1442 3275/165/1278 3339/166/272 3338/164/270
f 3275/165/1278 3276/167/273 3340/168/274 3339/166/272
f 3276/167/273 3277/169/275 3341/170/276 3340/168/274
f 3277/169/275 3278/171/1443 3342/172/278 3341/170/276
f 3278/171/1443 3279/173/279 3343/174/280 3342/172/278
f 3279/173/279 3280/175/1444 3344/176/1457 3343/174/280
f 3280/175/283 3281/177/284 3345/178/1458 3344/176/1457
f 3281/177/284 3282/179/1445 3346/180/287 3345/178/1458
f 3282/179/1445 3283/181/288 3347/182/289 3346/180/287
f 3283/181/288 3284/183/290 3348/184/291 3347/182/289
f 3284/183/290 3285/185/1281 3349/186/293 3348/184/291
f 3285/185/1281 3286/187/1446 3350/188/295 3349/186/293
f 3286/187/1446 3287/189/296 3351/190/297 3350/188/295
f 3287/189/296 3288/191/298 3352/192/299 3351/190/297
f 3288/191/300 3289/193/1447 3353/194/302 3352/192/299
f 3289/193/1447 3290/195/303 3354/196/304 3353/194/302
f 3290/195/303 3291/197/1283 3355/198/306 3354/196/304
f 3291/197/1283 3292/199/307 3356/200/308 3355/198/306
f 3292/199/307 3293/201/309 3357/202/310 3356/200/308
f 3293/201/309 3294/203/1284 3358/204/312 3357/202/310
f 3294/203/1284 3295/205/313 3359/206/314 3358/204/312
f 3295/205/313 3296/207/315 3360/208/316 3359/206/314
f 3296/207/317 3297/209/318 3361/210/319 3360/208/316
f 3297/209/318 3298/211/1449 3362/212/321 3361/210/319
f 3298/211/1449 3299/213/322 3363/214/323 3362/212/321
f 3299/213/322 3300/215/1616 3364/216/325 3363/214/323
f 3300/215/1616 3301/217/326 3365/218/327 3364/216/325
f 3301/217/326 3302/219/328 3366/220/329 3365/218/327
f 3302/219/328 3303/221/1450 3367/222/331 3366/220/329
f 3303/221/1450 3304/223/1451 3368/224/333 3367/222/331
f 3304/223/1453 3305/225/335 3369/226/336 3368/224/333
f 3305/225/335 3306/227/1617 3370/228/338 3369/226/336
f 3306/227/1617 3307/229/1287 3371/230/340 3370/228/338
f 3307/229/1287 3244/231/341 3308/232/342 3371/230/340
f 3308/233/342 3309/234/343 3373/235/344 3372/236/345
f 3309/234/343 3310/237/346 3374/238/347 3373/235/344
f 3310/237/346 3311/112/214 3375/239/348 3374/238/347
f 3311/112/214 3312/111/1455 3376/240/349 3375/239/348
f 3312/111/1455 3313/114/1456 3377/241/350 3376/240/349
f 3313/114/1456 3314/116/219 3378/242/351 3377/241/350
f 3314/116/219 3315/118/221 3379/243/352 3378/242/351
f 3315/118/221 3316/120/223 3380/244/1460 3379/243/352
f 3316/120/223 3317/122/225 3381/245/1618 3380/244/1460
f 3317/122/225 3318/124/227 3382/246/355 3381/245/1618
f 3318/124/227 3319/126/229 3383/247/356 3382/246/355
f 3319/126/229 3320/128/231 3384/248/357 3383/247/356
f 3320/128/231 3321/130/234 3385/249/358 3384/248/357
f 3321/130/234 3322/132/236 3386/250/359 3385/249/358
f 3322/132/236 3323/134/238 3387/251/1289 3386/250/359
f 3323/134/238 3324/136/240 3388/252/361 3387/251/1289
f 3324/136/240 3325/138/242 3389/253/362 3388/252/361
f 3325/138/242 3326/140/244 3390/254/363 3389/253/362
f 3326/140/244 3327/142/246 3391/255/364 3390/254/363
f 3327/142/246 3328/144/248 3392/256/365 3391/255/364
f 3328/144/248 3329/146/251 3393/257/366 3392/256/365
f 3329/146/251 3330/148/253 3394/258/367 3393/257/366
f 3330/148/253 3331/150/255 3395/259/368 3394/258/367
f 3331/150/255 3332/152/257 3396/260/369 3395/259/368
f 3332/152/257 3333/154/259 3397/261/1291 3396/260/369
f 3333/154/259 3334/156/261 3398/262/371 3397/261/1291
f 3334/156/261 3335/158/263 3399/263/372 3398/262/371
f 3335/158/263 3336/160/265 3400/264/373 3399/263/372
f 3336/160/265 3337/162/268 3401/265/374 3400/264/373
f 3337/162/268 3338/164/270 3402/266/375 3401/265/374
f 3338/164/270 3339/166/272 3403/267/376 3402/266/375
f 3339/166/272 3340/168/274 3404/268/377 3403/267/376
f 3340/168/274 3341/170/276 3405/269/378 3404/268/377
f 3341/170/276 3342/172/278 3406/270/1293 3405/269/378
f 3342/172/278 3343/174/280 3407/271/380 3406/270/1293
f 3343/174/280 3344/176/1457 3408/272/381 3407/271/380
f 3344/176/1457 3345/178/1458 3409/273/382 3408/272/381
f 3345/178/1458 3346/180/287 3410/274/383 3409/273/382
f 3346/180/287 3347/182/289 3411/275/384 3410/274/383
f 3347/182/289 3348/184/291 3412/276/1462 3411/275/384
f 3348/184/291 3349/186/293 3413/277/386 3412/276/1462
f 3349/186/293 3350/188/295 3414/278/387 3413/277/386
f 3350/188/295 3351/190/297 3415/279/388 3414/278/387
f 3351/190/297 3352/192/299 3416/280/389 3415/279/388
f 3352/192/299 3353/194/302 3417/281/390 3416/280/389
f 3353/194/302 3354/196/304 3418/282/391 3417/281/390
f 3354/196/304 3355/198/306 3419/283/392 3418/282/391
f 3355/198/306 3356/200/308 3420/284/393 3419/283/392
f 3356/200/308 3357/202/310 3421/285/394 3420/284/393
f 3357/202/310 3358/204/312 3422/286/395 3421/285/394
f 3358/204/312 3359/206/314 3423/287/396 3422/286/395
f 3359/206/314 3360/208/316 3424/288/397 3423/287/396
f 3360/208/316 3361/210/319 3425/289/398 3424/288/397
f 3361/210/319 3362/212/321 3426/290/399 3425/289/398
f 3362/212/321 3363/214/323 3427/291/400 3426/290/399
f 3363/214/323 3364/216/325 3428/292/1297 3427/291/400
f 3364/216/325 3365/218/327 3429/293/402 3428/292/1297
f 3365/218/327 3366/220/329 3430/294/403 3429/293/402
f 3366/220/329 3367/222/331 3431/295/404 3430/294/403
f 3367/222/331 3368/224/333 3432/296/405 3431/295/404
f 3368/224/333 3369/226/336 3433/297/406 3432/296/405
f 3369/226/336 3370/228/338 3434/298/1619 3433/297/406
f 3370/228/338 3371/230/340 3435/299/408 3434/298/1619
f 3371/230/340 3308/232/342 3372/300/345 3435/299/408
f 3372/236/345 3373/235/344 3437/301/409 3436/302/410
f 3373/235/344 3374/238/347 3438/303/411 3437/301/409
f 3374/238/347 3375/239/348 3439/304/412 3438/303/411
f 3375/239/348 3376/240/349 3440/305/413 3439/304/412
f 3376/240/349 3377/241/350 3441/306/414 3440/305/413
f 3377/241/350 3378/242/351 3442/307/415 3441/306/414
f 3378/242/351 3379/243/352 3443/308/416 3442/307/415
f 3379/243/352 3380/244/1460 3444/309/417 3443/308/416
f 3380/244/1460 3381/245/1618 3445/310/418 3444/309/417
f 3381/245/1618 3382/246/355 3446/311/419 3445/310/418
f 3382/246/355 3383/247/356 3447/312/420 3446/311/419
f 3383/247/356 3384/248/357 3448/313/421 3447/312/420
f 3384/248/357 3385/249/358 3449/314/422 3448/313/421
f 3385/249/358 3386/250/359 3450/315/423 3449/314/422
f 3386/250/359 3387/251/1289 3451/316/1301 3450/315/423
f 3387/251/1289 3388/252/361 3452/317/1468 3451/316/1301
f 3388/252/361 3389/253/362 3453/318/1620 3452/317/1468
f 3389/253/362 3390/254/363 3454/319/427 3453/318/1620
f 3390/254/363 3391/255/364 3455/320/1469 3454/319/427
f 3391/255/364 3392/256/365 3456/321/429 3455/320/1469
f 3392/256/365 3393/257/366 3457/322/430 3456/321/429
f 3393/257/366 3394/258/367 3458/323/431 3457/322/430
f 3394/258/367 3395/259/368 3459/324/432 3458/323/431
f 3395/259/368 3396/260/369 3460/325/1303 3459/324/432
f 3396/260/369 3397/261/1291 3461/326/1304 3460/325/1303
f 3397/261/1291 3398/262/371 3462/327/435 3461/326/1304
f 3398/262/371 3399/263/372 3463/328/436 3462/327/435
f 3399/263/372 3400/264/373 3464/329/437 3463/328/436
f 3400/264/373 3401/265/374 3465/330/1305 3464/329/437
f 3401/265/374 3402/266/375 3466/331/439 3465/330/1305
f 3402/266/375 3403/267/376 3467/332/1471 3466/331/439
f 3403/267/376 3404/268/377 3468/333/441 3467/332/1471
f 3404/268/377 3405/269/378 3469/334/1621 3468/333/441
f 3405/269/378 3406/270/1293 3470/335/443 3469/334/1621
f 3406/270/1293 3407/271/380 3471/336/1306 3470/335/443
f 3407/271/380 3408/272/381 3472/337/445 3471/336/1306
f 3408/272/381 3409/273/382 3473/338/446 3472/337/445
f 3409/273/382 3410/274/383 3474/339/1307 3473/338/446
f 3410/274/383 3411/275/384 3475/340/448 3474/339/1307
f 3411/275/384 3412/276/1462 3476/341/449 3475/340/448
f 3412/276/1462 3413/277/386 3477/342/1622 3476/341/449
f 3413/277/386 3414/278/387 3478/343/451 3477/342/1622
f 3414/278/387 3415/279/388 3479/344/1309 3478/343/451
f 3415/279/388 3416/280/389 3480/345/453 3479/344/1309
f 3416/280/389 3417/281/390 3481/346/454 3480/345/453
f 3417/281/390 3418/282/391 3482/347/455 3481/346/454
f 3418/282/391 3419/283/392 3483/348/456 3482/347/455
f 3419/283/392 3420/284/393 3484/349/1473 3483/348/456
f 3420/284/393 3421/285/394 3485/350/1623 3484/349/1473
f 3421/285/394 3422/286/395 3486/351/459 3485/350/1623
f 3422/286/395 3423/287/396 3487/352/1474 3486/351/459
f 3423/287/396 3424/288/397 3488/353/461 3487/352/1474
f 3424/288/397 3425/289/398 3489/354/462 3488/353/461
f 3425/289/398 3426/290/399 3490/355/463 3489/354/462
f 3426/290/399 3427/291/400 3491/356/1311 3490/355/463
f 3427/291/400 3428/292/1297 3492/357/465 3491/356/1311
f 3428/292/1297 3429/293/402 3493/358/466 3492/357/465
f 3429/293/402 3430/294/403 3494/359/467 3493/358/466
f 3430/294/403 3431/295/404 3495/360/468 3494/359/467
f 3431/295/404 3432/296/405 3496/361/469 3495/360/468
f 3432/296/405 3433/297/406 3497/362/470 3496/361/469
f 3433/297/406 3434/298/1619 3498/363/471 3497/362/470
f 3434/298/1619 3435/299/408 3499/364/1478 3498/363/471
f 3435/299/408 3372/300/345 3436/365/410 3499/364/1478
f 3436/302/410 3437/301/409 3501/366/1624 3500/367/474
f 3437/301/409 3438/303/411 3502/368/475 3501/366/1624
f 3438/303/411 3439/304/412 3503/369/476 3502/368/475
f 3439/304/412 3440/305/413 3504/370/477 3503/369/476
f 3440/305/413 3441/306/414 3505/371/478 3504/370/477
f 3441/306/414 3442/307/415 3506/372/1479 3505/371/478
f 3442/307/415 3443/308/416 3507/373/480 3506/372/1479
f 3443/308/416 3444/309/417 3508/374/481 3507/373/480
f 3444/309/417 3445/310/418 3509/375/1625 3508/374/481
f 3445/310/418 3446/311/419 3510/376/1480 3509/375/1625
f 3446/311/419 3447/312/420 3511/377/1481 3510/376/1480
f 3447/312/420 3448/313/421 3512/378/485 3511/377/1481
f 3448/313/421 3449/314/422 3513/379/486 3512/378/485
f 3449/314/422 3450/315/423 3514/380/487 3513/379/486
f 3450/315/423 3451/316/1301 3515/381/488 3514/380/487
f 3451/316/1301 3452/317/1468 3516/382/489 3515/381/488
f 3452/317/1468 3453/318/1620 3517/383/490 3516/382/489
f 3453/318/1620 3454/319/427 3518/384/491 3517/383/490
f 3454/319/427 3455/320/1469 3519/385/492 3518/384/491
f 3455/320/1469 3456/321/429 3520/386/493 3519/385/492
f 3456/321/429 3457/322/430 3521/387/1482 3520/386/493
f 3457/322/430 3458/323/431 3522/388/495 3521/387/1482
f 3458/323/431 3459/324/432 3523/389/496 3522/388/495
f 3459/324/432 3460/325/1303 3524/390/497 3523/389/496
f 3460/325/1303 3461/326/1304 3525/391/498 3524/390/497
f 3461/326/1304 3462/327/435 3526/392/1626 3525/391/498
f 3462/327/435 3463/328/436 3527/393/1483 3526/392/1626
f 3463/328/436 3464/329/437 3528/394/501 3527/393/1483
f 3464/329/437 3465/330/1305 3529/395/502 3528/394/501
f 3465/330/1305 3466/331/439 3530/396/503 3529/395/502
f 3466/331/439 3467/332/1471 3531/397/1314 3530/396/503
f 3467/332/1471 3468/333/441 3532/398/505 3531/397/1314
f 3468/333/441 3469/334/1621 3533/399/506 3532/398/505
f 3469/334/1621 3470/335/443 3534/400/507 3533/399/506
f 3470/335/443 3471/336/1306 3535/401/508 3534/400/507
f 3471/336/1306 3472/337/445 3536/402/509 3535/401/508
f 3472/337/445 3473/338/446 3537/403/510 3536/402/509
f 3473/338/446 3474/339/1307 3538/404/1484 3537/403/510
f 3474/339/1307 3475/340/448 3539/405/512 3538/404/1484
f 3475/340/448 3476/341/449 3540/406/513 3539/405/512
f 3476/341/449 3477/342/1622 3541/407/514 3540/406/513
f 3477/342/1622 3478/343/451 3542/408/1485 3541/407/514
f 3478/343/451 3479/344/1309 3543/409/1486 3542/408/1485
f 3479/344/1309 3480/345/453 3544/410/517 3543/409/1486
f 3480/345/453 3481/346/454 3545/411/518 3544/410/517
f 3481/346/454 3482/347/455 3546/412/519 3545/411/518
f 3482/347/455 3483/348/456 3547/413/520 3546/412/519
f 3483/348/456 3484/349/1473 3548/414/521 3547/413/520
f 3484/349/1473 3485/350/1623 3549/415/522 3548/414/521
f 3485/350/1623 3486/351/459 3550/416/1627 3549/415/522
f 3486/351/459 3487/352/1474 3551/417/524 3550/416/1627
f 3487/352/1474 3488/353/461 3552/418/525 3551/417/524
f 3488/353/461 3489/354/462 3553/419/1487 3552/418/525
f 3489/354/462 3490/355/463 3554/420/527 3553/419/1487
f 3490/355/463 3491/356/1311 3555/421/528 3554/420/527
f 3491/356/1311 3492/357/465 3556/422/529 3555/421/528
f 3492/357/465 3493/358/466 3557/423/530 3556/422/529
f 3493/358/466 3494/359/467 3558/424/531 3557/423/530
f 3494/359/467 3495/360/468 3559/425/1488 3558/424/531
f 3495/360/468 3496/361/469 3560/426/533 3559/425/1488
f 3496/361/469 3497/362/470 3561/427/534 3560/426/533
f 3497/362/470 3498/363/471 3562/428/535 3561/427/534
f 3498/363/471 3499/364/1478 3563/429/536 3562/428/535
f 3499/364/1478 3436/365/410 3500/430/474 3563/429/536
f 3500/367/474 3501/366/1624 3565/431/537 3564/432/538
f 3501/366/1624 3502/368/475 3566/433/539 3565/431/537
f 3502/368/475 3503/369/476 3567/434/1628 3566/433/539
f 3503/369/476 3504/370/477 3568/435/541 3567/434/1628
f 3504/370/477 3505/371/478 3569/436/542 3568/435/541
f 3505/371/478 3506/372/1479 3570/437/543 3569/436/542
f 3506/372/1479 3507/373/480 3571/438/544 3570/437/543
f 3507/373/480 3508/374/481 3572/439/545 3571/438/544
f 3508/374/481 3509/375/1625 3573/440/546 3572/439/545
f 3509/375/1625 3510/376/1480 3574/441/547 3573/440/546
f 3510/376/1480 3511/377/1481 3575/442/548 3574/441/547
f 3511/377/1481 3512/378/485 3576/443/549 3575/442/548
f 3512/378/485 3513/379/486 3577/444/550 3576/443/549
f 3513/379/486 3514/380/487 3578/445/551 3577/444/550
f 3514/380/487 3515/381/488 3579/446/552 3578/445/551
f 3515/381/488 3516/382/489 3580/447/553 3579/446/552
f 3516/382/489 3517/383/490 3581/448/554 3580/447/553
f 3517/383/490 3518/384/491 3582/449/555 3581/448/554
f 3518/384/491 3519/385/492 3583/450/556 3582/449/555
f 3519/385/492 3520/386/493 3584/451/557 3583/450/556
f 3520/386/493 3521/387/1482 3585/452/558 3584/451/557
f 3521/387/1482 3522/388/495 3586/453/559 3585/452/558
f 3522/388/495 3523/389/496 3587/454/560 3586/453/559
f 3523/389/496 3524/390/497 3588/455/561 3587/454/560
f 3524/390/497 3525/391/498 3589/456/562 3588/455/561
f 3525/391/498 3526/392/1626 3590/457/563 3589/456/562
f 3526/392/1626 3527/393/1483 3591/458/564 3590/457/563
f 3527/393/1483 3528/394/501 3592/459/565 3591/458/564
f 3528/394/501 3529/395/502 3593/460/566 3592/459/565
f 3529/395/502 3530/396/503 3594/461/567 3593/460/566
f 3530/396/503 3531/397/1314 3595/462/568 3594/461/567
f 3531/397/1314 3532/398/505 3596/463/569 3595/462/568
f 3532/398/505 3533/399/506 3597/464/570 3596/463/569
f 3533/399/506 3534/400/507 3598/465/571 3597/464/570
f 3534/400/507 3535/401/508 3599/466/572 3598/465/571
f 3535/401/508 3536/402/509 3600/467/573 3599/466/572
f 3536/402/509 3537/403/510 3601/468/574 3600/467/573
f 3537/403/510 3538/404/1484 3602/469/575 3601/468/574
f 3538/404/1484 3539/405/512 3603/470/576 3602/469/575
f 3539/405/512 3540/406/513 3604/471/577 3603/470/576
f 3540/406/513 3541/407/514 3605/472/578 3604/471/577
f 3541/407/514 3542/408/1485 3606/473/579 3605/472/578
f 3542/408/1485 3543/409/1486 3607/474/580 3606/473/579
f 3543/409/1486 3544/410/517 3608/475/581 3607/474/580
f 3544/410/517 3545/411/518 3609/476/582 3608/475/581
f 3545/411/518 3546/412/519 3610/477/583 3609/476/582
f 3546/412/519 3547/413/520 3611/478/584 3610/477/583
f 3547/413/520 3548/414/521 3612/479/585 3611/478/584
f 3548/414/521 3549/415/522 3613/480/586 3612/479/585
f 3549/415/522 3550/416/1627 3614/481/587 3613/480/586
f 3550/416/1627 3551/417/524 3615/482/588 3614/481/587
f 3551/417/524 3552/418/525 3616/483/589 3615/482/588
f 3552/418/525 3553/419/1487 3617/484/590 3616/483/589
f 3553/419/1487 3554/420/527 3618/485/591 3617/484/590
f 3554/420/527 3555/421/528 3619/486/592 3618/485/591
f 3555/421/528 3556/422/529 3620/487/593 3619/486/592
f 3556/422/529 3557/423/530 3621/488/594 3620/487/593
f 3557/423/530 3558/424/531 3622/489/595 3621/488/594
f 3558/424/531 3559/425/1488 3623/490/596 3622/489/595
f 3559/425/1488 3560/426/533 3624/491/597 3623/490/596
f 3560/426/533 3561/427/534 3625/492/598 3624/491/597
f 3561/427/534 3562/428/535 3626/493/599 3625/492/598
f 3562/428/535 3563/429/536 3627/494/600 3626/493/599
f 3563/429/536 3500/430/474 3564/495/538 3627/494/600
f 3564/432/538 3565/431/537 3629/496/601 3628/497/602
f 3565/431/537 3566/433/539 3630/498/603 3629/496/601
f 3566/433/539 3567/434/1628 3631/499/604 3630/498/603
f 3567/434/1628 3568/435/541 3632/500/605 3631/499/604
f 3568/435/541 3569/436/542 3633/501/606 3632/500/605
f 3569/436/542 3570/437/543 3634/502/607 3633/501/606
f 3570/437/543 3571/438/544 3635/503/1320 3634/502/607
f 3571/438/544 3572/439/545 3636/504/609 3635/503/1320
f 3572/439/545 3573/440/546 3637/505/1490 3636/504/609
f 3573/440/546 3574/441/547 3638/506/611 3637/505/1490
f 3574/441/547 3575/442/548 3639/507/612 3638/506/611
f 3575/442/548 3576/443/549 3640/508/613 3639/507/612
f 3576/443/549 3577/444/550 3641/509/614 3640/508/613
f 3577/444/550 3578/445/551 3642/510/615 3641/509/614
f 3578/445/551 3579/446/552 3643/511/616 3642/510/615
f 3579/446/552 3580/447/553 3644/512/617 3643/511/616
f 3580/447/553 3581/448/554 3645/513/618 3644/512/617
f 3581/448/554 3582/449/555 3646/514/619 3645/513/618
f 3582/449/555 3583/450/556 3647/515/620 3646/514/619
f 3583/450/556 3584/451/557 3648/516/621 3647/515/620
f 3584/451/557 3585/452/558 3649/517/622 3648/516/621
f 3585/452/558 3586/453/559 3650/518/623 3649/517/622
f 3586/453/559 3587/454/560 3651/519/1491 3650/518/623
f 3587/454/560 3588/455/561 3652/520/625 3651/519/1491
f 3588/455/561 3589/456/562 3653/521/626 3652/520/625
f 3589/456/562 3590/457/563 3654/522/627 3653/521/626
f 3590/457/563 3591/458/564 3655/523/628 3654/522/627
f 3591/458/564 3592/459/565 3656/524/629 3655/523/628
f 3592/459/565 3593/460/566 3657/525/630 3656/524/629
f 3593/460/566 3594/461/567 3658/526/631 3657/525/630
f 3594/461/567 3595/462/568 3659/527/632 3658/526/631
f 3595/462/568 3596/463/569 3660/528/633 3659/527/632
f 3596/463/569 3597/464/570 3661/529/634 3660/528/633
f 3597/464/570 3598/465/571 3662/530/635 3661/529/634
f 3598/465/571 3599/466/572 3663/531/636 3662/530/635
f 3599/466/572 3600/467/573 3664/532/637 3663/531/636
f 3600/467/573 3601/468/574 3665/533/638 3664/532/637
f 3601/468/574 3602/469/575 3666/534/639 3665/533/638
f 3602/469/575 3603/470/576 3667/535/640 3666/534/639
f 3603/470/576 3604/471/577 3668/536/641 3667/535/640
f 3604/471/577 3605/472/578 3669/537/1493 3668/536/641
f 3605/472/578 3606/473/579 3670/538/643 3669/537/1493
f 3606/473/579 3607/474/580 3671/539/644 3670/538/643
f 3607/474/580 3608/475/581 3672/540/645 3671/539/644
f 3608/475/581 3609/476/582 3673/541/646 3672/540/645
f 3609/476/582 3610/477/583 3674/542/647 3673/541/646
f 3610/477/583 3611/478/584 3675/543/648 3674/542/647
f 3611/478/584 3612/479/585 3676/544/649 3675/543/648
f 3612/479/585 3613/480/586 3677/545/650 3676/544/649
f 3613/480/586 3614/481/587 3678/546/651 3677/545/650
f 3614/481/587 3615/482/588 3679/547/652 3678/546/651
f 3615/482/588 3616/483/589 3680/548/653 3679/547/652
f 3616/483/589 3617/484/590 3681/549/654 3680/548/653
f 3617/484/590 3618/485/591 3682/550/655 3681/549/654
f 3618/485/591 3619/486/592 3683/551/1494 3682/550/655
f 3619/486/592 3620/487/593 3684/552/657 3683/551/1494
f 3620/487/593 3621/488/594 3685/553/658 3684/552/657
f 3621/488/594 3622/489/595 3686/554/659 3685/553/658
f 3622/489/595 3623/490/596 3687/555/660 3686/554/659
f 3623/490/596 3624/491/597 3688/556/661 3687/555/660
f 3624/491/597 3625/492/598 3689/557/662 3688/556/661
f 3625/492/598 3626/493/599 3690/558/663 3689/557/662
f 3626/493/599 3627/494/600 3691/559/664 3690/558/663
f 3627/494/600 3564/495/538 3628/560/602 3691/559/664
f 3628/497/602 3629/496/601 3693/561/1629 3692/562/666
f 3629/496/601 3630/498/603 3694/563/667 3693/561/1629
f 3630/498/603 3631/499/604 3695/564/668 3694/563/667
f 3631/499/1495 3632/500/670 3696/565/670 3695/564/1495
f 3632/500/670 3633/501/671 3697/566/671 3696/565/670
f 3633/501/606 3634/502/607 3698/567/672 3697/566/673
f 3634/502/607 3635/503/1320 3699/568/674 3698/567/672
f 3635/503/1320 3636/504/609 3700/569/675 3699/568/674
f 3636/504/609 3637/505/1490 3701/570/1324 3700/569/675
f 3637/505/1490 3638/506/611 3702/571/677 3701/570/1324
f 3638/506/611 3639/507/612 3703/572/678 3702/571/677
f 3639/507/1630 3640/508/1631 3704/573/1632 3703/572/1630
f 3640/508/1631 3641/509/681 3705/574/681 3704/573/1632
f 3641/509/614 3642/510/615 3706/575/682 3705/574/683
f 3642/510/615 3643/511/616 3707/576/684 3706/575/682
f 3643/511/616 3644/512/617 3708/577/685 3707/576/684
f 3644/512/617 3645/513/618 3709/578/686 3708/577/685
f 3645/513/618 3646/514/619 3710/579/687 3709/578/686
f 3646/514/619 3647/515/620 3711/580/688 3710/579/687
f 3647/515/1498 3648/516/1633 3712/581/1633 3711/580/1498
f 3648/516/1633 3649/517/1326 3713/582/1326 3712/581/1633
f 3649/517/622 3650/518/623 3714/583/693 3713/582/694
f 3650/518/623 3651/519/1491 3715/584/695 3714/583/693
f 3651/519/1491 3652/520/625 3716/585/696 3715/584/695
f 3652/520/625 3653/521/626 3717/586/697 3716/585/696
f 3653/521/626 3654/522/627 3718/587/698 3717/586/697
f 3654/522/627 3655/523/628 3719/588/699 3718/587/698
f 3655/523/700 3656/524/702 3720/589/702 3719/588/700
f 3656/524/702 3657/525/1502 3721/590/1502 3720/589/702
f 3657/525/630 3658/526/631 3722/591/1503 3721/590/705
f 3658/526/631 3659/527/632 3723/592/1327 3722/591/1503
f 3659/527/632 3660/528/633 3724/593/707 3723/592/1327
f 3660/528/633 3661/529/634 3725/594/708 3724/593/707
f 3661/529/634 3662/530/635 3726/595/1634 3725/594/708
f 3662/530/635 3663/531/636 3727/596/710 3726/595/1634
f 3663/531/1504 3664/532/712 3728/597/712 3727/596/1504
f 3664/532/712 3665/533/713 3729/598/713 3728/597/712
f 3665/533/638 3666/534/639 3730/599/714 3729/598/715
f 3666/534/639 3667/535/640 3731/600/716 3730/599/714
f 3667/535/640 3668/536/641 3732/601/717 3731/600/716
f 3668/536/641 3669/537/1493 3733/602/718 3732/601/717
f 3669/537/1493 3670/538/643 3734/603/719 3733/602/718
f 3670/538/643 3671/539/644 3735/604/720 3734/603/719
f 3671/539/1635 3672/540/1506 3736/605/1506 3735/604/1635
f 3672/540/1506 3673/541/724 3737/606/724 3736/605/1506
f 3673/541/646 3674/542/647 3738/607/725 3737/606/726
f 3674/542/647 3675/543/648 3739/608/727 3738/607/725
f 3675/543/648 3676/544/649 3740/609/728 3739/608/727
f 3676/544/649 3677/545/650 3741/610/729 3740/609/728
f 3677/545/650 3678/546/651 3742/611/730 3741/610/729
f 3678/546/651 3679/547/652 3743/612/731 3742/611/730
f 3679/547/1507 3680/548/1509 3744/613/1509 3743/612/1507
f 3680/548/1509 3681/549/1333 3745/614/1333 3744/613/1509
f 3681/549/654 3682/550/655 3746/615/735 3745/614/736
f 3682/550/655 3683/551/1494 3747/616/1334 3746/615/735
f 3683/551/1494 3684/552/657 3748/617/738 3747/616/1334
f 3684/552/657 3685/553/658 3749/618/739 3748/617/738
f 3685/553/658 3686/554/659 3750/619/740 3749/618/739
f 3686/554/659 3687/555/660 3751/620/741 3750/619/740
f 3687/555/742 3688/556/1511 3752/621/743 3751/620/742
f 3688/556/1511 3689/557/1512 3753/622/1512 3752/621/743
f 3689/557/662 3690/558/663 3754/623/1513 3753/622/746
f 3690/558/663 3691/559/664 3755/624/747 3754/623/1513
f 3691/559/664 3628/560/602 3692/625/666 3755/624/747
f 3692/562/748 3693/561/749 3757/626/750 3756/627/751
f 3693/561/749 3694/563/1636 3758/628/753 3757/626/750
f 3694/563/1636 3695/564/1516 3759/629/755 3758/628/753
f 3695/564/1516 3696/565/756 3760/630/757 3759/629/755
f 3696/565/756 3697/566/1518 3761/631/759 3760/630/757
f 3697/566/1518 3698/567/1637 3762/632/761 3761/631/759
f 3698/567/1637 3699/568/1638 3763/633/763 3762/632/761
f 3699/568/1638 3700/569/764 3764/634/765 3763/633/763
f 3700/569/764 3701/570/1519 3765/635/767 3764/634/765
f 3701/570/1519 3702/571/768 3766/636/769 3765/635/767
f 3702/571/768 3703/572/770 3767/637/771 3766/636/769
f 3703/572/770 3704/573/1339 3768/638/1639 3767/637/771
f 3704/573/1339 3705/574/774 3769/639/1521 3768/638/1639
f 3705/574/774 3706/575/1522 3770/640/777 3769/639/1521
f 3706/575/1522 3707/576/1640 3771/641/779 3770/640/777
f 3707/576/1640 3708/577/780 3772/642/781 3771/641/779
f 3708/577/780 3709/578/782 3773/643/783 3772/642/781
f 3709/578/782 3710/579/1340 3774/644/785 3773/643/783
f 3710/579/1340 3711/580/786 3775/645/1524 3774/644/785
f 3711/580/786 3712/581/788 3776/646/1343 3775/645/1524
f 3712/581/788 3713/582/1641 3777/647/791 3776/646/1343
f 3713/582/1641 3714/583/792 3778/648/793 3777/647/791
f 3714/583/792 3715/584/1525 3779/649/795 3778/648/793
f 3715/584/1525 3716/585/796 3780/650/797 3779/649/795
f 3716/585/796 3717/586/798 3781/651/799 3780/650/797
f 3717/586/798 3718/587/1642 3782/652/1643 3781/651/799
f 3718/587/1642 3719/588/802 3783/653/803 3782/652/1643
f 3719/588/802 3720/589/804 3784/654/1347 3783/653/803
f 3720/589/804 3721/590/806 3785/655/807 3784/654/1347
f 3721/590/806 3722/591/1644 3786/656/809 3785/655/807
f 3722/591/1644 3723/592/810 3787/657/811 3786/656/809
f 3723/592/810 3724/593/812 3788/658/813 3787/657/811
f 3724/593/812 3725/594/814 3789/659/815 3788/658/813
f 3725/594/814 3726/595/1645 3790/660/817 3789/659/815
f 3726/595/1645 3727/596/1531 3791/661/1350 3790/660/817
f 3727/596/1531 3728/597/820 3792/662/821 3791/661/1350
f 3728/597/820 3729/598/1532 3793/663/823 3792/662/821
f 3729/598/1532 3730/599/824 3794/664/825 3793/663/823
f 3730/599/824 3731/600/826 3795/665/827 3794/664/825
f 3731/600/826 3732/601/828 3796/666/1646 3795/665/827
f 3732/601/828 3733/602/1647 3797/667/831 3796/666/1646
f 3733/602/1647 3734/603/832 3798/668/833 3797/667/831
f 3734/603/832 3735/604/834 3799/669/835 3798/668/833
f 3735/604/834 3736/605/836 3800/670/1536 3799/669/835
f 3736/605/836 3737/606/838 3801/671/1537 3800/670/1536
f 3737/606/838 3738/607/1538 3802/672/841 3801/671/1537
f 3738/607/1538 3739/608/842 3803/673/843 3802/672/841
f 3739/608/842 3740/609/844 3804/674/845 3803/673/843
f 3740/609/844 3741/610/1355 3805/675/847 3804/674/845
f 3741/610/1355 3742/611/848 3806/676/1648 3805/675/847
f 3742/611/848 3743/612/850 3807/677/1540 3806/676/1648
f 3743/612/850 3744/613/852 3808/678/853 3807/677/1540
f 3744/613/852 3745/614/854 3809/679/855 3808/678/853
f 3745/614/854 3746/615/856 3810/680/857 3809/679/855
f 3746/615/856 3747/616/1649 3811/681/859 3810/680/857
f 3747/616/1649 3748/617/860 3812/682/1358 3811/681/859
f 3748/617/860 3749/618/862 3813/683/863 3812/682/1358
f 3749/618/862 3750/619/864 3814/684/865 3813/683/863
f 3750/619/864 3751/620/1362 3815/685/867 3814/684/865
f 3751/620/1362 3752/621/868 3816/686/869 3815/685/867
f 3752/621/868 3753/622/870 3817/687/1363 3816/686/869
f 3753/622/870 3754/623/1650 3818/688/873 3817/687/1363
f 3754/623/1650 3755/624/874 3819/689/875 3818/688/873
f 3755/624/874 3692/625/748 3756/690/751 3819/689/875
f 3756/627/751 3757/626/750 3821/691/876 3820/692/1365
f 3757/626/750 3758/628/753 3822/693/878 3821/691/876
f 3758/628/753 3759/629/755 3823/694/879 3822/693/878
f 3759/629/755 3760/630/757 3824/695/1651 3823/694/879
f 3760/630/757 3761/631/759 3825/696/881 3824/695/1651
f 3761/631/759 3762/632/761 3826/697/882 3825/696/881
f 3762/632/761 3763/633/763 3827/698/883 3826/697/882
f 3763/633/763 3764/634/765 3828/699/884 3827/698/883
f 3764/634/765 3765/635/767 3829/700/885 3828/699/884
f 3765/635/767 3766/636/769 3830/701/886 3829/700/885
f 3766/636/769 3767/637/771 3831/702/887 3830/701/886
f 3767/637/771 3768/638/1639 3832/703/888 3831/702/887
f 3768/638/1639 3769/639/1521 3833/704/889 3832/703/888
f 3769/639/1521 3770/640/777 3834/705/890 3833/704/889
f 3770/640/777 3771/641/779 3835/706/891 3834/705/890
f 3771/641/779 3772/642/781 3836/707/892 3835/706/891
f 3772/642/781 3773/643/783 3837/708/893 3836/707/892
f 3773/643/783 3774/644/785 3838/709/894 3837/708/893
f 3774/644/785 3775/645/1524 3839/710/895 3838/709/894
f 3775/645/1524 3776/646/1343 3840/711/896 3839/710/895
f 3776/646/1343 3777/647/791 3841/712/897 3840/711/896
f 3777/647/791 3778/648/793 3842/713/898 3841/712/897
f 3778/648/793 3779/649/795 3843/714/899 3842/713/898
f 3779/649/795 3780/650/797 3844/715/900 3843/714/899
f 3780/650/797 3781/651/799 3845/716/901 3844/715/900
f 3781/651/799 3782/652/1643 3846/717/902 3845/716/901
f 3782/652/1643 3783/653/803 3847/718/903 3846/717/902
f 3783/653/803 3784/654/1347 3848/719/1547 3847/718/903
f 3784/654/1347 3785/655/807 3849/720/905 3848/719/1547
f 3785/655/807 3786/656/809 3850/721/906 3849/720/905
f 3786/656/809 3787/657/811 3851/722/907 3850/721/906
f 3787/657/811 3788/658/813 3852/723/1652 3851/722/907
f 3788/658/813 3789/659/815 3853/724/909 3852/723/1652
f 3789/659/815 3790/660/817 3854/725/910 3853/724/909
f 3790/660/817 3791/661/1350 3855/726/911 3854/725/910
f 3791/661/1350 3792/662/821 3856/727/912 3855/726/911
f 3792/662/821 3793/663/823 3857/728/913 3856/727/912
f 3793/663/823 3794/664/825 3858/729/1653 3857/728/913
f 3794/664/825 3795/665/827 3859/730/915 3858/729/1653
f 3795/665/827 3796/666/1646 3860/731/916 3859/730/915
f 3796/666/1646 3797/667/831 3861/732/1372 3860/731/916
f 3797/667/831 3798/668/833 3862/733/918 3861/732/1372
f 3798/668/833 3799/669/835 3863/734/919 3862/733/918
f 3799/669/835 3800/670/1536 3864/735/1654 3863/734/919
f 3800/670/1536 3801/671/1537 3865/736/921 3864/735/1654
f 3801/671/1537 3802/672/841 3866/737/922 3865/736/921
f 3802/672/841 3803/673/843 3867/738/923 3866/737/922
f 3803/673/843 3804/674/845 3868/739/924 3867/738/923
f 3804/674/845 3805/675/847 3869/740/925 3868/739/924
f 3805/675/847 3806/676/1648 3870/741/1655 3869/740/925
f 3806/676/1648 3807/677/1540 3871/742/927 3870/741/1655
f 3807/677/1540 3808/678/853 3872/743/928 3871/742/927
f 3808/678/853 3809/679/855 3873/744/929 3872/743/928
f 3809/679/855 3810/680/857 3874/745/930 3873/744/929
f 3810/680/857 3811/681/859 3875/746/1656 3874/745/930
f 3811/681/859 3812/682/1358 3876/747/932 3875/746/1656
f 3812/682/1358 3813/683/863 3877/748/933 3876/747/932
f 3813/683/863 3814/684/865 3878/749/934 3877/748/933
f 3814/684/865 3815/685/867 3879/750/935 3878/749/934
f 3815/685/867 3816/686/869 3880/751/1548 3879/750/935
f 3816/686/869 3817/687/1363 3881/752/937 3880/751/1548
f 3817/687/1363 3818/688/873 3882/753/1657 3881/752/937
f 3818/688/873 3819/689/875 3883/754/939 3882/753/1657
f 3819/689/875 3756/690/751 3820/755/1365 3883/754/939
f 3820/692/1365 3821/691/876 3885/756/940 3884/757/1374
f 3821/691/876 3822/693/878 3886/758/942 3885/756/940
f 3822/693/878 3823/694/879 3887/759/943 3886/758/942
f 3823/694/879 3824/695/1651 3888/760/1658 3887/759/943
f 3824/695/1651 3825/696/881 3889/761/945 3888/760/1658
f 3825/696/881 3826/697/882 3890/762/946 3889/761/945
f 3826/697/882 3827/698/883 3891/763/1549 3890/762/946
f 3827/698/883 3828/699/884 3892/764/1659 3891/763/1549
f 3828/699/884 3829/700/885 3893/765/949 3892/764/1659
f 3829/700/885 3830/701/886 3894/766/950 3893/765/949
f 3830/701/886 3831/702/887 3895/767/1550 3894/766/950
f 3831/702/887 3832/703/888 3896/768/1660 3895/767/1550
f 3832/703/888 3833/704/889 3897/769/953 3896/768/1660
f 3833/704/889 3834/705/890 3898/770/954 3897/769/953
f 3834/705/890 3835/706/891 3899/771/955 3898/770/954
f 3835/706/891 3836/707/892 3900/772/1551 3899/771/955
f 3836/707/892 3837/708/893 3901/773/957 3900/772/1551
f 3837/708/893 3838/709/894 3902/774/958 3901/773/957
f 3838/709/894 3839/710/895 3903/775/1383 3902/774/958
f 3839/710/895 3840/711/896 3904/776/960 3903/775/1383
f 3840/711/896 3841/712/897 3905/777/1554 3904/776/960
f 3841/712/897 3842/713/898 3906/778/1385 3905/777/1554
f 3842/713/898 3843/714/899 3907/779/963 3906/778/1385
f 3843/714/899 3844/715/900 3908/780/1661 3907/779/963
f 3844/715/900 3845/716/901 3909/781/1555 3908/780/1661
f 3845/716/901 3846/717/902 3910/782/1388 3909/781/1555
f 3846/717/902 3847/718/903 3911/783/1389 3910/782/1388
f 3847/718/903 3848/719/1547 3912/784/1662 3911/783/1389
f 3848/719/1547 3849/720/905 3913/785/1556 3912/784/1662
f 3849/720/905 3850/721/906 3914/786/970 3913/785/1556
f 3850/721/906 3851/722/907 3915/787/1391 3914/786/970
f 3851/722/907 3852/723/1652 3916/788/972 3915/787/1391
f 3852/723/1652 3853/724/909 3917/789/973 3916/788/972
f 3853/724/909 3854/725/910 3918/790/974 3917/789/973
f 3854/725/910 3855/726/911 3919/791/1663 3918/790/974
f 3855/726/911 3856/727/912 3920/792/976 3919/791/1663
f 3856/727/912 3857/728/913 3921/793/1664 3920/792/976
f 3857/728/913 3858/729/1653 3922/794/978 3921/793/1664
f 3858/729/1653 3859/730/915 3923/795/1557 3922/794/978
f 3859/730/915 3860/731/916 3924/796/1665 3923/795/1557
f 3860/731/916 3861/732/1372 3925/797/981 3924/796/1665
f 3861/732/1372 3862/733/918 3926/798/982 3925/797/981
f 3862/733/918 3863/734/919 3927/799/1558 3926/798/982
f 3863/734/919 3864/735/1654 3928/800/1666 3927/799/1558
f 3864/735/1654 3865/736/921 3929/801/985 3928/800/1666
f 3865/736/921 3866/737/922 3930/802/986 3929/801/985
f 3866/737/922 3867/738/923 3931/803/1667 3930/802/986
f 3867/738/923 3868/739/924 3932/804/1559 3931/803/1667
f 3868/739/924 3869/740/925 3933/805/1399 3932/804/1559
f 3869/740/925 3870/741/1655 3934/806/990 3933/805/1399
f 3870/741/1655 3871/742/927 3935/807/991 3934/806/990
f 3871/742/927 3872/743/928 3936/808/1668 3935/807/991
f 3872/743/928 3873/744/929 3937/809/1561 3936/808/1668
f 3873/744/929 3874/745/930 3938/810/994 3937/809/1561
f 3874/745/930 3875/746/1656 3939/811/995 3938/810/994
f 3875/746/1656 3876/747/932 3940/812/1669 3939/811/995
f 3876/747/932 3877/748/933 3941/813/1563 3940/812/1669
f 3877/748/933 3878/749/934 3942/814/998 3941/813/1563
f 3878/749/934 3879/750/935 3943/815/999 3942/814/998
f 3879/750/935 3880/751/1548 3944/816/1000 3943/815/999
f 3880/751/1548 3881/752/937 3945/817/1670 3944/816/1000
f 3881/752/937 3882/753/1657 3946/818/1002 3945/817/1670
f 3882/753/1657 3883/754/939 3947/819/1405 3946/818/1002
f 3883/754/939 3820/755/1365 3884/820/1374 3947/819/1405
f 3884/757/1374 3885/756/940 3949/821/1004 3948/822/1005
f 3885/756/940 3886/758/942 3950/823/1006 3949/821/1004
f 3886/758/942 3887/759/943 3951/824/1007 3950/823/1006
f 3887/759/943 3888/760/1658 3952/825/1008 3951/824/1007
f 3888/760/1658 3889/761/945 3953/826/1009 3952/825/1008
f 3889/761/945 3890/762/946 3954/827/1406 3953/826/1009
f 3890/762/946 3891/763/1549 3955/828/1567 3954/827/1406
f 3891/763/1549 3892/764/1659 3956/829/1012 3955/828/1567
f 3892/764/1659 3893/765/949 3957/830/1013 3956/829/1012
f 3893/765/949 3894/766/950 3958/831/1014 3957/830/1013
f 3894/766/950 3895/767/1550 3959/832/1015 3958/831/1014
f 3895/767/1550 3896/768/1660 3960/833/1016 3959/832/1015
f 3896/768/1660 3897/769/953 3961/834/1017 3960/833/1016
f 3897/769/953 3898/770/954 3962/835/1018 3961/834/1017
f 3898/770/954 3899/771/955 3963/836/1019 3962/835/1018
f 3899/771/955 3900/772/1551 3964/837/1020 3963/836/1019
f 3900/772/1551 3901/773/957 3965/838/1021 3964/837/1020
f 3901/773/957 3902/774/958 3966/839/1022 3965/838/1021
f 3902/774/958 3903/775/1383 3967/840/1023 3966/839/1022
f 3903/775/1383 3904/776/960 3968/841/1024 3967/840/1023
f 3904/776/960 3905/777/1554 3969/842/1025 3968/841/1024
f 3905/777/1554 3906/778/1385 3970/843/1026 3969/842/1025
f 3906/778/1385 3907/779/963 3971/844/1409 3970/843/1026
f 3907/779/963 3908/780/1661 3972/845/1028 3971/844/1409
f 3908/780/1661 3909/781/1555 3973/846/1569 3972/845/1028
f 3909/781/1555 3910/782/1388 3974/847/1410 3973/846/1569
f 3910/782/1388 3911/783/1389 3975/848/1031 3974/847/1410
f 3911/783/1389 3912/784/1662 3976/849/1570 3975/848/1031
f 3912/784/1662 3913/785/1556 3977/850/1033 3976/849/1570
f 3913/785/1556 3914/786/970 3978/851/1034 3977/850/1033
f 3914/786/970 3915/787/1391 3979/852/1035 3978/851/1034
f 3915/787/1391 3916/788/972 3980/853/1036 3979/852/1035
f 3916/788/972 3917/789/973 3981/854/1037 3980/853/1036
f 3917/789/973 3918/790/974 3982/855/1038 3981/854/1037
f 3918/790/974 3919/791/1663 3983/856/1039 3982/855/1038
f 3919/791/1663 3920/792/976 3984/857/1040 3983/856/1039
f 3920/792/976 3921/793/1664 3985/858/1041 3984/857/1040
f 3921/793/1664 3922/794/978 3986/859/1042 3985/858/1041
f 3922/794/978 3923/795/1557 3987/860/1671 3986/859/1042
f 3923/795/1557 3924/796/1665 3988/861/1044 3987/860/1671
f 3924/796/1665 3925/797/981 3989/862/1045 3988/861/1044
f 3925/797/981 3926/798/982 3990/863/1046 3989/862/1045
f 3926/798/982 3927/799/1558 3991/864/1047 3990/863/1046
f 3927/799/1558 3928/800/1666 3992/865/1048 3991/864/1047
f 3928/800/1666 3929/801/985 3993/866/1049 3992/865/1048
f 3929/801/985 3930/802/986 3994/867/1050 3993/866/1049
f 3930/802/986 3931/803/1667 3995/868/1051 3994/867/1050
f 3931/803/1667 3932/804/1559 3996/869/1052 3995/868/1051
f 3932/804/1559 3933/805/1399 3997/870/1053 3996/869/1052
f 3933/805/1399 3934/806/990 3998/871/1054 3997/870/1053
f 3934/806/990 3935/807/991 3999/872/1055 3998/871/1054
f 3935/807/991 3936/808/1668 4000/873/1412 3999/872/1055
f 3936/808/1668 3937/809/1561 4001/874/1057 4000/873/1412
f 3937/809/1561 3938/810/994 4002/875/1058 4001/874/1057
f 3938/810/994 3939/811/995 4003/876/1059 4002/875/1058
f 3939/811/995 3940/812/1669 4004/877/1060 4003/876/1059
f 3940/812/1669 3941/813/1563 4005/878/1574 4004/877/1060
f 3941/813/1563 3942/814/998 4006/879/1062 4005/878/1574
f 3942/814/998 3943/815/999 4007/880/1063 4006/879/1062
f 3943/815/999 3944/816/1000 4008/881/1576 4007/880/1063
f 3944/816/1000 3945/817/1670 4009/882/1065 4008/881/1576
f 3945/817/1670 3946/818/1002 4010/883/1066 4009/882/1065
f 3946/818/1002 3947/819/1405 4011/884/1067 4010/883/1066
f 3947/819/1405 3884/820/1374 3948/885/1005 4011/884/1067
f 3948/822/1005 3949/821/1004 4013/886/1068 4012/887/1069
f 3949/821/1004 3950/823/1006 4014/888/1577 4013/886/1068
f 3950/823/1006 3951/824/1007 4015/889/1071 4014/888/1577
f 3951/824/1007 3952/825/1008 4016/890/1072 4015/889/1071
f 3952/825/1008 3953/826/1009 4017/891/1073 4016/890/1072
f 3953/826/1009 3954/827/1406 4018/892/1074 4017/891/1073
f 3954/827/1406 3955/828/1567 4019/893/1075 4018/892/1074
f 3955/828/1567 3956/829/1012 4020/894/1076 4019/893/1075
f 3956/829/1012 3957/830/1013 4021/895/1077 4020/894/1076
f 3957/830/1013 3958/831/1014 4022/896/1413 4021/895/1077
f 3958/831/1014 3959/832/1015 4023/897/1079 4022/896/1413
f 3959/832/1015 3960/833/1016 4024/898/1080 4023/897/1079
f 3960/833/1016 3961/834/1017 4025/899/1081 4024/898/1080
f 3961/834/1017 3962/835/1018 4026/900/1082 4025/899/1081
f 3962/835/1018 3963/836/1019 4027/901/1083 4026/900/1082
f 3963/836/1019 3964/837/1020 4028/902/1084 4027/901/1083
f 3964/837/1020 3965/838/1021 4029/903/1085 4028/902/1084
f 3965/838/1021 3966/839/1022 4030/904/1086 4029/903/1085
f 3966/839/1022 3967/840/1023 4031/905/1087 4030/904/1086
f 3967/840/1023 3968/841/1024 4032/906/1088 4031/905/1087
f 3968/841/1024 3969/842/1025 4033/907/1417 4032/906/1088
f 3969/842/1025 3970/843/1026 4034/908/1090 4033/907/1417
f 3970/843/1026 3971/844/1409 4035/909/1091 4034/908/1090
f 3971/844/1409 3972/845/1028 4036/910/1092 4035/909/1091
f 3972/845/1028 3973/846/1569 4037/911/1093 4036/910/1092
f 3973/846/1569 3974/847/1410 4038/912/1094 4037/911/1093
f 3974/847/1410 3975/848/1031 4039/913/1095 4038/912/1094
f 3975/848/1031 3976/849/1570 4040/914/1419 4039/913/1095
f 3976/849/1570 3977/850/1033 4041/915/1097 4040/914/1419
f 3977/850/1033 3978/851/1034 4042/916/1579 4041/915/1097
f 3978/851/1034 3979/852/1035 4043/917/1099 4042/916/1579
f 3979/852/1035 3980/853/1036 4044/918/1100 4043/917/1099
f 3980/853/1036 3981/854/1037 4045/919/1101 4044/918/1100
f 3981/854/1037 3982/855/1038 4046/920/1580 4045/919/1101
f 3982/855/1038 3983/856/1039 4047/921/1103 4046/920/1580
f 3983/856/1039 3984/857/1040 4048/922/1104 4047/921/1103
f 3984/857/1040 3985/858/1041 4049/923/1105 4048/922/1104
f 3985/858/1041 3986/859/1042 4050/924/1106 4049/923/1105
f 3986/859/1042 3987/860/1671 4051/925/1107 4050/924/1106
f 3987/860/1671 3988/861/1044 4052/926/1108 4051/925/1107
f 3988/861/1044 3989/862/1045 4053/927/1109 4052/926/1108
f 3989/862/1045 3990/863/1046 4054/928/1110 4053/927/1109
f 3990/863/1046 3991/864/1047 4055/929/1111 4054/928/1110
f 3991/864/1047 3992/865/1048 4056/930/1112 4055/929/1111
f 3992/865/1048 3993/866/1049 4057/931/1113 4056/930/1112
f 3993/866/1049 3994/867/1050 4058/932/1114 4057/931/1113
f 3994/867/1050 3995/868/1051 4059/933/1115 4058/932/1114
f 3995/868/1051 3996/869/1052 4060/934/1116 4059/933/1115
f 3996/869/1052 3997/870/1053 4061/935/1117 4060/934/1116
f 3997/870/1053 3998/871/1054 4062/936/1118 4061/935/1117
f 3998/871/1054 3999/872/1055 4063/937/1119 4062/936/1118
f 3999/872/1055 4000/873/1412 4064/938/1120 4063/937/1119
f 4000/873/1412 4001/874/1057 4065/939/1121 4064/938/1120
f 4001/874/1057 4002/875/1058 4066/940/1122 4065/939/1121
f 4002/875/1058 4003/876/1059 4067/941/1123 4066/940/1122
f 4003/876/1059 4004/877/1060 4068/942/1124 4067/941/1123
f 4004/877/1060 4005/878/1574 4069/943/1125 4068/942/1124
f 4005/878/1574 4006/879/1062 4070/944/1126 4069/943/1125
f 4006/879/1062 4007/880/1063 4071/945/1127 4070/944/1126
f 4007/880/1063 4008/881/1576 4072/946/1128 4071/945/1127
f 4008/881/1576 4009/882/1065 4073/947/1424 4072/946/1128
f 4009/882/1065 4010/883/1066 4074/948/1584 4073/947/1424
f 4010/883/1066 4011/884/1067 4075/949/1131 4074/948/1584
f 4011/884/1067 3948/885/1005 4012/950/1069 4075/949/1131
f 4012/887/1069 4013/886/1068 4076/951/38
f 4013/886/1068 4014/888/1577 4076/952/38
f 4014/888/1577 4015/889/1071 4076/953/38
f 4015/889/1071 4016/890/1072 4076/954/38
f 4016/890/1072 4017/891/1073 4076/955/38
f 4017/891/1073 4018/892/1074 4076/956/38
f 4018/892/1074 4019/893/1075 4076/957/38
f 4019/893/1075 4020/894/1076 4076/958/38
f 4020/894/1076 4021/895/1077 4076/959/38
f 4021/895/1077 4022/896/1413 4076/960/38
f 4022/896/1413 4023/897/1079 4076/961/38
f 4023/897/1079 4024/898/1080 4076/962/38
f 4024/898/1080 4025/899/1081 4076/963/38
f 4025/899/1081 4026/900/1082 4076/964/38
f 4026/900/1082 4027/901/1083 4076/965/38
f 4027/901/1083 4028/902/1084 4076/966/38
f 4028/902/1084 4029/903/1085 4076/967/38
f 4029/903/1085 4030/904/1086 4076/968/38
f 4030/904/1086 4031/905/1087 4076/969/38
f 4031/905/1087 4032/906/1088 4076/970/38
f 4032/906/1088 4033/907/1417 4076/971/38
f 4033/907/1417 4034/908/1090 4076/972/38
f 4034/908/1090 4035/909/1091 4076/973/38
f 4035/909/1091 4036/910/1092 4076/974/38
f 4036/910/1092 4037/911/1093 4076/975/38
f 4037/911/1093 4038/912/1094 4076/976/38
f 4038/912/1094 4039/913/1095 4076/977/38
f 4039/913/1095 4040/914/1419 4076/978/38
f 4040/914/1419 4041/915/1097 4076/979/38
f 4041/915/1097 4042/916/1579 4076/980/38
f 4042/916/1579 4043/917/1099 4076/981/38
f 4043/917/1099 4044/918/1100 4076/982/38
f 4044/918/1100 4045/919/1101 4076/983/38
f 4045/919/1101 4046/920/1580 4076/984/38
f 4046/920/1580 4047/921/1103 4076/985/38
f 4047/921/1103 4048/922/1104 4076/986/38
f 4048/922/1104 4049/923/1105 4076/987/38
f 4049/923/1105 4050/924/1106 4076/988/38
f 4050/924/1106 4051/925/1107 4076/989/38
f 4051/925/1107 4052/926/1108 4076/990/38
f 4052/926/1108 4053/927/1109 4076/991/38
f 4053/927/1109 4054/928/1110 4076/992/38
f 4054/928/1110 4055/929/1111 4076/993/38
f 4055/929/1111 4056/930/1112 4076/994/38
f 4056/930/1112 4057/931/1113 4076/995/38
f 4057/931/1113 4058/932/1114 4076/996/38
f 4058/932/1114 4059/933/1115 4076/997/38
f 4059/933/1115 4060/934/1116 4076/998/38
f 4060/934/1116 4061/935/1117 4076/999/38
f 4061/935/1117 4062/936/1118 4076/1000/38
f 4062/936/1118 4063/937/1119 4076/1001/38
f 4063/937/1119 4064/938/1120 4076/1002/38
f 4064/938/1120 4065/939/1121 4076/1003/38
f 4065/939/1121 4066/940/1122 4076/1004/38
f 4066/940/1122 4067/941/1123 4076/1005/38
f 4067/941/1123 4068/942/1124 4076/1006/38
f 4068/942/1124 4069/943/1125 4076/1007/38
f 4069/943/1125 4070/944/1126 4076/1008/38
f 4070/944/1126 4071/945/1127 4076/1009/38
f 4071/945/1127 4072/946/1128 4076/1010/38
f 4072/946/1128 4073/947/1424 4076/1011/38
f 4073/947/1424 4074/948/1584 4076/1012/38
f 4074/948/1584 4075/949/1131 4076/1013/38
f 4075/949/1131 4012/950/1069 4076/1014/38
f 213/1212/115 214/1213/115 218/1214/115 217/1215/115
f 214/1212/115 215/1213/115 219/1214/115 218/1215/115
f 215/1213/115 216/1212/115 220/1215/115 219/1214/115
f 216/1213/115 213/1212/115 217/1215/115 220/1214/115
f 217/1215/117 218/1214/117 222/1216/117 221/1217/117
f 218/1215/118 219/1214/118 223/1216/118 222/1217/118
f 219/1214/1 220/1215/1 224/1217/1 223/1216/1
f 220/1214/116 217/1215/116 221/1217/116 224/1216/116
f 221/1217/38 222/1216/38 226/1218/38 225/1219/38
f 222/1217/38 223/1216/38 227/1218/38 226/1219/38
f 223/1216/38 224/1217/38 228/1219/38 227/1218/38
f 224/1216/38 221/1217/38 225/1219/38 228/1218/38
f 225/1219/1 226/1218/1 214/1220/1 213/1221/1
f 226/1219/116 227/1218/116 215/1220/116 214/1221/116
f 227/1218/117 228/1219/117 216/1221/117 215/1220/117
f 228/1218/118 225/1219/118 213/1221/118 216/1220/118
f 229/1015/115 231/1016/115 230/1017/115
f 229/1018/115 232/1019/115 231/1016/115
f 229/1020/115 233/1021/115 232/1019/115
f 229/1022/115 234/1023/115 233/1021/115
f 229/1024/115 235/1025/115 234/1023/115
f 229/1026/115 236/1027/115 235/1025/115
f 229/1028/115 237/1029/115 236/1027/115
f 229/1030/115 238/1031/115 237/1029/115
f 229/1032/115 239/1033/115 238/1031/115
f 229/1034/115 240/1035/115 239/1033/115
f 229/1036/115 241/1037/115 240/1035/115
f 229/1038/115 242/1039/115 241/1037/115
f 229/1040/115 243/1041/115 242/1039/115
f 229/1042/115 244/1043/115 243/1041/115
f 229/1044/115 245/1045/115 244/1043/115
f 229/1046/115 246/1047/115 245/1045/115
f 229/1048/115 247/1049/115 246/1047/115
f 229/1050/115 248/1051/115 247/1049/115
f 229/1052/115 249/1053/115 248/1051/115
f 229/1054/115 250/1055/115 249/1053/115
f 229/1056/115 251/1057/115 250/1055/115
f 229/1058/115 252/1059/115 251/1057/115
f 229/1060/115 253/1061/115 252/1059/115
f 229/1062/115 254/1063/115 253/1061/115
f 229/1064/115 255/1065/115 254/1063/115
f 229/1066/115 256/1067/115 255/1065/115
f 229/1068/115 257/1069/115 256/1067/115
f 229/1070/115 258/1071/115 257/1069/115
f 229/1072/115 259/1073/115 258/1071/115
f 229/1074/115 260/1075/115 259/1073/115
f 229/1076/115 261/1077/115 260/1075/115
f 229/1078/115 262/1079/115 261/1077/115
f 229/1080/115 263/1081/115 262/1079/115
f 229/1082/115 264/1083/115 263/1081/115
f 229/1084/115 265/1085/115 264/1083/115
f 229/1086/115 266/1087/115 265/1085/115
f 229/1088/115 267/1089/115 266/1087/115
f 229/1090/115 268/1091/115 267/1089/115
f 229/1092/115 269/1093/115 268/1091/115
f 229/1094/115 270/1095/115 269/1093/115
f 229/1096/115 271/1097/115 270/1095/115
f 229/1098/115 272/1099/115 271/1097/115
f 229/1100/115 273/1101/115 272/1099/115
f 229/1102/115 274/1103/115 273/1101/115
f 229/1104/115 275/1105/115 274/1103/115
f 229/1106/115 276/1107/115 275/1105/115
f 229/1108/115 277/1109/115 276/1107/115
f 229/1110/115 278/1111/115 277/1109/115
f 229/1112/115 279/1113/115 278/1111/115
f 229/1114/115 280/1115/115 279/1113/115
f 229/1116/115 281/1117/115 280/1115/115
f 229/1118/115 282/1119/115 281/1117/115
f 229/1120/115 283/1121/115 282/1119/115
f 229/1122/115 284/1123/115 283/1121/115
f 229/1124/115 285/1125/115 284/1123/115
f 229/1126/115 286/1127/115 285/1125/115
f 229/1128/115 287/1129/115 286/1127/115
f 229/1130/115 288/1131/115 287/1129/115
f 229/1132/115 289/1133/115 288/1131/115
f 229/1134/115 290/1135/115 289/1133/115
f 229/1136/115 291/1137/115 290/1135/115
f 229/1138/115 292/1139/115 291/1137/115
f 229/1140/115 293/1141/115 292/1139/115
f 229/1142/115 230/1143/115 293/1141/115
f 230/1017/116 231/1016/1585 295/1144/1586 294/1145/1134
f 231/1016/1585 232/1019/1135 296/1146/1136 295/1144/1586
f 232/1019/1135 233/1021/1137 297/1147/1138 296/1146/1136
f 233/1021/1137 234/1023/1587 298/1148/1588 297/1147/1138
f 234/1023/1141 235/1025/1142 299/1149/1143 298/1148/1144
f 235/1025/1142 236/1027/1145 300/1150/1589 299/1149/1143
f 236/1027/1145 237/1029/1147 301/1151/1148 300/1150/1589
f 237/1029/1147 238/1031/1149 302/1152/1150 301/1151/1148
f 238/1031/1149 239/1033/1590 303/1153/1152 302/1152/1150
f 239/1033/1590 240/1035/1153 304/1154/1672 303/1153/1152
f 240/1035/1153 241/1037/1155 305/1155/1156 304/1154/1672
f 241/1037/1155 242/1039/1157 306/1156/1158 305/1155/1156
f 242/1039/1159 243/1041/1160 307/1157/1161 306/1156/1162
f 243/1041/1160 244/1043/1163 308/1158/1164 307/1157/1161
f 244/1043/1163 245/1045/1591 309/1159/1425 308/1158/1164
f 245/1045/1591 246/1047/117 310/1160/1167 309/1159/1425
f 246/1047/117 247/1049/1592 311/1161/1169 310/1160/1167
f 247/1049/1592 248/1051/1170 312/1162/1171 311/1161/1169
f 248/1051/1170 249/1053/1172 313/1163/1173 312/1162/1171
f 249/1053/1172 250/1055/1174 314/1164/1175 313/1163/1173
f 250/1055/1176 251/1057/1177 315/1165/1178 314/1164/1179
f 251/1057/1177 252/1059/1180 316/1166/1181 315/1165/1178
f 252/1059/1180 253/1061/1594 317/1167/1183 316/1166/1181
f 253/1061/1594 254/1063/1184 318/1168/1185 317/1167/1183
f 254/1063/1184 255/1065/1186 319/1169/1187 318/1168/1185
f 255/1065/1186 256/1067/1188 320/1170/1595 319/1169/1187
f 256/1067/1188 257/1069/1190 321/1171/1191 320/1170/1595
f 257/1069/1190 258/1071/1192 322/1172/1193 321/1171/1191
f 258/1071/1596 259/1073/1195 323/1173/1196 322/1172/1597
f 259/1073/1195 260/1075/1198 324/1174/1199 323/1173/1196
f 260/1075/1198 261/1077/1598 325/1175/1599 324/1174/1199
f 261/1077/1598 262/1079/118 326/1176/1202 325/1175/1599
f 262/1079/118 263/1081/1600 327/1177/1601 326/1176/1202
f 263/1081/1600 264/1083/1205 328/1178/1206 327/1177/1601
f 264/1083/1205 265/1085/1207 329/1179/1208 328/1178/1206
f 265/1085/1207 266/1087/1602 330/1180/1673 329/1179/1208
f 266/1087/1211 267/1089/1212 331/1181/1213 330/1180/1214
f 267/1089/1212 268/1091/1215 332/1182/1603 331/1181/1213
f 268/1091/1215 269/1093/1217 333/1183/1218 332/1182/1603
f 269/1093/1217 270/1095/1219 334/1184/1220 333/1183/1218
f 270/1095/1219 271/1097/1604 335/1185/1222 334/1184/1220
f 271/1097/1604 272/1099/1223 336/1186/1224 335/1185/1222
f 272/1099/1223 273/1101/1225 337/1187/1226 336/1186/1224
f 273/1101/1225 274/1103/1227 338/1188/1228 337/1187/1226
f 274/1103/1229 275/1105/1230 339/1189/1231 338/1188/1232
f 275/1105/1230 276/1107/1233 340/1190/1234 339/1189/1231
f 276/1107/1233 277/1109/1605 341/1191/1236 340/1190/1234
f 277/1109/1605 278/1111/1 342/1192/1237 341/1191/1236
f 278/1111/1 279/1113/1607 343/1193/1239 342/1192/1237
f 279/1113/1607 280/1115/1240 344/1194/1241 343/1193/1239
f 280/1115/1240 281/1117/1242 345/1195/1243 344/1194/1241
f 281/1117/1242 282/1119/1244 346/1196/1245 345/1195/1243
f 282/1119/1246 283/1121/1247 347/1197/1248 346/1196/1249
f 283/1121/1247 284/1123/1250 348/1198/1428 347/1197/1248
f 284/1123/1250 285/1125/1608 349/1199/1253 348/1198/1428
f 285/1125/1608 286/1127/1254 350/1200/1255 349/1199/1253
f 286/1127/1254 287/1129/1256 351/1201/1257 350/1200/1255
f 287/1129/1256 288/1131/1258 352/1202/1609 351/1201/1257
f 288/1131/1258 289/1133/1260 353/1203/1674 352/1202/1609
f 289/1133/1260 290/1135/1262 354/1204/1263 353/1203/1674
f 290/1135/1610 291/1137/1265 355/1205/1266 354/1204/1611
f 291/1137/1265 292/1139/1268 356/1206/1269 355/1205/1266
f 292/1139/1268 293/1141/1612 357/1207/1613 356/1206/1269
f 293/1141/1612 230/1143/116 294/1208/1134 357/1207/1613
f 294/1145/1134 295/1144/1586 359/1209/1272 358/1210/341
f 295/1144/1586 296/1146/1136 360/1211/1273 359/1209/1272
f 296/1146/1136 297/1147/1138 361/109/211 360/1211/1273
f 297/1147/1138 298/1148/1588 362/110/212 361/109/211
f 298/1148/1144 299/1149/1143 363/113/216 362/110/215
f 299/1149/1143 300/1150/1589 364/115/218 363/113/216
f 300/1150/1589 301/1151/1148 365/117/220 364/115/218
f 301/1151/1148 302/1152/1150 366/119/222 365/117/220
f 302/1152/1150 303/1153/1152 367/121/224 366/119/222
f 303/1153/1152 304/1154/1672 368/123/226 367/121/224
f 304/1154/1672 305/1155/1156 369/125/228 368/123/226
f 305/1155/1156 306/1156/1158 370/127/230 369/125/228
f 306/1156/1162 307/1157/1161 371/129/233 370/127/232
f 307/1157/1161 308/1158/1164 372/131/235 371/129/233
f 308/1158/1164 309/1159/1425 373/133/237 372/131/235
f 309/1159/1425 310/1160/1167 374/135/239 373/133/237
f 310/1160/1167 311/1161/1169 375/137/241 374/135/239
f 311/1161/1169 312/1162/1171 376/139/243 375/137/241
f 312/1162/1171 313/1163/1173 377/141/245 376/139/243
f 313/1163/1173 314/1164/1175 378/143/247 377/141/245
f 314/1164/1179 315/1165/1178 379/145/250 378/143/249
f 315/1165/1178 316/1166/1181 380/147/252 379/145/250
f 316/1166/1181 317/1167/1183 381/149/254 380/147/252
f 317/1167/1183 318/1168/1185 382/151/256 381/149/254
f 318/1168/1185 319/1169/1187 383/153/258 382/151/256
f 319/1169/1187 320/1170/1595 384/155/260 383/153/258
f 320/1170/1595 321/1171/1191 385/157/262 384/155/260
f 321/1171/1191 322/1172/1193 386/159/264 385/157/262
f 322/1172/1597 323/1173/1196 387/161/267 386/159/266
f 323/1173/1196 324/1174/1199 388/163/269 387/161/267
f 324/1174/1199 325/1175/1599 389/165/271 388/163/269
f 325/1175/1599 326/1176/1202 390/167/273 389/165/271
f 326/1176/1202 327/1177/1601 391/169/275 390/167/273
f 327/1177/1601 328/1178/1206 392/171/277 391/169/275
f 328/1178/1206 329/1179/1208 393/173/279 392/171/277
f 329/1179/1208 330/1180/1673 394/175/281 393/173/279
f 330/1180/1214 331/1181/1213 395/177/284 394/175/283
f 331/1181/1213 332/1182/1603 396/179/286 395/177/284
f 332/1182/1603 333/1183/1218 397/181/288 396/179/286
f 333/1183/1218 334/1184/1220 398/183/290 397/181/288
f 334/1184/1220 335/1185/1222 399/185/292 398/183/290
f 335/1185/1222 336/1186/1224 400/187/294 399/185/292
f 336/1186/1224 337/1187/1226 401/189/296 400/187/294
f 337/1187/1226 338/1188/1228 402/191/298 401/189/296
f 338/1188/1232 339/1189/1231 403/193/301 402/191/300
f 339/1189/1231 340/1190/1234 404/195/303 403/193/301
f 340/1190/1234 341/1191/1236 405/197/305 404/195/303
f 341/1191/1236 342/1192/1237 406/199/307 405/197/305
f 342/1192/1237 343/1193/1239 407/201/309 406/199/307
f 343/1193/1239 344/1194/1241 408/203/311 407/201/309
f 344/1194/1241 345/1195/1243 409/205/313 408/203/311
f 345/1195/1243 346/1196/1245 410/207/315 409/205/313
f 346/1196/1249 347/1197/1248 411/209/318 410/207/317
f 347/1197/1248 348/1198/1428 412/211/320 411/209/318
f 348/1198/1428 349/1199/1253 413/213/322 412/211/320
f 349/1199/1253 350/1200/1255 414/215/324 413/213/322
f 350/1200/1255 351/1201/1257 415/217/326 414/215/324
f 351/1201/1257 352/1202/1609 416/219/328 415/217/326
f 352/1202/1609 353/1203/1674 417/221/330 416/219/328
f 353/1203/1674 354/1204/1263 418/223/332 417/221/330
f 354/1204/1611 355/1205/1266 419/225/335 418/223/334
f 355/1205/1266 356/1206/1269 420/227/337 419/225/335
f 356/1206/1269 357/1207/1613 421/229/339 420/227/337
f 357/1207/1613 294/1208/1134 358/231/341 421/229/339
f 358/1210/341 359/1209/1272 423/234/343 422/233/342
f 359/1209/1272 360/1211/1273 424/237/346 423/234/343
f 360/1211/1273 361/109/211 425/112/214 424/237/346
