# Blender 5.2.1 LTS
# www.blender.org
mtllib king.mtl
o king
v 0.000000 0.000000 0.000000
v 0.257600 0.000000 0.000000
v 0.256360 0.000000 -0.025249
v 0.252650 0.000000 -0.050255
v 0.246508 0.000000 -0.074777
v 0.237991 0.000000 -0.098579
v 0.227183 0.000000 -0.121432
v 0.214187 0.000000 -0.143115
v 0.199127 0.000000 -0.163420
v 0.182151 0.000000 -0.182151
v 0.163420 0.000000 -0.199127
v 0.143115 0.000000 -0.214187
v 0.121432 0.000000 -0.227183
v 0.098579 0.000000 -0.237991
v 0.074777 0.000000 -0.246508
v 0.050255 0.000000 -0.252650
v 0.025249 0.000000 -0.256360
v 0.000000 0.000000 -0.257600
v -0.025249 0.000000 -0.256360
v -0.050255 0.000000 -0.252650
v -0.074777 0.000000 -0.246508
v -0.098579 0.000000 -0.237991
v -0.121432 0.000000 -0.227183
v -0.143115 0.000000 -0.214187
v -0.163420 0.000000 -0.199127
v -0.182151 0.000000 -0.182151
v -0.199127 0.000000 -0.163420
v -0.214187 0.000000 -0.143115
v -0.227183 0.000000 -0.121432
v -0.237991 0.000000 -0.098579
v -0.246508 0.000000 -0.074777
v -0.252650 0.000000 -0.050255
v -0.256360 0.000000 -0.025249
v -0.257600 0.000000 -0.000000
v -0.256360 0.000000 0.025249
v -0.252650 0.000000 0.050255
v -0.246508 0.000000 0.074777
v -0.237991 0.000000 0.098579
v -0.227183 0.000000 0.121432
v -0.214187 0.000000 0.143115
v -0.199127 0.000000 0.163420
v -0.182151 0.000000 0.182151
v -0.163420 0.000000 0.199127
v -0.143115 0.000000 0.214187
v -0.121432 0.000000 0.227183
v -0.098579 0.000000 0.237991
v -0.074777 0.000000 0.246508
v -0.050255 0.000000 0.252650
v -0.025249 0.000000 0.256360
v -0.000000 0.000000 0.257600
v 0.025249 0.000000 0.256360
v 0.050255 0.000000 0.252650
v 0.074777 0.000000 0.246508
v 0.098579 0.000000 0.237991
v 0.121432 0.000000 0.227183
v 0.143115 0.000000 0.214187
v 0.163420 0.000000 0.199127
v 0.182151 0.000000 0.182151
v 0.199127 0.000000 0.163420
v 0.214187 0.000000 0.143115
v 0.227183 0.000000 0.121432
v 0.237991 0.000000 0.098579
v 0.246508 0.000000 0.074777
v 0.252650 0.000000 0.050255
v 0.256360 0.000000 0.025249
v 0.274400 0.012320 0.000000
v 0.273079 0.012320 -0.026896
v 0.269127 0.012320 -0.053533
v 0.262584 0.012320 -0.079654
v 0.253513 0.012320 -0.105008
v 0.241999 0.012320 -0.129351
v 0.228155 0.012320 -0.152448
v 0.212114 0.012320 -0.174078
v 0.194030 0.012320 -0.194030
v 0.174078 0.012320 -0.212114
v 0.152448 0.012320 -0.228155
v 0.129351 0.012320 -0.241999
v 0.105008 0.012320 -0.253513
v 0.079654 0.012320 -0.262584
v 0.053533 0.012320 -0.269127
v 0.026896 0.012320 -0.273079
v 0.000000 0.012320 -0.274400
v -0.026896 0.012320 -0.273079
v -0.053533 0.012320 -0.269127
v -0.079654 0.012320 -0.262584
v -0.105008 0.012320 -0.253513
v -0.129351 0.012320 -0.241999
v -0.152448 0.012320 -0.228155
v -0.174078 0.012320 -0.212114
v -0.194030 0.012320 -0.194030
v -0.212114 0.012320 -0.174078
v -0.228155 0.012320 -0.152448
v -0.241999 0.012320 -0.129351
v -0.253513 0.012320 -0.105008
v -0.262584 0.012320 -0.079654
v -0.269127 0.012320 -0.053533
v -0.273079 0.012320 -0.026896
v -0.274400 0.012320 -0.000000
v -0.273079 0.012320 0.026896
v -0.269127 0.012320 0.053533
v -0.262584 0.012320 0.079654
v -0.253513 0.012320 0.105008
v -0.241999 0.012320 0.129351
v -0.228155 0.012320 0.152448
v -0.212114 0.012320 0.174078
v -0.194030 0.012320 0.194030
v -0.174078 0.012320 0.212114
v -0.152448 0.012320 0.228155
v -0.129351 0.012320 0.241999
v -0.105008 0.012320 0.253513
v -0.079654 0.012320 0.262584
v -0.053533 0.012320 0.269127
v -0.026896 0.012320 0.273079
v -0.000000 0.012320 0.274400
v 0.026896 0.012320 0.273079
v 0.053533 0.012320 0.269127
v 0.079654 0.012320 0.262584
v 0.105008 0.012320 0.253513
v 0.129351 0.012320 0.241999
v 0.152448 0.012320 0.228155
v 0.174078 0.012320 0.212114
v 0.194030 0.012320 0.194030
v 0.212114 0.012320 0.174078
v 0.228155 0.012320 0.152448
v 0.241999 0.012320 0.129351
v 0.253513 0.012320 0.105008
v 0.262584 0.012320 0.079654
v 0.269127 0.012320 0.053533
v 0.273079 0.012320 0.026896
v 0.279268 0.017188 0.000000
v 0.277923 0.017188 -0.027373
v 0.273902 0.017188 -0.054482
v 0.267243 0.017188 -0.081067
v 0.258010 0.017188 -0.106871
v 0.246292 0.017188 -0.131646
v 0.232203 0.017188 -0.155153
v 0.215877 0.017188 -0.177166
v 0.197472 0.017188 -0.197472
v 0.177166 0.017188 -0.215877
v 0.155153 0.017188 -0.232203
v 0.131646 0.017188 -0.246292
v 0.106871 0.017188 -0.258010
v 0.081067 0.017188 -0.267243
v 0.054482 0.017188 -0.273902
v 0.027373 0.017188 -0.277923
v 0.000000 0.017188 -0.279268
v -0.027373 0.017188 -0.277923
v -0.054482 0.017188 -0.273902
v -0.081067 0.017188 -0.267243
v -0.106871 0.017188 -0.258010
v -0.131646 0.017188 -0.246292
v -0.155153 0.017188 -0.232203
v -0.177166 0.017188 -0.215877
v -0.197472 0.017188 -0.197472
v -0.215877 0.017188 -0.177166
v -0.232203 0.017188 -0.155153
v -0.246292 0.017188 -0.131646
v -0.258010 0.017188 -0.106871
v -0.267243 0.017188 -0.081067
v -0.273902 0.017188 -0.054482
v -0.277923 0.017188 -0.027373
v -0.279268 0.017188 -0.000000
v -0.277923 0.017188 0.027373
v -0.273902 0.017188 0.054482
v -0.267243 0.017188 0.081067
v -0.258010 0.017188 0.106871
v -0.246292 0.017188 0.131646
v -0.232203 0.017188 0.155153
v -0.215877 0.017188 0.177166
v -0.197472 0.017188 0.197472
v -0.177166 0.017188 0.215877
v -0.155153 0.017188 0.232203
v -0.131646 0.017188 0.246292
v -0.106871 0.017188 0.258010
v -0.081067 0.017188 0.267243
v -0.054482 0.017188 0.273902
v -0.027373 0.017188 0.277923
v -0.000000 0.017188 0.279268
v 0.027373 0.017188 0.277923
v 0.054482 0.017188 0.273902
v 0.081067 0.017188 0.267243
v 0.106871 0.017188 0.258010
v 0.131646 0.017188 0.246292
v 0.155153 0.017188 0.232203
v 0.177166 0.017188 0.215877
v 0.197472 0.017188 0.197472
v 0.215877 0.017188 0.177166
v 0.232203 0.017188 0.155153
v 0.246292 0.017188 0.131646
v 0.258010 0.017188 0.106871
v 0.267243 0.017188 0.081067
v 0.273902 0.017188 0.054482
v 0.277923 0.017188 0.027373
v 0.280000 0.018956 0.000000
v 0.278652 0.018956 -0.027445
v 0.274620 0.018956 -0.054625
v 0.267943 0.018956 -0.081280
v 0.258686 0.018956 -0.107151
v 0.246938 0.018956 -0.131991
v 0.232811 0.018956 -0.155560
v 0.216443 0.018956 -0.177630
v 0.197990 0.018956 -0.197990
v 0.177630 0.018956 -0.216443
v 0.155560 0.018956 -0.232811
v 0.131991 0.018956 -0.246938
v 0.107151 0.018956 -0.258686
v 0.081280 0.018956 -0.267943
v 0.054625 0.018956 -0.274620
v 0.027445 0.018956 -0.278652
v 0.000000 0.018956 -0.280000
v -0.027445 0.018956 -0.278652
v -0.054625 0.018956 -0.274620
v -0.081280 0.018956 -0.267943
v -0.107151 0.018956 -0.258686
v -0.131991 0.018956 -0.246938
v -0.155560 0.018956 -0.232811
v -0.177630 0.018956 -0.216443
v -0.197990 0.018956 -0.197990
v -0.216443 0.018956 -0.177630
v -0.232811 0.018956 -0.155560
v -0.246938 0.018956 -0.131991
v -0.258686 0.018956 -0.107151
v -0.267943 0.018956 -0.081280
v -0.274620 0.018956 -0.054625
v -0.278652 0.018956 -0.027445
v -0.280000 0.018956 -0.000000
v -0.278652 0.018956 0.027445
v -0.274620 0.018956 0.054625
v -0.267943 0.018956 0.081280
v -0.258686 0.018956 0.107151
v -0.246938 0.018956 0.131991
v -0.232811 0.018956 0.155560
v -0.216443 0.018956 0.177630
v -0.197990 0.018956 0.197990
v -0.177630 0.018956 0.216443
v -0.155560 0.018956 0.232811
v -0.131991 0.018956 0.246938
v -0.107151 0.018956 0.258686
v -0.081280 0.018956 0.267943
v -0.054625 0.018956 0.274620
v -0.027445 0.018956 0.278652
v -0.000000 0.018956 0.280000
v 0.027445 0.018956 0.278652
v 0.054625 0.018956 0.274620
v 0.081280 0.018956 0.267943
v 0.107151 0.018956 0.258686
v 0.131991 0.018956 0.246938
v 0.155560 0.018956 0.232811
v 0.177630 0.018956 0.216443
v 0.197990 0.018956 0.197990
v 0.216443 0.018956 0.177630
v 0.232811 0.018956 0.155560
v 0.246938 0.018956 0.131991
v 0.258686 0.018956 0.107151
v 0.267943 0.018956 0.081280
v 0.274620 0.018956 0.054625
v 0.278652 0.018956 0.027445
v 0.280000 0.036596 0.000000
v 0.278652 0.036596 -0.027445
v 0.274620 0.036596 -0.054625
v 0.267943 0.036596 -0.081280
v 0.258686 0.036596 -0.107151
v 0.246938 0.036596 -0.131991
v 0.232811 0.036596 -0.155560
v 0.216443 0.036596 -0.177630
v 0.197990 0.036596 -0.197990
v 0.177630 0.036596 -0.216443
v 0.155560 0.036596 -0.232811
v 0.131991 0.036596 -0.246938
v 0.107151 0.036596 -0.258686
v 0.081280 0.036596 -0.267943
v 0.054625 0.036596 -0.274620
v 0.027445 0.036596 -0.278652
v 0.000000 0.036596 -0.280000
v -0.027445 0.036596 -0.278652
v -0.054625 0.036596 -0.274620
v -0.081280 0.036596 -0.267943
v -0.107151 0.036596 -0.258686
v -0.131991 0.036596 -0.246938
v -0.155560 0.036596 -0.232811
v -0.177630 0.036596 -0.216443
v -0.197990 0.036596 -0.197990
v -0.216443 0.036596 -0.177630
v -0.232811 0.036596 -0.155560
v -0.246938 0.036596 -0.131991
v -0.258686 0.036596 -0.107151
v -0.267943 0.036596 -0.081280
v -0.274620 0.036596 -0.054625
v -0.278652 0.036596 -0.027445
v -0.280000 0.036596 -0.000000
v -0.278652 0.036596 0.027445
v -0.274620 0.036596 0.054625
v -0.267943 0.036596 0.081280
v -0.258686 0.036596 0.107151
v -0.246938 0.036596 0.131991
v -0.232811 0.036596 0.155560
v -0.216443 0.036596 0.177630
v -0.197990 0.036596 0.197990
v -0.177630 0.036596 0.216443
v -0.155560 0.036596 0.232811
v -0.131991 0.036596 0.246938
v -0.107151 0.036596 0.258686
v -0.081280 0.036596 0.267943
v -0.054625 0.036596 0.274620
v -0.027445 0.036596 0.278652
v -0.000000 0.036596 0.280000
v 0.027445 0.036596 0.278652
v 0.054625 0.036596 0.274620
v 0.081280 0.036596 0.267943
v 0.107151 0.036596 0.258686
v 0.131991 0.036596 0.246938
v 0.155560 0.036596 0.232811
v 0.177630 0.036596 0.216443
v 0.197990 0.036596 0.197990
v 0.216443 0.036596 0.177630
v 0.232811 0.036596 0.155560
v 0.246938 0.036596 0.131991
v 0.258686 0.036596 0.107151
v 0.267943 0.036596 0.081280
v 0.274620 0.036596 0.054625
v 0.278652 0.036596 0.027445
v 0.278697 0.038791 0.000000
v 0.277355 0.038791 -0.027317
v 0.273342 0.038791 -0.054371
v 0.266697 0.038791 -0.080902
v 0.257483 0.038791 -0.106653
v 0.245789 0.038791 -0.131377
v 0.231728 0.038791 -0.154836
v 0.215436 0.038791 -0.176804
v 0.197069 0.038791 -0.197069
v 0.176804 0.038791 -0.215436
v 0.154836 0.038791 -0.231728
v 0.131377 0.038791 -0.245789
v 0.106653 0.038791 -0.257483
v 0.080902 0.038791 -0.266697
v 0.054371 0.038791 -0.273342
v 0.027317 0.038791 -0.277355
v 0.000000 0.038791 -0.278697
v -0.027317 0.038791 -0.277355
v -0.054371 0.038791 -0.273342
v -0.080902 0.038791 -0.266697
v -0.106653 0.038791 -0.257483
v -0.131377 0.038791 -0.245789
v -0.154836 0.038791 -0.231728
v -0.176804 0.038791 -0.215436
v -0.197069 0.038791 -0.197069
v -0.215436 0.038791 -0.176804
v -0.231728 0.038791 -0.154836
v -0.245789 0.038791 -0.131377
v -0.257483 0.038791 -0.106653
v -0.266697 0.038791 -0.080902
v -0.273342 0.038791 -0.054371
v -0.277355 0.038791 -0.027317
v -0.278697 0.038791 -0.000000
v -0.277355 0.038791 0.027317
v -0.273342 0.038791 0.054371
v -0.266697 0.038791 0.080902
v -0.257483 0.038791 0.106653
v -0.245789 0.038791 0.131377
v -0.231728 0.038791 0.154836
v -0.215436 0.038791 0.176804
v -0.197069 0.038791 0.197069
v -0.176804 0.038791 0.215436
v -0.154836 0.038791 0.231728
v -0.131377 0.038791 0.245789
v -0.106653 0.038791 0.257483
v -0.080902 0.038791 0.266697
v -0.054371 0.038791 0.273342
v -0.027317 0.038791 0.277355
v -0.000000 0.038791 0.278697
v 0.027317 0.038791 0.277355
v 0.054371 0.038791 0.273342
v 0.080902 0.038791 0.266697
v 0.106653 0.038791 0.257483
v 0.131377 0.038791 0.245789
v 0.154836 0.038791 0.231728
v 0.176804 0.038791 0.215436
v 0.197069 0.038791 0.197069
v 0.215436 0.038791 0.176804
v 0.231728 0.038791 0.154836
v 0.245789 0.038791 0.131377
v 0.257483 0.038791 0.106653
v 0.266697 0.038791 0.080902
v 0.273342 0.038791 0.054371
v 0.277355 0.038791 0.027317
v 0.267680 0.044800 0.000000
v 0.266391 0.044800 -0.026237
v 0.262537 0.044800 -0.052222
v 0.256154 0.044800 -0.077703
v 0.247304 0.044800 -0.102437
v 0.236073 0.044800 -0.126183
v 0.222568 0.044800 -0.148715
v 0.206919 0.044800 -0.169814
v 0.189278 0.044800 -0.189278
v 0.169814 0.044800 -0.206919
v 0.148715 0.044800 -0.222568
v 0.126183 0.044800 -0.236073
v 0.102437 0.044800 -0.247304
v 0.077703 0.044800 -0.256154
v 0.052222 0.044800 -0.262537
v 0.026237 0.044800 -0.266391
v 0.000000 0.044800 -0.267680
v -0.026237 0.044800 -0.266391
v -0.052222 0.044800 -0.262537
v -0.077703 0.044800 -0.256154
v -0.102437 0.044800 -0.247304
v -0.126183 0.044800 -0.236073
v -0.148715 0.044800 -0.222568
v -0.169814 0.044800 -0.206919
v -0.189278 0.044800 -0.189278
v -0.206919 0.044800 -0.169814
v -0.222568 0.044800 -0.148715
v -0.236073 0.044800 -0.126183
v -0.247304 0.044800 -0.102437
v -0.256154 0.044800 -0.077703
v -0.262537 0.044800 -0.052222
v -0.266391 0.044800 -0.026237
v -0.267680 0.044800 -0.000000
v -0.266391 0.044800 0.026237
v -0.262537 0.044800 0.052222
v -0.256154 0.044800 0.077703
v -0.247304 0.044800 0.102437
v -0.236073 0.044800 0.126183
v -0.222568 0.044800 0.148715
v -0.206919 0.044800 0.169814
v -0.189278 0.044800 0.189278
v -0.169814 0.044800 0.206919
v -0.148715 0.044800 0.222568
v -0.126183 0.044800 0.236073
v -0.102437 0.044800 0.247304
v -0.077703 0.044800 0.256154
v -0.052222 0.044800 0.262537
v -0.026237 0.044800 0.266391
v -0.000000 0.044800 0.267680
v 0.026237 0.044800 0.266391
v 0.052222 0.044800 0.262537
v 0.077703 0.044800 0.256154
v 0.102437 0.044800 0.247304
v 0.126183 0.044800 0.236073
v 0.148715 0.044800 0.222568
v 0.169814 0.044800 0.206919
v 0.189278 0.044800 0.189278
v 0.206919 0.044800 0.169814
v 0.222568 0.044800 0.148715
v 0.236073 0.044800 0.126183
v 0.247304 0.044800 0.102437
v 0.256154 0.044800 0.077703
v 0.262537 0.044800 0.052222
v 0.266391 0.044800 0.026237
v 0.270475 0.051950 0.000000
v 0.269172 0.051950 -0.026511
v 0.265278 0.051950 -0.052767
v 0.258828 0.051950 -0.078515
v 0.249886 0.051950 -0.103506
v 0.238537 0.051950 -0.127501
v 0.224892 0.051950 -0.150268
v 0.209080 0.051950 -0.171587
v 0.191255 0.051950 -0.191255
v 0.171587 0.051950 -0.209080
v 0.150268 0.051950 -0.224892
v 0.127501 0.051950 -0.238537
v 0.103506 0.051950 -0.249886
v 0.078515 0.051950 -0.258828
v 0.052767 0.051950 -0.265278
v 0.026511 0.051950 -0.269172
v 0.000000 0.051950 -0.270475
v -0.026511 0.051950 -0.269172
v -0.052767 0.051950 -0.265278
v -0.078515 0.051950 -0.258828
v -0.103506 0.051950 -0.249886
v -0.127501 0.051950 -0.238537
v -0.150268 0.051950 -0.224892
v -0.171587 0.051950 -0.209080
v -0.191255 0.051950 -0.191255
v -0.209080 0.051950 -0.171587
v -0.224892 0.051950 -0.150268
v -0.238537 0.051950 -0.127501
v -0.249886 0.051950 -0.103506
v -0.258828 0.051950 -0.078515
v -0.265278 0.051950 -0.052767
v -0.269172 0.051950 -0.026511
v -0.270475 0.051950 -0.000000
v -0.269172 0.051950 0.026511
v -0.265278 0.051950 0.052767
v -0.258828 0.051950 0.078515
v -0.249886 0.051950 0.103506
v -0.238537 0.051950 0.127501
v -0.224892 0.051950 0.150268
v -0.209080 0.051950 0.171587
v -0.191255 0.051950 0.191255
v -0.171587 0.051950 0.209080
v -0.150268 0.051950 0.224892
v -0.127501 0.051950 0.238537
v -0.103506 0.051950 0.249886
v -0.078515 0.051950 0.258828
v -0.052767 0.051950 0.265278
v -0.026511 0.051950 0.269172
v -0.000000 0.051950 0.270475
v 0.026511 0.051950 0.269172
v 0.052767 0.051950 0.265278
v 0.078515 0.051950 0.258828
v 0.103506 0.051950 0.249886
v 0.127501 0.051950 0.238537
v 0.150268 0.051950 0.224892
v 0.171587 0.051950 0.209080
v 0.191255 0.051950 0.191255
v 0.209080 0.051950 0.171587
v 0.224892 0.051950 0.150268
v 0.238537 0.051950 0.127501
v 0.249886 0.051950 0.103506
v 0.258828 0.051950 0.078515
v 0.265278 0.051950 0.052767
v 0.269172 0.051950 0.026511
v 0.270625 0.061310 0.000000
v 0.269322 0.061310 -0.026526
v 0.265425 0.061310 -0.052796
v 0.258972 0.061310 -0.078558
v 0.250025 0.061310 -0.103564
v 0.238670 0.061310 -0.127572
v 0.225017 0.061310 -0.150351
v 0.209196 0.061310 -0.171683
v 0.191361 0.061310 -0.191361
v 0.171683 0.061310 -0.209196
v 0.150351 0.061310 -0.225017
v 0.127572 0.061310 -0.238670
v 0.103564 0.061310 -0.250025
v 0.078558 0.061310 -0.258972
v 0.052796 0.061310 -0.265425
v 0.026526 0.061310 -0.269322
v 0.000000 0.061310 -0.270625
v -0.026526 0.061310 -0.269322
v -0.052796 0.061310 -0.265425
v -0.078558 0.061310 -0.258972
v -0.103564 0.061310 -0.250025
v -0.127572 0.061310 -0.238670
v -0.150351 0.061310 -0.225017
v -0.171683 0.061310 -0.209196
v -0.191361 0.061310 -0.191361
v -0.209196 0.061310 -0.171683
v -0.225017 0.061310 -0.150351
v -0.238670 0.061310 -0.127572
v -0.250025 0.061310 -0.103564
v -0.258972 0.061310 -0.078558
v -0.265425 0.061310 -0.052796
v -0.269322 0.061310 -0.026526
v -0.270625 0.061310 -0.000000
v -0.269322 0.061310 0.026526
v -0.265425 0.061310 0.052796
v -0.258972 0.061310 0.078558
v -0.250025 0.061310 0.103564
v -0.238670 0.061310 0.127572
v -0.225017 0.061310 0.150351
v -0.209196 0.061310 0.171683
v -0.191361 0.061310 0.191361
v -0.171683 0.061310 0.209196
v -0.150351 0.061310 0.225017
v -0.127572 0.061310 0.238670
v -0.103564 0.061310 0.250025
v -0.078558 0.061310 0.258972
v -0.052796 0.061310 0.265425
v -0.026526 0.061310 0.269322
v -0.000000 0.061310 0.270625
v 0.026526 0.061310 0.269322
v 0.052796 0.061310 0.265425
v 0.078558 0.061310 0.258972
v 0.103564 0.061310 0.250025
v 0.127572 0.061310 0.238670
v 0.150351 0.061310 0.225017
v 0.171683 0.061310 0.209196
v 0.191361 0.061310 0.191361
v 0.209196 0.061310 0.171683
v 0.225017 0.061310 0.150351
v 0.238670 0.061310 0.127572
v 0.250025 0.061310 0.103564
v 0.258972 0.061310 0.078558
v 0.265425 0.061310 0.052796
v 0.269322 0.061310 0.026526
v 0.267540 0.071540 0.000000
v 0.266252 0.071540 -0.026224
v 0.262399 0.071540 -0.052194
v 0.256020 0.071540 -0.077663
v 0.247175 0.071540 -0.102383
v 0.235949 0.071540 -0.126117
v 0.222451 0.071540 -0.148637
v 0.206811 0.071540 -0.169726
v 0.189179 0.071540 -0.189179
v 0.169726 0.071540 -0.206811
v 0.148637 0.071540 -0.222451
v 0.126117 0.071540 -0.235949
v 0.102383 0.071540 -0.247175
v 0.077663 0.071540 -0.256020
v 0.052194 0.071540 -0.262399
v 0.026224 0.071540 -0.266252
v 0.000000 0.071540 -0.267540
v -0.026224 0.071540 -0.266252
v -0.052194 0.071540 -0.262399
v -0.077663 0.071540 -0.256020
v -0.102383 0.071540 -0.247175
v -0.126117 0.071540 -0.235949
v -0.148637 0.071540 -0.222451
v -0.169726 0.071540 -0.206811
v -0.189179 0.071540 -0.189179
v -0.206811 0.071540 -0.169726
v -0.222451 0.071540 -0.148637
v -0.235949 0.071540 -0.126117
v -0.247175 0.071540 -0.102383
v -0.256020 0.071540 -0.077663
v -0.262399 0.071540 -0.052194
v -0.266252 0.071540 -0.026224
v -0.267540 0.071540 -0.000000
v -0.266252 0.071540 0.026224
v -0.262399 0.071540 0.052194
v -0.256020 0.071540 0.077663
v -0.247175 0.071540 0.102383
v -0.235949 0.071540 0.126117
v -0.222451 0.071540 0.148637
v -0.206811 0.071540 0.169726
v -0.189179 0.071540 0.189179
v -0.169726 0.071540 0.206811
v -0.148637 0.071540 0.222451
v -0.126117 0.071540 0.235949
v -0.102383 0.071540 0.247175
v -0.077663 0.071540 0.256020
v -0.052194 0.071540 0.262399
v -0.026224 0.071540 0.266252
v -0.000000 0.071540 0.267540
v 0.026224 0.071540 0.266252
v 0.052194 0.071540 0.262399
v 0.077663 0.071540 0.256020
v 0.102383 0.071540 0.247175
v 0.126117 0.071540 0.235949
v 0.148637 0.071540 0.222451
v 0.169726 0.071540 0.206811
v 0.189179 0.071540 0.189179
v 0.206811 0.071540 0.169726
v 0.222451 0.071540 0.148637
v 0.235949 0.071540 0.126117
v 0.247175 0.071540 0.102383
v 0.256020 0.071540 0.077663
v 0.262399 0.071540 0.052194
v 0.266252 0.071540 0.026224
v 0.260628 0.081304 0.000000
v 0.259373 0.081304 -0.025546
v 0.255620 0.081304 -0.050846
v 0.249406 0.081304 -0.075656
v 0.240789 0.081304 -0.099738
v 0.229853 0.081304 -0.122859
v 0.216704 0.081304 -0.144797
v 0.201468 0.081304 -0.165341
v 0.184292 0.081304 -0.184292
v 0.165341 0.081304 -0.201468
v 0.144797 0.081304 -0.216704
v 0.122859 0.081304 -0.229853
v 0.099738 0.081304 -0.240789
v 0.075656 0.081304 -0.249406
v 0.050846 0.081304 -0.255620
v 0.025546 0.081304 -0.259373
v 0.000000 0.081304 -0.260628
v -0.025546 0.081304 -0.259373
v -0.050846 0.081304 -0.255620
v -0.075656 0.081304 -0.249406
v -0.099738 0.081304 -0.240789
v -0.122859 0.081304 -0.229853
v -0.144797 0.081304 -0.216704
v -0.165341 0.081304 -0.201468
v -0.184292 0.081304 -0.184292
v -0.201468 0.081304 -0.165341
v -0.216704 0.081304 -0.144797
v -0.229853 0.081304 -0.122859
v -0.240789 0.081304 -0.099738
v -0.249406 0.081304 -0.075656
v -0.255620 0.081304 -0.050846
v -0.259373 0.081304 -0.025546
v -0.260628 0.081304 -0.000000
v -0.259373 0.081304 0.025546
v -0.255620 0.081304 0.050846
v -0.249406 0.081304 0.075656
v -0.240789 0.081304 0.099738
v -0.229853 0.081304 0.122859
v -0.216704 0.081304 0.144797
v -0.201468 0.081304 0.165341
v -0.184292 0.081304 0.184292
v -0.165341 0.081304 0.201468
v -0.144797 0.081304 0.216704
v -0.122859 0.081304 0.229853
v -0.099738 0.081304 0.240789
v -0.075656 0.081304 0.249406
v -0.050846 0.081304 0.255620
v -0.025546 0.081304 0.259373
v -0.000000 0.081304 0.260628
v 0.025546 0.081304 0.259373
v 0.050846 0.081304 0.255620
v 0.075656 0.081304 0.249406
v 0.099738 0.081304 0.240789
v 0.122859 0.081304 0.229853
v 0.144797 0.081304 0.216704
v 0.165341 0.081304 0.201468
v 0.184292 0.081304 0.184292
v 0.201468 0.081304 0.165341
v 0.216704 0.081304 0.144797
v 0.229853 0.081304 0.122859
v 0.240789 0.081304 0.099738
v 0.249406 0.081304 0.075656
v 0.255620 0.081304 0.050846
v 0.259373 0.081304 0.025546
v 0.249299 0.089263 0.000000
v 0.248098 0.089263 -0.024436
v 0.244508 0.089263 -0.048636
v 0.238564 0.089263 -0.072368
v 0.230322 0.089263 -0.095402
v 0.219862 0.089263 -0.117519
v 0.207284 0.089263 -0.138503
v 0.192710 0.089263 -0.158153
v 0.176281 0.089263 -0.176281
v 0.158153 0.089263 -0.192710
v 0.138503 0.089263 -0.207284
v 0.117519 0.089263 -0.219862
v 0.095402 0.089263 -0.230322
v 0.072368 0.089263 -0.238564
v 0.048636 0.089263 -0.244508
v 0.024436 0.089263 -0.248098
v 0.000000 0.089263 -0.249299
v -0.024436 0.089263 -0.248098
v -0.048636 0.089263 -0.244508
v -0.072368 0.089263 -0.238564
v -0.095402 0.089263 -0.230322
v -0.117519 0.089263 -0.219862
v -0.138503 0.089263 -0.207284
v -0.158153 0.089263 -0.192710
v -0.176281 0.089263 -0.176281
v -0.192710 0.089263 -0.158153
v -0.207284 0.089263 -0.138503
v -0.219862 0.089263 -0.117519
v -0.230322 0.089263 -0.095402
v -0.238564 0.089263 -0.072368
v -0.244508 0.089263 -0.048636
v -0.248098 0.089263 -0.024436
v -0.249299 0.089263 -0.000000
v -0.248098 0.089263 0.024436
v -0.244508 0.089263 0.048636
v -0.238564 0.089263 0.072368
v -0.230322 0.089263 0.095402
v -0.219862 0.089263 0.117519
v -0.207284 0.089263 0.138503
v -0.192710 0.089263 0.158153
v -0.176281 0.089263 0.176281
v -0.158153 0.089263 0.192710
v -0.138503 0.089263 0.207284
v -0.117519 0.089263 0.219862
v -0.095402 0.089263 0.230322
v -0.072368 0.089263 0.238564
v -0.048636 0.089263 0.244508
v -0.024436 0.089263 0.248098
v -0.000000 0.089263 0.249299
v 0.024436 0.089263 0.248098
v 0.048636 0.089263 0.244508
v 0.072368 0.089263 0.238564
v 0.095402 0.089263 0.230322
v 0.117519 0.089263 0.219862
v 0.138503 0.089263 0.207284
v 0.158153 0.089263 0.192710
v 0.176281 0.089263 0.176281
v 0.192710 0.089263 0.158153
v 0.207284 0.089263 0.138503
v 0.219862 0.089263 0.117519
v 0.230322 0.089263 0.095402
v 0.238564 0.089263 0.072368
v 0.244508 0.089263 0.048636
v 0.248098 0.089263 0.024436
v 0.232960 0.094080 0.000000
v 0.231838 0.094080 -0.022834
v 0.228484 0.094080 -0.045448
v 0.222929 0.094080 -0.067625
v 0.215227 0.094080 -0.089150
v 0.205452 0.094080 -0.109817
v 0.193699 0.094080 -0.129426
v 0.180081 0.094080 -0.147788
v 0.164728 0.094080 -0.164728
v 0.147788 0.094080 -0.180081
v 0.129426 0.094080 -0.193699
v 0.109817 0.094080 -0.205452
v 0.089150 0.094080 -0.215227
v 0.067625 0.094080 -0.222929
v 0.045448 0.094080 -0.228484
v 0.022834 0.094080 -0.231838
v 0.000000 0.094080 -0.232960
v -0.022834 0.094080 -0.231838
v -0.045448 0.094080 -0.228484
v -0.067625 0.094080 -0.222929
v -0.089150 0.094080 -0.215227
v -0.109817 0.094080 -0.205452
v -0.129426 0.094080 -0.193699
v -0.147788 0.094080 -0.180081
v -0.164728 0.094080 -0.164728
v -0.180081 0.094080 -0.147788
v -0.193699 0.094080 -0.129426
v -0.205452 0.094080 -0.109817
v -0.215227 0.094080 -0.089150
v -0.222929 0.094080 -0.067625
v -0.228484 0.094080 -0.045448
v -0.231838 0.094080 -0.022834
v -0.232960 0.094080 -0.000000
v -0.231838 0.094080 0.022834
v -0.228484 0.094080 0.045448
v -0.222929 0.094080 0.067625
v -0.215227 0.094080 0.089150
v -0.205452 0.094080 0.109817
v -0.193699 0.094080 0.129426
v -0.180081 0.094080 0.147788
v -0.164728 0.094080 0.164728
v -0.147788 0.094080 0.180081
v -0.129426 0.094080 0.193699
v -0.109817 0.094080 0.205452
v -0.089150 0.094080 0.215227
v -0.067625 0.094080 0.222929
v -0.045448 0.094080 0.228484
v -0.022834 0.094080 0.231838
v -0.000000 0.094080 0.232960
v 0.022834 0.094080 0.231838
v 0.045448 0.094080 0.228484
v 0.067625 0.094080 0.222929
v 0.089150 0.094080 0.215227
v 0.109817 0.094080 0.205452
v 0.129426 0.094080 0.193699
v 0.147788 0.094080 0.180081
v 0.164728 0.094080 0.164728
v 0.180081 0.094080 0.147788
v 0.193699 0.094080 0.129426
v 0.205452 0.094080 0.109817
v 0.215227 0.094080 0.089150
v 0.222929 0.094080 0.067625
v 0.228484 0.094080 0.045448
v 0.231838 0.094080 0.022834
v 0.221760 0.096320 0.000000
v 0.220692 0.096320 -0.021736
v 0.217499 0.096320 -0.043263
v 0.212211 0.096320 -0.064374
v 0.204880 0.096320 -0.084864
v 0.195575 0.096320 -0.104537
v 0.184387 0.096320 -0.123203
v 0.171423 0.096320 -0.140683
v 0.156808 0.096320 -0.156808
v 0.140683 0.096320 -0.171423
v 0.123203 0.096320 -0.184387
v 0.104537 0.096320 -0.195575
v 0.084864 0.096320 -0.204880
v 0.064374 0.096320 -0.212211
v 0.043263 0.096320 -0.217499
v 0.021736 0.096320 -0.220692
v 0.000000 0.096320 -0.221760
v -0.021736 0.096320 -0.220692
v -0.043263 0.096320 -0.217499
v -0.064374 0.096320 -0.212211
v -0.084864 0.096320 -0.204880
v -0.104537 0.096320 -0.195575
v -0.123203 0.096320 -0.184387
v -0.140683 0.096320 -0.171423
v -0.156808 0.096320 -0.156808
v -0.171423 0.096320 -0.140683
v -0.184387 0.096320 -0.123203
v -0.195575 0.096320 -0.104537
v -0.204880 0.096320 -0.084864
v -0.212211 0.096320 -0.064374
v -0.217499 0.096320 -0.043263
v -0.220692 0.096320 -0.021736
v -0.221760 0.096320 -0.000000
v -0.220692 0.096320 0.021736
v -0.217499 0.096320 0.043263
v -0.212211 0.096320 0.064374
v -0.204880 0.096320 0.084864
v -0.195575 0.096320 0.104537
v -0.184387 0.096320 0.123203
v -0.171423 0.096320 0.140683
v -0.156808 0.096320 0.156808
v -0.140683 0.096320 0.171423
v -0.123203 0.096320 0.184387
v -0.104537 0.096320 0.195575
v -0.084864 0.096320 0.204880
v -0.064374 0.096320 0.212211
v -0.043263 0.096320 0.217499
v -0.021736 0.096320 0.220692
v -0.000000 0.096320 0.221760
v 0.021736 0.096320 0.220692
v 0.043263 0.096320 0.217499
v 0.064374 0.096320 0.212211
v 0.084864 0.096320 0.204880
v 0.104537 0.096320 0.195575
v 0.123203 0.096320 0.184387
v 0.140683 0.096320 0.171423
v 0.156808 0.096320 0.156808
v 0.171423 0.096320 0.140683
v 0.184387 0.096320 0.123203
v 0.195575 0.096320 0.104537
v 0.204880 0.096320 0.084864
v 0.212211 0.096320 0.064374
v 0.217499 0.096320 0.043263
v 0.220692 0.096320 0.021736
v 0.185717 0.100676 0.000000
v 0.184823 0.100676 -0.018203
v 0.182149 0.100676 -0.036232
v 0.177720 0.100676 -0.053911
v 0.171580 0.100676 -0.071071
v 0.163788 0.100676 -0.087546
v 0.154418 0.100676 -0.103179
v 0.143561 0.100676 -0.117818
v 0.131322 0.100676 -0.131322
v 0.117818 0.100676 -0.143561
v 0.103179 0.100676 -0.154418
v 0.087546 0.100676 -0.163788
v 0.071071 0.100676 -0.171580
v 0.053911 0.100676 -0.177720
v 0.036232 0.100676 -0.182149
v 0.018203 0.100676 -0.184823
v 0.000000 0.100676 -0.185717
v -0.018203 0.100676 -0.184823
v -0.036232 0.100676 -0.182149
v -0.053911 0.100676 -0.177720
v -0.071071 0.100676 -0.171580
v -0.087546 0.100676 -0.163788
v -0.103179 0.100676 -0.154418
v -0.117818 0.100676 -0.143561
v -0.131322 0.100676 -0.131322
v -0.143561 0.100676 -0.117818
v -0.154418 0.100676 -0.103179
v -0.163788 0.100676 -0.087546
v -0.171580 0.100676 -0.071071
v -0.177720 0.100676 -0.053911
v -0.182149 0.100676 -0.036232
v -0.184823 0.100676 -0.018203
v -0.185717 0.100676 -0.000000
v -0.184823 0.100676 0.018203
v -0.182149 0.100676 0.036232
v -0.177720 0.100676 0.053911
v -0.171580 0.100676 0.071071
v -0.163788 0.100676 0.087546
v -0.154418 0.100676 0.103179
v -0.143561 0.100676 0.117818
v -0.131322 0.100676 0.131322
v -0.117818 0.100676 0.143561
v -0.103179 0.100676 0.154418
v -0.087546 0.100676 0.163788
v -0.071071 0.100676 0.171580
v -0.053911 0.100676 0.177720
v -0.036232 0.100676 0.182149
v -0.018203 0.100676 0.184823
v -0.000000 0.100676 0.185717
v 0.018203 0.100676 0.184823
v 0.036232 0.100676 0.182149
v 0.053911 0.100676 0.177720
v 0.071071 0.100676 0.171580
v 0.087546 0.100676 0.163788
v 0.103179 0.100676 0.154418
v 0.117818 0.100676 0.143561
v 0.131322 0.100676 0.131322
v 0.143561 0.100676 0.117818
v 0.154418 0.100676 0.103179
v 0.163788 0.100676 0.087546
v 0.171580 0.100676 0.071071
v 0.177720 0.100676 0.053911
v 0.182149 0.100676 0.036232
v 0.184823 0.100676 0.018203
v 0.157548 0.109125 0.000000
v 0.156790 0.109125 -0.015442
v 0.154521 0.109125 -0.030736
v 0.150764 0.109125 -0.045734
v 0.145556 0.109125 -0.060291
v 0.138945 0.109125 -0.074268
v 0.130997 0.109125 -0.087529
v 0.121786 0.109125 -0.099947
v 0.111403 0.109125 -0.111403
v 0.099947 0.109125 -0.121786
v 0.087529 0.109125 -0.130997
v 0.074268 0.109125 -0.138945
v 0.060291 0.109125 -0.145556
v 0.045734 0.109125 -0.150764
v 0.030736 0.109125 -0.154521
v 0.015442 0.109125 -0.156790
v 0.000000 0.109125 -0.157548
v -0.015442 0.109125 -0.156790
v -0.030736 0.109125 -0.154521
v -0.045734 0.109125 -0.150764
v -0.060291 0.109125 -0.145556
v -0.074268 0.109125 -0.138945
v -0.087529 0.109125 -0.130997
v -0.099947 0.109125 -0.121786
v -0.111403 0.109125 -0.111403
v -0.121786 0.109125 -0.099947
v -0.130997 0.109125 -0.087529
v -0.138945 0.109125 -0.074268
v -0.145556 0.109125 -0.060291
v -0.150764 0.109125 -0.045734
v -0.154521 0.109125 -0.030736
v -0.156790 0.109125 -0.015442
v -0.157548 0.109125 -0.000000
v -0.156790 0.109125 0.015442
v -0.154521 0.109125 0.030736
v -0.150764 0.109125 0.045734
v -0.145556 0.109125 0.060291
v -0.138945 0.109125 0.074268
v -0.130997 0.109125 0.087529
v -0.121786 0.109125 0.099947
v -0.111403 0.109125 0.111403
v -0.099947 0.109125 0.121786
v -0.087529 0.109125 0.130997
v -0.074268 0.109125 0.138945
v -0.060291 0.109125 0.145556
v -0.045734 0.109125 0.150764
v -0.030736 0.109125 0.154521
v -0.015442 0.109125 0.156790
v -0.000000 0.109125 0.157548
v 0.015442 0.109125 0.156790
v 0.030736 0.109125 0.154521
v 0.045734 0.109125 0.150764
v 0.060291 0.109125 0.145556
v 0.074268 0.109125 0.138945
v 0.087529 0.109125 0.130997
v 0.099947 0.109125 0.121786
v 0.111403 0.109125 0.111403
v 0.121786 0.109125 0.099947
v 0.130997 0.109125 0.087529
v 0.138945 0.109125 0.074268
v 0.145556 0.109125 0.060291
v 0.150764 0.109125 0.045734
v 0.154521 0.109125 0.030736
v 0.156790 0.109125 0.015442
v 0.137025 0.121364 0.000000
v 0.136365 0.121364 -0.013431
v 0.134392 0.121364 -0.026732
v 0.131124 0.121364 -0.039776
v 0.126594 0.121364 -0.052437
v 0.120845 0.121364 -0.064593
v 0.113932 0.121364 -0.076127
v 0.105921 0.121364 -0.086928
v 0.096891 0.121364 -0.096891
v 0.086928 0.121364 -0.105921
v 0.076127 0.121364 -0.113932
v 0.064593 0.121364 -0.120845
v 0.052437 0.121364 -0.126594
v 0.039776 0.121364 -0.131124
v 0.026732 0.121364 -0.134392
v 0.013431 0.121364 -0.136365
v 0.000000 0.121364 -0.137025
v -0.013431 0.121364 -0.136365
v -0.026732 0.121364 -0.134392
v -0.039776 0.121364 -0.131124
v -0.052437 0.121364 -0.126594
v -0.064593 0.121364 -0.120845
v -0.076127 0.121364 -0.113932
v -0.086928 0.121364 -0.105921
v -0.096891 0.121364 -0.096891
v -0.105921 0.121364 -0.086928
v -0.113932 0.121364 -0.076127
v -0.120845 0.121364 -0.064593
v -0.126594 0.121364 -0.052437
v -0.131124 0.121364 -0.039776
v -0.134392 0.121364 -0.026732
v -0.136365 0.121364 -0.013431
v -0.137025 0.121364 -0.000000
v -0.136365 0.121364 0.013431
v -0.134392 0.121364 0.026732
v -0.131124 0.121364 0.039776
v -0.126594 0.121364 0.052437
v -0.120845 0.121364 0.064593
v -0.113932 0.121364 0.076127
v -0.105921 0.121364 0.086928
v -0.096891 0.121364 0.096891
v -0.086928 0.121364 0.105921
v -0.076127 0.121364 0.113932
v -0.064593 0.121364 0.120845
v -0.052437 0.121364 0.126594
v -0.039776 0.121364 0.131124
v -0.026732 0.121364 0.134392
v -0.013431 0.121364 0.136365
v -0.000000 0.121364 0.137025
v 0.013431 0.121364 0.136365
v 0.026732 0.121364 0.134392
v 0.039776 0.121364 0.131124
v 0.052437 0.121364 0.126594
v 0.064593 0.121364 0.120845
v 0.076127 0.121364 0.113932
v 0.086928 0.121364 0.105921
v 0.096891 0.121364 0.096891
v 0.105921 0.121364 0.086928
v 0.113932 0.121364 0.076127
v 0.120845 0.121364 0.064593
v 0.126594 0.121364 0.052437
v 0.131124 0.121364 0.039776
v 0.134392 0.121364 0.026732
v 0.136365 0.121364 0.013431
v 0.123918 0.137091 0.000000
v 0.123321 0.137091 -0.012146
v 0.121537 0.137091 -0.024175
v 0.118582 0.137091 -0.035972
v 0.114485 0.137091 -0.047421
v 0.109286 0.137091 -0.058415
v 0.103034 0.137091 -0.068845
v 0.095790 0.137091 -0.078613
v 0.087623 0.137091 -0.087623
v 0.078613 0.137091 -0.095790
v 0.068845 0.137091 -0.103034
v 0.058415 0.137091 -0.109286
v 0.047421 0.137091 -0.114485
v 0.035972 0.137091 -0.118582
v 0.024175 0.137091 -0.121537
v 0.012146 0.137091 -0.123321
v 0.000000 0.137091 -0.123918
v -0.012146 0.137091 -0.123321
v -0.024175 0.137091 -0.121537
v -0.035972 0.137091 -0.118582
v -0.047421 0.137091 -0.114485
v -0.058415 0.137091 -0.109286
v -0.068845 0.137091 -0.103034
v -0.078613 0.137091 -0.095790
v -0.087623 0.137091 -0.087623
v -0.095790 0.137091 -0.078613
v -0.103034 0.137091 -0.068845
v -0.109286 0.137091 -0.058415
v -0.114485 0.137091 -0.047421
v -0.118582 0.137091 -0.035972
v -0.121537 0.137091 -0.024175
v -0.123321 0.137091 -0.012146
v -0.123918 0.137091 -0.000000
v -0.123321 0.137091 0.012146
v -0.121537 0.137091 0.024175
v -0.118582 0.137091 0.035972
v -0.114485 0.137091 0.047421
v -0.109286 0.137091 0.058415
v -0.103034 0.137091 0.068845
v -0.095790 0.137091 0.078613
v -0.087623 0.137091 0.087623
v -0.078613 0.137091 0.095790
v -0.068845 0.137091 0.103034
v -0.058415 0.137091 0.109286
v -0.047421 0.137091 0.114485
v -0.035972 0.137091 0.118582
v -0.024175 0.137091 0.121537
v -0.012146 0.137091 0.123321
v -0.000000 0.137091 0.123918
v 0.012146 0.137091 0.123321
v 0.024175 0.137091 0.121537
v 0.035972 0.137091 0.118582
v 0.047421 0.137091 0.114485
v 0.058415 0.137091 0.109286
v 0.068845 0.137091 0.103034
v 0.078613 0.137091 0.095790
v 0.087623 0.137091 0.087623
v 0.095790 0.137091 0.078613
v 0.103034 0.137091 0.068845
v 0.109286 0.137091 0.058415
v 0.114485 0.137091 0.047421
v 0.118582 0.137091 0.035972
v 0.121537 0.137091 0.024175
v 0.123321 0.137091 0.012146
v 0.118000 0.156000 0.000000
v 0.117432 0.156000 -0.011566
v 0.115733 0.156000 -0.023021
v 0.112919 0.156000 -0.034254
v 0.109018 0.156000 -0.045157
v 0.104067 0.156000 -0.055625
v 0.098113 0.156000 -0.065557
v 0.091215 0.156000 -0.074858
v 0.083439 0.156000 -0.083439
v 0.074858 0.156000 -0.091215
v 0.065557 0.156000 -0.098113
v 0.055625 0.156000 -0.104067
v 0.045157 0.156000 -0.109018
v 0.034254 0.156000 -0.112919
v 0.023021 0.156000 -0.115733
v 0.011566 0.156000 -0.117432
v 0.000000 0.156000 -0.118000
v -0.011566 0.156000 -0.117432
v -0.023021 0.156000 -0.115733
v -0.034254 0.156000 -0.112919
v -0.045157 0.156000 -0.109018
v -0.055625 0.156000 -0.104067
v -0.065557 0.156000 -0.098113
v -0.074858 0.156000 -0.091215
v -0.083439 0.156000 -0.083439
v -0.091215 0.156000 -0.074858
v -0.098113 0.156000 -0.065557
v -0.104067 0.156000 -0.055625
v -0.109018 0.156000 -0.045157
v -0.112919 0.156000 -0.034254
v -0.115733 0.156000 -0.023021
v -0.117432 0.156000 -0.011566
v -0.118000 0.156000 -0.000000
v -0.117432 0.156000 0.011566
v -0.115733 0.156000 0.023021
v -0.112919 0.156000 0.034254
v -0.109018 0.156000 0.045157
v -0.104067 0.156000 0.055625
v -0.098113 0.156000 0.065557
v -0.091215 0.156000 0.074858
v -0.083439 0.156000 0.083439
v -0.074858 0.156000 0.091215
v -0.065557 0.156000 0.098113
v -0.055625 0.156000 0.104067
v -0.045157 0.156000 0.109018
v -0.034254 0.156000 0.112919
v -0.023021 0.156000 0.115733
v -0.011566 0.156000 0.117432
v -0.000000 0.156000 0.118000
v 0.011566 0.156000 0.117432
v 0.023021 0.156000 0.115733
v 0.034254 0.156000 0.112919
v 0.045157 0.156000 0.109018
v 0.055625 0.156000 0.104067
v 0.065557 0.156000 0.098113
v 0.074858 0.156000 0.091215
v 0.083439 0.156000 0.083439
v 0.091215 0.156000 0.074858
v 0.098113 0.156000 0.065557
v 0.104067 0.156000 0.055625
v 0.109018 0.156000 0.045157
v 0.112919 0.156000 0.034254
v 0.115733 0.156000 0.023021
v 0.117432 0.156000 0.011566
v 0.107944 0.267232 0.000000
v 0.107424 0.267232 -0.010580
v 0.105870 0.267232 -0.021059
v 0.103296 0.267232 -0.031334
v 0.099727 0.267232 -0.041308
v 0.095198 0.267232 -0.050884
v 0.089752 0.267232 -0.059970
v 0.083442 0.267232 -0.068479
v 0.076328 0.267232 -0.076328
v 0.068479 0.267232 -0.083442
v 0.059970 0.267232 -0.089752
v 0.050884 0.267232 -0.095198
v 0.041308 0.267232 -0.099727
v 0.031334 0.267232 -0.103296
v 0.021059 0.267232 -0.105870
v 0.010580 0.267232 -0.107424
v 0.000000 0.267232 -0.107944
v -0.010580 0.267232 -0.107424
v -0.021059 0.267232 -0.105870
v -0.031334 0.267232 -0.103296
v -0.041308 0.267232 -0.099727
v -0.050884 0.267232 -0.095198
v -0.059970 0.267232 -0.089752
v -0.068479 0.267232 -0.083442
v -0.076328 0.267232 -0.076328
v -0.083442 0.267232 -0.068479
v -0.089752 0.267232 -0.059970
v -0.095198 0.267232 -0.050884
v -0.099727 0.267232 -0.041308
v -0.103296 0.267232 -0.031334
v -0.105870 0.267232 -0.021059
v -0.107424 0.267232 -0.010580
v -0.107944 0.267232 -0.000000
v -0.107424 0.267232 0.010580
v -0.105870 0.267232 0.021059
v -0.103296 0.267232 0.031334
v -0.099727 0.267232 0.041308
v -0.095198 0.267232 0.050884
v -0.089752 0.267232 0.059970
v -0.083442 0.267232 0.068479
v -0.076328 0.267232 0.076328
v -0.068479 0.267232 0.083442
v -0.059970 0.267232 0.089752
v -0.050884 0.267232 0.095198
v -0.041308 0.267232 0.099727
v -0.031334 0.267232 0.103296
v -0.021059 0.267232 0.105870
v -0.010580 0.267232 0.107424
v -0.000000 0.267232 0.107944
v 0.010580 0.267232 0.107424
v 0.021059 0.267232 0.105870
v 0.031334 0.267232 0.103296
v 0.041308 0.267232 0.099727
v 0.050884 0.267232 0.095198
v 0.059970 0.267232 0.089752
v 0.068479 0.267232 0.083442
v 0.076328 0.267232 0.076328
v 0.083442 0.267232 0.068479
v 0.089752 0.267232 0.059970
v 0.095198 0.267232 0.050884
v 0.099727 0.267232 0.041308
v 0.103296 0.267232 0.031334
v 0.105870 0.267232 0.021059
v 0.107424 0.267232 0.010580
v 0.094192 0.375776 0.000000
v 0.093738 0.375776 -0.009232
v 0.092382 0.375776 -0.018376
v 0.090136 0.375776 -0.027342
v 0.087022 0.375776 -0.036046
v 0.083070 0.375776 -0.044402
v 0.078318 0.375776 -0.052330
v 0.072811 0.375776 -0.059755
v 0.066604 0.375776 -0.066604
v 0.059755 0.375776 -0.072811
v 0.052330 0.375776 -0.078318
v 0.044402 0.375776 -0.083070
v 0.036046 0.375776 -0.087022
v 0.027342 0.375776 -0.090136
v 0.018376 0.375776 -0.092382
v 0.009232 0.375776 -0.093738
v 0.000000 0.375776 -0.094192
v -0.009232 0.375776 -0.093738
v -0.018376 0.375776 -0.092382
v -0.027342 0.375776 -0.090136
v -0.036046 0.375776 -0.087022
v -0.044402 0.375776 -0.083070
v -0.052330 0.375776 -0.078318
v -0.059755 0.375776 -0.072811
v -0.066604 0.375776 -0.066604
v -0.072811 0.375776 -0.059755
v -0.078318 0.375776 -0.052330
v -0.083070 0.375776 -0.044402
v -0.087022 0.375776 -0.036046
v -0.090136 0.375776 -0.027342
v -0.092382 0.375776 -0.018376
v -0.093738 0.375776 -0.009232
v -0.094192 0.375776 -0.000000
v -0.093738 0.375776 0.009232
v -0.092382 0.375776 0.018376
v -0.090136 0.375776 0.027342
v -0.087022 0.375776 0.036046
v -0.083070 0.375776 0.044402
v -0.078318 0.375776 0.052330
v -0.072811 0.375776 0.059755
v -0.066604 0.375776 0.066604
v -0.059755 0.375776 0.072811
v -0.052330 0.375776 0.078318
v -0.044402 0.375776 0.083070
v -0.036046 0.375776 0.087022
v -0.027342 0.375776 0.090136
v -0.018376 0.375776 0.092382
v -0.009232 0.375776 0.093738
v -0.000000 0.375776 0.094192
v 0.009232 0.375776 0.093738
v 0.018376 0.375776 0.092382
v 0.027342 0.375776 0.090136
v 0.036046 0.375776 0.087022
v 0.044402 0.375776 0.083070
v 0.052330 0.375776 0.078318
v 0.059755 0.375776 0.072811
v 0.066604 0.375776 0.066604
v 0.072811 0.375776 0.059755
v 0.078318 0.375776 0.052330
v 0.083070 0.375776 0.044402
v 0.087022 0.375776 0.036046
v 0.090136 0.375776 0.027342
v 0.092382 0.375776 0.018376
v 0.093738 0.375776 0.009232
v 0.079768 0.475104 0.000000
v 0.079384 0.475104 -0.007819
v 0.078235 0.475104 -0.015562
v 0.076333 0.475104 -0.023155
v 0.073696 0.475104 -0.030526
v 0.070349 0.475104 -0.037602
v 0.066325 0.475104 -0.044317
v 0.061662 0.475104 -0.050604
v 0.056404 0.475104 -0.056404
v 0.050604 0.475104 -0.061662
v 0.044317 0.475104 -0.066325
v 0.037602 0.475104 -0.070349
v 0.030526 0.475104 -0.073696
v 0.023155 0.475104 -0.076333
v 0.015562 0.475104 -0.078235
v 0.007819 0.475104 -0.079384
v 0.000000 0.475104 -0.079768
v -0.007819 0.475104 -0.079384
v -0.015562 0.475104 -0.078235
v -0.023155 0.475104 -0.076333
v -0.030526 0.475104 -0.073696
v -0.037602 0.475104 -0.070349
v -0.044317 0.475104 -0.066325
v -0.050604 0.475104 -0.061662
v -0.056404 0.475104 -0.056404
v -0.061662 0.475104 -0.050604
v -0.066325 0.475104 -0.044317
v -0.070349 0.475104 -0.037602
v -0.073696 0.475104 -0.030526
v -0.076333 0.475104 -0.023155
v -0.078235 0.475104 -0.015562
v -0.079384 0.475104 -0.007819
v -0.079768 0.475104 -0.000000
v -0.079384 0.475104 0.007819
v -0.078235 0.475104 0.015562
v -0.076333 0.475104 0.023155
v -0.073696 0.475104 0.030526
v -0.070349 0.475104 0.037602
v -0.066325 0.475104 0.044317
v -0.061662 0.475104 0.050604
v -0.056404 0.475104 0.056404
v -0.050604 0.475104 0.061662
v -0.044317 0.475104 0.066325
v -0.037602 0.475104 0.070349
v -0.030526 0.475104 0.073696
v -0.023155 0.475104 0.076333
v -0.015562 0.475104 0.078235
v -0.007819 0.475104 0.079384
v -0.000000 0.475104 0.079768
v 0.007819 0.475104 0.079384
v 0.015562 0.475104 0.078235
v 0.023155 0.475104 0.076333
v 0.030526 0.475104 0.073696
v 0.037602 0.475104 0.070349
v 0.044317 0.475104 0.066325
v 0.050604 0.475104 0.061662
v 0.056404 0.475104 0.056404
v 0.061662 0.475104 0.050604
v 0.066325 0.475104 0.044317
v 0.070349 0.475104 0.037602
v 0.073696 0.475104 0.030526
v 0.076333 0.475104 0.023155
v 0.078235 0.475104 0.015562
v 0.079384 0.475104 0.007819
v 0.067696 0.558688 0.000000
v 0.067370 0.558688 -0.006635
v 0.066395 0.558688 -0.013207
v 0.064781 0.558688 -0.019651
v 0.062543 0.558688 -0.025906
v 0.059703 0.558688 -0.031912
v 0.056287 0.558688 -0.037610
v 0.052330 0.558688 -0.042946
v 0.047868 0.558688 -0.047868
v 0.042946 0.558688 -0.052330
v 0.037610 0.558688 -0.056287
v 0.031912 0.558688 -0.059703
v 0.025906 0.558688 -0.062543
v 0.019651 0.558688 -0.064781
v 0.013207 0.558688 -0.066395
v 0.006635 0.558688 -0.067370
v 0.000000 0.558688 -0.067696
v -0.006635 0.558688 -0.067370
v -0.013207 0.558688 -0.066395
v -0.019651 0.558688 -0.064781
v -0.025906 0.558688 -0.062543
v -0.031912 0.558688 -0.059703
v -0.037610 0.558688 -0.056287
v -0.042946 0.558688 -0.052330
v -0.047868 0.558688 -0.047868
v -0.052330 0.558688 -0.042946
v -0.056287 0.558688 -0.037610
v -0.059703 0.558688 -0.031912
v -0.062543 0.558688 -0.025906
v -0.064781 0.558688 -0.019651
v -0.066395 0.558688 -0.013207
v -0.067370 0.558688 -0.006635
v -0.067696 0.558688 -0.000000
v -0.067370 0.558688 0.006635
v -0.066395 0.558688 0.013207
v -0.064781 0.558688 0.019651
v -0.062543 0.558688 0.025906
v -0.059703 0.558688 0.031912
v -0.056287 0.558688 0.037610
v -0.052330 0.558688 0.042946
v -0.047868 0.558688 0.047868
v -0.042946 0.558688 0.052330
v -0.037610 0.558688 0.056287
v -0.031912 0.558688 0.059703
v -0.025906 0.558688 0.062543
v -0.019651 0.558688 0.064781
v -0.013207 0.558688 0.066395
v -0.006635 0.558688 0.067370
v -0.000000 0.558688 0.067696
v 0.006635 0.558688 0.067370
v 0.013207 0.558688 0.066395
v 0.019651 0.558688 0.064781
v 0.025906 0.558688 0.062543
v 0.031912 0.558688 0.059703
v 0.037610 0.558688 0.056287
v 0.042946 0.558688 0.052330
v 0.047868 0.558688 0.047868
v 0.052330 0.558688 0.042946
v 0.056287 0.558688 0.037610
v 0.059703 0.558688 0.031912
v 0.062543 0.558688 0.025906
v 0.064781 0.558688 0.019651
v 0.066395 0.558688 0.013207
v 0.067370 0.558688 0.006635
v 0.061484 0.615566 0.000000
v 0.061188 0.615566 -0.006027
v 0.060303 0.615566 -0.011995
v 0.058837 0.615566 -0.017848
v 0.056804 0.615566 -0.023529
v 0.054224 0.615566 -0.028983
v 0.051122 0.615566 -0.034159
v 0.047528 0.615566 -0.039005
v 0.043476 0.615566 -0.043476
v 0.039005 0.615566 -0.047528
v 0.034159 0.615566 -0.051122
v 0.028983 0.615566 -0.054224
v 0.023529 0.615566 -0.056804
v 0.017848 0.615566 -0.058837
v 0.011995 0.615566 -0.060303
v 0.006027 0.615566 -0.061188
v 0.000000 0.615566 -0.061484
v -0.006027 0.615566 -0.061188
v -0.011995 0.615566 -0.060303
v -0.017848 0.615566 -0.058837
v -0.023529 0.615566 -0.056804
v -0.028983 0.615566 -0.054224
v -0.034159 0.615566 -0.051122
v -0.039005 0.615566 -0.047528
v -0.043476 0.615566 -0.043476
v -0.047528 0.615566 -0.039005
v -0.051122 0.615566 -0.034159
v -0.054224 0.615566 -0.028983
v -0.056804 0.615566 -0.023529
v -0.058837 0.615566 -0.017848
v -0.060303 0.615566 -0.011995
v -0.061188 0.615566 -0.006027
v -0.061484 0.615566 -0.000000
v -0.061188 0.615566 0.006027
v -0.060303 0.615566 0.011995
v -0.058837 0.615566 0.017848
v -0.056804 0.615566 0.023529
v -0.054224 0.615566 0.028983
v -0.051122 0.615566 0.034159
v -0.047528 0.615566 0.039005
v -0.043476 0.615566 0.043476
v -0.039005 0.615566 0.047528
v -0.034159 0.615566 0.051122
v -0.028983 0.615566 0.054224
v -0.023529 0.615566 0.056804
v -0.017848 0.615566 0.058837
v -0.011995 0.615566 0.060303
v -0.006027 0.615566 0.061188
v -0.000000 0.615566 0.061484
v 0.006027 0.615566 0.061188
v 0.011995 0.615566 0.060303
v 0.017848 0.615566 0.058837
v 0.023529 0.615566 0.056804
v 0.028983 0.615566 0.054224
v 0.034159 0.615566 0.051122
v 0.039005 0.615566 0.047528
v 0.043476 0.615566 0.043476
v 0.047528 0.615566 0.039005
v 0.051122 0.615566 0.034159
v 0.054224 0.615566 0.028983
v 0.056804 0.615566 0.023529
v 0.058837 0.615566 0.017848
v 0.060303 0.615566 0.011995
v 0.061188 0.615566 0.006027
v 0.061551 0.617506 0.000000
v 0.061255 0.617506 -0.006033
v 0.060369 0.617506 -0.012008
v 0.058901 0.617506 -0.017867
v 0.056866 0.617506 -0.023555
v 0.054283 0.617506 -0.029015
v 0.051178 0.617506 -0.034196
v 0.047580 0.617506 -0.039048
v 0.043523 0.617506 -0.043523
v 0.039048 0.617506 -0.047580
v 0.034196 0.617506 -0.051178
v 0.029015 0.617506 -0.054283
v 0.023555 0.617506 -0.056866
v 0.017867 0.617506 -0.058901
v 0.012008 0.617506 -0.060369
v 0.006033 0.617506 -0.061255
v 0.000000 0.617506 -0.061551
v -0.006033 0.617506 -0.061255
v -0.012008 0.617506 -0.060369
v -0.017867 0.617506 -0.058901
v -0.023555 0.617506 -0.056866
v -0.029015 0.617506 -0.054283
v -0.034196 0.617506 -0.051178
v -0.039048 0.617506 -0.047580
v -0.043523 0.617506 -0.043523
v -0.047580 0.617506 -0.039048
v -0.051178 0.617506 -0.034196
v -0.054283 0.617506 -0.029015
v -0.056866 0.617506 -0.023555
v -0.058901 0.617506 -0.017867
v -0.060369 0.617506 -0.012008
v -0.061255 0.617506 -0.006033
v -0.061551 0.617506 -0.000000
v -0.061255 0.617506 0.006033
v -0.060369 0.617506 0.012008
v -0.058901 0.617506 0.017867
v -0.056866 0.617506 0.023555
v -0.054283 0.617506 0.029015
v -0.051178 0.617506 0.034196
v -0.047580 0.617506 0.039048
v -0.043523 0.617506 0.043523
v -0.039048 0.617506 0.047580
v -0.034196 0.617506 0.051178
v -0.029015 0.617506 0.054283
v -0.023555 0.617506 0.056866
v -0.017867 0.617506 0.058901
v -0.012008 0.617506 0.060369
v -0.006033 0.617506 0.061255
v -0.000000 0.617506 0.061551
v 0.006033 0.617506 0.061255
v 0.012008 0.617506 0.060369
v 0.017867 0.617506 0.058901
v 0.023555 0.617506 0.056866
v 0.029015 0.617506 0.054283
v 0.034196 0.617506 0.051178
v 0.039048 0.617506 0.047580
v 0.043523 0.617506 0.043523
v 0.047580 0.617506 0.039048
v 0.051178 0.617506 0.034196
v 0.054283 0.617506 0.029015
v 0.056866 0.617506 0.023555
v 0.058901 0.617506 0.017867
v 0.060369 0.617506 0.012008
v 0.061255 0.617506 0.006033
v 0.062236 0.618891 0.000000
v 0.061937 0.618891 -0.006100
v 0.061040 0.618891 -0.012142
v 0.059556 0.618891 -0.018066
v 0.057499 0.618891 -0.023817
v 0.054887 0.618891 -0.029338
v 0.051748 0.618891 -0.034577
v 0.048109 0.618891 -0.039482
v 0.044008 0.618891 -0.044008
v 0.039482 0.618891 -0.048109
v 0.034577 0.618891 -0.051748
v 0.029338 0.618891 -0.054887
v 0.023817 0.618891 -0.057499
v 0.018066 0.618891 -0.059556
v 0.012142 0.618891 -0.061040
v 0.006100 0.618891 -0.061937
v 0.000000 0.618891 -0.062236
v -0.006100 0.618891 -0.061937
v -0.012142 0.618891 -0.061040
v -0.018066 0.618891 -0.059556
v -0.023817 0.618891 -0.057499
v -0.029338 0.618891 -0.054887
v -0.034577 0.618891 -0.051748
v -0.039482 0.618891 -0.048109
v -0.044008 0.618891 -0.044008
v -0.048109 0.618891 -0.039482
v -0.051748 0.618891 -0.034577
v -0.054887 0.618891 -0.029338
v -0.057499 0.618891 -0.023817
v -0.059556 0.618891 -0.018066
v -0.061040 0.618891 -0.012142
v -0.061937 0.618891 -0.006100
v -0.062236 0.618891 -0.000000
v -0.061937 0.618891 0.006100
v -0.061040 0.618891 0.012142
v -0.059556 0.618891 0.018066
v -0.057499 0.618891 0.023817
v -0.054887 0.618891 0.029338
v -0.051748 0.618891 0.034577
v -0.048109 0.618891 0.039482
v -0.044008 0.618891 0.044008
v -0.039482 0.618891 0.048109
v -0.034577 0.618891 0.051748
v -0.029338 0.618891 0.054887
v -0.023817 0.618891 0.057499
v -0.018066 0.618891 0.059556
v -0.012142 0.618891 0.061040
v -0.006100 0.618891 0.061937
v -0.000000 0.618891 0.062236
v 0.006100 0.618891 0.061937
v 0.012142 0.618891 0.061040
v 0.018066 0.618891 0.059556
v 0.023817 0.618891 0.057499
v 0.029338 0.618891 0.054887
v 0.034577 0.618891 0.051748
v 0.039482 0.618891 0.048109
v 0.044008 0.618891 0.044008
v 0.048109 0.618891 0.039482
v 0.051748 0.618891 0.034577
v 0.054887 0.618891 0.029338
v 0.057499 0.618891 0.023817
v 0.059556 0.618891 0.018066
v 0.061040 0.618891 0.012142
v 0.061937 0.618891 0.006100
v 0.063539 0.619723 0.000000
v 0.063233 0.619723 -0.006228
v 0.062318 0.619723 -0.012396
v 0.060803 0.619723 -0.018445
v 0.058703 0.619723 -0.024315
v 0.056037 0.619723 -0.029952
v 0.052831 0.619723 -0.035301
v 0.049117 0.619723 -0.040309
v 0.044929 0.619723 -0.044929
v 0.040309 0.619723 -0.049117
v 0.035301 0.619723 -0.052831
v 0.029952 0.619723 -0.056037
v 0.024315 0.619723 -0.058703
v 0.018445 0.619723 -0.060803
v 0.012396 0.619723 -0.062318
v 0.006228 0.619723 -0.063233
v 0.000000 0.619723 -0.063539
v -0.006228 0.619723 -0.063233
v -0.012396 0.619723 -0.062318
v -0.018445 0.619723 -0.060803
v -0.024315 0.619723 -0.058703
v -0.029952 0.619723 -0.056037
v -0.035301 0.619723 -0.052831
v -0.040309 0.619723 -0.049117
v -0.044929 0.619723 -0.044929
v -0.049117 0.619723 -0.040309
v -0.052831 0.619723 -0.035301
v -0.056037 0.619723 -0.029952
v -0.058703 0.619723 -0.024315
v -0.060803 0.619723 -0.018445
v -0.062318 0.619723 -0.012396
v -0.063233 0.619723 -0.006228
v -0.063539 0.619723 -0.000000
v -0.063233 0.619723 0.006228
v -0.062318 0.619723 0.012396
v -0.060803 0.619723 0.018445
v -0.058703 0.619723 0.024315
v -0.056037 0.619723 0.029952
v -0.052831 0.619723 0.035301
v -0.049117 0.619723 0.040309
v -0.044929 0.619723 0.044929
v -0.040309 0.619723 0.049117
v -0.035301 0.619723 0.052831
v -0.029952 0.619723 0.056037
v -0.024315 0.619723 0.058703
v -0.018445 0.619723 0.060803
v -0.012396 0.619723 0.062318
v -0.006228 0.619723 0.063233
v -0.000000 0.619723 0.063539
v 0.006228 0.619723 0.063233
v 0.012396 0.619723 0.062318
v 0.018445 0.619723 0.060803
v 0.024315 0.619723 0.058703
v 0.029952 0.619723 0.056037
v 0.035301 0.619723 0.052831
v 0.040309 0.619723 0.049117
v 0.044929 0.619723 0.044929
v 0.049117 0.619723 0.040309
v 0.052831 0.619723 0.035301
v 0.056037 0.619723 0.029952
v 0.058703 0.619723 0.024315
v 0.060803 0.619723 0.018445
v 0.062318 0.619723 0.012396
v 0.063233 0.619723 0.006228
v 0.065461 0.620000 0.000000
v 0.065145 0.620000 -0.006416
v 0.064203 0.620000 -0.012771
v 0.062642 0.620000 -0.019002
v 0.060478 0.620000 -0.025051
v 0.057731 0.620000 -0.030858
v 0.054429 0.620000 -0.036368
v 0.050602 0.620000 -0.041528
v 0.046288 0.620000 -0.046288
v 0.041528 0.620000 -0.050602
v 0.036368 0.620000 -0.054429
v 0.030858 0.620000 -0.057731
v 0.025051 0.620000 -0.060478
v 0.019002 0.620000 -0.062642
v 0.012771 0.620000 -0.064203
v 0.006416 0.620000 -0.065145
v 0.000000 0.620000 -0.065461
v -0.006416 0.620000 -0.065145
v -0.012771 0.620000 -0.064203
v -0.019002 0.620000 -0.062642
v -0.025051 0.620000 -0.060478
v -0.030858 0.620000 -0.057731
v -0.036368 0.620000 -0.054429
v -0.041528 0.620000 -0.050602
v -0.046288 0.620000 -0.046288
v -0.050602 0.620000 -0.041528
v -0.054429 0.620000 -0.036368
v -0.057731 0.620000 -0.030858
v -0.060478 0.620000 -0.025051
v -0.062642 0.620000 -0.019002
v -0.064203 0.620000 -0.012771
v -0.065145 0.620000 -0.006416
v -0.065461 0.620000 -0.000000
v -0.065145 0.620000 0.006416
v -0.064203 0.620000 0.012771
v -0.062642 0.620000 0.019002
v -0.060478 0.620000 0.025051
v -0.057731 0.620000 0.030858
v -0.054429 0.620000 0.036368
v -0.050602 0.620000 0.041528
v -0.046288 0.620000 0.046288
v -0.041528 0.620000 0.050602
v -0.036368 0.620000 0.054429
v -0.030858 0.620000 0.057731
v -0.025051 0.620000 0.060478
v -0.019002 0.620000 0.062642
v -0.012771 0.620000 0.064203
v -0.006416 0.620000 0.065145
v -0.000000 0.620000 0.065461
v 0.006416 0.620000 0.065145
v 0.012771 0.620000 0.064203
v 0.019002 0.620000 0.062642
v 0.025051 0.620000 0.060478
v 0.030858 0.620000 0.057731
v 0.036368 0.620000 0.054429
v 0.041528 0.620000 0.050602
v 0.046288 0.620000 0.046288
v 0.050602 0.620000 0.041528
v 0.054429 0.620000 0.036368
v 0.057731 0.620000 0.030858
v 0.060478 0.620000 0.025051
v 0.062642 0.620000 0.019002
v 0.064203 0.620000 0.012771
v 0.065145 0.620000 0.006416
v 0.119000 0.620000 0.000000
v 0.118427 0.620000 -0.011664
v 0.116713 0.620000 -0.023216
v 0.113876 0.620000 -0.034544
v 0.109942 0.620000 -0.045539
v 0.104949 0.620000 -0.056096
v 0.098945 0.620000 -0.066113
v 0.091988 0.620000 -0.075493
v 0.084146 0.620000 -0.084146
v 0.075493 0.620000 -0.091988
v 0.066113 0.620000 -0.098945
v 0.056096 0.620000 -0.104949
v 0.045539 0.620000 -0.109942
v 0.034544 0.620000 -0.113876
v 0.023216 0.620000 -0.116713
v 0.011664 0.620000 -0.118427
v 0.000000 0.620000 -0.119000
v -0.011664 0.620000 -0.118427
v -0.023216 0.620000 -0.116713
v -0.034544 0.620000 -0.113876
v -0.045539 0.620000 -0.109942
v -0.056096 0.620000 -0.104949
v -0.066113 0.620000 -0.098945
v -0.075493 0.620000 -0.091988
v -0.084146 0.620000 -0.084146
v -0.091988 0.620000 -0.075493
v -0.098945 0.620000 -0.066113
v -0.104949 0.620000 -0.056096
v -0.109942 0.620000 -0.045539
v -0.113876 0.620000 -0.034544
v -0.116713 0.620000 -0.023216
v -0.118427 0.620000 -0.011664
v -0.119000 0.620000 -0.000000
v -0.118427 0.620000 0.011664
v -0.116713 0.620000 0.023216
v -0.113876 0.620000 0.034544
v -0.109942 0.620000 0.045539
v -0.104949 0.620000 0.056096
v -0.098945 0.620000 0.066113
v -0.091988 0.620000 0.075493
v -0.084146 0.620000 0.084146
v -0.075493 0.620000 0.091988
v -0.066113 0.620000 0.098945
v -0.056096 0.620000 0.104949
v -0.045539 0.620000 0.109942
v -0.034544 0.620000 0.113876
v -0.023216 0.620000 0.116713
v -0.011664 0.620000 0.118427
v -0.000000 0.620000 0.119000
v 0.011664 0.620000 0.118427
v 0.023216 0.620000 0.116713
v 0.034544 0.620000 0.113876
v 0.045539 0.620000 0.109942
v 0.056096 0.620000 0.104949
v 0.066113 0.620000 0.098945
v 0.075493 0.620000 0.091988
v 0.084146 0.620000 0.084146
v 0.091988 0.620000 0.075493
v 0.098945 0.620000 0.066113
v 0.104949 0.620000 0.056096
v 0.109942 0.620000 0.045539
v 0.113876 0.620000 0.034544
v 0.116713 0.620000 0.023216
v 0.118427 0.620000 0.011664
v 0.125661 0.622331 0.000000
v 0.125056 0.622331 -0.012317
v 0.123246 0.622331 -0.024515
v 0.120250 0.622331 -0.036477
v 0.116095 0.622331 -0.048088
v 0.110823 0.622331 -0.059236
v 0.104483 0.622331 -0.069813
v 0.097137 0.622331 -0.079718
v 0.088856 0.622331 -0.088856
v 0.079718 0.622331 -0.097137
v 0.069813 0.622331 -0.104483
v 0.059236 0.622331 -0.110823
v 0.048088 0.622331 -0.116095
v 0.036477 0.622331 -0.120250
v 0.024515 0.622331 -0.123246
v 0.012317 0.622331 -0.125056
v 0.000000 0.622331 -0.125661
v -0.012317 0.622331 -0.125056
v -0.024515 0.622331 -0.123246
v -0.036477 0.622331 -0.120250
v -0.048088 0.622331 -0.116095
v -0.059236 0.622331 -0.110823
v -0.069813 0.622331 -0.104483
v -0.079718 0.622331 -0.097137
v -0.088856 0.622331 -0.088856
v -0.097137 0.622331 -0.079718
v -0.104483 0.622331 -0.069813
v -0.110823 0.622331 -0.059236
v -0.116095 0.622331 -0.048088
v -0.120250 0.622331 -0.036477
v -0.123246 0.622331 -0.024515
v -0.125056 0.622331 -0.012317
v -0.125661 0.622331 -0.000000
v -0.125056 0.622331 0.012317
v -0.123246 0.622331 0.024515
v -0.120250 0.622331 0.036477
v -0.116095 0.622331 0.048088
v -0.110823 0.622331 0.059236
v -0.104483 0.622331 0.069813
v -0.097137 0.622331 0.079718
v -0.088856 0.622331 0.088856
v -0.079718 0.622331 0.097137
v -0.069813 0.622331 0.104483
v -0.059236 0.622331 0.110823
v -0.048088 0.622331 0.116095
v -0.036477 0.622331 0.120250
v -0.024515 0.622331 0.123246
v -0.012317 0.622331 0.125056
v -0.000000 0.622331 0.125661
v 0.012317 0.622331 0.125056
v 0.024515 0.622331 0.123246
v 0.036477 0.622331 0.120250
v 0.048088 0.622331 0.116095
v 0.059236 0.622331 0.110823
v 0.069813 0.622331 0.104483
v 0.079718 0.622331 0.097137
v 0.088856 0.622331 0.088856
v 0.097137 0.622331 0.079718
v 0.104483 0.622331 0.069813
v 0.110823 0.622331 0.059236
v 0.116095 0.622331 0.048088
v 0.120250 0.622331 0.036477
v 0.123246 0.622331 0.024515
v 0.125056 0.622331 0.012317
v 0.127000 0.624219 0.000000
v 0.126388 0.624219 -0.012448
v 0.124560 0.624219 -0.024776
v 0.121531 0.624219 -0.036866
v 0.117333 0.624219 -0.048601
v 0.112004 0.624219 -0.059867
v 0.105597 0.624219 -0.070557
v 0.098172 0.624219 -0.080568
v 0.089803 0.624219 -0.089803
v 0.080568 0.624219 -0.098172
v 0.070557 0.624219 -0.105597
v 0.059867 0.624219 -0.112004
v 0.048601 0.624219 -0.117333
v 0.036866 0.624219 -0.121531
v 0.024776 0.624219 -0.124560
v 0.012448 0.624219 -0.126388
v 0.000000 0.624219 -0.127000
v -0.012448 0.624219 -0.126388
v -0.024776 0.624219 -0.124560
v -0.036866 0.624219 -0.121531
v -0.048601 0.624219 -0.117333
v -0.059867 0.624219 -0.112004
v -0.070557 0.624219 -0.105597
v -0.080568 0.624219 -0.098172
v -0.089803 0.624219 -0.089803
v -0.098172 0.624219 -0.080568
v -0.105597 0.624219 -0.070557
v -0.112004 0.624219 -0.059867
v -0.117333 0.624219 -0.048601
v -0.121531 0.624219 -0.036866
v -0.124560 0.624219 -0.024776
v -0.126388 0.624219 -0.012448
v -0.127000 0.624219 -0.000000
v -0.126388 0.624219 0.012448
v -0.124560 0.624219 0.024776
v -0.121531 0.624219 0.036866
v -0.117333 0.624219 0.048601
v -0.112004 0.624219 0.059867
v -0.105597 0.624219 0.070557
v -0.098172 0.624219 0.080568
v -0.089803 0.624219 0.089803
v -0.080568 0.624219 0.098172
v -0.070557 0.624219 0.105597
v -0.059867 0.624219 0.112004
v -0.048601 0.624219 0.117333
v -0.036866 0.624219 0.121531
v -0.024776 0.624219 0.124560
v -0.012448 0.624219 0.126388
v -0.000000 0.624219 0.127000
v 0.012448 0.624219 0.126388
v 0.024776 0.624219 0.124560
v 0.036866 0.624219 0.121531
v 0.048601 0.624219 0.117333
v 0.059867 0.624219 0.112004
v 0.070557 0.624219 0.105597
v 0.080568 0.624219 0.098172
v 0.089803 0.624219 0.089803
v 0.098172 0.624219 0.080568
v 0.105597 0.624219 0.070557
v 0.112004 0.624219 0.059867
v 0.117333 0.624219 0.048601
v 0.121531 0.624219 0.036866
v 0.124560 0.624219 0.024776
v 0.126388 0.624219 0.012448
v 0.127000 0.651781 0.000000
v 0.126388 0.651781 -0.012448
v 0.124560 0.651781 -0.024776
v 0.121531 0.651781 -0.036866
v 0.117333 0.651781 -0.048601
v 0.112004 0.651781 -0.059867
v 0.105597 0.651781 -0.070557
v 0.098172 0.651781 -0.080568
v 0.089803 0.651781 -0.089803
v 0.080568 0.651781 -0.098172
v 0.070557 0.651781 -0.105597
v 0.059867 0.651781 -0.112004
v 0.048601 0.651781 -0.117333
v 0.036866 0.651781 -0.121531
v 0.024776 0.651781 -0.124560
v 0.012448 0.651781 -0.126388
v 0.000000 0.651781 -0.127000
v -0.012448 0.651781 -0.126388
v -0.024776 0.651781 -0.124560
v -0.036866 0.651781 -0.121531
v -0.048601 0.651781 -0.117333
v -0.059867 0.651781 -0.112004
v -0.070557 0.651781 -0.105597
v -0.080568 0.651781 -0.098172
v -0.089803 0.651781 -0.089803
v -0.098172 0.651781 -0.080568
v -0.105597 0.651781 -0.070557
v -0.112004 0.651781 -0.059867
v -0.117333 0.651781 -0.048601
v -0.121531 0.651781 -0.036866
v -0.124560 0.651781 -0.024776
v -0.126388 0.651781 -0.012448
v -0.127000 0.651781 -0.000000
v -0.126388 0.651781 0.012448
v -0.124560 0.651781 0.024776
v -0.121531 0.651781 0.036866
v -0.117333 0.651781 0.048601
v -0.112004 0.651781 0.059867
v -0.105597 0.651781 0.070557
v -0.098172 0.651781 0.080568
v -0.089803 0.651781 0.089803
v -0.080568 0.651781 0.098172
v -0.070557 0.651781 0.105597
v -0.059867 0.651781 0.112004
v -0.048601 0.651781 0.117333
v -0.036866 0.651781 0.121531
v -0.024776 0.651781 0.124560
v -0.012448 0.651781 0.126388
v -0.000000 0.651781 0.127000
v 0.012448 0.651781 0.126388
v 0.024776 0.651781 0.124560
v 0.036866 0.651781 0.121531
v 0.048601 0.651781 0.117333
v 0.059867 0.651781 0.112004
v 0.070557 0.651781 0.105597
v 0.080568 0.651781 0.098172
v 0.089803 0.651781 0.089803
v 0.098172 0.651781 0.080568
v 0.105597 0.651781 0.070557
v 0.112004 0.651781 0.059867
v 0.117333 0.651781 0.048601
v 0.121531 0.651781 0.036866
v 0.124560 0.651781 0.024776
v 0.126388 0.651781 0.012448
v 0.125661 0.653669 0.000000
v 0.125056 0.653669 -0.012317
v 0.123246 0.653669 -0.024515
v 0.120250 0.653669 -0.036477
v 0.116095 0.653669 -0.048088
v 0.110823 0.653669 -0.059236
v 0.104483 0.653669 -0.069813
v 0.097137 0.653669 -0.079718
v 0.088856 0.653669 -0.088856
v 0.079718 0.653669 -0.097137
v 0.069813 0.653669 -0.104483
v 0.059236 0.653669 -0.110823
v 0.048088 0.653669 -0.116095
v 0.036477 0.653669 -0.120250
v 0.024515 0.653669 -0.123246
v 0.012317 0.653669 -0.125056
v 0.000000 0.653669 -0.125661
v -0.012317 0.653669 -0.125056
v -0.024515 0.653669 -0.123246
v -0.036477 0.653669 -0.120250
v -0.048088 0.653669 -0.116095
v -0.059236 0.653669 -0.110823
v -0.069813 0.653669 -0.104483
v -0.079718 0.653669 -0.097137
v -0.088856 0.653669 -0.088856
v -0.097137 0.653669 -0.079718
v -0.104483 0.653669 -0.069813
v -0.110823 0.653669 -0.059236
v -0.116095 0.653669 -0.048088
v -0.120250 0.653669 -0.036477
v -0.123246 0.653669 -0.024515
v -0.125056 0.653669 -0.012317
v -0.125661 0.653669 -0.000000
v -0.125056 0.653669 0.012317
v -0.123246 0.653669 0.024515
v -0.120250 0.653669 0.036477
v -0.116095 0.653669 0.048088
v -0.110823 0.653669 0.059236
v -0.104483 0.653669 0.069813
v -0.097137 0.653669 0.079718
v -0.088856 0.653669 0.088856
v -0.079718 0.653669 0.097137
v -0.069813 0.653669 0.104483
v -0.059236 0.653669 0.110823
v -0.048088 0.653669 0.116095
v -0.036477 0.653669 0.120250
v -0.024515 0.653669 0.123246
v -0.012317 0.653669 0.125056
v -0.000000 0.653669 0.125661
v 0.012317 0.653669 0.125056
v 0.024515 0.653669 0.123246
v 0.036477 0.653669 0.120250
v 0.048088 0.653669 0.116095
v 0.059236 0.653669 0.110823
v 0.069813 0.653669 0.104483
v 0.079718 0.653669 0.097137
v 0.088856 0.653669 0.088856
v 0.097137 0.653669 0.079718
v 0.104483 0.653669 0.069813
v 0.110823 0.653669 0.059236
v 0.116095 0.653669 0.048088
v 0.120250 0.653669 0.036477
v 0.123246 0.653669 0.024515
v 0.125056 0.653669 0.012317
v 0.119000 0.656000 0.000000
v 0.118427 0.656000 -0.011664
v 0.116713 0.656000 -0.023216
v 0.113876 0.656000 -0.034544
v 0.109942 0.656000 -0.045539
v 0.104949 0.656000 -0.056096
v 0.098945 0.656000 -0.066113
v 0.091988 0.656000 -0.075493
v 0.084146 0.656000 -0.084146
v 0.075493 0.656000 -0.091988
v 0.066113 0.656000 -0.098945
v 0.056096 0.656000 -0.104949
v 0.045539 0.656000 -0.109942
v 0.034544 0.656000 -0.113876
v 0.023216 0.656000 -0.116713
v 0.011664 0.656000 -0.118427
v 0.000000 0.656000 -0.119000
v -0.011664 0.656000 -0.118427
v -0.023216 0.656000 -0.116713
v -0.034544 0.656000 -0.113876
v -0.045539 0.656000 -0.109942
v -0.056096 0.656000 -0.104949
v -0.066113 0.656000 -0.098945
v -0.075493 0.656000 -0.091988
v -0.084146 0.656000 -0.084146
v -0.091988 0.656000 -0.075493
v -0.098945 0.656000 -0.066113
v -0.104949 0.656000 -0.056096
v -0.109942 0.656000 -0.045539
v -0.113876 0.656000 -0.034544
v -0.116713 0.656000 -0.023216
v -0.118427 0.656000 -0.011664
v -0.119000 0.656000 -0.000000
v -0.118427 0.656000 0.011664
v -0.116713 0.656000 0.023216
v -0.113876 0.656000 0.034544
v -0.109942 0.656000 0.045539
v -0.104949 0.656000 0.056096
v -0.098945 0.656000 0.066113
v -0.091988 0.656000 0.075493
v -0.084146 0.656000 0.084146
v -0.075493 0.656000 0.091988
v -0.066113 0.656000 0.098945
v -0.056096 0.656000 0.104949
v -0.045539 0.656000 0.109942
v -0.034544 0.656000 0.113876
v -0.023216 0.656000 0.116713
v -0.011664 0.656000 0.118427
v -0.000000 0.656000 0.119000
v 0.011664 0.656000 0.118427
v 0.023216 0.656000 0.116713
v 0.034544 0.656000 0.113876
v 0.045539 0.656000 0.109942
v 0.056096 0.656000 0.104949
v 0.066113 0.656000 0.098945
v 0.075493 0.656000 0.091988
v 0.084146 0.656000 0.084146
v 0.091988 0.656000 0.075493
v 0.098945 0.656000 0.066113
v 0.104949 0.656000 0.056096
v 0.109942 0.656000 0.045539
v 0.113876 0.656000 0.034544
v 0.116713 0.656000 0.023216
v 0.118427 0.656000 0.011664
v 0.073501 0.661460 0.000000
v 0.073147 0.661460 -0.007204
v 0.072089 0.661460 -0.014339
v 0.070336 0.661460 -0.021336
v 0.067906 0.661460 -0.028128
v 0.064822 0.661460 -0.034648
v 0.061114 0.661460 -0.040835
v 0.056817 0.661460 -0.046629
v 0.051973 0.661460 -0.051973
v 0.046629 0.661460 -0.056817
v 0.040835 0.661460 -0.061114
v 0.034648 0.661460 -0.064822
v 0.028128 0.661460 -0.067906
v 0.021336 0.661460 -0.070336
v 0.014339 0.661460 -0.072089
v 0.007204 0.661460 -0.073147
v 0.000000 0.661460 -0.073501
v -0.007204 0.661460 -0.073147
v -0.014339 0.661460 -0.072089
v -0.021336 0.661460 -0.070336
v -0.028128 0.661460 -0.067906
v -0.034648 0.661460 -0.064822
v -0.040835 0.661460 -0.061114
v -0.046629 0.661460 -0.056817
v -0.051973 0.661460 -0.051973
v -0.056817 0.661460 -0.046629
v -0.061114 0.661460 -0.040835
v -0.064822 0.661460 -0.034648
v -0.067906 0.661460 -0.028128
v -0.070336 0.661460 -0.021336
v -0.072089 0.661460 -0.014339
v -0.073147 0.661460 -0.007204
v -0.073501 0.661460 -0.000000
v -0.073147 0.661460 0.007204
v -0.072089 0.661460 0.014339
v -0.070336 0.661460 0.021336
v -0.067906 0.661460 0.028128
v -0.064822 0.661460 0.034648
v -0.061114 0.661460 0.040835
v -0.056817 0.661460 0.046629
v -0.051973 0.661460 0.051973
v -0.046629 0.661460 0.056817
v -0.040835 0.661460 0.061114
v -0.034648 0.661460 0.064822
v -0.028128 0.661460 0.067906
v -0.021336 0.661460 0.070336
v -0.014339 0.661460 0.072089
v -0.007204 0.661460 0.073147
v -0.000000 0.661460 0.073501
v 0.007204 0.661460 0.073147
v 0.014339 0.661460 0.072089
v 0.021336 0.661460 0.070336
v 0.028128 0.661460 0.067906
v 0.034648 0.661460 0.064822
v 0.040835 0.661460 0.061114
v 0.046629 0.661460 0.056817
v 0.051973 0.661460 0.051973
v 0.056817 0.661460 0.046629
v 0.061114 0.661460 0.040835
v 0.064822 0.661460 0.034648
v 0.067906 0.661460 0.028128
v 0.070336 0.661460 0.021336
v 0.072089 0.661460 0.014339
v 0.073147 0.661460 0.007204
v 0.072667 0.661728 0.000000
v 0.072317 0.661728 -0.007123
v 0.071271 0.661728 -0.014177
v 0.069538 0.661728 -0.021094
v 0.067136 0.661728 -0.027809
v 0.064087 0.661728 -0.034255
v 0.060421 0.661728 -0.040372
v 0.056173 0.661728 -0.046100
v 0.051383 0.661728 -0.051383
v 0.046100 0.661728 -0.056173
v 0.040372 0.661728 -0.060421
v 0.034255 0.661728 -0.064087
v 0.027809 0.661728 -0.067136
v 0.021094 0.661728 -0.069538
v 0.014177 0.661728 -0.071271
v 0.007123 0.661728 -0.072317
v 0.000000 0.661728 -0.072667
v -0.007123 0.661728 -0.072317
v -0.014177 0.661728 -0.071271
v -0.021094 0.661728 -0.069538
v -0.027809 0.661728 -0.067136
v -0.034255 0.661728 -0.064087
v -0.040372 0.661728 -0.060421
v -0.046100 0.661728 -0.056173
v -0.051383 0.661728 -0.051383
v -0.056173 0.661728 -0.046100
v -0.060421 0.661728 -0.040372
v -0.064087 0.661728 -0.034255
v -0.067136 0.661728 -0.027809
v -0.069538 0.661728 -0.021094
v -0.071271 0.661728 -0.014177
v -0.072317 0.661728 -0.007123
v -0.072667 0.661728 -0.000000
v -0.072317 0.661728 0.007123
v -0.071271 0.661728 0.014177
v -0.069538 0.661728 0.021094
v -0.067136 0.661728 0.027809
v -0.064087 0.661728 0.034255
v -0.060421 0.661728 0.040372
v -0.056173 0.661728 0.046100
v -0.051383 0.661728 0.051383
v -0.046100 0.661728 0.056173
v -0.040372 0.661728 0.060421
v -0.034255 0.661728 0.064087
v -0.027809 0.661728 0.067136
v -0.021094 0.661728 0.069538
v -0.014177 0.661728 0.071271
v -0.007123 0.661728 0.072317
v -0.000000 0.661728 0.072667
v 0.007123 0.661728 0.072317
v 0.014177 0.661728 0.071271
v 0.021094 0.661728 0.069538
v 0.027809 0.661728 0.067136
v 0.034255 0.661728 0.064087
v 0.040372 0.661728 0.060421
v 0.046100 0.661728 0.056173
v 0.051383 0.661728 0.051383
v 0.056173 0.661728 0.046100
v 0.060421 0.661728 0.040372
v 0.064087 0.661728 0.034255
v 0.067136 0.661728 0.027809
v 0.069538 0.661728 0.021094
v 0.071271 0.661728 0.014177
v 0.072317 0.661728 0.007123
v 0.072167 0.662292 0.000000
v 0.071819 0.662292 -0.007074
v 0.070780 0.662292 -0.014079
v 0.069059 0.662292 -0.020949
v 0.066673 0.662292 -0.027617
v 0.063645 0.662292 -0.034019
v 0.060005 0.662292 -0.040094
v 0.055786 0.662292 -0.045782
v 0.051030 0.662292 -0.051030
v 0.045782 0.662292 -0.055786
v 0.040094 0.662292 -0.060005
v 0.034019 0.662292 -0.063645
v 0.027617 0.662292 -0.066673
v 0.020949 0.662292 -0.069059
v 0.014079 0.662292 -0.070780
v 0.007074 0.662292 -0.071819
v 0.000000 0.662292 -0.072167
v -0.007074 0.662292 -0.071819
v -0.014079 0.662292 -0.070780
v -0.020949 0.662292 -0.069059
v -0.027617 0.662292 -0.066673
v -0.034019 0.662292 -0.063645
v -0.040094 0.662292 -0.060005
v -0.045782 0.662292 -0.055786
v -0.051030 0.662292 -0.051030
v -0.055786 0.662292 -0.045782
v -0.060005 0.662292 -0.040094
v -0.063645 0.662292 -0.034019
v -0.066673 0.662292 -0.027617
v -0.069059 0.662292 -0.020949
v -0.070780 0.662292 -0.014079
v -0.071819 0.662292 -0.007074
v -0.072167 0.662292 -0.000000
v -0.071819 0.662292 0.007074
v -0.070780 0.662292 0.014079
v -0.069059 0.662292 0.020949
v -0.066673 0.662292 0.027617
v -0.063645 0.662292 0.034019
v -0.060005 0.662292 0.040094
v -0.055786 0.662292 0.045782
v -0.051030 0.662292 0.051030
v -0.045782 0.662292 0.055786
v -0.040094 0.662292 0.060005
v -0.034019 0.662292 0.063645
v -0.027617 0.662292 0.066673
v -0.020949 0.662292 0.069059
v -0.014079 0.662292 0.070780
v -0.007074 0.662292 0.071819
v -0.000000 0.662292 0.072167
v 0.007074 0.662292 0.071819
v 0.014079 0.662292 0.070780
v 0.020949 0.662292 0.069059
v 0.027617 0.662292 0.066673
v 0.034019 0.662292 0.063645
v 0.040094 0.662292 0.060005
v 0.045782 0.662292 0.055786
v 0.051030 0.662292 0.051030
v 0.055786 0.662292 0.045782
v 0.060005 0.662292 0.040094
v 0.063645 0.662292 0.034019
v 0.066673 0.662292 0.027617
v 0.069059 0.662292 0.020949
v 0.070780 0.662292 0.014079
v 0.071819 0.662292 0.007074
v 0.072000 0.663152 0.000000
v 0.071653 0.663152 -0.007057
v 0.070617 0.663152 -0.014047
v 0.068900 0.663152 -0.020900
v 0.066519 0.663152 -0.027553
v 0.063498 0.663152 -0.033941
v 0.059866 0.663152 -0.040001
v 0.055657 0.663152 -0.045676
v 0.050912 0.663152 -0.050912
v 0.045676 0.663152 -0.055657
v 0.040001 0.663152 -0.059866
v 0.033941 0.663152 -0.063498
v 0.027553 0.663152 -0.066519
v 0.020900 0.663152 -0.068900
v 0.014047 0.663152 -0.070617
v 0.007057 0.663152 -0.071653
v 0.000000 0.663152 -0.072000
v -0.007057 0.663152 -0.071653
v -0.014047 0.663152 -0.070617
v -0.020900 0.663152 -0.068900
v -0.027553 0.663152 -0.066519
v -0.033941 0.663152 -0.063498
v -0.040001 0.663152 -0.059866
v -0.045676 0.663152 -0.055657
v -0.050912 0.663152 -0.050912
v -0.055657 0.663152 -0.045676
v -0.059866 0.663152 -0.040001
v -0.063498 0.663152 -0.033941
v -0.066519 0.663152 -0.027553
v -0.068900 0.663152 -0.020900
v -0.070617 0.663152 -0.014047
v -0.071653 0.663152 -0.007057
v -0.072000 0.663152 -0.000000
v -0.071653 0.663152 0.007057
v -0.070617 0.663152 0.014047
v -0.068900 0.663152 0.020900
v -0.066519 0.663152 0.027553
v -0.063498 0.663152 0.033941
v -0.059866 0.663152 0.040001
v -0.055657 0.663152 0.045676
v -0.050912 0.663152 0.050912
v -0.045676 0.663152 0.055657
v -0.040001 0.663152 0.059866
v -0.033941 0.663152 0.063498
v -0.027553 0.663152 0.066519
v -0.020900 0.663152 0.068900
v -0.014047 0.663152 0.070617
v -0.007057 0.663152 0.071653
v -0.000000 0.663152 0.072000
v 0.007057 0.663152 0.071653
v 0.014047 0.663152 0.070617
v 0.020900 0.663152 0.068900
v 0.027553 0.663152 0.066519
v 0.033941 0.663152 0.063498
v 0.040001 0.663152 0.059866
v 0.045676 0.663152 0.055657
v 0.050912 0.663152 0.050912
v 0.055657 0.663152 0.045676
v 0.059866 0.663152 0.040001
v 0.063498 0.663152 0.033941
v 0.066519 0.663152 0.027553
v 0.068900 0.663152 0.020900
v 0.070617 0.663152 0.014047
v 0.071653 0.663152 0.007057
v 0.072000 0.663488 0.000000
v 0.071653 0.663488 -0.007057
v 0.070617 0.663488 -0.014047
v 0.068900 0.663488 -0.020900
v 0.066519 0.663488 -0.027553
v 0.063498 0.663488 -0.033941
v 0.059866 0.663488 -0.040001
v 0.055657 0.663488 -0.045676
v 0.050912 0.663488 -0.050912
v 0.045676 0.663488 -0.055657
v 0.040001 0.663488 -0.059866
v 0.033941 0.663488 -0.063498
v 0.027553 0.663488 -0.066519
v 0.020900 0.663488 -0.068900
v 0.014047 0.663488 -0.070617
v 0.007057 0.663488 -0.071653
v 0.000000 0.663488 -0.072000
v -0.007057 0.663488 -0.071653
v -0.014047 0.663488 -0.070617
v -0.020900 0.663488 -0.068900
v -0.027553 0.663488 -0.066519
v -0.033941 0.663488 -0.063498
v -0.040001 0.663488 -0.059866
v -0.045676 0.663488 -0.055657
v -0.050912 0.663488 -0.050912
v -0.055657 0.663488 -0.045676
v -0.059866 0.663488 -0.040001
v -0.063498 0.663488 -0.033941
v -0.066519 0.663488 -0.027553
v -0.068900 0.663488 -0.020900
v -0.070617 0.663488 -0.014047
v -0.071653 0.663488 -0.007057
v -0.072000 0.663488 -0.000000
v -0.071653 0.663488 0.007057
v -0.070617 0.663488 0.014047
v -0.068900 0.663488 0.020900
v -0.066519 0.663488 0.027553
v -0.063498 0.663488 0.033941
v -0.059866 0.663488 0.040001
v -0.055657 0.663488 0.045676
v -0.050912 0.663488 0.050912
v -0.045676 0.663488 0.055657
v -0.040001 0.663488 0.059866
v -0.033941 0.663488 0.063498
v -0.027553 0.663488 0.066519
v -0.020900 0.663488 0.068900
v -0.014047 0.663488 0.070617
v -0.007057 0.663488 0.071653
v -0.000000 0.663488 0.072000
v 0.007057 0.663488 0.071653
v 0.014047 0.663488 0.070617
v 0.020900 0.663488 0.068900
v 0.027553 0.663488 0.066519
v 0.033941 0.663488 0.063498
v 0.040001 0.663488 0.059866
v 0.045676 0.663488 0.055657
v 0.050912 0.663488 0.050912
v 0.055657 0.663488 0.045676
v 0.059866 0.663488 0.040001
v 0.063498 0.663488 0.033941
v 0.066519 0.663488 0.027553
v 0.068900 0.663488 0.020900
v 0.070617 0.663488 0.014047
v 0.071653 0.663488 0.007057
v 0.073509 0.665089 0.000000
v 0.073155 0.665089 -0.007205
v 0.072097 0.665089 -0.014341
v 0.070344 0.665089 -0.021339
v 0.067914 0.665089 -0.028131
v 0.064830 0.665089 -0.034652
v 0.061121 0.665089 -0.040840
v 0.056824 0.665089 -0.046634
v 0.051979 0.665089 -0.051979
v 0.046634 0.665089 -0.056824
v 0.040840 0.665089 -0.061121
v 0.034652 0.665089 -0.064830
v 0.028131 0.665089 -0.067914
v 0.021339 0.665089 -0.070344
v 0.014341 0.665089 -0.072097
v 0.007205 0.665089 -0.073155
v 0.000000 0.665089 -0.073509
v -0.007205 0.665089 -0.073155
v -0.014341 0.665089 -0.072097
v -0.021339 0.665089 -0.070344
v -0.028131 0.665089 -0.067914
v -0.034652 0.665089 -0.064830
v -0.040840 0.665089 -0.061121
v -0.046634 0.665089 -0.056824
v -0.051979 0.665089 -0.051979
v -0.056824 0.665089 -0.046634
v -0.061121 0.665089 -0.040840
v -0.064830 0.665089 -0.034652
v -0.067914 0.665089 -0.028131
v -0.070344 0.665089 -0.021339
v -0.072097 0.665089 -0.014341
v -0.073155 0.665089 -0.007205
v -0.073509 0.665089 -0.000000
v -0.073155 0.665089 0.007205
v -0.072097 0.665089 0.014341
v -0.070344 0.665089 0.021339
v -0.067914 0.665089 0.028131
v -0.064830 0.665089 0.034652
v -0.061121 0.665089 0.040840
v -0.056824 0.665089 0.046634
v -0.051979 0.665089 0.051979
v -0.046634 0.665089 0.056824
v -0.040840 0.665089 0.061121
v -0.034652 0.665089 0.064830
v -0.028131 0.665089 0.067914
v -0.021339 0.665089 0.070344
v -0.014341 0.665089 0.072097
v -0.007205 0.665089 0.073155
v -0.000000 0.665089 0.073509
v 0.007205 0.665089 0.073155
v 0.014341 0.665089 0.072097
v 0.021339 0.665089 0.070344
v 0.028131 0.665089 0.067914
v 0.034652 0.665089 0.064830
v 0.040840 0.665089 0.061121
v 0.046634 0.665089 0.056824
v 0.051979 0.665089 0.051979
v 0.056824 0.665089 0.046634
v 0.061121 0.665089 0.040840
v 0.064830 0.665089 0.034652
v 0.067914 0.665089 0.028131
v 0.070344 0.665089 0.021339
v 0.072097 0.665089 0.014341
v 0.073155 0.665089 0.007205
v 0.104117 0.666889 0.000000
v 0.103616 0.666889 -0.010205
v 0.102117 0.666889 -0.020312
v 0.099634 0.666889 -0.030224
v 0.096192 0.666889 -0.039844
v 0.091823 0.666889 -0.049081
v 0.086570 0.666889 -0.057845
v 0.080484 0.666889 -0.066051
v 0.073622 0.666889 -0.073622
v 0.066051 0.666889 -0.080484
v 0.057845 0.666889 -0.086570
v 0.049081 0.666889 -0.091823
v 0.039844 0.666889 -0.096192
v 0.030224 0.666889 -0.099634
v 0.020312 0.666889 -0.102117
v 0.010205 0.666889 -0.103616
v 0.000000 0.666889 -0.104117
v -0.010205 0.666889 -0.103616
v -0.020312 0.666889 -0.102117
v -0.030224 0.666889 -0.099634
v -0.039844 0.666889 -0.096192
v -0.049081 0.666889 -0.091823
v -0.057845 0.666889 -0.086570
v -0.066051 0.666889 -0.080484
v -0.073622 0.666889 -0.073622
v -0.080484 0.666889 -0.066051
v -0.086570 0.666889 -0.057845
v -0.091823 0.666889 -0.049081
v -0.096192 0.666889 -0.039844
v -0.099634 0.666889 -0.030224
v -0.102117 0.666889 -0.020312
v -0.103616 0.666889 -0.010205
v -0.104117 0.666889 -0.000000
v -0.103616 0.666889 0.010205
v -0.102117 0.666889 0.020312
v -0.099634 0.666889 0.030224
v -0.096192 0.666889 0.039844
v -0.091823 0.666889 0.049081
v -0.086570 0.666889 0.057845
v -0.080484 0.666889 0.066051
v -0.073622 0.666889 0.073622
v -0.066051 0.666889 0.080484
v -0.057845 0.666889 0.086570
v -0.049081 0.666889 0.091823
v -0.039844 0.666889 0.096192
v -0.030224 0.666889 0.099634
v -0.020312 0.666889 0.102117
v -0.010205 0.666889 0.103616
v -0.000000 0.666889 0.104117
v 0.010205 0.666889 0.103616
v 0.020312 0.666889 0.102117
v 0.030224 0.666889 0.099634
v 0.039844 0.666889 0.096192
v 0.049081 0.666889 0.091823
v 0.057845 0.666889 0.086570
v 0.066051 0.666889 0.080484
v 0.073622 0.666889 0.073622
v 0.080484 0.666889 0.066051
v 0.086570 0.666889 0.057845
v 0.091823 0.666889 0.049081
v 0.096192 0.666889 0.039844
v 0.099634 0.666889 0.030224
v 0.102117 0.666889 0.020312
v 0.103616 0.666889 0.010205
v 0.106000 0.668886 0.000000
v 0.105490 0.668886 -0.010390
v 0.103963 0.668886 -0.020680
v 0.101436 0.668886 -0.030770
v 0.097931 0.668886 -0.040564
v 0.093484 0.668886 -0.049968
v 0.088136 0.668886 -0.058890
v 0.081939 0.668886 -0.067246
v 0.074953 0.668886 -0.074953
v 0.067246 0.668886 -0.081939
v 0.058890 0.668886 -0.088136
v 0.049968 0.668886 -0.093484
v 0.040564 0.668886 -0.097931
v 0.030770 0.668886 -0.101436
v 0.020680 0.668886 -0.103963
v 0.010390 0.668886 -0.105490
v 0.000000 0.668886 -0.106000
v -0.010390 0.668886 -0.105490
v -0.020680 0.668886 -0.103963
v -0.030770 0.668886 -0.101436
v -0.040564 0.668886 -0.097931
v -0.049968 0.668886 -0.093484
v -0.058890 0.668886 -0.088136
v -0.067246 0.668886 -0.081939
v -0.074953 0.668886 -0.074953
v -0.081939 0.668886 -0.067246
v -0.088136 0.668886 -0.058890
v -0.093484 0.668886 -0.049968
v -0.097931 0.668886 -0.040564
v -0.101436 0.668886 -0.030770
v -0.103963 0.668886 -0.020680
v -0.105490 0.668886 -0.010390
v -0.106000 0.668886 -0.000000
v -0.105490 0.668886 0.010390
v -0.103963 0.668886 0.020680
v -0.101436 0.668886 0.030770
v -0.097931 0.668886 0.040564
v -0.093484 0.668886 0.049968
v -0.088136 0.668886 0.058890
v -0.081939 0.668886 0.067246
v -0.074953 0.668886 0.074953
v -0.067246 0.668886 0.081939
v -0.058890 0.668886 0.088136
v -0.049968 0.668886 0.093484
v -0.040564 0.668886 0.097931
v -0.030770 0.668886 0.101436
v -0.020680 0.668886 0.103963
v -0.010390 0.668886 0.105490
v -0.000000 0.668886 0.106000
v 0.010390 0.668886 0.105490
v 0.020680 0.668886 0.103963
v 0.030770 0.668886 0.101436
v 0.040564 0.668886 0.097931
v 0.049968 0.668886 0.093484
v 0.058890 0.668886 0.088136
v 0.067246 0.668886 0.081939
v 0.074953 0.668886 0.074953
v 0.081939 0.668886 0.067246
v 0.088136 0.668886 0.058890
v 0.093484 0.668886 0.049968
v 0.097931 0.668886 0.040564
v 0.101436 0.668886 0.030770
v 0.103963 0.668886 0.020680
v 0.105490 0.668886 0.010390
v 0.106000 0.678190 0.000000
v 0.105490 0.678190 -0.010390
v 0.103963 0.678190 -0.020680
v 0.101436 0.678190 -0.030770
v 0.097931 0.678190 -0.040564
v 0.093484 0.678190 -0.049968
v 0.088136 0.678190 -0.058890
v 0.081939 0.678190 -0.067246
v 0.074953 0.678190 -0.074953
v 0.067246 0.678190 -0.081939
v 0.058890 0.678190 -0.088136
v 0.049968 0.678190 -0.093484
v 0.040564 0.678190 -0.097931
v 0.030770 0.678190 -0.101436
v 0.020680 0.678190 -0.103963
v 0.010390 0.678190 -0.105490
v 0.000000 0.678190 -0.106000
v -0.010390 0.678190 -0.105490
v -0.020680 0.678190 -0.103963
v -0.030770 0.678190 -0.101436
v -0.040564 0.678190 -0.097931
v -0.049968 0.678190 -0.093484
v -0.058890 0.678190 -0.088136
v -0.067246 0.678190 -0.081939
v -0.074953 0.678190 -0.074953
v -0.081939 0.678190 -0.067246
v -0.088136 0.678190 -0.058890
v -0.093484 0.678190 -0.049968
v -0.097931 0.678190 -0.040564
v -0.101436 0.678190 -0.030770
v -0.103963 0.678190 -0.020680
v -0.105490 0.678190 -0.010390
v -0.106000 0.678190 -0.000000
v -0.105490 0.678190 0.010390
v -0.103963 0.678190 0.020680
v -0.101436 0.678190 0.030770
v -0.097931 0.678190 0.040564
v -0.093484 0.678190 0.049968
v -0.088136 0.678190 0.058890
v -0.081939 0.678190 0.067246
v -0.074953 0.678190 0.074953
v -0.067246 0.678190 0.081939
v -0.058890 0.678190 0.088136
v -0.049968 0.678190 0.093484
v -0.040564 0.678190 0.097931
v -0.030770 0.678190 0.101436
v -0.020680 0.678190 0.103963
v -0.010390 0.678190 0.105490
v -0.000000 0.678190 0.106000
v 0.010390 0.678190 0.105490
v 0.020680 0.678190 0.103963
v 0.030770 0.678190 0.101436
v 0.040564 0.678190 0.097931
v 0.049968 0.678190 0.093484
v 0.058890 0.678190 0.088136
v 0.067246 0.678190 0.081939
v 0.074953 0.678190 0.074953
v 0.081939 0.678190 0.067246
v 0.088136 0.678190 0.058890
v 0.093484 0.678190 0.049968
v 0.097931 0.678190 0.040564
v 0.101436 0.678190 0.030770
v 0.103963 0.678190 0.020680
v 0.105490 0.678190 0.010390
v 0.104199 0.680180 0.000000
v 0.103697 0.680180 -0.010213
v 0.102197 0.680180 -0.020328
v 0.099712 0.680180 -0.030247
v 0.096267 0.680180 -0.039875
v 0.091895 0.680180 -0.049119
v 0.086638 0.680180 -0.057890
v 0.080547 0.680180 -0.066103
v 0.073680 0.680180 -0.073680
v 0.066103 0.680180 -0.080547
v 0.057890 0.680180 -0.086638
v 0.049119 0.680180 -0.091895
v 0.039875 0.680180 -0.096267
v 0.030247 0.680180 -0.099712
v 0.020328 0.680180 -0.102197
v 0.010213 0.680180 -0.103697
v 0.000000 0.680180 -0.104199
v -0.010213 0.680180 -0.103697
v -0.020328 0.680180 -0.102197
v -0.030247 0.680180 -0.099712
v -0.039875 0.680180 -0.096267
v -0.049119 0.680180 -0.091895
v -0.057890 0.680180 -0.086638
v -0.066103 0.680180 -0.080547
v -0.073680 0.680180 -0.073680
v -0.080547 0.680180 -0.066103
v -0.086638 0.680180 -0.057890
v -0.091895 0.680180 -0.049119
v -0.096267 0.680180 -0.039875
v -0.099712 0.680180 -0.030247
v -0.102197 0.680180 -0.020328
v -0.103697 0.680180 -0.010213
v -0.104199 0.680180 -0.000000
v -0.103697 0.680180 0.010213
v -0.102197 0.680180 0.020328
v -0.099712 0.680180 0.030247
v -0.096267 0.680180 0.039875
v -0.091895 0.680180 0.049119
v -0.086638 0.680180 0.057890
v -0.080547 0.680180 0.066103
v -0.073680 0.680180 0.073680
v -0.066103 0.680180 0.080547
v -0.057890 0.680180 0.086638
v -0.049119 0.680180 0.091895
v -0.039875 0.680180 0.096267
v -0.030247 0.680180 0.099712
v -0.020328 0.680180 0.102197
v -0.010213 0.680180 0.103697
v -0.000000 0.680180 0.104199
v 0.010213 0.680180 0.103697
v 0.020328 0.680180 0.102197
v 0.030247 0.680180 0.099712
v 0.039875 0.680180 0.096267
v 0.049119 0.680180 0.091895
v 0.057890 0.680180 0.086638
v 0.066103 0.680180 0.080547
v 0.073680 0.680180 0.073680
v 0.080547 0.680180 0.066103
v 0.086638 0.680180 0.057890
v 0.091895 0.680180 0.049119
v 0.096267 0.680180 0.039875
v 0.099712 0.680180 0.030247
v 0.102197 0.680180 0.020328
v 0.103697 0.680180 0.010213
v 0.068367 0.683763 0.000000
v 0.068038 0.683763 -0.006701
v 0.067054 0.683763 -0.013338
v 0.065424 0.683763 -0.019846
v 0.063163 0.683763 -0.026163
v 0.060295 0.683763 -0.032228
v 0.056845 0.683763 -0.037983
v 0.052849 0.683763 -0.043372
v 0.048343 0.683763 -0.048343
v 0.043372 0.683763 -0.052849
v 0.037983 0.683763 -0.056845
v 0.032228 0.683763 -0.060295
v 0.026163 0.683763 -0.063163
v 0.019846 0.683763 -0.065424
v 0.013338 0.683763 -0.067054
v 0.006701 0.683763 -0.068038
v 0.000000 0.683763 -0.068367
v -0.006701 0.683763 -0.068038
v -0.013338 0.683763 -0.067054
v -0.019846 0.683763 -0.065424
v -0.026163 0.683763 -0.063163
v -0.032228 0.683763 -0.060295
v -0.037983 0.683763 -0.056845
v -0.043372 0.683763 -0.052849
v -0.048343 0.683763 -0.048343
v -0.052849 0.683763 -0.043372
v -0.056845 0.683763 -0.037983
v -0.060295 0.683763 -0.032228
v -0.063163 0.683763 -0.026163
v -0.065424 0.683763 -0.019846
v -0.067054 0.683763 -0.013338
v -0.068038 0.683763 -0.006701
v -0.068367 0.683763 -0.000000
v -0.068038 0.683763 0.006701
v -0.067054 0.683763 0.013338
v -0.065424 0.683763 0.019846
v -0.063163 0.683763 0.026163
v -0.060295 0.683763 0.032228
v -0.056845 0.683763 0.037983
v -0.052849 0.683763 0.043372
v -0.048343 0.683763 0.048343
v -0.043372 0.683763 0.052849
v -0.037983 0.683763 0.056845
v -0.032228 0.683763 0.060295
v -0.026163 0.683763 0.063163
v -0.019846 0.683763 0.065424
v -0.013338 0.683763 0.067054
v -0.006701 0.683763 0.068038
v -0.000000 0.683763 0.068367
v 0.006701 0.683763 0.068038
v 0.013338 0.683763 0.067054
v 0.019846 0.683763 0.065424
v 0.026163 0.683763 0.063163
v 0.032228 0.683763 0.060295
v 0.037983 0.683763 0.056845
v 0.043372 0.683763 0.052849
v 0.048343 0.683763 0.048343
v 0.052849 0.683763 0.043372
v 0.056845 0.683763 0.037983
v 0.060295 0.683763 0.032228
v 0.063163 0.683763 0.026163
v 0.065424 0.683763 0.019846
v 0.067054 0.683763 0.013338
v 0.068038 0.683763 0.006701
v 0.066119 0.686376 0.000000
v 0.065801 0.686376 -0.006481
v 0.064849 0.686376 -0.012899
v 0.063272 0.686376 -0.019193
v 0.061086 0.686376 -0.025303
v 0.058312 0.686376 -0.031168
v 0.054976 0.686376 -0.036734
v 0.051111 0.686376 -0.041946
v 0.046753 0.686376 -0.046753
v 0.041946 0.686376 -0.051111
v 0.036734 0.686376 -0.054976
v 0.031168 0.686376 -0.058312
v 0.025303 0.686376 -0.061086
v 0.019193 0.686376 -0.063272
v 0.012899 0.686376 -0.064849
v 0.006481 0.686376 -0.065801
v 0.000000 0.686376 -0.066119
v -0.006481 0.686376 -0.065801
v -0.012899 0.686376 -0.064849
v -0.019193 0.686376 -0.063272
v -0.025303 0.686376 -0.061086
v -0.031168 0.686376 -0.058312
v -0.036734 0.686376 -0.054976
v -0.041946 0.686376 -0.051111
v -0.046753 0.686376 -0.046753
v -0.051111 0.686376 -0.041946
v -0.054976 0.686376 -0.036734
v -0.058312 0.686376 -0.031168
v -0.061086 0.686376 -0.025303
v -0.063272 0.686376 -0.019193
v -0.064849 0.686376 -0.012899
v -0.065801 0.686376 -0.006481
v -0.066119 0.686376 -0.000000
v -0.065801 0.686376 0.006481
v -0.064849 0.686376 0.012899
v -0.063272 0.686376 0.019193
v -0.061086 0.686376 0.025303
v -0.058312 0.686376 0.031168
v -0.054976 0.686376 0.036734
v -0.051111 0.686376 0.041946
v -0.046753 0.686376 0.046753
v -0.041946 0.686376 0.051111
v -0.036734 0.686376 0.054976
v -0.031168 0.686376 0.058312
v -0.025303 0.686376 0.061086
v -0.019193 0.686376 0.063272
v -0.012899 0.686376 0.064849
v -0.006481 0.686376 0.065801
v -0.000000 0.686376 0.066119
v 0.006481 0.686376 0.065801
v 0.012899 0.686376 0.064849
v 0.019193 0.686376 0.063272
v 0.025303 0.686376 0.061086
v 0.031168 0.686376 0.058312
v 0.036734 0.686376 0.054976
v 0.041946 0.686376 0.051111
v 0.046753 0.686376 0.046753
v 0.051111 0.686376 0.041946
v 0.054976 0.686376 0.036734
v 0.058312 0.686376 0.031168
v 0.061086 0.686376 0.025303
v 0.063272 0.686376 0.019193
v 0.064849 0.686376 0.012899
v 0.065801 0.686376 0.006481
v 0.068070 0.725216 0.000000
v 0.067742 0.725216 -0.006672
v 0.066762 0.725216 -0.013280
v 0.065139 0.725216 -0.019760
v 0.062888 0.725216 -0.026049
v 0.060032 0.725216 -0.032088
v 0.056598 0.725216 -0.037818
v 0.052619 0.725216 -0.043183
v 0.048133 0.725216 -0.048133
v 0.043183 0.725216 -0.052619
v 0.037818 0.725216 -0.056598
v 0.032088 0.725216 -0.060032
v 0.026049 0.725216 -0.062888
v 0.019760 0.725216 -0.065139
v 0.013280 0.725216 -0.066762
v 0.006672 0.725216 -0.067742
v 0.000000 0.725216 -0.068070
v -0.006672 0.725216 -0.067742
v -0.013280 0.725216 -0.066762
v -0.019760 0.725216 -0.065139
v -0.026049 0.725216 -0.062888
v -0.032088 0.725216 -0.060032
v -0.037818 0.725216 -0.056598
v -0.043183 0.725216 -0.052619
v -0.048133 0.725216 -0.048133
v -0.052619 0.725216 -0.043183
v -0.056598 0.725216 -0.037818
v -0.060032 0.725216 -0.032088
v -0.062888 0.725216 -0.026049
v -0.065139 0.725216 -0.019760
v -0.066762 0.725216 -0.013280
v -0.067742 0.725216 -0.006672
v -0.068070 0.725216 -0.000000
v -0.067742 0.725216 0.006672
v -0.066762 0.725216 0.013280
v -0.065139 0.725216 0.019760
v -0.062888 0.725216 0.026049
v -0.060032 0.725216 0.032088
v -0.056598 0.725216 0.037818
v -0.052619 0.725216 0.043183
v -0.048133 0.725216 0.048133
v -0.043183 0.725216 0.052619
v -0.037818 0.725216 0.056598
v -0.032088 0.725216 0.060032
v -0.026049 0.725216 0.062888
v -0.019760 0.725216 0.065139
v -0.013280 0.725216 0.066762
v -0.006672 0.725216 0.067742
v -0.000000 0.725216 0.068070
v 0.006672 0.725216 0.067742
v 0.013280 0.725216 0.066762
v 0.019760 0.725216 0.065139
v 0.026049 0.725216 0.062888
v 0.032088 0.725216 0.060032
v 0.037818 0.725216 0.056598
v 0.043183 0.725216 0.052619
v 0.048133 0.725216 0.048133
v 0.052619 0.725216 0.043183
v 0.056598 0.725216 0.037818
v 0.060032 0.725216 0.032088
v 0.062888 0.725216 0.026049
v 0.065139 0.725216 0.019760
v 0.066762 0.725216 0.013280
v 0.067742 0.725216 0.006672
v 0.072519 0.765889 0.000000
v 0.072170 0.765889 -0.007108
v 0.071126 0.765889 -0.014148
v 0.069396 0.765889 -0.021051
v 0.066999 0.765889 -0.027752
v 0.063956 0.765889 -0.034185
v 0.060297 0.765889 -0.040289
v 0.056058 0.765889 -0.046006
v 0.051279 0.765889 -0.051279
v 0.046006 0.765889 -0.056058
v 0.040289 0.765889 -0.060297
v 0.034185 0.765889 -0.063956
v 0.027752 0.765889 -0.066999
v 0.021051 0.765889 -0.069396
v 0.014148 0.765889 -0.071126
v 0.007108 0.765889 -0.072170
v 0.000000 0.765889 -0.072519
v -0.007108 0.765889 -0.072170
v -0.014148 0.765889 -0.071126
v -0.021051 0.765889 -0.069396
v -0.027752 0.765889 -0.066999
v -0.034185 0.765889 -0.063956
v -0.040289 0.765889 -0.060297
v -0.046006 0.765889 -0.056058
v -0.051279 0.765889 -0.051279
v -0.056058 0.765889 -0.046006
v -0.060297 0.765889 -0.040289
v -0.063956 0.765889 -0.034185
v -0.066999 0.765889 -0.027752
v -0.069396 0.765889 -0.021051
v -0.071126 0.765889 -0.014148
v -0.072170 0.765889 -0.007108
v -0.072519 0.765889 -0.000000
v -0.072170 0.765889 0.007108
v -0.071126 0.765889 0.014148
v -0.069396 0.765889 0.021051
v -0.066999 0.765889 0.027752
v -0.063956 0.765889 0.034185
v -0.060297 0.765889 0.040289
v -0.056058 0.765889 0.046006
v -0.051279 0.765889 0.051279
v -0.046006 0.765889 0.056058
v -0.040289 0.765889 0.060297
v -0.034185 0.765889 0.063956
v -0.027752 0.765889 0.066999
v -0.021051 0.765889 0.069396
v -0.014148 0.765889 0.071126
v -0.007108 0.765889 0.072170
v -0.000000 0.765889 0.072519
v 0.007108 0.765889 0.072170
v 0.014148 0.765889 0.071126
v 0.021051 0.765889 0.069396
v 0.027752 0.765889 0.066999
v 0.034185 0.765889 0.063956
v 0.040289 0.765889 0.060297
v 0.046006 0.765889 0.056058
v 0.051279 0.765889 0.051279
v 0.056058 0.765889 0.046006
v 0.060297 0.765889 0.040289
v 0.063956 0.765889 0.034185
v 0.066999 0.765889 0.027752
v 0.069396 0.765889 0.021051
v 0.071126 0.765889 0.014148
v 0.072170 0.765889 0.007108
v 0.079277 0.804988 0.000000
v 0.078895 0.804988 -0.007771
v 0.077754 0.804988 -0.015466
v 0.075863 0.804988 -0.023013
v 0.073242 0.804988 -0.030338
v 0.069916 0.804988 -0.037371
v 0.065916 0.804988 -0.044044
v 0.061282 0.804988 -0.050293
v 0.056057 0.804988 -0.056057
v 0.050293 0.804988 -0.061282
v 0.044044 0.804988 -0.065916
v 0.037371 0.804988 -0.069916
v 0.030338 0.804988 -0.073242
v 0.023013 0.804988 -0.075863
v 0.015466 0.804988 -0.077754
v 0.007771 0.804988 -0.078895
v 0.000000 0.804988 -0.079277
v -0.007771 0.804988 -0.078895
v -0.015466 0.804988 -0.077754
v -0.023013 0.804988 -0.075863
v -0.030338 0.804988 -0.073242
v -0.037371 0.804988 -0.069916
v -0.044044 0.804988 -0.065916
v -0.050293 0.804988 -0.061282
v -0.056057 0.804988 -0.056057
v -0.061282 0.804988 -0.050293
v -0.065916 0.804988 -0.044044
v -0.069916 0.804988 -0.037371
v -0.073242 0.804988 -0.030338
v -0.075863 0.804988 -0.023013
v -0.077754 0.804988 -0.015466
v -0.078895 0.804988 -0.007771
v -0.079277 0.804988 -0.000000
v -0.078895 0.804988 0.007771
v -0.077754 0.804988 0.015466
v -0.075863 0.804988 0.023013
v -0.073242 0.804988 0.030338
v -0.069916 0.804988 0.037371
v -0.065916 0.804988 0.044044
v -0.061282 0.804988 0.050293
v -0.056057 0.804988 0.056057
v -0.050293 0.804988 0.061282
v -0.044044 0.804988 0.065916
v -0.037371 0.804988 0.069916
v -0.030338 0.804988 0.073242
v -0.023013 0.804988 0.075863
v -0.015466 0.804988 0.077754
v -0.007771 0.804988 0.078895
v -0.000000 0.804988 0.079277
v 0.007771 0.804988 0.078895
v 0.015466 0.804988 0.077754
v 0.023013 0.804988 0.075863
v 0.030338 0.804988 0.073242
v 0.037371 0.804988 0.069916
v 0.044044 0.804988 0.065916
v 0.050293 0.804988 0.061282
v 0.056057 0.804988 0.056057
v 0.061282 0.804988 0.050293
v 0.065916 0.804988 0.044044
v 0.069916 0.804988 0.037371
v 0.073242 0.804988 0.030338
v 0.075863 0.804988 0.023013
v 0.077754 0.804988 0.015466
v 0.078895 0.804988 0.007771
v 0.088274 0.841481 0.000000
v 0.087849 0.841481 -0.008652
v 0.086578 0.841481 -0.017221
v 0.084473 0.841481 -0.025625
v 0.081555 0.841481 -0.033781
v 0.077851 0.841481 -0.041612
v 0.073397 0.841481 -0.049042
v 0.068237 0.841481 -0.056000
v 0.062419 0.841481 -0.062419
v 0.056000 0.841481 -0.068237
v 0.049042 0.841481 -0.073397
v 0.041612 0.841481 -0.077851
v 0.033781 0.841481 -0.081555
v 0.025625 0.841481 -0.084473
v 0.017221 0.841481 -0.086578
v 0.008652 0.841481 -0.087849
v 0.000000 0.841481 -0.088274
v -0.008652 0.841481 -0.087849
v -0.017221 0.841481 -0.086578
v -0.025625 0.841481 -0.084473
v -0.033781 0.841481 -0.081555
v -0.041612 0.841481 -0.077851
v -0.049042 0.841481 -0.073397
v -0.056000 0.841481 -0.068237
v -0.062419 0.841481 -0.062419
v -0.068237 0.841481 -0.056000
v -0.073397 0.841481 -0.049042
v -0.077851 0.841481 -0.041612
v -0.081555 0.841481 -0.033781
v -0.084473 0.841481 -0.025625
v -0.086578 0.841481 -0.017221
v -0.087849 0.841481 -0.008652
v -0.088274 0.841481 -0.000000
v -0.087849 0.841481 0.008652
v -0.086578 0.841481 0.017221
v -0.084473 0.841481 0.025625
v -0.081555 0.841481 0.033781
v -0.077851 0.841481 0.041612
v -0.073397 0.841481 0.049042
v -0.068237 0.841481 0.056000
v -0.062419 0.841481 0.062419
v -0.056000 0.841481 0.068237
v -0.049042 0.841481 0.073397
v -0.041612 0.841481 0.077851
v -0.033781 0.841481 0.081555
v -0.025625 0.841481 0.084473
v -0.017221 0.841481 0.086578
v -0.008652 0.841481 0.087849
v -0.000000 0.841481 0.088274
v 0.008652 0.841481 0.087849
v 0.017221 0.841481 0.086578
v 0.025625 0.841481 0.084473
v 0.033781 0.841481 0.081555
v 0.041612 0.841481 0.077851
v 0.049042 0.841481 0.073397
v 0.056000 0.841481 0.068237
v 0.062419 0.841481 0.062419
v 0.068237 0.841481 0.056000
v 0.073397 0.841481 0.049042
v 0.077851 0.841481 0.041612
v 0.081555 0.841481 0.033781
v 0.084473 0.841481 0.025625
v 0.086578 0.841481 0.017221
v 0.087849 0.841481 0.008652
v 0.099440 0.874335 0.000000
v 0.098961 0.874335 -0.009747
v 0.097530 0.874335 -0.019400
v 0.095158 0.874335 -0.028866
v 0.091871 0.874335 -0.038054
v 0.087698 0.874335 -0.046876
v 0.082682 0.874335 -0.055246
v 0.076868 0.874335 -0.063084
v 0.070315 0.874335 -0.070315
v 0.063084 0.874335 -0.076868
v 0.055246 0.874335 -0.082682
v 0.046876 0.874335 -0.087698
v 0.038054 0.874335 -0.091871
v 0.028866 0.874335 -0.095158
v 0.019400 0.874335 -0.097530
v 0.009747 0.874335 -0.098961
v 0.000000 0.874335 -0.099440
v -0.009747 0.874335 -0.098961
v -0.019400 0.874335 -0.097530
v -0.028866 0.874335 -0.095158
v -0.038054 0.874335 -0.091871
v -0.046876 0.874335 -0.087698
v -0.055246 0.874335 -0.082682
v -0.063084 0.874335 -0.076868
v -0.070315 0.874335 -0.070315
v -0.076868 0.874335 -0.063084
v -0.082682 0.874335 -0.055246
v -0.087698 0.874335 -0.046876
v -0.091871 0.874335 -0.038054
v -0.095158 0.874335 -0.028866
v -0.097530 0.874335 -0.019400
v -0.098961 0.874335 -0.009747
v -0.099440 0.874335 -0.000000
v -0.098961 0.874335 0.009747
v -0.097530 0.874335 0.019400
v -0.095158 0.874335 0.028866
v -0.091871 0.874335 0.038054
v -0.087698 0.874335 0.046876
v -0.082682 0.874335 0.055246
v -0.076868 0.874335 0.063084
v -0.070315 0.874335 0.070315
v -0.063084 0.874335 0.076868
v -0.055246 0.874335 0.082682
v -0.046876 0.874335 0.087698
v -0.038054 0.874335 0.091871
v -0.028866 0.874335 0.095158
v -0.019400 0.874335 0.097530
v -0.009747 0.874335 0.098961
v -0.000000 0.874335 0.099440
v 0.009747 0.874335 0.098961
v 0.019400 0.874335 0.097530
v 0.028866 0.874335 0.095158
v 0.038054 0.874335 0.091871
v 0.046876 0.874335 0.087698
v 0.055246 0.874335 0.082682
v 0.063084 0.874335 0.076868
v 0.070315 0.874335 0.070315
v 0.076868 0.874335 0.063084
v 0.082682 0.874335 0.055246
v 0.087698 0.874335 0.046876
v 0.091871 0.874335 0.038054
v 0.095158 0.874335 0.028866
v 0.097530 0.874335 0.019400
v 0.098961 0.874335 0.009747
v 0.112706 0.902519 0.000000
v 0.112163 0.902519 -0.011047
v 0.110540 0.902519 -0.021988
v 0.107852 0.902519 -0.032717
v 0.104126 0.902519 -0.043131
v 0.099397 0.902519 -0.053129
v 0.093711 0.902519 -0.062616
v 0.087123 0.902519 -0.071500
v 0.079695 0.902519 -0.079695
v 0.071500 0.902519 -0.087123
v 0.062616 0.902519 -0.093711
v 0.053129 0.902519 -0.099397
v 0.043131 0.902519 -0.104126
v 0.032717 0.902519 -0.107852
v 0.021988 0.902519 -0.110540
v 0.011047 0.902519 -0.112163
v 0.000000 0.902519 -0.112706
v -0.011047 0.902519 -0.112163
v -0.021988 0.902519 -0.110540
v -0.032717 0.902519 -0.107852
v -0.043131 0.902519 -0.104126
v -0.053129 0.902519 -0.099397
v -0.062616 0.902519 -0.093711
v -0.071500 0.902519 -0.087123
v -0.079695 0.902519 -0.079695
v -0.087123 0.902519 -0.071500
v -0.093711 0.902519 -0.062616
v -0.099397 0.902519 -0.053129
v -0.104126 0.902519 -0.043131
v -0.107852 0.902519 -0.032717
v -0.110540 0.902519 -0.021988
v -0.112163 0.902519 -0.011047
v -0.112706 0.902519 -0.000000
v -0.112163 0.902519 0.011047
v -0.110540 0.902519 0.021988
v -0.107852 0.902519 0.032717
v -0.104126 0.902519 0.043131
v -0.099397 0.902519 0.053129
v -0.093711 0.902519 0.062616
v -0.087123 0.902519 0.071500
v -0.079695 0.902519 0.079695
v -0.071500 0.902519 0.087123
v -0.062616 0.902519 0.093711
v -0.053129 0.902519 0.099397
v -0.043131 0.902519 0.104126
v -0.032717 0.902519 0.107852
v -0.021988 0.902519 0.110540
v -0.011047 0.902519 0.112163
v -0.000000 0.902519 0.112706
v 0.011047 0.902519 0.112163
v 0.021988 0.902519 0.110540
v 0.032717 0.902519 0.107852
v 0.043131 0.902519 0.104126
v 0.053129 0.902519 0.099397
v 0.062616 0.902519 0.093711
v 0.071500 0.902519 0.087123
v 0.079695 0.902519 0.079695
v 0.087123 0.902519 0.071500
v 0.093711 0.902519 0.062616
v 0.099397 0.902519 0.053129
v 0.104126 0.902519 0.043131
v 0.107852 0.902519 0.032717
v 0.110540 0.902519 0.021988
v 0.112163 0.902519 0.011047
v 0.128000 0.925000 0.000000
v 0.127384 0.925000 -0.012546
v 0.125541 0.925000 -0.024972
v 0.122488 0.925000 -0.037156
v 0.118257 0.925000 -0.048983
v 0.112886 0.925000 -0.060339
v 0.106428 0.925000 -0.071113
v 0.098945 0.925000 -0.081202
v 0.090510 0.925000 -0.090510
v 0.081202 0.925000 -0.098945
v 0.071113 0.925000 -0.106428
v 0.060339 0.925000 -0.112886
v 0.048983 0.925000 -0.118257
v 0.037156 0.925000 -0.122488
v 0.024972 0.925000 -0.125541
v 0.012546 0.925000 -0.127384
v 0.000000 0.925000 -0.128000
v -0.012546 0.925000 -0.127384
v -0.024972 0.925000 -0.125541
v -0.037156 0.925000 -0.122488
v -0.048983 0.925000 -0.118257
v -0.060339 0.925000 -0.112886
v -0.071113 0.925000 -0.106428
v -0.081202 0.925000 -0.098945
v -0.090510 0.925000 -0.090510
v -0.098945 0.925000 -0.081202
v -0.106428 0.925000 -0.071113
v -0.112886 0.925000 -0.060339
v -0.118257 0.925000 -0.048983
v -0.122488 0.925000 -0.037156
v -0.125541 0.925000 -0.024972
v -0.127384 0.925000 -0.012546
v -0.128000 0.925000 -0.000000
v -0.127384 0.925000 0.012546
v -0.125541 0.925000 0.024972
v -0.122488 0.925000 0.037156
v -0.118257 0.925000 0.048983
v -0.112886 0.925000 0.060339
v -0.106428 0.925000 0.071113
v -0.098945 0.925000 0.081202
v -0.090510 0.925000 0.090510
v -0.081202 0.925000 0.098945
v -0.071113 0.925000 0.106428
v -0.060339 0.925000 0.112886
v -0.048983 0.925000 0.118257
v -0.037156 0.925000 0.122488
v -0.024972 0.925000 0.125541
v -0.012546 0.925000 0.127384
v -0.000000 0.925000 0.128000
v 0.012546 0.925000 0.127384
v 0.024972 0.925000 0.125541
v 0.037156 0.925000 0.122488
v 0.048983 0.925000 0.118257
v 0.060339 0.925000 0.112886
v 0.071113 0.925000 0.106428
v 0.081202 0.925000 0.098945
v 0.090510 0.925000 0.090510
v 0.098945 0.925000 0.081202
v 0.106428 0.925000 0.071113
v 0.112886 0.925000 0.060339
v 0.118257 0.925000 0.048983
v 0.122488 0.925000 0.037156
v 0.125541 0.925000 0.024972
v 0.127384 0.925000 0.012546
v 0.135971 0.929429 0.000000
v 0.135317 0.929429 -0.013328
v 0.133359 0.929429 -0.026527
v 0.130116 0.929429 -0.039470
v 0.125621 0.929429 -0.052034
v 0.119916 0.929429 -0.064096
v 0.113056 0.929429 -0.075542
v 0.105107 0.929429 -0.086259
v 0.096146 0.929429 -0.096146
v 0.086259 0.929429 -0.105107
v 0.075542 0.929429 -0.113056
v 0.064096 0.929429 -0.119916
v 0.052034 0.929429 -0.125621
v 0.039470 0.929429 -0.130116
v 0.026527 0.929429 -0.133359
v 0.013328 0.929429 -0.135317
v 0.000000 0.929429 -0.135971
v -0.013328 0.929429 -0.135317
v -0.026527 0.929429 -0.133359
v -0.039470 0.929429 -0.130116
v -0.052034 0.929429 -0.125621
v -0.064096 0.929429 -0.119916
v -0.075542 0.929429 -0.113056
v -0.086259 0.929429 -0.105107
v -0.096146 0.929429 -0.096146
v -0.105107 0.929429 -0.086259
v -0.113056 0.929429 -0.075542
v -0.119916 0.929429 -0.064096
v -0.125621 0.929429 -0.052034
v -0.130116 0.929429 -0.039470
v -0.133359 0.929429 -0.026527
v -0.135317 0.929429 -0.013328
v -0.135971 0.929429 -0.000000
v -0.135317 0.929429 0.013328
v -0.133359 0.929429 0.026527
v -0.130116 0.929429 0.039470
v -0.125621 0.929429 0.052034
v -0.119916 0.929429 0.064096
v -0.113056 0.929429 0.075542
v -0.105107 0.929429 0.086259
v -0.096146 0.929429 0.096146
v -0.086259 0.929429 0.105107
v -0.075542 0.929429 0.113056
v -0.064096 0.929429 0.119916
v -0.052034 0.929429 0.125621
v -0.039470 0.929429 0.130116
v -0.026527 0.929429 0.133359
v -0.013328 0.929429 0.135317
v -0.000000 0.929429 0.135971
v 0.013328 0.929429 0.135317
v 0.026527 0.929429 0.133359
v 0.039470 0.929429 0.130116
v 0.052034 0.929429 0.125621
v 0.064096 0.929429 0.119916
v 0.075542 0.929429 0.113056
v 0.086259 0.929429 0.105107
v 0.096146 0.929429 0.096146
v 0.105107 0.929429 0.086259
v 0.113056 0.929429 0.075542
v 0.119916 0.929429 0.064096
v 0.125621 0.929429 0.052034
v 0.130116 0.929429 0.039470
v 0.133359 0.929429 0.026527
v 0.135317 0.929429 0.013328
v 0.137000 0.931177 0.000000
v 0.136340 0.931177 -0.013428
v 0.134368 0.931177 -0.026727
v 0.131101 0.931177 -0.039769
v 0.126571 0.931177 -0.052428
v 0.120823 0.931177 -0.064581
v 0.113911 0.931177 -0.076113
v 0.105902 0.931177 -0.086912
v 0.096874 0.931177 -0.096874
v 0.086912 0.931177 -0.105902
v 0.076113 0.931177 -0.113911
v 0.064581 0.931177 -0.120823
v 0.052428 0.931177 -0.126571
v 0.039769 0.931177 -0.131101
v 0.026727 0.931177 -0.134368
v 0.013428 0.931177 -0.136340
v 0.000000 0.931177 -0.137000
v -0.013428 0.931177 -0.136340
v -0.026727 0.931177 -0.134368
v -0.039769 0.931177 -0.131101
v -0.052428 0.931177 -0.126571
v -0.064581 0.931177 -0.120823
v -0.076113 0.931177 -0.113911
v -0.086912 0.931177 -0.105902
v -0.096874 0.931177 -0.096874
v -0.105902 0.931177 -0.086912
v -0.113911 0.931177 -0.076113
v -0.120823 0.931177 -0.064581
v -0.126571 0.931177 -0.052428
v -0.131101 0.931177 -0.039769
v -0.134368 0.931177 -0.026727
v -0.136340 0.931177 -0.013428
v -0.137000 0.931177 -0.000000
v -0.136340 0.931177 0.013428
v -0.134368 0.931177 0.026727
v -0.131101 0.931177 0.039769
v -0.126571 0.931177 0.052428
v -0.120823 0.931177 0.064581
v -0.113911 0.931177 0.076113
v -0.105902 0.931177 0.086912
v -0.096874 0.931177 0.096874
v -0.086912 0.931177 0.105902
v -0.076113 0.931177 0.113911
v -0.064581 0.931177 0.120823
v -0.052428 0.931177 0.126571
v -0.039769 0.931177 0.131101
v -0.026727 0.931177 0.134368
v -0.013428 0.931177 0.136340
v -0.000000 0.931177 0.137000
v 0.013428 0.931177 0.136340
v 0.026727 0.931177 0.134368
v 0.039769 0.931177 0.131101
v 0.052428 0.931177 0.126571
v 0.064581 0.931177 0.120823
v 0.076113 0.931177 0.113911
v 0.086912 0.931177 0.105902
v 0.096874 0.931177 0.096874
v 0.105902 0.931177 0.086912
v 0.113911 0.931177 0.076113
v 0.120823 0.931177 0.064581
v 0.126571 0.931177 0.052428
v 0.131101 0.931177 0.039769
v 0.134368 0.931177 0.026727
v 0.136340 0.931177 0.013428
v 0.137000 0.953079 0.000000
v 0.136340 0.953079 -0.013428
v 0.134368 0.953079 -0.026727
v 0.131101 0.953079 -0.039769
v 0.126571 0.953079 -0.052428
v 0.120823 0.953079 -0.064581
v 0.113911 0.953079 -0.076113
v 0.105902 0.953079 -0.086912
v 0.096874 0.953079 -0.096874
v 0.086912 0.953079 -0.105902
v 0.076113 0.953079 -0.113911
v 0.064581 0.953079 -0.120823
v 0.052428 0.953079 -0.126571
v 0.039769 0.953079 -0.131101
v 0.026727 0.953079 -0.134368
v 0.013428 0.953079 -0.136340
v 0.000000 0.953079 -0.137000
v -0.013428 0.953079 -0.136340
v -0.026727 0.953079 -0.134368
v -0.039769 0.953079 -0.131101
v -0.052428 0.953079 -0.126571
v -0.064581 0.953079 -0.120823
v -0.076113 0.953079 -0.113911
v -0.086912 0.953079 -0.105902
v -0.096874 0.953079 -0.096874
v -0.105902 0.953079 -0.086912
v -0.113911 0.953079 -0.076113
v -0.120823 0.953079 -0.064581
v -0.126571 0.953079 -0.052428
v -0.131101 0.953079 -0.039769
v -0.134368 0.953079 -0.026727
v -0.136340 0.953079 -0.013428
v -0.137000 0.953079 -0.000000
v -0.136340 0.953079 0.013428
v -0.134368 0.953079 0.026727
v -0.131101 0.953079 0.039769
v -0.126571 0.953079 0.052428
v -0.120823 0.953079 0.064581
v -0.113911 0.953079 0.076113
v -0.105902 0.953079 0.086912
v -0.096874 0.953079 0.096874
v -0.086912 0.953079 0.105902
v -0.076113 0.953079 0.113911
v -0.064581 0.953079 0.120823
v -0.052428 0.953079 0.126571
v -0.039769 0.953079 0.131101
v -0.026727 0.953079 0.134368
v -0.013428 0.953079 0.136340
v -0.000000 0.953079 0.137000
v 0.013428 0.953079 0.136340
v 0.026727 0.953079 0.134368
v 0.039769 0.953079 0.131101
v 0.052428 0.953079 0.126571
v 0.064581 0.953079 0.120823
v 0.076113 0.953079 0.113911
v 0.086912 0.953079 0.105902
v 0.096874 0.953079 0.096874
v 0.105902 0.953079 0.086912
v 0.113911 0.953079 0.076113
v 0.120823 0.953079 0.064581
v 0.126571 0.953079 0.052428
v 0.131101 0.953079 0.039769
v 0.134368 0.953079 0.026727
v 0.136340 0.953079 0.013428
v 0.135144 0.955495 0.000000
v 0.134493 0.955495 -0.013246
v 0.132547 0.955495 -0.026365
v 0.129325 0.955495 -0.039230
v 0.124857 0.955495 -0.051717
v 0.119187 0.955495 -0.063707
v 0.112368 0.955495 -0.075082
v 0.104468 0.955495 -0.085735
v 0.095561 0.955495 -0.095561
v 0.085735 0.955495 -0.104468
v 0.075082 0.955495 -0.112368
v 0.063707 0.955495 -0.119187
v 0.051717 0.955495 -0.124857
v 0.039230 0.955495 -0.129325
v 0.026365 0.955495 -0.132547
v 0.013246 0.955495 -0.134493
v 0.000000 0.955495 -0.135144
v -0.013246 0.955495 -0.134493
v -0.026365 0.955495 -0.132547
v -0.039230 0.955495 -0.129325
v -0.051717 0.955495 -0.124857
v -0.063707 0.955495 -0.119187
v -0.075082 0.955495 -0.112368
v -0.085735 0.955495 -0.104468
v -0.095561 0.955495 -0.095561
v -0.104468 0.955495 -0.085735
v -0.112368 0.955495 -0.075082
v -0.119187 0.955495 -0.063707
v -0.124857 0.955495 -0.051717
v -0.129325 0.955495 -0.039230
v -0.132547 0.955495 -0.026365
v -0.134493 0.955495 -0.013246
v -0.135144 0.955495 -0.000000
v -0.134493 0.955495 0.013246
v -0.132547 0.955495 0.026365
v -0.129325 0.955495 0.039230
v -0.124857 0.955495 0.051717
v -0.119187 0.955495 0.063707
v -0.112368 0.955495 0.075082
v -0.104468 0.955495 0.085735
v -0.095561 0.955495 0.095561
v -0.085735 0.955495 0.104468
v -0.075082 0.955495 0.112368
v -0.063707 0.955495 0.119187
v -0.051717 0.955495 0.124857
v -0.039230 0.955495 0.129325
v -0.026365 0.955495 0.132547
v -0.013246 0.955495 0.134493
v -0.000000 0.955495 0.135144
v 0.013246 0.955495 0.134493
v 0.026365 0.955495 0.132547
v 0.039230 0.955495 0.129325
v 0.051717 0.955495 0.124857
v 0.063707 0.955495 0.119187
v 0.075082 0.955495 0.112368
v 0.085735 0.955495 0.104468
v 0.095561 0.955495 0.095561
v 0.104468 0.955495 0.085735
v 0.112368 0.955495 0.075082
v 0.119187 0.955495 0.063707
v 0.124857 0.955495 0.051717
v 0.129325 0.955495 0.039230
v 0.132547 0.955495 0.026365
v 0.134493 0.955495 0.013246
v 0.123221 0.958674 0.000000
v 0.122628 0.958674 -0.012078
v 0.120854 0.958674 -0.024039
v 0.117915 0.958674 -0.035769
v 0.113842 0.958674 -0.047155
v 0.108671 0.958674 -0.058086
v 0.102455 0.958674 -0.068458
v 0.095251 0.958674 -0.078171
v 0.087131 0.958674 -0.087131
v 0.078171 0.958674 -0.095251
v 0.068458 0.958674 -0.102455
v 0.058086 0.958674 -0.108671
v 0.047155 0.958674 -0.113842
v 0.035769 0.958674 -0.117915
v 0.024039 0.958674 -0.120854
v 0.012078 0.958674 -0.122628
v 0.000000 0.958674 -0.123221
v -0.012078 0.958674 -0.122628
v -0.024039 0.958674 -0.120854
v -0.035769 0.958674 -0.117915
v -0.047155 0.958674 -0.113842
v -0.058086 0.958674 -0.108671
v -0.068458 0.958674 -0.102455
v -0.078171 0.958674 -0.095251
v -0.087131 0.958674 -0.087131
v -0.095251 0.958674 -0.078171
v -0.102455 0.958674 -0.068458
v -0.108671 0.958674 -0.058086
v -0.113842 0.958674 -0.047155
v -0.117915 0.958674 -0.035769
v -0.120854 0.958674 -0.024039
v -0.122628 0.958674 -0.012078
v -0.123221 0.958674 -0.000000
v -0.122628 0.958674 0.012078
v -0.120854 0.958674 0.024039
v -0.117915 0.958674 0.035769
v -0.113842 0.958674 0.047155
v -0.108671 0.958674 0.058086
v -0.102455 0.958674 0.068458
v -0.095251 0.958674 0.078171
v -0.087131 0.958674 0.087131
v -0.078171 0.958674 0.095251
v -0.068458 0.958674 0.102455
v -0.058086 0.958674 0.108671
v -0.047155 0.958674 0.113842
v -0.035769 0.958674 0.117915
v -0.024039 0.958674 0.120854
v -0.012078 0.958674 0.122628
v -0.000000 0.958674 0.123221
v 0.012078 0.958674 0.122628
v 0.024039 0.958674 0.120854
v 0.035769 0.958674 0.117915
v 0.047155 0.958674 0.113842
v 0.058086 0.958674 0.108671
v 0.068458 0.958674 0.102455
v 0.078171 0.958674 0.095251
v 0.087131 0.958674 0.087131
v 0.095251 0.958674 0.078171
v 0.102455 0.958674 0.068458
v 0.108671 0.958674 0.058086
v 0.113842 0.958674 0.047155
v 0.117915 0.958674 0.035769
v 0.120854 0.958674 0.024039
v 0.122628 0.958674 0.012078
v 0.121538 0.960177 0.000000
v 0.120953 0.960177 -0.011913
v 0.119203 0.960177 -0.023711
v 0.116305 0.960177 -0.035281
v 0.112287 0.960177 -0.046511
v 0.107187 0.960177 -0.057293
v 0.101055 0.960177 -0.067523
v 0.093950 0.960177 -0.077103
v 0.085941 0.960177 -0.085941
v 0.077103 0.960177 -0.093950
v 0.067523 0.960177 -0.101055
v 0.057293 0.960177 -0.107187
v 0.046511 0.960177 -0.112287
v 0.035281 0.960177 -0.116305
v 0.023711 0.960177 -0.119203
v 0.011913 0.960177 -0.120953
v 0.000000 0.960177 -0.121538
v -0.011913 0.960177 -0.120953
v -0.023711 0.960177 -0.119203
v -0.035281 0.960177 -0.116305
v -0.046511 0.960177 -0.112287
v -0.057293 0.960177 -0.107187
v -0.067523 0.960177 -0.101055
v -0.077103 0.960177 -0.093950
v -0.085941 0.960177 -0.085941
v -0.093950 0.960177 -0.077103
v -0.101055 0.960177 -0.067523
v -0.107187 0.960177 -0.057293
v -0.112287 0.960177 -0.046511
v -0.116305 0.960177 -0.035281
v -0.119203 0.960177 -0.023711
v -0.120953 0.960177 -0.011913
v -0.121538 0.960177 -0.000000
v -0.120953 0.960177 0.011913
v -0.119203 0.960177 0.023711
v -0.116305 0.960177 0.035281
v -0.112287 0.960177 0.046511
v -0.107187 0.960177 0.057293
v -0.101055 0.960177 0.067523
v -0.093950 0.960177 0.077103
v -0.085941 0.960177 0.085941
v -0.077103 0.960177 0.093950
v -0.067523 0.960177 0.101055
v -0.057293 0.960177 0.107187
v -0.046511 0.960177 0.112287
v -0.035281 0.960177 0.116305
v -0.023711 0.960177 0.119203
v -0.011913 0.960177 0.120953
v -0.000000 0.960177 0.121538
v 0.011913 0.960177 0.120953
v 0.023711 0.960177 0.119203
v 0.035281 0.960177 0.116305
v 0.046511 0.960177 0.112287
v 0.057293 0.960177 0.107187
v 0.067523 0.960177 0.101055
v 0.077103 0.960177 0.093950
v 0.085941 0.960177 0.085941
v 0.093950 0.960177 0.077103
v 0.101055 0.960177 0.067523
v 0.107187 0.960177 0.057293
v 0.112287 0.960177 0.046511
v 0.116305 0.960177 0.035281
v 0.119203 0.960177 0.023711
v 0.120953 0.960177 0.011913
v 0.115333 0.975986 0.000000
v 0.114778 0.975986 -0.011305
v 0.113117 0.975986 -0.022500
v 0.110367 0.975986 -0.033480
v 0.106554 0.975986 -0.044136
v 0.101715 0.975986 -0.054368
v 0.095896 0.975986 -0.064076
v 0.089154 0.975986 -0.073167
v 0.081553 0.975986 -0.081553
v 0.073167 0.975986 -0.089154
v 0.064076 0.975986 -0.095896
v 0.054368 0.975986 -0.101715
v 0.044136 0.975986 -0.106554
v 0.033480 0.975986 -0.110367
v 0.022500 0.975986 -0.113117
v 0.011305 0.975986 -0.114778
v 0.000000 0.975986 -0.115333
v -0.011305 0.975986 -0.114778
v -0.022500 0.975986 -0.113117
v -0.033480 0.975986 -0.110367
v -0.044136 0.975986 -0.106554
v -0.054368 0.975986 -0.101715
v -0.064076 0.975986 -0.095896
v -0.073167 0.975986 -0.089154
v -0.081553 0.975986 -0.081553
v -0.089154 0.975986 -0.073167
v -0.095896 0.975986 -0.064076
v -0.101715 0.975986 -0.054368
v -0.106554 0.975986 -0.044136
v -0.110367 0.975986 -0.033480
v -0.113117 0.975986 -0.022500
v -0.114778 0.975986 -0.011305
v -0.115333 0.975986 -0.000000
v -0.114778 0.975986 0.011305
v -0.113117 0.975986 0.022500
v -0.110367 0.975986 0.033480
v -0.106554 0.975986 0.044136
v -0.101715 0.975986 0.054368
v -0.095896 0.975986 0.064076
v -0.089154 0.975986 0.073167
v -0.081553 0.975986 0.081553
v -0.073167 0.975986 0.089154
v -0.064076 0.975986 0.095896
v -0.054368 0.975986 0.101715
v -0.044136 0.975986 0.106554
v -0.033480 0.975986 0.110367
v -0.022500 0.975986 0.113117
v -0.011305 0.975986 0.114778
v -0.000000 0.975986 0.115333
v 0.011305 0.975986 0.114778
v 0.022500 0.975986 0.113117
v 0.033480 0.975986 0.110367
v 0.044136 0.975986 0.106554
v 0.054368 0.975986 0.101715
v 0.064076 0.975986 0.095896
v 0.073167 0.975986 0.089154
v 0.081553 0.975986 0.081553
v 0.089154 0.975986 0.073167
v 0.095896 0.975986 0.064076
v 0.101715 0.975986 0.054368
v 0.106554 0.975986 0.044136
v 0.110367 0.975986 0.033480
v 0.113117 0.975986 0.022500
v 0.114778 0.975986 0.011305
v 0.104000 0.991556 0.000000
v 0.103499 0.991556 -0.010194
v 0.102002 0.991556 -0.020289
v 0.099522 0.991556 -0.030190
v 0.096083 0.991556 -0.039799
v 0.091720 0.991556 -0.049025
v 0.086473 0.991556 -0.057779
v 0.080393 0.991556 -0.065977
v 0.073539 0.991556 -0.073539
v 0.065977 0.991556 -0.080393
v 0.057779 0.991556 -0.086473
v 0.049025 0.991556 -0.091720
v 0.039799 0.991556 -0.096083
v 0.030190 0.991556 -0.099522
v 0.020289 0.991556 -0.102002
v 0.010194 0.991556 -0.103499
v 0.000000 0.991556 -0.104000
v -0.010194 0.991556 -0.103499
v -0.020289 0.991556 -0.102002
v -0.030190 0.991556 -0.099522
v -0.039799 0.991556 -0.096083
v -0.049025 0.991556 -0.091720
v -0.057779 0.991556 -0.086473
v -0.065977 0.991556 -0.080393
v -0.073539 0.991556 -0.073539
v -0.080393 0.991556 -0.065977
v -0.086473 0.991556 -0.057779
v -0.091720 0.991556 -0.049025
v -0.096083 0.991556 -0.039799
v -0.099522 0.991556 -0.030190
v -0.102002 0.991556 -0.020289
v -0.103499 0.991556 -0.010194
v -0.104000 0.991556 -0.000000
v -0.103499 0.991556 0.010194
v -0.102002 0.991556 0.020289
v -0.099522 0.991556 0.030190
v -0.096083 0.991556 0.039799
v -0.091720 0.991556 0.049025
v -0.086473 0.991556 0.057779
v -0.080393 0.991556 0.065977
v -0.073539 0.991556 0.073539
v -0.065977 0.991556 0.080393
v -0.057779 0.991556 0.086473
v -0.049025 0.991556 0.091720
v -0.039799 0.991556 0.096083
v -0.030190 0.991556 0.099522
v -0.020289 0.991556 0.102002
v -0.010194 0.991556 0.103499
v -0.000000 0.991556 0.104000
v 0.010194 0.991556 0.103499
v 0.020289 0.991556 0.102002
v 0.030190 0.991556 0.099522
v 0.039799 0.991556 0.096083
v 0.049025 0.991556 0.091720
v 0.057779 0.991556 0.086473
v 0.065977 0.991556 0.080393
v 0.073539 0.991556 0.073539
v 0.080393 0.991556 0.065977
v 0.086473 0.991556 0.057779
v 0.091720 0.991556 0.049025
v 0.096083 0.991556 0.039799
v 0.099522 0.991556 0.030190
v 0.102002 0.991556 0.020289
v 0.103499 0.991556 0.010194
v 0.089000 1.005125 0.000000
v 0.088571 1.005125 -0.008724
v 0.087290 1.005125 -0.017363
v 0.085168 1.005125 -0.025835
v 0.082225 1.005125 -0.034059
v 0.078491 1.005125 -0.041954
v 0.074001 1.005125 -0.049446
v 0.068798 1.005125 -0.056461
v 0.062933 1.005125 -0.062933
v 0.056461 1.005125 -0.068798
v 0.049446 1.005125 -0.074001
v 0.041954 1.005125 -0.078491
v 0.034059 1.005125 -0.082225
v 0.025835 1.005125 -0.085168
v 0.017363 1.005125 -0.087290
v 0.008724 1.005125 -0.088571
v 0.000000 1.005125 -0.089000
v -0.008724 1.005125 -0.088571
v -0.017363 1.005125 -0.087290
v -0.025835 1.005125 -0.085168
v -0.034059 1.005125 -0.082225
v -0.041954 1.005125 -0.078491
v -0.049446 1.005125 -0.074001
v -0.056461 1.005125 -0.068798
v -0.062933 1.005125 -0.062933
v -0.068798 1.005125 -0.056461
v -0.074001 1.005125 -0.049446
v -0.078491 1.005125 -0.041954
v -0.082225 1.005125 -0.034059
v -0.085168 1.005125 -0.025835
v -0.087290 1.005125 -0.017363
v -0.088571 1.005125 -0.008724
v -0.089000 1.005125 -0.000000
v -0.088571 1.005125 0.008724
v -0.087290 1.005125 0.017363
v -0.085168 1.005125 0.025835
v -0.082225 1.005125 0.034059
v -0.078491 1.005125 0.041954
v -0.074001 1.005125 0.049446
v -0.068798 1.005125 0.056461
v -0.062933 1.005125 0.062933
v -0.056461 1.005125 0.068798
v -0.049446 1.005125 0.074001
v -0.041954 1.005125 0.078491
v -0.034059 1.005125 0.082225
v -0.025835 1.005125 0.085168
v -0.017363 1.005125 0.087290
v -0.008724 1.005125 0.088571
v -0.000000 1.005125 0.089000
v 0.008724 1.005125 0.088571
v 0.017363 1.005125 0.087290
v 0.025835 1.005125 0.085168
v 0.034059 1.005125 0.082225
v 0.041954 1.005125 0.078491
v 0.049446 1.005125 0.074001
v 0.056461 1.005125 0.068798
v 0.062933 1.005125 0.062933
v 0.068798 1.005125 0.056461
v 0.074001 1.005125 0.049446
v 0.078491 1.005125 0.041954
v 0.082225 1.005125 0.034059
v 0.085168 1.005125 0.025835
v 0.087290 1.005125 0.017363
v 0.088571 1.005125 0.008724
v 0.071333 1.016111 0.000000
v 0.070990 1.016111 -0.006992
v 0.069963 1.016111 -0.013916
v 0.068262 1.016111 -0.020707
v 0.065903 1.016111 -0.027298
v 0.062910 1.016111 -0.033626
v 0.059311 1.016111 -0.039631
v 0.055141 1.016111 -0.045253
v 0.050440 1.016111 -0.050440
v 0.045253 1.016111 -0.055141
v 0.039631 1.016111 -0.059311
v 0.033626 1.016111 -0.062910
v 0.027298 1.016111 -0.065903
v 0.020707 1.016111 -0.068262
v 0.013916 1.016111 -0.069963
v 0.006992 1.016111 -0.070990
v 0.000000 1.016111 -0.071333
v -0.006992 1.016111 -0.070990
v -0.013916 1.016111 -0.069963
v -0.020707 1.016111 -0.068262
v -0.027298 1.016111 -0.065903
v -0.033626 1.016111 -0.062910
v -0.039631 1.016111 -0.059311
v -0.045253 1.016111 -0.055141
v -0.050440 1.016111 -0.050440
v -0.055141 1.016111 -0.045253
v -0.059311 1.016111 -0.039631
v -0.062910 1.016111 -0.033626
v -0.065903 1.016111 -0.027298
v -0.068262 1.016111 -0.020707
v -0.069963 1.016111 -0.013916
v -0.070990 1.016111 -0.006992
v -0.071333 1.016111 -0.000000
v -0.070990 1.016111 0.006992
v -0.069963 1.016111 0.013916
v -0.068262 1.016111 0.020707
v -0.065903 1.016111 0.027298
v -0.062910 1.016111 0.033626
v -0.059311 1.016111 0.039631
v -0.055141 1.016111 0.045253
v -0.050440 1.016111 0.050440
v -0.045253 1.016111 0.055141
v -0.039631 1.016111 0.059311
v -0.033626 1.016111 0.062910
v -0.027298 1.016111 0.065903
v -0.020707 1.016111 0.068262
v -0.013916 1.016111 0.069963
v -0.006992 1.016111 0.070990
v -0.000000 1.016111 0.071333
v 0.006992 1.016111 0.070990
v 0.013916 1.016111 0.069963
v 0.020707 1.016111 0.068262
v 0.027298 1.016111 0.065903
v 0.033626 1.016111 0.062910
v 0.039631 1.016111 0.059311
v 0.045253 1.016111 0.055141
v 0.050440 1.016111 0.050440
v 0.055141 1.016111 0.045253
v 0.059311 1.016111 0.039631
v 0.062910 1.016111 0.033626
v 0.065903 1.016111 0.027298
v 0.068262 1.016111 0.020707
v 0.069963 1.016111 0.013916
v 0.070990 1.016111 0.006992
v 0.052000 1.023931 0.000000
v 0.051750 1.023931 -0.005097
v 0.051001 1.023931 -0.010145
v 0.049761 1.023931 -0.015095
v 0.048042 1.023931 -0.019900
v 0.045860 1.023931 -0.024513
v 0.043236 1.023931 -0.028890
v 0.040197 1.023931 -0.032988
v 0.036770 1.023931 -0.036770
v 0.032988 1.023931 -0.040197
v 0.028890 1.023931 -0.043236
v 0.024513 1.023931 -0.045860
v 0.019900 1.023931 -0.048042
v 0.015095 1.023931 -0.049761
v 0.010145 1.023931 -0.051001
v 0.005097 1.023931 -0.051750
v 0.000000 1.023931 -0.052000
v -0.005097 1.023931 -0.051750
v -0.010145 1.023931 -0.051001
v -0.015095 1.023931 -0.049761
v -0.019900 1.023931 -0.048042
v -0.024513 1.023931 -0.045860
v -0.028890 1.023931 -0.043236
v -0.032988 1.023931 -0.040197
v -0.036770 1.023931 -0.036770
v -0.040197 1.023931 -0.032988
v -0.043236 1.023931 -0.028890
v -0.045860 1.023931 -0.024513
v -0.048042 1.023931 -0.019900
v -0.049761 1.023931 -0.015095
v -0.051001 1.023931 -0.010145
v -0.051750 1.023931 -0.005097
v -0.052000 1.023931 -0.000000
v -0.051750 1.023931 0.005097
v -0.051001 1.023931 0.010145
v -0.049761 1.023931 0.015095
v -0.048042 1.023931 0.019900
v -0.045860 1.023931 0.024513
v -0.043236 1.023931 0.028890
v -0.040197 1.023931 0.032988
v -0.036770 1.023931 0.036770
v -0.032988 1.023931 0.040197
v -0.028890 1.023931 0.043236
v -0.024513 1.023931 0.045860
v -0.019900 1.023931 0.048042
v -0.015095 1.023931 0.049761
v -0.010145 1.023931 0.051001
v -0.005097 1.023931 0.051750
v -0.000000 1.023931 0.052000
v 0.005097 1.023931 0.051750
v 0.010145 1.023931 0.051001
v 0.015095 1.023931 0.049761
v 0.019900 1.023931 0.048042
v 0.024513 1.023931 0.045860
v 0.028890 1.023931 0.043236
v 0.032988 1.023931 0.040197
v 0.036770 1.023931 0.036770
v 0.040197 1.023931 0.032988
v 0.043236 1.023931 0.028890
v 0.045860 1.023931 0.024513
v 0.048042 1.023931 0.019900
v 0.049761 1.023931 0.015095
v 0.051001 1.023931 0.010145
v 0.051750 1.023931 0.005097
v 0.032000 1.028000 0.000000
v 0.031846 1.028000 -0.003137
v 0.031385 1.028000 -0.006243
v 0.030622 1.028000 -0.009289
v 0.029564 1.028000 -0.012246
v 0.028221 1.028000 -0.015085
v 0.026607 1.028000 -0.017778
v 0.024736 1.028000 -0.020301
v 0.022627 1.028000 -0.022627
v 0.020301 1.028000 -0.024736
v 0.017778 1.028000 -0.026607
v 0.015085 1.028000 -0.028221
v 0.012246 1.028000 -0.029564
v 0.009289 1.028000 -0.030622
v 0.006243 1.028000 -0.031385
v 0.003137 1.028000 -0.031846
v 0.000000 1.028000 -0.032000
v -0.003137 1.028000 -0.031846
v -0.006243 1.028000 -0.031385
v -0.009289 1.028000 -0.030622
v -0.012246 1.028000 -0.029564
v -0.015085 1.028000 -0.028221
v -0.017778 1.028000 -0.026607
v -0.020301 1.028000 -0.024736
v -0.022627 1.028000 -0.022627
v -0.024736 1.028000 -0.020301
v -0.026607 1.028000 -0.017778
v -0.028221 1.028000 -0.015085
v -0.029564 1.028000 -0.012246
v -0.030622 1.028000 -0.009289
v -0.031385 1.028000 -0.006243
v -0.031846 1.028000 -0.003137
v -0.032000 1.028000 -0.000000
v -0.031846 1.028000 0.003137
v -0.031385 1.028000 0.006243
v -0.030622 1.028000 0.009289
v -0.029564 1.028000 0.012246
v -0.028221 1.028000 0.015085
v -0.026607 1.028000 0.017778
v -0.024736 1.028000 0.020301
v -0.022627 1.028000 0.022627
v -0.020301 1.028000 0.024736
v -0.017778 1.028000 0.026607
v -0.015085 1.028000 0.028221
v -0.012246 1.028000 0.029564
v -0.009289 1.028000 0.030622
v -0.006243 1.028000 0.031385
v -0.003137 1.028000 0.031846
v -0.000000 1.028000 0.032000
v 0.003137 1.028000 0.031846
v 0.006243 1.028000 0.031385
v 0.009289 1.028000 0.030622
v 0.012246 1.028000 0.029564
v 0.015085 1.028000 0.028221
v 0.017778 1.028000 0.026607
v 0.020301 1.028000 0.024736
v 0.022627 1.028000 0.022627
v 0.024736 1.028000 0.020301
v 0.026607 1.028000 0.017778
v 0.028221 1.028000 0.015085
v 0.029564 1.028000 0.012246
v 0.030622 1.028000 0.009289
v 0.031385 1.028000 0.006243
v 0.031846 1.028000 0.003137
v 0.026500 1.028374 0.000000
v 0.026372 1.028374 -0.002597
v 0.025991 1.028374 -0.005170
v 0.025359 1.028374 -0.007693
v 0.024483 1.028374 -0.010141
v 0.023371 1.028374 -0.012492
v 0.022034 1.028374 -0.014723
v 0.020485 1.028374 -0.016811
v 0.018738 1.028374 -0.018738
v 0.016811 1.028374 -0.020485
v 0.014723 1.028374 -0.022034
v 0.012492 1.028374 -0.023371
v 0.010141 1.028374 -0.024483
v 0.007693 1.028374 -0.025359
v 0.005170 1.028374 -0.025991
v 0.002597 1.028374 -0.026372
v 0.000000 1.028374 -0.026500
v -0.002597 1.028374 -0.026372
v -0.005170 1.028374 -0.025991
v -0.007693 1.028374 -0.025359
v -0.010141 1.028374 -0.024483
v -0.012492 1.028374 -0.023371
v -0.014723 1.028374 -0.022034
v -0.016811 1.028374 -0.020485
v -0.018738 1.028374 -0.018738
v -0.020485 1.028374 -0.016811
v -0.022034 1.028374 -0.014723
v -0.023371 1.028374 -0.012492
v -0.024483 1.028374 -0.010141
v -0.025359 1.028374 -0.007693
v -0.025991 1.028374 -0.005170
v -0.026372 1.028374 -0.002597
v -0.026500 1.028374 -0.000000
v -0.026372 1.028374 0.002597
v -0.025991 1.028374 0.005170
v -0.025359 1.028374 0.007693
v -0.024483 1.028374 0.010141
v -0.023371 1.028374 0.012492
v -0.022034 1.028374 0.014723
v -0.020485 1.028374 0.016811
v -0.018738 1.028374 0.018738
v -0.016811 1.028374 0.020485
v -0.014723 1.028374 0.022034
v -0.012492 1.028374 0.023371
v -0.010141 1.028374 0.024483
v -0.007693 1.028374 0.025359
v -0.005170 1.028374 0.025991
v -0.002597 1.028374 0.026372
v -0.000000 1.028374 0.026500
v 0.002597 1.028374 0.026372
v 0.005170 1.028374 0.025991
v 0.007693 1.028374 0.025359
v 0.010141 1.028374 0.024483
v 0.012492 1.028374 0.023371
v 0.014723 1.028374 0.022034
v 0.016811 1.028374 0.020485
v 0.018738 1.028374 0.018738
v 0.020485 1.028374 0.016811
v 0.022034 1.028374 0.014723
v 0.023371 1.028374 0.012492
v 0.024483 1.028374 0.010141
v 0.025359 1.028374 0.007693
v 0.025991 1.028374 0.005170
v 0.026372 1.028374 0.002597
v 0.024662 1.028757 0.000000
v 0.024543 1.028757 -0.002417
v 0.024188 1.028757 -0.004811
v 0.023600 1.028757 -0.007159
v 0.022784 1.028757 -0.009438
v 0.021750 1.028757 -0.011625
v 0.020505 1.028757 -0.013701
v 0.019064 1.028757 -0.015645
v 0.017438 1.028757 -0.017438
v 0.015645 1.028757 -0.019064
v 0.013701 1.028757 -0.020505
v 0.011625 1.028757 -0.021750
v 0.009438 1.028757 -0.022784
v 0.007159 1.028757 -0.023600
v 0.004811 1.028757 -0.024188
v 0.002417 1.028757 -0.024543
v 0.000000 1.028757 -0.024662
v -0.002417 1.028757 -0.024543
v -0.004811 1.028757 -0.024188
v -0.007159 1.028757 -0.023600
v -0.009438 1.028757 -0.022784
v -0.011625 1.028757 -0.021750
v -0.013701 1.028757 -0.020505
v -0.015645 1.028757 -0.019064
v -0.017438 1.028757 -0.017438
v -0.019064 1.028757 -0.015645
v -0.020505 1.028757 -0.013701
v -0.021750 1.028757 -0.011625
v -0.022784 1.028757 -0.009438
v -0.023600 1.028757 -0.007159
v -0.024188 1.028757 -0.004811
v -0.024543 1.028757 -0.002417
v -0.024662 1.028757 -0.000000
v -0.024543 1.028757 0.002417
v -0.024188 1.028757 0.004811
v -0.023600 1.028757 0.007159
v -0.022784 1.028757 0.009438
v -0.021750 1.028757 0.011625
v -0.020505 1.028757 0.013701
v -0.019064 1.028757 0.015645
v -0.017438 1.028757 0.017438
v -0.015645 1.028757 0.019064
v -0.013701 1.028757 0.020505
v -0.011625 1.028757 0.021750
v -0.009438 1.028757 0.022784
v -0.007159 1.028757 0.023600
v -0.004811 1.028757 0.024188
v -0.002417 1.028757 0.024543
v -0.000000 1.028757 0.024662
v 0.002417 1.028757 0.024543
v 0.004811 1.028757 0.024188
v 0.007159 1.028757 0.023600
v 0.009438 1.028757 0.022784
v 0.011625 1.028757 0.021750
v 0.013701 1.028757 0.020505
v 0.015645 1.028757 0.019064
v 0.017438 1.028757 0.017438
v 0.019064 1.028757 0.015645
v 0.020505 1.028757 0.013701
v 0.021750 1.028757 0.011625
v 0.022784 1.028757 0.009438
v 0.023600 1.028757 0.007159
v 0.024188 1.028757 0.004811
v 0.024543 1.028757 0.002417
v 0.023646 1.029603 0.000000
v 0.023532 1.029603 -0.002318
v 0.023192 1.029603 -0.004613
v 0.022628 1.029603 -0.006864
v 0.021846 1.029603 -0.009049
v 0.020854 1.029603 -0.011147
v 0.019661 1.029603 -0.013137
v 0.018279 1.029603 -0.015001
v 0.016720 1.029603 -0.016720
v 0.015001 1.029603 -0.018279
v 0.013137 1.029603 -0.019661
v 0.011147 1.029603 -0.020854
v 0.009049 1.029603 -0.021846
v 0.006864 1.029603 -0.022628
v 0.004613 1.029603 -0.023192
v 0.002318 1.029603 -0.023532
v 0.000000 1.029603 -0.023646
v -0.002318 1.029603 -0.023532
v -0.004613 1.029603 -0.023192
v -0.006864 1.029603 -0.022628
v -0.009049 1.029603 -0.021846
v -0.011147 1.029603 -0.020854
v -0.013137 1.029603 -0.019661
v -0.015001 1.029603 -0.018279
v -0.016720 1.029603 -0.016720
v -0.018279 1.029603 -0.015001
v -0.019661 1.029603 -0.013137
v -0.020854 1.029603 -0.011147
v -0.021846 1.029603 -0.009049
v -0.022628 1.029603 -0.006864
v -0.023192 1.029603 -0.004613
v -0.023532 1.029603 -0.002318
v -0.023646 1.029603 -0.000000
v -0.023532 1.029603 0.002318
v -0.023192 1.029603 0.004613
v -0.022628 1.029603 0.006864
v -0.021846 1.029603 0.009049
v -0.020854 1.029603 0.011147
v -0.019661 1.029603 0.013137
v -0.018279 1.029603 0.015001
v -0.016720 1.029603 0.016720
v -0.015001 1.029603 0.018279
v -0.013137 1.029603 0.019661
v -0.011147 1.029603 0.020854
v -0.009049 1.029603 0.021846
v -0.006864 1.029603 0.022628
v -0.004613 1.029603 0.023192
v -0.002318 1.029603 0.023532
v -0.000000 1.029603 0.023646
v 0.002318 1.029603 0.023532
v 0.004613 1.029603 0.023192
v 0.006864 1.029603 0.022628
v 0.009049 1.029603 0.021846
v 0.011147 1.029603 0.020854
v 0.013137 1.029603 0.019661
v 0.015001 1.029603 0.018279
v 0.016720 1.029603 0.016720
v 0.018279 1.029603 0.015001
v 0.019661 1.029603 0.013137
v 0.020854 1.029603 0.011147
v 0.021846 1.029603 0.009049
v 0.022628 1.029603 0.006864
v 0.023192 1.029603 0.004613
v 0.023532 1.029603 0.002318
v 0.023454 1.030910 0.000000
v 0.023341 1.030910 -0.002299
v 0.023003 1.030910 -0.004576
v 0.022444 1.030910 -0.006808
v 0.021669 1.030910 -0.008975
v 0.020684 1.030910 -0.011056
v 0.019501 1.030910 -0.013030
v 0.018130 1.030910 -0.014879
v 0.016584 1.030910 -0.016584
v 0.014879 1.030910 -0.018130
v 0.013030 1.030910 -0.019501
v 0.011056 1.030910 -0.020684
v 0.008975 1.030910 -0.021669
v 0.006808 1.030910 -0.022444
v 0.004576 1.030910 -0.023003
v 0.002299 1.030910 -0.023341
v 0.000000 1.030910 -0.023454
v -0.002299 1.030910 -0.023341
v -0.004576 1.030910 -0.023003
v -0.006808 1.030910 -0.022444
v -0.008975 1.030910 -0.021669
v -0.011056 1.030910 -0.020684
v -0.013030 1.030910 -0.019501
v -0.014879 1.030910 -0.018130
v -0.016584 1.030910 -0.016584
v -0.018130 1.030910 -0.014879
v -0.019501 1.030910 -0.013030
v -0.020684 1.030910 -0.011056
v -0.021669 1.030910 -0.008975
v -0.022444 1.030910 -0.006808
v -0.023003 1.030910 -0.004576
v -0.023341 1.030910 -0.002299
v -0.023454 1.030910 -0.000000
v -0.023341 1.030910 0.002299
v -0.023003 1.030910 0.004576
v -0.022444 1.030910 0.006808
v -0.021669 1.030910 0.008975
v -0.020684 1.030910 0.011056
v -0.019501 1.030910 0.013030
v -0.018130 1.030910 0.014879
v -0.016584 1.030910 0.016584
v -0.014879 1.030910 0.018130
v -0.013030 1.030910 0.019501
v -0.011056 1.030910 0.020684
v -0.008975 1.030910 0.021669
v -0.006808 1.030910 0.022444
v -0.004576 1.030910 0.023003
v -0.002299 1.030910 0.023341
v -0.000000 1.030910 0.023454
v 0.002299 1.030910 0.023341
v 0.004576 1.030910 0.023003
v 0.006808 1.030910 0.022444
v 0.008975 1.030910 0.021669
v 0.011056 1.030910 0.020684
v 0.013030 1.030910 0.019501
v 0.014879 1.030910 0.018130
v 0.016584 1.030910 0.016584
v 0.018130 1.030910 0.014879
v 0.019501 1.030910 0.013030
v 0.020684 1.030910 0.011056
v 0.021669 1.030910 0.008975
v 0.022444 1.030910 0.006808
v 0.023003 1.030910 0.004576
v 0.023341 1.030910 0.002299
v 0.024085 1.032679 0.000000
v 0.023969 1.032679 -0.002361
v 0.023622 1.032679 -0.004699
v 0.023048 1.032679 -0.006991
v 0.022251 1.032679 -0.009217
v 0.021241 1.032679 -0.011353
v 0.020026 1.032679 -0.013381
v 0.018618 1.032679 -0.015279
v 0.017030 1.032679 -0.017030
v 0.015279 1.032679 -0.018618
v 0.013381 1.032679 -0.020026
v 0.011353 1.032679 -0.021241
v 0.009217 1.032679 -0.022251
v 0.006991 1.032679 -0.023048
v 0.004699 1.032679 -0.023622
v 0.002361 1.032679 -0.023969
v 0.000000 1.032679 -0.024085
v -0.002361 1.032679 -0.023969
v -0.004699 1.032679 -0.023622
v -0.006991 1.032679 -0.023048
v -0.009217 1.032679 -0.022251
v -0.011353 1.032679 -0.021241
v -0.013381 1.032679 -0.020026
v -0.015279 1.032679 -0.018618
v -0.017030 1.032679 -0.017030
v -0.018618 1.032679 -0.015279
v -0.020026 1.032679 -0.013381
v -0.021241 1.032679 -0.011353
v -0.022251 1.032679 -0.009217
v -0.023048 1.032679 -0.006991
v -0.023622 1.032679 -0.004699
v -0.023969 1.032679 -0.002361
v -0.024085 1.032679 -0.000000
v -0.023969 1.032679 0.002361
v -0.023622 1.032679 0.004699
v -0.023048 1.032679 0.006991
v -0.022251 1.032679 0.009217
v -0.021241 1.032679 0.011353
v -0.020026 1.032679 0.013381
v -0.018618 1.032679 0.015279
v -0.017030 1.032679 0.017030
v -0.015279 1.032679 0.018618
v -0.013381 1.032679 0.020026
v -0.011353 1.032679 0.021241
v -0.009217 1.032679 0.022251
v -0.006991 1.032679 0.023048
v -0.004699 1.032679 0.023622
v -0.002361 1.032679 0.023969
v -0.000000 1.032679 0.024085
v 0.002361 1.032679 0.023969
v 0.004699 1.032679 0.023622
v 0.006991 1.032679 0.023048
v 0.009217 1.032679 0.022251
v 0.011353 1.032679 0.021241
v 0.013381 1.032679 0.020026
v 0.015279 1.032679 0.018618
v 0.017030 1.032679 0.017030
v 0.018618 1.032679 0.015279
v 0.020026 1.032679 0.013381
v 0.021241 1.032679 0.011353
v 0.022251 1.032679 0.009217
v 0.023048 1.032679 0.006991
v 0.023622 1.032679 0.004699
v 0.023969 1.032679 0.002361
v 0.026799 1.037886 0.000000
v 0.026670 1.037886 -0.002627
v 0.026284 1.037886 -0.005228
v 0.025645 1.037886 -0.007779
v 0.024759 1.037886 -0.010255
v 0.023634 1.037886 -0.012633
v 0.022282 1.037886 -0.014889
v 0.020716 1.037886 -0.017001
v 0.018950 1.037886 -0.018950
v 0.017001 1.037886 -0.020716
v 0.014889 1.037886 -0.022282
v 0.012633 1.037886 -0.023634
v 0.010255 1.037886 -0.024759
v 0.007779 1.037886 -0.025645
v 0.005228 1.037886 -0.026284
v 0.002627 1.037886 -0.026670
v 0.000000 1.037886 -0.026799
v -0.002627 1.037886 -0.026670
v -0.005228 1.037886 -0.026284
v -0.007779 1.037886 -0.025645
v -0.010255 1.037886 -0.024759
v -0.012633 1.037886 -0.023634
v -0.014889 1.037886 -0.022282
v -0.017001 1.037886 -0.020716
v -0.018950 1.037886 -0.018950
v -0.020716 1.037886 -0.017001
v -0.022282 1.037886 -0.014889
v -0.023634 1.037886 -0.012633
v -0.024759 1.037886 -0.010255
v -0.025645 1.037886 -0.007779
v -0.026284 1.037886 -0.005228
v -0.026670 1.037886 -0.002627
v -0.026799 1.037886 -0.000000
v -0.026670 1.037886 0.002627
v -0.026284 1.037886 0.005228
v -0.025645 1.037886 0.007779
v -0.024759 1.037886 0.010255
v -0.023634 1.037886 0.012633
v -0.022282 1.037886 0.014889
v -0.020716 1.037886 0.017001
v -0.018950 1.037886 0.018950
v -0.017001 1.037886 0.020716
v -0.014889 1.037886 0.022282
v -0.012633 1.037886 0.023634
v -0.010255 1.037886 0.024759
v -0.007779 1.037886 0.025645
v -0.005228 1.037886 0.026284
v -0.002627 1.037886 0.026670
v -0.000000 1.037886 0.026799
v 0.002627 1.037886 0.026670
v 0.005228 1.037886 0.026284
v 0.007779 1.037886 0.025645
v 0.010255 1.037886 0.024759
v 0.012633 1.037886 0.023634
v 0.014889 1.037886 0.022282
v 0.017001 1.037886 0.020716
v 0.018950 1.037886 0.018950
v 0.020716 1.037886 0.017001
v 0.022282 1.037886 0.014889
v 0.023634 1.037886 0.012633
v 0.024759 1.037886 0.010255
v 0.025645 1.037886 0.007779
v 0.026284 1.037886 0.005228
v 0.026670 1.037886 0.002627
v 0.027913 1.048209 0.000000
v 0.027778 1.048209 -0.002736
v 0.027376 1.048209 -0.005446
v 0.026711 1.048209 -0.008103
v 0.025788 1.048209 -0.010682
v 0.024617 1.048209 -0.013158
v 0.023209 1.048209 -0.015507
v 0.021577 1.048209 -0.017708
v 0.019737 1.048209 -0.019737
v 0.017708 1.048209 -0.021577
v 0.015507 1.048209 -0.023209
v 0.013158 1.048209 -0.024617
v 0.010682 1.048209 -0.025788
v 0.008103 1.048209 -0.026711
v 0.005446 1.048209 -0.027376
v 0.002736 1.048209 -0.027778
v 0.000000 1.048209 -0.027913
v -0.002736 1.048209 -0.027778
v -0.005446 1.048209 -0.027376
v -0.008103 1.048209 -0.026711
v -0.010682 1.048209 -0.025788
v -0.013158 1.048209 -0.024617
v -0.015507 1.048209 -0.023209
v -0.017708 1.048209 -0.021577
v -0.019737 1.048209 -0.019737
v -0.021577 1.048209 -0.017708
v -0.023209 1.048209 -0.015507
v -0.024617 1.048209 -0.013158
v -0.025788 1.048209 -0.010682
v -0.026711 1.048209 -0.008103
v -0.027376 1.048209 -0.005446
v -0.027778 1.048209 -0.002736
v -0.027913 1.048209 -0.000000
v -0.027778 1.048209 0.002736
v -0.027376 1.048209 0.005446
v -0.026711 1.048209 0.008103
v -0.025788 1.048209 0.010682
v -0.024617 1.048209 0.013158
v -0.023209 1.048209 0.015507
v -0.021577 1.048209 0.017708
v -0.019737 1.048209 0.019737
v -0.017708 1.048209 0.021577
v -0.015507 1.048209 0.023209
v -0.013158 1.048209 0.024617
v -0.010682 1.048209 0.025788
v -0.008103 1.048209 0.026711
v -0.005446 1.048209 0.027376
v -0.002736 1.048209 0.027778
v -0.000000 1.048209 0.027913
v 0.002736 1.048209 0.027778
v 0.005446 1.048209 0.027376
v 0.008103 1.048209 0.026711
v 0.010682 1.048209 0.025788
v 0.013158 1.048209 0.024617
v 0.015507 1.048209 0.023209
v 0.017708 1.048209 0.021577
v 0.019737 1.048209 0.019737
v 0.021577 1.048209 0.017708
v 0.023209 1.048209 0.015507
v 0.024617 1.048209 0.013158
v 0.025788 1.048209 0.010682
v 0.026711 1.048209 0.008103
v 0.027376 1.048209 0.005446
v 0.027778 1.048209 0.002736
v 0.025189 1.058228 0.000000
v 0.025068 1.058228 -0.002469
v 0.024705 1.058228 -0.004914
v 0.024104 1.058228 -0.007312
v 0.023272 1.058228 -0.009639
v 0.022215 1.058228 -0.011874
v 0.020944 1.058228 -0.013994
v 0.019471 1.058228 -0.015980
v 0.017811 1.058228 -0.017811
v 0.015980 1.058228 -0.019471
v 0.013994 1.058228 -0.020944
v 0.011874 1.058228 -0.022215
v 0.009639 1.058228 -0.023272
v 0.007312 1.058228 -0.024104
v 0.004914 1.058228 -0.024705
v 0.002469 1.058228 -0.025068
v 0.000000 1.058228 -0.025189
v -0.002469 1.058228 -0.025068
v -0.004914 1.058228 -0.024705
v -0.007312 1.058228 -0.024104
v -0.009639 1.058228 -0.023272
v -0.011874 1.058228 -0.022215
v -0.013994 1.058228 -0.020944
v -0.015980 1.058228 -0.019471
v -0.017811 1.058228 -0.017811
v -0.019471 1.058228 -0.015980
v -0.020944 1.058228 -0.013994
v -0.022215 1.058228 -0.011874
v -0.023272 1.058228 -0.009639
v -0.024104 1.058228 -0.007312
v -0.024705 1.058228 -0.004914
v -0.025068 1.058228 -0.002469
v -0.025189 1.058228 -0.000000
v -0.025068 1.058228 0.002469
v -0.024705 1.058228 0.004914
v -0.024104 1.058228 0.007312
v -0.023272 1.058228 0.009639
v -0.022215 1.058228 0.011874
v -0.020944 1.058228 0.013994
v -0.019471 1.058228 0.015980
v -0.017811 1.058228 0.017811
v -0.015980 1.058228 0.019471
v -0.013994 1.058228 0.020944
v -0.011874 1.058228 0.022215
v -0.009639 1.058228 0.023272
v -0.007312 1.058228 0.024104
v -0.004914 1.058228 0.024705
v -0.002469 1.058228 0.025068
v -0.000000 1.058228 0.025189
v 0.002469 1.058228 0.025068
v 0.004914 1.058228 0.024705
v 0.007312 1.058228 0.024104
v 0.009639 1.058228 0.023272
v 0.011874 1.058228 0.022215
v 0.013994 1.058228 0.020944
v 0.015980 1.058228 0.019471
v 0.017811 1.058228 0.017811
v 0.019471 1.058228 0.015980
v 0.020944 1.058228 0.013994
v 0.022215 1.058228 0.011874
v 0.023272 1.058228 0.009639
v 0.024104 1.058228 0.007312
v 0.024705 1.058228 0.004914
v 0.025068 1.058228 0.002469
v 0.019002 1.066565 0.000000
v 0.018911 1.066565 -0.001863
v 0.018637 1.066565 -0.003707
v 0.018184 1.066565 -0.005516
v 0.017556 1.066565 -0.007272
v 0.016758 1.066565 -0.008957
v 0.015800 1.066565 -0.010557
v 0.014689 1.066565 -0.012055
v 0.013436 1.066565 -0.013436
v 0.012055 1.066565 -0.014689
v 0.010557 1.066565 -0.015800
v 0.008957 1.066565 -0.016758
v 0.007272 1.066565 -0.017556
v 0.005516 1.066565 -0.018184
v 0.003707 1.066565 -0.018637
v 0.001863 1.066565 -0.018911
v 0.000000 1.066565 -0.019002
v -0.001863 1.066565 -0.018911
v -0.003707 1.066565 -0.018637
v -0.005516 1.066565 -0.018184
v -0.007272 1.066565 -0.017556
v -0.008957 1.066565 -0.016758
v -0.010557 1.066565 -0.015800
v -0.012055 1.066565 -0.014689
v -0.013436 1.066565 -0.013436
v -0.014689 1.066565 -0.012055
v -0.015800 1.066565 -0.010557
v -0.016758 1.066565 -0.008957
v -0.017556 1.066565 -0.007272
v -0.018184 1.066565 -0.005516
v -0.018637 1.066565 -0.003707
v -0.018911 1.066565 -0.001863
v -0.019002 1.066565 -0.000000
v -0.018911 1.066565 0.001863
v -0.018637 1.066565 0.003707
v -0.018184 1.066565 0.005516
v -0.017556 1.066565 0.007272
v -0.016758 1.066565 0.008957
v -0.015800 1.066565 0.010557
v -0.014689 1.066565 0.012055
v -0.013436 1.066565 0.013436
v -0.012055 1.066565 0.014689
v -0.010557 1.066565 0.015800
v -0.008957 1.066565 0.016758
v -0.007272 1.066565 0.017556
v -0.005516 1.066565 0.018184
v -0.003707 1.066565 0.018637
v -0.001863 1.066565 0.018911
v -0.000000 1.066565 0.019002
v 0.001863 1.066565 0.018911
v 0.003707 1.066565 0.018637
v 0.005516 1.066565 0.018184
v 0.007272 1.066565 0.017556
v 0.008957 1.066565 0.016758
v 0.010557 1.066565 0.015800
v 0.012055 1.066565 0.014689
v 0.013436 1.066565 0.013436
v 0.014689 1.066565 0.012055
v 0.015800 1.066565 0.010557
v 0.016758 1.066565 0.008957
v 0.017556 1.066565 0.007272
v 0.018184 1.066565 0.005516
v 0.018637 1.066565 0.003707
v 0.018911 1.066565 0.001863
v 0.010202 1.072075 0.000000
v 0.010153 1.072075 -0.001000
v 0.010006 1.072075 -0.001990
v 0.009763 1.072075 -0.002962
v 0.009426 1.072075 -0.003904
v 0.008998 1.072075 -0.004809
v 0.008483 1.072075 -0.005668
v 0.007887 1.072075 -0.006472
v 0.007214 1.072075 -0.007214
v 0.006472 1.072075 -0.007887
v 0.005668 1.072075 -0.008483
v 0.004809 1.072075 -0.008998
v 0.003904 1.072075 -0.009426
v 0.002962 1.072075 -0.009763
v 0.001990 1.072075 -0.010006
v 0.001000 1.072075 -0.010153
v 0.000000 1.072075 -0.010202
v -0.001000 1.072075 -0.010153
v -0.001990 1.072075 -0.010006
v -0.002962 1.072075 -0.009763
v -0.003904 1.072075 -0.009426
v -0.004809 1.072075 -0.008998
v -0.005668 1.072075 -0.008483
v -0.006472 1.072075 -0.007887
v -0.007214 1.072075 -0.007214
v -0.007887 1.072075 -0.006472
v -0.008483 1.072075 -0.005668
v -0.008998 1.072075 -0.004809
v -0.009426 1.072075 -0.003904
v -0.009763 1.072075 -0.002962
v -0.010006 1.072075 -0.001990
v -0.010153 1.072075 -0.001000
v -0.010202 1.072075 -0.000000
v -0.010153 1.072075 0.001000
v -0.010006 1.072075 0.001990
v -0.009763 1.072075 0.002962
v -0.009426 1.072075 0.003904
v -0.008998 1.072075 0.004809
v -0.008483 1.072075 0.005668
v -0.007887 1.072075 0.006472
v -0.007214 1.072075 0.007214
v -0.006472 1.072075 0.007887
v -0.005668 1.072075 0.008483
v -0.004809 1.072075 0.008998
v -0.003904 1.072075 0.009426
v -0.002962 1.072075 0.009763
v -0.001990 1.072075 0.010006
v -0.001000 1.072075 0.010153
v -0.000000 1.072075 0.010202
v 0.001000 1.072075 0.010153
v 0.001990 1.072075 0.010006
v 0.002962 1.072075 0.009763
v 0.003904 1.072075 0.009426
v 0.004809 1.072075 0.008998
v 0.005668 1.072075 0.008483
v 0.006472 1.072075 0.007887
v 0.007214 1.072075 0.007214
v 0.007887 1.072075 0.006472
v 0.008483 1.072075 0.005668
v 0.008998 1.072075 0.004809
v 0.009426 1.072075 0.003904
v 0.009763 1.072075 0.002962
v 0.010006 1.072075 0.001990
v 0.010153 1.072075 0.001000
v 0.000000 1.074000 0.000000
v 0.215040 0.094797 0.000000
v 0.214005 0.094797 -0.021078
v 0.210908 0.094797 -0.041952
v 0.205780 0.094797 -0.062423
v 0.198671 0.094797 -0.082292
v 0.189648 0.094797 -0.101369
v 0.178799 0.094797 -0.119470
v 0.166228 0.094797 -0.136420
v 0.152056 0.094797 -0.152056
v 0.136420 0.094797 -0.166228
v 0.119470 0.094797 -0.178799
v 0.101369 0.094797 -0.189648
v 0.082292 0.094797 -0.198671
v 0.062423 0.094797 -0.205780
v 0.041952 0.094797 -0.210908
v 0.021078 0.094797 -0.214005
v 0.000000 0.094797 -0.215040
v -0.021078 0.094797 -0.214005
v -0.041952 0.094797 -0.210908
v -0.062423 0.094797 -0.205780
v -0.082292 0.094797 -0.198671
v -0.101369 0.094797 -0.189648
v -0.119470 0.094797 -0.178799
v -0.136420 0.094797 -0.166228
v -0.152056 0.094797 -0.152056
v -0.166228 0.094797 -0.136420
v -0.178799 0.094797 -0.119470
v -0.189648 0.094797 -0.101369
v -0.198671 0.094797 -0.082292
v -0.205780 0.094797 -0.062423
v -0.210908 0.094797 -0.041952
v -0.214005 0.094797 -0.021078
v -0.215040 0.094797 -0.000000
v -0.214005 0.094797 0.021078
v -0.210908 0.094797 0.041952
v -0.205780 0.094797 0.062423
v -0.198671 0.094797 0.082292
v -0.189648 0.094797 0.101369
v -0.178799 0.094797 0.119470
v -0.166228 0.094797 0.136420
v -0.152056 0.094797 0.152056
v -0.136420 0.094797 0.166228
v -0.119470 0.094797 0.178799
v -0.101369 0.094797 0.189648
v -0.082292 0.094797 0.198671
v -0.062423 0.094797 0.205780
v -0.041952 0.094797 0.210908
v -0.021078 0.094797 0.214005
v -0.000000 0.094797 0.215040
v 0.021078 0.094797 0.214005
v 0.041952 0.094797 0.210908
v 0.062423 0.094797 0.205780
v 0.082292 0.094797 0.198671
v 0.101369 0.094797 0.189648
v 0.119470 0.094797 0.178799
v 0.136420 0.094797 0.166228
v 0.152056 0.094797 0.152056
v 0.166228 0.094797 0.136420
v 0.178799 0.094797 0.119470
v 0.189648 0.094797 0.101369
v 0.198671 0.094797 0.082292
v 0.205780 0.094797 0.062423
v 0.210908 0.094797 0.041952
v 0.214005 0.094797 0.021078
v 0.221636 0.098605 0.000000
v 0.220568 0.098605 -0.021724
v 0.217377 0.098605 -0.043239
v 0.212092 0.098605 -0.064337
v 0.204765 0.098605 -0.084816
v 0.195465 0.098605 -0.104478
v 0.184283 0.098605 -0.123134
v 0.171327 0.098605 -0.140604
v 0.156720 0.098605 -0.156720
v 0.140604 0.098605 -0.171327
v 0.123134 0.098605 -0.184283
v 0.104478 0.098605 -0.195465
v 0.084816 0.098605 -0.204765
v 0.064337 0.098605 -0.212092
v 0.043239 0.098605 -0.217377
v 0.021724 0.098605 -0.220568
v 0.000000 0.098605 -0.221636
v -0.021724 0.098605 -0.220568
v -0.043239 0.098605 -0.217377
v -0.064337 0.098605 -0.212092
v -0.084816 0.098605 -0.204765
v -0.104478 0.098605 -0.195465
v -0.123134 0.098605 -0.184283
v -0.140604 0.098605 -0.171327
v -0.156720 0.098605 -0.156720
v -0.171327 0.098605 -0.140604
v -0.184283 0.098605 -0.123134
v -0.195465 0.098605 -0.104478
v -0.204765 0.098605 -0.084816
v -0.212092 0.098605 -0.064337
v -0.217377 0.098605 -0.043239
v -0.220568 0.098605 -0.021724
v -0.221636 0.098605 -0.000000
v -0.220568 0.098605 0.021724
v -0.217377 0.098605 0.043239
v -0.212092 0.098605 0.064337
v -0.204765 0.098605 0.084816
v -0.195465 0.098605 0.104478
v -0.184283 0.098605 0.123134
v -0.171327 0.098605 0.140604
v -0.156720 0.098605 0.156720
v -0.140604 0.098605 0.171327
v -0.123134 0.098605 0.184283
v -0.104478 0.098605 0.195465
v -0.084816 0.098605 0.204765
v -0.064337 0.098605 0.212092
v -0.043239 0.098605 0.217377
v -0.021724 0.098605 0.220568
v -0.000000 0.098605 0.221636
v 0.021724 0.098605 0.220568
v 0.043239 0.098605 0.217377
v 0.064337 0.098605 0.212092
v 0.084816 0.098605 0.204765
v 0.104478 0.098605 0.195465
v 0.123134 0.098605 0.184283
v 0.140604 0.098605 0.171327
v 0.156720 0.098605 0.156720
v 0.171327 0.098605 0.140604
v 0.184283 0.098605 0.123134
v 0.195465 0.098605 0.104478
v 0.204765 0.098605 0.084816
v 0.212092 0.098605 0.064337
v 0.217377 0.098605 0.043239
v 0.220568 0.098605 0.021724
v 0.221636 0.106221 0.000000
v 0.220568 0.106221 -0.021724
v 0.217377 0.106221 -0.043239
v 0.212092 0.106221 -0.064337
v 0.204765 0.106221 -0.084816
v 0.195465 0.106221 -0.104478
v 0.184283 0.106221 -0.123134
v 0.171327 0.106221 -0.140604
v 0.156720 0.106221 -0.156720
v 0.140604 0.106221 -0.171327
v 0.123134 0.106221 -0.184283
v 0.104478 0.106221 -0.195465
v 0.084816 0.106221 -0.204765
v 0.064337 0.106221 -0.212092
v 0.043239 0.106221 -0.217377
v 0.021724 0.106221 -0.220568
v 0.000000 0.106221 -0.221636
v -0.021724 0.106221 -0.220568
v -0.043239 0.106221 -0.217377
v -0.064337 0.106221 -0.212092
v -0.084816 0.106221 -0.204765
v -0.104478 0.106221 -0.195465
v -0.123134 0.106221 -0.184283
v -0.140604 0.106221 -0.171327
v -0.156720 0.106221 -0.156720
v -0.171327 0.106221 -0.140604
v -0.184283 0.106221 -0.123134
v -0.195465 0.106221 -0.104478
v -0.204765 0.106221 -0.084816
v -0.212092 0.106221 -0.064337
v -0.217377 0.106221 -0.043239
v -0.220568 0.106221 -0.021724
v -0.221636 0.106221 -0.000000
v -0.220568 0.106221 0.021724
v -0.217377 0.106221 0.043239
v -0.212092 0.106221 0.064337
v -0.204765 0.106221 0.084816
v -0.195465 0.106221 0.104478
v -0.184283 0.106221 0.123134
v -0.171327 0.106221 0.140604
v -0.156720 0.106221 0.156720
v -0.140604 0.106221 0.171327
v -0.123134 0.106221 0.184283
v -0.104478 0.106221 0.195465
v -0.084816 0.106221 0.204765
v -0.064337 0.106221 0.212092
v -0.043239 0.106221 0.217377
v -0.021724 0.106221 0.220568
v -0.000000 0.106221 0.221636
v 0.021724 0.106221 0.220568
v 0.043239 0.106221 0.217377
v 0.064337 0.106221 0.212092
v 0.084816 0.106221 0.204765
v 0.104478 0.106221 0.195465
v 0.123134 0.106221 0.184283
v 0.140604 0.106221 0.171327
v 0.156720 0.106221 0.156720
v 0.171327 0.106221 0.140604
v 0.184283 0.106221 0.123134
v 0.195465 0.106221 0.104478
v 0.204765 0.106221 0.084816
v 0.212092 0.106221 0.064337
v 0.217377 0.106221 0.043239
v 0.220568 0.106221 0.021724
v 0.215040 0.110029 0.000000
v 0.214005 0.110029 -0.021078
v 0.210908 0.110029 -0.041952
v 0.205780 0.110029 -0.062423
v 0.198671 0.110029 -0.082292
v 0.189648 0.110029 -0.101369
v 0.178799 0.110029 -0.119470
v 0.166228 0.110029 -0.136420
v 0.152056 0.110029 -0.152056
v 0.136420 0.110029 -0.166228
v 0.119470 0.110029 -0.178799
v 0.101369 0.110029 -0.189648
v 0.082292 0.110029 -0.198671
v 0.062423 0.110029 -0.205780
v 0.041952 0.110029 -0.210908
v 0.021078 0.110029 -0.214005
v 0.000000 0.110029 -0.215040
v -0.021078 0.110029 -0.214005
v -0.041952 0.110029 -0.210908
v -0.062423 0.110029 -0.205780
v -0.082292 0.110029 -0.198671
v -0.101369 0.110029 -0.189648
v -0.119470 0.110029 -0.178799
v -0.136420 0.110029 -0.166228
v -0.152056 0.110029 -0.152056
v -0.166228 0.110029 -0.136420
v -0.178799 0.110029 -0.119470
v -0.189648 0.110029 -0.101369
v -0.198671 0.110029 -0.082292
v -0.205780 0.110029 -0.062423
v -0.210908 0.110029 -0.041952
v -0.214005 0.110029 -0.021078
v -0.215040 0.110029 -0.000000
v -0.214005 0.110029 0.021078
v -0.210908 0.110029 0.041952
v -0.205780 0.110029 0.062423
v -0.198671 0.110029 0.082292
v -0.189648 0.110029 0.101369
v -0.178799 0.110029 0.119470
v -0.166228 0.110029 0.136420
v -0.152056 0.110029 0.152056
v -0.136420 0.110029 0.166228
v -0.119470 0.110029 0.178799
v -0.101369 0.110029 0.189648
v -0.082292 0.110029 0.198671
v -0.062423 0.110029 0.205780
v -0.041952 0.110029 0.210908
v -0.021078 0.110029 0.214005
v -0.000000 0.110029 0.215040
v 0.021078 0.110029 0.214005
v 0.041952 0.110029 0.210908
v 0.062423 0.110029 0.205780
v 0.082292 0.110029 0.198671
v 0.101369 0.110029 0.189648
v 0.119470 0.110029 0.178799
v 0.136420 0.110029 0.166228
v 0.152056 0.110029 0.152056
v 0.166228 0.110029 0.136420
v 0.178799 0.110029 0.119470
v 0.189648 0.110029 0.101369
v 0.198671 0.110029 0.082292
v 0.205780 0.110029 0.062423
v 0.210908 0.110029 0.041952
v 0.214005 0.110029 0.021078
v 0.208444 0.106221 0.000000
v 0.207441 0.106221 -0.020431
v 0.204439 0.106221 -0.040665
v 0.199469 0.106221 -0.060508
v 0.192577 0.106221 -0.079768
v 0.183831 0.106221 -0.098260
v 0.173315 0.106221 -0.115805
v 0.161130 0.106221 -0.132236
v 0.147392 0.106221 -0.147392
v 0.132236 0.106221 -0.161130
v 0.115805 0.106221 -0.173315
v 0.098260 0.106221 -0.183831
v 0.079768 0.106221 -0.192577
v 0.060508 0.106221 -0.199469
v 0.040665 0.106221 -0.204439
v 0.020431 0.106221 -0.207441
v 0.000000 0.106221 -0.208444
v -0.020431 0.106221 -0.207441
v -0.040665 0.106221 -0.204439
v -0.060508 0.106221 -0.199469
v -0.079768 0.106221 -0.192577
v -0.098260 0.106221 -0.183831
v -0.115805 0.106221 -0.173315
v -0.132236 0.106221 -0.161130
v -0.147392 0.106221 -0.147392
v -0.161130 0.106221 -0.132236
v -0.173315 0.106221 -0.115805
v -0.183831 0.106221 -0.098260
v -0.192577 0.106221 -0.079768
v -0.199469 0.106221 -0.060508
v -0.204439 0.106221 -0.040665
v -0.207441 0.106221 -0.020431
v -0.208444 0.106221 -0.000000
v -0.207441 0.106221 0.020431
v -0.204439 0.106221 0.040665
v -0.199469 0.106221 0.060508
v -0.192577 0.106221 0.079768
v -0.183831 0.106221 0.098260
v -0.173315 0.106221 0.115805
v -0.161130 0.106221 0.132236
v -0.147392 0.106221 0.147392
v -0.132236 0.106221 0.161130
v -0.115805 0.106221 0.173315
v -0.098260 0.106221 0.183831
v -0.079768 0.106221 0.192577
v -0.060508 0.106221 0.199469
v -0.040665 0.106221 0.204439
v -0.020431 0.106221 0.207441
v -0.000000 0.106221 0.208444
v 0.020431 0.106221 0.207441
v 0.040665 0.106221 0.204439
v 0.060508 0.106221 0.199469
v 0.079768 0.106221 0.192577
v 0.098260 0.106221 0.183831
v 0.115805 0.106221 0.173315
v 0.132236 0.106221 0.161130
v 0.147392 0.106221 0.147392
v 0.161130 0.106221 0.132236
v 0.173315 0.106221 0.115805
v 0.183831 0.106221 0.098260
v 0.192577 0.106221 0.079768
v 0.199469 0.106221 0.060508
v 0.204439 0.106221 0.040665
v 0.207441 0.106221 0.020431
v 0.208444 0.098605 0.000000
v 0.207441 0.098605 -0.020431
v 0.204439 0.098605 -0.040665
v 0.199469 0.098605 -0.060508
v 0.192577 0.098605 -0.079768
v 0.183831 0.098605 -0.098260
v 0.173315 0.098605 -0.115805
v 0.161130 0.098605 -0.132236
v 0.147392 0.098605 -0.147392
v 0.132236 0.098605 -0.161130
v 0.115805 0.098605 -0.173315
v 0.098260 0.098605 -0.183831
v 0.079768 0.098605 -0.192577
v 0.060508 0.098605 -0.199469
v 0.040665 0.098605 -0.204439
v 0.020431 0.098605 -0.207441
v 0.000000 0.098605 -0.208444
v -0.020431 0.098605 -0.207441
v -0.040665 0.098605 -0.204439
v -0.060508 0.098605 -0.199469
v -0.079768 0.098605 -0.192577
v -0.098260 0.098605 -0.183831
v -0.115805 0.098605 -0.173315
v -0.132236 0.098605 -0.161130
v -0.147392 0.098605 -0.147392
v -0.161130 0.098605 -0.132236
v -0.173315 0.098605 -0.115805
v -0.183831 0.098605 -0.098260
v -0.192577 0.098605 -0.079768
v -0.199469 0.098605 -0.060508
v -0.204439 0.098605 -0.040665
v -0.207441 0.098605 -0.020431
v -0.208444 0.098605 -0.000000
v -0.207441 0.098605 0.020431
v -0.204439 0.098605 0.040665
v -0.199469 0.098605 0.060508
v -0.192577 0.098605 0.079768
v -0.183831 0.098605 0.098260
v -0.173315 0.098605 0.115805
v -0.161130 0.098605 0.132236
v -0.147392 0.098605 0.147392
v -0.132236 0.098605 0.161130
v -0.115805 0.098605 0.173315
v -0.098260 0.098605 0.183831
v -0.079768 0.098605 0.192577
v -0.060508 0.098605 0.199469
v -0.040665 0.098605 0.204439
v -0.020431 0.098605 0.207441
v -0.000000 0.098605 0.208444
v 0.020431 0.098605 0.207441
v 0.040665 0.098605 0.204439
v 0.060508 0.098605 0.199469
v 0.079768 0.098605 0.192577
v 0.098260 0.098605 0.183831
v 0.115805 0.098605 0.173315
v 0.132236 0.098605 0.161130
v 0.147392 0.098605 0.147392
v 0.161130 0.098605 0.132236
v 0.173315 0.098605 0.115805
v 0.183831 0.098605 0.098260
v 0.192577 0.098605 0.079768
v 0.199469 0.098605 0.060508
v 0.204439 0.098605 0.040665
v 0.207441 0.098605 0.020431
v 0.119000 0.631500 0.000000
v 0.118427 0.631500 -0.011664
v 0.116713 0.631500 -0.023216
v 0.113876 0.631500 -0.034544
v 0.109942 0.631500 -0.045539
v 0.104949 0.631500 -0.056096
v 0.098945 0.631500 -0.066113
v 0.091988 0.631500 -0.075493
v 0.084146 0.631500 -0.084146
v 0.075493 0.631500 -0.091988
v 0.066113 0.631500 -0.098945
v 0.056096 0.631500 -0.104949
v 0.045539 0.631500 -0.109942
v 0.034544 0.631500 -0.113876
v 0.023216 0.631500 -0.116713
v 0.011664 0.631500 -0.118427
v 0.000000 0.631500 -0.119000
v -0.011664 0.631500 -0.118427
v -0.023216 0.631500 -0.116713
v -0.034544 0.631500 -0.113876
v -0.045539 0.631500 -0.109942
v -0.056096 0.631500 -0.104949
v -0.066113 0.631500 -0.098945
v -0.075493 0.631500 -0.091988
v -0.084146 0.631500 -0.084146
v -0.091988 0.631500 -0.075493
v -0.098945 0.631500 -0.066113
v -0.104949 0.631500 -0.056096
v -0.109942 0.631500 -0.045539
v -0.113876 0.631500 -0.034544
v -0.116713 0.631500 -0.023216
v -0.118427 0.631500 -0.011664
v -0.119000 0.631500 -0.000000
v -0.118427 0.631500 0.011664
v -0.116713 0.631500 0.023216
v -0.113876 0.631500 0.034544
v -0.109942 0.631500 0.045539
v -0.104949 0.631500 0.056096
v -0.098945 0.631500 0.066113
v -0.091988 0.631500 0.075493
v -0.084146 0.631500 0.084146
v -0.075493 0.631500 0.091988
v -0.066113 0.631500 0.098945
v -0.056096 0.631500 0.104949
v -0.045539 0.631500 0.109942
v -0.034544 0.631500 0.113876
v -0.023216 0.631500 0.116713
v -0.011664 0.631500 0.118427
v -0.000000 0.631500 0.119000
v 0.011664 0.631500 0.118427
v 0.023216 0.631500 0.116713
v 0.034544 0.631500 0.113876
v 0.045539 0.631500 0.109942
v 0.056096 0.631500 0.104949
v 0.066113 0.631500 0.098945
v 0.075493 0.631500 0.091988
v 0.084146 0.631500 0.084146
v 0.091988 0.631500 0.075493
v 0.098945 0.631500 0.066113
v 0.104949 0.631500 0.056096
v 0.109942 0.631500 0.045539
v 0.113876 0.631500 0.034544
v 0.116713 0.631500 0.023216
v 0.118427 0.631500 0.011664
v 0.128500 0.631500 0.000000
v 0.127881 0.631500 -0.012595
v 0.126031 0.631500 -0.025069
v 0.122967 0.631500 -0.037302
v 0.118719 0.631500 -0.049175
v 0.113327 0.631500 -0.060574
v 0.106844 0.631500 -0.071391
v 0.099332 0.631500 -0.081520
v 0.090863 0.631500 -0.090863
v 0.081520 0.631500 -0.099332
v 0.071391 0.631500 -0.106844
v 0.060574 0.631500 -0.113327
v 0.049175 0.631500 -0.118719
v 0.037302 0.631500 -0.122967
v 0.025069 0.631500 -0.126031
v 0.012595 0.631500 -0.127881
v 0.000000 0.631500 -0.128500
v -0.012595 0.631500 -0.127881
v -0.025069 0.631500 -0.126031
v -0.037302 0.631500 -0.122967
v -0.049175 0.631500 -0.118719
v -0.060574 0.631500 -0.113327
v -0.071391 0.631500 -0.106844
v -0.081520 0.631500 -0.099332
v -0.090863 0.631500 -0.090863
v -0.099332 0.631500 -0.081520
v -0.106844 0.631500 -0.071391
v -0.113327 0.631500 -0.060574
v -0.118719 0.631500 -0.049175
v -0.122967 0.631500 -0.037302
v -0.126031 0.631500 -0.025069
v -0.127881 0.631500 -0.012595
v -0.128500 0.631500 -0.000000
v -0.127881 0.631500 0.012595
v -0.126031 0.631500 0.025069
v -0.122967 0.631500 0.037302
v -0.118719 0.631500 0.049175
v -0.113327 0.631500 0.060574
v -0.106844 0.631500 0.071391
v -0.099332 0.631500 0.081520
v -0.090863 0.631500 0.090863
v -0.081520 0.631500 0.099332
v -0.071391 0.631500 0.106844
v -0.060574 0.631500 0.113327
v -0.049175 0.631500 0.118719
v -0.037302 0.631500 0.122967
v -0.025069 0.631500 0.126031
v -0.012595 0.631500 0.127881
v -0.000000 0.631500 0.128500
v 0.012595 0.631500 0.127881
v 0.025069 0.631500 0.126031
v 0.037302 0.631500 0.122967
v 0.049175 0.631500 0.118719
v 0.060574 0.631500 0.113327
v 0.071391 0.631500 0.106844
v 0.081520 0.631500 0.099332
v 0.090863 0.631500 0.090863
v 0.099332 0.631500 0.081520
v 0.106844 0.631500 0.071391
v 0.113327 0.631500 0.060574
v 0.118719 0.631500 0.049175
v 0.122967 0.631500 0.037302
v 0.126031 0.631500 0.025069
v 0.127881 0.631500 0.012595
v 0.130500 0.633500 0.000000
v 0.129872 0.633500 -0.012791
v 0.127992 0.633500 -0.025459
v 0.124881 0.633500 -0.037882
v 0.120566 0.633500 -0.049940
v 0.115091 0.633500 -0.061517
v 0.108507 0.633500 -0.072502
v 0.100878 0.633500 -0.082788
v 0.092277 0.633500 -0.092277
v 0.082788 0.633500 -0.100878
v 0.072502 0.633500 -0.108507
v 0.061517 0.633500 -0.115091
v 0.049940 0.633500 -0.120566
v 0.037882 0.633500 -0.124881
v 0.025459 0.633500 -0.127992
v 0.012791 0.633500 -0.129872
v 0.000000 0.633500 -0.130500
v -0.012791 0.633500 -0.129872
v -0.025459 0.633500 -0.127992
v -0.037882 0.633500 -0.124881
v -0.049940 0.633500 -0.120566
v -0.061517 0.633500 -0.115091
v -0.072502 0.633500 -0.108507
v -0.082788 0.633500 -0.100878
v -0.092277 0.633500 -0.092277
v -0.100878 0.633500 -0.082788
v -0.108507 0.633500 -0.072502
v -0.115091 0.633500 -0.061517
v -0.120566 0.633500 -0.049940
v -0.124881 0.633500 -0.037882
v -0.127992 0.633500 -0.025459
v -0.129872 0.633500 -0.012791
v -0.130500 0.633500 -0.000000
v -0.129872 0.633500 0.012791
v -0.127992 0.633500 0.025459
v -0.124881 0.633500 0.037882
v -0.120566 0.633500 0.049940
v -0.115091 0.633500 0.061517
v -0.108507 0.633500 0.072502
v -0.100878 0.633500 0.082788
v -0.092277 0.633500 0.092277
v -0.082788 0.633500 0.100878
v -0.072502 0.633500 0.108507
v -0.061517 0.633500 0.115091
v -0.049940 0.633500 0.120566
v -0.037882 0.633500 0.124881
v -0.025459 0.633500 0.127992
v -0.012791 0.633500 0.129872
v -0.000000 0.633500 0.130500
v 0.012791 0.633500 0.129872
v 0.025459 0.633500 0.127992
v 0.037882 0.633500 0.124881
v 0.049940 0.633500 0.120566
v 0.061517 0.633500 0.115091
v 0.072502 0.633500 0.108507
v 0.082788 0.633500 0.100878
v 0.092277 0.633500 0.092277
v 0.100878 0.633500 0.082788
v 0.108507 0.633500 0.072502
v 0.115091 0.633500 0.061517
v 0.120566 0.633500 0.049940
v 0.124881 0.633500 0.037882
v 0.127992 0.633500 0.025459
v 0.129872 0.633500 0.012791
v 0.130500 0.642500 0.000000
v 0.129872 0.642500 -0.012791
v 0.127992 0.642500 -0.025459
v 0.124881 0.642500 -0.037882
v 0.120566 0.642500 -0.049940
v 0.115091 0.642500 -0.061517
v 0.108507 0.642500 -0.072502
v 0.100878 0.642500 -0.082788
v 0.092277 0.642500 -0.092277
v 0.082788 0.642500 -0.100878
v 0.072502 0.642500 -0.108507
v 0.061517 0.642500 -0.115091
v 0.049940 0.642500 -0.120566
v 0.037882 0.642500 -0.124881
v 0.025459 0.642500 -0.127992
v 0.012791 0.642500 -0.129872
v 0.000000 0.642500 -0.130500
v -0.012791 0.642500 -0.129872
v -0.025459 0.642500 -0.127992
v -0.037882 0.642500 -0.124881
v -0.049940 0.642500 -0.120566
v -0.061517 0.642500 -0.115091
v -0.072502 0.642500 -0.108507
v -0.082788 0.642500 -0.100878
v -0.092277 0.642500 -0.092277
v -0.100878 0.642500 -0.082788
v -0.108507 0.642500 -0.072502
v -0.115091 0.642500 -0.061517
v -0.120566 0.642500 -0.049940
v -0.124881 0.642500 -0.037882
v -0.127992 0.642500 -0.025459
v -0.129872 0.642500 -0.012791
v -0.130500 0.642500 -0.000000
v -0.129872 0.642500 0.012791
v -0.127992 0.642500 0.025459
v -0.124881 0.642500 0.037882
v -0.120566 0.642500 0.049940
v -0.115091 0.642500 0.061517
v -0.108507 0.642500 0.072502
v -0.100878 0.642500 0.082788
v -0.092277 0.642500 0.092277
v -0.082788 0.642500 0.100878
v -0.072502 0.642500 0.108507
v -0.061517 0.642500 0.115091
v -0.049940 0.642500 0.120566
v -0.037882 0.642500 0.124881
v -0.025459 0.642500 0.127992
v -0.012791 0.642500 0.129872
v -0.000000 0.642500 0.130500
v 0.012791 0.642500 0.129872
v 0.025459 0.642500 0.127992
v 0.037882 0.642500 0.124881
v 0.049940 0.642500 0.120566
v 0.061517 0.642500 0.115091
v 0.072502 0.642500 0.108507
v 0.082788 0.642500 0.100878
v 0.092277 0.642500 0.092277
v 0.100878 0.642500 0.082788
v 0.108507 0.642500 0.072502
v 0.115091 0.642500 0.061517
v 0.120566 0.642500 0.049940
v 0.124881 0.642500 0.037882
v 0.127992 0.642500 0.025459
v 0.129872 0.642500 0.012791
v 0.128500 0.644500 0.000000
v 0.127881 0.644500 -0.012595
v 0.126031 0.644500 -0.025069
v 0.122967 0.644500 -0.037302
v 0.118719 0.644500 -0.049175
v 0.113327 0.644500 -0.060574
v 0.106844 0.644500 -0.071391
v 0.099332 0.644500 -0.081520
v 0.090863 0.644500 -0.090863
v 0.081520 0.644500 -0.099332
v 0.071391 0.644500 -0.106844
v 0.060574 0.644500 -0.113327
v 0.049175 0.644500 -0.118719
v 0.037302 0.644500 -0.122967
v 0.025069 0.644500 -0.126031
v 0.012595 0.644500 -0.127881
v 0.000000 0.644500 -0.128500
v -0.012595 0.644500 -0.127881
v -0.025069 0.644500 -0.126031
v -0.037302 0.644500 -0.122967
v -0.049175 0.644500 -0.118719
v -0.060574 0.644500 -0.113327
v -0.071391 0.644500 -0.106844
v -0.081520 0.644500 -0.099332
v -0.090863 0.644500 -0.090863
v -0.099332 0.644500 -0.081520
v -0.106844 0.644500 -0.071391
v -0.113327 0.644500 -0.060574
v -0.118719 0.644500 -0.049175
v -0.122967 0.644500 -0.037302
v -0.126031 0.644500 -0.025069
v -0.127881 0.644500 -0.012595
v -0.128500 0.644500 -0.000000
v -0.127881 0.644500 0.012595
v -0.126031 0.644500 0.025069
v -0.122967 0.644500 0.037302
v -0.118719 0.644500 0.049175
v -0.113327 0.644500 0.060574
v -0.106844 0.644500 0.071391
v -0.099332 0.644500 0.081520
v -0.090863 0.644500 0.090863
v -0.081520 0.644500 0.099332
v -0.071391 0.644500 0.106844
v -0.060574 0.644500 0.113327
v -0.049175 0.644500 0.118719
v -0.037302 0.644500 0.122967
v -0.025069 0.644500 0.126031
v -0.012595 0.644500 0.127881
v -0.000000 0.644500 0.128500
v 0.012595 0.644500 0.127881
v 0.025069 0.644500 0.126031
v 0.037302 0.644500 0.122967
v 0.049175 0.644500 0.118719
v 0.060574 0.644500 0.113327
v 0.071391 0.644500 0.106844
v 0.081520 0.644500 0.099332
v 0.090863 0.644500 0.090863
v 0.099332 0.644500 0.081520
v 0.106844 0.644500 0.071391
v 0.113327 0.644500 0.060574
v 0.118719 0.644500 0.049175
v 0.122967 0.644500 0.037302
v 0.126031 0.644500 0.025069
v 0.127881 0.644500 0.012595
v 0.119000 0.644500 0.000000
v 0.118427 0.644500 -0.011664
v 0.116713 0.644500 -0.023216
v 0.113876 0.644500 -0.034544
v 0.109942 0.644500 -0.045539
v 0.104949 0.644500 -0.056096
v 0.098945 0.644500 -0.066113
v 0.091988 0.644500 -0.075493
v 0.084146 0.644500 -0.084146
v 0.075493 0.644500 -0.091988
v 0.066113 0.644500 -0.098945
v 0.056096 0.644500 -0.104949
v 0.045539 0.644500 -0.109942
v 0.034544 0.644500 -0.113876
v 0.023216 0.644500 -0.116713
v 0.011664 0.644500 -0.118427
v 0.000000 0.644500 -0.119000
v -0.011664 0.644500 -0.118427
v -0.023216 0.644500 -0.116713
v -0.034544 0.644500 -0.113876
v -0.045539 0.644500 -0.109942
v -0.056096 0.644500 -0.104949
v -0.066113 0.644500 -0.098945
v -0.075493 0.644500 -0.091988
v -0.084146 0.644500 -0.084146
v -0.091988 0.644500 -0.075493
v -0.098945 0.644500 -0.066113
v -0.104949 0.644500 -0.056096
v -0.109942 0.644500 -0.045539
v -0.113876 0.644500 -0.034544
v -0.116713 0.644500 -0.023216
v -0.118427 0.644500 -0.011664
v -0.119000 0.644500 -0.000000
v -0.118427 0.644500 0.011664
v -0.116713 0.644500 0.023216
v -0.113876 0.644500 0.034544
v -0.109942 0.644500 0.045539
v -0.104949 0.644500 0.056096
v -0.098945 0.644500 0.066113
v -0.091988 0.644500 0.075493
v -0.084146 0.644500 0.084146
v -0.075493 0.644500 0.091988
v -0.066113 0.644500 0.098945
v -0.056096 0.644500 0.104949
v -0.045539 0.644500 0.109942
v -0.034544 0.644500 0.113876
v -0.023216 0.644500 0.116713
v -0.011664 0.644500 0.118427
v -0.000000 0.644500 0.119000
v 0.011664 0.644500 0.118427
v 0.023216 0.644500 0.116713
v 0.034544 0.644500 0.113876
v 0.045539 0.644500 0.109942
v 0.056096 0.644500 0.104949
v 0.066113 0.644500 0.098945
v 0.075493 0.644500 0.091988
v 0.084146 0.644500 0.084146
v 0.091988 0.644500 0.075493
v 0.098945 0.644500 0.066113
v 0.104949 0.644500 0.056096
v 0.109942 0.644500 0.045539
v 0.113876 0.644500 0.034544
v 0.116713 0.644500 0.023216
v 0.118427 0.644500 0.011664
v -0.015000 1.040000 0.018000
v 0.015000 1.040000 0.018000
v 0.015000 1.123081 0.018000
v 0.060000 1.115081 0.018000
v 0.060000 1.158759 0.018000
v 0.013480 1.150489 0.018000
v 0.021752 1.194000 0.018000
v -0.021752 1.194000 0.018000
v -0.013480 1.150489 0.018000
v -0.060000 1.158759 0.018000
v -0.060000 1.115081 0.018000
v -0.015000 1.123081 0.018000
v -0.018000 1.037000 0.017196
v 0.018000 1.037000 0.017196
v 0.018000 1.119500 0.017196
v 0.063000 1.111500 0.017196
v 0.063000 1.162340 0.017196
v 0.017240 1.154204 0.017196
v 0.025376 1.197000 0.017196
v -0.025376 1.197000 0.017196
v -0.017240 1.154204 0.017196
v -0.063000 1.162340 0.017196
v -0.063000 1.111500 0.017196
v -0.018000 1.119500 0.017196
v -0.020196 1.034804 0.015000
v 0.020196 1.034804 0.015000
v 0.020196 1.116879 0.015000
v 0.065196 1.108879 0.015000
v 0.065196 1.164961 0.015000
v 0.019992 1.156924 0.015000
v 0.028029 1.199196 0.015000
v -0.028029 1.199196 0.015000
v -0.019992 1.156924 0.015000
v -0.065196 1.164961 0.015000
v -0.065196 1.108879 0.015000
v -0.020196 1.116879 0.015000
v -0.021000 1.034000 0.012000
v 0.021000 1.034000 0.012000
v 0.021000 1.115920 0.012000
v 0.066000 1.107920 0.012000
v 0.066000 1.165920 0.012000
v 0.021000 1.157920 0.012000
v 0.029000 1.200000 0.012000
v -0.029000 1.200000 0.012000
v -0.021000 1.157920 0.012000
v -0.066000 1.165920 0.012000
v -0.066000 1.107920 0.012000
v -0.021000 1.115920 0.012000
v -0.021000 1.034000 -0.012000
v 0.021000 1.034000 -0.012000
v 0.021000 1.115920 -0.012000
v 0.066000 1.107920 -0.012000
v 0.066000 1.165920 -0.012000
v 0.021000 1.157920 -0.012000
v 0.029000 1.200000 -0.012000
v -0.029000 1.200000 -0.012000
v -0.021000 1.157920 -0.012000
v -0.066000 1.165920 -0.012000
v -0.066000 1.107920 -0.012000
v -0.021000 1.115920 -0.012000
v -0.020196 1.034804 -0.015000
v 0.020196 1.034804 -0.015000
v 0.020196 1.116879 -0.015000
v 0.065196 1.108879 -0.015000
v 0.065196 1.164961 -0.015000
v 0.019992 1.156924 -0.015000
v 0.028029 1.199196 -0.015000
v -0.028029 1.199196 -0.015000
v -0.019992 1.156924 -0.015000
v -0.065196 1.164961 -0.015000
v -0.065196 1.108879 -0.015000
v -0.020196 1.116879 -0.015000
v -0.018000 1.037000 -0.017196
v 0.018000 1.037000 -0.017196
v 0.018000 1.119500 -0.017196
v 0.063000 1.111500 -0.017196
v 0.063000 1.162340 -0.017196
v 0.017240 1.154204 -0.017196
v 0.025376 1.197000 -0.017196
v -0.025376 1.197000 -0.017196
v -0.017240 1.154204 -0.017196
v -0.063000 1.162340 -0.017196
v -0.063000 1.111500 -0.017196
v -0.018000 1.119500 -0.017196
v -0.015000 1.040000 -0.018000
v 0.015000 1.040000 -0.018000
v 0.015000 1.123081 -0.018000
v 0.060000 1.115081 -0.018000
v 0.060000 1.158759 -0.018000
v 0.013480 1.150489 -0.018000
v 0.021752 1.194000 -0.018000
v -0.021752 1.194000 -0.018000
v -0.013480 1.150489 -0.018000
v -0.060000 1.158759 -0.018000
v -0.060000 1.115081 -0.018000
v -0.015000 1.123081 -0.018000
vn -0.8229 0.1433 -0.5498
vn -0.8728 0.1433 -0.4665
vn -0.8744 0.1302 -0.4674
vn -0.8244 0.1302 -0.5508
vn -0.0000 -1.0000 -0.0000
vn 0.5914 -0.8064 -0.0000
vn 0.5885 -0.8064 -0.0580
vn 0.5800 -0.8064 -0.1154
vn 0.5659 -0.8064 -0.1717
vn 0.5463 -0.8064 -0.2263
vn 0.5215 -0.8064 -0.2788
vn 0.4917 -0.8064 -0.3285
vn 0.4571 -0.8064 -0.3752
vn 0.4182 -0.8064 -0.4182
vn 0.3752 -0.8064 -0.4571
vn 0.3285 -0.8064 -0.4917
vn 0.2788 -0.8064 -0.5215
vn 0.2263 -0.8064 -0.5463
vn 0.1717 -0.8064 -0.5659
vn 0.1154 -0.8064 -0.5800
vn 0.0580 -0.8064 -0.5885
vn -0.0000 -0.8064 -0.5914
vn -0.0580 -0.8064 -0.5885
vn -0.1154 -0.8064 -0.5800
vn -0.1717 -0.8064 -0.5659
vn -0.2263 -0.8064 -0.5463
vn -0.2788 -0.8064 -0.5215
vn -0.3285 -0.8064 -0.4917
vn -0.3752 -0.8064 -0.4571
vn -0.4182 -0.8064 -0.4182
vn -0.4571 -0.8064 -0.3752
vn -0.4917 -0.8064 -0.3285
vn -0.5215 -0.8064 -0.2788
vn -0.5463 -0.8064 -0.2263
vn -0.5659 -0.8064 -0.1717
vn -0.5800 -0.8064 -0.1154
vn -0.5885 -0.8064 -0.0580
vn -0.5914 -0.8064 -0.0000
vn -0.5885 -0.8064 0.0580
vn -0.5800 -0.8064 0.1154
vn -0.5659 -0.8064 0.1717
vn -0.5463 -0.8064 0.2263
vn -0.5215 -0.8064 0.2788
vn -0.4917 -0.8064 0.3285
vn -0.4571 -0.8064 0.3752
vn -0.4182 -0.8064 0.4182
vn -0.3752 -0.8064 0.4571
vn -0.3285 -0.8064 0.4917
vn -0.2788 -0.8064 0.5215
vn -0.2263 -0.8064 0.5463
vn -0.1717 -0.8064 0.5659
vn -0.1154 -0.8064 0.5800
vn -0.0580 -0.8064 0.5885
vn -0.0000 -0.8064 0.5914
vn 0.0580 -0.8064 0.5885
vn 0.1154 -0.8064 0.5800
vn 0.1717 -0.8064 0.5659
vn 0.2263 -0.8064 0.5463
vn 0.2788 -0.8064 0.5215
vn 0.3285 -0.8064 0.4917
vn 0.3752 -0.8064 0.4571
vn 0.4182 -0.8064 0.4182
vn 0.4571 -0.8064 0.3752
vn 0.4917 -0.8064 0.3285
vn 0.5215 -0.8064 0.2788
vn 0.5463 -0.8064 0.2263
vn 0.5659 -0.8064 0.1717
vn 0.5800 -0.8064 0.1154
vn 0.5885 -0.8064 0.0580
vn 0.7071 -0.7071 -0.0000
vn 0.7037 -0.7071 -0.0693
vn 0.7610 -0.6444 -0.0749
vn 0.7647 -0.6444 -0.0000
vn 0.6935 -0.7071 -0.1379
vn 0.7500 -0.6444 -0.1492
vn 0.6767 -0.7071 -0.2053
vn 0.7318 -0.6444 -0.2220
vn 0.6533 -0.7071 -0.2706
vn 0.7065 -0.6444 -0.2926
vn 0.6236 -0.7071 -0.3333
vn 0.6744 -0.6444 -0.3605
vn 0.5879 -0.7071 -0.3928
vn 0.6358 -0.6444 -0.4248
vn 0.5466 -0.7071 -0.4486
vn 0.5911 -0.6444 -0.4851
vn 0.5000 -0.7071 -0.5000
vn 0.5407 -0.6444 -0.5407
vn 0.4486 -0.7071 -0.5466
vn 0.4851 -0.6444 -0.5911
vn 0.3928 -0.7071 -0.5879
vn 0.4248 -0.6444 -0.6358
vn 0.3333 -0.7071 -0.6236
vn 0.3605 -0.6444 -0.6744
vn 0.2706 -0.7071 -0.6533
vn 0.2926 -0.6444 -0.7065
vn 0.2053 -0.7071 -0.6767
vn 0.2220 -0.6444 -0.7317
vn 0.1380 -0.7071 -0.6935
vn 0.1492 -0.6444 -0.7500
vn 0.0693 -0.7071 -0.7037
vn 0.0750 -0.6444 -0.7610
vn -0.0000 -0.7071 -0.7071
vn -0.0000 -0.6444 -0.7647
vn -0.0693 -0.7071 -0.7037
vn -0.0749 -0.6444 -0.7610
vn -0.1380 -0.7071 -0.6935
vn -0.1492 -0.6444 -0.7500
vn -0.2053 -0.7071 -0.6767
vn -0.2220 -0.6444 -0.7318
vn -0.2706 -0.7071 -0.6533
vn -0.2926 -0.6444 -0.7065
vn -0.3333 -0.7071 -0.6236
vn -0.3605 -0.6444 -0.6744
vn -0.3928 -0.7071 -0.5879
vn -0.4248 -0.6444 -0.6358
vn -0.4486 -0.7071 -0.5466
vn -0.4851 -0.6444 -0.5911
vn -0.5000 -0.7071 -0.5000
vn -0.5407 -0.6444 -0.5407
vn -0.5466 -0.7071 -0.4486
vn -0.5911 -0.6444 -0.4851
vn -0.5879 -0.7071 -0.3928
vn -0.6358 -0.6444 -0.4248
vn -0.6236 -0.7071 -0.3333
vn -0.6744 -0.6444 -0.3605
vn -0.6533 -0.7071 -0.2706
vn -0.7065 -0.6444 -0.2926
vn -0.6767 -0.7071 -0.2053
vn -0.7317 -0.6444 -0.2220
vn -0.6935 -0.7071 -0.1379
vn -0.7500 -0.6444 -0.1492
vn -0.7037 -0.7071 -0.0693
vn -0.7610 -0.6444 -0.0750
vn -0.7071 -0.7071 -0.0000
vn -0.7647 -0.6444 -0.0000
vn -0.7037 -0.7071 0.0693
vn -0.7610 -0.6444 0.0749
vn -0.6935 -0.7071 0.1379
vn -0.7500 -0.6444 0.1492
vn -0.6767 -0.7071 0.2053
vn -0.7318 -0.6444 0.2220
vn -0.6533 -0.7071 0.2706
vn -0.7065 -0.6444 0.2926
vn -0.6236 -0.7071 0.3333
vn -0.6744 -0.6444 0.3605
vn -0.5879 -0.7071 0.3928
vn -0.6358 -0.6444 0.4248
vn -0.5466 -0.7071 0.4486
vn -0.5911 -0.6444 0.4851
vn -0.5000 -0.7071 0.5000
vn -0.5407 -0.6444 0.5407
vn -0.4486 -0.7071 0.5466
vn -0.4851 -0.6444 0.5911
vn -0.3928 -0.7071 0.5879
vn -0.4248 -0.6444 0.6358
vn -0.3333 -0.7071 0.6236
vn -0.3605 -0.6444 0.6744
vn -0.2706 -0.7071 0.6533
vn -0.2926 -0.6444 0.7065
vn -0.2053 -0.7071 0.6767
vn -0.2220 -0.6444 0.7317
vn -0.1380 -0.7071 0.6935
vn -0.1492 -0.6444 0.7500
vn -0.0693 -0.7071 0.7037
vn -0.0750 -0.6444 0.7610
vn -0.0000 -0.7071 0.7071
vn -0.0000 -0.6444 0.7647
vn 0.0693 -0.7071 0.7037
vn 0.0749 -0.6444 0.7610
vn 0.1380 -0.7071 0.6935
vn 0.1492 -0.6444 0.7500
vn 0.2053 -0.7071 0.6767
vn 0.2220 -0.6444 0.7318
vn 0.2706 -0.7071 0.6533
vn 0.2926 -0.6444 0.7065
vn 0.3333 -0.7071 0.6236
vn 0.3605 -0.6444 0.6744
vn 0.3928 -0.7071 0.5879
vn 0.4248 -0.6444 0.6358
vn 0.4486 -0.7071 0.5466
vn 0.4851 -0.6444 0.5911
vn 0.5000 -0.7071 0.5000
vn 0.5407 -0.6444 0.5407
vn 0.5466 -0.7071 0.4486
vn 0.5911 -0.6444 0.4851
vn 0.5879 -0.7071 0.3928
vn 0.6358 -0.6444 0.4248
vn 0.6236 -0.7071 0.3333
vn 0.6744 -0.6444 0.3605
vn 0.6533 -0.7071 0.2706
vn 0.7065 -0.6444 0.2926
vn 0.6767 -0.7071 0.2053
vn 0.7317 -0.6444 0.2220
vn 0.6935 -0.7071 0.1379
vn 0.7500 -0.6444 0.1492
vn 0.7037 -0.7071 0.0693
vn 0.7610 -0.6444 0.0750
vn 0.9945 -0.0377 -0.0979
vn 0.9993 -0.0377 -0.0000
vn 0.9801 -0.0377 -0.1949
vn 0.9563 -0.0377 -0.2901
vn 0.9232 -0.0377 -0.3824
vn 0.8813 -0.0377 -0.4711
vn 0.8309 -0.0377 -0.5552
vn 0.7725 -0.0377 -0.6339
vn 0.7066 -0.0377 -0.7066
vn 0.6340 -0.0377 -0.7725
vn 0.5552 -0.0377 -0.8309
vn 0.4711 -0.0377 -0.8813
vn 0.3824 -0.0377 -0.9232
vn 0.2901 -0.0377 -0.9563
vn 0.1950 -0.0377 -0.9801
vn 0.0980 -0.0377 -0.9945
vn -0.0000 -0.0377 -0.9993
vn -0.0979 -0.0377 -0.9945
vn -0.1949 -0.0377 -0.9801
vn -0.2901 -0.0377 -0.9563
vn -0.3824 -0.0377 -0.9232
vn -0.4711 -0.0377 -0.8813
vn -0.5552 -0.0377 -0.8309
vn -0.6339 -0.0377 -0.7725
vn -0.7066 -0.0377 -0.7066
vn -0.7725 -0.0377 -0.6340
vn -0.8309 -0.0377 -0.5552
vn -0.8813 -0.0377 -0.4711
vn -0.9232 -0.0377 -0.3824
vn -0.9563 -0.0377 -0.2901
vn -0.9801 -0.0377 -0.1950
vn -0.9945 -0.0377 -0.0980
vn -0.9993 -0.0377 -0.0000
vn -0.9945 -0.0377 0.0979
vn -0.9801 -0.0377 0.1949
vn -0.9563 -0.0377 0.2901
vn -0.9232 -0.0377 0.3824
vn -0.8813 -0.0377 0.4711
vn -0.8309 -0.0377 0.5552
vn -0.7725 -0.0377 0.6339
vn -0.7066 -0.0377 0.7066
vn -0.6340 -0.0377 0.7725
vn -0.5552 -0.0377 0.8309
vn -0.4711 -0.0377 0.8813
vn -0.3824 -0.0377 0.9232
vn -0.2901 -0.0377 0.9563
vn -0.1950 -0.0377 0.9801
vn -0.0980 -0.0377 0.9945
vn -0.0000 -0.0377 0.9993
vn 0.0979 -0.0377 0.9945
vn 0.1949 -0.0377 0.9801
vn 0.2901 -0.0377 0.9563
vn 0.3824 -0.0377 0.9232
vn 0.4711 -0.0377 0.8813
vn 0.5552 -0.0377 0.8309
vn 0.6339 -0.0377 0.7725
vn 0.7066 -0.0377 0.7066
vn 0.7725 -0.0377 0.6340
vn 0.8309 -0.0377 0.5552
vn 0.8813 -0.0377 0.4711
vn 0.9232 -0.0377 0.3824
vn 0.9563 -0.0377 0.2901
vn 0.9801 -0.0377 0.1950
vn 0.9945 -0.0377 0.0980
vn 0.9930 0.0655 -0.0978
vn 0.9979 0.0655 -0.0000
vn 0.9787 0.0655 -0.1947
vn 0.9549 0.0655 -0.2897
vn 0.9219 0.0655 -0.3819
vn 0.8800 0.0655 -0.4704
vn 0.8297 0.0655 -0.5544
vn 0.7714 0.0655 -0.6330
vn 0.7056 0.0655 -0.7056
vn 0.6330 0.0655 -0.7714
vn 0.5544 0.0655 -0.8297
vn 0.4704 0.0655 -0.8800
vn 0.3819 0.0655 -0.9219
vn 0.2897 0.0655 -0.9549
vn 0.1947 0.0655 -0.9787
vn 0.0978 0.0655 -0.9930
vn -0.0000 0.0655 -0.9979
vn -0.0978 0.0655 -0.9930
vn -0.1947 0.0655 -0.9787
vn -0.2897 0.0655 -0.9549
vn -0.3819 0.0655 -0.9219
vn -0.4704 0.0655 -0.8800
vn -0.5544 0.0655 -0.8297
vn -0.6330 0.0655 -0.7714
vn -0.7056 0.0655 -0.7056
vn -0.7714 0.0655 -0.6330
vn -0.8297 0.0655 -0.5544
vn -0.8800 0.0655 -0.4704
vn -0.9219 0.0655 -0.3819
vn -0.9549 0.0655 -0.2897
vn -0.9787 0.0655 -0.1947
vn -0.9930 0.0655 -0.0978
vn -0.9979 0.0655 -0.0000
vn -0.9930 0.0655 0.0978
vn -0.9787 0.0655 0.1947
vn -0.9549 0.0655 0.2897
vn -0.9219 0.0655 0.3819
vn -0.8800 0.0655 0.4704
vn -0.8297 0.0655 0.5544
vn -0.7714 0.0655 0.6330
vn -0.7056 0.0655 0.7056
vn -0.6330 0.0655 0.7714
vn -0.5544 0.0655 0.8297
vn -0.4704 0.0655 0.8800
vn -0.3819 0.0655 0.9219
vn -0.2897 0.0655 0.9549
vn -0.1947 0.0655 0.9787
vn -0.0978 0.0655 0.9930
vn -0.0000 0.0655 0.9979
vn 0.0978 0.0655 0.9930
vn 0.1947 0.0655 0.9787
vn 0.2897 0.0655 0.9549
vn 0.3819 0.0655 0.9219
vn 0.4704 0.0655 0.8800
vn 0.5544 0.0655 0.8297
vn 0.6330 0.0655 0.7714
vn 0.7056 0.0655 0.7056
vn 0.7714 0.0655 0.6330
vn 0.8297 0.0655 0.5544
vn 0.8800 0.0655 0.4704
vn 0.9219 0.0655 0.3819
vn 0.9549 0.0655 0.2897
vn 0.9787 0.0655 0.1947
vn 0.9930 0.0655 0.0978
vn 0.5530 0.8314 -0.0545
vn 0.5557 0.8314 0.0001
vn 0.5450 0.8314 -0.1084
vn 0.5318 0.8314 -0.1613
vn 0.5134 0.8314 -0.2127
vn 0.4901 0.8314 -0.2620
vn 0.4620 0.8314 -0.3087
vn 0.4295 0.8314 -0.3525
vn 0.3929 0.8314 -0.3929
vn 0.3525 0.8314 -0.4296
vn 0.3087 0.8314 -0.4620
vn 0.2619 0.8314 -0.4901
vn 0.2126 0.8314 -0.5134
vn 0.1613 0.8314 -0.5318
vn 0.1084 0.8314 -0.5450
vn 0.0544 0.8314 -0.5530
vn -0.0000 0.8314 -0.5557
vn -0.0545 0.8314 -0.5530
vn -0.1084 0.8314 -0.5450
vn -0.1613 0.8314 -0.5318
vn -0.2127 0.8314 -0.5134
vn -0.2620 0.8314 -0.4901
vn -0.3087 0.8314 -0.4620
vn -0.3525 0.8314 -0.4295
vn -0.3929 0.8314 -0.3929
vn -0.4296 0.8314 -0.3525
vn -0.4620 0.8314 -0.3087
vn -0.4901 0.8314 -0.2619
vn -0.5134 0.8314 -0.2126
vn -0.5318 0.8314 -0.1613
vn -0.5450 0.8314 -0.1084
vn -0.5530 0.8314 -0.0544
vn -0.5557 0.8314 -0.0000
vn -0.5530 0.8314 0.0545
vn -0.5450 0.8314 0.1084
vn -0.5318 0.8314 0.1613
vn -0.5134 0.8314 0.2127
vn -0.4901 0.8314 0.2620
vn -0.4620 0.8314 0.3087
vn -0.4295 0.8314 0.3525
vn -0.3929 0.8314 0.3929
vn -0.3525 0.8314 0.4296
vn -0.3087 0.8314 0.4620
vn -0.2619 0.8314 0.4901
vn -0.2126 0.8314 0.5134
vn -0.1613 0.8314 0.5318
vn -0.1084 0.8314 0.5450
vn -0.0544 0.8314 0.5530
vn -0.0000 0.8314 0.5557
vn 0.0545 0.8314 0.5530
vn 0.1084 0.8314 0.5450
vn 0.1613 0.8314 0.5318
vn 0.2127 0.8314 0.5134
vn 0.2620 0.8314 0.4901
vn 0.3087 0.8314 0.4620
vn 0.3525 0.8314 0.4295
vn 0.3929 0.8314 0.3929
vn 0.4296 0.8314 0.3525
vn 0.4620 0.8314 0.3087
vn 0.4901 0.8314 0.2619
vn 0.5134 0.8314 0.2126
vn 0.5318 0.8314 0.1613
vn 0.5450 0.8314 0.1084
vn 0.5530 0.8314 0.0544
vn 0.4765 0.8779 -0.0469
vn 0.4789 0.8779 -0.0000
vn 0.4697 0.8779 -0.0934
vn 0.4582 0.8779 -0.1390
vn 0.4424 0.8779 -0.1832
vn 0.4223 0.8779 -0.2257
vn 0.3982 0.8779 -0.2660
vn 0.3702 0.8779 -0.3038
vn 0.3386 0.8779 -0.3386
vn 0.3038 0.8779 -0.3702
vn 0.2660 0.8779 -0.3982
vn 0.2257 0.8779 -0.4223
vn 0.1832 0.8779 -0.4424
vn 0.1390 0.8779 -0.4582
vn 0.0934 0.8779 -0.4697
vn 0.0469 0.8779 -0.4765
vn -0.0000 0.8779 -0.4789
vn -0.0469 0.8779 -0.4765
vn -0.0934 0.8779 -0.4697
vn -0.1390 0.8779 -0.4582
vn -0.1832 0.8779 -0.4424
vn -0.2257 0.8779 -0.4223
vn -0.2660 0.8779 -0.3982
vn -0.3038 0.8779 -0.3702
vn -0.3386 0.8779 -0.3386
vn -0.3702 0.8779 -0.3038
vn -0.3982 0.8779 -0.2660
vn -0.4223 0.8779 -0.2257
vn -0.4424 0.8779 -0.1832
vn -0.4582 0.8779 -0.1390
vn -0.4697 0.8779 -0.0934
vn -0.4765 0.8779 -0.0469
vn -0.4789 0.8779 -0.0000
vn -0.4765 0.8779 0.0469
vn -0.4697 0.8779 0.0934
vn -0.4582 0.8779 0.1390
vn -0.4424 0.8779 0.1832
vn -0.4223 0.8779 0.2257
vn -0.3982 0.8779 0.2660
vn -0.3702 0.8779 0.3038
vn -0.3386 0.8779 0.3386
vn -0.3038 0.8779 0.3702
vn -0.2660 0.8779 0.3982
vn -0.2257 0.8779 0.4223
vn -0.1832 0.8779 0.4424
vn -0.1390 0.8779 0.4582
vn -0.0934 0.8779 0.4697
vn -0.0469 0.8779 0.4765
vn -0.0000 0.8779 0.4789
vn 0.0469 0.8779 0.4765
vn 0.0934 0.8779 0.4697
vn 0.1390 0.8779 0.4582
vn 0.1832 0.8779 0.4424
vn 0.2257 0.8779 0.4223
vn 0.2660 0.8779 0.3982
vn 0.3038 0.8779 0.3702
vn 0.3386 0.8779 0.3386
vn 0.3702 0.8779 0.3038
vn 0.3982 0.8779 0.2660
vn 0.4223 0.8779 0.2257
vn 0.4424 0.8779 0.1832
vn 0.4582 0.8779 0.1390
vn 0.4697 0.8779 0.0934
vn 0.4765 0.8779 0.0469
vn 0.9314 -0.3640 -0.0000
vn 0.9269 -0.3640 -0.0913
vn 0.9798 -0.1752 -0.0965
vn 0.9845 -0.1752 -0.0000
vn 0.9135 -0.3640 -0.1817
vn 0.9656 -0.1751 -0.1921
vn 0.8913 -0.3640 -0.2704
vn 0.9421 -0.1751 -0.2858
vn 0.8605 -0.3640 -0.3564
vn 0.9096 -0.1751 -0.3768
vn 0.8214 -0.3640 -0.4391
vn 0.8683 -0.1751 -0.4641
vn 0.7744 -0.3640 -0.5174
vn 0.8186 -0.1751 -0.5470
vn 0.7200 -0.3640 -0.5909
vn 0.7611 -0.1751 -0.6246
vn 0.6586 -0.3640 -0.6586
vn 0.6962 -0.1752 -0.6962
vn 0.5909 -0.3640 -0.7200
vn 0.6246 -0.1752 -0.7611
vn 0.5174 -0.3640 -0.7744
vn 0.5470 -0.1751 -0.8186
vn 0.4391 -0.3640 -0.8214
vn 0.4641 -0.1751 -0.8683
vn 0.3564 -0.3640 -0.8605
vn 0.3768 -0.1751 -0.9096
vn 0.2704 -0.3640 -0.8913
vn 0.2858 -0.1751 -0.9421
vn 0.1817 -0.3640 -0.9135
vn 0.1921 -0.1752 -0.9656
vn 0.0913 -0.3640 -0.9269
vn 0.0965 -0.1752 -0.9798
vn -0.0000 -0.3640 -0.9314
vn -0.0000 -0.1751 -0.9845
vn -0.0913 -0.3640 -0.9269
vn -0.0965 -0.1752 -0.9798
vn -0.1817 -0.3640 -0.9135
vn -0.1921 -0.1752 -0.9656
vn -0.2704 -0.3640 -0.8913
vn -0.2858 -0.1751 -0.9421
vn -0.3564 -0.3640 -0.8605
vn -0.3768 -0.1751 -0.9096
vn -0.4391 -0.3640 -0.8214
vn -0.4641 -0.1751 -0.8683
vn -0.5174 -0.3640 -0.7744
vn -0.5470 -0.1751 -0.8186
vn -0.5909 -0.3640 -0.7200
vn -0.6246 -0.1752 -0.7611
vn -0.6586 -0.3640 -0.6586
vn -0.6962 -0.1752 -0.6962
vn -0.7200 -0.3640 -0.5909
vn -0.7611 -0.1751 -0.6246
vn -0.7744 -0.3640 -0.5174
vn -0.8186 -0.1751 -0.5470
vn -0.8214 -0.3640 -0.4391
vn -0.8683 -0.1752 -0.4641
vn -0.8605 -0.3640 -0.3564
vn -0.9096 -0.1751 -0.3768
vn -0.8913 -0.3640 -0.2704
vn -0.9421 -0.1751 -0.2858
vn -0.9135 -0.3640 -0.1817
vn -0.9656 -0.1751 -0.1921
vn -0.9269 -0.3640 -0.0913
vn -0.9798 -0.1752 -0.0965
vn -0.9314 -0.3640 -0.0000
vn -0.9845 -0.1752 -0.0000
vn -0.9269 -0.3640 0.0913
vn -0.9798 -0.1752 0.0965
vn -0.9135 -0.3640 0.1817
vn -0.9656 -0.1751 0.1921
vn -0.8913 -0.3640 0.2704
vn -0.9421 -0.1751 0.2858
vn -0.8605 -0.3640 0.3564
vn -0.9096 -0.1751 0.3768
vn -0.8214 -0.3640 0.4391
vn -0.8683 -0.1751 0.4641
vn -0.7744 -0.3640 0.5174
vn -0.8186 -0.1751 0.5470
vn -0.7200 -0.3640 0.5909
vn -0.7611 -0.1751 0.6246
vn -0.6586 -0.3640 0.6586
vn -0.6962 -0.1752 0.6962
vn -0.5909 -0.3640 0.7200
vn -0.6246 -0.1752 0.7611
vn -0.5174 -0.3640 0.7744
vn -0.5470 -0.1751 0.8186
vn -0.4391 -0.3640 0.8214
vn -0.4641 -0.1751 0.8683
vn -0.3564 -0.3640 0.8605
vn -0.3768 -0.1751 0.9096
vn -0.2704 -0.3640 0.8913
vn -0.2858 -0.1751 0.9421
vn -0.1817 -0.3640 0.9135
vn -0.1921 -0.1752 0.9656
vn -0.0913 -0.3640 0.9269
vn -0.0965 -0.1752 0.9798
vn -0.0000 -0.3640 0.9314
vn -0.0000 -0.1751 0.9845
vn 0.0913 -0.3640 0.9269
vn 0.0965 -0.1752 0.9798
vn 0.1817 -0.3640 0.9135
vn 0.1921 -0.1752 0.9656
vn 0.2704 -0.3640 0.8913
vn 0.2858 -0.1751 0.9421
vn 0.3564 -0.3640 0.8605
vn 0.3768 -0.1751 0.9096
vn 0.4391 -0.3640 0.8214
vn 0.4641 -0.1751 0.8683
vn 0.5174 -0.3640 0.7744
vn 0.5470 -0.1751 0.8186
vn 0.5909 -0.3640 0.7200
vn 0.6246 -0.1752 0.7611
vn 0.6586 -0.3640 0.6586
vn 0.6962 -0.1752 0.6962
vn 0.7200 -0.3640 0.5909
vn 0.7611 -0.1751 0.6246
vn 0.7744 -0.3640 0.5174
vn 0.8186 -0.1751 0.5470
vn 0.8214 -0.3640 0.4391
vn 0.8683 -0.1752 0.4641
vn 0.8605 -0.3640 0.3564
vn 0.9096 -0.1751 0.3768
vn 0.8913 -0.3640 0.2704
vn 0.9421 -0.1751 0.2858
vn 0.9135 -0.3640 0.1817
vn 0.9656 -0.1751 0.1921
vn 0.9269 -0.3640 0.0913
vn 0.9798 -0.1752 0.0965
vn 0.9843 0.1477 -0.0969
vn 0.9890 0.1477 -0.0000
vn 0.9700 0.1477 -0.1929
vn 0.9464 0.1477 -0.2871
vn 0.9137 0.1477 -0.3785
vn 0.8722 0.1477 -0.4662
vn 0.8223 0.1477 -0.5495
vn 0.7645 0.1477 -0.6274
vn 0.6993 0.1477 -0.6993
vn 0.6274 0.1477 -0.7645
vn 0.5495 0.1477 -0.8223
vn 0.4662 0.1477 -0.8722
vn 0.3785 0.1477 -0.9137
vn 0.2871 0.1477 -0.9464
vn 0.1929 0.1477 -0.9700
vn 0.0969 0.1477 -0.9843
vn -0.0000 0.1477 -0.9890
vn -0.0969 0.1477 -0.9843
vn -0.1930 0.1477 -0.9700
vn -0.2871 0.1477 -0.9464
vn -0.3785 0.1477 -0.9137
vn -0.4662 0.1477 -0.8722
vn -0.5495 0.1477 -0.8223
vn -0.6274 0.1477 -0.7645
vn -0.6993 0.1477 -0.6993
vn -0.7645 0.1477 -0.6274
vn -0.8223 0.1477 -0.5495
vn -0.8722 0.1477 -0.4662
vn -0.9137 0.1477 -0.3785
vn -0.9464 0.1477 -0.2871
vn -0.9700 0.1477 -0.1929
vn -0.9843 0.1477 -0.0969
vn -0.9890 0.1477 -0.0000
vn -0.9843 0.1477 0.0969
vn -0.9700 0.1477 0.1929
vn -0.9464 0.1477 0.2871
vn -0.9137 0.1477 0.3785
vn -0.8722 0.1477 0.4662
vn -0.8223 0.1477 0.5495
vn -0.7645 0.1477 0.6274
vn -0.6993 0.1477 0.6993
vn -0.6274 0.1477 0.7645
vn -0.5495 0.1477 0.8223
vn -0.4662 0.1477 0.8722
vn -0.3785 0.1477 0.9137
vn -0.2871 0.1477 0.9464
vn -0.1929 0.1477 0.9700
vn -0.0969 0.1477 0.9843
vn -0.0000 0.1477 0.9890
vn 0.0969 0.1477 0.9843
vn 0.1930 0.1477 0.9700
vn 0.2871 0.1477 0.9464
vn 0.3785 0.1477 0.9137
vn 0.4662 0.1477 0.8722
vn 0.5495 0.1477 0.8223
vn 0.6274 0.1477 0.7645
vn 0.6993 0.1477 0.6993
vn 0.7645 0.1477 0.6274
vn 0.8223 0.1477 0.5495
vn 0.8722 0.1477 0.4662
vn 0.9137 0.1477 0.3785
vn 0.9464 0.1477 0.2871
vn 0.9700 0.1477 0.1929
vn 0.9843 0.1477 0.0969
vn 0.8908 0.4459 -0.0877
vn 0.8951 0.4459 -0.0000
vn 0.8779 0.4459 -0.1746
vn 0.8566 0.4459 -0.2598
vn 0.8270 0.4459 -0.3425
vn 0.7894 0.4459 -0.4220
vn 0.7443 0.4459 -0.4973
vn 0.6919 0.4459 -0.5678
vn 0.6329 0.4459 -0.6329
vn 0.5678 0.4459 -0.6919
vn 0.4973 0.4459 -0.7443
vn 0.4220 0.4459 -0.7894
vn 0.3425 0.4459 -0.8270
vn 0.2598 0.4459 -0.8566
vn 0.1746 0.4459 -0.8779
vn 0.0877 0.4459 -0.8908
vn -0.0000 0.4459 -0.8951
vn -0.0877 0.4459 -0.8908
vn -0.1746 0.4459 -0.8779
vn -0.2598 0.4459 -0.8566
vn -0.3425 0.4459 -0.8270
vn -0.4220 0.4459 -0.7894
vn -0.4973 0.4459 -0.7443
vn -0.5678 0.4459 -0.6919
vn -0.6329 0.4459 -0.6329
vn -0.6919 0.4459 -0.5678
vn -0.7443 0.4459 -0.4973
vn -0.7894 0.4459 -0.4220
vn -0.8270 0.4459 -0.3425
vn -0.8566 0.4459 -0.2598
vn -0.8779 0.4459 -0.1746
vn -0.8908 0.4459 -0.0877
vn -0.8951 0.4459 -0.0000
vn -0.8908 0.4459 0.0877
vn -0.8779 0.4459 0.1746
vn -0.8566 0.4459 0.2598
vn -0.8270 0.4459 0.3425
vn -0.7894 0.4459 0.4220
vn -0.7443 0.4459 0.4973
vn -0.6919 0.4459 0.5678
vn -0.6329 0.4459 0.6329
vn -0.5678 0.4459 0.6919
vn -0.4973 0.4459 0.7443
vn -0.4220 0.4459 0.7894
vn -0.3425 0.4459 0.8270
vn -0.2598 0.4459 0.8566
vn -0.1746 0.4459 0.8779
vn -0.0877 0.4459 0.8908
vn -0.0000 0.4459 0.8951
vn 0.0877 0.4459 0.8908
vn 0.1746 0.4459 0.8779
vn 0.2598 0.4459 0.8566
vn 0.3425 0.4459 0.8270
vn 0.4220 0.4459 0.7894
vn 0.4973 0.4459 0.7443
vn 0.5678 0.4459 0.6919
vn 0.6329 0.4459 0.6329
vn 0.6919 0.4459 0.5678
vn 0.7443 0.4459 0.4973
vn 0.7894 0.4459 0.4220
vn 0.8270 0.4459 0.3425
vn 0.8566 0.4459 0.2598
vn 0.8779 0.4459 0.1746
vn 0.8908 0.4459 0.0877
vn 0.6956 0.7151 -0.0685
vn 0.6990 0.7151 -0.0000
vn 0.6856 0.7151 -0.1364
vn 0.6689 0.7151 -0.2029
vn 0.6458 0.7151 -0.2675
vn 0.6165 0.7151 -0.3295
vn 0.5812 0.7151 -0.3883
vn 0.5403 0.7151 -0.4434
vn 0.4943 0.7151 -0.4943
vn 0.4434 0.7151 -0.5403
vn 0.3883 0.7151 -0.5812
vn 0.3295 0.7151 -0.6165
vn 0.2675 0.7151 -0.6458
vn 0.2029 0.7151 -0.6689
vn 0.1364 0.7151 -0.6856
vn 0.0685 0.7151 -0.6956
vn -0.0000 0.7151 -0.6990
vn -0.0685 0.7151 -0.6956
vn -0.1364 0.7151 -0.6856
vn -0.2029 0.7151 -0.6689
vn -0.2675 0.7151 -0.6458
vn -0.3295 0.7151 -0.6165
vn -0.3883 0.7151 -0.5812
vn -0.4434 0.7151 -0.5403
vn -0.4943 0.7151 -0.4943
vn -0.5403 0.7151 -0.4434
vn -0.5812 0.7151 -0.3883
vn -0.6165 0.7151 -0.3295
vn -0.6458 0.7151 -0.2675
vn -0.6689 0.7151 -0.2029
vn -0.6856 0.7151 -0.1364
vn -0.6956 0.7151 -0.0685
vn -0.6990 0.7151 -0.0000
vn -0.6956 0.7151 0.0685
vn -0.6856 0.7151 0.1364
vn -0.6689 0.7151 0.2029
vn -0.6458 0.7151 0.2675
vn -0.6165 0.7151 0.3295
vn -0.5812 0.7151 0.3883
vn -0.5403 0.7151 0.4434
vn -0.4943 0.7151 0.4943
vn -0.4434 0.7151 0.5403
vn -0.3883 0.7151 0.5812
vn -0.3295 0.7151 0.6165
vn -0.2675 0.7151 0.6458
vn -0.2029 0.7151 0.6689
vn -0.1364 0.7151 0.6856
vn -0.0685 0.7151 0.6956
vn -0.0000 0.7151 0.6990
vn 0.0685 0.7151 0.6956
vn 0.1364 0.7151 0.6856
vn 0.2029 0.7151 0.6689
vn 0.2675 0.7151 0.6458
vn 0.3295 0.7151 0.6165
vn 0.3883 0.7151 0.5812
vn 0.4434 0.7151 0.5403
vn 0.4943 0.7151 0.4943
vn 0.5403 0.7151 0.4434
vn 0.5812 0.7151 0.3883
vn 0.6165 0.7151 0.3295
vn 0.6458 0.7151 0.2675
vn 0.6689 0.7151 0.2029
vn 0.6856 0.7151 0.1364
vn 0.6956 0.7151 0.0685
vn 0.4213 0.9060 -0.0415
vn 0.4234 0.9060 -0.0000
vn 0.4152 0.9060 -0.0826
vn 0.4051 0.9060 -0.1229
vn 0.3911 0.9060 -0.1620
vn 0.3734 0.9060 -0.1996
vn 0.3520 0.9060 -0.2352
vn 0.3273 0.9060 -0.2686
vn 0.2994 0.9060 -0.2994
vn 0.2686 0.9060 -0.3273
vn 0.2352 0.9060 -0.3520
vn 0.1996 0.9060 -0.3734
vn 0.1620 0.9060 -0.3911
vn 0.1229 0.9060 -0.4051
vn 0.0826 0.9060 -0.4152
vn 0.0415 0.9060 -0.4213
vn -0.0000 0.9060 -0.4234
vn -0.0415 0.9060 -0.4213
vn -0.0826 0.9060 -0.4152
vn -0.1229 0.9060 -0.4051
vn -0.1620 0.9060 -0.3911
vn -0.1996 0.9060 -0.3734
vn -0.2352 0.9060 -0.3520
vn -0.2686 0.9060 -0.3273
vn -0.2994 0.9060 -0.2994
vn -0.3273 0.9060 -0.2686
vn -0.3520 0.9060 -0.2352
vn -0.3734 0.9060 -0.1996
vn -0.3911 0.9060 -0.1620
vn -0.4051 0.9060 -0.1229
vn -0.4152 0.9060 -0.0826
vn -0.4213 0.9060 -0.0415
vn -0.4234 0.9060 -0.0000
vn -0.4213 0.9060 0.0415
vn -0.4152 0.9060 0.0826
vn -0.4051 0.9060 0.1229
vn -0.3911 0.9060 0.1620
vn -0.3734 0.9060 0.1996
vn -0.3520 0.9060 0.2352
vn -0.3273 0.9060 0.2686
vn -0.2994 0.9060 0.2994
vn -0.2686 0.9060 0.3273
vn -0.2352 0.9060 0.3520
vn -0.1996 0.9060 0.3734
vn -0.1620 0.9060 0.3911
vn -0.1229 0.9060 0.4051
vn -0.0826 0.9060 0.4152
vn -0.0415 0.9060 0.4213
vn -0.0000 0.9060 0.4234
vn 0.0415 0.9060 0.4213
vn 0.0826 0.9060 0.4152
vn 0.1229 0.9060 0.4051
vn 0.1620 0.9060 0.3911
vn 0.1996 0.9060 0.3734
vn 0.2352 0.9060 0.3520
vn 0.2686 0.9060 0.3273
vn 0.2994 0.9060 0.2994
vn 0.3273 0.9060 0.2686
vn 0.3520 0.9060 0.2352
vn 0.3734 0.9060 0.1996
vn 0.3911 0.9060 0.1620
vn 0.4051 0.9060 0.1229
vn 0.4152 0.9060 0.0826
vn 0.4213 0.9060 0.0415
vn 0.2814 0.9592 -0.0277
vn 0.2828 0.9592 -0.0000
vn 0.2774 0.9592 -0.0552
vn 0.2706 0.9592 -0.0821
vn 0.2613 0.9592 -0.1082
vn 0.2494 0.9592 -0.1333
vn 0.2351 0.9592 -0.1571
vn 0.2186 0.9592 -0.1794
vn 0.2000 0.9592 -0.2000
vn 0.1794 0.9592 -0.2186
vn 0.1571 0.9592 -0.2351
vn 0.1333 0.9592 -0.2494
vn 0.1082 0.9592 -0.2613
vn 0.0821 0.9592 -0.2706
vn 0.0552 0.9592 -0.2774
vn 0.0277 0.9592 -0.2814
vn -0.0000 0.9592 -0.2828
vn -0.0277 0.9592 -0.2814
vn -0.0552 0.9592 -0.2774
vn -0.0821 0.9592 -0.2706
vn -0.1082 0.9592 -0.2613
vn -0.1333 0.9592 -0.2494
vn -0.1571 0.9592 -0.2351
vn -0.1794 0.9592 -0.2186
vn -0.2000 0.9592 -0.2000
vn -0.2186 0.9592 -0.1794
vn -0.2351 0.9592 -0.1571
vn -0.2494 0.9592 -0.1333
vn -0.2613 0.9592 -0.1082
vn -0.2706 0.9592 -0.0821
vn -0.2774 0.9592 -0.0552
vn -0.2814 0.9592 -0.0277
vn -0.2828 0.9592 -0.0000
vn -0.2814 0.9592 0.0277
vn -0.2774 0.9592 0.0552
vn -0.2706 0.9592 0.0821
vn -0.2613 0.9592 0.1082
vn -0.2494 0.9592 0.1333
vn -0.2351 0.9592 0.1571
vn -0.2186 0.9592 0.1794
vn -0.2000 0.9592 0.2000
vn -0.1794 0.9592 0.2186
vn -0.1571 0.9592 0.2351
vn -0.1333 0.9592 0.2494
vn -0.1082 0.9592 0.2613
vn -0.0821 0.9592 0.2706
vn -0.0552 0.9592 0.2774
vn -0.0277 0.9592 0.2814
vn -0.0000 0.9592 0.2828
vn 0.0277 0.9592 0.2814
vn 0.0552 0.9592 0.2774
vn 0.0821 0.9592 0.2706
vn 0.1082 0.9592 0.2613
vn 0.1333 0.9592 0.2494
vn 0.1571 0.9592 0.2351
vn 0.1794 0.9592 0.2186
vn 0.2000 0.9592 0.2000
vn 0.2186 0.9592 0.1794
vn 0.2351 0.9592 0.1571
vn 0.2494 0.9592 0.1333
vn 0.2613 0.9592 0.1082
vn 0.2706 0.9592 0.0821
vn 0.2774 0.9592 0.0552
vn 0.2814 0.9592 0.0277
vn 0.1961 0.9806 -0.0000
vn 0.1952 0.9806 -0.0192
vn 0.1392 0.9902 -0.0137
vn 0.1399 0.9902 -0.0000
vn 0.1923 0.9806 -0.0383
vn 0.1372 0.9902 -0.0273
vn 0.1877 0.9806 -0.0569
vn 0.1338 0.9902 -0.0406
vn 0.1812 0.9806 -0.0751
vn 0.1292 0.9902 -0.0535
vn 0.1730 0.9806 -0.0924
vn 0.1233 0.9902 -0.0659
vn 0.1631 0.9806 -0.1090
vn 0.1163 0.9902 -0.0777
vn 0.1516 0.9806 -0.1244
vn 0.1081 0.9902 -0.0887
vn 0.1387 0.9806 -0.1387
vn 0.0989 0.9902 -0.0989
vn 0.1244 0.9806 -0.1516
vn 0.0887 0.9902 -0.1081
vn 0.1090 0.9806 -0.1631
vn 0.0777 0.9902 -0.1163
vn 0.0924 0.9806 -0.1730
vn 0.0659 0.9902 -0.1233
vn 0.0751 0.9806 -0.1812
vn 0.0535 0.9902 -0.1292
vn 0.0569 0.9806 -0.1877
vn 0.0406 0.9902 -0.1338
vn 0.0383 0.9806 -0.1923
vn 0.0273 0.9902 -0.1372
vn 0.0192 0.9806 -0.1952
vn 0.0137 0.9902 -0.1392
vn -0.0000 0.9806 -0.1961
vn -0.0000 0.9902 -0.1399
vn -0.0192 0.9806 -0.1952
vn -0.0137 0.9902 -0.1392
vn -0.0383 0.9806 -0.1923
vn -0.0273 0.9902 -0.1372
vn -0.0569 0.9806 -0.1877
vn -0.0406 0.9902 -0.1338
vn -0.0751 0.9806 -0.1812
vn -0.0535 0.9902 -0.1292
vn -0.0924 0.9806 -0.1730
vn -0.0659 0.9902 -0.1233
vn -0.1090 0.9806 -0.1631
vn -0.0777 0.9902 -0.1163
vn -0.1244 0.9806 -0.1516
vn -0.0887 0.9902 -0.1081
vn -0.1387 0.9806 -0.1387
vn -0.0989 0.9902 -0.0989
vn -0.1516 0.9806 -0.1244
vn -0.1081 0.9902 -0.0887
vn -0.1631 0.9806 -0.1090
vn -0.1163 0.9902 -0.0777
vn -0.1730 0.9806 -0.0924
vn -0.1233 0.9902 -0.0659
vn -0.1812 0.9806 -0.0751
vn -0.1292 0.9902 -0.0535
vn -0.1877 0.9806 -0.0569
vn -0.1338 0.9902 -0.0406
vn -0.1923 0.9806 -0.0383
vn -0.1372 0.9902 -0.0273
vn -0.1952 0.9806 -0.0192
vn -0.1392 0.9902 -0.0137
vn -0.1961 0.9806 -0.0000
vn -0.1399 0.9902 -0.0000
vn -0.1952 0.9806 0.0192
vn -0.1392 0.9902 0.0137
vn -0.1923 0.9806 0.0383
vn -0.1372 0.9902 0.0273
vn -0.1877 0.9806 0.0569
vn -0.1338 0.9902 0.0406
vn -0.1812 0.9806 0.0751
vn -0.1292 0.9902 0.0535
vn -0.1730 0.9806 0.0924
vn -0.1233 0.9902 0.0659
vn -0.1631 0.9806 0.1090
vn -0.1163 0.9902 0.0777
vn -0.1516 0.9806 0.1244
vn -0.1081 0.9902 0.0887
vn -0.1387 0.9806 0.1387
vn -0.0989 0.9902 0.0989
vn -0.1244 0.9806 0.1516
vn -0.0887 0.9902 0.1081
vn -0.1090 0.9806 0.1631
vn -0.0777 0.9902 0.1163
vn -0.0924 0.9806 0.1730
vn -0.0659 0.9902 0.1233
vn -0.0751 0.9806 0.1812
vn -0.0535 0.9902 0.1292
vn -0.0569 0.9806 0.1877
vn -0.0406 0.9902 0.1338
vn -0.0383 0.9806 0.1923
vn -0.0273 0.9902 0.1372
vn -0.0192 0.9806 0.1952
vn -0.0137 0.9902 0.1392
vn -0.0000 0.9806 0.1961
vn -0.0000 0.9902 0.1399
vn 0.0192 0.9806 0.1952
vn 0.0137 0.9902 0.1392
vn 0.0383 0.9806 0.1923
vn 0.0273 0.9902 0.1372
vn 0.0569 0.9806 0.1877
vn 0.0406 0.9902 0.1338
vn 0.0751 0.9806 0.1812
vn 0.0535 0.9902 0.1292
vn 0.0924 0.9806 0.1730
vn 0.0659 0.9902 0.1233
vn 0.1090 0.9806 0.1631
vn 0.0777 0.9902 0.1163
vn 0.1244 0.9806 0.1516
vn 0.0887 0.9902 0.1081
vn 0.1387 0.9806 0.1387
vn 0.0989 0.9902 0.0989
vn 0.1516 0.9806 0.1244
vn 0.1081 0.9902 0.0887
vn 0.1631 0.9806 0.1090
vn 0.1163 0.9902 0.0777
vn 0.1730 0.9806 0.0924
vn 0.1233 0.9902 0.0659
vn 0.1812 0.9806 0.0751
vn 0.1292 0.9902 0.0535
vn 0.1877 0.9806 0.0569
vn 0.1338 0.9902 0.0406
vn 0.1923 0.9806 0.0383
vn 0.1372 0.9902 0.0273
vn 0.1952 0.9806 0.0192
vn 0.1392 0.9902 0.0137
vn 0.1876 0.9821 -0.0185
vn 0.1885 0.9821 -0.0000
vn 0.1849 0.9821 -0.0368
vn 0.1804 0.9821 -0.0547
vn 0.1742 0.9821 -0.0721
vn 0.1663 0.9821 -0.0889
vn 0.1568 0.9821 -0.1047
vn 0.1457 0.9821 -0.1196
vn 0.1333 0.9821 -0.1333
vn 0.1196 0.9821 -0.1457
vn 0.1047 0.9821 -0.1568
vn 0.0889 0.9821 -0.1663
vn 0.0721 0.9821 -0.1742
vn 0.0547 0.9821 -0.1804
vn 0.0368 0.9821 -0.1849
vn 0.0185 0.9821 -0.1876
vn -0.0000 0.9821 -0.1885
vn -0.0185 0.9821 -0.1876
vn -0.0368 0.9821 -0.1849
vn -0.0547 0.9821 -0.1804
vn -0.0721 0.9821 -0.1742
vn -0.0889 0.9821 -0.1663
vn -0.1047 0.9821 -0.1568
vn -0.1196 0.9821 -0.1457
vn -0.1333 0.9821 -0.1333
vn -0.1457 0.9821 -0.1196
vn -0.1568 0.9821 -0.1047
vn -0.1663 0.9821 -0.0889
vn -0.1742 0.9821 -0.0721
vn -0.1804 0.9821 -0.0547
vn -0.1849 0.9821 -0.0368
vn -0.1876 0.9821 -0.0185
vn -0.1885 0.9821 -0.0000
vn -0.1876 0.9821 0.0185
vn -0.1849 0.9821 0.0368
vn -0.1804 0.9821 0.0547
vn -0.1742 0.9821 0.0721
vn -0.1663 0.9821 0.0889
vn -0.1568 0.9821 0.1047
vn -0.1457 0.9821 0.1196
vn -0.1333 0.9821 0.1333
vn -0.1196 0.9821 0.1457
vn -0.1047 0.9821 0.1568
vn -0.0889 0.9821 0.1663
vn -0.0721 0.9821 0.1742
vn -0.0547 0.9821 0.1804
vn -0.0368 0.9821 0.1849
vn -0.0185 0.9821 0.1876
vn -0.0000 0.9821 0.1885
vn 0.0185 0.9821 0.1876
vn 0.0368 0.9821 0.1849
vn 0.0547 0.9821 0.1804
vn 0.0721 0.9821 0.1742
vn 0.0889 0.9821 0.1663
vn 0.1047 0.9821 0.1568
vn 0.1196 0.9821 0.1457
vn 0.1333 0.9821 0.1333
vn 0.1457 0.9821 0.1196
vn 0.1568 0.9821 0.1047
vn 0.1663 0.9821 0.0889
vn 0.1742 0.9821 0.0721
vn 0.1804 0.9821 0.0547
vn 0.1849 0.9821 0.0368
vn 0.1876 0.9821 0.0185
vn 0.3807 0.9240 -0.0375
vn 0.3825 0.9240 -0.0000
vn 0.3752 0.9240 -0.0746
vn 0.3660 0.9240 -0.1110
vn 0.3534 0.9240 -0.1464
vn 0.3373 0.9240 -0.1803
vn 0.3180 0.9240 -0.2125
vn 0.2957 0.9240 -0.2427
vn 0.2705 0.9240 -0.2705
vn 0.2427 0.9240 -0.2957
vn 0.2125 0.9240 -0.3180
vn 0.1803 0.9240 -0.3373
vn 0.1464 0.9240 -0.3534
vn 0.1110 0.9240 -0.3660
vn 0.0746 0.9240 -0.3752
vn 0.0375 0.9240 -0.3807
vn -0.0000 0.9240 -0.3825
vn -0.0375 0.9240 -0.3807
vn -0.0746 0.9240 -0.3752
vn -0.1110 0.9240 -0.3660
vn -0.1464 0.9240 -0.3534
vn -0.1803 0.9240 -0.3373
vn -0.2125 0.9240 -0.3180
vn -0.2427 0.9240 -0.2957
vn -0.2705 0.9240 -0.2705
vn -0.2957 0.9240 -0.2427
vn -0.3180 0.9240 -0.2125
vn -0.3373 0.9240 -0.1803
vn -0.3534 0.9240 -0.1464
vn -0.3660 0.9240 -0.1110
vn -0.3752 0.9240 -0.0746
vn -0.3807 0.9240 -0.0375
vn -0.3825 0.9240 -0.0000
vn -0.3807 0.9240 0.0375
vn -0.3752 0.9240 0.0746
vn -0.3660 0.9240 0.1110
vn -0.3534 0.9240 0.1464
vn -0.3373 0.9240 0.1803
vn -0.3180 0.9240 0.2125
vn -0.2957 0.9240 0.2427
vn -0.2705 0.9240 0.2705
vn -0.2427 0.9240 0.2957
vn -0.2125 0.9240 0.3180
vn -0.1803 0.9240 0.3373
vn -0.1464 0.9240 0.3534
vn -0.1110 0.9240 0.3660
vn -0.0746 0.9240 0.3752
vn -0.0375 0.9240 0.3807
vn -0.0000 0.9240 0.3825
vn 0.0375 0.9240 0.3807
vn 0.0746 0.9240 0.3752
vn 0.1110 0.9240 0.3660
vn 0.1464 0.9240 0.3534
vn 0.1803 0.9240 0.3373
vn 0.2125 0.9240 0.3180
vn 0.2427 0.9240 0.2957
vn 0.2705 0.9240 0.2705
vn 0.2957 0.9240 0.2427
vn 0.3180 0.9240 0.2125
vn 0.3373 0.9240 0.1803
vn 0.3534 0.9240 0.1464
vn 0.3660 0.9240 0.1110
vn 0.3752 0.9240 0.0746
vn 0.3807 0.9240 0.0375
vn 0.6284 0.7754 -0.0619
vn 0.6315 0.7754 -0.0000
vn 0.6193 0.7754 -0.1232
vn 0.6043 0.7754 -0.1833
vn 0.5834 0.7754 -0.2417
vn 0.5569 0.7754 -0.2977
vn 0.5251 0.7754 -0.3508
vn 0.4881 0.7754 -0.4006
vn 0.4465 0.7754 -0.4465
vn 0.4006 0.7754 -0.4881
vn 0.3508 0.7754 -0.5251
vn 0.2977 0.7754 -0.5569
vn 0.2417 0.7754 -0.5834
vn 0.1833 0.7754 -0.6043
vn 0.1232 0.7754 -0.6193
vn 0.0619 0.7754 -0.6284
vn -0.0000 0.7754 -0.6315
vn -0.0619 0.7754 -0.6284
vn -0.1232 0.7754 -0.6193
vn -0.1833 0.7754 -0.6043
vn -0.2417 0.7754 -0.5834
vn -0.2977 0.7754 -0.5569
vn -0.3508 0.7754 -0.5251
vn -0.4006 0.7754 -0.4881
vn -0.4465 0.7754 -0.4465
vn -0.4881 0.7754 -0.4006
vn -0.5251 0.7754 -0.3508
vn -0.5569 0.7754 -0.2977
vn -0.5834 0.7754 -0.2417
vn -0.6043 0.7754 -0.1833
vn -0.6193 0.7754 -0.1232
vn -0.6284 0.7754 -0.0619
vn -0.6315 0.7754 -0.0000
vn -0.6284 0.7754 0.0619
vn -0.6193 0.7754 0.1232
vn -0.6043 0.7754 0.1833
vn -0.5834 0.7754 0.2417
vn -0.5569 0.7754 0.2977
vn -0.5251 0.7754 0.3508
vn -0.4881 0.7754 0.4006
vn -0.4465 0.7754 0.4465
vn -0.4006 0.7754 0.4881
vn -0.3508 0.7754 0.5251
vn -0.2977 0.7754 0.5569
vn -0.2417 0.7754 0.5834
vn -0.1833 0.7754 0.6043
vn -0.1232 0.7754 0.6193
vn -0.0619 0.7754 0.6284
vn -0.0000 0.7754 0.6315
vn 0.0619 0.7754 0.6284
vn 0.1232 0.7754 0.6193
vn 0.1833 0.7754 0.6043
vn 0.2417 0.7754 0.5834
vn 0.2977 0.7754 0.5569
vn 0.3508 0.7754 0.5251
vn 0.4006 0.7754 0.4881
vn 0.4465 0.7754 0.4465
vn 0.4881 0.7754 0.4006
vn 0.5251 0.7754 0.3508
vn 0.5569 0.7754 0.2977
vn 0.5834 0.7754 0.2417
vn 0.6043 0.7754 0.1833
vn 0.6193 0.7754 0.1232
vn 0.6284 0.7754 0.0619
vn 0.8686 0.4880 -0.0856
vn 0.8729 0.4880 -0.0000
vn 0.8561 0.4880 -0.1703
vn 0.8353 0.4880 -0.2534
vn 0.8064 0.4880 -0.3340
vn 0.7698 0.4880 -0.4115
vn 0.7258 0.4880 -0.4849
vn 0.6747 0.4880 -0.5537
vn 0.6172 0.4880 -0.6172
vn 0.5537 0.4880 -0.6747
vn 0.4849 0.4880 -0.7257
vn 0.4115 0.4880 -0.7698
vn 0.3340 0.4880 -0.8064
vn 0.2534 0.4880 -0.8353
vn 0.1703 0.4880 -0.8561
vn 0.0856 0.4880 -0.8686
vn -0.0000 0.4880 -0.8729
vn -0.0856 0.4880 -0.8686
vn -0.1703 0.4880 -0.8561
vn -0.2534 0.4880 -0.8353
vn -0.3340 0.4880 -0.8064
vn -0.4115 0.4880 -0.7698
vn -0.4849 0.4880 -0.7257
vn -0.5537 0.4880 -0.6747
vn -0.6172 0.4880 -0.6172
vn -0.6747 0.4880 -0.5537
vn -0.7257 0.4880 -0.4849
vn -0.7698 0.4880 -0.4115
vn -0.8064 0.4880 -0.3340
vn -0.8353 0.4880 -0.2534
vn -0.8561 0.4880 -0.1703
vn -0.8686 0.4880 -0.0856
vn -0.8729 0.4880 -0.0000
vn -0.8686 0.4880 0.0856
vn -0.8561 0.4880 0.1703
vn -0.8353 0.4880 0.2534
vn -0.8064 0.4880 0.3340
vn -0.7698 0.4880 0.4115
vn -0.7258 0.4880 0.4849
vn -0.6747 0.4880 0.5537
vn -0.6172 0.4880 0.6172
vn -0.5537 0.4880 0.6747
vn -0.4849 0.4880 0.7257
vn -0.4115 0.4880 0.7698
vn -0.3340 0.4880 0.8064
vn -0.2534 0.4880 0.8353
vn -0.1703 0.4880 0.8561
vn -0.0856 0.4880 0.8686
vn -0.0000 0.4880 0.8729
vn 0.0856 0.4880 0.8686
vn 0.1703 0.4880 0.8561
vn 0.2534 0.4880 0.8353
vn 0.3340 0.4880 0.8064
vn 0.4115 0.4880 0.7698
vn 0.4849 0.4880 0.7257
vn 0.5537 0.4880 0.6747
vn 0.6172 0.4880 0.6172
vn 0.6747 0.4880 0.5537
vn 0.7257 0.4880 0.4849
vn 0.7698 0.4880 0.4115
vn 0.8064 0.4880 0.3340
vn 0.8353 0.4880 0.2534
vn 0.8561 0.4880 0.1703
vn 0.8686 0.4880 0.0856
vn 0.9875 0.1237 -0.0973
vn 0.9923 0.1237 -0.0000
vn 0.9732 0.1237 -0.1936
vn 0.9496 0.1237 -0.2881
vn 0.9168 0.1237 -0.3797
vn 0.8751 0.1237 -0.4678
vn 0.8251 0.1237 -0.5513
vn 0.7671 0.1237 -0.6295
vn 0.7017 0.1237 -0.7017
vn 0.6295 0.1237 -0.7671
vn 0.5513 0.1237 -0.8251
vn 0.4678 0.1237 -0.8751
vn 0.3797 0.1237 -0.9168
vn 0.2881 0.1237 -0.9496
vn 0.1936 0.1237 -0.9732
vn 0.0973 0.1237 -0.9875
vn -0.0000 0.1237 -0.9923
vn -0.0973 0.1237 -0.9875
vn -0.1936 0.1237 -0.9732
vn -0.2881 0.1237 -0.9496
vn -0.3797 0.1237 -0.9168
vn -0.4678 0.1237 -0.8751
vn -0.5513 0.1237 -0.8251
vn -0.6295 0.1237 -0.7671
vn -0.7017 0.1237 -0.7017
vn -0.7671 0.1237 -0.6295
vn -0.8251 0.1237 -0.5513
vn -0.8751 0.1237 -0.4678
vn -0.9168 0.1237 -0.3797
vn -0.9496 0.1237 -0.2881
vn -0.9732 0.1237 -0.1936
vn -0.9875 0.1237 -0.0973
vn -0.9923 0.1237 -0.0000
vn -0.9875 0.1237 0.0973
vn -0.9732 0.1237 0.1936
vn -0.9496 0.1237 0.2881
vn -0.9168 0.1237 0.3797
vn -0.8751 0.1237 0.4678
vn -0.8251 0.1237 0.5513
vn -0.7671 0.1237 0.6295
vn -0.7017 0.1237 0.7017
vn -0.6295 0.1237 0.7671
vn -0.5513 0.1237 0.8251
vn -0.4678 0.1237 0.8751
vn -0.3797 0.1237 0.9168
vn -0.2881 0.1237 0.9496
vn -0.1936 0.1237 0.9732
vn -0.0973 0.1237 0.9875
vn -0.0000 0.1237 0.9923
vn 0.0973 0.1237 0.9875
vn 0.1936 0.1237 0.9732
vn 0.2881 0.1237 0.9496
vn 0.3797 0.1237 0.9168
vn 0.4678 0.1237 0.8751
vn 0.5513 0.1237 0.8251
vn 0.6295 0.1237 0.7671
vn 0.7017 0.1237 0.7017
vn 0.7671 0.1237 0.6295
vn 0.8251 0.1237 0.5513
vn 0.8751 0.1237 0.4678
vn 0.9168 0.1237 0.3797
vn 0.9496 0.1237 0.2881
vn 0.9732 0.1237 0.1936
vn 0.9875 0.1237 0.0973
vn 0.9895 0.1067 -0.0975
vn 0.9943 0.1067 -0.0000
vn 0.9752 0.1067 -0.1940
vn 0.9515 0.1067 -0.2886
vn 0.9186 0.1068 -0.3805
vn 0.8769 0.1068 -0.4687
vn 0.8267 0.1067 -0.5524
vn 0.7686 0.1067 -0.6308
vn 0.7031 0.1068 -0.7031
vn 0.6308 0.1068 -0.7686
vn 0.5524 0.1068 -0.8267
vn 0.4687 0.1068 -0.8769
vn 0.3805 0.1067 -0.9186
vn 0.2886 0.1068 -0.9515
vn 0.1940 0.1068 -0.9752
vn 0.0975 0.1067 -0.9895
vn -0.0000 0.1067 -0.9943
vn -0.0975 0.1067 -0.9895
vn -0.1940 0.1068 -0.9752
vn -0.2886 0.1068 -0.9515
vn -0.3805 0.1067 -0.9186
vn -0.4687 0.1068 -0.8769
vn -0.5524 0.1068 -0.8267
vn -0.6308 0.1068 -0.7686
vn -0.7031 0.1067 -0.7031
vn -0.7686 0.1068 -0.6308
vn -0.8267 0.1068 -0.5524
vn -0.8769 0.1067 -0.4687
vn -0.9186 0.1068 -0.3805
vn -0.9515 0.1067 -0.2886
vn -0.9752 0.1067 -0.1940
vn -0.9895 0.1067 -0.0975
vn -0.9943 0.1067 -0.0000
vn -0.9895 0.1067 0.0975
vn -0.9752 0.1067 0.1940
vn -0.9515 0.1067 0.2886
vn -0.9186 0.1068 0.3805
vn -0.8769 0.1068 0.4687
vn -0.8267 0.1067 0.5524
vn -0.7686 0.1067 0.6308
vn -0.7031 0.1068 0.7031
vn -0.6308 0.1068 0.7686
vn -0.5524 0.1068 0.8267
vn -0.4687 0.1068 0.8769
vn -0.3805 0.1067 0.9186
vn -0.2886 0.1068 0.9515
vn -0.1940 0.1068 0.9752
vn -0.0975 0.1067 0.9895
vn -0.0000 0.1067 0.9943
vn 0.0975 0.1067 0.9895
vn 0.1940 0.1068 0.9752
vn 0.2886 0.1068 0.9515
vn 0.3805 0.1067 0.9186
vn 0.4687 0.1068 0.8769
vn 0.5524 0.1068 0.8267
vn 0.6308 0.1068 0.7686
vn 0.7031 0.1067 0.7031
vn 0.7686 0.1068 0.6308
vn 0.8267 0.1068 0.5524
vn 0.8769 0.1067 0.4687
vn 0.9186 0.1068 0.3805
vn 0.9515 0.1067 0.2886
vn 0.9752 0.1067 0.1940
vn 0.9895 0.1067 0.0975
vn 0.9863 0.1337 -0.0971
vn 0.9910 0.1337 -0.0000
vn 0.9720 0.1337 -0.1933
vn 0.9484 0.1337 -0.2877
vn 0.9156 0.1337 -0.3793
vn 0.8740 0.1337 -0.4672
vn 0.8240 0.1336 -0.5506
vn 0.7661 0.1337 -0.6287
vn 0.7008 0.1337 -0.7008
vn 0.6287 0.1337 -0.7661
vn 0.5506 0.1337 -0.8240
vn 0.4672 0.1337 -0.8740
vn 0.3793 0.1336 -0.9156
vn 0.2877 0.1336 -0.9484
vn 0.1933 0.1337 -0.9720
vn 0.0971 0.1337 -0.9862
vn -0.0000 0.1337 -0.9910
vn -0.0971 0.1337 -0.9862
vn -0.1933 0.1337 -0.9720
vn -0.2877 0.1337 -0.9484
vn -0.3792 0.1337 -0.9156
vn -0.4672 0.1337 -0.8740
vn -0.5506 0.1337 -0.8240
vn -0.6287 0.1337 -0.7661
vn -0.7008 0.1336 -0.7008
vn -0.7661 0.1337 -0.6287
vn -0.8240 0.1337 -0.5506
vn -0.8740 0.1337 -0.4672
vn -0.9156 0.1337 -0.3792
vn -0.9484 0.1337 -0.2877
vn -0.9720 0.1336 -0.1933
vn -0.9863 0.1337 -0.0971
vn -0.9910 0.1337 -0.0000
vn -0.9863 0.1337 0.0971
vn -0.9720 0.1337 0.1933
vn -0.9484 0.1337 0.2877
vn -0.9156 0.1337 0.3793
vn -0.8740 0.1337 0.4672
vn -0.8240 0.1336 0.5506
vn -0.7661 0.1337 0.6287
vn -0.7008 0.1337 0.7008
vn -0.6287 0.1337 0.7661
vn -0.5506 0.1337 0.8240
vn -0.4672 0.1337 0.8740
vn -0.3793 0.1336 0.9156
vn -0.2877 0.1336 0.9484
vn -0.1933 0.1337 0.9720
vn -0.0971 0.1337 0.9862
vn -0.0000 0.1337 0.9910
vn 0.0971 0.1337 0.9862
vn 0.1933 0.1337 0.9720
vn 0.2877 0.1337 0.9484
vn 0.3792 0.1337 0.9156
vn 0.4672 0.1337 0.8740
vn 0.5506 0.1337 0.8240
vn 0.6287 0.1337 0.7661
vn 0.7008 0.1336 0.7008
vn 0.7661 0.1337 0.6287
vn 0.8240 0.1337 0.5506
vn 0.8740 0.1337 0.4672
vn 0.9156 0.1337 0.3792
vn 0.9484 0.1337 0.2877
vn 0.9720 0.1336 0.1933
vn 0.9863 0.1337 0.0971
vn 0.9849 0.1433 -0.0970
vn 0.9897 0.1433 -0.0000
vn 0.9707 0.1433 -0.1931
vn 0.9471 0.1433 -0.2873
vn 0.9143 0.1433 -0.3787
vn 0.8728 0.1433 -0.4665
vn 0.8229 0.1433 -0.5498
vn 0.7650 0.1433 -0.6278
vn 0.6998 0.1433 -0.6998
vn 0.6278 0.1433 -0.7650
vn 0.5498 0.1433 -0.8229
vn 0.4665 0.1433 -0.8728
vn 0.3787 0.1433 -0.9143
vn 0.2873 0.1433 -0.9471
vn 0.1931 0.1433 -0.9707
vn 0.0970 0.1433 -0.9849
vn -0.0000 0.1433 -0.9897
vn -0.0970 0.1433 -0.9849
vn -0.1931 0.1433 -0.9707
vn -0.2873 0.1433 -0.9471
vn -0.3787 0.1433 -0.9143
vn -0.4665 0.1433 -0.8728
vn -0.5498 0.1433 -0.8229
vn -0.6278 0.1433 -0.7650
vn -0.6998 0.1433 -0.6998
vn -0.7650 0.1433 -0.6278
vn -0.9143 0.1433 -0.3787
vn -0.9471 0.1433 -0.2873
vn -0.9707 0.1433 -0.1931
vn -0.9849 0.1433 -0.0970
vn -0.9897 0.1433 -0.0000
vn -0.9849 0.1433 0.0970
vn -0.9707 0.1433 0.1931
vn -0.9471 0.1433 0.2873
vn -0.9143 0.1433 0.3787
vn -0.8728 0.1433 0.4665
vn -0.8229 0.1433 0.5498
vn -0.7650 0.1433 0.6278
vn -0.6998 0.1433 0.6998
vn -0.6278 0.1433 0.7650
vn -0.5498 0.1433 0.8229
vn -0.4665 0.1433 0.8728
vn -0.3787 0.1433 0.9143
vn -0.2873 0.1433 0.9471
vn -0.1931 0.1433 0.9707
vn -0.0970 0.1433 0.9849
vn -0.0000 0.1433 0.9897
vn 0.0970 0.1433 0.9849
vn 0.1931 0.1433 0.9707
vn 0.2873 0.1433 0.9471
vn 0.3787 0.1433 0.9143
vn 0.4665 0.1433 0.8728
vn 0.5498 0.1433 0.8229
vn 0.6278 0.1433 0.7650
vn 0.6998 0.1433 0.6998
vn 0.7650 0.1433 0.6278
vn 0.8229 0.1433 0.5498
vn 0.8728 0.1433 0.4665
vn 0.9143 0.1433 0.3787
vn 0.9471 0.1433 0.2873
vn 0.9707 0.1433 0.1931
vn 0.9849 0.1433 0.0970
vn 0.9867 0.1302 -0.0972
vn 0.9915 0.1302 -0.0000
vn 0.9724 0.1302 -0.1934
vn 0.9488 0.1302 -0.2878
vn 0.9160 0.1301 -0.3794
vn 0.8744 0.1302 -0.4674
vn 0.8244 0.1302 -0.5508
vn 0.7664 0.1301 -0.6290
vn 0.7011 0.1302 -0.7011
vn 0.6290 0.1302 -0.7664
vn 0.5508 0.1302 -0.8244
vn 0.4674 0.1301 -0.8744
vn 0.3794 0.1302 -0.9160
vn 0.2878 0.1302 -0.9488
vn 0.1934 0.1301 -0.9724
vn 0.0972 0.1302 -0.9867
vn -0.0000 0.1302 -0.9915
vn -0.0972 0.1302 -0.9867
vn -0.1934 0.1302 -0.9724
vn -0.2878 0.1302 -0.9488
vn -0.3794 0.1302 -0.9160
vn -0.4674 0.1302 -0.8744
vn -0.5508 0.1301 -0.8244
vn -0.6290 0.1302 -0.7664
vn -0.7011 0.1302 -0.7011
vn -0.7664 0.1301 -0.6290
vn -0.9160 0.1302 -0.3794
vn -0.9488 0.1302 -0.2878
vn -0.9724 0.1302 -0.1934
vn -0.9867 0.1302 -0.0972
vn -0.9915 0.1302 -0.0000
vn -0.9867 0.1302 0.0972
vn -0.9724 0.1302 0.1934
vn -0.9488 0.1302 0.2878
vn -0.9160 0.1301 0.3794
vn -0.8744 0.1302 0.4674
vn -0.8244 0.1302 0.5508
vn -0.7664 0.1301 0.6290
vn -0.7011 0.1302 0.7011
vn -0.6290 0.1302 0.7664
vn -0.5508 0.1302 0.8244
vn -0.4674 0.1301 0.8744
vn -0.3794 0.1302 0.9160
vn -0.2878 0.1302 0.9488
vn -0.1934 0.1301 0.9724
vn -0.0972 0.1302 0.9867
vn -0.0000 0.1302 0.9915
vn 0.0972 0.1302 0.9867
vn 0.1934 0.1302 0.9724
vn 0.2878 0.1302 0.9488
vn 0.3794 0.1302 0.9160
vn 0.4674 0.1302 0.8744
vn 0.5508 0.1301 0.8244
vn 0.6290 0.1302 0.7664
vn 0.7011 0.1302 0.7011
vn 0.7664 0.1301 0.6290
vn 0.8244 0.1302 0.5508
vn 0.8744 0.1302 0.4674
vn 0.9160 0.1302 0.3794
vn 0.9488 0.1302 0.2878
vn 0.9724 0.1302 0.1934
vn 0.9867 0.1302 0.0972
vn 0.9898 0.1041 -0.0975
vn 0.9946 0.1041 -0.0000
vn 0.9755 0.1041 -0.1940
vn 0.9517 0.1041 -0.2887
vn 0.9189 0.1041 -0.3806
vn 0.8771 0.1041 -0.4688
vn 0.8270 0.1041 -0.5525
vn 0.7688 0.1041 -0.6309
vn 0.7033 0.1041 -0.7033
vn 0.6309 0.1041 -0.7688
vn 0.5526 0.1041 -0.8269
vn 0.4688 0.1041 -0.8771
vn 0.3806 0.1041 -0.9189
vn 0.2887 0.1041 -0.9517
vn 0.1940 0.1041 -0.9755
vn 0.0975 0.1041 -0.9898
vn -0.0000 0.1041 -0.9946
vn -0.0975 0.1041 -0.9898
vn -0.1940 0.1041 -0.9755
vn -0.2887 0.1041 -0.9517
vn -0.3806 0.1041 -0.9189
vn -0.4688 0.1041 -0.8771
vn -0.5525 0.1041 -0.8270
vn -0.6310 0.1041 -0.7688
vn -0.7033 0.1041 -0.7033
vn -0.7688 0.1041 -0.6309
vn -0.8270 0.1041 -0.5526
vn -0.8771 0.1041 -0.4688
vn -0.9189 0.1041 -0.3806
vn -0.9517 0.1041 -0.2887
vn -0.9755 0.1041 -0.1940
vn -0.9898 0.1041 -0.0975
vn -0.9946 0.1041 -0.0000
vn -0.9898 0.1041 0.0975
vn -0.9755 0.1041 0.1940
vn -0.9517 0.1041 0.2887
vn -0.9189 0.1041 0.3806
vn -0.8771 0.1041 0.4688
vn -0.8270 0.1041 0.5525
vn -0.7688 0.1041 0.6309
vn -0.7033 0.1041 0.7033
vn -0.6309 0.1041 0.7688
vn -0.5526 0.1041 0.8269
vn -0.4688 0.1041 0.8771
vn -0.3806 0.1041 0.9189
vn -0.2887 0.1041 0.9517
vn -0.1940 0.1041 0.9755
vn -0.0975 0.1041 0.9898
vn -0.0000 0.1041 0.9946
vn 0.0975 0.1041 0.9898
vn 0.1940 0.1041 0.9755
vn 0.2887 0.1041 0.9517
vn 0.3806 0.1041 0.9189
vn 0.4688 0.1041 0.8771
vn 0.5525 0.1041 0.8270
vn 0.6310 0.1041 0.7688
vn 0.7033 0.1041 0.7033
vn 0.7688 0.1041 0.6309
vn 0.8270 0.1041 0.5526
vn 0.8771 0.1041 0.4688
vn 0.9189 0.1041 0.3806
vn 0.9517 0.1041 0.2887
vn 0.9755 0.1041 0.1940
vn 0.9898 0.1041 0.0975
vn 0.9705 -0.2212 -0.0956
vn 0.9752 -0.2212 -0.0000
vn 0.9565 -0.2212 -0.1903
vn 0.9332 -0.2212 -0.2831
vn 0.9010 -0.2212 -0.3732
vn 0.8601 -0.2212 -0.4597
vn 0.8109 -0.2212 -0.5418
vn 0.7539 -0.2212 -0.6187
vn 0.6896 -0.2212 -0.6896
vn 0.6187 -0.2212 -0.7539
vn 0.5418 -0.2212 -0.8109
vn 0.4597 -0.2212 -0.8601
vn 0.3732 -0.2212 -0.9010
vn 0.2831 -0.2212 -0.9332
vn 0.1903 -0.2212 -0.9565
vn 0.0956 -0.2212 -0.9705
vn -0.0000 -0.2212 -0.9752
vn -0.0956 -0.2212 -0.9705
vn -0.1903 -0.2212 -0.9565
vn -0.2831 -0.2212 -0.9332
vn -0.3732 -0.2212 -0.9010
vn -0.4597 -0.2212 -0.8601
vn -0.5418 -0.2212 -0.8109
vn -0.6187 -0.2212 -0.7539
vn -0.6896 -0.2212 -0.6896
vn -0.7539 -0.2212 -0.6187
vn -0.8109 -0.2212 -0.5418
vn -0.8601 -0.2212 -0.4597
vn -0.9010 -0.2212 -0.3732
vn -0.9332 -0.2212 -0.2831
vn -0.9565 -0.2212 -0.1903
vn -0.9705 -0.2212 -0.0956
vn -0.9752 -0.2212 -0.0000
vn -0.9705 -0.2212 0.0956
vn -0.9565 -0.2212 0.1903
vn -0.9332 -0.2212 0.2831
vn -0.9010 -0.2212 0.3732
vn -0.8601 -0.2212 0.4597
vn -0.8109 -0.2212 0.5418
vn -0.7539 -0.2212 0.6187
vn -0.6896 -0.2212 0.6896
vn -0.6187 -0.2212 0.7539
vn -0.5418 -0.2212 0.8109
vn -0.4597 -0.2212 0.8601
vn -0.3732 -0.2212 0.9010
vn -0.2831 -0.2212 0.9332
vn -0.1903 -0.2212 0.9565
vn -0.0956 -0.2212 0.9705
vn -0.0000 -0.2212 0.9752
vn 0.0956 -0.2212 0.9705
vn 0.1903 -0.2212 0.9565
vn 0.2831 -0.2212 0.9332
vn 0.3732 -0.2212 0.9010
vn 0.4597 -0.2212 0.8601
vn 0.5418 -0.2212 0.8109
vn 0.6187 -0.2212 0.7539
vn 0.6896 -0.2212 0.6896
vn 0.7539 -0.2212 0.6187
vn 0.8109 -0.2212 0.5418
vn 0.8601 -0.2212 0.4597
vn 0.9010 -0.2212 0.3732
vn 0.9332 -0.2212 0.2831
vn 0.9565 -0.2212 0.1903
vn 0.9705 -0.2212 0.0956
vn 0.7395 -0.6693 -0.0728
vn 0.7430 -0.6693 -0.0000
vn 0.7287 -0.6693 -0.1450
vn 0.7110 -0.6693 -0.2157
vn 0.6864 -0.6693 -0.2843
vn 0.6553 -0.6693 -0.3502
vn 0.6178 -0.6693 -0.4128
vn 0.5744 -0.6693 -0.4714
vn 0.5254 -0.6693 -0.5254
vn 0.4714 -0.6693 -0.5743
vn 0.4128 -0.6693 -0.6178
vn 0.3502 -0.6693 -0.6553
vn 0.2843 -0.6693 -0.6864
vn 0.2157 -0.6693 -0.7110
vn 0.1450 -0.6693 -0.7287
vn 0.0728 -0.6693 -0.7394
vn -0.0000 -0.6693 -0.7430
vn -0.0728 -0.6693 -0.7394
vn -0.1450 -0.6693 -0.7287
vn -0.2157 -0.6693 -0.7110
vn -0.2843 -0.6693 -0.6864
vn -0.3502 -0.6693 -0.6553
vn -0.4128 -0.6693 -0.6178
vn -0.4714 -0.6693 -0.5743
vn -0.5254 -0.6693 -0.5254
vn -0.5743 -0.6693 -0.4714
vn -0.6178 -0.6693 -0.4128
vn -0.6553 -0.6693 -0.3502
vn -0.6864 -0.6693 -0.2843
vn -0.7110 -0.6693 -0.2157
vn -0.7287 -0.6693 -0.1450
vn -0.7394 -0.6693 -0.0728
vn -0.7430 -0.6693 -0.0000
vn -0.7395 -0.6693 0.0728
vn -0.7287 -0.6693 0.1450
vn -0.7110 -0.6693 0.2157
vn -0.6864 -0.6693 0.2843
vn -0.6553 -0.6693 0.3502
vn -0.6178 -0.6693 0.4128
vn -0.5744 -0.6693 0.4714
vn -0.5254 -0.6693 0.5254
vn -0.4714 -0.6693 0.5743
vn -0.4128 -0.6693 0.6178
vn -0.3502 -0.6693 0.6553
vn -0.2843 -0.6693 0.6864
vn -0.2157 -0.6693 0.7110
vn -0.1450 -0.6693 0.7287
vn -0.0728 -0.6693 0.7394
vn -0.0000 -0.6693 0.7430
vn 0.0728 -0.6693 0.7394
vn 0.1450 -0.6693 0.7287
vn 0.2157 -0.6693 0.7110
vn 0.2843 -0.6693 0.6864
vn 0.3502 -0.6693 0.6553
vn 0.4128 -0.6693 0.6178
vn 0.4714 -0.6693 0.5743
vn 0.5254 -0.6693 0.5254
vn 0.5743 -0.6693 0.4714
vn 0.6178 -0.6693 0.4128
vn 0.6553 -0.6693 0.3502
vn 0.6864 -0.6693 0.2843
vn 0.7110 -0.6693 0.2157
vn 0.7287 -0.6693 0.1450
vn 0.7394 -0.6693 0.0728
vn 0.3210 -0.9465 -0.0316
vn 0.3226 -0.9465 -0.0000
vn 0.3164 -0.9465 -0.0629
vn 0.3087 -0.9465 -0.0936
vn 0.2980 -0.9465 -0.1235
vn 0.2845 -0.9465 -0.1521
vn 0.2682 -0.9465 -0.1792
vn 0.2494 -0.9465 -0.2047
vn 0.2281 -0.9465 -0.2281
vn 0.2046 -0.9465 -0.2493
vn 0.1792 -0.9465 -0.2682
vn 0.1521 -0.9465 -0.2845
vn 0.1234 -0.9465 -0.2980
vn 0.0936 -0.9465 -0.3087
vn 0.0629 -0.9465 -0.3164
vn 0.0316 -0.9465 -0.3210
vn -0.0000 -0.9465 -0.3226
vn -0.0316 -0.9465 -0.3210
vn -0.0629 -0.9465 -0.3164
vn -0.0936 -0.9465 -0.3087
vn -0.1234 -0.9465 -0.2980
vn -0.1521 -0.9465 -0.2845
vn -0.1792 -0.9465 -0.2682
vn -0.2046 -0.9465 -0.2493
vn -0.2281 -0.9465 -0.2281
vn -0.2493 -0.9465 -0.2046
vn -0.2682 -0.9465 -0.1792
vn -0.2845 -0.9465 -0.1521
vn -0.2980 -0.9465 -0.1234
vn -0.3087 -0.9465 -0.0936
vn -0.3164 -0.9465 -0.0629
vn -0.3210 -0.9465 -0.0316
vn -0.3226 -0.9465 -0.0000
vn -0.3210 -0.9465 0.0316
vn -0.3164 -0.9465 0.0629
vn -0.3087 -0.9465 0.0936
vn -0.2980 -0.9465 0.1235
vn -0.2845 -0.9465 0.1521
vn -0.2682 -0.9465 0.1792
vn -0.2494 -0.9465 0.2047
vn -0.2281 -0.9465 0.2281
vn -0.2046 -0.9465 0.2493
vn -0.1792 -0.9465 0.2682
vn -0.1521 -0.9465 0.2845
vn -0.1234 -0.9465 0.2980
vn -0.0936 -0.9465 0.3087
vn -0.0629 -0.9465 0.3164
vn -0.0316 -0.9465 0.3210
vn -0.0000 -0.9465 0.3226
vn 0.0316 -0.9465 0.3210
vn 0.0629 -0.9465 0.3164
vn 0.0936 -0.9465 0.3087
vn 0.1234 -0.9465 0.2980
vn 0.1521 -0.9465 0.2845
vn 0.1792 -0.9465 0.2682
vn 0.2046 -0.9465 0.2493
vn 0.2281 -0.9465 0.2281
vn 0.2493 -0.9465 0.2046
vn 0.2682 -0.9465 0.1792
vn 0.2845 -0.9465 0.1521
vn 0.2980 -0.9465 0.1234
vn 0.3087 -0.9465 0.0936
vn 0.3164 -0.9465 0.0629
vn 0.3210 -0.9465 0.0316
vn 0.0035 -1.0000 -0.0004
vn 0.0036 -1.0000 -0.0000
vn 0.0035 -1.0000 -0.0007
vn 0.0034 -1.0000 -0.0010
vn 0.0033 -1.0000 -0.0014
vn 0.0031 -1.0000 -0.0017
vn 0.0030 -1.0000 -0.0020
vn 0.0027 -1.0000 -0.0023
vn 0.0025 -1.0000 -0.0025
vn 0.0023 -1.0000 -0.0028
vn 0.0020 -1.0000 -0.0030
vn 0.0017 -1.0000 -0.0031
vn 0.0014 -1.0000 -0.0033
vn 0.0010 -1.0000 -0.0034
vn 0.0007 -1.0000 -0.0035
vn 0.0004 -1.0000 -0.0035
vn -0.0000 -1.0000 -0.0036
vn -0.0004 -1.0000 -0.0035
vn -0.0007 -1.0000 -0.0035
vn -0.0010 -1.0000 -0.0034
vn -0.0014 -1.0000 -0.0033
vn -0.0017 -1.0000 -0.0031
vn -0.0020 -1.0000 -0.0030
vn -0.0023 -1.0000 -0.0028
vn -0.0025 -1.0000 -0.0025
vn -0.0028 -1.0000 -0.0023
vn -0.0030 -1.0000 -0.0020
vn -0.0031 -1.0000 -0.0017
vn -0.0033 -1.0000 -0.0014
vn -0.0034 -1.0000 -0.0010
vn -0.0035 -1.0000 -0.0007
vn -0.0035 -1.0000 -0.0003
vn -0.0036 -1.0000 -0.0000
vn -0.0035 -1.0000 0.0004
vn -0.0035 -1.0000 0.0007
vn -0.0034 -1.0000 0.0010
vn -0.0033 -1.0000 0.0014
vn -0.0031 -1.0000 0.0017
vn -0.0030 -1.0000 0.0020
vn -0.0027 -1.0000 0.0023
vn -0.0025 -1.0000 0.0025
vn -0.0023 -1.0000 0.0028
vn -0.0020 -1.0000 0.0030
vn -0.0017 -1.0000 0.0031
vn -0.0014 -1.0000 0.0033
vn -0.0010 -1.0000 0.0034
vn -0.0007 -1.0000 0.0035
vn -0.0004 -1.0000 0.0035
vn -0.0000 -1.0000 0.0036
vn 0.0004 -1.0000 0.0035
vn 0.0007 -1.0000 0.0035
vn 0.0010 -1.0000 0.0034
vn 0.0014 -1.0000 0.0033
vn 0.0017 -1.0000 0.0031
vn 0.0020 -1.0000 0.0030
vn 0.0023 -1.0000 0.0028
vn 0.0025 -1.0000 0.0025
vn 0.0028 -1.0000 0.0023
vn 0.0030 -1.0000 0.0020
vn 0.0031 -1.0000 0.0017
vn 0.0033 -1.0000 0.0014
vn 0.0034 -1.0000 0.0010
vn 0.0035 -1.0000 0.0007
vn 0.0035 -1.0000 0.0003
vn 0.3304 -0.9439 -0.0000
vn 0.3288 -0.9439 -0.0324
vn 0.3240 -0.9439 -0.0644
vn 0.3161 -0.9439 -0.0959
vn 0.3052 -0.9439 -0.1264
vn 0.2913 -0.9439 -0.1557
vn 0.2747 -0.9439 -0.1835
vn 0.2554 -0.9439 -0.2096
vn 0.2336 -0.9439 -0.2336
vn 0.2096 -0.9439 -0.2554
vn 0.1835 -0.9439 -0.2747
vn 0.1557 -0.9439 -0.2913
vn 0.1264 -0.9439 -0.3052
vn 0.0959 -0.9439 -0.3161
vn 0.0645 -0.9439 -0.3240
vn 0.0324 -0.9439 -0.3288
vn -0.0000 -0.9439 -0.3304
vn -0.0324 -0.9439 -0.3288
vn -0.0645 -0.9439 -0.3240
vn -0.0959 -0.9439 -0.3161
vn -0.1264 -0.9439 -0.3052
vn -0.1557 -0.9439 -0.2913
vn -0.1835 -0.9439 -0.2747
vn -0.2096 -0.9439 -0.2554
vn -0.2336 -0.9439 -0.2336
vn -0.2554 -0.9439 -0.2096
vn -0.2747 -0.9439 -0.1835
vn -0.2913 -0.9439 -0.1557
vn -0.3052 -0.9439 -0.1264
vn -0.3161 -0.9439 -0.0959
vn -0.3240 -0.9439 -0.0644
vn -0.3288 -0.9439 -0.0324
vn -0.3304 -0.9439 -0.0000
vn -0.3288 -0.9439 0.0324
vn -0.3240 -0.9439 0.0644
vn -0.3161 -0.9439 0.0959
vn -0.3052 -0.9439 0.1264
vn -0.2913 -0.9439 0.1557
vn -0.2747 -0.9439 0.1835
vn -0.2554 -0.9439 0.2096
vn -0.2336 -0.9439 0.2336
vn -0.2096 -0.9439 0.2554
vn -0.1835 -0.9439 0.2747
vn -0.1557 -0.9439 0.2913
vn -0.1264 -0.9439 0.3052
vn -0.0959 -0.9439 0.3161
vn -0.0645 -0.9439 0.3240
vn -0.0324 -0.9439 0.3288
vn -0.0000 -0.9439 0.3304
vn 0.0324 -0.9439 0.3288
vn 0.0645 -0.9439 0.3240
vn 0.0959 -0.9439 0.3161
vn 0.1264 -0.9439 0.3052
vn 0.1557 -0.9439 0.2913
vn 0.1835 -0.9439 0.2747
vn 0.2096 -0.9439 0.2554
vn 0.2336 -0.9439 0.2336
vn 0.2554 -0.9439 0.2096
vn 0.2747 -0.9439 0.1835
vn 0.2913 -0.9439 0.1557
vn 0.3052 -0.9439 0.1264
vn 0.3161 -0.9439 0.0959
vn 0.3240 -0.9439 0.0644
vn 0.3288 -0.9439 0.0324
vn 0.8156 -0.5786 -0.0000
vn 0.8117 -0.5786 -0.0799
vn 0.7999 -0.5787 -0.1591
vn 0.7805 -0.5786 -0.2367
vn 0.7535 -0.5786 -0.3121
vn 0.7193 -0.5787 -0.3845
vn 0.6781 -0.5787 -0.4531
vn 0.6305 -0.5786 -0.5174
vn 0.5767 -0.5786 -0.5767
vn 0.5174 -0.5786 -0.6304
vn 0.4531 -0.5786 -0.6781
vn 0.3845 -0.5786 -0.7193
vn 0.3121 -0.5786 -0.7535
vn 0.2368 -0.5786 -0.7805
vn 0.1591 -0.5786 -0.7999
vn 0.0799 -0.5786 -0.8117
vn -0.0000 -0.5786 -0.8156
vn -0.0799 -0.5786 -0.8117
vn -0.1591 -0.5786 -0.7999
vn -0.2367 -0.5786 -0.7805
vn -0.3121 -0.5786 -0.7535
vn -0.3845 -0.5786 -0.7193
vn -0.4531 -0.5786 -0.6781
vn -0.5174 -0.5786 -0.6304
vn -0.5767 -0.5786 -0.5767
vn -0.6305 -0.5786 -0.5174
vn -0.6781 -0.5787 -0.4531
vn -0.7193 -0.5787 -0.3845
vn -0.7535 -0.5786 -0.3121
vn -0.7805 -0.5786 -0.2367
vn -0.7999 -0.5787 -0.1591
vn -0.8117 -0.5786 -0.0799
vn -0.8156 -0.5786 -0.0000
vn -0.8117 -0.5786 0.0799
vn -0.7999 -0.5787 0.1591
vn -0.7805 -0.5786 0.2367
vn -0.7535 -0.5786 0.3121
vn -0.7193 -0.5787 0.3845
vn -0.6781 -0.5787 0.4531
vn -0.6305 -0.5786 0.5174
vn -0.5767 -0.5786 0.5767
vn -0.5174 -0.5786 0.6304
vn -0.4531 -0.5786 0.6781
vn -0.3845 -0.5786 0.7193
vn -0.3121 -0.5786 0.7535
vn -0.2368 -0.5786 0.7805
vn -0.1591 -0.5786 0.7999
vn -0.0799 -0.5786 0.8117
vn -0.0000 -0.5786 0.8156
vn 0.0799 -0.5786 0.8117
vn 0.1591 -0.5786 0.7999
vn 0.2367 -0.5786 0.7805
vn 0.3121 -0.5786 0.7535
vn 0.3845 -0.5786 0.7193
vn 0.4531 -0.5786 0.6781
vn 0.5174 -0.5786 0.6304
vn 0.5767 -0.5786 0.5767
vn 0.6305 -0.5786 0.5174
vn 0.6781 -0.5787 0.4531
vn 0.7193 -0.5787 0.3845
vn 0.7535 -0.5786 0.3121
vn 0.7805 -0.5786 0.2367
vn 0.7999 -0.5787 0.1591
vn 0.8117 -0.5786 0.0799
vn 1.0000 -0.0000 -0.0000
vn 0.9952 -0.0000 -0.0980
vn 0.9808 -0.0000 -0.1951
vn 0.9569 -0.0000 -0.2903
vn 0.9239 -0.0000 -0.3827
vn 0.8819 -0.0000 -0.4714
vn 0.8315 -0.0000 -0.5556
vn 0.7730 -0.0000 -0.6344
vn 0.7071 -0.0000 -0.7071
vn 0.6344 -0.0000 -0.7730
vn 0.5556 -0.0000 -0.8315
vn 0.4714 -0.0000 -0.8819
vn 0.3827 -0.0000 -0.9239
vn 0.2903 -0.0000 -0.9569
vn 0.1951 -0.0000 -0.9808
vn 0.0980 -0.0000 -0.9952
vn -0.0000 -0.0000 -1.0000
vn -0.0980 -0.0000 -0.9952
vn -0.1951 -0.0000 -0.9808
vn -0.2903 -0.0000 -0.9569
vn -0.3827 -0.0000 -0.9239
vn -0.4714 -0.0000 -0.8819
vn -0.5556 -0.0000 -0.8315
vn -0.6344 -0.0000 -0.7730
vn -0.7071 -0.0000 -0.7071
vn -0.7730 -0.0000 -0.6344
vn -0.8315 -0.0000 -0.5556
vn -0.8819 -0.0000 -0.4714
vn -0.9239 -0.0000 -0.3827
vn -0.9569 -0.0000 -0.2903
vn -0.9808 -0.0000 -0.1951
vn -0.9952 -0.0000 -0.0980
vn -1.0000 -0.0000 -0.0000
vn -0.9952 -0.0000 0.0980
vn -0.9808 -0.0000 0.1951
vn -0.9569 -0.0000 0.2903
vn -0.9239 -0.0000 0.3827
vn -0.8819 -0.0000 0.4714
vn -0.8315 -0.0000 0.5556
vn -0.7730 -0.0000 0.6344
vn -0.7071 -0.0000 0.7071
vn -0.6344 -0.0000 0.7730
vn -0.5556 -0.0000 0.8315
vn -0.4714 -0.0000 0.8819
vn -0.3827 -0.0000 0.9239
vn -0.2903 -0.0000 0.9569
vn -0.1951 -0.0000 0.9808
vn -0.0980 -0.0000 0.9952
vn -0.0000 -0.0000 1.0000
vn 0.0980 -0.0000 0.9952
vn 0.1951 -0.0000 0.9808
vn 0.2903 -0.0000 0.9569
vn 0.3827 -0.0000 0.9239
vn 0.4714 -0.0000 0.8819
vn 0.5556 -0.0000 0.8315
vn 0.6344 -0.0000 0.7730
vn 0.7071 -0.0000 0.7071
vn 0.7730 -0.0000 0.6344
vn 0.8315 -0.0000 0.5556
vn 0.8819 -0.0000 0.4714
vn 0.9239 -0.0000 0.3827
vn 0.9569 -0.0000 0.2903
vn 0.9808 -0.0000 0.1951
vn 0.9952 -0.0000 0.0980
vn 0.8156 0.5786 -0.0000
vn 0.8117 0.5786 -0.0799
vn 0.7999 0.5786 -0.1591
vn 0.7805 0.5786 -0.2368
vn 0.7535 0.5786 -0.3121
vn 0.7193 0.5786 -0.3845
vn 0.6781 0.5786 -0.4531
vn 0.6305 0.5786 -0.5174
vn 0.5767 0.5786 -0.5767
vn 0.5174 0.5786 -0.6304
vn 0.4531 0.5786 -0.6781
vn 0.3845 0.5786 -0.7193
vn 0.3121 0.5786 -0.7535
vn 0.2367 0.5786 -0.7805
vn 0.1591 0.5786 -0.7999
vn 0.0799 0.5786 -0.8117
vn -0.0000 0.5786 -0.8156
vn -0.0799 0.5786 -0.8117
vn -0.1591 0.5786 -0.7999
vn -0.2367 0.5786 -0.7805
vn -0.3121 0.5786 -0.7535
vn -0.3845 0.5786 -0.7193
vn -0.4531 0.5786 -0.6781
vn -0.5174 0.5786 -0.6304
vn -0.5767 0.5786 -0.5767
vn -0.6305 0.5786 -0.5174
vn -0.6781 0.5786 -0.4531
vn -0.7193 0.5786 -0.3845
vn -0.7535 0.5786 -0.3121
vn -0.7805 0.5786 -0.2368
vn -0.7999 0.5786 -0.1591
vn -0.8117 0.5786 -0.0799
vn -0.8156 0.5786 -0.0000
vn -0.8117 0.5786 0.0799
vn -0.7999 0.5786 0.1591
vn -0.7805 0.5786 0.2368
vn -0.7535 0.5786 0.3121
vn -0.7193 0.5786 0.3845
vn -0.6781 0.5786 0.4531
vn -0.6305 0.5786 0.5174
vn -0.5767 0.5786 0.5767
vn -0.5174 0.5786 0.6304
vn -0.4531 0.5786 0.6781
vn -0.3845 0.5786 0.7193
vn -0.3121 0.5786 0.7535
vn -0.2367 0.5786 0.7805
vn -0.1591 0.5786 0.7999
vn -0.0799 0.5786 0.8117
vn -0.0000 0.5786 0.8156
vn 0.0799 0.5786 0.8117
vn 0.1591 0.5786 0.7999
vn 0.2367 0.5786 0.7805
vn 0.3121 0.5786 0.7535
vn 0.3845 0.5786 0.7193
vn 0.4531 0.5786 0.6781
vn 0.5174 0.5786 0.6304
vn 0.5767 0.5786 0.5767
vn 0.6305 0.5786 0.5174
vn 0.6781 0.5786 0.4531
vn 0.7193 0.5786 0.3845
vn 0.7535 0.5786 0.3121
vn 0.7805 0.5786 0.2368
vn 0.7999 0.5786 0.1591
vn 0.8117 0.5786 0.0799
vn 0.3304 0.9439 -0.0000
vn 0.3288 0.9439 -0.0324
vn 0.3240 0.9439 -0.0645
vn 0.3161 0.9439 -0.0959
vn 0.3052 0.9439 -0.1264
vn 0.2913 0.9439 -0.1557
vn 0.2747 0.9439 -0.1835
vn 0.2554 0.9439 -0.2096
vn 0.2336 0.9439 -0.2336
vn 0.2096 0.9439 -0.2554
vn 0.1835 0.9439 -0.2747
vn 0.1557 0.9439 -0.2914
vn 0.1264 0.9439 -0.3052
vn 0.0959 0.9439 -0.3161
vn 0.0645 0.9439 -0.3240
vn 0.0324 0.9439 -0.3288
vn -0.0000 0.9439 -0.3304
vn -0.0324 0.9439 -0.3288
vn -0.0644 0.9439 -0.3240
vn -0.0959 0.9439 -0.3161
vn -0.1264 0.9439 -0.3052
vn -0.1557 0.9439 -0.2914
vn -0.1835 0.9439 -0.2747
vn -0.2096 0.9439 -0.2554
vn -0.2336 0.9439 -0.2336
vn -0.2554 0.9439 -0.2096
vn -0.2747 0.9439 -0.1835
vn -0.2914 0.9439 -0.1557
vn -0.3052 0.9439 -0.1264
vn -0.3161 0.9439 -0.0959
vn -0.3240 0.9439 -0.0645
vn -0.3288 0.9439 -0.0324
vn -0.3304 0.9439 -0.0000
vn -0.3288 0.9439 0.0324
vn -0.3240 0.9439 0.0645
vn -0.3161 0.9439 0.0959
vn -0.3052 0.9439 0.1264
vn -0.2913 0.9439 0.1557
vn -0.2747 0.9439 0.1835
vn -0.2554 0.9439 0.2096
vn -0.2336 0.9439 0.2336
vn -0.2096 0.9439 0.2554
vn -0.1835 0.9439 0.2747
vn -0.1557 0.9439 0.2914
vn -0.1264 0.9439 0.3052
vn -0.0959 0.9439 0.3161
vn -0.0645 0.9439 0.3240
vn -0.0324 0.9439 0.3288
vn -0.0000 0.9439 0.3304
vn 0.0324 0.9439 0.3288
vn 0.0644 0.9439 0.3240
vn 0.0959 0.9439 0.3161
vn 0.1264 0.9439 0.3052
vn 0.1557 0.9439 0.2914
vn 0.1835 0.9439 0.2747
vn 0.2096 0.9439 0.2554
vn 0.2336 0.9439 0.2336
vn 0.2554 0.9439 0.2096
vn 0.2747 0.9439 0.1835
vn 0.2913 0.9439 0.1557
vn 0.3052 0.9439 0.1264
vn 0.3161 0.9439 0.0959
vn 0.3240 0.9439 0.0645
vn 0.3288 0.9439 0.0324
vn 0.1191 0.9929 -0.0000
vn 0.1186 0.9929 -0.0117
vn 0.1213 0.9925 -0.0120
vn 0.1219 0.9925 -0.0000
vn 0.1169 0.9929 -0.0232
vn 0.1195 0.9925 -0.0238
vn 0.1140 0.9929 -0.0346
vn 0.1166 0.9925 -0.0354
vn 0.1101 0.9929 -0.0456
vn 0.1126 0.9925 -0.0466
vn 0.1051 0.9929 -0.0562
vn 0.1075 0.9925 -0.0575
vn 0.0991 0.9929 -0.0662
vn 0.1013 0.9925 -0.0677
vn 0.0921 0.9929 -0.0756
vn 0.0942 0.9925 -0.0773
vn 0.0842 0.9929 -0.0842
vn 0.0862 0.9925 -0.0862
vn 0.0756 0.9929 -0.0921
vn 0.0773 0.9925 -0.0942
vn 0.0662 0.9929 -0.0991
vn 0.0677 0.9925 -0.1013
vn 0.0562 0.9929 -0.1051
vn 0.0574 0.9925 -0.1075
vn 0.0456 0.9929 -0.1101
vn 0.0466 0.9925 -0.1126
vn 0.0346 0.9929 -0.1140
vn 0.0354 0.9925 -0.1166
vn 0.0232 0.9929 -0.1169
vn 0.0238 0.9925 -0.1195
vn 0.0117 0.9929 -0.1186
vn 0.0119 0.9925 -0.1213
vn -0.0000 0.9929 -0.1191
vn -0.0000 0.9925 -0.1219
vn -0.0117 0.9929 -0.1186
vn -0.0120 0.9925 -0.1213
vn -0.0232 0.9929 -0.1169
vn -0.0238 0.9925 -0.1195
vn -0.0346 0.9929 -0.1140
vn -0.0354 0.9925 -0.1166
vn -0.0456 0.9929 -0.1101
vn -0.0466 0.9925 -0.1126
vn -0.0562 0.9929 -0.1051
vn -0.0574 0.9925 -0.1075
vn -0.0662 0.9929 -0.0991
vn -0.0677 0.9925 -0.1013
vn -0.0756 0.9929 -0.0921
vn -0.0773 0.9925 -0.0942
vn -0.0842 0.9929 -0.0842
vn -0.0862 0.9925 -0.0862
vn -0.0921 0.9929 -0.0756
vn -0.0942 0.9925 -0.0773
vn -0.0991 0.9929 -0.0662
vn -0.1013 0.9925 -0.0677
vn -0.1051 0.9929 -0.0562
vn -0.1075 0.9925 -0.0575
vn -0.1101 0.9929 -0.0456
vn -0.1126 0.9925 -0.0466
vn -0.1140 0.9929 -0.0346
vn -0.1166 0.9925 -0.0354
vn -0.1169 0.9929 -0.0232
vn -0.1195 0.9925 -0.0238
vn -0.1186 0.9929 -0.0117
vn -0.1213 0.9925 -0.0119
vn -0.1191 0.9929 -0.0000
vn -0.1219 0.9925 -0.0000
vn -0.1186 0.9929 0.0117
vn -0.1213 0.9925 0.0120
vn -0.1169 0.9929 0.0232
vn -0.1195 0.9925 0.0238
vn -0.1140 0.9929 0.0346
vn -0.1166 0.9925 0.0354
vn -0.1101 0.9929 0.0456
vn -0.1126 0.9925 0.0466
vn -0.1051 0.9929 0.0562
vn -0.1075 0.9925 0.0575
vn -0.0991 0.9929 0.0662
vn -0.1013 0.9925 0.0677
vn -0.0921 0.9929 0.0756
vn -0.0942 0.9925 0.0773
vn -0.0842 0.9929 0.0842
vn -0.0862 0.9925 0.0862
vn -0.0756 0.9929 0.0921
vn -0.0773 0.9925 0.0942
vn -0.0662 0.9929 0.0991
vn -0.0677 0.9925 0.1013
vn -0.0562 0.9929 0.1051
vn -0.0574 0.9925 0.1075
vn -0.0456 0.9929 0.1101
vn -0.0466 0.9925 0.1126
vn -0.0346 0.9929 0.1140
vn -0.0354 0.9925 0.1166
vn -0.0232 0.9929 0.1169
vn -0.0238 0.9925 0.1195
vn -0.0117 0.9929 0.1186
vn -0.0119 0.9925 0.1213
vn -0.0000 0.9929 0.1191
vn -0.0000 0.9925 0.1219
vn 0.0117 0.9929 0.1186
vn 0.0120 0.9925 0.1213
vn 0.0232 0.9929 0.1169
vn 0.0238 0.9925 0.1195
vn 0.0346 0.9929 0.1140
vn 0.0354 0.9925 0.1166
vn 0.0456 0.9929 0.1101
vn 0.0466 0.9925 0.1126
vn 0.0562 0.9929 0.1051
vn 0.0574 0.9925 0.1075
vn 0.0662 0.9929 0.0991
vn 0.0677 0.9925 0.1013
vn 0.0756 0.9929 0.0921
vn 0.0773 0.9925 0.0942
vn 0.0842 0.9929 0.0842
vn 0.0862 0.9925 0.0862
vn 0.0921 0.9929 0.0756
vn 0.0942 0.9925 0.0773
vn 0.0991 0.9929 0.0662
vn 0.1013 0.9925 0.0677
vn 0.1051 0.9929 0.0562
vn 0.1075 0.9925 0.0575
vn 0.1101 0.9929 0.0456
vn 0.1126 0.9925 0.0466
vn 0.1140 0.9929 0.0346
vn 0.1166 0.9925 0.0354
vn 0.1169 0.9929 0.0232
vn 0.1195 0.9925 0.0238
vn 0.1186 0.9929 0.0117
vn 0.1213 0.9925 0.0119
vn 0.5255 0.8492 -0.0518
vn 0.5281 0.8492 -0.0000
vn 0.5179 0.8492 -0.1030
vn 0.5053 0.8492 -0.1533
vn 0.4879 0.8492 -0.2021
vn 0.4657 0.8492 -0.2489
vn 0.4391 0.8492 -0.2934
vn 0.4082 0.8492 -0.3350
vn 0.3734 0.8492 -0.3734
vn 0.3350 0.8492 -0.4082
vn 0.2934 0.8492 -0.4391
vn 0.2489 0.8492 -0.4657
vn 0.2021 0.8492 -0.4879
vn 0.1533 0.8492 -0.5053
vn 0.1030 0.8492 -0.5179
vn 0.0518 0.8492 -0.5255
vn -0.0000 0.8492 -0.5281
vn -0.0518 0.8492 -0.5255
vn -0.1030 0.8492 -0.5179
vn -0.1533 0.8492 -0.5053
vn -0.2021 0.8492 -0.4879
vn -0.2489 0.8492 -0.4657
vn -0.2934 0.8492 -0.4391
vn -0.3350 0.8492 -0.4082
vn -0.3734 0.8492 -0.3734
vn -0.4082 0.8492 -0.3350
vn -0.4391 0.8492 -0.2934
vn -0.4657 0.8492 -0.2489
vn -0.4879 0.8492 -0.2021
vn -0.5054 0.8492 -0.1533
vn -0.5179 0.8492 -0.1030
vn -0.5256 0.8492 -0.0518
vn -0.5281 0.8492 -0.0000
vn -0.5255 0.8492 0.0518
vn -0.5179 0.8492 0.1030
vn -0.5053 0.8492 0.1533
vn -0.4879 0.8492 0.2021
vn -0.4657 0.8492 0.2489
vn -0.4391 0.8492 0.2934
vn -0.4082 0.8492 0.3350
vn -0.3734 0.8492 0.3734
vn -0.3350 0.8492 0.4082
vn -0.2934 0.8492 0.4391
vn -0.2489 0.8492 0.4657
vn -0.2021 0.8492 0.4879
vn -0.1533 0.8492 0.5053
vn -0.1030 0.8492 0.5179
vn -0.0518 0.8492 0.5255
vn -0.0000 0.8492 0.5281
vn 0.0518 0.8492 0.5255
vn 0.1030 0.8492 0.5179
vn 0.1533 0.8492 0.5053
vn 0.2021 0.8492 0.4879
vn 0.2489 0.8492 0.4657
vn 0.2934 0.8492 0.4391
vn 0.3350 0.8492 0.4082
vn 0.3734 0.8492 0.3734
vn 0.4082 0.8492 0.3350
vn 0.4391 0.8492 0.2934
vn 0.4657 0.8492 0.2489
vn 0.4879 0.8492 0.2021
vn 0.5054 0.8492 0.1533
vn 0.5179 0.8492 0.1030
vn 0.5256 0.8492 0.0518
vn 0.9009 0.4249 -0.0887
vn 0.9053 0.4249 -0.0000
vn 0.8879 0.4248 -0.1766
vn 0.8663 0.4248 -0.2628
vn 0.8363 0.4249 -0.3464
vn 0.7984 0.4249 -0.4267
vn 0.7527 0.4249 -0.5029
vn 0.6998 0.4249 -0.5743
vn 0.6401 0.4249 -0.6401
vn 0.5743 0.4249 -0.6998
vn 0.5029 0.4249 -0.7527
vn 0.4267 0.4249 -0.7984
vn 0.3464 0.4249 -0.8363
vn 0.2628 0.4249 -0.8663
vn 0.1766 0.4249 -0.8879
vn 0.0887 0.4249 -0.9009
vn -0.0000 0.4249 -0.9053
vn -0.0887 0.4249 -0.9009
vn -0.1766 0.4249 -0.8879
vn -0.2628 0.4249 -0.8663
vn -0.3464 0.4249 -0.8363
vn -0.4267 0.4249 -0.7984
vn -0.5029 0.4249 -0.7527
vn -0.5743 0.4249 -0.6998
vn -0.6401 0.4249 -0.6401
vn -0.6998 0.4249 -0.5743
vn -0.7527 0.4249 -0.5029
vn -0.7984 0.4249 -0.4267
vn -0.8363 0.4249 -0.3464
vn -0.8663 0.4248 -0.2628
vn -0.8879 0.4248 -0.1766
vn -0.9009 0.4248 -0.0887
vn -0.9053 0.4249 -0.0000
vn -0.9009 0.4249 0.0887
vn -0.8879 0.4248 0.1766
vn -0.8663 0.4248 0.2628
vn -0.8363 0.4249 0.3464
vn -0.7984 0.4249 0.4267
vn -0.7527 0.4249 0.5029
vn -0.6998 0.4249 0.5743
vn -0.6401 0.4249 0.6401
vn -0.5743 0.4249 0.6998
vn -0.5029 0.4249 0.7527
vn -0.4267 0.4249 0.7984
vn -0.3464 0.4249 0.8363
vn -0.2628 0.4249 0.8663
vn -0.1766 0.4249 0.8879
vn -0.0887 0.4249 0.9009
vn -0.0000 0.4249 0.9053
vn 0.0887 0.4249 0.9009
vn 0.1766 0.4249 0.8879
vn 0.2628 0.4249 0.8663
vn 0.3464 0.4249 0.8363
vn 0.4267 0.4249 0.7984
vn 0.5029 0.4249 0.7527
vn 0.5743 0.4249 0.6998
vn 0.6401 0.4249 0.6401
vn 0.6998 0.4249 0.5743
vn 0.7527 0.4249 0.5029
vn 0.7984 0.4249 0.4267
vn 0.8363 0.4249 0.3464
vn 0.8663 0.4248 0.2628
vn 0.8879 0.4248 0.1766
vn 0.9009 0.4248 0.0887
vn 0.9856 0.1382 -0.0971
vn 0.9904 0.1382 -0.0000
vn 0.9714 0.1382 -0.1932
vn 0.9478 0.1382 -0.2875
vn 0.9150 0.1382 -0.3790
vn 0.8735 0.1382 -0.4669
vn 0.8235 0.1382 -0.5502
vn 0.7656 0.1382 -0.6283
vn 0.7003 0.1382 -0.7003
vn 0.6283 0.1382 -0.7656
vn 0.5502 0.1382 -0.8235
vn 0.4669 0.1382 -0.8735
vn 0.3790 0.1382 -0.9150
vn 0.2875 0.1382 -0.9478
vn 0.1932 0.1382 -0.9714
vn 0.0971 0.1382 -0.9856
vn -0.0000 0.1382 -0.9904
vn -0.0971 0.1382 -0.9856
vn -0.1932 0.1382 -0.9714
vn -0.2875 0.1381 -0.9478
vn -0.3790 0.1382 -0.9150
vn -0.4669 0.1382 -0.8735
vn -0.5502 0.1382 -0.8235
vn -0.6283 0.1382 -0.7656
vn -0.7003 0.1382 -0.7003
vn -0.7656 0.1382 -0.6283
vn -0.8235 0.1382 -0.5502
vn -0.8735 0.1382 -0.4669
vn -0.9150 0.1382 -0.3790
vn -0.9478 0.1382 -0.2875
vn -0.9714 0.1382 -0.1932
vn -0.9856 0.1382 -0.0971
vn -0.9904 0.1382 -0.0000
vn -0.9856 0.1382 0.0971
vn -0.9714 0.1382 0.1932
vn -0.9478 0.1382 0.2875
vn -0.9150 0.1382 0.3790
vn -0.8735 0.1382 0.4669
vn -0.8235 0.1382 0.5502
vn -0.7656 0.1382 0.6283
vn -0.7003 0.1382 0.7003
vn -0.6283 0.1382 0.7656
vn -0.5502 0.1382 0.8235
vn -0.4669 0.1382 0.8735
vn -0.3790 0.1382 0.9150
vn -0.2875 0.1382 0.9478
vn -0.1932 0.1382 0.9714
vn -0.0971 0.1382 0.9856
vn -0.0000 0.1382 0.9904
vn 0.0971 0.1382 0.9856
vn 0.1932 0.1382 0.9714
vn 0.2875 0.1381 0.9478
vn 0.3790 0.1382 0.9150
vn 0.4669 0.1382 0.8735
vn 0.5502 0.1382 0.8235
vn 0.6283 0.1382 0.7656
vn 0.7003 0.1382 0.7003
vn 0.7656 0.1382 0.6283
vn 0.8235 0.1382 0.5502
vn 0.8735 0.1382 0.4669
vn 0.9150 0.1382 0.3790
vn 0.9478 0.1382 0.2875
vn 0.9714 0.1382 0.1932
vn 0.9856 0.1382 0.0971
vn 0.7276 -0.6860 -0.0000
vn 0.7241 -0.6860 -0.0713
vn 0.7136 -0.6860 -0.1419
vn 0.6962 -0.6860 -0.2112
vn 0.6722 -0.6860 -0.2784
vn 0.6417 -0.6860 -0.3430
vn 0.6049 -0.6860 -0.4042
vn 0.5624 -0.6860 -0.4616
vn 0.5145 -0.6860 -0.5145
vn 0.4616 -0.6860 -0.5624
vn 0.4042 -0.6860 -0.6050
vn 0.3430 -0.6860 -0.6417
vn 0.2784 -0.6860 -0.6722
vn 0.2112 -0.6860 -0.6962
vn 0.1419 -0.6860 -0.7136
vn 0.0713 -0.6860 -0.7241
vn -0.0000 -0.6860 -0.7276
vn -0.0713 -0.6860 -0.7241
vn -0.1419 -0.6860 -0.7136
vn -0.2112 -0.6860 -0.6962
vn -0.2784 -0.6860 -0.6722
vn -0.3430 -0.6860 -0.6417
vn -0.4042 -0.6860 -0.6050
vn -0.4616 -0.6860 -0.5624
vn -0.5145 -0.6860 -0.5145
vn -0.5624 -0.6860 -0.4616
vn -0.6050 -0.6860 -0.4042
vn -0.6417 -0.6860 -0.3430
vn -0.6722 -0.6860 -0.2784
vn -0.6962 -0.6860 -0.2112
vn -0.7136 -0.6860 -0.1419
vn -0.7241 -0.6860 -0.0713
vn -0.7276 -0.6860 -0.0000
vn -0.7241 -0.6860 0.0713
vn -0.7136 -0.6860 0.1419
vn -0.6962 -0.6860 0.2112
vn -0.6722 -0.6860 0.2784
vn -0.6417 -0.6860 0.3430
vn -0.6049 -0.6860 0.4042
vn -0.5624 -0.6860 0.4616
vn -0.5145 -0.6860 0.5145
vn -0.4616 -0.6860 0.5624
vn -0.4042 -0.6860 0.6050
vn -0.3430 -0.6860 0.6417
vn -0.2784 -0.6860 0.6722
vn -0.2112 -0.6860 0.6962
vn -0.1419 -0.6860 0.7136
vn -0.0713 -0.6860 0.7241
vn -0.0000 -0.6860 0.7276
vn 0.0713 -0.6860 0.7241
vn 0.1419 -0.6860 0.7136
vn 0.2112 -0.6860 0.6962
vn 0.2784 -0.6860 0.6722
vn 0.3430 -0.6860 0.6417
vn 0.4042 -0.6860 0.6050
vn 0.4616 -0.6860 0.5624
vn 0.5145 -0.6860 0.5145
vn 0.5624 -0.6860 0.4616
vn 0.6050 -0.6860 0.4042
vn 0.6417 -0.6860 0.3430
vn 0.6722 -0.6860 0.2784
vn 0.6962 -0.6860 0.2112
vn 0.7136 -0.6860 0.1419
vn 0.7241 -0.6860 0.0713
vn 0.0587 -0.9983 -0.0000
vn 0.0584 -0.9983 -0.0058
vn 0.0576 -0.9983 -0.0115
vn 0.0562 -0.9983 -0.0170
vn 0.0542 -0.9983 -0.0225
vn 0.0518 -0.9983 -0.0277
vn 0.0488 -0.9983 -0.0326
vn 0.0454 -0.9983 -0.0373
vn 0.0415 -0.9983 -0.0415
vn 0.0373 -0.9983 -0.0454
vn 0.0326 -0.9983 -0.0488
vn 0.0277 -0.9983 -0.0518
vn 0.0225 -0.9983 -0.0543
vn 0.0170 -0.9983 -0.0562
vn 0.0115 -0.9983 -0.0576
vn 0.0058 -0.9983 -0.0584
vn -0.0000 -0.9983 -0.0587
vn -0.0058 -0.9983 -0.0584
vn -0.0115 -0.9983 -0.0576
vn -0.0170 -0.9983 -0.0562
vn -0.0225 -0.9983 -0.0543
vn -0.0277 -0.9983 -0.0518
vn -0.0326 -0.9983 -0.0488
vn -0.0373 -0.9983 -0.0454
vn -0.0415 -0.9983 -0.0415
vn -0.0454 -0.9983 -0.0373
vn -0.0488 -0.9983 -0.0326
vn -0.0518 -0.9983 -0.0277
vn -0.0543 -0.9983 -0.0225
vn -0.0562 -0.9983 -0.0170
vn -0.0576 -0.9983 -0.0115
vn -0.0584 -0.9983 -0.0058
vn -0.0587 -0.9983 -0.0000
vn -0.0584 -0.9983 0.0058
vn -0.0576 -0.9983 0.0115
vn -0.0562 -0.9983 0.0170
vn -0.0542 -0.9983 0.0225
vn -0.0518 -0.9983 0.0277
vn -0.0488 -0.9983 0.0326
vn -0.0454 -0.9983 0.0373
vn -0.0415 -0.9983 0.0415
vn -0.0373 -0.9983 0.0454
vn -0.0326 -0.9983 0.0488
vn -0.0277 -0.9983 0.0518
vn -0.0225 -0.9983 0.0543
vn -0.0170 -0.9983 0.0562
vn -0.0115 -0.9983 0.0576
vn -0.0058 -0.9983 0.0584
vn -0.0000 -0.9983 0.0587
vn 0.0058 -0.9983 0.0584
vn 0.0115 -0.9983 0.0576
vn 0.0170 -0.9983 0.0562
vn 0.0225 -0.9983 0.0543
vn 0.0277 -0.9983 0.0518
vn 0.0326 -0.9983 0.0488
vn 0.0373 -0.9983 0.0454
vn 0.0415 -0.9983 0.0415
vn 0.0454 -0.9983 0.0373
vn 0.0488 -0.9983 0.0326
vn 0.0518 -0.9983 0.0277
vn 0.0543 -0.9983 0.0225
vn 0.0562 -0.9983 0.0170
vn 0.0576 -0.9983 0.0115
vn 0.0584 -0.9983 0.0058
vn 0.6050 -0.6860 -0.4042
vn -0.6050 -0.6860 0.4042
vn 0.7415 0.6710 -0.0000
vn 0.7379 0.6710 -0.0727
vn 0.7272 0.6710 -0.1447
vn 0.7095 0.6710 -0.2152
vn 0.6850 0.6710 -0.2837
vn 0.6539 0.6710 -0.3495
vn 0.6165 0.6710 -0.4119
vn 0.5731 0.6710 -0.4704
vn 0.5243 0.6710 -0.5243
vn 0.4704 0.6710 -0.5732
vn 0.4119 0.6710 -0.6165
vn 0.3495 0.6710 -0.6539
vn 0.2837 0.6710 -0.6850
vn 0.2152 0.6710 -0.7095
vn 0.1446 0.6710 -0.7272
vn 0.0727 0.6710 -0.7379
vn -0.0000 0.6710 -0.7415
vn -0.0727 0.6710 -0.7379
vn -0.1446 0.6710 -0.7272
vn -0.2152 0.6710 -0.7095
vn -0.2837 0.6710 -0.6850
vn -0.3495 0.6710 -0.6539
vn -0.4119 0.6710 -0.6165
vn -0.4704 0.6710 -0.5732
vn -0.5243 0.6710 -0.5243
vn -0.5731 0.6710 -0.4704
vn -0.6165 0.6710 -0.4119
vn -0.6539 0.6710 -0.3495
vn -0.6850 0.6710 -0.2837
vn -0.7095 0.6710 -0.2152
vn -0.7272 0.6710 -0.1447
vn -0.7379 0.6710 -0.0727
vn -0.7415 0.6710 -0.0000
vn -0.7379 0.6710 0.0727
vn -0.7272 0.6710 0.1447
vn -0.7095 0.6710 0.2152
vn -0.6850 0.6710 0.2837
vn -0.6539 0.6710 0.3495
vn -0.6165 0.6710 0.4119
vn -0.5731 0.6710 0.4704
vn -0.5243 0.6710 0.5243
vn -0.4704 0.6710 0.5732
vn -0.4119 0.6710 0.6165
vn -0.3495 0.6710 0.6539
vn -0.2837 0.6710 0.6850
vn -0.2152 0.6710 0.7095
vn -0.1446 0.6710 0.7272
vn -0.0727 0.6710 0.7379
vn -0.0000 0.6710 0.7415
vn 0.0727 0.6710 0.7379
vn 0.1446 0.6710 0.7272
vn 0.2152 0.6710 0.7095
vn 0.2837 0.6710 0.6850
vn 0.3495 0.6710 0.6539
vn 0.4119 0.6710 0.6165
vn 0.4704 0.6710 0.5732
vn 0.5243 0.6710 0.5243
vn 0.5731 0.6710 0.4704
vn 0.6165 0.6710 0.4119
vn 0.6539 0.6710 0.3495
vn 0.6850 0.6710 0.2837
vn 0.7095 0.6710 0.2152
vn 0.7272 0.6710 0.1447
vn 0.7379 0.6710 0.0727
vn 0.0995 0.9950 -0.0000
vn 0.0990 0.9950 -0.0098
vn 0.0976 0.9950 -0.0194
vn 0.0952 0.9950 -0.0289
vn 0.0919 0.9950 -0.0381
vn 0.0878 0.9950 -0.0469
vn 0.0827 0.9950 -0.0553
vn 0.0769 0.9950 -0.0631
vn 0.0704 0.9950 -0.0704
vn 0.0631 0.9950 -0.0769
vn 0.0553 0.9950 -0.0827
vn 0.0469 0.9950 -0.0878
vn 0.0381 0.9950 -0.0919
vn 0.0289 0.9950 -0.0952
vn 0.0194 0.9950 -0.0976
vn 0.0098 0.9950 -0.0990
vn -0.0000 0.9950 -0.0995
vn -0.0098 0.9950 -0.0990
vn -0.0194 0.9950 -0.0976
vn -0.0289 0.9950 -0.0952
vn -0.0381 0.9950 -0.0919
vn -0.0469 0.9950 -0.0878
vn -0.0553 0.9950 -0.0827
vn -0.0631 0.9950 -0.0769
vn -0.0704 0.9950 -0.0704
vn -0.0769 0.9950 -0.0631
vn -0.0827 0.9950 -0.0553
vn -0.0878 0.9950 -0.0469
vn -0.0919 0.9950 -0.0381
vn -0.0952 0.9950 -0.0289
vn -0.0976 0.9950 -0.0194
vn -0.0990 0.9950 -0.0098
vn -0.0995 0.9950 -0.0000
vn -0.0990 0.9950 0.0098
vn -0.0976 0.9950 0.0194
vn -0.0952 0.9950 0.0289
vn -0.0919 0.9950 0.0381
vn -0.0878 0.9950 0.0469
vn -0.0827 0.9950 0.0553
vn -0.0769 0.9950 0.0631
vn -0.0704 0.9950 0.0704
vn -0.0631 0.9950 0.0769
vn -0.0553 0.9950 0.0827
vn -0.0469 0.9950 0.0878
vn -0.0381 0.9950 0.0919
vn -0.0289 0.9950 0.0952
vn -0.0194 0.9950 0.0976
vn -0.0098 0.9950 0.0990
vn -0.0000 0.9950 0.0995
vn 0.0098 0.9950 0.0990
vn 0.0194 0.9950 0.0976
vn 0.0289 0.9950 0.0952
vn 0.0381 0.9950 0.0919
vn 0.0469 0.9950 0.0878
vn 0.0553 0.9950 0.0827
vn 0.0631 0.9950 0.0769
vn 0.0704 0.9950 0.0704
vn 0.0769 0.9950 0.0631
vn 0.0827 0.9950 0.0553
vn 0.0878 0.9950 0.0469
vn 0.0919 0.9950 0.0381
vn 0.0952 0.9950 0.0289
vn 0.0976 0.9950 0.0194
vn 0.0990 0.9950 0.0098
vn 0.7580 0.6522 -0.0000
vn 0.7544 0.6522 -0.0743
vn 0.7435 0.6522 -0.1479
vn 0.7254 0.6522 -0.2201
vn 0.7004 0.6522 -0.2901
vn 0.6685 0.6522 -0.3573
vn 0.6303 0.6522 -0.4212
vn 0.5860 0.6522 -0.4809
vn 0.5360 0.6522 -0.5360
vn 0.4809 0.6522 -0.5860
vn 0.4212 0.6522 -0.6303
vn 0.3573 0.6522 -0.6685
vn 0.2901 0.6522 -0.7004
vn 0.2201 0.6522 -0.7254
vn 0.1479 0.6522 -0.7435
vn 0.0743 0.6522 -0.7544
vn -0.0000 0.6522 -0.7581
vn -0.0743 0.6522 -0.7544
vn -0.1479 0.6522 -0.7435
vn -0.2201 0.6522 -0.7254
vn -0.2901 0.6522 -0.7004
vn -0.3573 0.6522 -0.6685
vn -0.4212 0.6522 -0.6303
vn -0.4809 0.6522 -0.5860
vn -0.5360 0.6522 -0.5360
vn -0.5860 0.6522 -0.4809
vn -0.6303 0.6522 -0.4212
vn -0.6685 0.6522 -0.3573
vn -0.7004 0.6522 -0.2901
vn -0.7254 0.6522 -0.2201
vn -0.7435 0.6522 -0.1479
vn -0.7544 0.6522 -0.0743
vn -0.7580 0.6522 -0.0000
vn -0.7544 0.6522 0.0743
vn -0.7435 0.6522 0.1479
vn -0.7254 0.6522 0.2201
vn -0.7004 0.6522 0.2901
vn -0.6685 0.6522 0.3573
vn -0.6303 0.6522 0.4212
vn -0.5860 0.6522 0.4809
vn -0.5360 0.6522 0.5360
vn -0.4809 0.6522 0.5860
vn -0.4212 0.6522 0.6303
vn -0.3573 0.6522 0.6685
vn -0.2901 0.6522 0.7004
vn -0.2201 0.6522 0.7254
vn -0.1479 0.6522 0.7435
vn -0.0743 0.6522 0.7544
vn -0.0000 0.6522 0.7581
vn 0.0743 0.6522 0.7544
vn 0.1479 0.6522 0.7435
vn 0.2201 0.6522 0.7254
vn 0.2901 0.6522 0.7004
vn 0.3573 0.6522 0.6685
vn 0.4212 0.6522 0.6303
vn 0.4809 0.6522 0.5860
vn 0.5360 0.6522 0.5360
vn 0.5860 0.6522 0.4809
vn 0.6303 0.6522 0.4212
vn 0.6685 0.6522 0.3573
vn 0.7004 0.6522 0.2901
vn 0.7254 0.6522 0.2201
vn 0.7435 0.6522 0.1479
vn 0.7544 0.6522 0.0743
vn 0.9987 -0.0502 -0.0000
vn 0.9939 -0.0502 -0.0979
vn 0.9919 -0.0809 -0.0977
vn 0.9967 -0.0809 -0.0000
vn 0.9796 -0.0502 -0.1948
vn 0.9776 -0.0809 -0.1945
vn 0.9557 -0.0502 -0.2899
vn 0.9538 -0.0809 -0.2893
vn 0.9227 -0.0502 -0.3822
vn 0.9208 -0.0809 -0.3814
vn 0.8808 -0.0502 -0.4708
vn 0.8790 -0.0809 -0.4699
vn 0.8304 -0.0502 -0.5549
vn 0.8287 -0.0809 -0.5537
vn 0.7720 -0.0502 -0.6336
vn 0.7705 -0.0809 -0.6323
vn 0.7062 -0.0502 -0.7062
vn 0.7048 -0.0809 -0.7048
vn 0.6336 -0.0502 -0.7720
vn 0.6323 -0.0809 -0.7705
vn 0.5549 -0.0502 -0.8304
vn 0.5537 -0.0809 -0.8287
vn 0.4708 -0.0502 -0.8808
vn 0.4698 -0.0809 -0.8790
vn 0.3822 -0.0502 -0.9227
vn 0.3814 -0.0809 -0.9208
vn 0.2899 -0.0502 -0.9557
vn 0.2893 -0.0809 -0.9538
vn 0.1948 -0.0502 -0.9796
vn 0.1945 -0.0809 -0.9776
vn 0.0979 -0.0502 -0.9939
vn 0.0977 -0.0809 -0.9919
vn -0.0000 -0.0502 -0.9987
vn -0.0000 -0.0809 -0.9967
vn -0.0979 -0.0502 -0.9939
vn -0.0977 -0.0809 -0.9919
vn -0.1948 -0.0502 -0.9796
vn -0.1945 -0.0809 -0.9776
vn -0.2899 -0.0502 -0.9557
vn -0.2893 -0.0810 -0.9538
vn -0.3822 -0.0502 -0.9227
vn -0.3814 -0.0809 -0.9209
vn -0.4708 -0.0502 -0.8808
vn -0.4698 -0.0809 -0.8790
vn -0.5549 -0.0502 -0.8304
vn -0.5537 -0.0809 -0.8287
vn -0.6336 -0.0502 -0.7720
vn -0.6323 -0.0809 -0.7705
vn -0.7062 -0.0502 -0.7062
vn -0.7048 -0.0809 -0.7048
vn -0.7720 -0.0502 -0.6336
vn -0.7705 -0.0809 -0.6323
vn -0.8304 -0.0502 -0.5549
vn -0.8287 -0.0809 -0.5537
vn -0.8808 -0.0502 -0.4708
vn -0.8790 -0.0810 -0.4698
vn -0.9227 -0.0502 -0.3822
vn -0.9208 -0.0809 -0.3814
vn -0.9557 -0.0502 -0.2899
vn -0.9538 -0.0810 -0.2893
vn -0.9796 -0.0502 -0.1948
vn -0.9776 -0.0809 -0.1945
vn -0.9939 -0.0502 -0.0979
vn -0.9919 -0.0809 -0.0977
vn -0.9987 -0.0502 -0.0000
vn -0.9967 -0.0809 -0.0000
vn -0.9939 -0.0502 0.0979
vn -0.9919 -0.0809 0.0977
vn -0.9796 -0.0502 0.1948
vn -0.9776 -0.0809 0.1945
vn -0.9557 -0.0502 0.2899
vn -0.9538 -0.0809 0.2893
vn -0.9227 -0.0502 0.3822
vn -0.9208 -0.0809 0.3814
vn -0.8808 -0.0502 0.4708
vn -0.8790 -0.0809 0.4699
vn -0.8304 -0.0502 0.5549
vn -0.8287 -0.0809 0.5537
vn -0.7720 -0.0502 0.6336
vn -0.7705 -0.0809 0.6323
vn -0.7062 -0.0502 0.7062
vn -0.7048 -0.0809 0.7048
vn -0.6336 -0.0502 0.7720
vn -0.6323 -0.0809 0.7705
vn -0.5549 -0.0502 0.8304
vn -0.5537 -0.0809 0.8287
vn -0.4708 -0.0502 0.8808
vn -0.4698 -0.0809 0.8790
vn -0.3822 -0.0502 0.9227
vn -0.3814 -0.0809 0.9208
vn -0.2899 -0.0502 0.9557
vn -0.2893 -0.0809 0.9538
vn -0.1948 -0.0502 0.9796
vn -0.1945 -0.0809 0.9776
vn -0.0979 -0.0502 0.9939
vn -0.0977 -0.0809 0.9919
vn -0.0000 -0.0502 0.9987
vn -0.0000 -0.0809 0.9967
vn 0.0979 -0.0502 0.9939
vn 0.0977 -0.0809 0.9919
vn 0.1948 -0.0502 0.9796
vn 0.1945 -0.0809 0.9776
vn 0.2899 -0.0502 0.9557
vn 0.2893 -0.0810 0.9538
vn 0.3822 -0.0502 0.9227
vn 0.3814 -0.0809 0.9209
vn 0.4708 -0.0502 0.8808
vn 0.4698 -0.0809 0.8790
vn 0.5549 -0.0502 0.8304
vn 0.5537 -0.0809 0.8287
vn 0.6336 -0.0502 0.7720
vn 0.6323 -0.0809 0.7705
vn 0.7062 -0.0502 0.7062
vn 0.7048 -0.0809 0.7048
vn 0.7720 -0.0502 0.6336
vn 0.7705 -0.0809 0.6323
vn 0.8304 -0.0502 0.5549
vn 0.8287 -0.0809 0.5537
vn 0.8808 -0.0502 0.4708
vn 0.8790 -0.0810 0.4698
vn 0.9227 -0.0502 0.3822
vn 0.9208 -0.0809 0.3814
vn 0.9557 -0.0502 0.2899
vn 0.9538 -0.0810 0.2893
vn 0.9796 -0.0502 0.1948
vn 0.9776 -0.0809 0.1945
vn 0.9939 -0.0502 0.0979
vn 0.9919 -0.0809 0.0977
vn 0.9853 -0.1403 -0.0970
vn 0.9901 -0.1402 -0.0000
vn 0.9711 -0.1402 -0.1932
vn 0.9475 -0.1402 -0.2874
vn 0.9148 -0.1401 -0.3789
vn 0.8732 -0.1401 -0.4668
vn 0.8232 -0.1403 -0.5501
vn 0.7654 -0.1402 -0.6281
vn 0.7001 -0.1402 -0.7001
vn 0.6281 -0.1402 -0.7654
vn 0.5501 -0.1402 -0.8233
vn 0.4667 -0.1402 -0.8732
vn 0.3789 -0.1402 -0.9148
vn 0.2874 -0.1402 -0.9475
vn 0.1932 -0.1402 -0.9711
vn 0.0970 -0.1404 -0.9853
vn -0.0000 -0.1402 -0.9901
vn -0.0970 -0.1404 -0.9853
vn -0.1932 -0.1403 -0.9711
vn -0.2874 -0.1401 -0.9475
vn -0.3789 -0.1402 -0.9148
vn -0.4667 -0.1402 -0.8732
vn -0.5501 -0.1402 -0.8233
vn -0.6281 -0.1402 -0.7654
vn -0.7001 -0.1402 -0.7001
vn -0.7654 -0.1402 -0.6281
vn -0.8233 -0.1401 -0.5501
vn -0.8732 -0.1402 -0.4667
vn -0.9148 -0.1402 -0.3789
vn -0.9475 -0.1402 -0.2874
vn -0.9711 -0.1402 -0.1932
vn -0.9853 -0.1403 -0.0970
vn -0.9901 -0.1402 -0.0000
vn -0.9853 -0.1403 0.0970
vn -0.9711 -0.1402 0.1932
vn -0.9475 -0.1402 0.2874
vn -0.9148 -0.1401 0.3789
vn -0.8732 -0.1401 0.4667
vn -0.8232 -0.1403 0.5501
vn -0.7654 -0.1402 0.6281
vn -0.7001 -0.1402 0.7001
vn -0.6281 -0.1402 0.7654
vn -0.5501 -0.1402 0.8233
vn -0.4667 -0.1402 0.8732
vn -0.3789 -0.1402 0.9148
vn -0.2874 -0.1402 0.9475
vn -0.1932 -0.1402 0.9711
vn -0.0970 -0.1404 0.9853
vn -0.0000 -0.1402 0.9901
vn 0.0970 -0.1404 0.9853
vn 0.1932 -0.1403 0.9711
vn 0.2874 -0.1401 0.9475
vn 0.3789 -0.1402 0.9148
vn 0.4667 -0.1402 0.8732
vn 0.5501 -0.1402 0.8233
vn 0.6281 -0.1402 0.7654
vn 0.7001 -0.1402 0.7001
vn 0.7654 -0.1402 0.6281
vn 0.8233 -0.1401 0.5501
vn 0.8732 -0.1402 0.4667
vn 0.9148 -0.1402 0.3789
vn 0.9475 -0.1402 0.2874
vn 0.9711 -0.1402 0.1932
vn 0.9853 -0.1403 0.0970
vn 0.9739 -0.2058 -0.0959
vn 0.9786 -0.2058 -0.0000
vn 0.9598 -0.2057 -0.1909
vn 0.9365 -0.2057 -0.2841
vn 0.9041 -0.2057 -0.3745
vn 0.8631 -0.2057 -0.4613
vn 0.8137 -0.2057 -0.5437
vn 0.7565 -0.2057 -0.6208
vn 0.6920 -0.2055 -0.6920
vn 0.6208 -0.2058 -0.7565
vn 0.5437 -0.2057 -0.8137
vn 0.4613 -0.2057 -0.8631
vn 0.3745 -0.2057 -0.9041
vn 0.2841 -0.2057 -0.9365
vn 0.1909 -0.2058 -0.9598
vn 0.0959 -0.2058 -0.9739
vn -0.0000 -0.2058 -0.9786
vn -0.0959 -0.2059 -0.9739
vn -0.1909 -0.2058 -0.9598
vn -0.2841 -0.2057 -0.9365
vn -0.3745 -0.2059 -0.9041
vn -0.4613 -0.2055 -0.8631
vn -0.5437 -0.2052 -0.8138
vn -0.6208 -0.2055 -0.7565
vn -0.6920 -0.2057 -0.6920
vn -0.7565 -0.2058 -0.6208
vn -0.8137 -0.2057 -0.5437
vn -0.8631 -0.2057 -0.4613
vn -0.9041 -0.2058 -0.3745
vn -0.9365 -0.2055 -0.2841
vn -0.9598 -0.2057 -0.1909
vn -0.9739 -0.2058 -0.0959
vn -0.9786 -0.2058 -0.0000
vn -0.9739 -0.2058 0.0959
vn -0.9598 -0.2057 0.1909
vn -0.9365 -0.2057 0.2841
vn -0.9041 -0.2057 0.3745
vn -0.8631 -0.2057 0.4613
vn -0.8137 -0.2057 0.5437
vn -0.7565 -0.2057 0.6208
vn -0.6920 -0.2055 0.6920
vn -0.6208 -0.2058 0.7565
vn -0.5437 -0.2057 0.8137
vn -0.4613 -0.2057 0.8631
vn -0.3745 -0.2057 0.9041
vn -0.2841 -0.2057 0.9365
vn -0.1909 -0.2058 0.9598
vn -0.0959 -0.2058 0.9739
vn -0.0000 -0.2058 0.9786
vn 0.0959 -0.2059 0.9739
vn 0.1909 -0.2058 0.9598
vn 0.2841 -0.2057 0.9365
vn 0.3745 -0.2059 0.9041
vn 0.4613 -0.2055 0.8631
vn 0.5437 -0.2052 0.8138
vn 0.6208 -0.2055 0.7565
vn 0.6920 -0.2057 0.6920
vn 0.7565 -0.2058 0.6208
vn 0.8137 -0.2057 0.5437
vn 0.8631 -0.2057 0.4613
vn 0.9041 -0.2058 0.3745
vn 0.9365 -0.2055 0.2841
vn 0.9598 -0.2057 0.1909
vn 0.9739 -0.2058 0.0959
vn 0.9549 -0.2815 -0.0941
vn 0.9596 -0.2812 -0.0000
vn 0.9412 -0.2812 -0.1872
vn 0.9183 -0.2812 -0.2786
vn 0.8866 -0.2812 -0.3672
vn 0.8463 -0.2812 -0.4524
vn 0.7978 -0.2815 -0.5331
vn 0.7417 -0.2815 -0.6087
vn 0.6786 -0.2812 -0.6786
vn 0.6088 -0.2812 -0.7418
vn 0.5332 -0.2812 -0.7979
vn 0.4523 -0.2815 -0.8463
vn 0.3672 -0.2815 -0.8865
vn 0.2785 -0.2815 -0.9182
vn 0.1872 -0.2815 -0.9411
vn 0.0940 -0.2817 -0.9549
vn -0.0000 -0.2812 -0.9596
vn -0.0941 -0.2815 -0.9549
vn -0.1872 -0.2812 -0.9412
vn -0.2786 -0.2812 -0.9183
vn -0.3672 -0.2817 -0.8865
vn -0.4523 -0.2817 -0.8462
vn -0.5332 -0.2812 -0.7979
vn -0.6087 -0.2815 -0.7417
vn -0.6786 -0.2812 -0.6786
vn -0.7417 -0.2815 -0.6087
vn -0.7979 -0.2812 -0.5332
vn -0.8463 -0.2815 -0.4523
vn -0.8866 -0.2812 -0.3672
vn -0.9183 -0.2812 -0.2786
vn -0.9411 -0.2815 -0.1872
vn -0.9549 -0.2818 -0.0940
vn -0.9596 -0.2815 -0.0000
vn -0.9549 -0.2815 0.0941
vn -0.9412 -0.2812 0.1872
vn -0.9183 -0.2812 0.2786
vn -0.8866 -0.2812 0.3672
vn -0.8463 -0.2812 0.4524
vn -0.7978 -0.2815 0.5331
vn -0.7417 -0.2815 0.6087
vn -0.6786 -0.2812 0.6786
vn -0.6088 -0.2812 0.7418
vn -0.5332 -0.2812 0.7979
vn -0.4523 -0.2815 0.8463
vn -0.3672 -0.2815 0.8865
vn -0.2785 -0.2815 0.9182
vn -0.1872 -0.2815 0.9411
vn -0.0940 -0.2817 0.9549
vn -0.0000 -0.2812 0.9596
vn 0.0941 -0.2815 0.9549
vn 0.1872 -0.2812 0.9412
vn 0.2786 -0.2812 0.9183
vn 0.3672 -0.2817 0.8865
vn 0.4523 -0.2817 0.8462
vn 0.5332 -0.2812 0.7979
vn 0.6087 -0.2815 0.7417
vn 0.6786 -0.2812 0.6786
vn 0.7417 -0.2815 0.6087
vn 0.7979 -0.2812 0.5332
vn 0.8463 -0.2815 0.4523
vn 0.8866 -0.2812 0.3672
vn 0.9183 -0.2812 0.2786
vn 0.9411 -0.2815 0.1872
vn 0.9549 -0.2818 0.0940
vn 0.9226 -0.3750 -0.0909
vn 0.9270 -0.3750 -0.0000
vn 0.9093 -0.3747 -0.1809
vn 0.8871 -0.3750 -0.2691
vn 0.8564 -0.3750 -0.3548
vn 0.8176 -0.3750 -0.4370
vn 0.7708 -0.3750 -0.5150
vn 0.7167 -0.3747 -0.5882
vn 0.6555 -0.3750 -0.6555
vn 0.5882 -0.3746 -0.7167
vn 0.5150 -0.3750 -0.7708
vn 0.4370 -0.3750 -0.8176
vn 0.3548 -0.3750 -0.8564
vn 0.2691 -0.3750 -0.8871
vn 0.1809 -0.3750 -0.9092
vn 0.0909 -0.3747 -0.9227
vn -0.0000 -0.3747 -0.9271
vn -0.0909 -0.3747 -0.9227
vn -0.1809 -0.3750 -0.9092
vn -0.2691 -0.3747 -0.8872
vn -0.3548 -0.3750 -0.8564
vn -0.4370 -0.3750 -0.8176
vn -0.5151 -0.3747 -0.7709
vn -0.5881 -0.3750 -0.7166
vn -0.6556 -0.3746 -0.6556
vn -0.7166 -0.3750 -0.5881
vn -0.7708 -0.3750 -0.5150
vn -0.8176 -0.3750 -0.4370
vn -0.8564 -0.3750 -0.3548
vn -0.8871 -0.3750 -0.2691
vn -0.9092 -0.3750 -0.1809
vn -0.9227 -0.3747 -0.0909
vn -0.9270 -0.3750 -0.0000
vn -0.9226 -0.3750 0.0909
vn -0.9093 -0.3747 0.1809
vn -0.8871 -0.3750 0.2691
vn -0.8564 -0.3750 0.3548
vn -0.8176 -0.3750 0.4370
vn -0.7708 -0.3750 0.5150
vn -0.7167 -0.3747 0.5882
vn -0.6555 -0.3750 0.6555
vn -0.5882 -0.3746 0.7167
vn -0.5150 -0.3750 0.7708
vn -0.4370 -0.3750 0.8176
vn -0.3548 -0.3750 0.8564
vn -0.2691 -0.3750 0.8871
vn -0.1809 -0.3750 0.9092
vn -0.0909 -0.3747 0.9227
vn -0.0000 -0.3747 0.9271
vn 0.0909 -0.3747 0.9227
vn 0.1809 -0.3750 0.9092
vn 0.2691 -0.3747 0.8872
vn 0.3548 -0.3750 0.8564
vn 0.4370 -0.3750 0.8176
vn 0.5151 -0.3747 0.7709
vn 0.5881 -0.3750 0.7166
vn 0.6556 -0.3746 0.6556
vn 0.7166 -0.3750 0.5881
vn 0.7708 -0.3750 0.5150
vn 0.8176 -0.3750 0.4370
vn 0.8564 -0.3750 0.3548
vn 0.8871 -0.3750 0.2691
vn 0.9092 -0.3750 0.1809
vn 0.9227 -0.3747 0.0909
vn 0.8645 -0.4954 -0.0851
vn 0.8687 -0.4954 -0.0000
vn 0.8519 -0.4955 -0.1695
vn 0.8313 -0.4954 -0.2522
vn 0.8025 -0.4954 -0.3324
vn 0.7661 -0.4954 -0.4095
vn 0.7223 -0.4954 -0.4826
vn 0.6715 -0.4954 -0.5511
vn 0.6142 -0.4954 -0.6142
vn 0.5511 -0.4954 -0.6715
vn 0.4826 -0.4954 -0.7223
vn 0.4095 -0.4954 -0.7661
vn 0.3324 -0.4954 -0.8025
vn 0.2522 -0.4954 -0.8313
vn 0.1695 -0.4954 -0.8520
vn 0.0851 -0.4954 -0.8645
vn -0.0000 -0.4954 -0.8687
vn -0.0851 -0.4954 -0.8645
vn -0.1695 -0.4954 -0.8520
vn -0.2522 -0.4954 -0.8313
vn -0.3324 -0.4954 -0.8026
vn -0.4095 -0.4954 -0.7661
vn -0.4826 -0.4953 -0.7223
vn -0.5511 -0.4954 -0.6715
vn -0.6142 -0.4954 -0.6142
vn -0.6715 -0.4954 -0.5511
vn -0.7223 -0.4954 -0.4826
vn -0.7661 -0.4954 -0.4095
vn -0.8025 -0.4954 -0.3324
vn -0.8313 -0.4954 -0.2522
vn -0.8520 -0.4954 -0.1695
vn -0.8645 -0.4954 -0.0851
vn -0.8687 -0.4954 -0.0000
vn -0.8645 -0.4954 0.0851
vn -0.8519 -0.4955 0.1695
vn -0.8313 -0.4954 0.2522
vn -0.8025 -0.4954 0.3324
vn -0.7661 -0.4954 0.4095
vn -0.7223 -0.4954 0.4826
vn -0.6715 -0.4954 0.5511
vn -0.6142 -0.4954 0.6142
vn -0.5511 -0.4954 0.6715
vn -0.4826 -0.4954 0.7223
vn -0.4095 -0.4954 0.7661
vn -0.3324 -0.4954 0.8025
vn -0.2522 -0.4954 0.8313
vn -0.1695 -0.4954 0.8520
vn -0.0851 -0.4954 0.8645
vn -0.0000 -0.4954 0.8687
vn 0.0851 -0.4954 0.8645
vn 0.1695 -0.4954 0.8520
vn 0.2522 -0.4954 0.8313
vn 0.3324 -0.4954 0.8026
vn 0.4095 -0.4954 0.7661
vn 0.4826 -0.4953 0.7223
vn 0.5511 -0.4954 0.6715
vn 0.6142 -0.4954 0.6142
vn 0.6715 -0.4954 0.5511
vn 0.7223 -0.4954 0.4826
vn 0.7661 -0.4954 0.4095
vn 0.8025 -0.4954 0.3324
vn 0.8313 -0.4954 0.2522
vn 0.8520 -0.4954 0.1695
vn 0.8645 -0.4954 0.0851
vn 0.7474 -0.6603 -0.0736
vn 0.7510 -0.6603 -0.0000
vn 0.7366 -0.6603 -0.1465
vn 0.7187 -0.6603 -0.2180
vn 0.6938 -0.6603 -0.2874
vn 0.6623 -0.6603 -0.3540
vn 0.6244 -0.6603 -0.4172
vn 0.5805 -0.6603 -0.4764
vn 0.5310 -0.6603 -0.5310
vn 0.4764 -0.6603 -0.5805
vn 0.4172 -0.6603 -0.6244
vn 0.3540 -0.6603 -0.6623
vn 0.2874 -0.6603 -0.6938
vn 0.2180 -0.6603 -0.7187
vn 0.1465 -0.6603 -0.7366
vn 0.0736 -0.6603 -0.7474
vn -0.0000 -0.6603 -0.7510
vn -0.0736 -0.6603 -0.7474
vn -0.1465 -0.6603 -0.7366
vn -0.2180 -0.6603 -0.7187
vn -0.2874 -0.6603 -0.6938
vn -0.3540 -0.6603 -0.6623
vn -0.4172 -0.6603 -0.6244
vn -0.4764 -0.6603 -0.5805
vn -0.5310 -0.6603 -0.5310
vn -0.5805 -0.6603 -0.4764
vn -0.6244 -0.6603 -0.4172
vn -0.6623 -0.6603 -0.3540
vn -0.6938 -0.6603 -0.2874
vn -0.7187 -0.6603 -0.2180
vn -0.7366 -0.6603 -0.1465
vn -0.7474 -0.6603 -0.0736
vn -0.7510 -0.6603 -0.0000
vn -0.7474 -0.6603 0.0736
vn -0.7366 -0.6603 0.1465
vn -0.7187 -0.6603 0.2180
vn -0.6938 -0.6603 0.2874
vn -0.6623 -0.6603 0.3540
vn -0.6244 -0.6603 0.4172
vn -0.5805 -0.6603 0.4764
vn -0.5310 -0.6603 0.5310
vn -0.4764 -0.6603 0.5805
vn -0.4172 -0.6603 0.6244
vn -0.3540 -0.6603 0.6623
vn -0.2874 -0.6603 0.6938
vn -0.2180 -0.6603 0.7187
vn -0.1465 -0.6603 0.7366
vn -0.0736 -0.6603 0.7474
vn -0.0000 -0.6603 0.7510
vn 0.0736 -0.6603 0.7474
vn 0.1465 -0.6603 0.7366
vn 0.2180 -0.6603 0.7187
vn 0.2874 -0.6603 0.6938
vn 0.3540 -0.6603 0.6623
vn 0.4172 -0.6603 0.6244
vn 0.4764 -0.6603 0.5805
vn 0.5310 -0.6603 0.5310
vn 0.5805 -0.6603 0.4764
vn 0.6244 -0.6603 0.4172
vn 0.6623 -0.6603 0.3540
vn 0.6938 -0.6603 0.2874
vn 0.7187 -0.6603 0.2180
vn 0.7366 -0.6603 0.1465
vn 0.7474 -0.6603 0.0736
vn 0.5654 -0.8229 -0.0557
vn 0.5681 -0.8229 -0.0000
vn 0.5572 -0.8229 -0.1108
vn 0.5436 -0.8229 -0.1649
vn 0.5249 -0.8229 -0.2174
vn 0.5010 -0.8229 -0.2678
vn 0.4724 -0.8229 -0.3156
vn 0.4391 -0.8230 -0.3604
vn 0.4017 -0.8229 -0.4017
vn 0.3604 -0.8230 -0.4391
vn 0.3156 -0.8230 -0.4724
vn 0.2678 -0.8229 -0.5010
vn 0.2174 -0.8229 -0.5249
vn 0.1649 -0.8230 -0.5437
vn 0.1108 -0.8230 -0.5572
vn 0.0557 -0.8230 -0.5654
vn -0.0000 -0.8230 -0.5681
vn -0.0557 -0.8230 -0.5654
vn -0.1109 -0.8230 -0.5572
vn -0.1649 -0.8230 -0.5436
vn -0.2174 -0.8230 -0.5249
vn -0.2678 -0.8230 -0.5010
vn -0.3156 -0.8230 -0.4724
vn -0.3604 -0.8230 -0.4391
vn -0.4017 -0.8230 -0.4017
vn -0.4392 -0.8229 -0.3604
vn -0.4724 -0.8229 -0.3156
vn -0.5010 -0.8229 -0.2678
vn -0.5249 -0.8229 -0.2174
vn -0.5437 -0.8229 -0.1649
vn -0.5572 -0.8229 -0.1108
vn -0.5654 -0.8229 -0.0557
vn -0.5681 -0.8229 -0.0000
vn -0.5654 -0.8229 0.0557
vn -0.5572 -0.8229 0.1108
vn -0.5436 -0.8229 0.1649
vn -0.5249 -0.8229 0.2174
vn -0.5010 -0.8229 0.2678
vn -0.4724 -0.8229 0.3156
vn -0.4391 -0.8230 0.3604
vn -0.4017 -0.8229 0.4017
vn -0.3604 -0.8230 0.4391
vn -0.3156 -0.8230 0.4724
vn -0.2678 -0.8229 0.5010
vn -0.2174 -0.8229 0.5249
vn -0.1649 -0.8230 0.5437
vn -0.1108 -0.8230 0.5572
vn -0.0557 -0.8230 0.5654
vn -0.0000 -0.8230 0.5681
vn 0.0557 -0.8230 0.5654
vn 0.1109 -0.8230 0.5572
vn 0.1649 -0.8230 0.5436
vn 0.2174 -0.8230 0.5249
vn 0.2678 -0.8230 0.5010
vn 0.3156 -0.8230 0.4724
vn 0.3604 -0.8230 0.4391
vn 0.4017 -0.8230 0.4017
vn 0.4392 -0.8229 0.3604
vn 0.4724 -0.8229 0.3156
vn 0.5010 -0.8229 0.2678
vn 0.5249 -0.8229 0.2174
vn 0.5437 -0.8229 0.1649
vn 0.5572 -0.8229 0.1108
vn 0.5654 -0.8229 0.0557
vn 0.9943 -0.0434 -0.0979
vn 0.9991 -0.0434 -0.0000
vn 0.9799 -0.0434 -0.1949
vn 0.9560 -0.0434 -0.2900
vn 0.9230 -0.0434 -0.3823
vn 0.8811 -0.0434 -0.4710
vn 0.8307 -0.0434 -0.5551
vn 0.7723 -0.0434 -0.6338
vn 0.7064 -0.0434 -0.7065
vn 0.6338 -0.0434 -0.7723
vn 0.5551 -0.0434 -0.8307
vn 0.4710 -0.0434 -0.8811
vn 0.3823 -0.0434 -0.9230
vn 0.2900 -0.0434 -0.9560
vn 0.1949 -0.0434 -0.9799
vn 0.0979 -0.0434 -0.9942
vn -0.0000 -0.0434 -0.9991
vn -0.0979 -0.0434 -0.9943
vn -0.1949 -0.0434 -0.9799
vn -0.2900 -0.0434 -0.9560
vn -0.3823 -0.0434 -0.9230
vn -0.4709 -0.0434 -0.8811
vn -0.5550 -0.0434 -0.8307
vn -0.6338 -0.0434 -0.7723
vn -0.7065 -0.0434 -0.7064
vn -0.7723 -0.0434 -0.6338
vn -0.8307 -0.0434 -0.5551
vn -0.8811 -0.0434 -0.4710
vn -0.9230 -0.0434 -0.3823
vn -0.9560 -0.0434 -0.2900
vn -0.9799 -0.0434 -0.1949
vn -0.9942 -0.0434 -0.0979
vn -0.9991 -0.0434 -0.0000
vn -0.9943 -0.0434 0.0979
vn -0.9799 -0.0434 0.1949
vn -0.9560 -0.0434 0.2900
vn -0.9230 -0.0434 0.3823
vn -0.8811 -0.0434 0.4710
vn -0.8307 -0.0434 0.5551
vn -0.7723 -0.0434 0.6338
vn -0.7064 -0.0434 0.7065
vn -0.6338 -0.0434 0.7723
vn -0.5551 -0.0434 0.8307
vn -0.4710 -0.0434 0.8811
vn -0.3823 -0.0434 0.9230
vn -0.2900 -0.0434 0.9560
vn -0.1949 -0.0434 0.9799
vn -0.0979 -0.0434 0.9942
vn -0.0000 -0.0434 0.9991
vn 0.0979 -0.0434 0.9943
vn 0.1949 -0.0434 0.9799
vn 0.2900 -0.0434 0.9560
vn 0.3823 -0.0434 0.9230
vn 0.4709 -0.0434 0.8811
vn 0.5550 -0.0434 0.8307
vn 0.6338 -0.0434 0.7723
vn 0.7065 -0.0434 0.7064
vn 0.7723 -0.0434 0.6338
vn 0.8307 -0.0434 0.5551
vn 0.8811 -0.0434 0.4710
vn 0.9230 -0.0434 0.3823
vn 0.9560 -0.0434 0.2900
vn 0.9799 -0.0434 0.1949
vn 0.9942 -0.0434 0.0979
vn 0.7930 0.6092 -0.0000
vn 0.7892 0.6092 -0.0777
vn 0.7778 0.6092 -0.1547
vn 0.7588 0.6092 -0.2302
vn 0.7326 0.6092 -0.3035
vn 0.6993 0.6092 -0.3738
vn 0.6593 0.6092 -0.4406
vn 0.6130 0.6092 -0.5031
vn 0.5607 0.6092 -0.5607
vn 0.5031 0.6092 -0.6130
vn 0.4406 0.6092 -0.6594
vn 0.3738 0.6092 -0.6994
vn 0.3035 0.6092 -0.7326
vn 0.2302 0.6092 -0.7588
vn 0.1547 0.6092 -0.7778
vn 0.0777 0.6092 -0.7892
vn -0.0000 0.6092 -0.7930
vn -0.0777 0.6092 -0.7892
vn -0.1547 0.6092 -0.7778
vn -0.2302 0.6092 -0.7588
vn -0.3035 0.6092 -0.7326
vn -0.3738 0.6092 -0.6994
vn -0.4406 0.6092 -0.6593
vn -0.5031 0.6092 -0.6130
vn -0.5607 0.6092 -0.5607
vn -0.6130 0.6092 -0.5031
vn -0.6593 0.6092 -0.4406
vn -0.6993 0.6092 -0.3738
vn -0.7326 0.6092 -0.3035
vn -0.7588 0.6092 -0.2302
vn -0.7778 0.6092 -0.1547
vn -0.7892 0.6092 -0.0777
vn -0.7930 0.6092 -0.0000
vn -0.7892 0.6092 0.0777
vn -0.7778 0.6092 0.1547
vn -0.7588 0.6092 0.2302
vn -0.7326 0.6092 0.3035
vn -0.6993 0.6092 0.3738
vn -0.6593 0.6092 0.4406
vn -0.6130 0.6092 0.5031
vn -0.5607 0.6092 0.5607
vn -0.5031 0.6092 0.6130
vn -0.4406 0.6092 0.6594
vn -0.3738 0.6092 0.6994
vn -0.3035 0.6092 0.7326
vn -0.2302 0.6092 0.7588
vn -0.1547 0.6092 0.7778
vn -0.0777 0.6092 0.7892
vn -0.0000 0.6092 0.7930
vn 0.0777 0.6092 0.7892
vn 0.1547 0.6092 0.7778
vn 0.2302 0.6092 0.7588
vn 0.3035 0.6092 0.7326
vn 0.3738 0.6092 0.6994
vn 0.4406 0.6092 0.6593
vn 0.5031 0.6092 0.6130
vn 0.5607 0.6092 0.5607
vn 0.6130 0.6092 0.5031
vn 0.6593 0.6092 0.4406
vn 0.6993 0.6092 0.3738
vn 0.7326 0.6092 0.3035
vn 0.7588 0.6092 0.2302
vn 0.7778 0.6092 0.1547
vn 0.7892 0.6092 0.0777
vn 0.2577 0.9662 -0.0000
vn 0.2564 0.9662 -0.0253
vn 0.3208 0.9466 -0.0316
vn 0.3223 0.9466 -0.0000
vn 0.2527 0.9662 -0.0503
vn 0.3161 0.9466 -0.0629
vn 0.2466 0.9662 -0.0748
vn 0.3085 0.9466 -0.0936
vn 0.2380 0.9662 -0.0986
vn 0.2978 0.9466 -0.1234
vn 0.2272 0.9662 -0.1215
vn 0.2843 0.9466 -0.1520
vn 0.2142 0.9662 -0.1431
vn 0.2680 0.9466 -0.1791
vn 0.1992 0.9662 -0.1635
vn 0.2492 0.9466 -0.2045
vn 0.1822 0.9662 -0.1822
vn 0.2279 0.9466 -0.2279
vn 0.1635 0.9662 -0.1992
vn 0.2045 0.9466 -0.2492
vn 0.1431 0.9662 -0.2142
vn 0.1791 0.9466 -0.2680
vn 0.1215 0.9662 -0.2272
vn 0.1519 0.9466 -0.2843
vn 0.0986 0.9662 -0.2380
vn 0.1233 0.9466 -0.2978
vn 0.0748 0.9662 -0.2466
vn 0.0936 0.9466 -0.3085
vn 0.0503 0.9662 -0.2527
vn 0.0629 0.9466 -0.3161
vn 0.0253 0.9662 -0.2564
vn 0.0316 0.9466 -0.3208
vn -0.0000 0.9662 -0.2577
vn -0.0000 0.9466 -0.3223
vn -0.0253 0.9662 -0.2564
vn -0.0316 0.9466 -0.3208
vn -0.0503 0.9662 -0.2527
vn -0.0629 0.9466 -0.3161
vn -0.0748 0.9662 -0.2466
vn -0.0936 0.9466 -0.3085
vn -0.0986 0.9662 -0.2380
vn -0.1234 0.9466 -0.2978
vn -0.1215 0.9662 -0.2272
vn -0.1520 0.9466 -0.2843
vn -0.1431 0.9662 -0.2142
vn -0.1791 0.9466 -0.2680
vn -0.1635 0.9662 -0.1992
vn -0.2045 0.9466 -0.2492
vn -0.1822 0.9662 -0.1822
vn -0.2279 0.9466 -0.2279
vn -0.1992 0.9662 -0.1635
vn -0.2492 0.9466 -0.2045
vn -0.2142 0.9662 -0.1431
vn -0.2680 0.9466 -0.1791
vn -0.2272 0.9662 -0.1215
vn -0.2843 0.9466 -0.1519
vn -0.2381 0.9662 -0.0986
vn -0.2978 0.9466 -0.1233
vn -0.2466 0.9662 -0.0748
vn -0.3085 0.9466 -0.0936
vn -0.2527 0.9662 -0.0503
vn -0.3161 0.9466 -0.0629
vn -0.2564 0.9662 -0.0253
vn -0.3208 0.9466 -0.0316
vn -0.2577 0.9662 -0.0000
vn -0.3223 0.9466 -0.0000
vn -0.2564 0.9662 0.0253
vn -0.3208 0.9466 0.0316
vn -0.2527 0.9662 0.0503
vn -0.3161 0.9466 0.0629
vn -0.2466 0.9662 0.0748
vn -0.3085 0.9466 0.0936
vn -0.2380 0.9662 0.0986
vn -0.2978 0.9466 0.1234
vn -0.2272 0.9662 0.1215
vn -0.2843 0.9466 0.1520
vn -0.2142 0.9662 0.1431
vn -0.2680 0.9466 0.1791
vn -0.1992 0.9662 0.1635
vn -0.2492 0.9466 0.2045
vn -0.1822 0.9662 0.1822
vn -0.2279 0.9466 0.2279
vn -0.1635 0.9662 0.1992
vn -0.2045 0.9466 0.2492
vn -0.1431 0.9662 0.2142
vn -0.1791 0.9466 0.2680
vn -0.1215 0.9662 0.2272
vn -0.1519 0.9466 0.2843
vn -0.0986 0.9662 0.2380
vn -0.1233 0.9466 0.2978
vn -0.0748 0.9662 0.2466
vn -0.0936 0.9466 0.3085
vn -0.0503 0.9662 0.2527
vn -0.0629 0.9466 0.3161
vn -0.0253 0.9662 0.2564
vn -0.0316 0.9466 0.3208
vn -0.0000 0.9662 0.2577
vn -0.0000 0.9466 0.3223
vn 0.0253 0.9662 0.2564
vn 0.0316 0.9466 0.3208
vn 0.0503 0.9662 0.2527
vn 0.0629 0.9466 0.3161
vn 0.0748 0.9662 0.2466
vn 0.0936 0.9466 0.3085
vn 0.0986 0.9662 0.2380
vn 0.1234 0.9466 0.2978
vn 0.1215 0.9662 0.2272
vn 0.1520 0.9466 0.2843
vn 0.1431 0.9662 0.2142
vn 0.1791 0.9466 0.2680
vn 0.1635 0.9662 0.1992
vn 0.2045 0.9466 0.2492
vn 0.1822 0.9662 0.1822
vn 0.2279 0.9466 0.2279
vn 0.1992 0.9662 0.1635
vn 0.2492 0.9466 0.2045
vn 0.2142 0.9662 0.1431
vn 0.2680 0.9466 0.1791
vn 0.2272 0.9662 0.1215
vn 0.2843 0.9466 0.1519
vn 0.2381 0.9662 0.0986
vn 0.2978 0.9466 0.1233
vn 0.2466 0.9662 0.0748
vn 0.3085 0.9466 0.0936
vn 0.2527 0.9662 0.0503
vn 0.3161 0.9466 0.0629
vn 0.2564 0.9662 0.0253
vn 0.3208 0.9466 0.0316
vn 0.9049 0.4161 -0.0891
vn 0.9093 0.4161 -0.0000
vn 0.8918 0.4161 -0.1774
vn 0.8702 0.4161 -0.2640
vn 0.8401 0.4161 -0.3480
vn 0.8019 0.4161 -0.4286
vn 0.7561 0.4161 -0.5052
vn 0.7029 0.4161 -0.5769
vn 0.6430 0.4161 -0.6430
vn 0.5769 0.4161 -0.7029
vn 0.5052 0.4161 -0.7561
vn 0.4286 0.4161 -0.8019
vn 0.3480 0.4161 -0.8401
vn 0.2640 0.4161 -0.8702
vn 0.1774 0.4161 -0.8918
vn 0.0891 0.4161 -0.9049
vn -0.0000 0.4161 -0.9093
vn -0.0891 0.4161 -0.9049
vn -0.1774 0.4161 -0.8918
vn -0.2640 0.4161 -0.8702
vn -0.3480 0.4161 -0.8401
vn -0.4287 0.4161 -0.8019
vn -0.5052 0.4161 -0.7561
vn -0.5769 0.4161 -0.7029
vn -0.6430 0.4161 -0.6430
vn -0.7029 0.4161 -0.5769
vn -0.7561 0.4161 -0.5052
vn -0.8019 0.4161 -0.4286
vn -0.8401 0.4161 -0.3480
vn -0.8702 0.4161 -0.2640
vn -0.8918 0.4161 -0.1774
vn -0.9049 0.4161 -0.0891
vn -0.9093 0.4161 -0.0000
vn -0.9049 0.4161 0.0891
vn -0.8918 0.4161 0.1774
vn -0.8702 0.4161 0.2640
vn -0.8401 0.4161 0.3480
vn -0.8019 0.4161 0.4286
vn -0.7561 0.4161 0.5052
vn -0.7029 0.4161 0.5769
vn -0.6430 0.4161 0.6430
vn -0.5769 0.4161 0.7029
vn -0.5052 0.4161 0.7561
vn -0.4286 0.4161 0.8019
vn -0.3480 0.4161 0.8401
vn -0.2640 0.4161 0.8702
vn -0.1774 0.4161 0.8918
vn -0.0891 0.4161 0.9049
vn -0.0000 0.4161 0.9093
vn 0.0891 0.4161 0.9049
vn 0.1774 0.4161 0.8918
vn 0.2640 0.4161 0.8702
vn 0.3480 0.4161 0.8401
vn 0.4287 0.4161 0.8019
vn 0.5052 0.4161 0.7561
vn 0.5769 0.4161 0.7029
vn 0.6430 0.4161 0.6430
vn 0.7029 0.4161 0.5769
vn 0.7561 0.4161 0.5052
vn 0.8019 0.4161 0.4286
vn 0.8401 0.4161 0.3480
vn 0.8702 0.4161 0.2640
vn 0.8918 0.4161 0.1774
vn 0.9049 0.4161 0.0891
vn 0.8711 0.4836 -0.0858
vn 0.8753 0.4836 -0.0000
vn 0.8585 0.4836 -0.1708
vn 0.8376 0.4836 -0.2541
vn 0.8087 0.4836 -0.3350
vn 0.7720 0.4836 -0.4126
vn 0.7278 0.4836 -0.4863
vn 0.6766 0.4836 -0.5553
vn 0.6189 0.4836 -0.6189
vn 0.5553 0.4836 -0.6766
vn 0.4863 0.4836 -0.7278
vn 0.4126 0.4836 -0.7719
vn 0.3350 0.4836 -0.8087
vn 0.2541 0.4836 -0.8376
vn 0.1708 0.4836 -0.8585
vn 0.0858 0.4836 -0.8711
vn -0.0000 0.4836 -0.8753
vn -0.0858 0.4836 -0.8711
vn -0.1708 0.4836 -0.8585
vn -0.2541 0.4836 -0.8376
vn -0.3350 0.4836 -0.8087
vn -0.4126 0.4836 -0.7720
vn -0.4863 0.4836 -0.7278
vn -0.5553 0.4836 -0.6766
vn -0.6189 0.4836 -0.6189
vn -0.6766 0.4836 -0.5553
vn -0.7278 0.4836 -0.4863
vn -0.7720 0.4836 -0.4126
vn -0.8087 0.4836 -0.3350
vn -0.8376 0.4836 -0.2541
vn -0.8585 0.4836 -0.1708
vn -0.8711 0.4836 -0.0858
vn -0.8753 0.4836 -0.0000
vn -0.8711 0.4836 0.0858
vn -0.8585 0.4836 0.1708
vn -0.8376 0.4836 0.2541
vn -0.8087 0.4836 0.3350
vn -0.7720 0.4836 0.4126
vn -0.7278 0.4836 0.4863
vn -0.6766 0.4836 0.5553
vn -0.6189 0.4836 0.6189
vn -0.5553 0.4836 0.6766
vn -0.4863 0.4836 0.7278
vn -0.4126 0.4836 0.7719
vn -0.3350 0.4836 0.8087
vn -0.2541 0.4836 0.8376
vn -0.1708 0.4836 0.8585
vn -0.0858 0.4836 0.8711
vn -0.0000 0.4836 0.8753
vn 0.0858 0.4836 0.8711
vn 0.1708 0.4836 0.8585
vn 0.2541 0.4836 0.8376
vn 0.3350 0.4836 0.8087
vn 0.4126 0.4836 0.7720
vn 0.4863 0.4836 0.7278
vn 0.5553 0.4836 0.6766
vn 0.6189 0.4836 0.6189
vn 0.6766 0.4836 0.5553
vn 0.7278 0.4836 0.4863
vn 0.7720 0.4836 0.4126
vn 0.8087 0.4836 0.3350
vn 0.8376 0.4836 0.2541
vn 0.8585 0.4836 0.1708
vn 0.8711 0.4836 0.0858
vn 0.7427 0.6656 -0.0732
vn 0.7463 0.6656 -0.0000
vn 0.7320 0.6656 -0.1456
vn 0.7142 0.6656 -0.2166
vn 0.6895 0.6656 -0.2856
vn 0.6582 0.6656 -0.3518
vn 0.6205 0.6656 -0.4146
vn 0.5769 0.6656 -0.4735
vn 0.5278 0.6656 -0.5278
vn 0.4735 0.6656 -0.5769
vn 0.4146 0.6656 -0.6205
vn 0.3518 0.6656 -0.6582
vn 0.2856 0.6656 -0.6895
vn 0.2166 0.6656 -0.7142
vn 0.1456 0.6656 -0.7320
vn 0.0732 0.6656 -0.7428
vn -0.0000 0.6656 -0.7463
vn -0.0732 0.6656 -0.7428
vn -0.1456 0.6656 -0.7320
vn -0.2166 0.6656 -0.7142
vn -0.2856 0.6656 -0.6895
vn -0.3518 0.6656 -0.6582
vn -0.4146 0.6656 -0.6205
vn -0.4735 0.6656 -0.5769
vn -0.5278 0.6656 -0.5278
vn -0.5769 0.6656 -0.4735
vn -0.6205 0.6656 -0.4146
vn -0.6582 0.6656 -0.3518
vn -0.6895 0.6656 -0.2856
vn -0.7142 0.6656 -0.2167
vn -0.7320 0.6656 -0.1456
vn -0.7428 0.6656 -0.0732
vn -0.7463 0.6656 -0.0000
vn -0.7427 0.6656 0.0732
vn -0.7320 0.6656 0.1456
vn -0.7142 0.6656 0.2166
vn -0.6895 0.6656 0.2856
vn -0.6582 0.6656 0.3518
vn -0.6205 0.6656 0.4146
vn -0.5769 0.6656 0.4735
vn -0.5278 0.6656 0.5278
vn -0.4735 0.6656 0.5769
vn -0.4146 0.6656 0.6205
vn -0.3518 0.6656 0.6582
vn -0.2856 0.6656 0.6895
vn -0.2166 0.6656 0.7142
vn -0.1456 0.6656 0.7320
vn -0.0732 0.6656 0.7428
vn -0.0000 0.6656 0.7463
vn 0.0732 0.6656 0.7428
vn 0.1456 0.6656 0.7320
vn 0.2166 0.6656 0.7142
vn 0.2856 0.6656 0.6895
vn 0.3518 0.6656 0.6582
vn 0.4146 0.6656 0.6205
vn 0.4735 0.6656 0.5769
vn 0.5278 0.6656 0.5278
vn 0.5769 0.6656 0.4735
vn 0.6205 0.6656 0.4146
vn 0.6582 0.6656 0.3518
vn 0.6895 0.6656 0.2856
vn 0.7142 0.6656 0.2167
vn 0.7320 0.6656 0.1456
vn 0.7428 0.6656 0.0732
vn 0.6046 0.7943 -0.0595
vn 0.6075 0.7943 -0.0000
vn 0.5958 0.7943 -0.1185
vn 0.5813 0.7943 -0.1763
vn 0.5612 0.7943 -0.2325
vn 0.5358 0.7943 -0.2864
vn 0.5051 0.7943 -0.3375
vn 0.4696 0.7943 -0.3854
vn 0.4296 0.7943 -0.4296
vn 0.3854 0.7943 -0.4696
vn 0.3375 0.7943 -0.5051
vn 0.2864 0.7943 -0.5358
vn 0.2325 0.7943 -0.5613
vn 0.1763 0.7943 -0.5813
vn 0.1185 0.7943 -0.5958
vn 0.0595 0.7943 -0.6046
vn -0.0000 0.7944 -0.6075
vn -0.0595 0.7943 -0.6046
vn -0.1185 0.7943 -0.5958
vn -0.1763 0.7943 -0.5813
vn -0.2325 0.7943 -0.5613
vn -0.2864 0.7943 -0.5358
vn -0.3375 0.7943 -0.5051
vn -0.3854 0.7943 -0.4696
vn -0.4296 0.7943 -0.4296
vn -0.4696 0.7943 -0.3854
vn -0.5051 0.7943 -0.3375
vn -0.5358 0.7943 -0.2864
vn -0.5612 0.7943 -0.2325
vn -0.5813 0.7943 -0.1763
vn -0.5958 0.7943 -0.1185
vn -0.6046 0.7943 -0.0595
vn -0.6075 0.7943 -0.0000
vn -0.6046 0.7943 0.0595
vn -0.5958 0.7943 0.1185
vn -0.5813 0.7943 0.1763
vn -0.5612 0.7943 0.2325
vn -0.5358 0.7943 0.2864
vn -0.5051 0.7943 0.3375
vn -0.4696 0.7943 0.3854
vn -0.4296 0.7943 0.4296
vn -0.3854 0.7943 0.4696
vn -0.3375 0.7943 0.5051
vn -0.2864 0.7943 0.5358
vn -0.2325 0.7943 0.5613
vn -0.1763 0.7943 0.5813
vn -0.1185 0.7943 0.5958
vn -0.0595 0.7943 0.6046
vn -0.0000 0.7944 0.6075
vn 0.0595 0.7943 0.6046
vn 0.1185 0.7943 0.5958
vn 0.1763 0.7943 0.5813
vn 0.2325 0.7943 0.5613
vn 0.2864 0.7943 0.5358
vn 0.3375 0.7943 0.5051
vn 0.3854 0.7943 0.4696
vn 0.4296 0.7943 0.4296
vn 0.4696 0.7943 0.3854
vn 0.5051 0.7943 0.3375
vn 0.5358 0.7943 0.2864
vn 0.5612 0.7943 0.2325
vn 0.5813 0.7943 0.1763
vn 0.5958 0.7943 0.1185
vn 0.6046 0.7943 0.0595
vn 0.4609 0.8863 -0.0454
vn 0.4631 0.8863 -0.0000
vn 0.4542 0.8863 -0.0903
vn 0.4432 0.8863 -0.1344
vn 0.4279 0.8863 -0.1772
vn 0.4084 0.8863 -0.2183
vn 0.3850 0.8863 -0.2573
vn 0.3580 0.8863 -0.2938
vn 0.3275 0.8863 -0.3275
vn 0.2938 0.8863 -0.3580
vn 0.2573 0.8863 -0.3851
vn 0.2183 0.8863 -0.4084
vn 0.1772 0.8863 -0.4279
vn 0.1344 0.8863 -0.4431
vn 0.0903 0.8863 -0.4542
vn 0.0454 0.8863 -0.4608
vn -0.0000 0.8863 -0.4631
vn -0.0454 0.8863 -0.4608
vn -0.0903 0.8863 -0.4542
vn -0.1344 0.8863 -0.4431
vn -0.1772 0.8863 -0.4278
vn -0.2183 0.8863 -0.4084
vn -0.2573 0.8863 -0.3851
vn -0.2938 0.8863 -0.3580
vn -0.3275 0.8863 -0.3275
vn -0.3580 0.8863 -0.2938
vn -0.3851 0.8863 -0.2573
vn -0.4084 0.8863 -0.2183
vn -0.4278 0.8863 -0.1772
vn -0.4432 0.8863 -0.1344
vn -0.4542 0.8863 -0.0903
vn -0.4609 0.8863 -0.0454
vn -0.4631 0.8863 -0.0000
vn -0.4609 0.8863 0.0454
vn -0.4542 0.8863 0.0903
vn -0.4432 0.8863 0.1344
vn -0.4279 0.8863 0.1772
vn -0.4084 0.8863 0.2183
vn -0.3850 0.8863 0.2573
vn -0.3580 0.8863 0.2938
vn -0.3275 0.8863 0.3275
vn -0.2938 0.8863 0.3580
vn -0.2573 0.8863 0.3851
vn -0.2183 0.8863 0.4084
vn -0.1772 0.8863 0.4279
vn -0.1344 0.8863 0.4431
vn -0.0903 0.8863 0.4542
vn -0.0454 0.8863 0.4608
vn -0.0000 0.8863 0.4631
vn 0.0454 0.8863 0.4608
vn 0.0903 0.8863 0.4542
vn 0.1344 0.8863 0.4431
vn 0.1772 0.8863 0.4278
vn 0.2183 0.8863 0.4084
vn 0.2573 0.8863 0.3851
vn 0.2938 0.8863 0.3580
vn 0.3275 0.8863 0.3275
vn 0.3580 0.8863 0.2938
vn 0.3851 0.8863 0.2573
vn 0.4084 0.8863 0.2183
vn 0.4278 0.8863 0.1772
vn 0.4432 0.8863 0.1344
vn 0.4542 0.8863 0.0903
vn 0.4609 0.8863 0.0454
vn 0.3045 0.9520 -0.0300
vn 0.3059 0.9520 -0.0000
vn 0.3001 0.9520 -0.0597
vn 0.2928 0.9520 -0.0888
vn 0.2827 0.9520 -0.1171
vn 0.2698 0.9520 -0.1442
vn 0.2544 0.9520 -0.1700
vn 0.2365 0.9520 -0.1941
vn 0.2163 0.9520 -0.2163
vn 0.1941 0.9520 -0.2365
vn 0.1700 0.9520 -0.2544
vn 0.1442 0.9520 -0.2698
vn 0.1171 0.9520 -0.2827
vn 0.0888 0.9520 -0.2928
vn 0.0597 0.9520 -0.3001
vn 0.0300 0.9520 -0.3045
vn -0.0000 0.9520 -0.3059
vn -0.0300 0.9520 -0.3045
vn -0.0597 0.9520 -0.3001
vn -0.0888 0.9520 -0.2928
vn -0.1171 0.9520 -0.2827
vn -0.1442 0.9520 -0.2698
vn -0.1700 0.9520 -0.2544
vn -0.1941 0.9520 -0.2365
vn -0.2163 0.9520 -0.2163
vn -0.2365 0.9520 -0.1941
vn -0.2544 0.9520 -0.1700
vn -0.2698 0.9520 -0.1442
vn -0.2827 0.9520 -0.1171
vn -0.2928 0.9520 -0.0888
vn -0.3001 0.9520 -0.0597
vn -0.3045 0.9520 -0.0300
vn -0.3059 0.9520 -0.0000
vn -0.3045 0.9520 0.0300
vn -0.3001 0.9520 0.0597
vn -0.2928 0.9520 0.0888
vn -0.2827 0.9520 0.1171
vn -0.2698 0.9520 0.1442
vn -0.2544 0.9520 0.1700
vn -0.2365 0.9520 0.1941
vn -0.2163 0.9520 0.2163
vn -0.1941 0.9520 0.2365
vn -0.1700 0.9520 0.2544
vn -0.1442 0.9520 0.2698
vn -0.1171 0.9520 0.2827
vn -0.0888 0.9520 0.2928
vn -0.0597 0.9520 0.3001
vn -0.0300 0.9520 0.3045
vn -0.0000 0.9520 0.3059
vn 0.0300 0.9520 0.3045
vn 0.0597 0.9520 0.3001
vn 0.0888 0.9520 0.2928
vn 0.1171 0.9520 0.2827
vn 0.1442 0.9520 0.2698
vn 0.1700 0.9520 0.2544
vn 0.1941 0.9520 0.2365
vn 0.2163 0.9520 0.2163
vn 0.2365 0.9520 0.1941
vn 0.2544 0.9520 0.1700
vn 0.2698 0.9520 0.1442
vn 0.2827 0.9520 0.1171
vn 0.2928 0.9520 0.0888
vn 0.3001 0.9520 0.0597
vn 0.3045 0.9520 0.0300
vn 0.1779 0.9839 -0.0175
vn 0.1787 0.9839 -0.0000
vn 0.1753 0.9839 -0.0349
vn 0.1710 0.9839 -0.0519
vn 0.1651 0.9839 -0.0684
vn 0.1576 0.9839 -0.0843
vn 0.1486 0.9839 -0.0993
vn 0.1382 0.9839 -0.1134
vn 0.1264 0.9839 -0.1264
vn 0.1134 0.9839 -0.1382
vn 0.0993 0.9839 -0.1486
vn 0.0843 0.9839 -0.1576
vn 0.0684 0.9839 -0.1651
vn 0.0519 0.9839 -0.1710
vn 0.0349 0.9839 -0.1753
vn 0.0175 0.9839 -0.1779
vn -0.0000 0.9839 -0.1787
vn -0.0175 0.9839 -0.1779
vn -0.0349 0.9839 -0.1753
vn -0.0519 0.9839 -0.1710
vn -0.0684 0.9839 -0.1651
vn -0.0843 0.9839 -0.1576
vn -0.0993 0.9839 -0.1486
vn -0.1134 0.9839 -0.1382
vn -0.1264 0.9839 -0.1264
vn -0.1382 0.9839 -0.1134
vn -0.1486 0.9839 -0.0993
vn -0.1576 0.9839 -0.0843
vn -0.1651 0.9839 -0.0684
vn -0.1710 0.9839 -0.0519
vn -0.1753 0.9839 -0.0349
vn -0.1779 0.9839 -0.0175
vn -0.1787 0.9839 -0.0000
vn -0.1779 0.9839 0.0175
vn -0.1753 0.9839 0.0349
vn -0.1710 0.9839 0.0519
vn -0.1651 0.9839 0.0684
vn -0.1576 0.9839 0.0843
vn -0.1486 0.9839 0.0993
vn -0.1382 0.9839 0.1134
vn -0.1264 0.9839 0.1264
vn -0.1134 0.9839 0.1382
vn -0.0993 0.9839 0.1486
vn -0.0843 0.9839 0.1576
vn -0.0684 0.9839 0.1651
vn -0.0519 0.9839 0.1710
vn -0.0349 0.9839 0.1753
vn -0.0175 0.9839 0.1779
vn -0.0000 0.9839 0.1787
vn 0.0175 0.9839 0.1779
vn 0.0349 0.9839 0.1753
vn 0.0519 0.9839 0.1710
vn 0.0684 0.9839 0.1651
vn 0.0843 0.9839 0.1576
vn 0.0993 0.9839 0.1486
vn 0.1134 0.9839 0.1382
vn 0.1264 0.9839 0.1264
vn 0.1382 0.9839 0.1134
vn 0.1486 0.9839 0.0993
vn 0.1576 0.9839 0.0843
vn 0.1651 0.9839 0.0684
vn 0.1710 0.9839 0.0519
vn 0.1753 0.9839 0.0349
vn 0.1779 0.9839 0.0175
vn 0.0988 0.9951 -0.0097
vn 0.0993 0.9951 -0.0000
vn 0.0974 0.9951 -0.0194
vn 0.0950 0.9951 -0.0288
vn 0.0917 0.9951 -0.0380
vn 0.0876 0.9951 -0.0468
vn 0.0826 0.9951 -0.0552
vn 0.0768 0.9951 -0.0630
vn 0.0702 0.9951 -0.0702
vn 0.0630 0.9951 -0.0768
vn 0.0552 0.9951 -0.0826
vn 0.0468 0.9951 -0.0876
vn 0.0380 0.9951 -0.0918
vn 0.0288 0.9951 -0.0950
vn 0.0194 0.9951 -0.0974
vn 0.0097 0.9951 -0.0988
vn -0.0000 0.9951 -0.0993
vn -0.0097 0.9951 -0.0988
vn -0.0194 0.9951 -0.0974
vn -0.0288 0.9951 -0.0950
vn -0.0380 0.9951 -0.0918
vn -0.0468 0.9951 -0.0876
vn -0.0552 0.9951 -0.0826
vn -0.0630 0.9951 -0.0768
vn -0.0702 0.9951 -0.0702
vn -0.0768 0.9951 -0.0630
vn -0.0826 0.9951 -0.0552
vn -0.0876 0.9951 -0.0468
vn -0.0918 0.9951 -0.0380
vn -0.0950 0.9951 -0.0288
vn -0.0974 0.9951 -0.0194
vn -0.0988 0.9951 -0.0097
vn -0.0993 0.9951 -0.0000
vn -0.0988 0.9951 0.0097
vn -0.0974 0.9951 0.0194
vn -0.0950 0.9951 0.0288
vn -0.0917 0.9951 0.0380
vn -0.0876 0.9951 0.0468
vn -0.0826 0.9951 0.0552
vn -0.0768 0.9951 0.0630
vn -0.0702 0.9951 0.0702
vn -0.0630 0.9951 0.0768
vn -0.0552 0.9951 0.0826
vn -0.0468 0.9951 0.0876
vn -0.0380 0.9951 0.0918
vn -0.0288 0.9951 0.0950
vn -0.0194 0.9951 0.0974
vn -0.0097 0.9951 0.0988
vn -0.0000 0.9951 0.0993
vn 0.0097 0.9951 0.0988
vn 0.0194 0.9951 0.0974
vn 0.0288 0.9951 0.0950
vn 0.0380 0.9951 0.0918
vn 0.0468 0.9951 0.0876
vn 0.0552 0.9951 0.0826
vn 0.0630 0.9951 0.0768
vn 0.0702 0.9951 0.0702
vn 0.0768 0.9951 0.0630
vn 0.0826 0.9951 0.0552
vn 0.0876 0.9951 0.0468
vn 0.0918 0.9951 0.0380
vn 0.0950 0.9951 0.0288
vn 0.0974 0.9951 0.0194
vn 0.0988 0.9951 0.0097
vn 0.3874 0.9211 -0.0382
vn 0.3893 0.9211 -0.0000
vn 0.3818 0.9211 -0.0760
vn 0.3725 0.9211 -0.1130
vn 0.3596 0.9211 -0.1490
vn 0.3433 0.9211 -0.1835
vn 0.3237 0.9211 -0.2163
vn 0.3009 0.9211 -0.2470
vn 0.2753 0.9211 -0.2753
vn 0.2469 0.9211 -0.3009
vn 0.2163 0.9211 -0.3237
vn 0.1835 0.9211 -0.3433
vn 0.1490 0.9211 -0.3596
vn 0.1130 0.9211 -0.3725
vn 0.0760 0.9211 -0.3818
vn 0.0382 0.9211 -0.3874
vn -0.0000 0.9211 -0.3893
vn -0.0382 0.9211 -0.3874
vn -0.0759 0.9211 -0.3818
vn -0.1130 0.9211 -0.3725
vn -0.1490 0.9211 -0.3596
vn -0.1835 0.9211 -0.3433
vn -0.2163 0.9211 -0.3237
vn -0.2470 0.9211 -0.3009
vn -0.2753 0.9211 -0.2753
vn -0.3009 0.9211 -0.2470
vn -0.3237 0.9211 -0.2163
vn -0.3433 0.9211 -0.1835
vn -0.3597 0.9211 -0.1490
vn -0.3725 0.9211 -0.1130
vn -0.3818 0.9211 -0.0759
vn -0.3874 0.9211 -0.0382
vn -0.3893 0.9211 -0.0000
vn -0.3874 0.9211 0.0382
vn -0.3818 0.9211 0.0760
vn -0.3725 0.9211 0.1130
vn -0.3596 0.9211 0.1490
vn -0.3433 0.9211 0.1835
vn -0.3237 0.9211 0.2163
vn -0.3009 0.9211 0.2470
vn -0.2753 0.9211 0.2753
vn -0.2469 0.9211 0.3009
vn -0.2163 0.9211 0.3237
vn -0.1835 0.9211 0.3433
vn -0.1490 0.9211 0.3596
vn -0.1130 0.9211 0.3725
vn -0.0760 0.9211 0.3818
vn -0.0382 0.9211 0.3874
vn -0.0000 0.9211 0.3893
vn 0.0382 0.9211 0.3874
vn 0.0759 0.9211 0.3818
vn 0.1130 0.9211 0.3725
vn 0.1490 0.9211 0.3596
vn 0.1835 0.9211 0.3433
vn 0.2163 0.9211 0.3237
vn 0.2470 0.9211 0.3009
vn 0.2753 0.9211 0.2753
vn 0.3009 0.9211 0.2470
vn 0.3237 0.9211 0.2163
vn 0.3433 0.9211 0.1835
vn 0.3597 0.9211 0.1490
vn 0.3725 0.9211 0.1130
vn 0.3818 0.9211 0.0759
vn 0.3874 0.9211 0.0382
vn 0.6368 0.7685 -0.0627
vn 0.6399 0.7685 -0.0000
vn 0.6276 0.7684 -0.1248
vn 0.6124 0.7684 -0.1858
vn 0.5912 0.7684 -0.2449
vn 0.5644 0.7684 -0.3017
vn 0.5321 0.7684 -0.3555
vn 0.4947 0.7684 -0.4060
vn 0.4525 0.7684 -0.4525
vn 0.4060 0.7684 -0.4947
vn 0.3555 0.7684 -0.5321
vn 0.3017 0.7684 -0.5644
vn 0.2449 0.7684 -0.5912
vn 0.1858 0.7684 -0.6124
vn 0.1248 0.7684 -0.6276
vn 0.0627 0.7684 -0.6368
vn -0.0000 0.7684 -0.6399
vn -0.0627 0.7684 -0.6368
vn -0.1248 0.7684 -0.6276
vn -0.1858 0.7684 -0.6124
vn -0.2449 0.7684 -0.5912
vn -0.3017 0.7684 -0.5644
vn -0.3555 0.7684 -0.5321
vn -0.4060 0.7684 -0.4947
vn -0.4525 0.7685 -0.4525
vn -0.4947 0.7684 -0.4060
vn -0.5321 0.7684 -0.3555
vn -0.5644 0.7684 -0.3017
vn -0.5912 0.7684 -0.2449
vn -0.6124 0.7684 -0.1858
vn -0.6276 0.7684 -0.1248
vn -0.6368 0.7685 -0.0627
vn -0.6399 0.7685 -0.0000
vn -0.6368 0.7685 0.0627
vn -0.6276 0.7684 0.1248
vn -0.6124 0.7684 0.1858
vn -0.5912 0.7684 0.2449
vn -0.5644 0.7684 0.3017
vn -0.5321 0.7684 0.3555
vn -0.4947 0.7684 0.4060
vn -0.4525 0.7684 0.4525
vn -0.4060 0.7684 0.4947
vn -0.3555 0.7684 0.5321
vn -0.3017 0.7684 0.5644
vn -0.2449 0.7684 0.5912
vn -0.1858 0.7684 0.6124
vn -0.1248 0.7684 0.6276
vn -0.0627 0.7684 0.6368
vn -0.0000 0.7684 0.6399
vn 0.0627 0.7684 0.6368
vn 0.1248 0.7684 0.6276
vn 0.1858 0.7684 0.6124
vn 0.2449 0.7684 0.5912
vn 0.3017 0.7684 0.5644
vn 0.3555 0.7684 0.5321
vn 0.4060 0.7684 0.4947
vn 0.4525 0.7685 0.4525
vn 0.4947 0.7684 0.4060
vn 0.5321 0.7684 0.3555
vn 0.5644 0.7684 0.3017
vn 0.5912 0.7684 0.2449
vn 0.6124 0.7684 0.1858
vn 0.6276 0.7684 0.1248
vn 0.6368 0.7685 0.0627
vn 0.9894 0.1455 -0.0000
vn 0.9846 0.1455 -0.0970
vn 0.9851 -0.1422 -0.0970
vn 0.9898 -0.1422 -0.0000
vn 0.9703 0.1455 -0.1930
vn 0.9708 -0.1422 -0.1931
vn 0.9468 0.1455 -0.2872
vn 0.9472 -0.1422 -0.2873
vn 0.9140 0.1455 -0.3786
vn 0.9145 -0.1422 -0.3788
vn 0.8725 0.1455 -0.4664
vn 0.8730 -0.1422 -0.4666
vn 0.8226 0.1455 -0.5497
vn 0.8230 -0.1422 -0.5499
vn 0.7648 0.1455 -0.6276
vn 0.7652 -0.1422 -0.6279
vn 0.6996 0.1455 -0.6996
vn 0.6999 -0.1422 -0.6999
vn 0.6276 0.1455 -0.7648
vn 0.6279 -0.1422 -0.7652
vn 0.5496 0.1455 -0.8226
vn 0.5499 -0.1422 -0.8230
vn 0.4664 0.1455 -0.8725
vn 0.4666 -0.1422 -0.8730
vn 0.3786 0.1455 -0.9140
vn 0.3788 -0.1422 -0.9145
vn 0.2872 0.1455 -0.9468
vn 0.2873 -0.1422 -0.9472
vn 0.1930 0.1455 -0.9703
vn 0.1931 -0.1422 -0.9708
vn 0.0970 0.1455 -0.9846
vn 0.0970 -0.1422 -0.9851
vn -0.0000 0.1455 -0.9894
vn -0.0000 -0.1422 -0.9898
vn -0.0970 0.1455 -0.9846
vn -0.0970 -0.1422 -0.9851
vn -0.1930 0.1455 -0.9703
vn -0.1931 -0.1422 -0.9708
vn -0.2872 0.1455 -0.9468
vn -0.2873 -0.1422 -0.9472
vn -0.3786 0.1455 -0.9140
vn -0.3788 -0.1422 -0.9145
vn -0.4664 0.1455 -0.8725
vn -0.4666 -0.1422 -0.8730
vn -0.5496 0.1455 -0.8226
vn -0.5499 -0.1422 -0.8230
vn -0.6276 0.1455 -0.7648
vn -0.6279 -0.1422 -0.7652
vn -0.6996 0.1455 -0.6996
vn -0.6999 -0.1422 -0.6999
vn -0.7648 0.1455 -0.6276
vn -0.7652 -0.1422 -0.6279
vn -0.8226 0.1455 -0.5497
vn -0.8230 -0.1422 -0.5499
vn -0.8725 0.1455 -0.4664
vn -0.8730 -0.1422 -0.4666
vn -0.9140 0.1455 -0.3786
vn -0.9145 -0.1422 -0.3788
vn -0.9468 0.1455 -0.2872
vn -0.9472 -0.1422 -0.2873
vn -0.9703 0.1455 -0.1930
vn -0.9708 -0.1422 -0.1931
vn -0.9846 0.1455 -0.0970
vn -0.9851 -0.1422 -0.0970
vn -0.9894 0.1455 -0.0000
vn -0.9898 -0.1422 -0.0000
vn -0.9846 0.1455 0.0970
vn -0.9851 -0.1422 0.0970
vn -0.9703 0.1455 0.1930
vn -0.9708 -0.1422 0.1931
vn -0.9468 0.1455 0.2872
vn -0.9472 -0.1422 0.2873
vn -0.9140 0.1455 0.3786
vn -0.9145 -0.1422 0.3788
vn -0.8725 0.1455 0.4664
vn -0.8730 -0.1422 0.4666
vn -0.8226 0.1455 0.5497
vn -0.8230 -0.1422 0.5499
vn -0.7648 0.1455 0.6276
vn -0.7652 -0.1422 0.6279
vn -0.6996 0.1455 0.6996
vn -0.6999 -0.1422 0.6999
vn -0.6276 0.1455 0.7648
vn -0.6279 -0.1422 0.7652
vn -0.5496 0.1455 0.8226
vn -0.5499 -0.1422 0.8230
vn -0.4664 0.1455 0.8725
vn -0.4666 -0.1422 0.8730
vn -0.3786 0.1455 0.9140
vn -0.3788 -0.1422 0.9145
vn -0.2872 0.1455 0.9468
vn -0.2873 -0.1422 0.9472
vn -0.1930 0.1455 0.9703
vn -0.1931 -0.1422 0.9708
vn -0.0970 0.1455 0.9846
vn -0.0970 -0.1422 0.9851
vn -0.0000 0.1455 0.9894
vn -0.0000 -0.1422 0.9898
vn 0.0970 0.1455 0.9846
vn 0.0970 -0.1422 0.9851
vn 0.1930 0.1455 0.9703
vn 0.1931 -0.1422 0.9708
vn 0.2872 0.1455 0.9468
vn 0.2873 -0.1422 0.9472
vn 0.3786 0.1455 0.9140
vn 0.3788 -0.1422 0.9145
vn 0.4664 0.1455 0.8725
vn 0.4666 -0.1422 0.8730
vn 0.5496 0.1455 0.8226
vn 0.5499 -0.1422 0.8230
vn 0.6276 0.1455 0.7648
vn 0.6279 -0.1422 0.7652
vn 0.6996 0.1455 0.6996
vn 0.6999 -0.1422 0.6999
vn 0.7648 0.1455 0.6276
vn 0.7652 -0.1422 0.6279
vn 0.8226 0.1455 0.5497
vn 0.8230 -0.1422 0.5499
vn 0.8725 0.1455 0.4664
vn 0.8730 -0.1422 0.4666
vn 0.9140 0.1455 0.3786
vn 0.9145 -0.1422 0.3788
vn 0.9468 0.1455 0.2872
vn 0.9472 -0.1422 0.2873
vn 0.9703 0.1455 0.1930
vn 0.9708 -0.1422 0.1931
vn 0.9846 0.1455 0.0970
vn 0.9851 -0.1422 0.0970
vn 0.8966 -0.4338 -0.0883
vn 0.9010 -0.4338 -0.0000
vn 0.8837 -0.4338 -0.1758
vn 0.8622 -0.4338 -0.2615
vn 0.8324 -0.4338 -0.3448
vn 0.7946 -0.4338 -0.4247
vn 0.7491 -0.4338 -0.5006
vn 0.6965 -0.4338 -0.5716
vn 0.6371 -0.4338 -0.6371
vn 0.5716 -0.4338 -0.6965
vn 0.5006 -0.4338 -0.7491
vn 0.4247 -0.4338 -0.7946
vn 0.3448 -0.4338 -0.8324
vn 0.2615 -0.4338 -0.8622
vn 0.1758 -0.4338 -0.8837
vn 0.0883 -0.4338 -0.8966
vn -0.0000 -0.4338 -0.9010
vn -0.0883 -0.4338 -0.8966
vn -0.1758 -0.4338 -0.8837
vn -0.2615 -0.4338 -0.8622
vn -0.3448 -0.4338 -0.8324
vn -0.4247 -0.4338 -0.7946
vn -0.5006 -0.4338 -0.7491
vn -0.5716 -0.4338 -0.6965
vn -0.6371 -0.4338 -0.6371
vn -0.6965 -0.4338 -0.5716
vn -0.7491 -0.4338 -0.5006
vn -0.7946 -0.4338 -0.4247
vn -0.8324 -0.4338 -0.3448
vn -0.8622 -0.4338 -0.2615
vn -0.8837 -0.4338 -0.1758
vn -0.8966 -0.4338 -0.0883
vn -0.9010 -0.4338 -0.0000
vn -0.8966 -0.4338 0.0883
vn -0.8837 -0.4338 0.1758
vn -0.8622 -0.4338 0.2615
vn -0.8324 -0.4338 0.3448
vn -0.7946 -0.4338 0.4247
vn -0.7491 -0.4338 0.5006
vn -0.6965 -0.4338 0.5716
vn -0.6371 -0.4338 0.6371
vn -0.5716 -0.4338 0.6965
vn -0.5006 -0.4338 0.7491
vn -0.4247 -0.4338 0.7946
vn -0.3448 -0.4338 0.8324
vn -0.2615 -0.4338 0.8622
vn -0.1758 -0.4338 0.8837
vn -0.0883 -0.4338 0.8966
vn -0.0000 -0.4338 0.9010
vn 0.0883 -0.4338 0.8966
vn 0.1758 -0.4338 0.8837
vn 0.2615 -0.4338 0.8622
vn 0.3448 -0.4338 0.8324
vn 0.4247 -0.4338 0.7946
vn 0.5006 -0.4338 0.7491
vn 0.5716 -0.4338 0.6965
vn 0.6371 -0.4338 0.6371
vn 0.6965 -0.4338 0.5716
vn 0.7491 -0.4338 0.5006
vn 0.7946 -0.4338 0.4247
vn 0.8324 -0.4338 0.3448
vn 0.8622 -0.4338 0.2615
vn 0.8837 -0.4338 0.1758
vn 0.8966 -0.4338 0.0883
vn 0.9677 -0.2333 -0.0953
vn 0.9724 -0.2333 -0.0000
vn 0.9537 -0.2333 -0.1897
vn 0.9305 -0.2333 -0.2823
vn 0.8984 -0.2333 -0.3721
vn 0.8576 -0.2333 -0.4584
vn 0.8085 -0.2333 -0.5402
vn 0.7517 -0.2333 -0.6169
vn 0.6876 -0.2333 -0.6876
vn 0.6169 -0.2333 -0.7517
vn 0.5402 -0.2333 -0.8085
vn 0.4584 -0.2333 -0.8576
vn 0.3721 -0.2333 -0.8984
vn 0.2823 -0.2333 -0.9305
vn 0.1897 -0.2333 -0.9537
vn 0.0953 -0.2333 -0.9677
vn -0.0000 -0.2333 -0.9724
vn -0.0953 -0.2333 -0.9677
vn -0.1897 -0.2333 -0.9537
vn -0.2823 -0.2333 -0.9305
vn -0.3721 -0.2333 -0.8984
vn -0.4584 -0.2333 -0.8576
vn -0.5402 -0.2333 -0.8085
vn -0.6169 -0.2333 -0.7517
vn -0.6876 -0.2333 -0.6876
vn -0.7517 -0.2333 -0.6169
vn -0.8085 -0.2333 -0.5402
vn -0.8576 -0.2333 -0.4584
vn -0.8984 -0.2333 -0.3721
vn -0.9305 -0.2333 -0.2823
vn -0.9537 -0.2333 -0.1897
vn -0.9677 -0.2333 -0.0953
vn -0.9724 -0.2333 -0.0000
vn -0.9677 -0.2333 0.0953
vn -0.9537 -0.2333 0.1897
vn -0.9305 -0.2333 0.2823
vn -0.8984 -0.2333 0.3721
vn -0.8576 -0.2333 0.4584
vn -0.8085 -0.2333 0.5402
vn -0.7517 -0.2333 0.6169
vn -0.6876 -0.2333 0.6876
vn -0.6169 -0.2333 0.7517
vn -0.5402 -0.2333 0.8085
vn -0.4584 -0.2333 0.8576
vn -0.3721 -0.2333 0.8984
vn -0.2823 -0.2333 0.9305
vn -0.1897 -0.2333 0.9537
vn -0.0953 -0.2333 0.9677
vn -0.0000 -0.2333 0.9724
vn 0.0953 -0.2333 0.9677
vn 0.1897 -0.2333 0.9537
vn 0.2823 -0.2333 0.9305
vn 0.3721 -0.2333 0.8984
vn 0.4584 -0.2333 0.8576
vn 0.5402 -0.2333 0.8085
vn 0.6169 -0.2333 0.7517
vn 0.6876 -0.2333 0.6876
vn 0.7517 -0.2333 0.6169
vn 0.8085 -0.2333 0.5402
vn 0.8576 -0.2333 0.4584
vn 0.8984 -0.2333 0.3721
vn 0.9305 -0.2333 0.2823
vn 0.9537 -0.2333 0.1897
vn 0.9677 -0.2333 0.0953
vn 0.9923 0.0761 -0.0977
vn 0.9971 0.0761 -0.0000
vn 0.9779 0.0761 -0.1945
vn 0.9542 0.0761 -0.2894
vn 0.9212 0.0761 -0.3816
vn 0.8794 0.0761 -0.4700
vn 0.8291 0.0761 -0.5540
vn 0.7708 0.0761 -0.6326
vn 0.7051 0.0761 -0.7051
vn 0.6326 0.0761 -0.7708
vn 0.5540 0.0761 -0.8291
vn 0.4700 0.0761 -0.8794
vn 0.3816 0.0761 -0.9212
vn 0.2894 0.0761 -0.9542
vn 0.1945 0.0761 -0.9779
vn 0.0977 0.0761 -0.9923
vn -0.0000 0.0761 -0.9971
vn -0.0977 0.0761 -0.9923
vn -0.1945 0.0761 -0.9779
vn -0.2894 0.0761 -0.9542
vn -0.3816 0.0761 -0.9212
vn -0.4700 0.0761 -0.8794
vn -0.5540 0.0761 -0.8291
vn -0.6326 0.0761 -0.7708
vn -0.7051 0.0761 -0.7051
vn -0.7708 0.0761 -0.6326
vn -0.8291 0.0761 -0.5540
vn -0.8794 0.0761 -0.4700
vn -0.9212 0.0761 -0.3816
vn -0.9542 0.0761 -0.2894
vn -0.9779 0.0761 -0.1945
vn -0.9923 0.0761 -0.0977
vn -0.9971 0.0761 -0.0000
vn -0.9923 0.0761 0.0977
vn -0.9779 0.0761 0.1945
vn -0.9542 0.0761 0.2894
vn -0.9212 0.0761 0.3816
vn -0.8794 0.0761 0.4700
vn -0.8291 0.0761 0.5540
vn -0.7708 0.0761 0.6326
vn -0.7051 0.0761 0.7051
vn -0.6326 0.0761 0.7708
vn -0.5540 0.0761 0.8291
vn -0.4700 0.0761 0.8794
vn -0.3816 0.0761 0.9212
vn -0.2894 0.0761 0.9542
vn -0.1945 0.0761 0.9779
vn -0.0977 0.0761 0.9923
vn -0.0000 0.0761 0.9971
vn 0.0977 0.0761 0.9923
vn 0.1945 0.0761 0.9779
vn 0.2894 0.0761 0.9542
vn 0.3816 0.0761 0.9212
vn 0.4700 0.0761 0.8794
vn 0.5540 0.0761 0.8291
vn 0.6326 0.0761 0.7708
vn 0.7051 0.0761 0.7051
vn 0.7708 0.0761 0.6326
vn 0.8291 0.0761 0.5540
vn 0.8794 0.0761 0.4700
vn 0.9212 0.0761 0.3816
vn 0.9542 0.0761 0.2894
vn 0.9779 0.0761 0.1945
vn 0.9923 0.0761 0.0977
vn 0.9027 0.4211 -0.0889
vn 0.9070 0.4211 -0.0000
vn 0.8896 0.4211 -0.1770
vn 0.8680 0.4211 -0.2633
vn 0.8380 0.4211 -0.3471
vn 0.7999 0.4211 -0.4276
vn 0.7542 0.4211 -0.5039
vn 0.7011 0.4211 -0.5754
vn 0.6414 0.4211 -0.6414
vn 0.5754 0.4211 -0.7011
vn 0.5039 0.4211 -0.7542
vn 0.4276 0.4211 -0.7999
vn 0.3471 0.4211 -0.8380
vn 0.2633 0.4211 -0.8680
vn 0.1770 0.4211 -0.8896
vn 0.0889 0.4211 -0.9027
vn -0.0000 0.4211 -0.9070
vn -0.0889 0.4211 -0.9027
vn -0.1770 0.4211 -0.8896
vn -0.2633 0.4211 -0.8680
vn -0.3471 0.4211 -0.8380
vn -0.4276 0.4211 -0.7999
vn -0.5039 0.4211 -0.7542
vn -0.5754 0.4211 -0.7011
vn -0.6414 0.4211 -0.6414
vn -0.7011 0.4211 -0.5754
vn -0.7542 0.4211 -0.5039
vn -0.7999 0.4211 -0.4276
vn -0.8380 0.4211 -0.3471
vn -0.8680 0.4211 -0.2633
vn -0.8896 0.4211 -0.1770
vn -0.9027 0.4211 -0.0889
vn -0.9070 0.4211 -0.0000
vn -0.9027 0.4211 0.0889
vn -0.8896 0.4211 0.1770
vn -0.8680 0.4211 0.2633
vn -0.8380 0.4211 0.3471
vn -0.7999 0.4211 0.4276
vn -0.7542 0.4211 0.5039
vn -0.7011 0.4211 0.5754
vn -0.6414 0.4211 0.6414
vn -0.5754 0.4211 0.7011
vn -0.5039 0.4211 0.7542
vn -0.4276 0.4211 0.7999
vn -0.3471 0.4211 0.8380
vn -0.2633 0.4211 0.8680
vn -0.1770 0.4211 0.8896
vn -0.0889 0.4211 0.9027
vn -0.0000 0.4211 0.9070
vn 0.0889 0.4211 0.9027
vn 0.1770 0.4211 0.8896
vn 0.2633 0.4211 0.8680
vn 0.3471 0.4211 0.8380
vn 0.4276 0.4211 0.7999
vn 0.5039 0.4211 0.7542
vn 0.5754 0.4211 0.7011
vn 0.6414 0.4211 0.6414
vn 0.7011 0.4211 0.5754
vn 0.7542 0.4211 0.5039
vn 0.7999 0.4211 0.4276
vn 0.8380 0.4211 0.3471
vn 0.8680 0.4211 0.2633
vn 0.8896 0.4211 0.1770
vn 0.9027 0.4211 0.0889
vn 0.7030 0.7078 -0.0692
vn 0.7064 0.7078 -0.0000
vn 0.6928 0.7078 -0.1378
vn 0.6760 0.7078 -0.2051
vn 0.6526 0.7078 -0.2703
vn 0.6230 0.7078 -0.3330
vn 0.5874 0.7078 -0.3925
vn 0.5461 0.7078 -0.4481
vn 0.4995 0.7078 -0.4995
vn 0.4481 0.7078 -0.5461
vn 0.3925 0.7078 -0.5874
vn 0.3330 0.7078 -0.6230
vn 0.2703 0.7078 -0.6526
vn 0.2051 0.7078 -0.6760
vn 0.1378 0.7078 -0.6928
vn 0.0692 0.7078 -0.7030
vn -0.0000 0.7078 -0.7064
vn -0.0692 0.7078 -0.7030
vn -0.1378 0.7078 -0.6928
vn -0.2051 0.7078 -0.6760
vn -0.2703 0.7078 -0.6526
vn -0.3330 0.7078 -0.6230
vn -0.3925 0.7078 -0.5874
vn -0.4481 0.7078 -0.5461
vn -0.4995 0.7078 -0.4995
vn -0.5461 0.7078 -0.4481
vn -0.5874 0.7078 -0.3925
vn -0.6230 0.7078 -0.3330
vn -0.6526 0.7078 -0.2703
vn -0.6760 0.7078 -0.2051
vn -0.6928 0.7078 -0.1378
vn -0.7030 0.7078 -0.0692
vn -0.7064 0.7078 -0.0000
vn -0.7030 0.7078 0.0692
vn -0.6928 0.7078 0.1378
vn -0.6760 0.7078 0.2051
vn -0.6526 0.7078 0.2703
vn -0.6230 0.7078 0.3330
vn -0.5874 0.7078 0.3925
vn -0.5461 0.7078 0.4481
vn -0.4995 0.7078 0.4995
vn -0.4481 0.7078 0.5461
vn -0.3925 0.7078 0.5874
vn -0.3330 0.7078 0.6230
vn -0.2703 0.7078 0.6526
vn -0.2051 0.7078 0.6760
vn -0.1378 0.7078 0.6928
vn -0.0692 0.7078 0.7030
vn -0.0000 0.7078 0.7064
vn 0.0692 0.7078 0.7030
vn 0.1378 0.7078 0.6928
vn 0.2051 0.7078 0.6760
vn 0.2703 0.7078 0.6526
vn 0.3330 0.7078 0.6230
vn 0.3925 0.7078 0.5874
vn 0.4481 0.7078 0.5461
vn 0.4995 0.7078 0.4995
vn 0.5461 0.7078 0.4481
vn 0.5874 0.7078 0.3925
vn 0.6230 0.7078 0.3330
vn 0.6526 0.7078 0.2703
vn 0.6760 0.7078 0.2051
vn 0.6928 0.7078 0.1378
vn 0.7030 0.7078 0.0692
vn 0.4451 0.8944 -0.0438
vn 0.4472 0.8944 -0.0000
vn 0.4386 0.8944 -0.0873
vn 0.4280 0.8944 -0.1298
vn 0.4132 0.8944 -0.1711
vn 0.3944 0.8944 -0.2108
vn 0.3719 0.8944 -0.2485
vn 0.3457 0.8944 -0.2837
vn 0.3162 0.8944 -0.3162
vn 0.2837 0.8944 -0.3457
vn 0.2485 0.8944 -0.3719
vn 0.2108 0.8944 -0.3944
vn 0.1711 0.8944 -0.4132
vn 0.1298 0.8944 -0.4279
vn 0.0873 0.8944 -0.4386
vn 0.0438 0.8944 -0.4451
vn -0.0000 0.8944 -0.4472
vn -0.0438 0.8944 -0.4451
vn -0.0872 0.8944 -0.4386
vn -0.1298 0.8944 -0.4279
vn -0.1711 0.8944 -0.4132
vn -0.2108 0.8944 -0.3944
vn -0.2485 0.8944 -0.3719
vn -0.2837 0.8944 -0.3457
vn -0.3162 0.8944 -0.3162
vn -0.3457 0.8944 -0.2837
vn -0.3719 0.8944 -0.2485
vn -0.3944 0.8944 -0.2108
vn -0.4132 0.8944 -0.1712
vn -0.4280 0.8944 -0.1298
vn -0.4386 0.8944 -0.0873
vn -0.4451 0.8944 -0.0438
vn -0.4472 0.8944 -0.0000
vn -0.4451 0.8944 0.0438
vn -0.4386 0.8944 0.0873
vn -0.4280 0.8944 0.1298
vn -0.4132 0.8944 0.1711
vn -0.3944 0.8944 0.2108
vn -0.3719 0.8944 0.2485
vn -0.3457 0.8944 0.2837
vn -0.3162 0.8944 0.3162
vn -0.2837 0.8944 0.3457
vn -0.2485 0.8944 0.3719
vn -0.2108 0.8944 0.3944
vn -0.1711 0.8944 0.4132
vn -0.1298 0.8944 0.4279
vn -0.0873 0.8944 0.4386
vn -0.0438 0.8944 0.4451
vn -0.0000 0.8944 0.4472
vn 0.0438 0.8944 0.4451
vn 0.0872 0.8944 0.4386
vn 0.1298 0.8944 0.4279
vn 0.1711 0.8944 0.4132
vn 0.2108 0.8944 0.3944
vn 0.2485 0.8944 0.3719
vn 0.2837 0.8944 0.3457
vn 0.3162 0.8944 0.3162
vn 0.3457 0.8944 0.2837
vn 0.3719 0.8944 0.2485
vn 0.3944 0.8944 0.2108
vn 0.4132 0.8944 0.1712
vn 0.4280 0.8944 0.1298
vn 0.4386 0.8944 0.0873
vn 0.4451 0.8944 0.0438
vn -0.0000 1.0000 -0.0000
vn -0.0417 -0.0167 -0.9990
vn -0.0154 -0.0093 -0.9998
vn 0.0234 -0.0093 -0.9997
vn 0.4976 -0.8660 -0.0490
vn 0.4904 -0.8660 -0.0975
vn 0.4785 -0.8660 -0.1451
vn 0.4619 -0.8660 -0.1913
vn 0.4410 -0.8660 -0.2357
vn 0.4157 -0.8660 -0.2778
vn 0.3865 -0.8660 -0.3172
vn 0.3536 -0.8660 -0.3536
vn 0.3172 -0.8660 -0.3865
vn 0.2778 -0.8660 -0.4157
vn 0.2357 -0.8660 -0.4410
vn 0.1913 -0.8660 -0.4619
vn 0.1451 -0.8660 -0.4785
vn 0.0975 -0.8660 -0.4904
vn 0.0490 -0.8660 -0.4976
vn -0.0000 -0.8660 -0.5000
vn -0.0490 -0.8660 -0.4976
vn -0.0975 -0.8660 -0.4904
vn -0.1451 -0.8660 -0.4785
vn -0.1913 -0.8660 -0.4619
vn -0.2357 -0.8660 -0.4410
vn -0.2778 -0.8660 -0.4157
vn -0.3172 -0.8660 -0.3865
vn -0.3536 -0.8660 -0.3536
vn -0.3865 -0.8660 -0.3172
vn -0.4157 -0.8660 -0.2778
vn -0.4410 -0.8660 -0.2357
vn -0.4619 -0.8660 -0.1913
vn -0.4785 -0.8660 -0.1451
vn -0.4904 -0.8660 -0.0975
vn -0.4976 -0.8660 -0.0490
vn -0.5000 -0.8660 -0.0000
vn -0.4976 -0.8660 0.0490
vn -0.4904 -0.8660 0.0975
vn -0.4785 -0.8660 0.1451
vn -0.4619 -0.8660 0.1913
vn -0.4410 -0.8660 0.2357
vn -0.4157 -0.8660 0.2778
vn -0.3865 -0.8660 0.3172
vn -0.3536 -0.8660 0.3536
vn -0.3172 -0.8660 0.3865
vn -0.2778 -0.8660 0.4157
vn -0.2357 -0.8660 0.4410
vn -0.1913 -0.8660 0.4619
vn -0.1451 -0.8660 0.4785
vn -0.0975 -0.8660 0.4904
vn -0.0490 -0.8660 0.4976
vn -0.0000 -0.8660 0.5000
vn 0.0490 -0.8660 0.4976
vn 0.0975 -0.8660 0.4904
vn 0.1451 -0.8660 0.4785
vn 0.1913 -0.8660 0.4619
vn 0.2357 -0.8660 0.4410
vn 0.2778 -0.8660 0.4157
vn 0.3172 -0.8660 0.3865
vn 0.3536 -0.8660 0.3536
vn 0.3865 -0.8660 0.3172
vn 0.4157 -0.8660 0.2778
vn 0.4410 -0.8660 0.2357
vn 0.4619 -0.8660 0.1913
vn 0.4785 -0.8660 0.1451
vn 0.4904 -0.8660 0.0975
vn 0.4976 -0.8660 0.0490
vn 0.5000 -0.8660 -0.0000
vn 0.5000 0.8660 -0.0000
vn 0.4976 0.8660 -0.0490
vn 0.4904 0.8660 -0.0975
vn 0.4785 0.8660 -0.1451
vn 0.4619 0.8660 -0.1913
vn 0.4410 0.8660 -0.2357
vn 0.4157 0.8660 -0.2778
vn 0.3865 0.8660 -0.3172
vn 0.3536 0.8660 -0.3536
vn 0.3172 0.8660 -0.3865
vn 0.2778 0.8660 -0.4157
vn 0.2357 0.8660 -0.4410
vn 0.1913 0.8660 -0.4619
vn 0.1451 0.8660 -0.4785
vn 0.0975 0.8660 -0.4904
vn 0.0490 0.8660 -0.4976
vn -0.0000 0.8660 -0.5000
vn -0.0490 0.8660 -0.4976
vn -0.0975 0.8660 -0.4904
vn -0.1451 0.8660 -0.4785
vn -0.1913 0.8660 -0.4619
vn -0.2357 0.8660 -0.4410
vn -0.2778 0.8660 -0.4157
vn -0.3172 0.8660 -0.3865
vn -0.3536 0.8660 -0.3536
vn -0.3865 0.8660 -0.3172
vn -0.4157 0.8660 -0.2778
vn -0.4410 0.8660 -0.2357
vn -0.4619 0.8660 -0.1913
vn -0.4785 0.8660 -0.1451
vn -0.4904 0.8660 -0.0975
vn -0.4976 0.8660 -0.0490
vn -0.5000 0.8660 -0.0000
vn -0.4976 0.8660 0.0490
vn -0.4904 0.8660 0.0975
vn -0.4785 0.8660 0.1451
vn -0.4619 0.8660 0.1913
vn -0.4410 0.8660 0.2357
vn -0.4157 0.8660 0.2778
vn -0.3865 0.8660 0.3172
vn -0.3536 0.8660 0.3536
vn -0.3172 0.8660 0.3865
vn -0.2778 0.8660 0.4157
vn -0.2357 0.8660 0.4410
vn -0.1913 0.8660 0.4619
vn -0.1451 0.8660 0.4785
vn -0.0975 0.8660 0.4904
vn -0.0490 0.8660 0.4976
vn -0.0000 0.8660 0.5000
vn 0.0490 0.8660 0.4976
vn 0.0975 0.8660 0.4904
vn 0.1451 0.8660 0.4785
vn 0.1913 0.8660 0.4619
vn 0.2357 0.8660 0.4410
vn 0.2778 0.8660 0.4157
vn 0.3172 0.8660 0.3865
vn 0.3536 0.8660 0.3536
vn 0.3865 0.8660 0.3172
vn 0.4157 0.8660 0.2778
vn 0.4410 0.8660 0.2357
vn 0.4619 0.8660 0.1913
vn 0.4785 0.8660 0.1451
vn 0.4904 0.8660 0.0975
vn 0.4976 0.8660 0.0490
vn 0.7071 0.7071 -0.0000
vn 0.7037 0.7071 -0.0693
vn 0.6935 0.7071 -0.1379
vn 0.6766 0.7071 -0.2053
vn 0.6533 0.7071 -0.2706
vn 0.6236 0.7071 -0.3333
vn 0.5879 0.7071 -0.3928
vn 0.5466 0.7071 -0.4486
vn 0.5000 0.7071 -0.5000
vn 0.4486 0.7071 -0.5466
vn 0.3928 0.7071 -0.5879
vn 0.3333 0.7071 -0.6236
vn 0.2706 0.7071 -0.6533
vn 0.2053 0.7071 -0.6767
vn 0.1380 0.7071 -0.6935
vn 0.0693 0.7071 -0.7037
vn -0.0000 0.7071 -0.7071
vn -0.0693 0.7071 -0.7037
vn -0.1379 0.7071 -0.6935
vn -0.2053 0.7071 -0.6767
vn -0.2706 0.7071 -0.6533
vn -0.3333 0.7071 -0.6236
vn -0.3928 0.7071 -0.5879
vn -0.4486 0.7071 -0.5466
vn -0.5000 0.7071 -0.5000
vn -0.5466 0.7071 -0.4486
vn -0.5879 0.7071 -0.3928
vn -0.6236 0.7071 -0.3333
vn -0.6533 0.7071 -0.2706
vn -0.6767 0.7071 -0.2053
vn -0.6935 0.7071 -0.1379
vn -0.7037 0.7071 -0.0693
vn -0.7071 0.7071 -0.0000
vn -0.7037 0.7071 0.0693
vn -0.6935 0.7071 0.1379
vn -0.6766 0.7071 0.2053
vn -0.6533 0.7071 0.2706
vn -0.6236 0.7071 0.3333
vn -0.5879 0.7071 0.3928
vn -0.5466 0.7071 0.4486
vn -0.5000 0.7071 0.5000
vn -0.4486 0.7071 0.5466
vn -0.3928 0.7071 0.5879
vn -0.3333 0.7071 0.6236
vn -0.2706 0.7071 0.6533
vn -0.2053 0.7071 0.6767
vn -0.1380 0.7071 0.6935
vn -0.0693 0.7071 0.7037
vn -0.0000 0.7071 0.7071
vn 0.0693 0.7071 0.7037
vn 0.1379 0.7071 0.6935
vn 0.2053 0.7071 0.6767
vn 0.2706 0.7071 0.6533
vn 0.3333 0.7071 0.6236
vn 0.3928 0.7071 0.5879
vn 0.4486 0.7071 0.5466
vn 0.5000 0.7071 0.5000
vn 0.5466 0.7071 0.4486
vn 0.5879 0.7071 0.3928
vn 0.6236 0.7071 0.3333
vn 0.6533 0.7071 0.2706
vn 0.6767 0.7071 0.2053
vn 0.6935 0.7071 0.1379
vn 0.7037 0.7071 0.0693
vn -0.0417 -0.0167 0.9990
vn -0.3695 -0.1650 0.9145
vn 0.3695 -0.1650 0.9145
vn 0.0234 -0.0093 0.9997
vn 0.3118 -0.1886 0.9312
vn 0.0236 -0.0142 0.9996
vn 0.2474 -0.2542 0.9350
vn 0.0139 -0.0159 0.9998
vn 0.2446 0.2556 0.9353
vn 0.0242 0.0286 0.9993
vn 0.2103 0.2283 0.9506
vn 0.0085 0.0093 0.9999
vn 0.2469 0.2521 0.9357
vn 0.0284 0.0257 0.9993
vn -0.2469 0.2521 0.9357
vn -0.0192 0.0173 0.9997
vn -0.2103 0.2283 0.9506
vn -0.0072 0.0079 0.9999
vn -0.2446 0.2556 0.9353
vn -0.0242 0.0286 0.9993
vn -0.2474 -0.2542 0.9350
vn -0.0166 -0.0190 0.9997
vn -0.3118 -0.1886 0.9312
vn -0.0154 -0.0093 0.9998
vn -0.0000 -0.8711 0.4912
vn 0.8658 -0.0000 0.5004
vn -0.1516 -0.8527 0.5000
vn 0.8703 -0.0000 0.4924
vn -0.1515 0.8521 0.5010
vn 0.8502 -0.1616 0.5010
vn -0.0000 0.8704 0.4924
vn -0.8502 -0.1616 0.5010
vn 0.1515 0.8521 0.5010
vn -0.8703 -0.0000 0.4924
vn 0.1516 -0.8527 0.5000
vn -0.8658 -0.0000 0.5004
vn -0.0000 -0.9996 0.0293
vn 0.9996 -0.0000 0.0298
vn -0.1750 -0.9841 0.0298
vn 0.9996 -0.0000 0.0293
vn -0.1750 0.9841 0.0298
vn -0.1749 0.9841 0.0299
vn 0.9820 -0.1867 0.0299
vn 0.9820 -0.1867 0.0298
vn -0.0000 0.9996 0.0293
vn -0.9820 -0.1867 0.0298
vn -0.9820 -0.1867 0.0299
vn 0.1750 0.9841 0.0299
vn 0.1750 0.9841 0.0298
vn -0.9996 -0.0000 0.0293
vn 0.1750 -0.9841 0.0298
vn -0.9996 -0.0000 0.0298
vn -0.0000 -0.9996 -0.0293
vn 0.9996 -0.0000 -0.0298
vn -0.1750 -0.9841 -0.0298
vn 0.9996 -0.0000 -0.0293
vn -0.1750 0.9841 -0.0298
vn -0.1750 0.9841 -0.0299
vn 0.9820 -0.1867 -0.0299
vn 0.9820 -0.1867 -0.0298
vn -0.0000 0.9996 -0.0293
vn -0.9820 -0.1867 -0.0298
vn -0.9820 -0.1867 -0.0299
vn 0.1749 0.9841 -0.0299
vn 0.1750 0.9841 -0.0298
vn -0.9996 -0.0000 -0.0293
vn 0.1750 -0.9841 -0.0298
vn -0.9996 -0.0000 -0.0298
vn -0.0000 -0.8711 -0.4912
vn 0.8658 -0.0000 -0.5004
vn -0.1516 -0.8527 -0.5000
vn 0.8703 -0.0000 -0.4924
vn -0.1515 0.8521 -0.5010
vn 0.8502 -0.1616 -0.5010
vn -0.0000 0.8704 -0.4924
vn -0.8502 -0.1616 -0.5010
vn 0.1515 0.8521 -0.5010
vn -0.8703 -0.0000 -0.4924
vn 0.1516 -0.8527 -0.5000
vn -0.8658 -0.0000 -0.5004
vn -0.3695 -0.1650 -0.9145
vn 0.3695 -0.1650 -0.9145
vn 0.3118 -0.1886 -0.9312
vn 0.2474 -0.2542 -0.9350
vn 0.2446 0.2556 -0.9353
vn 0.2103 0.2283 -0.9506
vn 0.2469 0.2521 -0.9357
vn -0.2469 0.2521 -0.9357
vn -0.2103 0.2283 -0.9506
vn -0.2446 0.2556 -0.9353
vn -0.2474 -0.2542 -0.9350
vn -0.3118 -0.1886 -0.9312
vn 0.0236 -0.0142 -0.9996
vn 0.0139 -0.0159 -0.9998
vn 0.0242 0.0286 -0.9993
vn 0.0085 0.0093 -0.9999
vn 0.0284 0.0257 -0.9993
vn -0.0192 0.0173 -0.9997
vn -0.0072 0.0079 -0.9999
vn -0.0242 0.0286 -0.9993
vn -0.0166 -0.0190 -0.9997
vt 0.406250 0.853323
vt 0.421875 0.853323
vt 0.421875 0.937774
vt 0.406250 0.937774
vt 0.023438 0.000000
vt 0.031250 0.257600
vt 0.015625 0.257600
vt 0.039062 0.000000
vt 0.046875 0.257600
vt 0.054688 0.000000
vt 0.062500 0.257600
vt 0.070312 0.000000
vt 0.078125 0.257600
vt 0.085938 0.000000
vt 0.093750 0.257600
vt 0.101562 0.000000
vt 0.109375 0.257600
vt 0.117188 0.000000
vt 0.125000 0.257600
vt 0.132812 0.000000
vt 0.140625 0.257600
vt 0.148438 0.000000
vt 0.156250 0.257600
vt 0.164062 0.000000
vt 0.171875 0.257600
vt 0.179688 0.000000
vt 0.187500 0.257600
vt 0.195312 0.000000
vt 0.203125 0.257600
vt 0.210938 0.000000
vt 0.218750 0.257600
vt 0.226562 0.000000
vt 0.234375 0.257600
vt 0.242188 0.000000
vt 0.250000 0.257600
vt 0.257812 0.000000
vt 0.265625 0.257600
vt 0.273438 0.000000
vt 0.281250 0.257600
vt 0.289062 0.000000
vt 0.296875 0.257600
vt 0.304688 0.000000
vt 0.312500 0.257600
vt 0.320312 0.000000
vt 0.328125 0.257600
vt 0.335938 0.000000
vt 0.343750 0.257600
vt 0.351562 0.000000
vt 0.359375 0.257600
vt 0.367188 0.000000
vt 0.375000 0.257600
vt 0.382812 0.000000
vt 0.390625 0.257600
vt 0.398438 0.000000
vt 0.406250 0.257600
vt 0.414062 0.000000
vt 0.421875 0.257600
vt 0.429688 0.000000
vt 0.437500 0.257600
vt 0.445312 0.000000
vt 0.453125 0.257600
vt 0.460938 0.000000
vt 0.468750 0.257600
vt 0.476562 0.000000
vt 0.484375 0.257600
vt 0.492188 0.000000
vt 0.500000 0.257600
vt 0.507812 0.000000
vt 0.515625 0.257600
vt 0.523438 0.000000
vt 0.531250 0.257600
vt 0.539062 0.000000
vt 0.546875 0.257600
vt 0.554688 0.000000
vt 0.562500 0.257600
vt 0.570312 0.000000
vt 0.578125 0.257600
vt 0.585938 0.000000
vt 0.593750 0.257600
vt 0.601562 0.000000
vt 0.609375 0.257600
vt 0.617188 0.000000
vt 0.625000 0.257600
vt 0.632812 0.000000
vt 0.640625 0.257600
vt 0.648438 0.000000
vt 0.656250 0.257600
vt 0.664062 0.000000
vt 0.671875 0.257600
vt 0.679688 0.000000
vt 0.687500 0.257600
vt 0.695312 0.000000
vt 0.703125 0.257600
vt 0.710938 0.000000
vt 0.718750 0.257600
vt 0.726562 0.000000
vt 0.734375 0.257600
vt 0.742188 0.000000
vt 0.750000 0.257600
vt 0.757812 0.000000
vt 0.765625 0.257600
vt 0.773438 0.000000
vt 0.781250 0.257600
vt 0.789062 0.000000
vt 0.796875 0.257600
vt 0.804688 0.000000
vt 0.812500 0.257600
vt 0.820312 0.000000
vt 0.828125 0.257600
vt 0.835938 0.000000
vt 0.843750 0.257600
vt 0.851562 0.000000
vt 0.859375 0.257600
vt 0.867188 0.000000
vt 0.875000 0.257600
vt 0.882812 0.000000
vt 0.890625 0.257600
vt 0.898438 0.000000
vt 0.906250 0.257600
vt 0.914062 0.000000
vt 0.921875 0.257600
vt 0.929688 0.000000
vt 0.937500 0.257600
vt 0.945312 0.000000
vt 0.953125 0.257600
vt 0.960938 0.000000
vt 0.968750 0.257600
vt 0.976562 0.000000
vt 0.984375 0.257600
vt 0.992188 0.000000
vt 1.000000 0.257600
vt 0.000000 0.257600
vt 0.015625 0.278433
vt 0.000000 0.278433
vt 0.031250 0.278433
vt 0.046875 0.278433
vt 0.062500 0.278433
vt 0.078125 0.278433
vt 0.093750 0.278433
vt 0.109375 0.278433
vt 0.125000 0.278433
vt 0.140625 0.278433
vt 0.156250 0.278433
vt 0.171875 0.278433
vt 0.187500 0.278433
vt 0.203125 0.278433
vt 0.218750 0.278433
vt 0.234375 0.278433
vt 0.250000 0.278433
vt 0.265625 0.278433
vt 0.281250 0.278433
vt 0.296875 0.278433
vt 0.312500 0.278433
vt 0.328125 0.278433
vt 0.343750 0.278433
vt 0.359375 0.278433
vt 0.375000 0.278433
vt 0.390625 0.278433
vt 0.406250 0.278433
vt 0.421875 0.278433
vt 0.437500 0.278433
vt 0.453125 0.278433
vt 0.468750 0.278433
vt 0.484375 0.278433
vt 0.500000 0.278433
vt 0.515625 0.278433
vt 0.531250 0.278433
vt 0.546875 0.278433
vt 0.562500 0.278433
vt 0.578125 0.278433
vt 0.593750 0.278433
vt 0.609375 0.278433
vt 0.625000 0.278433
vt 0.640625 0.278433
vt 0.656250 0.278433
vt 0.671875 0.278433
vt 0.687500 0.278433
vt 0.703125 0.278433
vt 0.718750 0.278433
vt 0.734375 0.278433
vt 0.750000 0.278433
vt 0.765625 0.278433
vt 0.781250 0.278433
vt 0.796875 0.278433
vt 0.812500 0.278433
vt 0.828125 0.278433
vt 0.843750 0.278433
vt 0.859375 0.278433
vt 0.875000 0.278433
vt 0.890625 0.278433
vt 0.906250 0.278433
vt 0.921875 0.278433
vt 0.937500 0.278433
vt 0.953125 0.278433
vt 0.968750 0.278433
vt 0.984375 0.278433
vt 1.000000 0.278433
vt 0.015625 0.285317
vt 0.000000 0.285317
vt 0.031250 0.285317
vt 0.046875 0.285317
vt 0.062500 0.285317
vt 0.078125 0.285317
vt 0.093750 0.285317
vt 0.109375 0.285317
vt 0.125000 0.285317
vt 0.140625 0.285317
vt 0.156250 0.285317
vt 0.171875 0.285317
vt 0.187500 0.285317
vt 0.203125 0.285317
vt 0.218750 0.285317
vt 0.234375 0.285317
vt 0.250000 0.285317
vt 0.265625 0.285317
vt 0.281250 0.285317
vt 0.296875 0.285317
vt 0.312500 0.285317
vt 0.328125 0.285317
vt 0.343750 0.285317
vt 0.359375 0.285317
vt 0.375000 0.285317
vt 0.390625 0.285317
vt 0.406250 0.285317
vt 0.421875 0.285317
vt 0.437500 0.285317
vt 0.453125 0.285317
vt 0.468750 0.285317
vt 0.484375 0.285317
vt 0.500000 0.285317
vt 0.515625 0.285317
vt 0.531250 0.285317
vt 0.546875 0.285317
vt 0.562500 0.285317
vt 0.578125 0.285317
vt 0.593750 0.285317
vt 0.609375 0.285317
vt 0.625000 0.285317
vt 0.640625 0.285317
vt 0.656250 0.285317
vt 0.671875 0.285317
vt 0.687500 0.285317
vt 0.703125 0.285317
vt 0.718750 0.285317
vt 0.734375 0.285317
vt 0.750000 0.285317
vt 0.765625 0.285317
vt 0.781250 0.285317
vt 0.796875 0.285317
vt 0.812500 0.285317
vt 0.828125 0.285317
vt 0.843750 0.285317
vt 0.859375 0.285317
vt 0.875000 0.285317
vt 0.890625 0.285317
vt 0.906250 0.285317
vt 0.921875 0.285317
vt 0.937500 0.285317
vt 0.953125 0.285317
vt 0.968750 0.285317
vt 0.984375 0.285317
vt 1.000000 0.285317
vt 0.015625 0.287231
vt 0.000000 0.287231
vt 0.031250 0.287231
vt 0.046875 0.287231
vt 0.062500 0.287231
vt 0.078125 0.287231
vt 0.093750 0.287231
vt 0.109375 0.287231
vt 0.125000 0.287231
vt 0.140625 0.287231
vt 0.156250 0.287231
vt 0.171875 0.287231
vt 0.187500 0.287231
vt 0.203125 0.287231
vt 0.218750 0.287231
vt 0.234375 0.287231
vt 0.250000 0.287231
vt 0.265625 0.287231
vt 0.281250 0.287231
vt 0.296875 0.287231
vt 0.312500 0.287231
vt 0.328125 0.287231
vt 0.343750 0.287231
vt 0.359375 0.287231
vt 0.375000 0.287231
vt 0.390625 0.287231
vt 0.406250 0.287231
vt 0.421875 0.287231
vt 0.437500 0.287231
vt 0.453125 0.287231
vt 0.468750 0.287231
vt 0.484375 0.287231
vt 0.500000 0.287231
vt 0.515625 0.287231
vt 0.531250 0.287231
vt 0.546875 0.287231
vt 0.562500 0.287231
vt 0.578125 0.287231
vt 0.593750 0.287231
vt 0.609375 0.287231
vt 0.625000 0.287231
vt 0.640625 0.287231
vt 0.656250 0.287231
vt 0.671875 0.287231
vt 0.687500 0.287231
vt 0.703125 0.287231
vt 0.718750 0.287231
vt 0.734375 0.287231
vt 0.750000 0.287231
vt 0.765625 0.287231
vt 0.781250 0.287231
vt 0.796875 0.287231
vt 0.812500 0.287231
vt 0.828125 0.287231
vt 0.843750 0.287231
vt 0.859375 0.287231
vt 0.875000 0.287231
vt 0.890625 0.287231
vt 0.906250 0.287231
vt 0.921875 0.287231
vt 0.937500 0.287231
vt 0.953125 0.287231
vt 0.968750 0.287231
vt 0.984375 0.287231
vt 1.000000 0.287231
vt 0.015625 0.304871
vt 0.000000 0.304871
vt 0.031250 0.304871
vt 0.046875 0.304871
vt 0.062500 0.304871
vt 0.078125 0.304871
vt 0.093750 0.304871
vt 0.109375 0.304871
vt 0.125000 0.304871
vt 0.140625 0.304871
vt 0.156250 0.304871
vt 0.171875 0.304871
vt 0.187500 0.304871
vt 0.203125 0.304871
vt 0.218750 0.304871
vt 0.234375 0.304871
vt 0.250000 0.304871
vt 0.265625 0.304871
vt 0.281250 0.304871
vt 0.296875 0.304871
vt 0.312500 0.304871
vt 0.328125 0.304871
vt 0.343750 0.304871
vt 0.359375 0.304871
vt 0.375000 0.304871
vt 0.390625 0.304871
vt 0.406250 0.304871
vt 0.421875 0.304871
vt 0.437500 0.304871
vt 0.453125 0.304871
vt 0.468750 0.304871
vt 0.484375 0.304871
vt 0.500000 0.304871
vt 0.515625 0.304871
vt 0.531250 0.304871
vt 0.546875 0.304871
vt 0.562500 0.304871
vt 0.578125 0.304871
vt 0.593750 0.304871
vt 0.609375 0.304871
vt 0.625000 0.304871
vt 0.640625 0.304871
vt 0.656250 0.304871
vt 0.671875 0.304871
vt 0.687500 0.304871
vt 0.703125 0.304871
vt 0.718750 0.304871
vt 0.734375 0.304871
vt 0.750000 0.304871
vt 0.765625 0.304871
vt 0.781250 0.304871
vt 0.796875 0.304871
vt 0.812500 0.304871
vt 0.828125 0.304871
vt 0.843750 0.304871
vt 0.859375 0.304871
vt 0.875000 0.304871
vt 0.890625 0.304871
vt 0.906250 0.304871
vt 0.921875 0.304871
vt 0.937500 0.304871
vt 0.953125 0.304871
vt 0.968750 0.304871
vt 0.984375 0.304871
vt 1.000000 0.304871
vt 0.015625 0.307423
vt 0.000000 0.307423
vt 0.031250 0.307423
vt 0.046875 0.307423
vt 0.062500 0.307423
vt 0.078125 0.307423
vt 0.093750 0.307423
vt 0.109375 0.307423
vt 0.125000 0.307423
vt 0.140625 0.307423
vt 0.156250 0.307423
vt 0.171875 0.307423
vt 0.187500 0.307423
vt 0.203125 0.307423
vt 0.218750 0.307423
vt 0.234375 0.307423
vt 0.250000 0.307423
vt 0.265625 0.307423
vt 0.281250 0.307423
vt 0.296875 0.307423
vt 0.312500 0.307423
vt 0.328125 0.307423
vt 0.343750 0.307423
vt 0.359375 0.307423
vt 0.375000 0.307423
vt 0.390625 0.307423
vt 0.406250 0.307423
vt 0.421875 0.307423
vt 0.437500 0.307423
vt 0.453125 0.307423
vt 0.468750 0.307423
vt 0.484375 0.307423
vt 0.500000 0.307423
vt 0.515625 0.307423
vt 0.531250 0.307423
vt 0.546875 0.307423
vt 0.562500 0.307423
vt 0.578125 0.307423
vt 0.593750 0.307423
vt 0.609375 0.307423
vt 0.625000 0.307423
vt 0.640625 0.307423
vt 0.656250 0.307423
vt 0.671875 0.307423
vt 0.687500 0.307423
vt 0.703125 0.307423
vt 0.718750 0.307423
vt 0.734375 0.307423
vt 0.750000 0.307423
vt 0.765625 0.307423
vt 0.781250 0.307423
vt 0.796875 0.307423
vt 0.812500 0.307423
vt 0.828125 0.307423
vt 0.843750 0.307423
vt 0.859375 0.307423
vt 0.875000 0.307423
vt 0.890625 0.307423
vt 0.906250 0.307423
vt 0.921875 0.307423
vt 0.937500 0.307423
vt 0.953125 0.307423
vt 0.968750 0.307423
vt 0.984375 0.307423
vt 1.000000 0.307423
vt 0.015625 0.319973
vt 0.000000 0.319973
vt 0.031250 0.319973
vt 0.046875 0.319973
vt 0.062500 0.319973
vt 0.078125 0.319973
vt 0.093750 0.319973
vt 0.109375 0.319973
vt 0.125000 0.319973
vt 0.140625 0.319973
vt 0.156250 0.319973
vt 0.171875 0.319973
vt 0.187500 0.319973
vt 0.203125 0.319973
vt 0.218750 0.319973
vt 0.234375 0.319973
vt 0.250000 0.319973
vt 0.265625 0.319973
vt 0.281250 0.319973
vt 0.296875 0.319973
vt 0.312500 0.319973
vt 0.328125 0.319973
vt 0.343750 0.319973
vt 0.359375 0.319973
vt 0.375000 0.319973
vt 0.390625 0.319973
vt 0.406250 0.319973
vt 0.421875 0.319973
vt 0.437500 0.319973
vt 0.453125 0.319973
vt 0.468750 0.319973
vt 0.484375 0.319973
vt 0.500000 0.319973
vt 0.515625 0.319973
vt 0.531250 0.319973
vt 0.546875 0.319973
vt 0.562500 0.319973
vt 0.578125 0.319973
vt 0.593750 0.319973
vt 0.609375 0.319973
vt 0.625000 0.319973
vt 0.640625 0.319973
vt 0.656250 0.319973
vt 0.671875 0.319973
vt 0.687500 0.319973
vt 0.703125 0.319973
vt 0.718750 0.319973
vt 0.734375 0.319973
vt 0.750000 0.319973
vt 0.765625 0.319973
vt 0.781250 0.319973
vt 0.796875 0.319973
vt 0.812500 0.319973
vt 0.828125 0.319973
vt 0.843750 0.319973
vt 0.859375 0.319973
vt 0.875000 0.319973
vt 0.890625 0.319973
vt 0.906250 0.319973
vt 0.921875 0.319973
vt 0.937500 0.319973
vt 0.953125 0.319973
vt 0.968750 0.319973
vt 0.984375 0.319973
vt 1.000000 0.319973
vt 0.015625 0.327650
vt 0.000000 0.327650
vt 0.031250 0.327650
vt 0.046875 0.327650
vt 0.062500 0.327650
vt 0.078125 0.327650
vt 0.093750 0.327650
vt 0.109375 0.327650
vt 0.125000 0.327650
vt 0.140625 0.327650
vt 0.156250 0.327650
vt 0.171875 0.327650
vt 0.187500 0.327650
vt 0.203125 0.327650
vt 0.218750 0.327650
vt 0.234375 0.327650
vt 0.250000 0.327650
vt 0.265625 0.327650
vt 0.281250 0.327650
vt 0.296875 0.327650
vt 0.312500 0.327650
vt 0.328125 0.327650
vt 0.343750 0.327650
vt 0.359375 0.327650
vt 0.375000 0.327650
vt 0.390625 0.327650
vt 0.406250 0.327650
vt 0.421875 0.327650
vt 0.437500 0.327650
vt 0.453125 0.327650
vt 0.468750 0.327650
vt 0.484375 0.327650
vt 0.500000 0.327650
vt 0.515625 0.327650
vt 0.531250 0.327650
vt 0.546875 0.327650
vt 0.562500 0.327650
vt 0.578125 0.327650
vt 0.593750 0.327650
vt 0.609375 0.327650
vt 0.625000 0.327650
vt 0.640625 0.327650
vt 0.656250 0.327650
vt 0.671875 0.327650
vt 0.687500 0.327650
vt 0.703125 0.327650
vt 0.718750 0.327650
vt 0.734375 0.327650
vt 0.750000 0.327650
vt 0.765625 0.327650
vt 0.781250 0.327650
vt 0.796875 0.327650
vt 0.812500 0.327650
vt 0.828125 0.327650
vt 0.843750 0.327650
vt 0.859375 0.327650
vt 0.875000 0.327650
vt 0.890625 0.327650
vt 0.906250 0.327650
vt 0.921875 0.327650
vt 0.937500 0.327650
vt 0.953125 0.327650
vt 0.968750 0.327650
vt 0.984375 0.327650
vt 1.000000 0.327650
vt 0.015625 0.337011
vt 0.000000 0.337011
vt 0.031250 0.337011
vt 0.046875 0.337011
vt 0.062500 0.337011
vt 0.078125 0.337011
vt 0.093750 0.337011
vt 0.109375 0.337011
vt 0.125000 0.337011
vt 0.140625 0.337011
vt 0.156250 0.337011
vt 0.171875 0.337011
vt 0.187500 0.337011
vt 0.203125 0.337011
vt 0.218750 0.337011
vt 0.234375 0.337011
vt 0.250000 0.337011
vt 0.265625 0.337011
vt 0.281250 0.337011
vt 0.296875 0.337011
vt 0.312500 0.337011
vt 0.328125 0.337011
vt 0.343750 0.337011
vt 0.359375 0.337011
vt 0.375000 0.337011
vt 0.390625 0.337011
vt 0.406250 0.337011
vt 0.421875 0.337011
vt 0.437500 0.337011
vt 0.453125 0.337011
vt 0.468750 0.337011
vt 0.484375 0.337011
vt 0.500000 0.337011
vt 0.515625 0.337011
vt 0.531250 0.337011
vt 0.546875 0.337011
vt 0.562500 0.337011
vt 0.578125 0.337011
vt 0.593750 0.337011
vt 0.609375 0.337011
vt 0.625000 0.337011
vt 0.640625 0.337011
vt 0.656250 0.337011
vt 0.671875 0.337011
vt 0.687500 0.337011
vt 0.703125 0.337011
vt 0.718750 0.337011
vt 0.734375 0.337011
vt 0.750000 0.337011
vt 0.765625 0.337011
vt 0.781250 0.337011
vt 0.796875 0.337011
vt 0.812500 0.337011
vt 0.828125 0.337011
vt 0.843750 0.337011
vt 0.859375 0.337011
vt 0.875000 0.337011
vt 0.890625 0.337011
vt 0.906250 0.337011
vt 0.921875 0.337011
vt 0.937500 0.337011
vt 0.953125 0.337011
vt 0.968750 0.337011
vt 0.984375 0.337011
vt 1.000000 0.337011
vt 0.015625 0.347696
vt 0.000000 0.347696
vt 0.031250 0.347696
vt 0.046875 0.347696
vt 0.062500 0.347696
vt 0.078125 0.347696
vt 0.093750 0.347696
vt 0.109375 0.347696
vt 0.125000 0.347696
vt 0.140625 0.347696
vt 0.156250 0.347696
vt 0.171875 0.347696
vt 0.187500 0.347696
vt 0.203125 0.347696
vt 0.218750 0.347696
vt 0.234375 0.347696
vt 0.250000 0.347696
vt 0.265625 0.347696
vt 0.281250 0.347696
vt 0.296875 0.347696
vt 0.312500 0.347696
vt 0.328125 0.347696
vt 0.343750 0.347696
vt 0.359375 0.347696
vt 0.375000 0.347696
vt 0.390625 0.347696
vt 0.406250 0.347696
vt 0.421875 0.347696
vt 0.437500 0.347696
vt 0.453125 0.347696
vt 0.468750 0.347696
vt 0.484375 0.347696
vt 0.500000 0.347696
vt 0.515625 0.347696
vt 0.531250 0.347696
vt 0.546875 0.347696
vt 0.562500 0.347696
vt 0.578125 0.347696
vt 0.593750 0.347696
vt 0.609375 0.347696
vt 0.625000 0.347696
vt 0.640625 0.347696
vt 0.656250 0.347696
vt 0.671875 0.347696
vt 0.687500 0.347696
vt 0.703125 0.347696
vt 0.718750 0.347696
vt 0.734375 0.347696
vt 0.750000 0.347696
vt 0.765625 0.347696
vt 0.781250 0.347696
vt 0.796875 0.347696
vt 0.812500 0.347696
vt 0.828125 0.347696
vt 0.843750 0.347696
vt 0.859375 0.347696
vt 0.875000 0.347696
vt 0.890625 0.347696
vt 0.906250 0.347696
vt 0.921875 0.347696
vt 0.937500 0.347696
vt 0.953125 0.347696
vt 0.968750 0.347696
vt 0.984375 0.347696
vt 1.000000 0.347696
vt 0.015625 0.359659
vt 0.000000 0.359659
vt 0.031250 0.359659
vt 0.046875 0.359659
vt 0.062500 0.359659
vt 0.078125 0.359659
vt 0.093750 0.359659
vt 0.109375 0.359659
vt 0.125000 0.359659
vt 0.140625 0.359659
vt 0.156250 0.359659
vt 0.171875 0.359659
vt 0.187500 0.359659
vt 0.203125 0.359659
vt 0.218750 0.359659
vt 0.234375 0.359659
vt 0.250000 0.359659
vt 0.265625 0.359659
vt 0.281250 0.359659
vt 0.296875 0.359659
vt 0.312500 0.359659
vt 0.328125 0.359659
vt 0.343750 0.359659
vt 0.359375 0.359659
vt 0.375000 0.359659
vt 0.390625 0.359659
vt 0.406250 0.359659
vt 0.421875 0.359659
vt 0.437500 0.359659
vt 0.453125 0.359659
vt 0.468750 0.359659
vt 0.484375 0.359659
vt 0.500000 0.359659
vt 0.515625 0.359659
vt 0.531250 0.359659
vt 0.546875 0.359659
vt 0.562500 0.359659
vt 0.578125 0.359659
vt 0.593750 0.359659
vt 0.609375 0.359659
vt 0.625000 0.359659
vt 0.640625 0.359659
vt 0.656250 0.359659
vt 0.671875 0.359659
vt 0.687500 0.359659
vt 0.703125 0.359659
vt 0.718750 0.359659
vt 0.734375 0.359659
vt 0.750000 0.359659
vt 0.765625 0.359659
vt 0.781250 0.359659
vt 0.796875 0.359659
vt 0.812500 0.359659
vt 0.828125 0.359659
vt 0.843750 0.359659
vt 0.859375 0.359659
vt 0.875000 0.359659
vt 0.890625 0.359659
vt 0.906250 0.359659
vt 0.921875 0.359659
vt 0.937500 0.359659
vt 0.953125 0.359659
vt 0.968750 0.359659
vt 0.984375 0.359659
vt 1.000000 0.359659
vt 0.015625 0.373504
vt 0.000000 0.373504
vt 0.031250 0.373504
vt 0.046875 0.373504
vt 0.062500 0.373504
vt 0.078125 0.373504
vt 0.093750 0.373504
vt 0.109375 0.373504
vt 0.125000 0.373504
vt 0.140625 0.373504
vt 0.156250 0.373504
vt 0.171875 0.373504
vt 0.187500 0.373504
vt 0.203125 0.373504
vt 0.218750 0.373504
vt 0.234375 0.373504
vt 0.250000 0.373504
vt 0.265625 0.373504
vt 0.281250 0.373504
vt 0.296875 0.373504
vt 0.312500 0.373504
vt 0.328125 0.373504
vt 0.343750 0.373504
vt 0.359375 0.373504
vt 0.375000 0.373504
vt 0.390625 0.373504
vt 0.406250 0.373504
vt 0.421875 0.373504
vt 0.437500 0.373504
vt 0.453125 0.373504
vt 0.468750 0.373504
vt 0.484375 0.373504
vt 0.500000 0.373504
vt 0.515625 0.373504
vt 0.531250 0.373504
vt 0.546875 0.373504
vt 0.562500 0.373504
vt 0.578125 0.373504
vt 0.593750 0.373504
vt 0.609375 0.373504
vt 0.625000 0.373504
vt 0.640625 0.373504
vt 0.656250 0.373504
vt 0.671875 0.373504
vt 0.687500 0.373504
vt 0.703125 0.373504
vt 0.718750 0.373504
vt 0.734375 0.373504
vt 0.750000 0.373504
vt 0.765625 0.373504
vt 0.781250 0.373504
vt 0.796875 0.373504
vt 0.812500 0.373504
vt 0.828125 0.373504
vt 0.843750 0.373504
vt 0.859375 0.373504
vt 0.875000 0.373504
vt 0.890625 0.373504
vt 0.906250 0.373504
vt 0.921875 0.373504
vt 0.937500 0.373504
vt 0.953125 0.373504
vt 0.968750 0.373504
vt 0.984375 0.373504
vt 1.000000 0.373504
vt 0.015625 0.390538
vt 0.000000 0.390538
vt 0.031250 0.390538
vt 0.046875 0.390538
vt 0.062500 0.390538
vt 0.078125 0.390538
vt 0.093750 0.390538
vt 0.109375 0.390538
vt 0.125000 0.390538
vt 0.140625 0.390538
vt 0.156250 0.390538
vt 0.171875 0.390538
vt 0.187500 0.390538
vt 0.203125 0.390538
vt 0.218750 0.390538
vt 0.234375 0.390538
vt 0.250000 0.390538
vt 0.265625 0.390538
vt 0.281250 0.390538
vt 0.296875 0.390538
vt 0.312500 0.390538
vt 0.328125 0.390538
vt 0.343750 0.390538
vt 0.359375 0.390538
vt 0.375000 0.390538
vt 0.390625 0.390538
vt 0.406250 0.390538
vt 0.421875 0.390538
vt 0.437500 0.390538
vt 0.453125 0.390538
vt 0.468750 0.390538
vt 0.484375 0.390538
vt 0.500000 0.390538
vt 0.515625 0.390538
vt 0.531250 0.390538
vt 0.546875 0.390538
vt 0.562500 0.390538
vt 0.578125 0.390538
vt 0.593750 0.390538
vt 0.609375 0.390538
vt 0.625000 0.390538
vt 0.640625 0.390538
vt 0.656250 0.390538
vt 0.671875 0.390538
vt 0.687500 0.390538
vt 0.703125 0.390538
vt 0.718750 0.390538
vt 0.734375 0.390538
vt 0.750000 0.390538
vt 0.765625 0.390538
vt 0.781250 0.390538
vt 0.796875 0.390538
vt 0.812500 0.390538
vt 0.828125 0.390538
vt 0.843750 0.390538
vt 0.859375 0.390538
vt 0.875000 0.390538
vt 0.890625 0.390538
vt 0.906250 0.390538
vt 0.921875 0.390538
vt 0.937500 0.390538
vt 0.953125 0.390538
vt 0.968750 0.390538
vt 0.984375 0.390538
vt 1.000000 0.390538
vt 0.015625 0.401960
vt 0.000000 0.401960
vt 0.031250 0.401960
vt 0.046875 0.401960
vt 0.062500 0.401960
vt 0.078125 0.401960
vt 0.093750 0.401960
vt 0.109375 0.401960
vt 0.125000 0.401960
vt 0.140625 0.401960
vt 0.156250 0.401960
vt 0.171875 0.401960
vt 0.187500 0.401960
vt 0.203125 0.401960
vt 0.218750 0.401960
vt 0.234375 0.401960
vt 0.250000 0.401960
vt 0.265625 0.401960
vt 0.281250 0.401960
vt 0.296875 0.401960
vt 0.312500 0.401960
vt 0.328125 0.401960
vt 0.343750 0.401960
vt 0.359375 0.401960
vt 0.375000 0.401960
vt 0.390625 0.401960
vt 0.406250 0.401960
vt 0.421875 0.401960
vt 0.437500 0.401960
vt 0.453125 0.401960
vt 0.468750 0.401960
vt 0.484375 0.401960
vt 0.500000 0.401960
vt 0.515625 0.401960
vt 0.531250 0.401960
vt 0.546875 0.401960
vt 0.562500 0.401960
vt 0.578125 0.401960
vt 0.593750 0.401960
vt 0.609375 0.401960
vt 0.625000 0.401960
vt 0.640625 0.401960
vt 0.656250 0.401960
vt 0.671875 0.401960
vt 0.687500 0.401960
vt 0.703125 0.401960
vt 0.718750 0.401960
vt 0.734375 0.401960
vt 0.750000 0.401960
vt 0.765625 0.401960
vt 0.781250 0.401960
vt 0.796875 0.401960
vt 0.812500 0.401960
vt 0.828125 0.401960
vt 0.843750 0.401960
vt 0.859375 0.401960
vt 0.875000 0.401960
vt 0.890625 0.401960
vt 0.906250 0.401960
vt 0.921875 0.401960
vt 0.937500 0.401960
vt 0.953125 0.401960
vt 0.968750 0.401960
vt 0.984375 0.401960
vt 1.000000 0.401960
vt 0.015625 0.438265
vt 0.000000 0.438265
vt 0.031250 0.438265
vt 0.046875 0.438265
vt 0.062500 0.438265
vt 0.078125 0.438265
vt 0.093750 0.438265
vt 0.109375 0.438265
vt 0.125000 0.438265
vt 0.140625 0.438265
vt 0.156250 0.438265
vt 0.171875 0.438265
vt 0.187500 0.438265
vt 0.203125 0.438265
vt 0.218750 0.438265
vt 0.234375 0.438265
vt 0.250000 0.438265
vt 0.265625 0.438265
vt 0.281250 0.438265
vt 0.296875 0.438265
vt 0.312500 0.438265
vt 0.328125 0.438265
vt 0.343750 0.438265
vt 0.359375 0.438265
vt 0.375000 0.438265
vt 0.390625 0.438265
vt 0.406250 0.438265
vt 0.421875 0.438265
vt 0.437500 0.438265
vt 0.453125 0.438265
vt 0.468750 0.438265
vt 0.484375 0.438265
vt 0.500000 0.438265
vt 0.515625 0.438265
vt 0.531250 0.438265
vt 0.546875 0.438265
vt 0.562500 0.438265
vt 0.578125 0.438265
vt 0.593750 0.438265
vt 0.609375 0.438265
vt 0.625000 0.438265
vt 0.640625 0.438265
vt 0.656250 0.438265
vt 0.671875 0.438265
vt 0.687500 0.438265
vt 0.703125 0.438265
vt 0.718750 0.438265
vt 0.734375 0.438265
vt 0.750000 0.438265
vt 0.765625 0.438265
vt 0.781250 0.438265
vt 0.796875 0.438265
vt 0.812500 0.438265
vt 0.828125 0.438265
vt 0.843750 0.438265
vt 0.859375 0.438265
vt 0.875000 0.438265
vt 0.890625 0.438265
vt 0.906250 0.438265
vt 0.921875 0.438265
vt 0.937500 0.438265
vt 0.953125 0.438265
vt 0.968750 0.438265
vt 0.984375 0.438265
vt 1.000000 0.438265
vt 0.015625 0.467674
vt 0.000000 0.467674
vt 0.031250 0.467674
vt 0.046875 0.467674
vt 0.062500 0.467674
vt 0.078125 0.467674
vt 0.093750 0.467674
vt 0.109375 0.467674
vt 0.125000 0.467674
vt 0.140625 0.467674
vt 0.156250 0.467674
vt 0.171875 0.467674
vt 0.187500 0.467674
vt 0.203125 0.467674
vt 0.218750 0.467674
vt 0.234375 0.467674
vt 0.250000 0.467674
vt 0.265625 0.467674
vt 0.281250 0.467674
vt 0.296875 0.467674
vt 0.312500 0.467674
vt 0.328125 0.467674
vt 0.343750 0.467674
vt 0.359375 0.467674
vt 0.375000 0.467674
vt 0.390625 0.467674
vt 0.406250 0.467674
vt 0.421875 0.467674
vt 0.437500 0.467674
vt 0.453125 0.467674
vt 0.468750 0.467674
vt 0.484375 0.467674
vt 0.500000 0.467674
vt 0.515625 0.467674
vt 0.531250 0.467674
vt 0.546875 0.467674
vt 0.562500 0.467674
vt 0.578125 0.467674
vt 0.593750 0.467674
vt 0.609375 0.467674
vt 0.625000 0.467674
vt 0.640625 0.467674
vt 0.656250 0.467674
vt 0.671875 0.467674
vt 0.687500 0.467674
vt 0.703125 0.467674
vt 0.718750 0.467674
vt 0.734375 0.467674
vt 0.750000 0.467674
vt 0.765625 0.467674
vt 0.781250 0.467674
vt 0.796875 0.467674
vt 0.812500 0.467674
vt 0.828125 0.467674
vt 0.843750 0.467674
vt 0.859375 0.467674
vt 0.875000 0.467674
vt 0.890625 0.467674
vt 0.906250 0.467674
vt 0.921875 0.467674
vt 0.937500 0.467674
vt 0.953125 0.467674
vt 0.968750 0.467674
vt 0.984375 0.467674
vt 1.000000 0.467674
vt 0.015625 0.491570
vt 0.000000 0.491570
vt 0.031250 0.491570
vt 0.046875 0.491570
vt 0.062500 0.491570
vt 0.078125 0.491570
vt 0.093750 0.491570
vt 0.109375 0.491570
vt 0.125000 0.491570
vt 0.140625 0.491570
vt 0.156250 0.491570
vt 0.171875 0.491570
vt 0.187500 0.491570
vt 0.203125 0.491570
vt 0.218750 0.491570
vt 0.234375 0.491570
vt 0.250000 0.491570
vt 0.265625 0.491570
vt 0.281250 0.491570
vt 0.296875 0.491570
vt 0.312500 0.491570
vt 0.328125 0.491570
vt 0.343750 0.491570
vt 0.359375 0.491570
vt 0.375000 0.491570
vt 0.390625 0.491570
vt 0.406250 0.491570
vt 0.421875 0.491570
vt 0.437500 0.491570
vt 0.453125 0.491570
vt 0.468750 0.491570
vt 0.484375 0.491570
vt 0.500000 0.491570
vt 0.515625 0.491570
vt 0.531250 0.491570
vt 0.546875 0.491570
vt 0.562500 0.491570
vt 0.578125 0.491570
vt 0.593750 0.491570
vt 0.609375 0.491570
vt 0.625000 0.491570
vt 0.640625 0.491570
vt 0.656250 0.491570
vt 0.671875 0.491570
vt 0.687500 0.491570
vt 0.703125 0.491570
vt 0.718750 0.491570
vt 0.734375 0.491570
vt 0.750000 0.491570
vt 0.765625 0.491570
vt 0.781250 0.491570
vt 0.796875 0.491570
vt 0.812500 0.491570
vt 0.828125 0.491570
vt 0.843750 0.491570
vt 0.859375 0.491570
vt 0.875000 0.491570
vt 0.890625 0.491570
vt 0.906250 0.491570
vt 0.921875 0.491570
vt 0.937500 0.491570
vt 0.953125 0.491570
vt 0.968750 0.491570
vt 0.984375 0.491570
vt 1.000000 0.491570
vt 0.015625 0.512042
vt 0.000000 0.512042
vt 0.031250 0.512042
vt 0.046875 0.512042
vt 0.062500 0.512042
vt 0.078125 0.512042
vt 0.093750 0.512042
vt 0.109375 0.512042
vt 0.125000 0.512042
vt 0.140625 0.512042
vt 0.156250 0.512042
vt 0.171875 0.512042
vt 0.187500 0.512042
vt 0.203125 0.512042
vt 0.218750 0.512042
vt 0.234375 0.512042
vt 0.250000 0.512042
vt 0.265625 0.512042
vt 0.281250 0.512042
vt 0.296875 0.512042
vt 0.312500 0.512042
vt 0.328125 0.512042
vt 0.343750 0.512042
vt 0.359375 0.512042
vt 0.375000 0.512042
vt 0.390625 0.512042
vt 0.406250 0.512042
vt 0.421875 0.512042
vt 0.437500 0.512042
vt 0.453125 0.512042
vt 0.468750 0.512042
vt 0.484375 0.512042
vt 0.500000 0.512042
vt 0.515625 0.512042
vt 0.531250 0.512042
vt 0.546875 0.512042
vt 0.562500 0.512042
vt 0.578125 0.512042
vt 0.593750 0.512042
vt 0.609375 0.512042
vt 0.625000 0.512042
vt 0.640625 0.512042
vt 0.656250 0.512042
vt 0.671875 0.512042
vt 0.687500 0.512042
vt 0.703125 0.512042
vt 0.718750 0.512042
vt 0.734375 0.512042
vt 0.750000 0.512042
vt 0.765625 0.512042
vt 0.781250 0.512042
vt 0.796875 0.512042
vt 0.812500 0.512042
vt 0.828125 0.512042
vt 0.843750 0.512042
vt 0.859375 0.512042
vt 0.875000 0.512042
vt 0.890625 0.512042
vt 0.906250 0.512042
vt 0.921875 0.512042
vt 0.937500 0.512042
vt 0.953125 0.512042
vt 0.968750 0.512042
vt 0.984375 0.512042
vt 1.000000 0.512042
vt 0.015625 0.531856
vt 0.000000 0.531856
vt 0.031250 0.531856
vt 0.046875 0.531856
vt 0.062500 0.531856
vt 0.078125 0.531856
vt 0.093750 0.531856
vt 0.109375 0.531856
vt 0.125000 0.531856
vt 0.140625 0.531856
vt 0.156250 0.531856
vt 0.171875 0.531856
vt 0.187500 0.531856
vt 0.203125 0.531856
vt 0.218750 0.531856
vt 0.234375 0.531856
vt 0.250000 0.531856
vt 0.265625 0.531856
vt 0.281250 0.531856
vt 0.296875 0.531856
vt 0.312500 0.531856
vt 0.328125 0.531856
vt 0.343750 0.531856
vt 0.359375 0.531856
vt 0.375000 0.531856
vt 0.390625 0.531856
vt 0.406250 0.531856
vt 0.421875 0.531856
vt 0.437500 0.531856
vt 0.453125 0.531856
vt 0.468750 0.531856
vt 0.484375 0.531856
vt 0.500000 0.531856
vt 0.515625 0.531856
vt 0.531250 0.531856
vt 0.546875 0.531856
vt 0.562500 0.531856
vt 0.578125 0.531856
vt 0.593750 0.531856
vt 0.609375 0.531856
vt 0.625000 0.531856
vt 0.640625 0.531856
vt 0.656250 0.531856
vt 0.671875 0.531856
vt 0.687500 0.531856
vt 0.703125 0.531856
vt 0.718750 0.531856
vt 0.734375 0.531856
vt 0.750000 0.531856
vt 0.765625 0.531856
vt 0.781250 0.531856
vt 0.796875 0.531856
vt 0.812500 0.531856
vt 0.828125 0.531856
vt 0.843750 0.531856
vt 0.859375 0.531856
vt 0.875000 0.531856
vt 0.890625 0.531856
vt 0.906250 0.531856
vt 0.921875 0.531856
vt 0.937500 0.531856
vt 0.953125 0.531856
vt 0.968750 0.531856
vt 0.984375 0.531856
vt 1.000000 0.531856
vt 0.015625 0.643541
vt 0.000000 0.643541
vt 0.031250 0.643541
vt 0.046875 0.643541
vt 0.062500 0.643541
vt 0.078125 0.643541
vt 0.093750 0.643541
vt 0.109375 0.643541
vt 0.125000 0.643541
vt 0.140625 0.643541
vt 0.156250 0.643541
vt 0.171875 0.643541
vt 0.187500 0.643541
vt 0.203125 0.643541
vt 0.218750 0.643541
vt 0.234375 0.643541
vt 0.250000 0.643541
vt 0.265625 0.643541
vt 0.281250 0.643541
vt 0.296875 0.643541
vt 0.312500 0.643541
vt 0.328125 0.643541
vt 0.343750 0.643541
vt 0.359375 0.643541
vt 0.375000 0.643541
vt 0.390625 0.643541
vt 0.406250 0.643541
vt 0.421875 0.643541
vt 0.437500 0.643541
vt 0.453125 0.643541
vt 0.468750 0.643541
vt 0.484375 0.643541
vt 0.500000 0.643541
vt 0.515625 0.643541
vt 0.531250 0.643541
vt 0.546875 0.643541
vt 0.562500 0.643541
vt 0.578125 0.643541
vt 0.593750 0.643541
vt 0.609375 0.643541
vt 0.625000 0.643541
vt 0.640625 0.643541
vt 0.656250 0.643541
vt 0.671875 0.643541
vt 0.687500 0.643541
vt 0.703125 0.643541
vt 0.718750 0.643541
vt 0.734375 0.643541
vt 0.750000 0.643541
vt 0.765625 0.643541
vt 0.781250 0.643541
vt 0.796875 0.643541
vt 0.812500 0.643541
vt 0.828125 0.643541
vt 0.843750 0.643541
vt 0.859375 0.643541
vt 0.875000 0.643541
vt 0.890625 0.643541
vt 0.906250 0.643541
vt 0.921875 0.643541
vt 0.937500 0.643541
vt 0.953125 0.643541
vt 0.968750 0.643541
vt 0.984375 0.643541
vt 1.000000 0.643541
vt 0.015625 0.752953
vt 0.000000 0.752953
vt 0.031250 0.752953
vt 0.046875 0.752953
vt 0.062500 0.752953
vt 0.078125 0.752953
vt 0.093750 0.752953
vt 0.109375 0.752953
vt 0.125000 0.752953
vt 0.140625 0.752953
vt 0.156250 0.752953
vt 0.171875 0.752953
vt 0.187500 0.752953
vt 0.203125 0.752953
vt 0.218750 0.752953
vt 0.234375 0.752953
vt 0.250000 0.752953
vt 0.265625 0.752953
vt 0.281250 0.752953
vt 0.296875 0.752953
vt 0.312500 0.752953
vt 0.328125 0.752953
vt 0.343750 0.752953
vt 0.359375 0.752953
vt 0.375000 0.752953
vt 0.390625 0.752953
vt 0.406250 0.752953
vt 0.421875 0.752953
vt 0.437500 0.752953
vt 0.453125 0.752953
vt 0.468750 0.752953
vt 0.484375 0.752953
vt 0.500000 0.752953
vt 0.515625 0.752953
vt 0.531250 0.752953
vt 0.546875 0.752953
vt 0.562500 0.752953
vt 0.578125 0.752953
vt 0.593750 0.752953
vt 0.609375 0.752953
vt 0.625000 0.752953
vt 0.640625 0.752953
vt 0.656250 0.752953
vt 0.671875 0.752953
vt 0.687500 0.752953
vt 0.703125 0.752953
vt 0.718750 0.752953
vt 0.734375 0.752953
vt 0.750000 0.752953
vt 0.765625 0.752953
vt 0.781250 0.752953
vt 0.796875 0.752953
vt 0.812500 0.752953
vt 0.828125 0.752953
vt 0.843750 0.752953
vt 0.859375 0.752953
vt 0.875000 0.752953
vt 0.890625 0.752953
vt 0.906250 0.752953
vt 0.921875 0.752953
vt 0.937500 0.752953
vt 0.953125 0.752953
vt 0.968750 0.752953
vt 0.984375 0.752953
vt 1.000000 0.752953
vt 0.015625 0.853323
vt 0.000000 0.853323
vt 0.031250 0.853323
vt 0.046875 0.853323
vt 0.062500 0.853323
vt 0.078125 0.853323
vt 0.093750 0.853323
vt 0.109375 0.853323
vt 0.125000 0.853323
vt 0.140625 0.853323
vt 0.156250 0.853323
vt 0.171875 0.853323
vt 0.187500 0.853323
vt 0.203125 0.853323
vt 0.218750 0.853323
vt 0.234375 0.853323
vt 0.250000 0.853323
vt 0.265625 0.853323
vt 0.281250 0.853323
vt 0.296875 0.853323
vt 0.312500 0.853323
vt 0.328125 0.853323
vt 0.343750 0.853323
vt 0.359375 0.853323
vt 0.375000 0.853323
vt 0.390625 0.853323
vt 0.437500 0.853323
vt 0.453125 0.853323
vt 0.468750 0.853323
vt 0.484375 0.853323
vt 0.500000 0.853323
vt 0.515625 0.853323
vt 0.531250 0.853323
vt 0.546875 0.853323
vt 0.562500 0.853323
vt 0.578125 0.853323
vt 0.593750 0.853323
vt 0.609375 0.853323
vt 0.625000 0.853323
vt 0.640625 0.853323
vt 0.656250 0.853323
vt 0.671875 0.853323
vt 0.687500 0.853323
vt 0.703125 0.853323
vt 0.718750 0.853323
vt 0.734375 0.853323
vt 0.750000 0.853323
vt 0.765625 0.853323
vt 0.781250 0.853323
vt 0.796875 0.853323
vt 0.812500 0.853323
vt 0.828125 0.853323
vt 0.843750 0.853323
vt 0.859375 0.853323
vt 0.875000 0.853323
vt 0.890625 0.853323
vt 0.906250 0.853323
vt 0.921875 0.853323
vt 0.937500 0.853323
vt 0.953125 0.853323
vt 0.968750 0.853323
vt 0.984375 0.853323
vt 1.000000 0.853323
vt 0.015625 0.937774
vt 0.000000 0.937774
vt 0.031250 0.937774
vt 0.046875 0.937774
vt 0.062500 0.937774
vt 0.078125 0.937774
vt 0.093750 0.937774
vt 0.109375 0.937774
vt 0.125000 0.937774
vt 0.140625 0.937774
vt 0.156250 0.937774
vt 0.171875 0.937774
vt 0.187500 0.937774
vt 0.203125 0.937774
vt 0.218750 0.937774
vt 0.234375 0.937774
vt 0.250000 0.937774
vt 0.265625 0.937774
vt 0.281250 0.937774
vt 0.296875 0.937774
vt 0.312500 0.937774
vt 0.328125 0.937774
vt 0.343750 0.937774
vt 0.359375 0.937774
vt 0.375000 0.937774
vt 0.390625 0.937774
vt 0.007812 0.000000
vt 0.437500 0.937774
vt 0.453125 0.937774
vt 0.468750 0.937774
vt 0.484375 0.937774
vt 0.500000 0.937774
vt 0.515625 0.937774
vt 0.531250 0.937774
vt 0.546875 0.937774
vt 0.562500 0.937774
vt 0.578125 0.937774
vt 0.593750 0.937774
vt 0.609375 0.937774
vt 0.625000 0.937774
vt 0.640625 0.937774
vt 0.656250 0.937774
vt 0.671875 0.937774
vt 0.687500 0.937774
vt 0.703125 0.937774
vt 0.718750 0.937774
vt 0.734375 0.937774
vt 0.750000 0.937774
vt 0.765625 0.937774
vt 0.781250 0.937774
vt 0.796875 0.937774
vt 0.812500 0.937774
vt 0.828125 0.937774
vt 0.843750 0.937774
vt 0.859375 0.937774
vt 0.875000 0.937774
vt 0.890625 0.937774
vt 0.906250 0.937774
vt 0.921875 0.937774
vt 0.937500 0.937774
vt 0.953125 0.937774
vt 0.968750 0.937774
vt 0.984375 0.937774
vt 1.000000 0.937774
vt 0.015625 0.994990
vt 0.000000 0.994990
vt 0.031250 0.994990
vt 0.046875 0.994990
vt 0.062500 0.994990
vt 0.078125 0.994990
vt 0.093750 0.994990
vt 0.109375 0.994990
vt 0.125000 0.994990
vt 0.140625 0.994990
vt 0.156250 0.994990
vt 0.171875 0.994990
vt 0.187500 0.994990
vt 0.203125 0.994990
vt 0.218750 0.994990
vt 0.234375 0.994990
vt 0.250000 0.994990
vt 0.265625 0.994990
vt 0.281250 0.994990
vt 0.296875 0.994990
vt 0.312500 0.994990
vt 0.328125 0.994990
vt 0.343750 0.994990
vt 0.359375 0.994990
vt 0.375000 0.994990
vt 0.390625 0.994990
vt 0.406250 0.994990
vt 0.421875 0.994990
vt 0.437500 0.994990
vt 0.453125 0.994990
vt 0.468750 0.994990
vt 0.484375 0.994990
vt 0.500000 0.994990
vt 0.515625 0.994990
vt 0.531250 0.994990
vt 0.546875 0.994990
vt 0.562500 0.994990
vt 0.578125 0.994990
vt 0.593750 0.994990
vt 0.609375 0.994990
vt 0.625000 0.994990
vt 0.640625 0.994990
vt 0.656250 0.994990
vt 0.671875 0.994990
vt 0.687500 0.994990
vt 0.703125 0.994990
vt 0.718750 0.994990
vt 0.734375 0.994990
vt 0.750000 0.994990
vt 0.765625 0.994990
vt 0.781250 0.994990
vt 0.796875 0.994990
vt 0.812500 0.994990
vt 0.828125 0.994990
vt 0.843750 0.994990
vt 0.859375 0.994990
vt 0.875000 0.994990
vt 0.890625 0.994990
vt 0.906250 0.994990
vt 0.921875 0.994990
vt 0.937500 0.994990
vt 0.953125 0.994990
vt 0.968750 0.994990
vt 0.984375 0.994990
vt 1.000000 0.994990
vt 0.015625 0.996931
vt 0.000000 0.996931
vt 0.031250 0.996931
vt 0.046875 0.996931
vt 0.062500 0.996931
vt 0.078125 0.996931
vt 0.093750 0.996931
vt 0.109375 0.996931
vt 0.125000 0.996931
vt 0.140625 0.996931
vt 0.156250 0.996931
vt 0.171875 0.996931
vt 0.187500 0.996931
vt 0.203125 0.996931
vt 0.218750 0.996931
vt 0.234375 0.996931
vt 0.250000 0.996931
vt 0.265625 0.996931
vt 0.281250 0.996931
vt 0.296875 0.996931
vt 0.312500 0.996931
vt 0.328125 0.996931
vt 0.343750 0.996931
vt 0.359375 0.996931
vt 0.375000 0.996931
vt 0.390625 0.996931
vt 0.406250 0.996931
vt 0.421875 0.996931
vt 0.437500 0.996931
vt 0.453125 0.996931
vt 0.468750 0.996931
vt 0.484375 0.996931
vt 0.500000 0.996931
vt 0.515625 0.996931
vt 0.531250 0.996931
vt 0.546875 0.996931
vt 0.562500 0.996931
vt 0.578125 0.996931
vt 0.593750 0.996931
vt 0.609375 0.996931
vt 0.625000 0.996931
vt 0.640625 0.996931
vt 0.656250 0.996931
vt 0.671875 0.996931
vt 0.687500 0.996931
vt 0.703125 0.996931
vt 0.718750 0.996931
vt 0.734375 0.996931
vt 0.750000 0.996931
vt 0.765625 0.996931
vt 0.781250 0.996931
vt 0.796875 0.996931
vt 0.812500 0.996931
vt 0.828125 0.996931
vt 0.843750 0.996931
vt 0.859375 0.996931
vt 0.875000 0.996931
vt 0.890625 0.996931
vt 0.906250 0.996931
vt 0.921875 0.996931
vt 0.937500 0.996931
vt 0.953125 0.996931
vt 0.968750 0.996931
vt 0.984375 0.996931
vt 1.000000 0.996931
vt 0.015625 0.998477
vt 0.000000 0.998477
vt 0.031250 0.998477
vt 0.046875 0.998477
vt 0.062500 0.998477
vt 0.078125 0.998477
vt 0.093750 0.998477
vt 0.109375 0.998477
vt 0.125000 0.998477
vt 0.140625 0.998477
vt 0.156250 0.998477
vt 0.171875 0.998477
vt 0.187500 0.998477
vt 0.203125 0.998477
vt 0.218750 0.998477
vt 0.234375 0.998477
vt 0.250000 0.998477
vt 0.265625 0.998477
vt 0.281250 0.998477
vt 0.296875 0.998477
vt 0.312500 0.998477
vt 0.328125 0.998477
vt 0.343750 0.998477
vt 0.359375 0.998477
vt 0.375000 0.998477
vt 0.390625 0.998477
vt 0.406250 0.998477
vt 0.421875 0.998477
vt 0.437500 0.998477
vt 0.453125 0.998477
vt 0.468750 0.998477
vt 0.484375 0.998477
vt 0.500000 0.998477
vt 0.515625 0.998477
vt 0.531250 0.998477
vt 0.546875 0.998477
vt 0.562500 0.998477
vt 0.578125 0.998477
vt 0.593750 0.998477
vt 0.609375 0.998477
vt 0.625000 0.998477
vt 0.640625 0.998477
vt 0.656250 0.998477
vt 0.671875 0.998477
vt 0.687500 0.998477
vt 0.703125 0.998477
vt 0.718750 0.998477
vt 0.734375 0.998477
vt 0.750000 0.998477
vt 0.765625 0.998477
vt 0.781250 0.998477
vt 0.796875 0.998477
vt 0.812500 0.998477
vt 0.828125 0.998477
vt 0.843750 0.998477
vt 0.859375 0.998477
vt 0.875000 0.998477
vt 0.890625 0.998477
vt 0.906250 0.998477
vt 0.921875 0.998477
vt 0.937500 0.998477
vt 0.953125 0.998477
vt 0.968750 0.998477
vt 0.984375 0.998477
vt 1.000000 0.998477
vt 0.015625 1.000023
vt 0.000000 1.000023
vt 0.031250 1.000023
vt 0.046875 1.000023
vt 0.062500 1.000023
vt 0.078125 1.000023
vt 0.093750 1.000023
vt 0.109375 1.000023
vt 0.125000 1.000023
vt 0.140625 1.000023
vt 0.156250 1.000023
vt 0.171875 1.000023
vt 0.187500 1.000023
vt 0.203125 1.000023
vt 0.218750 1.000023
vt 0.234375 1.000023
vt 0.250000 1.000023
vt 0.265625 1.000023
vt 0.281250 1.000023
vt 0.296875 1.000023
vt 0.312500 1.000023
vt 0.328125 1.000023
vt 0.343750 1.000023
vt 0.359375 1.000023
vt 0.375000 1.000023
vt 0.390625 1.000023
vt 0.406250 1.000023
vt 0.421875 1.000023
vt 0.437500 1.000023
vt 0.453125 1.000023
vt 0.468750 1.000023
vt 0.484375 1.000023
vt 0.500000 1.000023
vt 0.515625 1.000023
vt 0.531250 1.000023
vt 0.546875 1.000023
vt 0.562500 1.000023
vt 0.578125 1.000023
vt 0.593750 1.000023
vt 0.609375 1.000023
vt 0.625000 1.000023
vt 0.640625 1.000023
vt 0.656250 1.000023
vt 0.671875 1.000023
vt 0.687500 1.000023
vt 0.703125 1.000023
vt 0.718750 1.000023
vt 0.734375 1.000023
vt 0.750000 1.000023
vt 0.765625 1.000023
vt 0.781250 1.000023
vt 0.796875 1.000023
vt 0.812500 1.000023
vt 0.828125 1.000023
vt 0.843750 1.000023
vt 0.859375 1.000023
vt 0.875000 1.000023
vt 0.890625 1.000023
vt 0.906250 1.000023
vt 0.921875 1.000023
vt 0.937500 1.000023
vt 0.953125 1.000023
vt 0.968750 1.000023
vt 0.984375 1.000023
vt 1.000000 1.000023
vt 0.015625 1.001964
vt 0.000000 1.001964
vt 0.031250 1.001964
vt 0.046875 1.001964
vt 0.062500 1.001964
vt 0.078125 1.001964
vt 0.093750 1.001964
vt 0.109375 1.001964
vt 0.125000 1.001964
vt 0.140625 1.001964
vt 0.156250 1.001964
vt 0.171875 1.001964
vt 0.187500 1.001964
vt 0.203125 1.001964
vt 0.218750 1.001964
vt 0.234375 1.001964
vt 0.250000 1.001964
vt 0.265625 1.001964
vt 0.281250 1.001964
vt 0.296875 1.001964
vt 0.312500 1.001964
vt 0.328125 1.001964
vt 0.343750 1.001964
vt 0.359375 1.001964
vt 0.375000 1.001964
vt 0.390625 1.001964
vt 0.406250 1.001964
vt 0.421875 1.001964
vt 0.437500 1.001964
vt 0.453125 1.001964
vt 0.468750 1.001964
vt 0.484375 1.001964
vt 0.500000 1.001964
vt 0.515625 1.001964
vt 0.531250 1.001964
vt 0.546875 1.001964
vt 0.562500 1.001964
vt 0.578125 1.001964
vt 0.593750 1.001964
vt 0.609375 1.001964
vt 0.625000 1.001964
vt 0.640625 1.001964
vt 0.656250 1.001964
vt 0.671875 1.001964
vt 0.687500 1.001964
vt 0.703125 1.001964
vt 0.718750 1.001964
vt 0.734375 1.001964
vt 0.750000 1.001964
vt 0.765625 1.001964
vt 0.781250 1.001964
vt 0.796875 1.001964
vt 0.812500 1.001964
vt 0.828125 1.001964
vt 0.843750 1.001964
vt 0.859375 1.001964
vt 0.875000 1.001964
vt 0.890625 1.001964
vt 0.906250 1.001964
vt 0.921875 1.001964
vt 0.937500 1.001964
vt 0.953125 1.001964
vt 0.968750 1.001964
vt 0.984375 1.001964
vt 1.000000 1.001964
vt 0.015625 1.055503
vt 0.000000 1.055503
vt 0.031250 1.055503
vt 0.046875 1.055503
vt 0.062500 1.055503
vt 0.078125 1.055503
vt 0.093750 1.055503
vt 0.109375 1.055503
vt 0.125000 1.055503
vt 0.140625 1.055503
vt 0.156250 1.055503
vt 0.171875 1.055503
vt 0.187500 1.055503
vt 0.203125 1.055503
vt 0.218750 1.055503
vt 0.234375 1.055503
vt 0.250000 1.055503
vt 0.265625 1.055503
vt 0.281250 1.055503
vt 0.296875 1.055503
vt 0.312500 1.055503
vt 0.328125 1.055503
vt 0.343750 1.055503
vt 0.359375 1.055503
vt 0.375000 1.055503
vt 0.390625 1.055503
vt 0.406250 1.055503
vt 0.421875 1.055503
vt 0.437500 1.055503
vt 0.453125 1.055503
vt 0.468750 1.055503
vt 0.484375 1.055503
vt 0.500000 1.055503
vt 0.515625 1.055503
vt 0.531250 1.055503
vt 0.546875 1.055503
vt 0.562500 1.055503
vt 0.578125 1.055503
vt 0.593750 1.055503
vt 0.609375 1.055503
vt 0.625000 1.055503
vt 0.640625 1.055503
vt 0.656250 1.055503
vt 0.671875 1.055503
vt 0.687500 1.055503
vt 0.703125 1.055503
vt 0.718750 1.055503
vt 0.734375 1.055503
vt 0.750000 1.055503
vt 0.765625 1.055503
vt 0.781250 1.055503
vt 0.796875 1.055503
vt 0.812500 1.055503
vt 0.828125 1.055503
vt 0.843750 1.055503
vt 0.859375 1.055503
vt 0.875000 1.055503
vt 0.890625 1.055503
vt 0.906250 1.055503
vt 0.921875 1.055503
vt 0.937500 1.055503
vt 0.953125 1.055503
vt 0.968750 1.055503
vt 0.984375 1.055503
vt 1.000000 1.055503
vt 0.015625 1.062560
vt 0.000000 1.062560
vt 0.031250 1.062560
vt 0.046875 1.062560
vt 0.062500 1.062560
vt 0.078125 1.062560
vt 0.093750 1.062560
vt 0.109375 1.062560
vt 0.125000 1.062560
vt 0.140625 1.062560
vt 0.156250 1.062560
vt 0.171875 1.062560
vt 0.187500 1.062560
vt 0.203125 1.062560
vt 0.218750 1.062560
vt 0.234375 1.062560
vt 0.250000 1.062560
vt 0.265625 1.062560
vt 0.281250 1.062560
vt 0.296875 1.062560
vt 0.312500 1.062560
vt 0.328125 1.062560
vt 0.343750 1.062560
vt 0.359375 1.062560
vt 0.375000 1.062560
vt 0.390625 1.062560
vt 0.406250 1.062560
vt 0.421875 1.062560
vt 0.437500 1.062560
vt 0.453125 1.062560
vt 0.468750 1.062560
vt 0.484375 1.062560
vt 0.500000 1.062560
vt 0.515625 1.062560
vt 0.531250 1.062560
vt 0.546875 1.062560
vt 0.562500 1.062560
vt 0.578125 1.062560
vt 0.593750 1.062560
vt 0.609375 1.062560
vt 0.625000 1.062560
vt 0.640625 1.062560
vt 0.656250 1.062560
vt 0.671875 1.062560
vt 0.687500 1.062560
vt 0.703125 1.062560
vt 0.718750 1.062560
vt 0.734375 1.062560
vt 0.750000 1.062560
vt 0.765625 1.062560
vt 0.781250 1.062560
vt 0.796875 1.062560
vt 0.812500 1.062560
vt 0.828125 1.062560
vt 0.843750 1.062560
vt 0.859375 1.062560
vt 0.875000 1.062560
vt 0.890625 1.062560
vt 0.906250 1.062560
vt 0.921875 1.062560
vt 0.937500 1.062560
vt 0.953125 1.062560
vt 0.968750 1.062560
vt 0.984375 1.062560
vt 1.000000 1.062560
vt 0.015625 1.064875
vt 0.000000 1.064875
vt 0.031250 1.064875
vt 0.046875 1.064875
vt 0.062500 1.064875
vt 0.078125 1.064875
vt 0.093750 1.064875
vt 0.109375 1.064875
vt 0.125000 1.064875
vt 0.140625 1.064875
vt 0.156250 1.064875
vt 0.171875 1.064875
vt 0.187500 1.064875
vt 0.203125 1.064875
vt 0.218750 1.064875
vt 0.234375 1.064875
vt 0.250000 1.064875
vt 0.265625 1.064875
vt 0.281250 1.064875
vt 0.296875 1.064875
vt 0.312500 1.064875
vt 0.328125 1.064875
vt 0.343750 1.064875
vt 0.359375 1.064875
vt 0.375000 1.064875
vt 0.390625 1.064875
vt 0.406250 1.064875
vt 0.421875 1.064875
vt 0.437500 1.064875
vt 0.453125 1.064875
vt 0.468750 1.064875
vt 0.484375 1.064875
vt 0.500000 1.064875
vt 0.515625 1.064875
vt 0.531250 1.064875
vt 0.546875 1.064875
vt 0.562500 1.064875
vt 0.578125 1.064875
vt 0.593750 1.064875
vt 0.609375 1.064875
vt 0.625000 1.064875
vt 0.640625 1.064875
vt 0.656250 1.064875
vt 0.671875 1.064875
vt 0.687500 1.064875
vt 0.703125 1.064875
vt 0.718750 1.064875
vt 0.734375 1.064875
vt 0.750000 1.064875
vt 0.765625 1.064875
vt 0.781250 1.064875
vt 0.796875 1.064875
vt 0.812500 1.064875
vt 0.828125 1.064875
vt 0.843750 1.064875
vt 0.859375 1.064875
vt 0.875000 1.064875
vt 0.890625 1.064875
vt 0.906250 1.064875
vt 0.921875 1.064875
vt 0.937500 1.064875
vt 0.953125 1.064875
vt 0.968750 1.064875
vt 0.984375 1.064875
vt 1.000000 1.064875
vt 0.015625 1.092437
vt 0.000000 1.092437
vt 0.031250 1.092437
vt 0.046875 1.092437
vt 0.062500 1.092437
vt 0.078125 1.092437
vt 0.093750 1.092437
vt 0.109375 1.092437
vt 0.125000 1.092437
vt 0.140625 1.092437
vt 0.156250 1.092437
vt 0.171875 1.092437
vt 0.187500 1.092437
vt 0.203125 1.092437
vt 0.218750 1.092437
vt 0.234375 1.092437
vt 0.250000 1.092437
vt 0.265625 1.092437
vt 0.281250 1.092437
vt 0.296875 1.092437
vt 0.312500 1.092437
vt 0.328125 1.092437
vt 0.343750 1.092437
vt 0.359375 1.092437
vt 0.375000 1.092437
vt 0.390625 1.092437
vt 0.406250 1.092437
vt 0.421875 1.092437
vt 0.437500 1.092437
vt 0.453125 1.092437
vt 0.468750 1.092437
vt 0.484375 1.092437
vt 0.500000 1.092437
vt 0.515625 1.092437
vt 0.531250 1.092437
vt 0.546875 1.092437
vt 0.562500 1.092437
vt 0.578125 1.092437
vt 0.593750 1.092437
vt 0.609375 1.092437
vt 0.625000 1.092437
vt 0.640625 1.092437
vt 0.656250 1.092437
vt 0.671875 1.092437
vt 0.687500 1.092437
vt 0.703125 1.092437
vt 0.718750 1.092437
vt 0.734375 1.092437
vt 0.750000 1.092437
vt 0.765625 1.092437
vt 0.781250 1.092437
vt 0.796875 1.092437
vt 0.812500 1.092437
vt 0.828125 1.092437
vt 0.843750 1.092437
vt 0.859375 1.092437
vt 0.875000 1.092437
vt 0.890625 1.092437
vt 0.906250 1.092437
vt 0.921875 1.092437
vt 0.937500 1.092437
vt 0.953125 1.092437
vt 0.968750 1.092437
vt 0.984375 1.092437
vt 1.000000 1.092437
vt 0.015625 1.094751
vt 0.000000 1.094751
vt 0.031250 1.094751
vt 0.046875 1.094751
vt 0.062500 1.094751
vt 0.078125 1.094751
vt 0.093750 1.094751
vt 0.109375 1.094751
vt 0.125000 1.094751
vt 0.140625 1.094751
vt 0.156250 1.094751
vt 0.171875 1.094751
vt 0.187500 1.094751
vt 0.203125 1.094751
vt 0.218750 1.094751
vt 0.234375 1.094751
vt 0.250000 1.094751
vt 0.265625 1.094751
vt 0.281250 1.094751
vt 0.296875 1.094751
vt 0.312500 1.094751
vt 0.328125 1.094751
vt 0.343750 1.094751
vt 0.359375 1.094751
vt 0.375000 1.094751
vt 0.390625 1.094751
vt 0.406250 1.094751
vt 0.421875 1.094751
vt 0.437500 1.094751
vt 0.453125 1.094751
vt 0.468750 1.094751
vt 0.484375 1.094751
vt 0.500000 1.094751
vt 0.515625 1.094751
vt 0.531250 1.094751
vt 0.546875 1.094751
vt 0.562500 1.094751
vt 0.578125 1.094751
vt 0.593750 1.094751
vt 0.609375 1.094751
vt 0.625000 1.094751
vt 0.640625 1.094751
vt 0.656250 1.094751
vt 0.671875 1.094751
vt 0.687500 1.094751
vt 0.703125 1.094751
vt 0.718750 1.094751
vt 0.734375 1.094751
vt 0.750000 1.094751
vt 0.765625 1.094751
vt 0.781250 1.094751
vt 0.796875 1.094751
vt 0.812500 1.094751
vt 0.828125 1.094751
vt 0.843750 1.094751
vt 0.859375 1.094751
vt 0.875000 1.094751
vt 0.890625 1.094751
vt 0.906250 1.094751
vt 0.921875 1.094751
vt 0.937500 1.094751
vt 0.953125 1.094751
vt 0.968750 1.094751
vt 0.984375 1.094751
vt 1.000000 1.094751
vt 0.015625 1.101808
vt 0.000000 1.101808
vt 0.031250 1.101808
vt 0.046875 1.101808
vt 0.062500 1.101808
vt 0.078125 1.101808
vt 0.093750 1.101808
vt 0.109375 1.101808
vt 0.125000 1.101808
vt 0.140625 1.101808
vt 0.156250 1.101808
vt 0.171875 1.101808
vt 0.187500 1.101808
vt 0.203125 1.101808
vt 0.218750 1.101808
vt 0.234375 1.101808
vt 0.250000 1.101808
vt 0.265625 1.101808
vt 0.281250 1.101808
vt 0.296875 1.101808
vt 0.312500 1.101808
vt 0.328125 1.101808
vt 0.343750 1.101808
vt 0.359375 1.101808
vt 0.375000 1.101808
vt 0.390625 1.101808
vt 0.406250 1.101808
vt 0.421875 1.101808
vt 0.437500 1.101808
vt 0.453125 1.101808
vt 0.468750 1.101808
vt 0.484375 1.101808
vt 0.500000 1.101808
vt 0.515625 1.101808
vt 0.531250 1.101808
vt 0.546875 1.101808
vt 0.562500 1.101808
vt 0.578125 1.101808
vt 0.593750 1.101808
vt 0.609375 1.101808
vt 0.625000 1.101808
vt 0.640625 1.101808
vt 0.656250 1.101808
vt 0.671875 1.101808
vt 0.687500 1.101808
vt 0.703125 1.101808
vt 0.718750 1.101808
vt 0.734375 1.101808
vt 0.750000 1.101808
vt 0.765625 1.101808
vt 0.781250 1.101808
vt 0.796875 1.101808
vt 0.812500 1.101808
vt 0.828125 1.101808
vt 0.843750 1.101808
vt 0.859375 1.101808
vt 0.875000 1.101808
vt 0.890625 1.101808
vt 0.906250 1.101808
vt 0.921875 1.101808
vt 0.937500 1.101808
vt 0.953125 1.101808
vt 0.968750 1.101808
vt 0.984375 1.101808
vt 1.000000 1.101808
vt 0.015625 1.147633
vt 0.000000 1.147633
vt 0.031250 1.147633
vt 0.046875 1.147633
vt 0.062500 1.147633
vt 0.078125 1.147633
vt 0.093750 1.147633
vt 0.109375 1.147633
vt 0.125000 1.147633
vt 0.140625 1.147633
vt 0.156250 1.147633
vt 0.171875 1.147633
vt 0.187500 1.147633
vt 0.203125 1.147633
vt 0.218750 1.147633
vt 0.234375 1.147633
vt 0.250000 1.147633
vt 0.265625 1.147633
vt 0.281250 1.147633
vt 0.296875 1.147633
vt 0.312500 1.147633
vt 0.328125 1.147633
vt 0.343750 1.147633
vt 0.359375 1.147633
vt 0.375000 1.147633
vt 0.390625 1.147633
vt 0.406250 1.147633
vt 0.421875 1.147633
vt 0.437500 1.147633
vt 0.453125 1.147633
vt 0.468750 1.147633
vt 0.484375 1.147633
vt 0.500000 1.147633
vt 0.515625 1.147633
vt 0.531250 1.147633
vt 0.546875 1.147633
vt 0.562500 1.147633
vt 0.578125 1.147633
vt 0.593750 1.147633
vt 0.609375 1.147633
vt 0.625000 1.147633
vt 0.640625 1.147633
vt 0.656250 1.147633
vt 0.671875 1.147633
vt 0.687500 1.147633
vt 0.703125 1.147633
vt 0.718750 1.147633
vt 0.734375 1.147633
vt 0.750000 1.147633
vt 0.765625 1.147633
vt 0.781250 1.147633
vt 0.796875 1.147633
vt 0.812500 1.147633
vt 0.828125 1.147633
vt 0.843750 1.147633
vt 0.859375 1.147633
vt 0.875000 1.147633
vt 0.890625 1.147633
vt 0.906250 1.147633
vt 0.921875 1.147633
vt 0.937500 1.147633
vt 0.953125 1.147633
vt 0.968750 1.147633
vt 0.984375 1.147633
vt 1.000000 1.147633
vt 0.015625 1.148510
vt 0.000000 1.148510
vt 0.031250 1.148510
vt 0.046875 1.148510
vt 0.062500 1.148510
vt 0.078125 1.148510
vt 0.093750 1.148510
vt 0.109375 1.148510
vt 0.125000 1.148510
vt 0.140625 1.148510
vt 0.156250 1.148510
vt 0.171875 1.148510
vt 0.187500 1.148510
vt 0.203125 1.148510
vt 0.218750 1.148510
vt 0.234375 1.148510
vt 0.250000 1.148510
vt 0.265625 1.148510
vt 0.281250 1.148510
vt 0.296875 1.148510
vt 0.312500 1.148510
vt 0.328125 1.148510
vt 0.343750 1.148510
vt 0.359375 1.148510
vt 0.375000 1.148510
vt 0.390625 1.148510
vt 0.406250 1.148510
vt 0.421875 1.148510
vt 0.437500 1.148510
vt 0.453125 1.148510
vt 0.468750 1.148510
vt 0.484375 1.148510
vt 0.500000 1.148510
vt 0.515625 1.148510
vt 0.531250 1.148510
vt 0.546875 1.148510
vt 0.562500 1.148510
vt 0.578125 1.148510
vt 0.593750 1.148510
vt 0.609375 1.148510
vt 0.625000 1.148510
vt 0.640625 1.148510
vt 0.656250 1.148510
vt 0.671875 1.148510
vt 0.687500 1.148510
vt 0.703125 1.148510
vt 0.718750 1.148510
vt 0.734375 1.148510
vt 0.750000 1.148510
vt 0.765625 1.148510
vt 0.781250 1.148510
vt 0.796875 1.148510
vt 0.812500 1.148510
vt 0.828125 1.148510
vt 0.843750 1.148510
vt 0.859375 1.148510
vt 0.875000 1.148510
vt 0.890625 1.148510
vt 0.906250 1.148510
vt 0.921875 1.148510
vt 0.937500 1.148510
vt 0.953125 1.148510
vt 0.968750 1.148510
vt 0.984375 1.148510
vt 1.000000 1.148510
vt 0.015625 1.149264
vt 0.000000 1.149264
vt 0.031250 1.149264
vt 0.046875 1.149264
vt 0.062500 1.149264
vt 0.078125 1.149264
vt 0.093750 1.149264
vt 0.109375 1.149264
vt 0.125000 1.149264
vt 0.140625 1.149264
vt 0.156250 1.149264
vt 0.171875 1.149264
vt 0.187500 1.149264
vt 0.203125 1.149264
vt 0.218750 1.149264
vt 0.234375 1.149264
vt 0.250000 1.149264
vt 0.265625 1.149264
vt 0.281250 1.149264
vt 0.296875 1.149264
vt 0.312500 1.149264
vt 0.328125 1.149264
vt 0.343750 1.149264
vt 0.359375 1.149264
vt 0.375000 1.149264
vt 0.390625 1.149264
vt 0.406250 1.149264
vt 0.421875 1.149264
vt 0.437500 1.149264
vt 0.453125 1.149264
vt 0.468750 1.149264
vt 0.484375 1.149264
vt 0.500000 1.149264
vt 0.515625 1.149264
vt 0.531250 1.149264
vt 0.546875 1.149264
vt 0.562500 1.149264
vt 0.578125 1.149264
vt 0.593750 1.149264
vt 0.609375 1.149264
vt 0.625000 1.149264
vt 0.640625 1.149264
vt 0.656250 1.149264
vt 0.671875 1.149264
vt 0.687500 1.149264
vt 0.703125 1.149264
vt 0.718750 1.149264
vt 0.734375 1.149264
vt 0.750000 1.149264
vt 0.765625 1.149264
vt 0.781250 1.149264
vt 0.796875 1.149264
vt 0.812500 1.149264
vt 0.828125 1.149264
vt 0.843750 1.149264
vt 0.859375 1.149264
vt 0.875000 1.149264
vt 0.890625 1.149264
vt 0.906250 1.149264
vt 0.921875 1.149264
vt 0.937500 1.149264
vt 0.953125 1.149264
vt 0.968750 1.149264
vt 0.984375 1.149264
vt 1.000000 1.149264
vt 0.015625 1.150139
vt 0.000000 1.150139
vt 0.031250 1.150139
vt 0.046875 1.150139
vt 0.062500 1.150139
vt 0.078125 1.150139
vt 0.093750 1.150139
vt 0.109375 1.150139
vt 0.125000 1.150139
vt 0.140625 1.150139
vt 0.156250 1.150139
vt 0.171875 1.150139
vt 0.187500 1.150139
vt 0.203125 1.150139
vt 0.218750 1.150139
vt 0.234375 1.150139
vt 0.250000 1.150139
vt 0.265625 1.150139
vt 0.281250 1.150139
vt 0.296875 1.150139
vt 0.312500 1.150139
vt 0.328125 1.150139
vt 0.343750 1.150139
vt 0.359375 1.150139
vt 0.375000 1.150139
vt 0.390625 1.150139
vt 0.406250 1.150139
vt 0.421875 1.150139
vt 0.437500 1.150139
vt 0.453125 1.150139
vt 0.468750 1.150139
vt 0.484375 1.150139
vt 0.500000 1.150139
vt 0.515625 1.150139
vt 0.531250 1.150139
vt 0.546875 1.150139
vt 0.562500 1.150139
vt 0.578125 1.150139
vt 0.593750 1.150139
vt 0.609375 1.150139
vt 0.625000 1.150139
vt 0.640625 1.150139
vt 0.656250 1.150139
vt 0.671875 1.150139
vt 0.687500 1.150139
vt 0.703125 1.150139
vt 0.718750 1.150139
vt 0.734375 1.150139
vt 0.750000 1.150139
vt 0.765625 1.150139
vt 0.781250 1.150139
vt 0.796875 1.150139
vt 0.812500 1.150139
vt 0.828125 1.150139
vt 0.843750 1.150139
vt 0.859375 1.150139
vt 0.875000 1.150139
vt 0.890625 1.150139
vt 0.906250 1.150139
vt 0.921875 1.150139
vt 0.937500 1.150139
vt 0.953125 1.150139
vt 0.968750 1.150139
vt 0.984375 1.150139
vt 1.000000 1.150139
vt 0.015625 1.150476
vt 0.000000 1.150476
vt 0.031250 1.150476
vt 0.046875 1.150476
vt 0.062500 1.150476
vt 0.078125 1.150476
vt 0.093750 1.150476
vt 0.109375 1.150476
vt 0.125000 1.150476
vt 0.140625 1.150476
vt 0.156250 1.150476
vt 0.171875 1.150476
vt 0.187500 1.150476
vt 0.203125 1.150476
vt 0.218750 1.150476
vt 0.234375 1.150476
vt 0.250000 1.150476
vt 0.265625 1.150476
vt 0.281250 1.150476
vt 0.296875 1.150476
vt 0.312500 1.150476
vt 0.328125 1.150476
vt 0.343750 1.150476
vt 0.359375 1.150476
vt 0.375000 1.150476
vt 0.390625 1.150476
vt 0.406250 1.150476
vt 0.421875 1.150476
vt 0.437500 1.150476
vt 0.453125 1.150476
vt 0.468750 1.150476
vt 0.484375 1.150476
vt 0.500000 1.150476
vt 0.515625 1.150476
vt 0.531250 1.150476
vt 0.546875 1.150476
vt 0.562500 1.150476
vt 0.578125 1.150476
vt 0.593750 1.150476
vt 0.609375 1.150476
vt 0.625000 1.150476
vt 0.640625 1.150476
vt 0.656250 1.150476
vt 0.671875 1.150476
vt 0.687500 1.150476
vt 0.703125 1.150476
vt 0.718750 1.150476
vt 0.734375 1.150476
vt 0.750000 1.150476
vt 0.765625 1.150476
vt 0.781250 1.150476
vt 0.796875 1.150476
vt 0.812500 1.150476
vt 0.828125 1.150476
vt 0.843750 1.150476
vt 0.859375 1.150476
vt 0.875000 1.150476
vt 0.890625 1.150476
vt 0.906250 1.150476
vt 0.921875 1.150476
vt 0.937500 1.150476
vt 0.953125 1.150476
vt 0.968750 1.150476
vt 0.984375 1.150476
vt 1.000000 1.150476
vt 0.015625 1.152676
vt 0.000000 1.152676
vt 0.031250 1.152676
vt 0.046875 1.152676
vt 0.062500 1.152676
vt 0.078125 1.152676
vt 0.093750 1.152676
vt 0.109375 1.152676
vt 0.125000 1.152676
vt 0.140625 1.152676
vt 0.156250 1.152676
vt 0.171875 1.152676
vt 0.187500 1.152676
vt 0.203125 1.152676
vt 0.218750 1.152676
vt 0.234375 1.152676
vt 0.250000 1.152676
vt 0.265625 1.152676
vt 0.281250 1.152676
vt 0.296875 1.152676
vt 0.312500 1.152676
vt 0.328125 1.152676
vt 0.343750 1.152676
vt 0.359375 1.152676
vt 0.375000 1.152676
vt 0.390625 1.152676
vt 0.406250 1.152676
vt 0.421875 1.152676
vt 0.437500 1.152676
vt 0.453125 1.152676
vt 0.468750 1.152676
vt 0.484375 1.152676
vt 0.500000 1.152676
vt 0.515625 1.152676
vt 0.531250 1.152676
vt 0.546875 1.152676
vt 0.562500 1.152676
vt 0.578125 1.152676
vt 0.593750 1.152676
vt 0.609375 1.152676
vt 0.625000 1.152676
vt 0.640625 1.152676
vt 0.656250 1.152676
vt 0.671875 1.152676
vt 0.687500 1.152676
vt 0.703125 1.152676
vt 0.718750 1.152676
vt 0.734375 1.152676
vt 0.750000 1.152676
vt 0.765625 1.152676
vt 0.781250 1.152676
vt 0.796875 1.152676
vt 0.812500 1.152676
vt 0.828125 1.152676
vt 0.843750 1.152676
vt 0.859375 1.152676
vt 0.875000 1.152676
vt 0.890625 1.152676
vt 0.906250 1.152676
vt 0.921875 1.152676
vt 0.937500 1.152676
vt 0.953125 1.152676
vt 0.968750 1.152676
vt 0.984375 1.152676
vt 1.000000 1.152676
vt 0.015625 1.183337
vt 0.000000 1.183337
vt 0.031250 1.183337
vt 0.046875 1.183337
vt 0.062500 1.183337
vt 0.078125 1.183337
vt 0.093750 1.183337
vt 0.109375 1.183337
vt 0.125000 1.183337
vt 0.140625 1.183337
vt 0.156250 1.183337
vt 0.171875 1.183337
vt 0.187500 1.183337
vt 0.203125 1.183337
vt 0.218750 1.183337
vt 0.234375 1.183337
vt 0.250000 1.183337
vt 0.265625 1.183337
vt 0.281250 1.183337
vt 0.296875 1.183337
vt 0.312500 1.183337
vt 0.328125 1.183337
vt 0.343750 1.183337
vt 0.359375 1.183337
vt 0.375000 1.183337
vt 0.390625 1.183337
vt 0.406250 1.183337
vt 0.421875 1.183337
vt 0.437500 1.183337
vt 0.453125 1.183337
vt 0.468750 1.183337
vt 0.484375 1.183337
vt 0.500000 1.183337
vt 0.515625 1.183337
vt 0.531250 1.183337
vt 0.546875 1.183337
vt 0.562500 1.183337
vt 0.578125 1.183337
vt 0.593750 1.183337
vt 0.609375 1.183337
vt 0.625000 1.183337
vt 0.640625 1.183337
vt 0.656250 1.183337
vt 0.671875 1.183337
vt 0.687500 1.183337
vt 0.703125 1.183337
vt 0.718750 1.183337
vt 0.734375 1.183337
vt 0.750000 1.183337
vt 0.765625 1.183337
vt 0.781250 1.183337
vt 0.796875 1.183337
vt 0.812500 1.183337
vt 0.828125 1.183337
vt 0.843750 1.183337
vt 0.859375 1.183337
vt 0.875000 1.183337
vt 0.890625 1.183337
vt 0.906250 1.183337
vt 0.921875 1.183337
vt 0.937500 1.183337
vt 0.953125 1.183337
vt 0.968750 1.183337
vt 0.984375 1.183337
vt 1.000000 1.183337
vt 0.015625 1.186081
vt 0.000000 1.186081
vt 0.031250 1.186081
vt 0.046875 1.186081
vt 0.062500 1.186081
vt 0.078125 1.186081
vt 0.093750 1.186081
vt 0.109375 1.186081
vt 0.125000 1.186081
vt 0.140625 1.186081
vt 0.156250 1.186081
vt 0.171875 1.186081
vt 0.187500 1.186081
vt 0.203125 1.186081
vt 0.218750 1.186081
vt 0.234375 1.186081
vt 0.250000 1.186081
vt 0.265625 1.186081
vt 0.281250 1.186081
vt 0.296875 1.186081
vt 0.312500 1.186081
vt 0.328125 1.186081
vt 0.343750 1.186081
vt 0.359375 1.186081
vt 0.375000 1.186081
vt 0.390625 1.186081
vt 0.406250 1.186081
vt 0.421875 1.186081
vt 0.437500 1.186081
vt 0.453125 1.186081
vt 0.468750 1.186081
vt 0.484375 1.186081
vt 0.500000 1.186081
vt 0.515625 1.186081
vt 0.531250 1.186081
vt 0.546875 1.186081
vt 0.562500 1.186081
vt 0.578125 1.186081
vt 0.593750 1.186081
vt 0.609375 1.186081
vt 0.625000 1.186081
vt 0.640625 1.186081
vt 0.656250 1.186081
vt 0.671875 1.186081
vt 0.687500 1.186081
vt 0.703125 1.186081
vt 0.718750 1.186081
vt 0.734375 1.186081
vt 0.750000 1.186081
vt 0.765625 1.186081
vt 0.781250 1.186081
vt 0.796875 1.186081
vt 0.812500 1.186081
vt 0.828125 1.186081
vt 0.843750 1.186081
vt 0.859375 1.186081
vt 0.875000 1.186081
vt 0.890625 1.186081
vt 0.906250 1.186081
vt 0.921875 1.186081
vt 0.937500 1.186081
vt 0.953125 1.186081
vt 0.968750 1.186081
vt 0.984375 1.186081
vt 1.000000 1.186081
vt 0.015625 1.195385
vt 0.000000 1.195385
vt 0.031250 1.195385
vt 0.046875 1.195385
vt 0.062500 1.195385
vt 0.078125 1.195385
vt 0.093750 1.195385
vt 0.109375 1.195385
vt 0.125000 1.195385
vt 0.140625 1.195385
vt 0.156250 1.195385
vt 0.171875 1.195385
vt 0.187500 1.195385
vt 0.203125 1.195385
vt 0.218750 1.195385
vt 0.234375 1.195385
vt 0.250000 1.195385
vt 0.265625 1.195385
vt 0.281250 1.195385
vt 0.296875 1.195385
vt 0.312500 1.195385
vt 0.328125 1.195385
vt 0.343750 1.195385
vt 0.359375 1.195385
vt 0.375000 1.195385
vt 0.390625 1.195385
vt 0.406250 1.195385
vt 0.421875 1.195385
vt 0.437500 1.195385
vt 0.453125 1.195385
vt 0.468750 1.195385
vt 0.484375 1.195385
vt 0.500000 1.195385
vt 0.515625 1.195385
vt 0.531250 1.195385
vt 0.546875 1.195385
vt 0.562500 1.195385
vt 0.578125 1.195385
vt 0.593750 1.195385
vt 0.609375 1.195385
vt 0.625000 1.195385
vt 0.640625 1.195385
vt 0.656250 1.195385
vt 0.671875 1.195385
vt 0.687500 1.195385
vt 0.703125 1.195385
vt 0.718750 1.195385
vt 0.734375 1.195385
vt 0.750000 1.195385
vt 0.765625 1.195385
vt 0.781250 1.195385
vt 0.796875 1.195385
vt 0.812500 1.195385
vt 0.828125 1.195385
vt 0.843750 1.195385
vt 0.859375 1.195385
vt 0.875000 1.195385
vt 0.890625 1.195385
vt 0.906250 1.195385
vt 0.921875 1.195385
vt 0.937500 1.195385
vt 0.953125 1.195385
vt 0.968750 1.195385
vt 0.984375 1.195385
vt 1.000000 1.195385
vt 0.015625 1.198069
vt 0.000000 1.198069
vt 0.031250 1.198069
vt 0.046875 1.198069
vt 0.062500 1.198069
vt 0.078125 1.198069
vt 0.093750 1.198069
vt 0.109375 1.198069
vt 0.125000 1.198069
vt 0.140625 1.198069
vt 0.156250 1.198069
vt 0.171875 1.198069
vt 0.187500 1.198069
vt 0.203125 1.198069
vt 0.218750 1.198069
vt 0.234375 1.198069
vt 0.250000 1.198069
vt 0.265625 1.198069
vt 0.281250 1.198069
vt 0.296875 1.198069
vt 0.312500 1.198069
vt 0.328125 1.198069
vt 0.343750 1.198069
vt 0.359375 1.198069
vt 0.375000 1.198069
vt 0.390625 1.198069
vt 0.406250 1.198069
vt 0.421875 1.198069
vt 0.437500 1.198069
vt 0.453125 1.198069
vt 0.468750 1.198069
vt 0.484375 1.198069
vt 0.500000 1.198069
vt 0.515625 1.198069
vt 0.531250 1.198069
vt 0.546875 1.198069
vt 0.562500 1.198069
vt 0.578125 1.198069
vt 0.593750 1.198069
vt 0.609375 1.198069
vt 0.625000 1.198069
vt 0.640625 1.198069
vt 0.656250 1.198069
vt 0.671875 1.198069
vt 0.687500 1.198069
vt 0.703125 1.198069
vt 0.718750 1.198069
vt 0.734375 1.198069
vt 0.750000 1.198069
vt 0.765625 1.198069
vt 0.781250 1.198069
vt 0.796875 1.198069
vt 0.812500 1.198069
vt 0.828125 1.198069
vt 0.843750 1.198069
vt 0.859375 1.198069
vt 0.875000 1.198069
vt 0.890625 1.198069
vt 0.906250 1.198069
vt 0.921875 1.198069
vt 0.937500 1.198069
vt 0.953125 1.198069
vt 0.968750 1.198069
vt 0.984375 1.198069
vt 1.000000 1.198069
vt 0.015625 1.234079
vt 0.000000 1.234079
vt 0.031250 1.234079
vt 0.046875 1.234079
vt 0.062500 1.234079
vt 0.078125 1.234079
vt 0.093750 1.234079
vt 0.109375 1.234079
vt 0.125000 1.234079
vt 0.140625 1.234079
vt 0.156250 1.234079
vt 0.171875 1.234079
vt 0.187500 1.234079
vt 0.203125 1.234079
vt 0.218750 1.234079
vt 0.234375 1.234079
vt 0.250000 1.234079
vt 0.265625 1.234079
vt 0.281250 1.234079
vt 0.296875 1.234079
vt 0.312500 1.234079
vt 0.328125 1.234079
vt 0.343750 1.234079
vt 0.359375 1.234079
vt 0.375000 1.234079
vt 0.390625 1.234079
vt 0.406250 1.234079
vt 0.421875 1.234079
vt 0.437500 1.234079
vt 0.453125 1.234079
vt 0.468750 1.234079
vt 0.484375 1.234079
vt 0.500000 1.234079
vt 0.515625 1.234079
vt 0.531250 1.234079
vt 0.546875 1.234079
vt 0.562500 1.234079
vt 0.578125 1.234079
vt 0.593750 1.234079
vt 0.609375 1.234079
vt 0.625000 1.234079
vt 0.640625 1.234079
vt 0.656250 1.234079
vt 0.671875 1.234079
vt 0.687500 1.234079
vt 0.703125 1.234079
vt 0.718750 1.234079
vt 0.734375 1.234079
vt 0.750000 1.234079
vt 0.765625 1.234079
vt 0.781250 1.234079
vt 0.796875 1.234079
vt 0.812500 1.234079
vt 0.828125 1.234079
vt 0.843750 1.234079
vt 0.859375 1.234079
vt 0.875000 1.234079
vt 0.890625 1.234079
vt 0.906250 1.234079
vt 0.921875 1.234079
vt 0.937500 1.234079
vt 0.953125 1.234079
vt 0.968750 1.234079
vt 0.984375 1.234079
vt 1.000000 1.234079
vt 0.015625 1.237526
vt 0.000000 1.237526
vt 0.031250 1.237526
vt 0.046875 1.237526
vt 0.062500 1.237526
vt 0.078125 1.237526
vt 0.093750 1.237526
vt 0.109375 1.237526
vt 0.125000 1.237526
vt 0.140625 1.237526
vt 0.156250 1.237526
vt 0.171875 1.237526
vt 0.187500 1.237526
vt 0.203125 1.237526
vt 0.218750 1.237526
vt 0.234375 1.237526
vt 0.250000 1.237526
vt 0.265625 1.237526
vt 0.281250 1.237526
vt 0.296875 1.237526
vt 0.312500 1.237526
vt 0.328125 1.237526
vt 0.343750 1.237526
vt 0.359375 1.237526
vt 0.375000 1.237526
vt 0.390625 1.237526
vt 0.406250 1.237526
vt 0.421875 1.237526
vt 0.437500 1.237526
vt 0.453125 1.237526
vt 0.468750 1.237526
vt 0.484375 1.237526
vt 0.500000 1.237526
vt 0.515625 1.237526
vt 0.531250 1.237526
vt 0.546875 1.237526
vt 0.562500 1.237526
vt 0.578125 1.237526
vt 0.593750 1.237526
vt 0.609375 1.237526
vt 0.625000 1.237526
vt 0.640625 1.237526
vt 0.656250 1.237526
vt 0.671875 1.237526
vt 0.687500 1.237526
vt 0.703125 1.237526
vt 0.718750 1.237526
vt 0.734375 1.237526
vt 0.750000 1.237526
vt 0.765625 1.237526
vt 0.781250 1.237526
vt 0.796875 1.237526
vt 0.812500 1.237526
vt 0.828125 1.237526
vt 0.843750 1.237526
vt 0.859375 1.237526
vt 0.875000 1.237526
vt 0.890625 1.237526
vt 0.906250 1.237526
vt 0.921875 1.237526
vt 0.937500 1.237526
vt 0.953125 1.237526
vt 0.968750 1.237526
vt 0.984375 1.237526
vt 1.000000 1.237526
vt 0.015625 1.276415
vt 0.000000 1.276415
vt 0.031250 1.276415
vt 0.046875 1.276415
vt 0.062500 1.276415
vt 0.078125 1.276415
vt 0.093750 1.276415
vt 0.109375 1.276415
vt 0.125000 1.276415
vt 0.140625 1.276415
vt 0.156250 1.276415
vt 0.171875 1.276415
vt 0.187500 1.276415
vt 0.203125 1.276415
vt 0.218750 1.276415
vt 0.234375 1.276415
vt 0.250000 1.276415
vt 0.265625 1.276415
vt 0.281250 1.276415
vt 0.296875 1.276415
vt 0.312500 1.276415
vt 0.328125 1.276415
vt 0.343750 1.276415
vt 0.359375 1.276415
vt 0.375000 1.276415
vt 0.390625 1.276415
vt 0.406250 1.276415
vt 0.421875 1.276415
vt 0.437500 1.276415
vt 0.453125 1.276415
vt 0.468750 1.276415
vt 0.484375 1.276415
vt 0.500000 1.276415
vt 0.515625 1.276415
vt 0.531250 1.276415
vt 0.546875 1.276415
vt 0.562500 1.276415
vt 0.578125 1.276415
vt 0.593750 1.276415
vt 0.609375 1.276415
vt 0.625000 1.276415
vt 0.640625 1.276415
vt 0.656250 1.276415
vt 0.671875 1.276415
vt 0.687500 1.276415
vt 0.703125 1.276415
vt 0.718750 1.276415
vt 0.734375 1.276415
vt 0.750000 1.276415
vt 0.765625 1.276415
vt 0.781250 1.276415
vt 0.796875 1.276415
vt 0.812500 1.276415
vt 0.828125 1.276415
vt 0.843750 1.276415
vt 0.859375 1.276415
vt 0.875000 1.276415
vt 0.890625 1.276415
vt 0.906250 1.276415
vt 0.921875 1.276415
vt 0.937500 1.276415
vt 0.953125 1.276415
vt 0.968750 1.276415
vt 0.984375 1.276415
vt 1.000000 1.276415
vt 0.015625 1.317331
vt 0.000000 1.317331
vt 0.031250 1.317331
vt 0.046875 1.317331
vt 0.062500 1.317331
vt 0.078125 1.317331
vt 0.093750 1.317331
vt 0.109375 1.317331
vt 0.125000 1.317331
vt 0.140625 1.317331
vt 0.156250 1.317331
vt 0.171875 1.317331
vt 0.187500 1.317331
vt 0.203125 1.317331
vt 0.218750 1.317331
vt 0.234375 1.317331
vt 0.250000 1.317331
vt 0.265625 1.317331
vt 0.281250 1.317331
vt 0.296875 1.317331
vt 0.312500 1.317331
vt 0.328125 1.317331
vt 0.343750 1.317331
vt 0.359375 1.317331
vt 0.375000 1.317331
vt 0.390625 1.317331
vt 0.406250 1.317331
vt 0.421875 1.317331
vt 0.437500 1.317331
vt 0.453125 1.317331
vt 0.468750 1.317331
vt 0.484375 1.317331
vt 0.500000 1.317331
vt 0.515625 1.317331
vt 0.531250 1.317331
vt 0.546875 1.317331
vt 0.562500 1.317331
vt 0.578125 1.317331
vt 0.593750 1.317331
vt 0.609375 1.317331
vt 0.625000 1.317331
vt 0.640625 1.317331
vt 0.656250 1.317331
vt 0.671875 1.317331
vt 0.687500 1.317331
vt 0.703125 1.317331
vt 0.718750 1.317331
vt 0.734375 1.317331
vt 0.750000 1.317331
vt 0.765625 1.317331
vt 0.781250 1.317331
vt 0.796875 1.317331
vt 0.812500 1.317331
vt 0.828125 1.317331
vt 0.843750 1.317331
vt 0.859375 1.317331
vt 0.875000 1.317331
vt 0.890625 1.317331
vt 0.906250 1.317331
vt 0.921875 1.317331
vt 0.937500 1.317331
vt 0.953125 1.317331
vt 0.968750 1.317331
vt 0.984375 1.317331
vt 1.000000 1.317331
vt 0.015625 1.357010
vt 0.000000 1.357010
vt 0.031250 1.357010
vt 0.046875 1.357010
vt 0.062500 1.357010
vt 0.078125 1.357010
vt 0.093750 1.357010
vt 0.109375 1.357010
vt 0.125000 1.357010
vt 0.140625 1.357010
vt 0.156250 1.357010
vt 0.171875 1.357010
vt 0.187500 1.357010
vt 0.203125 1.357010
vt 0.218750 1.357010
vt 0.234375 1.357010
vt 0.250000 1.357010
vt 0.265625 1.357010
vt 0.281250 1.357010
vt 0.296875 1.357010
vt 0.312500 1.357010
vt 0.328125 1.357010
vt 0.343750 1.357010
vt 0.359375 1.357010
vt 0.375000 1.357010
vt 0.390625 1.357010
vt 0.406250 1.357010
vt 0.421875 1.357010
vt 0.437500 1.357010
vt 0.453125 1.357010
vt 0.468750 1.357010
vt 0.484375 1.357010
vt 0.500000 1.357010
vt 0.515625 1.357010
vt 0.531250 1.357010
vt 0.546875 1.357010
vt 0.562500 1.357010
vt 0.578125 1.357010
vt 0.593750 1.357010
vt 0.609375 1.357010
vt 0.625000 1.357010
vt 0.640625 1.357010
vt 0.656250 1.357010
vt 0.671875 1.357010
vt 0.687500 1.357010
vt 0.703125 1.357010
vt 0.718750 1.357010
vt 0.734375 1.357010
vt 0.750000 1.357010
vt 0.765625 1.357010
vt 0.781250 1.357010
vt 0.796875 1.357010
vt 0.812500 1.357010
vt 0.828125 1.357010
vt 0.843750 1.357010
vt 0.859375 1.357010
vt 0.875000 1.357010
vt 0.890625 1.357010
vt 0.906250 1.357010
vt 0.921875 1.357010
vt 0.937500 1.357010
vt 0.953125 1.357010
vt 0.968750 1.357010
vt 0.984375 1.357010
vt 1.000000 1.357010
vt 0.015625 1.394595
vt 0.000000 1.394595
vt 0.031250 1.394595
vt 0.046875 1.394595
vt 0.062500 1.394595
vt 0.078125 1.394595
vt 0.093750 1.394595
vt 0.109375 1.394595
vt 0.125000 1.394595
vt 0.140625 1.394595
vt 0.156250 1.394595
vt 0.171875 1.394595
vt 0.187500 1.394595
vt 0.203125 1.394595
vt 0.218750 1.394595
vt 0.234375 1.394595
vt 0.250000 1.394595
vt 0.265625 1.394595
vt 0.281250 1.394595
vt 0.296875 1.394595
vt 0.312500 1.394595
vt 0.328125 1.394595
vt 0.343750 1.394595
vt 0.359375 1.394595
vt 0.375000 1.394595
vt 0.390625 1.394595
vt 0.406250 1.394595
vt 0.421875 1.394595
vt 0.437500 1.394595
vt 0.453125 1.394595
vt 0.468750 1.394595
vt 0.484375 1.394595
vt 0.500000 1.394595
vt 0.515625 1.394595
vt 0.531250 1.394595
vt 0.546875 1.394595
vt 0.562500 1.394595
vt 0.578125 1.394595
vt 0.593750 1.394595
vt 0.609375 1.394595
vt 0.625000 1.394595
vt 0.640625 1.394595
vt 0.656250 1.394595
vt 0.671875 1.394595
vt 0.687500 1.394595
vt 0.703125 1.394595
vt 0.718750 1.394595
vt 0.734375 1.394595
vt 0.750000 1.394595
vt 0.765625 1.394595
vt 0.781250 1.394595
vt 0.796875 1.394595
vt 0.812500 1.394595
vt 0.828125 1.394595
vt 0.843750 1.394595
vt 0.859375 1.394595
vt 0.875000 1.394595
vt 0.890625 1.394595
vt 0.906250 1.394595
vt 0.921875 1.394595
vt 0.937500 1.394595
vt 0.953125 1.394595
vt 0.968750 1.394595
vt 0.984375 1.394595
vt 1.000000 1.394595
vt 0.015625 1.429295
vt 0.000000 1.429295
vt 0.031250 1.429295
vt 0.046875 1.429295
vt 0.062500 1.429295
vt 0.078125 1.429295
vt 0.093750 1.429295
vt 0.109375 1.429295
vt 0.125000 1.429295
vt 0.140625 1.429295
vt 0.156250 1.429295
vt 0.171875 1.429295
vt 0.187500 1.429295
vt 0.203125 1.429295
vt 0.218750 1.429295
vt 0.234375 1.429295
vt 0.250000 1.429295
vt 0.265625 1.429295
vt 0.281250 1.429295
vt 0.296875 1.429295
vt 0.312500 1.429295
vt 0.328125 1.429295
vt 0.343750 1.429295
vt 0.359375 1.429295
vt 0.375000 1.429295
vt 0.390625 1.429295
vt 0.406250 1.429295
vt 0.421875 1.429295
vt 0.437500 1.429295
vt 0.453125 1.429295
vt 0.468750 1.429295
vt 0.484375 1.429295
vt 0.500000 1.429295
vt 0.515625 1.429295
vt 0.531250 1.429295
vt 0.546875 1.429295
vt 0.562500 1.429295
vt 0.578125 1.429295
vt 0.593750 1.429295
vt 0.609375 1.429295
vt 0.625000 1.429295
vt 0.640625 1.429295
vt 0.656250 1.429295
vt 0.671875 1.429295
vt 0.687500 1.429295
vt 0.703125 1.429295
vt 0.718750 1.429295
vt 0.734375 1.429295
vt 0.750000 1.429295
vt 0.765625 1.429295
vt 0.781250 1.429295
vt 0.796875 1.429295
vt 0.812500 1.429295
vt 0.828125 1.429295
vt 0.843750 1.429295
vt 0.859375 1.429295
vt 0.875000 1.429295
vt 0.890625 1.429295
vt 0.906250 1.429295
vt 0.921875 1.429295
vt 0.937500 1.429295
vt 0.953125 1.429295
vt 0.968750 1.429295
vt 0.984375 1.429295
vt 1.000000 1.429295
vt 0.015625 1.460444
vt 0.000000 1.460444
vt 0.031250 1.460444
vt 0.046875 1.460444
vt 0.062500 1.460444
vt 0.078125 1.460444
vt 0.093750 1.460444
vt 0.109375 1.460444
vt 0.125000 1.460444
vt 0.140625 1.460444
vt 0.156250 1.460444
vt 0.171875 1.460444
vt 0.187500 1.460444
vt 0.203125 1.460444
vt 0.218750 1.460444
vt 0.234375 1.460444
vt 0.250000 1.460444
vt 0.265625 1.460444
vt 0.281250 1.460444
vt 0.296875 1.460444
vt 0.312500 1.460444
vt 0.328125 1.460444
vt 0.343750 1.460444
vt 0.359375 1.460444
vt 0.375000 1.460444
vt 0.390625 1.460444
vt 0.406250 1.460444
vt 0.421875 1.460444
vt 0.437500 1.460444
vt 0.453125 1.460444
vt 0.468750 1.460444
vt 0.484375 1.460444
vt 0.500000 1.460444
vt 0.515625 1.460444
vt 0.531250 1.460444
vt 0.546875 1.460444
vt 0.562500 1.460444
vt 0.578125 1.460444
vt 0.593750 1.460444
vt 0.609375 1.460444
vt 0.625000 1.460444
vt 0.640625 1.460444
vt 0.656250 1.460444
vt 0.671875 1.460444
vt 0.687500 1.460444
vt 0.703125 1.460444
vt 0.718750 1.460444
vt 0.734375 1.460444
vt 0.750000 1.460444
vt 0.765625 1.460444
vt 0.781250 1.460444
vt 0.796875 1.460444
vt 0.812500 1.460444
vt 0.828125 1.460444
vt 0.843750 1.460444
vt 0.859375 1.460444
vt 0.875000 1.460444
vt 0.890625 1.460444
vt 0.906250 1.460444
vt 0.921875 1.460444
vt 0.937500 1.460444
vt 0.953125 1.460444
vt 0.968750 1.460444
vt 0.984375 1.460444
vt 1.000000 1.460444
vt 0.015625 1.487635
vt 0.000000 1.487635
vt 0.031250 1.487635
vt 0.046875 1.487635
vt 0.062500 1.487635
vt 0.078125 1.487635
vt 0.093750 1.487635
vt 0.109375 1.487635
vt 0.125000 1.487635
vt 0.140625 1.487635
vt 0.156250 1.487635
vt 0.171875 1.487635
vt 0.187500 1.487635
vt 0.203125 1.487635
vt 0.218750 1.487635
vt 0.234375 1.487635
vt 0.250000 1.487635
vt 0.265625 1.487635
vt 0.281250 1.487635
vt 0.296875 1.487635
vt 0.312500 1.487635
vt 0.328125 1.487635
vt 0.343750 1.487635
vt 0.359375 1.487635
vt 0.375000 1.487635
vt 0.390625 1.487635
vt 0.406250 1.487635
vt 0.421875 1.487635
vt 0.437500 1.487635
vt 0.453125 1.487635
vt 0.468750 1.487635
vt 0.484375 1.487635
vt 0.500000 1.487635
vt 0.515625 1.487635
vt 0.531250 1.487635
vt 0.546875 1.487635
vt 0.562500 1.487635
vt 0.578125 1.487635
vt 0.593750 1.487635
vt 0.609375 1.487635
vt 0.625000 1.487635
vt 0.640625 1.487635
vt 0.656250 1.487635
vt 0.671875 1.487635
vt 0.687500 1.487635
vt 0.703125 1.487635
vt 0.718750 1.487635
vt 0.734375 1.487635
vt 0.750000 1.487635
vt 0.765625 1.487635
vt 0.781250 1.487635
vt 0.796875 1.487635
vt 0.812500 1.487635
vt 0.828125 1.487635
vt 0.843750 1.487635
vt 0.859375 1.487635
vt 0.875000 1.487635
vt 0.890625 1.487635
vt 0.906250 1.487635
vt 0.921875 1.487635
vt 0.937500 1.487635
vt 0.953125 1.487635
vt 0.968750 1.487635
vt 0.984375 1.487635
vt 1.000000 1.487635
vt 0.015625 1.496754
vt 0.000000 1.496754
vt 0.031250 1.496754
vt 0.046875 1.496754
vt 0.062500 1.496754
vt 0.078125 1.496754
vt 0.093750 1.496754
vt 0.109375 1.496754
vt 0.125000 1.496754
vt 0.140625 1.496754
vt 0.156250 1.496754
vt 0.171875 1.496754
vt 0.187500 1.496754
vt 0.203125 1.496754
vt 0.218750 1.496754
vt 0.234375 1.496754
vt 0.250000 1.496754
vt 0.265625 1.496754
vt 0.281250 1.496754
vt 0.296875 1.496754
vt 0.312500 1.496754
vt 0.328125 1.496754
vt 0.343750 1.496754
vt 0.359375 1.496754
vt 0.375000 1.496754
vt 0.390625 1.496754
vt 0.406250 1.496754
vt 0.421875 1.496754
vt 0.437500 1.496754
vt 0.453125 1.496754
vt 0.468750 1.496754
vt 0.484375 1.496754
vt 0.500000 1.496754
vt 0.515625 1.496754
vt 0.531250 1.496754
vt 0.546875 1.496754
vt 0.562500 1.496754
vt 0.578125 1.496754
vt 0.593750 1.496754
vt 0.609375 1.496754
vt 0.625000 1.496754
vt 0.640625 1.496754
vt 0.656250 1.496754
vt 0.671875 1.496754
vt 0.687500 1.496754
vt 0.703125 1.496754
vt 0.718750 1.496754
vt 0.734375 1.496754
vt 0.750000 1.496754
vt 0.765625 1.496754
vt 0.781250 1.496754
vt 0.796875 1.496754
vt 0.812500 1.496754
vt 0.828125 1.496754
vt 0.843750 1.496754
vt 0.859375 1.496754
vt 0.875000 1.496754
vt 0.890625 1.496754
vt 0.906250 1.496754
vt 0.921875 1.496754
vt 0.937500 1.496754
vt 0.953125 1.496754
vt 0.968750 1.496754
vt 0.984375 1.496754
vt 1.000000 1.496754
vt 0.015625 1.498782
vt 0.000000 1.498782
vt 0.031250 1.498782
vt 0.046875 1.498782
vt 0.062500 1.498782
vt 0.078125 1.498782
vt 0.093750 1.498782
vt 0.109375 1.498782
vt 0.125000 1.498782
vt 0.140625 1.498782
vt 0.156250 1.498782
vt 0.171875 1.498782
vt 0.187500 1.498782
vt 0.203125 1.498782
vt 0.218750 1.498782
vt 0.234375 1.498782
vt 0.250000 1.498782
vt 0.265625 1.498782
vt 0.281250 1.498782
vt 0.296875 1.498782
vt 0.312500 1.498782
vt 0.328125 1.498782
vt 0.343750 1.498782
vt 0.359375 1.498782
vt 0.375000 1.498782
vt 0.390625 1.498782
vt 0.406250 1.498782
vt 0.421875 1.498782
vt 0.437500 1.498782
vt 0.453125 1.498782
vt 0.468750 1.498782
vt 0.484375 1.498782
vt 0.500000 1.498782
vt 0.515625 1.498782
vt 0.531250 1.498782
vt 0.546875 1.498782
vt 0.562500 1.498782
vt 0.578125 1.498782
vt 0.593750 1.498782
vt 0.609375 1.498782
vt 0.625000 1.498782
vt 0.640625 1.498782
vt 0.656250 1.498782
vt 0.671875 1.498782
vt 0.687500 1.498782
vt 0.703125 1.498782
vt 0.718750 1.498782
vt 0.734375 1.498782
vt 0.750000 1.498782
vt 0.765625 1.498782
vt 0.781250 1.498782
vt 0.796875 1.498782
vt 0.812500 1.498782
vt 0.828125 1.498782
vt 0.843750 1.498782
vt 0.859375 1.498782
vt 0.875000 1.498782
vt 0.890625 1.498782
vt 0.906250 1.498782
vt 0.921875 1.498782
vt 0.937500 1.498782
vt 0.953125 1.498782
vt 0.968750 1.498782
vt 0.984375 1.498782
vt 1.000000 1.498782
vt 0.015625 1.520685
vt 0.000000 1.520685
vt 0.031250 1.520685
vt 0.046875 1.520685
vt 0.062500 1.520685
vt 0.078125 1.520685
vt 0.093750 1.520685
vt 0.109375 1.520685
vt 0.125000 1.520685
vt 0.140625 1.520685
vt 0.156250 1.520685
vt 0.171875 1.520685
vt 0.187500 1.520685
vt 0.203125 1.520685
vt 0.218750 1.520685
vt 0.234375 1.520685
vt 0.250000 1.520685
vt 0.265625 1.520685
vt 0.281250 1.520685
vt 0.296875 1.520685
vt 0.312500 1.520685
vt 0.328125 1.520685
vt 0.343750 1.520685
vt 0.359375 1.520685
vt 0.375000 1.520685
vt 0.390625 1.520685
vt 0.406250 1.520685
vt 0.421875 1.520685
vt 0.437500 1.520685
vt 0.453125 1.520685
vt 0.468750 1.520685
vt 0.484375 1.520685
vt 0.500000 1.520685
vt 0.515625 1.520685
vt 0.531250 1.520685
vt 0.546875 1.520685
vt 0.562500 1.520685
vt 0.578125 1.520685
vt 0.593750 1.520685
vt 0.609375 1.520685
vt 0.625000 1.520685
vt 0.640625 1.520685
vt 0.656250 1.520685
vt 0.671875 1.520685
vt 0.687500 1.520685
vt 0.703125 1.520685
vt 0.718750 1.520685
vt 0.734375 1.520685
vt 0.750000 1.520685
vt 0.765625 1.520685
vt 0.781250 1.520685
vt 0.796875 1.520685
vt 0.812500 1.520685
vt 0.828125 1.520685
vt 0.843750 1.520685
vt 0.859375 1.520685
vt 0.875000 1.520685
vt 0.890625 1.520685
vt 0.906250 1.520685
vt 0.921875 1.520685
vt 0.937500 1.520685
vt 0.953125 1.520685
vt 0.968750 1.520685
vt 0.984375 1.520685
vt 1.000000 1.520685
vt 0.015625 1.523731
vt 0.000000 1.523731
vt 0.031250 1.523731
vt 0.046875 1.523731
vt 0.062500 1.523731
vt 0.078125 1.523731
vt 0.093750 1.523731
vt 0.109375 1.523731
vt 0.125000 1.523731
vt 0.140625 1.523731
vt 0.156250 1.523731
vt 0.171875 1.523731
vt 0.187500 1.523731
vt 0.203125 1.523731
vt 0.218750 1.523731
vt 0.234375 1.523731
vt 0.250000 1.523731
vt 0.265625 1.523731
vt 0.281250 1.523731
vt 0.296875 1.523731
vt 0.312500 1.523731
vt 0.328125 1.523731
vt 0.343750 1.523731
vt 0.359375 1.523731
vt 0.375000 1.523731
vt 0.390625 1.523731
vt 0.406250 1.523731
vt 0.421875 1.523731
vt 0.437500 1.523731
vt 0.453125 1.523731
vt 0.468750 1.523731
vt 0.484375 1.523731
vt 0.500000 1.523731
vt 0.515625 1.523731
vt 0.531250 1.523731
vt 0.546875 1.523731
vt 0.562500 1.523731
vt 0.578125 1.523731
vt 0.593750 1.523731
vt 0.609375 1.523731
vt 0.625000 1.523731
vt 0.640625 1.523731
vt 0.656250 1.523731
vt 0.671875 1.523731
vt 0.687500 1.523731
vt 0.703125 1.523731
vt 0.718750 1.523731
vt 0.734375 1.523731
vt 0.750000 1.523731
vt 0.765625 1.523731
vt 0.781250 1.523731
vt 0.796875 1.523731
vt 0.812500 1.523731
vt 0.828125 1.523731
vt 0.843750 1.523731
vt 0.859375 1.523731
vt 0.875000 1.523731
vt 0.890625 1.523731
vt 0.906250 1.523731
vt 0.921875 1.523731
vt 0.937500 1.523731
vt 0.953125 1.523731
vt 0.968750 1.523731
vt 0.984375 1.523731
vt 1.000000 1.523731
vt 0.015625 1.536070
vt 0.000000 1.536070
vt 0.031250 1.536070
vt 0.046875 1.536070
vt 0.062500 1.536070
vt 0.078125 1.536070
vt 0.093750 1.536070
vt 0.109375 1.536070
vt 0.125000 1.536070
vt 0.140625 1.536070
vt 0.156250 1.536070
vt 0.171875 1.536070
vt 0.187500 1.536070
vt 0.203125 1.536070
vt 0.218750 1.536070
vt 0.234375 1.536070
vt 0.250000 1.536070
vt 0.265625 1.536070
vt 0.281250 1.536070
vt 0.296875 1.536070
vt 0.312500 1.536070
vt 0.328125 1.536070
vt 0.343750 1.536070
vt 0.359375 1.536070
vt 0.375000 1.536070
vt 0.390625 1.536070
vt 0.406250 1.536070
vt 0.421875 1.536070
vt 0.437500 1.536070
vt 0.453125 1.536070
vt 0.468750 1.536070
vt 0.484375 1.536070
vt 0.500000 1.536070
vt 0.515625 1.536070
vt 0.531250 1.536070
vt 0.546875 1.536070
vt 0.562500 1.536070
vt 0.578125 1.536070
vt 0.593750 1.536070
vt 0.609375 1.536070
vt 0.625000 1.536070
vt 0.640625 1.536070
vt 0.656250 1.536070
vt 0.671875 1.536070
vt 0.687500 1.536070
vt 0.703125 1.536070
vt 0.718750 1.536070
vt 0.734375 1.536070
vt 0.750000 1.536070
vt 0.765625 1.536070
vt 0.781250 1.536070
vt 0.796875 1.536070
vt 0.812500 1.536070
vt 0.828125 1.536070
vt 0.843750 1.536070
vt 0.859375 1.536070
vt 0.875000 1.536070
vt 0.890625 1.536070
vt 0.906250 1.536070
vt 0.921875 1.536070
vt 0.937500 1.536070
vt 0.953125 1.536070
vt 0.968750 1.536070
vt 0.984375 1.536070
vt 1.000000 1.536070
vt 0.015625 1.538326
vt 0.000000 1.538326
vt 0.031250 1.538326
vt 0.046875 1.538326
vt 0.062500 1.538326
vt 0.078125 1.538326
vt 0.093750 1.538326
vt 0.109375 1.538326
vt 0.125000 1.538326
vt 0.140625 1.538326
vt 0.156250 1.538326
vt 0.171875 1.538326
vt 0.187500 1.538326
vt 0.203125 1.538326
vt 0.218750 1.538326
vt 0.234375 1.538326
vt 0.250000 1.538326
vt 0.265625 1.538326
vt 0.281250 1.538326
vt 0.296875 1.538326
vt 0.312500 1.538326
vt 0.328125 1.538326
vt 0.343750 1.538326
vt 0.359375 1.538326
vt 0.375000 1.538326
vt 0.390625 1.538326
vt 0.406250 1.538326
vt 0.421875 1.538326
vt 0.437500 1.538326
vt 0.453125 1.538326
vt 0.468750 1.538326
vt 0.484375 1.538326
vt 0.500000 1.538326
vt 0.515625 1.538326
vt 0.531250 1.538326
vt 0.546875 1.538326
vt 0.562500 1.538326
vt 0.578125 1.538326
vt 0.593750 1.538326
vt 0.609375 1.538326
vt 0.625000 1.538326
vt 0.640625 1.538326
vt 0.656250 1.538326
vt 0.671875 1.538326
vt 0.687500 1.538326
vt 0.703125 1.538326
vt 0.718750 1.538326
vt 0.734375 1.538326
vt 0.750000 1.538326
vt 0.765625 1.538326
vt 0.781250 1.538326
vt 0.796875 1.538326
vt 0.812500 1.538326
vt 0.828125 1.538326
vt 0.843750 1.538326
vt 0.859375 1.538326
vt 0.875000 1.538326
vt 0.890625 1.538326
vt 0.906250 1.538326
vt 0.921875 1.538326
vt 0.937500 1.538326
vt 0.953125 1.538326
vt 0.968750 1.538326
vt 0.984375 1.538326
vt 1.000000 1.538326
vt 0.015625 1.555310
vt 0.000000 1.555310
vt 0.031250 1.555310
vt 0.046875 1.555310
vt 0.062500 1.555310
vt 0.078125 1.555310
vt 0.093750 1.555310
vt 0.109375 1.555310
vt 0.125000 1.555310
vt 0.140625 1.555310
vt 0.156250 1.555310
vt 0.171875 1.555310
vt 0.187500 1.555310
vt 0.203125 1.555310
vt 0.218750 1.555310
vt 0.234375 1.555310
vt 0.250000 1.555310
vt 0.265625 1.555310
vt 0.281250 1.555310
vt 0.296875 1.555310
vt 0.312500 1.555310
vt 0.328125 1.555310
vt 0.343750 1.555310
vt 0.359375 1.555310
vt 0.375000 1.555310
vt 0.390625 1.555310
vt 0.406250 1.555310
vt 0.421875 1.555310
vt 0.437500 1.555310
vt 0.453125 1.555310
vt 0.468750 1.555310
vt 0.484375 1.555310
vt 0.500000 1.555310
vt 0.515625 1.555310
vt 0.531250 1.555310
vt 0.546875 1.555310
vt 0.562500 1.555310
vt 0.578125 1.555310
vt 0.593750 1.555310
vt 0.609375 1.555310
vt 0.625000 1.555310
vt 0.640625 1.555310
vt 0.656250 1.555310
vt 0.671875 1.555310
vt 0.687500 1.555310
vt 0.703125 1.555310
vt 0.718750 1.555310
vt 0.734375 1.555310
vt 0.750000 1.555310
vt 0.765625 1.555310
vt 0.781250 1.555310
vt 0.796875 1.555310
vt 0.812500 1.555310
vt 0.828125 1.555310
vt 0.843750 1.555310
vt 0.859375 1.555310
vt 0.875000 1.555310
vt 0.890625 1.555310
vt 0.906250 1.555310
vt 0.921875 1.555310
vt 0.937500 1.555310
vt 0.953125 1.555310
vt 0.968750 1.555310
vt 0.984375 1.555310
vt 1.000000 1.555310
vt 0.015625 1.574568
vt 0.000000 1.574568
vt 0.031250 1.574568
vt 0.046875 1.574568
vt 0.062500 1.574568
vt 0.078125 1.574568
vt 0.093750 1.574568
vt 0.109375 1.574568
vt 0.125000 1.574568
vt 0.140625 1.574568
vt 0.156250 1.574568
vt 0.171875 1.574568
vt 0.187500 1.574568
vt 0.203125 1.574568
vt 0.218750 1.574568
vt 0.234375 1.574568
vt 0.250000 1.574568
vt 0.265625 1.574568
vt 0.281250 1.574568
vt 0.296875 1.574568
vt 0.312500 1.574568
vt 0.328125 1.574568
vt 0.343750 1.574568
vt 0.359375 1.574568
vt 0.375000 1.574568
vt 0.390625 1.574568
vt 0.406250 1.574568
vt 0.421875 1.574568
vt 0.437500 1.574568
vt 0.453125 1.574568
vt 0.468750 1.574568
vt 0.484375 1.574568
vt 0.500000 1.574568
vt 0.515625 1.574568
vt 0.531250 1.574568
vt 0.546875 1.574568
vt 0.562500 1.574568
vt 0.578125 1.574568
vt 0.593750 1.574568
vt 0.609375 1.574568
vt 0.625000 1.574568
vt 0.640625 1.574568
vt 0.656250 1.574568
vt 0.671875 1.574568
vt 0.687500 1.574568
vt 0.703125 1.574568
vt 0.718750 1.574568
vt 0.734375 1.574568
vt 0.750000 1.574568
vt 0.765625 1.574568
vt 0.781250 1.574568
vt 0.796875 1.574568
vt 0.812500 1.574568
vt 0.828125 1.574568
vt 0.843750 1.574568
vt 0.859375 1.574568
vt 0.875000 1.574568
vt 0.890625 1.574568
vt 0.906250 1.574568
vt 0.921875 1.574568
vt 0.937500 1.574568
vt 0.953125 1.574568
vt 0.968750 1.574568
vt 0.984375 1.574568
vt 1.000000 1.574568
vt 0.015625 1.594795
vt 0.000000 1.594795
vt 0.031250 1.594795
vt 0.046875 1.594795
vt 0.062500 1.594795
vt 0.078125 1.594795
vt 0.093750 1.594795
vt 0.109375 1.594795
vt 0.125000 1.594795
vt 0.140625 1.594795
vt 0.156250 1.594795
vt 0.171875 1.594795
vt 0.187500 1.594795
vt 0.203125 1.594795
vt 0.218750 1.594795
vt 0.234375 1.594795
vt 0.250000 1.594795
vt 0.265625 1.594795
vt 0.281250 1.594795
vt 0.296875 1.594795
vt 0.312500 1.594795
vt 0.328125 1.594795
vt 0.343750 1.594795
vt 0.359375 1.594795
vt 0.375000 1.594795
vt 0.390625 1.594795
vt 0.406250 1.594795
vt 0.421875 1.594795
vt 0.437500 1.594795
vt 0.453125 1.594795
vt 0.468750 1.594795
vt 0.484375 1.594795
vt 0.500000 1.594795
vt 0.515625 1.594795
vt 0.531250 1.594795
vt 0.546875 1.594795
vt 0.562500 1.594795
vt 0.578125 1.594795
vt 0.593750 1.594795
vt 0.609375 1.594795
vt 0.625000 1.594795
vt 0.640625 1.594795
vt 0.656250 1.594795
vt 0.671875 1.594795
vt 0.687500 1.594795
vt 0.703125 1.594795
vt 0.718750 1.594795
vt 0.734375 1.594795
vt 0.750000 1.594795
vt 0.765625 1.594795
vt 0.781250 1.594795
vt 0.796875 1.594795
vt 0.812500 1.594795
vt 0.828125 1.594795
vt 0.843750 1.594795
vt 0.859375 1.594795
vt 0.875000 1.594795
vt 0.890625 1.594795
vt 0.906250 1.594795
vt 0.921875 1.594795
vt 0.937500 1.594795
vt 0.953125 1.594795
vt 0.968750 1.594795
vt 0.984375 1.594795
vt 1.000000 1.594795
vt 0.015625 1.615598
vt 0.000000 1.615598
vt 0.031250 1.615598
vt 0.046875 1.615598
vt 0.062500 1.615598
vt 0.078125 1.615598
vt 0.093750 1.615598
vt 0.109375 1.615598
vt 0.125000 1.615598
vt 0.140625 1.615598
vt 0.156250 1.615598
vt 0.171875 1.615598
vt 0.187500 1.615598
vt 0.203125 1.615598
vt 0.218750 1.615598
vt 0.234375 1.615598
vt 0.250000 1.615598
vt 0.265625 1.615598
vt 0.281250 1.615598
vt 0.296875 1.615598
vt 0.312500 1.615598
vt 0.328125 1.615598
vt 0.343750 1.615598
vt 0.359375 1.615598
vt 0.375000 1.615598
vt 0.390625 1.615598
vt 0.406250 1.615598
vt 0.421875 1.615598
vt 0.437500 1.615598
vt 0.453125 1.615598
vt 0.468750 1.615598
vt 0.484375 1.615598
vt 0.500000 1.615598
vt 0.515625 1.615598
vt 0.531250 1.615598
vt 0.546875 1.615598
vt 0.562500 1.615598
vt 0.578125 1.615598
vt 0.593750 1.615598
vt 0.609375 1.615598
vt 0.625000 1.615598
vt 0.640625 1.615598
vt 0.656250 1.615598
vt 0.671875 1.615598
vt 0.687500 1.615598
vt 0.703125 1.615598
vt 0.718750 1.615598
vt 0.734375 1.615598
vt 0.750000 1.615598
vt 0.765625 1.615598
vt 0.781250 1.615598
vt 0.796875 1.615598
vt 0.812500 1.615598
vt 0.828125 1.615598
vt 0.843750 1.615598
vt 0.859375 1.615598
vt 0.875000 1.615598
vt 0.890625 1.615598
vt 0.906250 1.615598
vt 0.921875 1.615598
vt 0.937500 1.615598
vt 0.953125 1.615598
vt 0.968750 1.615598
vt 0.984375 1.615598
vt 1.000000 1.615598
vt 0.015625 1.636453
vt 0.000000 1.636453
vt 0.031250 1.636453
vt 0.046875 1.636453
vt 0.062500 1.636453
vt 0.078125 1.636453
vt 0.093750 1.636453
vt 0.109375 1.636453
vt 0.125000 1.636453
vt 0.140625 1.636453
vt 0.156250 1.636453
vt 0.171875 1.636453
vt 0.187500 1.636453
vt 0.203125 1.636453
vt 0.218750 1.636453
vt 0.234375 1.636453
vt 0.250000 1.636453
vt 0.265625 1.636453
vt 0.281250 1.636453
vt 0.296875 1.636453
vt 0.312500 1.636453
vt 0.328125 1.636453
vt 0.343750 1.636453
vt 0.359375 1.636453
vt 0.375000 1.636453
vt 0.390625 1.636453
vt 0.406250 1.636453
vt 0.421875 1.636453
vt 0.437500 1.636453
vt 0.453125 1.636453
vt 0.468750 1.636453
vt 0.484375 1.636453
vt 0.500000 1.636453
vt 0.515625 1.636453
vt 0.531250 1.636453
vt 0.546875 1.636453
vt 0.562500 1.636453
vt 0.578125 1.636453
vt 0.593750 1.636453
vt 0.609375 1.636453
vt 0.625000 1.636453
vt 0.640625 1.636453
vt 0.656250 1.636453
vt 0.671875 1.636453
vt 0.687500 1.636453
vt 0.703125 1.636453
vt 0.718750 1.636453
vt 0.734375 1.636453
vt 0.750000 1.636453
vt 0.765625 1.636453
vt 0.781250 1.636453
vt 0.796875 1.636453
vt 0.812500 1.636453
vt 0.828125 1.636453
vt 0.843750 1.636453
vt 0.859375 1.636453
vt 0.875000 1.636453
vt 0.890625 1.636453
vt 0.906250 1.636453
vt 0.921875 1.636453
vt 0.937500 1.636453
vt 0.953125 1.636453
vt 0.968750 1.636453
vt 0.984375 1.636453
vt 1.000000 1.636453
vt 0.015625 1.656863
vt 0.000000 1.656863
vt 0.031250 1.656863
vt 0.046875 1.656863
vt 0.062500 1.656863
vt 0.078125 1.656863
vt 0.093750 1.656863
vt 0.109375 1.656863
vt 0.125000 1.656863
vt 0.140625 1.656863
vt 0.156250 1.656863
vt 0.171875 1.656863
vt 0.187500 1.656863
vt 0.203125 1.656863
vt 0.218750 1.656863
vt 0.234375 1.656863
vt 0.250000 1.656863
vt 0.265625 1.656863
vt 0.281250 1.656863
vt 0.296875 1.656863
vt 0.312500 1.656863
vt 0.328125 1.656863
vt 0.343750 1.656863
vt 0.359375 1.656863
vt 0.375000 1.656863
vt 0.390625 1.656863
vt 0.406250 1.656863
vt 0.421875 1.656863
vt 0.437500 1.656863
vt 0.453125 1.656863
vt 0.468750 1.656863
vt 0.484375 1.656863
vt 0.500000 1.656863
vt 0.515625 1.656863
vt 0.531250 1.656863
vt 0.546875 1.656863
vt 0.562500 1.656863
vt 0.578125 1.656863
vt 0.593750 1.656863
vt 0.609375 1.656863
vt 0.625000 1.656863
vt 0.640625 1.656863
vt 0.656250 1.656863
vt 0.671875 1.656863
vt 0.687500 1.656863
vt 0.703125 1.656863
vt 0.718750 1.656863
vt 0.734375 1.656863
vt 0.750000 1.656863
vt 0.765625 1.656863
vt 0.781250 1.656863
vt 0.796875 1.656863
vt 0.812500 1.656863
vt 0.828125 1.656863
vt 0.843750 1.656863
vt 0.859375 1.656863
vt 0.875000 1.656863
vt 0.890625 1.656863
vt 0.906250 1.656863
vt 0.921875 1.656863
vt 0.937500 1.656863
vt 0.953125 1.656863
vt 0.968750 1.656863
vt 0.984375 1.656863
vt 1.000000 1.656863
vt 0.015625 1.662376
vt 0.000000 1.662376
vt 0.031250 1.662376
vt 0.046875 1.662376
vt 0.062500 1.662376
vt 0.078125 1.662376
vt 0.093750 1.662376
vt 0.109375 1.662376
vt 0.125000 1.662376
vt 0.140625 1.662376
vt 0.156250 1.662376
vt 0.171875 1.662376
vt 0.187500 1.662376
vt 0.203125 1.662376
vt 0.218750 1.662376
vt 0.234375 1.662376
vt 0.250000 1.662376
vt 0.265625 1.662376
vt 0.281250 1.662376
vt 0.296875 1.662376
vt 0.312500 1.662376
vt 0.328125 1.662376
vt 0.343750 1.662376
vt 0.359375 1.662376
vt 0.375000 1.662376
vt 0.390625 1.662376
vt 0.406250 1.662376
vt 0.421875 1.662376
vt 0.437500 1.662376
vt 0.453125 1.662376
vt 0.468750 1.662376
vt 0.484375 1.662376
vt 0.500000 1.662376
vt 0.515625 1.662376
vt 0.531250 1.662376
vt 0.546875 1.662376
vt 0.562500 1.662376
vt 0.578125 1.662376
vt 0.593750 1.662376
vt 0.609375 1.662376
vt 0.625000 1.662376
vt 0.640625 1.662376
vt 0.656250 1.662376
vt 0.671875 1.662376
vt 0.687500 1.662376
vt 0.703125 1.662376
vt 0.718750 1.662376
vt 0.734375 1.662376
vt 0.750000 1.662376
vt 0.765625 1.662376
vt 0.781250 1.662376
vt 0.796875 1.662376
vt 0.812500 1.662376
vt 0.828125 1.662376
vt 0.843750 1.662376
vt 0.859375 1.662376
vt 0.875000 1.662376
vt 0.890625 1.662376
vt 0.906250 1.662376
vt 0.921875 1.662376
vt 0.937500 1.662376
vt 0.953125 1.662376
vt 0.968750 1.662376
vt 0.984375 1.662376
vt 1.000000 1.662376
vt 0.015625 1.664254
vt 0.000000 1.664254
vt 0.031250 1.664254
vt 0.046875 1.664254
vt 0.062500 1.664254
vt 0.078125 1.664254
vt 0.093750 1.664254
vt 0.109375 1.664254
vt 0.125000 1.664254
vt 0.140625 1.664254
vt 0.156250 1.664254
vt 0.171875 1.664254
vt 0.187500 1.664254
vt 0.203125 1.664254
vt 0.218750 1.664254
vt 0.234375 1.664254
vt 0.250000 1.664254
vt 0.265625 1.664254
vt 0.281250 1.664254
vt 0.296875 1.664254
vt 0.312500 1.664254
vt 0.328125 1.664254
vt 0.343750 1.664254
vt 0.359375 1.664254
vt 0.375000 1.664254
vt 0.390625 1.664254
vt 0.406250 1.664254
vt 0.421875 1.664254
vt 0.437500 1.664254
vt 0.453125 1.664254
vt 0.468750 1.664254
vt 0.484375 1.664254
vt 0.500000 1.664254
vt 0.515625 1.664254
vt 0.531250 1.664254
vt 0.546875 1.664254
vt 0.562500 1.664254
vt 0.578125 1.664254
vt 0.593750 1.664254
vt 0.609375 1.664254
vt 0.625000 1.664254
vt 0.640625 1.664254
vt 0.656250 1.664254
vt 0.671875 1.664254
vt 0.687500 1.664254
vt 0.703125 1.664254
vt 0.718750 1.664254
vt 0.734375 1.664254
vt 0.750000 1.664254
vt 0.765625 1.664254
vt 0.781250 1.664254
vt 0.796875 1.664254
vt 0.812500 1.664254
vt 0.828125 1.664254
vt 0.843750 1.664254
vt 0.859375 1.664254
vt 0.875000 1.664254
vt 0.890625 1.664254
vt 0.906250 1.664254
vt 0.921875 1.664254
vt 0.937500 1.664254
vt 0.953125 1.664254
vt 0.968750 1.664254
vt 0.984375 1.664254
vt 1.000000 1.664254
vt 0.015625 1.665575
vt 0.000000 1.665575
vt 0.031250 1.665575
vt 0.046875 1.665575
vt 0.062500 1.665575
vt 0.078125 1.665575
vt 0.093750 1.665575
vt 0.109375 1.665575
vt 0.125000 1.665575
vt 0.140625 1.665575
vt 0.156250 1.665575
vt 0.171875 1.665575
vt 0.187500 1.665575
vt 0.203125 1.665575
vt 0.218750 1.665575
vt 0.234375 1.665575
vt 0.250000 1.665575
vt 0.265625 1.665575
vt 0.281250 1.665575
vt 0.296875 1.665575
vt 0.312500 1.665575
vt 0.328125 1.665575
vt 0.343750 1.665575
vt 0.359375 1.665575
vt 0.375000 1.665575
vt 0.390625 1.665575
vt 0.406250 1.665575
vt 0.421875 1.665575
vt 0.437500 1.665575
vt 0.453125 1.665575
vt 0.468750 1.665575
vt 0.484375 1.665575
vt 0.500000 1.665575
vt 0.515625 1.665575
vt 0.531250 1.665575
vt 0.546875 1.665575
vt 0.562500 1.665575
vt 0.578125 1.665575
vt 0.593750 1.665575
vt 0.609375 1.665575
vt 0.625000 1.665575
vt 0.640625 1.665575
vt 0.656250 1.665575
vt 0.671875 1.665575
vt 0.687500 1.665575
vt 0.703125 1.665575
vt 0.718750 1.665575
vt 0.734375 1.665575
vt 0.750000 1.665575
vt 0.765625 1.665575
vt 0.781250 1.665575
vt 0.796875 1.665575
vt 0.812500 1.665575
vt 0.828125 1.665575
vt 0.843750 1.665575
vt 0.859375 1.665575
vt 0.875000 1.665575
vt 0.890625 1.665575
vt 0.906250 1.665575
vt 0.921875 1.665575
vt 0.937500 1.665575
vt 0.953125 1.665575
vt 0.968750 1.665575
vt 0.984375 1.665575
vt 1.000000 1.665575
vt 0.015625 1.666896
vt 0.000000 1.666896
vt 0.031250 1.666896
vt 0.046875 1.666896
vt 0.062500 1.666896
vt 0.078125 1.666896
vt 0.093750 1.666896
vt 0.109375 1.666896
vt 0.125000 1.666896
vt 0.140625 1.666896
vt 0.156250 1.666896
vt 0.171875 1.666896
vt 0.187500 1.666896
vt 0.203125 1.666896
vt 0.218750 1.666896
vt 0.234375 1.666896
vt 0.250000 1.666896
vt 0.265625 1.666896
vt 0.281250 1.666896
vt 0.296875 1.666896
vt 0.312500 1.666896
vt 0.328125 1.666896
vt 0.343750 1.666896
vt 0.359375 1.666896
vt 0.375000 1.666896
vt 0.390625 1.666896
vt 0.406250 1.666896
vt 0.421875 1.666896
vt 0.437500 1.666896
vt 0.453125 1.666896
vt 0.468750 1.666896
vt 0.484375 1.666896
vt 0.500000 1.666896
vt 0.515625 1.666896
vt 0.531250 1.666896
vt 0.546875 1.666896
vt 0.562500 1.666896
vt 0.578125 1.666896
vt 0.593750 1.666896
vt 0.609375 1.666896
vt 0.625000 1.666896
vt 0.640625 1.666896
vt 0.656250 1.666896
vt 0.671875 1.666896
vt 0.687500 1.666896
vt 0.703125 1.666896
vt 0.718750 1.666896
vt 0.734375 1.666896
vt 0.750000 1.666896
vt 0.765625 1.666896
vt 0.781250 1.666896
vt 0.796875 1.666896
vt 0.812500 1.666896
vt 0.828125 1.666896
vt 0.843750 1.666896
vt 0.859375 1.666896
vt 0.875000 1.666896
vt 0.890625 1.666896
vt 0.906250 1.666896
vt 0.921875 1.666896
vt 0.937500 1.666896
vt 0.953125 1.666896
vt 0.968750 1.666896
vt 0.984375 1.666896
vt 1.000000 1.666896
vt 0.015625 1.668774
vt 0.000000 1.668774
vt 0.031250 1.668774
vt 0.046875 1.668774
vt 0.062500 1.668774
vt 0.078125 1.668774
vt 0.093750 1.668774
vt 0.109375 1.668774
vt 0.125000 1.668774
vt 0.140625 1.668774
vt 0.156250 1.668774
vt 0.171875 1.668774
vt 0.187500 1.668774
vt 0.203125 1.668774
vt 0.218750 1.668774
vt 0.234375 1.668774
vt 0.250000 1.668774
vt 0.265625 1.668774
vt 0.281250 1.668774
vt 0.296875 1.668774
vt 0.312500 1.668774
vt 0.328125 1.668774
vt 0.343750 1.668774
vt 0.359375 1.668774
vt 0.375000 1.668774
vt 0.390625 1.668774
vt 0.406250 1.668774
vt 0.421875 1.668774
vt 0.437500 1.668774
vt 0.453125 1.668774
vt 0.468750 1.668774
vt 0.484375 1.668774
vt 0.500000 1.668774
vt 0.515625 1.668774
vt 0.531250 1.668774
vt 0.546875 1.668774
vt 0.562500 1.668774
vt 0.578125 1.668774
vt 0.593750 1.668774
vt 0.609375 1.668774
vt 0.625000 1.668774
vt 0.640625 1.668774
vt 0.656250 1.668774
vt 0.671875 1.668774
vt 0.687500 1.668774
vt 0.703125 1.668774
vt 0.718750 1.668774
vt 0.734375 1.668774
vt 0.750000 1.668774
vt 0.765625 1.668774
vt 0.781250 1.668774
vt 0.796875 1.668774
vt 0.812500 1.668774
vt 0.828125 1.668774
vt 0.843750 1.668774
vt 0.859375 1.668774
vt 0.875000 1.668774
vt 0.890625 1.668774
vt 0.906250 1.668774
vt 0.921875 1.668774
vt 0.937500 1.668774
vt 0.953125 1.668774
vt 0.968750 1.668774
vt 0.984375 1.668774
vt 1.000000 1.668774
vt 0.015625 1.674646
vt 0.000000 1.674646
vt 0.031250 1.674646
vt 0.046875 1.674646
vt 0.062500 1.674646
vt 0.078125 1.674646
vt 0.093750 1.674646
vt 0.109375 1.674646
vt 0.125000 1.674646
vt 0.140625 1.674646
vt 0.156250 1.674646
vt 0.171875 1.674646
vt 0.187500 1.674646
vt 0.203125 1.674646
vt 0.218750 1.674646
vt 0.234375 1.674646
vt 0.250000 1.674646
vt 0.265625 1.674646
vt 0.281250 1.674646
vt 0.296875 1.674646
vt 0.312500 1.674646
vt 0.328125 1.674646
vt 0.343750 1.674646
vt 0.359375 1.674646
vt 0.375000 1.674646
vt 0.390625 1.674646
vt 0.406250 1.674646
vt 0.421875 1.674646
vt 0.437500 1.674646
vt 0.453125 1.674646
vt 0.468750 1.674646
vt 0.484375 1.674646
vt 0.500000 1.674646
vt 0.515625 1.674646
vt 0.531250 1.674646
vt 0.546875 1.674646
vt 0.562500 1.674646
vt 0.578125 1.674646
vt 0.593750 1.674646
vt 0.609375 1.674646
vt 0.625000 1.674646
vt 0.640625 1.674646
vt 0.656250 1.674646
vt 0.671875 1.674646
vt 0.687500 1.674646
vt 0.703125 1.674646
vt 0.718750 1.674646
vt 0.734375 1.674646
vt 0.750000 1.674646
vt 0.765625 1.674646
vt 0.781250 1.674646
vt 0.796875 1.674646
vt 0.812500 1.674646
vt 0.828125 1.674646
vt 0.843750 1.674646
vt 0.859375 1.674646
vt 0.875000 1.674646
vt 0.890625 1.674646
vt 0.906250 1.674646
vt 0.921875 1.674646
vt 0.937500 1.674646
vt 0.953125 1.674646
vt 0.968750 1.674646
vt 0.984375 1.674646
vt 1.000000 1.674646
vt 0.015625 1.685029
vt 0.000000 1.685029
vt 0.031250 1.685029
vt 0.046875 1.685029
vt 0.062500 1.685029
vt 0.078125 1.685029
vt 0.093750 1.685029
vt 0.109375 1.685029
vt 0.125000 1.685029
vt 0.140625 1.685029
vt 0.156250 1.685029
vt 0.171875 1.685029
vt 0.187500 1.685029
vt 0.203125 1.685029
vt 0.218750 1.685029
vt 0.234375 1.685029
vt 0.250000 1.685029
vt 0.265625 1.685029
vt 0.281250 1.685029
vt 0.296875 1.685029
vt 0.312500 1.685029
vt 0.328125 1.685029
vt 0.343750 1.685029
vt 0.359375 1.685029
vt 0.375000 1.685029
vt 0.390625 1.685029
vt 0.406250 1.685029
vt 0.421875 1.685029
vt 0.437500 1.685029
vt 0.453125 1.685029
vt 0.468750 1.685029
vt 0.484375 1.685029
vt 0.500000 1.685029
vt 0.515625 1.685029
vt 0.531250 1.685029
vt 0.546875 1.685029
vt 0.562500 1.685029
vt 0.578125 1.685029
vt 0.593750 1.685029
vt 0.609375 1.685029
vt 0.625000 1.685029
vt 0.640625 1.685029
vt 0.656250 1.685029
vt 0.671875 1.685029
vt 0.687500 1.685029
vt 0.703125 1.685029
vt 0.718750 1.685029
vt 0.734375 1.685029
vt 0.750000 1.685029
vt 0.765625 1.685029
vt 0.781250 1.685029
vt 0.796875 1.685029
vt 0.812500 1.685029
vt 0.828125 1.685029
vt 0.843750 1.685029
vt 0.859375 1.685029
vt 0.875000 1.685029
vt 0.890625 1.685029
vt 0.906250 1.685029
vt 0.921875 1.685029
vt 0.937500 1.685029
vt 0.953125 1.685029
vt 0.968750 1.685029
vt 0.984375 1.685029
vt 1.000000 1.685029
vt 0.015625 1.695411
vt 0.000000 1.695411
vt 0.031250 1.695411
vt 0.046875 1.695411
vt 0.062500 1.695411
vt 0.078125 1.695411
vt 0.093750 1.695411
vt 0.109375 1.695411
vt 0.125000 1.695411
vt 0.140625 1.695411
vt 0.156250 1.695411
vt 0.171875 1.695411
vt 0.187500 1.695411
vt 0.203125 1.695411
vt 0.218750 1.695411
vt 0.234375 1.695411
vt 0.250000 1.695411
vt 0.265625 1.695411
vt 0.281250 1.695411
vt 0.296875 1.695411
vt 0.312500 1.695411
vt 0.328125 1.695411
vt 0.343750 1.695411
vt 0.359375 1.695411
vt 0.375000 1.695411
vt 0.390625 1.695411
vt 0.406250 1.695411
vt 0.421875 1.695411
vt 0.437500 1.695411
vt 0.453125 1.695411
vt 0.468750 1.695411
vt 0.484375 1.695411
vt 0.500000 1.695411
vt 0.515625 1.695411
vt 0.531250 1.695411
vt 0.546875 1.695411
vt 0.562500 1.695411
vt 0.578125 1.695411
vt 0.593750 1.695411
vt 0.609375 1.695411
vt 0.625000 1.695411
vt 0.640625 1.695411
vt 0.656250 1.695411
vt 0.671875 1.695411
vt 0.687500 1.695411
vt 0.703125 1.695411
vt 0.718750 1.695411
vt 0.734375 1.695411
vt 0.750000 1.695411
vt 0.765625 1.695411
vt 0.781250 1.695411
vt 0.796875 1.695411
vt 0.812500 1.695411
vt 0.828125 1.695411
vt 0.843750 1.695411
vt 0.859375 1.695411
vt 0.875000 1.695411
vt 0.890625 1.695411
vt 0.906250 1.695411
vt 0.921875 1.695411
vt 0.937500 1.695411
vt 0.953125 1.695411
vt 0.968750 1.695411
vt 0.984375 1.695411
vt 1.000000 1.695411
vt 0.015625 1.705794
vt 0.000000 1.705794
vt 0.031250 1.705794
vt 0.046875 1.705794
vt 0.062500 1.705794
vt 0.078125 1.705794
vt 0.093750 1.705794
vt 0.109375 1.705794
vt 0.125000 1.705794
vt 0.140625 1.705794
vt 0.156250 1.705794
vt 0.171875 1.705794
vt 0.187500 1.705794
vt 0.203125 1.705794
vt 0.218750 1.705794
vt 0.234375 1.705794
vt 0.250000 1.705794
vt 0.265625 1.705794
vt 0.281250 1.705794
vt 0.296875 1.705794
vt 0.312500 1.705794
vt 0.328125 1.705794
vt 0.343750 1.705794
vt 0.359375 1.705794
vt 0.375000 1.705794
vt 0.390625 1.705794
vt 0.406250 1.705794
vt 0.421875 1.705794
vt 0.437500 1.705794
vt 0.453125 1.705794
vt 0.468750 1.705794
vt 0.484375 1.705794
vt 0.500000 1.705794
vt 0.515625 1.705794
vt 0.531250 1.705794
vt 0.546875 1.705794
vt 0.562500 1.705794
vt 0.578125 1.705794
vt 0.593750 1.705794
vt 0.609375 1.705794
vt 0.625000 1.705794
vt 0.640625 1.705794
vt 0.656250 1.705794
vt 0.671875 1.705794
vt 0.687500 1.705794
vt 0.703125 1.705794
vt 0.718750 1.705794
vt 0.734375 1.705794
vt 0.750000 1.705794
vt 0.765625 1.705794
vt 0.781250 1.705794
vt 0.796875 1.705794
vt 0.812500 1.705794
vt 0.828125 1.705794
vt 0.843750 1.705794
vt 0.859375 1.705794
vt 0.875000 1.705794
vt 0.890625 1.705794
vt 0.906250 1.705794
vt 0.921875 1.705794
vt 0.937500 1.705794
vt 0.953125 1.705794
vt 0.968750 1.705794
vt 0.984375 1.705794
vt 1.000000 1.705794
vt 0.015625 1.716176
vt 0.000000 1.716176
vt 0.031250 1.716176
vt 0.046875 1.716176
vt 0.062500 1.716176
vt 0.078125 1.716176
vt 0.093750 1.716176
vt 0.109375 1.716176
vt 0.125000 1.716176
vt 0.140625 1.716176
vt 0.156250 1.716176
vt 0.171875 1.716176
vt 0.187500 1.716176
vt 0.203125 1.716176
vt 0.218750 1.716176
vt 0.234375 1.716176
vt 0.250000 1.716176
vt 0.265625 1.716176
vt 0.281250 1.716176
vt 0.296875 1.716176
vt 0.312500 1.716176
vt 0.328125 1.716176
vt 0.343750 1.716176
vt 0.359375 1.716176
vt 0.375000 1.716176
vt 0.390625 1.716176
vt 0.406250 1.716176
vt 0.421875 1.716176
vt 0.437500 1.716176
vt 0.453125 1.716176
vt 0.468750 1.716176
vt 0.484375 1.716176
vt 0.500000 1.716176
vt 0.515625 1.716176
vt 0.531250 1.716176
vt 0.546875 1.716176
vt 0.562500 1.716176
vt 0.578125 1.716176
vt 0.593750 1.716176
vt 0.609375 1.716176
vt 0.625000 1.716176
vt 0.640625 1.716176
vt 0.656250 1.716176
vt 0.671875 1.716176
vt 0.687500 1.716176
vt 0.703125 1.716176
vt 0.718750 1.716176
vt 0.734375 1.716176
vt 0.750000 1.716176
vt 0.765625 1.716176
vt 0.781250 1.716176
vt 0.796875 1.716176
vt 0.812500 1.716176
vt 0.828125 1.716176
vt 0.843750 1.716176
vt 0.859375 1.716176
vt 0.875000 1.716176
vt 0.890625 1.716176
vt 0.906250 1.716176
vt 0.921875 1.716176
vt 0.937500 1.716176
vt 0.953125 1.716176
vt 0.968750 1.716176
vt 0.984375 1.716176
vt 1.000000 1.716176
vt 0.007812 1.726558
vt 0.023438 1.726558
vt 0.039062 1.726558
vt 0.054688 1.726558
vt 0.070312 1.726558
vt 0.085938 1.726558
vt 0.101562 1.726558
vt 0.117188 1.726558
vt 0.132812 1.726558
vt 0.148438 1.726558
vt 0.164062 1.726558
vt 0.179688 1.726558
vt 0.195312 1.726558
vt 0.210938 1.726558
vt 0.226562 1.726558
vt 0.242188 1.726558
vt 0.257812 1.726558
vt 0.273438 1.726558
vt 0.289062 1.726558
vt 0.304688 1.726558
vt 0.320312 1.726558
vt 0.335938 1.726558
vt 0.351562 1.726558
vt 0.367188 1.726558
vt 0.382812 1.726558
vt 0.398438 1.726558
vt 0.414062 1.726558
vt 0.429688 1.726558
vt 0.445312 1.726558
vt 0.460938 1.726558
vt 0.476562 1.726558
vt 0.492188 1.726558
vt 0.507812 1.726558
vt 0.523438 1.726558
vt 0.539062 1.726558
vt 0.554688 1.726558
vt 0.570312 1.726558
vt 0.585938 1.726558
vt 0.601562 1.726558
vt 0.617188 1.726558
vt 0.632812 1.726558
vt 0.648438 1.726558
vt 0.664062 1.726558
vt 0.679688 1.726558
vt 0.695312 1.726558
vt 0.710938 1.726558
vt 0.726562 1.726558
vt 0.742188 1.726558
vt 0.757812 1.726558
vt 0.773438 1.726558
vt 0.789062 1.726558
vt 0.804688 1.726558
vt 0.820312 1.726558
vt 0.835938 1.726558
vt 0.851562 1.726558
vt 0.867188 1.726558
vt 0.882812 1.726558
vt 0.898438 1.726558
vt 0.914062 1.726558
vt 0.929688 1.726558
vt 0.945312 1.726558
vt 0.960938 1.726558
vt 0.976562 1.726558
vt 0.992188 1.726558
vt 0.485000 0.006000
vt 0.485000 0.089081
vt 0.515000 0.006000
vt 0.015625 0.000000
vt 0.031250 0.000000
vt 0.031250 0.007616
vt 0.015625 0.007616
vt 0.046875 0.000000
vt 0.046875 0.007616
vt 0.062500 0.000000
vt 0.062500 0.007616
vt 0.078125 0.000000
vt 0.078125 0.007616
vt 0.093750 0.000000
vt 0.093750 0.007616
vt 0.109375 0.000000
vt 0.109375 0.007616
vt 0.125000 0.000000
vt 0.125000 0.007616
vt 0.140625 0.000000
vt 0.140625 0.007616
vt 0.156250 0.000000
vt 0.156250 0.007616
vt 0.171875 0.000000
vt 0.171875 0.007616
vt 0.187500 0.000000
vt 0.187500 0.007616
vt 0.203125 0.000000
vt 0.203125 0.007616
vt 0.218750 0.000000
vt 0.218750 0.007616
vt 0.234375 0.000000
vt 0.234375 0.007616
vt 0.250000 0.000000
vt 0.250000 0.007616
vt 0.265625 0.000000
vt 0.265625 0.007616
vt 0.281250 0.000000
vt 0.281250 0.007616
vt 0.296875 0.000000
vt 0.296875 0.007616
vt 0.312500 0.000000
vt 0.312500 0.007616
vt 0.328125 0.000000
vt 0.328125 0.007616
vt 0.343750 0.000000
vt 0.343750 0.007616
vt 0.359375 0.000000
vt 0.359375 0.007616
vt 0.375000 0.000000
vt 0.375000 0.007616
vt 0.390625 0.000000
vt 0.390625 0.007616
vt 0.406250 0.000000
vt 0.406250 0.007616
vt 0.421875 0.000000
vt 0.421875 0.007616
vt 0.437500 0.000000
vt 0.437500 0.007616
vt 0.453125 0.000000
vt 0.453125 0.007616
vt 0.468750 0.000000
vt 0.468750 0.007616
vt 0.484375 0.000000
vt 0.484375 0.007616
vt 0.500000 0.000000
vt 0.500000 0.007616
vt 0.515625 0.000000
vt 0.515625 0.007616
vt 0.531250 0.000000
vt 0.531250 0.007616
vt 0.546875 0.000000
vt 0.546875 0.007616
vt 0.562500 0.000000
vt 0.562500 0.007616
vt 0.578125 0.000000
vt 0.578125 0.007616
vt 0.593750 0.000000
vt 0.593750 0.007616
vt 0.609375 0.000000
vt 0.609375 0.007616
vt 0.625000 0.000000
vt 0.625000 0.007616
vt 0.640625 0.000000
vt 0.640625 0.007616
vt 0.656250 0.000000
vt 0.656250 0.007616
vt 0.671875 0.000000
vt 0.671875 0.007616
vt 0.687500 0.000000
vt 0.687500 0.007616
vt 0.703125 0.000000
vt 0.703125 0.007616
vt 0.718750 0.000000
vt 0.718750 0.007616
vt 0.734375 0.000000
vt 0.734375 0.007616
vt 0.750000 0.000000
vt 0.750000 0.007616
vt 0.765625 0.000000
vt 0.765625 0.007616
vt 0.781250 0.000000
vt 0.781250 0.007616
vt 0.796875 0.000000
vt 0.796875 0.007616
vt 0.812500 0.000000
vt 0.812500 0.007616
vt 0.828125 0.000000
vt 0.828125 0.007616
vt 0.843750 0.000000
vt 0.843750 0.007616
vt 0.859375 0.000000
vt 0.859375 0.007616
vt 0.875000 0.000000
vt 0.875000 0.007616
vt 0.890625 0.000000
vt 0.890625 0.007616
vt 0.906250 0.000000
vt 0.906250 0.007616
vt 0.921875 0.000000
vt 0.921875 0.007616
vt 0.937500 0.000000
vt 0.937500 0.007616
vt 0.953125 0.000000
vt 0.953125 0.007616
vt 0.968750 0.000000
vt 0.968750 0.007616
vt 0.984375 0.000000
vt 0.984375 0.007616
vt 1.000000 0.000000
vt 1.000000 0.007616
vt 0.000000 0.007616
vt 0.015625 0.015232
vt 0.000000 0.015232
vt 0.031250 0.015232
vt 0.046875 0.015232
vt 0.062500 0.015232
vt 0.078125 0.015232
vt 0.093750 0.015232
vt 0.109375 0.015232
vt 0.125000 0.015232
vt 0.140625 0.015232
vt 0.156250 0.015232
vt 0.171875 0.015232
vt 0.187500 0.015232
vt 0.203125 0.015232
vt 0.218750 0.015232
vt 0.234375 0.015232
vt 0.250000 0.015232
vt 0.265625 0.015232
vt 0.281250 0.015232
vt 0.296875 0.015232
vt 0.312500 0.015232
vt 0.328125 0.015232
vt 0.343750 0.015232
vt 0.359375 0.015232
vt 0.375000 0.015232
vt 0.390625 0.015232
vt 0.406250 0.015232
vt 0.421875 0.015232
vt 0.437500 0.015232
vt 0.453125 0.015232
vt 0.468750 0.015232
vt 0.484375 0.015232
vt 0.500000 0.015232
vt 0.515625 0.015232
vt 0.531250 0.015232
vt 0.546875 0.015232
vt 0.562500 0.015232
vt 0.578125 0.015232
vt 0.593750 0.015232
vt 0.609375 0.015232
vt 0.625000 0.015232
vt 0.640625 0.015232
vt 0.656250 0.015232
vt 0.671875 0.015232
vt 0.687500 0.015232
vt 0.703125 0.015232
vt 0.718750 0.015232
vt 0.734375 0.015232
vt 0.750000 0.015232
vt 0.765625 0.015232
vt 0.781250 0.015232
vt 0.796875 0.015232
vt 0.812500 0.015232
vt 0.828125 0.015232
vt 0.843750 0.015232
vt 0.859375 0.015232
vt 0.875000 0.015232
vt 0.890625 0.015232
vt 0.906250 0.015232
vt 0.921875 0.015232
vt 0.937500 0.015232
vt 0.953125 0.015232
vt 0.968750 0.015232
vt 0.984375 0.015232
vt 1.000000 0.015232
vt 0.015625 0.022848
vt 0.000000 0.022848
vt 0.031250 0.022848
vt 0.046875 0.022848
vt 0.062500 0.022848
vt 0.078125 0.022848
vt 0.093750 0.022848
vt 0.109375 0.022848
vt 0.125000 0.022848
vt 0.140625 0.022848
vt 0.156250 0.022848
vt 0.171875 0.022848
vt 0.187500 0.022848
vt 0.203125 0.022848
vt 0.218750 0.022848
vt 0.234375 0.022848
vt 0.250000 0.022848
vt 0.265625 0.022848
vt 0.281250 0.022848
vt 0.296875 0.022848
vt 0.312500 0.022848
vt 0.328125 0.022848
vt 0.343750 0.022848
vt 0.359375 0.022848
vt 0.375000 0.022848
vt 0.390625 0.022848
vt 0.406250 0.022848
vt 0.421875 0.022848
vt 0.437500 0.022848
vt 0.453125 0.022848
vt 0.468750 0.022848
vt 0.484375 0.022848
vt 0.500000 0.022848
vt 0.515625 0.022848
vt 0.531250 0.022848
vt 0.546875 0.022848
vt 0.562500 0.022848
vt 0.578125 0.022848
vt 0.593750 0.022848
vt 0.609375 0.022848
vt 0.625000 0.022848
vt 0.640625 0.022848
vt 0.656250 0.022848
vt 0.671875 0.022848
vt 0.687500 0.022848
vt 0.703125 0.022848
vt 0.718750 0.022848
vt 0.734375 0.022848
vt 0.750000 0.022848
vt 0.765625 0.022848
vt 0.781250 0.022848
vt 0.796875 0.022848
vt 0.812500 0.022848
vt 0.828125 0.022848
vt 0.843750 0.022848
vt 0.859375 0.022848
vt 0.875000 0.022848
vt 0.890625 0.022848
vt 0.906250 0.022848
vt 0.921875 0.022848
vt 0.937500 0.022848
vt 0.953125 0.022848
vt 0.968750 0.022848
vt 0.984375 0.022848
vt 1.000000 0.022848
vt 0.015625 0.030464
vt 0.000000 0.030464
vt 0.031250 0.030464
vt 0.046875 0.030464
vt 0.062500 0.030464
vt 0.078125 0.030464
vt 0.093750 0.030464
vt 0.109375 0.030464
vt 0.125000 0.030464
vt 0.140625 0.030464
vt 0.156250 0.030464
vt 0.171875 0.030464
vt 0.187500 0.030464
vt 0.203125 0.030464
vt 0.218750 0.030464
vt 0.234375 0.030464
vt 0.250000 0.030464
vt 0.265625 0.030464
vt 0.281250 0.030464
vt 0.296875 0.030464
vt 0.312500 0.030464
vt 0.328125 0.030464
vt 0.343750 0.030464
vt 0.359375 0.030464
vt 0.375000 0.030464
vt 0.390625 0.030464
vt 0.406250 0.030464
vt 0.421875 0.030464
vt 0.437500 0.030464
vt 0.453125 0.030464
vt 0.468750 0.030464
vt 0.484375 0.030464
vt 0.500000 0.030464
vt 0.515625 0.030464
vt 0.531250 0.030464
vt 0.546875 0.030464
vt 0.562500 0.030464
vt 0.578125 0.030464
vt 0.593750 0.030464
vt 0.609375 0.030464
vt 0.625000 0.030464
vt 0.640625 0.030464
vt 0.656250 0.030464
vt 0.671875 0.030464
vt 0.687500 0.030464
vt 0.703125 0.030464
vt 0.718750 0.030464
vt 0.734375 0.030464
vt 0.750000 0.030464
vt 0.765625 0.030464
vt 0.781250 0.030464
vt 0.796875 0.030464
vt 0.812500 0.030464
vt 0.828125 0.030464
vt 0.843750 0.030464
vt 0.859375 0.030464
vt 0.875000 0.030464
vt 0.890625 0.030464
vt 0.906250 0.030464
vt 0.921875 0.030464
vt 0.937500 0.030464
vt 0.953125 0.030464
vt 0.968750 0.030464
vt 0.984375 0.030464
vt 1.000000 0.030464
vt 0.015625 0.038080
vt 0.000000 0.038080
vt 0.031250 0.038080
vt 0.046875 0.038080
vt 0.062500 0.038080
vt 0.078125 0.038080
vt 0.093750 0.038080
vt 0.109375 0.038080
vt 0.125000 0.038080
vt 0.140625 0.038080
vt 0.156250 0.038080
vt 0.171875 0.038080
vt 0.187500 0.038080
vt 0.203125 0.038080
vt 0.218750 0.038080
vt 0.234375 0.038080
vt 0.250000 0.038080
vt 0.265625 0.038080
vt 0.281250 0.038080
vt 0.296875 0.038080
vt 0.312500 0.038080
vt 0.328125 0.038080
vt 0.343750 0.038080
vt 0.359375 0.038080
vt 0.375000 0.038080
vt 0.390625 0.038080
vt 0.406250 0.038080
vt 0.421875 0.038080
vt 0.437500 0.038080
vt 0.453125 0.038080
vt 0.468750 0.038080
vt 0.484375 0.038080
vt 0.500000 0.038080
vt 0.515625 0.038080
vt 0.531250 0.038080
vt 0.546875 0.038080
vt 0.562500 0.038080
vt 0.578125 0.038080
vt 0.593750 0.038080
vt 0.609375 0.038080
vt 0.625000 0.038080
vt 0.640625 0.038080
vt 0.656250 0.038080
vt 0.671875 0.038080
vt 0.687500 0.038080
vt 0.703125 0.038080
vt 0.718750 0.038080
vt 0.734375 0.038080
vt 0.750000 0.038080
vt 0.765625 0.038080
vt 0.781250 0.038080
vt 0.796875 0.038080
vt 0.812500 0.038080
vt 0.828125 0.038080
vt 0.843750 0.038080
vt 0.859375 0.038080
vt 0.875000 0.038080
vt 0.890625 0.038080
vt 0.906250 0.038080
vt 0.921875 0.038080
vt 0.937500 0.038080
vt 0.953125 0.038080
vt 0.968750 0.038080
vt 0.984375 0.038080
vt 1.000000 0.038080
vt 0.015625 0.045696
vt 0.000000 0.045696
vt 0.031250 0.045696
vt 0.046875 0.045696
vt 0.062500 0.045696
vt 0.078125 0.045696
vt 0.093750 0.045696
vt 0.109375 0.045696
vt 0.125000 0.045696
vt 0.140625 0.045696
vt 0.156250 0.045696
vt 0.171875 0.045696
vt 0.187500 0.045696
vt 0.203125 0.045696
vt 0.218750 0.045696
vt 0.234375 0.045696
vt 0.250000 0.045696
vt 0.265625 0.045696
vt 0.281250 0.045696
vt 0.296875 0.045696
vt 0.312500 0.045696
vt 0.328125 0.045696
vt 0.343750 0.045696
vt 0.359375 0.045696
vt 0.375000 0.045696
vt 0.390625 0.045696
vt 0.406250 0.045696
vt 0.421875 0.045696
vt 0.437500 0.045696
vt 0.453125 0.045696
vt 0.468750 0.045696
vt 0.484375 0.045696
vt 0.500000 0.045696
vt 0.515625 0.045696
vt 0.531250 0.045696
vt 0.546875 0.045696
vt 0.562500 0.045696
vt 0.578125 0.045696
vt 0.593750 0.045696
vt 0.609375 0.045696
vt 0.625000 0.045696
vt 0.640625 0.045696
vt 0.656250 0.045696
vt 0.671875 0.045696
vt 0.687500 0.045696
vt 0.703125 0.045696
vt 0.718750 0.045696
vt 0.734375 0.045696
vt 0.750000 0.045696
vt 0.765625 0.045696
vt 0.781250 0.045696
vt 0.796875 0.045696
vt 0.812500 0.045696
vt 0.828125 0.045696
vt 0.843750 0.045696
vt 0.859375 0.045696
vt 0.875000 0.045696
vt 0.890625 0.045696
vt 0.906250 0.045696
vt 0.921875 0.045696
vt 0.937500 0.045696
vt 0.953125 0.045696
vt 0.968750 0.045696
vt 0.984375 0.045696
vt 1.000000 0.045696
vt 0.000000 0.000000
vt 0.015625 0.009500
vt 0.000000 0.009500
vt 0.031250 0.009500
vt 0.046875 0.009500
vt 0.062500 0.009500
vt 0.078125 0.009500
vt 0.093750 0.009500
vt 0.109375 0.009500
vt 0.125000 0.009500
vt 0.140625 0.009500
vt 0.156250 0.009500
vt 0.171875 0.009500
vt 0.187500 0.009500
vt 0.203125 0.009500
vt 0.218750 0.009500
vt 0.234375 0.009500
vt 0.250000 0.009500
vt 0.265625 0.009500
vt 0.281250 0.009500
vt 0.296875 0.009500
vt 0.312500 0.009500
vt 0.328125 0.009500
vt 0.343750 0.009500
vt 0.359375 0.009500
vt 0.375000 0.009500
vt 0.390625 0.009500
vt 0.406250 0.009500
vt 0.421875 0.009500
vt 0.437500 0.009500
vt 0.453125 0.009500
vt 0.468750 0.009500
vt 0.484375 0.009500
vt 0.500000 0.009500
vt 0.515625 0.009500
vt 0.531250 0.009500
vt 0.546875 0.009500
vt 0.562500 0.009500
vt 0.578125 0.009500
vt 0.593750 0.009500
vt 0.609375 0.009500
vt 0.625000 0.009500
vt 0.640625 0.009500
vt 0.656250 0.009500
vt 0.671875 0.009500
vt 0.687500 0.009500
vt 0.703125 0.009500
vt 0.718750 0.009500
vt 0.734375 0.009500
vt 0.750000 0.009500
vt 0.765625 0.009500
vt 0.781250 0.009500
vt 0.796875 0.009500
vt 0.812500 0.009500
vt 0.828125 0.009500
vt 0.843750 0.009500
vt 0.859375 0.009500
vt 0.875000 0.009500
vt 0.890625 0.009500
vt 0.906250 0.009500
vt 0.921875 0.009500
vt 0.937500 0.009500
vt 0.953125 0.009500
vt 0.968750 0.009500
vt 0.984375 0.009500
vt 1.000000 0.009500
vt 0.015625 0.012328
vt 0.000000 0.012328
vt 0.031250 0.012328
vt 0.046875 0.012328
vt 0.062500 0.012328
vt 0.078125 0.012328
vt 0.093750 0.012328
vt 0.109375 0.012328
vt 0.125000 0.012328
vt 0.140625 0.012328
vt 0.156250 0.012328
vt 0.171875 0.012328
vt 0.187500 0.012328
vt 0.203125 0.012328
vt 0.218750 0.012328
vt 0.234375 0.012328
vt 0.250000 0.012328
vt 0.265625 0.012328
vt 0.281250 0.012328
vt 0.296875 0.012328
vt 0.312500 0.012328
vt 0.328125 0.012328
vt 0.343750 0.012328
vt 0.359375 0.012328
vt 0.375000 0.012328
vt 0.390625 0.012328
vt 0.406250 0.012328
vt 0.421875 0.012328
vt 0.437500 0.012328
vt 0.453125 0.012328
vt 0.468750 0.012328
vt 0.484375 0.012328
vt 0.500000 0.012328
vt 0.515625 0.012328
vt 0.531250 0.012328
vt 0.546875 0.012328
vt 0.562500 0.012328
vt 0.578125 0.012328
vt 0.593750 0.012328
vt 0.609375 0.012328
vt 0.625000 0.012328
vt 0.640625 0.012328
vt 0.656250 0.012328
vt 0.671875 0.012328
vt 0.687500 0.012328
vt 0.703125 0.012328
vt 0.718750 0.012328
vt 0.734375 0.012328
vt 0.750000 0.012328
vt 0.765625 0.012328
vt 0.781250 0.012328
vt 0.796875 0.012328
vt 0.812500 0.012328
vt 0.828125 0.012328
vt 0.843750 0.012328
vt 0.859375 0.012328
vt 0.875000 0.012328
vt 0.890625 0.012328
vt 0.906250 0.012328
vt 0.921875 0.012328
vt 0.937500 0.012328
vt 0.953125 0.012328
vt 0.968750 0.012328
vt 0.984375 0.012328
vt 1.000000 0.012328
vt 0.015625 0.021328
vt 0.000000 0.021328
vt 0.031250 0.021328
vt 0.046875 0.021328
vt 0.062500 0.021328
vt 0.078125 0.021328
vt 0.093750 0.021328
vt 0.109375 0.021328
vt 0.125000 0.021328
vt 0.140625 0.021328
vt 0.156250 0.021328
vt 0.171875 0.021328
vt 0.187500 0.021328
vt 0.203125 0.021328
vt 0.218750 0.021328
vt 0.234375 0.021328
vt 0.250000 0.021328
vt 0.265625 0.021328
vt 0.281250 0.021328
vt 0.296875 0.021328
vt 0.312500 0.021328
vt 0.328125 0.021328
vt 0.343750 0.021328
vt 0.359375 0.021328
vt 0.375000 0.021328
vt 0.390625 0.021328
vt 0.406250 0.021328
vt 0.421875 0.021328
vt 0.437500 0.021328
vt 0.453125 0.021328
vt 0.468750 0.021328
vt 0.484375 0.021328
vt 0.500000 0.021328
vt 0.515625 0.021328
vt 0.531250 0.021328
vt 0.546875 0.021328
vt 0.562500 0.021328
vt 0.578125 0.021328
vt 0.593750 0.021328
vt 0.609375 0.021328
vt 0.625000 0.021328
vt 0.640625 0.021328
vt 0.656250 0.021328
vt 0.671875 0.021328
vt 0.687500 0.021328
vt 0.703125 0.021328
vt 0.718750 0.021328
vt 0.734375 0.021328
vt 0.750000 0.021328
vt 0.765625 0.021328
vt 0.781250 0.021328
vt 0.796875 0.021328
vt 0.812500 0.021328
vt 0.828125 0.021328
vt 0.843750 0.021328
vt 0.859375 0.021328
vt 0.875000 0.021328
vt 0.890625 0.021328
vt 0.906250 0.021328
vt 0.921875 0.021328
vt 0.937500 0.021328
vt 0.953125 0.021328
vt 0.968750 0.021328
vt 0.984375 0.021328
vt 1.000000 0.021328
vt 0.015625 0.024157
vt 0.000000 0.024157
vt 0.031250 0.024157
vt 0.046875 0.024157
vt 0.062500 0.024157
vt 0.078125 0.024157
vt 0.093750 0.024157
vt 0.109375 0.024157
vt 0.125000 0.024157
vt 0.140625 0.024157
vt 0.156250 0.024157
vt 0.171875 0.024157
vt 0.187500 0.024157
vt 0.203125 0.024157
vt 0.218750 0.024157
vt 0.234375 0.024157
vt 0.250000 0.024157
vt 0.265625 0.024157
vt 0.281250 0.024157
vt 0.296875 0.024157
vt 0.312500 0.024157
vt 0.328125 0.024157
vt 0.343750 0.024157
vt 0.359375 0.024157
vt 0.375000 0.024157
vt 0.390625 0.024157
vt 0.406250 0.024157
vt 0.421875 0.024157
vt 0.437500 0.024157
vt 0.453125 0.024157
vt 0.468750 0.024157
vt 0.484375 0.024157
vt 0.500000 0.024157
vt 0.515625 0.024157
vt 0.531250 0.024157
vt 0.546875 0.024157
vt 0.562500 0.024157
vt 0.578125 0.024157
vt 0.593750 0.024157
vt 0.609375 0.024157
vt 0.625000 0.024157
vt 0.640625 0.024157
vt 0.656250 0.024157
vt 0.671875 0.024157
vt 0.687500 0.024157
vt 0.703125 0.024157
vt 0.718750 0.024157
vt 0.734375 0.024157
vt 0.750000 0.024157
vt 0.765625 0.024157
vt 0.781250 0.024157
vt 0.796875 0.024157
vt 0.812500 0.024157
vt 0.828125 0.024157
vt 0.843750 0.024157
vt 0.859375 0.024157
vt 0.875000 0.024157
vt 0.890625 0.024157
vt 0.906250 0.024157
vt 0.921875 0.024157
vt 0.937500 0.024157
vt 0.953125 0.024157
vt 0.968750 0.024157
vt 0.984375 0.024157
vt 1.000000 0.024157
vt 0.015625 0.033657
vt 0.000000 0.033657
vt 0.031250 0.033657
vt 0.046875 0.033657
vt 0.062500 0.033657
vt 0.078125 0.033657
vt 0.093750 0.033657
vt 0.109375 0.033657
vt 0.125000 0.033657
vt 0.140625 0.033657
vt 0.156250 0.033657
vt 0.171875 0.033657
vt 0.187500 0.033657
vt 0.203125 0.033657
vt 0.218750 0.033657
vt 0.234375 0.033657
vt 0.250000 0.033657
vt 0.265625 0.033657
vt 0.281250 0.033657
vt 0.296875 0.033657
vt 0.312500 0.033657
vt 0.328125 0.033657
vt 0.343750 0.033657
vt 0.359375 0.033657
vt 0.375000 0.033657
vt 0.390625 0.033657
vt 0.406250 0.033657
vt 0.421875 0.033657
vt 0.437500 0.033657
vt 0.453125 0.033657
vt 0.468750 0.033657
vt 0.484375 0.033657
vt 0.500000 0.033657
vt 0.515625 0.033657
vt 0.531250 0.033657
vt 0.546875 0.033657
vt 0.562500 0.033657
vt 0.578125 0.033657
vt 0.593750 0.033657
vt 0.609375 0.033657
vt 0.625000 0.033657
vt 0.640625 0.033657
vt 0.656250 0.033657
vt 0.671875 0.033657
vt 0.687500 0.033657
vt 0.703125 0.033657
vt 0.718750 0.033657
vt 0.734375 0.033657
vt 0.750000 0.033657
vt 0.765625 0.033657
vt 0.781250 0.033657
vt 0.796875 0.033657
vt 0.812500 0.033657
vt 0.828125 0.033657
vt 0.843750 0.033657
vt 0.859375 0.033657
vt 0.875000 0.033657
vt 0.890625 0.033657
vt 0.906250 0.033657
vt 0.921875 0.033657
vt 0.937500 0.033657
vt 0.953125 0.033657
vt 0.968750 0.033657
vt 0.984375 0.033657
vt 1.000000 0.033657
vt 0.015625 0.046657
vt 0.000000 0.046657
vt 0.031250 0.046657
vt 0.046875 0.046657
vt 0.062500 0.046657
vt 0.078125 0.046657
vt 0.093750 0.046657
vt 0.109375 0.046657
vt 0.125000 0.046657
vt 0.140625 0.046657
vt 0.156250 0.046657
vt 0.171875 0.046657
vt 0.187500 0.046657
vt 0.203125 0.046657
vt 0.218750 0.046657
vt 0.234375 0.046657
vt 0.250000 0.046657
vt 0.265625 0.046657
vt 0.281250 0.046657
vt 0.296875 0.046657
vt 0.312500 0.046657
vt 0.328125 0.046657
vt 0.343750 0.046657
vt 0.359375 0.046657
vt 0.375000 0.046657
vt 0.390625 0.046657
vt 0.406250 0.046657
vt 0.421875 0.046657
vt 0.437500 0.046657
vt 0.453125 0.046657
vt 0.468750 0.046657
vt 0.484375 0.046657
vt 0.500000 0.046657
vt 0.515625 0.046657
vt 0.531250 0.046657
vt 0.546875 0.046657
vt 0.562500 0.046657
vt 0.578125 0.046657
vt 0.593750 0.046657
vt 0.609375 0.046657
vt 0.625000 0.046657
vt 0.640625 0.046657
vt 0.656250 0.046657
vt 0.671875 0.046657
vt 0.687500 0.046657
vt 0.703125 0.046657
vt 0.718750 0.046657
vt 0.734375 0.046657
vt 0.750000 0.046657
vt 0.765625 0.046657
vt 0.781250 0.046657
vt 0.796875 0.046657
vt 0.812500 0.046657
vt 0.828125 0.046657
vt 0.843750 0.046657
vt 0.859375 0.046657
vt 0.875000 0.046657
vt 0.890625 0.046657
vt 0.906250 0.046657
vt 0.921875 0.046657
vt 0.937500 0.046657
vt 0.953125 0.046657
vt 0.968750 0.046657
vt 0.984375 0.046657
vt 1.000000 0.046657
vt 0.482000 0.003000
vt 0.518000 0.003000
vt 0.518000 0.085500
vt 0.515000 0.089081
vt 0.563000 0.077500
vt 0.560000 0.081081
vt 0.563000 0.128340
vt 0.560000 0.124759
vt 0.517240 0.120205
vt 0.513480 0.116489
vt 0.525376 0.163000
vt 0.521752 0.160000
vt 0.474624 0.163000
vt 0.478248 0.160000
vt 0.482760 0.120205
vt 0.486520 0.116489
vt 0.437000 0.128340
vt 0.440000 0.124759
vt 0.437000 0.077500
vt 0.440000 0.081081
vt 0.482000 0.085500
vt 0.479804 0.000804
vt 0.520196 0.000804
vt 0.520196 0.082879
vt 0.565196 0.074879
vt 0.565196 0.130961
vt 0.519992 0.122924
vt 0.528029 0.165196
vt 0.471971 0.165196
vt 0.480008 0.122924
vt 0.434804 0.130961
vt 0.434804 0.074879
vt 0.479804 0.082879
vt 0.479000 0.000000
vt 0.521000 0.000000
vt 0.521000 0.081920
vt 0.566000 0.073920
vt 0.566000 0.131920
vt 0.521000 0.123920
vt 0.529000 0.166000
vt 0.471000 0.166000
vt 0.479000 0.123920
vt 0.434000 0.131920
vt 0.434000 0.073920
vt 0.479000 0.081920
s 1
usemtl body
f 1372/1/1 1373/2/2 1437/3/3 1436/4/4
f 1/5/5 4/6/5 3/7/5
f 1/8/5 5/9/5 4/6/5
f 1/10/5 6/11/5 5/9/5
f 1/12/5 7/13/5 6/11/5
f 1/14/5 8/15/5 7/13/5
f 1/16/5 9/17/5 8/15/5
f 1/18/5 10/19/5 9/17/5
f 1/20/5 11/21/5 10/19/5
f 1/22/5 12/23/5 11/21/5
f 1/24/5 13/25/5 12/23/5
f 1/26/5 14/27/5 13/25/5
f 1/28/5 15/29/5 14/27/5
f 1/30/5 16/31/5 15/29/5
f 1/32/5 17/33/5 16/31/5
f 1/34/5 18/35/5 17/33/5
f 1/36/5 19/37/5 18/35/5
f 1/38/5 20/39/5 19/37/5
f 1/40/5 21/41/5 20/39/5
f 1/42/5 22/43/5 21/41/5
f 1/44/5 23/45/5 22/43/5
f 1/46/5 24/47/5 23/45/5
f 1/48/5 25/49/5 24/47/5
f 1/50/5 26/51/5 25/49/5
f 1/52/5 27/53/5 26/51/5
f 1/54/5 28/55/5 27/53/5
f 1/56/5 29/57/5 28/55/5
f 1/58/5 30/59/5 29/57/5
f 1/60/5 31/61/5 30/59/5
f 1/62/5 32/63/5 31/61/5
f 1/64/5 33/65/5 32/63/5
f 1/66/5 34/67/5 33/65/5
f 1/68/5 35/69/5 34/67/5
f 1/70/5 36/71/5 35/69/5
f 1/72/5 37/73/5 36/71/5
f 1/74/5 38/75/5 37/73/5
f 1/76/5 39/77/5 38/75/5
f 1/78/5 40/79/5 39/77/5
f 1/80/5 41/81/5 40/79/5
f 1/82/5 42/83/5 41/81/5
f 1/84/5 43/85/5 42/83/5
f 1/86/5 44/87/5 43/85/5
f 1/88/5 45/89/5 44/87/5
f 1/90/5 46/91/5 45/89/5
f 1/92/5 47/93/5 46/91/5
f 1/94/5 48/95/5 47/93/5
f 1/96/5 49/97/5 48/95/5
f 1/98/5 50/99/5 49/97/5
f 1/100/5 51/101/5 50/99/5
f 1/102/5 52/103/5 51/101/5
f 1/104/5 53/105/5 52/103/5
f 1/106/5 54/107/5 53/105/5
f 1/108/5 55/109/5 54/107/5
f 1/110/5 56/111/5 55/109/5
f 1/112/5 57/113/5 56/111/5
f 1/114/5 58/115/5 57/113/5
f 1/116/5 59/117/5 58/115/5
f 1/118/5 60/119/5 59/117/5
f 1/120/5 61/121/5 60/119/5
f 1/122/5 62/123/5 61/121/5
f 1/124/5 63/125/5 62/123/5
f 1/126/5 64/127/5 63/125/5
f 1/128/5 65/129/5 64/127/5
f 1/130/5 2/131/5 65/129/5
f 2/132/6 3/7/7 67/133/7 66/134/6
f 3/7/7 4/6/8 68/135/8 67/133/7
f 4/6/8 5/9/9 69/136/9 68/135/8
f 5/9/9 6/11/10 70/137/10 69/136/9
f 6/11/10 7/13/11 71/138/11 70/137/10
f 7/13/11 8/15/12 72/139/12 71/138/11
f 8/15/12 9/17/13 73/140/13 72/139/12
f 9/17/13 10/19/14 74/141/14 73/140/13
f 10/19/14 11/21/15 75/142/15 74/141/14
f 11/21/15 12/23/16 76/143/16 75/142/15
f 12/23/16 13/25/17 77/144/17 76/143/16
f 13/25/17 14/27/18 78/145/18 77/144/17
f 14/27/18 15/29/19 79/146/19 78/145/18
f 15/29/19 16/31/20 80/147/20 79/146/19
f 16/31/20 17/33/21 81/148/21 80/147/20
f 17/33/21 18/35/22 82/149/22 81/148/21
f 18/35/22 19/37/23 83/150/23 82/149/22
f 19/37/23 20/39/24 84/151/24 83/150/23
f 20/39/24 21/41/25 85/152/25 84/151/24
f 21/41/25 22/43/26 86/153/26 85/152/25
f 22/43/26 23/45/27 87/154/27 86/153/26
f 23/45/27 24/47/28 88/155/28 87/154/27
f 24/47/28 25/49/29 89/156/29 88/155/28
f 25/49/29 26/51/30 90/157/30 89/156/29
f 26/51/30 27/53/31 91/158/31 90/157/30
f 27/53/31 28/55/32 92/159/32 91/158/31
f 28/55/32 29/57/33 93/160/33 92/159/32
f 29/57/33 30/59/34 94/161/34 93/160/33
f 30/59/34 31/61/35 95/162/35 94/161/34
f 31/61/35 32/63/36 96/163/36 95/162/35
f 32/63/36 33/65/37 97/164/37 96/163/36
f 33/65/37 34/67/38 98/165/38 97/164/37
f 34/67/38 35/69/39 99/166/39 98/165/38
f 35/69/39 36/71/40 100/167/40 99/166/39
f 36/71/40 37/73/41 101/168/41 100/167/40
f 37/73/41 38/75/42 102/169/42 101/168/41
f 38/75/42 39/77/43 103/170/43 102/169/42
f 39/77/43 40/79/44 104/171/44 103/170/43
f 40/79/44 41/81/45 105/172/45 104/171/44
f 41/81/45 42/83/46 106/173/46 105/172/45
f 42/83/46 43/85/47 107/174/47 106/173/46
f 43/85/47 44/87/48 108/175/48 107/174/47
f 44/87/48 45/89/49 109/176/49 108/175/48
f 45/89/49 46/91/50 110/177/50 109/176/49
f 46/91/50 47/93/51 111/178/51 110/177/50
f 47/93/51 48/95/52 112/179/52 111/178/51
f 48/95/52 49/97/53 113/180/53 112/179/52
f 49/97/53 50/99/54 114/181/54 113/180/53
f 50/99/54 51/101/55 115/182/55 114/181/54
f 51/101/55 52/103/56 116/183/56 115/182/55
f 52/103/56 53/105/57 117/184/57 116/183/56
f 53/105/57 54/107/58 118/185/58 117/184/57
f 54/107/58 55/109/59 119/186/59 118/185/58
f 55/109/59 56/111/60 120/187/60 119/186/59
f 56/111/60 57/113/61 121/188/61 120/187/60
f 57/113/61 58/115/62 122/189/62 121/188/61
f 58/115/62 59/117/63 123/190/63 122/189/62
f 59/117/63 60/119/64 124/191/64 123/190/63
f 60/119/64 61/121/65 125/192/65 124/191/64
f 61/121/65 62/123/66 126/193/66 125/192/65
f 62/123/66 63/125/67 127/194/67 126/193/66
f 63/125/67 64/127/68 128/195/68 127/194/67
f 64/127/68 65/129/69 129/196/69 128/195/68
f 65/129/69 2/131/6 66/197/6 129/196/69
f 66/134/70 67/133/71 131/198/72 130/199/73
f 67/133/71 68/135/74 132/200/75 131/198/72
f 68/135/74 69/136/76 133/201/77 132/200/75
f 69/136/76 70/137/78 134/202/79 133/201/77
f 70/137/78 71/138/80 135/203/81 134/202/79
f 71/138/80 72/139/82 136/204/83 135/203/81
f 72/139/82 73/140/84 137/205/85 136/204/83
f 73/140/84 74/141/86 138/206/87 137/205/85
f 74/141/86 75/142/88 139/207/89 138/206/87
f 75/142/88 76/143/90 140/208/91 139/207/89
f 76/143/90 77/144/92 141/209/93 140/208/91
f 77/144/92 78/145/94 142/210/95 141/209/93
f 78/145/94 79/146/96 143/211/97 142/210/95
f 79/146/96 80/147/98 144/212/99 143/211/97
f 80/147/98 81/148/100 145/213/101 144/212/99
f 81/148/100 82/149/102 146/214/103 145/213/101
f 82/149/102 83/150/104 147/215/105 146/214/103
f 83/150/104 84/151/106 148/216/107 147/215/105
f 84/151/106 85/152/108 149/217/109 148/216/107
f 85/152/108 86/153/110 150/218/111 149/217/109
f 86/153/110 87/154/112 151/219/113 150/218/111
f 87/154/112 88/155/114 152/220/115 151/219/113
f 88/155/114 89/156/116 153/221/117 152/220/115
f 89/156/116 90/157/118 154/222/119 153/221/117
f 90/157/118 91/158/120 155/223/121 154/222/119
f 91/158/120 92/159/122 156/224/123 155/223/121
f 92/159/122 93/160/124 157/225/125 156/224/123
f 93/160/124 94/161/126 158/226/127 157/225/125
f 94/161/126 95/162/128 159/227/129 158/226/127
f 95/162/128 96/163/130 160/228/131 159/227/129
f 96/163/130 97/164/132 161/229/133 160/228/131
f 97/164/132 98/165/134 162/230/135 161/229/133
f 98/165/134 99/166/136 163/231/137 162/230/135
f 99/166/136 100/167/138 164/232/139 163/231/137
f 100/167/138 101/168/140 165/233/141 164/232/139
f 101/168/140 102/169/142 166/234/143 165/233/141
f 102/169/142 103/170/144 167/235/145 166/234/143
f 103/170/144 104/171/146 168/236/147 167/235/145
f 104/171/146 105/172/148 169/237/149 168/236/147
f 105/172/148 106/173/150 170/238/151 169/237/149
f 106/173/150 107/174/152 171/239/153 170/238/151
f 107/174/152 108/175/154 172/240/155 171/239/153
f 108/175/154 109/176/156 173/241/157 172/240/155
f 109/176/156 110/177/158 174/242/159 173/241/157
f 110/177/158 111/178/160 175/243/161 174/242/159
f 111/178/160 112/179/162 176/244/163 175/243/161
f 112/179/162 113/180/164 177/245/165 176/244/163
f 113/180/164 114/181/166 178/246/167 177/245/165
f 114/181/166 115/182/168 179/247/169 178/246/167
f 115/182/168 116/183/170 180/248/171 179/247/169
f 116/183/170 117/184/172 181/249/173 180/248/171
f 117/184/172 118/185/174 182/250/175 181/249/173
f 118/185/174 119/186/176 183/251/177 182/250/175
f 119/186/176 120/187/178 184/252/179 183/251/177
f 120/187/178 121/188/180 185/253/181 184/252/179
f 121/188/180 122/189/182 186/254/183 185/253/181
f 122/189/182 123/190/184 187/255/185 186/254/183
f 123/190/184 124/191/186 188/256/187 187/255/185
f 124/191/186 125/192/188 189/257/189 188/256/187
f 125/192/188 126/193/190 190/258/191 189/257/189
f 126/193/190 127/194/192 191/259/193 190/258/191
f 127/194/192 128/195/194 192/260/195 191/259/193
f 128/195/194 129/196/196 193/261/197 192/260/195
f 129/196/196 66/197/70 130/262/73 193/261/197
f 130/199/73 131/198/72 195/263/198 194/264/199
f 131/198/72 132/200/75 196/265/200 195/263/198
f 132/200/75 133/201/77 197/266/201 196/265/200
f 133/201/77 134/202/79 198/267/202 197/266/201
f 134/202/79 135/203/81 199/268/203 198/267/202
f 135/203/81 136/204/83 200/269/204 199/268/203
f 136/204/83 137/205/85 201/270/205 200/269/204
f 137/205/85 138/206/87 202/271/206 201/270/205
f 138/206/87 139/207/89 203/272/207 202/271/206
f 139/207/89 140/208/91 204/273/208 203/272/207
f 140/208/91 141/209/93 205/274/209 204/273/208
f 141/209/93 142/210/95 206/275/210 205/274/209
f 142/210/95 143/211/97 207/276/211 206/275/210
f 143/211/97 144/212/99 208/277/212 207/276/211
f 144/212/99 145/213/101 209/278/213 208/277/212
f 145/213/101 146/214/103 210/279/214 209/278/213
f 146/214/103 147/215/105 211/280/215 210/279/214
f 147/215/105 148/216/107 212/281/216 211/280/215
f 148/216/107 149/217/109 213/282/217 212/281/216
f 149/217/109 150/218/111 214/283/218 213/282/217
f 150/218/111 151/219/113 215/284/219 214/283/218
f 151/219/113 152/220/115 216/285/220 215/284/219
f 152/220/115 153/221/117 217/286/221 216/285/220
f 153/221/117 154/222/119 218/287/222 217/286/221
f 154/222/119 155/223/121 219/288/223 218/287/222
f 155/223/121 156/224/123 220/289/224 219/288/223
f 156/224/123 157/225/125 221/290/225 220/289/224
f 157/225/125 158/226/127 222/291/226 221/290/225
f 158/226/127 159/227/129 223/292/227 222/291/226
f 159/227/129 160/228/131 224/293/228 223/292/227
f 160/228/131 161/229/133 225/294/229 224/293/228
f 161/229/133 162/230/135 226/295/230 225/294/229
f 162/230/135 163/231/137 227/296/231 226/295/230
f 163/231/137 164/232/139 228/297/232 227/296/231
f 164/232/139 165/233/141 229/298/233 228/297/232
f 165/233/141 166/234/143 230/299/234 229/298/233
f 166/234/143 167/235/145 231/300/235 230/299/234
f 167/235/145 168/236/147 232/301/236 231/300/235
f 168/236/147 169/237/149 233/302/237 232/301/236
f 169/237/149 170/238/151 234/303/238 233/302/237
f 170/238/151 171/239/153 235/304/239 234/303/238
f 171/239/153 172/240/155 236/305/240 235/304/239
f 172/240/155 173/241/157 237/306/241 236/305/240
f 173/241/157 174/242/159 238/307/242 237/306/241
f 174/242/159 175/243/161 239/308/243 238/307/242
f 175/243/161 176/244/163 240/309/244 239/308/243
f 176/244/163 177/245/165 241/310/245 240/309/244
f 177/245/165 178/246/167 242/311/246 241/310/245
f 178/246/167 179/247/169 243/312/247 242/311/246
f 179/247/169 180/248/171 244/313/248 243/312/247
f 180/248/171 181/249/173 245/314/249 244/313/248
f 181/249/173 182/250/175 246/315/250 245/314/249
f 182/250/175 183/251/177 247/316/251 246/315/250
f 183/251/177 184/252/179 248/317/252 247/316/251
f 184/252/179 185/253/181 249/318/253 248/317/252
f 185/253/181 186/254/183 250/319/254 249/318/253
f 186/254/183 187/255/185 251/320/255 250/319/254
f 187/255/185 188/256/187 252/321/256 251/320/255
f 188/256/187 189/257/189 253/322/257 252/321/256
f 189/257/189 190/258/191 254/323/258 253/322/257
f 190/258/191 191/259/193 255/324/259 254/323/258
f 191/259/193 192/260/195 256/325/260 255/324/259
f 192/260/195 193/261/197 257/326/261 256/325/260
f 193/261/197 130/262/73 194/327/199 257/326/261
f 194/264/199 195/263/198 259/328/262 258/329/263
f 195/263/198 196/265/200 260/330/264 259/328/262
f 196/265/200 197/266/201 261/331/265 260/330/264
f 197/266/201 198/267/202 262/332/266 261/331/265
f 198/267/202 199/268/203 263/333/267 262/332/266
f 199/268/203 200/269/204 264/334/268 263/333/267
f 200/269/204 201/270/205 265/335/269 264/334/268
f 201/270/205 202/271/206 266/336/270 265/335/269
f 202/271/206 203/272/207 267/337/271 266/336/270
f 203/272/207 204/273/208 268/338/272 267/337/271
f 204/273/208 205/274/209 269/339/273 268/338/272
f 205/274/209 206/275/210 270/340/274 269/339/273
f 206/275/210 207/276/211 271/341/275 270/340/274
f 207/276/211 208/277/212 272/342/276 271/341/275
f 208/277/212 209/278/213 273/343/277 272/342/276
f 209/278/213 210/279/214 274/344/278 273/343/277
f 210/279/214 211/280/215 275/345/279 274/344/278
f 211/280/215 212/281/216 276/346/280 275/345/279
f 212/281/216 213/282/217 277/347/281 276/346/280
f 213/282/217 214/283/218 278/348/282 277/347/281
f 214/283/218 215/284/219 279/349/283 278/348/282
f 215/284/219 216/285/220 280/350/284 279/349/283
f 216/285/220 217/286/221 281/351/285 280/350/284
f 217/286/221 218/287/222 282/352/286 281/351/285
f 218/287/222 219/288/223 283/353/287 282/352/286
f 219/288/223 220/289/224 284/354/288 283/353/287
f 220/289/224 221/290/225 285/355/289 284/354/288
f 221/290/225 222/291/226 286/356/290 285/355/289
f 222/291/226 223/292/227 287/357/291 286/356/290
f 223/292/227 224/293/228 288/358/292 287/357/291
f 224/293/228 225/294/229 289/359/293 288/358/292
f 225/294/229 226/295/230 290/360/294 289/359/293
f 226/295/230 227/296/231 291/361/295 290/360/294
f 227/296/231 228/297/232 292/362/296 291/361/295
f 228/297/232 229/298/233 293/363/297 292/362/296
f 229/298/233 230/299/234 294/364/298 293/363/297
f 230/299/234 231/300/235 295/365/299 294/364/298
f 231/300/235 232/301/236 296/366/300 295/365/299
f 232/301/236 233/302/237 297/367/301 296/366/300
f 233/302/237 234/303/238 298/368/302 297/367/301
f 234/303/238 235/304/239 299/369/303 298/368/302
f 235/304/239 236/305/240 300/370/304 299/369/303
f 236/305/240 237/306/241 301/371/305 300/370/304
f 237/306/241 238/307/242 302/372/306 301/371/305
f 238/307/242 239/308/243 303/373/307 302/372/306
f 239/308/243 240/309/244 304/374/308 303/373/307
f 240/309/244 241/310/245 305/375/309 304/374/308
f 241/310/245 242/311/246 306/376/310 305/375/309
f 242/311/246 243/312/247 307/377/311 306/376/310
f 243/312/247 244/313/248 308/378/312 307/377/311
f 244/313/248 245/314/249 309/379/313 308/378/312
f 245/314/249 246/315/250 310/380/314 309/379/313
f 246/315/250 247/316/251 311/381/315 310/380/314
f 247/316/251 248/317/252 312/382/316 311/381/315
f 248/317/252 249/318/253 313/383/317 312/382/316
f 249/318/253 250/319/254 314/384/318 313/383/317
f 250/319/254 251/320/255 315/385/319 314/384/318
f 251/320/255 252/321/256 316/386/320 315/385/319
f 252/321/256 253/322/257 317/387/321 316/386/320
f 253/322/257 254/323/258 318/388/322 317/387/321
f 254/323/258 255/324/259 319/389/323 318/388/322
f 255/324/259 256/325/260 320/390/324 319/389/323
f 256/325/260 257/326/261 321/391/325 320/390/324
f 257/326/261 194/327/199 258/392/263 321/391/325
f 258/329/263 259/328/262 323/393/326 322/394/327
f 259/328/262 260/330/264 324/395/328 323/393/326
f 260/330/264 261/331/265 325/396/329 324/395/328
f 261/331/265 262/332/266 326/397/330 325/396/329
f 262/332/266 263/333/267 327/398/331 326/397/330
f 263/333/267 264/334/268 328/399/332 327/398/331
f 264/334/268 265/335/269 329/400/333 328/399/332
f 265/335/269 266/336/270 330/401/334 329/400/333
f 266/336/270 267/337/271 331/402/335 330/401/334
f 267/337/271 268/338/272 332/403/336 331/402/335
f 268/338/272 269/339/273 333/404/337 332/403/336
f 269/339/273 270/340/274 334/405/338 333/404/337
f 270/340/274 271/341/275 335/406/339 334/405/338
f 271/341/275 272/342/276 336/407/340 335/406/339
f 272/342/276 273/343/277 337/408/341 336/407/340
f 273/343/277 274/344/278 338/409/342 337/408/341
f 274/344/278 275/345/279 339/410/343 338/409/342
f 275/345/279 276/346/280 340/411/344 339/410/343
f 276/346/280 277/347/281 341/412/345 340/411/344
f 277/347/281 278/348/282 342/413/346 341/412/345
f 278/348/282 279/349/283 343/414/347 342/413/346
f 279/349/283 280/350/284 344/415/348 343/414/347
f 280/350/284 281/351/285 345/416/349 344/415/348
f 281/351/285 282/352/286 346/417/350 345/416/349
f 282/352/286 283/353/287 347/418/351 346/417/350
f 283/353/287 284/354/288 348/419/352 347/418/351
f 284/354/288 285/355/289 349/420/353 348/419/352
f 285/355/289 286/356/290 350/421/354 349/420/353
f 286/356/290 287/357/291 351/422/355 350/421/354
f 287/357/291 288/358/292 352/423/356 351/422/355
f 288/358/292 289/359/293 353/424/357 352/423/356
f 289/359/293 290/360/294 354/425/358 353/424/357
f 290/360/294 291/361/295 355/426/359 354/425/358
f 291/361/295 292/362/296 356/427/360 355/426/359
f 292/362/296 293/363/297 357/428/361 356/427/360
f 293/363/297 294/364/298 358/429/362 357/428/361
f 294/364/298 295/365/299 359/430/363 358/429/362
f 295/365/299 296/366/300 360/431/364 359/430/363
f 296/366/300 297/367/301 361/432/365 360/431/364
f 297/367/301 298/368/302 362/433/366 361/432/365
f 298/368/302 299/369/303 363/434/367 362/433/366
f 299/369/303 300/370/304 364/435/368 363/434/367
f 300/370/304 301/371/305 365/436/369 364/435/368
f 301/371/305 302/372/306 366/437/370 365/436/369
f 302/372/306 303/373/307 367/438/371 366/437/370
f 303/373/307 304/374/308 368/439/372 367/438/371
f 304/374/308 305/375/309 369/440/373 368/439/372
f 305/375/309 306/376/310 370/441/374 369/440/373
f 306/376/310 307/377/311 371/442/375 370/441/374
f 307/377/311 308/378/312 372/443/376 371/442/375
f 308/378/312 309/379/313 373/444/377 372/443/376
f 309/379/313 310/380/314 374/445/378 373/444/377
f 310/380/314 311/381/315 375/446/379 374/445/378
f 311/381/315 312/382/316 376/447/380 375/446/379
f 312/382/316 313/383/317 377/448/381 376/447/380
f 313/383/317 314/384/318 378/449/382 377/448/381
f 314/384/318 315/385/319 379/450/383 378/449/382
f 315/385/319 316/386/320 380/451/384 379/450/383
f 316/386/320 317/387/321 381/452/385 380/451/384
f 317/387/321 318/388/322 382/453/386 381/452/385
f 318/388/322 319/389/323 383/454/387 382/453/386
f 319/389/323 320/390/324 384/455/388 383/454/387
f 320/390/324 321/391/325 385/456/389 384/455/388
f 321/391/325 258/392/263 322/457/327 385/456/389
f 322/394/327 323/393/326 387/458/390 386/459/391
f 323/393/326 324/395/328 388/460/392 387/458/390
f 324/395/328 325/396/329 389/461/393 388/460/392
f 325/396/329 326/397/330 390/462/394 389/461/393
f 326/397/330 327/398/331 391/463/395 390/462/394
f 327/398/331 328/399/332 392/464/396 391/463/395
f 328/399/332 329/400/333 393/465/397 392/464/396
f 329/400/333 330/401/334 394/466/398 393/465/397
f 330/401/334 331/402/335 395/467/399 394/466/398
f 331/402/335 332/403/336 396/468/400 395/467/399
f 332/403/336 333/404/337 397/469/401 396/468/400
f 333/404/337 334/405/338 398/470/402 397/469/401
f 334/405/338 335/406/339 399/471/403 398/470/402
f 335/406/339 336/407/340 400/472/404 399/471/403
f 336/407/340 337/408/341 401/473/405 400/472/404
f 337/408/341 338/409/342 402/474/406 401/473/405
f 338/409/342 339/410/343 403/475/407 402/474/406
f 339/410/343 340/411/344 404/476/408 403/475/407
f 340/411/344 341/412/345 405/477/409 404/476/408
f 341/412/345 342/413/346 406/478/410 405/477/409
f 342/413/346 343/414/347 407/479/411 406/478/410
f 343/414/347 344/415/348 408/480/412 407/479/411
f 344/415/348 345/416/349 409/481/413 408/480/412
f 345/416/349 346/417/350 410/482/414 409/481/413
f 346/417/350 347/418/351 411/483/415 410/482/414
f 347/418/351 348/419/352 412/484/416 411/483/415
f 348/419/352 349/420/353 413/485/417 412/484/416
f 349/420/353 350/421/354 414/486/418 413/485/417
f 350/421/354 351/422/355 415/487/419 414/486/418
f 351/422/355 352/423/356 416/488/420 415/487/419
f 352/423/356 353/424/357 417/489/421 416/488/420
f 353/424/357 354/425/358 418/490/422 417/489/421
f 354/425/358 355/426/359 419/491/423 418/490/422
f 355/426/359 356/427/360 420/492/424 419/491/423
f 356/427/360 357/428/361 421/493/425 420/492/424
f 357/428/361 358/429/362 422/494/426 421/493/425
f 358/429/362 359/430/363 423/495/427 422/494/426
f 359/430/363 360/431/364 424/496/428 423/495/427
f 360/431/364 361/432/365 425/497/429 424/496/428
f 361/432/365 362/433/366 426/498/430 425/497/429
f 362/433/366 363/434/367 427/499/431 426/498/430
f 363/434/367 364/435/368 428/500/432 427/499/431
f 364/435/368 365/436/369 429/501/433 428/500/432
f 365/436/369 366/437/370 430/502/434 429/501/433
f 366/437/370 367/438/371 431/503/435 430/502/434
f 367/438/371 368/439/372 432/504/436 431/503/435
f 368/439/372 369/440/373 433/505/437 432/504/436
f 369/440/373 370/441/374 434/506/438 433/505/437
f 370/441/374 371/442/375 435/507/439 434/506/438
f 371/442/375 372/443/376 436/508/440 435/507/439
f 372/443/376 373/444/377 437/509/441 436/508/440
f 373/444/377 374/445/378 438/510/442 437/509/441
f 374/445/378 375/446/379 439/511/443 438/510/442
f 375/446/379 376/447/380 440/512/444 439/511/443
f 376/447/380 377/448/381 441/513/445 440/512/444
f 377/448/381 378/449/382 442/514/446 441/513/445
f 378/449/382 379/450/383 443/515/447 442/514/446
f 379/450/383 380/451/384 444/516/448 443/515/447
f 380/451/384 381/452/385 445/517/449 444/516/448
f 381/452/385 382/453/386 446/518/450 445/517/449
f 382/453/386 383/454/387 447/519/451 446/518/450
f 383/454/387 384/455/388 448/520/452 447/519/451
f 384/455/388 385/456/389 449/521/453 448/520/452
f 385/456/389 322/457/327 386/522/391 449/521/453
f 386/459/454 387/458/455 451/523/456 450/524/457
f 387/458/455 388/460/458 452/525/459 451/523/456
f 388/460/458 389/461/460 453/526/461 452/525/459
f 389/461/460 390/462/462 454/527/463 453/526/461
f 390/462/462 391/463/464 455/528/465 454/527/463
f 391/463/464 392/464/466 456/529/467 455/528/465
f 392/464/466 393/465/468 457/530/469 456/529/467
f 393/465/468 394/466/470 458/531/471 457/530/469
f 394/466/470 395/467/472 459/532/473 458/531/471
f 395/467/472 396/468/474 460/533/475 459/532/473
f 396/468/474 397/469/476 461/534/477 460/533/475
f 397/469/476 398/470/478 462/535/479 461/534/477
f 398/470/478 399/471/480 463/536/481 462/535/479
f 399/471/480 400/472/482 464/537/483 463/536/481
f 400/472/482 401/473/484 465/538/485 464/537/483
f 401/473/484 402/474/486 466/539/487 465/538/485
f 402/474/486 403/475/488 467/540/489 466/539/487
f 403/475/488 404/476/490 468/541/491 467/540/489
f 404/476/490 405/477/492 469/542/493 468/541/491
f 405/477/492 406/478/494 470/543/495 469/542/493
f 406/478/494 407/479/496 471/544/497 470/543/495
f 407/479/496 408/480/498 472/545/499 471/544/497
f 408/480/498 409/481/500 473/546/501 472/545/499
f 409/481/500 410/482/502 474/547/503 473/546/501
f 410/482/502 411/483/504 475/548/505 474/547/503
f 411/483/504 412/484/506 476/549/507 475/548/505
f 412/484/506 413/485/508 477/550/509 476/549/507
f 413/485/508 414/486/510 478/551/511 477/550/509
f 414/486/510 415/487/512 479/552/513 478/551/511
f 415/487/512 416/488/514 480/553/515 479/552/513
f 416/488/514 417/489/516 481/554/517 480/553/515
f 417/489/516 418/490/518 482/555/519 481/554/517
f 418/490/518 419/491/520 483/556/521 482/555/519
f 419/491/520 420/492/522 484/557/523 483/556/521
f 420/492/522 421/493/524 485/558/525 484/557/523
f 421/493/524 422/494/526 486/559/527 485/558/525
f 422/494/526 423/495/528 487/560/529 486/559/527
f 423/495/528 424/496/530 488/561/531 487/560/529
f 424/496/530 425/497/532 489/562/533 488/561/531
f 425/497/532 426/498/534 490/563/535 489/562/533
f 426/498/534 427/499/536 491/564/537 490/563/535
f 427/499/536 428/500/538 492/565/539 491/564/537
f 428/500/538 429/501/540 493/566/541 492/565/539
f 429/501/540 430/502/542 494/567/543 493/566/541
f 430/502/542 431/503/544 495/568/545 494/567/543
f 431/503/544 432/504/546 496/569/547 495/568/545
f 432/504/546 433/505/548 497/570/549 496/569/547
f 433/505/548 434/506/550 498/571/551 497/570/549
f 434/506/550 435/507/552 499/572/553 498/571/551
f 435/507/552 436/508/554 500/573/555 499/572/553
f 436/508/554 437/509/556 501/574/557 500/573/555
f 437/509/556 438/510/558 502/575/559 501/574/557
f 438/510/558 439/511/560 503/576/561 502/575/559
f 439/511/560 440/512/562 504/577/563 503/576/561
f 440/512/562 441/513/564 505/578/565 504/577/563
f 441/513/564 442/514/566 506/579/567 505/578/565
f 442/514/566 443/515/568 507/580/569 506/579/567
f 443/515/568 444/516/570 508/581/571 507/580/569
f 444/516/570 445/517/572 509/582/573 508/581/571
f 445/517/572 446/518/574 510/583/575 509/582/573
f 446/518/574 447/519/576 511/584/577 510/583/575
f 447/519/576 448/520/578 512/585/579 511/584/577
f 448/520/578 449/521/580 513/586/581 512/585/579
f 449/521/580 386/522/454 450/587/457 513/586/581
f 450/524/457 451/523/456 515/588/582 514/589/583
f 451/523/456 452/525/459 516/590/584 515/588/582
f 452/525/459 453/526/461 517/591/585 516/590/584
f 453/526/461 454/527/463 518/592/586 517/591/585
f 454/527/463 455/528/465 519/593/587 518/592/586
f 455/528/465 456/529/467 520/594/588 519/593/587
f 456/529/467 457/530/469 521/595/589 520/594/588
f 457/530/469 458/531/471 522/596/590 521/595/589
f 458/531/471 459/532/473 523/597/591 522/596/590
f 459/532/473 460/533/475 524/598/592 523/597/591
f 460/533/475 461/534/477 525/599/593 524/598/592
f 461/534/477 462/535/479 526/600/594 525/599/593
f 462/535/479 463/536/481 527/601/595 526/600/594
f 463/536/481 464/537/483 528/602/596 527/601/595
f 464/537/483 465/538/485 529/603/597 528/602/596
f 465/538/485 466/539/487 530/604/598 529/603/597
f 466/539/487 467/540/489 531/605/599 530/604/598
f 467/540/489 468/541/491 532/606/600 531/605/599
f 468/541/491 469/542/493 533/607/601 532/606/600
f 469/542/493 470/543/495 534/608/602 533/607/601
f 470/543/495 471/544/497 535/609/603 534/608/602
f 471/544/497 472/545/499 536/610/604 535/609/603
f 472/545/499 473/546/501 537/611/605 536/610/604
f 473/546/501 474/547/503 538/612/606 537/611/605
f 474/547/503 475/548/505 539/613/607 538/612/606
f 475/548/505 476/549/507 540/614/608 539/613/607
f 476/549/507 477/550/509 541/615/609 540/614/608
f 477/550/509 478/551/511 542/616/610 541/615/609
f 478/551/511 479/552/513 543/617/611 542/616/610
f 479/552/513 480/553/515 544/618/612 543/617/611
f 480/553/515 481/554/517 545/619/613 544/618/612
f 481/554/517 482/555/519 546/620/614 545/619/613
f 482/555/519 483/556/521 547/621/615 546/620/614
f 483/556/521 484/557/523 548/622/616 547/621/615
f 484/557/523 485/558/525 549/623/617 548/622/616
f 485/558/525 486/559/527 550/624/618 549/623/617
f 486/559/527 487/560/529 551/625/619 550/624/618
f 487/560/529 488/561/531 552/626/620 551/625/619
f 488/561/531 489/562/533 553/627/621 552/626/620
f 489/562/533 490/563/535 554/628/622 553/627/621
f 490/563/535 491/564/537 555/629/623 554/628/622
f 491/564/537 492/565/539 556/630/624 555/629/623
f 492/565/539 493/566/541 557/631/625 556/630/624
f 493/566/541 494/567/543 558/632/626 557/631/625
f 494/567/543 495/568/545 559/633/627 558/632/626
f 495/568/545 496/569/547 560/634/628 559/633/627
f 496/569/547 497/570/549 561/635/629 560/634/628
f 497/570/549 498/571/551 562/636/630 561/635/629
f 498/571/551 499/572/553 563/637/631 562/636/630
f 499/572/553 500/573/555 564/638/632 563/637/631
f 500/573/555 501/574/557 565/639/633 564/638/632
f 501/574/557 502/575/559 566/640/634 565/639/633
f 502/575/559 503/576/561 567/641/635 566/640/634
f 503/576/561 504/577/563 568/642/636 567/641/635
f 504/577/563 505/578/565 569/643/637 568/642/636
f 505/578/565 506/579/567 570/644/638 569/643/637
f 506/579/567 507/580/569 571/645/639 570/644/638
f 507/580/569 508/581/571 572/646/640 571/645/639
f 508/581/571 509/582/573 573/647/641 572/646/640
f 509/582/573 510/583/575 574/648/642 573/647/641
f 510/583/575 511/584/577 575/649/643 574/648/642
f 511/584/577 512/585/579 576/650/644 575/649/643
f 512/585/579 513/586/581 577/651/645 576/650/644
f 513/586/581 450/587/457 514/652/583 577/651/645
f 514/589/583 515/588/582 579/653/646 578/654/647
f 515/588/582 516/590/584 580/655/648 579/653/646
f 516/590/584 517/591/585 581/656/649 580/655/648
f 517/591/585 518/592/586 582/657/650 581/656/649
f 518/592/586 519/593/587 583/658/651 582/657/650
f 519/593/587 520/594/588 584/659/652 583/658/651
f 520/594/588 521/595/589 585/660/653 584/659/652
f 521/595/589 522/596/590 586/661/654 585/660/653
f 522/596/590 523/597/591 587/662/655 586/661/654
f 523/597/591 524/598/592 588/663/656 587/662/655
f 524/598/592 525/599/593 589/664/657 588/663/656
f 525/599/593 526/600/594 590/665/658 589/664/657
f 526/600/594 527/601/595 591/666/659 590/665/658
f 527/601/595 528/602/596 592/667/660 591/666/659
f 528/602/596 529/603/597 593/668/661 592/667/660
f 529/603/597 530/604/598 594/669/662 593/668/661
f 530/604/598 531/605/599 595/670/663 594/669/662
f 531/605/599 532/606/600 596/671/664 595/670/663
f 532/606/600 533/607/601 597/672/665 596/671/664
f 533/607/601 534/608/602 598/673/666 597/672/665
f 534/608/602 535/609/603 599/674/667 598/673/666
f 535/609/603 536/610/604 600/675/668 599/674/667
f 536/610/604 537/611/605 601/676/669 600/675/668
f 537/611/605 538/612/606 602/677/670 601/676/669
f 538/612/606 539/613/607 603/678/671 602/677/670
f 539/613/607 540/614/608 604/679/672 603/678/671
f 540/614/608 541/615/609 605/680/673 604/679/672
f 541/615/609 542/616/610 606/681/674 605/680/673
f 542/616/610 543/617/611 607/682/675 606/681/674
f 543/617/611 544/618/612 608/683/676 607/682/675
f 544/618/612 545/619/613 609/684/677 608/683/676
f 545/619/613 546/620/614 610/685/678 609/684/677
f 546/620/614 547/621/615 611/686/679 610/685/678
f 547/621/615 548/622/616 612/687/680 611/686/679
f 548/622/616 549/623/617 613/688/681 612/687/680
f 549/623/617 550/624/618 614/689/682 613/688/681
f 550/624/618 551/625/619 615/690/683 614/689/682
f 551/625/619 552/626/620 616/691/684 615/690/683
f 552/626/620 553/627/621 617/692/685 616/691/684
f 553/627/621 554/628/622 618/693/686 617/692/685
f 554/628/622 555/629/623 619/694/687 618/693/686
f 555/629/623 556/630/624 620/695/688 619/694/687
f 556/630/624 557/631/625 621/696/689 620/695/688
f 557/631/625 558/632/626 622/697/690 621/696/689
f 558/632/626 559/633/627 623/698/691 622/697/690
f 559/633/627 560/634/628 624/699/692 623/698/691
f 560/634/628 561/635/629 625/700/693 624/699/692
f 561/635/629 562/636/630 626/701/694 625/700/693
f 562/636/630 563/637/631 627/702/695 626/701/694
f 563/637/631 564/638/632 628/703/696 627/702/695
f 564/638/632 565/639/633 629/704/697 628/703/696
f 565/639/633 566/640/634 630/705/698 629/704/697
f 566/640/634 567/641/635 631/706/699 630/705/698
f 567/641/635 568/642/636 632/707/700 631/706/699
f 568/642/636 569/643/637 633/708/701 632/707/700
f 569/643/637 570/644/638 634/709/702 633/708/701
f 570/644/638 571/645/639 635/710/703 634/709/702
f 571/645/639 572/646/640 636/711/704 635/710/703
f 572/646/640 573/647/641 637/712/705 636/711/704
f 573/647/641 574/648/642 638/713/706 637/712/705
f 574/648/642 575/649/643 639/714/707 638/713/706
f 575/649/643 576/650/644 640/715/708 639/714/707
f 576/650/644 577/651/645 641/716/709 640/715/708
f 577/651/645 514/652/583 578/717/647 641/716/709
f 578/654/647 579/653/646 643/718/710 642/719/711
f 579/653/646 580/655/648 644/720/712 643/718/710
f 580/655/648 581/656/649 645/721/713 644/720/712
f 581/656/649 582/657/650 646/722/714 645/721/713
f 582/657/650 583/658/651 647/723/715 646/722/714
f 583/658/651 584/659/652 648/724/716 647/723/715
f 584/659/652 585/660/653 649/725/717 648/724/716
f 585/660/653 586/661/654 650/726/718 649/725/717
f 586/661/654 587/662/655 651/727/719 650/726/718
f 587/662/655 588/663/656 652/728/720 651/727/719
f 588/663/656 589/664/657 653/729/721 652/728/720
f 589/664/657 590/665/658 654/730/722 653/729/721
f 590/665/658 591/666/659 655/731/723 654/730/722
f 591/666/659 592/667/660 656/732/724 655/731/723
f 592/667/660 593/668/661 657/733/725 656/732/724
f 593/668/661 594/669/662 658/734/726 657/733/725
f 594/669/662 595/670/663 659/735/727 658/734/726
f 595/670/663 596/671/664 660/736/728 659/735/727
f 596/671/664 597/672/665 661/737/729 660/736/728
f 597/672/665 598/673/666 662/738/730 661/737/729
f 598/673/666 599/674/667 663/739/731 662/738/730
f 599/674/667 600/675/668 664/740/732 663/739/731
f 600/675/668 601/676/669 665/741/733 664/740/732
f 601/676/669 602/677/670 666/742/734 665/741/733
f 602/677/670 603/678/671 667/743/735 666/742/734
f 603/678/671 604/679/672 668/744/736 667/743/735
f 604/679/672 605/680/673 669/745/737 668/744/736
f 605/680/673 606/681/674 670/746/738 669/745/737
f 606/681/674 607/682/675 671/747/739 670/746/738
f 607/682/675 608/683/676 672/748/740 671/747/739
f 608/683/676 609/684/677 673/749/741 672/748/740
f 609/684/677 610/685/678 674/750/742 673/749/741
f 610/685/678 611/686/679 675/751/743 674/750/742
f 611/686/679 612/687/680 676/752/744 675/751/743
f 612/687/680 613/688/681 677/753/745 676/752/744
f 613/688/681 614/689/682 678/754/746 677/753/745
f 614/689/682 615/690/683 679/755/747 678/754/746
f 615/690/683 616/691/684 680/756/748 679/755/747
f 616/691/684 617/692/685 681/757/749 680/756/748
f 617/692/685 618/693/686 682/758/750 681/757/749
f 618/693/686 619/694/687 683/759/751 682/758/750
f 619/694/687 620/695/688 684/760/752 683/759/751
f 620/695/688 621/696/689 685/761/753 684/760/752
f 621/696/689 622/697/690 686/762/754 685/761/753
f 622/697/690 623/698/691 687/763/755 686/762/754
f 623/698/691 624/699/692 688/764/756 687/763/755
f 624/699/692 625/700/693 689/765/757 688/764/756
f 625/700/693 626/701/694 690/766/758 689/765/757
f 626/701/694 627/702/695 691/767/759 690/766/758
f 627/702/695 628/703/696 692/768/760 691/767/759
f 628/703/696 629/704/697 693/769/761 692/768/760
f 629/704/697 630/705/698 694/770/762 693/769/761
f 630/705/698 631/706/699 695/771/763 694/770/762
f 631/706/699 632/707/700 696/772/764 695/771/763
f 632/707/700 633/708/701 697/773/765 696/772/764
f 633/708/701 634/709/702 698/774/766 697/773/765
f 634/709/702 635/710/703 699/775/767 698/774/766
f 635/710/703 636/711/704 700/776/768 699/775/767
f 636/711/704 637/712/705 701/777/769 700/776/768
f 637/712/705 638/713/706 702/778/770 701/777/769
f 638/713/706 639/714/707 703/779/771 702/778/770
f 639/714/707 640/715/708 704/780/772 703/779/771
f 640/715/708 641/716/709 705/781/773 704/780/772
f 641/716/709 578/717/647 642/782/711 705/781/773
f 642/719/711 643/718/710 707/783/774 706/784/775
f 643/718/710 644/720/712 708/785/776 707/783/774
f 644/720/712 645/721/713 709/786/777 708/785/776
f 645/721/713 646/722/714 710/787/778 709/786/777
f 646/722/714 647/723/715 711/788/779 710/787/778
f 647/723/715 648/724/716 712/789/780 711/788/779
f 648/724/716 649/725/717 713/790/781 712/789/780
f 649/725/717 650/726/718 714/791/782 713/790/781
f 650/726/718 651/727/719 715/792/783 714/791/782
f 651/727/719 652/728/720 716/793/784 715/792/783
f 652/728/720 653/729/721 717/794/785 716/793/784
f 653/729/721 654/730/722 718/795/786 717/794/785
f 654/730/722 655/731/723 719/796/787 718/795/786
f 655/731/723 656/732/724 720/797/788 719/796/787
f 656/732/724 657/733/725 721/798/789 720/797/788
f 657/733/725 658/734/726 722/799/790 721/798/789
f 658/734/726 659/735/727 723/800/791 722/799/790
f 659/735/727 660/736/728 724/801/792 723/800/791
f 660/736/728 661/737/729 725/802/793 724/801/792
f 661/737/729 662/738/730 726/803/794 725/802/793
f 662/738/730 663/739/731 727/804/795 726/803/794
f 663/739/731 664/740/732 728/805/796 727/804/795
f 664/740/732 665/741/733 729/806/797 728/805/796
f 665/741/733 666/742/734 730/807/798 729/806/797
f 666/742/734 667/743/735 731/808/799 730/807/798
f 667/743/735 668/744/736 732/809/800 731/808/799
f 668/744/736 669/745/737 733/810/801 732/809/800
f 669/745/737 670/746/738 734/811/802 733/810/801
f 670/746/738 671/747/739 735/812/803 734/811/802
f 671/747/739 672/748/740 736/813/804 735/812/803
f 672/748/740 673/749/741 737/814/805 736/813/804
f 673/749/741 674/750/742 738/815/806 737/814/805
f 674/750/742 675/751/743 739/816/807 738/815/806
f 675/751/743 676/752/744 740/817/808 739/816/807
f 676/752/744 677/753/745 741/818/809 740/817/808
f 677/753/745 678/754/746 742/819/810 741/818/809
f 678/754/746 679/755/747 743/820/811 742/819/810
f 679/755/747 680/756/748 744/821/812 743/820/811
f 680/756/748 681/757/749 745/822/813 744/821/812
f 681/757/749 682/758/750 746/823/814 745/822/813
f 682/758/750 683/759/751 747/824/815 746/823/814
f 683/759/751 684/760/752 748/825/816 747/824/815
f 684/760/752 685/761/753 749/826/817 748/825/816
f 685/761/753 686/762/754 750/827/818 749/826/817
f 686/762/754 687/763/755 751/828/819 750/827/818
f 687/763/755 688/764/756 752/829/820 751/828/819
f 688/764/756 689/765/757 753/830/821 752/829/820
f 689/765/757 690/766/758 754/831/822 753/830/821
f 690/766/758 691/767/759 755/832/823 754/831/822
f 691/767/759 692/768/760 756/833/824 755/832/823
f 692/768/760 693/769/761 757/834/825 756/833/824
f 693/769/761 694/770/762 758/835/826 757/834/825
f 694/770/762 695/771/763 759/836/827 758/835/826
f 695/771/763 696/772/764 760/837/828 759/836/827
f 696/772/764 697/773/765 761/838/829 760/837/828
f 697/773/765 698/774/766 762/839/830 761/838/829
f 698/774/766 699/775/767 763/840/831 762/839/830
f 699/775/767 700/776/768 764/841/832 763/840/831
f 700/776/768 701/777/769 765/842/833 764/841/832
f 701/777/769 702/778/770 766/843/834 765/842/833
f 702/778/770 703/779/771 767/844/835 766/843/834
f 703/779/771 704/780/772 768/845/836 767/844/835
f 704/780/772 705/781/773 769/846/837 768/845/836
f 705/781/773 642/782/711 706/847/775 769/846/837
f 706/784/775 707/783/774 771/848/838 770/849/839
f 707/783/774 708/785/776 772/850/840 771/848/838
f 708/785/776 709/786/777 773/851/841 772/850/840
f 709/786/777 710/787/778 774/852/842 773/851/841
f 710/787/778 711/788/779 775/853/843 774/852/842
f 711/788/779 712/789/780 776/854/844 775/853/843
f 712/789/780 713/790/781 777/855/845 776/854/844
f 713/790/781 714/791/782 778/856/846 777/855/845
f 714/791/782 715/792/783 779/857/847 778/856/846
f 715/792/783 716/793/784 780/858/848 779/857/847
f 716/793/784 717/794/785 781/859/849 780/858/848
f 717/794/785 718/795/786 782/860/850 781/859/849
f 718/795/786 719/796/787 783/861/851 782/860/850
f 719/796/787 720/797/788 784/862/852 783/861/851
f 720/797/788 721/798/789 785/863/853 784/862/852
f 721/798/789 722/799/790 786/864/854 785/863/853
f 722/799/790 723/800/791 787/865/855 786/864/854
f 723/800/791 724/801/792 788/866/856 787/865/855
f 724/801/792 725/802/793 789/867/857 788/866/856
f 725/802/793 726/803/794 790/868/858 789/867/857
f 726/803/794 727/804/795 791/869/859 790/868/858
f 727/804/795 728/805/796 792/870/860 791/869/859
f 728/805/796 729/806/797 793/871/861 792/870/860
f 729/806/797 730/807/798 794/872/862 793/871/861
f 730/807/798 731/808/799 795/873/863 794/872/862
f 731/808/799 732/809/800 796/874/864 795/873/863
f 732/809/800 733/810/801 797/875/865 796/874/864
f 733/810/801 734/811/802 798/876/866 797/875/865
f 734/811/802 735/812/803 799/877/867 798/876/866
f 735/812/803 736/813/804 800/878/868 799/877/867
f 736/813/804 737/814/805 801/879/869 800/878/868
f 737/814/805 738/815/806 802/880/870 801/879/869
f 738/815/806 739/816/807 803/881/871 802/880/870
f 739/816/807 740/817/808 804/882/872 803/881/871
f 740/817/808 741/818/809 805/883/873 804/882/872
f 741/818/809 742/819/810 806/884/874 805/883/873
f 742/819/810 743/820/811 807/885/875 806/884/874
f 743/820/811 744/821/812 808/886/876 807/885/875
f 744/821/812 745/822/813 809/887/877 808/886/876
f 745/822/813 746/823/814 810/888/878 809/887/877
f 746/823/814 747/824/815 811/889/879 810/888/878
f 747/824/815 748/825/816 812/890/880 811/889/879
f 748/825/816 749/826/817 813/891/881 812/890/880
f 749/826/817 750/827/818 814/892/882 813/891/881
f 750/827/818 751/828/819 815/893/883 814/892/882
f 751/828/819 752/829/820 816/894/884 815/893/883
f 752/829/820 753/830/821 817/895/885 816/894/884
f 753/830/821 754/831/822 818/896/886 817/895/885
f 754/831/822 755/832/823 819/897/887 818/896/886
f 755/832/823 756/833/824 820/898/888 819/897/887
f 756/833/824 757/834/825 821/899/889 820/898/888
f 757/834/825 758/835/826 822/900/890 821/899/889
f 758/835/826 759/836/827 823/901/891 822/900/890
f 759/836/827 760/837/828 824/902/892 823/901/891
f 760/837/828 761/838/829 825/903/893 824/902/892
f 761/838/829 762/839/830 826/904/894 825/903/893
f 762/839/830 763/840/831 827/905/895 826/904/894
f 763/840/831 764/841/832 828/906/896 827/905/895
f 764/841/832 765/842/833 829/907/897 828/906/896
f 765/842/833 766/843/834 830/908/898 829/907/897
f 766/843/834 767/844/835 831/909/899 830/908/898
f 767/844/835 768/845/836 832/910/900 831/909/899
f 768/845/836 769/846/837 833/911/901 832/910/900
f 769/846/837 706/847/775 770/912/839 833/911/901
f 770/849/902 771/848/903 835/913/904 834/914/905
f 771/848/903 772/850/906 836/915/907 835/913/904
f 772/850/906 773/851/908 837/916/909 836/915/907
f 773/851/908 774/852/910 838/917/911 837/916/909
f 774/852/910 775/853/912 839/918/913 838/917/911
f 775/853/912 776/854/914 840/919/915 839/918/913
f 776/854/914 777/855/916 841/920/917 840/919/915
f 777/855/916 778/856/918 842/921/919 841/920/917
f 778/856/918 779/857/920 843/922/921 842/921/919
f 779/857/920 780/858/922 844/923/923 843/922/921
f 780/858/922 781/859/924 845/924/925 844/923/923
f 781/859/924 782/860/926 846/925/927 845/924/925
f 782/860/926 783/861/928 847/926/929 846/925/927
f 783/861/928 784/862/930 848/927/931 847/926/929
f 784/862/930 785/863/932 849/928/933 848/927/931
f 785/863/932 786/864/934 850/929/935 849/928/933
f 786/864/934 787/865/936 851/930/937 850/929/935
f 787/865/936 788/866/938 852/931/939 851/930/937
f 788/866/938 789/867/940 853/932/941 852/931/939
f 789/867/940 790/868/942 854/933/943 853/932/941
f 790/868/942 791/869/944 855/934/945 854/933/943
f 791/869/944 792/870/946 856/935/947 855/934/945
f 792/870/946 793/871/948 857/936/949 856/935/947
f 793/871/948 794/872/950 858/937/951 857/936/949
f 794/872/950 795/873/952 859/938/953 858/937/951
f 795/873/952 796/874/954 860/939/955 859/938/953
f 796/874/954 797/875/956 861/940/957 860/939/955
f 797/875/956 798/876/958 862/941/959 861/940/957
f 798/876/958 799/877/960 863/942/961 862/941/959
f 799/877/960 800/878/962 864/943/963 863/942/961
f 800/878/962 801/879/964 865/944/965 864/943/963
f 801/879/964 802/880/966 866/945/967 865/944/965
f 802/880/966 803/881/968 867/946/969 866/945/967
f 803/881/968 804/882/970 868/947/971 867/946/969
f 804/882/970 805/883/972 869/948/973 868/947/971
f 805/883/972 806/884/974 870/949/975 869/948/973
f 806/884/974 807/885/976 871/950/977 870/949/975
f 807/885/976 808/886/978 872/951/979 871/950/977
f 808/886/978 809/887/980 873/952/981 872/951/979
f 809/887/980 810/888/982 874/953/983 873/952/981
f 810/888/982 811/889/984 875/954/985 874/953/983
f 811/889/984 812/890/986 876/955/987 875/954/985
f 812/890/986 813/891/988 877/956/989 876/955/987
f 813/891/988 814/892/990 878/957/991 877/956/989
f 814/892/990 815/893/992 879/958/993 878/957/991
f 815/893/992 816/894/994 880/959/995 879/958/993
f 816/894/994 817/895/996 881/960/997 880/959/995
f 817/895/996 818/896/998 882/961/999 881/960/997
f 818/896/998 819/897/1000 883/962/1001 882/961/999
f 819/897/1000 820/898/1002 884/963/1003 883/962/1001
f 820/898/1002 821/899/1004 885/964/1005 884/963/1003
f 821/899/1004 822/900/1006 886/965/1007 885/964/1005
f 822/900/1006 823/901/1008 887/966/1009 886/965/1007
f 823/901/1008 824/902/1010 888/967/1011 887/966/1009
f 824/902/1010 825/903/1012 889/968/1013 888/967/1011
f 825/903/1012 826/904/1014 890/969/1015 889/968/1013
f 826/904/1014 827/905/1016 891/970/1017 890/969/1015
f 827/905/1016 828/906/1018 892/971/1019 891/970/1017
f 828/906/1018 829/907/1020 893/972/1021 892/971/1019
f 829/907/1020 830/908/1022 894/973/1023 893/972/1021
f 830/908/1022 831/909/1024 895/974/1025 894/973/1023
f 831/909/1024 832/910/1026 896/975/1027 895/974/1025
f 832/910/1026 833/911/1028 897/976/1029 896/975/1027
f 833/911/1028 770/912/902 834/977/905 897/976/1029
f 834/914/905 835/913/904 899/978/1030 898/979/1031
f 835/913/904 836/915/907 900/980/1032 899/978/1030
f 836/915/907 837/916/909 901/981/1033 900/980/1032
f 837/916/909 838/917/911 902/982/1034 901/981/1033
f 838/917/911 839/918/913 903/983/1035 902/982/1034
f 839/918/913 840/919/915 904/984/1036 903/983/1035
f 840/919/915 841/920/917 905/985/1037 904/984/1036
f 841/920/917 842/921/919 906/986/1038 905/985/1037
f 842/921/919 843/922/921 907/987/1039 906/986/1038
f 843/922/921 844/923/923 908/988/1040 907/987/1039
f 844/923/923 845/924/925 909/989/1041 908/988/1040
f 845/924/925 846/925/927 910/990/1042 909/989/1041
f 846/925/927 847/926/929 911/991/1043 910/990/1042
f 847/926/929 848/927/931 912/992/1044 911/991/1043
f 848/927/931 849/928/933 913/993/1045 912/992/1044
f 849/928/933 850/929/935 914/994/1046 913/993/1045
f 850/929/935 851/930/937 915/995/1047 914/994/1046
f 851/930/937 852/931/939 916/996/1048 915/995/1047
f 852/931/939 853/932/941 917/997/1049 916/996/1048
f 853/932/941 854/933/943 918/998/1050 917/997/1049
f 854/933/943 855/934/945 919/999/1051 918/998/1050
f 855/934/945 856/935/947 920/1000/1052 919/999/1051
f 856/935/947 857/936/949 921/1001/1053 920/1000/1052
f 857/936/949 858/937/951 922/1002/1054 921/1001/1053
f 858/937/951 859/938/953 923/1003/1055 922/1002/1054
f 859/938/953 860/939/955 924/1004/1056 923/1003/1055
f 860/939/955 861/940/957 925/1005/1057 924/1004/1056
f 861/940/957 862/941/959 926/1006/1058 925/1005/1057
f 862/941/959 863/942/961 927/1007/1059 926/1006/1058
f 863/942/961 864/943/963 928/1008/1060 927/1007/1059
f 864/943/963 865/944/965 929/1009/1061 928/1008/1060
f 865/944/965 866/945/967 930/1010/1062 929/1009/1061
f 866/945/967 867/946/969 931/1011/1063 930/1010/1062
f 867/946/969 868/947/971 932/1012/1064 931/1011/1063
f 868/947/971 869/948/973 933/1013/1065 932/1012/1064
f 869/948/973 870/949/975 934/1014/1066 933/1013/1065
f 870/949/975 871/950/977 935/1015/1067 934/1014/1066
f 871/950/977 872/951/979 936/1016/1068 935/1015/1067
f 872/951/979 873/952/981 937/1017/1069 936/1016/1068
f 873/952/981 874/953/983 938/1018/1070 937/1017/1069
f 874/953/983 875/954/985 939/1019/1071 938/1018/1070
f 875/954/985 876/955/987 940/1020/1072 939/1019/1071
f 876/955/987 877/956/989 941/1021/1073 940/1020/1072
f 877/956/989 878/957/991 942/1022/1074 941/1021/1073
f 878/957/991 879/958/993 943/1023/1075 942/1022/1074
f 879/958/993 880/959/995 944/1024/1076 943/1023/1075
f 880/959/995 881/960/997 945/1025/1077 944/1024/1076
f 881/960/997 882/961/999 946/1026/1078 945/1025/1077
f 882/961/999 883/962/1001 947/1027/1079 946/1026/1078
f 883/962/1001 884/963/1003 948/1028/1080 947/1027/1079
f 884/963/1003 885/964/1005 949/1029/1081 948/1028/1080
f 885/964/1005 886/965/1007 950/1030/1082 949/1029/1081
f 886/965/1007 887/966/1009 951/1031/1083 950/1030/1082
f 887/966/1009 888/967/1011 952/1032/1084 951/1031/1083
f 888/967/1011 889/968/1013 953/1033/1085 952/1032/1084
f 889/968/1013 890/969/1015 954/1034/1086 953/1033/1085
f 890/969/1015 891/970/1017 955/1035/1087 954/1034/1086
f 891/970/1017 892/971/1019 956/1036/1088 955/1035/1087
f 892/971/1019 893/972/1021 957/1037/1089 956/1036/1088
f 893/972/1021 894/973/1023 958/1038/1090 957/1037/1089
f 894/973/1023 895/974/1025 959/1039/1091 958/1038/1090
f 895/974/1025 896/975/1027 960/1040/1092 959/1039/1091
f 896/975/1027 897/976/1029 961/1041/1093 960/1040/1092
f 897/976/1029 834/977/905 898/1042/1031 961/1041/1093
f 898/979/1031 899/978/1030 963/1043/1094 962/1044/1095
f 899/978/1030 900/980/1032 964/1045/1096 963/1043/1094
f 900/980/1032 901/981/1033 965/1046/1097 964/1045/1096
f 901/981/1033 902/982/1034 966/1047/1098 965/1046/1097
f 902/982/1034 903/983/1035 967/1048/1099 966/1047/1098
f 903/983/1035 904/984/1036 968/1049/1100 967/1048/1099
f 904/984/1036 905/985/1037 969/1050/1101 968/1049/1100
f 905/985/1037 906/986/1038 970/1051/1102 969/1050/1101
f 906/986/1038 907/987/1039 971/1052/1103 970/1051/1102
f 907/987/1039 908/988/1040 972/1053/1104 971/1052/1103
f 908/988/1040 909/989/1041 973/1054/1105 972/1053/1104
f 909/989/1041 910/990/1042 974/1055/1106 973/1054/1105
f 910/990/1042 911/991/1043 975/1056/1107 974/1055/1106
f 911/991/1043 912/992/1044 976/1057/1108 975/1056/1107
f 912/992/1044 913/993/1045 977/1058/1109 976/1057/1108
f 913/993/1045 914/994/1046 978/1059/1110 977/1058/1109
f 914/994/1046 915/995/1047 979/1060/1111 978/1059/1110
f 915/995/1047 916/996/1048 980/1061/1112 979/1060/1111
f 916/996/1048 917/997/1049 981/1062/1113 980/1061/1112
f 917/997/1049 918/998/1050 982/1063/1114 981/1062/1113
f 918/998/1050 919/999/1051 983/1064/1115 982/1063/1114
f 919/999/1051 920/1000/1052 984/1065/1116 983/1064/1115
f 920/1000/1052 921/1001/1053 985/1066/1117 984/1065/1116
f 921/1001/1053 922/1002/1054 986/1067/1118 985/1066/1117
f 922/1002/1054 923/1003/1055 987/1068/1119 986/1067/1118
f 923/1003/1055 924/1004/1056 988/1069/1120 987/1068/1119
f 924/1004/1056 925/1005/1057 989/1070/1121 988/1069/1120
f 925/1005/1057 926/1006/1058 990/1071/1122 989/1070/1121
f 926/1006/1058 927/1007/1059 991/1072/1123 990/1071/1122
f 927/1007/1059 928/1008/1060 992/1073/1124 991/1072/1123
f 928/1008/1060 929/1009/1061 993/1074/1125 992/1073/1124
f 929/1009/1061 930/1010/1062 994/1075/1126 993/1074/1125
f 930/1010/1062 931/1011/1063 995/1076/1127 994/1075/1126
f 931/1011/1063 932/1012/1064 996/1077/1128 995/1076/1127
f 932/1012/1064 933/1013/1065 997/1078/1129 996/1077/1128
f 933/1013/1065 934/1014/1066 998/1079/1130 997/1078/1129
f 934/1014/1066 935/1015/1067 999/1080/1131 998/1079/1130
f 935/1015/1067 936/1016/1068 1000/1081/1132 999/1080/1131
f 936/1016/1068 937/1017/1069 1001/1082/1133 1000/1081/1132
f 937/1017/1069 938/1018/1070 1002/1083/1134 1001/1082/1133
f 938/1018/1070 939/1019/1071 1003/1084/1135 1002/1083/1134
f 939/1019/1071 940/1020/1072 1004/1085/1136 1003/1084/1135
f 940/1020/1072 941/1021/1073 1005/1086/1137 1004/1085/1136
f 941/1021/1073 942/1022/1074 1006/1087/1138 1005/1086/1137
f 942/1022/1074 943/1023/1075 1007/1088/1139 1006/1087/1138
f 943/1023/1075 944/1024/1076 1008/1089/1140 1007/1088/1139
f 944/1024/1076 945/1025/1077 1009/1090/1141 1008/1089/1140
f 945/1025/1077 946/1026/1078 1010/1091/1142 1009/1090/1141
f 946/1026/1078 947/1027/1079 1011/1092/1143 1010/1091/1142
f 947/1027/1079 948/1028/1080 1012/1093/1144 1011/1092/1143
f 948/1028/1080 949/1029/1081 1013/1094/1145 1012/1093/1144
f 949/1029/1081 950/1030/1082 1014/1095/1146 1013/1094/1145
f 950/1030/1082 951/1031/1083 1015/1096/1147 1014/1095/1146
f 951/1031/1083 952/1032/1084 1016/1097/1148 1015/1096/1147
f 952/1032/1084 953/1033/1085 1017/1098/1149 1016/1097/1148
f 953/1033/1085 954/1034/1086 1018/1099/1150 1017/1098/1149
f 954/1034/1086 955/1035/1087 1019/1100/1151 1018/1099/1150
f 955/1035/1087 956/1036/1088 1020/1101/1152 1019/1100/1151
f 956/1036/1088 957/1037/1089 1021/1102/1153 1020/1101/1152
f 957/1037/1089 958/1038/1090 1022/1103/1154 1021/1102/1153
f 958/1038/1090 959/1039/1091 1023/1104/1155 1022/1103/1154
f 959/1039/1091 960/1040/1092 1024/1105/1156 1023/1104/1155
f 960/1040/1092 961/1041/1093 1025/1106/1157 1024/1105/1156
f 961/1041/1093 898/1042/1031 962/1107/1095 1025/1106/1157
f 962/1044/1095 963/1043/1094 1027/1108/1158 1026/1109/1159
f 963/1043/1094 964/1045/1096 1028/1110/1160 1027/1108/1158
f 964/1045/1096 965/1046/1097 1029/1111/1161 1028/1110/1160
f 965/1046/1097 966/1047/1098 1030/1112/1162 1029/1111/1161
f 966/1047/1098 967/1048/1099 1031/1113/1163 1030/1112/1162
f 967/1048/1099 968/1049/1100 1032/1114/1164 1031/1113/1163
f 968/1049/1100 969/1050/1101 1033/1115/1165 1032/1114/1164
f 969/1050/1101 970/1051/1102 1034/1116/1166 1033/1115/1165
f 970/1051/1102 971/1052/1103 1035/1117/1167 1034/1116/1166
f 971/1052/1103 972/1053/1104 1036/1118/1168 1035/1117/1167
f 972/1053/1104 973/1054/1105 1037/1119/1169 1036/1118/1168
f 973/1054/1105 974/1055/1106 1038/1120/1170 1037/1119/1169
f 974/1055/1106 975/1056/1107 1039/1121/1171 1038/1120/1170
f 975/1056/1107 976/1057/1108 1040/1122/1172 1039/1121/1171
f 976/1057/1108 977/1058/1109 1041/1123/1173 1040/1122/1172
f 977/1058/1109 978/1059/1110 1042/1124/1174 1041/1123/1173
f 978/1059/1110 979/1060/1111 1043/1125/1175 1042/1124/1174
f 979/1060/1111 980/1061/1112 1044/1126/1176 1043/1125/1175
f 980/1061/1112 981/1062/1113 1045/1127/1177 1044/1126/1176
f 981/1062/1113 982/1063/1114 1046/1128/1178 1045/1127/1177
f 982/1063/1114 983/1064/1115 1047/1129/1179 1046/1128/1178
f 983/1064/1115 984/1065/1116 1048/1130/1180 1047/1129/1179
f 984/1065/1116 985/1066/1117 1049/1131/1181 1048/1130/1180
f 985/1066/1117 986/1067/1118 1050/1132/1182 1049/1131/1181
f 986/1067/1118 987/1068/1119 1051/1133/1183 1050/1132/1182
f 987/1068/1119 988/1069/1120 1052/1134/1184 1051/1133/1183
f 988/1069/1120 989/1070/1121 1053/1135/1185 1052/1134/1184
f 989/1070/1121 990/1071/1122 1054/1136/1186 1053/1135/1185
f 990/1071/1122 991/1072/1123 1055/1137/1187 1054/1136/1186
f 991/1072/1123 992/1073/1124 1056/1138/1188 1055/1137/1187
f 992/1073/1124 993/1074/1125 1057/1139/1189 1056/1138/1188
f 993/1074/1125 994/1075/1126 1058/1140/1190 1057/1139/1189
f 994/1075/1126 995/1076/1127 1059/1141/1191 1058/1140/1190
f 995/1076/1127 996/1077/1128 1060/1142/1192 1059/1141/1191
f 996/1077/1128 997/1078/1129 1061/1143/1193 1060/1142/1192
f 997/1078/1129 998/1079/1130 1062/1144/1194 1061/1143/1193
f 998/1079/1130 999/1080/1131 1063/1145/1195 1062/1144/1194
f 999/1080/1131 1000/1081/1132 1064/1146/1196 1063/1145/1195
f 1000/1081/1132 1001/1082/1133 1065/1147/1197 1064/1146/1196
f 1001/1082/1133 1002/1083/1134 1066/1148/1198 1065/1147/1197
f 1002/1083/1134 1003/1084/1135 1067/1149/1199 1066/1148/1198
f 1003/1084/1135 1004/1085/1136 1068/1150/1200 1067/1149/1199
f 1004/1085/1136 1005/1086/1137 1069/1151/1201 1068/1150/1200
f 1005/1086/1137 1006/1087/1138 1070/1152/1202 1069/1151/1201
f 1006/1087/1138 1007/1088/1139 1071/1153/1203 1070/1152/1202
f 1007/1088/1139 1008/1089/1140 1072/1154/1204 1071/1153/1203
f 1008/1089/1140 1009/1090/1141 1073/1155/1205 1072/1154/1204
f 1009/1090/1141 1010/1091/1142 1074/1156/1206 1073/1155/1205
f 1010/1091/1142 1011/1092/1143 1075/1157/1207 1074/1156/1206
f 1011/1092/1143 1012/1093/1144 1076/1158/1208 1075/1157/1207
f 1012/1093/1144 1013/1094/1145 1077/1159/1209 1076/1158/1208
f 1013/1094/1145 1014/1095/1146 1078/1160/1210 1077/1159/1209
f 1014/1095/1146 1015/1096/1147 1079/1161/1211 1078/1160/1210
f 1015/1096/1147 1016/1097/1148 1080/1162/1212 1079/1161/1211
f 1016/1097/1148 1017/1098/1149 1081/1163/1213 1080/1162/1212
f 1017/1098/1149 1018/1099/1150 1082/1164/1214 1081/1163/1213
f 1018/1099/1150 1019/1100/1151 1083/1165/1215 1082/1164/1214
f 1019/1100/1151 1020/1101/1152 1084/1166/1216 1083/1165/1215
f 1020/1101/1152 1021/1102/1153 1085/1167/1217 1084/1166/1216
f 1021/1102/1153 1022/1103/1154 1086/1168/1218 1085/1167/1217
f 1022/1103/1154 1023/1104/1155 1087/1169/1219 1086/1168/1218
f 1023/1104/1155 1024/1105/1156 1088/1170/1220 1087/1169/1219
f 1024/1105/1156 1025/1106/1157 1089/1171/1221 1088/1170/1220
f 1025/1106/1157 962/1107/1095 1026/1172/1159 1089/1171/1221
f 1026/1109/1159 1027/1108/1158 1091/1173/1222 1090/1174/1223
f 1027/1108/1158 1028/1110/1160 1092/1175/1224 1091/1173/1222
f 1028/1110/1160 1029/1111/1161 1093/1176/1225 1092/1175/1224
f 1029/1111/1161 1030/1112/1162 1094/1177/1226 1093/1176/1225
f 1030/1112/1162 1031/1113/1163 1095/1178/1227 1094/1177/1226
f 1031/1113/1163 1032/1114/1164 1096/1179/1228 1095/1178/1227
f 1032/1114/1164 1033/1115/1165 1097/1180/1229 1096/1179/1228
f 1033/1115/1165 1034/1116/1166 1098/1181/1230 1097/1180/1229
f 1034/1116/1166 1035/1117/1167 1099/1182/1231 1098/1181/1230
f 1035/1117/1167 1036/1118/1168 1100/1183/1232 1099/1182/1231
f 1036/1118/1168 1037/1119/1169 1101/1184/1233 1100/1183/1232
f 1037/1119/1169 1038/1120/1170 1102/1185/1234 1101/1184/1233
f 1038/1120/1170 1039/1121/1171 1103/1186/1235 1102/1185/1234
f 1039/1121/1171 1040/1122/1172 1104/1187/1236 1103/1186/1235
f 1040/1122/1172 1041/1123/1173 1105/1188/1237 1104/1187/1236
f 1041/1123/1173 1042/1124/1174 1106/1189/1238 1105/1188/1237
f 1042/1124/1174 1043/1125/1175 1107/1190/1239 1106/1189/1238
f 1043/1125/1175 1044/1126/1176 1108/1191/1240 1107/1190/1239
f 1044/1126/1176 1045/1127/1177 1109/1192/1241 1108/1191/1240
f 1045/1127/1177 1046/1128/1178 1110/1193/1242 1109/1192/1241
f 1046/1128/1178 1047/1129/1179 1111/1194/1243 1110/1193/1242
f 1047/1129/1179 1048/1130/1180 1112/1195/1244 1111/1194/1243
f 1048/1130/1180 1049/1131/1181 1113/1196/1245 1112/1195/1244
f 1049/1131/1181 1050/1132/1182 1114/1197/1246 1113/1196/1245
f 1050/1132/1182 1051/1133/1183 1115/1198/1247 1114/1197/1246
f 1051/1133/1183 1052/1134/1184 1116/1199/1248 1115/1198/1247
f 1052/1134/1184 1053/1135/1185 1117/1200/1249 1116/1199/1248
f 1053/1135/1185 1054/1136/1186 1118/1201/1250 1117/1200/1249
f 1054/1136/1186 1055/1137/1187 1119/1202/1251 1118/1201/1250
f 1055/1137/1187 1056/1138/1188 1120/1203/1252 1119/1202/1251
f 1056/1138/1188 1057/1139/1189 1121/1204/1253 1120/1203/1252
f 1057/1139/1189 1058/1140/1190 1122/1205/1254 1121/1204/1253
f 1058/1140/1190 1059/1141/1191 1123/1206/1255 1122/1205/1254
f 1059/1141/1191 1060/1142/1192 1124/1207/1256 1123/1206/1255
f 1060/1142/1192 1061/1143/1193 1125/1208/1257 1124/1207/1256
f 1061/1143/1193 1062/1144/1194 1126/1209/1258 1125/1208/1257
f 1062/1144/1194 1063/1145/1195 1127/1210/1259 1126/1209/1258
f 1063/1145/1195 1064/1146/1196 1128/1211/1260 1127/1210/1259
f 1064/1146/1196 1065/1147/1197 1129/1212/1261 1128/1211/1260
f 1065/1147/1197 1066/1148/1198 1130/1213/1262 1129/1212/1261
f 1066/1148/1198 1067/1149/1199 1131/1214/1263 1130/1213/1262
f 1067/1149/1199 1068/1150/1200 1132/1215/1264 1131/1214/1263
f 1068/1150/1200 1069/1151/1201 1133/1216/1265 1132/1215/1264
f 1069/1151/1201 1070/1152/1202 1134/1217/1266 1133/1216/1265
f 1070/1152/1202 1071/1153/1203 1135/1218/1267 1134/1217/1266
f 1071/1153/1203 1072/1154/1204 1136/1219/1268 1135/1218/1267
f 1072/1154/1204 1073/1155/1205 1137/1220/1269 1136/1219/1268
f 1073/1155/1205 1074/1156/1206 1138/1221/1270 1137/1220/1269
f 1074/1156/1206 1075/1157/1207 1139/1222/1271 1138/1221/1270
f 1075/1157/1207 1076/1158/1208 1140/1223/1272 1139/1222/1271
f 1076/1158/1208 1077/1159/1209 1141/1224/1273 1140/1223/1272
f 1077/1159/1209 1078/1160/1210 1142/1225/1274 1141/1224/1273
f 1078/1160/1210 1079/1161/1211 1143/1226/1275 1142/1225/1274
f 1079/1161/1211 1080/1162/1212 1144/1227/1276 1143/1226/1275
f 1080/1162/1212 1081/1163/1213 1145/1228/1277 1144/1227/1276
f 1081/1163/1213 1082/1164/1214 1146/1229/1278 1145/1228/1277
f 1082/1164/1214 1083/1165/1215 1147/1230/1279 1146/1229/1278
f 1083/1165/1215 1084/1166/1216 1148/1231/1280 1147/1230/1279
f 1084/1166/1216 1085/1167/1217 1149/1232/1281 1148/1231/1280
f 1085/1167/1217 1086/1168/1218 1150/1233/1282 1149/1232/1281
f 1086/1168/1218 1087/1169/1219 1151/1234/1283 1150/1233/1282
f 1087/1169/1219 1088/1170/1220 1152/1235/1284 1151/1234/1283
f 1088/1170/1220 1089/1171/1221 1153/1236/1285 1152/1235/1284
f 1089/1171/1221 1026/1172/1159 1090/1237/1223 1153/1236/1285
f 1090/1174/1223 1091/1173/1222 1155/1238/1286 1154/1239/1287
f 1091/1173/1222 1092/1175/1224 1156/1240/1288 1155/1238/1286
f 1092/1175/1224 1093/1176/1225 1157/1241/1289 1156/1240/1288
f 1093/1176/1225 1094/1177/1226 1158/1242/1290 1157/1241/1289
f 1094/1177/1226 1095/1178/1227 1159/1243/1291 1158/1242/1290
f 1095/1178/1227 1096/1179/1228 1160/1244/1292 1159/1243/1291
f 1096/1179/1228 1097/1180/1229 1161/1245/1293 1160/1244/1292
f 1097/1180/1229 1098/1181/1230 1162/1246/1294 1161/1245/1293
f 1098/1181/1230 1099/1182/1231 1163/1247/1295 1162/1246/1294
f 1099/1182/1231 1100/1183/1232 1164/1248/1296 1163/1247/1295
f 1100/1183/1232 1101/1184/1233 1165/1249/1297 1164/1248/1296
f 1101/1184/1233 1102/1185/1234 1166/1250/1298 1165/1249/1297
f 1102/1185/1234 1103/1186/1235 1167/1251/1299 1166/1250/1298
f 1103/1186/1235 1104/1187/1236 1168/1252/1300 1167/1251/1299
f 1104/1187/1236 1105/1188/1237 1169/1253/1301 1168/1252/1300
f 1105/1188/1237 1106/1189/1238 1170/1254/1302 1169/1253/1301
f 1106/1189/1238 1107/1190/1239 1171/1255/1303 1170/1254/1302
f 1107/1190/1239 1108/1191/1240 1172/1256/1304 1171/1255/1303
f 1108/1191/1240 1109/1192/1241 1173/1257/1305 1172/1256/1304
f 1109/1192/1241 1110/1193/1242 1174/1258/1306 1173/1257/1305
f 1110/1193/1242 1111/1194/1243 1175/1259/1307 1174/1258/1306
f 1111/1194/1243 1112/1195/1244 1176/1260/1308 1175/1259/1307
f 1112/1195/1244 1113/1196/1245 1177/1261/1309 1176/1260/1308
f 1113/1196/1245 1114/1197/1246 1178/1262/1310 1177/1261/1309
f 1114/1197/1246 1115/1198/1247 1179/1263/1311 1178/1262/1310
f 1115/1198/1247 1116/1199/1248 1180/1264/1312 1179/1263/1311
f 1116/1199/1248 1117/1200/1249 1181/1265/1313 1180/1264/1312
f 1117/1200/1249 1118/1201/1250 1182/1266/1314 1181/1265/1313
f 1118/1201/1250 1119/1202/1251 1183/1267/1315 1182/1266/1314
f 1119/1202/1251 1120/1203/1252 1184/1268/1316 1183/1267/1315
f 1120/1203/1252 1121/1204/1253 1185/1269/1317 1184/1268/1316
f 1121/1204/1253 1122/1205/1254 1186/1270/1318 1185/1269/1317
f 1122/1205/1254 1123/1206/1255 1187/1271/1319 1186/1270/1318
f 1123/1206/1255 1124/1207/1256 1188/1272/1320 1187/1271/1319
f 1124/1207/1256 1125/1208/1257 1189/1273/1321 1188/1272/1320
f 1125/1208/1257 1126/1209/1258 1190/1274/1322 1189/1273/1321
f 1126/1209/1258 1127/1210/1259 1191/1275/1323 1190/1274/1322
f 1127/1210/1259 1128/1211/1260 1192/1276/1324 1191/1275/1323
f 1128/1211/1260 1129/1212/1261 1193/1277/1325 1192/1276/1324
f 1129/1212/1261 1130/1213/1262 1194/1278/1326 1193/1277/1325
f 1130/1213/1262 1131/1214/1263 1195/1279/1327 1194/1278/1326
f 1131/1214/1263 1132/1215/1264 1196/1280/1328 1195/1279/1327
f 1132/1215/1264 1133/1216/1265 1197/1281/1329 1196/1280/1328
f 1133/1216/1265 1134/1217/1266 1198/1282/1330 1197/1281/1329
f 1134/1217/1266 1135/1218/1267 1199/1283/1331 1198/1282/1330
f 1135/1218/1267 1136/1219/1268 1200/1284/1332 1199/1283/1331
f 1136/1219/1268 1137/1220/1269 1201/1285/1333 1200/1284/1332
f 1137/1220/1269 1138/1221/1270 1202/1286/1334 1201/1285/1333
f 1138/1221/1270 1139/1222/1271 1203/1287/1335 1202/1286/1334
f 1139/1222/1271 1140/1223/1272 1204/1288/1336 1203/1287/1335
f 1140/1223/1272 1141/1224/1273 1205/1289/1337 1204/1288/1336
f 1141/1224/1273 1142/1225/1274 1206/1290/1338 1205/1289/1337
f 1142/1225/1274 1143/1226/1275 1207/1291/1339 1206/1290/1338
f 1143/1226/1275 1144/1227/1276 1208/1292/1340 1207/1291/1339
f 1144/1227/1276 1145/1228/1277 1209/1293/1341 1208/1292/1340
f 1145/1228/1277 1146/1229/1278 1210/1294/1342 1209/1293/1341
f 1146/1229/1278 1147/1230/1279 1211/1295/1343 1210/1294/1342
f 1147/1230/1279 1148/1231/1280 1212/1296/1344 1211/1295/1343
f 1148/1231/1280 1149/1232/1281 1213/1297/1345 1212/1296/1344
f 1149/1232/1281 1150/1233/1282 1214/1298/1346 1213/1297/1345
f 1150/1233/1282 1151/1234/1283 1215/1299/1347 1214/1298/1346
f 1151/1234/1283 1152/1235/1284 1216/1300/1348 1215/1299/1347
f 1152/1235/1284 1153/1236/1285 1217/1301/1349 1216/1300/1348
f 1153/1236/1285 1090/1237/1223 1154/1302/1287 1217/1301/1349
f 1154/1239/1287 1155/1238/1286 1219/1303/1350 1218/1304/1351
f 1155/1238/1286 1156/1240/1288 1220/1305/1352 1219/1303/1350
f 1156/1240/1288 1157/1241/1289 1221/1306/1353 1220/1305/1352
f 1157/1241/1289 1158/1242/1290 1222/1307/1354 1221/1306/1353
f 1158/1242/1290 1159/1243/1291 1223/1308/1355 1222/1307/1354
f 1159/1243/1291 1160/1244/1292 1224/1309/1356 1223/1308/1355
f 1160/1244/1292 1161/1245/1293 1225/1310/1357 1224/1309/1356
f 1161/1245/1293 1162/1246/1294 1226/1311/1358 1225/1310/1357
f 1162/1246/1294 1163/1247/1295 1227/1312/1359 1226/1311/1358
f 1163/1247/1295 1164/1248/1296 1228/1313/1360 1227/1312/1359
f 1164/1248/1296 1165/1249/1297 1229/1314/1361 1228/1313/1360
f 1165/1249/1297 1166/1250/1298 1230/1315/1362 1229/1314/1361
f 1166/1250/1298 1167/1251/1299 1231/1316/1363 1230/1315/1362
f 1167/1251/1299 1168/1252/1300 1232/1317/1364 1231/1316/1363
f 1168/1252/1300 1169/1253/1301 1233/1318/1365 1232/1317/1364
f 1169/1253/1301 1170/1254/1302 1234/1319/1366 1233/1318/1365
f 1170/1254/1302 1171/1255/1303 1235/1320/1367 1234/1319/1366
f 1171/1255/1303 1172/1256/1304 1236/1321/1368 1235/1320/1367
f 1172/1256/1304 1173/1257/1305 1237/1322/1369 1236/1321/1368
f 1173/1257/1305 1174/1258/1306 1238/1323/1370 1237/1322/1369
f 1174/1258/1306 1175/1259/1307 1239/1324/1371 1238/1323/1370
f 1175/1259/1307 1176/1260/1308 1240/1325/1372 1239/1324/1371
f 1176/1260/1308 1177/1261/1309 1241/1326/1373 1240/1325/1372
f 1177/1261/1309 1178/1262/1310 1242/1327/1374 1241/1326/1373
f 1178/1262/1310 1179/1263/1311 1243/1328/1375 1242/1327/1374
f 1179/1263/1311 1180/1264/1312 1244/1329/1376 1243/1328/1375
f 1180/1264/1312 1181/1265/1313 1245/1330/1377 1244/1329/1376
f 1181/1265/1313 1182/1266/1314 1246/1331/1378 1245/1330/1377
f 1182/1266/1314 1183/1267/1315 1247/1332/1379 1246/1331/1378
f 1183/1267/1315 1184/1268/1316 1248/1333/1380 1247/1332/1379
f 1184/1268/1316 1185/1269/1317 1249/1334/1381 1248/1333/1380
f 1185/1269/1317 1186/1270/1318 1250/1335/1382 1249/1334/1381
f 1186/1270/1318 1187/1271/1319 1251/1336/1383 1250/1335/1382
f 1187/1271/1319 1188/1272/1320 1252/1337/1384 1251/1336/1383
f 1188/1272/1320 1189/1273/1321 1253/1338/1385 1252/1337/1384
f 1189/1273/1321 1190/1274/1322 1254/1339/1386 1253/1338/1385
f 1190/1274/1322 1191/1275/1323 1255/1340/1387 1254/1339/1386
f 1191/1275/1323 1192/1276/1324 1256/1341/1388 1255/1340/1387
f 1192/1276/1324 1193/1277/1325 1257/1342/1389 1256/1341/1388
f 1193/1277/1325 1194/1278/1326 1258/1343/1390 1257/1342/1389
f 1194/1278/1326 1195/1279/1327 1259/1344/1391 1258/1343/1390
f 1195/1279/1327 1196/1280/1328 1260/1345/1392 1259/1344/1391
f 1196/1280/1328 1197/1281/1329 1261/1346/1393 1260/1345/1392
f 1197/1281/1329 1198/1282/1330 1262/1347/1394 1261/1346/1393
f 1198/1282/1330 1199/1283/1331 1263/1348/1395 1262/1347/1394
f 1199/1283/1331 1200/1284/1332 1264/1349/1396 1263/1348/1395
f 1200/1284/1332 1201/1285/1333 1265/1350/1397 1264/1349/1396
f 1201/1285/1333 1202/1286/1334 1266/1351/1398 1265/1350/1397
f 1202/1286/1334 1203/1287/1335 1267/1352/1399 1266/1351/1398
f 1203/1287/1335 1204/1288/1336 1268/1353/1400 1267/1352/1399
f 1204/1288/1336 1205/1289/1337 1269/1354/1401 1268/1353/1400
f 1205/1289/1337 1206/1290/1338 1270/1355/1402 1269/1354/1401
f 1206/1290/1338 1207/1291/1339 1271/1356/1403 1270/1355/1402
f 1207/1291/1339 1208/1292/1340 1272/1357/1404 1271/1356/1403
f 1208/1292/1340 1209/1293/1341 1273/1358/1405 1272/1357/1404
f 1209/1293/1341 1210/1294/1342 1274/1359/1406 1273/1358/1405
f 1210/1294/1342 1211/1295/1343 1275/1360/1407 1274/1359/1406
f 1211/1295/1343 1212/1296/1344 1276/1361/1408 1275/1360/1407
f 1212/1296/1344 1213/1297/1345 1277/1362/1409 1276/1361/1408
f 1213/1297/1345 1214/1298/1346 1278/1363/1410 1277/1362/1409
f 1214/1298/1346 1215/1299/1347 1279/1364/1411 1278/1363/1410
f 1215/1299/1347 1216/1300/1348 1280/1365/1412 1279/1364/1411
f 1216/1300/1348 1217/1301/1349 1281/1366/1413 1280/1365/1412
f 1217/1301/1349 1154/1302/1287 1218/1367/1351 1281/1366/1413
f 1218/1304/1351 1219/1303/1350 1283/1368/1414 1282/1369/1415
f 1219/1303/1350 1220/1305/1352 1284/1370/1416 1283/1368/1414
f 1220/1305/1352 1221/1306/1353 1285/1371/1417 1284/1370/1416
f 1221/1306/1353 1222/1307/1354 1286/1372/1418 1285/1371/1417
f 1222/1307/1354 1223/1308/1355 1287/1373/1419 1286/1372/1418
f 1223/1308/1355 1224/1309/1356 1288/1374/1420 1287/1373/1419
f 1224/1309/1356 1225/1310/1357 1289/1375/1421 1288/1374/1420
f 1225/1310/1357 1226/1311/1358 1290/1376/1422 1289/1375/1421
f 1226/1311/1358 1227/1312/1359 1291/1377/1423 1290/1376/1422
f 1227/1312/1359 1228/1313/1360 1292/1378/1424 1291/1377/1423
f 1228/1313/1360 1229/1314/1361 1293/1379/1425 1292/1378/1424
f 1229/1314/1361 1230/1315/1362 1294/1380/1426 1293/1379/1425
f 1230/1315/1362 1231/1316/1363 1295/1381/1427 1294/1380/1426
f 1231/1316/1363 1232/1317/1364 1296/1382/1428 1295/1381/1427
f 1232/1317/1364 1233/1318/1365 1297/1383/1429 1296/1382/1428
f 1233/1318/1365 1234/1319/1366 1298/1384/1430 1297/1383/1429
f 1234/1319/1366 1235/1320/1367 1299/1385/1431 1298/1384/1430
f 1235/1320/1367 1236/1321/1368 1300/1386/1432 1299/1385/1431
f 1236/1321/1368 1237/1322/1369 1301/1387/1433 1300/1386/1432
f 1237/1322/1369 1238/1323/1370 1302/1388/1434 1301/1387/1433
f 1238/1323/1370 1239/1324/1371 1303/1389/1435 1302/1388/1434
f 1239/1324/1371 1240/1325/1372 1304/1390/1436 1303/1389/1435
f 1240/1325/1372 1241/1326/1373 1305/1391/1437 1304/1390/1436
f 1241/1326/1373 1242/1327/1374 1306/1392/1438 1305/1391/1437
f 1242/1327/1374 1243/1328/1375 1307/1393/1439 1306/1392/1438
f 1243/1328/1375 1244/1329/1376 1308/1394/1440 1307/1393/1439
f 1244/1329/1376 1245/1330/1377 1309/1395/1441 1308/1394/1440
f 1245/1330/1377 1246/1331/1378 1310/1396/1442 1309/1395/1441
f 1246/1331/1378 1247/1332/1379 1311/1397/1443 1310/1396/1442
f 1247/1332/1379 1248/1333/1380 1312/1398/1444 1311/1397/1443
f 1248/1333/1380 1249/1334/1381 1313/1399/1445 1312/1398/1444
f 1249/1334/1381 1250/1335/1382 1314/1400/1446 1313/1399/1445
f 1250/1335/1382 1251/1336/1383 1315/1401/1447 1314/1400/1446
f 1251/1336/1383 1252/1337/1384 1316/1402/1448 1315/1401/1447
f 1252/1337/1384 1253/1338/1385 1317/1403/1449 1316/1402/1448
f 1253/1338/1385 1254/1339/1386 1318/1404/1450 1317/1403/1449
f 1254/1339/1386 1255/1340/1387 1319/1405/1451 1318/1404/1450
f 1255/1340/1387 1256/1341/1388 1320/1406/1452 1319/1405/1451
f 1256/1341/1388 1257/1342/1389 1321/1407/1453 1320/1406/1452
f 1257/1342/1389 1258/1343/1390 1322/1408/1454 1321/1407/1453
f 1258/1343/1390 1259/1344/1391 1323/1409/1455 1322/1408/1454
f 1259/1344/1391 1260/1345/1392 1324/1410/1456 1323/1409/1455
f 1260/1345/1392 1261/1346/1393 1325/1411/1457 1324/1410/1456
f 1261/1346/1393 1262/1347/1394 1326/1412/1458 1325/1411/1457
f 1262/1347/1394 1263/1348/1395 1327/1413/1459 1326/1412/1458
f 1263/1348/1395 1264/1349/1396 1328/1414/1460 1327/1413/1459
f 1264/1349/1396 1265/1350/1397 1329/1415/1461 1328/1414/1460
f 1265/1350/1397 1266/1351/1398 1330/1416/1462 1329/1415/1461
f 1266/1351/1398 1267/1352/1399 1331/1417/1463 1330/1416/1462
f 1267/1352/1399 1268/1353/1400 1332/1418/1464 1331/1417/1463
f 1268/1353/1400 1269/1354/1401 1333/1419/1465 1332/1418/1464
f 1269/1354/1401 1270/1355/1402 1334/1420/1466 1333/1419/1465
f 1270/1355/1402 1271/1356/1403 1335/1421/1467 1334/1420/1466
f 1271/1356/1403 1272/1357/1404 1336/1422/1468 1335/1421/1467
f 1272/1357/1404 1273/1358/1405 1337/1423/1469 1336/1422/1468
f 1273/1358/1405 1274/1359/1406 1338/1424/1470 1337/1423/1469
f 1274/1359/1406 1275/1360/1407 1339/1425/1471 1338/1424/1470
f 1275/1360/1407 1276/1361/1408 1340/1426/1472 1339/1425/1471
f 1276/1361/1408 1277/1362/1409 1341/1427/1473 1340/1426/1472
f 1277/1362/1409 1278/1363/1410 1342/1428/1474 1341/1427/1473
f 1278/1363/1410 1279/1364/1411 1343/1429/1475 1342/1428/1474
f 1279/1364/1411 1280/1365/1412 1344/1430/1476 1343/1429/1475
f 1280/1365/1412 1281/1366/1413 1345/1431/1477 1344/1430/1476
f 1281/1366/1413 1218/1367/1351 1282/1432/1415 1345/1431/1477
f 1282/1369/1415 1283/1368/1414 1347/1433/1478 1346/1434/1479
f 1283/1368/1414 1284/1370/1416 1348/1435/1480 1347/1433/1478
f 1284/1370/1416 1285/1371/1417 1349/1436/1481 1348/1435/1480
f 1285/1371/1417 1286/1372/1418 1350/1437/1482 1349/1436/1481
f 1286/1372/1418 1287/1373/1419 1351/1438/1483 1350/1437/1482
f 1287/1373/1419 1288/1374/1420 1352/1439/1484 1351/1438/1483
f 1288/1374/1420 1289/1375/1421 1353/1440/1485 1352/1439/1484
f 1289/1375/1421 1290/1376/1422 1354/1441/1486 1353/1440/1485
f 1290/1376/1422 1291/1377/1423 1355/1442/1487 1354/1441/1486
f 1291/1377/1423 1292/1378/1424 1356/1443/1488 1355/1442/1487
f 1292/1378/1424 1293/1379/1425 1357/1444/1489 1356/1443/1488
f 1293/1379/1425 1294/1380/1426 1358/1445/1490 1357/1444/1489
f 1294/1380/1426 1295/1381/1427 1359/1446/1491 1358/1445/1490
f 1295/1381/1427 1296/1382/1428 1360/1447/1492 1359/1446/1491
f 1296/1382/1428 1297/1383/1429 1361/1448/1493 1360/1447/1492
f 1297/1383/1429 1298/1384/1430 1362/1449/1494 1361/1448/1493
f 1298/1384/1430 1299/1385/1431 1363/1450/1495 1362/1449/1494
f 1299/1385/1431 1300/1386/1432 1364/1451/1496 1363/1450/1495
f 1300/1386/1432 1301/1387/1433 1365/1452/1497 1364/1451/1496
f 1301/1387/1433 1302/1388/1434 1366/1453/1498 1365/1452/1497
f 1302/1388/1434 1303/1389/1435 1367/1454/1499 1366/1453/1498
f 1303/1389/1435 1304/1390/1436 1368/1455/1500 1367/1454/1499
f 1304/1390/1436 1305/1391/1437 1369/1456/1501 1368/1455/1500
f 1305/1391/1437 1306/1392/1438 1370/1457/1502 1369/1456/1501
f 1306/1392/1438 1307/1393/1439 1371/1458/1503 1370/1457/1502
f 1307/1393/1439 1308/1394/1440 1372/1/1 1371/1458/1503
f 1308/1394/1440 1309/1395/1441 1373/2/2 1372/1/1
f 1309/1395/1441 1310/1396/1442 1374/1459/1504 1373/2/2
f 1310/1396/1442 1311/1397/1443 1375/1460/1505 1374/1459/1504
f 1311/1397/1443 1312/1398/1444 1376/1461/1506 1375/1460/1505
f 1312/1398/1444 1313/1399/1445 1377/1462/1507 1376/1461/1506
f 1313/1399/1445 1314/1400/1446 1378/1463/1508 1377/1462/1507
f 1314/1400/1446 1315/1401/1447 1379/1464/1509 1378/1463/1508
f 1315/1401/1447 1316/1402/1448 1380/1465/1510 1379/1464/1509
f 1316/1402/1448 1317/1403/1449 1381/1466/1511 1380/1465/1510
f 1317/1403/1449 1318/1404/1450 1382/1467/1512 1381/1466/1511
f 1318/1404/1450 1319/1405/1451 1383/1468/1513 1382/1467/1512
f 1319/1405/1451 1320/1406/1452 1384/1469/1514 1383/1468/1513
f 1320/1406/1452 1321/1407/1453 1385/1470/1515 1384/1469/1514
f 1321/1407/1453 1322/1408/1454 1386/1471/1516 1385/1470/1515
f 1322/1408/1454 1323/1409/1455 1387/1472/1517 1386/1471/1516
f 1323/1409/1455 1324/1410/1456 1388/1473/1518 1387/1472/1517
f 1324/1410/1456 1325/1411/1457 1389/1474/1519 1388/1473/1518
f 1325/1411/1457 1326/1412/1458 1390/1475/1520 1389/1474/1519
f 1326/1412/1458 1327/1413/1459 1391/1476/1521 1390/1475/1520
f 1327/1413/1459 1328/1414/1460 1392/1477/1522 1391/1476/1521
f 1328/1414/1460 1329/1415/1461 1393/1478/1523 1392/1477/1522
f 1329/1415/1461 1330/1416/1462 1394/1479/1524 1393/1478/1523
f 1330/1416/1462 1331/1417/1463 1395/1480/1525 1394/1479/1524
f 1331/1417/1463 1332/1418/1464 1396/1481/1526 1395/1480/1525
f 1332/1418/1464 1333/1419/1465 1397/1482/1527 1396/1481/1526
f 1333/1419/1465 1334/1420/1466 1398/1483/1528 1397/1482/1527
f 1334/1420/1466 1335/1421/1467 1399/1484/1529 1398/1483/1528
f 1335/1421/1467 1336/1422/1468 1400/1485/1530 1399/1484/1529
f 1336/1422/1468 1337/1423/1469 1401/1486/1531 1400/1485/1530
f 1337/1423/1469 1338/1424/1470 1402/1487/1532 1401/1486/1531
f 1338/1424/1470 1339/1425/1471 1403/1488/1533 1402/1487/1532
f 1339/1425/1471 1340/1426/1472 1404/1489/1534 1403/1488/1533
f 1340/1426/1472 1341/1427/1473 1405/1490/1535 1404/1489/1534
f 1341/1427/1473 1342/1428/1474 1406/1491/1536 1405/1490/1535
f 1342/1428/1474 1343/1429/1475 1407/1492/1537 1406/1491/1536
f 1343/1429/1475 1344/1430/1476 1408/1493/1538 1407/1492/1537
f 1344/1430/1476 1345/1431/1477 1409/1494/1539 1408/1493/1538
f 1345/1431/1477 1282/1432/1415 1346/1495/1479 1409/1494/1539
f 1346/1434/1479 1347/1433/1478 1411/1496/1540 1410/1497/1541
f 1347/1433/1478 1348/1435/1480 1412/1498/1542 1411/1496/1540
f 1348/1435/1480 1349/1436/1481 1413/1499/1543 1412/1498/1542
f 1349/1436/1481 1350/1437/1482 1414/1500/1544 1413/1499/1543
f 1350/1437/1482 1351/1438/1483 1415/1501/1545 1414/1500/1544
f 1351/1438/1483 1352/1439/1484 1416/1502/1546 1415/1501/1545
f 1352/1439/1484 1353/1440/1485 1417/1503/1547 1416/1502/1546
f 1353/1440/1485 1354/1441/1486 1418/1504/1548 1417/1503/1547
f 1354/1441/1486 1355/1442/1487 1419/1505/1549 1418/1504/1548
f 1355/1442/1487 1356/1443/1488 1420/1506/1550 1419/1505/1549
f 1356/1443/1488 1357/1444/1489 1421/1507/1551 1420/1506/1550
f 1357/1444/1489 1358/1445/1490 1422/1508/1552 1421/1507/1551
f 1358/1445/1490 1359/1446/1491 1423/1509/1553 1422/1508/1552
f 1359/1446/1491 1360/1447/1492 1424/1510/1554 1423/1509/1553
f 1360/1447/1492 1361/1448/1493 1425/1511/1555 1424/1510/1554
f 1361/1448/1493 1362/1449/1494 1426/1512/1556 1425/1511/1555
f 1362/1449/1494 1363/1450/1495 1427/1513/1557 1426/1512/1556
f 1363/1450/1495 1364/1451/1496 1428/1514/1558 1427/1513/1557
f 1364/1451/1496 1365/1452/1497 1429/1515/1559 1428/1514/1558
f 1365/1452/1497 1366/1453/1498 1430/1516/1560 1429/1515/1559
f 1366/1453/1498 1367/1454/1499 1431/1517/1561 1430/1516/1560
f 1367/1454/1499 1368/1455/1500 1432/1518/1562 1431/1517/1561
f 1368/1455/1500 1369/1456/1501 1433/1519/1563 1432/1518/1562
f 1369/1456/1501 1370/1457/1502 1434/1520/1564 1433/1519/1563
f 1370/1457/1502 1371/1458/1503 1435/1521/1565 1434/1520/1564
f 1371/1458/1503 1372/1/1 1436/4/4 1435/1521/1565
f 1/1522/5 3/7/5 2/132/5
f 1373/2/2 1374/1459/1504 1438/1523/1566 1437/3/3
f 1374/1459/1504 1375/1460/1505 1439/1524/1567 1438/1523/1566
f 1375/1460/1505 1376/1461/1506 1440/1525/1568 1439/1524/1567
f 1376/1461/1506 1377/1462/1507 1441/1526/1569 1440/1525/1568
f 1377/1462/1507 1378/1463/1508 1442/1527/1570 1441/1526/1569
f 1378/1463/1508 1379/1464/1509 1443/1528/1571 1442/1527/1570
f 1379/1464/1509 1380/1465/1510 1444/1529/1572 1443/1528/1571
f 1380/1465/1510 1381/1466/1511 1445/1530/1573 1444/1529/1572
f 1381/1466/1511 1382/1467/1512 1446/1531/1574 1445/1530/1573
f 1382/1467/1512 1383/1468/1513 1447/1532/1575 1446/1531/1574
f 1383/1468/1513 1384/1469/1514 1448/1533/1576 1447/1532/1575
f 1384/1469/1514 1385/1470/1515 1449/1534/1577 1448/1533/1576
f 1385/1470/1515 1386/1471/1516 1450/1535/1578 1449/1534/1577
f 1386/1471/1516 1387/1472/1517 1451/1536/1579 1450/1535/1578
f 1387/1472/1517 1388/1473/1518 1452/1537/1580 1451/1536/1579
f 1388/1473/1518 1389/1474/1519 1453/1538/1581 1452/1537/1580
f 1389/1474/1519 1390/1475/1520 1454/1539/1582 1453/1538/1581
f 1390/1475/1520 1391/1476/1521 1455/1540/1583 1454/1539/1582
f 1391/1476/1521 1392/1477/1522 1456/1541/1584 1455/1540/1583
f 1392/1477/1522 1393/1478/1523 1457/1542/1585 1456/1541/1584
f 1393/1478/1523 1394/1479/1524 1458/1543/1586 1457/1542/1585
f 1394/1479/1524 1395/1480/1525 1459/1544/1587 1458/1543/1586
f 1395/1480/1525 1396/1481/1526 1460/1545/1588 1459/1544/1587
f 1396/1481/1526 1397/1482/1527 1461/1546/1589 1460/1545/1588
f 1397/1482/1527 1398/1483/1528 1462/1547/1590 1461/1546/1589
f 1398/1483/1528 1399/1484/1529 1463/1548/1591 1462/1547/1590
f 1399/1484/1529 1400/1485/1530 1464/1549/1592 1463/1548/1591
f 1400/1485/1530 1401/1486/1531 1465/1550/1593 1464/1549/1592
f 1401/1486/1531 1402/1487/1532 1466/1551/1594 1465/1550/1593
f 1402/1487/1532 1403/1488/1533 1467/1552/1595 1466/1551/1594
f 1403/1488/1533 1404/1489/1534 1468/1553/1596 1467/1552/1595
f 1404/1489/1534 1405/1490/1535 1469/1554/1597 1468/1553/1596
f 1405/1490/1535 1406/1491/1536 1470/1555/1598 1469/1554/1597
f 1406/1491/1536 1407/1492/1537 1471/1556/1599 1470/1555/1598
f 1407/1492/1537 1408/1493/1538 1472/1557/1600 1471/1556/1599
f 1408/1493/1538 1409/1494/1539 1473/1558/1601 1472/1557/1600
f 1409/1494/1539 1346/1495/1479 1410/1559/1541 1473/1558/1601
f 1410/1497/1541 1411/1496/1540 1475/1560/1602 1474/1561/1603
f 1411/1496/1540 1412/1498/1542 1476/1562/1604 1475/1560/1602
f 1412/1498/1542 1413/1499/1543 1477/1563/1605 1476/1562/1604
f 1413/1499/1543 1414/1500/1544 1478/1564/1606 1477/1563/1605
f 1414/1500/1544 1415/1501/1545 1479/1565/1607 1478/1564/1606
f 1415/1501/1545 1416/1502/1546 1480/1566/1608 1479/1565/1607
f 1416/1502/1546 1417/1503/1547 1481/1567/1609 1480/1566/1608
f 1417/1503/1547 1418/1504/1548 1482/1568/1610 1481/1567/1609
f 1418/1504/1548 1419/1505/1549 1483/1569/1611 1482/1568/1610
f 1419/1505/1549 1420/1506/1550 1484/1570/1612 1483/1569/1611
f 1420/1506/1550 1421/1507/1551 1485/1571/1613 1484/1570/1612
f 1421/1507/1551 1422/1508/1552 1486/1572/1614 1485/1571/1613
f 1422/1508/1552 1423/1509/1553 1487/1573/1615 1486/1572/1614
f 1423/1509/1553 1424/1510/1554 1488/1574/1616 1487/1573/1615
f 1424/1510/1554 1425/1511/1555 1489/1575/1617 1488/1574/1616
f 1425/1511/1555 1426/1512/1556 1490/1576/1618 1489/1575/1617
f 1426/1512/1556 1427/1513/1557 1491/1577/1619 1490/1576/1618
f 1427/1513/1557 1428/1514/1558 1492/1578/1620 1491/1577/1619
f 1428/1514/1558 1429/1515/1559 1493/1579/1621 1492/1578/1620
f 1429/1515/1559 1430/1516/1560 1494/1580/1622 1493/1579/1621
f 1430/1516/1560 1431/1517/1561 1495/1581/1623 1494/1580/1622
f 1431/1517/1561 1432/1518/1562 1496/1582/1624 1495/1581/1623
f 1432/1518/1562 1433/1519/1563 1497/1583/1625 1496/1582/1624
f 1433/1519/1563 1434/1520/1564 1498/1584/1626 1497/1583/1625
f 1434/1520/1564 1435/1521/1565 1499/1585/1627 1498/1584/1626
f 1435/1521/1565 1436/4/4 1500/1586/1628 1499/1585/1627
f 1436/4/4 1437/3/3 1501/1587/1629 1500/1586/1628
f 1437/3/3 1438/1523/1566 1502/1588/1630 1501/1587/1629
f 1438/1523/1566 1439/1524/1567 1503/1589/1631 1502/1588/1630
f 1439/1524/1567 1440/1525/1568 1504/1590/1632 1503/1589/1631
f 1440/1525/1568 1441/1526/1569 1505/1591/1633 1504/1590/1632
f 1441/1526/1569 1442/1527/1570 1506/1592/1634 1505/1591/1633
f 1442/1527/1570 1443/1528/1571 1507/1593/1635 1506/1592/1634
f 1443/1528/1571 1444/1529/1572 1508/1594/1636 1507/1593/1635
f 1444/1529/1572 1445/1530/1573 1509/1595/1637 1508/1594/1636
f 1445/1530/1573 1446/1531/1574 1510/1596/1638 1509/1595/1637
f 1446/1531/1574 1447/1532/1575 1511/1597/1639 1510/1596/1638
f 1447/1532/1575 1448/1533/1576 1512/1598/1640 1511/1597/1639
f 1448/1533/1576 1449/1534/1577 1513/1599/1641 1512/1598/1640
f 1449/1534/1577 1450/1535/1578 1514/1600/1642 1513/1599/1641
f 1450/1535/1578 1451/1536/1579 1515/1601/1643 1514/1600/1642
f 1451/1536/1579 1452/1537/1580 1516/1602/1644 1515/1601/1643
f 1452/1537/1580 1453/1538/1581 1517/1603/1645 1516/1602/1644
f 1453/1538/1581 1454/1539/1582 1518/1604/1646 1517/1603/1645
f 1454/1539/1582 1455/1540/1583 1519/1605/1647 1518/1604/1646
f 1455/1540/1583 1456/1541/1584 1520/1606/1648 1519/1605/1647
f 1456/1541/1584 1457/1542/1585 1521/1607/1649 1520/1606/1648
f 1457/1542/1585 1458/1543/1586 1522/1608/1650 1521/1607/1649
f 1458/1543/1586 1459/1544/1587 1523/1609/1651 1522/1608/1650
f 1459/1544/1587 1460/1545/1588 1524/1610/1652 1523/1609/1651
f 1460/1545/1588 1461/1546/1589 1525/1611/1653 1524/1610/1652
f 1461/1546/1589 1462/1547/1590 1526/1612/1654 1525/1611/1653
f 1462/1547/1590 1463/1548/1591 1527/1613/1655 1526/1612/1654
f 1463/1548/1591 1464/1549/1592 1528/1614/1656 1527/1613/1655
f 1464/1549/1592 1465/1550/1593 1529/1615/1657 1528/1614/1656
f 1465/1550/1593 1466/1551/1594 1530/1616/1658 1529/1615/1657
f 1466/1551/1594 1467/1552/1595 1531/1617/1659 1530/1616/1658
f 1467/1552/1595 1468/1553/1596 1532/1618/1660 1531/1617/1659
f 1468/1553/1596 1469/1554/1597 1533/1619/1661 1532/1618/1660
f 1469/1554/1597 1470/1555/1598 1534/1620/1662 1533/1619/1661
f 1470/1555/1598 1471/1556/1599 1535/1621/1663 1534/1620/1662
f 1471/1556/1599 1472/1557/1600 1536/1622/1664 1535/1621/1663
f 1472/1557/1600 1473/1558/1601 1537/1623/1665 1536/1622/1664
f 1473/1558/1601 1410/1559/1541 1474/1624/1603 1537/1623/1665
f 1474/1561/1603 1475/1560/1602 1539/1625/1666 1538/1626/1667
f 1475/1560/1602 1476/1562/1604 1540/1627/1668 1539/1625/1666
f 1476/1562/1604 1477/1563/1605 1541/1628/1669 1540/1627/1668
f 1477/1563/1605 1478/1564/1606 1542/1629/1670 1541/1628/1669
f 1478/1564/1606 1479/1565/1607 1543/1630/1671 1542/1629/1670
f 1479/1565/1607 1480/1566/1608 1544/1631/1672 1543/1630/1671
f 1480/1566/1608 1481/1567/1609 1545/1632/1673 1544/1631/1672
f 1481/1567/1609 1482/1568/1610 1546/1633/1674 1545/1632/1673
f 1482/1568/1610 1483/1569/1611 1547/1634/1675 1546/1633/1674
f 1483/1569/1611 1484/1570/1612 1548/1635/1676 1547/1634/1675
f 1484/1570/1612 1485/1571/1613 1549/1636/1677 1548/1635/1676
f 1485/1571/1613 1486/1572/1614 1550/1637/1678 1549/1636/1677
f 1486/1572/1614 1487/1573/1615 1551/1638/1679 1550/1637/1678
f 1487/1573/1615 1488/1574/1616 1552/1639/1680 1551/1638/1679
f 1488/1574/1616 1489/1575/1617 1553/1640/1681 1552/1639/1680
f 1489/1575/1617 1490/1576/1618 1554/1641/1682 1553/1640/1681
f 1490/1576/1618 1491/1577/1619 1555/1642/1683 1554/1641/1682
f 1491/1577/1619 1492/1578/1620 1556/1643/1684 1555/1642/1683
f 1492/1578/1620 1493/1579/1621 1557/1644/1685 1556/1643/1684
f 1493/1579/1621 1494/1580/1622 1558/1645/1686 1557/1644/1685
f 1494/1580/1622 1495/1581/1623 1559/1646/1687 1558/1645/1686
f 1495/1581/1623 1496/1582/1624 1560/1647/1688 1559/1646/1687
f 1496/1582/1624 1497/1583/1625 1561/1648/1689 1560/1647/1688
f 1497/1583/1625 1498/1584/1626 1562/1649/1690 1561/1648/1689
f 1498/1584/1626 1499/1585/1627 1563/1650/1691 1562/1649/1690
f 1499/1585/1627 1500/1586/1628 1564/1651/1692 1563/1650/1691
f 1500/1586/1628 1501/1587/1629 1565/1652/1693 1564/1651/1692
f 1501/1587/1629 1502/1588/1630 1566/1653/1694 1565/1652/1693
f 1502/1588/1630 1503/1589/1631 1567/1654/1695 1566/1653/1694
f 1503/1589/1631 1504/1590/1632 1568/1655/1696 1567/1654/1695
f 1504/1590/1632 1505/1591/1633 1569/1656/1697 1568/1655/1696
f 1505/1591/1633 1506/1592/1634 1570/1657/1698 1569/1656/1697
f 1506/1592/1634 1507/1593/1635 1571/1658/1699 1570/1657/1698
f 1507/1593/1635 1508/1594/1636 1572/1659/1700 1571/1658/1699
f 1508/1594/1636 1509/1595/1637 1573/1660/1701 1572/1659/1700
f 1509/1595/1637 1510/1596/1638 1574/1661/1702 1573/1660/1701
f 1510/1596/1638 1511/1597/1639 1575/1662/1703 1574/1661/1702
f 1511/1597/1639 1512/1598/1640 1576/1663/1704 1575/1662/1703
f 1512/1598/1640 1513/1599/1641 1577/1664/1705 1576/1663/1704
f 1513/1599/1641 1514/1600/1642 1578/1665/1706 1577/1664/1705
f 1514/1600/1642 1515/1601/1643 1579/1666/1707 1578/1665/1706
f 1515/1601/1643 1516/1602/1644 1580/1667/1708 1579/1666/1707
f 1516/1602/1644 1517/1603/1645 1581/1668/1709 1580/1667/1708
f 1517/1603/1645 1518/1604/1646 1582/1669/1710 1581/1668/1709
f 1518/1604/1646 1519/1605/1647 1583/1670/1711 1582/1669/1710
f 1519/1605/1647 1520/1606/1648 1584/1671/1712 1583/1670/1711
f 1520/1606/1648 1521/1607/1649 1585/1672/1713 1584/1671/1712
f 1521/1607/1649 1522/1608/1650 1586/1673/1714 1585/1672/1713
f 1522/1608/1650 1523/1609/1651 1587/1674/1715 1586/1673/1714
f 1523/1609/1651 1524/1610/1652 1588/1675/1716 1587/1674/1715
f 1524/1610/1652 1525/1611/1653 1589/1676/1717 1588/1675/1716
f 1525/1611/1653 1526/1612/1654 1590/1677/1718 1589/1676/1717
f 1526/1612/1654 1527/1613/1655 1591/1678/1719 1590/1677/1718
f 1527/1613/1655 1528/1614/1656 1592/1679/1720 1591/1678/1719
f 1528/1614/1656 1529/1615/1657 1593/1680/1721 1592/1679/1720
f 1529/1615/1657 1530/1616/1658 1594/1681/1722 1593/1680/1721
f 1530/1616/1658 1531/1617/1659 1595/1682/1723 1594/1681/1722
f 1531/1617/1659 1532/1618/1660 1596/1683/1724 1595/1682/1723
f 1532/1618/1660 1533/1619/1661 1597/1684/1725 1596/1683/1724
f 1533/1619/1661 1534/1620/1662 1598/1685/1726 1597/1684/1725
f 1534/1620/1662 1535/1621/1663 1599/1686/1727 1598/1685/1726
f 1535/1621/1663 1536/1622/1664 1600/1687/1728 1599/1686/1727
f 1536/1622/1664 1537/1623/1665 1601/1688/1729 1600/1687/1728
f 1537/1623/1665 1474/1624/1603 1538/1689/1667 1601/1688/1729
f 1538/1626/1667 1539/1625/1666 1603/1690/1730 1602/1691/1731
f 1539/1625/1666 1540/1627/1668 1604/1692/1732 1603/1690/1730
f 1540/1627/1668 1541/1628/1669 1605/1693/1733 1604/1692/1732
f 1541/1628/1669 1542/1629/1670 1606/1694/1734 1605/1693/1733
f 1542/1629/1670 1543/1630/1671 1607/1695/1735 1606/1694/1734
f 1543/1630/1671 1544/1631/1672 1608/1696/1736 1607/1695/1735
f 1544/1631/1672 1545/1632/1673 1609/1697/1737 1608/1696/1736
f 1545/1632/1673 1546/1633/1674 1610/1698/1738 1609/1697/1737
f 1546/1633/1674 1547/1634/1675 1611/1699/1739 1610/1698/1738
f 1547/1634/1675 1548/1635/1676 1612/1700/1740 1611/1699/1739
f 1548/1635/1676 1549/1636/1677 1613/1701/1741 1612/1700/1740
f 1549/1636/1677 1550/1637/1678 1614/1702/1742 1613/1701/1741
f 1550/1637/1678 1551/1638/1679 1615/1703/1743 1614/1702/1742
f 1551/1638/1679 1552/1639/1680 1616/1704/1744 1615/1703/1743
f 1552/1639/1680 1553/1640/1681 1617/1705/1745 1616/1704/1744
f 1553/1640/1681 1554/1641/1682 1618/1706/1746 1617/1705/1745
f 1554/1641/1682 1555/1642/1683 1619/1707/1747 1618/1706/1746
f 1555/1642/1683 1556/1643/1684 1620/1708/1748 1619/1707/1747
f 1556/1643/1684 1557/1644/1685 1621/1709/1749 1620/1708/1748
f 1557/1644/1685 1558/1645/1686 1622/1710/1750 1621/1709/1749
f 1558/1645/1686 1559/1646/1687 1623/1711/1751 1622/1710/1750
f 1559/1646/1687 1560/1647/1688 1624/1712/1752 1623/1711/1751
f 1560/1647/1688 1561/1648/1689 1625/1713/1753 1624/1712/1752
f 1561/1648/1689 1562/1649/1690 1626/1714/1754 1625/1713/1753
f 1562/1649/1690 1563/1650/1691 1627/1715/1755 1626/1714/1754
f 1563/1650/1691 1564/1651/1692 1628/1716/1756 1627/1715/1755
f 1564/1651/1692 1565/1652/1693 1629/1717/1757 1628/1716/1756
f 1565/1652/1693 1566/1653/1694 1630/1718/1758 1629/1717/1757
f 1566/1653/1694 1567/1654/1695 1631/1719/1759 1630/1718/1758
f 1567/1654/1695 1568/1655/1696 1632/1720/1760 1631/1719/1759
f 1568/1655/1696 1569/1656/1697 1633/1721/1761 1632/1720/1760
f 1569/1656/1697 1570/1657/1698 1634/1722/1762 1633/1721/1761
f 1570/1657/1698 1571/1658/1699 1635/1723/1763 1634/1722/1762
f 1571/1658/1699 1572/1659/1700 1636/1724/1764 1635/1723/1763
f 1572/1659/1700 1573/1660/1701 1637/1725/1765 1636/1724/1764
f 1573/1660/1701 1574/1661/1702 1638/1726/1766 1637/1725/1765
f 1574/1661/1702 1575/1662/1703 1639/1727/1767 1638/1726/1766
f 1575/1662/1703 1576/1663/1704 1640/1728/1768 1639/1727/1767
f 1576/1663/1704 1577/1664/1705 1641/1729/1769 1640/1728/1768
f 1577/1664/1705 1578/1665/1706 1642/1730/1770 1641/1729/1769
f 1578/1665/1706 1579/1666/1707 1643/1731/1771 1642/1730/1770
f 1579/1666/1707 1580/1667/1708 1644/1732/1772 1643/1731/1771
f 1580/1667/1708 1581/1668/1709 1645/1733/1773 1644/1732/1772
f 1581/1668/1709 1582/1669/1710 1646/1734/1774 1645/1733/1773
f 1582/1669/1710 1583/1670/1711 1647/1735/1775 1646/1734/1774
f 1583/1670/1711 1584/1671/1712 1648/1736/1776 1647/1735/1775
f 1584/1671/1712 1585/1672/1713 1649/1737/1777 1648/1736/1776
f 1585/1672/1713 1586/1673/1714 1650/1738/1778 1649/1737/1777
f 1586/1673/1714 1587/1674/1715 1651/1739/1779 1650/1738/1778
f 1587/1674/1715 1588/1675/1716 1652/1740/1780 1651/1739/1779
f 1588/1675/1716 1589/1676/1717 1653/1741/1781 1652/1740/1780
f 1589/1676/1717 1590/1677/1718 1654/1742/1782 1653/1741/1781
f 1590/1677/1718 1591/1678/1719 1655/1743/1783 1654/1742/1782
f 1591/1678/1719 1592/1679/1720 1656/1744/1784 1655/1743/1783
f 1592/1679/1720 1593/1680/1721 1657/1745/1785 1656/1744/1784
f 1593/1680/1721 1594/1681/1722 1658/1746/1786 1657/1745/1785
f 1594/1681/1722 1595/1682/1723 1659/1747/1787 1658/1746/1786
f 1595/1682/1723 1596/1683/1724 1660/1748/1788 1659/1747/1787
f 1596/1683/1724 1597/1684/1725 1661/1749/1789 1660/1748/1788
f 1597/1684/1725 1598/1685/1726 1662/1750/1790 1661/1749/1789
f 1598/1685/1726 1599/1686/1727 1663/1751/1791 1662/1750/1790
f 1599/1686/1727 1600/1687/1728 1664/1752/1792 1663/1751/1791
f 1600/1687/1728 1601/1688/1729 1665/1753/1793 1664/1752/1792
f 1601/1688/1729 1538/1689/1667 1602/1754/1731 1665/1753/1793
f 1602/1691/1731 1603/1690/1730 1667/1755/1794 1666/1756/1795
f 1603/1690/1730 1604/1692/1732 1668/1757/1796 1667/1755/1794
f 1604/1692/1732 1605/1693/1733 1669/1758/1797 1668/1757/1796
f 1605/1693/1733 1606/1694/1734 1670/1759/1798 1669/1758/1797
f 1606/1694/1734 1607/1695/1735 1671/1760/1799 1670/1759/1798
f 1607/1695/1735 1608/1696/1736 1672/1761/1800 1671/1760/1799
f 1608/1696/1736 1609/1697/1737 1673/1762/1801 1672/1761/1800
f 1609/1697/1737 1610/1698/1738 1674/1763/1802 1673/1762/1801
f 1610/1698/1738 1611/1699/1739 1675/1764/1803 1674/1763/1802
f 1611/1699/1739 1612/1700/1740 1676/1765/1804 1675/1764/1803
f 1612/1700/1740 1613/1701/1741 1677/1766/1805 1676/1765/1804
f 1613/1701/1741 1614/1702/1742 1678/1767/1806 1677/1766/1805
f 1614/1702/1742 1615/1703/1743 1679/1768/1807 1678/1767/1806
f 1615/1703/1743 1616/1704/1744 1680/1769/1808 1679/1768/1807
f 1616/1704/1744 1617/1705/1745 1681/1770/1809 1680/1769/1808
f 1617/1705/1745 1618/1706/1746 1682/1771/1810 1681/1770/1809
f 1618/1706/1746 1619/1707/1747 1683/1772/1811 1682/1771/1810
f 1619/1707/1747 1620/1708/1748 1684/1773/1812 1683/1772/1811
f 1620/1708/1748 1621/1709/1749 1685/1774/1813 1684/1773/1812
f 1621/1709/1749 1622/1710/1750 1686/1775/1814 1685/1774/1813
f 1622/1710/1750 1623/1711/1751 1687/1776/1815 1686/1775/1814
f 1623/1711/1751 1624/1712/1752 1688/1777/1816 1687/1776/1815
f 1624/1712/1752 1625/1713/1753 1689/1778/1817 1688/1777/1816
f 1625/1713/1753 1626/1714/1754 1690/1779/1818 1689/1778/1817
f 1626/1714/1754 1627/1715/1755 1691/1780/1819 1690/1779/1818
f 1627/1715/1755 1628/1716/1756 1692/1781/1820 1691/1780/1819
f 1628/1716/1756 1629/1717/1757 1693/1782/1821 1692/1781/1820
f 1629/1717/1757 1630/1718/1758 1694/1783/1822 1693/1782/1821
f 1630/1718/1758 1631/1719/1759 1695/1784/1823 1694/1783/1822
f 1631/1719/1759 1632/1720/1760 1696/1785/1824 1695/1784/1823
f 1632/1720/1760 1633/1721/1761 1697/1786/1825 1696/1785/1824
f 1633/1721/1761 1634/1722/1762 1698/1787/1826 1697/1786/1825
f 1634/1722/1762 1635/1723/1763 1699/1788/1827 1698/1787/1826
f 1635/1723/1763 1636/1724/1764 1700/1789/1828 1699/1788/1827
f 1636/1724/1764 1637/1725/1765 1701/1790/1829 1700/1789/1828
f 1637/1725/1765 1638/1726/1766 1702/1791/1830 1701/1790/1829
f 1638/1726/1766 1639/1727/1767 1703/1792/1831 1702/1791/1830
f 1639/1727/1767 1640/1728/1768 1704/1793/1832 1703/1792/1831
f 1640/1728/1768 1641/1729/1769 1705/1794/1833 1704/1793/1832
f 1641/1729/1769 1642/1730/1770 1706/1795/1834 1705/1794/1833
f 1642/1730/1770 1643/1731/1771 1707/1796/1835 1706/1795/1834
f 1643/1731/1771 1644/1732/1772 1708/1797/1836 1707/1796/1835
f 1644/1732/1772 1645/1733/1773 1709/1798/1837 1708/1797/1836
f 1645/1733/1773 1646/1734/1774 1710/1799/1838 1709/1798/1837
f 1646/1734/1774 1647/1735/1775 1711/1800/1839 1710/1799/1838
f 1647/1735/1775 1648/1736/1776 1712/1801/1840 1711/1800/1839
f 1648/1736/1776 1649/1737/1777 1713/1802/1841 1712/1801/1840
f 1649/1737/1777 1650/1738/1778 1714/1803/1842 1713/1802/1841
f 1650/1738/1778 1651/1739/1779 1715/1804/1843 1714/1803/1842
f 1651/1739/1779 1652/1740/1780 1716/1805/1844 1715/1804/1843
f 1652/1740/1780 1653/1741/1781 1717/1806/1845 1716/1805/1844
f 1653/1741/1781 1654/1742/1782 1718/1807/1846 1717/1806/1845
f 1654/1742/1782 1655/1743/1783 1719/1808/1847 1718/1807/1846
f 1655/1743/1783 1656/1744/1784 1720/1809/1848 1719/1808/1847
f 1656/1744/1784 1657/1745/1785 1721/1810/1849 1720/1809/1848
f 1657/1745/1785 1658/1746/1786 1722/1811/1850 1721/1810/1849
f 1658/1746/1786 1659/1747/1787 1723/1812/1851 1722/1811/1850
f 1659/1747/1787 1660/1748/1788 1724/1813/1852 1723/1812/1851
f 1660/1748/1788 1661/1749/1789 1725/1814/1853 1724/1813/1852
f 1661/1749/1789 1662/1750/1790 1726/1815/1854 1725/1814/1853
f 1662/1750/1790 1663/1751/1791 1727/1816/1855 1726/1815/1854
f 1663/1751/1791 1664/1752/1792 1728/1817/1856 1727/1816/1855
f 1664/1752/1792 1665/1753/1793 1729/1818/1857 1728/1817/1856
f 1665/1753/1793 1602/1754/1731 1666/1819/1795 1729/1818/1857
f 1666/1756/1795 1667/1755/1794 1731/1820/1858 1730/1821/1859
f 1667/1755/1794 1668/1757/1796 1732/1822/1860 1731/1820/1858
f 1668/1757/1796 1669/1758/1797 1733/1823/1861 1732/1822/1860
f 1669/1758/1797 1670/1759/1798 1734/1824/1862 1733/1823/1861
f 1670/1759/1798 1671/1760/1799 1735/1825/1863 1734/1824/1862
f 1671/1760/1799 1672/1761/1800 1736/1826/1864 1735/1825/1863
f 1672/1761/1800 1673/1762/1801 1737/1827/1865 1736/1826/1864
f 1673/1762/1801 1674/1763/1802 1738/1828/1866 1737/1827/1865
f 1674/1763/1802 1675/1764/1803 1739/1829/1867 1738/1828/1866
f 1675/1764/1803 1676/1765/1804 1740/1830/1868 1739/1829/1867
f 1676/1765/1804 1677/1766/1805 1741/1831/1869 1740/1830/1868
f 1677/1766/1805 1678/1767/1806 1742/1832/1870 1741/1831/1869
f 1678/1767/1806 1679/1768/1807 1743/1833/1871 1742/1832/1870
f 1679/1768/1807 1680/1769/1808 1744/1834/1872 1743/1833/1871
f 1680/1769/1808 1681/1770/1809 1745/1835/1873 1744/1834/1872
f 1681/1770/1809 1682/1771/1810 1746/1836/1874 1745/1835/1873
f 1682/1771/1810 1683/1772/1811 1747/1837/1875 1746/1836/1874
f 1683/1772/1811 1684/1773/1812 1748/1838/1876 1747/1837/1875
f 1684/1773/1812 1685/1774/1813 1749/1839/1877 1748/1838/1876
f 1685/1774/1813 1686/1775/1814 1750/1840/1878 1749/1839/1877
f 1686/1775/1814 1687/1776/1815 1751/1841/1879 1750/1840/1878
f 1687/1776/1815 1688/1777/1816 1752/1842/1880 1751/1841/1879
f 1688/1777/1816 1689/1778/1817 1753/1843/1881 1752/1842/1880
f 1689/1778/1817 1690/1779/1818 1754/1844/1882 1753/1843/1881
f 1690/1779/1818 1691/1780/1819 1755/1845/1883 1754/1844/1882
f 1691/1780/1819 1692/1781/1820 1756/1846/1884 1755/1845/1883
f 1692/1781/1820 1693/1782/1821 1757/1847/1885 1756/1846/1884
f 1693/1782/1821 1694/1783/1822 1758/1848/1886 1757/1847/1885
f 1694/1783/1822 1695/1784/1823 1759/1849/1887 1758/1848/1886
f 1695/1784/1823 1696/1785/1824 1760/1850/1888 1759/1849/1887
f 1696/1785/1824 1697/1786/1825 1761/1851/1889 1760/1850/1888
f 1697/1786/1825 1698/1787/1826 1762/1852/1890 1761/1851/1889
f 1698/1787/1826 1699/1788/1827 1763/1853/1891 1762/1852/1890
f 1699/1788/1827 1700/1789/1828 1764/1854/1892 1763/1853/1891
f 1700/1789/1828 1701/1790/1829 1765/1855/1893 1764/1854/1892
f 1701/1790/1829 1702/1791/1830 1766/1856/1894 1765/1855/1893
f 1702/1791/1830 1703/1792/1831 1767/1857/1895 1766/1856/1894
f 1703/1792/1831 1704/1793/1832 1768/1858/1896 1767/1857/1895
f 1704/1793/1832 1705/1794/1833 1769/1859/1897 1768/1858/1896
f 1705/1794/1833 1706/1795/1834 1770/1860/1898 1769/1859/1897
f 1706/1795/1834 1707/1796/1835 1771/1861/1899 1770/1860/1898
f 1707/1796/1835 1708/1797/1836 1772/1862/1900 1771/1861/1899
f 1708/1797/1836 1709/1798/1837 1773/1863/1901 1772/1862/1900
f 1709/1798/1837 1710/1799/1838 1774/1864/1902 1773/1863/1901
f 1710/1799/1838 1711/1800/1839 1775/1865/1903 1774/1864/1902
f 1711/1800/1839 1712/1801/1840 1776/1866/1904 1775/1865/1903
f 1712/1801/1840 1713/1802/1841 1777/1867/1905 1776/1866/1904
f 1713/1802/1841 1714/1803/1842 1778/1868/1906 1777/1867/1905
f 1714/1803/1842 1715/1804/1843 1779/1869/1907 1778/1868/1906
f 1715/1804/1843 1716/1805/1844 1780/1870/1908 1779/1869/1907
f 1716/1805/1844 1717/1806/1845 1781/1871/1909 1780/1870/1908
f 1717/1806/1845 1718/1807/1846 1782/1872/1910 1781/1871/1909
f 1718/1807/1846 1719/1808/1847 1783/1873/1911 1782/1872/1910
f 1719/1808/1847 1720/1809/1848 1784/1874/1912 1783/1873/1911
f 1720/1809/1848 1721/1810/1849 1785/1875/1913 1784/1874/1912
f 1721/1810/1849 1722/1811/1850 1786/1876/1914 1785/1875/1913
f 1722/1811/1850 1723/1812/1851 1787/1877/1915 1786/1876/1914
f 1723/1812/1851 1724/1813/1852 1788/1878/1916 1787/1877/1915
f 1724/1813/1852 1725/1814/1853 1789/1879/1917 1788/1878/1916
f 1725/1814/1853 1726/1815/1854 1790/1880/1918 1789/1879/1917
f 1726/1815/1854 1727/1816/1855 1791/1881/1919 1790/1880/1918
f 1727/1816/1855 1728/1817/1856 1792/1882/1920 1791/1881/1919
f 1728/1817/1856 1729/1818/1857 1793/1883/1921 1792/1882/1920
f 1729/1818/1857 1666/1819/1795 1730/1884/1859 1793/1883/1921
f 1730/1821/1859 1731/1820/1858 1795/1885/5 1794/1886/5
f 1731/1820/1858 1732/1822/1860 1796/1887/5 1795/1885/5
f 1732/1822/1860 1733/1823/1861 1797/1888/5 1796/1887/5
f 1733/1823/1861 1734/1824/1862 1798/1889/5 1797/1888/5
f 1734/1824/1862 1735/1825/1863 1799/1890/5 1798/1889/5
f 1735/1825/1863 1736/1826/1864 1800/1891/5 1799/1890/5
f 1736/1826/1864 1737/1827/1865 1801/1892/5 1800/1891/5
f 1737/1827/1865 1738/1828/1866 1802/1893/5 1801/1892/5
f 1738/1828/1866 1739/1829/1867 1803/1894/5 1802/1893/5
f 1739/1829/1867 1740/1830/1868 1804/1895/5 1803/1894/5
f 1740/1830/1868 1741/1831/1869 1805/1896/5 1804/1895/5
f 1741/1831/1869 1742/1832/1870 1806/1897/5 1805/1896/5
f 1742/1832/1870 1743/1833/1871 1807/1898/5 1806/1897/5
f 1743/1833/1871 1744/1834/1872 1808/1899/5 1807/1898/5
f 1744/1834/1872 1745/1835/1873 1809/1900/5 1808/1899/5
f 1745/1835/1873 1746/1836/1874 1810/1901/5 1809/1900/5
f 1746/1836/1874 1747/1837/1875 1811/1902/5 1810/1901/5
f 1747/1837/1875 1748/1838/1876 1812/1903/5 1811/1902/5
f 1748/1838/1876 1749/1839/1877 1813/1904/5 1812/1903/5
f 1749/1839/1877 1750/1840/1878 1814/1905/5 1813/1904/5
f 1750/1840/1878 1751/1841/1879 1815/1906/5 1814/1905/5
f 1751/1841/1879 1752/1842/1880 1816/1907/5 1815/1906/5
f 1752/1842/1880 1753/1843/1881 1817/1908/5 1816/1907/5
f 1753/1843/1881 1754/1844/1882 1818/1909/5 1817/1908/5
f 1754/1844/1882 1755/1845/1883 1819/1910/5 1818/1909/5
f 1755/1845/1883 1756/1846/1884 1820/1911/5 1819/1910/5
f 1756/1846/1884 1757/1847/1885 1821/1912/5 1820/1911/5
f 1757/1847/1885 1758/1848/1886 1822/1913/5 1821/1912/5
f 1758/1848/1886 1759/1849/1887 1823/1914/5 1822/1913/5
f 1759/1849/1887 1760/1850/1888 1824/1915/5 1823/1914/5
f 1760/1850/1888 1761/1851/1889 1825/1916/5 1824/1915/5
f 1761/1851/1889 1762/1852/1890 1826/1917/5 1825/1916/5
f 1762/1852/1890 1763/1853/1891 1827/1918/5 1826/1917/5
f 1763/1853/1891 1764/1854/1892 1828/1919/5 1827/1918/5
f 1764/1854/1892 1765/1855/1893 1829/1920/5 1828/1919/5
f 1765/1855/1893 1766/1856/1894 1830/1921/5 1829/1920/5
f 1766/1856/1894 1767/1857/1895 1831/1922/5 1830/1921/5
f 1767/1857/1895 1768/1858/1896 1832/1923/5 1831/1922/5
f 1768/1858/1896 1769/1859/1897 1833/1924/5 1832/1923/5
f 1769/1859/1897 1770/1860/1898 1834/1925/5 1833/1924/5
f 1770/1860/1898 1771/1861/1899 1835/1926/5 1834/1925/5
f 1771/1861/1899 1772/1862/1900 1836/1927/5 1835/1926/5
f 1772/1862/1900 1773/1863/1901 1837/1928/5 1836/1927/5
f 1773/1863/1901 1774/1864/1902 1838/1929/5 1837/1928/5
f 1774/1864/1902 1775/1865/1903 1839/1930/5 1838/1929/5
f 1775/1865/1903 1776/1866/1904 1840/1931/5 1839/1930/5
f 1776/1866/1904 1777/1867/1905 1841/1932/5 1840/1931/5
f 1777/1867/1905 1778/1868/1906 1842/1933/5 1841/1932/5
f 1778/1868/1906 1779/1869/1907 1843/1934/5 1842/1933/5
f 1779/1869/1907 1780/1870/1908 1844/1935/5 1843/1934/5
f 1780/1870/1908 1781/1871/1909 1845/1936/5 1844/1935/5
f 1781/1871/1909 1782/1872/1910 1846/1937/5 1845/1936/5
f 1782/1872/1910 1783/1873/1911 1847/1938/5 1846/1937/5
f 1783/1873/1911 1784/1874/1912 1848/1939/5 1847/1938/5
f 1784/1874/1912 1785/1875/1913 1849/1940/5 1848/1939/5
f 1785/1875/1913 1786/1876/1914 1850/1941/5 1849/1940/5
f 1786/1876/1914 1787/1877/1915 1851/1942/5 1850/1941/5
f 1787/1877/1915 1788/1878/1916 1852/1943/5 1851/1942/5
f 1788/1878/1916 1789/1879/1917 1853/1944/5 1852/1943/5
f 1789/1879/1917 1790/1880/1918 1854/1945/5 1853/1944/5
f 1790/1880/1918 1791/1881/1919 1855/1946/5 1854/1945/5
f 1791/1881/1919 1792/1882/1920 1856/1947/5 1855/1946/5
f 1792/1882/1920 1793/1883/1921 1857/1948/5 1856/1947/5
f 1793/1883/1921 1730/1884/1859 1794/1949/5 1857/1948/5
f 1794/1886/1922 1795/1885/1923 1859/1950/1923 1858/1951/1922
f 1795/1885/1923 1796/1887/1924 1860/1952/1924 1859/1950/1923
f 1796/1887/1924 1797/1888/1925 1861/1953/1925 1860/1952/1924
f 1797/1888/1925 1798/1889/1926 1862/1954/1926 1861/1953/1925
f 1798/1889/1926 1799/1890/1927 1863/1955/1927 1862/1954/1926
f 1799/1890/1927 1800/1891/1928 1864/1956/1928 1863/1955/1927
f 1800/1891/1928 1801/1892/1929 1865/1957/1929 1864/1956/1928
f 1801/1892/1929 1802/1893/1930 1866/1958/1930 1865/1957/1929
f 1802/1893/1930 1803/1894/1931 1867/1959/1931 1866/1958/1930
f 1803/1894/1931 1804/1895/1932 1868/1960/1932 1867/1959/1931
f 1804/1895/1932 1805/1896/1933 1869/1961/1933 1868/1960/1932
f 1805/1896/1933 1806/1897/1934 1870/1962/1934 1869/1961/1933
f 1806/1897/1934 1807/1898/1935 1871/1963/1935 1870/1962/1934
f 1807/1898/1935 1808/1899/1936 1872/1964/1936 1871/1963/1935
f 1808/1899/1936 1809/1900/1937 1873/1965/1937 1872/1964/1936
f 1809/1900/1937 1810/1901/1938 1874/1966/1938 1873/1965/1937
f 1810/1901/1938 1811/1902/1939 1875/1967/1939 1874/1966/1938
f 1811/1902/1939 1812/1903/1940 1876/1968/1940 1875/1967/1939
f 1812/1903/1940 1813/1904/1941 1877/1969/1941 1876/1968/1940
f 1813/1904/1941 1814/1905/1942 1878/1970/1942 1877/1969/1941
f 1814/1905/1942 1815/1906/1943 1879/1971/1943 1878/1970/1942
f 1815/1906/1943 1816/1907/1944 1880/1972/1944 1879/1971/1943
f 1816/1907/1944 1817/1908/1945 1881/1973/1945 1880/1972/1944
f 1817/1908/1945 1818/1909/1946 1882/1974/1946 1881/1973/1945
f 1818/1909/1946 1819/1910/1947 1883/1975/1947 1882/1974/1946
f 1819/1910/1947 1820/1911/1948 1884/1976/1948 1883/1975/1947
f 1820/1911/1948 1821/1912/1949 1885/1977/1949 1884/1976/1948
f 1821/1912/1949 1822/1913/1950 1886/1978/1950 1885/1977/1949
f 1822/1913/1950 1823/1914/1951 1887/1979/1951 1886/1978/1950
f 1823/1914/1951 1824/1915/1952 1888/1980/1952 1887/1979/1951
f 1824/1915/1952 1825/1916/1953 1889/1981/1953 1888/1980/1952
f 1825/1916/1953 1826/1917/1954 1890/1982/1954 1889/1981/1953
f 1826/1917/1954 1827/1918/1955 1891/1983/1955 1890/1982/1954
f 1827/1918/1955 1828/1919/1956 1892/1984/1956 1891/1983/1955
f 1828/1919/1956 1829/1920/1957 1893/1985/1957 1892/1984/1956
f 1829/1920/1957 1830/1921/1958 1894/1986/1958 1893/1985/1957
f 1830/1921/1958 1831/1922/1959 1895/1987/1959 1894/1986/1958
f 1831/1922/1959 1832/1923/1960 1896/1988/1960 1895/1987/1959
f 1832/1923/1960 1833/1924/1961 1897/1989/1961 1896/1988/1960
f 1833/1924/1961 1834/1925/1962 1898/1990/1962 1897/1989/1961
f 1834/1925/1962 1835/1926/1963 1899/1991/1963 1898/1990/1962
f 1835/1926/1963 1836/1927/1964 1900/1992/1964 1899/1991/1963
f 1836/1927/1964 1837/1928/1965 1901/1993/1965 1900/1992/1964
f 1837/1928/1965 1838/1929/1966 1902/1994/1966 1901/1993/1965
f 1838/1929/1966 1839/1930/1967 1903/1995/1967 1902/1994/1966
f 1839/1930/1967 1840/1931/1968 1904/1996/1968 1903/1995/1967
f 1840/1931/1968 1841/1932/1969 1905/1997/1969 1904/1996/1968
f 1841/1932/1969 1842/1933/1970 1906/1998/1970 1905/1997/1969
f 1842/1933/1970 1843/1934/1971 1907/1999/1971 1906/1998/1970
f 1843/1934/1971 1844/1935/1972 1908/2000/1972 1907/1999/1971
f 1844/1935/1972 1845/1936/1973 1909/2001/1973 1908/2000/1972
f 1845/1936/1973 1846/1937/1974 1910/2002/1974 1909/2001/1973
f 1846/1937/1974 1847/1938/1975 1911/2003/1975 1910/2002/1974
f 1847/1938/1975 1848/1939/1976 1912/2004/1976 1911/2003/1975
f 1848/1939/1976 1849/1940/1977 1913/2005/1977 1912/2004/1976
f 1849/1940/1977 1850/1941/1978 1914/2006/1978 1913/2005/1977
f 1850/1941/1978 1851/1942/1979 1915/2007/1979 1914/2006/1978
f 1851/1942/1979 1852/1943/1980 1916/2008/1980 1915/2007/1979
f 1852/1943/1980 1853/1944/1981 1917/2009/1981 1916/2008/1980
f 1853/1944/1981 1854/1945/1982 1918/2010/1982 1917/2009/1981
f 1854/1945/1982 1855/1946/1983 1919/2011/1983 1918/2010/1982
f 1855/1946/1983 1856/1947/1984 1920/2012/1984 1919/2011/1983
f 1856/1947/1984 1857/1948/1985 1921/2013/1985 1920/2012/1984
f 1857/1948/1985 1794/1949/1922 1858/2014/1922 1921/2013/1985
f 1858/1951/1986 1859/1950/1987 1923/2015/1987 1922/2016/1986
f 1859/1950/1987 1860/1952/1988 1924/2017/1988 1923/2015/1987
f 1860/1952/1988 1861/1953/1989 1925/2018/1989 1924/2017/1988
f 1861/1953/1989 1862/1954/1990 1926/2019/1990 1925/2018/1989
f 1862/1954/1990 1863/1955/1991 1927/2020/1991 1926/2019/1990
f 1863/1955/1991 1864/1956/1992 1928/2021/1992 1927/2020/1991
f 1864/1956/1992 1865/1957/1993 1929/2022/1993 1928/2021/1992
f 1865/1957/1993 1866/1958/1994 1930/2023/1994 1929/2022/1993
f 1866/1958/1994 1867/1959/1995 1931/2024/1995 1930/2023/1994
f 1867/1959/1995 1868/1960/1996 1932/2025/1996 1931/2024/1995
f 1868/1960/1996 1869/1961/1997 1933/2026/1997 1932/2025/1996
f 1869/1961/1997 1870/1962/1998 1934/2027/1998 1933/2026/1997
f 1870/1962/1998 1871/1963/1999 1935/2028/1999 1934/2027/1998
f 1871/1963/1999 1872/1964/2000 1936/2029/2000 1935/2028/1999
f 1872/1964/2000 1873/1965/2001 1937/2030/2001 1936/2029/2000
f 1873/1965/2001 1874/1966/2002 1938/2031/2002 1937/2030/2001
f 1874/1966/2002 1875/1967/2003 1939/2032/2003 1938/2031/2002
f 1875/1967/2003 1876/1968/2004 1940/2033/2004 1939/2032/2003
f 1876/1968/2004 1877/1969/2005 1941/2034/2005 1940/2033/2004
f 1877/1969/2005 1878/1970/2006 1942/2035/2006 1941/2034/2005
f 1878/1970/2006 1879/1971/2007 1943/2036/2007 1942/2035/2006
f 1879/1971/2007 1880/1972/2008 1944/2037/2008 1943/2036/2007
f 1880/1972/2008 1881/1973/2009 1945/2038/2009 1944/2037/2008
f 1881/1973/2009 1882/1974/2010 1946/2039/2010 1945/2038/2009
f 1882/1974/2010 1883/1975/2011 1947/2040/2011 1946/2039/2010
f 1883/1975/2011 1884/1976/2012 1948/2041/2012 1947/2040/2011
f 1884/1976/2012 1885/1977/2013 1949/2042/2013 1948/2041/2012
f 1885/1977/2013 1886/1978/2014 1950/2043/2014 1949/2042/2013
f 1886/1978/2014 1887/1979/2015 1951/2044/2015 1950/2043/2014
f 1887/1979/2015 1888/1980/2016 1952/2045/2016 1951/2044/2015
f 1888/1980/2016 1889/1981/2017 1953/2046/2017 1952/2045/2016
f 1889/1981/2017 1890/1982/2018 1954/2047/2018 1953/2046/2017
f 1890/1982/2018 1891/1983/2019 1955/2048/2019 1954/2047/2018
f 1891/1983/2019 1892/1984/2020 1956/2049/2020 1955/2048/2019
f 1892/1984/2020 1893/1985/2021 1957/2050/2021 1956/2049/2020
f 1893/1985/2021 1894/1986/2022 1958/2051/2022 1957/2050/2021
f 1894/1986/2022 1895/1987/2023 1959/2052/2023 1958/2051/2022
f 1895/1987/2023 1896/1988/2024 1960/2053/2024 1959/2052/2023
f 1896/1988/2024 1897/1989/2025 1961/2054/2025 1960/2053/2024
f 1897/1989/2025 1898/1990/2026 1962/2055/2026 1961/2054/2025
f 1898/1990/2026 1899/1991/2027 1963/2056/2027 1962/2055/2026
f 1899/1991/2027 1900/1992/2028 1964/2057/2028 1963/2056/2027
f 1900/1992/2028 1901/1993/2029 1965/2058/2029 1964/2057/2028
f 1901/1993/2029 1902/1994/2030 1966/2059/2030 1965/2058/2029
f 1902/1994/2030 1903/1995/2031 1967/2060/2031 1966/2059/2030
f 1903/1995/2031 1904/1996/2032 1968/2061/2032 1967/2060/2031
f 1904/1996/2032 1905/1997/2033 1969/2062/2033 1968/2061/2032
f 1905/1997/2033 1906/1998/2034 1970/2063/2034 1969/2062/2033
f 1906/1998/2034 1907/1999/2035 1971/2064/2035 1970/2063/2034
f 1907/1999/2035 1908/2000/2036 1972/2065/2036 1971/2064/2035
f 1908/2000/2036 1909/2001/2037 1973/2066/2037 1972/2065/2036
f 1909/2001/2037 1910/2002/2038 1974/2067/2038 1973/2066/2037
f 1910/2002/2038 1911/2003/2039 1975/2068/2039 1974/2067/2038
f 1911/2003/2039 1912/2004/2040 1976/2069/2040 1975/2068/2039
f 1912/2004/2040 1913/2005/2041 1977/2070/2041 1976/2069/2040
f 1913/2005/2041 1914/2006/2042 1978/2071/2042 1977/2070/2041
f 1914/2006/2042 1915/2007/2043 1979/2072/2043 1978/2071/2042
f 1915/2007/2043 1916/2008/2044 1980/2073/2044 1979/2072/2043
f 1916/2008/2044 1917/2009/2045 1981/2074/2045 1980/2073/2044
f 1917/2009/2045 1918/2010/2046 1982/2075/2046 1981/2074/2045
f 1918/2010/2046 1919/2011/2047 1983/2076/2047 1982/2075/2046
f 1919/2011/2047 1920/2012/2048 1984/2077/2048 1983/2076/2047
f 1920/2012/2048 1921/2013/2049 1985/2078/2049 1984/2077/2048
f 1921/2013/2049 1858/2014/1986 1922/2079/1986 1985/2078/2049
f 1922/2016/2050 1923/2015/2051 1987/2080/2051 1986/2081/2050
f 1923/2015/2051 1924/2017/2052 1988/2082/2052 1987/2080/2051
f 1924/2017/2052 1925/2018/2053 1989/2083/2053 1988/2082/2052
f 1925/2018/2053 1926/2019/2054 1990/2084/2054 1989/2083/2053
f 1926/2019/2054 1927/2020/2055 1991/2085/2055 1990/2084/2054
f 1927/2020/2055 1928/2021/2056 1992/2086/2056 1991/2085/2055
f 1928/2021/2056 1929/2022/2057 1993/2087/2057 1992/2086/2056
f 1929/2022/2057 1930/2023/2058 1994/2088/2058 1993/2087/2057
f 1930/2023/2058 1931/2024/2059 1995/2089/2059 1994/2088/2058
f 1931/2024/2059 1932/2025/2060 1996/2090/2060 1995/2089/2059
f 1932/2025/2060 1933/2026/2061 1997/2091/2061 1996/2090/2060
f 1933/2026/2061 1934/2027/2062 1998/2092/2062 1997/2091/2061
f 1934/2027/2062 1935/2028/2063 1999/2093/2063 1998/2092/2062
f 1935/2028/2063 1936/2029/2064 2000/2094/2064 1999/2093/2063
f 1936/2029/2064 1937/2030/2065 2001/2095/2065 2000/2094/2064
f 1937/2030/2065 1938/2031/2066 2002/2096/2066 2001/2095/2065
f 1938/2031/2066 1939/2032/2067 2003/2097/2067 2002/2096/2066
f 1939/2032/2067 1940/2033/2068 2004/2098/2068 2003/2097/2067
f 1940/2033/2068 1941/2034/2069 2005/2099/2069 2004/2098/2068
f 1941/2034/2069 1942/2035/2070 2006/2100/2070 2005/2099/2069
f 1942/2035/2070 1943/2036/2071 2007/2101/2071 2006/2100/2070
f 1943/2036/2071 1944/2037/2072 2008/2102/2072 2007/2101/2071
f 1944/2037/2072 1945/2038/2073 2009/2103/2073 2008/2102/2072
f 1945/2038/2073 1946/2039/2074 2010/2104/2074 2009/2103/2073
f 1946/2039/2074 1947/2040/2075 2011/2105/2075 2010/2104/2074
f 1947/2040/2075 1948/2041/2076 2012/2106/2076 2011/2105/2075
f 1948/2041/2076 1949/2042/2077 2013/2107/2077 2012/2106/2076
f 1949/2042/2077 1950/2043/2078 2014/2108/2078 2013/2107/2077
f 1950/2043/2078 1951/2044/2079 2015/2109/2079 2014/2108/2078
f 1951/2044/2079 1952/2045/2080 2016/2110/2080 2015/2109/2079
f 1952/2045/2080 1953/2046/2081 2017/2111/2081 2016/2110/2080
f 1953/2046/2081 1954/2047/2082 2018/2112/2082 2017/2111/2081
f 1954/2047/2082 1955/2048/2083 2019/2113/2083 2018/2112/2082
f 1955/2048/2083 1956/2049/2084 2020/2114/2084 2019/2113/2083
f 1956/2049/2084 1957/2050/2085 2021/2115/2085 2020/2114/2084
f 1957/2050/2085 1958/2051/2086 2022/2116/2086 2021/2115/2085
f 1958/2051/2086 1959/2052/2087 2023/2117/2087 2022/2116/2086
f 1959/2052/2087 1960/2053/2088 2024/2118/2088 2023/2117/2087
f 1960/2053/2088 1961/2054/2089 2025/2119/2089 2024/2118/2088
f 1961/2054/2089 1962/2055/2090 2026/2120/2090 2025/2119/2089
f 1962/2055/2090 1963/2056/2091 2027/2121/2091 2026/2120/2090
f 1963/2056/2091 1964/2057/2092 2028/2122/2092 2027/2121/2091
f 1964/2057/2092 1965/2058/2093 2029/2123/2093 2028/2122/2092
f 1965/2058/2093 1966/2059/2094 2030/2124/2094 2029/2123/2093
f 1966/2059/2094 1967/2060/2095 2031/2125/2095 2030/2124/2094
f 1967/2060/2095 1968/2061/2096 2032/2126/2096 2031/2125/2095
f 1968/2061/2096 1969/2062/2097 2033/2127/2097 2032/2126/2096
f 1969/2062/2097 1970/2063/2098 2034/2128/2098 2033/2127/2097
f 1970/2063/2098 1971/2064/2099 2035/2129/2099 2034/2128/2098
f 1971/2064/2099 1972/2065/2100 2036/2130/2100 2035/2129/2099
f 1972/2065/2100 1973/2066/2101 2037/2131/2101 2036/2130/2100
f 1973/2066/2101 1974/2067/2102 2038/2132/2102 2037/2131/2101
f 1974/2067/2102 1975/2068/2103 2039/2133/2103 2038/2132/2102
f 1975/2068/2103 1976/2069/2104 2040/2134/2104 2039/2133/2103
f 1976/2069/2104 1977/2070/2105 2041/2135/2105 2040/2134/2104
f 1977/2070/2105 1978/2071/2106 2042/2136/2106 2041/2135/2105
f 1978/2071/2106 1979/2072/2107 2043/2137/2107 2042/2136/2106
f 1979/2072/2107 1980/2073/2108 2044/2138/2108 2043/2137/2107
f 1980/2073/2108 1981/2074/2109 2045/2139/2109 2044/2138/2108
f 1981/2074/2109 1982/2075/2110 2046/2140/2110 2045/2139/2109
f 1982/2075/2110 1983/2076/2111 2047/2141/2111 2046/2140/2110
f 1983/2076/2111 1984/2077/2112 2048/2142/2112 2047/2141/2111
f 1984/2077/2112 1985/2078/2113 2049/2143/2113 2048/2142/2112
f 1985/2078/2113 1922/2079/2050 1986/2144/2050 2049/2143/2113
f 1986/2081/2114 1987/2080/2115 2051/2145/2115 2050/2146/2114
f 1987/2080/2115 1988/2082/2116 2052/2147/2116 2051/2145/2115
f 1988/2082/2116 1989/2083/2117 2053/2148/2117 2052/2147/2116
f 1989/2083/2117 1990/2084/2118 2054/2149/2118 2053/2148/2117
f 1990/2084/2118 1991/2085/2119 2055/2150/2119 2054/2149/2118
f 1991/2085/2119 1992/2086/2120 2056/2151/2120 2055/2150/2119
f 1992/2086/2120 1993/2087/2121 2057/2152/2121 2056/2151/2120
f 1993/2087/2121 1994/2088/2122 2058/2153/2122 2057/2152/2121
f 1994/2088/2122 1995/2089/2123 2059/2154/2123 2058/2153/2122
f 1995/2089/2123 1996/2090/2124 2060/2155/2124 2059/2154/2123
f 1996/2090/2124 1997/2091/2125 2061/2156/2125 2060/2155/2124
f 1997/2091/2125 1998/2092/2126 2062/2157/2126 2061/2156/2125
f 1998/2092/2126 1999/2093/2127 2063/2158/2127 2062/2157/2126
f 1999/2093/2127 2000/2094/2128 2064/2159/2128 2063/2158/2127
f 2000/2094/2128 2001/2095/2129 2065/2160/2129 2064/2159/2128
f 2001/2095/2129 2002/2096/2130 2066/2161/2130 2065/2160/2129
f 2002/2096/2130 2003/2097/2131 2067/2162/2131 2066/2161/2130
f 2003/2097/2131 2004/2098/2132 2068/2163/2132 2067/2162/2131
f 2004/2098/2132 2005/2099/2133 2069/2164/2133 2068/2163/2132
f 2005/2099/2133 2006/2100/2134 2070/2165/2134 2069/2164/2133
f 2006/2100/2134 2007/2101/2135 2071/2166/2135 2070/2165/2134
f 2007/2101/2135 2008/2102/2136 2072/2167/2136 2071/2166/2135
f 2008/2102/2136 2009/2103/2137 2073/2168/2137 2072/2167/2136
f 2009/2103/2137 2010/2104/2138 2074/2169/2138 2073/2168/2137
f 2010/2104/2138 2011/2105/2139 2075/2170/2139 2074/2169/2138
f 2011/2105/2139 2012/2106/2140 2076/2171/2140 2075/2170/2139
f 2012/2106/2140 2013/2107/2141 2077/2172/2141 2076/2171/2140
f 2013/2107/2141 2014/2108/2142 2078/2173/2142 2077/2172/2141
f 2014/2108/2142 2015/2109/2143 2079/2174/2143 2078/2173/2142
f 2015/2109/2143 2016/2110/2144 2080/2175/2144 2079/2174/2143
f 2016/2110/2144 2017/2111/2145 2081/2176/2145 2080/2175/2144
f 2017/2111/2145 2018/2112/2146 2082/2177/2146 2081/2176/2145
f 2018/2112/2146 2019/2113/2147 2083/2178/2147 2082/2177/2146
f 2019/2113/2147 2020/2114/2148 2084/2179/2148 2083/2178/2147
f 2020/2114/2148 2021/2115/2149 2085/2180/2149 2084/2179/2148
f 2021/2115/2149 2022/2116/2150 2086/2181/2150 2085/2180/2149
f 2022/2116/2150 2023/2117/2151 2087/2182/2151 2086/2181/2150
f 2023/2117/2151 2024/2118/2152 2088/2183/2152 2087/2182/2151
f 2024/2118/2152 2025/2119/2153 2089/2184/2153 2088/2183/2152
f 2025/2119/2153 2026/2120/2154 2090/2185/2154 2089/2184/2153
f 2026/2120/2154 2027/2121/2155 2091/2186/2155 2090/2185/2154
f 2027/2121/2155 2028/2122/2156 2092/2187/2156 2091/2186/2155
f 2028/2122/2156 2029/2123/2157 2093/2188/2157 2092/2187/2156
f 2029/2123/2157 2030/2124/2158 2094/2189/2158 2093/2188/2157
f 2030/2124/2158 2031/2125/2159 2095/2190/2159 2094/2189/2158
f 2031/2125/2159 2032/2126/2160 2096/2191/2160 2095/2190/2159
f 2032/2126/2160 2033/2127/2161 2097/2192/2161 2096/2191/2160
f 2033/2127/2161 2034/2128/2162 2098/2193/2162 2097/2192/2161
f 2034/2128/2162 2035/2129/2163 2099/2194/2163 2098/2193/2162
f 2035/2129/2163 2036/2130/2164 2100/2195/2164 2099/2194/2163
f 2036/2130/2164 2037/2131/2165 2101/2196/2165 2100/2195/2164
f 2037/2131/2165 2038/2132/2166 2102/2197/2166 2101/2196/2165
f 2038/2132/2166 2039/2133/2167 2103/2198/2167 2102/2197/2166
f 2039/2133/2167 2040/2134/2168 2104/2199/2168 2103/2198/2167
f 2040/2134/2168 2041/2135/2169 2105/2200/2169 2104/2199/2168
f 2041/2135/2169 2042/2136/2170 2106/2201/2170 2105/2200/2169
f 2042/2136/2170 2043/2137/2171 2107/2202/2171 2106/2201/2170
f 2043/2137/2171 2044/2138/2172 2108/2203/2172 2107/2202/2171
f 2044/2138/2172 2045/2139/2173 2109/2204/2173 2108/2203/2172
f 2045/2139/2173 2046/2140/2174 2110/2205/2174 2109/2204/2173
f 2046/2140/2174 2047/2141/2175 2111/2206/2175 2110/2205/2174
f 2047/2141/2175 2048/2142/2176 2112/2207/2176 2111/2206/2175
f 2048/2142/2176 2049/2143/2177 2113/2208/2177 2112/2207/2176
f 2049/2143/2177 1986/2144/2114 2050/2209/2114 2113/2208/2177
f 2050/2146/2178 2051/2145/2179 2115/2210/2179 2114/2211/2178
f 2051/2145/2179 2052/2147/2180 2116/2212/2180 2115/2210/2179
f 2052/2147/2180 2053/2148/2181 2117/2213/2181 2116/2212/2180
f 2053/2148/2181 2054/2149/2182 2118/2214/2182 2117/2213/2181
f 2054/2149/2182 2055/2150/2183 2119/2215/2183 2118/2214/2182
f 2055/2150/2183 2056/2151/2184 2120/2216/2184 2119/2215/2183
f 2056/2151/2184 2057/2152/2185 2121/2217/2185 2120/2216/2184
f 2057/2152/2185 2058/2153/2186 2122/2218/2186 2121/2217/2185
f 2058/2153/2186 2059/2154/2187 2123/2219/2187 2122/2218/2186
f 2059/2154/2187 2060/2155/2188 2124/2220/2188 2123/2219/2187
f 2060/2155/2188 2061/2156/2189 2125/2221/2189 2124/2220/2188
f 2061/2156/2189 2062/2157/2190 2126/2222/2190 2125/2221/2189
f 2062/2157/2190 2063/2158/2191 2127/2223/2191 2126/2222/2190
f 2063/2158/2191 2064/2159/2192 2128/2224/2192 2127/2223/2191
f 2064/2159/2192 2065/2160/2193 2129/2225/2193 2128/2224/2192
f 2065/2160/2193 2066/2161/2194 2130/2226/2194 2129/2225/2193
f 2066/2161/2194 2067/2162/2195 2131/2227/2195 2130/2226/2194
f 2067/2162/2195 2068/2163/2196 2132/2228/2196 2131/2227/2195
f 2068/2163/2196 2069/2164/2197 2133/2229/2197 2132/2228/2196
f 2069/2164/2197 2070/2165/2198 2134/2230/2198 2133/2229/2197
f 2070/2165/2198 2071/2166/2199 2135/2231/2199 2134/2230/2198
f 2071/2166/2199 2072/2167/2200 2136/2232/2200 2135/2231/2199
f 2072/2167/2200 2073/2168/2201 2137/2233/2201 2136/2232/2200
f 2073/2168/2201 2074/2169/2202 2138/2234/2202 2137/2233/2201
f 2074/2169/2202 2075/2170/2203 2139/2235/2203 2138/2234/2202
f 2075/2170/2203 2076/2171/2204 2140/2236/2204 2139/2235/2203
f 2076/2171/2204 2077/2172/2205 2141/2237/2205 2140/2236/2204
f 2077/2172/2205 2078/2173/2206 2142/2238/2206 2141/2237/2205
f 2078/2173/2206 2079/2174/2207 2143/2239/2207 2142/2238/2206
f 2079/2174/2207 2080/2175/2208 2144/2240/2208 2143/2239/2207
f 2080/2175/2208 2081/2176/2209 2145/2241/2209 2144/2240/2208
f 2081/2176/2209 2082/2177/2210 2146/2242/2210 2145/2241/2209
f 2082/2177/2210 2083/2178/2211 2147/2243/2211 2146/2242/2210
f 2083/2178/2211 2084/2179/2212 2148/2244/2212 2147/2243/2211
f 2084/2179/2212 2085/2180/2213 2149/2245/2213 2148/2244/2212
f 2085/2180/2213 2086/2181/2214 2150/2246/2214 2149/2245/2213
f 2086/2181/2214 2087/2182/2215 2151/2247/2215 2150/2246/2214
f 2087/2182/2215 2088/2183/2216 2152/2248/2216 2151/2247/2215
f 2088/2183/2216 2089/2184/2217 2153/2249/2217 2152/2248/2216
f 2089/2184/2217 2090/2185/2218 2154/2250/2218 2153/2249/2217
f 2090/2185/2218 2091/2186/2219 2155/2251/2219 2154/2250/2218
f 2091/2186/2219 2092/2187/2220 2156/2252/2220 2155/2251/2219
f 2092/2187/2220 2093/2188/2221 2157/2253/2221 2156/2252/2220
f 2093/2188/2221 2094/2189/2222 2158/2254/2222 2157/2253/2221
f 2094/2189/2222 2095/2190/2223 2159/2255/2223 2158/2254/2222
f 2095/2190/2223 2096/2191/2224 2160/2256/2224 2159/2255/2223
f 2096/2191/2224 2097/2192/2225 2161/2257/2225 2160/2256/2224
f 2097/2192/2225 2098/2193/2226 2162/2258/2226 2161/2257/2225
f 2098/2193/2226 2099/2194/2227 2163/2259/2227 2162/2258/2226
f 2099/2194/2227 2100/2195/2228 2164/2260/2228 2163/2259/2227
f 2100/2195/2228 2101/2196/2229 2165/2261/2229 2164/2260/2228
f 2101/2196/2229 2102/2197/2230 2166/2262/2230 2165/2261/2229
f 2102/2197/2230 2103/2198/2231 2167/2263/2231 2166/2262/2230
f 2103/2198/2231 2104/2199/2232 2168/2264/2232 2167/2263/2231
f 2104/2199/2232 2105/2200/2233 2169/2265/2233 2168/2264/2232
f 2105/2200/2233 2106/2201/2234 2170/2266/2234 2169/2265/2233
f 2106/2201/2234 2107/2202/2235 2171/2267/2235 2170/2266/2234
f 2107/2202/2235 2108/2203/2236 2172/2268/2236 2171/2267/2235
f 2108/2203/2236 2109/2204/2237 2173/2269/2237 2172/2268/2236
f 2109/2204/2237 2110/2205/2238 2174/2270/2238 2173/2269/2237
f 2110/2205/2238 2111/2206/2239 2175/2271/2239 2174/2270/2238
f 2111/2206/2239 2112/2207/2240 2176/2272/2240 2175/2271/2239
f 2112/2207/2240 2113/2208/2241 2177/2273/2241 2176/2272/2240
f 2113/2208/2241 2050/2209/2178 2114/2274/2178 2177/2273/2241
f 2114/2211/2242 2115/2210/2243 2179/2275/2244 2178/2276/2245
f 2115/2210/2243 2116/2212/2246 2180/2277/2247 2179/2275/2244
f 2116/2212/2246 2117/2213/2248 2181/2278/2249 2180/2277/2247
f 2117/2213/2248 2118/2214/2250 2182/2279/2251 2181/2278/2249
f 2118/2214/2250 2119/2215/2252 2183/2280/2253 2182/2279/2251
f 2119/2215/2252 2120/2216/2254 2184/2281/2255 2183/2280/2253
f 2120/2216/2254 2121/2217/2256 2185/2282/2257 2184/2281/2255
f 2121/2217/2256 2122/2218/2258 2186/2283/2259 2185/2282/2257
f 2122/2218/2258 2123/2219/2260 2187/2284/2261 2186/2283/2259
f 2123/2219/2260 2124/2220/2262 2188/2285/2263 2187/2284/2261
f 2124/2220/2262 2125/2221/2264 2189/2286/2265 2188/2285/2263
f 2125/2221/2264 2126/2222/2266 2190/2287/2267 2189/2286/2265
f 2126/2222/2266 2127/2223/2268 2191/2288/2269 2190/2287/2267
f 2127/2223/2268 2128/2224/2270 2192/2289/2271 2191/2288/2269
f 2128/2224/2270 2129/2225/2272 2193/2290/2273 2192/2289/2271
f 2129/2225/2272 2130/2226/2274 2194/2291/2275 2193/2290/2273
f 2130/2226/2274 2131/2227/2276 2195/2292/2277 2194/2291/2275
f 2131/2227/2276 2132/2228/2278 2196/2293/2279 2195/2292/2277
f 2132/2228/2278 2133/2229/2280 2197/2294/2281 2196/2293/2279
f 2133/2229/2280 2134/2230/2282 2198/2295/2283 2197/2294/2281
f 2134/2230/2282 2135/2231/2284 2199/2296/2285 2198/2295/2283
f 2135/2231/2284 2136/2232/2286 2200/2297/2287 2199/2296/2285
f 2136/2232/2286 2137/2233/2288 2201/2298/2289 2200/2297/2287
f 2137/2233/2288 2138/2234/2290 2202/2299/2291 2201/2298/2289
f 2138/2234/2290 2139/2235/2292 2203/2300/2293 2202/2299/2291
f 2139/2235/2292 2140/2236/2294 2204/2301/2295 2203/2300/2293
f 2140/2236/2294 2141/2237/2296 2205/2302/2297 2204/2301/2295
f 2141/2237/2296 2142/2238/2298 2206/2303/2299 2205/2302/2297
f 2142/2238/2298 2143/2239/2300 2207/2304/2301 2206/2303/2299
f 2143/2239/2300 2144/2240/2302 2208/2305/2303 2207/2304/2301
f 2144/2240/2302 2145/2241/2304 2209/2306/2305 2208/2305/2303
f 2145/2241/2304 2146/2242/2306 2210/2307/2307 2209/2306/2305
f 2146/2242/2306 2147/2243/2308 2211/2308/2309 2210/2307/2307
f 2147/2243/2308 2148/2244/2310 2212/2309/2311 2211/2308/2309
f 2148/2244/2310 2149/2245/2312 2213/2310/2313 2212/2309/2311
f 2149/2245/2312 2150/2246/2314 2214/2311/2315 2213/2310/2313
f 2150/2246/2314 2151/2247/2316 2215/2312/2317 2214/2311/2315
f 2151/2247/2316 2152/2248/2318 2216/2313/2319 2215/2312/2317
f 2152/2248/2318 2153/2249/2320 2217/2314/2321 2216/2313/2319
f 2153/2249/2320 2154/2250/2322 2218/2315/2323 2217/2314/2321
f 2154/2250/2322 2155/2251/2324 2219/2316/2325 2218/2315/2323
f 2155/2251/2324 2156/2252/2326 2220/2317/2327 2219/2316/2325
f 2156/2252/2326 2157/2253/2328 2221/2318/2329 2220/2317/2327
f 2157/2253/2328 2158/2254/2330 2222/2319/2331 2221/2318/2329
f 2158/2254/2330 2159/2255/2332 2223/2320/2333 2222/2319/2331
f 2159/2255/2332 2160/2256/2334 2224/2321/2335 2223/2320/2333
f 2160/2256/2334 2161/2257/2336 2225/2322/2337 2224/2321/2335
f 2161/2257/2336 2162/2258/2338 2226/2323/2339 2225/2322/2337
f 2162/2258/2338 2163/2259/2340 2227/2324/2341 2226/2323/2339
f 2163/2259/2340 2164/2260/2342 2228/2325/2343 2227/2324/2341
f 2164/2260/2342 2165/2261/2344 2229/2326/2345 2228/2325/2343
f 2165/2261/2344 2166/2262/2346 2230/2327/2347 2229/2326/2345
f 2166/2262/2346 2167/2263/2348 2231/2328/2349 2230/2327/2347
f 2167/2263/2348 2168/2264/2350 2232/2329/2351 2231/2328/2349
f 2168/2264/2350 2169/2265/2352 2233/2330/2353 2232/2329/2351
f 2169/2265/2352 2170/2266/2354 2234/2331/2355 2233/2330/2353
f 2170/2266/2354 2171/2267/2356 2235/2332/2357 2234/2331/2355
f 2171/2267/2356 2172/2268/2358 2236/2333/2359 2235/2332/2357
f 2172/2268/2358 2173/2269/2360 2237/2334/2361 2236/2333/2359
f 2173/2269/2360 2174/2270/2362 2238/2335/2363 2237/2334/2361
f 2174/2270/2362 2175/2271/2364 2239/2336/2365 2238/2335/2363
f 2175/2271/2364 2176/2272/2366 2240/2337/2367 2239/2336/2365
f 2176/2272/2366 2177/2273/2368 2241/2338/2369 2240/2337/2367
f 2177/2273/2368 2114/2274/2242 2178/2339/2245 2241/2338/2369
f 2178/2276/2245 2179/2275/2244 2243/2340/2370 2242/2341/2371
f 2179/2275/2244 2180/2277/2247 2244/2342/2372 2243/2340/2370
f 2180/2277/2247 2181/2278/2249 2245/2343/2373 2244/2342/2372
f 2181/2278/2249 2182/2279/2251 2246/2344/2374 2245/2343/2373
f 2182/2279/2251 2183/2280/2253 2247/2345/2375 2246/2344/2374
f 2183/2280/2253 2184/2281/2255 2248/2346/2376 2247/2345/2375
f 2184/2281/2255 2185/2282/2257 2249/2347/2377 2248/2346/2376
f 2185/2282/2257 2186/2283/2259 2250/2348/2378 2249/2347/2377
f 2186/2283/2259 2187/2284/2261 2251/2349/2379 2250/2348/2378
f 2187/2284/2261 2188/2285/2263 2252/2350/2380 2251/2349/2379
f 2188/2285/2263 2189/2286/2265 2253/2351/2381 2252/2350/2380
f 2189/2286/2265 2190/2287/2267 2254/2352/2382 2253/2351/2381
f 2190/2287/2267 2191/2288/2269 2255/2353/2383 2254/2352/2382
f 2191/2288/2269 2192/2289/2271 2256/2354/2384 2255/2353/2383
f 2192/2289/2271 2193/2290/2273 2257/2355/2385 2256/2354/2384
f 2193/2290/2273 2194/2291/2275 2258/2356/2386 2257/2355/2385
f 2194/2291/2275 2195/2292/2277 2259/2357/2387 2258/2356/2386
f 2195/2292/2277 2196/2293/2279 2260/2358/2388 2259/2357/2387
f 2196/2293/2279 2197/2294/2281 2261/2359/2389 2260/2358/2388
f 2197/2294/2281 2198/2295/2283 2262/2360/2390 2261/2359/2389
f 2198/2295/2283 2199/2296/2285 2263/2361/2391 2262/2360/2390
f 2199/2296/2285 2200/2297/2287 2264/2362/2392 2263/2361/2391
f 2200/2297/2287 2201/2298/2289 2265/2363/2393 2264/2362/2392
f 2201/2298/2289 2202/2299/2291 2266/2364/2394 2265/2363/2393
f 2202/2299/2291 2203/2300/2293 2267/2365/2395 2266/2364/2394
f 2203/2300/2293 2204/2301/2295 2268/2366/2396 2267/2365/2395
f 2204/2301/2295 2205/2302/2297 2269/2367/2397 2268/2366/2396
f 2205/2302/2297 2206/2303/2299 2270/2368/2398 2269/2367/2397
f 2206/2303/2299 2207/2304/2301 2271/2369/2399 2270/2368/2398
f 2207/2304/2301 2208/2305/2303 2272/2370/2400 2271/2369/2399
f 2208/2305/2303 2209/2306/2305 2273/2371/2401 2272/2370/2400
f 2209/2306/2305 2210/2307/2307 2274/2372/2402 2273/2371/2401
f 2210/2307/2307 2211/2308/2309 2275/2373/2403 2274/2372/2402
f 2211/2308/2309 2212/2309/2311 2276/2374/2404 2275/2373/2403
f 2212/2309/2311 2213/2310/2313 2277/2375/2405 2276/2374/2404
f 2213/2310/2313 2214/2311/2315 2278/2376/2406 2277/2375/2405
f 2214/2311/2315 2215/2312/2317 2279/2377/2407 2278/2376/2406
f 2215/2312/2317 2216/2313/2319 2280/2378/2408 2279/2377/2407
f 2216/2313/2319 2217/2314/2321 2281/2379/2409 2280/2378/2408
f 2217/2314/2321 2218/2315/2323 2282/2380/2410 2281/2379/2409
f 2218/2315/2323 2219/2316/2325 2283/2381/2411 2282/2380/2410
f 2219/2316/2325 2220/2317/2327 2284/2382/2412 2283/2381/2411
f 2220/2317/2327 2221/2318/2329 2285/2383/2413 2284/2382/2412
f 2221/2318/2329 2222/2319/2331 2286/2384/2414 2285/2383/2413
f 2222/2319/2331 2223/2320/2333 2287/2385/2415 2286/2384/2414
f 2223/2320/2333 2224/2321/2335 2288/2386/2416 2287/2385/2415
f 2224/2321/2335 2225/2322/2337 2289/2387/2417 2288/2386/2416
f 2225/2322/2337 2226/2323/2339 2290/2388/2418 2289/2387/2417
f 2226/2323/2339 2227/2324/2341 2291/2389/2419 2290/2388/2418
f 2227/2324/2341 2228/2325/2343 2292/2390/2420 2291/2389/2419
f 2228/2325/2343 2229/2326/2345 2293/2391/2421 2292/2390/2420
f 2229/2326/2345 2230/2327/2347 2294/2392/2422 2293/2391/2421
f 2230/2327/2347 2231/2328/2349 2295/2393/2423 2294/2392/2422
f 2231/2328/2349 2232/2329/2351 2296/2394/2424 2295/2393/2423
f 2232/2329/2351 2233/2330/2353 2297/2395/2425 2296/2394/2424
f 2233/2330/2353 2234/2331/2355 2298/2396/2426 2297/2395/2425
f 2234/2331/2355 2235/2332/2357 2299/2397/2427 2298/2396/2426
f 2235/2332/2357 2236/2333/2359 2300/2398/2428 2299/2397/2427
f 2236/2333/2359 2237/2334/2361 2301/2399/2429 2300/2398/2428
f 2237/2334/2361 2238/2335/2363 2302/2400/2430 2301/2399/2429
f 2238/2335/2363 2239/2336/2365 2303/2401/2431 2302/2400/2430
f 2239/2336/2365 2240/2337/2367 2304/2402/2432 2303/2401/2431
f 2240/2337/2367 2241/2338/2369 2305/2403/2433 2304/2402/2432
f 2241/2338/2369 2178/2339/2245 2242/2404/2371 2305/2403/2433
f 2242/2341/2371 2243/2340/2370 2307/2405/2434 2306/2406/2435
f 2243/2340/2370 2244/2342/2372 2308/2407/2436 2307/2405/2434
f 2244/2342/2372 2245/2343/2373 2309/2408/2437 2308/2407/2436
f 2245/2343/2373 2246/2344/2374 2310/2409/2438 2309/2408/2437
f 2246/2344/2374 2247/2345/2375 2311/2410/2439 2310/2409/2438
f 2247/2345/2375 2248/2346/2376 2312/2411/2440 2311/2410/2439
f 2248/2346/2376 2249/2347/2377 2313/2412/2441 2312/2411/2440
f 2249/2347/2377 2250/2348/2378 2314/2413/2442 2313/2412/2441
f 2250/2348/2378 2251/2349/2379 2315/2414/2443 2314/2413/2442
f 2251/2349/2379 2252/2350/2380 2316/2415/2444 2315/2414/2443
f 2252/2350/2380 2253/2351/2381 2317/2416/2445 2316/2415/2444
f 2253/2351/2381 2254/2352/2382 2318/2417/2446 2317/2416/2445
f 2254/2352/2382 2255/2353/2383 2319/2418/2447 2318/2417/2446
f 2255/2353/2383 2256/2354/2384 2320/2419/2448 2319/2418/2447
f 2256/2354/2384 2257/2355/2385 2321/2420/2449 2320/2419/2448
f 2257/2355/2385 2258/2356/2386 2322/2421/2450 2321/2420/2449
f 2258/2356/2386 2259/2357/2387 2323/2422/2451 2322/2421/2450
f 2259/2357/2387 2260/2358/2388 2324/2423/2452 2323/2422/2451
f 2260/2358/2388 2261/2359/2389 2325/2424/2453 2324/2423/2452
f 2261/2359/2389 2262/2360/2390 2326/2425/2454 2325/2424/2453
f 2262/2360/2390 2263/2361/2391 2327/2426/2455 2326/2425/2454
f 2263/2361/2391 2264/2362/2392 2328/2427/2456 2327/2426/2455
f 2264/2362/2392 2265/2363/2393 2329/2428/2457 2328/2427/2456
f 2265/2363/2393 2266/2364/2394 2330/2429/2458 2329/2428/2457
f 2266/2364/2394 2267/2365/2395 2331/2430/2459 2330/2429/2458
f 2267/2365/2395 2268/2366/2396 2332/2431/2460 2331/2430/2459
f 2268/2366/2396 2269/2367/2397 2333/2432/2461 2332/2431/2460
f 2269/2367/2397 2270/2368/2398 2334/2433/2462 2333/2432/2461
f 2270/2368/2398 2271/2369/2399 2335/2434/2463 2334/2433/2462
f 2271/2369/2399 2272/2370/2400 2336/2435/2464 2335/2434/2463
f 2272/2370/2400 2273/2371/2401 2337/2436/2465 2336/2435/2464
f 2273/2371/2401 2274/2372/2402 2338/2437/2466 2337/2436/2465
f 2274/2372/2402 2275/2373/2403 2339/2438/2467 2338/2437/2466
f 2275/2373/2403 2276/2374/2404 2340/2439/2468 2339/2438/2467
f 2276/2374/2404 2277/2375/2405 2341/2440/2469 2340/2439/2468
f 2277/2375/2405 2278/2376/2406 2342/2441/2470 2341/2440/2469
f 2278/2376/2406 2279/2377/2407 2343/2442/2471 2342/2441/2470
f 2279/2377/2407 2280/2378/2408 2344/2443/2472 2343/2442/2471
f 2280/2378/2408 2281/2379/2409 2345/2444/2473 2344/2443/2472
f 2281/2379/2409 2282/2380/2410 2346/2445/2474 2345/2444/2473
f 2282/2380/2410 2283/2381/2411 2347/2446/2475 2346/2445/2474
f 2283/2381/2411 2284/2382/2412 2348/2447/2476 2347/2446/2475
f 2284/2382/2412 2285/2383/2413 2349/2448/2477 2348/2447/2476
f 2285/2383/2413 2286/2384/2414 2350/2449/2478 2349/2448/2477
f 2286/2384/2414 2287/2385/2415 2351/2450/2479 2350/2449/2478
f 2287/2385/2415 2288/2386/2416 2352/2451/2480 2351/2450/2479
f 2288/2386/2416 2289/2387/2417 2353/2452/2481 2352/2451/2480
f 2289/2387/2417 2290/2388/2418 2354/2453/2482 2353/2452/2481
f 2290/2388/2418 2291/2389/2419 2355/2454/2483 2354/2453/2482
f 2291/2389/2419 2292/2390/2420 2356/2455/2484 2355/2454/2483
f 2292/2390/2420 2293/2391/2421 2357/2456/2485 2356/2455/2484
f 2293/2391/2421 2294/2392/2422 2358/2457/2486 2357/2456/2485
f 2294/2392/2422 2295/2393/2423 2359/2458/2487 2358/2457/2486
f 2295/2393/2423 2296/2394/2424 2360/2459/2488 2359/2458/2487
f 2296/2394/2424 2297/2395/2425 2361/2460/2489 2360/2459/2488
f 2297/2395/2425 2298/2396/2426 2362/2461/2490 2361/2460/2489
f 2298/2396/2426 2299/2397/2427 2363/2462/2491 2362/2461/2490
f 2299/2397/2427 2300/2398/2428 2364/2463/2492 2363/2462/2491
f 2300/2398/2428 2301/2399/2429 2365/2464/2493 2364/2463/2492
f 2301/2399/2429 2302/2400/2430 2366/2465/2494 2365/2464/2493
f 2302/2400/2430 2303/2401/2431 2367/2466/2495 2366/2465/2494
f 2303/2401/2431 2304/2402/2432 2368/2467/2496 2367/2466/2495
f 2304/2402/2432 2305/2403/2433 2369/2468/2497 2368/2467/2496
f 2305/2403/2433 2242/2404/2371 2306/2469/2435 2369/2468/2497
f 2306/2406/2435 2307/2405/2434 2371/2470/2498 2370/2471/2499
f 2307/2405/2434 2308/2407/2436 2372/2472/2500 2371/2470/2498
f 2308/2407/2436 2309/2408/2437 2373/2473/2501 2372/2472/2500
f 2309/2408/2437 2310/2409/2438 2374/2474/2502 2373/2473/2501
f 2310/2409/2438 2311/2410/2439 2375/2475/2503 2374/2474/2502
f 2311/2410/2439 2312/2411/2440 2376/2476/2504 2375/2475/2503
f 2312/2411/2440 2313/2412/2441 2377/2477/2505 2376/2476/2504
f 2313/2412/2441 2314/2413/2442 2378/2478/2506 2377/2477/2505
f 2314/2413/2442 2315/2414/2443 2379/2479/2507 2378/2478/2506
f 2315/2414/2443 2316/2415/2444 2380/2480/2508 2379/2479/2507
f 2316/2415/2444 2317/2416/2445 2381/2481/2509 2380/2480/2508
f 2317/2416/2445 2318/2417/2446 2382/2482/2510 2381/2481/2509
f 2318/2417/2446 2319/2418/2447 2383/2483/2511 2382/2482/2510
f 2319/2418/2447 2320/2419/2448 2384/2484/2512 2383/2483/2511
f 2320/2419/2448 2321/2420/2449 2385/2485/2513 2384/2484/2512
f 2321/2420/2449 2322/2421/2450 2386/2486/2514 2385/2485/2513
f 2322/2421/2450 2323/2422/2451 2387/2487/2515 2386/2486/2514
f 2323/2422/2451 2324/2423/2452 2388/2488/2516 2387/2487/2515
f 2324/2423/2452 2325/2424/2453 2389/2489/2517 2388/2488/2516
f 2325/2424/2453 2326/2425/2454 2390/2490/2518 2389/2489/2517
f 2326/2425/2454 2327/2426/2455 2391/2491/2519 2390/2490/2518
f 2327/2426/2455 2328/2427/2456 2392/2492/2520 2391/2491/2519
f 2328/2427/2456 2329/2428/2457 2393/2493/2521 2392/2492/2520
f 2329/2428/2457 2330/2429/2458 2394/2494/2522 2393/2493/2521
f 2330/2429/2458 2331/2430/2459 2395/2495/2523 2394/2494/2522
f 2331/2430/2459 2332/2431/2460 2396/2496/2524 2395/2495/2523
f 2332/2431/2460 2333/2432/2461 2397/2497/2525 2396/2496/2524
f 2333/2432/2461 2334/2433/2462 2398/2498/2526 2397/2497/2525
f 2334/2433/2462 2335/2434/2463 2399/2499/2527 2398/2498/2526
f 2335/2434/2463 2336/2435/2464 2400/2500/2528 2399/2499/2527
f 2336/2435/2464 2337/2436/2465 2401/2501/2529 2400/2500/2528
f 2337/2436/2465 2338/2437/2466 2402/2502/2530 2401/2501/2529
f 2338/2437/2466 2339/2438/2467 2403/2503/2531 2402/2502/2530
f 2339/2438/2467 2340/2439/2468 2404/2504/2532 2403/2503/2531
f 2340/2439/2468 2341/2440/2469 2405/2505/2533 2404/2504/2532
f 2341/2440/2469 2342/2441/2470 2406/2506/2534 2405/2505/2533
f 2342/2441/2470 2343/2442/2471 2407/2507/2535 2406/2506/2534
f 2343/2442/2471 2344/2443/2472 2408/2508/2536 2407/2507/2535
f 2344/2443/2472 2345/2444/2473 2409/2509/2537 2408/2508/2536
f 2345/2444/2473 2346/2445/2474 2410/2510/2538 2409/2509/2537
f 2346/2445/2474 2347/2446/2475 2411/2511/2539 2410/2510/2538
f 2347/2446/2475 2348/2447/2476 2412/2512/2540 2411/2511/2539
f 2348/2447/2476 2349/2448/2477 2413/2513/2541 2412/2512/2540
f 2349/2448/2477 2350/2449/2478 2414/2514/2542 2413/2513/2541
f 2350/2449/2478 2351/2450/2479 2415/2515/2543 2414/2514/2542
f 2351/2450/2479 2352/2451/2480 2416/2516/2544 2415/2515/2543
f 2352/2451/2480 2353/2452/2481 2417/2517/2545 2416/2516/2544
f 2353/2452/2481 2354/2453/2482 2418/2518/2546 2417/2517/2545
f 2354/2453/2482 2355/2454/2483 2419/2519/2547 2418/2518/2546
f 2355/2454/2483 2356/2455/2484 2420/2520/2548 2419/2519/2547
f 2356/2455/2484 2357/2456/2485 2421/2521/2549 2420/2520/2548
f 2357/2456/2485 2358/2457/2486 2422/2522/2550 2421/2521/2549
f 2358/2457/2486 2359/2458/2487 2423/2523/2551 2422/2522/2550
f 2359/2458/2487 2360/2459/2488 2424/2524/2552 2423/2523/2551
f 2360/2459/2488 2361/2460/2489 2425/2525/2553 2424/2524/2552
f 2361/2460/2489 2362/2461/2490 2426/2526/2554 2425/2525/2553
f 2362/2461/2490 2363/2462/2491 2427/2527/2555 2426/2526/2554
f 2363/2462/2491 2364/2463/2492 2428/2528/2556 2427/2527/2555
f 2364/2463/2492 2365/2464/2493 2429/2529/2557 2428/2528/2556
f 2365/2464/2493 2366/2465/2494 2430/2530/2558 2429/2529/2557
f 2366/2465/2494 2367/2466/2495 2431/2531/2559 2430/2530/2558
f 2367/2466/2495 2368/2467/2496 2432/2532/2560 2431/2531/2559
f 2368/2467/2496 2369/2468/2497 2433/2533/2561 2432/2532/2560
f 2369/2468/2497 2306/2469/2435 2370/2534/2499 2433/2533/2561
f 2370/2471/2499 2371/2470/2498 2435/2535/2051 2434/2536/2050
f 2371/2470/2498 2372/2472/2500 2436/2537/2052 2435/2535/2051
f 2372/2472/2500 2373/2473/2501 2437/2538/2053 2436/2537/2052
f 2373/2473/2501 2374/2474/2502 2438/2539/2054 2437/2538/2053
f 2374/2474/2502 2375/2475/2503 2439/2540/2055 2438/2539/2054
f 2375/2475/2503 2376/2476/2504 2440/2541/2056 2439/2540/2055
f 2376/2476/2504 2377/2477/2505 2441/2542/2057 2440/2541/2056
f 2377/2477/2505 2378/2478/2506 2442/2543/2058 2441/2542/2057
f 2378/2478/2506 2379/2479/2507 2443/2544/2059 2442/2543/2058
f 2379/2479/2507 2380/2480/2508 2444/2545/2060 2443/2544/2059
f 2380/2480/2508 2381/2481/2509 2445/2546/2061 2444/2545/2060
f 2381/2481/2509 2382/2482/2510 2446/2547/2062 2445/2546/2061
f 2382/2482/2510 2383/2483/2511 2447/2548/2063 2446/2547/2062
f 2383/2483/2511 2384/2484/2512 2448/2549/2064 2447/2548/2063
f 2384/2484/2512 2385/2485/2513 2449/2550/2065 2448/2549/2064
f 2385/2485/2513 2386/2486/2514 2450/2551/2066 2449/2550/2065
f 2386/2486/2514 2387/2487/2515 2451/2552/2067 2450/2551/2066
f 2387/2487/2515 2388/2488/2516 2452/2553/2068 2451/2552/2067
f 2388/2488/2516 2389/2489/2517 2453/2554/2069 2452/2553/2068
f 2389/2489/2517 2390/2490/2518 2454/2555/2070 2453/2554/2069
f 2390/2490/2518 2391/2491/2519 2455/2556/2071 2454/2555/2070
f 2391/2491/2519 2392/2492/2520 2456/2557/2072 2455/2556/2071
f 2392/2492/2520 2393/2493/2521 2457/2558/2073 2456/2557/2072
f 2393/2493/2521 2394/2494/2522 2458/2559/2074 2457/2558/2073
f 2394/2494/2522 2395/2495/2523 2459/2560/2075 2458/2559/2074
f 2395/2495/2523 2396/2496/2524 2460/2561/2076 2459/2560/2075
f 2396/2496/2524 2397/2497/2525 2461/2562/2077 2460/2561/2076
f 2397/2497/2525 2398/2498/2526 2462/2563/2078 2461/2562/2077
f 2398/2498/2526 2399/2499/2527 2463/2564/2079 2462/2563/2078
f 2399/2499/2527 2400/2500/2528 2464/2565/2080 2463/2564/2079
f 2400/2500/2528 2401/2501/2529 2465/2566/2081 2464/2565/2080
f 2401/2501/2529 2402/2502/2530 2466/2567/2082 2465/2566/2081
f 2402/2502/2530 2403/2503/2531 2467/2568/2083 2466/2567/2082
f 2403/2503/2531 2404/2504/2532 2468/2569/2084 2467/2568/2083
f 2404/2504/2532 2405/2505/2533 2469/2570/2085 2468/2569/2084
f 2405/2505/2533 2406/2506/2534 2470/2571/2086 2469/2570/2085
f 2406/2506/2534 2407/2507/2535 2471/2572/2087 2470/2571/2086
f 2407/2507/2535 2408/2508/2536 2472/2573/2088 2471/2572/2087
f 2408/2508/2536 2409/2509/2537 2473/2574/2089 2472/2573/2088
f 2409/2509/2537 2410/2510/2538 2474/2575/2090 2473/2574/2089
f 2410/2510/2538 2411/2511/2539 2475/2576/2091 2474/2575/2090
f 2411/2511/2539 2412/2512/2540 2476/2577/2092 2475/2576/2091
f 2412/2512/2540 2413/2513/2541 2477/2578/2093 2476/2577/2092
f 2413/2513/2541 2414/2514/2542 2478/2579/2094 2477/2578/2093
f 2414/2514/2542 2415/2515/2543 2479/2580/2095 2478/2579/2094
f 2415/2515/2543 2416/2516/2544 2480/2581/2096 2479/2580/2095
f 2416/2516/2544 2417/2517/2545 2481/2582/2097 2480/2581/2096
f 2417/2517/2545 2418/2518/2546 2482/2583/2098 2481/2582/2097
f 2418/2518/2546 2419/2519/2547 2483/2584/2099 2482/2583/2098
f 2419/2519/2547 2420/2520/2548 2484/2585/2100 2483/2584/2099
f 2420/2520/2548 2421/2521/2549 2485/2586/2101 2484/2585/2100
f 2421/2521/2549 2422/2522/2550 2486/2587/2102 2485/2586/2101
f 2422/2522/2550 2423/2523/2551 2487/2588/2103 2486/2587/2102
f 2423/2523/2551 2424/2524/2552 2488/2589/2104 2487/2588/2103
f 2424/2524/2552 2425/2525/2553 2489/2590/2105 2488/2589/2104
f 2425/2525/2553 2426/2526/2554 2490/2591/2106 2489/2590/2105
f 2426/2526/2554 2427/2527/2555 2491/2592/2107 2490/2591/2106
f 2427/2527/2555 2428/2528/2556 2492/2593/2108 2491/2592/2107
f 2428/2528/2556 2429/2529/2557 2493/2594/2109 2492/2593/2108
f 2429/2529/2557 2430/2530/2558 2494/2595/2110 2493/2594/2109
f 2430/2530/2558 2431/2531/2559 2495/2596/2111 2494/2595/2110
f 2431/2531/2559 2432/2532/2560 2496/2597/2112 2495/2596/2111
f 2432/2532/2560 2433/2533/2561 2497/2598/2113 2496/2597/2112
f 2433/2533/2561 2370/2534/2499 2434/2599/2050 2497/2598/2113
f 2434/2536/2562 2435/2535/2563 2499/2600/2563 2498/2601/2562
f 2435/2535/2563 2436/2537/2564 2500/2602/2564 2499/2600/2563
f 2436/2537/2564 2437/2538/2565 2501/2603/2565 2500/2602/2564
f 2437/2538/2565 2438/2539/2566 2502/2604/2566 2501/2603/2565
f 2438/2539/2566 2439/2540/2567 2503/2605/2567 2502/2604/2566
f 2439/2540/2567 2440/2541/2568 2504/2606/2568 2503/2605/2567
f 2440/2541/2568 2441/2542/2569 2505/2607/2569 2504/2606/2568
f 2441/2542/2569 2442/2543/2570 2506/2608/2570 2505/2607/2569
f 2442/2543/2570 2443/2544/2571 2507/2609/2571 2506/2608/2570
f 2443/2544/2571 2444/2545/2572 2508/2610/2572 2507/2609/2571
f 2444/2545/2572 2445/2546/2573 2509/2611/2573 2508/2610/2572
f 2445/2546/2573 2446/2547/2574 2510/2612/2574 2509/2611/2573
f 2446/2547/2574 2447/2548/2575 2511/2613/2575 2510/2612/2574
f 2447/2548/2575 2448/2549/2576 2512/2614/2576 2511/2613/2575
f 2448/2549/2576 2449/2550/2577 2513/2615/2577 2512/2614/2576
f 2449/2550/2577 2450/2551/2578 2514/2616/2578 2513/2615/2577
f 2450/2551/2578 2451/2552/2579 2515/2617/2579 2514/2616/2578
f 2451/2552/2579 2452/2553/2580 2516/2618/2580 2515/2617/2579
f 2452/2553/2580 2453/2554/2581 2517/2619/2581 2516/2618/2580
f 2453/2554/2581 2454/2555/2582 2518/2620/2582 2517/2619/2581
f 2454/2555/2582 2455/2556/2583 2519/2621/2583 2518/2620/2582
f 2455/2556/2583 2456/2557/2584 2520/2622/2584 2519/2621/2583
f 2456/2557/2584 2457/2558/2585 2521/2623/2585 2520/2622/2584
f 2457/2558/2585 2458/2559/2586 2522/2624/2586 2521/2623/2585
f 2458/2559/2586 2459/2560/2587 2523/2625/2587 2522/2624/2586
f 2459/2560/2587 2460/2561/2588 2524/2626/2588 2523/2625/2587
f 2460/2561/2588 2461/2562/2589 2525/2627/2589 2524/2626/2588
f 2461/2562/2589 2462/2563/2590 2526/2628/2590 2525/2627/2589
f 2462/2563/2590 2463/2564/2591 2527/2629/2591 2526/2628/2590
f 2463/2564/2591 2464/2565/2592 2528/2630/2592 2527/2629/2591
f 2464/2565/2592 2465/2566/2593 2529/2631/2593 2528/2630/2592
f 2465/2566/2593 2466/2567/2594 2530/2632/2594 2529/2631/2593
f 2466/2567/2594 2467/2568/2595 2531/2633/2595 2530/2632/2594
f 2467/2568/2595 2468/2569/2596 2532/2634/2596 2531/2633/2595
f 2468/2569/2596 2469/2570/2597 2533/2635/2597 2532/2634/2596
f 2469/2570/2597 2470/2571/2598 2534/2636/2598 2533/2635/2597
f 2470/2571/2598 2471/2572/2599 2535/2637/2599 2534/2636/2598
f 2471/2572/2599 2472/2573/2600 2536/2638/2600 2535/2637/2599
f 2472/2573/2600 2473/2574/2601 2537/2639/2601 2536/2638/2600
f 2473/2574/2601 2474/2575/2602 2538/2640/2602 2537/2639/2601
f 2474/2575/2602 2475/2576/2603 2539/2641/2603 2538/2640/2602
f 2475/2576/2603 2476/2577/2604 2540/2642/2604 2539/2641/2603
f 2476/2577/2604 2477/2578/2605 2541/2643/2605 2540/2642/2604
f 2477/2578/2605 2478/2579/2606 2542/2644/2606 2541/2643/2605
f 2478/2579/2606 2479/2580/2607 2543/2645/2607 2542/2644/2606
f 2479/2580/2607 2480/2581/2608 2544/2646/2608 2543/2645/2607
f 2480/2581/2608 2481/2582/2609 2545/2647/2609 2544/2646/2608
f 2481/2582/2609 2482/2583/2610 2546/2648/2610 2545/2647/2609
f 2482/2583/2610 2483/2584/2611 2547/2649/2611 2546/2648/2610
f 2483/2584/2611 2484/2585/2612 2548/2650/2612 2547/2649/2611
f 2484/2585/2612 2485/2586/2613 2549/2651/2613 2548/2650/2612
f 2485/2586/2613 2486/2587/2614 2550/2652/2614 2549/2651/2613
f 2486/2587/2614 2487/2588/2615 2551/2653/2615 2550/2652/2614
f 2487/2588/2615 2488/2589/2616 2552/2654/2616 2551/2653/2615
f 2488/2589/2616 2489/2590/2617 2553/2655/2617 2552/2654/2616
f 2489/2590/2617 2490/2591/2618 2554/2656/2618 2553/2655/2617
f 2490/2591/2618 2491/2592/2619 2555/2657/2619 2554/2656/2618
f 2491/2592/2619 2492/2593/2620 2556/2658/2620 2555/2657/2619
f 2492/2593/2620 2493/2594/2621 2557/2659/2621 2556/2658/2620
f 2493/2594/2621 2494/2595/2622 2558/2660/2622 2557/2659/2621
f 2494/2595/2622 2495/2596/2623 2559/2661/2623 2558/2660/2622
f 2495/2596/2623 2496/2597/2624 2560/2662/2624 2559/2661/2623
f 2496/2597/2624 2497/2598/2625 2561/2663/2625 2560/2662/2624
f 2497/2598/2625 2434/2599/2562 2498/2664/2562 2561/2663/2625
f 2498/2601/2626 2499/2600/2627 2563/2665/2627 2562/2666/2626
f 2499/2600/2627 2500/2602/2628 2564/2667/2628 2563/2665/2627
f 2500/2602/2628 2501/2603/2629 2565/2668/2629 2564/2667/2628
f 2501/2603/2629 2502/2604/2630 2566/2669/2630 2565/2668/2629
f 2502/2604/2630 2503/2605/2631 2567/2670/2631 2566/2669/2630
f 2503/2605/2631 2504/2606/2632 2568/2671/2632 2567/2670/2631
f 2504/2606/2632 2505/2607/2633 2569/2672/2633 2568/2671/2632
f 2505/2607/2633 2506/2608/2634 2570/2673/2634 2569/2672/2633
f 2506/2608/2634 2507/2609/2635 2571/2674/2635 2570/2673/2634
f 2507/2609/2635 2508/2610/2636 2572/2675/2636 2571/2674/2635
f 2508/2610/2636 2509/2611/2637 2573/2676/2637 2572/2675/2636
f 2509/2611/2637 2510/2612/2638 2574/2677/2638 2573/2676/2637
f 2510/2612/2638 2511/2613/2639 2575/2678/2639 2574/2677/2638
f 2511/2613/2639 2512/2614/2640 2576/2679/2640 2575/2678/2639
f 2512/2614/2640 2513/2615/2641 2577/2680/2641 2576/2679/2640
f 2513/2615/2641 2514/2616/2642 2578/2681/2642 2577/2680/2641
f 2514/2616/2642 2515/2617/2643 2579/2682/2643 2578/2681/2642
f 2515/2617/2643 2516/2618/2644 2580/2683/2644 2579/2682/2643
f 2516/2618/2644 2517/2619/2645 2581/2684/2645 2580/2683/2644
f 2517/2619/2645 2518/2620/2646 2582/2685/2646 2581/2684/2645
f 2518/2620/2646 2519/2621/2647 2583/2686/2647 2582/2685/2646
f 2519/2621/2647 2520/2622/2648 2584/2687/2648 2583/2686/2647
f 2520/2622/2648 2521/2623/2649 2585/2688/2649 2584/2687/2648
f 2521/2623/2649 2522/2624/2650 2586/2689/2650 2585/2688/2649
f 2522/2624/2650 2523/2625/2651 2587/2690/2651 2586/2689/2650
f 2523/2625/2651 2524/2626/2652 2588/2691/2652 2587/2690/2651
f 2524/2626/2652 2525/2627/2653 2589/2692/2653 2588/2691/2652
f 2525/2627/2653 2526/2628/2654 2590/2693/2654 2589/2692/2653
f 2526/2628/2654 2527/2629/2655 2591/2694/2655 2590/2693/2654
f 2527/2629/2655 2528/2630/2656 2592/2695/2656 2591/2694/2655
f 2528/2630/2656 2529/2631/2657 2593/2696/2657 2592/2695/2656
f 2529/2631/2657 2530/2632/2658 2594/2697/2658 2593/2696/2657
f 2530/2632/2658 2531/2633/2659 2595/2698/2659 2594/2697/2658
f 2531/2633/2659 2532/2634/2660 2596/2699/2660 2595/2698/2659
f 2532/2634/2660 2533/2635/2661 2597/2700/2661 2596/2699/2660
f 2533/2635/2661 2534/2636/2662 2598/2701/2662 2597/2700/2661
f 2534/2636/2662 2535/2637/2663 2599/2702/2663 2598/2701/2662
f 2535/2637/2663 2536/2638/2664 2600/2703/2664 2599/2702/2663
f 2536/2638/2664 2537/2639/2665 2601/2704/2665 2600/2703/2664
f 2537/2639/2665 2538/2640/2666 2602/2705/2666 2601/2704/2665
f 2538/2640/2666 2539/2641/2667 2603/2706/2667 2602/2705/2666
f 2539/2641/2667 2540/2642/2668 2604/2707/2668 2603/2706/2667
f 2540/2642/2668 2541/2643/2669 2605/2708/2669 2604/2707/2668
f 2541/2643/2669 2542/2644/2670 2606/2709/2670 2605/2708/2669
f 2542/2644/2670 2543/2645/2671 2607/2710/2671 2606/2709/2670
f 2543/2645/2671 2544/2646/2672 2608/2711/2672 2607/2710/2671
f 2544/2646/2672 2545/2647/2673 2609/2712/2673 2608/2711/2672
f 2545/2647/2673 2546/2648/2674 2610/2713/2674 2609/2712/2673
f 2546/2648/2674 2547/2649/2675 2611/2714/2675 2610/2713/2674
f 2547/2649/2675 2548/2650/2676 2612/2715/2676 2611/2714/2675
f 2548/2650/2676 2549/2651/2677 2613/2716/2677 2612/2715/2676
f 2549/2651/2677 2550/2652/2678 2614/2717/2678 2613/2716/2677
f 2550/2652/2678 2551/2653/2679 2615/2718/2679 2614/2717/2678
f 2551/2653/2679 2552/2654/2680 2616/2719/2680 2615/2718/2679
f 2552/2654/2680 2553/2655/2681 2617/2720/2681 2616/2719/2680
f 2553/2655/2681 2554/2656/2682 2618/2721/2682 2617/2720/2681
f 2554/2656/2682 2555/2657/2683 2619/2722/2683 2618/2721/2682
f 2555/2657/2683 2556/2658/2684 2620/2723/2684 2619/2722/2683
f 2556/2658/2684 2557/2659/2685 2621/2724/2685 2620/2723/2684
f 2557/2659/2685 2558/2660/2686 2622/2725/2686 2621/2724/2685
f 2558/2660/2686 2559/2661/2687 2623/2726/2687 2622/2725/2686
f 2559/2661/2687 2560/2662/2688 2624/2727/2688 2623/2726/2687
f 2560/2662/2688 2561/2663/2689 2625/2728/2689 2624/2727/2688
f 2561/2663/2689 2498/2664/2626 2562/2729/2626 2625/2728/2689
f 2562/2666/2562 2563/2665/2563 2627/2730/2563 2626/2731/2562
f 2563/2665/2563 2564/2667/2564 2628/2732/2564 2627/2730/2563
f 2564/2667/2564 2565/2668/2565 2629/2733/2565 2628/2732/2564
f 2565/2668/2565 2566/2669/2566 2630/2734/2566 2629/2733/2565
f 2566/2669/2566 2567/2670/2567 2631/2735/2567 2630/2734/2566
f 2567/2670/2567 2568/2671/2690 2632/2736/2690 2631/2735/2567
f 2568/2671/2690 2569/2672/2569 2633/2737/2569 2632/2736/2690
f 2569/2672/2569 2570/2673/2570 2634/2738/2570 2633/2737/2569
f 2570/2673/2570 2571/2674/2571 2635/2739/2571 2634/2738/2570
f 2571/2674/2571 2572/2675/2572 2636/2740/2572 2635/2739/2571
f 2572/2675/2572 2573/2676/2573 2637/2741/2573 2636/2740/2572
f 2573/2676/2573 2574/2677/2574 2638/2742/2574 2637/2741/2573
f 2574/2677/2574 2575/2678/2575 2639/2743/2575 2638/2742/2574
f 2575/2678/2575 2576/2679/2576 2640/2744/2576 2639/2743/2575
f 2576/2679/2576 2577/2680/2577 2641/2745/2577 2640/2744/2576
f 2577/2680/2577 2578/2681/2578 2642/2746/2578 2641/2745/2577
f 2578/2681/2578 2579/2682/2579 2643/2747/2579 2642/2746/2578
f 2579/2682/2579 2580/2683/2580 2644/2748/2580 2643/2747/2579
f 2580/2683/2580 2581/2684/2581 2645/2749/2581 2644/2748/2580
f 2581/2684/2581 2582/2685/2582 2646/2750/2582 2645/2749/2581
f 2582/2685/2582 2583/2686/2583 2647/2751/2583 2646/2750/2582
f 2583/2686/2583 2584/2687/2584 2648/2752/2584 2647/2751/2583
f 2584/2687/2584 2585/2688/2585 2649/2753/2585 2648/2752/2584
f 2585/2688/2585 2586/2689/2586 2650/2754/2586 2649/2753/2585
f 2586/2689/2586 2587/2690/2587 2651/2755/2587 2650/2754/2586
f 2587/2690/2587 2588/2691/2588 2652/2756/2588 2651/2755/2587
f 2588/2691/2588 2589/2692/2589 2653/2757/2589 2652/2756/2588
f 2589/2692/2589 2590/2693/2590 2654/2758/2590 2653/2757/2589
f 2590/2693/2590 2591/2694/2591 2655/2759/2591 2654/2758/2590
f 2591/2694/2591 2592/2695/2592 2656/2760/2592 2655/2759/2591
f 2592/2695/2592 2593/2696/2593 2657/2761/2593 2656/2760/2592
f 2593/2696/2593 2594/2697/2594 2658/2762/2594 2657/2761/2593
f 2594/2697/2594 2595/2698/2595 2659/2763/2595 2658/2762/2594
f 2595/2698/2595 2596/2699/2596 2660/2764/2596 2659/2763/2595
f 2596/2699/2596 2597/2700/2597 2661/2765/2597 2660/2764/2596
f 2597/2700/2597 2598/2701/2598 2662/2766/2598 2661/2765/2597
f 2598/2701/2598 2599/2702/2599 2663/2767/2599 2662/2766/2598
f 2599/2702/2599 2600/2703/2691 2664/2768/2691 2663/2767/2599
f 2600/2703/2691 2601/2704/2601 2665/2769/2601 2664/2768/2691
f 2601/2704/2601 2602/2705/2602 2666/2770/2602 2665/2769/2601
f 2602/2705/2602 2603/2706/2603 2667/2771/2603 2666/2770/2602
f 2603/2706/2603 2604/2707/2604 2668/2772/2604 2667/2771/2603
f 2604/2707/2604 2605/2708/2605 2669/2773/2605 2668/2772/2604
f 2605/2708/2605 2606/2709/2606 2670/2774/2606 2669/2773/2605
f 2606/2709/2606 2607/2710/2607 2671/2775/2607 2670/2774/2606
f 2607/2710/2607 2608/2711/2608 2672/2776/2608 2671/2775/2607
f 2608/2711/2608 2609/2712/2609 2673/2777/2609 2672/2776/2608
f 2609/2712/2609 2610/2713/2610 2674/2778/2610 2673/2777/2609
f 2610/2713/2610 2611/2714/2611 2675/2779/2611 2674/2778/2610
f 2611/2714/2611 2612/2715/2612 2676/2780/2612 2675/2779/2611
f 2612/2715/2612 2613/2716/2613 2677/2781/2613 2676/2780/2612
f 2613/2716/2613 2614/2717/2614 2678/2782/2614 2677/2781/2613
f 2614/2717/2614 2615/2718/2615 2679/2783/2615 2678/2782/2614
f 2615/2718/2615 2616/2719/2616 2680/2784/2616 2679/2783/2615
f 2616/2719/2616 2617/2720/2617 2681/2785/2617 2680/2784/2616
f 2617/2720/2617 2618/2721/2618 2682/2786/2618 2681/2785/2617
f 2618/2721/2618 2619/2722/2619 2683/2787/2619 2682/2786/2618
f 2619/2722/2619 2620/2723/2620 2684/2788/2620 2683/2787/2619
f 2620/2723/2620 2621/2724/2621 2685/2789/2621 2684/2788/2620
f 2621/2724/2621 2622/2725/2622 2686/2790/2622 2685/2789/2621
f 2622/2725/2622 2623/2726/2623 2687/2791/2623 2686/2790/2622
f 2623/2726/2623 2624/2727/2624 2688/2792/2624 2687/2791/2623
f 2624/2727/2624 2625/2728/2625 2689/2793/2625 2688/2792/2624
f 2625/2728/2625 2562/2729/2562 2626/2794/2562 2689/2793/2625
f 2626/2731/2050 2627/2730/2051 2691/2795/2051 2690/2796/2050
f 2627/2730/2051 2628/2732/2052 2692/2797/2052 2691/2795/2051
f 2628/2732/2052 2629/2733/2053 2693/2798/2053 2692/2797/2052
f 2629/2733/2053 2630/2734/2054 2694/2799/2054 2693/2798/2053
f 2630/2734/2054 2631/2735/2055 2695/2800/2055 2694/2799/2054
f 2631/2735/2055 2632/2736/2056 2696/2801/2056 2695/2800/2055
f 2632/2736/2056 2633/2737/2057 2697/2802/2057 2696/2801/2056
f 2633/2737/2057 2634/2738/2058 2698/2803/2058 2697/2802/2057
f 2634/2738/2058 2635/2739/2059 2699/2804/2059 2698/2803/2058
f 2635/2739/2059 2636/2740/2060 2700/2805/2060 2699/2804/2059
f 2636/2740/2060 2637/2741/2061 2701/2806/2061 2700/2805/2060
f 2637/2741/2061 2638/2742/2062 2702/2807/2062 2701/2806/2061
f 2638/2742/2062 2639/2743/2063 2703/2808/2063 2702/2807/2062
f 2639/2743/2063 2640/2744/2064 2704/2809/2064 2703/2808/2063
f 2640/2744/2064 2641/2745/2065 2705/2810/2065 2704/2809/2064
f 2641/2745/2065 2642/2746/2066 2706/2811/2066 2705/2810/2065
f 2642/2746/2066 2643/2747/2067 2707/2812/2067 2706/2811/2066
f 2643/2747/2067 2644/2748/2068 2708/2813/2068 2707/2812/2067
f 2644/2748/2068 2645/2749/2069 2709/2814/2069 2708/2813/2068
f 2645/2749/2069 2646/2750/2070 2710/2815/2070 2709/2814/2069
f 2646/2750/2070 2647/2751/2071 2711/2816/2071 2710/2815/2070
f 2647/2751/2071 2648/2752/2072 2712/2817/2072 2711/2816/2071
f 2648/2752/2072 2649/2753/2073 2713/2818/2073 2712/2817/2072
f 2649/2753/2073 2650/2754/2074 2714/2819/2074 2713/2818/2073
f 2650/2754/2074 2651/2755/2075 2715/2820/2075 2714/2819/2074
f 2651/2755/2075 2652/2756/2076 2716/2821/2076 2715/2820/2075
f 2652/2756/2076 2653/2757/2077 2717/2822/2077 2716/2821/2076
f 2653/2757/2077 2654/2758/2078 2718/2823/2078 2717/2822/2077
f 2654/2758/2078 2655/2759/2079 2719/2824/2079 2718/2823/2078
f 2655/2759/2079 2656/2760/2080 2720/2825/2080 2719/2824/2079
f 2656/2760/2080 2657/2761/2081 2721/2826/2081 2720/2825/2080
f 2657/2761/2081 2658/2762/2082 2722/2827/2082 2721/2826/2081
f 2658/2762/2082 2659/2763/2083 2723/2828/2083 2722/2827/2082
f 2659/2763/2083 2660/2764/2084 2724/2829/2084 2723/2828/2083
f 2660/2764/2084 2661/2765/2085 2725/2830/2085 2724/2829/2084
f 2661/2765/2085 2662/2766/2086 2726/2831/2086 2725/2830/2085
f 2662/2766/2086 2663/2767/2087 2727/2832/2087 2726/2831/2086
f 2663/2767/2087 2664/2768/2088 2728/2833/2088 2727/2832/2087
f 2664/2768/2088 2665/2769/2089 2729/2834/2089 2728/2833/2088
f 2665/2769/2089 2666/2770/2090 2730/2835/2090 2729/2834/2089
f 2666/2770/2090 2667/2771/2091 2731/2836/2091 2730/2835/2090
f 2667/2771/2091 2668/2772/2092 2732/2837/2092 2731/2836/2091
f 2668/2772/2092 2669/2773/2093 2733/2838/2093 2732/2837/2092
f 2669/2773/2093 2670/2774/2094 2734/2839/2094 2733/2838/2093
f 2670/2774/2094 2671/2775/2095 2735/2840/2095 2734/2839/2094
f 2671/2775/2095 2672/2776/2096 2736/2841/2096 2735/2840/2095
f 2672/2776/2096 2673/2777/2097 2737/2842/2097 2736/2841/2096
f 2673/2777/2097 2674/2778/2098 2738/2843/2098 2737/2842/2097
f 2674/2778/2098 2675/2779/2099 2739/2844/2099 2738/2843/2098
f 2675/2779/2099 2676/2780/2100 2740/2845/2100 2739/2844/2099
f 2676/2780/2100 2677/2781/2101 2741/2846/2101 2740/2845/2100
f 2677/2781/2101 2678/2782/2102 2742/2847/2102 2741/2846/2101
f 2678/2782/2102 2679/2783/2103 2743/2848/2103 2742/2847/2102
f 2679/2783/2103 2680/2784/2104 2744/2849/2104 2743/2848/2103
f 2680/2784/2104 2681/2785/2105 2745/2850/2105 2744/2849/2104
f 2681/2785/2105 2682/2786/2106 2746/2851/2106 2745/2850/2105
f 2682/2786/2106 2683/2787/2107 2747/2852/2107 2746/2851/2106
f 2683/2787/2107 2684/2788/2108 2748/2853/2108 2747/2852/2107
f 2684/2788/2108 2685/2789/2109 2749/2854/2109 2748/2853/2108
f 2685/2789/2109 2686/2790/2110 2750/2855/2110 2749/2854/2109
f 2686/2790/2110 2687/2791/2111 2751/2856/2111 2750/2855/2110
f 2687/2791/2111 2688/2792/2112 2752/2857/2112 2751/2856/2111
f 2688/2792/2112 2689/2793/2113 2753/2858/2113 2752/2857/2112
f 2689/2793/2113 2626/2794/2050 2690/2859/2050 2753/2858/2113
f 2690/2796/2692 2691/2795/2693 2755/2860/2693 2754/2861/2692
f 2691/2795/2693 2692/2797/2694 2756/2862/2694 2755/2860/2693
f 2692/2797/2694 2693/2798/2695 2757/2863/2695 2756/2862/2694
f 2693/2798/2695 2694/2799/2696 2758/2864/2696 2757/2863/2695
f 2694/2799/2696 2695/2800/2697 2759/2865/2697 2758/2864/2696
f 2695/2800/2697 2696/2801/2698 2760/2866/2698 2759/2865/2697
f 2696/2801/2698 2697/2802/2699 2761/2867/2699 2760/2866/2698
f 2697/2802/2699 2698/2803/2700 2762/2868/2700 2761/2867/2699
f 2698/2803/2700 2699/2804/2701 2763/2869/2701 2762/2868/2700
f 2699/2804/2701 2700/2805/2702 2764/2870/2702 2763/2869/2701
f 2700/2805/2702 2701/2806/2703 2765/2871/2703 2764/2870/2702
f 2701/2806/2703 2702/2807/2704 2766/2872/2704 2765/2871/2703
f 2702/2807/2704 2703/2808/2705 2767/2873/2705 2766/2872/2704
f 2703/2808/2705 2704/2809/2706 2768/2874/2706 2767/2873/2705
f 2704/2809/2706 2705/2810/2707 2769/2875/2707 2768/2874/2706
f 2705/2810/2707 2706/2811/2708 2770/2876/2708 2769/2875/2707
f 2706/2811/2708 2707/2812/2709 2771/2877/2709 2770/2876/2708
f 2707/2812/2709 2708/2813/2710 2772/2878/2710 2771/2877/2709
f 2708/2813/2710 2709/2814/2711 2773/2879/2711 2772/2878/2710
f 2709/2814/2711 2710/2815/2712 2774/2880/2712 2773/2879/2711
f 2710/2815/2712 2711/2816/2713 2775/2881/2713 2774/2880/2712
f 2711/2816/2713 2712/2817/2714 2776/2882/2714 2775/2881/2713
f 2712/2817/2714 2713/2818/2715 2777/2883/2715 2776/2882/2714
f 2713/2818/2715 2714/2819/2716 2778/2884/2716 2777/2883/2715
f 2714/2819/2716 2715/2820/2717 2779/2885/2717 2778/2884/2716
f 2715/2820/2717 2716/2821/2718 2780/2886/2718 2779/2885/2717
f 2716/2821/2718 2717/2822/2719 2781/2887/2719 2780/2886/2718
f 2717/2822/2719 2718/2823/2720 2782/2888/2720 2781/2887/2719
f 2718/2823/2720 2719/2824/2721 2783/2889/2721 2782/2888/2720
f 2719/2824/2721 2720/2825/2722 2784/2890/2722 2783/2889/2721
f 2720/2825/2722 2721/2826/2723 2785/2891/2723 2784/2890/2722
f 2721/2826/2723 2722/2827/2724 2786/2892/2724 2785/2891/2723
f 2722/2827/2724 2723/2828/2725 2787/2893/2725 2786/2892/2724
f 2723/2828/2725 2724/2829/2726 2788/2894/2726 2787/2893/2725
f 2724/2829/2726 2725/2830/2727 2789/2895/2727 2788/2894/2726
f 2725/2830/2727 2726/2831/2728 2790/2896/2728 2789/2895/2727
f 2726/2831/2728 2727/2832/2729 2791/2897/2729 2790/2896/2728
f 2727/2832/2729 2728/2833/2730 2792/2898/2730 2791/2897/2729
f 2728/2833/2730 2729/2834/2731 2793/2899/2731 2792/2898/2730
f 2729/2834/2731 2730/2835/2732 2794/2900/2732 2793/2899/2731
f 2730/2835/2732 2731/2836/2733 2795/2901/2733 2794/2900/2732
f 2731/2836/2733 2732/2837/2734 2796/2902/2734 2795/2901/2733
f 2732/2837/2734 2733/2838/2735 2797/2903/2735 2796/2902/2734
f 2733/2838/2735 2734/2839/2736 2798/2904/2736 2797/2903/2735
f 2734/2839/2736 2735/2840/2737 2799/2905/2737 2798/2904/2736
f 2735/2840/2737 2736/2841/2738 2800/2906/2738 2799/2905/2737
f 2736/2841/2738 2737/2842/2739 2801/2907/2739 2800/2906/2738
f 2737/2842/2739 2738/2843/2740 2802/2908/2740 2801/2907/2739
f 2738/2843/2740 2739/2844/2741 2803/2909/2741 2802/2908/2740
f 2739/2844/2741 2740/2845/2742 2804/2910/2742 2803/2909/2741
f 2740/2845/2742 2741/2846/2743 2805/2911/2743 2804/2910/2742
f 2741/2846/2743 2742/2847/2744 2806/2912/2744 2805/2911/2743
f 2742/2847/2744 2743/2848/2745 2807/2913/2745 2806/2912/2744
f 2743/2848/2745 2744/2849/2746 2808/2914/2746 2807/2913/2745
f 2744/2849/2746 2745/2850/2747 2809/2915/2747 2808/2914/2746
f 2745/2850/2747 2746/2851/2748 2810/2916/2748 2809/2915/2747
f 2746/2851/2748 2747/2852/2749 2811/2917/2749 2810/2916/2748
f 2747/2852/2749 2748/2853/2750 2812/2918/2750 2811/2917/2749
f 2748/2853/2750 2749/2854/2751 2813/2919/2751 2812/2918/2750
f 2749/2854/2751 2750/2855/2752 2814/2920/2752 2813/2919/2751
f 2750/2855/2752 2751/2856/2753 2815/2921/2753 2814/2920/2752
f 2751/2856/2753 2752/2857/2754 2816/2922/2754 2815/2921/2753
f 2752/2857/2754 2753/2858/2755 2817/2923/2755 2816/2922/2754
f 2753/2858/2755 2690/2859/2692 2754/2924/2692 2817/2923/2755
f 2754/2861/2756 2755/2860/2757 2819/2925/2757 2818/2926/2756
f 2755/2860/2757 2756/2862/2758 2820/2927/2758 2819/2925/2757
f 2756/2862/2758 2757/2863/2759 2821/2928/2759 2820/2927/2758
f 2757/2863/2759 2758/2864/2760 2822/2929/2760 2821/2928/2759
f 2758/2864/2760 2759/2865/2761 2823/2930/2761 2822/2929/2760
f 2759/2865/2761 2760/2866/2762 2824/2931/2762 2823/2930/2761
f 2760/2866/2762 2761/2867/2763 2825/2932/2763 2824/2931/2762
f 2761/2867/2763 2762/2868/2764 2826/2933/2764 2825/2932/2763
f 2762/2868/2764 2763/2869/2765 2827/2934/2765 2826/2933/2764
f 2763/2869/2765 2764/2870/2766 2828/2935/2766 2827/2934/2765
f 2764/2870/2766 2765/2871/2767 2829/2936/2767 2828/2935/2766
f 2765/2871/2767 2766/2872/2768 2830/2937/2768 2829/2936/2767
f 2766/2872/2768 2767/2873/2769 2831/2938/2769 2830/2937/2768
f 2767/2873/2769 2768/2874/2770 2832/2939/2770 2831/2938/2769
f 2768/2874/2770 2769/2875/2771 2833/2940/2771 2832/2939/2770
f 2769/2875/2771 2770/2876/2772 2834/2941/2772 2833/2940/2771
f 2770/2876/2772 2771/2877/2773 2835/2942/2773 2834/2941/2772
f 2771/2877/2773 2772/2878/2774 2836/2943/2774 2835/2942/2773
f 2772/2878/2774 2773/2879/2775 2837/2944/2775 2836/2943/2774
f 2773/2879/2775 2774/2880/2776 2838/2945/2776 2837/2944/2775
f 2774/2880/2776 2775/2881/2777 2839/2946/2777 2838/2945/2776
f 2775/2881/2777 2776/2882/2778 2840/2947/2778 2839/2946/2777
f 2776/2882/2778 2777/2883/2779 2841/2948/2779 2840/2947/2778
f 2777/2883/2779 2778/2884/2780 2842/2949/2780 2841/2948/2779
f 2778/2884/2780 2779/2885/2781 2843/2950/2781 2842/2949/2780
f 2779/2885/2781 2780/2886/2782 2844/2951/2782 2843/2950/2781
f 2780/2886/2782 2781/2887/2783 2845/2952/2783 2844/2951/2782
f 2781/2887/2783 2782/2888/2784 2846/2953/2784 2845/2952/2783
f 2782/2888/2784 2783/2889/2785 2847/2954/2785 2846/2953/2784
f 2783/2889/2785 2784/2890/2786 2848/2955/2786 2847/2954/2785
f 2784/2890/2786 2785/2891/2787 2849/2956/2787 2848/2955/2786
f 2785/2891/2787 2786/2892/2788 2850/2957/2788 2849/2956/2787
f 2786/2892/2788 2787/2893/2789 2851/2958/2789 2850/2957/2788
f 2787/2893/2789 2788/2894/2790 2852/2959/2790 2851/2958/2789
f 2788/2894/2790 2789/2895/2791 2853/2960/2791 2852/2959/2790
f 2789/2895/2791 2790/2896/2792 2854/2961/2792 2853/2960/2791
f 2790/2896/2792 2791/2897/2793 2855/2962/2793 2854/2961/2792
f 2791/2897/2793 2792/2898/2794 2856/2963/2794 2855/2962/2793
f 2792/2898/2794 2793/2899/2795 2857/2964/2795 2856/2963/2794
f 2793/2899/2795 2794/2900/2796 2858/2965/2796 2857/2964/2795
f 2794/2900/2796 2795/2901/2797 2859/2966/2797 2858/2965/2796
f 2795/2901/2797 2796/2902/2798 2860/2967/2798 2859/2966/2797
f 2796/2902/2798 2797/2903/2799 2861/2968/2799 2860/2967/2798
f 2797/2903/2799 2798/2904/2800 2862/2969/2800 2861/2968/2799
f 2798/2904/2800 2799/2905/2801 2863/2970/2801 2862/2969/2800
f 2799/2905/2801 2800/2906/2802 2864/2971/2802 2863/2970/2801
f 2800/2906/2802 2801/2907/2803 2865/2972/2803 2864/2971/2802
f 2801/2907/2803 2802/2908/2804 2866/2973/2804 2865/2972/2803
f 2802/2908/2804 2803/2909/2805 2867/2974/2805 2866/2973/2804
f 2803/2909/2805 2804/2910/2806 2868/2975/2806 2867/2974/2805
f 2804/2910/2806 2805/2911/2807 2869/2976/2807 2868/2975/2806
f 2805/2911/2807 2806/2912/2808 2870/2977/2808 2869/2976/2807
f 2806/2912/2808 2807/2913/2809 2871/2978/2809 2870/2977/2808
f 2807/2913/2809 2808/2914/2810 2872/2979/2810 2871/2978/2809
f 2808/2914/2810 2809/2915/2811 2873/2980/2811 2872/2979/2810
f 2809/2915/2811 2810/2916/2812 2874/2981/2812 2873/2980/2811
f 2810/2916/2812 2811/2917/2813 2875/2982/2813 2874/2981/2812
f 2811/2917/2813 2812/2918/2814 2876/2983/2814 2875/2982/2813
f 2812/2918/2814 2813/2919/2815 2877/2984/2815 2876/2983/2814
f 2813/2919/2815 2814/2920/2816 2878/2985/2816 2877/2984/2815
f 2814/2920/2816 2815/2921/2817 2879/2986/2817 2878/2985/2816
f 2815/2921/2817 2816/2922/2818 2880/2987/2818 2879/2986/2817
f 2816/2922/2818 2817/2923/2819 2881/2988/2819 2880/2987/2818
f 2817/2923/2819 2754/2924/2756 2818/2989/2756 2881/2988/2819
f 2818/2926/2820 2819/2925/2821 2883/2990/2821 2882/2991/2820
f 2819/2925/2821 2820/2927/2822 2884/2992/2822 2883/2990/2821
f 2820/2927/2822 2821/2928/2823 2885/2993/2823 2884/2992/2822
f 2821/2928/2823 2822/2929/2824 2886/2994/2824 2885/2993/2823
f 2822/2929/2824 2823/2930/2825 2887/2995/2825 2886/2994/2824
f 2823/2930/2825 2824/2931/2826 2888/2996/2826 2887/2995/2825
f 2824/2931/2826 2825/2932/2827 2889/2997/2827 2888/2996/2826
f 2825/2932/2827 2826/2933/2828 2890/2998/2828 2889/2997/2827
f 2826/2933/2828 2827/2934/2829 2891/2999/2829 2890/2998/2828
f 2827/2934/2829 2828/2935/2830 2892/3000/2830 2891/2999/2829
f 2828/2935/2830 2829/2936/2831 2893/3001/2831 2892/3000/2830
f 2829/2936/2831 2830/2937/2832 2894/3002/2832 2893/3001/2831
f 2830/2937/2832 2831/2938/2833 2895/3003/2833 2894/3002/2832
f 2831/2938/2833 2832/2939/2834 2896/3004/2834 2895/3003/2833
f 2832/2939/2834 2833/2940/2835 2897/3005/2835 2896/3004/2834
f 2833/2940/2835 2834/2941/2836 2898/3006/2836 2897/3005/2835
f 2834/2941/2836 2835/2942/2837 2899/3007/2837 2898/3006/2836
f 2835/2942/2837 2836/2943/2838 2900/3008/2838 2899/3007/2837
f 2836/2943/2838 2837/2944/2839 2901/3009/2839 2900/3008/2838
f 2837/2944/2839 2838/2945/2840 2902/3010/2840 2901/3009/2839
f 2838/2945/2840 2839/2946/2841 2903/3011/2841 2902/3010/2840
f 2839/2946/2841 2840/2947/2842 2904/3012/2842 2903/3011/2841
f 2840/2947/2842 2841/2948/2843 2905/3013/2843 2904/3012/2842
f 2841/2948/2843 2842/2949/2844 2906/3014/2844 2905/3013/2843
f 2842/2949/2844 2843/2950/2845 2907/3015/2845 2906/3014/2844
f 2843/2950/2845 2844/2951/2846 2908/3016/2846 2907/3015/2845
f 2844/2951/2846 2845/2952/2847 2909/3017/2847 2908/3016/2846
f 2845/2952/2847 2846/2953/2848 2910/3018/2848 2909/3017/2847
f 2846/2953/2848 2847/2954/2849 2911/3019/2849 2910/3018/2848
f 2847/2954/2849 2848/2955/2850 2912/3020/2850 2911/3019/2849
f 2848/2955/2850 2849/2956/2851 2913/3021/2851 2912/3020/2850
f 2849/2956/2851 2850/2957/2852 2914/3022/2852 2913/3021/2851
f 2850/2957/2852 2851/2958/2853 2915/3023/2853 2914/3022/2852
f 2851/2958/2853 2852/2959/2854 2916/3024/2854 2915/3023/2853
f 2852/2959/2854 2853/2960/2855 2917/3025/2855 2916/3024/2854
f 2853/2960/2855 2854/2961/2856 2918/3026/2856 2917/3025/2855
f 2854/2961/2856 2855/2962/2857 2919/3027/2857 2918/3026/2856
f 2855/2962/2857 2856/2963/2858 2920/3028/2858 2919/3027/2857
f 2856/2963/2858 2857/2964/2859 2921/3029/2859 2920/3028/2858
f 2857/2964/2859 2858/2965/2860 2922/3030/2860 2921/3029/2859
f 2858/2965/2860 2859/2966/2861 2923/3031/2861 2922/3030/2860
f 2859/2966/2861 2860/2967/2862 2924/3032/2862 2923/3031/2861
f 2860/2967/2862 2861/2968/2863 2925/3033/2863 2924/3032/2862
f 2861/2968/2863 2862/2969/2864 2926/3034/2864 2925/3033/2863
f 2862/2969/2864 2863/2970/2865 2927/3035/2865 2926/3034/2864
f 2863/2970/2865 2864/2971/2866 2928/3036/2866 2927/3035/2865
f 2864/2971/2866 2865/2972/2867 2929/3037/2867 2928/3036/2866
f 2865/2972/2867 2866/2973/2868 2930/3038/2868 2929/3037/2867
f 2866/2973/2868 2867/2974/2869 2931/3039/2869 2930/3038/2868
f 2867/2974/2869 2868/2975/2870 2932/3040/2870 2931/3039/2869
f 2868/2975/2870 2869/2976/2871 2933/3041/2871 2932/3040/2870
f 2869/2976/2871 2870/2977/2872 2934/3042/2872 2933/3041/2871
f 2870/2977/2872 2871/2978/2873 2935/3043/2873 2934/3042/2872
f 2871/2978/2873 2872/2979/2874 2936/3044/2874 2935/3043/2873
f 2872/2979/2874 2873/2980/2875 2937/3045/2875 2936/3044/2874
f 2873/2980/2875 2874/2981/2876 2938/3046/2876 2937/3045/2875
f 2874/2981/2876 2875/2982/2877 2939/3047/2877 2938/3046/2876
f 2875/2982/2877 2876/2983/2878 2940/3048/2878 2939/3047/2877
f 2876/2983/2878 2877/2984/2879 2941/3049/2879 2940/3048/2878
f 2877/2984/2879 2878/2985/2880 2942/3050/2880 2941/3049/2879
f 2878/2985/2880 2879/2986/2881 2943/3051/2881 2942/3050/2880
f 2879/2986/2881 2880/2987/2882 2944/3052/2882 2943/3051/2881
f 2880/2987/2882 2881/2988/2883 2945/3053/2883 2944/3052/2882
f 2881/2988/2883 2818/2989/2820 2882/3054/2820 2945/3053/2883
f 2882/2991/2884 2883/2990/2885 2947/3055/2886 2946/3056/2887
f 2883/2990/2885 2884/2992/2888 2948/3057/2889 2947/3055/2886
f 2884/2992/2888 2885/2993/2890 2949/3058/2891 2948/3057/2889
f 2885/2993/2890 2886/2994/2892 2950/3059/2893 2949/3058/2891
f 2886/2994/2892 2887/2995/2894 2951/3060/2895 2950/3059/2893
f 2887/2995/2894 2888/2996/2896 2952/3061/2897 2951/3060/2895
f 2888/2996/2896 2889/2997/2898 2953/3062/2899 2952/3061/2897
f 2889/2997/2898 2890/2998/2900 2954/3063/2901 2953/3062/2899
f 2890/2998/2900 2891/2999/2902 2955/3064/2903 2954/3063/2901
f 2891/2999/2902 2892/3000/2904 2956/3065/2905 2955/3064/2903
f 2892/3000/2904 2893/3001/2906 2957/3066/2907 2956/3065/2905
f 2893/3001/2906 2894/3002/2908 2958/3067/2909 2957/3066/2907
f 2894/3002/2908 2895/3003/2910 2959/3068/2911 2958/3067/2909
f 2895/3003/2910 2896/3004/2912 2960/3069/2913 2959/3068/2911
f 2896/3004/2912 2897/3005/2914 2961/3070/2915 2960/3069/2913
f 2897/3005/2914 2898/3006/2916 2962/3071/2917 2961/3070/2915
f 2898/3006/2916 2899/3007/2918 2963/3072/2919 2962/3071/2917
f 2899/3007/2918 2900/3008/2920 2964/3073/2921 2963/3072/2919
f 2900/3008/2920 2901/3009/2922 2965/3074/2923 2964/3073/2921
f 2901/3009/2922 2902/3010/2924 2966/3075/2925 2965/3074/2923
f 2902/3010/2924 2903/3011/2926 2967/3076/2927 2966/3075/2925
f 2903/3011/2926 2904/3012/2928 2968/3077/2929 2967/3076/2927
f 2904/3012/2928 2905/3013/2930 2969/3078/2931 2968/3077/2929
f 2905/3013/2930 2906/3014/2932 2970/3079/2933 2969/3078/2931
f 2906/3014/2932 2907/3015/2934 2971/3080/2935 2970/3079/2933
f 2907/3015/2934 2908/3016/2936 2972/3081/2937 2971/3080/2935
f 2908/3016/2936 2909/3017/2938 2973/3082/2939 2972/3081/2937
f 2909/3017/2938 2910/3018/2940 2974/3083/2941 2973/3082/2939
f 2910/3018/2940 2911/3019/2942 2975/3084/2943 2974/3083/2941
f 2911/3019/2942 2912/3020/2944 2976/3085/2945 2975/3084/2943
f 2912/3020/2944 2913/3021/2946 2977/3086/2947 2976/3085/2945
f 2913/3021/2946 2914/3022/2948 2978/3087/2949 2977/3086/2947
f 2914/3022/2948 2915/3023/2950 2979/3088/2951 2978/3087/2949
f 2915/3023/2950 2916/3024/2952 2980/3089/2953 2979/3088/2951
f 2916/3024/2952 2917/3025/2954 2981/3090/2955 2980/3089/2953
f 2917/3025/2954 2918/3026/2956 2982/3091/2957 2981/3090/2955
f 2918/3026/2956 2919/3027/2958 2983/3092/2959 2982/3091/2957
f 2919/3027/2958 2920/3028/2960 2984/3093/2961 2983/3092/2959
f 2920/3028/2960 2921/3029/2962 2985/3094/2963 2984/3093/2961
f 2921/3029/2962 2922/3030/2964 2986/3095/2965 2985/3094/2963
f 2922/3030/2964 2923/3031/2966 2987/3096/2967 2986/3095/2965
f 2923/3031/2966 2924/3032/2968 2988/3097/2969 2987/3096/2967
f 2924/3032/2968 2925/3033/2970 2989/3098/2971 2988/3097/2969
f 2925/3033/2970 2926/3034/2972 2990/3099/2973 2989/3098/2971
f 2926/3034/2972 2927/3035/2974 2991/3100/2975 2990/3099/2973
f 2927/3035/2974 2928/3036/2976 2992/3101/2977 2991/3100/2975
f 2928/3036/2976 2929/3037/2978 2993/3102/2979 2992/3101/2977
f 2929/3037/2978 2930/3038/2980 2994/3103/2981 2993/3102/2979
f 2930/3038/2980 2931/3039/2982 2995/3104/2983 2994/3103/2981
f 2931/3039/2982 2932/3040/2984 2996/3105/2985 2995/3104/2983
f 2932/3040/2984 2933/3041/2986 2997/3106/2987 2996/3105/2985
f 2933/3041/2986 2934/3042/2988 2998/3107/2989 2997/3106/2987
f 2934/3042/2988 2935/3043/2990 2999/3108/2991 2998/3107/2989
f 2935/3043/2990 2936/3044/2992 3000/3109/2993 2999/3108/2991
f 2936/3044/2992 2937/3045/2994 3001/3110/2995 3000/3109/2993
f 2937/3045/2994 2938/3046/2996 3002/3111/2997 3001/3110/2995
f 2938/3046/2996 2939/3047/2998 3003/3112/2999 3002/3111/2997
f 2939/3047/2998 2940/3048/3000 3004/3113/3001 3003/3112/2999
f 2940/3048/3000 2941/3049/3002 3005/3114/3003 3004/3113/3001
f 2941/3049/3002 2942/3050/3004 3006/3115/3005 3005/3114/3003
f 2942/3050/3004 2943/3051/3006 3007/3116/3007 3006/3115/3005
f 2943/3051/3006 2944/3052/3008 3008/3117/3009 3007/3116/3007
f 2944/3052/3008 2945/3053/3010 3009/3118/3011 3008/3117/3009
f 2945/3053/3010 2882/3054/2884 2946/3119/2887 3009/3118/3011
f 2946/3056/2887 2947/3055/2886 3011/3120/3012 3010/3121/3013
f 2947/3055/2886 2948/3057/2889 3012/3122/3014 3011/3120/3012
f 2948/3057/2889 2949/3058/2891 3013/3123/3015 3012/3122/3014
f 2949/3058/2891 2950/3059/2893 3014/3124/3016 3013/3123/3015
f 2950/3059/2893 2951/3060/2895 3015/3125/3017 3014/3124/3016
f 2951/3060/2895 2952/3061/2897 3016/3126/3018 3015/3125/3017
f 2952/3061/2897 2953/3062/2899 3017/3127/3019 3016/3126/3018
f 2953/3062/2899 2954/3063/2901 3018/3128/3020 3017/3127/3019
f 2954/3063/2901 2955/3064/2903 3019/3129/3021 3018/3128/3020
f 2955/3064/2903 2956/3065/2905 3020/3130/3022 3019/3129/3021
f 2956/3065/2905 2957/3066/2907 3021/3131/3023 3020/3130/3022
f 2957/3066/2907 2958/3067/2909 3022/3132/3024 3021/3131/3023
f 2958/3067/2909 2959/3068/2911 3023/3133/3025 3022/3132/3024
f 2959/3068/2911 2960/3069/2913 3024/3134/3026 3023/3133/3025
f 2960/3069/2913 2961/3070/2915 3025/3135/3027 3024/3134/3026
f 2961/3070/2915 2962/3071/2917 3026/3136/3028 3025/3135/3027
f 2962/3071/2917 2963/3072/2919 3027/3137/3029 3026/3136/3028
f 2963/3072/2919 2964/3073/2921 3028/3138/3030 3027/3137/3029
f 2964/3073/2921 2965/3074/2923 3029/3139/3031 3028/3138/3030
f 2965/3074/2923 2966/3075/2925 3030/3140/3032 3029/3139/3031
f 2966/3075/2925 2967/3076/2927 3031/3141/3033 3030/3140/3032
f 2967/3076/2927 2968/3077/2929 3032/3142/3034 3031/3141/3033
f 2968/3077/2929 2969/3078/2931 3033/3143/3035 3032/3142/3034
f 2969/3078/2931 2970/3079/2933 3034/3144/3036 3033/3143/3035
f 2970/3079/2933 2971/3080/2935 3035/3145/3037 3034/3144/3036
f 2971/3080/2935 2972/3081/2937 3036/3146/3038 3035/3145/3037
f 2972/3081/2937 2973/3082/2939 3037/3147/3039 3036/3146/3038
f 2973/3082/2939 2974/3083/2941 3038/3148/3040 3037/3147/3039
f 2974/3083/2941 2975/3084/2943 3039/3149/3041 3038/3148/3040
f 2975/3084/2943 2976/3085/2945 3040/3150/3042 3039/3149/3041
f 2976/3085/2945 2977/3086/2947 3041/3151/3043 3040/3150/3042
f 2977/3086/2947 2978/3087/2949 3042/3152/3044 3041/3151/3043
f 2978/3087/2949 2979/3088/2951 3043/3153/3045 3042/3152/3044
f 2979/3088/2951 2980/3089/2953 3044/3154/3046 3043/3153/3045
f 2980/3089/2953 2981/3090/2955 3045/3155/3047 3044/3154/3046
f 2981/3090/2955 2982/3091/2957 3046/3156/3048 3045/3155/3047
f 2982/3091/2957 2983/3092/2959 3047/3157/3049 3046/3156/3048
f 2983/3092/2959 2984/3093/2961 3048/3158/3050 3047/3157/3049
f 2984/3093/2961 2985/3094/2963 3049/3159/3051 3048/3158/3050
f 2985/3094/2963 2986/3095/2965 3050/3160/3052 3049/3159/3051
f 2986/3095/2965 2987/3096/2967 3051/3161/3053 3050/3160/3052
f 2987/3096/2967 2988/3097/2969 3052/3162/3054 3051/3161/3053
f 2988/3097/2969 2989/3098/2971 3053/3163/3055 3052/3162/3054
f 2989/3098/2971 2990/3099/2973 3054/3164/3056 3053/3163/3055
f 2990/3099/2973 2991/3100/2975 3055/3165/3057 3054/3164/3056
f 2991/3100/2975 2992/3101/2977 3056/3166/3058 3055/3165/3057
f 2992/3101/2977 2993/3102/2979 3057/3167/3059 3056/3166/3058
f 2993/3102/2979 2994/3103/2981 3058/3168/3060 3057/3167/3059
f 2994/3103/2981 2995/3104/2983 3059/3169/3061 3058/3168/3060
f 2995/3104/2983 2996/3105/2985 3060/3170/3062 3059/3169/3061
f 2996/3105/2985 2997/3106/2987 3061/3171/3063 3060/3170/3062
f 2997/3106/2987 2998/3107/2989 3062/3172/3064 3061/3171/3063
f 2998/3107/2989 2999/3108/2991 3063/3173/3065 3062/3172/3064
f 2999/3108/2991 3000/3109/2993 3064/3174/3066 3063/3173/3065
f 3000/3109/2993 3001/3110/2995 3065/3175/3067 3064/3174/3066
f 3001/3110/2995 3002/3111/2997 3066/3176/3068 3065/3175/3067
f 3002/3111/2997 3003/3112/2999 3067/3177/3069 3066/3176/3068
f 3003/3112/2999 3004/3113/3001 3068/3178/3070 3067/3177/3069
f 3004/3113/3001 3005/3114/3003 3069/3179/3071 3068/3178/3070
f 3005/3114/3003 3006/3115/3005 3070/3180/3072 3069/3179/3071
f 3006/3115/3005 3007/3116/3007 3071/3181/3073 3070/3180/3072
f 3007/3116/3007 3008/3117/3009 3072/3182/3074 3071/3181/3073
f 3008/3117/3009 3009/3118/3011 3073/3183/3075 3072/3182/3074
f 3009/3118/3011 2946/3119/2887 3010/3184/3013 3073/3183/3075
f 3010/3121/3013 3011/3120/3012 3075/3185/3076 3074/3186/3077
f 3011/3120/3012 3012/3122/3014 3076/3187/3078 3075/3185/3076
f 3012/3122/3014 3013/3123/3015 3077/3188/3079 3076/3187/3078
f 3013/3123/3015 3014/3124/3016 3078/3189/3080 3077/3188/3079
f 3014/3124/3016 3015/3125/3017 3079/3190/3081 3078/3189/3080
f 3015/3125/3017 3016/3126/3018 3080/3191/3082 3079/3190/3081
f 3016/3126/3018 3017/3127/3019 3081/3192/3083 3080/3191/3082
f 3017/3127/3019 3018/3128/3020 3082/3193/3084 3081/3192/3083
f 3018/3128/3020 3019/3129/3021 3083/3194/3085 3082/3193/3084
f 3019/3129/3021 3020/3130/3022 3084/3195/3086 3083/3194/3085
f 3020/3130/3022 3021/3131/3023 3085/3196/3087 3084/3195/3086
f 3021/3131/3023 3022/3132/3024 3086/3197/3088 3085/3196/3087
f 3022/3132/3024 3023/3133/3025 3087/3198/3089 3086/3197/3088
f 3023/3133/3025 3024/3134/3026 3088/3199/3090 3087/3198/3089
f 3024/3134/3026 3025/3135/3027 3089/3200/3091 3088/3199/3090
f 3025/3135/3027 3026/3136/3028 3090/3201/3092 3089/3200/3091
f 3026/3136/3028 3027/3137/3029 3091/3202/3093 3090/3201/3092
f 3027/3137/3029 3028/3138/3030 3092/3203/3094 3091/3202/3093
f 3028/3138/3030 3029/3139/3031 3093/3204/3095 3092/3203/3094
f 3029/3139/3031 3030/3140/3032 3094/3205/3096 3093/3204/3095
f 3030/3140/3032 3031/3141/3033 3095/3206/3097 3094/3205/3096
f 3031/3141/3033 3032/3142/3034 3096/3207/3098 3095/3206/3097
f 3032/3142/3034 3033/3143/3035 3097/3208/3099 3096/3207/3098
f 3033/3143/3035 3034/3144/3036 3098/3209/3100 3097/3208/3099
f 3034/3144/3036 3035/3145/3037 3099/3210/3101 3098/3209/3100
f 3035/3145/3037 3036/3146/3038 3100/3211/3102 3099/3210/3101
f 3036/3146/3038 3037/3147/3039 3101/3212/3103 3100/3211/3102
f 3037/3147/3039 3038/3148/3040 3102/3213/3104 3101/3212/3103
f 3038/3148/3040 3039/3149/3041 3103/3214/3105 3102/3213/3104
f 3039/3149/3041 3040/3150/3042 3104/3215/3106 3103/3214/3105
f 3040/3150/3042 3041/3151/3043 3105/3216/3107 3104/3215/3106
f 3041/3151/3043 3042/3152/3044 3106/3217/3108 3105/3216/3107
f 3042/3152/3044 3043/3153/3045 3107/3218/3109 3106/3217/3108
f 3043/3153/3045 3044/3154/3046 3108/3219/3110 3107/3218/3109
f 3044/3154/3046 3045/3155/3047 3109/3220/3111 3108/3219/3110
f 3045/3155/3047 3046/3156/3048 3110/3221/3112 3109/3220/3111
f 3046/3156/3048 3047/3157/3049 3111/3222/3113 3110/3221/3112
f 3047/3157/3049 3048/3158/3050 3112/3223/3114 3111/3222/3113
f 3048/3158/3050 3049/3159/3051 3113/3224/3115 3112/3223/3114
f 3049/3159/3051 3050/3160/3052 3114/3225/3116 3113/3224/3115
f 3050/3160/3052 3051/3161/3053 3115/3226/3117 3114/3225/3116
f 3051/3161/3053 3052/3162/3054 3116/3227/3118 3115/3226/3117
f 3052/3162/3054 3053/3163/3055 3117/3228/3119 3116/3227/3118
f 3053/3163/3055 3054/3164/3056 3118/3229/3120 3117/3228/3119
f 3054/3164/3056 3055/3165/3057 3119/3230/3121 3118/3229/3120
f 3055/3165/3057 3056/3166/3058 3120/3231/3122 3119/3230/3121
f 3056/3166/3058 3057/3167/3059 3121/3232/3123 3120/3231/3122
f 3057/3167/3059 3058/3168/3060 3122/3233/3124 3121/3232/3123
f 3058/3168/3060 3059/3169/3061 3123/3234/3125 3122/3233/3124
f 3059/3169/3061 3060/3170/3062 3124/3235/3126 3123/3234/3125
f 3060/3170/3062 3061/3171/3063 3125/3236/3127 3124/3235/3126
f 3061/3171/3063 3062/3172/3064 3126/3237/3128 3125/3236/3127
f 3062/3172/3064 3063/3173/3065 3127/3238/3129 3126/3237/3128
f 3063/3173/3065 3064/3174/3066 3128/3239/3130 3127/3238/3129
f 3064/3174/3066 3065/3175/3067 3129/3240/3131 3128/3239/3130
f 3065/3175/3067 3066/3176/3068 3130/3241/3132 3129/3240/3131
f 3066/3176/3068 3067/3177/3069 3131/3242/3133 3130/3241/3132
f 3067/3177/3069 3068/3178/3070 3132/3243/3134 3131/3242/3133
f 3068/3178/3070 3069/3179/3071 3133/3244/3135 3132/3243/3134
f 3069/3179/3071 3070/3180/3072 3134/3245/3136 3133/3244/3135
f 3070/3180/3072 3071/3181/3073 3135/3246/3137 3134/3245/3136
f 3071/3181/3073 3072/3182/3074 3136/3247/3138 3135/3246/3137
f 3072/3182/3074 3073/3183/3075 3137/3248/3139 3136/3247/3138
f 3073/3183/3075 3010/3184/3013 3074/3249/3077 3137/3248/3139
f 3074/3186/3077 3075/3185/3076 3139/3250/3140 3138/3251/3141
f 3075/3185/3076 3076/3187/3078 3140/3252/3142 3139/3250/3140
f 3076/3187/3078 3077/3188/3079 3141/3253/3143 3140/3252/3142
f 3077/3188/3079 3078/3189/3080 3142/3254/3144 3141/3253/3143
f 3078/3189/3080 3079/3190/3081 3143/3255/3145 3142/3254/3144
f 3079/3190/3081 3080/3191/3082 3144/3256/3146 3143/3255/3145
f 3080/3191/3082 3081/3192/3083 3145/3257/3147 3144/3256/3146
f 3081/3192/3083 3082/3193/3084 3146/3258/3148 3145/3257/3147
f 3082/3193/3084 3083/3194/3085 3147/3259/3149 3146/3258/3148
f 3083/3194/3085 3084/3195/3086 3148/3260/3150 3147/3259/3149
f 3084/3195/3086 3085/3196/3087 3149/3261/3151 3148/3260/3150
f 3085/3196/3087 3086/3197/3088 3150/3262/3152 3149/3261/3151
f 3086/3197/3088 3087/3198/3089 3151/3263/3153 3150/3262/3152
f 3087/3198/3089 3088/3199/3090 3152/3264/3154 3151/3263/3153
f 3088/3199/3090 3089/3200/3091 3153/3265/3155 3152/3264/3154
f 3089/3200/3091 3090/3201/3092 3154/3266/3156 3153/3265/3155
f 3090/3201/3092 3091/3202/3093 3155/3267/3157 3154/3266/3156
f 3091/3202/3093 3092/3203/3094 3156/3268/3158 3155/3267/3157
f 3092/3203/3094 3093/3204/3095 3157/3269/3159 3156/3268/3158
f 3093/3204/3095 3094/3205/3096 3158/3270/3160 3157/3269/3159
f 3094/3205/3096 3095/3206/3097 3159/3271/3161 3158/3270/3160
f 3095/3206/3097 3096/3207/3098 3160/3272/3162 3159/3271/3161
f 3096/3207/3098 3097/3208/3099 3161/3273/3163 3160/3272/3162
f 3097/3208/3099 3098/3209/3100 3162/3274/3164 3161/3273/3163
f 3098/3209/3100 3099/3210/3101 3163/3275/3165 3162/3274/3164
f 3099/3210/3101 3100/3211/3102 3164/3276/3166 3163/3275/3165
f 3100/3211/3102 3101/3212/3103 3165/3277/3167 3164/3276/3166
f 3101/3212/3103 3102/3213/3104 3166/3278/3168 3165/3277/3167
f 3102/3213/3104 3103/3214/3105 3167/3279/3169 3166/3278/3168
f 3103/3214/3105 3104/3215/3106 3168/3280/3170 3167/3279/3169
f 3104/3215/3106 3105/3216/3107 3169/3281/3171 3168/3280/3170
f 3105/3216/3107 3106/3217/3108 3170/3282/3172 3169/3281/3171
f 3106/3217/3108 3107/3218/3109 3171/3283/3173 3170/3282/3172
f 3107/3218/3109 3108/3219/3110 3172/3284/3174 3171/3283/3173
f 3108/3219/3110 3109/3220/3111 3173/3285/3175 3172/3284/3174
f 3109/3220/3111 3110/3221/3112 3174/3286/3176 3173/3285/3175
f 3110/3221/3112 3111/3222/3113 3175/3287/3177 3174/3286/3176
f 3111/3222/3113 3112/3223/3114 3176/3288/3178 3175/3287/3177
f 3112/3223/3114 3113/3224/3115 3177/3289/3179 3176/3288/3178
f 3113/3224/3115 3114/3225/3116 3178/3290/3180 3177/3289/3179
f 3114/3225/3116 3115/3226/3117 3179/3291/3181 3178/3290/3180
f 3115/3226/3117 3116/3227/3118 3180/3292/3182 3179/3291/3181
f 3116/3227/3118 3117/3228/3119 3181/3293/3183 3180/3292/3182
f 3117/3228/3119 3118/3229/3120 3182/3294/3184 3181/3293/3183
f 3118/3229/3120 3119/3230/3121 3183/3295/3185 3182/3294/3184
f 3119/3230/3121 3120/3231/3122 3184/3296/3186 3183/3295/3185
f 3120/3231/3122 3121/3232/3123 3185/3297/3187 3184/3296/3186
f 3121/3232/3123 3122/3233/3124 3186/3298/3188 3185/3297/3187
f 3122/3233/3124 3123/3234/3125 3187/3299/3189 3186/3298/3188
f 3123/3234/3125 3124/3235/3126 3188/3300/3190 3187/3299/3189
f 3124/3235/3126 3125/3236/3127 3189/3301/3191 3188/3300/3190
f 3125/3236/3127 3126/3237/3128 3190/3302/3192 3189/3301/3191
f 3126/3237/3128 3127/3238/3129 3191/3303/3193 3190/3302/3192
f 3127/3238/3129 3128/3239/3130 3192/3304/3194 3191/3303/3193
f 3128/3239/3130 3129/3240/3131 3193/3305/3195 3192/3304/3194
f 3129/3240/3131 3130/3241/3132 3194/3306/3196 3193/3305/3195
f 3130/3241/3132 3131/3242/3133 3195/3307/3197 3194/3306/3196
f 3131/3242/3133 3132/3243/3134 3196/3308/3198 3195/3307/3197
f 3132/3243/3134 3133/3244/3135 3197/3309/3199 3196/3308/3198
f 3133/3244/3135 3134/3245/3136 3198/3310/3200 3197/3309/3199
f 3134/3245/3136 3135/3246/3137 3199/3311/3201 3198/3310/3200
f 3135/3246/3137 3136/3247/3138 3200/3312/3202 3199/3311/3201
f 3136/3247/3138 3137/3248/3139 3201/3313/3203 3200/3312/3202
f 3137/3248/3139 3074/3249/3077 3138/3314/3141 3201/3313/3203
f 3138/3251/3141 3139/3250/3140 3203/3315/3204 3202/3316/3205
f 3139/3250/3140 3140/3252/3142 3204/3317/3206 3203/3315/3204
f 3140/3252/3142 3141/3253/3143 3205/3318/3207 3204/3317/3206
f 3141/3253/3143 3142/3254/3144 3206/3319/3208 3205/3318/3207
f 3142/3254/3144 3143/3255/3145 3207/3320/3209 3206/3319/3208
f 3143/3255/3145 3144/3256/3146 3208/3321/3210 3207/3320/3209
f 3144/3256/3146 3145/3257/3147 3209/3322/3211 3208/3321/3210
f 3145/3257/3147 3146/3258/3148 3210/3323/3212 3209/3322/3211
f 3146/3258/3148 3147/3259/3149 3211/3324/3213 3210/3323/3212
f 3147/3259/3149 3148/3260/3150 3212/3325/3214 3211/3324/3213
f 3148/3260/3150 3149/3261/3151 3213/3326/3215 3212/3325/3214
f 3149/3261/3151 3150/3262/3152 3214/3327/3216 3213/3326/3215
f 3150/3262/3152 3151/3263/3153 3215/3328/3217 3214/3327/3216
f 3151/3263/3153 3152/3264/3154 3216/3329/3218 3215/3328/3217
f 3152/3264/3154 3153/3265/3155 3217/3330/3219 3216/3329/3218
f 3153/3265/3155 3154/3266/3156 3218/3331/3220 3217/3330/3219
f 3154/3266/3156 3155/3267/3157 3219/3332/3221 3218/3331/3220
f 3155/3267/3157 3156/3268/3158 3220/3333/3222 3219/3332/3221
f 3156/3268/3158 3157/3269/3159 3221/3334/3223 3220/3333/3222
f 3157/3269/3159 3158/3270/3160 3222/3335/3224 3221/3334/3223
f 3158/3270/3160 3159/3271/3161 3223/3336/3225 3222/3335/3224
f 3159/3271/3161 3160/3272/3162 3224/3337/3226 3223/3336/3225
f 3160/3272/3162 3161/3273/3163 3225/3338/3227 3224/3337/3226
f 3161/3273/3163 3162/3274/3164 3226/3339/3228 3225/3338/3227
f 3162/3274/3164 3163/3275/3165 3227/3340/3229 3226/3339/3228
f 3163/3275/3165 3164/3276/3166 3228/3341/3230 3227/3340/3229
f 3164/3276/3166 3165/3277/3167 3229/3342/3231 3228/3341/3230
f 3165/3277/3167 3166/3278/3168 3230/3343/3232 3229/3342/3231
f 3166/3278/3168 3167/3279/3169 3231/3344/3233 3230/3343/3232
f 3167/3279/3169 3168/3280/3170 3232/3345/3234 3231/3344/3233
f 3168/3280/3170 3169/3281/3171 3233/3346/3235 3232/3345/3234
f 3169/3281/3171 3170/3282/3172 3234/3347/3236 3233/3346/3235
f 3170/3282/3172 3171/3283/3173 3235/3348/3237 3234/3347/3236
f 3171/3283/3173 3172/3284/3174 3236/3349/3238 3235/3348/3237
f 3172/3284/3174 3173/3285/3175 3237/3350/3239 3236/3349/3238
f 3173/3285/3175 3174/3286/3176 3238/3351/3240 3237/3350/3239
f 3174/3286/3176 3175/3287/3177 3239/3352/3241 3238/3351/3240
f 3175/3287/3177 3176/3288/3178 3240/3353/3242 3239/3352/3241
f 3176/3288/3178 3177/3289/3179 3241/3354/3243 3240/3353/3242
f 3177/3289/3179 3178/3290/3180 3242/3355/3244 3241/3354/3243
f 3178/3290/3180 3179/3291/3181 3243/3356/3245 3242/3355/3244
f 3179/3291/3181 3180/3292/3182 3244/3357/3246 3243/3356/3245
f 3180/3292/3182 3181/3293/3183 3245/3358/3247 3244/3357/3246
f 3181/3293/3183 3182/3294/3184 3246/3359/3248 3245/3358/3247
f 3182/3294/3184 3183/3295/3185 3247/3360/3249 3246/3359/3248
f 3183/3295/3185 3184/3296/3186 3248/3361/3250 3247/3360/3249
f 3184/3296/3186 3185/3297/3187 3249/3362/3251 3248/3361/3250
f 3185/3297/3187 3186/3298/3188 3250/3363/3252 3249/3362/3251
f 3186/3298/3188 3187/3299/3189 3251/3364/3253 3250/3363/3252
f 3187/3299/3189 3188/3300/3190 3252/3365/3254 3251/3364/3253
f 3188/3300/3190 3189/3301/3191 3253/3366/3255 3252/3365/3254
f 3189/3301/3191 3190/3302/3192 3254/3367/3256 3253/3366/3255
f 3190/3302/3192 3191/3303/3193 3255/3368/3257 3254/3367/3256
f 3191/3303/3193 3192/3304/3194 3256/3369/3258 3255/3368/3257
f 3192/3304/3194 3193/3305/3195 3257/3370/3259 3256/3369/3258
f 3193/3305/3195 3194/3306/3196 3258/3371/3260 3257/3370/3259
f 3194/3306/3196 3195/3307/3197 3259/3372/3261 3258/3371/3260
f 3195/3307/3197 3196/3308/3198 3260/3373/3262 3259/3372/3261
f 3196/3308/3198 3197/3309/3199 3261/3374/3263 3260/3373/3262
f 3197/3309/3199 3198/3310/3200 3262/3375/3264 3261/3374/3263
f 3198/3310/3200 3199/3311/3201 3263/3376/3265 3262/3375/3264
f 3199/3311/3201 3200/3312/3202 3264/3377/3266 3263/3376/3265
f 3200/3312/3202 3201/3313/3203 3265/3378/3267 3264/3377/3266
f 3201/3313/3203 3138/3314/3141 3202/3379/3205 3265/3378/3267
f 3202/3316/3205 3203/3315/3204 3267/3380/3268 3266/3381/3269
f 3203/3315/3204 3204/3317/3206 3268/3382/3270 3267/3380/3268
f 3204/3317/3206 3205/3318/3207 3269/3383/3271 3268/3382/3270
f 3205/3318/3207 3206/3319/3208 3270/3384/3272 3269/3383/3271
f 3206/3319/3208 3207/3320/3209 3271/3385/3273 3270/3384/3272
f 3207/3320/3209 3208/3321/3210 3272/3386/3274 3271/3385/3273
f 3208/3321/3210 3209/3322/3211 3273/3387/3275 3272/3386/3274
f 3209/3322/3211 3210/3323/3212 3274/3388/3276 3273/3387/3275
f 3210/3323/3212 3211/3324/3213 3275/3389/3277 3274/3388/3276
f 3211/3324/3213 3212/3325/3214 3276/3390/3278 3275/3389/3277
f 3212/3325/3214 3213/3326/3215 3277/3391/3279 3276/3390/3278
f 3213/3326/3215 3214/3327/3216 3278/3392/3280 3277/3391/3279
f 3214/3327/3216 3215/3328/3217 3279/3393/3281 3278/3392/3280
f 3215/3328/3217 3216/3329/3218 3280/3394/3282 3279/3393/3281
f 3216/3329/3218 3217/3330/3219 3281/3395/3283 3280/3394/3282
f 3217/3330/3219 3218/3331/3220 3282/3396/3284 3281/3395/3283
f 3218/3331/3220 3219/3332/3221 3283/3397/3285 3282/3396/3284
f 3219/3332/3221 3220/3333/3222 3284/3398/3286 3283/3397/3285
f 3220/3333/3222 3221/3334/3223 3285/3399/3287 3284/3398/3286
f 3221/3334/3223 3222/3335/3224 3286/3400/3288 3285/3399/3287
f 3222/3335/3224 3223/3336/3225 3287/3401/3289 3286/3400/3288
f 3223/3336/3225 3224/3337/3226 3288/3402/3290 3287/3401/3289
f 3224/3337/3226 3225/3338/3227 3289/3403/3291 3288/3402/3290
f 3225/3338/3227 3226/3339/3228 3290/3404/3292 3289/3403/3291
f 3226/3339/3228 3227/3340/3229 3291/3405/3293 3290/3404/3292
f 3227/3340/3229 3228/3341/3230 3292/3406/3294 3291/3405/3293
f 3228/3341/3230 3229/3342/3231 3293/3407/3295 3292/3406/3294
f 3229/3342/3231 3230/3343/3232 3294/3408/3296 3293/3407/3295
f 3230/3343/3232 3231/3344/3233 3295/3409/3297 3294/3408/3296
f 3231/3344/3233 3232/3345/3234 3296/3410/3298 3295/3409/3297
f 3232/3345/3234 3233/3346/3235 3297/3411/3299 3296/3410/3298
f 3233/3346/3235 3234/3347/3236 3298/3412/3300 3297/3411/3299
f 3234/3347/3236 3235/3348/3237 3299/3413/3301 3298/3412/3300
f 3235/3348/3237 3236/3349/3238 3300/3414/3302 3299/3413/3301
f 3236/3349/3238 3237/3350/3239 3301/3415/3303 3300/3414/3302
f 3237/3350/3239 3238/3351/3240 3302/3416/3304 3301/3415/3303
f 3238/3351/3240 3239/3352/3241 3303/3417/3305 3302/3416/3304
f 3239/3352/3241 3240/3353/3242 3304/3418/3306 3303/3417/3305
f 3240/3353/3242 3241/3354/3243 3305/3419/3307 3304/3418/3306
f 3241/3354/3243 3242/3355/3244 3306/3420/3308 3305/3419/3307
f 3242/3355/3244 3243/3356/3245 3307/3421/3309 3306/3420/3308
f 3243/3356/3245 3244/3357/3246 3308/3422/3310 3307/3421/3309
f 3244/3357/3246 3245/3358/3247 3309/3423/3311 3308/3422/3310
f 3245/3358/3247 3246/3359/3248 3310/3424/3312 3309/3423/3311
f 3246/3359/3248 3247/3360/3249 3311/3425/3313 3310/3424/3312
f 3247/3360/3249 3248/3361/3250 3312/3426/3314 3311/3425/3313
f 3248/3361/3250 3249/3362/3251 3313/3427/3315 3312/3426/3314
f 3249/3362/3251 3250/3363/3252 3314/3428/3316 3313/3427/3315
f 3250/3363/3252 3251/3364/3253 3315/3429/3317 3314/3428/3316
f 3251/3364/3253 3252/3365/3254 3316/3430/3318 3315/3429/3317
f 3252/3365/3254 3253/3366/3255 3317/3431/3319 3316/3430/3318
f 3253/3366/3255 3254/3367/3256 3318/3432/3320 3317/3431/3319
f 3254/3367/3256 3255/3368/3257 3319/3433/3321 3318/3432/3320
f 3255/3368/3257 3256/3369/3258 3320/3434/3322 3319/3433/3321
f 3256/3369/3258 3257/3370/3259 3321/3435/3323 3320/3434/3322
f 3257/3370/3259 3258/3371/3260 3322/3436/3324 3321/3435/3323
f 3258/3371/3260 3259/3372/3261 3323/3437/3325 3322/3436/3324
f 3259/3372/3261 3260/3373/3262 3324/3438/3326 3323/3437/3325
f 3260/3373/3262 3261/3374/3263 3325/3439/3327 3324/3438/3326
f 3261/3374/3263 3262/3375/3264 3326/3440/3328 3325/3439/3327
f 3262/3375/3264 3263/3376/3265 3327/3441/3329 3326/3440/3328
f 3263/3376/3265 3264/3377/3266 3328/3442/3330 3327/3441/3329
f 3264/3377/3266 3265/3378/3267 3329/3443/3331 3328/3442/3330
f 3265/3378/3267 3202/3379/3205 3266/3444/3269 3329/3443/3331
f 3266/3381/3269 3267/3380/3268 3331/3445/3332 3330/3446/3333
f 3267/3380/3268 3268/3382/3270 3332/3447/3334 3331/3445/3332
f 3268/3382/3270 3269/3383/3271 3333/3448/3335 3332/3447/3334
f 3269/3383/3271 3270/3384/3272 3334/3449/3336 3333/3448/3335
f 3270/3384/3272 3271/3385/3273 3335/3450/3337 3334/3449/3336
f 3271/3385/3273 3272/3386/3274 3336/3451/3338 3335/3450/3337
f 3272/3386/3274 3273/3387/3275 3337/3452/3339 3336/3451/3338
f 3273/3387/3275 3274/3388/3276 3338/3453/3340 3337/3452/3339
f 3274/3388/3276 3275/3389/3277 3339/3454/3341 3338/3453/3340
f 3275/3389/3277 3276/3390/3278 3340/3455/3342 3339/3454/3341
f 3276/3390/3278 3277/3391/3279 3341/3456/3343 3340/3455/3342
f 3277/3391/3279 3278/3392/3280 3342/3457/3344 3341/3456/3343
f 3278/3392/3280 3279/3393/3281 3343/3458/3345 3342/3457/3344
f 3279/3393/3281 3280/3394/3282 3344/3459/3346 3343/3458/3345
f 3280/3394/3282 3281/3395/3283 3345/3460/3347 3344/3459/3346
f 3281/3395/3283 3282/3396/3284 3346/3461/3348 3345/3460/3347
f 3282/3396/3284 3283/3397/3285 3347/3462/3349 3346/3461/3348
f 3283/3397/3285 3284/3398/3286 3348/3463/3350 3347/3462/3349
f 3284/3398/3286 3285/3399/3287 3349/3464/3351 3348/3463/3350
f 3285/3399/3287 3286/3400/3288 3350/3465/3352 3349/3464/3351
f 3286/3400/3288 3287/3401/3289 3351/3466/3353 3350/3465/3352
f 3287/3401/3289 3288/3402/3290 3352/3467/3354 3351/3466/3353
f 3288/3402/3290 3289/3403/3291 3353/3468/3355 3352/3467/3354
f 3289/3403/3291 3290/3404/3292 3354/3469/3356 3353/3468/3355
f 3290/3404/3292 3291/3405/3293 3355/3470/3357 3354/3469/3356
f 3291/3405/3293 3292/3406/3294 3356/3471/3358 3355/3470/3357
f 3292/3406/3294 3293/3407/3295 3357/3472/3359 3356/3471/3358
f 3293/3407/3295 3294/3408/3296 3358/3473/3360 3357/3472/3359
f 3294/3408/3296 3295/3409/3297 3359/3474/3361 3358/3473/3360
f 3295/3409/3297 3296/3410/3298 3360/3475/3362 3359/3474/3361
f 3296/3410/3298 3297/3411/3299 3361/3476/3363 3360/3475/3362
f 3297/3411/3299 3298/3412/3300 3362/3477/3364 3361/3476/3363
f 3298/3412/3300 3299/3413/3301 3363/3478/3365 3362/3477/3364
f 3299/3413/3301 3300/3414/3302 3364/3479/3366 3363/3478/3365
f 3300/3414/3302 3301/3415/3303 3365/3480/3367 3364/3479/3366
f 3301/3415/3303 3302/3416/3304 3366/3481/3368 3365/3480/3367
f 3302/3416/3304 3303/3417/3305 3367/3482/3369 3366/3481/3368
f 3303/3417/3305 3304/3418/3306 3368/3483/3370 3367/3482/3369
f 3304/3418/3306 3305/3419/3307 3369/3484/3371 3368/3483/3370
f 3305/3419/3307 3306/3420/3308 3370/3485/3372 3369/3484/3371
f 3306/3420/3308 3307/3421/3309 3371/3486/3373 3370/3485/3372
f 3307/3421/3309 3308/3422/3310 3372/3487/3374 3371/3486/3373
f 3308/3422/3310 3309/3423/3311 3373/3488/3375 3372/3487/3374
f 3309/3423/3311 3310/3424/3312 3374/3489/3376 3373/3488/3375
f 3310/3424/3312 3311/3425/3313 3375/3490/3377 3374/3489/3376
f 3311/3425/3313 3312/3426/3314 3376/3491/3378 3375/3490/3377
f 3312/3426/3314 3313/3427/3315 3377/3492/3379 3376/3491/3378
f 3313/3427/3315 3314/3428/3316 3378/3493/3380 3377/3492/3379
f 3314/3428/3316 3315/3429/3317 3379/3494/3381 3378/3493/3380
f 3315/3429/3317 3316/3430/3318 3380/3495/3382 3379/3494/3381
f 3316/3430/3318 3317/3431/3319 3381/3496/3383 3380/3495/3382
f 3317/3431/3319 3318/3432/3320 3382/3497/3384 3381/3496/3383
f 3318/3432/3320 3319/3433/3321 3383/3498/3385 3382/3497/3384
f 3319/3433/3321 3320/3434/3322 3384/3499/3386 3383/3498/3385
f 3320/3434/3322 3321/3435/3323 3385/3500/3387 3384/3499/3386
f 3321/3435/3323 3322/3436/3324 3386/3501/3388 3385/3500/3387
f 3322/3436/3324 3323/3437/3325 3387/3502/3389 3386/3501/3388
f 3323/3437/3325 3324/3438/3326 3388/3503/3390 3387/3502/3389
f 3324/3438/3326 3325/3439/3327 3389/3504/3391 3388/3503/3390
f 3325/3439/3327 3326/3440/3328 3390/3505/3392 3389/3504/3391
f 3326/3440/3328 3327/3441/3329 3391/3506/3393 3390/3505/3392
f 3327/3441/3329 3328/3442/3330 3392/3507/3394 3391/3506/3393
f 3328/3442/3330 3329/3443/3331 3393/3508/3395 3392/3507/3394
f 3329/3443/3331 3266/3444/3269 3330/3509/3333 3393/3508/3395
f 3330/3446/3333 3331/3445/3332 3395/3510/3396 3394/3511/3397
f 3331/3445/3332 3332/3447/3334 3396/3512/3398 3395/3510/3396
f 3332/3447/3334 3333/3448/3335 3397/3513/3399 3396/3512/3398
f 3333/3448/3335 3334/3449/3336 3398/3514/3400 3397/3513/3399
f 3334/3449/3336 3335/3450/3337 3399/3515/3401 3398/3514/3400
f 3335/3450/3337 3336/3451/3338 3400/3516/3402 3399/3515/3401
f 3336/3451/3338 3337/3452/3339 3401/3517/3403 3400/3516/3402
f 3337/3452/3339 3338/3453/3340 3402/3518/3404 3401/3517/3403
f 3338/3453/3340 3339/3454/3341 3403/3519/3405 3402/3518/3404
f 3339/3454/3341 3340/3455/3342 3404/3520/3406 3403/3519/3405
f 3340/3455/3342 3341/3456/3343 3405/3521/3407 3404/3520/3406
f 3341/3456/3343 3342/3457/3344 3406/3522/3408 3405/3521/3407
f 3342/3457/3344 3343/3458/3345 3407/3523/3409 3406/3522/3408
f 3343/3458/3345 3344/3459/3346 3408/3524/3410 3407/3523/3409
f 3344/3459/3346 3345/3460/3347 3409/3525/3411 3408/3524/3410
f 3345/3460/3347 3346/3461/3348 3410/3526/3412 3409/3525/3411
f 3346/3461/3348 3347/3462/3349 3411/3527/3413 3410/3526/3412
f 3347/3462/3349 3348/3463/3350 3412/3528/3414 3411/3527/3413
f 3348/3463/3350 3349/3464/3351 3413/3529/3415 3412/3528/3414
f 3349/3464/3351 3350/3465/3352 3414/3530/3416 3413/3529/3415
f 3350/3465/3352 3351/3466/3353 3415/3531/3417 3414/3530/3416
f 3351/3466/3353 3352/3467/3354 3416/3532/3418 3415/3531/3417
f 3352/3467/3354 3353/3468/3355 3417/3533/3419 3416/3532/3418
f 3353/3468/3355 3354/3469/3356 3418/3534/3420 3417/3533/3419
f 3354/3469/3356 3355/3470/3357 3419/3535/3421 3418/3534/3420
f 3355/3470/3357 3356/3471/3358 3420/3536/3422 3419/3535/3421
f 3356/3471/3358 3357/3472/3359 3421/3537/3423 3420/3536/3422
f 3357/3472/3359 3358/3473/3360 3422/3538/3424 3421/3537/3423
f 3358/3473/3360 3359/3474/3361 3423/3539/3425 3422/3538/3424
f 3359/3474/3361 3360/3475/3362 3424/3540/3426 3423/3539/3425
f 3360/3475/3362 3361/3476/3363 3425/3541/3427 3424/3540/3426
f 3361/3476/3363 3362/3477/3364 3426/3542/3428 3425/3541/3427
f 3362/3477/3364 3363/3478/3365 3427/3543/3429 3426/3542/3428
f 3363/3478/3365 3364/3479/3366 3428/3544/3430 3427/3543/3429
f 3364/3479/3366 3365/3480/3367 3429/3545/3431 3428/3544/3430
f 3365/3480/3367 3366/3481/3368 3430/3546/3432 3429/3545/3431
f 3366/3481/3368 3367/3482/3369 3431/3547/3433 3430/3546/3432
f 3367/3482/3369 3368/3483/3370 3432/3548/3434 3431/3547/3433
f 3368/3483/3370 3369/3484/3371 3433/3549/3435 3432/3548/3434
f 3369/3484/3371 3370/3485/3372 3434/3550/3436 3433/3549/3435
f 3370/3485/3372 3371/3486/3373 3435/3551/3437 3434/3550/3436
f 3371/3486/3373 3372/3487/3374 3436/3552/3438 3435/3551/3437
f 3372/3487/3374 3373/3488/3375 3437/3553/3439 3436/3552/3438
f 3373/3488/3375 3374/3489/3376 3438/3554/3440 3437/3553/3439
f 3374/3489/3376 3375/3490/3377 3439/3555/3441 3438/3554/3440
f 3375/3490/3377 3376/3491/3378 3440/3556/3442 3439/3555/3441
f 3376/3491/3378 3377/3492/3379 3441/3557/3443 3440/3556/3442
f 3377/3492/3379 3378/3493/3380 3442/3558/3444 3441/3557/3443
f 3378/3493/3380 3379/3494/3381 3443/3559/3445 3442/3558/3444
f 3379/3494/3381 3380/3495/3382 3444/3560/3446 3443/3559/3445
f 3380/3495/3382 3381/3496/3383 3445/3561/3447 3444/3560/3446
f 3381/3496/3383 3382/3497/3384 3446/3562/3448 3445/3561/3447
f 3382/3497/3384 3383/3498/3385 3447/3563/3449 3446/3562/3448
f 3383/3498/3385 3384/3499/3386 3448/3564/3450 3447/3563/3449
f 3384/3499/3386 3385/3500/3387 3449/3565/3451 3448/3564/3450
f 3385/3500/3387 3386/3501/3388 3450/3566/3452 3449/3565/3451
f 3386/3501/3388 3387/3502/3389 3451/3567/3453 3450/3566/3452
f 3387/3502/3389 3388/3503/3390 3452/3568/3454 3451/3567/3453
f 3388/3503/3390 3389/3504/3391 3453/3569/3455 3452/3568/3454
f 3389/3504/3391 3390/3505/3392 3454/3570/3456 3453/3569/3455
f 3390/3505/3392 3391/3506/3393 3455/3571/3457 3454/3570/3456
f 3391/3506/3393 3392/3507/3394 3456/3572/3458 3455/3571/3457
f 3392/3507/3394 3393/3508/3395 3457/3573/3459 3456/3572/3458
f 3393/3508/3395 3330/3509/3333 3394/3574/3397 3457/3573/3459
f 3394/3511/3397 3395/3510/3396 3459/3575/3460 3458/3576/3461
f 3395/3510/3396 3396/3512/3398 3460/3577/3462 3459/3575/3460
f 3396/3512/3398 3397/3513/3399 3461/3578/3463 3460/3577/3462
f 3397/3513/3399 3398/3514/3400 3462/3579/3464 3461/3578/3463
f 3398/3514/3400 3399/3515/3401 3463/3580/3465 3462/3579/3464
f 3399/3515/3401 3400/3516/3402 3464/3581/3466 3463/3580/3465
f 3400/3516/3402 3401/3517/3403 3465/3582/3467 3464/3581/3466
f 3401/3517/3403 3402/3518/3404 3466/3583/3468 3465/3582/3467
f 3402/3518/3404 3403/3519/3405 3467/3584/3469 3466/3583/3468
f 3403/3519/3405 3404/3520/3406 3468/3585/3470 3467/3584/3469
f 3404/3520/3406 3405/3521/3407 3469/3586/3471 3468/3585/3470
f 3405/3521/3407 3406/3522/3408 3470/3587/3472 3469/3586/3471
f 3406/3522/3408 3407/3523/3409 3471/3588/3473 3470/3587/3472
f 3407/3523/3409 3408/3524/3410 3472/3589/3474 3471/3588/3473
f 3408/3524/3410 3409/3525/3411 3473/3590/3475 3472/3589/3474
f 3409/3525/3411 3410/3526/3412 3474/3591/3476 3473/3590/3475
f 3410/3526/3412 3411/3527/3413 3475/3592/3477 3474/3591/3476
f 3411/3527/3413 3412/3528/3414 3476/3593/3478 3475/3592/3477
f 3412/3528/3414 3413/3529/3415 3477/3594/3479 3476/3593/3478
f 3413/3529/3415 3414/3530/3416 3478/3595/3480 3477/3594/3479
f 3414/3530/3416 3415/3531/3417 3479/3596/3481 3478/3595/3480
f 3415/3531/3417 3416/3532/3418 3480/3597/3482 3479/3596/3481
f 3416/3532/3418 3417/3533/3419 3481/3598/3483 3480/3597/3482
f 3417/3533/3419 3418/3534/3420 3482/3599/3484 3481/3598/3483
f 3418/3534/3420 3419/3535/3421 3483/3600/3485 3482/3599/3484
f 3419/3535/3421 3420/3536/3422 3484/3601/3486 3483/3600/3485
f 3420/3536/3422 3421/3537/3423 3485/3602/3487 3484/3601/3486
f 3421/3537/3423 3422/3538/3424 3486/3603/3488 3485/3602/3487
f 3422/3538/3424 3423/3539/3425 3487/3604/3489 3486/3603/3488
f 3423/3539/3425 3424/3540/3426 3488/3605/3490 3487/3604/3489
f 3424/3540/3426 3425/3541/3427 3489/3606/3491 3488/3605/3490
f 3425/3541/3427 3426/3542/3428 3490/3607/3492 3489/3606/3491
f 3426/3542/3428 3427/3543/3429 3491/3608/3493 3490/3607/3492
f 3427/3543/3429 3428/3544/3430 3492/3609/3494 3491/3608/3493
f 3428/3544/3430 3429/3545/3431 3493/3610/3495 3492/3609/3494
f 3429/3545/3431 3430/3546/3432 3494/3611/3496 3493/3610/3495
f 3430/3546/3432 3431/3547/3433 3495/3612/3497 3494/3611/3496
f 3431/3547/3433 3432/3548/3434 3496/3613/3498 3495/3612/3497
f 3432/3548/3434 3433/3549/3435 3497/3614/3499 3496/3613/3498
f 3433/3549/3435 3434/3550/3436 3498/3615/3500 3497/3614/3499
f 3434/3550/3436 3435/3551/3437 3499/3616/3501 3498/3615/3500
f 3435/3551/3437 3436/3552/3438 3500/3617/3502 3499/3616/3501
f 3436/3552/3438 3437/3553/3439 3501/3618/3503 3500/3617/3502
f 3437/3553/3439 3438/3554/3440 3502/3619/3504 3501/3618/3503
f 3438/3554/3440 3439/3555/3441 3503/3620/3505 3502/3619/3504
f 3439/3555/3441 3440/3556/3442 3504/3621/3506 3503/3620/3505
f 3440/3556/3442 3441/3557/3443 3505/3622/3507 3504/3621/3506
f 3441/3557/3443 3442/3558/3444 3506/3623/3508 3505/3622/3507
f 3442/3558/3444 3443/3559/3445 3507/3624/3509 3506/3623/3508
f 3443/3559/3445 3444/3560/3446 3508/3625/3510 3507/3624/3509
f 3444/3560/3446 3445/3561/3447 3509/3626/3511 3508/3625/3510
f 3445/3561/3447 3446/3562/3448 3510/3627/3512 3509/3626/3511
f 3446/3562/3448 3447/3563/3449 3511/3628/3513 3510/3627/3512
f 3447/3563/3449 3448/3564/3450 3512/3629/3514 3511/3628/3513
f 3448/3564/3450 3449/3565/3451 3513/3630/3515 3512/3629/3514
f 3449/3565/3451 3450/3566/3452 3514/3631/3516 3513/3630/3515
f 3450/3566/3452 3451/3567/3453 3515/3632/3517 3514/3631/3516
f 3451/3567/3453 3452/3568/3454 3516/3633/3518 3515/3632/3517
f 3452/3568/3454 3453/3569/3455 3517/3634/3519 3516/3633/3518
f 3453/3569/3455 3454/3570/3456 3518/3635/3520 3517/3634/3519
f 3454/3570/3456 3455/3571/3457 3519/3636/3521 3518/3635/3520
f 3455/3571/3457 3456/3572/3458 3520/3637/3522 3519/3636/3521
f 3456/3572/3458 3457/3573/3459 3521/3638/3523 3520/3637/3522
f 3457/3573/3459 3394/3574/3397 3458/3639/3461 3521/3638/3523
f 3458/3576/3461 3459/3575/3460 3523/3640/2051 3522/3641/2050
f 3459/3575/3460 3460/3577/3462 3524/3642/2052 3523/3640/2051
f 3460/3577/3462 3461/3578/3463 3525/3643/2053 3524/3642/2052
f 3461/3578/3463 3462/3579/3464 3526/3644/2054 3525/3643/2053
f 3462/3579/3464 3463/3580/3465 3527/3645/2055 3526/3644/2054
f 3463/3580/3465 3464/3581/3466 3528/3646/2056 3527/3645/2055
f 3464/3581/3466 3465/3582/3467 3529/3647/2057 3528/3646/2056
f 3465/3582/3467 3466/3583/3468 3530/3648/2058 3529/3647/2057
f 3466/3583/3468 3467/3584/3469 3531/3649/2059 3530/3648/2058
f 3467/3584/3469 3468/3585/3470 3532/3650/2060 3531/3649/2059
f 3468/3585/3470 3469/3586/3471 3533/3651/2061 3532/3650/2060
f 3469/3586/3471 3470/3587/3472 3534/3652/2062 3533/3651/2061
f 3470/3587/3472 3471/3588/3473 3535/3653/2063 3534/3652/2062
f 3471/3588/3473 3472/3589/3474 3536/3654/2064 3535/3653/2063
f 3472/3589/3474 3473/3590/3475 3537/3655/2065 3536/3654/2064
f 3473/3590/3475 3474/3591/3476 3538/3656/2066 3537/3655/2065
f 3474/3591/3476 3475/3592/3477 3539/3657/2067 3538/3656/2066
f 3475/3592/3477 3476/3593/3478 3540/3658/2068 3539/3657/2067
f 3476/3593/3478 3477/3594/3479 3541/3659/2069 3540/3658/2068
f 3477/3594/3479 3478/3595/3480 3542/3660/2070 3541/3659/2069
f 3478/3595/3480 3479/3596/3481 3543/3661/2071 3542/3660/2070
f 3479/3596/3481 3480/3597/3482 3544/3662/2072 3543/3661/2071
f 3480/3597/3482 3481/3598/3483 3545/3663/2073 3544/3662/2072
f 3481/3598/3483 3482/3599/3484 3546/3664/2074 3545/3663/2073
f 3482/3599/3484 3483/3600/3485 3547/3665/2075 3546/3664/2074
f 3483/3600/3485 3484/3601/3486 3548/3666/2076 3547/3665/2075
f 3484/3601/3486 3485/3602/3487 3549/3667/2077 3548/3666/2076
f 3485/3602/3487 3486/3603/3488 3550/3668/2078 3549/3667/2077
f 3486/3603/3488 3487/3604/3489 3551/3669/2079 3550/3668/2078
f 3487/3604/3489 3488/3605/3490 3552/3670/2080 3551/3669/2079
f 3488/3605/3490 3489/3606/3491 3553/3671/2081 3552/3670/2080
f 3489/3606/3491 3490/3607/3492 3554/3672/2082 3553/3671/2081
f 3490/3607/3492 3491/3608/3493 3555/3673/2083 3554/3672/2082
f 3491/3608/3493 3492/3609/3494 3556/3674/2084 3555/3673/2083
f 3492/3609/3494 3493/3610/3495 3557/3675/2085 3556/3674/2084
f 3493/3610/3495 3494/3611/3496 3558/3676/2086 3557/3675/2085
f 3494/3611/3496 3495/3612/3497 3559/3677/2087 3558/3676/2086
f 3495/3612/3497 3496/3613/3498 3560/3678/2088 3559/3677/2087
f 3496/3613/3498 3497/3614/3499 3561/3679/2089 3560/3678/2088
f 3497/3614/3499 3498/3615/3500 3562/3680/2090 3561/3679/2089
f 3498/3615/3500 3499/3616/3501 3563/3681/2091 3562/3680/2090
f 3499/3616/3501 3500/3617/3502 3564/3682/2092 3563/3681/2091
f 3500/3617/3502 3501/3618/3503 3565/3683/2093 3564/3682/2092
f 3501/3618/3503 3502/3619/3504 3566/3684/2094 3565/3683/2093
f 3502/3619/3504 3503/3620/3505 3567/3685/2095 3566/3684/2094
f 3503/3620/3505 3504/3621/3506 3568/3686/2096 3567/3685/2095
f 3504/3621/3506 3505/3622/3507 3569/3687/2097 3568/3686/2096
f 3505/3622/3507 3506/3623/3508 3570/3688/2098 3569/3687/2097
f 3506/3623/3508 3507/3624/3509 3571/3689/2099 3570/3688/2098
f 3507/3624/3509 3508/3625/3510 3572/3690/2100 3571/3689/2099
f 3508/3625/3510 3509/3626/3511 3573/3691/2101 3572/3690/2100
f 3509/3626/3511 3510/3627/3512 3574/3692/2102 3573/3691/2101
f 3510/3627/3512 3511/3628/3513 3575/3693/2103 3574/3692/2102
f 3511/3628/3513 3512/3629/3514 3576/3694/2104 3575/3693/2103
f 3512/3629/3514 3513/3630/3515 3577/3695/2105 3576/3694/2104
f 3513/3630/3515 3514/3631/3516 3578/3696/2106 3577/3695/2105
f 3514/3631/3516 3515/3632/3517 3579/3697/2107 3578/3696/2106
f 3515/3632/3517 3516/3633/3518 3580/3698/2108 3579/3697/2107
f 3516/3633/3518 3517/3634/3519 3581/3699/2109 3580/3698/2108
f 3517/3634/3519 3518/3635/3520 3582/3700/2110 3581/3699/2109
f 3518/3635/3520 3519/3636/3521 3583/3701/2111 3582/3700/2110
f 3519/3636/3521 3520/3637/3522 3584/3702/2112 3583/3701/2111
f 3520/3637/3522 3521/3638/3523 3585/3703/2113 3584/3702/2112
f 3521/3638/3523 3458/3639/3461 3522/3704/2050 3585/3703/2113
f 3522/3641/3524 3523/3640/3525 3587/3705/3525 3586/3706/3524
f 3523/3640/3525 3524/3642/3526 3588/3707/3526 3587/3705/3525
f 3524/3642/3526 3525/3643/3527 3589/3708/3527 3588/3707/3526
f 3525/3643/3527 3526/3644/3528 3590/3709/3528 3589/3708/3527
f 3526/3644/3528 3527/3645/3529 3591/3710/3529 3590/3709/3528
f 3527/3645/3529 3528/3646/3530 3592/3711/3530 3591/3710/3529
f 3528/3646/3530 3529/3647/3531 3593/3712/3531 3592/3711/3530
f 3529/3647/3531 3530/3648/3532 3594/3713/3532 3593/3712/3531
f 3530/3648/3532 3531/3649/3533 3595/3714/3533 3594/3713/3532
f 3531/3649/3533 3532/3650/3534 3596/3715/3534 3595/3714/3533
f 3532/3650/3534 3533/3651/3535 3597/3716/3535 3596/3715/3534
f 3533/3651/3535 3534/3652/3536 3598/3717/3536 3597/3716/3535
f 3534/3652/3536 3535/3653/3537 3599/3718/3537 3598/3717/3536
f 3535/3653/3537 3536/3654/3538 3600/3719/3538 3599/3718/3537
f 3536/3654/3538 3537/3655/3539 3601/3720/3539 3600/3719/3538
f 3537/3655/3539 3538/3656/3540 3602/3721/3540 3601/3720/3539
f 3538/3656/3540 3539/3657/3541 3603/3722/3541 3602/3721/3540
f 3539/3657/3541 3540/3658/3542 3604/3723/3542 3603/3722/3541
f 3540/3658/3542 3541/3659/3543 3605/3724/3543 3604/3723/3542
f 3541/3659/3543 3542/3660/3544 3606/3725/3544 3605/3724/3543
f 3542/3660/3544 3543/3661/3545 3607/3726/3545 3606/3725/3544
f 3543/3661/3545 3544/3662/3546 3608/3727/3546 3607/3726/3545
f 3544/3662/3546 3545/3663/3547 3609/3728/3547 3608/3727/3546
f 3545/3663/3547 3546/3664/3548 3610/3729/3548 3609/3728/3547
f 3546/3664/3548 3547/3665/3549 3611/3730/3549 3610/3729/3548
f 3547/3665/3549 3548/3666/3550 3612/3731/3550 3611/3730/3549
f 3548/3666/3550 3549/3667/3551 3613/3732/3551 3612/3731/3550
f 3549/3667/3551 3550/3668/3552 3614/3733/3552 3613/3732/3551
f 3550/3668/3552 3551/3669/3553 3615/3734/3553 3614/3733/3552
f 3551/3669/3553 3552/3670/3554 3616/3735/3554 3615/3734/3553
f 3552/3670/3554 3553/3671/3555 3617/3736/3555 3616/3735/3554
f 3553/3671/3555 3554/3672/3556 3618/3737/3556 3617/3736/3555
f 3554/3672/3556 3555/3673/3557 3619/3738/3557 3618/3737/3556
f 3555/3673/3557 3556/3674/3558 3620/3739/3558 3619/3738/3557
f 3556/3674/3558 3557/3675/3559 3621/3740/3559 3620/3739/3558
f 3557/3675/3559 3558/3676/3560 3622/3741/3560 3621/3740/3559
f 3558/3676/3560 3559/3677/3561 3623/3742/3561 3622/3741/3560
f 3559/3677/3561 3560/3678/3562 3624/3743/3562 3623/3742/3561
f 3560/3678/3562 3561/3679/3563 3625/3744/3563 3624/3743/3562
f 3561/3679/3563 3562/3680/3564 3626/3745/3564 3625/3744/3563
f 3562/3680/3564 3563/3681/3565 3627/3746/3565 3626/3745/3564
f 3563/3681/3565 3564/3682/3566 3628/3747/3566 3627/3746/3565
f 3564/3682/3566 3565/3683/3567 3629/3748/3567 3628/3747/3566
f 3565/3683/3567 3566/3684/3568 3630/3749/3568 3629/3748/3567
f 3566/3684/3568 3567/3685/3569 3631/3750/3569 3630/3749/3568
f 3567/3685/3569 3568/3686/3570 3632/3751/3570 3631/3750/3569
f 3568/3686/3570 3569/3687/3571 3633/3752/3571 3632/3751/3570
f 3569/3687/3571 3570/3688/3572 3634/3753/3572 3633/3752/3571
f 3570/3688/3572 3571/3689/3573 3635/3754/3573 3634/3753/3572
f 3571/3689/3573 3572/3690/3574 3636/3755/3574 3635/3754/3573
f 3572/3690/3574 3573/3691/3575 3637/3756/3575 3636/3755/3574
f 3573/3691/3575 3574/3692/3576 3638/3757/3576 3637/3756/3575
f 3574/3692/3576 3575/3693/3577 3639/3758/3577 3638/3757/3576
f 3575/3693/3577 3576/3694/3578 3640/3759/3578 3639/3758/3577
f 3576/3694/3578 3577/3695/3579 3641/3760/3579 3640/3759/3578
f 3577/3695/3579 3578/3696/3580 3642/3761/3580 3641/3760/3579
f 3578/3696/3580 3579/3697/3581 3643/3762/3581 3642/3761/3580
f 3579/3697/3581 3580/3698/3582 3644/3763/3582 3643/3762/3581
f 3580/3698/3582 3581/3699/3583 3645/3764/3583 3644/3763/3582
f 3581/3699/3583 3582/3700/3584 3646/3765/3584 3645/3764/3583
f 3582/3700/3584 3583/3701/3585 3647/3766/3585 3646/3765/3584
f 3583/3701/3585 3584/3702/3586 3648/3767/3586 3647/3766/3585
f 3584/3702/3586 3585/3703/3587 3649/3768/3587 3648/3767/3586
f 3585/3703/3587 3522/3704/3524 3586/3769/3524 3649/3768/3587
f 3586/3706/3588 3587/3705/3589 3651/3770/3590 3650/3771/3591
f 3587/3705/3589 3588/3707/3592 3652/3772/3593 3651/3770/3590
f 3588/3707/3592 3589/3708/3594 3653/3773/3595 3652/3772/3593
f 3589/3708/3594 3590/3709/3596 3654/3774/3597 3653/3773/3595
f 3590/3709/3596 3591/3710/3598 3655/3775/3599 3654/3774/3597
f 3591/3710/3598 3592/3711/3600 3656/3776/3601 3655/3775/3599
f 3592/3711/3600 3593/3712/3602 3657/3777/3603 3656/3776/3601
f 3593/3712/3602 3594/3713/3604 3658/3778/3605 3657/3777/3603
f 3594/3713/3604 3595/3714/3606 3659/3779/3607 3658/3778/3605
f 3595/3714/3606 3596/3715/3608 3660/3780/3609 3659/3779/3607
f 3596/3715/3608 3597/3716/3610 3661/3781/3611 3660/3780/3609
f 3597/3716/3610 3598/3717/3612 3662/3782/3613 3661/3781/3611
f 3598/3717/3612 3599/3718/3614 3663/3783/3615 3662/3782/3613
f 3599/3718/3614 3600/3719/3616 3664/3784/3617 3663/3783/3615
f 3600/3719/3616 3601/3720/3618 3665/3785/3619 3664/3784/3617
f 3601/3720/3618 3602/3721/3620 3666/3786/3621 3665/3785/3619
f 3602/3721/3620 3603/3722/3622 3667/3787/3623 3666/3786/3621
f 3603/3722/3622 3604/3723/3624 3668/3788/3625 3667/3787/3623
f 3604/3723/3624 3605/3724/3626 3669/3789/3627 3668/3788/3625
f 3605/3724/3626 3606/3725/3628 3670/3790/3629 3669/3789/3627
f 3606/3725/3628 3607/3726/3630 3671/3791/3631 3670/3790/3629
f 3607/3726/3630 3608/3727/3632 3672/3792/3633 3671/3791/3631
f 3608/3727/3632 3609/3728/3634 3673/3793/3635 3672/3792/3633
f 3609/3728/3634 3610/3729/3636 3674/3794/3637 3673/3793/3635
f 3610/3729/3636 3611/3730/3638 3675/3795/3639 3674/3794/3637
f 3611/3730/3638 3612/3731/3640 3676/3796/3641 3675/3795/3639
f 3612/3731/3640 3613/3732/3642 3677/3797/3643 3676/3796/3641
f 3613/3732/3642 3614/3733/3644 3678/3798/3645 3677/3797/3643
f 3614/3733/3644 3615/3734/3646 3679/3799/3647 3678/3798/3645
f 3615/3734/3646 3616/3735/3648 3680/3800/3649 3679/3799/3647
f 3616/3735/3648 3617/3736/3650 3681/3801/3651 3680/3800/3649
f 3617/3736/3650 3618/3737/3652 3682/3802/3653 3681/3801/3651
f 3618/3737/3652 3619/3738/3654 3683/3803/3655 3682/3802/3653
f 3619/3738/3654 3620/3739/3656 3684/3804/3657 3683/3803/3655
f 3620/3739/3656 3621/3740/3658 3685/3805/3659 3684/3804/3657
f 3621/3740/3658 3622/3741/3660 3686/3806/3661 3685/3805/3659
f 3622/3741/3660 3623/3742/3662 3687/3807/3663 3686/3806/3661
f 3623/3742/3662 3624/3743/3664 3688/3808/3665 3687/3807/3663
f 3624/3743/3664 3625/3744/3666 3689/3809/3667 3688/3808/3665
f 3625/3744/3666 3626/3745/3668 3690/3810/3669 3689/3809/3667
f 3626/3745/3668 3627/3746/3670 3691/3811/3671 3690/3810/3669
f 3627/3746/3670 3628/3747/3672 3692/3812/3673 3691/3811/3671
f 3628/3747/3672 3629/3748/3674 3693/3813/3675 3692/3812/3673
f 3629/3748/3674 3630/3749/3676 3694/3814/3677 3693/3813/3675
f 3630/3749/3676 3631/3750/3678 3695/3815/3679 3694/3814/3677
f 3631/3750/3678 3632/3751/3680 3696/3816/3681 3695/3815/3679
f 3632/3751/3680 3633/3752/3682 3697/3817/3683 3696/3816/3681
f 3633/3752/3682 3634/3753/3684 3698/3818/3685 3697/3817/3683
f 3634/3753/3684 3635/3754/3686 3699/3819/3687 3698/3818/3685
f 3635/3754/3686 3636/3755/3688 3700/3820/3689 3699/3819/3687
f 3636/3755/3688 3637/3756/3690 3701/3821/3691 3700/3820/3689
f 3637/3756/3690 3638/3757/3692 3702/3822/3693 3701/3821/3691
f 3638/3757/3692 3639/3758/3694 3703/3823/3695 3702/3822/3693
f 3639/3758/3694 3640/3759/3696 3704/3824/3697 3703/3823/3695
f 3640/3759/3696 3641/3760/3698 3705/3825/3699 3704/3824/3697
f 3641/3760/3698 3642/3761/3700 3706/3826/3701 3705/3825/3699
f 3642/3761/3700 3643/3762/3702 3707/3827/3703 3706/3826/3701
f 3643/3762/3702 3644/3763/3704 3708/3828/3705 3707/3827/3703
f 3644/3763/3704 3645/3764/3706 3709/3829/3707 3708/3828/3705
f 3645/3764/3706 3646/3765/3708 3710/3830/3709 3709/3829/3707
f 3646/3765/3708 3647/3766/3710 3711/3831/3711 3710/3830/3709
f 3647/3766/3710 3648/3767/3712 3712/3832/3713 3711/3831/3711
f 3648/3767/3712 3649/3768/3714 3713/3833/3715 3712/3832/3713
f 3649/3768/3714 3586/3769/3588 3650/3834/3591 3713/3833/3715
f 3650/3771/3591 3651/3770/3590 3715/3835/3716 3714/3836/3717
f 3651/3770/3590 3652/3772/3593 3716/3837/3718 3715/3835/3716
f 3652/3772/3593 3653/3773/3595 3717/3838/3719 3716/3837/3718
f 3653/3773/3595 3654/3774/3597 3718/3839/3720 3717/3838/3719
f 3654/3774/3597 3655/3775/3599 3719/3840/3721 3718/3839/3720
f 3655/3775/3599 3656/3776/3601 3720/3841/3722 3719/3840/3721
f 3656/3776/3601 3657/3777/3603 3721/3842/3723 3720/3841/3722
f 3657/3777/3603 3658/3778/3605 3722/3843/3724 3721/3842/3723
f 3658/3778/3605 3659/3779/3607 3723/3844/3725 3722/3843/3724
f 3659/3779/3607 3660/3780/3609 3724/3845/3726 3723/3844/3725
f 3660/3780/3609 3661/3781/3611 3725/3846/3727 3724/3845/3726
f 3661/3781/3611 3662/3782/3613 3726/3847/3728 3725/3846/3727
f 3662/3782/3613 3663/3783/3615 3727/3848/3729 3726/3847/3728
f 3663/3783/3615 3664/3784/3617 3728/3849/3730 3727/3848/3729
f 3664/3784/3617 3665/3785/3619 3729/3850/3731 3728/3849/3730
f 3665/3785/3619 3666/3786/3621 3730/3851/3732 3729/3850/3731
f 3666/3786/3621 3667/3787/3623 3731/3852/3733 3730/3851/3732
f 3667/3787/3623 3668/3788/3625 3732/3853/3734 3731/3852/3733
f 3668/3788/3625 3669/3789/3627 3733/3854/3735 3732/3853/3734
f 3669/3789/3627 3670/3790/3629 3734/3855/3736 3733/3854/3735
f 3670/3790/3629 3671/3791/3631 3735/3856/3737 3734/3855/3736
f 3671/3791/3631 3672/3792/3633 3736/3857/3738 3735/3856/3737
f 3672/3792/3633 3673/3793/3635 3737/3858/3739 3736/3857/3738
f 3673/3793/3635 3674/3794/3637 3738/3859/3740 3737/3858/3739
f 3674/3794/3637 3675/3795/3639 3739/3860/3741 3738/3859/3740
f 3675/3795/3639 3676/3796/3641 3740/3861/3742 3739/3860/3741
f 3676/3796/3641 3677/3797/3643 3741/3862/3743 3740/3861/3742
f 3677/3797/3643 3678/3798/3645 3742/3863/3744 3741/3862/3743
f 3678/3798/3645 3679/3799/3647 3743/3864/3745 3742/3863/3744
f 3679/3799/3647 3680/3800/3649 3744/3865/3746 3743/3864/3745
f 3680/3800/3649 3681/3801/3651 3745/3866/3747 3744/3865/3746
f 3681/3801/3651 3682/3802/3653 3746/3867/3748 3745/3866/3747
f 3682/3802/3653 3683/3803/3655 3747/3868/3749 3746/3867/3748
f 3683/3803/3655 3684/3804/3657 3748/3869/3750 3747/3868/3749
f 3684/3804/3657 3685/3805/3659 3749/3870/3751 3748/3869/3750
f 3685/3805/3659 3686/3806/3661 3750/3871/3752 3749/3870/3751
f 3686/3806/3661 3687/3807/3663 3751/3872/3753 3750/3871/3752
f 3687/3807/3663 3688/3808/3665 3752/3873/3754 3751/3872/3753
f 3688/3808/3665 3689/3809/3667 3753/3874/3755 3752/3873/3754
f 3689/3809/3667 3690/3810/3669 3754/3875/3756 3753/3874/3755
f 3690/3810/3669 3691/3811/3671 3755/3876/3757 3754/3875/3756
f 3691/3811/3671 3692/3812/3673 3756/3877/3758 3755/3876/3757
f 3692/3812/3673 3693/3813/3675 3757/3878/3759 3756/3877/3758
f 3693/3813/3675 3694/3814/3677 3758/3879/3760 3757/3878/3759
f 3694/3814/3677 3695/3815/3679 3759/3880/3761 3758/3879/3760
f 3695/3815/3679 3696/3816/3681 3760/3881/3762 3759/3880/3761
f 3696/3816/3681 3697/3817/3683 3761/3882/3763 3760/3881/3762
f 3697/3817/3683 3698/3818/3685 3762/3883/3764 3761/3882/3763
f 3698/3818/3685 3699/3819/3687 3763/3884/3765 3762/3883/3764
f 3699/3819/3687 3700/3820/3689 3764/3885/3766 3763/3884/3765
f 3700/3820/3689 3701/3821/3691 3765/3886/3767 3764/3885/3766
f 3701/3821/3691 3702/3822/3693 3766/3887/3768 3765/3886/3767
f 3702/3822/3693 3703/3823/3695 3767/3888/3769 3766/3887/3768
f 3703/3823/3695 3704/3824/3697 3768/3889/3770 3767/3888/3769
f 3704/3824/3697 3705/3825/3699 3769/3890/3771 3768/3889/3770
f 3705/3825/3699 3706/3826/3701 3770/3891/3772 3769/3890/3771
f 3706/3826/3701 3707/3827/3703 3771/3892/3773 3770/3891/3772
f 3707/3827/3703 3708/3828/3705 3772/3893/3774 3771/3892/3773
f 3708/3828/3705 3709/3829/3707 3773/3894/3775 3772/3893/3774
f 3709/3829/3707 3710/3830/3709 3774/3895/3776 3773/3894/3775
f 3710/3830/3709 3711/3831/3711 3775/3896/3777 3774/3895/3776
f 3711/3831/3711 3712/3832/3713 3776/3897/3778 3775/3896/3777
f 3712/3832/3713 3713/3833/3715 3777/3898/3779 3776/3897/3778
f 3713/3833/3715 3650/3834/3591 3714/3899/3717 3777/3898/3779
f 3714/3836/3717 3715/3835/3716 3779/3900/3780 3778/3901/3781
f 3715/3835/3716 3716/3837/3718 3780/3902/3782 3779/3900/3780
f 3716/3837/3718 3717/3838/3719 3781/3903/3783 3780/3902/3782
f 3717/3838/3719 3718/3839/3720 3782/3904/3784 3781/3903/3783
f 3718/3839/3720 3719/3840/3721 3783/3905/3785 3782/3904/3784
f 3719/3840/3721 3720/3841/3722 3784/3906/3786 3783/3905/3785
f 3720/3841/3722 3721/3842/3723 3785/3907/3787 3784/3906/3786
f 3721/3842/3723 3722/3843/3724 3786/3908/3788 3785/3907/3787
f 3722/3843/3724 3723/3844/3725 3787/3909/3789 3786/3908/3788
f 3723/3844/3725 3724/3845/3726 3788/3910/3790 3787/3909/3789
f 3724/3845/3726 3725/3846/3727 3789/3911/3791 3788/3910/3790
f 3725/3846/3727 3726/3847/3728 3790/3912/3792 3789/3911/3791
f 3726/3847/3728 3727/3848/3729 3791/3913/3793 3790/3912/3792
f 3727/3848/3729 3728/3849/3730 3792/3914/3794 3791/3913/3793
f 3728/3849/3730 3729/3850/3731 3793/3915/3795 3792/3914/3794
f 3729/3850/3731 3730/3851/3732 3794/3916/3796 3793/3915/3795
f 3730/3851/3732 3731/3852/3733 3795/3917/3797 3794/3916/3796
f 3731/3852/3733 3732/3853/3734 3796/3918/3798 3795/3917/3797
f 3732/3853/3734 3733/3854/3735 3797/3919/3799 3796/3918/3798
f 3733/3854/3735 3734/3855/3736 3798/3920/3800 3797/3919/3799
f 3734/3855/3736 3735/3856/3737 3799/3921/3801 3798/3920/3800
f 3735/3856/3737 3736/3857/3738 3800/3922/3802 3799/3921/3801
f 3736/3857/3738 3737/3858/3739 3801/3923/3803 3800/3922/3802
f 3737/3858/3739 3738/3859/3740 3802/3924/3804 3801/3923/3803
f 3738/3859/3740 3739/3860/3741 3803/3925/3805 3802/3924/3804
f 3739/3860/3741 3740/3861/3742 3804/3926/3806 3803/3925/3805
f 3740/3861/3742 3741/3862/3743 3805/3927/3807 3804/3926/3806
f 3741/3862/3743 3742/3863/3744 3806/3928/3808 3805/3927/3807
f 3742/3863/3744 3743/3864/3745 3807/3929/3809 3806/3928/3808
f 3743/3864/3745 3744/3865/3746 3808/3930/3810 3807/3929/3809
f 3744/3865/3746 3745/3866/3747 3809/3931/3811 3808/3930/3810
f 3745/3866/3747 3746/3867/3748 3810/3932/3812 3809/3931/3811
f 3746/3867/3748 3747/3868/3749 3811/3933/3813 3810/3932/3812
f 3747/3868/3749 3748/3869/3750 3812/3934/3814 3811/3933/3813
f 3748/3869/3750 3749/3870/3751 3813/3935/3815 3812/3934/3814
f 3749/3870/3751 3750/3871/3752 3814/3936/3816 3813/3935/3815
f 3750/3871/3752 3751/3872/3753 3815/3937/3817 3814/3936/3816
f 3751/3872/3753 3752/3873/3754 3816/3938/3818 3815/3937/3817
f 3752/3873/3754 3753/3874/3755 3817/3939/3819 3816/3938/3818
f 3753/3874/3755 3754/3875/3756 3818/3940/3820 3817/3939/3819
f 3754/3875/3756 3755/3876/3757 3819/3941/3821 3818/3940/3820
f 3755/3876/3757 3756/3877/3758 3820/3942/3822 3819/3941/3821
f 3756/3877/3758 3757/3878/3759 3821/3943/3823 3820/3942/3822
f 3757/3878/3759 3758/3879/3760 3822/3944/3824 3821/3943/3823
f 3758/3879/3760 3759/3880/3761 3823/3945/3825 3822/3944/3824
f 3759/3880/3761 3760/3881/3762 3824/3946/3826 3823/3945/3825
f 3760/3881/3762 3761/3882/3763 3825/3947/3827 3824/3946/3826
f 3761/3882/3763 3762/3883/3764 3826/3948/3828 3825/3947/3827
f 3762/3883/3764 3763/3884/3765 3827/3949/3829 3826/3948/3828
f 3763/3884/3765 3764/3885/3766 3828/3950/3830 3827/3949/3829
f 3764/3885/3766 3765/3886/3767 3829/3951/3831 3828/3950/3830
f 3765/3886/3767 3766/3887/3768 3830/3952/3832 3829/3951/3831
f 3766/3887/3768 3767/3888/3769 3831/3953/3833 3830/3952/3832
f 3767/3888/3769 3768/3889/3770 3832/3954/3834 3831/3953/3833
f 3768/3889/3770 3769/3890/3771 3833/3955/3835 3832/3954/3834
f 3769/3890/3771 3770/3891/3772 3834/3956/3836 3833/3955/3835
f 3770/3891/3772 3771/3892/3773 3835/3957/3837 3834/3956/3836
f 3771/3892/3773 3772/3893/3774 3836/3958/3838 3835/3957/3837
f 3772/3893/3774 3773/3894/3775 3837/3959/3839 3836/3958/3838
f 3773/3894/3775 3774/3895/3776 3838/3960/3840 3837/3959/3839
f 3774/3895/3776 3775/3896/3777 3839/3961/3841 3838/3960/3840
f 3775/3896/3777 3776/3897/3778 3840/3962/3842 3839/3961/3841
f 3776/3897/3778 3777/3898/3779 3841/3963/3843 3840/3962/3842
f 3777/3898/3779 3714/3899/3717 3778/3964/3781 3841/3963/3843
f 3778/3901/3781 3779/3900/3780 3843/3965/3844 3842/3966/3845
f 3779/3900/3780 3780/3902/3782 3844/3967/3846 3843/3965/3844
f 3780/3902/3782 3781/3903/3783 3845/3968/3847 3844/3967/3846
f 3781/3903/3783 3782/3904/3784 3846/3969/3848 3845/3968/3847
f 3782/3904/3784 3783/3905/3785 3847/3970/3849 3846/3969/3848
f 3783/3905/3785 3784/3906/3786 3848/3971/3850 3847/3970/3849
f 3784/3906/3786 3785/3907/3787 3849/3972/3851 3848/3971/3850
f 3785/3907/3787 3786/3908/3788 3850/3973/3852 3849/3972/3851
f 3786/3908/3788 3787/3909/3789 3851/3974/3853 3850/3973/3852
f 3787/3909/3789 3788/3910/3790 3852/3975/3854 3851/3974/3853
f 3788/3910/3790 3789/3911/3791 3853/3976/3855 3852/3975/3854
f 3789/3911/3791 3790/3912/3792 3854/3977/3856 3853/3976/3855
f 3790/3912/3792 3791/3913/3793 3855/3978/3857 3854/3977/3856
f 3791/3913/3793 3792/3914/3794 3856/3979/3858 3855/3978/3857
f 3792/3914/3794 3793/3915/3795 3857/3980/3859 3856/3979/3858
f 3793/3915/3795 3794/3916/3796 3858/3981/3860 3857/3980/3859
f 3794/3916/3796 3795/3917/3797 3859/3982/3861 3858/3981/3860
f 3795/3917/3797 3796/3918/3798 3860/3983/3862 3859/3982/3861
f 3796/3918/3798 3797/3919/3799 3861/3984/3863 3860/3983/3862
f 3797/3919/3799 3798/3920/3800 3862/3985/3864 3861/3984/3863
f 3798/3920/3800 3799/3921/3801 3863/3986/3865 3862/3985/3864
f 3799/3921/3801 3800/3922/3802 3864/3987/3866 3863/3986/3865
f 3800/3922/3802 3801/3923/3803 3865/3988/3867 3864/3987/3866
f 3801/3923/3803 3802/3924/3804 3866/3989/3868 3865/3988/3867
f 3802/3924/3804 3803/3925/3805 3867/3990/3869 3866/3989/3868
f 3803/3925/3805 3804/3926/3806 3868/3991/3870 3867/3990/3869
f 3804/3926/3806 3805/3927/3807 3869/3992/3871 3868/3991/3870
f 3805/3927/3807 3806/3928/3808 3870/3993/3872 3869/3992/3871
f 3806/3928/3808 3807/3929/3809 3871/3994/3873 3870/3993/3872
f 3807/3929/3809 3808/3930/3810 3872/3995/3874 3871/3994/3873
f 3808/3930/3810 3809/3931/3811 3873/3996/3875 3872/3995/3874
f 3809/3931/3811 3810/3932/3812 3874/3997/3876 3873/3996/3875
f 3810/3932/3812 3811/3933/3813 3875/3998/3877 3874/3997/3876
f 3811/3933/3813 3812/3934/3814 3876/3999/3878 3875/3998/3877
f 3812/3934/3814 3813/3935/3815 3877/4000/3879 3876/3999/3878
f 3813/3935/3815 3814/3936/3816 3878/4001/3880 3877/4000/3879
f 3814/3936/3816 3815/3937/3817 3879/4002/3881 3878/4001/3880
f 3815/3937/3817 3816/3938/3818 3880/4003/3882 3879/4002/3881
f 3816/3938/3818 3817/3939/3819 3881/4004/3883 3880/4003/3882
f 3817/3939/3819 3818/3940/3820 3882/4005/3884 3881/4004/3883
f 3818/3940/3820 3819/3941/3821 3883/4006/3885 3882/4005/3884
f 3819/3941/3821 3820/3942/3822 3884/4007/3886 3883/4006/3885
f 3820/3942/3822 3821/3943/3823 3885/4008/3887 3884/4007/3886
f 3821/3943/3823 3822/3944/3824 3886/4009/3888 3885/4008/3887
f 3822/3944/3824 3823/3945/3825 3887/4010/3889 3886/4009/3888
f 3823/3945/3825 3824/3946/3826 3888/4011/3890 3887/4010/3889
f 3824/3946/3826 3825/3947/3827 3889/4012/3891 3888/4011/3890
f 3825/3947/3827 3826/3948/3828 3890/4013/3892 3889/4012/3891
f 3826/3948/3828 3827/3949/3829 3891/4014/3893 3890/4013/3892
f 3827/3949/3829 3828/3950/3830 3892/4015/3894 3891/4014/3893
f 3828/3950/3830 3829/3951/3831 3893/4016/3895 3892/4015/3894
f 3829/3951/3831 3830/3952/3832 3894/4017/3896 3893/4016/3895
f 3830/3952/3832 3831/3953/3833 3895/4018/3897 3894/4017/3896
f 3831/3953/3833 3832/3954/3834 3896/4019/3898 3895/4018/3897
f 3832/3954/3834 3833/3955/3835 3897/4020/3899 3896/4019/3898
f 3833/3955/3835 3834/3956/3836 3898/4021/3900 3897/4020/3899
f 3834/3956/3836 3835/3957/3837 3899/4022/3901 3898/4021/3900
f 3835/3957/3837 3836/3958/3838 3900/4023/3902 3899/4022/3901
f 3836/3958/3838 3837/3959/3839 3901/4024/3903 3900/4023/3902
f 3837/3959/3839 3838/3960/3840 3902/4025/3904 3901/4024/3903
f 3838/3960/3840 3839/3961/3841 3903/4026/3905 3902/4025/3904
f 3839/3961/3841 3840/3962/3842 3904/4027/3906 3903/4026/3905
f 3840/3962/3842 3841/3963/3843 3905/4028/3907 3904/4027/3906
f 3841/3963/3843 3778/3964/3781 3842/4029/3845 3905/4028/3907
f 3842/3966/3845 3843/3965/3844 3907/4030/3908 3906/4031/3909
f 3843/3965/3844 3844/3967/3846 3908/4032/3910 3907/4030/3908
f 3844/3967/3846 3845/3968/3847 3909/4033/3911 3908/4032/3910
f 3845/3968/3847 3846/3969/3848 3910/4034/3912 3909/4033/3911
f 3846/3969/3848 3847/3970/3849 3911/4035/3913 3910/4034/3912
f 3847/3970/3849 3848/3971/3850 3912/4036/3914 3911/4035/3913
f 3848/3971/3850 3849/3972/3851 3913/4037/3915 3912/4036/3914
f 3849/3972/3851 3850/3973/3852 3914/4038/3916 3913/4037/3915
f 3850/3973/3852 3851/3974/3853 3915/4039/3917 3914/4038/3916
f 3851/3974/3853 3852/3975/3854 3916/4040/3918 3915/4039/3917
f 3852/3975/3854 3853/3976/3855 3917/4041/3919 3916/4040/3918
f 3853/3976/3855 3854/3977/3856 3918/4042/3920 3917/4041/3919
f 3854/3977/3856 3855/3978/3857 3919/4043/3921 3918/4042/3920
f 3855/3978/3857 3856/3979/3858 3920/4044/3922 3919/4043/3921
f 3856/3979/3858 3857/3980/3859 3921/4045/3923 3920/4044/3922
f 3857/3980/3859 3858/3981/3860 3922/4046/3924 3921/4045/3923
f 3858/3981/3860 3859/3982/3861 3923/4047/3925 3922/4046/3924
f 3859/3982/3861 3860/3983/3862 3924/4048/3926 3923/4047/3925
f 3860/3983/3862 3861/3984/3863 3925/4049/3927 3924/4048/3926
f 3861/3984/3863 3862/3985/3864 3926/4050/3928 3925/4049/3927
f 3862/3985/3864 3863/3986/3865 3927/4051/3929 3926/4050/3928
f 3863/3986/3865 3864/3987/3866 3928/4052/3930 3927/4051/3929
f 3864/3987/3866 3865/3988/3867 3929/4053/3931 3928/4052/3930
f 3865/3988/3867 3866/3989/3868 3930/4054/3932 3929/4053/3931
f 3866/3989/3868 3867/3990/3869 3931/4055/3933 3930/4054/3932
f 3867/3990/3869 3868/3991/3870 3932/4056/3934 3931/4055/3933
f 3868/3991/3870 3869/3992/3871 3933/4057/3935 3932/4056/3934
f 3869/3992/3871 3870/3993/3872 3934/4058/3936 3933/4057/3935
f 3870/3993/3872 3871/3994/3873 3935/4059/3937 3934/4058/3936
f 3871/3994/3873 3872/3995/3874 3936/4060/3938 3935/4059/3937
f 3872/3995/3874 3873/3996/3875 3937/4061/3939 3936/4060/3938
f 3873/3996/3875 3874/3997/3876 3938/4062/3940 3937/4061/3939
f 3874/3997/3876 3875/3998/3877 3939/4063/3941 3938/4062/3940
f 3875/3998/3877 3876/3999/3878 3940/4064/3942 3939/4063/3941
f 3876/3999/3878 3877/4000/3879 3941/4065/3943 3940/4064/3942
f 3877/4000/3879 3878/4001/3880 3942/4066/3944 3941/4065/3943
f 3878/4001/3880 3879/4002/3881 3943/4067/3945 3942/4066/3944
f 3879/4002/3881 3880/4003/3882 3944/4068/3946 3943/4067/3945
f 3880/4003/3882 3881/4004/3883 3945/4069/3947 3944/4068/3946
f 3881/4004/3883 3882/4005/3884 3946/4070/3948 3945/4069/3947
f 3882/4005/3884 3883/4006/3885 3947/4071/3949 3946/4070/3948
f 3883/4006/3885 3884/4007/3886 3948/4072/3950 3947/4071/3949
f 3884/4007/3886 3885/4008/3887 3949/4073/3951 3948/4072/3950
f 3885/4008/3887 3886/4009/3888 3950/4074/3952 3949/4073/3951
f 3886/4009/3888 3887/4010/3889 3951/4075/3953 3950/4074/3952
f 3887/4010/3889 3888/4011/3890 3952/4076/3954 3951/4075/3953
f 3888/4011/3890 3889/4012/3891 3953/4077/3955 3952/4076/3954
f 3889/4012/3891 3890/4013/3892 3954/4078/3956 3953/4077/3955
f 3890/4013/3892 3891/4014/3893 3955/4079/3957 3954/4078/3956
f 3891/4014/3893 3892/4015/3894 3956/4080/3958 3955/4079/3957
f 3892/4015/3894 3893/4016/3895 3957/4081/3959 3956/4080/3958
f 3893/4016/3895 3894/4017/3896 3958/4082/3960 3957/4081/3959
f 3894/4017/3896 3895/4018/3897 3959/4083/3961 3958/4082/3960
f 3895/4018/3897 3896/4019/3898 3960/4084/3962 3959/4083/3961
f 3896/4019/3898 3897/4020/3899 3961/4085/3963 3960/4084/3962
f 3897/4020/3899 3898/4021/3900 3962/4086/3964 3961/4085/3963
f 3898/4021/3900 3899/4022/3901 3963/4087/3965 3962/4086/3964
f 3899/4022/3901 3900/4023/3902 3964/4088/3966 3963/4087/3965
f 3900/4023/3902 3901/4024/3903 3965/4089/3967 3964/4088/3966
f 3901/4024/3903 3902/4025/3904 3966/4090/3968 3965/4089/3967
f 3902/4025/3904 3903/4026/3905 3967/4091/3969 3966/4090/3968
f 3903/4026/3905 3904/4027/3906 3968/4092/3970 3967/4091/3969
f 3904/4027/3906 3905/4028/3907 3969/4093/3971 3968/4092/3970
f 3905/4028/3907 3842/4029/3845 3906/4094/3909 3969/4093/3971
f 3906/4031/3909 3907/4030/3908 3971/4095/3972 3970/4096/3973
f 3907/4030/3908 3908/4032/3910 3972/4097/3974 3971/4095/3972
f 3908/4032/3910 3909/4033/3911 3973/4098/3975 3972/4097/3974
f 3909/4033/3911 3910/4034/3912 3974/4099/3976 3973/4098/3975
f 3910/4034/3912 3911/4035/3913 3975/4100/3977 3974/4099/3976
f 3911/4035/3913 3912/4036/3914 3976/4101/3978 3975/4100/3977
f 3912/4036/3914 3913/4037/3915 3977/4102/3979 3976/4101/3978
f 3913/4037/3915 3914/4038/3916 3978/4103/3980 3977/4102/3979
f 3914/4038/3916 3915/4039/3917 3979/4104/3981 3978/4103/3980
f 3915/4039/3917 3916/4040/3918 3980/4105/3982 3979/4104/3981
f 3916/4040/3918 3917/4041/3919 3981/4106/3983 3980/4105/3982
f 3917/4041/3919 3918/4042/3920 3982/4107/3984 3981/4106/3983
f 3918/4042/3920 3919/4043/3921 3983/4108/3985 3982/4107/3984
f 3919/4043/3921 3920/4044/3922 3984/4109/3986 3983/4108/3985
f 3920/4044/3922 3921/4045/3923 3985/4110/3987 3984/4109/3986
f 3921/4045/3923 3922/4046/3924 3986/4111/3988 3985/4110/3987
f 3922/4046/3924 3923/4047/3925 3987/4112/3989 3986/4111/3988
f 3923/4047/3925 3924/4048/3926 3988/4113/3990 3987/4112/3989
f 3924/4048/3926 3925/4049/3927 3989/4114/3991 3988/4113/3990
f 3925/4049/3927 3926/4050/3928 3990/4115/3992 3989/4114/3991
f 3926/4050/3928 3927/4051/3929 3991/4116/3993 3990/4115/3992
f 3927/4051/3929 3928/4052/3930 3992/4117/3994 3991/4116/3993
f 3928/4052/3930 3929/4053/3931 3993/4118/3995 3992/4117/3994
f 3929/4053/3931 3930/4054/3932 3994/4119/3996 3993/4118/3995
f 3930/4054/3932 3931/4055/3933 3995/4120/3997 3994/4119/3996
f 3931/4055/3933 3932/4056/3934 3996/4121/3998 3995/4120/3997
f 3932/4056/3934 3933/4057/3935 3997/4122/3999 3996/4121/3998
f 3933/4057/3935 3934/4058/3936 3998/4123/4000 3997/4122/3999
f 3934/4058/3936 3935/4059/3937 3999/4124/4001 3998/4123/4000
f 3935/4059/3937 3936/4060/3938 4000/4125/4002 3999/4124/4001
f 3936/4060/3938 3937/4061/3939 4001/4126/4003 4000/4125/4002
f 3937/4061/3939 3938/4062/3940 4002/4127/4004 4001/4126/4003
f 3938/4062/3940 3939/4063/3941 4003/4128/4005 4002/4127/4004
f 3939/4063/3941 3940/4064/3942 4004/4129/4006 4003/4128/4005
f 3940/4064/3942 3941/4065/3943 4005/4130/4007 4004/4129/4006
f 3941/4065/3943 3942/4066/3944 4006/4131/4008 4005/4130/4007
f 3942/4066/3944 3943/4067/3945 4007/4132/4009 4006/4131/4008
f 3943/4067/3945 3944/4068/3946 4008/4133/4010 4007/4132/4009
f 3944/4068/3946 3945/4069/3947 4009/4134/4011 4008/4133/4010
f 3945/4069/3947 3946/4070/3948 4010/4135/4012 4009/4134/4011
f 3946/4070/3948 3947/4071/3949 4011/4136/4013 4010/4135/4012
f 3947/4071/3949 3948/4072/3950 4012/4137/4014 4011/4136/4013
f 3948/4072/3950 3949/4073/3951 4013/4138/4015 4012/4137/4014
f 3949/4073/3951 3950/4074/3952 4014/4139/4016 4013/4138/4015
f 3950/4074/3952 3951/4075/3953 4015/4140/4017 4014/4139/4016
f 3951/4075/3953 3952/4076/3954 4016/4141/4018 4015/4140/4017
f 3952/4076/3954 3953/4077/3955 4017/4142/4019 4016/4141/4018
f 3953/4077/3955 3954/4078/3956 4018/4143/4020 4017/4142/4019
f 3954/4078/3956 3955/4079/3957 4019/4144/4021 4018/4143/4020
f 3955/4079/3957 3956/4080/3958 4020/4145/4022 4019/4144/4021
f 3956/4080/3958 3957/4081/3959 4021/4146/4023 4020/4145/4022
f 3957/4081/3959 3958/4082/3960 4022/4147/4024 4021/4146/4023
f 3958/4082/3960 3959/4083/3961 4023/4148/4025 4022/4147/4024
f 3959/4083/3961 3960/4084/3962 4024/4149/4026 4023/4148/4025
f 3960/4084/3962 3961/4085/3963 4025/4150/4027 4024/4149/4026
f 3961/4085/3963 3962/4086/3964 4026/4151/4028 4025/4150/4027
f 3962/4086/3964 3963/4087/3965 4027/4152/4029 4026/4151/4028
f 3963/4087/3965 3964/4088/3966 4028/4153/4030 4027/4152/4029
f 3964/4088/3966 3965/4089/3967 4029/4154/4031 4028/4153/4030
f 3965/4089/3967 3966/4090/3968 4030/4155/4032 4029/4154/4031
f 3966/4090/3968 3967/4091/3969 4031/4156/4033 4030/4155/4032
f 3967/4091/3969 3968/4092/3970 4032/4157/4034 4031/4156/4033
f 3968/4092/3970 3969/4093/3971 4033/4158/4035 4032/4157/4034
f 3969/4093/3971 3906/4094/3909 3970/4159/3973 4033/4158/4035
f 3970/4096/3973 3971/4095/3972 4035/4160/4036 4034/4161/4037
f 3971/4095/3972 3972/4097/3974 4036/4162/4038 4035/4160/4036
f 3972/4097/3974 3973/4098/3975 4037/4163/4039 4036/4162/4038
f 3973/4098/3975 3974/4099/3976 4038/4164/4040 4037/4163/4039
f 3974/4099/3976 3975/4100/3977 4039/4165/4041 4038/4164/4040
f 3975/4100/3977 3976/4101/3978 4040/4166/4042 4039/4165/4041
f 3976/4101/3978 3977/4102/3979 4041/4167/4043 4040/4166/4042
f 3977/4102/3979 3978/4103/3980 4042/4168/4044 4041/4167/4043
f 3978/4103/3980 3979/4104/3981 4043/4169/4045 4042/4168/4044
f 3979/4104/3981 3980/4105/3982 4044/4170/4046 4043/4169/4045
f 3980/4105/3982 3981/4106/3983 4045/4171/4047 4044/4170/4046
f 3981/4106/3983 3982/4107/3984 4046/4172/4048 4045/4171/4047
f 3982/4107/3984 3983/4108/3985 4047/4173/4049 4046/4172/4048
f 3983/4108/3985 3984/4109/3986 4048/4174/4050 4047/4173/4049
f 3984/4109/3986 3985/4110/3987 4049/4175/4051 4048/4174/4050
f 3985/4110/3987 3986/4111/3988 4050/4176/4052 4049/4175/4051
f 3986/4111/3988 3987/4112/3989 4051/4177/4053 4050/4176/4052
f 3987/4112/3989 3988/4113/3990 4052/4178/4054 4051/4177/4053
f 3988/4113/3990 3989/4114/3991 4053/4179/4055 4052/4178/4054
f 3989/4114/3991 3990/4115/3992 4054/4180/4056 4053/4179/4055
f 3990/4115/3992 3991/4116/3993 4055/4181/4057 4054/4180/4056
f 3991/4116/3993 3992/4117/3994 4056/4182/4058 4055/4181/4057
f 3992/4117/3994 3993/4118/3995 4057/4183/4059 4056/4182/4058
f 3993/4118/3995 3994/4119/3996 4058/4184/4060 4057/4183/4059
f 3994/4119/3996 3995/4120/3997 4059/4185/4061 4058/4184/4060
f 3995/4120/3997 3996/4121/3998 4060/4186/4062 4059/4185/4061
f 3996/4121/3998 3997/4122/3999 4061/4187/4063 4060/4186/4062
f 3997/4122/3999 3998/4123/4000 4062/4188/4064 4061/4187/4063
f 3998/4123/4000 3999/4124/4001 4063/4189/4065 4062/4188/4064
f 3999/4124/4001 4000/4125/4002 4064/4190/4066 4063/4189/4065
f 4000/4125/4002 4001/4126/4003 4065/4191/4067 4064/4190/4066
f 4001/4126/4003 4002/4127/4004 4066/4192/4068 4065/4191/4067
f 4002/4127/4004 4003/4128/4005 4067/4193/4069 4066/4192/4068
f 4003/4128/4005 4004/4129/4006 4068/4194/4070 4067/4193/4069
f 4004/4129/4006 4005/4130/4007 4069/4195/4071 4068/4194/4070
f 4005/4130/4007 4006/4131/4008 4070/4196/4072 4069/4195/4071
f 4006/4131/4008 4007/4132/4009 4071/4197/4073 4070/4196/4072
f 4007/4132/4009 4008/4133/4010 4072/4198/4074 4071/4197/4073
f 4008/4133/4010 4009/4134/4011 4073/4199/4075 4072/4198/4074
f 4009/4134/4011 4010/4135/4012 4074/4200/4076 4073/4199/4075
f 4010/4135/4012 4011/4136/4013 4075/4201/4077 4074/4200/4076
f 4011/4136/4013 4012/4137/4014 4076/4202/4078 4075/4201/4077
f 4012/4137/4014 4013/4138/4015 4077/4203/4079 4076/4202/4078
f 4013/4138/4015 4014/4139/4016 4078/4204/4080 4077/4203/4079
f 4014/4139/4016 4015/4140/4017 4079/4205/4081 4078/4204/4080
f 4015/4140/4017 4016/4141/4018 4080/4206/4082 4079/4205/4081
f 4016/4141/4018 4017/4142/4019 4081/4207/4083 4080/4206/4082
f 4017/4142/4019 4018/4143/4020 4082/4208/4084 4081/4207/4083
f 4018/4143/4020 4019/4144/4021 4083/4209/4085 4082/4208/4084
f 4019/4144/4021 4020/4145/4022 4084/4210/4086 4083/4209/4085
f 4020/4145/4022 4021/4146/4023 4085/4211/4087 4084/4210/4086
f 4021/4146/4023 4022/4147/4024 4086/4212/4088 4085/4211/4087
f 4022/4147/4024 4023/4148/4025 4087/4213/4089 4086/4212/4088
f 4023/4148/4025 4024/4149/4026 4088/4214/4090 4087/4213/4089
f 4024/4149/4026 4025/4150/4027 4089/4215/4091 4088/4214/4090
f 4025/4150/4027 4026/4151/4028 4090/4216/4092 4089/4215/4091
f 4026/4151/4028 4027/4152/4029 4091/4217/4093 4090/4216/4092
f 4027/4152/4029 4028/4153/4030 4092/4218/4094 4091/4217/4093
f 4028/4153/4030 4029/4154/4031 4093/4219/4095 4092/4218/4094
f 4029/4154/4031 4030/4155/4032 4094/4220/4096 4093/4219/4095
f 4030/4155/4032 4031/4156/4033 4095/4221/4097 4094/4220/4096
f 4031/4156/4033 4032/4157/4034 4096/4222/4098 4095/4221/4097
f 4032/4157/4034 4033/4158/4035 4097/4223/4099 4096/4222/4098
f 4033/4158/4035 3970/4159/3973 4034/4224/4037 4097/4223/4099
f 4034/4161/4037 4035/4160/4036 4099/4225/4100 4098/4226/4101
f 4035/4160/4036 4036/4162/4038 4100/4227/4102 4099/4225/4100
f 4036/4162/4038 4037/4163/4039 4101/4228/4103 4100/4227/4102
f 4037/4163/4039 4038/4164/4040 4102/4229/4104 4101/4228/4103
f 4038/4164/4040 4039/4165/4041 4103/4230/4105 4102/4229/4104
f 4039/4165/4041 4040/4166/4042 4104/4231/4106 4103/4230/4105
f 4040/4166/4042 4041/4167/4043 4105/4232/4107 4104/4231/4106
f 4041/4167/4043 4042/4168/4044 4106/4233/4108 4105/4232/4107
f 4042/4168/4044 4043/4169/4045 4107/4234/4109 4106/4233/4108
f 4043/4169/4045 4044/4170/4046 4108/4235/4110 4107/4234/4109
f 4044/4170/4046 4045/4171/4047 4109/4236/4111 4108/4235/4110
f 4045/4171/4047 4046/4172/4048 4110/4237/4112 4109/4236/4111
f 4046/4172/4048 4047/4173/4049 4111/4238/4113 4110/4237/4112
f 4047/4173/4049 4048/4174/4050 4112/4239/4114 4111/4238/4113
f 4048/4174/4050 4049/4175/4051 4113/4240/4115 4112/4239/4114
f 4049/4175/4051 4050/4176/4052 4114/4241/4116 4113/4240/4115
f 4050/4176/4052 4051/4177/4053 4115/4242/4117 4114/4241/4116
f 4051/4177/4053 4052/4178/4054 4116/4243/4118 4115/4242/4117
f 4052/4178/4054 4053/4179/4055 4117/4244/4119 4116/4243/4118
f 4053/4179/4055 4054/4180/4056 4118/4245/4120 4117/4244/4119
f 4054/4180/4056 4055/4181/4057 4119/4246/4121 4118/4245/4120
f 4055/4181/4057 4056/4182/4058 4120/4247/4122 4119/4246/4121
f 4056/4182/4058 4057/4183/4059 4121/4248/4123 4120/4247/4122
f 4057/4183/4059 4058/4184/4060 4122/4249/4124 4121/4248/4123
f 4058/4184/4060 4059/4185/4061 4123/4250/4125 4122/4249/4124
f 4059/4185/4061 4060/4186/4062 4124/4251/4126 4123/4250/4125
f 4060/4186/4062 4061/4187/4063 4125/4252/4127 4124/4251/4126
f 4061/4187/4063 4062/4188/4064 4126/4253/4128 4125/4252/4127
f 4062/4188/4064 4063/4189/4065 4127/4254/4129 4126/4253/4128
f 4063/4189/4065 4064/4190/4066 4128/4255/4130 4127/4254/4129
f 4064/4190/4066 4065/4191/4067 4129/4256/4131 4128/4255/4130
f 4065/4191/4067 4066/4192/4068 4130/4257/4132 4129/4256/4131
f 4066/4192/4068 4067/4193/4069 4131/4258/4133 4130/4257/4132
f 4067/4193/4069 4068/4194/4070 4132/4259/4134 4131/4258/4133
f 4068/4194/4070 4069/4195/4071 4133/4260/4135 4132/4259/4134
f 4069/4195/4071 4070/4196/4072 4134/4261/4136 4133/4260/4135
f 4070/4196/4072 4071/4197/4073 4135/4262/4137 4134/4261/4136
f 4071/4197/4073 4072/4198/4074 4136/4263/4138 4135/4262/4137
f 4072/4198/4074 4073/4199/4075 4137/4264/4139 4136/4263/4138
f 4073/4199/4075 4074/4200/4076 4138/4265/4140 4137/4264/4139
f 4074/4200/4076 4075/4201/4077 4139/4266/4141 4138/4265/4140
f 4075/4201/4077 4076/4202/4078 4140/4267/4142 4139/4266/4141
f 4076/4202/4078 4077/4203/4079 4141/4268/4143 4140/4267/4142
f 4077/4203/4079 4078/4204/4080 4142/4269/4144 4141/4268/4143
f 4078/4204/4080 4079/4205/4081 4143/4270/4145 4142/4269/4144
f 4079/4205/4081 4080/4206/4082 4144/4271/4146 4143/4270/4145
f 4080/4206/4082 4081/4207/4083 4145/4272/4147 4144/4271/4146
f 4081/4207/4083 4082/4208/4084 4146/4273/4148 4145/4272/4147
f 4082/4208/4084 4083/4209/4085 4147/4274/4149 4146/4273/4148
f 4083/4209/4085 4084/4210/4086 4148/4275/4150 4147/4274/4149
f 4084/4210/4086 4085/4211/4087 4149/4276/4151 4148/4275/4150
f 4085/4211/4087 4086/4212/4088 4150/4277/4152 4149/4276/4151
f 4086/4212/4088 4087/4213/4089 4151/4278/4153 4150/4277/4152
f 4087/4213/4089 4088/4214/4090 4152/4279/4154 4151/4278/4153
f 4088/4214/4090 4089/4215/4091 4153/4280/4155 4152/4279/4154
f 4089/4215/4091 4090/4216/4092 4154/4281/4156 4153/4280/4155
f 4090/4216/4092 4091/4217/4093 4155/4282/4157 4154/4281/4156
f 4091/4217/4093 4092/4218/4094 4156/4283/4158 4155/4282/4157
f 4092/4218/4094 4093/4219/4095 4157/4284/4159 4156/4283/4158
f 4093/4219/4095 4094/4220/4096 4158/4285/4160 4157/4284/4159
f 4094/4220/4096 4095/4221/4097 4159/4286/4161 4158/4285/4160
f 4095/4221/4097 4096/4222/4098 4160/4287/4162 4159/4286/4161
f 4096/4222/4098 4097/4223/4099 4161/4288/4163 4160/4287/4162
f 4097/4223/4099 4034/4224/4037 4098/4289/4101 4161/4288/4163
f 4098/4226/4101 4099/4225/4100 4163/4290/4164 4162/4291/4165
f 4099/4225/4100 4100/4227/4102 4164/4292/4166 4163/4290/4164
f 4100/4227/4102 4101/4228/4103 4165/4293/4167 4164/4292/4166
f 4101/4228/4103 4102/4229/4104 4166/4294/4168 4165/4293/4167
f 4102/4229/4104 4103/4230/4105 4167/4295/4169 4166/4294/4168
f 4103/4230/4105 4104/4231/4106 4168/4296/4170 4167/4295/4169
f 4104/4231/4106 4105/4232/4107 4169/4297/4171 4168/4296/4170
f 4105/4232/4107 4106/4233/4108 4170/4298/4172 4169/4297/4171
f 4106/4233/4108 4107/4234/4109 4171/4299/4173 4170/4298/4172
f 4107/4234/4109 4108/4235/4110 4172/4300/4174 4171/4299/4173
f 4108/4235/4110 4109/4236/4111 4173/4301/4175 4172/4300/4174
f 4109/4236/4111 4110/4237/4112 4174/4302/4176 4173/4301/4175
f 4110/4237/4112 4111/4238/4113 4175/4303/4177 4174/4302/4176
f 4111/4238/4113 4112/4239/4114 4176/4304/4178 4175/4303/4177
f 4112/4239/4114 4113/4240/4115 4177/4305/4179 4176/4304/4178
f 4113/4240/4115 4114/4241/4116 4178/4306/4180 4177/4305/4179
f 4114/4241/4116 4115/4242/4117 4179/4307/4181 4178/4306/4180
f 4115/4242/4117 4116/4243/4118 4180/4308/4182 4179/4307/4181
f 4116/4243/4118 4117/4244/4119 4181/4309/4183 4180/4308/4182
f 4117/4244/4119 4118/4245/4120 4182/4310/4184 4181/4309/4183
f 4118/4245/4120 4119/4246/4121 4183/4311/4185 4182/4310/4184
f 4119/4246/4121 4120/4247/4122 4184/4312/4186 4183/4311/4185
f 4120/4247/4122 4121/4248/4123 4185/4313/4187 4184/4312/4186
f 4121/4248/4123 4122/4249/4124 4186/4314/4188 4185/4313/4187
f 4122/4249/4124 4123/4250/4125 4187/4315/4189 4186/4314/4188
f 4123/4250/4125 4124/4251/4126 4188/4316/4190 4187/4315/4189
f 4124/4251/4126 4125/4252/4127 4189/4317/4191 4188/4316/4190
f 4125/4252/4127 4126/4253/4128 4190/4318/4192 4189/4317/4191
f 4126/4253/4128 4127/4254/4129 4191/4319/4193 4190/4318/4192
f 4127/4254/4129 4128/4255/4130 4192/4320/4194 4191/4319/4193
f 4128/4255/4130 4129/4256/4131 4193/4321/4195 4192/4320/4194
f 4129/4256/4131 4130/4257/4132 4194/4322/4196 4193/4321/4195
f 4130/4257/4132 4131/4258/4133 4195/4323/4197 4194/4322/4196
f 4131/4258/4133 4132/4259/4134 4196/4324/4198 4195/4323/4197
f 4132/4259/4134 4133/4260/4135 4197/4325/4199 4196/4324/4198
f 4133/4260/4135 4134/4261/4136 4198/4326/4200 4197/4325/4199
f 4134/4261/4136 4135/4262/4137 4199/4327/4201 4198/4326/4200
f 4135/4262/4137 4136/4263/4138 4200/4328/4202 4199/4327/4201
f 4136/4263/4138 4137/4264/4139 4201/4329/4203 4200/4328/4202
f 4137/4264/4139 4138/4265/4140 4202/4330/4204 4201/4329/4203
f 4138/4265/4140 4139/4266/4141 4203/4331/4205 4202/4330/4204
f 4139/4266/4141 4140/4267/4142 4204/4332/4206 4203/4331/4205
f 4140/4267/4142 4141/4268/4143 4205/4333/4207 4204/4332/4206
f 4141/4268/4143 4142/4269/4144 4206/4334/4208 4205/4333/4207
f 4142/4269/4144 4143/4270/4145 4207/4335/4209 4206/4334/4208
f 4143/4270/4145 4144/4271/4146 4208/4336/4210 4207/4335/4209
f 4144/4271/4146 4145/4272/4147 4209/4337/4211 4208/4336/4210
f 4145/4272/4147 4146/4273/4148 4210/4338/4212 4209/4337/4211
f 4146/4273/4148 4147/4274/4149 4211/4339/4213 4210/4338/4212
f 4147/4274/4149 4148/4275/4150 4212/4340/4214 4211/4339/4213
f 4148/4275/4150 4149/4276/4151 4213/4341/4215 4212/4340/4214
f 4149/4276/4151 4150/4277/4152 4214/4342/4216 4213/4341/4215
f 4150/4277/4152 4151/4278/4153 4215/4343/4217 4214/4342/4216
f 4151/4278/4153 4152/4279/4154 4216/4344/4218 4215/4343/4217
f 4152/4279/4154 4153/4280/4155 4217/4345/4219 4216/4344/4218
f 4153/4280/4155 4154/4281/4156 4218/4346/4220 4217/4345/4219
f 4154/4281/4156 4155/4282/4157 4219/4347/4221 4218/4346/4220
f 4155/4282/4157 4156/4283/4158 4220/4348/4222 4219/4347/4221
f 4156/4283/4158 4157/4284/4159 4221/4349/4223 4220/4348/4222
f 4157/4284/4159 4158/4285/4160 4222/4350/4224 4221/4349/4223
f 4158/4285/4160 4159/4286/4161 4223/4351/4225 4222/4350/4224
f 4159/4286/4161 4160/4287/4162 4224/4352/4226 4223/4351/4225
f 4160/4287/4162 4161/4288/4163 4225/4353/4227 4224/4352/4226
f 4161/4288/4163 4098/4289/4101 4162/4354/4165 4225/4353/4227
f 4162/4291/4165 4163/4290/4164 4227/4355/4228 4226/4356/4229
f 4163/4290/4164 4164/4292/4166 4228/4357/4230 4227/4355/4228
f 4164/4292/4166 4165/4293/4167 4229/4358/4231 4228/4357/4230
f 4165/4293/4167 4166/4294/4168 4230/4359/4232 4229/4358/4231
f 4166/4294/4168 4167/4295/4169 4231/4360/4233 4230/4359/4232
f 4167/4295/4169 4168/4296/4170 4232/4361/4234 4231/4360/4233
f 4168/4296/4170 4169/4297/4171 4233/4362/4235 4232/4361/4234
f 4169/4297/4171 4170/4298/4172 4234/4363/4236 4233/4362/4235
f 4170/4298/4172 4171/4299/4173 4235/4364/4237 4234/4363/4236
f 4171/4299/4173 4172/4300/4174 4236/4365/4238 4235/4364/4237
f 4172/4300/4174 4173/4301/4175 4237/4366/4239 4236/4365/4238
f 4173/4301/4175 4174/4302/4176 4238/4367/4240 4237/4366/4239
f 4174/4302/4176 4175/4303/4177 4239/4368/4241 4238/4367/4240
f 4175/4303/4177 4176/4304/4178 4240/4369/4242 4239/4368/4241
f 4176/4304/4178 4177/4305/4179 4241/4370/4243 4240/4369/4242
f 4177/4305/4179 4178/4306/4180 4242/4371/4244 4241/4370/4243
f 4178/4306/4180 4179/4307/4181 4243/4372/4245 4242/4371/4244
f 4179/4307/4181 4180/4308/4182 4244/4373/4246 4243/4372/4245
f 4180/4308/4182 4181/4309/4183 4245/4374/4247 4244/4373/4246
f 4181/4309/4183 4182/4310/4184 4246/4375/4248 4245/4374/4247
f 4182/4310/4184 4183/4311/4185 4247/4376/4249 4246/4375/4248
f 4183/4311/4185 4184/4312/4186 4248/4377/4250 4247/4376/4249
f 4184/4312/4186 4185/4313/4187 4249/4378/4251 4248/4377/4250
f 4185/4313/4187 4186/4314/4188 4250/4379/4252 4249/4378/4251
f 4186/4314/4188 4187/4315/4189 4251/4380/4253 4250/4379/4252
f 4187/4315/4189 4188/4316/4190 4252/4381/4254 4251/4380/4253
f 4188/4316/4190 4189/4317/4191 4253/4382/4255 4252/4381/4254
f 4189/4317/4191 4190/4318/4192 4254/4383/4256 4253/4382/4255
f 4190/4318/4192 4191/4319/4193 4255/4384/4257 4254/4383/4256
f 4191/4319/4193 4192/4320/4194 4256/4385/4258 4255/4384/4257
f 4192/4320/4194 4193/4321/4195 4257/4386/4259 4256/4385/4258
f 4193/4321/4195 4194/4322/4196 4258/4387/4260 4257/4386/4259
f 4194/4322/4196 4195/4323/4197 4259/4388/4261 4258/4387/4260
f 4195/4323/4197 4196/4324/4198 4260/4389/4262 4259/4388/4261
f 4196/4324/4198 4197/4325/4199 4261/4390/4263 4260/4389/4262
f 4197/4325/4199 4198/4326/4200 4262/4391/4264 4261/4390/4263
f 4198/4326/4200 4199/4327/4201 4263/4392/4265 4262/4391/4264
f 4199/4327/4201 4200/4328/4202 4264/4393/4266 4263/4392/4265
f 4200/4328/4202 4201/4329/4203 4265/4394/4267 4264/4393/4266
f 4201/4329/4203 4202/4330/4204 4266/4395/4268 4265/4394/4267
f 4202/4330/4204 4203/4331/4205 4267/4396/4269 4266/4395/4268
f 4203/4331/4205 4204/4332/4206 4268/4397/4270 4267/4396/4269
f 4204/4332/4206 4205/4333/4207 4269/4398/4271 4268/4397/4270
f 4205/4333/4207 4206/4334/4208 4270/4399/4272 4269/4398/4271
f 4206/4334/4208 4207/4335/4209 4271/4400/4273 4270/4399/4272
f 4207/4335/4209 4208/4336/4210 4272/4401/4274 4271/4400/4273
f 4208/4336/4210 4209/4337/4211 4273/4402/4275 4272/4401/4274
f 4209/4337/4211 4210/4338/4212 4274/4403/4276 4273/4402/4275
f 4210/4338/4212 4211/4339/4213 4275/4404/4277 4274/4403/4276
f 4211/4339/4213 4212/4340/4214 4276/4405/4278 4275/4404/4277
f 4212/4340/4214 4213/4341/4215 4277/4406/4279 4276/4405/4278
f 4213/4341/4215 4214/4342/4216 4278/4407/4280 4277/4406/4279
f 4214/4342/4216 4215/4343/4217 4279/4408/4281 4278/4407/4280
f 4215/4343/4217 4216/4344/4218 4280/4409/4282 4279/4408/4281
f 4216/4344/4218 4217/4345/4219 4281/4410/4283 4280/4409/4282
f 4217/4345/4219 4218/4346/4220 4282/4411/4284 4281/4410/4283
f 4218/4346/4220 4219/4347/4221 4283/4412/4285 4282/4411/4284
f 4219/4347/4221 4220/4348/4222 4284/4413/4286 4283/4412/4285
f 4220/4348/4222 4221/4349/4223 4285/4414/4287 4284/4413/4286
f 4221/4349/4223 4222/4350/4224 4286/4415/4288 4285/4414/4287
f 4222/4350/4224 4223/4351/4225 4287/4416/4289 4286/4415/4288
f 4223/4351/4225 4224/4352/4226 4288/4417/4290 4287/4416/4289
f 4224/4352/4226 4225/4353/4227 4289/4418/4291 4288/4417/4290
f 4225/4353/4227 4162/4354/4165 4226/4419/4229 4289/4418/4291
f 4226/4356/4229 4227/4355/4228 4291/4420/4292 4290/4421/4293
f 4227/4355/4228 4228/4357/4230 4292/4422/4294 4291/4420/4292
f 4228/4357/4230 4229/4358/4231 4293/4423/4295 4292/4422/4294
f 4229/4358/4231 4230/4359/4232 4294/4424/4296 4293/4423/4295
f 4230/4359/4232 4231/4360/4233 4295/4425/4297 4294/4424/4296
f 4231/4360/4233 4232/4361/4234 4296/4426/4298 4295/4425/4297
f 4232/4361/4234 4233/4362/4235 4297/4427/4299 4296/4426/4298
f 4233/4362/4235 4234/4363/4236 4298/4428/4300 4297/4427/4299
f 4234/4363/4236 4235/4364/4237 4299/4429/4301 4298/4428/4300
f 4235/4364/4237 4236/4365/4238 4300/4430/4302 4299/4429/4301
f 4236/4365/4238 4237/4366/4239 4301/4431/4303 4300/4430/4302
f 4237/4366/4239 4238/4367/4240 4302/4432/4304 4301/4431/4303
f 4238/4367/4240 4239/4368/4241 4303/4433/4305 4302/4432/4304
f 4239/4368/4241 4240/4369/4242 4304/4434/4306 4303/4433/4305
f 4240/4369/4242 4241/4370/4243 4305/4435/4307 4304/4434/4306
f 4241/4370/4243 4242/4371/4244 4306/4436/4308 4305/4435/4307
f 4242/4371/4244 4243/4372/4245 4307/4437/4309 4306/4436/4308
f 4243/4372/4245 4244/4373/4246 4308/4438/4310 4307/4437/4309
f 4244/4373/4246 4245/4374/4247 4309/4439/4311 4308/4438/4310
f 4245/4374/4247 4246/4375/4248 4310/4440/4312 4309/4439/4311
f 4246/4375/4248 4247/4376/4249 4311/4441/4313 4310/4440/4312
f 4247/4376/4249 4248/4377/4250 4312/4442/4314 4311/4441/4313
f 4248/4377/4250 4249/4378/4251 4313/4443/4315 4312/4442/4314
f 4249/4378/4251 4250/4379/4252 4314/4444/4316 4313/4443/4315
f 4250/4379/4252 4251/4380/4253 4315/4445/4317 4314/4444/4316
f 4251/4380/4253 4252/4381/4254 4316/4446/4318 4315/4445/4317
f 4252/4381/4254 4253/4382/4255 4317/4447/4319 4316/4446/4318
f 4253/4382/4255 4254/4383/4256 4318/4448/4320 4317/4447/4319
f 4254/4383/4256 4255/4384/4257 4319/4449/4321 4318/4448/4320
f 4255/4384/4257 4256/4385/4258 4320/4450/4322 4319/4449/4321
f 4256/4385/4258 4257/4386/4259 4321/4451/4323 4320/4450/4322
f 4257/4386/4259 4258/4387/4260 4322/4452/4324 4321/4451/4323
f 4258/4387/4260 4259/4388/4261 4323/4453/4325 4322/4452/4324
f 4259/4388/4261 4260/4389/4262 4324/4454/4326 4323/4453/4325
f 4260/4389/4262 4261/4390/4263 4325/4455/4327 4324/4454/4326
f 4261/4390/4263 4262/4391/4264 4326/4456/4328 4325/4455/4327
f 4262/4391/4264 4263/4392/4265 4327/4457/4329 4326/4456/4328
f 4263/4392/4265 4264/4393/4266 4328/4458/4330 4327/4457/4329
f 4264/4393/4266 4265/4394/4267 4329/4459/4331 4328/4458/4330
f 4265/4394/4267 4266/4395/4268 4330/4460/4332 4329/4459/4331
f 4266/4395/4268 4267/4396/4269 4331/4461/4333 4330/4460/4332
f 4267/4396/4269 4268/4397/4270 4332/4462/4334 4331/4461/4333
f 4268/4397/4270 4269/4398/4271 4333/4463/4335 4332/4462/4334
f 4269/4398/4271 4270/4399/4272 4334/4464/4336 4333/4463/4335
f 4270/4399/4272 4271/4400/4273 4335/4465/4337 4334/4464/4336
f 4271/4400/4273 4272/4401/4274 4336/4466/4338 4335/4465/4337
f 4272/4401/4274 4273/4402/4275 4337/4467/4339 4336/4466/4338
f 4273/4402/4275 4274/4403/4276 4338/4468/4340 4337/4467/4339
f 4274/4403/4276 4275/4404/4277 4339/4469/4341 4338/4468/4340
f 4275/4404/4277 4276/4405/4278 4340/4470/4342 4339/4469/4341
f 4276/4405/4278 4277/4406/4279 4341/4471/4343 4340/4470/4342
f 4277/4406/4279 4278/4407/4280 4342/4472/4344 4341/4471/4343
f 4278/4407/4280 4279/4408/4281 4343/4473/4345 4342/4472/4344
f 4279/4408/4281 4280/4409/4282 4344/4474/4346 4343/4473/4345
f 4280/4409/4282 4281/4410/4283 4345/4475/4347 4344/4474/4346
f 4281/4410/4283 4282/4411/4284 4346/4476/4348 4345/4475/4347
f 4282/4411/4284 4283/4412/4285 4347/4477/4349 4346/4476/4348
f 4283/4412/4285 4284/4413/4286 4348/4478/4350 4347/4477/4349
f 4284/4413/4286 4285/4414/4287 4349/4479/4351 4348/4478/4350
f 4285/4414/4287 4286/4415/4288 4350/4480/4352 4349/4479/4351
f 4286/4415/4288 4287/4416/4289 4351/4481/4353 4350/4480/4352
f 4287/4416/4289 4288/4417/4290 4352/4482/4354 4351/4481/4353
f 4288/4417/4290 4289/4418/4291 4353/4483/4355 4352/4482/4354
f 4289/4418/4291 4226/4419/4229 4290/4484/4293 4353/4483/4355
f 4290/4421/4356 4291/4420/4357 4355/4485/4358 4354/4486/4359
f 4291/4420/4357 4292/4422/4360 4356/4487/4361 4355/4485/4358
f 4292/4422/4360 4293/4423/4362 4357/4488/4363 4356/4487/4361
f 4293/4423/4362 4294/4424/4364 4358/4489/4365 4357/4488/4363
f 4294/4424/4364 4295/4425/4366 4359/4490/4367 4358/4489/4365
f 4295/4425/4366 4296/4426/4368 4360/4491/4369 4359/4490/4367
f 4296/4426/4368 4297/4427/4370 4361/4492/4371 4360/4491/4369
f 4297/4427/4370 4298/4428/4372 4362/4493/4373 4361/4492/4371
f 4298/4428/4372 4299/4429/4374 4363/4494/4375 4362/4493/4373
f 4299/4429/4374 4300/4430/4376 4364/4495/4377 4363/4494/4375
f 4300/4430/4376 4301/4431/4378 4365/4496/4379 4364/4495/4377
f 4301/4431/4378 4302/4432/4380 4366/4497/4381 4365/4496/4379
f 4302/4432/4380 4303/4433/4382 4367/4498/4383 4366/4497/4381
f 4303/4433/4382 4304/4434/4384 4368/4499/4385 4367/4498/4383
f 4304/4434/4384 4305/4435/4386 4369/4500/4387 4368/4499/4385
f 4305/4435/4386 4306/4436/4388 4370/4501/4389 4369/4500/4387
f 4306/4436/4388 4307/4437/4390 4371/4502/4391 4370/4501/4389
f 4307/4437/4390 4308/4438/4392 4372/4503/4393 4371/4502/4391
f 4308/4438/4392 4309/4439/4394 4373/4504/4395 4372/4503/4393
f 4309/4439/4394 4310/4440/4396 4374/4505/4397 4373/4504/4395
f 4310/4440/4396 4311/4441/4398 4375/4506/4399 4374/4505/4397
f 4311/4441/4398 4312/4442/4400 4376/4507/4401 4375/4506/4399
f 4312/4442/4400 4313/4443/4402 4377/4508/4403 4376/4507/4401
f 4313/4443/4402 4314/4444/4404 4378/4509/4405 4377/4508/4403
f 4314/4444/4404 4315/4445/4406 4379/4510/4407 4378/4509/4405
f 4315/4445/4406 4316/4446/4408 4380/4511/4409 4379/4510/4407
f 4316/4446/4408 4317/4447/4410 4381/4512/4411 4380/4511/4409
f 4317/4447/4410 4318/4448/4412 4382/4513/4413 4381/4512/4411
f 4318/4448/4412 4319/4449/4414 4383/4514/4415 4382/4513/4413
f 4319/4449/4414 4320/4450/4416 4384/4515/4417 4383/4514/4415
f 4320/4450/4416 4321/4451/4418 4385/4516/4419 4384/4515/4417
f 4321/4451/4418 4322/4452/4420 4386/4517/4421 4385/4516/4419
f 4322/4452/4420 4323/4453/4422 4387/4518/4423 4386/4517/4421
f 4323/4453/4422 4324/4454/4424 4388/4519/4425 4387/4518/4423
f 4324/4454/4424 4325/4455/4426 4389/4520/4427 4388/4519/4425
f 4325/4455/4426 4326/4456/4428 4390/4521/4429 4389/4520/4427
f 4326/4456/4428 4327/4457/4430 4391/4522/4431 4390/4521/4429
f 4327/4457/4430 4328/4458/4432 4392/4523/4433 4391/4522/4431
f 4328/4458/4432 4329/4459/4434 4393/4524/4435 4392/4523/4433
f 4329/4459/4434 4330/4460/4436 4394/4525/4437 4393/4524/4435
f 4330/4460/4436 4331/4461/4438 4395/4526/4439 4394/4525/4437
f 4331/4461/4438 4332/4462/4440 4396/4527/4441 4395/4526/4439
f 4332/4462/4440 4333/4463/4442 4397/4528/4443 4396/4527/4441
f 4333/4463/4442 4334/4464/4444 4398/4529/4445 4397/4528/4443
f 4334/4464/4444 4335/4465/4446 4399/4530/4447 4398/4529/4445
f 4335/4465/4446 4336/4466/4448 4400/4531/4449 4399/4530/4447
f 4336/4466/4448 4337/4467/4450 4401/4532/4451 4400/4531/4449
f 4337/4467/4450 4338/4468/4452 4402/4533/4453 4401/4532/4451
f 4338/4468/4452 4339/4469/4454 4403/4534/4455 4402/4533/4453
f 4339/4469/4454 4340/4470/4456 4404/4535/4457 4403/4534/4455
f 4340/4470/4456 4341/4471/4458 4405/4536/4459 4404/4535/4457
f 4341/4471/4458 4342/4472/4460 4406/4537/4461 4405/4536/4459
f 4342/4472/4460 4343/4473/4462 4407/4538/4463 4406/4537/4461
f 4343/4473/4462 4344/4474/4464 4408/4539/4465 4407/4538/4463
f 4344/4474/4464 4345/4475/4466 4409/4540/4467 4408/4539/4465
f 4345/4475/4466 4346/4476/4468 4410/4541/4469 4409/4540/4467
f 4346/4476/4468 4347/4477/4470 4411/4542/4471 4410/4541/4469
f 4347/4477/4470 4348/4478/4472 4412/4543/4473 4411/4542/4471
f 4348/4478/4472 4349/4479/4474 4413/4544/4475 4412/4543/4473
f 4349/4479/4474 4350/4480/4476 4414/4545/4477 4413/4544/4475
f 4350/4480/4476 4351/4481/4478 4415/4546/4479 4414/4545/4477
f 4351/4481/4478 4352/4482/4480 4416/4547/4481 4415/4546/4479
f 4352/4482/4480 4353/4483/4482 4417/4548/4483 4416/4547/4481
f 4353/4483/4482 4290/4484/4356 4354/4549/4359 4417/4548/4483
f 4354/4486/4359 4355/4485/4358 4419/4550/4484 4418/4551/4485
f 4355/4485/4358 4356/4487/4361 4420/4552/4486 4419/4550/4484
f 4356/4487/4361 4357/4488/4363 4421/4553/4487 4420/4552/4486
f 4357/4488/4363 4358/4489/4365 4422/4554/4488 4421/4553/4487
f 4358/4489/4365 4359/4490/4367 4423/4555/4489 4422/4554/4488
f 4359/4490/4367 4360/4491/4369 4424/4556/4490 4423/4555/4489
f 4360/4491/4369 4361/4492/4371 4425/4557/4491 4424/4556/4490
f 4361/4492/4371 4362/4493/4373 4426/4558/4492 4425/4557/4491
f 4362/4493/4373 4363/4494/4375 4427/4559/4493 4426/4558/4492
f 4363/4494/4375 4364/4495/4377 4428/4560/4494 4427/4559/4493
f 4364/4495/4377 4365/4496/4379 4429/4561/4495 4428/4560/4494
f 4365/4496/4379 4366/4497/4381 4430/4562/4496 4429/4561/4495
f 4366/4497/4381 4367/4498/4383 4431/4563/4497 4430/4562/4496
f 4367/4498/4383 4368/4499/4385 4432/4564/4498 4431/4563/4497
f 4368/4499/4385 4369/4500/4387 4433/4565/4499 4432/4564/4498
f 4369/4500/4387 4370/4501/4389 4434/4566/4500 4433/4565/4499
f 4370/4501/4389 4371/4502/4391 4435/4567/4501 4434/4566/4500
f 4371/4502/4391 4372/4503/4393 4436/4568/4502 4435/4567/4501
f 4372/4503/4393 4373/4504/4395 4437/4569/4503 4436/4568/4502
f 4373/4504/4395 4374/4505/4397 4438/4570/4504 4437/4569/4503
f 4374/4505/4397 4375/4506/4399 4439/4571/4505 4438/4570/4504
f 4375/4506/4399 4376/4507/4401 4440/4572/4506 4439/4571/4505
f 4376/4507/4401 4377/4508/4403 4441/4573/4507 4440/4572/4506
f 4377/4508/4403 4378/4509/4405 4442/4574/4508 4441/4573/4507
f 4378/4509/4405 4379/4510/4407 4443/4575/4509 4442/4574/4508
f 4379/4510/4407 4380/4511/4409 4444/4576/4510 4443/4575/4509
f 4380/4511/4409 4381/4512/4411 4445/4577/4511 4444/4576/4510
f 4381/4512/4411 4382/4513/4413 4446/4578/4512 4445/4577/4511
f 4382/4513/4413 4383/4514/4415 4447/4579/4513 4446/4578/4512
f 4383/4514/4415 4384/4515/4417 4448/4580/4514 4447/4579/4513
f 4384/4515/4417 4385/4516/4419 4449/4581/4515 4448/4580/4514
f 4385/4516/4419 4386/4517/4421 4450/4582/4516 4449/4581/4515
f 4386/4517/4421 4387/4518/4423 4451/4583/4517 4450/4582/4516
f 4387/4518/4423 4388/4519/4425 4452/4584/4518 4451/4583/4517
f 4388/4519/4425 4389/4520/4427 4453/4585/4519 4452/4584/4518
f 4389/4520/4427 4390/4521/4429 4454/4586/4520 4453/4585/4519
f 4390/4521/4429 4391/4522/4431 4455/4587/4521 4454/4586/4520
f 4391/4522/4431 4392/4523/4433 4456/4588/4522 4455/4587/4521
f 4392/4523/4433 4393/4524/4435 4457/4589/4523 4456/4588/4522
f 4393/4524/4435 4394/4525/4437 4458/4590/4524 4457/4589/4523
f 4394/4525/4437 4395/4526/4439 4459/4591/4525 4458/4590/4524
f 4395/4526/4439 4396/4527/4441 4460/4592/4526 4459/4591/4525
f 4396/4527/4441 4397/4528/4443 4461/4593/4527 4460/4592/4526
f 4397/4528/4443 4398/4529/4445 4462/4594/4528 4461/4593/4527
f 4398/4529/4445 4399/4530/4447 4463/4595/4529 4462/4594/4528
f 4399/4530/4447 4400/4531/4449 4464/4596/4530 4463/4595/4529
f 4400/4531/4449 4401/4532/4451 4465/4597/4531 4464/4596/4530
f 4401/4532/4451 4402/4533/4453 4466/4598/4532 4465/4597/4531
f 4402/4533/4453 4403/4534/4455 4467/4599/4533 4466/4598/4532
f 4403/4534/4455 4404/4535/4457 4468/4600/4534 4467/4599/4533
f 4404/4535/4457 4405/4536/4459 4469/4601/4535 4468/4600/4534
f 4405/4536/4459 4406/4537/4461 4470/4602/4536 4469/4601/4535
f 4406/4537/4461 4407/4538/4463 4471/4603/4537 4470/4602/4536
f 4407/4538/4463 4408/4539/4465 4472/4604/4538 4471/4603/4537
f 4408/4539/4465 4409/4540/4467 4473/4605/4539 4472/4604/4538
f 4409/4540/4467 4410/4541/4469 4474/4606/4540 4473/4605/4539
f 4410/4541/4469 4411/4542/4471 4475/4607/4541 4474/4606/4540
f 4411/4542/4471 4412/4543/4473 4476/4608/4542 4475/4607/4541
f 4412/4543/4473 4413/4544/4475 4477/4609/4543 4476/4608/4542
f 4413/4544/4475 4414/4545/4477 4478/4610/4544 4477/4609/4543
f 4414/4545/4477 4415/4546/4479 4479/4611/4545 4478/4610/4544
f 4415/4546/4479 4416/4547/4481 4480/4612/4546 4479/4611/4545
f 4416/4547/4481 4417/4548/4483 4481/4613/4547 4480/4612/4546
f 4417/4548/4483 4354/4549/4359 4418/4614/4485 4481/4613/4547
f 4418/4551/4485 4419/4550/4484 4483/4615/4548 4482/4616/4549
f 4419/4550/4484 4420/4552/4486 4484/4617/4550 4483/4615/4548
f 4420/4552/4486 4421/4553/4487 4485/4618/4551 4484/4617/4550
f 4421/4553/4487 4422/4554/4488 4486/4619/4552 4485/4618/4551
f 4422/4554/4488 4423/4555/4489 4487/4620/4553 4486/4619/4552
f 4423/4555/4489 4424/4556/4490 4488/4621/4554 4487/4620/4553
f 4424/4556/4490 4425/4557/4491 4489/4622/4555 4488/4621/4554
f 4425/4557/4491 4426/4558/4492 4490/4623/4556 4489/4622/4555
f 4426/4558/4492 4427/4559/4493 4491/4624/4557 4490/4623/4556
f 4427/4559/4493 4428/4560/4494 4492/4625/4558 4491/4624/4557
f 4428/4560/4494 4429/4561/4495 4493/4626/4559 4492/4625/4558
f 4429/4561/4495 4430/4562/4496 4494/4627/4560 4493/4626/4559
f 4430/4562/4496 4431/4563/4497 4495/4628/4561 4494/4627/4560
f 4431/4563/4497 4432/4564/4498 4496/4629/4562 4495/4628/4561
f 4432/4564/4498 4433/4565/4499 4497/4630/4563 4496/4629/4562
f 4433/4565/4499 4434/4566/4500 4498/4631/4564 4497/4630/4563
f 4434/4566/4500 4435/4567/4501 4499/4632/4565 4498/4631/4564
f 4435/4567/4501 4436/4568/4502 4500/4633/4566 4499/4632/4565
f 4436/4568/4502 4437/4569/4503 4501/4634/4567 4500/4633/4566
f 4437/4569/4503 4438/4570/4504 4502/4635/4568 4501/4634/4567
f 4438/4570/4504 4439/4571/4505 4503/4636/4569 4502/4635/4568
f 4439/4571/4505 4440/4572/4506 4504/4637/4570 4503/4636/4569
f 4440/4572/4506 4441/4573/4507 4505/4638/4571 4504/4637/4570
f 4441/4573/4507 4442/4574/4508 4506/4639/4572 4505/4638/4571
f 4442/4574/4508 4443/4575/4509 4507/4640/4573 4506/4639/4572
f 4443/4575/4509 4444/4576/4510 4508/4641/4574 4507/4640/4573
f 4444/4576/4510 4445/4577/4511 4509/4642/4575 4508/4641/4574
f 4445/4577/4511 4446/4578/4512 4510/4643/4576 4509/4642/4575
f 4446/4578/4512 4447/4579/4513 4511/4644/4577 4510/4643/4576
f 4447/4579/4513 4448/4580/4514 4512/4645/4578 4511/4644/4577
f 4448/4580/4514 4449/4581/4515 4513/4646/4579 4512/4645/4578
f 4449/4581/4515 4450/4582/4516 4514/4647/4580 4513/4646/4579
f 4450/4582/4516 4451/4583/4517 4515/4648/4581 4514/4647/4580
f 4451/4583/4517 4452/4584/4518 4516/4649/4582 4515/4648/4581
f 4452/4584/4518 4453/4585/4519 4517/4650/4583 4516/4649/4582
f 4453/4585/4519 4454/4586/4520 4518/4651/4584 4517/4650/4583
f 4454/4586/4520 4455/4587/4521 4519/4652/4585 4518/4651/4584
f 4455/4587/4521 4456/4588/4522 4520/4653/4586 4519/4652/4585
f 4456/4588/4522 4457/4589/4523 4521/4654/4587 4520/4653/4586
f 4457/4589/4523 4458/4590/4524 4522/4655/4588 4521/4654/4587
f 4458/4590/4524 4459/4591/4525 4523/4656/4589 4522/4655/4588
f 4459/4591/4525 4460/4592/4526 4524/4657/4590 4523/4656/4589
f 4460/4592/4526 4461/4593/4527 4525/4658/4591 4524/4657/4590
f 4461/4593/4527 4462/4594/4528 4526/4659/4592 4525/4658/4591
f 4462/4594/4528 4463/4595/4529 4527/4660/4593 4526/4659/4592
f 4463/4595/4529 4464/4596/4530 4528/4661/4594 4527/4660/4593
f 4464/4596/4530 4465/4597/4531 4529/4662/4595 4528/4661/4594
f 4465/4597/4531 4466/4598/4532 4530/4663/4596 4529/4662/4595
f 4466/4598/4532 4467/4599/4533 4531/4664/4597 4530/4663/4596
f 4467/4599/4533 4468/4600/4534 4532/4665/4598 4531/4664/4597
f 4468/4600/4534 4469/4601/4535 4533/4666/4599 4532/4665/4598
f 4469/4601/4535 4470/4602/4536 4534/4667/4600 4533/4666/4599
f 4470/4602/4536 4471/4603/4537 4535/4668/4601 4534/4667/4600
f 4471/4603/4537 4472/4604/4538 4536/4669/4602 4535/4668/4601
f 4472/4604/4538 4473/4605/4539 4537/4670/4603 4536/4669/4602
f 4473/4605/4539 4474/4606/4540 4538/4671/4604 4537/4670/4603
f 4474/4606/4540 4475/4607/4541 4539/4672/4605 4538/4671/4604
f 4475/4607/4541 4476/4608/4542 4540/4673/4606 4539/4672/4605
f 4476/4608/4542 4477/4609/4543 4541/4674/4607 4540/4673/4606
f 4477/4609/4543 4478/4610/4544 4542/4675/4608 4541/4674/4607
f 4478/4610/4544 4479/4611/4545 4543/4676/4609 4542/4675/4608
f 4479/4611/4545 4480/4612/4546 4544/4677/4610 4543/4676/4609
f 4480/4612/4546 4481/4613/4547 4545/4678/4611 4544/4677/4610
f 4481/4613/4547 4418/4614/4485 4482/4679/4549 4545/4678/4611
f 4482/4616/4549 4483/4615/4548 4547/4680/4612 4546/4681/4613
f 4483/4615/4548 4484/4617/4550 4548/4682/4614 4547/4680/4612
f 4484/4617/4550 4485/4618/4551 4549/4683/4615 4548/4682/4614
f 4485/4618/4551 4486/4619/4552 4550/4684/4616 4549/4683/4615
f 4486/4619/4552 4487/4620/4553 4551/4685/4617 4550/4684/4616
f 4487/4620/4553 4488/4621/4554 4552/4686/4618 4551/4685/4617
f 4488/4621/4554 4489/4622/4555 4553/4687/4619 4552/4686/4618
f 4489/4622/4555 4490/4623/4556 4554/4688/4620 4553/4687/4619
f 4490/4623/4556 4491/4624/4557 4555/4689/4621 4554/4688/4620
f 4491/4624/4557 4492/4625/4558 4556/4690/4622 4555/4689/4621
f 4492/4625/4558 4493/4626/4559 4557/4691/4623 4556/4690/4622
f 4493/4626/4559 4494/4627/4560 4558/4692/4624 4557/4691/4623
f 4494/4627/4560 4495/4628/4561 4559/4693/4625 4558/4692/4624
f 4495/4628/4561 4496/4629/4562 4560/4694/4626 4559/4693/4625
f 4496/4629/4562 4497/4630/4563 4561/4695/4627 4560/4694/4626
f 4497/4630/4563 4498/4631/4564 4562/4696/4628 4561/4695/4627
f 4498/4631/4564 4499/4632/4565 4563/4697/4629 4562/4696/4628
f 4499/4632/4565 4500/4633/4566 4564/4698/4630 4563/4697/4629
f 4500/4633/4566 4501/4634/4567 4565/4699/4631 4564/4698/4630
f 4501/4634/4567 4502/4635/4568 4566/4700/4632 4565/4699/4631
f 4502/4635/4568 4503/4636/4569 4567/4701/4633 4566/4700/4632
f 4503/4636/4569 4504/4637/4570 4568/4702/4634 4567/4701/4633
f 4504/4637/4570 4505/4638/4571 4569/4703/4635 4568/4702/4634
f 4505/4638/4571 4506/4639/4572 4570/4704/4636 4569/4703/4635
f 4506/4639/4572 4507/4640/4573 4571/4705/4637 4570/4704/4636
f 4507/4640/4573 4508/4641/4574 4572/4706/4638 4571/4705/4637
f 4508/4641/4574 4509/4642/4575 4573/4707/4639 4572/4706/4638
f 4509/4642/4575 4510/4643/4576 4574/4708/4640 4573/4707/4639
f 4510/4643/4576 4511/4644/4577 4575/4709/4641 4574/4708/4640
f 4511/4644/4577 4512/4645/4578 4576/4710/4642 4575/4709/4641
f 4512/4645/4578 4513/4646/4579 4577/4711/4643 4576/4710/4642
f 4513/4646/4579 4514/4647/4580 4578/4712/4644 4577/4711/4643
f 4514/4647/4580 4515/4648/4581 4579/4713/4645 4578/4712/4644
f 4515/4648/4581 4516/4649/4582 4580/4714/4646 4579/4713/4645
f 4516/4649/4582 4517/4650/4583 4581/4715/4647 4580/4714/4646
f 4517/4650/4583 4518/4651/4584 4582/4716/4648 4581/4715/4647
f 4518/4651/4584 4519/4652/4585 4583/4717/4649 4582/4716/4648
f 4519/4652/4585 4520/4653/4586 4584/4718/4650 4583/4717/4649
f 4520/4653/4586 4521/4654/4587 4585/4719/4651 4584/4718/4650
f 4521/4654/4587 4522/4655/4588 4586/4720/4652 4585/4719/4651
f 4522/4655/4588 4523/4656/4589 4587/4721/4653 4586/4720/4652
f 4523/4656/4589 4524/4657/4590 4588/4722/4654 4587/4721/4653
f 4524/4657/4590 4525/4658/4591 4589/4723/4655 4588/4722/4654
f 4525/4658/4591 4526/4659/4592 4590/4724/4656 4589/4723/4655
f 4526/4659/4592 4527/4660/4593 4591/4725/4657 4590/4724/4656
f 4527/4660/4593 4528/4661/4594 4592/4726/4658 4591/4725/4657
f 4528/4661/4594 4529/4662/4595 4593/4727/4659 4592/4726/4658
f 4529/4662/4595 4530/4663/4596 4594/4728/4660 4593/4727/4659
f 4530/4663/4596 4531/4664/4597 4595/4729/4661 4594/4728/4660
f 4531/4664/4597 4532/4665/4598 4596/4730/4662 4595/4729/4661
f 4532/4665/4598 4533/4666/4599 4597/4731/4663 4596/4730/4662
f 4533/4666/4599 4534/4667/4600 4598/4732/4664 4597/4731/4663
f 4534/4667/4600 4535/4668/4601 4599/4733/4665 4598/4732/4664
f 4535/4668/4601 4536/4669/4602 4600/4734/4666 4599/4733/4665
f 4536/4669/4602 4537/4670/4603 4601/4735/4667 4600/4734/4666
f 4537/4670/4603 4538/4671/4604 4602/4736/4668 4601/4735/4667
f 4538/4671/4604 4539/4672/4605 4603/4737/4669 4602/4736/4668
f 4539/4672/4605 4540/4673/4606 4604/4738/4670 4603/4737/4669
f 4540/4673/4606 4541/4674/4607 4605/4739/4671 4604/4738/4670
f 4541/4674/4607 4542/4675/4608 4606/4740/4672 4605/4739/4671
f 4542/4675/4608 4543/4676/4609 4607/4741/4673 4606/4740/4672
f 4543/4676/4609 4544/4677/4610 4608/4742/4674 4607/4741/4673
f 4544/4677/4610 4545/4678/4611 4609/4743/4675 4608/4742/4674
f 4545/4678/4611 4482/4679/4549 4546/4744/4613 4609/4743/4675
f 4546/4681/4613 4547/4680/4612 4611/4745/4676 4610/4746/4677
f 4547/4680/4612 4548/4682/4614 4612/4747/4678 4611/4745/4676
f 4548/4682/4614 4549/4683/4615 4613/4748/4679 4612/4747/4678
f 4549/4683/4615 4550/4684/4616 4614/4749/4680 4613/4748/4679
f 4550/4684/4616 4551/4685/4617 4615/4750/4681 4614/4749/4680
f 4551/4685/4617 4552/4686/4618 4616/4751/4682 4615/4750/4681
f 4552/4686/4618 4553/4687/4619 4617/4752/4683 4616/4751/4682
f 4553/4687/4619 4554/4688/4620 4618/4753/4684 4617/4752/4683
f 4554/4688/4620 4555/4689/4621 4619/4754/4685 4618/4753/4684
f 4555/4689/4621 4556/4690/4622 4620/4755/4686 4619/4754/4685
f 4556/4690/4622 4557/4691/4623 4621/4756/4687 4620/4755/4686
f 4557/4691/4623 4558/4692/4624 4622/4757/4688 4621/4756/4687
f 4558/4692/4624 4559/4693/4625 4623/4758/4689 4622/4757/4688
f 4559/4693/4625 4560/4694/4626 4624/4759/4690 4623/4758/4689
f 4560/4694/4626 4561/4695/4627 4625/4760/4691 4624/4759/4690
f 4561/4695/4627 4562/4696/4628 4626/4761/4692 4625/4760/4691
f 4562/4696/4628 4563/4697/4629 4627/4762/4693 4626/4761/4692
f 4563/4697/4629 4564/4698/4630 4628/4763/4694 4627/4762/4693
f 4564/4698/4630 4565/4699/4631 4629/4764/4695 4628/4763/4694
f 4565/4699/4631 4566/4700/4632 4630/4765/4696 4629/4764/4695
f 4566/4700/4632 4567/4701/4633 4631/4766/4697 4630/4765/4696
f 4567/4701/4633 4568/4702/4634 4632/4767/4698 4631/4766/4697
f 4568/4702/4634 4569/4703/4635 4633/4768/4699 4632/4767/4698
f 4569/4703/4635 4570/4704/4636 4634/4769/4700 4633/4768/4699
f 4570/4704/4636 4571/4705/4637 4635/4770/4701 4634/4769/4700
f 4571/4705/4637 4572/4706/4638 4636/4771/4702 4635/4770/4701
f 4572/4706/4638 4573/4707/4639 4637/4772/4703 4636/4771/4702
f 4573/4707/4639 4574/4708/4640 4638/4773/4704 4637/4772/4703
f 4574/4708/4640 4575/4709/4641 4639/4774/4705 4638/4773/4704
f 4575/4709/4641 4576/4710/4642 4640/4775/4706 4639/4774/4705
f 4576/4710/4642 4577/4711/4643 4641/4776/4707 4640/4775/4706
f 4577/4711/4643 4578/4712/4644 4642/4777/4708 4641/4776/4707
f 4578/4712/4644 4579/4713/4645 4643/4778/4709 4642/4777/4708
f 4579/4713/4645 4580/4714/4646 4644/4779/4710 4643/4778/4709
f 4580/4714/4646 4581/4715/4647 4645/4780/4711 4644/4779/4710
f 4581/4715/4647 4582/4716/4648 4646/4781/4712 4645/4780/4711
f 4582/4716/4648 4583/4717/4649 4647/4782/4713 4646/4781/4712
f 4583/4717/4649 4584/4718/4650 4648/4783/4714 4647/4782/4713
f 4584/4718/4650 4585/4719/4651 4649/4784/4715 4648/4783/4714
f 4585/4719/4651 4586/4720/4652 4650/4785/4716 4649/4784/4715
f 4586/4720/4652 4587/4721/4653 4651/4786/4717 4650/4785/4716
f 4587/4721/4653 4588/4722/4654 4652/4787/4718 4651/4786/4717
f 4588/4722/4654 4589/4723/4655 4653/4788/4719 4652/4787/4718
f 4589/4723/4655 4590/4724/4656 4654/4789/4720 4653/4788/4719
f 4590/4724/4656 4591/4725/4657 4655/4790/4721 4654/4789/4720
f 4591/4725/4657 4592/4726/4658 4656/4791/4722 4655/4790/4721
f 4592/4726/4658 4593/4727/4659 4657/4792/4723 4656/4791/4722
f 4593/4727/4659 4594/4728/4660 4658/4793/4724 4657/4792/4723
f 4594/4728/4660 4595/4729/4661 4659/4794/4725 4658/4793/4724
f 4595/4729/4661 4596/4730/4662 4660/4795/4726 4659/4794/4725
f 4596/4730/4662 4597/4731/4663 4661/4796/4727 4660/4795/4726
f 4597/4731/4663 4598/4732/4664 4662/4797/4728 4661/4796/4727
f 4598/4732/4664 4599/4733/4665 4663/4798/4729 4662/4797/4728
f 4599/4733/4665 4600/4734/4666 4664/4799/4730 4663/4798/4729
f 4600/4734/4666 4601/4735/4667 4665/4800/4731 4664/4799/4730
f 4601/4735/4667 4602/4736/4668 4666/4801/4732 4665/4800/4731
f 4602/4736/4668 4603/4737/4669 4667/4802/4733 4666/4801/4732
f 4603/4737/4669 4604/4738/4670 4668/4803/4734 4667/4802/4733
f 4604/4738/4670 4605/4739/4671 4669/4804/4735 4668/4803/4734
f 4605/4739/4671 4606/4740/4672 4670/4805/4736 4669/4804/4735
f 4606/4740/4672 4607/4741/4673 4671/4806/4737 4670/4805/4736
f 4607/4741/4673 4608/4742/4674 4672/4807/4738 4671/4806/4737
f 4608/4742/4674 4609/4743/4675 4673/4808/4739 4672/4807/4738
f 4609/4743/4675 4546/4744/4613 4610/4809/4677 4673/4808/4739
f 4610/4746/4677 4611/4745/4676 4675/4810/4740 4674/4811/4741
f 4611/4745/4676 4612/4747/4678 4676/4812/4742 4675/4810/4740
f 4612/4747/4678 4613/4748/4679 4677/4813/4743 4676/4812/4742
f 4613/4748/4679 4614/4749/4680 4678/4814/4744 4677/4813/4743
f 4614/4749/4680 4615/4750/4681 4679/4815/4745 4678/4814/4744
f 4615/4750/4681 4616/4751/4682 4680/4816/4746 4679/4815/4745
f 4616/4751/4682 4617/4752/4683 4681/4817/4747 4680/4816/4746
f 4617/4752/4683 4618/4753/4684 4682/4818/4748 4681/4817/4747
f 4618/4753/4684 4619/4754/4685 4683/4819/4749 4682/4818/4748
f 4619/4754/4685 4620/4755/4686 4684/4820/4750 4683/4819/4749
f 4620/4755/4686 4621/4756/4687 4685/4821/4751 4684/4820/4750
f 4621/4756/4687 4622/4757/4688 4686/4822/4752 4685/4821/4751
f 4622/4757/4688 4623/4758/4689 4687/4823/4753 4686/4822/4752
f 4623/4758/4689 4624/4759/4690 4688/4824/4754 4687/4823/4753
f 4624/4759/4690 4625/4760/4691 4689/4825/4755 4688/4824/4754
f 4625/4760/4691 4626/4761/4692 4690/4826/4756 4689/4825/4755
f 4626/4761/4692 4627/4762/4693 4691/4827/4757 4690/4826/4756
f 4627/4762/4693 4628/4763/4694 4692/4828/4758 4691/4827/4757
f 4628/4763/4694 4629/4764/4695 4693/4829/4759 4692/4828/4758
f 4629/4764/4695 4630/4765/4696 4694/4830/4760 4693/4829/4759
f 4630/4765/4696 4631/4766/4697 4695/4831/4761 4694/4830/4760
f 4631/4766/4697 4632/4767/4698 4696/4832/4762 4695/4831/4761
f 4632/4767/4698 4633/4768/4699 4697/4833/4763 4696/4832/4762
f 4633/4768/4699 4634/4769/4700 4698/4834/4764 4697/4833/4763
f 4634/4769/4700 4635/4770/4701 4699/4835/4765 4698/4834/4764
f 4635/4770/4701 4636/4771/4702 4700/4836/4766 4699/4835/4765
f 4636/4771/4702 4637/4772/4703 4701/4837/4767 4700/4836/4766
f 4637/4772/4703 4638/4773/4704 4702/4838/4768 4701/4837/4767
f 4638/4773/4704 4639/4774/4705 4703/4839/4769 4702/4838/4768
f 4639/4774/4705 4640/4775/4706 4704/4840/4770 4703/4839/4769
f 4640/4775/4706 4641/4776/4707 4705/4841/4771 4704/4840/4770
f 4641/4776/4707 4642/4777/4708 4706/4842/4772 4705/4841/4771
f 4642/4777/4708 4643/4778/4709 4707/4843/4773 4706/4842/4772
f 4643/4778/4709 4644/4779/4710 4708/4844/4774 4707/4843/4773
f 4644/4779/4710 4645/4780/4711 4709/4845/4775 4708/4844/4774
f 4645/4780/4711 4646/4781/4712 4710/4846/4776 4709/4845/4775
f 4646/4781/4712 4647/4782/4713 4711/4847/4777 4710/4846/4776
f 4647/4782/4713 4648/4783/4714 4712/4848/4778 4711/4847/4777
f 4648/4783/4714 4649/4784/4715 4713/4849/4779 4712/4848/4778
f 4649/4784/4715 4650/4785/4716 4714/4850/4780 4713/4849/4779
f 4650/4785/4716 4651/4786/4717 4715/4851/4781 4714/4850/4780
f 4651/4786/4717 4652/4787/4718 4716/4852/4782 4715/4851/4781
f 4652/4787/4718 4653/4788/4719 4717/4853/4783 4716/4852/4782
f 4653/4788/4719 4654/4789/4720 4718/4854/4784 4717/4853/4783
f 4654/4789/4720 4655/4790/4721 4719/4855/4785 4718/4854/4784
f 4655/4790/4721 4656/4791/4722 4720/4856/4786 4719/4855/4785
f 4656/4791/4722 4657/4792/4723 4721/4857/4787 4720/4856/4786
f 4657/4792/4723 4658/4793/4724 4722/4858/4788 4721/4857/4787
f 4658/4793/4724 4659/4794/4725 4723/4859/4789 4722/4858/4788
f 4659/4794/4725 4660/4795/4726 4724/4860/4790 4723/4859/4789
f 4660/4795/4726 4661/4796/4727 4725/4861/4791 4724/4860/4790
f 4661/4796/4727 4662/4797/4728 4726/4862/4792 4725/4861/4791
f 4662/4797/4728 4663/4798/4729 4727/4863/4793 4726/4862/4792
f 4663/4798/4729 4664/4799/4730 4728/4864/4794 4727/4863/4793
f 4664/4799/4730 4665/4800/4731 4729/4865/4795 4728/4864/4794
f 4665/4800/4731 4666/4801/4732 4730/4866/4796 4729/4865/4795
f 4666/4801/4732 4667/4802/4733 4731/4867/4797 4730/4866/4796
f 4667/4802/4733 4668/4803/4734 4732/4868/4798 4731/4867/4797
f 4668/4803/4734 4669/4804/4735 4733/4869/4799 4732/4868/4798
f 4669/4804/4735 4670/4805/4736 4734/4870/4800 4733/4869/4799
f 4670/4805/4736 4671/4806/4737 4735/4871/4801 4734/4870/4800
f 4671/4806/4737 4672/4807/4738 4736/4872/4802 4735/4871/4801
f 4672/4807/4738 4673/4808/4739 4737/4873/4803 4736/4872/4802
f 4673/4808/4739 4610/4809/4677 4674/4874/4741 4737/4873/4803
f 4674/4811/4741 4675/4810/4740 4739/4875/4804 4738/4876/4805
f 4675/4810/4740 4676/4812/4742 4740/4877/4806 4739/4875/4804
f 4676/4812/4742 4677/4813/4743 4741/4878/4807 4740/4877/4806
f 4677/4813/4743 4678/4814/4744 4742/4879/4808 4741/4878/4807
f 4678/4814/4744 4679/4815/4745 4743/4880/4809 4742/4879/4808
f 4679/4815/4745 4680/4816/4746 4744/4881/4810 4743/4880/4809
f 4680/4816/4746 4681/4817/4747 4745/4882/4811 4744/4881/4810
f 4681/4817/4747 4682/4818/4748 4746/4883/4812 4745/4882/4811
f 4682/4818/4748 4683/4819/4749 4747/4884/4813 4746/4883/4812
f 4683/4819/4749 4684/4820/4750 4748/4885/4814 4747/4884/4813
f 4684/4820/4750 4685/4821/4751 4749/4886/4815 4748/4885/4814
f 4685/4821/4751 4686/4822/4752 4750/4887/4816 4749/4886/4815
f 4686/4822/4752 4687/4823/4753 4751/4888/4817 4750/4887/4816
f 4687/4823/4753 4688/4824/4754 4752/4889/4818 4751/4888/4817
f 4688/4824/4754 4689/4825/4755 4753/4890/4819 4752/4889/4818
f 4689/4825/4755 4690/4826/4756 4754/4891/4820 4753/4890/4819
f 4690/4826/4756 4691/4827/4757 4755/4892/4821 4754/4891/4820
f 4691/4827/4757 4692/4828/4758 4756/4893/4822 4755/4892/4821
f 4692/4828/4758 4693/4829/4759 4757/4894/4823 4756/4893/4822
f 4693/4829/4759 4694/4830/4760 4758/4895/4824 4757/4894/4823
f 4694/4830/4760 4695/4831/4761 4759/4896/4825 4758/4895/4824
f 4695/4831/4761 4696/4832/4762 4760/4897/4826 4759/4896/4825
f 4696/4832/4762 4697/4833/4763 4761/4898/4827 4760/4897/4826
f 4697/4833/4763 4698/4834/4764 4762/4899/4828 4761/4898/4827
f 4698/4834/4764 4699/4835/4765 4763/4900/4829 4762/4899/4828
f 4699/4835/4765 4700/4836/4766 4764/4901/4830 4763/4900/4829
f 4700/4836/4766 4701/4837/4767 4765/4902/4831 4764/4901/4830
f 4701/4837/4767 4702/4838/4768 4766/4903/4832 4765/4902/4831
f 4702/4838/4768 4703/4839/4769 4767/4904/4833 4766/4903/4832
f 4703/4839/4769 4704/4840/4770 4768/4905/4834 4767/4904/4833
f 4704/4840/4770 4705/4841/4771 4769/4906/4835 4768/4905/4834
f 4705/4841/4771 4706/4842/4772 4770/4907/4836 4769/4906/4835
f 4706/4842/4772 4707/4843/4773 4771/4908/4837 4770/4907/4836
f 4707/4843/4773 4708/4844/4774 4772/4909/4838 4771/4908/4837
f 4708/4844/4774 4709/4845/4775 4773/4910/4839 4772/4909/4838
f 4709/4845/4775 4710/4846/4776 4774/4911/4840 4773/4910/4839
f 4710/4846/4776 4711/4847/4777 4775/4912/4841 4774/4911/4840
f 4711/4847/4777 4712/4848/4778 4776/4913/4842 4775/4912/4841
f 4712/4848/4778 4713/4849/4779 4777/4914/4843 4776/4913/4842
f 4713/4849/4779 4714/4850/4780 4778/4915/4844 4777/4914/4843
f 4714/4850/4780 4715/4851/4781 4779/4916/4845 4778/4915/4844
f 4715/4851/4781 4716/4852/4782 4780/4917/4846 4779/4916/4845
f 4716/4852/4782 4717/4853/4783 4781/4918/4847 4780/4917/4846
f 4717/4853/4783 4718/4854/4784 4782/4919/4848 4781/4918/4847
f 4718/4854/4784 4719/4855/4785 4783/4920/4849 4782/4919/4848
f 4719/4855/4785 4720/4856/4786 4784/4921/4850 4783/4920/4849
f 4720/4856/4786 4721/4857/4787 4785/4922/4851 4784/4921/4850
f 4721/4857/4787 4722/4858/4788 4786/4923/4852 4785/4922/4851
f 4722/4858/4788 4723/4859/4789 4787/4924/4853 4786/4923/4852
f 4723/4859/4789 4724/4860/4790 4788/4925/4854 4787/4924/4853
f 4724/4860/4790 4725/4861/4791 4789/4926/4855 4788/4925/4854
f 4725/4861/4791 4726/4862/4792 4790/4927/4856 4789/4926/4855
f 4726/4862/4792 4727/4863/4793 4791/4928/4857 4790/4927/4856
f 4727/4863/4793 4728/4864/4794 4792/4929/4858 4791/4928/4857
f 4728/4864/4794 4729/4865/4795 4793/4930/4859 4792/4929/4858
f 4729/4865/4795 4730/4866/4796 4794/4931/4860 4793/4930/4859
f 4730/4866/4796 4731/4867/4797 4795/4932/4861 4794/4931/4860
f 4731/4867/4797 4732/4868/4798 4796/4933/4862 4795/4932/4861
f 4732/4868/4798 4733/4869/4799 4797/4934/4863 4796/4933/4862
f 4733/4869/4799 4734/4870/4800 4798/4935/4864 4797/4934/4863
f 4734/4870/4800 4735/4871/4801 4799/4936/4865 4798/4935/4864
f 4735/4871/4801 4736/4872/4802 4800/4937/4866 4799/4936/4865
f 4736/4872/4802 4737/4873/4803 4801/4938/4867 4800/4937/4866
f 4737/4873/4803 4674/4874/4741 4738/4939/4805 4801/4938/4867
f 4738/4876/4805 4739/4875/4804 4802/4940/4868
f 4739/4875/4804 4740/4877/4806 4802/4941/4868
f 4740/4877/4806 4741/4878/4807 4802/4942/4868
f 4741/4878/4807 4742/4879/4808 4802/4943/4868
f 4742/4879/4808 4743/4880/4809 4802/4944/4868
f 4743/4880/4809 4744/4881/4810 4802/4945/4868
f 4744/4881/4810 4745/4882/4811 4802/4946/4868
f 4745/4882/4811 4746/4883/4812 4802/4947/4868
f 4746/4883/4812 4747/4884/4813 4802/4948/4868
f 4747/4884/4813 4748/4885/4814 4802/4949/4868
f 4748/4885/4814 4749/4886/4815 4802/4950/4868
f 4749/4886/4815 4750/4887/4816 4802/4951/4868
f 4750/4887/4816 4751/4888/4817 4802/4952/4868
f 4751/4888/4817 4752/4889/4818 4802/4953/4868
f 4752/4889/4818 4753/4890/4819 4802/4954/4868
f 4753/4890/4819 4754/4891/4820 4802/4955/4868
f 4754/4891/4820 4755/4892/4821 4802/4956/4868
f 4755/4892/4821 4756/4893/4822 4802/4957/4868
f 4756/4893/4822 4757/4894/4823 4802/4958/4868
f 4757/4894/4823 4758/4895/4824 4802/4959/4868
f 4758/4895/4824 4759/4896/4825 4802/4960/4868
f 4759/4896/4825 4760/4897/4826 4802/4961/4868
f 4760/4897/4826 4761/4898/4827 4802/4962/4868
f 4761/4898/4827 4762/4899/4828 4802/4963/4868
f 4762/4899/4828 4763/4900/4829 4802/4964/4868
f 4763/4900/4829 4764/4901/4830 4802/4965/4868
f 4764/4901/4830 4765/4902/4831 4802/4966/4868
f 4765/4902/4831 4766/4903/4832 4802/4967/4868
f 4766/4903/4832 4767/4904/4833 4802/4968/4868
f 4767/4904/4833 4768/4905/4834 4802/4969/4868
f 4768/4905/4834 4769/4906/4835 4802/4970/4868
f 4769/4906/4835 4770/4907/4836 4802/4971/4868
f 4770/4907/4836 4771/4908/4837 4802/4972/4868
f 4771/4908/4837 4772/4909/4838 4802/4973/4868
f 4772/4909/4838 4773/4910/4839 4802/4974/4868
f 4773/4910/4839 4774/4911/4840 4802/4975/4868
f 4774/4911/4840 4775/4912/4841 4802/4976/4868
f 4775/4912/4841 4776/4913/4842 4802/4977/4868
f 4776/4913/4842 4777/4914/4843 4802/4978/4868
f 4777/4914/4843 4778/4915/4844 4802/4979/4868
f 4778/4915/4844 4779/4916/4845 4802/4980/4868
f 4779/4916/4845 4780/4917/4846 4802/4981/4868
f 4780/4917/4846 4781/4918/4847 4802/4982/4868
f 4781/4918/4847 4782/4919/4848 4802/4983/4868
f 4782/4919/4848 4783/4920/4849 4802/4984/4868
f 4783/4920/4849 4784/4921/4850 4802/4985/4868
f 4784/4921/4850 4785/4922/4851 4802/4986/4868
f 4785/4922/4851 4786/4923/4852 4802/4987/4868
f 4786/4923/4852 4787/4924/4853 4802/4988/4868
f 4787/4924/4853 4788/4925/4854 4802/4989/4868
f 4788/4925/4854 4789/4926/4855 4802/4990/4868
f 4789/4926/4855 4790/4927/4856 4802/4991/4868
f 4790/4927/4856 4791/4928/4857 4802/4992/4868
f 4791/4928/4857 4792/4929/4858 4802/4993/4868
f 4792/4929/4858 4793/4930/4859 4802/4994/4868
f 4793/4930/4859 4794/4931/4860 4802/4995/4868
f 4794/4931/4860 4795/4932/4861 4802/4996/4868
f 4795/4932/4861 4796/4933/4862 4802/4997/4868
f 4796/4933/4862 4797/4934/4863 4802/4998/4868
f 4797/4934/4863 4798/4935/4864 4802/4999/4868
f 4798/4935/4864 4799/4936/4865 4802/5000/4868
f 4799/4936/4865 4800/4937/4866 4802/5001/4868
f 4800/4937/4866 4801/4938/4867 4802/5002/4868
f 4801/4938/4867 4738/4939/4805 4802/5003/4868
usemtl trim
f 5655/5004/4869 5666/5005/4870 5656/5006/4871
f 4804/5007/4872 4805/5008/4873 4869/5009/4873 4868/5010/4872
f 4805/5008/4873 4806/5011/4874 4870/5012/4874 4869/5009/4873
f 4806/5011/4874 4807/5013/4875 4871/5014/4875 4870/5012/4874
f 4807/5013/4875 4808/5015/4876 4872/5016/4876 4871/5014/4875
f 4808/5015/4876 4809/5017/4877 4873/5018/4877 4872/5016/4876
f 4809/5017/4877 4810/5019/4878 4874/5020/4878 4873/5018/4877
f 4810/5019/4878 4811/5021/4879 4875/5022/4879 4874/5020/4878
f 4811/5021/4879 4812/5023/4880 4876/5024/4880 4875/5022/4879
f 4812/5023/4880 4813/5025/4881 4877/5026/4881 4876/5024/4880
f 4813/5025/4881 4814/5027/4882 4878/5028/4882 4877/5026/4881
f 4814/5027/4882 4815/5029/4883 4879/5030/4883 4878/5028/4882
f 4815/5029/4883 4816/5031/4884 4880/5032/4884 4879/5030/4883
f 4816/5031/4884 4817/5033/4885 4881/5034/4885 4880/5032/4884
f 4817/5033/4885 4818/5035/4886 4882/5036/4886 4881/5034/4885
f 4818/5035/4886 4819/5037/4887 4883/5038/4887 4882/5036/4886
f 4819/5037/4887 4820/5039/4888 4884/5040/4888 4883/5038/4887
f 4820/5039/4888 4821/5041/4889 4885/5042/4889 4884/5040/4888
f 4821/5041/4889 4822/5043/4890 4886/5044/4890 4885/5042/4889
f 4822/5043/4890 4823/5045/4891 4887/5046/4891 4886/5044/4890
f 4823/5045/4891 4824/5047/4892 4888/5048/4892 4887/5046/4891
f 4824/5047/4892 4825/5049/4893 4889/5050/4893 4888/5048/4892
f 4825/5049/4893 4826/5051/4894 4890/5052/4894 4889/5050/4893
f 4826/5051/4894 4827/5053/4895 4891/5054/4895 4890/5052/4894
f 4827/5053/4895 4828/5055/4896 4892/5056/4896 4891/5054/4895
f 4828/5055/4896 4829/5057/4897 4893/5058/4897 4892/5056/4896
f 4829/5057/4897 4830/5059/4898 4894/5060/4898 4893/5058/4897
f 4830/5059/4898 4831/5061/4899 4895/5062/4899 4894/5060/4898
f 4831/5061/4899 4832/5063/4900 4896/5064/4900 4895/5062/4899
f 4832/5063/4900 4833/5065/4901 4897/5066/4901 4896/5064/4900
f 4833/5065/4901 4834/5067/4902 4898/5068/4902 4897/5066/4901
f 4834/5067/4902 4835/5069/4903 4899/5070/4903 4898/5068/4902
f 4835/5069/4903 4836/5071/4904 4900/5072/4904 4899/5070/4903
f 4836/5071/4904 4837/5073/4905 4901/5074/4905 4900/5072/4904
f 4837/5073/4905 4838/5075/4906 4902/5076/4906 4901/5074/4905
f 4838/5075/4906 4839/5077/4907 4903/5078/4907 4902/5076/4906
f 4839/5077/4907 4840/5079/4908 4904/5080/4908 4903/5078/4907
f 4840/5079/4908 4841/5081/4909 4905/5082/4909 4904/5080/4908
f 4841/5081/4909 4842/5083/4910 4906/5084/4910 4905/5082/4909
f 4842/5083/4910 4843/5085/4911 4907/5086/4911 4906/5084/4910
f 4843/5085/4911 4844/5087/4912 4908/5088/4912 4907/5086/4911
f 4844/5087/4912 4845/5089/4913 4909/5090/4913 4908/5088/4912
f 4845/5089/4913 4846/5091/4914 4910/5092/4914 4909/5090/4913
f 4846/5091/4914 4847/5093/4915 4911/5094/4915 4910/5092/4914
f 4847/5093/4915 4848/5095/4916 4912/5096/4916 4911/5094/4915
f 4848/5095/4916 4849/5097/4917 4913/5098/4917 4912/5096/4916
f 4849/5097/4917 4850/5099/4918 4914/5100/4918 4913/5098/4917
f 4850/5099/4918 4851/5101/4919 4915/5102/4919 4914/5100/4918
f 4851/5101/4919 4852/5103/4920 4916/5104/4920 4915/5102/4919
f 4852/5103/4920 4853/5105/4921 4917/5106/4921 4916/5104/4920
f 4853/5105/4921 4854/5107/4922 4918/5108/4922 4917/5106/4921
f 4854/5107/4922 4855/5109/4923 4919/5110/4923 4918/5108/4922
f 4855/5109/4923 4856/5111/4924 4920/5112/4924 4919/5110/4923
f 4856/5111/4924 4857/5113/4925 4921/5114/4925 4920/5112/4924
f 4857/5113/4925 4858/5115/4926 4922/5116/4926 4921/5114/4925
f 4858/5115/4926 4859/5117/4927 4923/5118/4927 4922/5116/4926
f 4859/5117/4927 4860/5119/4928 4924/5120/4928 4923/5118/4927
f 4860/5119/4928 4861/5121/4929 4925/5122/4929 4924/5120/4928
f 4861/5121/4929 4862/5123/4930 4926/5124/4930 4925/5122/4929
f 4862/5123/4930 4863/5125/4931 4927/5126/4931 4926/5124/4930
f 4863/5125/4931 4864/5127/4932 4928/5128/4932 4927/5126/4931
f 4864/5127/4932 4865/5129/4933 4929/5130/4933 4928/5128/4932
f 4865/5129/4933 4866/5131/4934 4930/5132/4934 4929/5130/4933
f 4866/5131/4934 4803/5133/4935 4867/5134/4935 4930/5132/4934
f 4867/5135/2050 4868/5010/2051 4932/5136/2051 4931/5137/2050
f 4868/5010/2051 4869/5009/2052 4933/5138/2052 4932/5136/2051
f 4869/5009/2052 4870/5012/2053 4934/5139/2053 4933/5138/2052
f 4870/5012/2053 4871/5014/2054 4935/5140/2054 4934/5139/2053
f 4871/5014/2054 4872/5016/2055 4936/5141/2055 4935/5140/2054
f 4872/5016/2055 4873/5018/2056 4937/5142/2056 4936/5141/2055
f 4873/5018/2056 4874/5020/2057 4938/5143/2057 4937/5142/2056
f 4874/5020/2057 4875/5022/2058 4939/5144/2058 4938/5143/2057
f 4875/5022/2058 4876/5024/2059 4940/5145/2059 4939/5144/2058
f 4876/5024/2059 4877/5026/2060 4941/5146/2060 4940/5145/2059
f 4877/5026/2060 4878/5028/2061 4942/5147/2061 4941/5146/2060
f 4878/5028/2061 4879/5030/2062 4943/5148/2062 4942/5147/2061
f 4879/5030/2062 4880/5032/2063 4944/5149/2063 4943/5148/2062
f 4880/5032/2063 4881/5034/2064 4945/5150/2064 4944/5149/2063
f 4881/5034/2064 4882/5036/2065 4946/5151/2065 4945/5150/2064
f 4882/5036/2065 4883/5038/2066 4947/5152/2066 4946/5151/2065
f 4883/5038/2066 4884/5040/2067 4948/5153/2067 4947/5152/2066
f 4884/5040/2067 4885/5042/2068 4949/5154/2068 4948/5153/2067
f 4885/5042/2068 4886/5044/2069 4950/5155/2069 4949/5154/2068
f 4886/5044/2069 4887/5046/2070 4951/5156/2070 4950/5155/2069
f 4887/5046/2070 4888/5048/2071 4952/5157/2071 4951/5156/2070
f 4888/5048/2071 4889/5050/2072 4953/5158/2072 4952/5157/2071
f 4889/5050/2072 4890/5052/2073 4954/5159/2073 4953/5158/2072
f 4890/5052/2073 4891/5054/2074 4955/5160/2074 4954/5159/2073
f 4891/5054/2074 4892/5056/2075 4956/5161/2075 4955/5160/2074
f 4892/5056/2075 4893/5058/2076 4957/5162/2076 4956/5161/2075
f 4893/5058/2076 4894/5060/2077 4958/5163/2077 4957/5162/2076
f 4894/5060/2077 4895/5062/2078 4959/5164/2078 4958/5163/2077
f 4895/5062/2078 4896/5064/2079 4960/5165/2079 4959/5164/2078
f 4896/5064/2079 4897/5066/2080 4961/5166/2080 4960/5165/2079
f 4897/5066/2080 4898/5068/2081 4962/5167/2081 4961/5166/2080
f 4898/5068/2081 4899/5070/2082 4963/5168/2082 4962/5167/2081
f 4899/5070/2082 4900/5072/2083 4964/5169/2083 4963/5168/2082
f 4900/5072/2083 4901/5074/2084 4965/5170/2084 4964/5169/2083
f 4901/5074/2084 4902/5076/2085 4966/5171/2085 4965/5170/2084
f 4902/5076/2085 4903/5078/2086 4967/5172/2086 4966/5171/2085
f 4903/5078/2086 4904/5080/2087 4968/5173/2087 4967/5172/2086
f 4904/5080/2087 4905/5082/2088 4969/5174/2088 4968/5173/2087
f 4905/5082/2088 4906/5084/2089 4970/5175/2089 4969/5174/2088
f 4906/5084/2089 4907/5086/2090 4971/5176/2090 4970/5175/2089
f 4907/5086/2090 4908/5088/2091 4972/5177/2091 4971/5176/2090
f 4908/5088/2091 4909/5090/2092 4973/5178/2092 4972/5177/2091
f 4909/5090/2092 4910/5092/2093 4974/5179/2093 4973/5178/2092
f 4910/5092/2093 4911/5094/2094 4975/5180/2094 4974/5179/2093
f 4911/5094/2094 4912/5096/2095 4976/5181/2095 4975/5180/2094
f 4912/5096/2095 4913/5098/2096 4977/5182/2096 4976/5181/2095
f 4913/5098/2096 4914/5100/2097 4978/5183/2097 4977/5182/2096
f 4914/5100/2097 4915/5102/2098 4979/5184/2098 4978/5183/2097
f 4915/5102/2098 4916/5104/2099 4980/5185/2099 4979/5184/2098
f 4916/5104/2099 4917/5106/2100 4981/5186/2100 4980/5185/2099
f 4917/5106/2100 4918/5108/2101 4982/5187/2101 4981/5186/2100
f 4918/5108/2101 4919/5110/2102 4983/5188/2102 4982/5187/2101
f 4919/5110/2102 4920/5112/2103 4984/5189/2103 4983/5188/2102
f 4920/5112/2103 4921/5114/2104 4985/5190/2104 4984/5189/2103
f 4921/5114/2104 4922/5116/2105 4986/5191/2105 4985/5190/2104
f 4922/5116/2105 4923/5118/2106 4987/5192/2106 4986/5191/2105
f 4923/5118/2106 4924/5120/2107 4988/5193/2107 4987/5192/2106
f 4924/5120/2107 4925/5122/2108 4989/5194/2108 4988/5193/2107
f 4925/5122/2108 4926/5124/2109 4990/5195/2109 4989/5194/2108
f 4926/5124/2109 4927/5126/2110 4991/5196/2110 4990/5195/2109
f 4927/5126/2110 4928/5128/2111 4992/5197/2111 4991/5196/2110
f 4928/5128/2111 4929/5130/2112 4993/5198/2112 4992/5197/2111
f 4929/5130/2112 4930/5132/2113 4994/5199/2113 4993/5198/2112
f 4930/5132/2113 4867/5134/2050 4931/5200/2050 4994/5199/2113
f 4931/5137/4936 4932/5136/4937 4996/5201/4937 4995/5202/4936
f 4932/5136/4937 4933/5138/4938 4997/5203/4938 4996/5201/4937
f 4933/5138/4938 4934/5139/4939 4998/5204/4939 4997/5203/4938
f 4934/5139/4939 4935/5140/4940 4999/5205/4940 4998/5204/4939
f 4935/5140/4940 4936/5141/4941 5000/5206/4941 4999/5205/4940
f 4936/5141/4941 4937/5142/4942 5001/5207/4942 5000/5206/4941
f 4937/5142/4942 4938/5143/4943 5002/5208/4943 5001/5207/4942
f 4938/5143/4943 4939/5144/4944 5003/5209/4944 5002/5208/4943
f 4939/5144/4944 4940/5145/4945 5004/5210/4945 5003/5209/4944
f 4940/5145/4945 4941/5146/4946 5005/5211/4946 5004/5210/4945
f 4941/5146/4946 4942/5147/4947 5006/5212/4947 5005/5211/4946
f 4942/5147/4947 4943/5148/4948 5007/5213/4948 5006/5212/4947
f 4943/5148/4948 4944/5149/4949 5008/5214/4949 5007/5213/4948
f 4944/5149/4949 4945/5150/4950 5009/5215/4950 5008/5214/4949
f 4945/5150/4950 4946/5151/4951 5010/5216/4951 5009/5215/4950
f 4946/5151/4951 4947/5152/4952 5011/5217/4952 5010/5216/4951
f 4947/5152/4952 4948/5153/4953 5012/5218/4953 5011/5217/4952
f 4948/5153/4953 4949/5154/4954 5013/5219/4954 5012/5218/4953
f 4949/5154/4954 4950/5155/4955 5014/5220/4955 5013/5219/4954
f 4950/5155/4955 4951/5156/4956 5015/5221/4956 5014/5220/4955
f 4951/5156/4956 4952/5157/4957 5016/5222/4957 5015/5221/4956
f 4952/5157/4957 4953/5158/4958 5017/5223/4958 5016/5222/4957
f 4953/5158/4958 4954/5159/4959 5018/5224/4959 5017/5223/4958
f 4954/5159/4959 4955/5160/4960 5019/5225/4960 5018/5224/4959
f 4955/5160/4960 4956/5161/4961 5020/5226/4961 5019/5225/4960
f 4956/5161/4961 4957/5162/4962 5021/5227/4962 5020/5226/4961
f 4957/5162/4962 4958/5163/4963 5022/5228/4963 5021/5227/4962
f 4958/5163/4963 4959/5164/4964 5023/5229/4964 5022/5228/4963
f 4959/5164/4964 4960/5165/4965 5024/5230/4965 5023/5229/4964
f 4960/5165/4965 4961/5166/4966 5025/5231/4966 5024/5230/4965
f 4961/5166/4966 4962/5167/4967 5026/5232/4967 5025/5231/4966
f 4962/5167/4967 4963/5168/4968 5027/5233/4968 5026/5232/4967
f 4963/5168/4968 4964/5169/4969 5028/5234/4969 5027/5233/4968
f 4964/5169/4969 4965/5170/4970 5029/5235/4970 5028/5234/4969
f 4965/5170/4970 4966/5171/4971 5030/5236/4971 5029/5235/4970
f 4966/5171/4971 4967/5172/4972 5031/5237/4972 5030/5236/4971
f 4967/5172/4972 4968/5173/4973 5032/5238/4973 5031/5237/4972
f 4968/5173/4973 4969/5174/4974 5033/5239/4974 5032/5238/4973
f 4969/5174/4974 4970/5175/4975 5034/5240/4975 5033/5239/4974
f 4970/5175/4975 4971/5176/4976 5035/5241/4976 5034/5240/4975
f 4971/5176/4976 4972/5177/4977 5036/5242/4977 5035/5241/4976
f 4972/5177/4977 4973/5178/4978 5037/5243/4978 5036/5242/4977
f 4973/5178/4978 4974/5179/4979 5038/5244/4979 5037/5243/4978
f 4974/5179/4979 4975/5180/4980 5039/5245/4980 5038/5244/4979
f 4975/5180/4980 4976/5181/4981 5040/5246/4981 5039/5245/4980
f 4976/5181/4981 4977/5182/4982 5041/5247/4982 5040/5246/4981
f 4977/5182/4982 4978/5183/4983 5042/5248/4983 5041/5247/4982
f 4978/5183/4983 4979/5184/4984 5043/5249/4984 5042/5248/4983
f 4979/5184/4984 4980/5185/4985 5044/5250/4985 5043/5249/4984
f 4980/5185/4985 4981/5186/4986 5045/5251/4986 5044/5250/4985
f 4981/5186/4986 4982/5187/4987 5046/5252/4987 5045/5251/4986
f 4982/5187/4987 4983/5188/4988 5047/5253/4988 5046/5252/4987
f 4983/5188/4988 4984/5189/4989 5048/5254/4989 5047/5253/4988
f 4984/5189/4989 4985/5190/4990 5049/5255/4990 5048/5254/4989
f 4985/5190/4990 4986/5191/4991 5050/5256/4991 5049/5255/4990
f 4986/5191/4991 4987/5192/4992 5051/5257/4992 5050/5256/4991
f 4987/5192/4992 4988/5193/4993 5052/5258/4993 5051/5257/4992
f 4988/5193/4993 4989/5194/4994 5053/5259/4994 5052/5258/4993
f 4989/5194/4994 4990/5195/4995 5054/5260/4995 5053/5259/4994
f 4990/5195/4995 4991/5196/4996 5055/5261/4996 5054/5260/4995
f 4991/5196/4996 4992/5197/4997 5056/5262/4997 5055/5261/4996
f 4992/5197/4997 4993/5198/4998 5057/5263/4998 5056/5262/4997
f 4993/5198/4998 4994/5199/4999 5058/5264/4999 5057/5263/4998
f 4994/5199/4999 4931/5200/4936 4995/5265/4936 5058/5264/4999
f 4995/5202/4968 4996/5201/4969 5060/5266/4969 5059/5267/4968
f 4996/5201/4969 4997/5203/4970 5061/5268/4970 5060/5266/4969
f 4997/5203/4970 4998/5204/4971 5062/5269/4971 5061/5268/4970
f 4998/5204/4971 4999/5205/4972 5063/5270/4972 5062/5269/4971
f 4999/5205/4972 5000/5206/4973 5064/5271/4973 5063/5270/4972
f 5000/5206/4973 5001/5207/4974 5065/5272/4974 5064/5271/4973
f 5001/5207/4974 5002/5208/4975 5066/5273/4975 5065/5272/4974
f 5002/5208/4975 5003/5209/4976 5067/5274/4976 5066/5273/4975
f 5003/5209/4976 5004/5210/4977 5068/5275/4977 5067/5274/4976
f 5004/5210/4977 5005/5211/4978 5069/5276/4978 5068/5275/4977
f 5005/5211/4978 5006/5212/4979 5070/5277/4979 5069/5276/4978
f 5006/5212/4979 5007/5213/4980 5071/5278/4980 5070/5277/4979
f 5007/5213/4980 5008/5214/4981 5072/5279/4981 5071/5278/4980
f 5008/5214/4981 5009/5215/4982 5073/5280/4982 5072/5279/4981
f 5009/5215/4982 5010/5216/4983 5074/5281/4983 5073/5280/4982
f 5010/5216/4983 5011/5217/4984 5075/5282/4984 5074/5281/4983
f 5011/5217/4984 5012/5218/4985 5076/5283/4985 5075/5282/4984
f 5012/5218/4985 5013/5219/4986 5077/5284/4986 5076/5283/4985
f 5013/5219/4986 5014/5220/4987 5078/5285/4987 5077/5284/4986
f 5014/5220/4987 5015/5221/4988 5079/5286/4988 5078/5285/4987
f 5015/5221/4988 5016/5222/4989 5080/5287/4989 5079/5286/4988
f 5016/5222/4989 5017/5223/4990 5081/5288/4990 5080/5287/4989
f 5017/5223/4990 5018/5224/4991 5082/5289/4991 5081/5288/4990
f 5018/5224/4991 5019/5225/4992 5083/5290/4992 5082/5289/4991
f 5019/5225/4992 5020/5226/4993 5084/5291/4993 5083/5290/4992
f 5020/5226/4993 5021/5227/4994 5085/5292/4994 5084/5291/4993
f 5021/5227/4994 5022/5228/4995 5086/5293/4995 5085/5292/4994
f 5022/5228/4995 5023/5229/4996 5087/5294/4996 5086/5293/4995
f 5023/5229/4996 5024/5230/4997 5088/5295/4997 5087/5294/4996
f 5024/5230/4997 5025/5231/4998 5089/5296/4998 5088/5295/4997
f 5025/5231/4998 5026/5232/4999 5090/5297/4999 5089/5296/4998
f 5026/5232/4999 5027/5233/4936 5091/5298/4936 5090/5297/4999
f 5027/5233/4936 5028/5234/4937 5092/5299/4937 5091/5298/4936
f 5028/5234/4937 5029/5235/4938 5093/5300/4938 5092/5299/4937
f 5029/5235/4938 5030/5236/4939 5094/5301/4939 5093/5300/4938
f 5030/5236/4939 5031/5237/4940 5095/5302/4940 5094/5301/4939
f 5031/5237/4940 5032/5238/4941 5096/5303/4941 5095/5302/4940
f 5032/5238/4941 5033/5239/4942 5097/5304/4942 5096/5303/4941
f 5033/5239/4942 5034/5240/4943 5098/5305/4943 5097/5304/4942
f 5034/5240/4943 5035/5241/4944 5099/5306/4944 5098/5305/4943
f 5035/5241/4944 5036/5242/4945 5100/5307/4945 5099/5306/4944
f 5036/5242/4945 5037/5243/4946 5101/5308/4946 5100/5307/4945
f 5037/5243/4946 5038/5244/4947 5102/5309/4947 5101/5308/4946
f 5038/5244/4947 5039/5245/4948 5103/5310/4948 5102/5309/4947
f 5039/5245/4948 5040/5246/4949 5104/5311/4949 5103/5310/4948
f 5040/5246/4949 5041/5247/4950 5105/5312/4950 5104/5311/4949
f 5041/5247/4950 5042/5248/4951 5106/5313/4951 5105/5312/4950
f 5042/5248/4951 5043/5249/4952 5107/5314/4952 5106/5313/4951
f 5043/5249/4952 5044/5250/4953 5108/5315/4953 5107/5314/4952
f 5044/5250/4953 5045/5251/4954 5109/5316/4954 5108/5315/4953
f 5045/5251/4954 5046/5252/4955 5110/5317/4955 5109/5316/4954
f 5046/5252/4955 5047/5253/4956 5111/5318/4956 5110/5317/4955
f 5047/5253/4956 5048/5254/4957 5112/5319/4957 5111/5318/4956
f 5048/5254/4957 5049/5255/4958 5113/5320/4958 5112/5319/4957
f 5049/5255/4958 5050/5256/4959 5114/5321/4959 5113/5320/4958
f 5050/5256/4959 5051/5257/4960 5115/5322/4960 5114/5321/4959
f 5051/5257/4960 5052/5258/4961 5116/5323/4961 5115/5322/4960
f 5052/5258/4961 5053/5259/4962 5117/5324/4962 5116/5323/4961
f 5053/5259/4962 5054/5260/4963 5118/5325/4963 5117/5324/4962
f 5054/5260/4963 5055/5261/4964 5119/5326/4964 5118/5325/4963
f 5055/5261/4964 5056/5262/4965 5120/5327/4965 5119/5326/4964
f 5056/5262/4965 5057/5263/4966 5121/5328/4966 5120/5327/4965
f 5057/5263/4966 5058/5264/4967 5122/5329/4967 5121/5328/4966
f 5058/5264/4967 4995/5265/4968 5059/5330/4968 5122/5329/4967
f 5059/5267/2082 5060/5266/2083 5124/5331/2083 5123/5332/2082
f 5060/5266/2083 5061/5268/2084 5125/5333/2084 5124/5331/2083
f 5061/5268/2084 5062/5269/2085 5126/5334/2085 5125/5333/2084
f 5062/5269/2085 5063/5270/2086 5127/5335/2086 5126/5334/2085
f 5063/5270/2086 5064/5271/2087 5128/5336/2087 5127/5335/2086
f 5064/5271/2087 5065/5272/2088 5129/5337/2088 5128/5336/2087
f 5065/5272/2088 5066/5273/2089 5130/5338/2089 5129/5337/2088
f 5066/5273/2089 5067/5274/2090 5131/5339/2090 5130/5338/2089
f 5067/5274/2090 5068/5275/2091 5132/5340/2091 5131/5339/2090
f 5068/5275/2091 5069/5276/2092 5133/5341/2092 5132/5340/2091
f 5069/5276/2092 5070/5277/2093 5134/5342/2093 5133/5341/2092
f 5070/5277/2093 5071/5278/2094 5135/5343/2094 5134/5342/2093
f 5071/5278/2094 5072/5279/2095 5136/5344/2095 5135/5343/2094
f 5072/5279/2095 5073/5280/2096 5137/5345/2096 5136/5344/2095
f 5073/5280/2096 5074/5281/2097 5138/5346/2097 5137/5345/2096
f 5074/5281/2097 5075/5282/2098 5139/5347/2098 5138/5346/2097
f 5075/5282/2098 5076/5283/2099 5140/5348/2099 5139/5347/2098
f 5076/5283/2099 5077/5284/2100 5141/5349/2100 5140/5348/2099
f 5077/5284/2100 5078/5285/2101 5142/5350/2101 5141/5349/2100
f 5078/5285/2101 5079/5286/2102 5143/5351/2102 5142/5350/2101
f 5079/5286/2102 5080/5287/2103 5144/5352/2103 5143/5351/2102
f 5080/5287/2103 5081/5288/2104 5145/5353/2104 5144/5352/2103
f 5081/5288/2104 5082/5289/2105 5146/5354/2105 5145/5353/2104
f 5082/5289/2105 5083/5290/2106 5147/5355/2106 5146/5354/2105
f 5083/5290/2106 5084/5291/2107 5148/5356/2107 5147/5355/2106
f 5084/5291/2107 5085/5292/2108 5149/5357/2108 5148/5356/2107
f 5085/5292/2108 5086/5293/2109 5150/5358/2109 5149/5357/2108
f 5086/5293/2109 5087/5294/2110 5151/5359/2110 5150/5358/2109
f 5087/5294/2110 5088/5295/2111 5152/5360/2111 5151/5359/2110
f 5088/5295/2111 5089/5296/2112 5153/5361/2112 5152/5360/2111
f 5089/5296/2112 5090/5297/2113 5154/5362/2113 5153/5361/2112
f 5090/5297/2113 5091/5298/2050 5155/5363/2050 5154/5362/2113
f 5091/5298/2050 5092/5299/2051 5156/5364/2051 5155/5363/2050
f 5092/5299/2051 5093/5300/2052 5157/5365/2052 5156/5364/2051
f 5093/5300/2052 5094/5301/2053 5158/5366/2053 5157/5365/2052
f 5094/5301/2053 5095/5302/2054 5159/5367/2054 5158/5366/2053
f 5095/5302/2054 5096/5303/2055 5160/5368/2055 5159/5367/2054
f 5096/5303/2055 5097/5304/2056 5161/5369/2056 5160/5368/2055
f 5097/5304/2056 5098/5305/2057 5162/5370/2057 5161/5369/2056
f 5098/5305/2057 5099/5306/2058 5163/5371/2058 5162/5370/2057
f 5099/5306/2058 5100/5307/2059 5164/5372/2059 5163/5371/2058
f 5100/5307/2059 5101/5308/2060 5165/5373/2060 5164/5372/2059
f 5101/5308/2060 5102/5309/2061 5166/5374/2061 5165/5373/2060
f 5102/5309/2061 5103/5310/2062 5167/5375/2062 5166/5374/2061
f 5103/5310/2062 5104/5311/2063 5168/5376/2063 5167/5375/2062
f 5104/5311/2063 5105/5312/2064 5169/5377/2064 5168/5376/2063
f 5105/5312/2064 5106/5313/2065 5170/5378/2065 5169/5377/2064
f 5106/5313/2065 5107/5314/2066 5171/5379/2066 5170/5378/2065
f 5107/5314/2066 5108/5315/2067 5172/5380/2067 5171/5379/2066
f 5108/5315/2067 5109/5316/2068 5173/5381/2068 5172/5380/2067
f 5109/5316/2068 5110/5317/2069 5174/5382/2069 5173/5381/2068
f 5110/5317/2069 5111/5318/2070 5175/5383/2070 5174/5382/2069
f 5111/5318/2070 5112/5319/2071 5176/5384/2071 5175/5383/2070
f 5112/5319/2071 5113/5320/2072 5177/5385/2072 5176/5384/2071
f 5113/5320/2072 5114/5321/2073 5178/5386/2073 5177/5385/2072
f 5114/5321/2073 5115/5322/2074 5179/5387/2074 5178/5386/2073
f 5115/5322/2074 5116/5323/2075 5180/5388/2075 5179/5387/2074
f 5116/5323/2075 5117/5324/2076 5181/5389/2076 5180/5388/2075
f 5117/5324/2076 5118/5325/2077 5182/5390/2077 5181/5389/2076
f 5118/5325/2077 5119/5326/2078 5183/5391/2078 5182/5390/2077
f 5119/5326/2078 5120/5327/2079 5184/5392/2079 5183/5391/2078
f 5120/5327/2079 5121/5328/2080 5185/5393/2080 5184/5392/2079
f 5121/5328/2080 5122/5329/2081 5186/5394/2081 5185/5393/2080
f 5122/5329/2081 5059/5330/2082 5123/5395/2082 5186/5394/2081
f 5123/5332/4903 5124/5331/4904 4804/5396/4904 4803/5397/4903
f 5124/5331/4904 5125/5333/4905 4805/5398/4905 4804/5396/4904
f 5125/5333/4905 5126/5334/4906 4806/5399/4906 4805/5398/4905
f 5126/5334/4906 5127/5335/4907 4807/5400/4907 4806/5399/4906
f 5127/5335/4907 5128/5336/4908 4808/5401/4908 4807/5400/4907
f 5128/5336/4908 5129/5337/4909 4809/5402/4909 4808/5401/4908
f 5129/5337/4909 5130/5338/4910 4810/5403/4910 4809/5402/4909
f 5130/5338/4910 5131/5339/4911 4811/5404/4911 4810/5403/4910
f 5131/5339/4911 5132/5340/4912 4812/5405/4912 4811/5404/4911
f 5132/5340/4912 5133/5341/4913 4813/5406/4913 4812/5405/4912
f 5133/5341/4913 5134/5342/4914 4814/5407/4914 4813/5406/4913
f 5134/5342/4914 5135/5343/4915 4815/5408/4915 4814/5407/4914
f 5135/5343/4915 5136/5344/4916 4816/5409/4916 4815/5408/4915
f 5136/5344/4916 5137/5345/4917 4817/5410/4917 4816/5409/4916
f 5137/5345/4917 5138/5346/4918 4818/5411/4918 4817/5410/4917
f 5138/5346/4918 5139/5347/4919 4819/5412/4919 4818/5411/4918
f 5139/5347/4919 5140/5348/4920 4820/5413/4920 4819/5412/4919
f 5140/5348/4920 5141/5349/4921 4821/5414/4921 4820/5413/4920
f 5141/5349/4921 5142/5350/4922 4822/5415/4922 4821/5414/4921
f 5142/5350/4922 5143/5351/4923 4823/5416/4923 4822/5415/4922
f 5143/5351/4923 5144/5352/4924 4824/5417/4924 4823/5416/4923
f 5144/5352/4924 5145/5353/4925 4825/5418/4925 4824/5417/4924
f 5145/5353/4925 5146/5354/4926 4826/5419/4926 4825/5418/4925
f 5146/5354/4926 5147/5355/4927 4827/5420/4927 4826/5419/4926
f 5147/5355/4927 5148/5356/4928 4828/5421/4928 4827/5420/4927
f 5148/5356/4928 5149/5357/4929 4829/5422/4929 4828/5421/4928
f 5149/5357/4929 5150/5358/4930 4830/5423/4930 4829/5422/4929
f 5150/5358/4930 5151/5359/4931 4831/5424/4931 4830/5423/4930
f 5151/5359/4931 5152/5360/4932 4832/5425/4932 4831/5424/4931
f 5152/5360/4932 5153/5361/4933 4833/5426/4933 4832/5425/4932
f 5153/5361/4933 5154/5362/4934 4834/5427/4934 4833/5426/4933
f 5154/5362/4934 5155/5363/4935 4835/5428/4935 4834/5427/4934
f 5155/5363/4935 5156/5364/4872 4836/5429/4872 4835/5428/4935
f 5156/5364/4872 5157/5365/4873 4837/5430/4873 4836/5429/4872
f 5157/5365/4873 5158/5366/4874 4838/5431/4874 4837/5430/4873
f 5158/5366/4874 5159/5367/4875 4839/5432/4875 4838/5431/4874
f 5159/5367/4875 5160/5368/4876 4840/5433/4876 4839/5432/4875
f 5160/5368/4876 5161/5369/4877 4841/5434/4877 4840/5433/4876
f 5161/5369/4877 5162/5370/4878 4842/5435/4878 4841/5434/4877
f 5162/5370/4878 5163/5371/4879 4843/5436/4879 4842/5435/4878
f 5163/5371/4879 5164/5372/4880 4844/5437/4880 4843/5436/4879
f 5164/5372/4880 5165/5373/4881 4845/5438/4881 4844/5437/4880
f 5165/5373/4881 5166/5374/4882 4846/5439/4882 4845/5438/4881
f 5166/5374/4882 5167/5375/4883 4847/5440/4883 4846/5439/4882
f 5167/5375/4883 5168/5376/4884 4848/5441/4884 4847/5440/4883
f 5168/5376/4884 5169/5377/4885 4849/5442/4885 4848/5441/4884
f 5169/5377/4885 5170/5378/4886 4850/5443/4886 4849/5442/4885
f 5170/5378/4886 5171/5379/4887 4851/5444/4887 4850/5443/4886
f 5171/5379/4887 5172/5380/4888 4852/5445/4888 4851/5444/4887
f 5172/5380/4888 5173/5381/4889 4853/5446/4889 4852/5445/4888
f 5173/5381/4889 5174/5382/4890 4854/5447/4890 4853/5446/4889
f 5174/5382/4890 5175/5383/4891 4855/5448/4891 4854/5447/4890
f 5175/5383/4891 5176/5384/4892 4856/5449/4892 4855/5448/4891
f 5176/5384/4892 5177/5385/4893 4857/5450/4893 4856/5449/4892
f 5177/5385/4893 5178/5386/4894 4858/5451/4894 4857/5450/4893
f 5178/5386/4894 5179/5387/4895 4859/5452/4895 4858/5451/4894
f 5179/5387/4895 5180/5388/4896 4860/5453/4896 4859/5452/4895
f 5180/5388/4896 5181/5389/4897 4861/5454/4897 4860/5453/4896
f 5181/5389/4897 5182/5390/4898 4862/5455/4898 4861/5454/4897
f 5182/5390/4898 5183/5391/4899 4863/5456/4899 4862/5455/4898
f 5183/5391/4899 5184/5392/4900 4864/5457/4900 4863/5456/4899
f 5184/5392/4900 5185/5393/4901 4865/5458/4901 4864/5457/4900
f 5185/5393/4901 5186/5394/4902 4866/5459/4902 4865/5458/4901
f 5186/5394/4902 5123/5395/4903 4803/5460/4903 4866/5459/4902
f 5187/5461/5 5188/5007/5 5252/5462/5 5251/5463/5
f 5188/5007/5 5189/5008/5 5253/5464/5 5252/5462/5
f 5189/5008/5 5190/5011/5 5254/5465/5 5253/5464/5
f 5190/5011/5 5191/5013/5 5255/5466/5 5254/5465/5
f 5191/5013/5 5192/5015/5 5256/5467/5 5255/5466/5
f 5192/5015/5 5193/5017/5 5257/5468/5 5256/5467/5
f 5193/5017/5 5194/5019/5 5258/5469/5 5257/5468/5
f 5194/5019/5 5195/5021/5 5259/5470/5 5258/5469/5
f 5195/5021/5 5196/5023/5 5260/5471/5 5259/5470/5
f 5196/5023/5 5197/5025/5 5261/5472/5 5260/5471/5
f 5197/5025/5 5198/5027/5 5262/5473/5 5261/5472/5
f 5198/5027/5 5199/5029/5 5263/5474/5 5262/5473/5
f 5199/5029/5 5200/5031/5 5264/5475/5 5263/5474/5
f 5200/5031/5 5201/5033/5 5265/5476/5 5264/5475/5
f 5201/5033/5 5202/5035/5 5266/5477/5 5265/5476/5
f 5202/5035/5 5203/5037/5 5267/5478/5 5266/5477/5
f 5203/5037/5 5204/5039/5 5268/5479/5 5267/5478/5
f 5204/5039/5 5205/5041/5 5269/5480/5 5268/5479/5
f 5205/5041/5 5206/5043/5 5270/5481/5 5269/5480/5
f 5206/5043/5 5207/5045/5 5271/5482/5 5270/5481/5
f 5207/5045/5 5208/5047/5 5272/5483/5 5271/5482/5
f 5208/5047/5 5209/5049/5 5273/5484/5 5272/5483/5
f 5209/5049/5 5210/5051/5 5274/5485/5 5273/5484/5
f 5210/5051/5 5211/5053/5 5275/5486/5 5274/5485/5
f 5211/5053/5 5212/5055/5 5276/5487/5 5275/5486/5
f 5212/5055/5 5213/5057/5 5277/5488/5 5276/5487/5
f 5213/5057/5 5214/5059/5 5278/5489/5 5277/5488/5
f 5214/5059/5 5215/5061/5 5279/5490/5 5278/5489/5
f 5215/5061/5 5216/5063/5 5280/5491/5 5279/5490/5
f 5216/5063/5 5217/5065/5 5281/5492/5 5280/5491/5
f 5217/5065/5 5218/5067/5 5282/5493/5 5281/5492/5
f 5218/5067/5 5219/5069/5 5283/5494/5 5282/5493/5
f 5219/5069/5 5220/5071/5 5284/5495/5 5283/5494/5
f 5220/5071/5 5221/5073/5 5285/5496/5 5284/5495/5
f 5221/5073/5 5222/5075/5 5286/5497/5 5285/5496/5
f 5222/5075/5 5223/5077/5 5287/5498/5 5286/5497/5
f 5223/5077/5 5224/5079/5 5288/5499/5 5287/5498/5
f 5224/5079/5 5225/5081/5 5289/5500/5 5288/5499/5
f 5225/5081/5 5226/5083/5 5290/5501/5 5289/5500/5
f 5226/5083/5 5227/5085/5 5291/5502/5 5290/5501/5
f 5227/5085/5 5228/5087/5 5292/5503/5 5291/5502/5
f 5228/5087/5 5229/5089/5 5293/5504/5 5292/5503/5
f 5229/5089/5 5230/5091/5 5294/5505/5 5293/5504/5
f 5230/5091/5 5231/5093/5 5295/5506/5 5294/5505/5
f 5231/5093/5 5232/5095/5 5296/5507/5 5295/5506/5
f 5232/5095/5 5233/5097/5 5297/5508/5 5296/5507/5
f 5233/5097/5 5234/5099/5 5298/5509/5 5297/5508/5
f 5234/5099/5 5235/5101/5 5299/5510/5 5298/5509/5
f 5235/5101/5 5236/5103/5 5300/5511/5 5299/5510/5
f 5236/5103/5 5237/5105/5 5301/5512/5 5300/5511/5
f 5237/5105/5 5238/5107/5 5302/5513/5 5301/5512/5
f 5238/5107/5 5239/5109/5 5303/5514/5 5302/5513/5
f 5239/5109/5 5240/5111/5 5304/5515/5 5303/5514/5
f 5240/5111/5 5241/5113/5 5305/5516/5 5304/5515/5
f 5241/5113/5 5242/5115/5 5306/5517/5 5305/5516/5
f 5242/5115/5 5243/5117/5 5307/5518/5 5306/5517/5
f 5243/5117/5 5244/5119/5 5308/5519/5 5307/5518/5
f 5244/5119/5 5245/5121/5 5309/5520/5 5308/5519/5
f 5245/5121/5 5246/5123/5 5310/5521/5 5309/5520/5
f 5246/5123/5 5247/5125/5 5311/5522/5 5310/5521/5
f 5247/5125/5 5248/5127/5 5312/5523/5 5311/5522/5
f 5248/5127/5 5249/5129/5 5313/5524/5 5312/5523/5
f 5249/5129/5 5250/5131/5 5314/5525/5 5313/5524/5
f 5250/5131/5 5187/5133/5 5251/5526/5 5314/5525/5
f 5251/5463/70 5252/5462/71 5316/5527/71 5315/5528/70
f 5252/5462/71 5253/5464/74 5317/5529/74 5316/5527/71
f 5253/5464/74 5254/5465/76 5318/5530/76 5317/5529/74
f 5254/5465/76 5255/5466/78 5319/5531/78 5318/5530/76
f 5255/5466/78 5256/5467/80 5320/5532/80 5319/5531/78
f 5256/5467/80 5257/5468/82 5321/5533/82 5320/5532/80
f 5257/5468/82 5258/5469/84 5322/5534/84 5321/5533/82
f 5258/5469/84 5259/5470/86 5323/5535/86 5322/5534/84
f 5259/5470/86 5260/5471/88 5324/5536/88 5323/5535/86
f 5260/5471/88 5261/5472/90 5325/5537/90 5324/5536/88
f 5261/5472/90 5262/5473/92 5326/5538/92 5325/5537/90
f 5262/5473/92 5263/5474/94 5327/5539/94 5326/5538/92
f 5263/5474/94 5264/5475/96 5328/5540/96 5327/5539/94
f 5264/5475/96 5265/5476/98 5329/5541/98 5328/5540/96
f 5265/5476/98 5266/5477/100 5330/5542/100 5329/5541/98
f 5266/5477/100 5267/5478/102 5331/5543/102 5330/5542/100
f 5267/5478/102 5268/5479/104 5332/5544/104 5331/5543/102
f 5268/5479/104 5269/5480/106 5333/5545/106 5332/5544/104
f 5269/5480/106 5270/5481/108 5334/5546/108 5333/5545/106
f 5270/5481/108 5271/5482/110 5335/5547/110 5334/5546/108
f 5271/5482/110 5272/5483/112 5336/5548/112 5335/5547/110
f 5272/5483/112 5273/5484/114 5337/5549/114 5336/5548/112
f 5273/5484/114 5274/5485/116 5338/5550/116 5337/5549/114
f 5274/5485/116 5275/5486/118 5339/5551/118 5338/5550/116
f 5275/5486/118 5276/5487/120 5340/5552/120 5339/5551/118
f 5276/5487/120 5277/5488/122 5341/5553/122 5340/5552/120
f 5277/5488/122 5278/5489/124 5342/5554/124 5341/5553/122
f 5278/5489/124 5279/5490/126 5343/5555/126 5342/5554/124
f 5279/5490/126 5280/5491/128 5344/5556/128 5343/5555/126
f 5280/5491/128 5281/5492/130 5345/5557/130 5344/5556/128
f 5281/5492/130 5282/5493/132 5346/5558/132 5345/5557/130
f 5282/5493/132 5283/5494/134 5347/5559/134 5346/5558/132
f 5283/5494/134 5284/5495/136 5348/5560/136 5347/5559/134
f 5284/5495/136 5285/5496/138 5349/5561/138 5348/5560/136
f 5285/5496/138 5286/5497/140 5350/5562/140 5349/5561/138
f 5286/5497/140 5287/5498/142 5351/5563/142 5350/5562/140
f 5287/5498/142 5288/5499/144 5352/5564/144 5351/5563/142
f 5288/5499/144 5289/5500/146 5353/5565/146 5352/5564/144
f 5289/5500/146 5290/5501/148 5354/5566/148 5353/5565/146
f 5290/5501/148 5291/5502/150 5355/5567/150 5354/5566/148
f 5291/5502/150 5292/5503/152 5356/5568/152 5355/5567/150
f 5292/5503/152 5293/5504/154 5357/5569/154 5356/5568/152
f 5293/5504/154 5294/5505/156 5358/5570/156 5357/5569/154
f 5294/5505/156 5295/5506/158 5359/5571/158 5358/5570/156
f 5295/5506/158 5296/5507/160 5360/5572/160 5359/5571/158
f 5296/5507/160 5297/5508/162 5361/5573/162 5360/5572/160
f 5297/5508/162 5298/5509/164 5362/5574/164 5361/5573/162
f 5298/5509/164 5299/5510/166 5363/5575/166 5362/5574/164
f 5299/5510/166 5300/5511/168 5364/5576/168 5363/5575/166
f 5300/5511/168 5301/5512/170 5365/5577/170 5364/5576/168
f 5301/5512/170 5302/5513/172 5366/5578/172 5365/5577/170
f 5302/5513/172 5303/5514/174 5367/5579/174 5366/5578/172
f 5303/5514/174 5304/5515/176 5368/5580/176 5367/5579/174
f 5304/5515/176 5305/5516/178 5369/5581/178 5368/5580/176
f 5305/5516/178 5306/5517/180 5370/5582/180 5369/5581/178
f 5306/5517/180 5307/5518/182 5371/5583/182 5370/5582/180
f 5307/5518/182 5308/5519/184 5372/5584/184 5371/5583/182
f 5308/5519/184 5309/5520/186 5373/5585/186 5372/5584/184
f 5309/5520/186 5310/5521/188 5374/5586/188 5373/5585/186
f 5310/5521/188 5311/5522/190 5375/5587/190 5374/5586/188
f 5311/5522/190 5312/5523/192 5376/5588/192 5375/5587/190
f 5312/5523/192 5313/5524/194 5377/5589/194 5376/5588/192
f 5313/5524/194 5314/5525/196 5378/5590/196 5377/5589/194
f 5314/5525/196 5251/5526/70 5315/5591/70 5378/5590/196
f 5315/5528/2050 5316/5527/2051 5380/5592/2051 5379/5593/2050
f 5316/5527/2051 5317/5529/2052 5381/5594/2052 5380/5592/2051
f 5317/5529/2052 5318/5530/2053 5382/5595/2053 5381/5594/2052
f 5318/5530/2053 5319/5531/2054 5383/5596/2054 5382/5595/2053
f 5319/5531/2054 5320/5532/2055 5384/5597/2055 5383/5596/2054
f 5320/5532/2055 5321/5533/2056 5385/5598/2056 5384/5597/2055
f 5321/5533/2056 5322/5534/2057 5386/5599/2057 5385/5598/2056
f 5322/5534/2057 5323/5535/2058 5387/5600/2058 5386/5599/2057
f 5323/5535/2058 5324/5536/2059 5388/5601/2059 5387/5600/2058
f 5324/5536/2059 5325/5537/2060 5389/5602/2060 5388/5601/2059
f 5325/5537/2060 5326/5538/2061 5390/5603/2061 5389/5602/2060
f 5326/5538/2061 5327/5539/2062 5391/5604/2062 5390/5603/2061
f 5327/5539/2062 5328/5540/2063 5392/5605/2063 5391/5604/2062
f 5328/5540/2063 5329/5541/2064 5393/5606/2064 5392/5605/2063
f 5329/5541/2064 5330/5542/2065 5394/5607/2065 5393/5606/2064
f 5330/5542/2065 5331/5543/2066 5395/5608/2066 5394/5607/2065
f 5331/5543/2066 5332/5544/2067 5396/5609/2067 5395/5608/2066
f 5332/5544/2067 5333/5545/2068 5397/5610/2068 5396/5609/2067
f 5333/5545/2068 5334/5546/2069 5398/5611/2069 5397/5610/2068
f 5334/5546/2069 5335/5547/2070 5399/5612/2070 5398/5611/2069
f 5335/5547/2070 5336/5548/2071 5400/5613/2071 5399/5612/2070
f 5336/5548/2071 5337/5549/2072 5401/5614/2072 5400/5613/2071
f 5337/5549/2072 5338/5550/2073 5402/5615/2073 5401/5614/2072
f 5338/5550/2073 5339/5551/2074 5403/5616/2074 5402/5615/2073
f 5339/5551/2074 5340/5552/2075 5404/5617/2075 5403/5616/2074
f 5340/5552/2075 5341/5553/2076 5405/5618/2076 5404/5617/2075
f 5341/5553/2076 5342/5554/2077 5406/5619/2077 5405/5618/2076
f 5342/5554/2077 5343/5555/2078 5407/5620/2078 5406/5619/2077
f 5343/5555/2078 5344/5556/2079 5408/5621/2079 5407/5620/2078
f 5344/5556/2079 5345/5557/2080 5409/5622/2080 5408/5621/2079
f 5345/5557/2080 5346/5558/2081 5410/5623/2081 5409/5622/2080
f 5346/5558/2081 5347/5559/2082 5411/5624/2082 5410/5623/2081
f 5347/5559/2082 5348/5560/2083 5412/5625/2083 5411/5624/2082
f 5348/5560/2083 5349/5561/2084 5413/5626/2084 5412/5625/2083
f 5349/5561/2084 5350/5562/2085 5414/5627/2085 5413/5626/2084
f 5350/5562/2085 5351/5563/2086 5415/5628/2086 5414/5627/2085
f 5351/5563/2086 5352/5564/2087 5416/5629/2087 5415/5628/2086
f 5352/5564/2087 5353/5565/2088 5417/5630/2088 5416/5629/2087
f 5353/5565/2088 5354/5566/2089 5418/5631/2089 5417/5630/2088
f 5354/5566/2089 5355/5567/2090 5419/5632/2090 5418/5631/2089
f 5355/5567/2090 5356/5568/2091 5420/5633/2091 5419/5632/2090
f 5356/5568/2091 5357/5569/2092 5421/5634/2092 5420/5633/2091
f 5357/5569/2092 5358/5570/2093 5422/5635/2093 5421/5634/2092
f 5358/5570/2093 5359/5571/2094 5423/5636/2094 5422/5635/2093
f 5359/5571/2094 5360/5572/2095 5424/5637/2095 5423/5636/2094
f 5360/5572/2095 5361/5573/2096 5425/5638/2096 5424/5637/2095
f 5361/5573/2096 5362/5574/2097 5426/5639/2097 5425/5638/2096
f 5362/5574/2097 5363/5575/2098 5427/5640/2098 5426/5639/2097
f 5363/5575/2098 5364/5576/2099 5428/5641/2099 5427/5640/2098
f 5364/5576/2099 5365/5577/2100 5429/5642/2100 5428/5641/2099
f 5365/5577/2100 5366/5578/2101 5430/5643/2101 5429/5642/2100
f 5366/5578/2101 5367/5579/2102 5431/5644/2102 5430/5643/2101
f 5367/5579/2102 5368/5580/2103 5432/5645/2103 5431/5644/2102
f 5368/5580/2103 5369/5581/2104 5433/5646/2104 5432/5645/2103
f 5369/5581/2104 5370/5582/2105 5434/5647/2105 5433/5646/2104
f 5370/5582/2105 5371/5583/2106 5435/5648/2106 5434/5647/2105
f 5371/5583/2106 5372/5584/2107 5436/5649/2107 5435/5648/2106
f 5372/5584/2107 5373/5585/2108 5437/5650/2108 5436/5649/2107
f 5373/5585/2108 5374/5586/2109 5438/5651/2109 5437/5650/2108
f 5374/5586/2109 5375/5587/2110 5439/5652/2110 5438/5651/2109
f 5375/5587/2110 5376/5588/2111 5440/5653/2111 5439/5652/2110
f 5376/5588/2111 5377/5589/2112 5441/5654/2112 5440/5653/2111
f 5377/5589/2112 5378/5590/2113 5442/5655/2113 5441/5654/2112
f 5378/5590/2113 5315/5591/2050 5379/5656/2050 5442/5655/2113
f 5379/5593/5000 5380/5592/5001 5444/5657/5001 5443/5658/5000
f 5380/5592/5001 5381/5594/5002 5445/5659/5002 5444/5657/5001
f 5381/5594/5002 5382/5595/5003 5446/5660/5003 5445/5659/5002
f 5382/5595/5003 5383/5596/5004 5447/5661/5004 5446/5660/5003
f 5383/5596/5004 5384/5597/5005 5448/5662/5005 5447/5661/5004
f 5384/5597/5005 5385/5598/5006 5449/5663/5006 5448/5662/5005
f 5385/5598/5006 5386/5599/5007 5450/5664/5007 5449/5663/5006
f 5386/5599/5007 5387/5600/5008 5451/5665/5008 5450/5664/5007
f 5387/5600/5008 5388/5601/5009 5452/5666/5009 5451/5665/5008
f 5388/5601/5009 5389/5602/5010 5453/5667/5010 5452/5666/5009
f 5389/5602/5010 5390/5603/5011 5454/5668/5011 5453/5667/5010
f 5390/5603/5011 5391/5604/5012 5455/5669/5012 5454/5668/5011
f 5391/5604/5012 5392/5605/5013 5456/5670/5013 5455/5669/5012
f 5392/5605/5013 5393/5606/5014 5457/5671/5014 5456/5670/5013
f 5393/5606/5014 5394/5607/5015 5458/5672/5015 5457/5671/5014
f 5394/5607/5015 5395/5608/5016 5459/5673/5016 5458/5672/5015
f 5395/5608/5016 5396/5609/5017 5460/5674/5017 5459/5673/5016
f 5396/5609/5017 5397/5610/5018 5461/5675/5018 5460/5674/5017
f 5397/5610/5018 5398/5611/5019 5462/5676/5019 5461/5675/5018
f 5398/5611/5019 5399/5612/5020 5463/5677/5020 5462/5676/5019
f 5399/5612/5020 5400/5613/5021 5464/5678/5021 5463/5677/5020
f 5400/5613/5021 5401/5614/5022 5465/5679/5022 5464/5678/5021
f 5401/5614/5022 5402/5615/5023 5466/5680/5023 5465/5679/5022
f 5402/5615/5023 5403/5616/5024 5467/5681/5024 5466/5680/5023
f 5403/5616/5024 5404/5617/5025 5468/5682/5025 5467/5681/5024
f 5404/5617/5025 5405/5618/5026 5469/5683/5026 5468/5682/5025
f 5405/5618/5026 5406/5619/5027 5470/5684/5027 5469/5683/5026
f 5406/5619/5027 5407/5620/5028 5471/5685/5028 5470/5684/5027
f 5407/5620/5028 5408/5621/5029 5472/5686/5029 5471/5685/5028
f 5408/5621/5029 5409/5622/5030 5473/5687/5030 5472/5686/5029
f 5409/5622/5030 5410/5623/5031 5474/5688/5031 5473/5687/5030
f 5410/5623/5031 5411/5624/5032 5475/5689/5032 5474/5688/5031
f 5411/5624/5032 5412/5625/5033 5476/5690/5033 5475/5689/5032
f 5412/5625/5033 5413/5626/5034 5477/5691/5034 5476/5690/5033
f 5413/5626/5034 5414/5627/5035 5478/5692/5035 5477/5691/5034
f 5414/5627/5035 5415/5628/5036 5479/5693/5036 5478/5692/5035
f 5415/5628/5036 5416/5629/5037 5480/5694/5037 5479/5693/5036
f 5416/5629/5037 5417/5630/5038 5481/5695/5038 5480/5694/5037
f 5417/5630/5038 5418/5631/5039 5482/5696/5039 5481/5695/5038
f 5418/5631/5039 5419/5632/5040 5483/5697/5040 5482/5696/5039
f 5419/5632/5040 5420/5633/5041 5484/5698/5041 5483/5697/5040
f 5420/5633/5041 5421/5634/5042 5485/5699/5042 5484/5698/5041
f 5421/5634/5042 5422/5635/5043 5486/5700/5043 5485/5699/5042
f 5422/5635/5043 5423/5636/5044 5487/5701/5044 5486/5700/5043
f 5423/5636/5044 5424/5637/5045 5488/5702/5045 5487/5701/5044
f 5424/5637/5045 5425/5638/5046 5489/5703/5046 5488/5702/5045
f 5425/5638/5046 5426/5639/5047 5490/5704/5047 5489/5703/5046
f 5426/5639/5047 5427/5640/5048 5491/5705/5048 5490/5704/5047
f 5427/5640/5048 5428/5641/5049 5492/5706/5049 5491/5705/5048
f 5428/5641/5049 5429/5642/5050 5493/5707/5050 5492/5706/5049
f 5429/5642/5050 5430/5643/5051 5494/5708/5051 5493/5707/5050
f 5430/5643/5051 5431/5644/5052 5495/5709/5052 5494/5708/5051
f 5431/5644/5052 5432/5645/5053 5496/5710/5053 5495/5709/5052
f 5432/5645/5053 5433/5646/5054 5497/5711/5054 5496/5710/5053
f 5433/5646/5054 5434/5647/5055 5498/5712/5055 5497/5711/5054
f 5434/5647/5055 5435/5648/5056 5499/5713/5056 5498/5712/5055
f 5435/5648/5056 5436/5649/5057 5500/5714/5057 5499/5713/5056
f 5436/5649/5057 5437/5650/5058 5501/5715/5058 5500/5714/5057
f 5437/5650/5058 5438/5651/5059 5502/5716/5059 5501/5715/5058
f 5438/5651/5059 5439/5652/5060 5503/5717/5060 5502/5716/5059
f 5439/5652/5060 5440/5653/5061 5504/5718/5061 5503/5717/5060
f 5440/5653/5061 5441/5654/5062 5505/5719/5062 5504/5718/5061
f 5441/5654/5062 5442/5655/5063 5506/5720/5063 5505/5719/5062
f 5442/5655/5063 5379/5656/5000 5443/5721/5000 5506/5720/5063
f 5443/5658/4868 5444/5657/4868 5508/5722/4868 5507/5723/4868
f 5444/5657/4868 5445/5659/4868 5509/5724/4868 5508/5722/4868
f 5445/5659/4868 5446/5660/4868 5510/5725/4868 5509/5724/4868
f 5446/5660/4868 5447/5661/4868 5511/5726/4868 5510/5725/4868
f 5447/5661/4868 5448/5662/4868 5512/5727/4868 5511/5726/4868
f 5448/5662/4868 5449/5663/4868 5513/5728/4868 5512/5727/4868
f 5449/5663/4868 5450/5664/4868 5514/5729/4868 5513/5728/4868
f 5450/5664/4868 5451/5665/4868 5515/5730/4868 5514/5729/4868
f 5451/5665/4868 5452/5666/4868 5516/5731/4868 5515/5730/4868
f 5452/5666/4868 5453/5667/4868 5517/5732/4868 5516/5731/4868
f 5453/5667/4868 5454/5668/4868 5518/5733/4868 5517/5732/4868
f 5454/5668/4868 5455/5669/4868 5519/5734/4868 5518/5733/4868
f 5455/5669/4868 5456/5670/4868 5520/5735/4868 5519/5734/4868
f 5456/5670/4868 5457/5671/4868 5521/5736/4868 5520/5735/4868
f 5457/5671/4868 5458/5672/4868 5522/5737/4868 5521/5736/4868
f 5458/5672/4868 5459/5673/4868 5523/5738/4868 5522/5737/4868
f 5459/5673/4868 5460/5674/4868 5524/5739/4868 5523/5738/4868
f 5460/5674/4868 5461/5675/4868 5525/5740/4868 5524/5739/4868
f 5461/5675/4868 5462/5676/4868 5526/5741/4868 5525/5740/4868
f 5462/5676/4868 5463/5677/4868 5527/5742/4868 5526/5741/4868
f 5463/5677/4868 5464/5678/4868 5528/5743/4868 5527/5742/4868
f 5464/5678/4868 5465/5679/4868 5529/5744/4868 5528/5743/4868
f 5465/5679/4868 5466/5680/4868 5530/5745/4868 5529/5744/4868
f 5466/5680/4868 5467/5681/4868 5531/5746/4868 5530/5745/4868
f 5467/5681/4868 5468/5682/4868 5532/5747/4868 5531/5746/4868
f 5468/5682/4868 5469/5683/4868 5533/5748/4868 5532/5747/4868
f 5469/5683/4868 5470/5684/4868 5534/5749/4868 5533/5748/4868
f 5470/5684/4868 5471/5685/4868 5535/5750/4868 5534/5749/4868
f 5471/5685/4868 5472/5686/4868 5536/5751/4868 5535/5750/4868
f 5472/5686/4868 5473/5687/4868 5537/5752/4868 5536/5751/4868
f 5473/5687/4868 5474/5688/4868 5538/5753/4868 5537/5752/4868
f 5474/5688/4868 5475/5689/4868 5539/5754/4868 5538/5753/4868
f 5475/5689/4868 5476/5690/4868 5540/5755/4868 5539/5754/4868
f 5476/5690/4868 5477/5691/4868 5541/5756/4868 5540/5755/4868
f 5477/5691/4868 5478/5692/4868 5542/5757/4868 5541/5756/4868
f 5478/5692/4868 5479/5693/4868 5543/5758/4868 5542/5757/4868
f 5479/5693/4868 5480/5694/4868 5544/5759/4868 5543/5758/4868
f 5480/5694/4868 5481/5695/4868 5545/5760/4868 5544/5759/4868
f 5481/5695/4868 5482/5696/4868 5546/5761/4868 5545/5760/4868
f 5482/5696/4868 5483/5697/4868 5547/5762/4868 5546/5761/4868
f 5483/5697/4868 5484/5698/4868 5548/5763/4868 5547/5762/4868
f 5484/5698/4868 5485/5699/4868 5549/5764/4868 5548/5763/4868
f 5485/5699/4868 5486/5700/4868 5550/5765/4868 5549/5764/4868
f 5486/5700/4868 5487/5701/4868 5551/5766/4868 5550/5765/4868
f 5487/5701/4868 5488/5702/4868 5552/5767/4868 5551/5766/4868
f 5488/5702/4868 5489/5703/4868 5553/5768/4868 5552/5767/4868
f 5489/5703/4868 5490/5704/4868 5554/5769/4868 5553/5768/4868
f 5490/5704/4868 5491/5705/4868 5555/5770/4868 5554/5769/4868
f 5491/5705/4868 5492/5706/4868 5556/5771/4868 5555/5770/4868
f 5492/5706/4868 5493/5707/4868 5557/5772/4868 5556/5771/4868
f 5493/5707/4868 5494/5708/4868 5558/5773/4868 5557/5772/4868
f 5494/5708/4868 5495/5709/4868 5559/5774/4868 5558/5773/4868
f 5495/5709/4868 5496/5710/4868 5560/5775/4868 5559/5774/4868
f 5496/5710/4868 5497/5711/4868 5561/5776/4868 5560/5775/4868
f 5497/5711/4868 5498/5712/4868 5562/5777/4868 5561/5776/4868
f 5498/5712/4868 5499/5713/4868 5563/5778/4868 5562/5777/4868
f 5499/5713/4868 5500/5714/4868 5564/5779/4868 5563/5778/4868
f 5500/5714/4868 5501/5715/4868 5565/5780/4868 5564/5779/4868
f 5501/5715/4868 5502/5716/4868 5566/5781/4868 5565/5780/4868
f 5502/5716/4868 5503/5717/4868 5567/5782/4868 5566/5781/4868
f 5503/5717/4868 5504/5718/4868 5568/5783/4868 5567/5782/4868
f 5504/5718/4868 5505/5719/4868 5569/5784/4868 5568/5783/4868
f 5505/5719/4868 5506/5720/4868 5570/5785/4868 5569/5784/4868
f 5506/5720/4868 5443/5721/4868 5507/5786/4868 5570/5785/4868
f 5507/5723/2082 5508/5722/2083 5188/5787/2083 5187/5788/2082
f 5508/5722/2083 5509/5724/2084 5189/5789/2084 5188/5787/2083
f 5509/5724/2084 5510/5725/2085 5190/5790/2085 5189/5789/2084
f 5510/5725/2085 5511/5726/2086 5191/5791/2086 5190/5790/2085
f 5511/5726/2086 5512/5727/2087 5192/5792/2087 5191/5791/2086
f 5512/5727/2087 5513/5728/2088 5193/5793/2088 5192/5792/2087
f 5513/5728/2088 5514/5729/2089 5194/5794/2089 5193/5793/2088
f 5514/5729/2089 5515/5730/2090 5195/5795/2090 5194/5794/2089
f 5515/5730/2090 5516/5731/2091 5196/5796/2091 5195/5795/2090
f 5516/5731/2091 5517/5732/2092 5197/5797/2092 5196/5796/2091
f 5517/5732/2092 5518/5733/2093 5198/5798/2093 5197/5797/2092
f 5518/5733/2093 5519/5734/2094 5199/5799/2094 5198/5798/2093
f 5519/5734/2094 5520/5735/2095 5200/5800/2095 5199/5799/2094
f 5520/5735/2095 5521/5736/2096 5201/5801/2096 5200/5800/2095
f 5521/5736/2096 5522/5737/2097 5202/5802/2097 5201/5801/2096
f 5522/5737/2097 5523/5738/2098 5203/5803/2098 5202/5802/2097
f 5523/5738/2098 5524/5739/2099 5204/5804/2099 5203/5803/2098
f 5524/5739/2099 5525/5740/2100 5205/5805/2100 5204/5804/2099
f 5525/5740/2100 5526/5741/2101 5206/5806/2101 5205/5805/2100
f 5526/5741/2101 5527/5742/2102 5207/5807/2102 5206/5806/2101
f 5527/5742/2102 5528/5743/2103 5208/5808/2103 5207/5807/2102
f 5528/5743/2103 5529/5744/2104 5209/5809/2104 5208/5808/2103
f 5529/5744/2104 5530/5745/2105 5210/5810/2105 5209/5809/2104
f 5530/5745/2105 5531/5746/2106 5211/5811/2106 5210/5810/2105
f 5531/5746/2106 5532/5747/2107 5212/5812/2107 5211/5811/2106
f 5532/5747/2107 5533/5748/2108 5213/5813/2108 5212/5812/2107
f 5533/5748/2108 5534/5749/2109 5214/5814/2109 5213/5813/2108
f 5534/5749/2109 5535/5750/2110 5215/5815/2110 5214/5814/2109
f 5535/5750/2110 5536/5751/2111 5216/5816/2111 5215/5815/2110
f 5536/5751/2111 5537/5752/2112 5217/5817/2112 5216/5816/2111
f 5537/5752/2112 5538/5753/2113 5218/5818/2113 5217/5817/2112
f 5538/5753/2113 5539/5754/2050 5219/5819/2050 5218/5818/2113
f 5539/5754/2050 5540/5755/2051 5220/5820/2051 5219/5819/2050
f 5540/5755/2051 5541/5756/2052 5221/5821/2052 5220/5820/2051
f 5541/5756/2052 5542/5757/2053 5222/5822/2053 5221/5821/2052
f 5542/5757/2053 5543/5758/2054 5223/5823/2054 5222/5822/2053
f 5543/5758/2054 5544/5759/2055 5224/5824/2055 5223/5823/2054
f 5544/5759/2055 5545/5760/2056 5225/5825/2056 5224/5824/2055
f 5545/5760/2056 5546/5761/2057 5226/5826/2057 5225/5825/2056
f 5546/5761/2057 5547/5762/2058 5227/5827/2058 5226/5826/2057
f 5547/5762/2058 5548/5763/2059 5228/5828/2059 5227/5827/2058
f 5548/5763/2059 5549/5764/2060 5229/5829/2060 5228/5828/2059
f 5549/5764/2060 5550/5765/2061 5230/5830/2061 5229/5829/2060
f 5550/5765/2061 5551/5766/2062 5231/5831/2062 5230/5830/2061
f 5551/5766/2062 5552/5767/2063 5232/5832/2063 5231/5831/2062
f 5552/5767/2063 5553/5768/2064 5233/5833/2064 5232/5832/2063
f 5553/5768/2064 5554/5769/2065 5234/5834/2065 5233/5833/2064
f 5554/5769/2065 5555/5770/2066 5235/5835/2066 5234/5834/2065
f 5555/5770/2066 5556/5771/2067 5236/5836/2067 5235/5835/2066
f 5556/5771/2067 5557/5772/2068 5237/5837/2068 5236/5836/2067
f 5557/5772/2068 5558/5773/2069 5238/5838/2069 5237/5837/2068
f 5558/5773/2069 5559/5774/2070 5239/5839/2070 5238/5838/2069
f 5559/5774/2070 5560/5775/2071 5240/5840/2071 5239/5839/2070
f 5560/5775/2071 5561/5776/2072 5241/5841/2072 5240/5840/2071
f 5561/5776/2072 5562/5777/2073 5242/5842/2073 5241/5841/2072
f 5562/5777/2073 5563/5778/2074 5243/5843/2074 5242/5842/2073
f 5563/5778/2074 5564/5779/2075 5244/5844/2075 5243/5843/2074
f 5564/5779/2075 5565/5780/2076 5245/5845/2076 5244/5844/2075
f 5565/5780/2076 5566/5781/2077 5246/5846/2077 5245/5845/2076
f 5566/5781/2077 5567/5782/2078 5247/5847/2078 5246/5846/2077
f 5567/5782/2078 5568/5783/2079 5248/5848/2079 5247/5847/2078
f 5568/5783/2079 5569/5784/2080 5249/5849/2080 5248/5848/2079
f 5569/5784/2080 5570/5785/2081 5250/5850/2081 5249/5849/2080
f 5570/5785/2081 5507/5786/2082 5187/5851/2082 5250/5850/2081
f 5571/5004/5064 5583/5852/5065 5584/5853/5066 5572/5006/5067
f 5572/5006/5067 5584/5853/5066 5585/5854/5068 5573/5855/5069
f 5573/5855/5069 5585/5854/5068 5586/5856/5070 5574/5857/5071
f 5574/5857/5071 5586/5856/5070 5587/5858/5072 5575/5859/5073
f 5575/5859/5073 5587/5858/5072 5588/5860/5074 5576/5861/5075
f 5576/5861/5075 5588/5860/5074 5589/5862/5076 5577/5863/5077
f 5577/5863/5077 5589/5862/5076 5590/5864/5078 5578/5865/5079
f 5578/5865/5079 5590/5864/5078 5591/5866/5080 5579/5867/5081
f 5579/5867/5081 5591/5866/5080 5592/5868/5082 5580/5869/5083
f 5580/5869/5083 5592/5868/5082 5593/5870/5084 5581/5871/5085
f 5581/5871/5085 5593/5870/5084 5594/5872/5086 5582/5005/5087
f 5582/5005/5087 5594/5872/5086 5583/5852/5065 5571/5004/5064
f 5583/5852/5065 5595/5873/5088 5596/5874/5088 5584/5853/5066
f 5584/5853/5066 5596/5874/5089 5597/5875/5089 5585/5854/5068
f 5585/5854/5068 5597/5875/5090 5598/5876/5090 5586/5856/5070
f 5586/5856/5070 5598/5876/5091 5599/5877/5091 5587/5858/5072
f 5587/5858/5072 5599/5877/5092 5600/5878/5092 5588/5860/5074
f 5588/5860/5074 5600/5878/5093 5601/5879/5093 5589/5862/5076
f 5589/5862/5076 5601/5879/5094 5602/5880/5094 5590/5864/5078
f 5590/5864/5078 5602/5880/5095 5603/5881/5095 5591/5866/5080
f 5591/5866/5080 5603/5881/5096 5604/5882/5096 5592/5868/5082
f 5592/5868/5082 5604/5882/5097 5605/5883/5097 5593/5870/5084
f 5593/5870/5084 5605/5883/5098 5606/5884/5098 5594/5872/5086
f 5594/5872/5086 5606/5884/5099 5595/5873/5099 5583/5852/5065
f 5595/5873/5088 5607/5885/5100 5608/5886/5100 5596/5874/5088
f 5596/5874/5089 5608/5886/5101 5609/5887/5101 5597/5875/5089
f 5597/5875/5090 5609/5887/5102 5610/5888/5102 5598/5876/5090
f 5598/5876/5091 5610/5888/5103 5611/5889/5103 5599/5877/5091
f 5599/5877/5092 5611/5889/5104 5612/5890/5105 5600/5878/5092
f 5600/5878/5093 5612/5890/5106 5613/5891/5107 5601/5879/5093
f 5601/5879/5094 5613/5891/5108 5614/5892/5108 5602/5880/5094
f 5602/5880/5095 5614/5892/5109 5615/5893/5110 5603/5881/5095
f 5603/5881/5096 5615/5893/5111 5616/5894/5112 5604/5882/5096
f 5604/5882/5097 5616/5894/5113 5617/5895/5113 5605/5883/5097
f 5605/5883/5098 5617/5895/5114 5618/5896/5114 5606/5884/5098
f 5606/5884/5099 5618/5896/5115 5607/5885/5115 5595/5873/5099
f 5607/5885/5100 5619/5885/5116 5620/5886/5116 5608/5886/5100
f 5608/5886/5101 5620/5886/5117 5621/5887/5117 5609/5887/5101
f 5609/5887/5102 5621/5887/5118 5622/5888/5118 5610/5888/5102
f 5610/5888/5103 5622/5888/5119 5623/5889/5119 5611/5889/5103
f 5611/5889/5104 5623/5889/5120 5624/5890/5121 5612/5890/5105
f 5612/5890/5106 5624/5890/5122 5625/5891/5123 5613/5891/5107
f 5613/5891/5108 5625/5891/5124 5626/5892/5124 5614/5892/5108
f 5614/5892/5109 5626/5892/5125 5627/5893/5126 5615/5893/5110
f 5615/5893/5111 5627/5893/5127 5628/5894/5128 5616/5894/5112
f 5616/5894/5113 5628/5894/5129 5629/5895/5129 5617/5895/5113
f 5617/5895/5114 5629/5895/5130 5630/5896/5130 5618/5896/5114
f 5618/5896/5115 5630/5896/5131 5619/5885/5131 5607/5885/5115
f 5619/5885/5116 5631/5873/5132 5632/5874/5132 5620/5886/5116
f 5620/5886/5117 5632/5874/5133 5633/5875/5133 5621/5887/5117
f 5621/5887/5118 5633/5875/5134 5634/5876/5134 5622/5888/5118
f 5622/5888/5119 5634/5876/5135 5635/5877/5135 5623/5889/5119
f 5623/5889/5120 5635/5877/5136 5636/5878/5136 5624/5890/5121
f 5624/5890/5122 5636/5878/5137 5637/5879/5137 5625/5891/5123
f 5625/5891/5124 5637/5879/5138 5638/5880/5138 5626/5892/5124
f 5626/5892/5125 5638/5880/5139 5639/5881/5139 5627/5893/5126
f 5627/5893/5127 5639/5881/5140 5640/5882/5140 5628/5894/5128
f 5628/5894/5129 5640/5882/5141 5641/5883/5141 5629/5895/5129
f 5629/5895/5130 5641/5883/5142 5642/5884/5142 5630/5896/5130
f 5630/5896/5131 5642/5884/5143 5631/5873/5143 5619/5885/5131
f 5631/5873/5132 5643/5852/5144 5644/5853/5145 5632/5874/5132
f 5632/5874/5133 5644/5853/5145 5645/5854/5146 5633/5875/5133
f 5633/5875/5134 5645/5854/5146 5646/5856/5147 5634/5876/5134
f 5634/5876/5135 5646/5856/5147 5647/5858/5148 5635/5877/5135
f 5635/5877/5136 5647/5858/5148 5648/5860/5149 5636/5878/5136
f 5636/5878/5137 5648/5860/5149 5649/5862/5150 5637/5879/5137
f 5637/5879/5138 5649/5862/5150 5650/5864/5151 5638/5880/5138
f 5638/5880/5139 5650/5864/5151 5651/5866/5152 5639/5881/5139
f 5639/5881/5140 5651/5866/5152 5652/5868/5153 5640/5882/5140
f 5640/5882/5141 5652/5868/5153 5653/5870/5154 5641/5883/5141
f 5641/5883/5142 5653/5870/5154 5654/5872/5155 5642/5884/5142
f 5642/5884/5143 5654/5872/5155 5643/5852/5144 5631/5873/5143
f 5643/5852/5144 5655/5004/4869 5656/5006/4871 5644/5853/5145
f 5644/5853/5145 5656/5006/4871 5657/5855/5156 5645/5854/5146
f 5645/5854/5146 5657/5855/5156 5658/5857/5157 5646/5856/5147
f 5646/5856/5147 5658/5857/5157 5659/5859/5158 5647/5858/5148
f 5647/5858/5148 5659/5859/5158 5660/5861/5159 5648/5860/5149
f 5648/5860/5149 5660/5861/5159 5661/5863/5160 5649/5862/5150
f 5649/5862/5150 5661/5863/5160 5662/5865/5161 5650/5864/5151
f 5650/5864/5151 5662/5865/5161 5663/5867/5162 5651/5866/5152
f 5651/5866/5152 5663/5867/5162 5664/5869/5163 5652/5868/5153
f 5652/5868/5153 5664/5869/5163 5665/5871/5164 5653/5870/5154
f 5653/5870/5154 5665/5871/5164 5666/5005/4870 5654/5872/5155
f 5654/5872/5155 5666/5005/4870 5655/5004/4869 5643/5852/5144
f 5576/5861/5075 5577/5863/5077 5578/5865/5079
f 5662/5865/5161 5661/5863/5160 5660/5861/5159
f 5576/5861/5075 5578/5865/5079 5579/5867/5081
f 5663/5867/5162 5662/5865/5161 5660/5861/5159
f 5574/5857/5071 5575/5859/5073 5576/5861/5075
f 5660/5861/5159 5659/5859/5158 5658/5857/5157
f 5579/5867/5081 5580/5869/5083 5581/5871/5085
f 5665/5871/5164 5664/5869/5163 5663/5867/5162
f 5574/5857/5071 5576/5861/5075 5579/5867/5081
f 5663/5867/5162 5660/5861/5159 5658/5857/5157
f 5574/5857/5071 5579/5867/5081 5573/5855/5069
f 5657/5855/5156 5663/5867/5162 5658/5857/5157
f 5573/5855/5069 5579/5867/5081 5582/5005/5087
f 5666/5005/4870 5663/5867/5162 5657/5855/5156
f 5582/5005/5087 5579/5867/5081 5581/5871/5085
f 5665/5871/5164 5663/5867/5162 5666/5005/4870
f 5572/5006/5067 5573/5855/5069 5582/5005/5087
f 5666/5005/4870 5657/5855/5156 5656/5006/4871
f 5572/5006/5067 5582/5005/5087 5571/5004/5064
f 4803/5461/4935 4804/5007/4872 4868/5010/4872 4867/5135/4935
