# Blender 5.2.1 LTS
# www.blender.org
mtllib pawn.mtl
o pawn
v 0.000000 0.000000 0.000000
v 0.202400 0.000000 0.000000
v 0.201425 0.000000 -0.019839
v 0.198511 0.000000 -0.039486
v 0.193685 0.000000 -0.058754
v 0.186993 0.000000 -0.077455
v 0.178501 0.000000 -0.095411
v 0.168289 0.000000 -0.112447
v 0.156457 0.000000 -0.128401
v 0.143118 0.000000 -0.143118
v 0.128401 0.000000 -0.156457
v 0.112447 0.000000 -0.168289
v 0.095411 0.000000 -0.178501
v 0.077455 0.000000 -0.186993
v 0.058754 0.000000 -0.193685
v 0.039486 0.000000 -0.198511
v 0.019839 0.000000 -0.201425
v 0.000000 0.000000 -0.202400
v -0.019839 0.000000 -0.201425
v -0.039486 0.000000 -0.198511
v -0.058754 0.000000 -0.193685
v -0.077455 0.000000 -0.186993
v -0.095411 0.000000 -0.178501
v -0.112447 0.000000 -0.168289
v -0.128401 0.000000 -0.156457
v -0.143118 0.000000 -0.143118
v -0.156457 0.000000 -0.128401
v -0.168289 0.000000 -0.112447
v -0.178501 0.000000 -0.095411
v -0.186993 0.000000 -0.077455
v -0.193685 0.000000 -0.058754
v -0.198511 0.000000 -0.039486
v -0.201425 0.000000 -0.019839
v -0.202400 0.000000 -0.000000
v -0.201425 0.000000 0.019839
v -0.198511 0.000000 0.039486
v -0.193685 0.000000 0.058754
v -0.186993 0.000000 0.077455
v -0.178501 0.000000 0.095411
v -0.168289 0.000000 0.112447
v -0.156457 0.000000 0.128401
v -0.143118 0.000000 0.143118
v -0.128401 0.000000 0.156457
v -0.112447 0.000000 0.168289
v -0.095411 0.000000 0.178501
v -0.077455 0.000000 0.186993
v -0.058754 0.000000 0.193685
v -0.039486 0.000000 0.198511
v -0.019839 0.000000 0.201425
v -0.000000 0.000000 0.202400
v 0.019839 0.000000 0.201425
v 0.039486 0.000000 0.198511
v 0.058754 0.000000 0.193685
v 0.077455 0.000000 0.186993
v 0.095411 0.000000 0.178501
v 0.112447 0.000000 0.168289
v 0.128401 0.000000 0.156457
v 0.143118 0.000000 0.143118
v 0.156457 0.000000 0.128401
v 0.168289 0.000000 0.112447
v 0.178501 0.000000 0.095411
v 0.186993 0.000000 0.077455
v 0.193685 0.000000 0.058754
v 0.198511 0.000000 0.039486
v 0.201425 0.000000 0.019839
v 0.215600 0.009680 0.000000
v 0.214562 0.009680 -0.021132
v 0.211457 0.009680 -0.042061
v 0.206316 0.009680 -0.062585
v 0.199188 0.009680 -0.082507
v 0.190142 0.009680 -0.101633
v 0.179265 0.009680 -0.119781
v 0.166661 0.009680 -0.136775
v 0.152452 0.009680 -0.152452
v 0.136775 0.009680 -0.166661
v 0.119781 0.009680 -0.179265
v 0.101633 0.009680 -0.190142
v 0.082507 0.009680 -0.199188
v 0.062585 0.009680 -0.206316
v 0.042061 0.009680 -0.211457
v 0.021132 0.009680 -0.214562
v 0.000000 0.009680 -0.215600
v -0.021132 0.009680 -0.214562
v -0.042061 0.009680 -0.211457
v -0.062585 0.009680 -0.206316
v -0.082507 0.009680 -0.199188
v -0.101633 0.009680 -0.190142
v -0.119781 0.009680 -0.179265
v -0.136775 0.009680 -0.166661
v -0.152452 0.009680 -0.152452
v -0.166661 0.009680 -0.136775
v -0.179265 0.009680 -0.119781
v -0.190142 0.009680 -0.101633
v -0.199188 0.009680 -0.082507
v -0.206316 0.009680 -0.062585
v -0.211457 0.009680 -0.042061
v -0.214562 0.009680 -0.021132
v -0.215600 0.009680 -0.000000
v -0.214562 0.009680 0.021132
v -0.211457 0.009680 0.042061
v -0.206316 0.009680 0.062585
v -0.199188 0.009680 0.082507
v -0.190142 0.009680 0.101633
v -0.179265 0.009680 0.119781
v -0.166661 0.009680 0.136775
v -0.152452 0.009680 0.152452
v -0.136775 0.009680 0.166661
v -0.119781 0.009680 0.179265
v -0.101633 0.009680 0.190142
v -0.082507 0.009680 0.199188
v -0.062585 0.009680 0.206316
v -0.042061 0.009680 0.211457
v -0.021132 0.009680 0.214562
v -0.000000 0.009680 0.215600
v 0.021132 0.009680 0.214562
v 0.042061 0.009680 0.211457
v 0.062585 0.009680 0.206316
v 0.082507 0.009680 0.199188
v 0.101633 0.009680 0.190142
v 0.119781 0.009680 0.179265
v 0.136775 0.009680 0.166661
v 0.152452 0.009680 0.152452
v 0.166661 0.009680 0.136775
v 0.179265 0.009680 0.119781
v 0.190142 0.009680 0.101633
v 0.199188 0.009680 0.082507
v 0.206316 0.009680 0.062585
v 0.211457 0.009680 0.042061
v 0.214562 0.009680 0.021132
v 0.219268 0.013348 0.000000
v 0.218212 0.013348 -0.021492
v 0.215055 0.013348 -0.042777
v 0.209826 0.013348 -0.063650
v 0.202577 0.013348 -0.083910
v 0.193377 0.013348 -0.103362
v 0.182314 0.013348 -0.121819
v 0.169496 0.013348 -0.139102
v 0.155046 0.013348 -0.155046
v 0.139102 0.013348 -0.169496
v 0.121819 0.013348 -0.182314
v 0.103362 0.013348 -0.193377
v 0.083910 0.013348 -0.202577
v 0.063650 0.013348 -0.209826
v 0.042777 0.013348 -0.215055
v 0.021492 0.013348 -0.218212
v 0.000000 0.013348 -0.219268
v -0.021492 0.013348 -0.218212
v -0.042777 0.013348 -0.215055
v -0.063650 0.013348 -0.209826
v -0.083910 0.013348 -0.202577
v -0.103362 0.013348 -0.193377
v -0.121819 0.013348 -0.182314
v -0.139102 0.013348 -0.169496
v -0.155046 0.013348 -0.155046
v -0.169496 0.013348 -0.139102
v -0.182314 0.013348 -0.121819
v -0.193377 0.013348 -0.103362
v -0.202577 0.013348 -0.083910
v -0.209826 0.013348 -0.063650
v -0.215055 0.013348 -0.042777
v -0.218212 0.013348 -0.021492
v -0.219268 0.013348 -0.000000
v -0.218212 0.013348 0.021492
v -0.215055 0.013348 0.042777
v -0.209826 0.013348 0.063650
v -0.202577 0.013348 0.083910
v -0.193377 0.013348 0.103362
v -0.182314 0.013348 0.121819
v -0.169496 0.013348 0.139102
v -0.155046 0.013348 0.155046
v -0.139102 0.013348 0.169496
v -0.121819 0.013348 0.182314
v -0.103362 0.013348 0.193377
v -0.083910 0.013348 0.202577
v -0.063650 0.013348 0.209826
v -0.042777 0.013348 0.215055
v -0.021492 0.013348 0.218212
v -0.000000 0.013348 0.219268
v 0.021492 0.013348 0.218212
v 0.042777 0.013348 0.215055
v 0.063650 0.013348 0.209826
v 0.083910 0.013348 0.202577
v 0.103362 0.013348 0.193377
v 0.121819 0.013348 0.182314
v 0.139102 0.013348 0.169496
v 0.155046 0.013348 0.155046
v 0.169496 0.013348 0.139102
v 0.182314 0.013348 0.121819
v 0.193377 0.013348 0.103362
v 0.202577 0.013348 0.083910
v 0.209826 0.013348 0.063650
v 0.215055 0.013348 0.042777
v 0.218212 0.013348 0.021492
v 0.220000 0.015116 0.000000
v 0.218941 0.015116 -0.021564
v 0.215773 0.015116 -0.042920
v 0.210527 0.015116 -0.063863
v 0.203253 0.015116 -0.084190
v 0.194023 0.015116 -0.103707
v 0.182923 0.015116 -0.122225
v 0.170062 0.015116 -0.139567
v 0.155563 0.015116 -0.155563
v 0.139567 0.015116 -0.170062
v 0.122225 0.015116 -0.182923
v 0.103707 0.015116 -0.194023
v 0.084190 0.015116 -0.203253
v 0.063863 0.015116 -0.210527
v 0.042920 0.015116 -0.215773
v 0.021564 0.015116 -0.218941
v 0.000000 0.015116 -0.220000
v -0.021564 0.015116 -0.218941
v -0.042920 0.015116 -0.215773
v -0.063863 0.015116 -0.210527
v -0.084190 0.015116 -0.203253
v -0.103707 0.015116 -0.194023
v -0.122225 0.015116 -0.182923
v -0.139567 0.015116 -0.170062
v -0.155563 0.015116 -0.155563
v -0.170062 0.015116 -0.139567
v -0.182923 0.015116 -0.122225
v -0.194023 0.015116 -0.103707
v -0.203253 0.015116 -0.084190
v -0.210527 0.015116 -0.063863
v -0.215773 0.015116 -0.042920
v -0.218941 0.015116 -0.021564
v -0.220000 0.015116 -0.000000
v -0.218941 0.015116 0.021564
v -0.215773 0.015116 0.042920
v -0.210527 0.015116 0.063863
v -0.203253 0.015116 0.084190
v -0.194023 0.015116 0.103707
v -0.182923 0.015116 0.122225
v -0.170062 0.015116 0.139567
v -0.155563 0.015116 0.155563
v -0.139567 0.015116 0.170062
v -0.122225 0.015116 0.182923
v -0.103707 0.015116 0.194023
v -0.084190 0.015116 0.203253
v -0.063863 0.015116 0.210527
v -0.042920 0.015116 0.215773
v -0.021564 0.015116 0.218941
v -0.000000 0.015116 0.220000
v 0.021564 0.015116 0.218941
v 0.042920 0.015116 0.215773
v 0.063863 0.015116 0.210527
v 0.084190 0.015116 0.203253
v 0.103707 0.015116 0.194023
v 0.122225 0.015116 0.182923
v 0.139567 0.015116 0.170062
v 0.155563 0.015116 0.155563
v 0.170062 0.015116 0.139567
v 0.182923 0.015116 0.122225
v 0.194023 0.015116 0.103707
v 0.203253 0.015116 0.084190
v 0.210527 0.015116 0.063863
v 0.215773 0.015116 0.042920
v 0.218941 0.015116 0.021564
v 0.220000 0.028436 0.000000
v 0.218941 0.028436 -0.021564
v 0.215773 0.028436 -0.042920
v 0.210527 0.028436 -0.063863
v 0.203253 0.028436 -0.084190
v 0.194023 0.028436 -0.103707
v 0.182923 0.028436 -0.122225
v 0.170062 0.028436 -0.139567
v 0.155563 0.028436 -0.155563
v 0.139567 0.028436 -0.170062
v 0.122225 0.028436 -0.182923
v 0.103707 0.028436 -0.194023
v 0.084190 0.028436 -0.203253
v 0.063863 0.028436 -0.210527
v 0.042920 0.028436 -0.215773
v 0.021564 0.028436 -0.218941
v 0.000000 0.028436 -0.220000
v -0.021564 0.028436 -0.218941
v -0.042920 0.028436 -0.215773
v -0.063863 0.028436 -0.210527
v -0.084190 0.028436 -0.203253
v -0.103707 0.028436 -0.194023
v -0.122225 0.028436 -0.182923
v -0.139567 0.028436 -0.170062
v -0.155563 0.028436 -0.155563
v -0.170062 0.028436 -0.139567
v -0.182923 0.028436 -0.122225
v -0.194023 0.028436 -0.103707
v -0.203253 0.028436 -0.084190
v -0.210527 0.028436 -0.063863
v -0.215773 0.028436 -0.042920
v -0.218941 0.028436 -0.021564
v -0.220000 0.028436 -0.000000
v -0.218941 0.028436 0.021564
v -0.215773 0.028436 0.042920
v -0.210527 0.028436 0.063863
v -0.203253 0.028436 0.084190
v -0.194023 0.028436 0.103707
v -0.182923 0.028436 0.122225
v -0.170062 0.028436 0.139567
v -0.155563 0.028436 0.155563
v -0.139567 0.028436 0.170062
v -0.122225 0.028436 0.182923
v -0.103707 0.028436 0.194023
v -0.084190 0.028436 0.203253
v -0.063863 0.028436 0.210527
v -0.042920 0.028436 0.215773
v -0.021564 0.028436 0.218941
v -0.000000 0.028436 0.220000
v 0.021564 0.028436 0.218941
v 0.042920 0.028436 0.215773
v 0.063863 0.028436 0.210527
v 0.084190 0.028436 0.203253
v 0.103707 0.028436 0.194023
v 0.122225 0.028436 0.182923
v 0.139567 0.028436 0.170062
v 0.155563 0.028436 0.155563
v 0.170062 0.028436 0.139567
v 0.182923 0.028436 0.122225
v 0.194023 0.028436 0.103707
v 0.203253 0.028436 0.084190
v 0.210527 0.028436 0.063863
v 0.215773 0.028436 0.042920
v 0.218941 0.028436 0.021564
v 0.218697 0.030631 0.000000
v 0.217644 0.030631 -0.021436
v 0.214495 0.030631 -0.042666
v 0.209280 0.030631 -0.063484
v 0.202050 0.030631 -0.083692
v 0.192874 0.030631 -0.103093
v 0.181840 0.030631 -0.121502
v 0.169055 0.030631 -0.138740
v 0.154642 0.030631 -0.154642
v 0.138740 0.030631 -0.169055
v 0.121502 0.030631 -0.181840
v 0.103093 0.030631 -0.192874
v 0.083692 0.030631 -0.202050
v 0.063484 0.030631 -0.209280
v 0.042666 0.030631 -0.214495
v 0.021436 0.030631 -0.217644
v 0.000000 0.030631 -0.218697
v -0.021436 0.030631 -0.217644
v -0.042666 0.030631 -0.214495
v -0.063484 0.030631 -0.209280
v -0.083692 0.030631 -0.202050
v -0.103093 0.030631 -0.192874
v -0.121502 0.030631 -0.181840
v -0.138740 0.030631 -0.169055
v -0.154642 0.030631 -0.154642
v -0.169055 0.030631 -0.138740
v -0.181840 0.030631 -0.121502
v -0.192874 0.030631 -0.103093
v -0.202050 0.030631 -0.083692
v -0.209280 0.030631 -0.063484
v -0.214495 0.030631 -0.042666
v -0.217644 0.030631 -0.021436
v -0.218697 0.030631 -0.000000
v -0.217644 0.030631 0.021436
v -0.214495 0.030631 0.042666
v -0.209280 0.030631 0.063484
v -0.202050 0.030631 0.083692
v -0.192874 0.030631 0.103093
v -0.181840 0.030631 0.121502
v -0.169055 0.030631 0.138740
v -0.154642 0.030631 0.154642
v -0.138740 0.030631 0.169055
v -0.121502 0.030631 0.181840
v -0.103093 0.030631 0.192874
v -0.083692 0.030631 0.202050
v -0.063484 0.030631 0.209280
v -0.042666 0.030631 0.214495
v -0.021436 0.030631 0.217644
v -0.000000 0.030631 0.218697
v 0.021436 0.030631 0.217644
v 0.042666 0.030631 0.214495
v 0.063484 0.030631 0.209280
v 0.083692 0.030631 0.202050
v 0.103093 0.030631 0.192874
v 0.121502 0.030631 0.181840
v 0.138740 0.030631 0.169055
v 0.154642 0.030631 0.154642
v 0.169055 0.030631 0.138740
v 0.181840 0.030631 0.121502
v 0.192874 0.030631 0.103093
v 0.202050 0.030631 0.083692
v 0.209280 0.030631 0.063484
v 0.214495 0.030631 0.042666
v 0.217644 0.030631 0.021436
v 0.210320 0.035200 0.000000
v 0.209307 0.035200 -0.020615
v 0.206279 0.035200 -0.041031
v 0.201264 0.035200 -0.061053
v 0.194310 0.035200 -0.080486
v 0.185486 0.035200 -0.099144
v 0.174875 0.035200 -0.116848
v 0.162580 0.035200 -0.133426
v 0.148719 0.035200 -0.148719
v 0.133426 0.035200 -0.162580
v 0.116848 0.035200 -0.174875
v 0.099144 0.035200 -0.185486
v 0.080486 0.035200 -0.194310
v 0.061053 0.035200 -0.201264
v 0.041031 0.035200 -0.206279
v 0.020615 0.035200 -0.209307
v 0.000000 0.035200 -0.210320
v -0.020615 0.035200 -0.209307
v -0.041031 0.035200 -0.206279
v -0.061053 0.035200 -0.201264
v -0.080486 0.035200 -0.194310
v -0.099144 0.035200 -0.185486
v -0.116848 0.035200 -0.174875
v -0.133426 0.035200 -0.162580
v -0.148719 0.035200 -0.148719
v -0.162580 0.035200 -0.133426
v -0.174875 0.035200 -0.116848
v -0.185486 0.035200 -0.099144
v -0.194310 0.035200 -0.080486
v -0.201264 0.035200 -0.061053
v -0.206279 0.035200 -0.041031
v -0.209307 0.035200 -0.020615
v -0.210320 0.035200 -0.000000
v -0.209307 0.035200 0.020615
v -0.206279 0.035200 0.041031
v -0.201264 0.035200 0.061053
v -0.194310 0.035200 0.080486
v -0.185486 0.035200 0.099144
v -0.174875 0.035200 0.116848
v -0.162580 0.035200 0.133426
v -0.148719 0.035200 0.148719
v -0.133426 0.035200 0.162580
v -0.116848 0.035200 0.174875
v -0.099144 0.035200 0.185486
v -0.080486 0.035200 0.194310
v -0.061053 0.035200 0.201264
v -0.041031 0.035200 0.206279
v -0.020615 0.035200 0.209307
v -0.000000 0.035200 0.210320
v 0.020615 0.035200 0.209307
v 0.041031 0.035200 0.206279
v 0.061053 0.035200 0.201264
v 0.080486 0.035200 0.194310
v 0.099144 0.035200 0.185486
v 0.116848 0.035200 0.174875
v 0.133426 0.035200 0.162580
v 0.148719 0.035200 0.148719
v 0.162580 0.035200 0.133426
v 0.174875 0.035200 0.116848
v 0.185486 0.035200 0.099144
v 0.194310 0.035200 0.080486
v 0.201264 0.035200 0.061053
v 0.206279 0.035200 0.041031
v 0.209307 0.035200 0.020615
v 0.212516 0.040818 0.000000
v 0.211493 0.040818 -0.020830
v 0.208432 0.040818 -0.041460
v 0.203365 0.040818 -0.061690
v 0.196339 0.040818 -0.081326
v 0.187422 0.040818 -0.100179
v 0.176701 0.040818 -0.118068
v 0.164277 0.040818 -0.134819
v 0.150271 0.040818 -0.150271
v 0.134819 0.040818 -0.164277
v 0.118068 0.040818 -0.176701
v 0.100179 0.040818 -0.187422
v 0.081326 0.040818 -0.196339
v 0.061690 0.040818 -0.203365
v 0.041460 0.040818 -0.208432
v 0.020830 0.040818 -0.211493
v 0.000000 0.040818 -0.212516
v -0.020830 0.040818 -0.211493
v -0.041460 0.040818 -0.208432
v -0.061690 0.040818 -0.203365
v -0.081326 0.040818 -0.196339
v -0.100179 0.040818 -0.187422
v -0.118068 0.040818 -0.176701
v -0.134819 0.040818 -0.164277
v -0.150271 0.040818 -0.150271
v -0.164277 0.040818 -0.134819
v -0.176701 0.040818 -0.118068
v -0.187422 0.040818 -0.100179
v -0.196339 0.040818 -0.081326
v -0.203365 0.040818 -0.061690
v -0.208432 0.040818 -0.041460
v -0.211493 0.040818 -0.020830
v -0.212516 0.040818 -0.000000
v -0.211493 0.040818 0.020830
v -0.208432 0.040818 0.041460
v -0.203365 0.040818 0.061690
v -0.196339 0.040818 0.081326
v -0.187422 0.040818 0.100179
v -0.176701 0.040818 0.118068
v -0.164277 0.040818 0.134819
v -0.150271 0.040818 0.150271
v -0.134819 0.040818 0.164277
v -0.118068 0.040818 0.176701
v -0.100179 0.040818 0.187422
v -0.081326 0.040818 0.196339
v -0.061690 0.040818 0.203365
v -0.041460 0.040818 0.208432
v -0.020830 0.040818 0.211493
v -0.000000 0.040818 0.212516
v 0.020830 0.040818 0.211493
v 0.041460 0.040818 0.208432
v 0.061690 0.040818 0.203365
v 0.081326 0.040818 0.196339
v 0.100179 0.040818 0.187422
v 0.118068 0.040818 0.176701
v 0.134819 0.040818 0.164277
v 0.150271 0.040818 0.150271
v 0.164277 0.040818 0.134819
v 0.176701 0.040818 0.118068
v 0.187422 0.040818 0.100179
v 0.196339 0.040818 0.081326
v 0.203365 0.040818 0.061690
v 0.208432 0.040818 0.041460
v 0.211493 0.040818 0.020830
v 0.212634 0.048172 0.000000
v 0.211610 0.048172 -0.020842
v 0.208548 0.048172 -0.041483
v 0.203478 0.048172 -0.061724
v 0.196448 0.048172 -0.081372
v 0.187527 0.048172 -0.100235
v 0.176799 0.048172 -0.118133
v 0.164368 0.048172 -0.134894
v 0.150355 0.048172 -0.150355
v 0.134894 0.048172 -0.164368
v 0.118133 0.048172 -0.176799
v 0.100235 0.048172 -0.187527
v 0.081372 0.048172 -0.196448
v 0.061724 0.048172 -0.203478
v 0.041483 0.048172 -0.208548
v 0.020842 0.048172 -0.211610
v 0.000000 0.048172 -0.212634
v -0.020842 0.048172 -0.211610
v -0.041483 0.048172 -0.208548
v -0.061724 0.048172 -0.203478
v -0.081372 0.048172 -0.196448
v -0.100235 0.048172 -0.187527
v -0.118133 0.048172 -0.176799
v -0.134894 0.048172 -0.164368
v -0.150355 0.048172 -0.150355
v -0.164368 0.048172 -0.134894
v -0.176799 0.048172 -0.118133
v -0.187527 0.048172 -0.100235
v -0.196448 0.048172 -0.081372
v -0.203478 0.048172 -0.061724
v -0.208548 0.048172 -0.041483
v -0.211610 0.048172 -0.020842
v -0.212634 0.048172 -0.000000
v -0.211610 0.048172 0.020842
v -0.208548 0.048172 0.041483
v -0.203478 0.048172 0.061724
v -0.196448 0.048172 0.081372
v -0.187527 0.048172 0.100235
v -0.176799 0.048172 0.118133
v -0.164368 0.048172 0.134894
v -0.150355 0.048172 0.150355
v -0.134894 0.048172 0.164368
v -0.118133 0.048172 0.176799
v -0.100235 0.048172 0.187527
v -0.081372 0.048172 0.196448
v -0.061724 0.048172 0.203478
v -0.041483 0.048172 0.208548
v -0.020842 0.048172 0.211610
v -0.000000 0.048172 0.212634
v 0.020842 0.048172 0.211610
v 0.041483 0.048172 0.208548
v 0.061724 0.048172 0.203478
v 0.081372 0.048172 0.196448
v 0.100235 0.048172 0.187527
v 0.118133 0.048172 0.176799
v 0.134894 0.048172 0.164368
v 0.150355 0.048172 0.150355
v 0.164368 0.048172 0.134894
v 0.176799 0.048172 0.118133
v 0.187527 0.048172 0.100235
v 0.196448 0.048172 0.081372
v 0.203478 0.048172 0.061724
v 0.208548 0.048172 0.041483
v 0.211610 0.048172 0.020842
v 0.210210 0.056210 0.000000
v 0.209198 0.056210 -0.020604
v 0.206171 0.056210 -0.041010
v 0.201158 0.056210 -0.061021
v 0.194209 0.056210 -0.080444
v 0.185389 0.056210 -0.099092
v 0.174783 0.056210 -0.116786
v 0.162495 0.056210 -0.133356
v 0.148641 0.056210 -0.148641
v 0.133356 0.056210 -0.162495
v 0.116786 0.056210 -0.174783
v 0.099092 0.056210 -0.185389
v 0.080444 0.056210 -0.194209
v 0.061021 0.056210 -0.201158
v 0.041010 0.056210 -0.206171
v 0.020604 0.056210 -0.209198
v 0.000000 0.056210 -0.210210
v -0.020604 0.056210 -0.209198
v -0.041010 0.056210 -0.206171
v -0.061021 0.056210 -0.201158
v -0.080444 0.056210 -0.194209
v -0.099092 0.056210 -0.185389
v -0.116786 0.056210 -0.174783
v -0.133356 0.056210 -0.162495
v -0.148641 0.056210 -0.148641
v -0.162495 0.056210 -0.133356
v -0.174783 0.056210 -0.116786
v -0.185389 0.056210 -0.099092
v -0.194209 0.056210 -0.080444
v -0.201158 0.056210 -0.061021
v -0.206171 0.056210 -0.041010
v -0.209198 0.056210 -0.020604
v -0.210210 0.056210 -0.000000
v -0.209198 0.056210 0.020604
v -0.206171 0.056210 0.041010
v -0.201158 0.056210 0.061021
v -0.194209 0.056210 0.080444
v -0.185389 0.056210 0.099092
v -0.174783 0.056210 0.116786
v -0.162495 0.056210 0.133356
v -0.148641 0.056210 0.148641
v -0.133356 0.056210 0.162495
v -0.116786 0.056210 0.174783
v -0.099092 0.056210 0.185389
v -0.080444 0.056210 0.194209
v -0.061021 0.056210 0.201158
v -0.041010 0.056210 0.206171
v -0.020604 0.056210 0.209198
v -0.000000 0.056210 0.210210
v 0.020604 0.056210 0.209198
v 0.041010 0.056210 0.206171
v 0.061021 0.056210 0.201158
v 0.080444 0.056210 0.194209
v 0.099092 0.056210 0.185389
v 0.116786 0.056210 0.174783
v 0.133356 0.056210 0.162495
v 0.148641 0.056210 0.148641
v 0.162495 0.056210 0.133356
v 0.174783 0.056210 0.116786
v 0.185389 0.056210 0.099092
v 0.194209 0.056210 0.080444
v 0.201158 0.056210 0.061021
v 0.206171 0.056210 0.041010
v 0.209198 0.056210 0.020604
v 0.204779 0.063881 0.000000
v 0.203793 0.063881 -0.020072
v 0.200844 0.063881 -0.039950
v 0.195962 0.063881 -0.059444
v 0.189191 0.063881 -0.078366
v 0.180599 0.063881 -0.096532
v 0.170268 0.063881 -0.113769
v 0.158296 0.063881 -0.129911
v 0.144801 0.063881 -0.144801
v 0.129911 0.063881 -0.158296
v 0.113769 0.063881 -0.170268
v 0.096532 0.063881 -0.180599
v 0.078366 0.063881 -0.189191
v 0.059444 0.063881 -0.195962
v 0.039950 0.063881 -0.200844
v 0.020072 0.063881 -0.203793
v 0.000000 0.063881 -0.204779
v -0.020072 0.063881 -0.203793
v -0.039950 0.063881 -0.200844
v -0.059444 0.063881 -0.195962
v -0.078366 0.063881 -0.189191
v -0.096532 0.063881 -0.180599
v -0.113769 0.063881 -0.170268
v -0.129911 0.063881 -0.158296
v -0.144801 0.063881 -0.144801
v -0.158296 0.063881 -0.129911
v -0.170268 0.063881 -0.113769
v -0.180599 0.063881 -0.096532
v -0.189191 0.063881 -0.078366
v -0.195962 0.063881 -0.059444
v -0.200844 0.063881 -0.039950
v -0.203793 0.063881 -0.020072
v -0.204779 0.063881 -0.000000
v -0.203793 0.063881 0.020072
v -0.200844 0.063881 0.039950
v -0.195962 0.063881 0.059444
v -0.189191 0.063881 0.078366
v -0.180599 0.063881 0.096532
v -0.170268 0.063881 0.113769
v -0.158296 0.063881 0.129911
v -0.144801 0.063881 0.144801
v -0.129911 0.063881 0.158296
v -0.113769 0.063881 0.170268
v -0.096532 0.063881 0.180599
v -0.078366 0.063881 0.189191
v -0.059444 0.063881 0.195962
v -0.039950 0.063881 0.200844
v -0.020072 0.063881 0.203793
v -0.000000 0.063881 0.204779
v 0.020072 0.063881 0.203793
v 0.039950 0.063881 0.200844
v 0.059444 0.063881 0.195962
v 0.078366 0.063881 0.189191
v 0.096532 0.063881 0.180599
v 0.113769 0.063881 0.170268
v 0.129911 0.063881 0.158296
v 0.144801 0.063881 0.144801
v 0.158296 0.063881 0.129911
v 0.170268 0.063881 0.113769
v 0.180599 0.063881 0.096532
v 0.189191 0.063881 0.078366
v 0.195962 0.063881 0.059444
v 0.200844 0.063881 0.039950
v 0.203793 0.063881 0.020072
v 0.195877 0.070135 0.000000
v 0.194934 0.070135 -0.019199
v 0.192114 0.070135 -0.038214
v 0.187443 0.070135 -0.056860
v 0.180967 0.070135 -0.074959
v 0.172748 0.070135 -0.092336
v 0.162866 0.070135 -0.108824
v 0.151415 0.070135 -0.124263
v 0.138506 0.070135 -0.138506
v 0.124263 0.070135 -0.151415
v 0.108824 0.070135 -0.162866
v 0.092336 0.070135 -0.172748
v 0.074959 0.070135 -0.180967
v 0.056860 0.070135 -0.187443
v 0.038214 0.070135 -0.192114
v 0.019199 0.070135 -0.194934
v 0.000000 0.070135 -0.195877
v -0.019199 0.070135 -0.194934
v -0.038214 0.070135 -0.192114
v -0.056860 0.070135 -0.187443
v -0.074959 0.070135 -0.180967
v -0.092336 0.070135 -0.172748
v -0.108824 0.070135 -0.162866
v -0.124263 0.070135 -0.151415
v -0.138506 0.070135 -0.138506
v -0.151415 0.070135 -0.124263
v -0.162866 0.070135 -0.108824
v -0.172748 0.070135 -0.092336
v -0.180967 0.070135 -0.074959
v -0.187443 0.070135 -0.056860
v -0.192114 0.070135 -0.038214
v -0.194934 0.070135 -0.019199
v -0.195877 0.070135 -0.000000
v -0.194934 0.070135 0.019199
v -0.192114 0.070135 0.038214
v -0.187443 0.070135 0.056860
v -0.180967 0.070135 0.074959
v -0.172748 0.070135 0.092336
v -0.162866 0.070135 0.108824
v -0.151415 0.070135 0.124263
v -0.138506 0.070135 0.138506
v -0.124263 0.070135 0.151415
v -0.108824 0.070135 0.162866
v -0.092336 0.070135 0.172748
v -0.074959 0.070135 0.180967
v -0.056860 0.070135 0.187443
v -0.038214 0.070135 0.192114
v -0.019199 0.070135 0.194934
v -0.000000 0.070135 0.195877
v 0.019199 0.070135 0.194934
v 0.038214 0.070135 0.192114
v 0.056860 0.070135 0.187443
v 0.074959 0.070135 0.180967
v 0.092336 0.070135 0.172748
v 0.108824 0.070135 0.162866
v 0.124263 0.070135 0.151415
v 0.138506 0.070135 0.138506
v 0.151415 0.070135 0.124263
v 0.162866 0.070135 0.108824
v 0.172748 0.070135 0.092336
v 0.180967 0.070135 0.074959
v 0.187443 0.070135 0.056860
v 0.192114 0.070135 0.038214
v 0.194934 0.070135 0.019199
v 0.183040 0.073920 0.000000
v 0.182159 0.073920 -0.017941
v 0.179523 0.073920 -0.035709
v 0.175158 0.073920 -0.053134
v 0.169107 0.073920 -0.070046
v 0.161427 0.073920 -0.086284
v 0.152192 0.073920 -0.101692
v 0.141492 0.073920 -0.116119
v 0.129429 0.073920 -0.129429
v 0.116119 0.073920 -0.141492
v 0.101692 0.073920 -0.152192
v 0.086284 0.073920 -0.161427
v 0.070046 0.073920 -0.169107
v 0.053134 0.073920 -0.175158
v 0.035709 0.073920 -0.179523
v 0.017941 0.073920 -0.182159
v 0.000000 0.073920 -0.183040
v -0.017941 0.073920 -0.182159
v -0.035709 0.073920 -0.179523
v -0.053134 0.073920 -0.175158
v -0.070046 0.073920 -0.169107
v -0.086284 0.073920 -0.161427
v -0.101692 0.073920 -0.152192
v -0.116119 0.073920 -0.141492
v -0.129429 0.073920 -0.129429
v -0.141492 0.073920 -0.116119
v -0.152192 0.073920 -0.101692
v -0.161427 0.073920 -0.086284
v -0.169107 0.073920 -0.070046
v -0.175158 0.073920 -0.053134
v -0.179523 0.073920 -0.035709
v -0.182159 0.073920 -0.017941
v -0.183040 0.073920 -0.000000
v -0.182159 0.073920 0.017941
v -0.179523 0.073920 0.035709
v -0.175158 0.073920 0.053134
v -0.169107 0.073920 0.070046
v -0.161427 0.073920 0.086284
v -0.152192 0.073920 0.101692
v -0.141492 0.073920 0.116119
v -0.129429 0.073920 0.129429
v -0.116119 0.073920 0.141492
v -0.101692 0.073920 0.152192
v -0.086284 0.073920 0.161427
v -0.070046 0.073920 0.169107
v -0.053134 0.073920 0.175158
v -0.035709 0.073920 0.179523
v -0.017941 0.073920 0.182159
v -0.000000 0.073920 0.183040
v 0.017941 0.073920 0.182159
v 0.035709 0.073920 0.179523
v 0.053134 0.073920 0.175158
v 0.070046 0.073920 0.169107
v 0.086284 0.073920 0.161427
v 0.101692 0.073920 0.152192
v 0.116119 0.073920 0.141492
v 0.129429 0.073920 0.129429
v 0.141492 0.073920 0.116119
v 0.152192 0.073920 0.101692
v 0.161427 0.073920 0.086284
v 0.169107 0.073920 0.070046
v 0.175158 0.073920 0.053134
v 0.179523 0.073920 0.035709
v 0.182159 0.073920 0.017941
v 0.174240 0.075680 0.000000
v 0.173401 0.075680 -0.017079
v 0.170892 0.075680 -0.033993
v 0.166737 0.075680 -0.050579
v 0.160977 0.075680 -0.066679
v 0.153666 0.075680 -0.082136
v 0.144875 0.075680 -0.096803
v 0.134689 0.075680 -0.110537
v 0.123206 0.075680 -0.123206
v 0.110537 0.075680 -0.134689
v 0.096803 0.075680 -0.144875
v 0.082136 0.075680 -0.153666
v 0.066679 0.075680 -0.160977
v 0.050579 0.075680 -0.166737
v 0.033993 0.075680 -0.170892
v 0.017079 0.075680 -0.173401
v 0.000000 0.075680 -0.174240
v -0.017079 0.075680 -0.173401
v -0.033993 0.075680 -0.170892
v -0.050579 0.075680 -0.166737
v -0.066679 0.075680 -0.160977
v -0.082136 0.075680 -0.153666
v -0.096803 0.075680 -0.144875
v -0.110537 0.075680 -0.134689
v -0.123206 0.075680 -0.123206
v -0.134689 0.075680 -0.110537
v -0.144875 0.075680 -0.096803
v -0.153666 0.075680 -0.082136
v -0.160977 0.075680 -0.066679
v -0.166737 0.075680 -0.050579
v -0.170892 0.075680 -0.033993
v -0.173401 0.075680 -0.017079
v -0.174240 0.075680 -0.000000
v -0.173401 0.075680 0.017079
v -0.170892 0.075680 0.033993
v -0.166737 0.075680 0.050579
v -0.160977 0.075680 0.066679
v -0.153666 0.075680 0.082136
v -0.144875 0.075680 0.096803
v -0.134689 0.075680 0.110537
v -0.123206 0.075680 0.123206
v -0.110537 0.075680 0.134689
v -0.096803 0.075680 0.144875
v -0.082136 0.075680 0.153666
v -0.066679 0.075680 0.160977
v -0.050579 0.075680 0.166737
v -0.033993 0.075680 0.170892
v -0.017079 0.075680 0.173401
v -0.000000 0.075680 0.174240
v 0.017079 0.075680 0.173401
v 0.033993 0.075680 0.170892
v 0.050579 0.075680 0.166737
v 0.066679 0.075680 0.160977
v 0.082136 0.075680 0.153666
v 0.096803 0.075680 0.144875
v 0.110537 0.075680 0.134689
v 0.123206 0.075680 0.123206
v 0.134689 0.075680 0.110537
v 0.144875 0.075680 0.096803
v 0.153666 0.075680 0.082136
v 0.160977 0.075680 0.066679
v 0.166737 0.075680 0.050579
v 0.170892 0.075680 0.033993
v 0.173401 0.075680 0.017079
v 0.146955 0.084948 0.000000
v 0.146247 0.084948 -0.014404
v 0.144131 0.084948 -0.028669
v 0.140627 0.084948 -0.042659
v 0.135769 0.084948 -0.056237
v 0.129603 0.084948 -0.069274
v 0.122189 0.084948 -0.081644
v 0.113598 0.084948 -0.093227
v 0.103913 0.084948 -0.103913
v 0.093227 0.084948 -0.113598
v 0.081644 0.084948 -0.122189
v 0.069274 0.084948 -0.129603
v 0.056237 0.084948 -0.135769
v 0.042659 0.084948 -0.140627
v 0.028669 0.084948 -0.144131
v 0.014404 0.084948 -0.146247
v 0.000000 0.084948 -0.146955
v -0.014404 0.084948 -0.146247
v -0.028669 0.084948 -0.144131
v -0.042659 0.084948 -0.140627
v -0.056237 0.084948 -0.135769
v -0.069274 0.084948 -0.129603
v -0.081644 0.084948 -0.122189
v -0.093227 0.084948 -0.113598
v -0.103913 0.084948 -0.103913
v -0.113598 0.084948 -0.093227
v -0.122189 0.084948 -0.081644
v -0.129603 0.084948 -0.069274
v -0.135769 0.084948 -0.056237
v -0.140627 0.084948 -0.042659
v -0.144131 0.084948 -0.028669
v -0.146247 0.084948 -0.014404
v -0.146955 0.084948 -0.000000
v -0.146247 0.084948 0.014404
v -0.144131 0.084948 0.028669
v -0.140627 0.084948 0.042659
v -0.135769 0.084948 0.056237
v -0.129603 0.084948 0.069274
v -0.122189 0.084948 0.081644
v -0.113598 0.084948 0.093227
v -0.103913 0.084948 0.103913
v -0.093227 0.084948 0.113598
v -0.081644 0.084948 0.122189
v -0.069274 0.084948 0.129603
v -0.056237 0.084948 0.135769
v -0.042659 0.084948 0.140627
v -0.028669 0.084948 0.144131
v -0.014404 0.084948 0.146247
v -0.000000 0.084948 0.146955
v 0.014404 0.084948 0.146247
v 0.028669 0.084948 0.144131
v 0.042659 0.084948 0.140627
v 0.056237 0.084948 0.135769
v 0.069274 0.084948 0.129603
v 0.081644 0.084948 0.122189
v 0.093227 0.084948 0.113598
v 0.103913 0.084948 0.103913
v 0.113598 0.084948 0.093227
v 0.122189 0.084948 0.081644
v 0.129603 0.084948 0.069274
v 0.135769 0.084948 0.056237
v 0.140627 0.084948 0.042659
v 0.144131 0.084948 0.028669
v 0.146247 0.084948 0.014404
v 0.124468 0.095547 0.000000
v 0.123868 0.095547 -0.012200
v 0.122076 0.095547 -0.024282
v 0.119108 0.095547 -0.036131
v 0.114993 0.095547 -0.047632
v 0.109771 0.095547 -0.058674
v 0.103491 0.095547 -0.069151
v 0.096215 0.095547 -0.078962
v 0.088012 0.095547 -0.088012
v 0.078962 0.095547 -0.096215
v 0.069151 0.095547 -0.103491
v 0.058674 0.095547 -0.109771
v 0.047632 0.095547 -0.114993
v 0.036131 0.095547 -0.119108
v 0.024282 0.095547 -0.122076
v 0.012200 0.095547 -0.123868
v 0.000000 0.095547 -0.124468
v -0.012200 0.095547 -0.123868
v -0.024282 0.095547 -0.122076
v -0.036131 0.095547 -0.119108
v -0.047632 0.095547 -0.114993
v -0.058674 0.095547 -0.109771
v -0.069151 0.095547 -0.103491
v -0.078962 0.095547 -0.096215
v -0.088012 0.095547 -0.088012
v -0.096215 0.095547 -0.078962
v -0.103491 0.095547 -0.069151
v -0.109771 0.095547 -0.058674
v -0.114993 0.095547 -0.047632
v -0.119108 0.095547 -0.036131
v -0.122076 0.095547 -0.024282
v -0.123868 0.095547 -0.012200
v -0.124468 0.095547 -0.000000
v -0.123868 0.095547 0.012200
v -0.122076 0.095547 0.024282
v -0.119108 0.095547 0.036131
v -0.114993 0.095547 0.047632
v -0.109771 0.095547 0.058674
v -0.103491 0.095547 0.069151
v -0.096215 0.095547 0.078962
v -0.088012 0.095547 0.088012
v -0.078962 0.095547 0.096215
v -0.069151 0.095547 0.103491
v -0.058674 0.095547 0.109771
v -0.047632 0.095547 0.114993
v -0.036131 0.095547 0.119108
v -0.024282 0.095547 0.122076
v -0.012200 0.095547 0.123868
v -0.000000 0.095547 0.124468
v 0.012200 0.095547 0.123868
v 0.024282 0.095547 0.122076
v 0.036131 0.095547 0.119108
v 0.047632 0.095547 0.114993
v 0.058674 0.095547 0.109771
v 0.069151 0.095547 0.103491
v 0.078962 0.095547 0.096215
v 0.088012 0.095547 0.088012
v 0.096215 0.095547 0.078962
v 0.103491 0.095547 0.069151
v 0.109771 0.095547 0.058674
v 0.114993 0.095547 0.047632
v 0.119108 0.095547 0.036131
v 0.122076 0.095547 0.024282
v 0.123868 0.095547 0.012200
v 0.107199 0.107444 0.000000
v 0.106683 0.107444 -0.010507
v 0.105140 0.107444 -0.020914
v 0.102583 0.107444 -0.031118
v 0.099039 0.107444 -0.041023
v 0.094541 0.107444 -0.050533
v 0.089133 0.107444 -0.059557
v 0.082866 0.107444 -0.068007
v 0.075801 0.107444 -0.075801
v 0.068007 0.107444 -0.082866
v 0.059557 0.107444 -0.089133
v 0.050533 0.107444 -0.094541
v 0.041023 0.107444 -0.099039
v 0.031118 0.107444 -0.102583
v 0.020914 0.107444 -0.105140
v 0.010507 0.107444 -0.106683
v 0.000000 0.107444 -0.107199
v -0.010507 0.107444 -0.106683
v -0.020914 0.107444 -0.105140
v -0.031118 0.107444 -0.102583
v -0.041023 0.107444 -0.099039
v -0.050533 0.107444 -0.094541
v -0.059557 0.107444 -0.089133
v -0.068007 0.107444 -0.082866
v -0.075801 0.107444 -0.075801
v -0.082866 0.107444 -0.068007
v -0.089133 0.107444 -0.059557
v -0.094541 0.107444 -0.050533
v -0.099039 0.107444 -0.041023
v -0.102583 0.107444 -0.031118
v -0.105140 0.107444 -0.020914
v -0.106683 0.107444 -0.010507
v -0.107199 0.107444 -0.000000
v -0.106683 0.107444 0.010507
v -0.105140 0.107444 0.020914
v -0.102583 0.107444 0.031118
v -0.099039 0.107444 0.041023
v -0.094541 0.107444 0.050533
v -0.089133 0.107444 0.059557
v -0.082866 0.107444 0.068007
v -0.075801 0.107444 0.075801
v -0.068007 0.107444 0.082866
v -0.059557 0.107444 0.089133
v -0.050533 0.107444 0.094541
v -0.041023 0.107444 0.099039
v -0.031118 0.107444 0.102583
v -0.020914 0.107444 0.105140
v -0.010507 0.107444 0.106683
v -0.000000 0.107444 0.107199
v 0.010507 0.107444 0.106683
v 0.020914 0.107444 0.105140
v 0.031118 0.107444 0.102583
v 0.041023 0.107444 0.099039
v 0.050533 0.107444 0.094541
v 0.059557 0.107444 0.089133
v 0.068007 0.107444 0.082866
v 0.075801 0.107444 0.075801
v 0.082866 0.107444 0.068007
v 0.089133 0.107444 0.059557
v 0.094541 0.107444 0.050533
v 0.099039 0.107444 0.041023
v 0.102583 0.107444 0.031118
v 0.105140 0.107444 0.020914
v 0.106683 0.107444 0.010507
v 0.095570 0.120605 0.000000
v 0.095110 0.120605 -0.009367
v 0.093734 0.120605 -0.018645
v 0.091455 0.120605 -0.027742
v 0.088295 0.120605 -0.036573
v 0.084285 0.120605 -0.045051
v 0.079463 0.120605 -0.053096
v 0.073877 0.120605 -0.060629
v 0.067578 0.120605 -0.067578
v 0.060629 0.120605 -0.073877
v 0.053096 0.120605 -0.079463
v 0.045051 0.120605 -0.084285
v 0.036573 0.120605 -0.088295
v 0.027742 0.120605 -0.091455
v 0.018645 0.120605 -0.093734
v 0.009367 0.120605 -0.095110
v 0.000000 0.120605 -0.095570
v -0.009367 0.120605 -0.095110
v -0.018645 0.120605 -0.093734
v -0.027742 0.120605 -0.091455
v -0.036573 0.120605 -0.088295
v -0.045051 0.120605 -0.084285
v -0.053096 0.120605 -0.079463
v -0.060629 0.120605 -0.073877
v -0.067578 0.120605 -0.067578
v -0.073877 0.120605 -0.060629
v -0.079463 0.120605 -0.053096
v -0.084285 0.120605 -0.045051
v -0.088295 0.120605 -0.036573
v -0.091455 0.120605 -0.027742
v -0.093734 0.120605 -0.018645
v -0.095110 0.120605 -0.009367
v -0.095570 0.120605 -0.000000
v -0.095110 0.120605 0.009367
v -0.093734 0.120605 0.018645
v -0.091455 0.120605 0.027742
v -0.088295 0.120605 0.036573
v -0.084285 0.120605 0.045051
v -0.079463 0.120605 0.053096
v -0.073877 0.120605 0.060629
v -0.067578 0.120605 0.067578
v -0.060629 0.120605 0.073877
v -0.053096 0.120605 0.079463
v -0.045051 0.120605 0.084285
v -0.036573 0.120605 0.088295
v -0.027742 0.120605 0.091455
v -0.018645 0.120605 0.093734
v -0.009367 0.120605 0.095110
v -0.000000 0.120605 0.095570
v 0.009367 0.120605 0.095110
v 0.018645 0.120605 0.093734
v 0.027742 0.120605 0.091455
v 0.036573 0.120605 0.088295
v 0.045051 0.120605 0.084285
v 0.053096 0.120605 0.079463
v 0.060629 0.120605 0.073877
v 0.067578 0.120605 0.067578
v 0.073877 0.120605 0.060629
v 0.079463 0.120605 0.053096
v 0.084285 0.120605 0.045051
v 0.088295 0.120605 0.036573
v 0.091455 0.120605 0.027742
v 0.093734 0.120605 0.018645
v 0.095110 0.120605 0.009367
v 0.090000 0.135000 0.000000
v 0.089567 0.135000 -0.008822
v 0.088271 0.135000 -0.017558
v 0.086125 0.135000 -0.026126
v 0.083149 0.135000 -0.034442
v 0.079373 0.135000 -0.042426
v 0.074832 0.135000 -0.050001
v 0.069571 0.135000 -0.057095
v 0.063640 0.135000 -0.063640
v 0.057095 0.135000 -0.069571
v 0.050001 0.135000 -0.074832
v 0.042426 0.135000 -0.079373
v 0.034442 0.135000 -0.083149
v 0.026126 0.135000 -0.086125
v 0.017558 0.135000 -0.088271
v 0.008822 0.135000 -0.089567
v 0.000000 0.135000 -0.090000
v -0.008822 0.135000 -0.089567
v -0.017558 0.135000 -0.088271
v -0.026126 0.135000 -0.086125
v -0.034442 0.135000 -0.083149
v -0.042426 0.135000 -0.079373
v -0.050001 0.135000 -0.074832
v -0.057095 0.135000 -0.069571
v -0.063640 0.135000 -0.063640
v -0.069571 0.135000 -0.057095
v -0.074832 0.135000 -0.050001
v -0.079373 0.135000 -0.042426
v -0.083149 0.135000 -0.034442
v -0.086125 0.135000 -0.026126
v -0.088271 0.135000 -0.017558
v -0.089567 0.135000 -0.008822
v -0.090000 0.135000 -0.000000
v -0.089567 0.135000 0.008822
v -0.088271 0.135000 0.017558
v -0.086125 0.135000 0.026126
v -0.083149 0.135000 0.034442
v -0.079373 0.135000 0.042426
v -0.074832 0.135000 0.050001
v -0.069571 0.135000 0.057095
v -0.063640 0.135000 0.063640
v -0.057095 0.135000 0.069571
v -0.050001 0.135000 0.074832
v -0.042426 0.135000 0.079373
v -0.034442 0.135000 0.083149
v -0.026126 0.135000 0.086125
v -0.017558 0.135000 0.088271
v -0.008822 0.135000 0.089567
v -0.000000 0.135000 0.090000
v 0.008822 0.135000 0.089567
v 0.017558 0.135000 0.088271
v 0.026126 0.135000 0.086125
v 0.034442 0.135000 0.083149
v 0.042426 0.135000 0.079373
v 0.050001 0.135000 0.074832
v 0.057095 0.135000 0.069571
v 0.063640 0.135000 0.063640
v 0.069571 0.135000 0.057095
v 0.074832 0.135000 0.050001
v 0.079373 0.135000 0.042426
v 0.083149 0.135000 0.034442
v 0.086125 0.135000 0.026126
v 0.088271 0.135000 0.017558
v 0.089567 0.135000 0.008822
v 0.085819 0.167144 0.000000
v 0.085406 0.167144 -0.008412
v 0.084170 0.167144 -0.016743
v 0.082124 0.167144 -0.024912
v 0.079287 0.167144 -0.032842
v 0.075686 0.167144 -0.040455
v 0.071356 0.167144 -0.047679
v 0.066339 0.167144 -0.054443
v 0.060684 0.167144 -0.060684
v 0.054443 0.167144 -0.066339
v 0.047679 0.167144 -0.071356
v 0.040455 0.167144 -0.075686
v 0.032842 0.167144 -0.079287
v 0.024912 0.167144 -0.082124
v 0.016743 0.167144 -0.084170
v 0.008412 0.167144 -0.085406
v 0.000000 0.167144 -0.085819
v -0.008412 0.167144 -0.085406
v -0.016743 0.167144 -0.084170
v -0.024912 0.167144 -0.082124
v -0.032842 0.167144 -0.079287
v -0.040455 0.167144 -0.075686
v -0.047679 0.167144 -0.071356
v -0.054443 0.167144 -0.066339
v -0.060684 0.167144 -0.060684
v -0.066339 0.167144 -0.054443
v -0.071356 0.167144 -0.047679
v -0.075686 0.167144 -0.040455
v -0.079287 0.167144 -0.032842
v -0.082124 0.167144 -0.024912
v -0.084170 0.167144 -0.016743
v -0.085406 0.167144 -0.008412
v -0.085819 0.167144 -0.000000
v -0.085406 0.167144 0.008412
v -0.084170 0.167144 0.016743
v -0.082124 0.167144 0.024912
v -0.079287 0.167144 0.032842
v -0.075686 0.167144 0.040455
v -0.071356 0.167144 0.047679
v -0.066339 0.167144 0.054443
v -0.060684 0.167144 0.060684
v -0.054443 0.167144 0.066339
v -0.047679 0.167144 0.071356
v -0.040455 0.167144 0.075686
v -0.032842 0.167144 0.079287
v -0.024912 0.167144 0.082124
v -0.016743 0.167144 0.084170
v -0.008412 0.167144 0.085406
v -0.000000 0.167144 0.085819
v 0.008412 0.167144 0.085406
v 0.016743 0.167144 0.084170
v 0.024912 0.167144 0.082124
v 0.032842 0.167144 0.079287
v 0.040455 0.167144 0.075686
v 0.047679 0.167144 0.071356
v 0.054443 0.167144 0.066339
v 0.060684 0.167144 0.060684
v 0.066339 0.167144 0.054443
v 0.071356 0.167144 0.047679
v 0.075686 0.167144 0.040455
v 0.079287 0.167144 0.032842
v 0.082124 0.167144 0.024912
v 0.084170 0.167144 0.016743
v 0.085406 0.167144 0.008412
v 0.079889 0.198148 0.000000
v 0.079504 0.198148 -0.007830
v 0.078354 0.198148 -0.015586
v 0.076449 0.198148 -0.023191
v 0.073808 0.198148 -0.030572
v 0.070456 0.198148 -0.037659
v 0.066425 0.198148 -0.044384
v 0.061755 0.198148 -0.050681
v 0.056490 0.198148 -0.056490
v 0.050681 0.198148 -0.061755
v 0.044384 0.198148 -0.066425
v 0.037659 0.198148 -0.070456
v 0.030572 0.198148 -0.073808
v 0.023191 0.198148 -0.076449
v 0.015586 0.198148 -0.078354
v 0.007830 0.198148 -0.079504
v 0.000000 0.198148 -0.079889
v -0.007830 0.198148 -0.079504
v -0.015586 0.198148 -0.078354
v -0.023191 0.198148 -0.076449
v -0.030572 0.198148 -0.073808
v -0.037659 0.198148 -0.070456
v -0.044384 0.198148 -0.066425
v -0.050681 0.198148 -0.061755
v -0.056490 0.198148 -0.056490
v -0.061755 0.198148 -0.050681
v -0.066425 0.198148 -0.044384
v -0.070456 0.198148 -0.037659
v -0.073808 0.198148 -0.030572
v -0.076449 0.198148 -0.023191
v -0.078354 0.198148 -0.015586
v -0.079504 0.198148 -0.007830
v -0.079889 0.198148 -0.000000
v -0.079504 0.198148 0.007830
v -0.078354 0.198148 0.015586
v -0.076449 0.198148 0.023191
v -0.073808 0.198148 0.030572
v -0.070456 0.198148 0.037659
v -0.066425 0.198148 0.044384
v -0.061755 0.198148 0.050681
v -0.056490 0.198148 0.056490
v -0.050681 0.198148 0.061755
v -0.044384 0.198148 0.066425
v -0.037659 0.198148 0.070456
v -0.030572 0.198148 0.073808
v -0.023191 0.198148 0.076449
v -0.015586 0.198148 0.078354
v -0.007830 0.198148 0.079504
v -0.000000 0.198148 0.079889
v 0.007830 0.198148 0.079504
v 0.015586 0.198148 0.078354
v 0.023191 0.198148 0.076449
v 0.030572 0.198148 0.073808
v 0.037659 0.198148 0.070456
v 0.044384 0.198148 0.066425
v 0.050681 0.198148 0.061755
v 0.056490 0.198148 0.056490
v 0.061755 0.198148 0.050681
v 0.066425 0.198148 0.044384
v 0.070456 0.198148 0.037659
v 0.073808 0.198148 0.030572
v 0.076449 0.198148 0.023191
v 0.078354 0.198148 0.015586
v 0.079504 0.198148 0.007830
v 0.073125 0.227375 0.000000
v 0.072773 0.227375 -0.007168
v 0.071720 0.227375 -0.014266
v 0.069976 0.227375 -0.021227
v 0.067559 0.227375 -0.027984
v 0.064490 0.227375 -0.034471
v 0.060801 0.227375 -0.040626
v 0.056526 0.227375 -0.046390
v 0.051707 0.227375 -0.051707
v 0.046390 0.227375 -0.056526
v 0.040626 0.227375 -0.060801
v 0.034471 0.227375 -0.064490
v 0.027984 0.227375 -0.067559
v 0.021227 0.227375 -0.069976
v 0.014266 0.227375 -0.071720
v 0.007168 0.227375 -0.072773
v 0.000000 0.227375 -0.073125
v -0.007168 0.227375 -0.072773
v -0.014266 0.227375 -0.071720
v -0.021227 0.227375 -0.069976
v -0.027984 0.227375 -0.067559
v -0.034471 0.227375 -0.064490
v -0.040626 0.227375 -0.060801
v -0.046390 0.227375 -0.056526
v -0.051707 0.227375 -0.051707
v -0.056526 0.227375 -0.046390
v -0.060801 0.227375 -0.040626
v -0.064490 0.227375 -0.034471
v -0.067559 0.227375 -0.027984
v -0.069976 0.227375 -0.021227
v -0.071720 0.227375 -0.014266
v -0.072773 0.227375 -0.007168
v -0.073125 0.227375 -0.000000
v -0.072773 0.227375 0.007168
v -0.071720 0.227375 0.014266
v -0.069976 0.227375 0.021227
v -0.067559 0.227375 0.027984
v -0.064490 0.227375 0.034471
v -0.060801 0.227375 0.040626
v -0.056526 0.227375 0.046390
v -0.051707 0.227375 0.051707
v -0.046390 0.227375 0.056526
v -0.040626 0.227375 0.060801
v -0.034471 0.227375 0.064490
v -0.027984 0.227375 0.067559
v -0.021227 0.227375 0.069976
v -0.014266 0.227375 0.071720
v -0.007168 0.227375 0.072773
v -0.000000 0.227375 0.073125
v 0.007168 0.227375 0.072773
v 0.014266 0.227375 0.071720
v 0.021227 0.227375 0.069976
v 0.027984 0.227375 0.067559
v 0.034471 0.227375 0.064490
v 0.040626 0.227375 0.060801
v 0.046390 0.227375 0.056526
v 0.051707 0.227375 0.051707
v 0.056526 0.227375 0.046390
v 0.060801 0.227375 0.040626
v 0.064490 0.227375 0.034471
v 0.067559 0.227375 0.027984
v 0.069976 0.227375 0.021227
v 0.071720 0.227375 0.014266
v 0.072773 0.227375 0.007168
v 0.066444 0.254185 0.000000
v 0.066124 0.254185 -0.006513
v 0.065168 0.254185 -0.012963
v 0.063583 0.254185 -0.019288
v 0.061387 0.254185 -0.025427
v 0.058599 0.254185 -0.031322
v 0.055247 0.254185 -0.036915
v 0.051362 0.254185 -0.042152
v 0.046983 0.254185 -0.046983
v 0.042152 0.254185 -0.051362
v 0.036915 0.254185 -0.055247
v 0.031322 0.254185 -0.058599
v 0.025427 0.254185 -0.061387
v 0.019288 0.254185 -0.063583
v 0.012963 0.254185 -0.065168
v 0.006513 0.254185 -0.066124
v 0.000000 0.254185 -0.066444
v -0.006513 0.254185 -0.066124
v -0.012963 0.254185 -0.065168
v -0.019288 0.254185 -0.063583
v -0.025427 0.254185 -0.061387
v -0.031322 0.254185 -0.058599
v -0.036915 0.254185 -0.055247
v -0.042152 0.254185 -0.051362
v -0.046983 0.254185 -0.046983
v -0.051362 0.254185 -0.042152
v -0.055247 0.254185 -0.036915
v -0.058599 0.254185 -0.031322
v -0.061387 0.254185 -0.025427
v -0.063583 0.254185 -0.019288
v -0.065168 0.254185 -0.012963
v -0.066124 0.254185 -0.006513
v -0.066444 0.254185 -0.000000
v -0.066124 0.254185 0.006513
v -0.065168 0.254185 0.012963
v -0.063583 0.254185 0.019288
v -0.061387 0.254185 0.025427
v -0.058599 0.254185 0.031322
v -0.055247 0.254185 0.036915
v -0.051362 0.254185 0.042152
v -0.046983 0.254185 0.046983
v -0.042152 0.254185 0.051362
v -0.036915 0.254185 0.055247
v -0.031322 0.254185 0.058599
v -0.025427 0.254185 0.061387
v -0.019288 0.254185 0.063583
v -0.012963 0.254185 0.065168
v -0.006513 0.254185 0.066124
v -0.000000 0.254185 0.066444
v 0.006513 0.254185 0.066124
v 0.012963 0.254185 0.065168
v 0.019288 0.254185 0.063583
v 0.025427 0.254185 0.061387
v 0.031322 0.254185 0.058599
v 0.036915 0.254185 0.055247
v 0.042152 0.254185 0.051362
v 0.046983 0.254185 0.046983
v 0.051362 0.254185 0.042152
v 0.055247 0.254185 0.036915
v 0.058599 0.254185 0.031322
v 0.061387 0.254185 0.025427
v 0.063583 0.254185 0.019288
v 0.065168 0.254185 0.012963
v 0.066124 0.254185 0.006513
v 0.060764 0.277940 0.000000
v 0.060471 0.277940 -0.005956
v 0.059596 0.277940 -0.011854
v 0.058147 0.277940 -0.017639
v 0.056139 0.277940 -0.023253
v 0.053589 0.277940 -0.028644
v 0.050523 0.277940 -0.033759
v 0.046971 0.277940 -0.038548
v 0.042967 0.277940 -0.042967
v 0.038548 0.277940 -0.046971
v 0.033759 0.277940 -0.050523
v 0.028644 0.277940 -0.053589
v 0.023253 0.277940 -0.056139
v 0.017639 0.277940 -0.058147
v 0.011854 0.277940 -0.059596
v 0.005956 0.277940 -0.060471
v 0.000000 0.277940 -0.060764
v -0.005956 0.277940 -0.060471
v -0.011854 0.277940 -0.059596
v -0.017639 0.277940 -0.058147
v -0.023253 0.277940 -0.056139
v -0.028644 0.277940 -0.053589
v -0.033759 0.277940 -0.050523
v -0.038548 0.277940 -0.046971
v -0.042967 0.277940 -0.042967
v -0.046971 0.277940 -0.038548
v -0.050523 0.277940 -0.033759
v -0.053589 0.277940 -0.028644
v -0.056139 0.277940 -0.023253
v -0.058147 0.277940 -0.017639
v -0.059596 0.277940 -0.011854
v -0.060471 0.277940 -0.005956
v -0.060764 0.277940 -0.000000
v -0.060471 0.277940 0.005956
v -0.059596 0.277940 0.011854
v -0.058147 0.277940 0.017639
v -0.056139 0.277940 0.023253
v -0.053589 0.277940 0.028644
v -0.050523 0.277940 0.033759
v -0.046971 0.277940 0.038548
v -0.042967 0.277940 0.042967
v -0.038548 0.277940 0.046971
v -0.033759 0.277940 0.050523
v -0.028644 0.277940 0.053589
v -0.023253 0.277940 0.056139
v -0.017639 0.277940 0.058147
v -0.011854 0.277940 0.059596
v -0.005956 0.277940 0.060471
v -0.000000 0.277940 0.060764
v 0.005956 0.277940 0.060471
v 0.011854 0.277940 0.059596
v 0.017639 0.277940 0.058147
v 0.023253 0.277940 0.056139
v 0.028644 0.277940 0.053589
v 0.033759 0.277940 0.050523
v 0.038548 0.277940 0.046971
v 0.042967 0.277940 0.042967
v 0.046971 0.277940 0.038548
v 0.050523 0.277940 0.033759
v 0.053589 0.277940 0.028644
v 0.056139 0.277940 0.023253
v 0.058147 0.277940 0.017639
v 0.059596 0.277940 0.011854
v 0.060471 0.277940 0.005956
v 0.057889 0.293262 0.000000
v 0.057610 0.293262 -0.005674
v 0.056777 0.293262 -0.011294
v 0.055396 0.293262 -0.016804
v 0.053482 0.293262 -0.022153
v 0.051053 0.293262 -0.027289
v 0.048133 0.293262 -0.032161
v 0.044749 0.293262 -0.036724
v 0.040934 0.293262 -0.040934
v 0.036724 0.293262 -0.044749
v 0.032161 0.293262 -0.048133
v 0.027289 0.293262 -0.051053
v 0.022153 0.293262 -0.053482
v 0.016804 0.293262 -0.055396
v 0.011294 0.293262 -0.056777
v 0.005674 0.293262 -0.057610
v 0.000000 0.293262 -0.057889
v -0.005674 0.293262 -0.057610
v -0.011294 0.293262 -0.056777
v -0.016804 0.293262 -0.055396
v -0.022153 0.293262 -0.053482
v -0.027289 0.293262 -0.051053
v -0.032161 0.293262 -0.048133
v -0.036724 0.293262 -0.044749
v -0.040934 0.293262 -0.040934
v -0.044749 0.293262 -0.036724
v -0.048133 0.293262 -0.032161
v -0.051053 0.293262 -0.027289
v -0.053482 0.293262 -0.022153
v -0.055396 0.293262 -0.016804
v -0.056777 0.293262 -0.011294
v -0.057610 0.293262 -0.005674
v -0.057889 0.293262 -0.000000
v -0.057610 0.293262 0.005674
v -0.056777 0.293262 0.011294
v -0.055396 0.293262 0.016804
v -0.053482 0.293262 0.022153
v -0.051053 0.293262 0.027289
v -0.048133 0.293262 0.032161
v -0.044749 0.293262 0.036724
v -0.040934 0.293262 0.040934
v -0.036724 0.293262 0.044749
v -0.032161 0.293262 0.048133
v -0.027289 0.293262 0.051053
v -0.022153 0.293262 0.053482
v -0.016804 0.293262 0.055396
v -0.011294 0.293262 0.056777
v -0.005674 0.293262 0.057610
v -0.000000 0.293262 0.057889
v 0.005674 0.293262 0.057610
v 0.011294 0.293262 0.056777
v 0.016804 0.293262 0.055396
v 0.022153 0.293262 0.053482
v 0.027289 0.293262 0.051053
v 0.032161 0.293262 0.048133
v 0.036724 0.293262 0.044749
v 0.040934 0.293262 0.040934
v 0.044749 0.293262 0.036724
v 0.048133 0.293262 0.032161
v 0.051053 0.293262 0.027289
v 0.053482 0.293262 0.022153
v 0.055396 0.293262 0.016804
v 0.056777 0.293262 0.011294
v 0.057610 0.293262 0.005674
v 0.057801 0.295335 0.000000
v 0.057523 0.295335 -0.005666
v 0.056691 0.295335 -0.011276
v 0.055312 0.295335 -0.016779
v 0.053401 0.295335 -0.022120
v 0.050976 0.295335 -0.027247
v 0.048060 0.295335 -0.032113
v 0.044681 0.295335 -0.036669
v 0.040872 0.295335 -0.040872
v 0.036669 0.295335 -0.044681
v 0.032113 0.295335 -0.048060
v 0.027247 0.295335 -0.050976
v 0.022120 0.295335 -0.053401
v 0.016779 0.295335 -0.055312
v 0.011276 0.295335 -0.056691
v 0.005666 0.295335 -0.057523
v 0.000000 0.295335 -0.057801
v -0.005666 0.295335 -0.057523
v -0.011276 0.295335 -0.056691
v -0.016779 0.295335 -0.055312
v -0.022120 0.295335 -0.053401
v -0.027247 0.295335 -0.050976
v -0.032113 0.295335 -0.048060
v -0.036669 0.295335 -0.044681
v -0.040872 0.295335 -0.040872
v -0.044681 0.295335 -0.036669
v -0.048060 0.295335 -0.032113
v -0.050976 0.295335 -0.027247
v -0.053401 0.295335 -0.022120
v -0.055312 0.295335 -0.016779
v -0.056691 0.295335 -0.011276
v -0.057523 0.295335 -0.005666
v -0.057801 0.295335 -0.000000
v -0.057523 0.295335 0.005666
v -0.056691 0.295335 0.011276
v -0.055312 0.295335 0.016779
v -0.053401 0.295335 0.022120
v -0.050976 0.295335 0.027247
v -0.048060 0.295335 0.032113
v -0.044681 0.295335 0.036669
v -0.040872 0.295335 0.040872
v -0.036669 0.295335 0.044681
v -0.032113 0.295335 0.048060
v -0.027247 0.295335 0.050976
v -0.022120 0.295335 0.053401
v -0.016779 0.295335 0.055312
v -0.011276 0.295335 0.056691
v -0.005666 0.295335 0.057523
v -0.000000 0.295335 0.057801
v 0.005666 0.295335 0.057523
v 0.011276 0.295335 0.056691
v 0.016779 0.295335 0.055312
v 0.022120 0.295335 0.053401
v 0.027247 0.295335 0.050976
v 0.032113 0.295335 0.048060
v 0.036669 0.295335 0.044681
v 0.040872 0.295335 0.040872
v 0.044681 0.295335 0.036669
v 0.048060 0.295335 0.032113
v 0.050976 0.295335 0.027247
v 0.053401 0.295335 0.022120
v 0.055312 0.295335 0.016779
v 0.056691 0.295335 0.011276
v 0.057523 0.295335 0.005666
v 0.058427 0.296816 0.000000
v 0.058146 0.296816 -0.005727
v 0.057305 0.296816 -0.011399
v 0.055911 0.296816 -0.016961
v 0.053980 0.296816 -0.022359
v 0.051528 0.296816 -0.027542
v 0.048581 0.296816 -0.032460
v 0.045165 0.296816 -0.037066
v 0.041314 0.296816 -0.041314
v 0.037066 0.296816 -0.045165
v 0.032460 0.296816 -0.048581
v 0.027542 0.296816 -0.051528
v 0.022359 0.296816 -0.053980
v 0.016961 0.296816 -0.055911
v 0.011399 0.296816 -0.057305
v 0.005727 0.296816 -0.058146
v 0.000000 0.296816 -0.058427
v -0.005727 0.296816 -0.058146
v -0.011399 0.296816 -0.057305
v -0.016961 0.296816 -0.055911
v -0.022359 0.296816 -0.053980
v -0.027542 0.296816 -0.051528
v -0.032460 0.296816 -0.048581
v -0.037066 0.296816 -0.045165
v -0.041314 0.296816 -0.041314
v -0.045165 0.296816 -0.037066
v -0.048581 0.296816 -0.032460
v -0.051528 0.296816 -0.027542
v -0.053980 0.296816 -0.022359
v -0.055911 0.296816 -0.016961
v -0.057305 0.296816 -0.011399
v -0.058146 0.296816 -0.005727
v -0.058427 0.296816 -0.000000
v -0.058146 0.296816 0.005727
v -0.057305 0.296816 0.011399
v -0.055911 0.296816 0.016961
v -0.053980 0.296816 0.022359
v -0.051528 0.296816 0.027542
v -0.048581 0.296816 0.032460
v -0.045165 0.296816 0.037066
v -0.041314 0.296816 0.041314
v -0.037066 0.296816 0.045165
v -0.032460 0.296816 0.048581
v -0.027542 0.296816 0.051528
v -0.022359 0.296816 0.053980
v -0.016961 0.296816 0.055911
v -0.011399 0.296816 0.057305
v -0.005727 0.296816 0.058146
v -0.000000 0.296816 0.058427
v 0.005727 0.296816 0.058146
v 0.011399 0.296816 0.057305
v 0.016961 0.296816 0.055911
v 0.022359 0.296816 0.053980
v 0.027542 0.296816 0.051528
v 0.032460 0.296816 0.048581
v 0.037066 0.296816 0.045165
v 0.041314 0.296816 0.041314
v 0.045165 0.296816 0.037066
v 0.048581 0.296816 0.032460
v 0.051528 0.296816 0.027542
v 0.053980 0.296816 0.022359
v 0.055911 0.296816 0.016961
v 0.057305 0.296816 0.011399
v 0.058146 0.296816 0.005727
v 0.059767 0.297704 0.000000
v 0.059479 0.297704 -0.005858
v 0.058619 0.297704 -0.011660
v 0.057193 0.297704 -0.017349
v 0.055217 0.297704 -0.022872
v 0.052710 0.297704 -0.028174
v 0.049694 0.297704 -0.033205
v 0.046201 0.297704 -0.037916
v 0.042262 0.297704 -0.042262
v 0.037916 0.297704 -0.046201
v 0.033205 0.297704 -0.049694
v 0.028174 0.297704 -0.052710
v 0.022872 0.297704 -0.055217
v 0.017349 0.297704 -0.057193
v 0.011660 0.297704 -0.058619
v 0.005858 0.297704 -0.059479
v 0.000000 0.297704 -0.059767
v -0.005858 0.297704 -0.059479
v -0.011660 0.297704 -0.058619
v -0.017349 0.297704 -0.057193
v -0.022872 0.297704 -0.055217
v -0.028174 0.297704 -0.052710
v -0.033205 0.297704 -0.049694
v -0.037916 0.297704 -0.046201
v -0.042262 0.297704 -0.042262
v -0.046201 0.297704 -0.037916
v -0.049694 0.297704 -0.033205
v -0.052710 0.297704 -0.028174
v -0.055217 0.297704 -0.022872
v -0.057193 0.297704 -0.017349
v -0.058619 0.297704 -0.011660
v -0.059479 0.297704 -0.005858
v -0.059767 0.297704 -0.000000
v -0.059479 0.297704 0.005858
v -0.058619 0.297704 0.011660
v -0.057193 0.297704 0.017349
v -0.055217 0.297704 0.022872
v -0.052710 0.297704 0.028174
v -0.049694 0.297704 0.033205
v -0.046201 0.297704 0.037916
v -0.042262 0.297704 0.042262
v -0.037916 0.297704 0.046201
v -0.033205 0.297704 0.049694
v -0.028174 0.297704 0.052710
v -0.022872 0.297704 0.055217
v -0.017349 0.297704 0.057193
v -0.011660 0.297704 0.058619
v -0.005858 0.297704 0.059479
v -0.000000 0.297704 0.059767
v 0.005858 0.297704 0.059479
v 0.011660 0.297704 0.058619
v 0.017349 0.297704 0.057193
v 0.022872 0.297704 0.055217
v 0.028174 0.297704 0.052710
v 0.033205 0.297704 0.049694
v 0.037916 0.297704 0.046201
v 0.042262 0.297704 0.042262
v 0.046201 0.297704 0.037916
v 0.049694 0.297704 0.033205
v 0.052710 0.297704 0.028174
v 0.055217 0.297704 0.022872
v 0.057193 0.297704 0.017349
v 0.058619 0.297704 0.011660
v 0.059479 0.297704 0.005858
v 0.061820 0.298000 0.000000
v 0.061523 0.298000 -0.006059
v 0.060632 0.298000 -0.012061
v 0.059158 0.298000 -0.017945
v 0.057115 0.298000 -0.023658
v 0.054521 0.298000 -0.029142
v 0.051402 0.298000 -0.034346
v 0.047788 0.298000 -0.039218
v 0.043714 0.298000 -0.043714
v 0.039218 0.298000 -0.047788
v 0.034346 0.298000 -0.051402
v 0.029142 0.298000 -0.054521
v 0.023658 0.298000 -0.057115
v 0.017945 0.298000 -0.059158
v 0.012061 0.298000 -0.060632
v 0.006059 0.298000 -0.061523
v 0.000000 0.298000 -0.061820
v -0.006059 0.298000 -0.061523
v -0.012061 0.298000 -0.060632
v -0.017945 0.298000 -0.059158
v -0.023658 0.298000 -0.057115
v -0.029142 0.298000 -0.054521
v -0.034346 0.298000 -0.051402
v -0.039218 0.298000 -0.047788
v -0.043714 0.298000 -0.043714
v -0.047788 0.298000 -0.039218
v -0.051402 0.298000 -0.034346
v -0.054521 0.298000 -0.029142
v -0.057115 0.298000 -0.023658
v -0.059158 0.298000 -0.017945
v -0.060632 0.298000 -0.012061
v -0.061523 0.298000 -0.006059
v -0.061820 0.298000 -0.000000
v -0.061523 0.298000 0.006059
v -0.060632 0.298000 0.012061
v -0.059158 0.298000 0.017945
v -0.057115 0.298000 0.023658
v -0.054521 0.298000 0.029142
v -0.051402 0.298000 0.034346
v -0.047788 0.298000 0.039218
v -0.043714 0.298000 0.043714
v -0.039218 0.298000 0.047788
v -0.034346 0.298000 0.051402
v -0.029142 0.298000 0.054521
v -0.023658 0.298000 0.057115
v -0.017945 0.298000 0.059158
v -0.012061 0.298000 0.060632
v -0.006059 0.298000 0.061523
v -0.000000 0.298000 0.061820
v 0.006059 0.298000 0.061523
v 0.012061 0.298000 0.060632
v 0.017945 0.298000 0.059158
v 0.023658 0.298000 0.057115
v 0.029142 0.298000 0.054521
v 0.034346 0.298000 0.051402
v 0.039218 0.298000 0.047788
v 0.043714 0.298000 0.043714
v 0.047788 0.298000 0.039218
v 0.051402 0.298000 0.034346
v 0.054521 0.298000 0.029142
v 0.057115 0.298000 0.023658
v 0.059158 0.298000 0.017945
v 0.060632 0.298000 0.012061
v 0.061523 0.298000 0.006059
v 0.098000 0.298000 0.000000
v 0.097528 0.298000 -0.009606
v 0.096117 0.298000 -0.019119
v 0.093780 0.298000 -0.028448
v 0.090540 0.298000 -0.037503
v 0.086428 0.298000 -0.046197
v 0.081484 0.298000 -0.054446
v 0.075755 0.298000 -0.062171
v 0.069296 0.298000 -0.069296
v 0.062171 0.298000 -0.075755
v 0.054446 0.298000 -0.081484
v 0.046197 0.298000 -0.086428
v 0.037503 0.298000 -0.090540
v 0.028448 0.298000 -0.093780
v 0.019119 0.298000 -0.096117
v 0.009606 0.298000 -0.097528
v 0.000000 0.298000 -0.098000
v -0.009606 0.298000 -0.097528
v -0.019119 0.298000 -0.096117
v -0.028448 0.298000 -0.093780
v -0.037503 0.298000 -0.090540
v -0.046197 0.298000 -0.086428
v -0.054446 0.298000 -0.081484
v -0.062171 0.298000 -0.075755
v -0.069296 0.298000 -0.069296
v -0.075755 0.298000 -0.062171
v -0.081484 0.298000 -0.054446
v -0.086428 0.298000 -0.046197
v -0.090540 0.298000 -0.037503
v -0.093780 0.298000 -0.028448
v -0.096117 0.298000 -0.019119
v -0.097528 0.298000 -0.009606
v -0.098000 0.298000 -0.000000
v -0.097528 0.298000 0.009606
v -0.096117 0.298000 0.019119
v -0.093780 0.298000 0.028448
v -0.090540 0.298000 0.037503
v -0.086428 0.298000 0.046197
v -0.081484 0.298000 0.054446
v -0.075755 0.298000 0.062171
v -0.069296 0.298000 0.069296
v -0.062171 0.298000 0.075755
v -0.054446 0.298000 0.081484
v -0.046197 0.298000 0.086428
v -0.037503 0.298000 0.090540
v -0.028448 0.298000 0.093780
v -0.019119 0.298000 0.096117
v -0.009606 0.298000 0.097528
v -0.000000 0.298000 0.098000
v 0.009606 0.298000 0.097528
v 0.019119 0.298000 0.096117
v 0.028448 0.298000 0.093780
v 0.037503 0.298000 0.090540
v 0.046197 0.298000 0.086428
v 0.054446 0.298000 0.081484
v 0.062171 0.298000 0.075755
v 0.069296 0.298000 0.069296
v 0.075755 0.298000 0.062171
v 0.081484 0.298000 0.054446
v 0.086428 0.298000 0.046197
v 0.090540 0.298000 0.037503
v 0.093780 0.298000 0.028448
v 0.096117 0.298000 0.019119
v 0.097528 0.298000 0.009606
v 0.104661 0.300331 0.000000
v 0.104157 0.300331 -0.010259
v 0.102650 0.300331 -0.020418
v 0.100154 0.300331 -0.030381
v 0.096694 0.300331 -0.040052
v 0.092302 0.300331 -0.049337
v 0.087022 0.300331 -0.058146
v 0.080904 0.300331 -0.066396
v 0.074006 0.300331 -0.074006
v 0.066396 0.300331 -0.080904
v 0.058146 0.300331 -0.087022
v 0.049337 0.300331 -0.092302
v 0.040052 0.300331 -0.096694
v 0.030381 0.300331 -0.100154
v 0.020418 0.300331 -0.102650
v 0.010259 0.300331 -0.104157
v 0.000000 0.300331 -0.104661
v -0.010259 0.300331 -0.104157
v -0.020418 0.300331 -0.102650
v -0.030381 0.300331 -0.100154
v -0.040052 0.300331 -0.096694
v -0.049337 0.300331 -0.092302
v -0.058146 0.300331 -0.087022
v -0.066396 0.300331 -0.080904
v -0.074006 0.300331 -0.074006
v -0.080904 0.300331 -0.066396
v -0.087022 0.300331 -0.058146
v -0.092302 0.300331 -0.049337
v -0.096694 0.300331 -0.040052
v -0.100154 0.300331 -0.030381
v -0.102650 0.300331 -0.020418
v -0.104157 0.300331 -0.010259
v -0.104661 0.300331 -0.000000
v -0.104157 0.300331 0.010259
v -0.102650 0.300331 0.020418
v -0.100154 0.300331 0.030381
v -0.096694 0.300331 0.040052
v -0.092302 0.300331 0.049337
v -0.087022 0.300331 0.058146
v -0.080904 0.300331 0.066396
v -0.074006 0.300331 0.074006
v -0.066396 0.300331 0.080904
v -0.058146 0.300331 0.087022
v -0.049337 0.300331 0.092302
v -0.040052 0.300331 0.096694
v -0.030381 0.300331 0.100154
v -0.020418 0.300331 0.102650
v -0.010259 0.300331 0.104157
v -0.000000 0.300331 0.104661
v 0.010259 0.300331 0.104157
v 0.020418 0.300331 0.102650
v 0.030381 0.300331 0.100154
v 0.040052 0.300331 0.096694
v 0.049337 0.300331 0.092302
v 0.058146 0.300331 0.087022
v 0.066396 0.300331 0.080904
v 0.074006 0.300331 0.074006
v 0.080904 0.300331 0.066396
v 0.087022 0.300331 0.058146
v 0.092302 0.300331 0.049337
v 0.096694 0.300331 0.040052
v 0.100154 0.300331 0.030381
v 0.102650 0.300331 0.020418
v 0.104157 0.300331 0.010259
v 0.106000 0.302219 0.000000
v 0.105490 0.302219 -0.010390
v 0.103963 0.302219 -0.020680
v 0.101436 0.302219 -0.030770
v 0.097931 0.302219 -0.040564
v 0.093484 0.302219 -0.049968
v 0.088136 0.302219 -0.058890
v 0.081939 0.302219 -0.067246
v 0.074953 0.302219 -0.074953
v 0.067246 0.302219 -0.081939
v 0.058890 0.302219 -0.088136
v 0.049968 0.302219 -0.093484
v 0.040564 0.302219 -0.097931
v 0.030770 0.302219 -0.101436
v 0.020680 0.302219 -0.103963
v 0.010390 0.302219 -0.105490
v 0.000000 0.302219 -0.106000
v -0.010390 0.302219 -0.105490
v -0.020680 0.302219 -0.103963
v -0.030770 0.302219 -0.101436
v -0.040564 0.302219 -0.097931
v -0.049968 0.302219 -0.093484
v -0.058890 0.302219 -0.088136
v -0.067246 0.302219 -0.081939
v -0.074953 0.302219 -0.074953
v -0.081939 0.302219 -0.067246
v -0.088136 0.302219 -0.058890
v -0.093484 0.302219 -0.049968
v -0.097931 0.302219 -0.040564
v -0.101436 0.302219 -0.030770
v -0.103963 0.302219 -0.020680
v -0.105490 0.302219 -0.010390
v -0.106000 0.302219 -0.000000
v -0.105490 0.302219 0.010390
v -0.103963 0.302219 0.020680
v -0.101436 0.302219 0.030770
v -0.097931 0.302219 0.040564
v -0.093484 0.302219 0.049968
v -0.088136 0.302219 0.058890
v -0.081939 0.302219 0.067246
v -0.074953 0.302219 0.074953
v -0.067246 0.302219 0.081939
v -0.058890 0.302219 0.088136
v -0.049968 0.302219 0.093484
v -0.040564 0.302219 0.097931
v -0.030770 0.302219 0.101436
v -0.020680 0.302219 0.103963
v -0.010390 0.302219 0.105490
v -0.000000 0.302219 0.106000
v 0.010390 0.302219 0.105490
v 0.020680 0.302219 0.103963
v 0.030770 0.302219 0.101436
v 0.040564 0.302219 0.097931
v 0.049968 0.302219 0.093484
v 0.058890 0.302219 0.088136
v 0.067246 0.302219 0.081939
v 0.074953 0.302219 0.074953
v 0.081939 0.302219 0.067246
v 0.088136 0.302219 0.058890
v 0.093484 0.302219 0.049968
v 0.097931 0.302219 0.040564
v 0.101436 0.302219 0.030770
v 0.103963 0.302219 0.020680
v 0.105490 0.302219 0.010390
v 0.106000 0.325781 0.000000
v 0.105490 0.325781 -0.010390
v 0.103963 0.325781 -0.020680
v 0.101436 0.325781 -0.030770
v 0.097931 0.325781 -0.040564
v 0.093484 0.325781 -0.049968
v 0.088136 0.325781 -0.058890
v 0.081939 0.325781 -0.067246
v 0.074953 0.325781 -0.074953
v 0.067246 0.325781 -0.081939
v 0.058890 0.325781 -0.088136
v 0.049968 0.325781 -0.093484
v 0.040564 0.325781 -0.097931
v 0.030770 0.325781 -0.101436
v 0.020680 0.325781 -0.103963
v 0.010390 0.325781 -0.105490
v 0.000000 0.325781 -0.106000
v -0.010390 0.325781 -0.105490
v -0.020680 0.325781 -0.103963
v -0.030770 0.325781 -0.101436
v -0.040564 0.325781 -0.097931
v -0.049968 0.325781 -0.093484
v -0.058890 0.325781 -0.088136
v -0.067246 0.325781 -0.081939
v -0.074953 0.325781 -0.074953
v -0.081939 0.325781 -0.067246
v -0.088136 0.325781 -0.058890
v -0.093484 0.325781 -0.049968
v -0.097931 0.325781 -0.040564
v -0.101436 0.325781 -0.030770
v -0.103963 0.325781 -0.020680
v -0.105490 0.325781 -0.010390
v -0.106000 0.325781 -0.000000
v -0.105490 0.325781 0.010390
v -0.103963 0.325781 0.020680
v -0.101436 0.325781 0.030770
v -0.097931 0.325781 0.040564
v -0.093484 0.325781 0.049968
v -0.088136 0.325781 0.058890
v -0.081939 0.325781 0.067246
v -0.074953 0.325781 0.074953
v -0.067246 0.325781 0.081939
v -0.058890 0.325781 0.088136
v -0.049968 0.325781 0.093484
v -0.040564 0.325781 0.097931
v -0.030770 0.325781 0.101436
v -0.020680 0.325781 0.103963
v -0.010390 0.325781 0.105490
v -0.000000 0.325781 0.106000
v 0.010390 0.325781 0.105490
v 0.020680 0.325781 0.103963
v 0.030770 0.325781 0.101436
v 0.040564 0.325781 0.097931
v 0.049968 0.325781 0.093484
v 0.058890 0.325781 0.088136
v 0.067246 0.325781 0.081939
v 0.074953 0.325781 0.074953
v 0.081939 0.325781 0.067246
v 0.088136 0.325781 0.058890
v 0.093484 0.325781 0.049968
v 0.097931 0.325781 0.040564
v 0.101436 0.325781 0.030770
v 0.103963 0.325781 0.020680
v 0.105490 0.325781 0.010390
v 0.104661 0.327669 0.000000
v 0.104157 0.327669 -0.010259
v 0.102650 0.327669 -0.020418
v 0.100154 0.327669 -0.030381
v 0.096694 0.327669 -0.040052
v 0.092303 0.327669 -0.049337
v 0.087022 0.327669 -0.058146
v 0.080904 0.327669 -0.066396
v 0.074006 0.327669 -0.074006
v 0.066396 0.327669 -0.080904
v 0.058146 0.327669 -0.087022
v 0.049337 0.327669 -0.092303
v 0.040052 0.327669 -0.096694
v 0.030381 0.327669 -0.100154
v 0.020418 0.327669 -0.102650
v 0.010259 0.327669 -0.104157
v 0.000000 0.327669 -0.104661
v -0.010259 0.327669 -0.104157
v -0.020418 0.327669 -0.102650
v -0.030381 0.327669 -0.100154
v -0.040052 0.327669 -0.096694
v -0.049337 0.327669 -0.092303
v -0.058146 0.327669 -0.087022
v -0.066396 0.327669 -0.080904
v -0.074006 0.327669 -0.074006
v -0.080904 0.327669 -0.066396
v -0.087022 0.327669 -0.058146
v -0.092303 0.327669 -0.049337
v -0.096694 0.327669 -0.040052
v -0.100154 0.327669 -0.030381
v -0.102650 0.327669 -0.020418
v -0.104157 0.327669 -0.010259
v -0.104661 0.327669 -0.000000
v -0.104157 0.327669 0.010259
v -0.102650 0.327669 0.020418
v -0.100154 0.327669 0.030381
v -0.096694 0.327669 0.040052
v -0.092303 0.327669 0.049337
v -0.087022 0.327669 0.058146
v -0.080904 0.327669 0.066396
v -0.074006 0.327669 0.074006
v -0.066396 0.327669 0.080904
v -0.058146 0.327669 0.087022
v -0.049337 0.327669 0.092303
v -0.040052 0.327669 0.096694
v -0.030381 0.327669 0.100154
v -0.020418 0.327669 0.102650
v -0.010259 0.327669 0.104157
v -0.000000 0.327669 0.104661
v 0.010259 0.327669 0.104157
v 0.020418 0.327669 0.102650
v 0.030381 0.327669 0.100154
v 0.040052 0.327669 0.096694
v 0.049337 0.327669 0.092303
v 0.058146 0.327669 0.087022
v 0.066396 0.327669 0.080904
v 0.074006 0.327669 0.074006
v 0.080904 0.327669 0.066396
v 0.087022 0.327669 0.058146
v 0.092303 0.327669 0.049337
v 0.096694 0.327669 0.040052
v 0.100154 0.327669 0.030381
v 0.102650 0.327669 0.020418
v 0.104157 0.327669 0.010259
v 0.098000 0.330000 0.000000
v 0.097528 0.330000 -0.009606
v 0.096117 0.330000 -0.019119
v 0.093780 0.330000 -0.028448
v 0.090540 0.330000 -0.037503
v 0.086428 0.330000 -0.046197
v 0.081484 0.330000 -0.054446
v 0.075755 0.330000 -0.062171
v 0.069296 0.330000 -0.069296
v 0.062171 0.330000 -0.075755
v 0.054446 0.330000 -0.081484
v 0.046197 0.330000 -0.086428
v 0.037503 0.330000 -0.090540
v 0.028448 0.330000 -0.093780
v 0.019119 0.330000 -0.096117
v 0.009606 0.330000 -0.097528
v 0.000000 0.330000 -0.098000
v -0.009606 0.330000 -0.097528
v -0.019119 0.330000 -0.096117
v -0.028448 0.330000 -0.093780
v -0.037503 0.330000 -0.090540
v -0.046197 0.330000 -0.086428
v -0.054446 0.330000 -0.081484
v -0.062171 0.330000 -0.075755
v -0.069296 0.330000 -0.069296
v -0.075755 0.330000 -0.062171
v -0.081484 0.330000 -0.054446
v -0.086428 0.330000 -0.046197
v -0.090540 0.330000 -0.037503
v -0.093780 0.330000 -0.028448
v -0.096117 0.330000 -0.019119
v -0.097528 0.330000 -0.009606
v -0.098000 0.330000 -0.000000
v -0.097528 0.330000 0.009606
v -0.096117 0.330000 0.019119
v -0.093780 0.330000 0.028448
v -0.090540 0.330000 0.037503
v -0.086428 0.330000 0.046197
v -0.081484 0.330000 0.054446
v -0.075755 0.330000 0.062171
v -0.069296 0.330000 0.069296
v -0.062171 0.330000 0.075755
v -0.054446 0.330000 0.081484
v -0.046197 0.330000 0.086428
v -0.037503 0.330000 0.090540
v -0.028448 0.330000 0.093780
v -0.019119 0.330000 0.096117
v -0.009606 0.330000 0.097528
v -0.000000 0.330000 0.098000
v 0.009606 0.330000 0.097528
v 0.019119 0.330000 0.096117
v 0.028448 0.330000 0.093780
v 0.037503 0.330000 0.090540
v 0.046197 0.330000 0.086428
v 0.054446 0.330000 0.081484
v 0.062171 0.330000 0.075755
v 0.069296 0.330000 0.069296
v 0.075755 0.330000 0.062171
v 0.081484 0.330000 0.054446
v 0.086428 0.330000 0.046197
v 0.090540 0.330000 0.037503
v 0.093780 0.330000 0.028448
v 0.096117 0.330000 0.019119
v 0.097528 0.330000 0.009606
v 0.057062 0.334913 0.000000
v 0.056788 0.334913 -0.005593
v 0.055966 0.334913 -0.011132
v 0.054605 0.334913 -0.016564
v 0.052719 0.334913 -0.021837
v 0.050325 0.334913 -0.026899
v 0.047446 0.334913 -0.031702
v 0.044110 0.334913 -0.036200
v 0.040349 0.334913 -0.040349
v 0.036200 0.334913 -0.044110
v 0.031702 0.334913 -0.047446
v 0.026899 0.334913 -0.050325
v 0.021837 0.334913 -0.052719
v 0.016564 0.334913 -0.054605
v 0.011132 0.334913 -0.055966
v 0.005593 0.334913 -0.056788
v 0.000000 0.334913 -0.057062
v -0.005593 0.334913 -0.056788
v -0.011132 0.334913 -0.055966
v -0.016564 0.334913 -0.054605
v -0.021837 0.334913 -0.052719
v -0.026899 0.334913 -0.050325
v -0.031702 0.334913 -0.047446
v -0.036200 0.334913 -0.044110
v -0.040349 0.334913 -0.040349
v -0.044110 0.334913 -0.036200
v -0.047446 0.334913 -0.031702
v -0.050325 0.334913 -0.026899
v -0.052719 0.334913 -0.021837
v -0.054605 0.334913 -0.016564
v -0.055966 0.334913 -0.011132
v -0.056788 0.334913 -0.005593
v -0.057062 0.334913 -0.000000
v -0.056788 0.334913 0.005593
v -0.055966 0.334913 0.011132
v -0.054605 0.334913 0.016564
v -0.052719 0.334913 0.021837
v -0.050325 0.334913 0.026899
v -0.047446 0.334913 0.031702
v -0.044110 0.334913 0.036200
v -0.040349 0.334913 0.040349
v -0.036200 0.334913 0.044110
v -0.031702 0.334913 0.047446
v -0.026899 0.334913 0.050325
v -0.021837 0.334913 0.052719
v -0.016564 0.334913 0.054605
v -0.011132 0.334913 0.055966
v -0.005593 0.334913 0.056788
v -0.000000 0.334913 0.057062
v 0.005593 0.334913 0.056788
v 0.011132 0.334913 0.055966
v 0.016564 0.334913 0.054605
v 0.021837 0.334913 0.052719
v 0.026899 0.334913 0.050325
v 0.031702 0.334913 0.047446
v 0.036200 0.334913 0.044110
v 0.040349 0.334913 0.040349
v 0.044110 0.334913 0.036200
v 0.047446 0.334913 0.031702
v 0.050325 0.334913 0.026899
v 0.052719 0.334913 0.021837
v 0.054605 0.334913 0.016564
v 0.055966 0.334913 0.011132
v 0.056788 0.334913 0.005593
v 0.055314 0.335456 0.000000
v 0.055048 0.335456 -0.005422
v 0.054251 0.335456 -0.010791
v 0.052932 0.335456 -0.016057
v 0.051103 0.335456 -0.021168
v 0.048783 0.335456 -0.026075
v 0.045992 0.335456 -0.030731
v 0.042758 0.335456 -0.035091
v 0.039113 0.335456 -0.039113
v 0.035091 0.335456 -0.042758
v 0.030731 0.335456 -0.045992
v 0.026075 0.335456 -0.048783
v 0.021168 0.335456 -0.051103
v 0.016057 0.335456 -0.052932
v 0.010791 0.335456 -0.054251
v 0.005422 0.335456 -0.055048
v 0.000000 0.335456 -0.055314
v -0.005422 0.335456 -0.055048
v -0.010791 0.335456 -0.054251
v -0.016057 0.335456 -0.052932
v -0.021168 0.335456 -0.051103
v -0.026075 0.335456 -0.048783
v -0.030731 0.335456 -0.045992
v -0.035091 0.335456 -0.042758
v -0.039113 0.335456 -0.039113
v -0.042758 0.335456 -0.035091
v -0.045992 0.335456 -0.030731
v -0.048783 0.335456 -0.026075
v -0.051103 0.335456 -0.021168
v -0.052932 0.335456 -0.016057
v -0.054251 0.335456 -0.010791
v -0.055048 0.335456 -0.005422
v -0.055314 0.335456 -0.000000
v -0.055048 0.335456 0.005422
v -0.054251 0.335456 0.010791
v -0.052932 0.335456 0.016057
v -0.051103 0.335456 0.021168
v -0.048783 0.335456 0.026075
v -0.045992 0.335456 0.030731
v -0.042758 0.335456 0.035091
v -0.039113 0.335456 0.039113
v -0.035091 0.335456 0.042758
v -0.030731 0.335456 0.045992
v -0.026075 0.335456 0.048783
v -0.021168 0.335456 0.051103
v -0.016057 0.335456 0.052932
v -0.010791 0.335456 0.054251
v -0.005422 0.335456 0.055048
v -0.000000 0.335456 0.055314
v 0.005422 0.335456 0.055048
v 0.010791 0.335456 0.054251
v 0.016057 0.335456 0.052932
v 0.021168 0.335456 0.051103
v 0.026075 0.335456 0.048783
v 0.030731 0.335456 0.045992
v 0.035091 0.335456 0.042758
v 0.039113 0.335456 0.039113
v 0.042758 0.335456 0.035091
v 0.045992 0.335456 0.030731
v 0.048783 0.335456 0.026075
v 0.051103 0.335456 0.021168
v 0.052932 0.335456 0.016057
v 0.054251 0.335456 0.010791
v 0.055048 0.335456 0.005422
v 0.054152 0.336597 0.000000
v 0.053891 0.336597 -0.005308
v 0.053112 0.336597 -0.010565
v 0.051820 0.336597 -0.015720
v 0.050030 0.336597 -0.020723
v 0.047758 0.336597 -0.025527
v 0.045026 0.336597 -0.030085
v 0.041860 0.336597 -0.034354
v 0.038291 0.336597 -0.038291
v 0.034354 0.336597 -0.041860
v 0.030085 0.336597 -0.045026
v 0.025527 0.336597 -0.047758
v 0.020723 0.336597 -0.050030
v 0.015720 0.336597 -0.051820
v 0.010565 0.336597 -0.053112
v 0.005308 0.336597 -0.053891
v 0.000000 0.336597 -0.054152
v -0.005308 0.336597 -0.053891
v -0.010565 0.336597 -0.053112
v -0.015720 0.336597 -0.051820
v -0.020723 0.336597 -0.050030
v -0.025527 0.336597 -0.047758
v -0.030085 0.336597 -0.045026
v -0.034354 0.336597 -0.041860
v -0.038291 0.336597 -0.038291
v -0.041860 0.336597 -0.034354
v -0.045026 0.336597 -0.030085
v -0.047758 0.336597 -0.025527
v -0.050030 0.336597 -0.020723
v -0.051820 0.336597 -0.015720
v -0.053112 0.336597 -0.010565
v -0.053891 0.336597 -0.005308
v -0.054152 0.336597 -0.000000
v -0.053891 0.336597 0.005308
v -0.053112 0.336597 0.010565
v -0.051820 0.336597 0.015720
v -0.050030 0.336597 0.020723
v -0.047758 0.336597 0.025527
v -0.045026 0.336597 0.030085
v -0.041860 0.336597 0.034354
v -0.038291 0.336597 0.038291
v -0.034354 0.336597 0.041860
v -0.030085 0.336597 0.045026
v -0.025527 0.336597 0.047758
v -0.020723 0.336597 0.050030
v -0.015720 0.336597 0.051820
v -0.010565 0.336597 0.053112
v -0.005308 0.336597 0.053891
v -0.000000 0.336597 0.054152
v 0.005308 0.336597 0.053891
v 0.010565 0.336597 0.053112
v 0.015720 0.336597 0.051820
v 0.020723 0.336597 0.050030
v 0.025527 0.336597 0.047758
v 0.030085 0.336597 0.045026
v 0.034354 0.336597 0.041860
v 0.038291 0.336597 0.038291
v 0.041860 0.336597 0.034354
v 0.045026 0.336597 0.030085
v 0.047758 0.336597 0.025527
v 0.050030 0.336597 0.020723
v 0.051820 0.336597 0.015720
v 0.053112 0.336597 0.010565
v 0.053891 0.336597 0.005308
v 0.053577 0.338335 0.000000
v 0.053319 0.338335 -0.005251
v 0.052547 0.338335 -0.010452
v 0.051270 0.338335 -0.015553
v 0.049498 0.338335 -0.020503
v 0.047250 0.338335 -0.025256
v 0.044547 0.338335 -0.029766
v 0.041415 0.338335 -0.033989
v 0.037884 0.338335 -0.037884
v 0.033989 0.338335 -0.041415
v 0.029766 0.338335 -0.044547
v 0.025256 0.338335 -0.047250
v 0.020503 0.338335 -0.049498
v 0.015553 0.338335 -0.051270
v 0.010452 0.338335 -0.052547
v 0.005251 0.338335 -0.053319
v 0.000000 0.338335 -0.053577
v -0.005251 0.338335 -0.053319
v -0.010452 0.338335 -0.052547
v -0.015553 0.338335 -0.051270
v -0.020503 0.338335 -0.049498
v -0.025256 0.338335 -0.047250
v -0.029766 0.338335 -0.044547
v -0.033989 0.338335 -0.041415
v -0.037884 0.338335 -0.037884
v -0.041415 0.338335 -0.033989
v -0.044547 0.338335 -0.029766
v -0.047250 0.338335 -0.025256
v -0.049498 0.338335 -0.020503
v -0.051270 0.338335 -0.015553
v -0.052547 0.338335 -0.010452
v -0.053319 0.338335 -0.005251
v -0.053577 0.338335 -0.000000
v -0.053319 0.338335 0.005251
v -0.052547 0.338335 0.010452
v -0.051270 0.338335 0.015553
v -0.049498 0.338335 0.020503
v -0.047250 0.338335 0.025256
v -0.044547 0.338335 0.029766
v -0.041415 0.338335 0.033989
v -0.037884 0.338335 0.037884
v -0.033989 0.338335 0.041415
v -0.029766 0.338335 0.044547
v -0.025256 0.338335 0.047250
v -0.020503 0.338335 0.049498
v -0.015553 0.338335 0.051270
v -0.010452 0.338335 0.052547
v -0.005251 0.338335 0.053319
v -0.000000 0.338335 0.053577
v 0.005251 0.338335 0.053319
v 0.010452 0.338335 0.052547
v 0.015553 0.338335 0.051270
v 0.020503 0.338335 0.049498
v 0.025256 0.338335 0.047250
v 0.029766 0.338335 0.044547
v 0.033989 0.338335 0.041415
v 0.037884 0.338335 0.037884
v 0.041415 0.338335 0.033989
v 0.044547 0.338335 0.029766
v 0.047250 0.338335 0.025256
v 0.049498 0.338335 0.020503
v 0.051270 0.338335 0.015553
v 0.052547 0.338335 0.010452
v 0.053319 0.338335 0.005251
v 0.052109 0.348928 0.000000
v 0.051858 0.348928 -0.005108
v 0.051108 0.348928 -0.010166
v 0.049866 0.348928 -0.015127
v 0.048143 0.348928 -0.019941
v 0.045956 0.348928 -0.024564
v 0.043327 0.348928 -0.028950
v 0.040281 0.348928 -0.033058
v 0.036847 0.348928 -0.036847
v 0.033058 0.348928 -0.040281
v 0.028950 0.348928 -0.043327
v 0.024564 0.348928 -0.045956
v 0.019941 0.348928 -0.048143
v 0.015127 0.348928 -0.049866
v 0.010166 0.348928 -0.051108
v 0.005108 0.348928 -0.051858
v 0.000000 0.348928 -0.052109
v -0.005108 0.348928 -0.051858
v -0.010166 0.348928 -0.051108
v -0.015127 0.348928 -0.049866
v -0.019941 0.348928 -0.048143
v -0.024564 0.348928 -0.045956
v -0.028950 0.348928 -0.043327
v -0.033058 0.348928 -0.040281
v -0.036847 0.348928 -0.036847
v -0.040281 0.348928 -0.033058
v -0.043327 0.348928 -0.028950
v -0.045956 0.348928 -0.024564
v -0.048143 0.348928 -0.019941
v -0.049866 0.348928 -0.015127
v -0.051108 0.348928 -0.010166
v -0.051858 0.348928 -0.005108
v -0.052109 0.348928 -0.000000
v -0.051858 0.348928 0.005108
v -0.051108 0.348928 0.010166
v -0.049866 0.348928 0.015127
v -0.048143 0.348928 0.019941
v -0.045956 0.348928 0.024564
v -0.043327 0.348928 0.028950
v -0.040281 0.348928 0.033058
v -0.036847 0.348928 0.036847
v -0.033058 0.348928 0.040281
v -0.028950 0.348928 0.043327
v -0.024564 0.348928 0.045956
v -0.019941 0.348928 0.048143
v -0.015127 0.348928 0.049866
v -0.010166 0.348928 0.051108
v -0.005108 0.348928 0.051858
v -0.000000 0.348928 0.052109
v 0.005108 0.348928 0.051858
v 0.010166 0.348928 0.051108
v 0.015127 0.348928 0.049866
v 0.019941 0.348928 0.048143
v 0.024564 0.348928 0.045956
v 0.028950 0.348928 0.043327
v 0.033058 0.348928 0.040281
v 0.036847 0.348928 0.036847
v 0.040281 0.348928 0.033058
v 0.043327 0.348928 0.028950
v 0.045956 0.348928 0.024564
v 0.048143 0.348928 0.019941
v 0.049866 0.348928 0.015127
v 0.051108 0.348928 0.010166
v 0.051858 0.348928 0.005108
v 0.050875 0.366762 0.000000
v 0.050630 0.366762 -0.004987
v 0.049897 0.366762 -0.009925
v 0.048684 0.366762 -0.014768
v 0.047002 0.366762 -0.019469
v 0.044868 0.366762 -0.023982
v 0.042301 0.366762 -0.028265
v 0.039327 0.366762 -0.032275
v 0.035974 0.366762 -0.035974
v 0.032275 0.366762 -0.039327
v 0.028265 0.366762 -0.042301
v 0.023982 0.366762 -0.044868
v 0.019469 0.366762 -0.047002
v 0.014768 0.366762 -0.048684
v 0.009925 0.366762 -0.049897
v 0.004987 0.366762 -0.050630
v 0.000000 0.366762 -0.050875
v -0.004987 0.366762 -0.050630
v -0.009925 0.366762 -0.049897
v -0.014768 0.366762 -0.048684
v -0.019469 0.366762 -0.047002
v -0.023982 0.366762 -0.044868
v -0.028265 0.366762 -0.042301
v -0.032275 0.366762 -0.039327
v -0.035974 0.366762 -0.035974
v -0.039327 0.366762 -0.032275
v -0.042301 0.366762 -0.028265
v -0.044868 0.366762 -0.023982
v -0.047002 0.366762 -0.019469
v -0.048684 0.366762 -0.014768
v -0.049897 0.366762 -0.009925
v -0.050630 0.366762 -0.004987
v -0.050875 0.366762 -0.000000
v -0.050630 0.366762 0.004987
v -0.049897 0.366762 0.009925
v -0.048684 0.366762 0.014768
v -0.047002 0.366762 0.019469
v -0.044868 0.366762 0.023982
v -0.042301 0.366762 0.028265
v -0.039327 0.366762 0.032275
v -0.035974 0.366762 0.035974
v -0.032275 0.366762 0.039327
v -0.028265 0.366762 0.042301
v -0.023982 0.366762 0.044868
v -0.019469 0.366762 0.047002
v -0.014768 0.366762 0.048684
v -0.009925 0.366762 0.049897
v -0.004987 0.366762 0.050630
v -0.000000 0.366762 0.050875
v 0.004987 0.366762 0.050630
v 0.009925 0.366762 0.049897
v 0.014768 0.366762 0.048684
v 0.019469 0.366762 0.047002
v 0.023982 0.366762 0.044868
v 0.028265 0.366762 0.042301
v 0.032275 0.366762 0.039327
v 0.035974 0.366762 0.035974
v 0.039327 0.366762 0.032275
v 0.042301 0.366762 0.028265
v 0.044868 0.366762 0.023982
v 0.047002 0.366762 0.019469
v 0.048684 0.366762 0.014768
v 0.049897 0.366762 0.009925
v 0.050630 0.366762 0.004987
v 0.050203 0.387238 0.000000
v 0.049961 0.387238 -0.004921
v 0.049238 0.387238 -0.009794
v 0.048041 0.387238 -0.014573
v 0.046382 0.387238 -0.019212
v 0.044275 0.387238 -0.023666
v 0.041742 0.387238 -0.027891
v 0.038808 0.387238 -0.031849
v 0.035499 0.387238 -0.035499
v 0.031849 0.387238 -0.038808
v 0.027891 0.387238 -0.041742
v 0.023666 0.387238 -0.044275
v 0.019212 0.387238 -0.046382
v 0.014573 0.387238 -0.048041
v 0.009794 0.387238 -0.049238
v 0.004921 0.387238 -0.049961
v 0.000000 0.387238 -0.050203
v -0.004921 0.387238 -0.049961
v -0.009794 0.387238 -0.049238
v -0.014573 0.387238 -0.048041
v -0.019212 0.387238 -0.046382
v -0.023666 0.387238 -0.044275
v -0.027891 0.387238 -0.041742
v -0.031849 0.387238 -0.038808
v -0.035499 0.387238 -0.035499
v -0.038808 0.387238 -0.031849
v -0.041742 0.387238 -0.027891
v -0.044275 0.387238 -0.023666
v -0.046382 0.387238 -0.019212
v -0.048041 0.387238 -0.014573
v -0.049238 0.387238 -0.009794
v -0.049961 0.387238 -0.004921
v -0.050203 0.387238 -0.000000
v -0.049961 0.387238 0.004921
v -0.049238 0.387238 0.009794
v -0.048041 0.387238 0.014573
v -0.046382 0.387238 0.019212
v -0.044275 0.387238 0.023666
v -0.041742 0.387238 0.027891
v -0.038808 0.387238 0.031849
v -0.035499 0.387238 0.035499
v -0.031849 0.387238 0.038808
v -0.027891 0.387238 0.041742
v -0.023666 0.387238 0.044275
v -0.019212 0.387238 0.046382
v -0.014573 0.387238 0.048041
v -0.009794 0.387238 0.049238
v -0.004921 0.387238 0.049961
v -0.000000 0.387238 0.050203
v 0.004921 0.387238 0.049961
v 0.009794 0.387238 0.049238
v 0.014573 0.387238 0.048041
v 0.019212 0.387238 0.046382
v 0.023666 0.387238 0.044275
v 0.027891 0.387238 0.041742
v 0.031849 0.387238 0.038808
v 0.035499 0.387238 0.035499
v 0.038808 0.387238 0.031849
v 0.041742 0.387238 0.027891
v 0.044275 0.387238 0.023666
v 0.046382 0.387238 0.019212
v 0.048041 0.387238 0.014573
v 0.049238 0.387238 0.009794
v 0.049961 0.387238 0.004921
v 0.050066 0.401805 0.000000
v 0.049825 0.401805 -0.004907
v 0.049104 0.401805 -0.009767
v 0.047910 0.401805 -0.014533
v 0.046255 0.401805 -0.019159
v 0.044154 0.401805 -0.023601
v 0.041628 0.401805 -0.027815
v 0.038702 0.401805 -0.031762
v 0.035402 0.401805 -0.035402
v 0.031762 0.401805 -0.038702
v 0.027815 0.401805 -0.041628
v 0.023601 0.401805 -0.044154
v 0.019159 0.401805 -0.046255
v 0.014533 0.401805 -0.047910
v 0.009767 0.401805 -0.049104
v 0.004907 0.401805 -0.049825
v 0.000000 0.401805 -0.050066
v -0.004907 0.401805 -0.049825
v -0.009767 0.401805 -0.049104
v -0.014533 0.401805 -0.047910
v -0.019159 0.401805 -0.046255
v -0.023601 0.401805 -0.044154
v -0.027815 0.401805 -0.041628
v -0.031762 0.401805 -0.038702
v -0.035402 0.401805 -0.035402
v -0.038702 0.401805 -0.031762
v -0.041628 0.401805 -0.027815
v -0.044154 0.401805 -0.023601
v -0.046255 0.401805 -0.019159
v -0.047910 0.401805 -0.014533
v -0.049104 0.401805 -0.009767
v -0.049825 0.401805 -0.004907
v -0.050066 0.401805 -0.000000
v -0.049825 0.401805 0.004907
v -0.049104 0.401805 0.009767
v -0.047910 0.401805 0.014533
v -0.046255 0.401805 0.019159
v -0.044154 0.401805 0.023601
v -0.041628 0.401805 0.027815
v -0.038702 0.401805 0.031762
v -0.035402 0.401805 0.035402
v -0.031762 0.401805 0.038702
v -0.027815 0.401805 0.041628
v -0.023601 0.401805 0.044154
v -0.019159 0.401805 0.046255
v -0.014533 0.401805 0.047910
v -0.009767 0.401805 0.049104
v -0.004907 0.401805 0.049825
v -0.000000 0.401805 0.050066
v 0.004907 0.401805 0.049825
v 0.009767 0.401805 0.049104
v 0.014533 0.401805 0.047910
v 0.019159 0.401805 0.046255
v 0.023601 0.401805 0.044154
v 0.027815 0.401805 0.041628
v 0.031762 0.401805 0.038702
v 0.035402 0.401805 0.035402
v 0.038702 0.401805 0.031762
v 0.041628 0.401805 0.027815
v 0.044154 0.401805 0.023601
v 0.046255 0.401805 0.019159
v 0.047910 0.401805 0.014533
v 0.049104 0.401805 0.009767
v 0.049825 0.401805 0.004907
v 0.050704 0.406088 0.000000
v 0.050460 0.406088 -0.004970
v 0.049730 0.406088 -0.009892
v 0.048521 0.406088 -0.014719
v 0.046844 0.406088 -0.019404
v 0.044717 0.406088 -0.023902
v 0.042159 0.406088 -0.028170
v 0.039195 0.406088 -0.032166
v 0.035853 0.406088 -0.035853
v 0.032166 0.406088 -0.039195
v 0.028170 0.406088 -0.042159
v 0.023902 0.406088 -0.044717
v 0.019404 0.406088 -0.046844
v 0.014719 0.406088 -0.048521
v 0.009892 0.406088 -0.049730
v 0.004970 0.406088 -0.050460
v 0.000000 0.406088 -0.050704
v -0.004970 0.406088 -0.050460
v -0.009892 0.406088 -0.049730
v -0.014719 0.406088 -0.048521
v -0.019404 0.406088 -0.046844
v -0.023902 0.406088 -0.044717
v -0.028170 0.406088 -0.042159
v -0.032166 0.406088 -0.039195
v -0.035853 0.406088 -0.035853
v -0.039195 0.406088 -0.032166
v -0.042159 0.406088 -0.028170
v -0.044717 0.406088 -0.023902
v -0.046844 0.406088 -0.019404
v -0.048521 0.406088 -0.014719
v -0.049730 0.406088 -0.009892
v -0.050460 0.406088 -0.004970
v -0.050704 0.406088 -0.000000
v -0.050460 0.406088 0.004970
v -0.049730 0.406088 0.009892
v -0.048521 0.406088 0.014719
v -0.046844 0.406088 0.019404
v -0.044717 0.406088 0.023902
v -0.042159 0.406088 0.028170
v -0.039195 0.406088 0.032166
v -0.035853 0.406088 0.035853
v -0.032166 0.406088 0.039195
v -0.028170 0.406088 0.042159
v -0.023902 0.406088 0.044717
v -0.019404 0.406088 0.046844
v -0.014719 0.406088 0.048521
v -0.009892 0.406088 0.049730
v -0.004970 0.406088 0.050460
v -0.000000 0.406088 0.050704
v 0.004970 0.406088 0.050460
v 0.009892 0.406088 0.049730
v 0.014719 0.406088 0.048521
v 0.019404 0.406088 0.046844
v 0.023902 0.406088 0.044717
v 0.028170 0.406088 0.042159
v 0.032166 0.406088 0.039195
v 0.035853 0.406088 0.035853
v 0.039195 0.406088 0.032166
v 0.042159 0.406088 0.028170
v 0.044717 0.406088 0.023902
v 0.046844 0.406088 0.019404
v 0.048521 0.406088 0.014719
v 0.049730 0.406088 0.009892
v 0.050460 0.406088 0.004970
v 0.052706 0.409591 0.000000
v 0.052452 0.409591 -0.005166
v 0.051693 0.409591 -0.010282
v 0.050436 0.409591 -0.015300
v 0.048694 0.409591 -0.020170
v 0.046483 0.409591 -0.024845
v 0.043823 0.409591 -0.029282
v 0.040742 0.409591 -0.033436
v 0.037269 0.409591 -0.037269
v 0.033436 0.409591 -0.040742
v 0.029282 0.409591 -0.043823
v 0.024845 0.409591 -0.046483
v 0.020170 0.409591 -0.048694
v 0.015300 0.409591 -0.050436
v 0.010282 0.409591 -0.051693
v 0.005166 0.409591 -0.052452
v 0.000000 0.409591 -0.052706
v -0.005166 0.409591 -0.052452
v -0.010282 0.409591 -0.051693
v -0.015300 0.409591 -0.050436
v -0.020170 0.409591 -0.048694
v -0.024845 0.409591 -0.046483
v -0.029282 0.409591 -0.043823
v -0.033436 0.409591 -0.040742
v -0.037269 0.409591 -0.037269
v -0.040742 0.409591 -0.033436
v -0.043823 0.409591 -0.029282
v -0.046483 0.409591 -0.024845
v -0.048694 0.409591 -0.020170
v -0.050436 0.409591 -0.015300
v -0.051693 0.409591 -0.010282
v -0.052452 0.409591 -0.005166
v -0.052706 0.409591 -0.000000
v -0.052452 0.409591 0.005166
v -0.051693 0.409591 0.010282
v -0.050436 0.409591 0.015300
v -0.048694 0.409591 0.020170
v -0.046483 0.409591 0.024845
v -0.043823 0.409591 0.029282
v -0.040742 0.409591 0.033436
v -0.037269 0.409591 0.037269
v -0.033436 0.409591 0.040742
v -0.029282 0.409591 0.043823
v -0.024845 0.409591 0.046483
v -0.020170 0.409591 0.048694
v -0.015300 0.409591 0.050436
v -0.010282 0.409591 0.051693
v -0.005166 0.409591 0.052452
v -0.000000 0.409591 0.052706
v 0.005166 0.409591 0.052452
v 0.010282 0.409591 0.051693
v 0.015300 0.409591 0.050436
v 0.020170 0.409591 0.048694
v 0.024845 0.409591 0.046483
v 0.029282 0.409591 0.043823
v 0.033436 0.409591 0.040742
v 0.037269 0.409591 0.037269
v 0.040742 0.409591 0.033436
v 0.043823 0.409591 0.029282
v 0.046483 0.409591 0.024845
v 0.048694 0.409591 0.020170
v 0.050436 0.409591 0.015300
v 0.051693 0.409591 0.010282
v 0.052452 0.409591 0.005166
v 0.056072 0.412314 0.000000
v 0.055802 0.412314 -0.005496
v 0.054995 0.412314 -0.010939
v 0.053657 0.412314 -0.016277
v 0.051804 0.412314 -0.021458
v 0.049451 0.412314 -0.026432
v 0.046622 0.412314 -0.031152
v 0.043344 0.412314 -0.035572
v 0.039649 0.412314 -0.039649
v 0.035572 0.412314 -0.043344
v 0.031152 0.412314 -0.046622
v 0.026432 0.412314 -0.049451
v 0.021458 0.412314 -0.051804
v 0.016277 0.412314 -0.053657
v 0.010939 0.412314 -0.054995
v 0.005496 0.412314 -0.055802
v 0.000000 0.412314 -0.056072
v -0.005496 0.412314 -0.055802
v -0.010939 0.412314 -0.054995
v -0.016277 0.412314 -0.053657
v -0.021458 0.412314 -0.051804
v -0.026432 0.412314 -0.049451
v -0.031152 0.412314 -0.046622
v -0.035572 0.412314 -0.043344
v -0.039649 0.412314 -0.039649
v -0.043344 0.412314 -0.035572
v -0.046622 0.412314 -0.031152
v -0.049451 0.412314 -0.026432
v -0.051804 0.412314 -0.021458
v -0.053657 0.412314 -0.016277
v -0.054995 0.412314 -0.010939
v -0.055802 0.412314 -0.005496
v -0.056072 0.412314 -0.000000
v -0.055802 0.412314 0.005496
v -0.054995 0.412314 0.010939
v -0.053657 0.412314 0.016277
v -0.051804 0.412314 0.021458
v -0.049451 0.412314 0.026432
v -0.046622 0.412314 0.031152
v -0.043344 0.412314 0.035572
v -0.039649 0.412314 0.039649
v -0.035572 0.412314 0.043344
v -0.031152 0.412314 0.046622
v -0.026432 0.412314 0.049451
v -0.021458 0.412314 0.051804
v -0.016277 0.412314 0.053657
v -0.010939 0.412314 0.054995
v -0.005496 0.412314 0.055802
v -0.000000 0.412314 0.056072
v 0.005496 0.412314 0.055802
v 0.010939 0.412314 0.054995
v 0.016277 0.412314 0.053657
v 0.021458 0.412314 0.051804
v 0.026432 0.412314 0.049451
v 0.031152 0.412314 0.046622
v 0.035572 0.412314 0.043344
v 0.039649 0.412314 0.039649
v 0.043344 0.412314 0.035572
v 0.046622 0.412314 0.031152
v 0.049451 0.412314 0.026432
v 0.051804 0.412314 0.021458
v 0.053657 0.412314 0.016277
v 0.054995 0.412314 0.010939
v 0.055802 0.412314 0.005496
v 0.070302 0.420518 0.000000
v 0.069963 0.420518 -0.006891
v 0.068951 0.420518 -0.013715
v 0.067274 0.420518 -0.020407
v 0.064950 0.420518 -0.026903
v 0.062000 0.420518 -0.033140
v 0.058454 0.420518 -0.039057
v 0.054344 0.420518 -0.044599
v 0.049711 0.420518 -0.049711
v 0.044599 0.420518 -0.054344
v 0.039057 0.420518 -0.058454
v 0.033140 0.420518 -0.062000
v 0.026903 0.420518 -0.064950
v 0.020407 0.420518 -0.067274
v 0.013715 0.420518 -0.068951
v 0.006891 0.420518 -0.069963
v 0.000000 0.420518 -0.070302
v -0.006891 0.420518 -0.069963
v -0.013715 0.420518 -0.068951
v -0.020407 0.420518 -0.067274
v -0.026903 0.420518 -0.064950
v -0.033140 0.420518 -0.062000
v -0.039057 0.420518 -0.058454
v -0.044599 0.420518 -0.054344
v -0.049711 0.420518 -0.049711
v -0.054344 0.420518 -0.044599
v -0.058454 0.420518 -0.039057
v -0.062000 0.420518 -0.033140
v -0.064950 0.420518 -0.026903
v -0.067274 0.420518 -0.020407
v -0.068951 0.420518 -0.013715
v -0.069963 0.420518 -0.006891
v -0.070302 0.420518 -0.000000
v -0.069963 0.420518 0.006891
v -0.068951 0.420518 0.013715
v -0.067274 0.420518 0.020407
v -0.064950 0.420518 0.026903
v -0.062000 0.420518 0.033140
v -0.058454 0.420518 0.039057
v -0.054344 0.420518 0.044599
v -0.049711 0.420518 0.049711
v -0.044599 0.420518 0.054344
v -0.039057 0.420518 0.058454
v -0.033140 0.420518 0.062000
v -0.026903 0.420518 0.064950
v -0.020407 0.420518 0.067274
v -0.013715 0.420518 0.068951
v -0.006891 0.420518 0.069963
v -0.000000 0.420518 0.070302
v 0.006891 0.420518 0.069963
v 0.013715 0.420518 0.068951
v 0.020407 0.420518 0.067274
v 0.026903 0.420518 0.064950
v 0.033140 0.420518 0.062000
v 0.039057 0.420518 0.058454
v 0.044599 0.420518 0.054344
v 0.049711 0.420518 0.049711
v 0.054344 0.420518 0.044599
v 0.058454 0.420518 0.039057
v 0.062000 0.420518 0.033140
v 0.064950 0.420518 0.026903
v 0.067274 0.420518 0.020407
v 0.068951 0.420518 0.013715
v 0.069963 0.420518 0.006891
v 0.087966 0.435916 0.000000
v 0.087543 0.435916 -0.008622
v 0.086276 0.435916 -0.017161
v 0.084178 0.435916 -0.025535
v 0.081270 0.435916 -0.033663
v 0.077579 0.435916 -0.041467
v 0.073141 0.435916 -0.048871
v 0.067999 0.435916 -0.055805
v 0.062202 0.435916 -0.062202
v 0.055805 0.435916 -0.067999
v 0.048871 0.435916 -0.073141
v 0.041467 0.435916 -0.077579
v 0.033663 0.435916 -0.081270
v 0.025535 0.435916 -0.084178
v 0.017161 0.435916 -0.086276
v 0.008622 0.435916 -0.087543
v 0.000000 0.435916 -0.087966
v -0.008622 0.435916 -0.087543
v -0.017161 0.435916 -0.086276
v -0.025535 0.435916 -0.084178
v -0.033663 0.435916 -0.081270
v -0.041467 0.435916 -0.077579
v -0.048871 0.435916 -0.073141
v -0.055805 0.435916 -0.067999
v -0.062202 0.435916 -0.062202
v -0.067999 0.435916 -0.055805
v -0.073141 0.435916 -0.048871
v -0.077579 0.435916 -0.041467
v -0.081270 0.435916 -0.033663
v -0.084178 0.435916 -0.025535
v -0.086276 0.435916 -0.017161
v -0.087543 0.435916 -0.008622
v -0.087966 0.435916 -0.000000
v -0.087543 0.435916 0.008622
v -0.086276 0.435916 0.017161
v -0.084178 0.435916 0.025535
v -0.081270 0.435916 0.033663
v -0.077579 0.435916 0.041467
v -0.073141 0.435916 0.048871
v -0.067999 0.435916 0.055805
v -0.062202 0.435916 0.062202
v -0.055805 0.435916 0.067999
v -0.048871 0.435916 0.073141
v -0.041467 0.435916 0.077579
v -0.033663 0.435916 0.081270
v -0.025535 0.435916 0.084178
v -0.017161 0.435916 0.086276
v -0.008622 0.435916 0.087543
v -0.000000 0.435916 0.087966
v 0.008622 0.435916 0.087543
v 0.017161 0.435916 0.086276
v 0.025535 0.435916 0.084178
v 0.033663 0.435916 0.081270
v 0.041467 0.435916 0.077579
v 0.048871 0.435916 0.073141
v 0.055805 0.435916 0.067999
v 0.062202 0.435916 0.062202
v 0.067999 0.435916 0.055805
v 0.073141 0.435916 0.048871
v 0.077579 0.435916 0.041467
v 0.081270 0.435916 0.033663
v 0.084178 0.435916 0.025535
v 0.086276 0.435916 0.017161
v 0.087543 0.435916 0.008622
v 0.102332 0.454430 0.000000
v 0.101839 0.454430 -0.010030
v 0.100365 0.454430 -0.019964
v 0.097925 0.454430 -0.029705
v 0.094542 0.454430 -0.039161
v 0.090248 0.454430 -0.048239
v 0.085086 0.454430 -0.056852
v 0.079103 0.454430 -0.064918
v 0.072359 0.454430 -0.072359
v 0.064918 0.454430 -0.079103
v 0.056852 0.454430 -0.085086
v 0.048239 0.454430 -0.090248
v 0.039161 0.454430 -0.094542
v 0.029705 0.454430 -0.097925
v 0.019964 0.454430 -0.100365
v 0.010030 0.454430 -0.101839
v 0.000000 0.454430 -0.102332
v -0.010030 0.454430 -0.101839
v -0.019964 0.454430 -0.100365
v -0.029705 0.454430 -0.097925
v -0.039161 0.454430 -0.094542
v -0.048239 0.454430 -0.090248
v -0.056852 0.454430 -0.085086
v -0.064918 0.454430 -0.079103
v -0.072359 0.454430 -0.072359
v -0.079103 0.454430 -0.064918
v -0.085086 0.454430 -0.056852
v -0.090248 0.454430 -0.048239
v -0.094542 0.454430 -0.039161
v -0.097925 0.454430 -0.029705
v -0.100365 0.454430 -0.019964
v -0.101839 0.454430 -0.010030
v -0.102332 0.454430 -0.000000
v -0.101839 0.454430 0.010030
v -0.100365 0.454430 0.019964
v -0.097925 0.454430 0.029705
v -0.094542 0.454430 0.039161
v -0.090248 0.454430 0.048239
v -0.085086 0.454430 0.056852
v -0.079103 0.454430 0.064918
v -0.072359 0.454430 0.072359
v -0.064918 0.454430 0.079103
v -0.056852 0.454430 0.085086
v -0.048239 0.454430 0.090248
v -0.039161 0.454430 0.094542
v -0.029705 0.454430 0.097925
v -0.019964 0.454430 0.100365
v -0.010030 0.454430 0.101839
v -0.000000 0.454430 0.102332
v 0.010030 0.454430 0.101839
v 0.019964 0.454430 0.100365
v 0.029705 0.454430 0.097925
v 0.039161 0.454430 0.094542
v 0.048239 0.454430 0.090248
v 0.056852 0.454430 0.085086
v 0.064918 0.454430 0.079103
v 0.072359 0.454430 0.072359
v 0.079103 0.454430 0.064918
v 0.085086 0.454430 0.056852
v 0.090248 0.454430 0.048239
v 0.094542 0.454430 0.039161
v 0.097925 0.454430 0.029705
v 0.100365 0.454430 0.019964
v 0.101839 0.454430 0.010030
v 0.112859 0.475366 0.000000
v 0.112315 0.475366 -0.011062
v 0.110690 0.475366 -0.022018
v 0.107999 0.475366 -0.032761
v 0.104268 0.475366 -0.043189
v 0.099533 0.475366 -0.053201
v 0.093839 0.475366 -0.062701
v 0.087241 0.475366 -0.071597
v 0.079803 0.475366 -0.079803
v 0.071597 0.475366 -0.087241
v 0.062701 0.475366 -0.093839
v 0.053201 0.475366 -0.099533
v 0.043189 0.475366 -0.104268
v 0.032761 0.475366 -0.107999
v 0.022018 0.475366 -0.110690
v 0.011062 0.475366 -0.112315
v 0.000000 0.475366 -0.112859
v -0.011062 0.475366 -0.112315
v -0.022018 0.475366 -0.110690
v -0.032761 0.475366 -0.107999
v -0.043189 0.475366 -0.104268
v -0.053201 0.475366 -0.099533
v -0.062701 0.475366 -0.093839
v -0.071597 0.475366 -0.087241
v -0.079803 0.475366 -0.079803
v -0.087241 0.475366 -0.071597
v -0.093839 0.475366 -0.062701
v -0.099533 0.475366 -0.053201
v -0.104268 0.475366 -0.043189
v -0.107999 0.475366 -0.032761
v -0.110690 0.475366 -0.022018
v -0.112315 0.475366 -0.011062
v -0.112859 0.475366 -0.000000
v -0.112315 0.475366 0.011062
v -0.110690 0.475366 0.022018
v -0.107999 0.475366 0.032761
v -0.104268 0.475366 0.043189
v -0.099533 0.475366 0.053201
v -0.093839 0.475366 0.062701
v -0.087241 0.475366 0.071597
v -0.079803 0.475366 0.079803
v -0.071597 0.475366 0.087241
v -0.062701 0.475366 0.093839
v -0.053201 0.475366 0.099533
v -0.043189 0.475366 0.104268
v -0.032761 0.475366 0.107999
v -0.022018 0.475366 0.110690
v -0.011062 0.475366 0.112315
v -0.000000 0.475366 0.112859
v 0.011062 0.475366 0.112315
v 0.022018 0.475366 0.110690
v 0.032761 0.475366 0.107999
v 0.043189 0.475366 0.104268
v 0.053201 0.475366 0.099533
v 0.062701 0.475366 0.093839
v 0.071597 0.475366 0.087241
v 0.079803 0.475366 0.079803
v 0.087241 0.475366 0.071597
v 0.093839 0.475366 0.062701
v 0.099533 0.475366 0.053201
v 0.104268 0.475366 0.043189
v 0.107999 0.475366 0.032761
v 0.110690 0.475366 0.022018
v 0.112315 0.475366 0.011062
v 0.119153 0.497939 0.000000
v 0.118579 0.497939 -0.011679
v 0.116864 0.497939 -0.023246
v 0.114022 0.497939 -0.034588
v 0.110083 0.497939 -0.045598
v 0.105084 0.497939 -0.056168
v 0.099072 0.497939 -0.066198
v 0.092107 0.497939 -0.075590
v 0.084254 0.497939 -0.084254
v 0.075590 0.497939 -0.092107
v 0.066198 0.497939 -0.099072
v 0.056168 0.497939 -0.105084
v 0.045598 0.497939 -0.110083
v 0.034588 0.497939 -0.114022
v 0.023246 0.497939 -0.116864
v 0.011679 0.497939 -0.118579
v 0.000000 0.497939 -0.119153
v -0.011679 0.497939 -0.118579
v -0.023246 0.497939 -0.116864
v -0.034588 0.497939 -0.114022
v -0.045598 0.497939 -0.110083
v -0.056168 0.497939 -0.105084
v -0.066198 0.497939 -0.099072
v -0.075590 0.497939 -0.092107
v -0.084254 0.497939 -0.084254
v -0.092107 0.497939 -0.075590
v -0.099072 0.497939 -0.066198
v -0.105084 0.497939 -0.056168
v -0.110083 0.497939 -0.045598
v -0.114022 0.497939 -0.034588
v -0.116864 0.497939 -0.023246
v -0.118579 0.497939 -0.011679
v -0.119153 0.497939 -0.000000
v -0.118579 0.497939 0.011679
v -0.116864 0.497939 0.023246
v -0.114022 0.497939 0.034588
v -0.110083 0.497939 0.045598
v -0.105084 0.497939 0.056168
v -0.099072 0.497939 0.066198
v -0.092107 0.497939 0.075590
v -0.084254 0.497939 0.084254
v -0.075590 0.497939 0.092107
v -0.066198 0.497939 0.099072
v -0.056168 0.497939 0.105084
v -0.045598 0.497939 0.110083
v -0.034588 0.497939 0.114022
v -0.023246 0.497939 0.116864
v -0.011679 0.497939 0.118579
v -0.000000 0.497939 0.119153
v 0.011679 0.497939 0.118579
v 0.023246 0.497939 0.116864
v 0.034588 0.497939 0.114022
v 0.045598 0.497939 0.110083
v 0.056168 0.497939 0.105084
v 0.066198 0.497939 0.099072
v 0.075590 0.497939 0.092107
v 0.084254 0.497939 0.084254
v 0.092107 0.497939 0.075590
v 0.099072 0.497939 0.066198
v 0.105084 0.497939 0.056168
v 0.110083 0.497939 0.045598
v 0.114022 0.497939 0.034588
v 0.116864 0.497939 0.023246
v 0.118579 0.497939 0.011679
v 0.120978 0.521302 0.000000
v 0.120396 0.521302 -0.011858
v 0.118654 0.521302 -0.023602
v 0.115769 0.521302 -0.035118
v 0.111769 0.521302 -0.046296
v 0.106693 0.521302 -0.057029
v 0.100590 0.521302 -0.067212
v 0.093517 0.521302 -0.076748
v 0.085544 0.521302 -0.085544
v 0.076748 0.521302 -0.093517
v 0.067212 0.521302 -0.100590
v 0.057029 0.521302 -0.106693
v 0.046296 0.521302 -0.111769
v 0.035118 0.521302 -0.115769
v 0.023602 0.521302 -0.118654
v 0.011858 0.521302 -0.120396
v 0.000000 0.521302 -0.120978
v -0.011858 0.521302 -0.120396
v -0.023602 0.521302 -0.118654
v -0.035118 0.521302 -0.115769
v -0.046296 0.521302 -0.111769
v -0.057029 0.521302 -0.106693
v -0.067212 0.521302 -0.100590
v -0.076748 0.521302 -0.093517
v -0.085544 0.521302 -0.085544
v -0.093517 0.521302 -0.076748
v -0.100590 0.521302 -0.067212
v -0.106693 0.521302 -0.057029
v -0.111769 0.521302 -0.046296
v -0.115769 0.521302 -0.035118
v -0.118654 0.521302 -0.023602
v -0.120396 0.521302 -0.011858
v -0.120978 0.521302 -0.000000
v -0.120396 0.521302 0.011858
v -0.118654 0.521302 0.023602
v -0.115769 0.521302 0.035118
v -0.111769 0.521302 0.046296
v -0.106693 0.521302 0.057029
v -0.100590 0.521302 0.067212
v -0.093517 0.521302 0.076748
v -0.085544 0.521302 0.085544
v -0.076748 0.521302 0.093517
v -0.067212 0.521302 0.100590
v -0.057029 0.521302 0.106693
v -0.046296 0.521302 0.111769
v -0.035118 0.521302 0.115769
v -0.023602 0.521302 0.118654
v -0.011858 0.521302 0.120396
v -0.000000 0.521302 0.120978
v 0.011858 0.521302 0.120396
v 0.023602 0.521302 0.118654
v 0.035118 0.521302 0.115769
v 0.046296 0.521302 0.111769
v 0.057029 0.521302 0.106693
v 0.067212 0.521302 0.100590
v 0.076748 0.521302 0.093517
v 0.085544 0.521302 0.085544
v 0.093517 0.521302 0.076748
v 0.100590 0.521302 0.067212
v 0.106693 0.521302 0.057029
v 0.111769 0.521302 0.046296
v 0.115769 0.521302 0.035118
v 0.118654 0.521302 0.023602
v 0.120396 0.521302 0.011858
v 0.118266 0.544578 0.000000
v 0.117696 0.544578 -0.011592
v 0.115993 0.544578 -0.023072
v 0.113173 0.544578 -0.034331
v 0.109263 0.544578 -0.045258
v 0.104301 0.544578 -0.055750
v 0.098334 0.544578 -0.065705
v 0.091421 0.544578 -0.075027
v 0.083626 0.544578 -0.083626
v 0.075027 0.544578 -0.091421
v 0.065705 0.544578 -0.098334
v 0.055750 0.544578 -0.104301
v 0.045258 0.544578 -0.109263
v 0.034331 0.544578 -0.113173
v 0.023072 0.544578 -0.115993
v 0.011592 0.544578 -0.117696
v 0.000000 0.544578 -0.118266
v -0.011592 0.544578 -0.117696
v -0.023072 0.544578 -0.115993
v -0.034331 0.544578 -0.113173
v -0.045258 0.544578 -0.109263
v -0.055750 0.544578 -0.104301
v -0.065705 0.544578 -0.098334
v -0.075027 0.544578 -0.091421
v -0.083626 0.544578 -0.083626
v -0.091421 0.544578 -0.075027
v -0.098334 0.544578 -0.065705
v -0.104301 0.544578 -0.055750
v -0.109263 0.544578 -0.045258
v -0.113173 0.544578 -0.034331
v -0.115993 0.544578 -0.023072
v -0.117696 0.544578 -0.011592
v -0.118266 0.544578 -0.000000
v -0.117696 0.544578 0.011592
v -0.115993 0.544578 0.023072
v -0.113173 0.544578 0.034331
v -0.109263 0.544578 0.045258
v -0.104301 0.544578 0.055750
v -0.098334 0.544578 0.065705
v -0.091421 0.544578 0.075027
v -0.083626 0.544578 0.083626
v -0.075027 0.544578 0.091421
v -0.065705 0.544578 0.098334
v -0.055750 0.544578 0.104301
v -0.045258 0.544578 0.109263
v -0.034331 0.544578 0.113173
v -0.023072 0.544578 0.115993
v -0.011592 0.544578 0.117696
v -0.000000 0.544578 0.118266
v 0.011592 0.544578 0.117696
v 0.023072 0.544578 0.115993
v 0.034331 0.544578 0.113173
v 0.045258 0.544578 0.109263
v 0.055750 0.544578 0.104301
v 0.065705 0.544578 0.098334
v 0.075027 0.544578 0.091421
v 0.083626 0.544578 0.083626
v 0.091421 0.544578 0.075027
v 0.098334 0.544578 0.065705
v 0.104301 0.544578 0.055750
v 0.109263 0.544578 0.045258
v 0.113173 0.544578 0.034331
v 0.115993 0.544578 0.023072
v 0.117696 0.544578 0.011592
v 0.111117 0.566895 0.000000
v 0.110582 0.566895 -0.010891
v 0.108982 0.566895 -0.021678
v 0.106333 0.566895 -0.032256
v 0.102659 0.566895 -0.042523
v 0.097997 0.566895 -0.052380
v 0.092391 0.566895 -0.061734
v 0.085895 0.566895 -0.070492
v 0.078572 0.566895 -0.078572
v 0.070492 0.566895 -0.085895
v 0.061734 0.566895 -0.092391
v 0.052380 0.566895 -0.097997
v 0.042523 0.566895 -0.102659
v 0.032256 0.566895 -0.106333
v 0.021678 0.566895 -0.108982
v 0.010891 0.566895 -0.110582
v 0.000000 0.566895 -0.111117
v -0.010891 0.566895 -0.110582
v -0.021678 0.566895 -0.108982
v -0.032256 0.566895 -0.106333
v -0.042523 0.566895 -0.102659
v -0.052380 0.566895 -0.097997
v -0.061734 0.566895 -0.092391
v -0.070492 0.566895 -0.085895
v -0.078572 0.566895 -0.078572
v -0.085895 0.566895 -0.070492
v -0.092391 0.566895 -0.061734
v -0.097997 0.566895 -0.052380
v -0.102659 0.566895 -0.042523
v -0.106333 0.566895 -0.032256
v -0.108982 0.566895 -0.021678
v -0.110582 0.566895 -0.010891
v -0.111117 0.566895 -0.000000
v -0.110582 0.566895 0.010891
v -0.108982 0.566895 0.021678
v -0.106333 0.566895 0.032256
v -0.102659 0.566895 0.042523
v -0.097997 0.566895 0.052380
v -0.092391 0.566895 0.061734
v -0.085895 0.566895 0.070492
v -0.078572 0.566895 0.078572
v -0.070492 0.566895 0.085895
v -0.061734 0.566895 0.092391
v -0.052380 0.566895 0.097997
v -0.042523 0.566895 0.102659
v -0.032256 0.566895 0.106333
v -0.021678 0.566895 0.108982
v -0.010891 0.566895 0.110582
v -0.000000 0.566895 0.111117
v 0.010891 0.566895 0.110582
v 0.021678 0.566895 0.108982
v 0.032256 0.566895 0.106333
v 0.042523 0.566895 0.102659
v 0.052380 0.566895 0.097997
v 0.061734 0.566895 0.092391
v 0.070492 0.566895 0.085895
v 0.078572 0.566895 0.078572
v 0.085895 0.566895 0.070492
v 0.092391 0.566895 0.061734
v 0.097997 0.566895 0.052380
v 0.102659 0.566895 0.042523
v 0.106333 0.566895 0.032256
v 0.108982 0.566895 0.021678
v 0.110582 0.566895 0.010891
v 0.099801 0.587415 0.000000
v 0.099321 0.587415 -0.009782
v 0.097884 0.587415 -0.019470
v 0.095504 0.587415 -0.028971
v 0.092205 0.587415 -0.038192
v 0.088017 0.587415 -0.047046
v 0.082982 0.587415 -0.055447
v 0.077148 0.587415 -0.063313
v 0.070570 0.587415 -0.070570
v 0.063313 0.587415 -0.077148
v 0.055447 0.587415 -0.082982
v 0.047046 0.587415 -0.088017
v 0.038192 0.587415 -0.092205
v 0.028971 0.587415 -0.095504
v 0.019470 0.587415 -0.097884
v 0.009782 0.587415 -0.099321
v 0.000000 0.587415 -0.099801
v -0.009782 0.587415 -0.099321
v -0.019470 0.587415 -0.097884
v -0.028971 0.587415 -0.095504
v -0.038192 0.587415 -0.092205
v -0.047046 0.587415 -0.088017
v -0.055447 0.587415 -0.082982
v -0.063313 0.587415 -0.077148
v -0.070570 0.587415 -0.070570
v -0.077148 0.587415 -0.063313
v -0.082982 0.587415 -0.055447
v -0.088017 0.587415 -0.047046
v -0.092205 0.587415 -0.038192
v -0.095504 0.587415 -0.028971
v -0.097884 0.587415 -0.019470
v -0.099321 0.587415 -0.009782
v -0.099801 0.587415 -0.000000
v -0.099321 0.587415 0.009782
v -0.097884 0.587415 0.019470
v -0.095504 0.587415 0.028971
v -0.092205 0.587415 0.038192
v -0.088017 0.587415 0.047046
v -0.082982 0.587415 0.055447
v -0.077148 0.587415 0.063313
v -0.070570 0.587415 0.070570
v -0.063313 0.587415 0.077148
v -0.055447 0.587415 0.082982
v -0.047046 0.587415 0.088017
v -0.038192 0.587415 0.092205
v -0.028971 0.587415 0.095504
v -0.019470 0.587415 0.097884
v -0.009782 0.587415 0.099321
v -0.000000 0.587415 0.099801
v 0.009782 0.587415 0.099321
v 0.019470 0.587415 0.097884
v 0.028971 0.587415 0.095504
v 0.038192 0.587415 0.092205
v 0.047046 0.587415 0.088017
v 0.055447 0.587415 0.082982
v 0.063313 0.587415 0.077148
v 0.070570 0.587415 0.070570
v 0.077148 0.587415 0.063313
v 0.082982 0.587415 0.055447
v 0.088017 0.587415 0.047046
v 0.092205 0.587415 0.038192
v 0.095504 0.587415 0.028971
v 0.097884 0.587415 0.019470
v 0.099321 0.587415 0.009782
v 0.084742 0.605370 0.000000
v 0.084334 0.605370 -0.008306
v 0.083114 0.605370 -0.016532
v 0.081093 0.605370 -0.024599
v 0.078292 0.605370 -0.032429
v 0.074736 0.605370 -0.039947
v 0.070461 0.605370 -0.047080
v 0.065507 0.605370 -0.053760
v 0.059922 0.605370 -0.059922
v 0.053760 0.605370 -0.065507
v 0.047080 0.605370 -0.070461
v 0.039947 0.605370 -0.074736
v 0.032429 0.605370 -0.078292
v 0.024599 0.605370 -0.081093
v 0.016532 0.605370 -0.083114
v 0.008306 0.605370 -0.084334
v 0.000000 0.605370 -0.084742
v -0.008306 0.605370 -0.084334
v -0.016532 0.605370 -0.083114
v -0.024599 0.605370 -0.081093
v -0.032429 0.605370 -0.078292
v -0.039947 0.605370 -0.074736
v -0.047080 0.605370 -0.070461
v -0.053760 0.605370 -0.065507
v -0.059922 0.605370 -0.059922
v -0.065507 0.605370 -0.053760
v -0.070461 0.605370 -0.047080
v -0.074736 0.605370 -0.039947
v -0.078292 0.605370 -0.032429
v -0.081093 0.605370 -0.024599
v -0.083114 0.605370 -0.016532
v -0.084334 0.605370 -0.008306
v -0.084742 0.605370 -0.000000
v -0.084334 0.605370 0.008306
v -0.083114 0.605370 0.016532
v -0.081093 0.605370 0.024599
v -0.078292 0.605370 0.032429
v -0.074736 0.605370 0.039947
v -0.070461 0.605370 0.047080
v -0.065507 0.605370 0.053760
v -0.059922 0.605370 0.059922
v -0.053760 0.605370 0.065507
v -0.047080 0.605370 0.070461
v -0.039947 0.605370 0.074736
v -0.032429 0.605370 0.078292
v -0.024599 0.605370 0.081093
v -0.016532 0.605370 0.083114
v -0.008306 0.605370 0.084334
v -0.000000 0.605370 0.084742
v 0.008306 0.605370 0.084334
v 0.016532 0.605370 0.083114
v 0.024599 0.605370 0.081093
v 0.032429 0.605370 0.078292
v 0.039947 0.605370 0.074736
v 0.047080 0.605370 0.070461
v 0.053760 0.605370 0.065507
v 0.059922 0.605370 0.059922
v 0.065507 0.605370 0.053760
v 0.070461 0.605370 0.047080
v 0.074736 0.605370 0.039947
v 0.078292 0.605370 0.032429
v 0.081093 0.605370 0.024599
v 0.083114 0.605370 0.016532
v 0.084334 0.605370 0.008306
v 0.066505 0.620085 0.000000
v 0.066184 0.620085 -0.006519
v 0.065227 0.620085 -0.012974
v 0.063641 0.620085 -0.019305
v 0.061442 0.620085 -0.025450
v 0.058652 0.620085 -0.031350
v 0.055297 0.620085 -0.036948
v 0.051409 0.620085 -0.042190
v 0.047026 0.620085 -0.047026
v 0.042190 0.620085 -0.051409
v 0.036948 0.620085 -0.055297
v 0.031350 0.620085 -0.058652
v 0.025450 0.620085 -0.061442
v 0.019305 0.620085 -0.063641
v 0.012974 0.620085 -0.065227
v 0.006519 0.620085 -0.066184
v 0.000000 0.620085 -0.066505
v -0.006519 0.620085 -0.066184
v -0.012974 0.620085 -0.065227
v -0.019305 0.620085 -0.063641
v -0.025450 0.620085 -0.061442
v -0.031350 0.620085 -0.058652
v -0.036948 0.620085 -0.055297
v -0.042190 0.620085 -0.051409
v -0.047026 0.620085 -0.047026
v -0.051409 0.620085 -0.042190
v -0.055297 0.620085 -0.036948
v -0.058652 0.620085 -0.031350
v -0.061442 0.620085 -0.025450
v -0.063641 0.620085 -0.019305
v -0.065227 0.620085 -0.012974
v -0.066184 0.620085 -0.006519
v -0.066505 0.620085 -0.000000
v -0.066184 0.620085 0.006519
v -0.065227 0.620085 0.012974
v -0.063641 0.620085 0.019305
v -0.061442 0.620085 0.025450
v -0.058652 0.620085 0.031350
v -0.055297 0.620085 0.036948
v -0.051409 0.620085 0.042190
v -0.047026 0.620085 0.047026
v -0.042190 0.620085 0.051409
v -0.036948 0.620085 0.055297
v -0.031350 0.620085 0.058652
v -0.025450 0.620085 0.061442
v -0.019305 0.620085 0.063641
v -0.012974 0.620085 0.065227
v -0.006519 0.620085 0.066184
v -0.000000 0.620085 0.066505
v 0.006519 0.620085 0.066184
v 0.012974 0.620085 0.065227
v 0.019305 0.620085 0.063641
v 0.025450 0.620085 0.061442
v 0.031350 0.620085 0.058652
v 0.036948 0.620085 0.055297
v 0.042190 0.620085 0.051409
v 0.047026 0.620085 0.047026
v 0.051409 0.620085 0.042190
v 0.055297 0.620085 0.036948
v 0.058652 0.620085 0.031350
v 0.061442 0.620085 0.025450
v 0.063641 0.620085 0.019305
v 0.065227 0.620085 0.012974
v 0.066184 0.620085 0.006519
v 0.045773 0.631008 0.000000
v 0.045552 0.631008 -0.004486
v 0.044893 0.631008 -0.008930
v 0.043802 0.631008 -0.013287
v 0.042288 0.631008 -0.017516
v 0.040368 0.631008 -0.021577
v 0.038058 0.631008 -0.025430
v 0.035383 0.631008 -0.029038
v 0.032366 0.631008 -0.032366
v 0.029038 0.631008 -0.035383
v 0.025430 0.631008 -0.038058
v 0.021577 0.631008 -0.040368
v 0.017516 0.631008 -0.042288
v 0.013287 0.631008 -0.043802
v 0.008930 0.631008 -0.044893
v 0.004486 0.631008 -0.045552
v 0.000000 0.631008 -0.045773
v -0.004486 0.631008 -0.045552
v -0.008930 0.631008 -0.044893
v -0.013287 0.631008 -0.043802
v -0.017516 0.631008 -0.042288
v -0.021577 0.631008 -0.040368
v -0.025430 0.631008 -0.038058
v -0.029038 0.631008 -0.035383
v -0.032366 0.631008 -0.032366
v -0.035383 0.631008 -0.029038
v -0.038058 0.631008 -0.025430
v -0.040368 0.631008 -0.021577
v -0.042288 0.631008 -0.017516
v -0.043802 0.631008 -0.013287
v -0.044893 0.631008 -0.008930
v -0.045552 0.631008 -0.004486
v -0.045773 0.631008 -0.000000
v -0.045552 0.631008 0.004486
v -0.044893 0.631008 0.008930
v -0.043802 0.631008 0.013287
v -0.042288 0.631008 0.017516
v -0.040368 0.631008 0.021577
v -0.038058 0.631008 0.025430
v -0.035383 0.631008 0.029038
v -0.032366 0.631008 0.032366
v -0.029038 0.631008 0.035383
v -0.025430 0.631008 0.038058
v -0.021577 0.631008 0.040368
v -0.017516 0.631008 0.042288
v -0.013287 0.631008 0.043802
v -0.008930 0.631008 0.044893
v -0.004486 0.631008 0.045552
v -0.000000 0.631008 0.045773
v 0.004486 0.631008 0.045552
v 0.008930 0.631008 0.044893
v 0.013287 0.631008 0.043802
v 0.017516 0.631008 0.042288
v 0.021577 0.631008 0.040368
v 0.025430 0.631008 0.038058
v 0.029038 0.631008 0.035383
v 0.032366 0.631008 0.032366
v 0.035383 0.631008 0.029038
v 0.038058 0.631008 0.025430
v 0.040368 0.631008 0.021577
v 0.042288 0.631008 0.017516
v 0.043802 0.631008 0.013287
v 0.044893 0.631008 0.008930
v 0.045552 0.631008 0.004486
v 0.023324 0.637731 0.000000
v 0.023211 0.637731 -0.002286
v 0.022875 0.637731 -0.004550
v 0.022319 0.637731 -0.006771
v 0.021548 0.637731 -0.008926
v 0.020570 0.637731 -0.010995
v 0.019393 0.637731 -0.012958
v 0.018029 0.637731 -0.014796
v 0.016492 0.637731 -0.016492
v 0.014796 0.637731 -0.018029
v 0.012958 0.637731 -0.019393
v 0.010995 0.637731 -0.020570
v 0.008926 0.637731 -0.021548
v 0.006771 0.637731 -0.022319
v 0.004550 0.637731 -0.022875
v 0.002286 0.637731 -0.023211
v 0.000000 0.637731 -0.023324
v -0.002286 0.637731 -0.023211
v -0.004550 0.637731 -0.022875
v -0.006771 0.637731 -0.022319
v -0.008926 0.637731 -0.021548
v -0.010995 0.637731 -0.020570
v -0.012958 0.637731 -0.019393
v -0.014796 0.637731 -0.018029
v -0.016492 0.637731 -0.016492
v -0.018029 0.637731 -0.014796
v -0.019393 0.637731 -0.012958
v -0.020570 0.637731 -0.010995
v -0.021548 0.637731 -0.008926
v -0.022319 0.637731 -0.006771
v -0.022875 0.637731 -0.004550
v -0.023211 0.637731 -0.002286
v -0.023324 0.637731 -0.000000
v -0.023211 0.637731 0.002286
v -0.022875 0.637731 0.004550
v -0.022319 0.637731 0.006771
v -0.021548 0.637731 0.008926
v -0.020570 0.637731 0.010995
v -0.019393 0.637731 0.012958
v -0.018029 0.637731 0.014796
v -0.016492 0.637731 0.016492
v -0.014796 0.637731 0.018029
v -0.012958 0.637731 0.019393
v -0.010995 0.637731 0.020570
v -0.008926 0.637731 0.021548
v -0.006771 0.637731 0.022319
v -0.004550 0.637731 0.022875
v -0.002286 0.637731 0.023211
v -0.000000 0.637731 0.023324
v 0.002286 0.637731 0.023211
v 0.004550 0.637731 0.022875
v 0.006771 0.637731 0.022319
v 0.008926 0.637731 0.021548
v 0.010995 0.637731 0.020570
v 0.012958 0.637731 0.019393
v 0.014796 0.637731 0.018029
v 0.016492 0.637731 0.016492
v 0.018029 0.637731 0.014796
v 0.019393 0.637731 0.012958
v 0.020570 0.637731 0.010995
v 0.021548 0.637731 0.008926
v 0.022319 0.637731 0.006771
v 0.022875 0.637731 0.004550
v 0.023211 0.637731 0.002286
v 0.000000 0.640000 0.000000
v 0.168960 0.074483 0.000000
v 0.168146 0.074483 -0.016561
v 0.165713 0.074483 -0.032962
v 0.161685 0.074483 -0.049046
v 0.156099 0.074483 -0.064658
v 0.149009 0.074483 -0.079647
v 0.140485 0.074483 -0.093869
v 0.130608 0.074483 -0.107187
v 0.119473 0.074483 -0.119473
v 0.107187 0.074483 -0.130608
v 0.093869 0.074483 -0.140485
v 0.079647 0.074483 -0.149009
v 0.064658 0.074483 -0.156099
v 0.049046 0.074483 -0.161685
v 0.032962 0.074483 -0.165713
v 0.016561 0.074483 -0.168146
v 0.000000 0.074483 -0.168960
v -0.016561 0.074483 -0.168146
v -0.032962 0.074483 -0.165713
v -0.049046 0.074483 -0.161685
v -0.064658 0.074483 -0.156099
v -0.079647 0.074483 -0.149009
v -0.093869 0.074483 -0.140485
v -0.107187 0.074483 -0.130608
v -0.119473 0.074483 -0.119473
v -0.130608 0.074483 -0.107187
v -0.140485 0.074483 -0.093869
v -0.149009 0.074483 -0.079647
v -0.156099 0.074483 -0.064658
v -0.161685 0.074483 -0.049046
v -0.165713 0.074483 -0.032962
v -0.168146 0.074483 -0.016561
v -0.168960 0.074483 -0.000000
v -0.168146 0.074483 0.016561
v -0.165713 0.074483 0.032962
v -0.161685 0.074483 0.049046
v -0.156099 0.074483 0.064658
v -0.149009 0.074483 0.079647
v -0.140485 0.074483 0.093869
v -0.130608 0.074483 0.107187
v -0.119473 0.074483 0.119473
v -0.107187 0.074483 0.130608
v -0.093869 0.074483 0.140485
v -0.079647 0.074483 0.149009
v -0.064658 0.074483 0.156099
v -0.049046 0.074483 0.161685
v -0.032962 0.074483 0.165713
v -0.016561 0.074483 0.168146
v -0.000000 0.074483 0.168960
v 0.016561 0.074483 0.168146
v 0.032962 0.074483 0.165713
v 0.049046 0.074483 0.161685
v 0.064658 0.074483 0.156099
v 0.079647 0.074483 0.149009
v 0.093869 0.074483 0.140485
v 0.107187 0.074483 0.130608
v 0.119473 0.074483 0.119473
v 0.130608 0.074483 0.107187
v 0.140485 0.074483 0.093869
v 0.149009 0.074483 0.079647
v 0.156099 0.074483 0.064658
v 0.161685 0.074483 0.049046
v 0.165713 0.074483 0.032962
v 0.168146 0.074483 0.016561
v 0.174142 0.077475 0.000000
v 0.173304 0.077475 -0.017069
v 0.170796 0.077475 -0.033973
v 0.166644 0.077475 -0.050551
v 0.160886 0.077475 -0.066641
v 0.153580 0.077475 -0.082090
v 0.144794 0.077475 -0.096748
v 0.134614 0.077475 -0.110475
v 0.123137 0.077475 -0.123137
v 0.110475 0.077475 -0.134614
v 0.096748 0.077475 -0.144794
v 0.082090 0.077475 -0.153580
v 0.066641 0.077475 -0.160886
v 0.050551 0.077475 -0.166644
v 0.033973 0.077475 -0.170796
v 0.017069 0.077475 -0.173304
v 0.000000 0.077475 -0.174142
v -0.017069 0.077475 -0.173304
v -0.033973 0.077475 -0.170796
v -0.050551 0.077475 -0.166644
v -0.066641 0.077475 -0.160886
v -0.082090 0.077475 -0.153580
v -0.096748 0.077475 -0.144794
v -0.110475 0.077475 -0.134614
v -0.123137 0.077475 -0.123137
v -0.134614 0.077475 -0.110475
v -0.144794 0.077475 -0.096748
v -0.153580 0.077475 -0.082090
v -0.160886 0.077475 -0.066641
v -0.166644 0.077475 -0.050551
v -0.170796 0.077475 -0.033973
v -0.173304 0.077475 -0.017069
v -0.174142 0.077475 -0.000000
v -0.173304 0.077475 0.017069
v -0.170796 0.077475 0.033973
v -0.166644 0.077475 0.050551
v -0.160886 0.077475 0.066641
v -0.153580 0.077475 0.082090
v -0.144794 0.077475 0.096748
v -0.134614 0.077475 0.110475
v -0.123137 0.077475 0.123137
v -0.110475 0.077475 0.134614
v -0.096748 0.077475 0.144794
v -0.082090 0.077475 0.153580
v -0.066641 0.077475 0.160886
v -0.050551 0.077475 0.166644
v -0.033973 0.077475 0.170796
v -0.017069 0.077475 0.173304
v -0.000000 0.077475 0.174142
v 0.017069 0.077475 0.173304
v 0.033973 0.077475 0.170796
v 0.050551 0.077475 0.166644
v 0.066641 0.077475 0.160886
v 0.082090 0.077475 0.153580
v 0.096748 0.077475 0.144794
v 0.110475 0.077475 0.134614
v 0.123137 0.077475 0.123137
v 0.134614 0.077475 0.110475
v 0.144794 0.077475 0.096748
v 0.153580 0.077475 0.082090
v 0.160886 0.077475 0.066641
v 0.166644 0.077475 0.050551
v 0.170796 0.077475 0.033973
v 0.173304 0.077475 0.017069
v 0.174142 0.083459 0.000000
v 0.173304 0.083459 -0.017069
v 0.170796 0.083459 -0.033973
v 0.166644 0.083459 -0.050551
v 0.160886 0.083459 -0.066641
v 0.153580 0.083459 -0.082090
v 0.144794 0.083459 -0.096748
v 0.134614 0.083459 -0.110475
v 0.123137 0.083459 -0.123137
v 0.110475 0.083459 -0.134614
v 0.096748 0.083459 -0.144794
v 0.082090 0.083459 -0.153580
v 0.066641 0.083459 -0.160886
v 0.050551 0.083459 -0.166644
v 0.033973 0.083459 -0.170796
v 0.017069 0.083459 -0.173304
v 0.000000 0.083459 -0.174142
v -0.017069 0.083459 -0.173304
v -0.033973 0.083459 -0.170796
v -0.050551 0.083459 -0.166644
v -0.066641 0.083459 -0.160886
v -0.082090 0.083459 -0.153580
v -0.096748 0.083459 -0.144794
v -0.110475 0.083459 -0.134614
v -0.123137 0.083459 -0.123137
v -0.134614 0.083459 -0.110475
v -0.144794 0.083459 -0.096748
v -0.153580 0.083459 -0.082090
v -0.160886 0.083459 -0.066641
v -0.166644 0.083459 -0.050551
v -0.170796 0.083459 -0.033973
v -0.173304 0.083459 -0.017069
v -0.174142 0.083459 -0.000000
v -0.173304 0.083459 0.017069
v -0.170796 0.083459 0.033973
v -0.166644 0.083459 0.050551
v -0.160886 0.083459 0.066641
v -0.153580 0.083459 0.082090
v -0.144794 0.083459 0.096748
v -0.134614 0.083459 0.110475
v -0.123137 0.083459 0.123137
v -0.110475 0.083459 0.134614
v -0.096748 0.083459 0.144794
v -0.082090 0.083459 0.153580
v -0.066641 0.083459 0.160886
v -0.050551 0.083459 0.166644
v -0.033973 0.083459 0.170796
v -0.017069 0.083459 0.173304
v -0.000000 0.083459 0.174142
v 0.017069 0.083459 0.173304
v 0.033973 0.083459 0.170796
v 0.050551 0.083459 0.166644
v 0.066641 0.083459 0.160886
v 0.082090 0.083459 0.153580
v 0.096748 0.083459 0.144794
v 0.110475 0.083459 0.134614
v 0.123137 0.083459 0.123137
v 0.134614 0.083459 0.110475
v 0.144794 0.083459 0.096748
v 0.153580 0.083459 0.082090
v 0.160886 0.083459 0.066641
v 0.166644 0.083459 0.050551
v 0.170796 0.083459 0.033973
v 0.173304 0.083459 0.017069
v 0.168960 0.086451 0.000000
v 0.168146 0.086451 -0.016561
v 0.165713 0.086451 -0.032962
v 0.161685 0.086451 -0.049046
v 0.156099 0.086451 -0.064658
v 0.149009 0.086451 -0.079647
v 0.140485 0.086451 -0.093869
v 0.130608 0.086451 -0.107187
v 0.119473 0.086451 -0.119473
v 0.107187 0.086451 -0.130608
v 0.093869 0.086451 -0.140485
v 0.079647 0.086451 -0.149009
v 0.064658 0.086451 -0.156099
v 0.049046 0.086451 -0.161685
v 0.032962 0.086451 -0.165713
v 0.016561 0.086451 -0.168146
v 0.000000 0.086451 -0.168960
v -0.016561 0.086451 -0.168146
v -0.032962 0.086451 -0.165713
v -0.049046 0.086451 -0.161685
v -0.064658 0.086451 -0.156099
v -0.079647 0.086451 -0.149009
v -0.093869 0.086451 -0.140485
v -0.107187 0.086451 -0.130608
v -0.119473 0.086451 -0.119473
v -0.130608 0.086451 -0.107187
v -0.140485 0.086451 -0.093869
v -0.149009 0.086451 -0.079647
v -0.156099 0.086451 -0.064658
v -0.161685 0.086451 -0.049046
v -0.165713 0.086451 -0.032962
v -0.168146 0.086451 -0.016561
v -0.168960 0.086451 -0.000000
v -0.168146 0.086451 0.016561
v -0.165713 0.086451 0.032962
v -0.161685 0.086451 0.049046
v -0.156099 0.086451 0.064658
v -0.149009 0.086451 0.079647
v -0.140485 0.086451 0.093869
v -0.130608 0.086451 0.107187
v -0.119473 0.086451 0.119473
v -0.107187 0.086451 0.130608
v -0.093869 0.086451 0.140485
v -0.079647 0.086451 0.149009
v -0.064658 0.086451 0.156099
v -0.049046 0.086451 0.161685
v -0.032962 0.086451 0.165713
v -0.016561 0.086451 0.168146
v -0.000000 0.086451 0.168960
v 0.016561 0.086451 0.168146
v 0.032962 0.086451 0.165713
v 0.049046 0.086451 0.161685
v 0.064658 0.086451 0.156099
v 0.079647 0.086451 0.149009
v 0.093869 0.086451 0.140485
v 0.107187 0.086451 0.130608
v 0.119473 0.086451 0.119473
v 0.130608 0.086451 0.107187
v 0.140485 0.086451 0.093869
v 0.149009 0.086451 0.079647
v 0.156099 0.086451 0.064658
v 0.161685 0.086451 0.049046
v 0.165713 0.086451 0.032962
v 0.168146 0.086451 0.016561
v 0.163778 0.083459 0.000000
v 0.162989 0.083459 -0.016053
v 0.160631 0.083459 -0.031951
v 0.156725 0.083459 -0.047542
v 0.151311 0.083459 -0.062675
v 0.144439 0.083459 -0.077204
v 0.136176 0.083459 -0.090990
v 0.126602 0.083459 -0.103899
v 0.115808 0.083459 -0.115808
v 0.103899 0.083459 -0.126602
v 0.090990 0.083459 -0.136176
v 0.077204 0.083459 -0.144439
v 0.062675 0.083459 -0.151311
v 0.047542 0.083459 -0.156725
v 0.031951 0.083459 -0.160631
v 0.016053 0.083459 -0.162989
v 0.000000 0.083459 -0.163778
v -0.016053 0.083459 -0.162989
v -0.031951 0.083459 -0.160631
v -0.047542 0.083459 -0.156725
v -0.062675 0.083459 -0.151311
v -0.077204 0.083459 -0.144439
v -0.090990 0.083459 -0.136176
v -0.103899 0.083459 -0.126602
v -0.115808 0.083459 -0.115808
v -0.126602 0.083459 -0.103899
v -0.136176 0.083459 -0.090990
v -0.144439 0.083459 -0.077204
v -0.151311 0.083459 -0.062675
v -0.156725 0.083459 -0.047542
v -0.160631 0.083459 -0.031951
v -0.162989 0.083459 -0.016053
v -0.163778 0.083459 -0.000000
v -0.162989 0.083459 0.016053
v -0.160631 0.083459 0.031951
v -0.156725 0.083459 0.047542
v -0.151311 0.083459 0.062675
v -0.144439 0.083459 0.077204
v -0.136176 0.083459 0.090990
v -0.126602 0.083459 0.103899
v -0.115808 0.083459 0.115808
v -0.103899 0.083459 0.126602
v -0.090990 0.083459 0.136176
v -0.077204 0.083459 0.144439
v -0.062675 0.083459 0.151311
v -0.047542 0.083459 0.156725
v -0.031951 0.083459 0.160631
v -0.016053 0.083459 0.162989
v -0.000000 0.083459 0.163778
v 0.016053 0.083459 0.162989
v 0.031951 0.083459 0.160631
v 0.047542 0.083459 0.156725
v 0.062675 0.083459 0.151311
v 0.077204 0.083459 0.144439
v 0.090990 0.083459 0.136176
v 0.103899 0.083459 0.126602
v 0.115808 0.083459 0.115808
v 0.126602 0.083459 0.103899
v 0.136176 0.083459 0.090990
v 0.144439 0.083459 0.077204
v 0.151311 0.083459 0.062675
v 0.156725 0.083459 0.047542
v 0.160631 0.083459 0.031951
v 0.162989 0.083459 0.016053
v 0.163778 0.077475 0.000000
v 0.162989 0.077475 -0.016053
v 0.160631 0.077475 -0.031951
v 0.156725 0.077475 -0.047542
v 0.151311 0.077475 -0.062675
v 0.144439 0.077475 -0.077204
v 0.136176 0.077475 -0.090990
v 0.126602 0.077475 -0.103899
v 0.115808 0.077475 -0.115808
v 0.103899 0.077475 -0.126602
v 0.090990 0.077475 -0.136176
v 0.077204 0.077475 -0.144439
v 0.062675 0.077475 -0.151311
v 0.047542 0.077475 -0.156725
v 0.031951 0.077475 -0.160631
v 0.016053 0.077475 -0.162989
v 0.000000 0.077475 -0.163778
v -0.016053 0.077475 -0.162989
v -0.031951 0.077475 -0.160631
v -0.047542 0.077475 -0.156725
v -0.062675 0.077475 -0.151311
v -0.077204 0.077475 -0.144439
v -0.090990 0.077475 -0.136176
v -0.103899 0.077475 -0.126602
v -0.115808 0.077475 -0.115808
v -0.126602 0.077475 -0.103899
v -0.136176 0.077475 -0.090990
v -0.144439 0.077475 -0.077204
v -0.151311 0.077475 -0.062675
v -0.156725 0.077475 -0.047542
v -0.160631 0.077475 -0.031951
v -0.162989 0.077475 -0.016053
v -0.163778 0.077475 -0.000000
v -0.162989 0.077475 0.016053
v -0.160631 0.077475 0.031951
v -0.156725 0.077475 0.047542
v -0.151311 0.077475 0.062675
v -0.144439 0.077475 0.077204
v -0.136176 0.077475 0.090990
v -0.126602 0.077475 0.103899
v -0.115808 0.077475 0.115808
v -0.103899 0.077475 0.126602
v -0.090990 0.077475 0.136176
v -0.077204 0.077475 0.144439
v -0.062675 0.077475 0.151311
v -0.047542 0.077475 0.156725
v -0.031951 0.077475 0.160631
v -0.016053 0.077475 0.162989
v -0.000000 0.077475 0.163778
v 0.016053 0.077475 0.162989
v 0.031951 0.077475 0.160631
v 0.047542 0.077475 0.156725
v 0.062675 0.077475 0.151311
v 0.077204 0.077475 0.144439
v 0.090990 0.077475 0.136176
v 0.103899 0.077475 0.126602
v 0.115808 0.077475 0.115808
v 0.126602 0.077475 0.103899
v 0.136176 0.077475 0.090990
v 0.144439 0.077475 0.077204
v 0.151311 0.077475 0.062675
v 0.156725 0.077475 0.047542
v 0.160631 0.077475 0.031951
v 0.162989 0.077475 0.016053
v 0.098000 0.307500 0.000000
v 0.097528 0.307500 -0.009606
v 0.096117 0.307500 -0.019119
v 0.093780 0.307500 -0.028448
v 0.090540 0.307500 -0.037503
v 0.086428 0.307500 -0.046197
v 0.081484 0.307500 -0.054446
v 0.075755 0.307500 -0.062171
v 0.069296 0.307500 -0.069296
v 0.062171 0.307500 -0.075755
v 0.054446 0.307500 -0.081484
v 0.046197 0.307500 -0.086428
v 0.037503 0.307500 -0.090540
v 0.028448 0.307500 -0.093780
v 0.019119 0.307500 -0.096117
v 0.009606 0.307500 -0.097528
v 0.000000 0.307500 -0.098000
v -0.009606 0.307500 -0.097528
v -0.019119 0.307500 -0.096117
v -0.028448 0.307500 -0.093780
v -0.037503 0.307500 -0.090540
v -0.046197 0.307500 -0.086428
v -0.054446 0.307500 -0.081484
v -0.062171 0.307500 -0.075755
v -0.069296 0.307500 -0.069296
v -0.075755 0.307500 -0.062171
v -0.081484 0.307500 -0.054446
v -0.086428 0.307500 -0.046197
v -0.090540 0.307500 -0.037503
v -0.093780 0.307500 -0.028448
v -0.096117 0.307500 -0.019119
v -0.097528 0.307500 -0.009606
v -0.098000 0.307500 -0.000000
v -0.097528 0.307500 0.009606
v -0.096117 0.307500 0.019119
v -0.093780 0.307500 0.028448
v -0.090540 0.307500 0.037503
v -0.086428 0.307500 0.046197
v -0.081484 0.307500 0.054446
v -0.075755 0.307500 0.062171
v -0.069296 0.307500 0.069296
v -0.062171 0.307500 0.075755
v -0.054446 0.307500 0.081484
v -0.046197 0.307500 0.086428
v -0.037503 0.307500 0.090540
v -0.028448 0.307500 0.093780
v -0.019119 0.307500 0.096117
v -0.009606 0.307500 0.097528
v -0.000000 0.307500 0.098000
v 0.009606 0.307500 0.097528
v 0.019119 0.307500 0.096117
v 0.028448 0.307500 0.093780
v 0.037503 0.307500 0.090540
v 0.046197 0.307500 0.086428
v 0.054446 0.307500 0.081484
v 0.062171 0.307500 0.075755
v 0.069296 0.307500 0.069296
v 0.075755 0.307500 0.062171
v 0.081484 0.307500 0.054446
v 0.086428 0.307500 0.046197
v 0.090540 0.307500 0.037503
v 0.093780 0.307500 0.028448
v 0.096117 0.307500 0.019119
v 0.097528 0.307500 0.009606
v 0.107500 0.307500 0.000000
v 0.106982 0.307500 -0.010537
v 0.105434 0.307500 -0.020972
v 0.102871 0.307500 -0.031206
v 0.099317 0.307500 -0.041138
v 0.094807 0.307500 -0.050675
v 0.089383 0.307500 -0.059724
v 0.083099 0.307500 -0.068197
v 0.076014 0.307500 -0.076014
v 0.068197 0.307500 -0.083099
v 0.059724 0.307500 -0.089383
v 0.050675 0.307500 -0.094807
v 0.041138 0.307500 -0.099317
v 0.031206 0.307500 -0.102871
v 0.020972 0.307500 -0.105434
v 0.010537 0.307500 -0.106982
v 0.000000 0.307500 -0.107500
v -0.010537 0.307500 -0.106982
v -0.020972 0.307500 -0.105434
v -0.031206 0.307500 -0.102871
v -0.041138 0.307500 -0.099317
v -0.050675 0.307500 -0.094807
v -0.059724 0.307500 -0.089383
v -0.068197 0.307500 -0.083099
v -0.076014 0.307500 -0.076014
v -0.083099 0.307500 -0.068197
v -0.089383 0.307500 -0.059724
v -0.094807 0.307500 -0.050675
v -0.099317 0.307500 -0.041138
v -0.102871 0.307500 -0.031206
v -0.105434 0.307500 -0.020972
v -0.106982 0.307500 -0.010537
v -0.107500 0.307500 -0.000000
v -0.106982 0.307500 0.010537
v -0.105434 0.307500 0.020972
v -0.102871 0.307500 0.031206
v -0.099317 0.307500 0.041138
v -0.094807 0.307500 0.050675
v -0.089383 0.307500 0.059724
v -0.083099 0.307500 0.068197
v -0.076014 0.307500 0.076014
v -0.068197 0.307500 0.083099
v -0.059724 0.307500 0.089383
v -0.050675 0.307500 0.094807
v -0.041138 0.307500 0.099317
v -0.031206 0.307500 0.102871
v -0.020972 0.307500 0.105434
v -0.010537 0.307500 0.106982
v -0.000000 0.307500 0.107500
v 0.010537 0.307500 0.106982
v 0.020972 0.307500 0.105434
v 0.031206 0.307500 0.102871
v 0.041138 0.307500 0.099317
v 0.050675 0.307500 0.094807
v 0.059724 0.307500 0.089383
v 0.068197 0.307500 0.083099
v 0.076014 0.307500 0.076014
v 0.083099 0.307500 0.068197
v 0.089383 0.307500 0.059724
v 0.094807 0.307500 0.050675
v 0.099317 0.307500 0.041138
v 0.102871 0.307500 0.031206
v 0.105434 0.307500 0.020972
v 0.106982 0.307500 0.010537
v 0.109500 0.309500 0.000000
v 0.108973 0.309500 -0.010733
v 0.107396 0.309500 -0.021362
v 0.104785 0.309500 -0.031786
v 0.101165 0.309500 -0.041904
v 0.096570 0.309500 -0.051618
v 0.091046 0.309500 -0.060835
v 0.084645 0.309500 -0.069466
v 0.077428 0.309500 -0.077428
v 0.069466 0.309500 -0.084645
v 0.060835 0.309500 -0.091046
v 0.051618 0.309500 -0.096570
v 0.041904 0.309500 -0.101165
v 0.031786 0.309500 -0.104785
v 0.021362 0.309500 -0.107396
v 0.010733 0.309500 -0.108973
v 0.000000 0.309500 -0.109500
v -0.010733 0.309500 -0.108973
v -0.021362 0.309500 -0.107396
v -0.031786 0.309500 -0.104785
v -0.041904 0.309500 -0.101165
v -0.051618 0.309500 -0.096570
v -0.060835 0.309500 -0.091046
v -0.069466 0.309500 -0.084645
v -0.077428 0.309500 -0.077428
v -0.084645 0.309500 -0.069466
v -0.091046 0.309500 -0.060835
v -0.096570 0.309500 -0.051618
v -0.101165 0.309500 -0.041904
v -0.104785 0.309500 -0.031786
v -0.107396 0.309500 -0.021362
v -0.108973 0.309500 -0.010733
v -0.109500 0.309500 -0.000000
v -0.108973 0.309500 0.010733
v -0.107396 0.309500 0.021362
v -0.104785 0.309500 0.031786
v -0.101165 0.309500 0.041904
v -0.096570 0.309500 0.051618
v -0.091046 0.309500 0.060835
v -0.084645 0.309500 0.069466
v -0.077428 0.309500 0.077428
v -0.069466 0.309500 0.084645
v -0.060835 0.309500 0.091046
v -0.051618 0.309500 0.096570
v -0.041904 0.309500 0.101165
v -0.031786 0.309500 0.104785
v -0.021362 0.309500 0.107396
v -0.010733 0.309500 0.108973
v -0.000000 0.309500 0.109500
v 0.010733 0.309500 0.108973
v 0.021362 0.309500 0.107396
v 0.031786 0.309500 0.104785
v 0.041904 0.309500 0.101165
v 0.051618 0.309500 0.096570
v 0.060835 0.309500 0.091046
v 0.069466 0.309500 0.084645
v 0.077428 0.309500 0.077428
v 0.084645 0.309500 0.069466
v 0.091046 0.309500 0.060835
v 0.096570 0.309500 0.051618
v 0.101165 0.309500 0.041904
v 0.104785 0.309500 0.031786
v 0.107396 0.309500 0.021362
v 0.108973 0.309500 0.010733
v 0.109500 0.318500 0.000000
v 0.108973 0.318500 -0.010733
v 0.107396 0.318500 -0.021362
v 0.104785 0.318500 -0.031786
v 0.101165 0.318500 -0.041904
v 0.096570 0.318500 -0.051618
v 0.091046 0.318500 -0.060835
v 0.084645 0.318500 -0.069466
v 0.077428 0.318500 -0.077428
v 0.069466 0.318500 -0.084645
v 0.060835 0.318500 -0.091046
v 0.051618 0.318500 -0.096570
v 0.041904 0.318500 -0.101165
v 0.031786 0.318500 -0.104785
v 0.021362 0.318500 -0.107396
v 0.010733 0.318500 -0.108973
v 0.000000 0.318500 -0.109500
v -0.010733 0.318500 -0.108973
v -0.021362 0.318500 -0.107396
v -0.031786 0.318500 -0.104785
v -0.041904 0.318500 -0.101165
v -0.051618 0.318500 -0.096570
v -0.060835 0.318500 -0.091046
v -0.069466 0.318500 -0.084645
v -0.077428 0.318500 -0.077428
v -0.084645 0.318500 -0.069466
v -0.091046 0.318500 -0.060835
v -0.096570 0.318500 -0.051618
v -0.101165 0.318500 -0.041904
v -0.104785 0.318500 -0.031786
v -0.107396 0.318500 -0.021362
v -0.108973 0.318500 -0.010733
v -0.109500 0.318500 -0.000000
v -0.108973 0.318500 0.010733
v -0.107396 0.318500 0.021362
v -0.104785 0.318500 0.031786
v -0.101165 0.318500 0.041904
v -0.096570 0.318500 0.051618
v -0.091046 0.318500 0.060835
v -0.084645 0.318500 0.069466
v -0.077428 0.318500 0.077428
v -0.069466 0.318500 0.084645
v -0.060835 0.318500 0.091046
v -0.051618 0.318500 0.096570
v -0.041904 0.318500 0.101165
v -0.031786 0.318500 0.104785
v -0.021362 0.318500 0.107396
v -0.010733 0.318500 0.108973
v -0.000000 0.318500 0.109500
v 0.010733 0.318500 0.108973
v 0.021362 0.318500 0.107396
v 0.031786 0.318500 0.104785
v 0.041904 0.318500 0.101165
v 0.051618 0.318500 0.096570
v 0.060835 0.318500 0.091046
v 0.069466 0.318500 0.084645
v 0.077428 0.318500 0.077428
v 0.084645 0.318500 0.069466
v 0.091046 0.318500 0.060835
v 0.096570 0.318500 0.051618
v 0.101165 0.318500 0.041904
v 0.104785 0.318500 0.031786
v 0.107396 0.318500 0.021362
v 0.108973 0.318500 0.010733
v 0.107500 0.320500 0.000000
v 0.106982 0.320500 -0.010537
v 0.105434 0.320500 -0.020972
v 0.102871 0.320500 -0.031206
v 0.099317 0.320500 -0.041138
v 0.094807 0.320500 -0.050675
v 0.089383 0.320500 -0.059724
v 0.083099 0.320500 -0.068197
v 0.076014 0.320500 -0.076014
v 0.068197 0.320500 -0.083099
v 0.059724 0.320500 -0.089383
v 0.050675 0.320500 -0.094807
v 0.041138 0.320500 -0.099317
v 0.031206 0.320500 -0.102871
v 0.020972 0.320500 -0.105434
v 0.010537 0.320500 -0.106982
v 0.000000 0.320500 -0.107500
v -0.010537 0.320500 -0.106982
v -0.020972 0.320500 -0.105434
v -0.031206 0.320500 -0.102871
v -0.041138 0.320500 -0.099317
v -0.050675 0.320500 -0.094807
v -0.059724 0.320500 -0.089383
v -0.068197 0.320500 -0.083099
v -0.076014 0.320500 -0.076014
v -0.083099 0.320500 -0.068197
v -0.089383 0.320500 -0.059724
v -0.094807 0.320500 -0.050675
v -0.099317 0.320500 -0.041138
v -0.102871 0.320500 -0.031206
v -0.105434 0.320500 -0.020972
v -0.106982 0.320500 -0.010537
v -0.107500 0.320500 -0.000000
v -0.106982 0.320500 0.010537
v -0.105434 0.320500 0.020972
v -0.102871 0.320500 0.031206
v -0.099317 0.320500 0.041138
v -0.094807 0.320500 0.050675
v -0.089383 0.320500 0.059724
v -0.083099 0.320500 0.068197
v -0.076014 0.320500 0.076014
v -0.068197 0.320500 0.083099
v -0.059724 0.320500 0.089383
v -0.050675 0.320500 0.094807
v -0.041138 0.320500 0.099317
v -0.031206 0.320500 0.102871
v -0.020972 0.320500 0.105434
v -0.010537 0.320500 0.106982
v -0.000000 0.320500 0.107500
v 0.010537 0.320500 0.106982
v 0.020972 0.320500 0.105434
v 0.031206 0.320500 0.102871
v 0.041138 0.320500 0.099317
v 0.050675 0.320500 0.094807
v 0.059724 0.320500 0.089383
v 0.068197 0.320500 0.083099
v 0.076014 0.320500 0.076014
v 0.083099 0.320500 0.068197
v 0.089383 0.320500 0.059724
v 0.094807 0.320500 0.050675
v 0.099317 0.320500 0.041138
v 0.102871 0.320500 0.031206
v 0.105434 0.320500 0.020972
v 0.106982 0.320500 0.010537
v 0.098000 0.320500 0.000000
v 0.097528 0.320500 -0.009606
v 0.096117 0.320500 -0.019119
v 0.093780 0.320500 -0.028448
v 0.090540 0.320500 -0.037503
v 0.086428 0.320500 -0.046197
v 0.081484 0.320500 -0.054446
v 0.075755 0.320500 -0.062171
v 0.069296 0.320500 -0.069296
v 0.062171 0.320500 -0.075755
v 0.054446 0.320500 -0.081484
v 0.046197 0.320500 -0.086428
v 0.037503 0.320500 -0.090540
v 0.028448 0.320500 -0.093780
v 0.019119 0.320500 -0.096117
v 0.009606 0.320500 -0.097528
v 0.000000 0.320500 -0.098000
v -0.009606 0.320500 -0.097528
v -0.019119 0.320500 -0.096117
v -0.028448 0.320500 -0.093780
v -0.037503 0.320500 -0.090540
v -0.046197 0.320500 -0.086428
v -0.054446 0.320500 -0.081484
v -0.062171 0.320500 -0.075755
v -0.069296 0.320500 -0.069296
v -0.075755 0.320500 -0.062171
v -0.081484 0.320500 -0.054446
v -0.086428 0.320500 -0.046197
v -0.090540 0.320500 -0.037503
v -0.093780 0.320500 -0.028448
v -0.096117 0.320500 -0.019119
v -0.097528 0.320500 -0.009606
v -0.098000 0.320500 -0.000000
v -0.097528 0.320500 0.009606
v -0.096117 0.320500 0.019119
v -0.093780 0.320500 0.028448
v -0.090540 0.320500 0.037503
v -0.086428 0.320500 0.046197
v -0.081484 0.320500 0.054446
v -0.075755 0.320500 0.062171
v -0.069296 0.320500 0.069296
v -0.062171 0.320500 0.075755
v -0.054446 0.320500 0.081484
v -0.046197 0.320500 0.086428
v -0.037503 0.320500 0.090540
v -0.028448 0.320500 0.093780
v -0.019119 0.320500 0.096117
v -0.009606 0.320500 0.097528
v -0.000000 0.320500 0.098000
v 0.009606 0.320500 0.097528
v 0.019119 0.320500 0.096117
v 0.028448 0.320500 0.093780
v 0.037503 0.320500 0.090540
v 0.046197 0.320500 0.086428
v 0.054446 0.320500 0.081484
v 0.062171 0.320500 0.075755
v 0.069296 0.320500 0.069296
v 0.075755 0.320500 0.062171
v 0.081484 0.320500 0.054446
v 0.086428 0.320500 0.046197
v 0.090540 0.320500 0.037503
v 0.093780 0.320500 0.028448
v 0.096117 0.320500 0.019119
v 0.097528 0.320500 0.009606
vn 0.8441 0.5362 -0.0000
vn 0.8401 0.5362 -0.0827
vn 0.9734 0.2079 -0.0959
vn 0.9782 0.2079 -0.0000
vn -0.0000 -1.0000 -0.0000
vn 0.5914 -0.8064 -0.0000
vn 0.5885 -0.8064 -0.0580
vn 0.5800 -0.8064 -0.1154
vn 0.5659 -0.8064 -0.1717
vn 0.5463 -0.8064 -0.2263
vn 0.5215 -0.8064 -0.2788
vn 0.4917 -0.8064 -0.3285
vn 0.4571 -0.8064 -0.3752
vn 0.4182 -0.8064 -0.4182
vn 0.3752 -0.8064 -0.4571
vn 0.3285 -0.8064 -0.4917
vn 0.2788 -0.8064 -0.5215
vn 0.2263 -0.8064 -0.5463
vn 0.1717 -0.8064 -0.5659
vn 0.1154 -0.8064 -0.5800
vn 0.0580 -0.8064 -0.5885
vn -0.0000 -0.8064 -0.5914
vn -0.0580 -0.8064 -0.5885
vn -0.1154 -0.8064 -0.5800
vn -0.1717 -0.8064 -0.5659
vn -0.2263 -0.8064 -0.5463
vn -0.2788 -0.8064 -0.5215
vn -0.3285 -0.8064 -0.4917
vn -0.3752 -0.8064 -0.4571
vn -0.4182 -0.8064 -0.4182
vn -0.4571 -0.8064 -0.3752
vn -0.4917 -0.8064 -0.3285
vn -0.5215 -0.8064 -0.2788
vn -0.5463 -0.8064 -0.2263
vn -0.5659 -0.8064 -0.1717
vn -0.5800 -0.8064 -0.1154
vn -0.5885 -0.8064 -0.0580
vn -0.5914 -0.8064 -0.0000
vn -0.5885 -0.8064 0.0580
vn -0.5800 -0.8064 0.1154
vn -0.5659 -0.8064 0.1717
vn -0.5463 -0.8064 0.2263
vn -0.5215 -0.8064 0.2788
vn -0.4917 -0.8064 0.3285
vn -0.4571 -0.8064 0.3752
vn -0.4182 -0.8064 0.4182
vn -0.3752 -0.8064 0.4571
vn -0.3285 -0.8064 0.4917
vn -0.2788 -0.8064 0.5215
vn -0.2263 -0.8064 0.5463
vn -0.1717 -0.8064 0.5659
vn -0.1154 -0.8064 0.5800
vn -0.0580 -0.8064 0.5885
vn -0.0000 -0.8064 0.5914
vn 0.0580 -0.8064 0.5885
vn 0.1154 -0.8064 0.5800
vn 0.1717 -0.8064 0.5659
vn 0.2263 -0.8064 0.5463
vn 0.2788 -0.8064 0.5215
vn 0.3285 -0.8064 0.4917
vn 0.3752 -0.8064 0.4571
vn 0.4182 -0.8064 0.4182
vn 0.4571 -0.8064 0.3752
vn 0.4917 -0.8064 0.3285
vn 0.5215 -0.8064 0.2788
vn 0.5463 -0.8064 0.2263
vn 0.5659 -0.8064 0.1717
vn 0.5800 -0.8064 0.1154
vn 0.5885 -0.8064 0.0580
vn 0.7071 -0.7071 -0.0000
vn 0.7037 -0.7071 -0.0693
vn 0.7740 -0.6285 -0.0762
vn 0.7778 -0.6285 -0.0000
vn 0.6935 -0.7071 -0.1379
vn 0.7628 -0.6285 -0.1517
vn 0.6767 -0.7071 -0.2053
vn 0.7443 -0.6285 -0.2258
vn 0.6533 -0.7071 -0.2706
vn 0.7186 -0.6285 -0.2976
vn 0.6236 -0.7071 -0.3333
vn 0.6859 -0.6285 -0.3666
vn 0.5879 -0.7071 -0.3928
vn 0.6467 -0.6285 -0.4321
vn 0.5466 -0.7071 -0.4486
vn 0.6012 -0.6285 -0.4934
vn 0.5000 -0.7071 -0.5000
vn 0.5500 -0.6285 -0.5500
vn 0.4486 -0.7071 -0.5466
vn 0.4934 -0.6285 -0.6012
vn 0.3928 -0.7071 -0.5879
vn 0.4321 -0.6285 -0.6467
vn 0.3333 -0.7071 -0.6236
vn 0.3666 -0.6285 -0.6859
vn 0.2706 -0.7071 -0.6533
vn 0.2976 -0.6285 -0.7186
vn 0.2053 -0.7071 -0.6767
vn 0.2258 -0.6285 -0.7443
vn 0.1379 -0.7071 -0.6935
vn 0.1517 -0.6285 -0.7628
vn 0.0693 -0.7071 -0.7037
vn 0.0762 -0.6285 -0.7740
vn -0.0000 -0.7071 -0.7071
vn -0.0000 -0.6285 -0.7778
vn -0.0693 -0.7071 -0.7037
vn -0.0762 -0.6285 -0.7740
vn -0.1379 -0.7071 -0.6935
vn -0.1517 -0.6285 -0.7628
vn -0.2053 -0.7071 -0.6767
vn -0.2258 -0.6285 -0.7443
vn -0.2706 -0.7071 -0.6533
vn -0.2976 -0.6285 -0.7186
vn -0.3333 -0.7071 -0.6236
vn -0.3666 -0.6285 -0.6859
vn -0.3928 -0.7071 -0.5879
vn -0.4321 -0.6285 -0.6467
vn -0.4486 -0.7071 -0.5466
vn -0.4934 -0.6285 -0.6012
vn -0.5000 -0.7071 -0.5000
vn -0.5500 -0.6285 -0.5500
vn -0.5466 -0.7071 -0.4486
vn -0.6012 -0.6285 -0.4934
vn -0.5879 -0.7071 -0.3928
vn -0.6467 -0.6285 -0.4321
vn -0.6236 -0.7071 -0.3333
vn -0.6859 -0.6285 -0.3666
vn -0.6533 -0.7071 -0.2706
vn -0.7186 -0.6285 -0.2976
vn -0.6767 -0.7071 -0.2053
vn -0.7443 -0.6285 -0.2258
vn -0.6935 -0.7071 -0.1379
vn -0.7628 -0.6285 -0.1517
vn -0.7037 -0.7071 -0.0693
vn -0.7740 -0.6285 -0.0762
vn -0.7071 -0.7071 -0.0000
vn -0.7778 -0.6285 -0.0000
vn -0.7037 -0.7071 0.0693
vn -0.7740 -0.6285 0.0762
vn -0.6935 -0.7071 0.1379
vn -0.7628 -0.6285 0.1517
vn -0.6767 -0.7071 0.2053
vn -0.7443 -0.6285 0.2258
vn -0.6533 -0.7071 0.2706
vn -0.7186 -0.6285 0.2976
vn -0.6236 -0.7071 0.3333
vn -0.6859 -0.6285 0.3666
vn -0.5879 -0.7071 0.3928
vn -0.6467 -0.6285 0.4321
vn -0.5466 -0.7071 0.4486
vn -0.6012 -0.6285 0.4934
vn -0.5000 -0.7071 0.5000
vn -0.5500 -0.6285 0.5500
vn -0.4486 -0.7071 0.5466
vn -0.4934 -0.6285 0.6012
vn -0.3928 -0.7071 0.5879
vn -0.4321 -0.6285 0.6467
vn -0.3333 -0.7071 0.6236
vn -0.3666 -0.6285 0.6859
vn -0.2706 -0.7071 0.6533
vn -0.2976 -0.6285 0.7186
vn -0.2053 -0.7071 0.6767
vn -0.2258 -0.6285 0.7443
vn -0.1379 -0.7071 0.6935
vn -0.1517 -0.6285 0.7628
vn -0.0693 -0.7071 0.7037
vn -0.0762 -0.6285 0.7740
vn -0.0000 -0.7071 0.7071
vn -0.0000 -0.6285 0.7778
vn 0.0693 -0.7071 0.7037
vn 0.0762 -0.6285 0.7740
vn 0.1379 -0.7071 0.6935
vn 0.1517 -0.6285 0.7628
vn 0.2053 -0.7071 0.6767
vn 0.2258 -0.6285 0.7443
vn 0.2706 -0.7071 0.6533
vn 0.2976 -0.6285 0.7186
vn 0.3333 -0.7071 0.6236
vn 0.3666 -0.6285 0.6859
vn 0.3928 -0.7071 0.5879
vn 0.4321 -0.6285 0.6467
vn 0.4486 -0.7071 0.5466
vn 0.4934 -0.6285 0.6012
vn 0.5000 -0.7071 0.5000
vn 0.5500 -0.6285 0.5500
vn 0.5466 -0.7071 0.4486
vn 0.6012 -0.6285 0.4934
vn 0.5879 -0.7071 0.3928
vn 0.6467 -0.6285 0.4321
vn 0.6236 -0.7071 0.3333
vn 0.6859 -0.6285 0.3666
vn 0.6533 -0.7071 0.2706
vn 0.7186 -0.6285 0.2976
vn 0.6767 -0.7071 0.2053
vn 0.7443 -0.6285 0.2258
vn 0.6935 -0.7071 0.1379
vn 0.7628 -0.6285 0.1517
vn 0.7037 -0.7071 0.0693
vn 0.7740 -0.6285 0.0762
vn 0.9940 -0.0484 -0.0979
vn 0.9988 -0.0484 -0.0000
vn 0.9796 -0.0484 -0.1948
vn 0.9558 -0.0484 -0.2899
vn 0.9228 -0.0484 -0.3822
vn 0.8809 -0.0484 -0.4708
vn 0.8305 -0.0484 -0.5549
vn 0.7721 -0.0484 -0.6336
vn 0.7063 -0.0484 -0.7063
vn 0.6337 -0.0484 -0.7721
vn 0.5549 -0.0484 -0.8305
vn 0.4709 -0.0485 -0.8809
vn 0.3822 -0.0485 -0.9228
vn 0.2900 -0.0485 -0.9558
vn 0.1949 -0.0484 -0.9796
vn 0.0979 -0.0484 -0.9940
vn -0.0000 -0.0484 -0.9988
vn -0.0979 -0.0484 -0.9940
vn -0.1948 -0.0484 -0.9796
vn -0.2899 -0.0485 -0.9558
vn -0.3822 -0.0484 -0.9228
vn -0.4708 -0.0485 -0.8809
vn -0.5549 -0.0484 -0.8305
vn -0.6336 -0.0484 -0.7721
vn -0.7063 -0.0484 -0.7063
vn -0.7721 -0.0484 -0.6337
vn -0.8305 -0.0484 -0.5549
vn -0.8809 -0.0484 -0.4709
vn -0.9228 -0.0484 -0.3822
vn -0.9558 -0.0484 -0.2900
vn -0.9796 -0.0484 -0.1949
vn -0.9940 -0.0484 -0.0979
vn -0.9988 -0.0484 -0.0000
vn -0.9940 -0.0484 0.0979
vn -0.9796 -0.0484 0.1948
vn -0.9558 -0.0484 0.2899
vn -0.9228 -0.0484 0.3822
vn -0.8809 -0.0484 0.4708
vn -0.8305 -0.0484 0.5549
vn -0.7721 -0.0484 0.6336
vn -0.7063 -0.0484 0.7063
vn -0.6337 -0.0484 0.7721
vn -0.5549 -0.0484 0.8305
vn -0.4709 -0.0485 0.8809
vn -0.3822 -0.0485 0.9228
vn -0.2900 -0.0485 0.9558
vn -0.1949 -0.0484 0.9796
vn -0.0979 -0.0484 0.9940
vn -0.0000 -0.0484 0.9988
vn 0.0979 -0.0484 0.9940
vn 0.1948 -0.0484 0.9796
vn 0.2899 -0.0485 0.9558
vn 0.3822 -0.0484 0.9228
vn 0.4708 -0.0485 0.8809
vn 0.5549 -0.0484 0.8305
vn 0.6336 -0.0484 0.7721
vn 0.7063 -0.0484 0.7063
vn 0.7721 -0.0484 0.6337
vn 0.8305 -0.0484 0.5549
vn 0.8809 -0.0484 0.4709
vn 0.9228 -0.0484 0.3822
vn 0.9558 -0.0484 0.2900
vn 0.9796 -0.0484 0.1949
vn 0.9940 -0.0484 0.0979
vn 0.9917 0.0835 -0.0977
vn 0.9965 0.0835 -0.0000
vn 0.9774 0.0835 -0.1944
vn 0.9536 0.0835 -0.2893
vn 0.9207 0.0835 -0.3813
vn 0.8788 0.0835 -0.4697
vn 0.8286 0.0835 -0.5536
vn 0.7703 0.0835 -0.6322
vn 0.7046 0.0835 -0.7046
vn 0.6322 0.0835 -0.7703
vn 0.5536 0.0835 -0.8286
vn 0.4698 0.0835 -0.8788
vn 0.3813 0.0835 -0.9207
vn 0.2893 0.0835 -0.9536
vn 0.1944 0.0835 -0.9774
vn 0.0977 0.0835 -0.9917
vn -0.0000 0.0835 -0.9965
vn -0.0977 0.0835 -0.9917
vn -0.1944 0.0835 -0.9774
vn -0.2893 0.0835 -0.9536
vn -0.3813 0.0835 -0.9207
vn -0.4697 0.0835 -0.8788
vn -0.5536 0.0835 -0.8286
vn -0.6322 0.0835 -0.7703
vn -0.7046 0.0835 -0.7046
vn -0.7703 0.0835 -0.6322
vn -0.8286 0.0835 -0.5536
vn -0.8788 0.0835 -0.4698
vn -0.9207 0.0835 -0.3813
vn -0.9536 0.0835 -0.2893
vn -0.9774 0.0835 -0.1944
vn -0.9917 0.0835 -0.0977
vn -0.9965 0.0835 -0.0000
vn -0.9917 0.0835 0.0977
vn -0.9774 0.0835 0.1944
vn -0.9536 0.0835 0.2893
vn -0.9207 0.0835 0.3813
vn -0.8788 0.0835 0.4697
vn -0.8286 0.0835 0.5536
vn -0.7703 0.0835 0.6322
vn -0.7046 0.0835 0.7046
vn -0.6322 0.0835 0.7703
vn -0.5536 0.0835 0.8286
vn -0.4698 0.0835 0.8788
vn -0.3813 0.0835 0.9207
vn -0.2893 0.0835 0.9536
vn -0.1944 0.0835 0.9774
vn -0.0977 0.0835 0.9917
vn -0.0000 0.0835 0.9965
vn 0.0977 0.0835 0.9917
vn 0.1944 0.0835 0.9774
vn 0.2893 0.0835 0.9536
vn 0.3813 0.0835 0.9207
vn 0.4697 0.0835 0.8788
vn 0.5536 0.0835 0.8286
vn 0.6322 0.0835 0.7703
vn 0.7046 0.0835 0.7046
vn 0.7703 0.0835 0.6322
vn 0.8286 0.0835 0.5536
vn 0.8788 0.0835 0.4698
vn 0.9207 0.0835 0.3813
vn 0.9536 0.0835 0.2893
vn 0.9774 0.0835 0.1944
vn 0.9917 0.0835 0.0977
vn 0.5717 0.8185 -0.0563
vn 0.5745 0.8185 -0.0000
vn 0.5634 0.8185 -0.1121
vn 0.5497 0.8185 -0.1668
vn 0.5307 0.8185 -0.2199
vn 0.5066 0.8185 -0.2708
vn 0.4776 0.8185 -0.3192
vn 0.4440 0.8185 -0.3644
vn 0.4062 0.8185 -0.4062
vn 0.3644 0.8185 -0.4441
vn 0.3191 0.8185 -0.4777
vn 0.2708 0.8185 -0.5066
vn 0.2198 0.8185 -0.5307
vn 0.1667 0.8185 -0.5497
vn 0.1121 0.8185 -0.5634
vn 0.0563 0.8185 -0.5717
vn -0.0000 0.8185 -0.5745
vn -0.0563 0.8185 -0.5717
vn -0.1121 0.8185 -0.5634
vn -0.1668 0.8185 -0.5497
vn -0.2199 0.8185 -0.5307
vn -0.2708 0.8185 -0.5066
vn -0.3192 0.8185 -0.4776
vn -0.3644 0.8185 -0.4440
vn -0.4062 0.8185 -0.4062
vn -0.4441 0.8185 -0.3644
vn -0.4777 0.8185 -0.3191
vn -0.5066 0.8185 -0.2708
vn -0.5307 0.8185 -0.2198
vn -0.5497 0.8185 -0.1667
vn -0.5634 0.8185 -0.1121
vn -0.5717 0.8185 -0.0563
vn -0.5745 0.8185 -0.0000
vn -0.5717 0.8185 0.0563
vn -0.5634 0.8185 0.1121
vn -0.5497 0.8185 0.1668
vn -0.5307 0.8185 0.2199
vn -0.5066 0.8185 0.2708
vn -0.4776 0.8185 0.3192
vn -0.4440 0.8185 0.3644
vn -0.4062 0.8185 0.4062
vn -0.3644 0.8185 0.4441
vn -0.3191 0.8185 0.4777
vn -0.2708 0.8185 0.5066
vn -0.2198 0.8185 0.5307
vn -0.1667 0.8185 0.5497
vn -0.1121 0.8185 0.5634
vn -0.0563 0.8185 0.5717
vn -0.0000 0.8185 0.5745
vn 0.0563 0.8185 0.5717
vn 0.1121 0.8185 0.5634
vn 0.1668 0.8185 0.5497
vn 0.2199 0.8185 0.5307
vn 0.2708 0.8185 0.5066
vn 0.3192 0.8185 0.4776
vn 0.3644 0.8185 0.4440
vn 0.4062 0.8185 0.4062
vn 0.4441 0.8185 0.3644
vn 0.4777 0.8185 0.3191
vn 0.5066 0.8185 0.2708
vn 0.5307 0.8185 0.2198
vn 0.5497 0.8185 0.1667
vn 0.5634 0.8185 0.1121
vn 0.5717 0.8185 0.0563
vn 0.4765 0.8779 -0.0469
vn 0.4789 0.8779 -0.0000
vn 0.4697 0.8779 -0.0934
vn 0.4582 0.8779 -0.1390
vn 0.4424 0.8779 -0.1832
vn 0.4223 0.8779 -0.2257
vn 0.3982 0.8779 -0.2660
vn 0.3702 0.8779 -0.3038
vn 0.3386 0.8779 -0.3386
vn 0.3038 0.8779 -0.3702
vn 0.2660 0.8779 -0.3982
vn 0.2257 0.8779 -0.4223
vn 0.1832 0.8779 -0.4424
vn 0.1390 0.8779 -0.4582
vn 0.0934 0.8779 -0.4697
vn 0.0469 0.8779 -0.4765
vn -0.0000 0.8779 -0.4789
vn -0.0469 0.8779 -0.4765
vn -0.0934 0.8779 -0.4697
vn -0.1390 0.8779 -0.4582
vn -0.1832 0.8779 -0.4424
vn -0.2257 0.8779 -0.4223
vn -0.2660 0.8779 -0.3982
vn -0.3038 0.8779 -0.3702
vn -0.3386 0.8779 -0.3386
vn -0.3702 0.8779 -0.3038
vn -0.3982 0.8779 -0.2660
vn -0.4223 0.8779 -0.2257
vn -0.4424 0.8779 -0.1832
vn -0.4582 0.8779 -0.1390
vn -0.4697 0.8779 -0.0934
vn -0.4765 0.8779 -0.0469
vn -0.4789 0.8779 -0.0000
vn -0.4765 0.8779 0.0469
vn -0.4697 0.8779 0.0934
vn -0.4582 0.8779 0.1390
vn -0.4424 0.8779 0.1832
vn -0.4223 0.8779 0.2257
vn -0.3982 0.8779 0.2660
vn -0.3702 0.8779 0.3038
vn -0.3386 0.8779 0.3386
vn -0.3038 0.8779 0.3702
vn -0.2660 0.8779 0.3982
vn -0.2257 0.8779 0.4223
vn -0.1832 0.8779 0.4424
vn -0.1390 0.8779 0.4582
vn -0.0934 0.8779 0.4697
vn -0.0469 0.8779 0.4765
vn -0.0000 0.8779 0.4789
vn 0.0469 0.8779 0.4765
vn 0.0934 0.8779 0.4697
vn 0.1390 0.8779 0.4582
vn 0.1832 0.8779 0.4424
vn 0.2257 0.8779 0.4223
vn 0.2660 0.8779 0.3982
vn 0.3038 0.8779 0.3702
vn 0.3386 0.8779 0.3386
vn 0.3702 0.8779 0.3038
vn 0.3982 0.8779 0.2660
vn 0.4223 0.8779 0.2257
vn 0.4424 0.8779 0.1832
vn 0.4582 0.8779 0.1390
vn 0.4697 0.8779 0.0934
vn 0.4765 0.8779 0.0469
vn 0.9314 -0.3640 -0.0000
vn 0.9269 -0.3640 -0.0913
vn 0.9798 -0.1752 -0.0965
vn 0.9845 -0.1752 -0.0000
vn 0.9135 -0.3640 -0.1817
vn 0.9656 -0.1752 -0.1921
vn 0.8913 -0.3640 -0.2704
vn 0.9421 -0.1752 -0.2858
vn 0.8605 -0.3640 -0.3564
vn 0.9096 -0.1752 -0.3768
vn 0.8214 -0.3640 -0.4391
vn 0.8683 -0.1752 -0.4641
vn 0.7744 -0.3640 -0.5174
vn 0.8186 -0.1752 -0.5470
vn 0.7200 -0.3640 -0.5909
vn 0.7611 -0.1752 -0.6246
vn 0.6586 -0.3640 -0.6586
vn 0.6962 -0.1752 -0.6962
vn 0.5909 -0.3640 -0.7200
vn 0.6246 -0.1752 -0.7611
vn 0.5174 -0.3640 -0.7744
vn 0.5470 -0.1752 -0.8186
vn 0.4391 -0.3640 -0.8214
vn 0.4641 -0.1752 -0.8683
vn 0.3564 -0.3640 -0.8605
vn 0.3768 -0.1751 -0.9096
vn 0.2704 -0.3640 -0.8913
vn 0.2858 -0.1752 -0.9421
vn 0.1817 -0.3640 -0.9135
vn 0.1921 -0.1752 -0.9656
vn 0.0913 -0.3640 -0.9269
vn 0.0965 -0.1752 -0.9798
vn -0.0000 -0.3640 -0.9314
vn -0.0000 -0.1751 -0.9845
vn -0.0913 -0.3640 -0.9269
vn -0.0965 -0.1752 -0.9798
vn -0.1817 -0.3640 -0.9135
vn -0.1921 -0.1752 -0.9656
vn -0.2704 -0.3640 -0.8913
vn -0.2858 -0.1752 -0.9421
vn -0.3564 -0.3640 -0.8605
vn -0.3768 -0.1752 -0.9096
vn -0.4391 -0.3640 -0.8214
vn -0.4641 -0.1752 -0.8683
vn -0.5174 -0.3640 -0.7744
vn -0.5470 -0.1752 -0.8186
vn -0.5909 -0.3640 -0.7200
vn -0.6246 -0.1752 -0.7611
vn -0.6586 -0.3640 -0.6586
vn -0.6962 -0.1752 -0.6962
vn -0.7200 -0.3640 -0.5909
vn -0.7611 -0.1752 -0.6246
vn -0.7744 -0.3640 -0.5174
vn -0.8186 -0.1752 -0.5470
vn -0.8214 -0.3640 -0.4391
vn -0.8683 -0.1752 -0.4641
vn -0.8605 -0.3640 -0.3564
vn -0.9096 -0.1752 -0.3768
vn -0.8913 -0.3640 -0.2704
vn -0.9421 -0.1752 -0.2858
vn -0.9135 -0.3640 -0.1817
vn -0.9656 -0.1752 -0.1921
vn -0.9269 -0.3640 -0.0913
vn -0.9798 -0.1752 -0.0965
vn -0.9314 -0.3640 -0.0000
vn -0.9845 -0.1752 -0.0000
vn -0.9269 -0.3640 0.0913
vn -0.9798 -0.1752 0.0965
vn -0.9135 -0.3640 0.1817
vn -0.9656 -0.1752 0.1921
vn -0.8913 -0.3640 0.2704
vn -0.9421 -0.1752 0.2858
vn -0.8605 -0.3640 0.3564
vn -0.9096 -0.1752 0.3768
vn -0.8214 -0.3640 0.4391
vn -0.8683 -0.1752 0.4641
vn -0.7744 -0.3640 0.5174
vn -0.8186 -0.1752 0.5470
vn -0.7200 -0.3640 0.5909
vn -0.7611 -0.1752 0.6246
vn -0.6586 -0.3640 0.6586
vn -0.6962 -0.1752 0.6962
vn -0.5909 -0.3640 0.7200
vn -0.6246 -0.1752 0.7611
vn -0.5174 -0.3640 0.7744
vn -0.5470 -0.1752 0.8186
vn -0.4391 -0.3640 0.8214
vn -0.4641 -0.1752 0.8683
vn -0.3564 -0.3640 0.8605
vn -0.3768 -0.1751 0.9096
vn -0.2704 -0.3640 0.8913
vn -0.2858 -0.1752 0.9421
vn -0.1817 -0.3640 0.9135
vn -0.1921 -0.1752 0.9656
vn -0.0913 -0.3640 0.9269
vn -0.0965 -0.1752 0.9798
vn -0.0000 -0.3640 0.9314
vn -0.0000 -0.1751 0.9845
vn 0.0913 -0.3640 0.9269
vn 0.0965 -0.1752 0.9798
vn 0.1817 -0.3640 0.9135
vn 0.1921 -0.1752 0.9656
vn 0.2704 -0.3640 0.8913
vn 0.2858 -0.1752 0.9421
vn 0.3564 -0.3640 0.8605
vn 0.3768 -0.1752 0.9096
vn 0.4391 -0.3640 0.8214
vn 0.4641 -0.1752 0.8683
vn 0.5174 -0.3640 0.7744
vn 0.5470 -0.1752 0.8186
vn 0.5909 -0.3640 0.7200
vn 0.6246 -0.1752 0.7611
vn 0.6586 -0.3640 0.6586
vn 0.6962 -0.1752 0.6962
vn 0.7200 -0.3640 0.5909
vn 0.7611 -0.1752 0.6246
vn 0.7744 -0.3640 0.5174
vn 0.8186 -0.1752 0.5470
vn 0.8214 -0.3640 0.4391
vn 0.8683 -0.1752 0.4641
vn 0.8605 -0.3640 0.3564
vn 0.9096 -0.1752 0.3768
vn 0.8913 -0.3640 0.2704
vn 0.9421 -0.1752 0.2858
vn 0.9135 -0.3640 0.1817
vn 0.9656 -0.1752 0.1921
vn 0.9269 -0.3640 0.0913
vn 0.9798 -0.1752 0.0965
vn 0.9843 0.1477 -0.0969
vn 0.9890 0.1477 -0.0000
vn 0.9700 0.1477 -0.1930
vn 0.9464 0.1477 -0.2871
vn 0.9137 0.1477 -0.3785
vn 0.8722 0.1477 -0.4662
vn 0.8223 0.1477 -0.5495
vn 0.7645 0.1477 -0.6274
vn 0.6993 0.1477 -0.6993
vn 0.6274 0.1477 -0.7645
vn 0.5495 0.1477 -0.8223
vn 0.4662 0.1477 -0.8722
vn 0.3785 0.1477 -0.9137
vn 0.2871 0.1477 -0.9464
vn 0.1929 0.1477 -0.9700
vn 0.0969 0.1477 -0.9843
vn -0.0000 0.1477 -0.9890
vn -0.0969 0.1477 -0.9843
vn -0.1930 0.1477 -0.9700
vn -0.2871 0.1477 -0.9464
vn -0.3785 0.1477 -0.9137
vn -0.4662 0.1477 -0.8722
vn -0.5495 0.1477 -0.8223
vn -0.6274 0.1477 -0.7645
vn -0.6993 0.1477 -0.6993
vn -0.7645 0.1477 -0.6274
vn -0.8223 0.1477 -0.5495
vn -0.8722 0.1477 -0.4662
vn -0.9137 0.1477 -0.3785
vn -0.9464 0.1477 -0.2871
vn -0.9700 0.1477 -0.1929
vn -0.9843 0.1477 -0.0969
vn -0.9890 0.1477 -0.0000
vn -0.9843 0.1477 0.0969
vn -0.9700 0.1477 0.1930
vn -0.9464 0.1477 0.2871
vn -0.9137 0.1477 0.3785
vn -0.8722 0.1477 0.4662
vn -0.8223 0.1477 0.5495
vn -0.7645 0.1477 0.6274
vn -0.6993 0.1477 0.6993
vn -0.6274 0.1477 0.7645
vn -0.5495 0.1477 0.8223
vn -0.4662 0.1477 0.8722
vn -0.3785 0.1477 0.9137
vn -0.2871 0.1477 0.9464
vn -0.1929 0.1477 0.9700
vn -0.0969 0.1477 0.9843
vn -0.0000 0.1477 0.9890
vn 0.0969 0.1477 0.9843
vn 0.1930 0.1477 0.9700
vn 0.2871 0.1477 0.9464
vn 0.3785 0.1477 0.9137
vn 0.4662 0.1477 0.8722
vn 0.5495 0.1477 0.8223
vn 0.6274 0.1477 0.7645
vn 0.6993 0.1477 0.6993
vn 0.7645 0.1477 0.6274
vn 0.8223 0.1477 0.5495
vn 0.8722 0.1477 0.4662
vn 0.9137 0.1477 0.3785
vn 0.9464 0.1477 0.2871
vn 0.9700 0.1477 0.1929
vn 0.9843 0.1477 0.0969
vn 0.8908 0.4459 -0.0877
vn 0.8951 0.4459 -0.0000
vn 0.8779 0.4459 -0.1746
vn 0.8566 0.4459 -0.2598
vn 0.8270 0.4459 -0.3425
vn 0.7894 0.4459 -0.4220
vn 0.7443 0.4459 -0.4973
vn 0.6919 0.4459 -0.5678
vn 0.6329 0.4459 -0.6329
vn 0.5678 0.4459 -0.6919
vn 0.4973 0.4459 -0.7443
vn 0.4219 0.4459 -0.7894
vn 0.3425 0.4459 -0.8270
vn 0.2598 0.4459 -0.8566
vn 0.1746 0.4459 -0.8779
vn 0.0877 0.4459 -0.8908
vn -0.0000 0.4459 -0.8951
vn -0.0877 0.4459 -0.8908
vn -0.1746 0.4459 -0.8779
vn -0.2598 0.4459 -0.8566
vn -0.3425 0.4459 -0.8270
vn -0.4220 0.4459 -0.7894
vn -0.4973 0.4459 -0.7443
vn -0.5678 0.4459 -0.6919
vn -0.6329 0.4459 -0.6329
vn -0.6919 0.4459 -0.5678
vn -0.7443 0.4459 -0.4973
vn -0.7894 0.4459 -0.4219
vn -0.8270 0.4459 -0.3425
vn -0.8566 0.4459 -0.2598
vn -0.8779 0.4459 -0.1746
vn -0.8908 0.4459 -0.0877
vn -0.8951 0.4459 -0.0000
vn -0.8908 0.4459 0.0877
vn -0.8779 0.4459 0.1746
vn -0.8566 0.4459 0.2598
vn -0.8270 0.4459 0.3425
vn -0.7894 0.4459 0.4220
vn -0.7443 0.4459 0.4973
vn -0.6919 0.4459 0.5678
vn -0.6329 0.4459 0.6329
vn -0.5678 0.4459 0.6919
vn -0.4973 0.4459 0.7443
vn -0.4219 0.4459 0.7894
vn -0.3425 0.4459 0.8270
vn -0.2598 0.4459 0.8566
vn -0.1746 0.4459 0.8779
vn -0.0877 0.4459 0.8908
vn -0.0000 0.4459 0.8951
vn 0.0877 0.4459 0.8908
vn 0.1746 0.4459 0.8779
vn 0.2598 0.4459 0.8566
vn 0.3425 0.4459 0.8270
vn 0.4220 0.4459 0.7894
vn 0.4973 0.4459 0.7443
vn 0.5678 0.4459 0.6919
vn 0.6329 0.4459 0.6329
vn 0.6919 0.4459 0.5678
vn 0.7443 0.4459 0.4973
vn 0.7894 0.4459 0.4219
vn 0.8270 0.4459 0.3425
vn 0.8566 0.4459 0.2598
vn 0.8779 0.4459 0.1746
vn 0.8908 0.4459 0.0877
vn 0.6956 0.7151 -0.0685
vn 0.6990 0.7151 -0.0000
vn 0.6856 0.7151 -0.1364
vn 0.6689 0.7151 -0.2029
vn 0.6458 0.7151 -0.2675
vn 0.6165 0.7151 -0.3295
vn 0.5812 0.7151 -0.3883
vn 0.5403 0.7151 -0.4434
vn 0.4943 0.7151 -0.4943
vn 0.4434 0.7151 -0.5403
vn 0.3883 0.7151 -0.5812
vn 0.3295 0.7151 -0.6165
vn 0.2675 0.7151 -0.6458
vn 0.2029 0.7151 -0.6689
vn 0.1364 0.7151 -0.6856
vn 0.0685 0.7151 -0.6956
vn -0.0000 0.7151 -0.6990
vn -0.0685 0.7151 -0.6956
vn -0.1364 0.7151 -0.6856
vn -0.2029 0.7151 -0.6689
vn -0.2675 0.7151 -0.6458
vn -0.3295 0.7151 -0.6165
vn -0.3883 0.7151 -0.5812
vn -0.4434 0.7151 -0.5403
vn -0.4943 0.7151 -0.4943
vn -0.5403 0.7151 -0.4434
vn -0.5812 0.7151 -0.3883
vn -0.6165 0.7151 -0.3295
vn -0.6458 0.7151 -0.2675
vn -0.6689 0.7151 -0.2029
vn -0.6856 0.7151 -0.1364
vn -0.6956 0.7151 -0.0685
vn -0.6990 0.7151 -0.0000
vn -0.6956 0.7151 0.0685
vn -0.6856 0.7151 0.1364
vn -0.6689 0.7151 0.2029
vn -0.6458 0.7151 0.2675
vn -0.6165 0.7151 0.3295
vn -0.5812 0.7151 0.3883
vn -0.5403 0.7151 0.4434
vn -0.4943 0.7151 0.4943
vn -0.4434 0.7151 0.5403
vn -0.3883 0.7151 0.5812
vn -0.3295 0.7151 0.6165
vn -0.2675 0.7151 0.6458
vn -0.2029 0.7151 0.6689
vn -0.1364 0.7151 0.6856
vn -0.0685 0.7151 0.6956
vn -0.0000 0.7151 0.6990
vn 0.0685 0.7151 0.6956
vn 0.1364 0.7151 0.6856
vn 0.2029 0.7151 0.6689
vn 0.2675 0.7151 0.6458
vn 0.3295 0.7151 0.6165
vn 0.3883 0.7151 0.5812
vn 0.4434 0.7151 0.5403
vn 0.4943 0.7151 0.4943
vn 0.5403 0.7151 0.4434
vn 0.5812 0.7151 0.3883
vn 0.6165 0.7151 0.3295
vn 0.6458 0.7151 0.2675
vn 0.6689 0.7151 0.2029
vn 0.6856 0.7151 0.1364
vn 0.6956 0.7151 0.0685
vn 0.4213 0.9060 -0.0415
vn 0.4234 0.9060 -0.0000
vn 0.4152 0.9060 -0.0826
vn 0.4051 0.9060 -0.1229
vn 0.3911 0.9060 -0.1620
vn 0.3734 0.9060 -0.1996
vn 0.3520 0.9060 -0.2352
vn 0.3273 0.9060 -0.2686
vn 0.2994 0.9060 -0.2994
vn 0.2686 0.9060 -0.3273
vn 0.2352 0.9060 -0.3520
vn 0.1996 0.9060 -0.3734
vn 0.1620 0.9060 -0.3911
vn 0.1229 0.9060 -0.4051
vn 0.0826 0.9060 -0.4152
vn 0.0415 0.9060 -0.4213
vn -0.0000 0.9060 -0.4234
vn -0.0415 0.9060 -0.4213
vn -0.0826 0.9060 -0.4152
vn -0.1229 0.9060 -0.4051
vn -0.1620 0.9060 -0.3911
vn -0.1996 0.9060 -0.3734
vn -0.2352 0.9060 -0.3520
vn -0.2686 0.9060 -0.3273
vn -0.2994 0.9060 -0.2994
vn -0.3273 0.9060 -0.2686
vn -0.3520 0.9060 -0.2352
vn -0.3734 0.9060 -0.1996
vn -0.3911 0.9060 -0.1620
vn -0.4051 0.9060 -0.1229
vn -0.4152 0.9060 -0.0826
vn -0.4213 0.9060 -0.0415
vn -0.4234 0.9060 -0.0000
vn -0.4213 0.9060 0.0415
vn -0.4152 0.9060 0.0826
vn -0.4051 0.9060 0.1229
vn -0.3911 0.9060 0.1620
vn -0.3734 0.9060 0.1996
vn -0.3520 0.9060 0.2352
vn -0.3273 0.9060 0.2686
vn -0.2994 0.9060 0.2994
vn -0.2686 0.9060 0.3273
vn -0.2352 0.9060 0.3520
vn -0.1996 0.9060 0.3734
vn -0.1620 0.9060 0.3911
vn -0.1229 0.9060 0.4051
vn -0.0826 0.9060 0.4152
vn -0.0415 0.9060 0.4213
vn -0.0000 0.9060 0.4234
vn 0.0415 0.9060 0.4213
vn 0.0826 0.9060 0.4152
vn 0.1229 0.9060 0.4051
vn 0.1620 0.9060 0.3911
vn 0.1996 0.9060 0.3734
vn 0.2352 0.9060 0.3520
vn 0.2686 0.9060 0.3273
vn 0.2994 0.9060 0.2994
vn 0.3273 0.9060 0.2686
vn 0.3520 0.9060 0.2352
vn 0.3734 0.9060 0.1996
vn 0.3911 0.9060 0.1620
vn 0.4051 0.9060 0.1229
vn 0.4152 0.9060 0.0826
vn 0.4213 0.9060 0.0415
vn 0.2814 0.9592 -0.0277
vn 0.2828 0.9592 -0.0000
vn 0.2774 0.9592 -0.0552
vn 0.2706 0.9592 -0.0821
vn 0.2613 0.9592 -0.1082
vn 0.2494 0.9592 -0.1333
vn 0.2351 0.9592 -0.1571
vn 0.2186 0.9592 -0.1794
vn 0.2000 0.9592 -0.2000
vn 0.1794 0.9592 -0.2186
vn 0.1571 0.9592 -0.2351
vn 0.1333 0.9592 -0.2494
vn 0.1082 0.9592 -0.2613
vn 0.0821 0.9592 -0.2706
vn 0.0552 0.9592 -0.2774
vn 0.0277 0.9592 -0.2814
vn -0.0000 0.9592 -0.2828
vn -0.0277 0.9592 -0.2814
vn -0.0552 0.9592 -0.2774
vn -0.0821 0.9592 -0.2706
vn -0.1082 0.9592 -0.2613
vn -0.1333 0.9592 -0.2494
vn -0.1571 0.9592 -0.2351
vn -0.1794 0.9592 -0.2186
vn -0.2000 0.9592 -0.2000
vn -0.2186 0.9592 -0.1794
vn -0.2351 0.9592 -0.1571
vn -0.2494 0.9592 -0.1333
vn -0.2613 0.9592 -0.1082
vn -0.2706 0.9592 -0.0821
vn -0.2774 0.9592 -0.0552
vn -0.2814 0.9592 -0.0277
vn -0.2828 0.9592 -0.0000
vn -0.2814 0.9592 0.0277
vn -0.2774 0.9592 0.0552
vn -0.2706 0.9592 0.0821
vn -0.2613 0.9592 0.1082
vn -0.2494 0.9592 0.1333
vn -0.2351 0.9592 0.1571
vn -0.2186 0.9592 0.1794
vn -0.2000 0.9592 0.2000
vn -0.1794 0.9592 0.2186
vn -0.1571 0.9592 0.2351
vn -0.1333 0.9592 0.2494
vn -0.1082 0.9592 0.2613
vn -0.0821 0.9592 0.2706
vn -0.0552 0.9592 0.2774
vn -0.0277 0.9592 0.2814
vn -0.0000 0.9592 0.2828
vn 0.0277 0.9592 0.2814
vn 0.0552 0.9592 0.2774
vn 0.0821 0.9592 0.2706
vn 0.1082 0.9592 0.2613
vn 0.1333 0.9592 0.2494
vn 0.1571 0.9592 0.2351
vn 0.1794 0.9592 0.2186
vn 0.2000 0.9592 0.2000
vn 0.2186 0.9592 0.1794
vn 0.2351 0.9592 0.1571
vn 0.2494 0.9592 0.1333
vn 0.2613 0.9592 0.1082
vn 0.2706 0.9592 0.0821
vn 0.2774 0.9592 0.0552
vn 0.2814 0.9592 0.0277
vn 0.1961 0.9806 -0.0000
vn 0.1952 0.9806 -0.0192
vn 0.2884 0.9571 -0.0284
vn 0.2898 0.9571 -0.0000
vn 0.1923 0.9806 -0.0383
vn 0.2842 0.9571 -0.0565
vn 0.1877 0.9806 -0.0569
vn 0.2773 0.9571 -0.0841
vn 0.1812 0.9806 -0.0751
vn 0.2677 0.9571 -0.1109
vn 0.1730 0.9806 -0.0924
vn 0.2556 0.9571 -0.1366
vn 0.1631 0.9806 -0.1090
vn 0.2410 0.9571 -0.1610
vn 0.1516 0.9806 -0.1244
vn 0.2240 0.9571 -0.1839
vn 0.1387 0.9806 -0.1387
vn 0.2049 0.9571 -0.2049
vn 0.1244 0.9806 -0.1516
vn 0.1839 0.9571 -0.2240
vn 0.1090 0.9806 -0.1631
vn 0.1610 0.9571 -0.2410
vn 0.0924 0.9806 -0.1730
vn 0.1366 0.9571 -0.2556
vn 0.0751 0.9806 -0.1812
vn 0.1109 0.9571 -0.2677
vn 0.0569 0.9806 -0.1877
vn 0.0841 0.9571 -0.2773
vn 0.0383 0.9806 -0.1923
vn 0.0565 0.9571 -0.2842
vn 0.0192 0.9806 -0.1952
vn 0.0284 0.9571 -0.2884
vn -0.0000 0.9806 -0.1961
vn -0.0000 0.9571 -0.2898
vn -0.0192 0.9806 -0.1952
vn -0.0284 0.9571 -0.2884
vn -0.0383 0.9806 -0.1923
vn -0.0565 0.9571 -0.2842
vn -0.0569 0.9806 -0.1877
vn -0.0841 0.9571 -0.2773
vn -0.0751 0.9806 -0.1812
vn -0.1109 0.9571 -0.2677
vn -0.0924 0.9806 -0.1730
vn -0.1366 0.9571 -0.2556
vn -0.1090 0.9806 -0.1631
vn -0.1610 0.9571 -0.2410
vn -0.1244 0.9806 -0.1516
vn -0.1839 0.9571 -0.2240
vn -0.1387 0.9806 -0.1387
vn -0.2049 0.9571 -0.2049
vn -0.1516 0.9806 -0.1244
vn -0.2240 0.9571 -0.1839
vn -0.1631 0.9806 -0.1090
vn -0.2410 0.9571 -0.1610
vn -0.1730 0.9806 -0.0924
vn -0.2556 0.9571 -0.1366
vn -0.1812 0.9806 -0.0751
vn -0.2677 0.9571 -0.1109
vn -0.1877 0.9806 -0.0569
vn -0.2773 0.9571 -0.0841
vn -0.1923 0.9806 -0.0383
vn -0.2842 0.9571 -0.0565
vn -0.1952 0.9806 -0.0192
vn -0.2884 0.9571 -0.0284
vn -0.1961 0.9806 -0.0000
vn -0.2898 0.9571 -0.0000
vn -0.1952 0.9806 0.0192
vn -0.2884 0.9571 0.0284
vn -0.1923 0.9806 0.0383
vn -0.2842 0.9571 0.0565
vn -0.1877 0.9806 0.0569
vn -0.2773 0.9571 0.0841
vn -0.1812 0.9806 0.0751
vn -0.2677 0.9571 0.1109
vn -0.1730 0.9806 0.0924
vn -0.2556 0.9571 0.1366
vn -0.1631 0.9806 0.1090
vn -0.2410 0.9571 0.1610
vn -0.1516 0.9806 0.1244
vn -0.2240 0.9571 0.1839
vn -0.1387 0.9806 0.1387
vn -0.2049 0.9571 0.2049
vn -0.1244 0.9806 0.1516
vn -0.1839 0.9571 0.2240
vn -0.1090 0.9806 0.1631
vn -0.1610 0.9571 0.2410
vn -0.0924 0.9806 0.1730
vn -0.1366 0.9571 0.2556
vn -0.0751 0.9806 0.1812
vn -0.1109 0.9571 0.2677
vn -0.0569 0.9806 0.1877
vn -0.0841 0.9571 0.2773
vn -0.0383 0.9806 0.1923
vn -0.0565 0.9571 0.2842
vn -0.0192 0.9806 0.1952
vn -0.0284 0.9571 0.2884
vn -0.0000 0.9806 0.1961
vn -0.0000 0.9571 0.2898
vn 0.0192 0.9806 0.1952
vn 0.0284 0.9571 0.2884
vn 0.0383 0.9806 0.1923
vn 0.0565 0.9571 0.2842
vn 0.0569 0.9806 0.1877
vn 0.0841 0.9571 0.2773
vn 0.0751 0.9806 0.1812
vn 0.1109 0.9571 0.2677
vn 0.0924 0.9806 0.1730
vn 0.1366 0.9571 0.2556
vn 0.1090 0.9806 0.1631
vn 0.1610 0.9571 0.2410
vn 0.1244 0.9806 0.1516
vn 0.1839 0.9571 0.2240
vn 0.1387 0.9806 0.1387
vn 0.2049 0.9571 0.2049
vn 0.1516 0.9806 0.1244
vn 0.2240 0.9571 0.1839
vn 0.1631 0.9806 0.1090
vn 0.2410 0.9571 0.1610
vn 0.1730 0.9806 0.0924
vn 0.2556 0.9571 0.1366
vn 0.1812 0.9806 0.0751
vn 0.2677 0.9571 0.1109
vn 0.1877 0.9806 0.0569
vn 0.2773 0.9571 0.0841
vn 0.1923 0.9806 0.0383
vn 0.2842 0.9571 0.0565
vn 0.1952 0.9806 0.0192
vn 0.2884 0.9571 0.0284
vn 0.3646 0.9305 -0.0359
vn 0.3664 0.9305 -0.0000
vn 0.3593 0.9305 -0.0715
vn 0.3506 0.9305 -0.1063
vn 0.3384 0.9305 -0.1402
vn 0.3231 0.9305 -0.1727
vn 0.3046 0.9305 -0.2035
vn 0.2832 0.9305 -0.2324
vn 0.2591 0.9305 -0.2591
vn 0.2324 0.9305 -0.2832
vn 0.2035 0.9305 -0.3046
vn 0.1727 0.9305 -0.3231
vn 0.1402 0.9305 -0.3384
vn 0.1064 0.9305 -0.3506
vn 0.0715 0.9305 -0.3593
vn 0.0359 0.9305 -0.3646
vn -0.0000 0.9305 -0.3663
vn -0.0359 0.9305 -0.3646
vn -0.0715 0.9305 -0.3593
vn -0.1064 0.9305 -0.3506
vn -0.1402 0.9305 -0.3384
vn -0.1727 0.9305 -0.3231
vn -0.2035 0.9305 -0.3046
vn -0.2324 0.9305 -0.2832
vn -0.2590 0.9305 -0.2590
vn -0.2832 0.9305 -0.2324
vn -0.3046 0.9305 -0.2035
vn -0.3231 0.9305 -0.1727
vn -0.3384 0.9305 -0.1402
vn -0.3506 0.9305 -0.1063
vn -0.3593 0.9305 -0.0715
vn -0.3646 0.9305 -0.0359
vn -0.3664 0.9305 -0.0000
vn -0.3646 0.9305 0.0359
vn -0.3593 0.9305 0.0715
vn -0.3506 0.9305 0.1063
vn -0.3384 0.9305 0.1402
vn -0.3231 0.9305 0.1727
vn -0.3046 0.9305 0.2035
vn -0.2832 0.9305 0.2324
vn -0.2591 0.9305 0.2591
vn -0.2324 0.9305 0.2832
vn -0.2035 0.9305 0.3046
vn -0.1727 0.9305 0.3231
vn -0.1402 0.9305 0.3384
vn -0.1064 0.9305 0.3506
vn -0.0715 0.9305 0.3593
vn -0.0359 0.9305 0.3646
vn -0.0000 0.9305 0.3663
vn 0.0359 0.9305 0.3646
vn 0.0715 0.9305 0.3593
vn 0.1064 0.9305 0.3506
vn 0.1402 0.9305 0.3384
vn 0.1727 0.9305 0.3231
vn 0.2035 0.9305 0.3046
vn 0.2324 0.9305 0.2832
vn 0.2590 0.9305 0.2590
vn 0.2832 0.9305 0.2324
vn 0.3046 0.9305 0.2035
vn 0.3231 0.9305 0.1727
vn 0.3384 0.9305 0.1402
vn 0.3506 0.9305 0.1063
vn 0.3593 0.9305 0.0715
vn 0.3646 0.9305 0.0359
vn 0.4846 0.8734 -0.0477
vn 0.4869 0.8734 -0.0000
vn 0.4776 0.8734 -0.0950
vn 0.4660 0.8734 -0.1414
vn 0.4499 0.8734 -0.1863
vn 0.4294 0.8734 -0.2295
vn 0.4049 0.8734 -0.2705
vn 0.3764 0.8734 -0.3089
vn 0.3443 0.8734 -0.3443
vn 0.3089 0.8734 -0.3764
vn 0.2705 0.8734 -0.4049
vn 0.2295 0.8734 -0.4294
vn 0.1863 0.8734 -0.4499
vn 0.1414 0.8734 -0.4660
vn 0.0950 0.8734 -0.4776
vn 0.0477 0.8734 -0.4846
vn -0.0000 0.8734 -0.4869
vn -0.0477 0.8734 -0.4846
vn -0.0950 0.8734 -0.4776
vn -0.1414 0.8734 -0.4660
vn -0.1863 0.8734 -0.4499
vn -0.2295 0.8734 -0.4294
vn -0.2705 0.8734 -0.4049
vn -0.3089 0.8734 -0.3764
vn -0.3443 0.8734 -0.3443
vn -0.3764 0.8734 -0.3089
vn -0.4049 0.8734 -0.2705
vn -0.4294 0.8734 -0.2295
vn -0.4499 0.8734 -0.1863
vn -0.4660 0.8734 -0.1414
vn -0.4776 0.8734 -0.0950
vn -0.4846 0.8734 -0.0477
vn -0.4869 0.8734 -0.0000
vn -0.4846 0.8734 0.0477
vn -0.4776 0.8734 0.0950
vn -0.4660 0.8734 0.1414
vn -0.4499 0.8734 0.1863
vn -0.4294 0.8734 0.2295
vn -0.4049 0.8734 0.2705
vn -0.3764 0.8734 0.3089
vn -0.3443 0.8734 0.3443
vn -0.3089 0.8734 0.3764
vn -0.2705 0.8734 0.4049
vn -0.2295 0.8734 0.4294
vn -0.1863 0.8734 0.4499
vn -0.1414 0.8734 0.4660
vn -0.0950 0.8734 0.4776
vn -0.0477 0.8734 0.4846
vn -0.0000 0.8734 0.4869
vn 0.0477 0.8734 0.4846
vn 0.0950 0.8734 0.4776
vn 0.1414 0.8734 0.4660
vn 0.1863 0.8734 0.4499
vn 0.2295 0.8734 0.4294
vn 0.2705 0.8734 0.4049
vn 0.3089 0.8734 0.3764
vn 0.3443 0.8734 0.3443
vn 0.3764 0.8734 0.3089
vn 0.4049 0.8734 0.2705
vn 0.4294 0.8734 0.2295
vn 0.4499 0.8734 0.1863
vn 0.4660 0.8734 0.1414
vn 0.4776 0.8734 0.0950
vn 0.4846 0.8734 0.0477
vn 0.6459 0.7608 -0.0636
vn 0.6490 0.7608 -0.0000
vn 0.6366 0.7608 -0.1266
vn 0.6211 0.7608 -0.1884
vn 0.5996 0.7608 -0.2484
vn 0.5724 0.7608 -0.3060
vn 0.5397 0.7608 -0.3606
vn 0.5017 0.7608 -0.4117
vn 0.4589 0.7608 -0.4589
vn 0.4117 0.7608 -0.5017
vn 0.3606 0.7608 -0.5397
vn 0.3060 0.7608 -0.5724
vn 0.2484 0.7608 -0.5996
vn 0.1884 0.7608 -0.6211
vn 0.1266 0.7608 -0.6366
vn 0.0636 0.7608 -0.6459
vn -0.0000 0.7608 -0.6490
vn -0.0636 0.7608 -0.6459
vn -0.1266 0.7608 -0.6366
vn -0.1884 0.7608 -0.6211
vn -0.2484 0.7608 -0.5996
vn -0.3060 0.7608 -0.5724
vn -0.3606 0.7608 -0.5397
vn -0.4117 0.7608 -0.5017
vn -0.4589 0.7608 -0.4589
vn -0.5017 0.7608 -0.4117
vn -0.5397 0.7608 -0.3606
vn -0.5724 0.7608 -0.3060
vn -0.5996 0.7608 -0.2484
vn -0.6211 0.7608 -0.1884
vn -0.6366 0.7608 -0.1266
vn -0.6459 0.7608 -0.0636
vn -0.6490 0.7608 -0.0000
vn -0.6459 0.7608 0.0636
vn -0.6366 0.7608 0.1266
vn -0.6211 0.7608 0.1884
vn -0.5996 0.7608 0.2484
vn -0.5724 0.7608 0.3060
vn -0.5397 0.7608 0.3606
vn -0.5017 0.7608 0.4117
vn -0.4589 0.7608 0.4589
vn -0.4117 0.7608 0.5017
vn -0.3606 0.7608 0.5397
vn -0.3060 0.7608 0.5724
vn -0.2484 0.7608 0.5996
vn -0.1884 0.7608 0.6211
vn -0.1266 0.7608 0.6366
vn -0.0636 0.7608 0.6459
vn -0.0000 0.7608 0.6490
vn 0.0636 0.7608 0.6459
vn 0.1266 0.7608 0.6366
vn 0.1884 0.7608 0.6211
vn 0.2484 0.7608 0.5996
vn 0.3060 0.7608 0.5724
vn 0.3606 0.7608 0.5397
vn 0.4117 0.7608 0.5017
vn 0.4589 0.7608 0.4589
vn 0.5017 0.7608 0.4117
vn 0.5397 0.7608 0.3606
vn 0.5724 0.7608 0.3060
vn 0.5996 0.7608 0.2484
vn 0.6211 0.7608 0.1884
vn 0.6366 0.7608 0.1266
vn 0.6459 0.7608 0.0636
vn 0.8279 0.5362 -0.1647
vn 0.8078 0.5362 -0.2450
vn 0.7799 0.5362 -0.3230
vn 0.7444 0.5362 -0.3979
vn 0.7019 0.5362 -0.4690
vn 0.6525 0.5362 -0.5355
vn 0.5969 0.5362 -0.5969
vn 0.5355 0.5362 -0.6525
vn 0.4690 0.5362 -0.7019
vn 0.3979 0.5362 -0.7444
vn 0.3230 0.5362 -0.7799
vn 0.2450 0.5362 -0.8078
vn 0.1647 0.5362 -0.8279
vn 0.0827 0.5362 -0.8401
vn -0.0000 0.5362 -0.8441
vn -0.0827 0.5362 -0.8401
vn -0.1647 0.5362 -0.8279
vn -0.2450 0.5362 -0.8078
vn -0.3230 0.5362 -0.7799
vn -0.3979 0.5362 -0.7444
vn -0.4690 0.5362 -0.7019
vn -0.5355 0.5362 -0.6525
vn -0.5969 0.5362 -0.5969
vn -0.6525 0.5362 -0.5355
vn -0.7019 0.5362 -0.4690
vn -0.7444 0.5362 -0.3979
vn -0.7799 0.5362 -0.3230
vn -0.8078 0.5362 -0.2450
vn -0.8279 0.5362 -0.1647
vn -0.8401 0.5362 -0.0827
vn -0.8441 0.5362 -0.0000
vn -0.8401 0.5362 0.0827
vn -0.8279 0.5362 0.1647
vn -0.8078 0.5362 0.2450
vn -0.7799 0.5362 0.3230
vn -0.7444 0.5362 0.3979
vn -0.7019 0.5362 0.4690
vn -0.6525 0.5362 0.5355
vn -0.5969 0.5362 0.5969
vn -0.5355 0.5362 0.6525
vn -0.4690 0.5362 0.7019
vn -0.3979 0.5362 0.7444
vn -0.3230 0.5362 0.7799
vn -0.2450 0.5362 0.8078
vn -0.1647 0.5362 0.8279
vn -0.0827 0.5362 0.8401
vn -0.0000 0.5362 0.8441
vn 0.0827 0.5362 0.8401
vn 0.1647 0.5362 0.8279
vn 0.2450 0.5362 0.8078
vn 0.3230 0.5362 0.7799
vn 0.3979 0.5362 0.7444
vn 0.4690 0.5362 0.7019
vn 0.5355 0.5362 0.6525
vn 0.5969 0.5362 0.5969
vn 0.6525 0.5362 0.5355
vn 0.7019 0.5362 0.4690
vn 0.7444 0.5362 0.3979
vn 0.7799 0.5362 0.3230
vn 0.8078 0.5362 0.2450
vn 0.8279 0.5362 0.1647
vn 0.8401 0.5362 0.0827
vn 0.9594 0.2079 -0.1908
vn 0.9360 0.2079 -0.2839
vn 0.9037 0.2079 -0.3743
vn 0.8627 0.2079 -0.4611
vn 0.8133 0.2079 -0.5434
vn 0.7561 0.2079 -0.6205
vn 0.6917 0.2079 -0.6917
vn 0.6205 0.2079 -0.7561
vn 0.5434 0.2079 -0.8133
vn 0.4611 0.2079 -0.8627
vn 0.3743 0.2079 -0.9037
vn 0.2839 0.2079 -0.9360
vn 0.1908 0.2079 -0.9594
vn 0.0959 0.2079 -0.9734
vn -0.0000 0.2079 -0.9782
vn -0.0959 0.2079 -0.9734
vn -0.1908 0.2079 -0.9594
vn -0.2839 0.2079 -0.9360
vn -0.3743 0.2079 -0.9037
vn -0.4611 0.2079 -0.8627
vn -0.5434 0.2079 -0.8133
vn -0.6205 0.2079 -0.7561
vn -0.6917 0.2079 -0.6917
vn -0.7561 0.2079 -0.6205
vn -0.8133 0.2079 -0.5434
vn -0.8627 0.2079 -0.4611
vn -0.9037 0.2079 -0.3743
vn -0.9360 0.2079 -0.2839
vn -0.9594 0.2079 -0.1908
vn -0.9734 0.2079 -0.0959
vn -0.9782 0.2079 -0.0000
vn -0.9734 0.2079 0.0959
vn -0.9594 0.2079 0.1908
vn -0.9360 0.2079 0.2839
vn -0.9037 0.2079 0.3743
vn -0.8627 0.2079 0.4611
vn -0.8133 0.2079 0.5434
vn -0.7561 0.2079 0.6205
vn -0.6917 0.2079 0.6917
vn -0.6205 0.2079 0.7561
vn -0.5434 0.2079 0.8133
vn -0.4611 0.2079 0.8627
vn -0.3743 0.2079 0.9037
vn -0.2839 0.2079 0.9360
vn -0.1908 0.2079 0.9594
vn -0.0959 0.2079 0.9734
vn -0.0000 0.2079 0.9782
vn 0.0959 0.2079 0.9734
vn 0.1908 0.2079 0.9594
vn 0.2839 0.2079 0.9360
vn 0.3743 0.2079 0.9037
vn 0.4611 0.2079 0.8627
vn 0.5434 0.2079 0.8133
vn 0.6205 0.2079 0.7561
vn 0.6917 0.2079 0.6917
vn 0.7561 0.2079 0.6205
vn 0.8133 0.2079 0.5434
vn 0.8627 0.2079 0.4611
vn 0.9037 0.2079 0.3743
vn 0.9360 0.2079 0.2839
vn 0.9594 0.2079 0.1908
vn 0.9734 0.2079 0.0959
vn 0.9828 0.1573 -0.0968
vn 0.9876 0.1573 -0.0000
vn 0.9686 0.1572 -0.1927
vn 0.9450 0.1573 -0.2867
vn 0.9124 0.1573 -0.3779
vn 0.8709 0.1573 -0.4655
vn 0.8211 0.1573 -0.5487
vn 0.7634 0.1573 -0.6265
vn 0.6983 0.1573 -0.6983
vn 0.6265 0.1572 -0.7634
vn 0.5487 0.1572 -0.8211
vn 0.4655 0.1573 -0.8709
vn 0.3779 0.1572 -0.9124
vn 0.2867 0.1573 -0.9450
vn 0.1927 0.1573 -0.9686
vn 0.0968 0.1573 -0.9828
vn -0.0000 0.1573 -0.9876
vn -0.0968 0.1573 -0.9828
vn -0.1927 0.1573 -0.9686
vn -0.2867 0.1573 -0.9450
vn -0.3779 0.1573 -0.9124
vn -0.4655 0.1572 -0.8710
vn -0.5487 0.1573 -0.8211
vn -0.6265 0.1573 -0.7634
vn -0.6983 0.1573 -0.6983
vn -0.7634 0.1573 -0.6265
vn -0.8211 0.1573 -0.5487
vn -0.8709 0.1573 -0.4655
vn -0.9124 0.1573 -0.3779
vn -0.9450 0.1572 -0.2867
vn -0.9686 0.1573 -0.1927
vn -0.9828 0.1572 -0.0968
vn -0.9876 0.1573 -0.0000
vn -0.9828 0.1573 0.0968
vn -0.9686 0.1572 0.1927
vn -0.9450 0.1573 0.2867
vn -0.9124 0.1573 0.3779
vn -0.8709 0.1573 0.4655
vn -0.8211 0.1573 0.5487
vn -0.7634 0.1573 0.6265
vn -0.6983 0.1573 0.6983
vn -0.6265 0.1572 0.7634
vn -0.5487 0.1572 0.8211
vn -0.4655 0.1573 0.8709
vn -0.3779 0.1572 0.9124
vn -0.2867 0.1573 0.9450
vn -0.1927 0.1573 0.9686
vn -0.0968 0.1573 0.9828
vn -0.0000 0.1573 0.9876
vn 0.0968 0.1573 0.9828
vn 0.1927 0.1573 0.9686
vn 0.2867 0.1573 0.9450
vn 0.3779 0.1573 0.9124
vn 0.4655 0.1572 0.8710
vn 0.5487 0.1573 0.8211
vn 0.6265 0.1573 0.7634
vn 0.6983 0.1573 0.6983
vn 0.7634 0.1573 0.6265
vn 0.8211 0.1573 0.5487
vn 0.8709 0.1573 0.4655
vn 0.9124 0.1573 0.3779
vn 0.9450 0.1572 0.2867
vn 0.9686 0.1573 0.1927
vn 0.9828 0.1572 0.0968
vn 0.9739 0.2055 -0.0959
vn 0.9787 0.2055 -0.0000
vn 0.9598 0.2055 -0.1909
vn 0.9365 0.2055 -0.2841
vn 0.9041 0.2056 -0.3745
vn 0.8631 0.2055 -0.4613
vn 0.8137 0.2055 -0.5437
vn 0.7565 0.2055 -0.6209
vn 0.6920 0.2056 -0.6920
vn 0.6209 0.2055 -0.7565
vn 0.5437 0.2056 -0.8137
vn 0.4613 0.2056 -0.8631
vn 0.3745 0.2056 -0.9041
vn 0.2841 0.2055 -0.9365
vn 0.1909 0.2054 -0.9599
vn 0.0959 0.2056 -0.9739
vn -0.0000 0.2055 -0.9787
vn -0.0959 0.2055 -0.9739
vn -0.1909 0.2055 -0.9599
vn -0.2841 0.2055 -0.9365
vn -0.3745 0.2056 -0.9041
vn -0.4613 0.2055 -0.8631
vn -0.5437 0.2056 -0.8137
vn -0.6209 0.2055 -0.7565
vn -0.6920 0.2055 -0.6920
vn -0.7565 0.2055 -0.6208
vn -0.8137 0.2055 -0.5437
vn -0.8631 0.2055 -0.4613
vn -0.9042 0.2055 -0.3745
vn -0.9365 0.2055 -0.2841
vn -0.9598 0.2055 -0.1909
vn -0.9739 0.2056 -0.0959
vn -0.9787 0.2055 -0.0000
vn -0.9739 0.2055 0.0959
vn -0.9598 0.2055 0.1909
vn -0.9365 0.2055 0.2841
vn -0.9041 0.2056 0.3745
vn -0.8631 0.2055 0.4613
vn -0.8137 0.2055 0.5437
vn -0.7565 0.2055 0.6209
vn -0.6920 0.2056 0.6920
vn -0.6209 0.2055 0.7565
vn -0.5437 0.2056 0.8137
vn -0.4613 0.2056 0.8631
vn -0.3745 0.2056 0.9041
vn -0.2841 0.2055 0.9365
vn -0.1909 0.2054 0.9599
vn -0.0959 0.2056 0.9739
vn -0.0000 0.2055 0.9787
vn 0.0959 0.2055 0.9739
vn 0.1909 0.2055 0.9599
vn 0.2841 0.2055 0.9365
vn 0.3745 0.2056 0.9041
vn 0.4613 0.2055 0.8631
vn 0.5437 0.2056 0.8137
vn 0.6209 0.2055 0.7565
vn 0.6920 0.2055 0.6920
vn 0.7565 0.2055 0.6208
vn 0.8137 0.2055 0.5437
vn 0.8631 0.2055 0.4613
vn 0.9042 0.2055 0.3745
vn 0.9365 0.2055 0.2841
vn 0.9598 0.2055 0.1909
vn 0.9739 0.2056 0.0959
vn 0.9678 0.2330 -0.0953
vn 0.9725 0.2331 -0.0000
vn 0.9538 0.2329 -0.1897
vn 0.9306 0.2329 -0.2823
vn 0.8984 0.2332 -0.3721
vn 0.8576 0.2330 -0.4584
vn 0.8086 0.2330 -0.5403
vn 0.7517 0.2330 -0.6169
vn 0.6877 0.2328 -0.6877
vn 0.6169 0.2331 -0.7517
vn 0.5403 0.2330 -0.8086
vn 0.4584 0.2328 -0.8577
vn 0.3722 0.2329 -0.8985
vn 0.2823 0.2330 -0.9306
vn 0.1897 0.2331 -0.9538
vn 0.0953 0.2331 -0.9678
vn -0.0000 0.2330 -0.9725
vn -0.0953 0.2332 -0.9677
vn -0.1897 0.2331 -0.9538
vn -0.2823 0.2329 -0.9306
vn -0.3721 0.2331 -0.8984
vn -0.4584 0.2329 -0.8577
vn -0.5403 0.2330 -0.8086
vn -0.6169 0.2330 -0.7517
vn -0.6877 0.2328 -0.6877
vn -0.7517 0.2330 -0.6169
vn -0.8086 0.2330 -0.5403
vn -0.8576 0.2330 -0.4584
vn -0.8984 0.2331 -0.3721
vn -0.9306 0.2329 -0.2823
vn -0.9538 0.2329 -0.1897
vn -0.9678 0.2331 -0.0953
vn -0.9725 0.2331 -0.0000
vn -0.9678 0.2330 0.0953
vn -0.9538 0.2329 0.1897
vn -0.9306 0.2329 0.2823
vn -0.8984 0.2332 0.3721
vn -0.8576 0.2330 0.4584
vn -0.8086 0.2330 0.5403
vn -0.7517 0.2330 0.6169
vn -0.6877 0.2328 0.6877
vn -0.6169 0.2331 0.7517
vn -0.5403 0.2330 0.8086
vn -0.4584 0.2328 0.8577
vn -0.3722 0.2329 0.8985
vn -0.2823 0.2330 0.9306
vn -0.1897 0.2331 0.9538
vn -0.0953 0.2331 0.9678
vn -0.0000 0.2330 0.9725
vn 0.0953 0.2332 0.9677
vn 0.1897 0.2331 0.9538
vn 0.2823 0.2329 0.9306
vn 0.3721 0.2331 0.8984
vn 0.4584 0.2329 0.8577
vn 0.5403 0.2330 0.8086
vn 0.6169 0.2330 0.7517
vn 0.6877 0.2328 0.6877
vn 0.7517 0.2330 0.6169
vn 0.8086 0.2330 0.5403
vn 0.8576 0.2330 0.4584
vn 0.8984 0.2331 0.3721
vn 0.9306 0.2329 0.2823
vn 0.9538 0.2329 0.1897
vn 0.9678 0.2331 0.0953
vn 0.9667 0.2377 -0.0952
vn 0.9714 0.2375 -0.0000
vn 0.9526 0.2379 -0.1895
vn 0.9295 0.2377 -0.2820
vn 0.8974 0.2378 -0.3717
vn 0.8566 0.2377 -0.4579
vn 0.8076 0.2377 -0.5396
vn 0.7509 0.2372 -0.6163
vn 0.6869 0.2372 -0.6869
vn 0.6162 0.2377 -0.7509
vn 0.5397 0.2372 -0.8077
vn 0.4579 0.2377 -0.8566
vn 0.3717 0.2377 -0.8974
vn 0.2820 0.2378 -0.9295
vn 0.1895 0.2377 -0.9527
vn 0.0952 0.2377 -0.9667
vn -0.0000 0.2377 -0.9713
vn -0.0952 0.2375 -0.9667
vn -0.1895 0.2375 -0.9527
vn -0.2820 0.2378 -0.9295
vn -0.3717 0.2375 -0.8974
vn -0.4579 0.2377 -0.8566
vn -0.5396 0.2377 -0.8076
vn -0.6163 0.2372 -0.7509
vn -0.6869 0.2375 -0.6869
vn -0.7509 0.2377 -0.6162
vn -0.8076 0.2377 -0.5396
vn -0.8566 0.2377 -0.4579
vn -0.8974 0.2378 -0.3717
vn -0.9295 0.2377 -0.2820
vn -0.9526 0.2379 -0.1895
vn -0.9667 0.2377 -0.0952
vn -0.9714 0.2375 -0.0000
vn -0.9667 0.2377 0.0952
vn -0.9526 0.2379 0.1895
vn -0.9295 0.2377 0.2820
vn -0.8974 0.2378 0.3717
vn -0.8566 0.2377 0.4579
vn -0.8076 0.2377 0.5396
vn -0.7509 0.2372 0.6163
vn -0.6869 0.2372 0.6869
vn -0.6162 0.2377 0.7509
vn -0.5397 0.2372 0.8077
vn -0.4579 0.2377 0.8566
vn -0.3717 0.2377 0.8974
vn -0.2820 0.2378 0.9295
vn -0.1895 0.2377 0.9527
vn -0.0952 0.2377 0.9667
vn -0.0000 0.2377 0.9713
vn 0.0952 0.2375 0.9667
vn 0.1895 0.2375 0.9527
vn 0.2820 0.2378 0.9295
vn 0.3717 0.2375 0.8974
vn 0.4579 0.2377 0.8566
vn 0.5396 0.2377 0.8076
vn 0.6163 0.2372 0.7509
vn 0.6869 0.2375 0.6869
vn 0.7509 0.2377 0.6162
vn 0.8076 0.2377 0.5396
vn 0.8566 0.2377 0.4579
vn 0.8974 0.2378 0.3717
vn 0.9295 0.2377 0.2820
vn 0.9526 0.2379 0.1895
vn 0.9667 0.2377 0.0952
vn 0.9720 0.2147 -0.0957
vn 0.9767 0.2147 -0.0000
vn 0.9579 0.2147 -0.1905
vn 0.9346 0.2146 -0.2835
vn 0.9023 0.2147 -0.3738
vn 0.8614 0.2147 -0.4604
vn 0.8121 0.2147 -0.5426
vn 0.7550 0.2147 -0.6196
vn 0.6906 0.2147 -0.6906
vn 0.6196 0.2147 -0.7550
vn 0.5426 0.2147 -0.8121
vn 0.4604 0.2147 -0.8614
vn 0.3738 0.2147 -0.9023
vn 0.2835 0.2147 -0.9346
vn 0.1905 0.2147 -0.9579
vn 0.0957 0.2147 -0.9720
vn -0.0000 0.2147 -0.9767
vn -0.0957 0.2147 -0.9720
vn -0.1905 0.2147 -0.9579
vn -0.2835 0.2147 -0.9346
vn -0.3738 0.2147 -0.9023
vn -0.4604 0.2147 -0.8614
vn -0.5426 0.2147 -0.8121
vn -0.6196 0.2147 -0.7550
vn -0.6906 0.2147 -0.6906
vn -0.7550 0.2147 -0.6196
vn -0.8121 0.2147 -0.5426
vn -0.8614 0.2147 -0.4604
vn -0.9024 0.2146 -0.3738
vn -0.9346 0.2147 -0.2835
vn -0.9579 0.2147 -0.1905
vn -0.9720 0.2147 -0.0957
vn -0.9767 0.2147 -0.0000
vn -0.9720 0.2147 0.0957
vn -0.9579 0.2147 0.1905
vn -0.9346 0.2146 0.2835
vn -0.9023 0.2147 0.3738
vn -0.8614 0.2147 0.4604
vn -0.8121 0.2147 0.5426
vn -0.7550 0.2147 0.6196
vn -0.6906 0.2147 0.6906
vn -0.6196 0.2147 0.7550
vn -0.5426 0.2147 0.8121
vn -0.4604 0.2147 0.8614
vn -0.3738 0.2147 0.9023
vn -0.2835 0.2147 0.9346
vn -0.1905 0.2147 0.9579
vn -0.0957 0.2147 0.9720
vn -0.0000 0.2147 0.9767
vn 0.0957 0.2147 0.9720
vn 0.1905 0.2147 0.9579
vn 0.2835 0.2147 0.9346
vn 0.3738 0.2147 0.9023
vn 0.4604 0.2147 0.8614
vn 0.5426 0.2147 0.8121
vn 0.6196 0.2147 0.7550
vn 0.6906 0.2147 0.6906
vn 0.7550 0.2147 0.6196
vn 0.8121 0.2147 0.5426
vn 0.8614 0.2147 0.4604
vn 0.9024 0.2146 0.3738
vn 0.9346 0.2147 0.2835
vn 0.9579 0.2147 0.1905
vn 0.9720 0.2147 0.0957
vn 0.9810 0.1682 -0.0966
vn 0.9857 0.1682 -0.0000
vn 0.9668 0.1682 -0.1923
vn 0.9433 0.1682 -0.2862
vn 0.9107 0.1682 -0.3772
vn 0.8693 0.1682 -0.4647
vn 0.8196 0.1682 -0.5477
vn 0.7620 0.1682 -0.6254
vn 0.6970 0.1682 -0.6970
vn 0.6253 0.1682 -0.7620
vn 0.5476 0.1682 -0.8196
vn 0.4647 0.1682 -0.8694
vn 0.3772 0.1682 -0.9107
vn 0.2861 0.1682 -0.9433
vn 0.1923 0.1682 -0.9668
vn 0.0966 0.1682 -0.9810
vn -0.0000 0.1682 -0.9857
vn -0.0966 0.1682 -0.9810
vn -0.1923 0.1682 -0.9668
vn -0.2862 0.1682 -0.9433
vn -0.3772 0.1682 -0.9107
vn -0.4647 0.1682 -0.8693
vn -0.5477 0.1682 -0.8196
vn -0.6254 0.1682 -0.7620
vn -0.6970 0.1682 -0.6970
vn -0.7620 0.1682 -0.6254
vn -0.8196 0.1682 -0.5476
vn -0.8694 0.1682 -0.4647
vn -0.9107 0.1682 -0.3772
vn -0.9433 0.1682 -0.2861
vn -0.9668 0.1682 -0.1923
vn -0.9810 0.1682 -0.0966
vn -0.9857 0.1682 -0.0000
vn -0.9810 0.1682 0.0966
vn -0.9668 0.1682 0.1923
vn -0.9433 0.1682 0.2862
vn -0.9107 0.1682 0.3772
vn -0.8693 0.1682 0.4647
vn -0.8196 0.1682 0.5477
vn -0.7620 0.1682 0.6254
vn -0.6970 0.1682 0.6970
vn -0.6253 0.1682 0.7620
vn -0.5476 0.1682 0.8196
vn -0.4647 0.1682 0.8694
vn -0.3772 0.1682 0.9107
vn -0.2861 0.1682 0.9433
vn -0.1923 0.1682 0.9668
vn -0.0966 0.1682 0.9810
vn -0.0000 0.1682 0.9857
vn 0.0966 0.1682 0.9810
vn 0.1923 0.1682 0.9668
vn 0.2862 0.1682 0.9433
vn 0.3772 0.1682 0.9107
vn 0.4647 0.1682 0.8693
vn 0.5477 0.1682 0.8196
vn 0.6254 0.1682 0.7620
vn 0.6970 0.1682 0.6970
vn 0.7620 0.1682 0.6254
vn 0.8196 0.1682 0.5476
vn 0.8694 0.1682 0.4647
vn 0.9107 0.1682 0.3772
vn 0.9433 0.1682 0.2861
vn 0.9668 0.1682 0.1923
vn 0.9810 0.1682 0.0966
vn 0.9839 -0.1503 -0.0969
vn 0.9886 -0.1503 -0.0000
vn 0.9696 -0.1503 -0.1929
vn 0.9461 -0.1503 -0.2870
vn 0.9134 -0.1503 -0.3783
vn 0.8719 -0.1503 -0.4660
vn 0.8220 -0.1503 -0.5493
vn 0.7642 -0.1503 -0.6272
vn 0.6991 -0.1503 -0.6991
vn 0.6272 -0.1503 -0.7642
vn 0.5493 -0.1503 -0.8220
vn 0.4660 -0.1503 -0.8719
vn 0.3783 -0.1503 -0.9134
vn 0.2870 -0.1503 -0.9461
vn 0.1929 -0.1503 -0.9696
vn 0.0969 -0.1503 -0.9839
vn -0.0000 -0.1503 -0.9886
vn -0.0969 -0.1503 -0.9839
vn -0.1929 -0.1503 -0.9696
vn -0.2870 -0.1503 -0.9461
vn -0.3783 -0.1503 -0.9134
vn -0.4660 -0.1503 -0.8719
vn -0.5493 -0.1503 -0.8220
vn -0.6272 -0.1503 -0.7642
vn -0.6991 -0.1503 -0.6991
vn -0.7642 -0.1503 -0.6272
vn -0.8220 -0.1503 -0.5493
vn -0.8719 -0.1503 -0.4660
vn -0.9134 -0.1503 -0.3783
vn -0.9461 -0.1503 -0.2870
vn -0.9696 -0.1503 -0.1929
vn -0.9839 -0.1503 -0.0969
vn -0.9886 -0.1503 -0.0000
vn -0.9839 -0.1503 0.0969
vn -0.9696 -0.1503 0.1929
vn -0.9461 -0.1503 0.2870
vn -0.9134 -0.1503 0.3783
vn -0.8719 -0.1503 0.4660
vn -0.8220 -0.1503 0.5493
vn -0.7642 -0.1503 0.6272
vn -0.6991 -0.1503 0.6991
vn -0.6272 -0.1503 0.7642
vn -0.5493 -0.1503 0.8220
vn -0.4660 -0.1503 0.8719
vn -0.3783 -0.1503 0.9134
vn -0.2870 -0.1503 0.9461
vn -0.1929 -0.1503 0.9696
vn -0.0969 -0.1503 0.9839
vn -0.0000 -0.1503 0.9886
vn 0.0969 -0.1503 0.9839
vn 0.1929 -0.1503 0.9696
vn 0.2870 -0.1503 0.9461
vn 0.3783 -0.1503 0.9134
vn 0.4660 -0.1503 0.8719
vn 0.5493 -0.1503 0.8220
vn 0.6272 -0.1503 0.7642
vn 0.6991 -0.1503 0.6991
vn 0.7642 -0.1503 0.6272
vn 0.8220 -0.1503 0.5493
vn 0.8719 -0.1503 0.4660
vn 0.9134 -0.1503 0.3783
vn 0.9461 -0.1503 0.2870
vn 0.9696 -0.1503 0.1929
vn 0.9839 -0.1503 0.0969
vn 0.7642 -0.6405 -0.0753
vn 0.7679 -0.6405 -0.0000
vn 0.7532 -0.6405 -0.1498
vn 0.7349 -0.6405 -0.2229
vn 0.7095 -0.6405 -0.2939
vn 0.6772 -0.6405 -0.3620
vn 0.6385 -0.6405 -0.4266
vn 0.5936 -0.6405 -0.4872
vn 0.5430 -0.6405 -0.5430
vn 0.4872 -0.6405 -0.5936
vn 0.4266 -0.6405 -0.6385
vn 0.3620 -0.6405 -0.6772
vn 0.2939 -0.6405 -0.7095
vn 0.2229 -0.6405 -0.7349
vn 0.1498 -0.6405 -0.7532
vn 0.0753 -0.6405 -0.7642
vn -0.0000 -0.6405 -0.7679
vn -0.0753 -0.6405 -0.7642
vn -0.1498 -0.6405 -0.7532
vn -0.2229 -0.6405 -0.7349
vn -0.2939 -0.6405 -0.7095
vn -0.3620 -0.6405 -0.6772
vn -0.4266 -0.6405 -0.6385
vn -0.4872 -0.6405 -0.5936
vn -0.5430 -0.6405 -0.5430
vn -0.5936 -0.6405 -0.4872
vn -0.6385 -0.6405 -0.4266
vn -0.6772 -0.6405 -0.3620
vn -0.7095 -0.6405 -0.2939
vn -0.7349 -0.6405 -0.2229
vn -0.7532 -0.6405 -0.1498
vn -0.7642 -0.6405 -0.0753
vn -0.7679 -0.6405 -0.0000
vn -0.7642 -0.6405 0.0753
vn -0.7532 -0.6405 0.1498
vn -0.7349 -0.6405 0.2229
vn -0.7095 -0.6405 0.2939
vn -0.6772 -0.6405 0.3620
vn -0.6385 -0.6405 0.4266
vn -0.5936 -0.6405 0.4872
vn -0.5430 -0.6405 0.5430
vn -0.4872 -0.6405 0.5936
vn -0.4266 -0.6405 0.6385
vn -0.3620 -0.6405 0.6772
vn -0.2939 -0.6405 0.7095
vn -0.2229 -0.6405 0.7349
vn -0.1498 -0.6405 0.7532
vn -0.0753 -0.6405 0.7642
vn -0.0000 -0.6405 0.7679
vn 0.0753 -0.6405 0.7642
vn 0.1498 -0.6405 0.7532
vn 0.2229 -0.6405 0.7349
vn 0.2939 -0.6405 0.7095
vn 0.3620 -0.6405 0.6772
vn 0.4266 -0.6405 0.6385
vn 0.4872 -0.6405 0.5936
vn 0.5430 -0.6405 0.5430
vn 0.5936 -0.6405 0.4872
vn 0.6385 -0.6405 0.4266
vn 0.6772 -0.6405 0.3620
vn 0.7095 -0.6405 0.2939
vn 0.7349 -0.6405 0.2229
vn 0.7532 -0.6405 0.1498
vn 0.7642 -0.6405 0.0753
vn 0.3251 -0.9451 -0.0320
vn 0.3266 -0.9451 -0.0000
vn 0.3203 -0.9452 -0.0637
vn 0.3126 -0.9451 -0.0948
vn 0.3018 -0.9451 -0.1250
vn 0.2881 -0.9451 -0.1540
vn 0.2716 -0.9452 -0.1815
vn 0.2525 -0.9451 -0.2072
vn 0.2310 -0.9451 -0.2310
vn 0.2072 -0.9451 -0.2525
vn 0.1815 -0.9451 -0.2716
vn 0.1540 -0.9451 -0.2881
vn 0.1250 -0.9451 -0.3018
vn 0.0948 -0.9451 -0.3126
vn 0.0637 -0.9451 -0.3204
vn 0.0320 -0.9451 -0.3251
vn -0.0000 -0.9451 -0.3266
vn -0.0320 -0.9451 -0.3251
vn -0.0637 -0.9451 -0.3204
vn -0.0948 -0.9451 -0.3126
vn -0.1250 -0.9451 -0.3018
vn -0.1540 -0.9451 -0.2881
vn -0.1815 -0.9451 -0.2716
vn -0.2072 -0.9451 -0.2525
vn -0.2310 -0.9451 -0.2310
vn -0.2525 -0.9451 -0.2072
vn -0.2716 -0.9451 -0.1815
vn -0.2881 -0.9451 -0.1540
vn -0.3018 -0.9451 -0.1250
vn -0.3126 -0.9451 -0.0948
vn -0.3204 -0.9451 -0.0637
vn -0.3251 -0.9451 -0.0320
vn -0.3266 -0.9451 -0.0000
vn -0.3251 -0.9451 0.0320
vn -0.3203 -0.9452 0.0637
vn -0.3126 -0.9451 0.0948
vn -0.3018 -0.9451 0.1250
vn -0.2881 -0.9451 0.1540
vn -0.2716 -0.9452 0.1815
vn -0.2525 -0.9451 0.2072
vn -0.2310 -0.9451 0.2310
vn -0.2072 -0.9451 0.2525
vn -0.1815 -0.9451 0.2716
vn -0.1540 -0.9451 0.2881
vn -0.1250 -0.9451 0.3018
vn -0.0948 -0.9451 0.3126
vn -0.0637 -0.9451 0.3204
vn -0.0320 -0.9451 0.3251
vn -0.0000 -0.9451 0.3266
vn 0.0320 -0.9451 0.3251
vn 0.0637 -0.9451 0.3204
vn 0.0948 -0.9451 0.3126
vn 0.1250 -0.9451 0.3018
vn 0.1540 -0.9451 0.2881
vn 0.1815 -0.9451 0.2716
vn 0.2072 -0.9451 0.2525
vn 0.2310 -0.9451 0.2310
vn 0.2525 -0.9451 0.2072
vn 0.2716 -0.9451 0.1815
vn 0.2881 -0.9451 0.1540
vn 0.3018 -0.9451 0.1250
vn 0.3126 -0.9451 0.0948
vn 0.3204 -0.9451 0.0637
vn 0.3251 -0.9451 0.0320
vn 0.0059 -1.0000 -0.0006
vn 0.0060 -1.0000 -0.0000
vn 0.0059 -1.0000 -0.0012
vn 0.0057 -1.0000 -0.0017
vn 0.0055 -1.0000 -0.0023
vn 0.0053 -1.0000 -0.0028
vn 0.0050 -1.0000 -0.0033
vn 0.0046 -1.0000 -0.0038
vn 0.0042 -1.0000 -0.0042
vn 0.0038 -1.0000 -0.0046
vn 0.0033 -1.0000 -0.0050
vn 0.0028 -1.0000 -0.0053
vn 0.0023 -1.0000 -0.0055
vn 0.0017 -1.0000 -0.0057
vn 0.0012 -1.0000 -0.0059
vn 0.0006 -1.0000 -0.0059
vn -0.0000 -1.0000 -0.0060
vn -0.0006 -1.0000 -0.0059
vn -0.0012 -1.0000 -0.0059
vn -0.0017 -1.0000 -0.0057
vn -0.0023 -1.0000 -0.0055
vn -0.0028 -1.0000 -0.0053
vn -0.0033 -1.0000 -0.0050
vn -0.0038 -1.0000 -0.0046
vn -0.0042 -1.0000 -0.0042
vn -0.0046 -1.0000 -0.0038
vn -0.0050 -1.0000 -0.0033
vn -0.0053 -1.0000 -0.0028
vn -0.0055 -1.0000 -0.0023
vn -0.0057 -1.0000 -0.0017
vn -0.0059 -1.0000 -0.0012
vn -0.0059 -1.0000 -0.0006
vn -0.0060 -1.0000 -0.0000
vn -0.0059 -1.0000 0.0006
vn -0.0059 -1.0000 0.0012
vn -0.0057 -1.0000 0.0017
vn -0.0055 -1.0000 0.0023
vn -0.0053 -1.0000 0.0028
vn -0.0050 -1.0000 0.0033
vn -0.0046 -1.0000 0.0038
vn -0.0042 -1.0000 0.0042
vn -0.0038 -1.0000 0.0046
vn -0.0033 -1.0000 0.0050
vn -0.0028 -1.0000 0.0053
vn -0.0023 -1.0000 0.0055
vn -0.0017 -1.0000 0.0057
vn -0.0012 -1.0000 0.0059
vn -0.0006 -1.0000 0.0059
vn -0.0000 -1.0000 0.0060
vn 0.0006 -1.0000 0.0059
vn 0.0012 -1.0000 0.0059
vn 0.0017 -1.0000 0.0057
vn 0.0023 -1.0000 0.0055
vn 0.0028 -1.0000 0.0053
vn 0.0033 -1.0000 0.0050
vn 0.0038 -1.0000 0.0046
vn 0.0042 -1.0000 0.0042
vn 0.0046 -1.0000 0.0038
vn 0.0050 -1.0000 0.0033
vn 0.0053 -1.0000 0.0028
vn 0.0055 -1.0000 0.0023
vn 0.0057 -1.0000 0.0017
vn 0.0059 -1.0000 0.0012
vn 0.0059 -1.0000 0.0006
vn 0.3303 -0.9439 -0.0000
vn 0.3288 -0.9439 -0.0324
vn 0.3240 -0.9439 -0.0644
vn 0.3161 -0.9439 -0.0959
vn 0.3052 -0.9439 -0.1264
vn 0.2913 -0.9439 -0.1557
vn 0.2747 -0.9439 -0.1835
vn 0.2554 -0.9439 -0.2096
vn 0.2336 -0.9439 -0.2336
vn 0.2096 -0.9439 -0.2554
vn 0.1835 -0.9439 -0.2747
vn 0.1557 -0.9439 -0.2913
vn 0.1264 -0.9439 -0.3052
vn 0.0959 -0.9439 -0.3161
vn 0.0644 -0.9439 -0.3240
vn 0.0324 -0.9439 -0.3288
vn -0.0000 -0.9439 -0.3303
vn -0.0324 -0.9439 -0.3288
vn -0.0644 -0.9439 -0.3240
vn -0.0959 -0.9439 -0.3161
vn -0.1264 -0.9439 -0.3052
vn -0.1557 -0.9439 -0.2913
vn -0.1835 -0.9439 -0.2747
vn -0.2096 -0.9439 -0.2554
vn -0.2336 -0.9439 -0.2336
vn -0.2554 -0.9439 -0.2096
vn -0.2747 -0.9439 -0.1835
vn -0.2913 -0.9439 -0.1557
vn -0.3052 -0.9439 -0.1264
vn -0.3161 -0.9439 -0.0959
vn -0.3240 -0.9439 -0.0644
vn -0.3288 -0.9439 -0.0324
vn -0.3303 -0.9439 -0.0000
vn -0.3288 -0.9439 0.0324
vn -0.3240 -0.9439 0.0644
vn -0.3161 -0.9439 0.0959
vn -0.3052 -0.9439 0.1264
vn -0.2913 -0.9439 0.1557
vn -0.2747 -0.9439 0.1835
vn -0.2554 -0.9439 0.2096
vn -0.2336 -0.9439 0.2336
vn -0.2096 -0.9439 0.2554
vn -0.1835 -0.9439 0.2747
vn -0.1557 -0.9439 0.2913
vn -0.1264 -0.9439 0.3052
vn -0.0959 -0.9439 0.3161
vn -0.0644 -0.9439 0.3240
vn -0.0324 -0.9439 0.3288
vn -0.0000 -0.9439 0.3303
vn 0.0324 -0.9439 0.3288
vn 0.0644 -0.9439 0.3240
vn 0.0959 -0.9439 0.3161
vn 0.1264 -0.9439 0.3052
vn 0.1557 -0.9439 0.2913
vn 0.1835 -0.9439 0.2747
vn 0.2096 -0.9439 0.2554
vn 0.2336 -0.9439 0.2336
vn 0.2554 -0.9439 0.2096
vn 0.2747 -0.9439 0.1835
vn 0.2913 -0.9439 0.1557
vn 0.3052 -0.9439 0.1264
vn 0.3161 -0.9439 0.0959
vn 0.3240 -0.9439 0.0644
vn 0.3288 -0.9439 0.0324
vn 0.8156 -0.5786 -0.0000
vn 0.8117 -0.5786 -0.0799
vn 0.7999 -0.5786 -0.1591
vn 0.7805 -0.5786 -0.2368
vn 0.7535 -0.5786 -0.3121
vn 0.7193 -0.5786 -0.3845
vn 0.6781 -0.5786 -0.4531
vn 0.6305 -0.5786 -0.5174
vn 0.5767 -0.5786 -0.5767
vn 0.5174 -0.5786 -0.6305
vn 0.4531 -0.5786 -0.6781
vn 0.3845 -0.5786 -0.7193
vn 0.3121 -0.5786 -0.7535
vn 0.2368 -0.5786 -0.7805
vn 0.1591 -0.5786 -0.7999
vn 0.0799 -0.5786 -0.8117
vn -0.0000 -0.5786 -0.8156
vn -0.0799 -0.5786 -0.8117
vn -0.1591 -0.5786 -0.7999
vn -0.2368 -0.5786 -0.7805
vn -0.3121 -0.5786 -0.7535
vn -0.3845 -0.5786 -0.7193
vn -0.4531 -0.5786 -0.6781
vn -0.5174 -0.5786 -0.6305
vn -0.5767 -0.5786 -0.5767
vn -0.6305 -0.5786 -0.5174
vn -0.6781 -0.5786 -0.4531
vn -0.7193 -0.5786 -0.3845
vn -0.7535 -0.5786 -0.3121
vn -0.7805 -0.5786 -0.2368
vn -0.7999 -0.5786 -0.1591
vn -0.8117 -0.5786 -0.0799
vn -0.8156 -0.5786 -0.0000
vn -0.8117 -0.5786 0.0799
vn -0.7999 -0.5786 0.1591
vn -0.7805 -0.5786 0.2368
vn -0.7535 -0.5786 0.3121
vn -0.7193 -0.5786 0.3845
vn -0.6781 -0.5786 0.4531
vn -0.6305 -0.5786 0.5174
vn -0.5767 -0.5786 0.5767
vn -0.5174 -0.5786 0.6305
vn -0.4531 -0.5786 0.6781
vn -0.3845 -0.5786 0.7193
vn -0.3121 -0.5786 0.7535
vn -0.2368 -0.5786 0.7805
vn -0.1591 -0.5786 0.7999
vn -0.0799 -0.5786 0.8117
vn -0.0000 -0.5786 0.8156
vn 0.0799 -0.5786 0.8117
vn 0.1591 -0.5786 0.7999
vn 0.2368 -0.5786 0.7805
vn 0.3121 -0.5786 0.7535
vn 0.3845 -0.5786 0.7193
vn 0.4531 -0.5786 0.6781
vn 0.5174 -0.5786 0.6305
vn 0.5767 -0.5786 0.5767
vn 0.6305 -0.5786 0.5174
vn 0.6781 -0.5786 0.4531
vn 0.7193 -0.5786 0.3845
vn 0.7535 -0.5786 0.3121
vn 0.7805 -0.5786 0.2368
vn 0.7999 -0.5786 0.1591
vn 0.8117 -0.5786 0.0799
vn 1.0000 -0.0000 -0.0000
vn 0.9952 -0.0000 -0.0980
vn 0.9808 -0.0000 -0.1951
vn 0.9569 -0.0000 -0.2903
vn 0.9239 -0.0000 -0.3827
vn 0.8819 -0.0000 -0.4714
vn 0.8315 -0.0000 -0.5556
vn 0.7730 -0.0000 -0.6344
vn 0.7071 -0.0000 -0.7071
vn 0.6344 -0.0000 -0.7730
vn 0.5556 -0.0000 -0.8315
vn 0.4714 -0.0000 -0.8819
vn 0.3827 -0.0000 -0.9239
vn 0.2903 -0.0000 -0.9569
vn 0.1951 -0.0000 -0.9808
vn 0.0980 -0.0000 -0.9952
vn -0.0000 -0.0000 -1.0000
vn -0.0980 -0.0000 -0.9952
vn -0.1951 -0.0000 -0.9808
vn -0.2903 -0.0000 -0.9569
vn -0.3827 -0.0000 -0.9239
vn -0.4714 -0.0000 -0.8819
vn -0.5556 -0.0000 -0.8315
vn -0.6344 -0.0000 -0.7730
vn -0.7071 -0.0000 -0.7071
vn -0.7730 -0.0000 -0.6344
vn -0.8315 -0.0000 -0.5556
vn -0.8819 -0.0000 -0.4714
vn -0.9239 -0.0000 -0.3827
vn -0.9569 -0.0000 -0.2903
vn -0.9808 -0.0000 -0.1951
vn -0.9952 -0.0000 -0.0980
vn -1.0000 -0.0000 -0.0000
vn -0.9952 -0.0000 0.0980
vn -0.9808 -0.0000 0.1951
vn -0.9569 -0.0000 0.2903
vn -0.9239 -0.0000 0.3827
vn -0.8819 -0.0000 0.4714
vn -0.8315 -0.0000 0.5556
vn -0.7730 -0.0000 0.6344
vn -0.7071 -0.0000 0.7071
vn -0.6344 -0.0000 0.7730
vn -0.5556 -0.0000 0.8315
vn -0.4714 -0.0000 0.8819
vn -0.3827 -0.0000 0.9239
vn -0.2903 -0.0000 0.9569
vn -0.1951 -0.0000 0.9808
vn -0.0980 -0.0000 0.9952
vn -0.0000 -0.0000 1.0000
vn 0.0980 -0.0000 0.9952
vn 0.1951 -0.0000 0.9808
vn 0.2903 -0.0000 0.9569
vn 0.3827 -0.0000 0.9239
vn 0.4714 -0.0000 0.8819
vn 0.5556 -0.0000 0.8315
vn 0.6344 -0.0000 0.7730
vn 0.7071 -0.0000 0.7071
vn 0.7730 -0.0000 0.6344
vn 0.8315 -0.0000 0.5556
vn 0.8819 -0.0000 0.4714
vn 0.9239 -0.0000 0.3827
vn 0.9569 -0.0000 0.2903
vn 0.9808 -0.0000 0.1951
vn 0.9952 -0.0000 0.0980
vn 0.8156 0.5786 -0.0000
vn 0.8117 0.5786 -0.0799
vn 0.7999 0.5786 -0.1591
vn 0.7805 0.5786 -0.2368
vn 0.7535 0.5786 -0.3121
vn 0.7193 0.5786 -0.3845
vn 0.6781 0.5786 -0.4531
vn 0.6305 0.5786 -0.5174
vn 0.5767 0.5786 -0.5767
vn 0.5174 0.5786 -0.6305
vn 0.4531 0.5786 -0.6781
vn 0.3845 0.5786 -0.7193
vn 0.3121 0.5786 -0.7535
vn 0.2368 0.5786 -0.7805
vn 0.1591 0.5786 -0.7999
vn 0.0799 0.5786 -0.8117
vn -0.0000 0.5786 -0.8156
vn -0.0799 0.5786 -0.8117
vn -0.1591 0.5786 -0.7999
vn -0.2368 0.5786 -0.7805
vn -0.3121 0.5786 -0.7535
vn -0.3845 0.5786 -0.7193
vn -0.4531 0.5786 -0.6781
vn -0.5174 0.5786 -0.6305
vn -0.5767 0.5786 -0.5767
vn -0.6305 0.5786 -0.5174
vn -0.6781 0.5786 -0.4531
vn -0.7193 0.5786 -0.3845
vn -0.7535 0.5786 -0.3121
vn -0.7805 0.5786 -0.2368
vn -0.7999 0.5786 -0.1591
vn -0.8117 0.5786 -0.0799
vn -0.8156 0.5786 -0.0000
vn -0.8117 0.5786 0.0799
vn -0.7999 0.5786 0.1591
vn -0.7805 0.5786 0.2368
vn -0.7535 0.5786 0.3121
vn -0.7193 0.5786 0.3845
vn -0.6781 0.5786 0.4531
vn -0.6305 0.5786 0.5174
vn -0.5767 0.5786 0.5767
vn -0.5174 0.5786 0.6305
vn -0.4531 0.5786 0.6781
vn -0.3845 0.5786 0.7193
vn -0.3121 0.5786 0.7535
vn -0.2368 0.5786 0.7805
vn -0.1591 0.5786 0.7999
vn -0.0799 0.5786 0.8117
vn -0.0000 0.5786 0.8156
vn 0.0799 0.5786 0.8117
vn 0.1591 0.5786 0.7999
vn 0.2368 0.5786 0.7805
vn 0.3121 0.5786 0.7535
vn 0.3845 0.5786 0.7193
vn 0.4531 0.5786 0.6781
vn 0.5174 0.5786 0.6305
vn 0.5767 0.5786 0.5767
vn 0.6305 0.5786 0.5174
vn 0.6781 0.5786 0.4531
vn 0.7193 0.5786 0.3845
vn 0.7535 0.5786 0.3121
vn 0.7805 0.5786 0.2368
vn 0.7999 0.5786 0.1591
vn 0.8117 0.5786 0.0799
vn 0.3304 0.9439 -0.0000
vn 0.3288 0.9439 -0.0324
vn 0.3240 0.9439 -0.0644
vn 0.3161 0.9439 -0.0959
vn 0.3052 0.9439 -0.1264
vn 0.2913 0.9439 -0.1557
vn 0.2747 0.9439 -0.1835
vn 0.2554 0.9439 -0.2096
vn 0.2336 0.9439 -0.2336
vn 0.2096 0.9439 -0.2554
vn 0.1835 0.9439 -0.2747
vn 0.1557 0.9439 -0.2913
vn 0.1264 0.9439 -0.3052
vn 0.0959 0.9439 -0.3161
vn 0.0644 0.9439 -0.3240
vn 0.0324 0.9439 -0.3288
vn -0.0000 0.9439 -0.3304
vn -0.0324 0.9439 -0.3288
vn -0.0644 0.9439 -0.3240
vn -0.0959 0.9439 -0.3161
vn -0.1264 0.9439 -0.3052
vn -0.1557 0.9439 -0.2913
vn -0.1835 0.9439 -0.2747
vn -0.2096 0.9439 -0.2554
vn -0.2336 0.9439 -0.2336
vn -0.2554 0.9439 -0.2096
vn -0.2747 0.9439 -0.1835
vn -0.2913 0.9439 -0.1557
vn -0.3052 0.9439 -0.1264
vn -0.3161 0.9439 -0.0959
vn -0.3240 0.9439 -0.0644
vn -0.3288 0.9439 -0.0324
vn -0.3304 0.9439 -0.0000
vn -0.3288 0.9439 0.0324
vn -0.3240 0.9439 0.0644
vn -0.3161 0.9439 0.0959
vn -0.3052 0.9439 0.1264
vn -0.2913 0.9439 0.1557
vn -0.2747 0.9439 0.1835
vn -0.2554 0.9439 0.2096
vn -0.2336 0.9439 0.2336
vn -0.2096 0.9439 0.2554
vn -0.1835 0.9439 0.2747
vn -0.1557 0.9439 0.2913
vn -0.1264 0.9439 0.3052
vn -0.0959 0.9439 0.3161
vn -0.0644 0.9439 0.3240
vn -0.0324 0.9439 0.3288
vn -0.0000 0.9439 0.3304
vn 0.0324 0.9439 0.3288
vn 0.0644 0.9439 0.3240
vn 0.0959 0.9439 0.3161
vn 0.1264 0.9439 0.3052
vn 0.1557 0.9439 0.2913
vn 0.1835 0.9439 0.2747
vn 0.2096 0.9439 0.2554
vn 0.2336 0.9439 0.2336
vn 0.2554 0.9439 0.2096
vn 0.2747 0.9439 0.1835
vn 0.2913 0.9439 0.1557
vn 0.3052 0.9439 0.1264
vn 0.3161 0.9439 0.0959
vn 0.3240 0.9439 0.0644
vn 0.3288 0.9439 0.0324
vn 0.1191 0.9929 -0.0000
vn 0.1186 0.9929 -0.0117
vn 0.1242 0.9922 -0.0122
vn 0.1248 0.9922 -0.0000
vn 0.1169 0.9929 -0.0232
vn 0.1224 0.9922 -0.0243
vn 0.1140 0.9929 -0.0346
vn 0.1194 0.9922 -0.0362
vn 0.1101 0.9929 -0.0456
vn 0.1153 0.9922 -0.0478
vn 0.1051 0.9929 -0.0562
vn 0.1100 0.9922 -0.0588
vn 0.0991 0.9929 -0.0662
vn 0.1037 0.9922 -0.0693
vn 0.0921 0.9929 -0.0756
vn 0.0965 0.9922 -0.0792
vn 0.0842 0.9929 -0.0842
vn 0.0882 0.9922 -0.0882
vn 0.0756 0.9929 -0.0921
vn 0.0791 0.9922 -0.0965
vn 0.0662 0.9929 -0.0991
vn 0.0693 0.9922 -0.1038
vn 0.0562 0.9929 -0.1051
vn 0.0588 0.9922 -0.1100
vn 0.0456 0.9929 -0.1101
vn 0.0478 0.9922 -0.1153
vn 0.0346 0.9929 -0.1140
vn 0.0362 0.9922 -0.1194
vn 0.0232 0.9929 -0.1169
vn 0.0243 0.9922 -0.1224
vn 0.0117 0.9929 -0.1186
vn 0.0122 0.9922 -0.1242
vn -0.0000 0.9929 -0.1191
vn -0.0000 0.9922 -0.1248
vn -0.0117 0.9929 -0.1186
vn -0.0122 0.9922 -0.1242
vn -0.0232 0.9929 -0.1169
vn -0.0244 0.9922 -0.1224
vn -0.0346 0.9929 -0.1140
vn -0.0362 0.9922 -0.1194
vn -0.0456 0.9929 -0.1101
vn -0.0477 0.9922 -0.1153
vn -0.0562 0.9929 -0.1051
vn -0.0588 0.9922 -0.1100
vn -0.0662 0.9929 -0.0991
vn -0.0693 0.9922 -0.1037
vn -0.0756 0.9929 -0.0921
vn -0.0792 0.9922 -0.0965
vn -0.0842 0.9929 -0.0842
vn -0.0882 0.9922 -0.0882
vn -0.0921 0.9929 -0.0756
vn -0.0965 0.9922 -0.0791
vn -0.0991 0.9929 -0.0662
vn -0.1038 0.9922 -0.0693
vn -0.1051 0.9929 -0.0562
vn -0.1100 0.9922 -0.0588
vn -0.1101 0.9929 -0.0456
vn -0.1153 0.9922 -0.0478
vn -0.1140 0.9929 -0.0346
vn -0.1194 0.9922 -0.0362
vn -0.1169 0.9929 -0.0232
vn -0.1224 0.9922 -0.0243
vn -0.1186 0.9929 -0.0117
vn -0.1242 0.9922 -0.0122
vn -0.1191 0.9929 -0.0000
vn -0.1248 0.9922 -0.0000
vn -0.1186 0.9929 0.0117
vn -0.1242 0.9922 0.0122
vn -0.1169 0.9929 0.0232
vn -0.1224 0.9922 0.0243
vn -0.1140 0.9929 0.0346
vn -0.1194 0.9922 0.0362
vn -0.1101 0.9929 0.0456
vn -0.1153 0.9922 0.0478
vn -0.1051 0.9929 0.0562
vn -0.1100 0.9922 0.0588
vn -0.0991 0.9929 0.0662
vn -0.1037 0.9922 0.0693
vn -0.0921 0.9929 0.0756
vn -0.0965 0.9922 0.0792
vn -0.0842 0.9929 0.0842
vn -0.0882 0.9922 0.0882
vn -0.0756 0.9929 0.0921
vn -0.0791 0.9922 0.0965
vn -0.0662 0.9929 0.0991
vn -0.0693 0.9922 0.1038
vn -0.0562 0.9929 0.1051
vn -0.0588 0.9922 0.1100
vn -0.0456 0.9929 0.1101
vn -0.0478 0.9922 0.1153
vn -0.0346 0.9929 0.1140
vn -0.0362 0.9922 0.1194
vn -0.0232 0.9929 0.1169
vn -0.0243 0.9922 0.1224
vn -0.0117 0.9929 0.1186
vn -0.0122 0.9922 0.1242
vn -0.0000 0.9929 0.1191
vn -0.0000 0.9922 0.1248
vn 0.0117 0.9929 0.1186
vn 0.0122 0.9922 0.1242
vn 0.0232 0.9929 0.1169
vn 0.0244 0.9922 0.1224
vn 0.0346 0.9929 0.1140
vn 0.0362 0.9922 0.1194
vn 0.0456 0.9929 0.1101
vn 0.0477 0.9922 0.1153
vn 0.0562 0.9929 0.1051
vn 0.0588 0.9922 0.1100
vn 0.0662 0.9929 0.0991
vn 0.0693 0.9922 0.1037
vn 0.0756 0.9929 0.0921
vn 0.0792 0.9922 0.0965
vn 0.0842 0.9929 0.0842
vn 0.0882 0.9922 0.0882
vn 0.0921 0.9929 0.0756
vn 0.0965 0.9922 0.0791
vn 0.0991 0.9929 0.0662
vn 0.1038 0.9922 0.0693
vn 0.1051 0.9929 0.0562
vn 0.1100 0.9922 0.0588
vn 0.1101 0.9929 0.0456
vn 0.1153 0.9922 0.0478
vn 0.1140 0.9929 0.0346
vn 0.1194 0.9922 0.0362
vn 0.1169 0.9929 0.0232
vn 0.1224 0.9922 0.0243
vn 0.1186 0.9929 0.0117
vn 0.1242 0.9922 0.0122
vn 0.4958 0.8671 -0.0488
vn 0.4982 0.8670 -0.0000
vn 0.4886 0.8671 -0.0972
vn 0.4768 0.8670 -0.1446
vn 0.4603 0.8670 -0.1907
vn 0.4394 0.8671 -0.2349
vn 0.4143 0.8670 -0.2768
vn 0.3851 0.8670 -0.3161
vn 0.3523 0.8670 -0.3523
vn 0.3161 0.8670 -0.3851
vn 0.2768 0.8670 -0.4143
vn 0.2349 0.8670 -0.4394
vn 0.1907 0.8671 -0.4603
vn 0.1446 0.8670 -0.4768
vn 0.0972 0.8670 -0.4886
vn 0.0488 0.8670 -0.4958
vn -0.0000 0.8670 -0.4982
vn -0.0488 0.8670 -0.4958
vn -0.0972 0.8670 -0.4886
vn -0.1446 0.8671 -0.4768
vn -0.1907 0.8670 -0.4603
vn -0.2349 0.8670 -0.4394
vn -0.2768 0.8670 -0.4143
vn -0.3161 0.8670 -0.3851
vn -0.3523 0.8671 -0.3523
vn -0.3851 0.8671 -0.3161
vn -0.4143 0.8671 -0.2768
vn -0.4394 0.8671 -0.2349
vn -0.4603 0.8670 -0.1907
vn -0.4768 0.8670 -0.1446
vn -0.4886 0.8671 -0.0972
vn -0.4958 0.8671 -0.0488
vn -0.4982 0.8670 -0.0000
vn -0.4958 0.8671 0.0488
vn -0.4886 0.8671 0.0972
vn -0.4768 0.8670 0.1446
vn -0.4603 0.8670 0.1907
vn -0.4394 0.8671 0.2349
vn -0.4143 0.8670 0.2768
vn -0.3851 0.8670 0.3161
vn -0.3523 0.8670 0.3523
vn -0.3161 0.8670 0.3851
vn -0.2768 0.8670 0.4143
vn -0.2349 0.8670 0.4394
vn -0.1907 0.8671 0.4603
vn -0.1446 0.8670 0.4768
vn -0.0972 0.8670 0.4886
vn -0.0488 0.8670 0.4958
vn -0.0000 0.8670 0.4982
vn 0.0488 0.8670 0.4958
vn 0.0972 0.8670 0.4886
vn 0.1446 0.8671 0.4768
vn 0.1907 0.8670 0.4603
vn 0.2349 0.8670 0.4394
vn 0.2768 0.8670 0.4143
vn 0.3161 0.8670 0.3851
vn 0.3523 0.8671 0.3523
vn 0.3851 0.8671 0.3161
vn 0.4143 0.8671 0.2768
vn 0.4394 0.8671 0.2349
vn 0.4603 0.8670 0.1907
vn 0.4768 0.8670 0.1446
vn 0.4886 0.8671 0.0972
vn 0.4958 0.8671 0.0488
vn 0.8511 0.5183 -0.0838
vn 0.8552 0.5183 -0.0000
vn 0.8388 0.5183 -0.1668
vn 0.8184 0.5183 -0.2482
vn 0.7901 0.5183 -0.3273
vn 0.7542 0.5183 -0.4031
vn 0.7111 0.5183 -0.4751
vn 0.6611 0.5183 -0.5425
vn 0.6047 0.5183 -0.6047
vn 0.5425 0.5183 -0.6611
vn 0.4751 0.5183 -0.7111
vn 0.4031 0.5183 -0.7542
vn 0.3273 0.5183 -0.7901
vn 0.2482 0.5183 -0.8184
vn 0.1668 0.5183 -0.8388
vn 0.0838 0.5183 -0.8511
vn -0.0000 0.5183 -0.8552
vn -0.0838 0.5183 -0.8511
vn -0.1668 0.5183 -0.8388
vn -0.2482 0.5183 -0.8184
vn -0.3273 0.5183 -0.7901
vn -0.4031 0.5183 -0.7542
vn -0.4751 0.5183 -0.7111
vn -0.5425 0.5183 -0.6611
vn -0.6047 0.5183 -0.6047
vn -0.6611 0.5183 -0.5425
vn -0.7111 0.5183 -0.4751
vn -0.7542 0.5183 -0.4031
vn -0.7901 0.5183 -0.3273
vn -0.8184 0.5183 -0.2482
vn -0.8388 0.5183 -0.1668
vn -0.8511 0.5183 -0.0838
vn -0.8552 0.5183 -0.0000
vn -0.8511 0.5183 0.0838
vn -0.8388 0.5183 0.1668
vn -0.8184 0.5183 0.2482
vn -0.7901 0.5183 0.3273
vn -0.7542 0.5183 0.4031
vn -0.7111 0.5183 0.4751
vn -0.6611 0.5183 0.5425
vn -0.6047 0.5183 0.6047
vn -0.5425 0.5183 0.6611
vn -0.4751 0.5183 0.7111
vn -0.4031 0.5183 0.7542
vn -0.3273 0.5183 0.7901
vn -0.2482 0.5183 0.8184
vn -0.1668 0.5183 0.8388
vn -0.0838 0.5183 0.8511
vn -0.0000 0.5183 0.8552
vn 0.0838 0.5183 0.8511
vn 0.1668 0.5183 0.8388
vn 0.2482 0.5183 0.8184
vn 0.3273 0.5183 0.7901
vn 0.4031 0.5183 0.7542
vn 0.4751 0.5183 0.7111
vn 0.5425 0.5183 0.6611
vn 0.6047 0.5183 0.6047
vn 0.6611 0.5183 0.5425
vn 0.7111 0.5183 0.4751
vn 0.7542 0.5183 0.4031
vn 0.7901 0.5183 0.3273
vn 0.8184 0.5183 0.2482
vn 0.8388 0.5183 0.1668
vn 0.8511 0.5183 0.0838
vn 0.9817 0.1639 -0.0967
vn 0.9865 0.1639 -0.0000
vn 0.9675 0.1639 -0.1925
vn 0.9440 0.1639 -0.2864
vn 0.9114 0.1639 -0.3775
vn 0.8700 0.1639 -0.4650
vn 0.8202 0.1639 -0.5481
vn 0.7626 0.1639 -0.6258
vn 0.6975 0.1639 -0.6975
vn 0.6258 0.1639 -0.7626
vn 0.5481 0.1639 -0.8202
vn 0.4650 0.1639 -0.8700
vn 0.3775 0.1639 -0.9114
vn 0.2864 0.1639 -0.9440
vn 0.1925 0.1639 -0.9675
vn 0.0967 0.1639 -0.9817
vn -0.0000 0.1639 -0.9865
vn -0.0967 0.1639 -0.9817
vn -0.1925 0.1639 -0.9675
vn -0.2864 0.1639 -0.9440
vn -0.3775 0.1639 -0.9114
vn -0.4650 0.1639 -0.8700
vn -0.5481 0.1639 -0.8202
vn -0.6258 0.1639 -0.7626
vn -0.6975 0.1639 -0.6975
vn -0.7626 0.1639 -0.6258
vn -0.8202 0.1639 -0.5481
vn -0.8700 0.1639 -0.4650
vn -0.9114 0.1639 -0.3775
vn -0.9440 0.1639 -0.2864
vn -0.9675 0.1639 -0.1925
vn -0.9817 0.1639 -0.0967
vn -0.9865 0.1639 -0.0000
vn -0.9817 0.1639 0.0967
vn -0.9675 0.1639 0.1925
vn -0.9440 0.1639 0.2864
vn -0.9114 0.1639 0.3775
vn -0.8700 0.1639 0.4650
vn -0.8202 0.1639 0.5481
vn -0.7626 0.1639 0.6258
vn -0.6975 0.1639 0.6975
vn -0.6258 0.1639 0.7626
vn -0.5481 0.1639 0.8202
vn -0.4650 0.1639 0.8700
vn -0.3775 0.1639 0.9114
vn -0.2864 0.1639 0.9440
vn -0.1925 0.1639 0.9675
vn -0.0967 0.1639 0.9817
vn -0.0000 0.1639 0.9865
vn 0.0967 0.1639 0.9817
vn 0.1925 0.1639 0.9675
vn 0.2864 0.1639 0.9440
vn 0.3775 0.1639 0.9114
vn 0.4650 0.1639 0.8700
vn 0.5481 0.1639 0.8202
vn 0.6258 0.1639 0.7626
vn 0.6975 0.1639 0.6975
vn 0.7626 0.1639 0.6258
vn 0.8202 0.1639 0.5481
vn 0.8700 0.1639 0.4650
vn 0.9114 0.1639 0.3775
vn 0.9440 0.1639 0.2864
vn 0.9675 0.1639 0.1925
vn 0.9817 0.1639 0.0967
vn 0.9907 0.0951 -0.0976
vn 0.9955 0.0950 -0.0000
vn 0.9763 0.0950 -0.1942
vn 0.9526 0.0951 -0.2890
vn 0.9197 0.0951 -0.3810
vn 0.8779 0.0951 -0.4693
vn 0.8277 0.0951 -0.5531
vn 0.7695 0.0951 -0.6315
vn 0.7039 0.0951 -0.7039
vn 0.6315 0.0951 -0.7695
vn 0.5531 0.0951 -0.8277
vn 0.4693 0.0951 -0.8779
vn 0.3810 0.0950 -0.9197
vn 0.2890 0.0951 -0.9526
vn 0.1942 0.0951 -0.9763
vn 0.0976 0.0951 -0.9907
vn -0.0000 0.0950 -0.9955
vn -0.0976 0.0951 -0.9907
vn -0.1942 0.0951 -0.9763
vn -0.2890 0.0951 -0.9526
vn -0.3810 0.0951 -0.9197
vn -0.4693 0.0951 -0.8779
vn -0.5531 0.0951 -0.8277
vn -0.6315 0.0951 -0.7695
vn -0.7039 0.0951 -0.7039
vn -0.7695 0.0951 -0.6315
vn -0.8277 0.0951 -0.5531
vn -0.8779 0.0950 -0.4693
vn -0.9197 0.0951 -0.3810
vn -0.9526 0.0951 -0.2890
vn -0.9763 0.0951 -0.1942
vn -0.9907 0.0951 -0.0976
vn -0.9955 0.0950 -0.0000
vn -0.9907 0.0951 0.0976
vn -0.9763 0.0950 0.1942
vn -0.9526 0.0951 0.2890
vn -0.9197 0.0951 0.3810
vn -0.8779 0.0951 0.4693
vn -0.8277 0.0951 0.5531
vn -0.7695 0.0951 0.6315
vn -0.7039 0.0951 0.7039
vn -0.6315 0.0951 0.7695
vn -0.5531 0.0951 0.8277
vn -0.4693 0.0951 0.8779
vn -0.3810 0.0950 0.9197
vn -0.2890 0.0951 0.9526
vn -0.1942 0.0951 0.9763
vn -0.0976 0.0951 0.9907
vn -0.0000 0.0950 0.9955
vn 0.0976 0.0951 0.9907
vn 0.1942 0.0951 0.9763
vn 0.2890 0.0951 0.9526
vn 0.3810 0.0951 0.9197
vn 0.4693 0.0951 0.8779
vn 0.5531 0.0951 0.8277
vn 0.6315 0.0951 0.7695
vn 0.7039 0.0951 0.7039
vn 0.7695 0.0951 0.6315
vn 0.8277 0.0951 0.5531
vn 0.8779 0.0950 0.4693
vn 0.9197 0.0951 0.3810
vn 0.9526 0.0951 0.2890
vn 0.9763 0.0951 0.1942
vn 0.9907 0.0951 0.0976
vn 0.9939 0.0499 -0.0979
vn 0.9988 0.0498 -0.0000
vn 0.9796 0.0498 -0.1948
vn 0.9558 0.0498 -0.2899
vn 0.9227 0.0498 -0.3822
vn 0.8808 0.0498 -0.4708
vn 0.8304 0.0498 -0.5549
vn 0.7720 0.0499 -0.6336
vn 0.7062 0.0498 -0.7062
vn 0.6336 0.0498 -0.7721
vn 0.5549 0.0498 -0.8304
vn 0.4708 0.0499 -0.8808
vn 0.3822 0.0498 -0.9227
vn 0.2899 0.0498 -0.9558
vn 0.1948 0.0498 -0.9796
vn 0.0979 0.0498 -0.9940
vn -0.0000 0.0499 -0.9988
vn -0.0979 0.0498 -0.9940
vn -0.1948 0.0498 -0.9796
vn -0.2899 0.0498 -0.9558
vn -0.3822 0.0499 -0.9227
vn -0.4708 0.0498 -0.8808
vn -0.5549 0.0498 -0.8304
vn -0.6336 0.0498 -0.7720
vn -0.7062 0.0498 -0.7062
vn -0.7720 0.0498 -0.6336
vn -0.8304 0.0498 -0.5549
vn -0.8808 0.0498 -0.4708
vn -0.9227 0.0499 -0.3822
vn -0.9558 0.0498 -0.2899
vn -0.9796 0.0498 -0.1948
vn -0.9939 0.0498 -0.0979
vn -0.9988 0.0499 -0.0000
vn -0.9939 0.0499 0.0979
vn -0.9796 0.0498 0.1948
vn -0.9558 0.0498 0.2899
vn -0.9227 0.0498 0.3822
vn -0.8808 0.0498 0.4708
vn -0.8304 0.0498 0.5549
vn -0.7720 0.0499 0.6336
vn -0.7062 0.0498 0.7062
vn -0.6336 0.0498 0.7721
vn -0.5549 0.0498 0.8304
vn -0.4708 0.0499 0.8808
vn -0.3822 0.0498 0.9227
vn -0.2899 0.0498 0.9558
vn -0.1948 0.0498 0.9796
vn -0.0979 0.0498 0.9939
vn -0.0000 0.0499 0.9988
vn 0.0979 0.0498 0.9939
vn 0.1948 0.0498 0.9796
vn 0.2899 0.0498 0.9558
vn 0.3822 0.0499 0.9227
vn 0.4708 0.0498 0.8808
vn 0.5549 0.0498 0.8304
vn 0.6336 0.0498 0.7720
vn 0.7062 0.0498 0.7062
vn 0.7720 0.0498 0.6336
vn 0.8304 0.0498 0.5549
vn 0.8808 0.0498 0.4708
vn 0.9227 0.0499 0.3822
vn 0.9558 0.0498 0.2899
vn 0.9796 0.0498 0.1948
vn 0.9939 0.0498 0.0979
vn 0.9949 0.0231 -0.0980
vn 0.9997 0.0231 -0.0000
vn 0.9805 0.0232 -0.1950
vn 0.9567 0.0231 -0.2902
vn 0.9236 0.0231 -0.3826
vn 0.8817 0.0231 -0.4713
vn 0.8312 0.0231 -0.5554
vn 0.7728 0.0231 -0.6342
vn 0.7069 0.0231 -0.7069
vn 0.6342 0.0231 -0.7728
vn 0.5554 0.0231 -0.8312
vn 0.4713 0.0231 -0.8817
vn 0.3826 0.0231 -0.9236
vn 0.2902 0.0231 -0.9567
vn 0.1950 0.0231 -0.9805
vn 0.0980 0.0231 -0.9949
vn -0.0000 0.0231 -0.9997
vn -0.0980 0.0231 -0.9949
vn -0.1950 0.0232 -0.9805
vn -0.2902 0.0232 -0.9567
vn -0.3826 0.0231 -0.9236
vn -0.4713 0.0231 -0.8817
vn -0.5554 0.0231 -0.8312
vn -0.6342 0.0231 -0.7728
vn -0.7069 0.0231 -0.7069
vn -0.7728 0.0231 -0.6342
vn -0.8312 0.0231 -0.5554
vn -0.8817 0.0231 -0.4713
vn -0.9236 0.0231 -0.3826
vn -0.9567 0.0231 -0.2902
vn -0.9805 0.0232 -0.1950
vn -0.9949 0.0231 -0.0980
vn -0.9997 0.0231 -0.0000
vn -0.9949 0.0231 0.0980
vn -0.9805 0.0232 0.1950
vn -0.9567 0.0231 0.2902
vn -0.9236 0.0231 0.3826
vn -0.8817 0.0231 0.4713
vn -0.8312 0.0231 0.5554
vn -0.7728 0.0231 0.6342
vn -0.7069 0.0231 0.7069
vn -0.6342 0.0231 0.7728
vn -0.5554 0.0231 0.8312
vn -0.4713 0.0231 0.8817
vn -0.3826 0.0231 0.9236
vn -0.2902 0.0231 0.9567
vn -0.1950 0.0231 0.9805
vn -0.0980 0.0231 0.9949
vn -0.0000 0.0231 0.9997
vn 0.0980 0.0231 0.9949
vn 0.1950 0.0232 0.9805
vn 0.2902 0.0232 0.9567
vn 0.3826 0.0231 0.9236
vn 0.4713 0.0231 0.8817
vn 0.5554 0.0231 0.8312
vn 0.6342 0.0231 0.7728
vn 0.7069 0.0231 0.7069
vn 0.7728 0.0231 0.6342
vn 0.8312 0.0231 0.5554
vn 0.8817 0.0231 0.4713
vn 0.9236 0.0231 0.3826
vn 0.9567 0.0231 0.2902
vn 0.9805 0.0232 0.1950
vn 0.9949 0.0231 0.0980
vn 0.9948 -0.0267 -0.0980
vn 0.9996 -0.0267 -0.0000
vn 0.9804 -0.0267 -0.1950
vn 0.9566 -0.0267 -0.2902
vn 0.9236 -0.0267 -0.3825
vn 0.8816 -0.0267 -0.4712
vn 0.8312 -0.0267 -0.5554
vn 0.7727 -0.0267 -0.6342
vn 0.7069 -0.0267 -0.7069
vn 0.6342 -0.0267 -0.7727
vn 0.5554 -0.0267 -0.8312
vn 0.4712 -0.0267 -0.8816
vn 0.3826 -0.0267 -0.9235
vn 0.2902 -0.0267 -0.9566
vn 0.1950 -0.0267 -0.9804
vn 0.0980 -0.0267 -0.9948
vn -0.0000 -0.0267 -0.9996
vn -0.0980 -0.0267 -0.9948
vn -0.1950 -0.0267 -0.9804
vn -0.2902 -0.0267 -0.9566
vn -0.3825 -0.0267 -0.9236
vn -0.4712 -0.0267 -0.8816
vn -0.5554 -0.0267 -0.8312
vn -0.6342 -0.0267 -0.7727
vn -0.7069 -0.0267 -0.7069
vn -0.7727 -0.0267 -0.6342
vn -0.8312 -0.0267 -0.5554
vn -0.8816 -0.0267 -0.4712
vn -0.9236 -0.0267 -0.3825
vn -0.9566 -0.0267 -0.2902
vn -0.9804 -0.0267 -0.1950
vn -0.9948 -0.0267 -0.0980
vn -0.9996 -0.0267 -0.0000
vn -0.9948 -0.0267 0.0980
vn -0.9804 -0.0267 0.1950
vn -0.9566 -0.0267 0.2902
vn -0.9236 -0.0267 0.3825
vn -0.8816 -0.0267 0.4712
vn -0.8312 -0.0267 0.5554
vn -0.7727 -0.0267 0.6342
vn -0.7069 -0.0267 0.7069
vn -0.6342 -0.0267 0.7727
vn -0.5554 -0.0267 0.8312
vn -0.4712 -0.0267 0.8816
vn -0.3826 -0.0267 0.9235
vn -0.2902 -0.0267 0.9566
vn -0.1950 -0.0267 0.9804
vn -0.0980 -0.0267 0.9948
vn -0.0000 -0.0267 0.9996
vn 0.0980 -0.0267 0.9948
vn 0.1950 -0.0267 0.9804
vn 0.2902 -0.0267 0.9566
vn 0.3825 -0.0267 0.9236
vn 0.4712 -0.0267 0.8816
vn 0.5554 -0.0267 0.8312
vn 0.6342 -0.0267 0.7727
vn 0.7069 -0.0267 0.7069
vn 0.7727 -0.0267 0.6342
vn 0.8312 -0.0267 0.5554
vn 0.8816 -0.0267 0.4712
vn 0.9236 -0.0267 0.3825
vn 0.9566 -0.0267 0.2902
vn 0.9804 -0.0267 0.1950
vn 0.9948 -0.0267 0.0980
vn 0.9417 -0.3234 -0.0927
vn 0.9463 -0.3234 -0.0000
vn 0.9281 -0.3234 -0.1846
vn 0.9055 -0.3234 -0.2747
vn 0.8742 -0.3234 -0.3621
vn 0.8345 -0.3234 -0.4461
vn 0.7868 -0.3234 -0.5257
vn 0.7315 -0.3234 -0.6003
vn 0.6691 -0.3234 -0.6691
vn 0.6003 -0.3234 -0.7315
vn 0.5257 -0.3234 -0.7868
vn 0.4461 -0.3234 -0.8345
vn 0.3621 -0.3234 -0.8742
vn 0.2747 -0.3234 -0.9055
vn 0.1846 -0.3234 -0.9281
vn 0.0927 -0.3234 -0.9417
vn -0.0000 -0.3234 -0.9463
vn -0.0927 -0.3234 -0.9417
vn -0.1846 -0.3234 -0.9281
vn -0.2747 -0.3234 -0.9055
vn -0.3621 -0.3234 -0.8742
vn -0.4461 -0.3234 -0.8345
vn -0.5257 -0.3234 -0.7868
vn -0.6003 -0.3234 -0.7315
vn -0.6691 -0.3234 -0.6691
vn -0.7315 -0.3234 -0.6003
vn -0.7868 -0.3234 -0.5257
vn -0.8345 -0.3234 -0.4461
vn -0.8742 -0.3234 -0.3621
vn -0.9055 -0.3234 -0.2747
vn -0.9281 -0.3234 -0.1846
vn -0.9417 -0.3234 -0.0927
vn -0.9463 -0.3234 -0.0000
vn -0.9417 -0.3234 0.0927
vn -0.9281 -0.3234 0.1846
vn -0.9055 -0.3234 0.2747
vn -0.8742 -0.3234 0.3621
vn -0.8345 -0.3234 0.4461
vn -0.7868 -0.3234 0.5257
vn -0.7315 -0.3234 0.6003
vn -0.6691 -0.3234 0.6691
vn -0.6003 -0.3234 0.7315
vn -0.5257 -0.3234 0.7868
vn -0.4461 -0.3234 0.8345
vn -0.3621 -0.3234 0.8742
vn -0.2747 -0.3234 0.9055
vn -0.1846 -0.3234 0.9281
vn -0.0927 -0.3234 0.9417
vn -0.0000 -0.3234 0.9463
vn 0.0927 -0.3234 0.9417
vn 0.1846 -0.3234 0.9281
vn 0.2747 -0.3234 0.9055
vn 0.3621 -0.3234 0.8742
vn 0.4461 -0.3234 0.8345
vn 0.5257 -0.3234 0.7868
vn 0.6003 -0.3234 0.7315
vn 0.6691 -0.3234 0.6691
vn 0.7315 -0.3234 0.6003
vn 0.7868 -0.3234 0.5257
vn 0.8345 -0.3234 0.4461
vn 0.8742 -0.3234 0.3621
vn 0.9055 -0.3234 0.2747
vn 0.9281 -0.3234 0.1846
vn 0.9417 -0.3234 0.0927
vn 0.7507 -0.6565 -0.0739
vn 0.7543 -0.6566 -0.0000
vn 0.7398 -0.6566 -0.1472
vn 0.7218 -0.6566 -0.2190
vn 0.6969 -0.6566 -0.2886
vn 0.6652 -0.6565 -0.3556
vn 0.6272 -0.6565 -0.4191
vn 0.5831 -0.6565 -0.4785
vn 0.5334 -0.6566 -0.5334
vn 0.4785 -0.6565 -0.5831
vn 0.4191 -0.6565 -0.6272
vn 0.3556 -0.6565 -0.6652
vn 0.2886 -0.6566 -0.6969
vn 0.2190 -0.6566 -0.7218
vn 0.1472 -0.6566 -0.7398
vn 0.0739 -0.6566 -0.7506
vn -0.0000 -0.6566 -0.7543
vn -0.0739 -0.6565 -0.7507
vn -0.1472 -0.6566 -0.7398
vn -0.2190 -0.6565 -0.7218
vn -0.2887 -0.6565 -0.6969
vn -0.3556 -0.6565 -0.6652
vn -0.4191 -0.6566 -0.6272
vn -0.4785 -0.6565 -0.5831
vn -0.5334 -0.6565 -0.5334
vn -0.5831 -0.6565 -0.4785
vn -0.6272 -0.6566 -0.4191
vn -0.6652 -0.6566 -0.3556
vn -0.6969 -0.6566 -0.2886
vn -0.7218 -0.6566 -0.2190
vn -0.7398 -0.6566 -0.1472
vn -0.7506 -0.6566 -0.0739
vn -0.7543 -0.6566 -0.0000
vn -0.7507 -0.6565 0.0739
vn -0.7398 -0.6566 0.1472
vn -0.7218 -0.6566 0.2190
vn -0.6969 -0.6566 0.2886
vn -0.6652 -0.6565 0.3556
vn -0.6272 -0.6565 0.4191
vn -0.5831 -0.6565 0.4785
vn -0.5334 -0.6566 0.5334
vn -0.4785 -0.6565 0.5831
vn -0.4191 -0.6565 0.6272
vn -0.3556 -0.6565 0.6652
vn -0.2886 -0.6566 0.6969
vn -0.2190 -0.6566 0.7218
vn -0.1472 -0.6566 0.7398
vn -0.0739 -0.6566 0.7506
vn -0.0000 -0.6566 0.7543
vn 0.0739 -0.6565 0.7507
vn 0.1472 -0.6566 0.7398
vn 0.2190 -0.6565 0.7218
vn 0.2887 -0.6565 0.6969
vn 0.3556 -0.6565 0.6652
vn 0.4191 -0.6566 0.6272
vn 0.4785 -0.6565 0.5831
vn 0.5334 -0.6565 0.5334
vn 0.5831 -0.6565 0.4785
vn 0.6272 -0.6566 0.4191
vn 0.6652 -0.6566 0.3556
vn 0.6969 -0.6566 0.2886
vn 0.7218 -0.6566 0.2190
vn 0.7398 -0.6566 0.1472
vn 0.7506 -0.6566 0.0739
vn 0.5219 -0.8515 -0.0514
vn 0.5244 -0.8515 -0.0000
vn 0.5143 -0.8515 -0.1023
vn 0.5018 -0.8515 -0.1522
vn 0.4845 -0.8515 -0.2007
vn 0.4625 -0.8515 -0.2472
vn 0.4360 -0.8515 -0.2913
vn 0.4054 -0.8515 -0.3327
vn 0.3708 -0.8515 -0.3708
vn 0.3327 -0.8515 -0.4054
vn 0.2913 -0.8515 -0.4360
vn 0.2472 -0.8515 -0.4625
vn 0.2007 -0.8515 -0.4845
vn 0.1522 -0.8515 -0.5018
vn 0.1023 -0.8515 -0.5143
vn 0.0514 -0.8515 -0.5219
vn -0.0000 -0.8515 -0.5244
vn -0.0514 -0.8515 -0.5219
vn -0.1023 -0.8515 -0.5143
vn -0.1522 -0.8515 -0.5018
vn -0.2007 -0.8515 -0.4845
vn -0.2472 -0.8515 -0.4625
vn -0.2913 -0.8515 -0.4360
vn -0.3327 -0.8515 -0.4054
vn -0.3708 -0.8515 -0.3708
vn -0.4054 -0.8515 -0.3327
vn -0.4360 -0.8515 -0.2913
vn -0.4625 -0.8515 -0.2472
vn -0.4845 -0.8515 -0.2007
vn -0.5018 -0.8515 -0.1522
vn -0.5143 -0.8515 -0.1023
vn -0.5219 -0.8515 -0.0514
vn -0.5244 -0.8515 -0.0000
vn -0.5219 -0.8515 0.0514
vn -0.5143 -0.8515 0.1023
vn -0.5018 -0.8515 0.1522
vn -0.4845 -0.8515 0.2007
vn -0.4625 -0.8515 0.2472
vn -0.4360 -0.8515 0.2913
vn -0.4054 -0.8515 0.3327
vn -0.3708 -0.8515 0.3708
vn -0.3327 -0.8515 0.4054
vn -0.2913 -0.8515 0.4360
vn -0.2472 -0.8515 0.4625
vn -0.2007 -0.8515 0.4845
vn -0.1522 -0.8515 0.5018
vn -0.1023 -0.8515 0.5143
vn -0.0514 -0.8515 0.5219
vn -0.0000 -0.8515 0.5244
vn 0.0514 -0.8515 0.5219
vn 0.1023 -0.8515 0.5143
vn 0.1522 -0.8515 0.5018
vn 0.2007 -0.8515 0.4845
vn 0.2472 -0.8515 0.4625
vn 0.2913 -0.8515 0.4360
vn 0.3327 -0.8515 0.4054
vn 0.3708 -0.8515 0.3708
vn 0.4054 -0.8515 0.3327
vn 0.4360 -0.8515 0.2913
vn 0.4625 -0.8515 0.2472
vn 0.4845 -0.8515 0.2007
vn 0.5018 -0.8515 0.1522
vn 0.5143 -0.8515 0.1023
vn 0.5219 -0.8515 0.0514
vn 0.6002 -0.7977 -0.0591
vn 0.6031 -0.7977 -0.0000
vn 0.5915 -0.7977 -0.1177
vn 0.5772 -0.7976 -0.1751
vn 0.5572 -0.7977 -0.2308
vn 0.5319 -0.7977 -0.2843
vn 0.5015 -0.7977 -0.3351
vn 0.4662 -0.7977 -0.3826
vn 0.4265 -0.7977 -0.4265
vn 0.3826 -0.7977 -0.4662
vn 0.3351 -0.7977 -0.5015
vn 0.2843 -0.7977 -0.5319
vn 0.2308 -0.7977 -0.5572
vn 0.1751 -0.7977 -0.5771
vn 0.1177 -0.7977 -0.5915
vn 0.0591 -0.7977 -0.6002
vn -0.0000 -0.7977 -0.6031
vn -0.0591 -0.7977 -0.6002
vn -0.1177 -0.7977 -0.5915
vn -0.1751 -0.7977 -0.5771
vn -0.2308 -0.7977 -0.5572
vn -0.2843 -0.7977 -0.5319
vn -0.3351 -0.7977 -0.5015
vn -0.3826 -0.7977 -0.4662
vn -0.4265 -0.7977 -0.4265
vn -0.4662 -0.7977 -0.3826
vn -0.5015 -0.7977 -0.3351
vn -0.5319 -0.7977 -0.2843
vn -0.5572 -0.7977 -0.2308
vn -0.5771 -0.7977 -0.1751
vn -0.5915 -0.7977 -0.1177
vn -0.6002 -0.7977 -0.0591
vn -0.6031 -0.7977 -0.0000
vn -0.6002 -0.7977 0.0591
vn -0.5915 -0.7977 0.1177
vn -0.5772 -0.7976 0.1751
vn -0.5572 -0.7977 0.2308
vn -0.5319 -0.7977 0.2843
vn -0.5015 -0.7977 0.3351
vn -0.4662 -0.7977 0.3826
vn -0.4265 -0.7977 0.4265
vn -0.3826 -0.7977 0.4662
vn -0.3351 -0.7977 0.5015
vn -0.2843 -0.7977 0.5319
vn -0.2308 -0.7977 0.5572
vn -0.1751 -0.7977 0.5771
vn -0.1177 -0.7977 0.5915
vn -0.0591 -0.7977 0.6002
vn -0.0000 -0.7977 0.6031
vn 0.0591 -0.7977 0.6002
vn 0.1177 -0.7977 0.5915
vn 0.1751 -0.7977 0.5771
vn 0.2308 -0.7977 0.5572
vn 0.2843 -0.7977 0.5319
vn 0.3351 -0.7977 0.5015
vn 0.3826 -0.7977 0.4662
vn 0.4265 -0.7977 0.4265
vn 0.4662 -0.7977 0.3826
vn 0.5015 -0.7977 0.3351
vn 0.5319 -0.7977 0.2843
vn 0.5572 -0.7977 0.2308
vn 0.5771 -0.7977 0.1751
vn 0.5915 -0.7977 0.1177
vn 0.6002 -0.7977 0.0591
vn 0.7296 -0.6801 -0.0719
vn 0.7331 -0.6801 -0.0000
vn 0.7190 -0.6801 -0.1430
vn 0.7015 -0.6801 -0.2128
vn 0.6773 -0.6801 -0.2805
vn 0.6465 -0.6801 -0.3456
vn 0.6095 -0.6801 -0.4073
vn 0.5667 -0.6801 -0.4651
vn 0.5184 -0.6801 -0.5184
vn 0.4651 -0.6801 -0.5667
vn 0.4073 -0.6801 -0.6095
vn 0.3456 -0.6801 -0.6465
vn 0.2806 -0.6801 -0.6773
vn 0.2128 -0.6801 -0.7015
vn 0.1430 -0.6801 -0.7190
vn 0.0719 -0.6801 -0.7296
vn -0.0000 -0.6801 -0.7331
vn -0.0719 -0.6801 -0.7296
vn -0.1430 -0.6801 -0.7190
vn -0.2128 -0.6801 -0.7015
vn -0.2805 -0.6801 -0.6773
vn -0.3456 -0.6801 -0.6465
vn -0.4073 -0.6801 -0.6095
vn -0.4651 -0.6801 -0.5667
vn -0.5184 -0.6801 -0.5184
vn -0.5667 -0.6801 -0.4651
vn -0.6095 -0.6801 -0.4073
vn -0.6465 -0.6801 -0.3456
vn -0.6773 -0.6801 -0.2805
vn -0.7015 -0.6801 -0.2128
vn -0.7190 -0.6801 -0.1430
vn -0.7296 -0.6801 -0.0719
vn -0.7331 -0.6801 -0.0000
vn -0.7296 -0.6801 0.0719
vn -0.7190 -0.6801 0.1430
vn -0.7015 -0.6801 0.2128
vn -0.6773 -0.6801 0.2805
vn -0.6465 -0.6801 0.3456
vn -0.6095 -0.6801 0.4073
vn -0.5667 -0.6801 0.4651
vn -0.5184 -0.6801 0.5184
vn -0.4651 -0.6801 0.5667
vn -0.4073 -0.6801 0.6095
vn -0.3456 -0.6801 0.6465
vn -0.2806 -0.6801 0.6773
vn -0.2128 -0.6801 0.7015
vn -0.1430 -0.6801 0.7190
vn -0.0719 -0.6801 0.7296
vn -0.0000 -0.6801 0.7331
vn 0.0719 -0.6801 0.7296
vn 0.1430 -0.6801 0.7190
vn 0.2128 -0.6801 0.7015
vn 0.2805 -0.6801 0.6773
vn 0.3456 -0.6801 0.6465
vn 0.4073 -0.6801 0.6095
vn 0.4651 -0.6801 0.5667
vn 0.5184 -0.6801 0.5184
vn 0.5667 -0.6801 0.4651
vn 0.6095 -0.6801 0.4073
vn 0.6465 -0.6801 0.3456
vn 0.6773 -0.6801 0.2805
vn 0.7015 -0.6801 0.2128
vn 0.7190 -0.6801 0.1430
vn 0.7296 -0.6801 0.0719
vn 0.8448 -0.5286 -0.0832
vn 0.8489 -0.5286 -0.0000
vn 0.8326 -0.5286 -0.1656
vn 0.8123 -0.5286 -0.2464
vn 0.7843 -0.5286 -0.3249
vn 0.7486 -0.5286 -0.4002
vn 0.7058 -0.5286 -0.4716
vn 0.6562 -0.5286 -0.5385
vn 0.6003 -0.5286 -0.6003
vn 0.5385 -0.5286 -0.6562
vn 0.4716 -0.5286 -0.7058
vn 0.4002 -0.5286 -0.7486
vn 0.3249 -0.5286 -0.7843
vn 0.2464 -0.5286 -0.8123
vn 0.1656 -0.5286 -0.8325
vn 0.0832 -0.5285 -0.8448
vn -0.0000 -0.5286 -0.8489
vn -0.0832 -0.5285 -0.8448
vn -0.1656 -0.5286 -0.8326
vn -0.2464 -0.5286 -0.8123
vn -0.3249 -0.5286 -0.7843
vn -0.4002 -0.5286 -0.7486
vn -0.4716 -0.5286 -0.7058
vn -0.5385 -0.5286 -0.6562
vn -0.6002 -0.5286 -0.6003
vn -0.6562 -0.5286 -0.5385
vn -0.7058 -0.5286 -0.4716
vn -0.7486 -0.5286 -0.4002
vn -0.7843 -0.5286 -0.3249
vn -0.8123 -0.5286 -0.2464
vn -0.8326 -0.5286 -0.1656
vn -0.8448 -0.5286 -0.0832
vn -0.8489 -0.5286 -0.0000
vn -0.8448 -0.5286 0.0832
vn -0.8326 -0.5286 0.1656
vn -0.8123 -0.5286 0.2464
vn -0.7843 -0.5286 0.3249
vn -0.7486 -0.5286 0.4002
vn -0.7058 -0.5286 0.4716
vn -0.6562 -0.5286 0.5385
vn -0.6003 -0.5286 0.6003
vn -0.5385 -0.5286 0.6562
vn -0.4716 -0.5286 0.7058
vn -0.4002 -0.5286 0.7486
vn -0.3249 -0.5286 0.7843
vn -0.2464 -0.5286 0.8123
vn -0.1656 -0.5286 0.8325
vn -0.0832 -0.5285 0.8448
vn -0.0000 -0.5286 0.8489
vn 0.0832 -0.5285 0.8448
vn 0.1656 -0.5286 0.8326
vn 0.2464 -0.5286 0.8123
vn 0.3249 -0.5286 0.7843
vn 0.4002 -0.5286 0.7486
vn 0.4716 -0.5286 0.7058
vn 0.5385 -0.5286 0.6562
vn 0.6002 -0.5286 0.6003
vn 0.6562 -0.5286 0.5385
vn 0.7058 -0.5286 0.4716
vn 0.7486 -0.5286 0.4002
vn 0.7843 -0.5286 0.3249
vn 0.8123 -0.5286 0.2464
vn 0.8326 -0.5286 0.1656
vn 0.8448 -0.5286 0.0832
vn 0.9295 -0.3572 -0.0916
vn 0.9340 -0.3572 -0.0000
vn 0.9161 -0.3572 -0.1822
vn 0.8938 -0.3572 -0.2711
vn 0.8629 -0.3572 -0.3574
vn 0.8238 -0.3572 -0.4403
vn 0.7766 -0.3572 -0.5189
vn 0.7220 -0.3572 -0.5926
vn 0.6605 -0.3572 -0.6605
vn 0.5926 -0.3572 -0.7220
vn 0.5189 -0.3572 -0.7766
vn 0.4403 -0.3572 -0.8238
vn 0.3574 -0.3572 -0.8629
vn 0.2711 -0.3572 -0.8938
vn 0.1822 -0.3572 -0.9161
vn 0.0916 -0.3572 -0.9295
vn -0.0000 -0.3572 -0.9340
vn -0.0916 -0.3572 -0.9295
vn -0.1822 -0.3572 -0.9161
vn -0.2711 -0.3572 -0.8938
vn -0.3574 -0.3572 -0.8629
vn -0.4403 -0.3572 -0.8237
vn -0.5189 -0.3572 -0.7766
vn -0.5925 -0.3572 -0.7220
vn -0.6605 -0.3572 -0.6605
vn -0.7220 -0.3572 -0.5926
vn -0.7766 -0.3572 -0.5189
vn -0.8238 -0.3572 -0.4403
vn -0.8629 -0.3572 -0.3574
vn -0.8938 -0.3572 -0.2711
vn -0.9161 -0.3572 -0.1822
vn -0.9295 -0.3572 -0.0916
vn -0.9340 -0.3572 -0.0000
vn -0.9295 -0.3572 0.0916
vn -0.9161 -0.3572 0.1822
vn -0.8938 -0.3572 0.2711
vn -0.8629 -0.3572 0.3574
vn -0.8238 -0.3572 0.4403
vn -0.7766 -0.3572 0.5189
vn -0.7220 -0.3572 0.5926
vn -0.6605 -0.3572 0.6605
vn -0.5926 -0.3572 0.7220
vn -0.5189 -0.3572 0.7766
vn -0.4403 -0.3572 0.8238
vn -0.3574 -0.3572 0.8629
vn -0.2711 -0.3572 0.8938
vn -0.1822 -0.3572 0.9161
vn -0.0916 -0.3572 0.9295
vn -0.0000 -0.3572 0.9340
vn 0.0916 -0.3572 0.9295
vn 0.1822 -0.3572 0.9161
vn 0.2711 -0.3572 0.8938
vn 0.3574 -0.3572 0.8629
vn 0.4403 -0.3572 0.8237
vn 0.5189 -0.3572 0.7766
vn 0.5925 -0.3572 0.7220
vn 0.6605 -0.3572 0.6605
vn 0.7220 -0.3572 0.5926
vn 0.7766 -0.3572 0.5189
vn 0.8238 -0.3572 0.4403
vn 0.8629 -0.3572 0.3574
vn 0.8938 -0.3572 0.2711
vn 0.9161 -0.3572 0.1822
vn 0.9295 -0.3572 0.0916
vn 0.9803 -0.1724 -0.0965
vn 0.9850 -0.1724 -0.0000
vn 0.9661 -0.1724 -0.1922
vn 0.9426 -0.1724 -0.2859
vn 0.9100 -0.1724 -0.3770
vn 0.8687 -0.1724 -0.4643
vn 0.8190 -0.1724 -0.5473
vn 0.7614 -0.1724 -0.6249
vn 0.6965 -0.1724 -0.6965
vn 0.6249 -0.1724 -0.7614
vn 0.5473 -0.1724 -0.8190
vn 0.4643 -0.1724 -0.8687
vn 0.3769 -0.1725 -0.9100
vn 0.2859 -0.1725 -0.9426
vn 0.1922 -0.1725 -0.9661
vn 0.0965 -0.1724 -0.9803
vn -0.0000 -0.1724 -0.9850
vn -0.0965 -0.1724 -0.9803
vn -0.1922 -0.1724 -0.9661
vn -0.2859 -0.1725 -0.9426
vn -0.3770 -0.1724 -0.9101
vn -0.4643 -0.1724 -0.8687
vn -0.5472 -0.1725 -0.8190
vn -0.6249 -0.1725 -0.7614
vn -0.6965 -0.1725 -0.6965
vn -0.7614 -0.1724 -0.6249
vn -0.8190 -0.1724 -0.5473
vn -0.8687 -0.1724 -0.4643
vn -0.9100 -0.1725 -0.3770
vn -0.9426 -0.1725 -0.2859
vn -0.9661 -0.1724 -0.1922
vn -0.9803 -0.1724 -0.0965
vn -0.9850 -0.1724 -0.0000
vn -0.9803 -0.1724 0.0965
vn -0.9661 -0.1724 0.1922
vn -0.9426 -0.1724 0.2859
vn -0.9100 -0.1724 0.3770
vn -0.8687 -0.1724 0.4643
vn -0.8190 -0.1724 0.5473
vn -0.7614 -0.1724 0.6249
vn -0.6965 -0.1724 0.6965
vn -0.6249 -0.1724 0.7614
vn -0.5473 -0.1724 0.8190
vn -0.4643 -0.1724 0.8687
vn -0.3769 -0.1725 0.9100
vn -0.2859 -0.1725 0.9426
vn -0.1922 -0.1725 0.9661
vn -0.0965 -0.1724 0.9803
vn -0.0000 -0.1724 0.9850
vn 0.0965 -0.1724 0.9803
vn 0.1922 -0.1724 0.9661
vn 0.2859 -0.1725 0.9426
vn 0.3770 -0.1724 0.9101
vn 0.4643 -0.1724 0.8687
vn 0.5472 -0.1725 0.8190
vn 0.6249 -0.1725 0.7614
vn 0.6965 -0.1725 0.6965
vn 0.7614 -0.1724 0.6249
vn 0.8190 -0.1724 0.5473
vn 0.8687 -0.1724 0.4643
vn 0.9100 -0.1725 0.3769
vn 0.9426 -0.1725 0.2859
vn 0.9661 -0.1724 0.1922
vn 0.9803 -0.1724 0.0965
vn 0.9950 0.0185 -0.0980
vn 0.9998 0.0190 -0.0000
vn 0.9806 0.0186 -0.1951
vn 0.9568 0.0186 -0.2902
vn 0.9237 0.0186 -0.3826
vn 0.8818 0.0190 -0.4713
vn 0.8313 0.0186 -0.5555
vn 0.7729 0.0186 -0.6343
vn 0.7070 0.0190 -0.7070
vn 0.6343 0.0190 -0.7729
vn 0.5555 0.0186 -0.8313
vn 0.4713 0.0186 -0.8818
vn 0.3826 0.0190 -0.9237
vn 0.2902 0.0186 -0.9568
vn 0.1951 0.0186 -0.9806
vn 0.0980 0.0185 -0.9950
vn -0.0000 0.0190 -0.9998
vn -0.0980 0.0185 -0.9950
vn -0.1951 0.0190 -0.9806
vn -0.2902 0.0186 -0.9568
vn -0.3826 0.0190 -0.9237
vn -0.4713 0.0186 -0.8818
vn -0.5555 0.0190 -0.8313
vn -0.6343 0.0186 -0.7729
vn -0.7070 0.0190 -0.7070
vn -0.7729 0.0186 -0.6343
vn -0.8313 0.0190 -0.5555
vn -0.8818 0.0186 -0.4713
vn -0.9237 0.0186 -0.3826
vn -0.9568 0.0185 -0.2902
vn -0.9806 0.0186 -0.1951
vn -0.9950 0.0185 -0.0980
vn -0.9998 0.0190 -0.0000
vn -0.9950 0.0185 0.0980
vn -0.9806 0.0186 0.1951
vn -0.9568 0.0186 0.2902
vn -0.9237 0.0186 0.3826
vn -0.8818 0.0190 0.4713
vn -0.8313 0.0186 0.5555
vn -0.7729 0.0186 0.6343
vn -0.7070 0.0190 0.7070
vn -0.6343 0.0190 0.7729
vn -0.5555 0.0186 0.8313
vn -0.4713 0.0186 0.8818
vn -0.3826 0.0190 0.9237
vn -0.2902 0.0186 0.9568
vn -0.1951 0.0186 0.9806
vn -0.0980 0.0185 0.9950
vn -0.0000 0.0190 0.9998
vn 0.0980 0.0185 0.9950
vn 0.1951 0.0190 0.9806
vn 0.2902 0.0186 0.9568
vn 0.3826 0.0190 0.9237
vn 0.4713 0.0186 0.8818
vn 0.5555 0.0190 0.8313
vn 0.6343 0.0186 0.7729
vn 0.7070 0.0190 0.7070
vn 0.7729 0.0186 0.6343
vn 0.8313 0.0190 0.5555
vn 0.8818 0.0186 0.4713
vn 0.9237 0.0186 0.3826
vn 0.9568 0.0185 0.2902
vn 0.9806 0.0186 0.1951
vn 0.9950 0.0185 0.0980
vn 0.9731 0.2094 -0.0958
vn 0.9778 0.2094 -0.0000
vn 0.9590 0.2094 -0.1908
vn 0.9357 0.2094 -0.2838
vn 0.9034 0.2094 -0.3742
vn 0.8624 0.2094 -0.4609
vn 0.8130 0.2094 -0.5433
vn 0.7559 0.2094 -0.6203
vn 0.6914 0.2094 -0.6914
vn 0.6203 0.2094 -0.7559
vn 0.5433 0.2094 -0.8130
vn 0.4609 0.2094 -0.8624
vn 0.3742 0.2094 -0.9034
vn 0.2838 0.2094 -0.9357
vn 0.1908 0.2094 -0.9590
vn 0.0958 0.2094 -0.9731
vn -0.0000 0.2093 -0.9778
vn -0.0958 0.2094 -0.9731
vn -0.1908 0.2094 -0.9590
vn -0.2838 0.2094 -0.9357
vn -0.3742 0.2093 -0.9034
vn -0.4610 0.2093 -0.8624
vn -0.5432 0.2095 -0.8130
vn -0.6203 0.2094 -0.7559
vn -0.6914 0.2094 -0.6914
vn -0.7559 0.2094 -0.6203
vn -0.8130 0.2093 -0.5433
vn -0.8624 0.2094 -0.4609
vn -0.9034 0.2094 -0.3742
vn -0.9357 0.2094 -0.2838
vn -0.9590 0.2094 -0.1908
vn -0.9731 0.2094 -0.0958
vn -0.9778 0.2094 -0.0000
vn -0.9731 0.2094 0.0958
vn -0.9590 0.2094 0.1908
vn -0.9357 0.2094 0.2838
vn -0.9034 0.2094 0.3742
vn -0.8624 0.2094 0.4609
vn -0.8130 0.2094 0.5433
vn -0.7559 0.2094 0.6203
vn -0.6914 0.2094 0.6914
vn -0.6203 0.2094 0.7559
vn -0.5433 0.2094 0.8130
vn -0.4609 0.2094 0.8624
vn -0.3742 0.2094 0.9034
vn -0.2838 0.2094 0.9357
vn -0.1908 0.2094 0.9590
vn -0.0958 0.2094 0.9731
vn -0.0000 0.2093 0.9778
vn 0.0958 0.2094 0.9731
vn 0.1908 0.2094 0.9590
vn 0.2838 0.2094 0.9357
vn 0.3742 0.2093 0.9034
vn 0.4610 0.2093 0.8624
vn 0.5432 0.2095 0.8130
vn 0.6203 0.2094 0.7559
vn 0.6914 0.2094 0.6914
vn 0.7559 0.2094 0.6203
vn 0.8130 0.2093 0.5433
vn 0.8624 0.2094 0.4609
vn 0.9034 0.2094 0.3742
vn 0.9357 0.2094 0.2838
vn 0.9590 0.2094 0.1908
vn 0.9731 0.2094 0.0958
vn 0.9155 0.3921 -0.0902
vn 0.9199 0.3921 -0.0000
vn 0.9023 0.3921 -0.1795
vn 0.8803 0.3921 -0.2670
vn 0.8499 0.3921 -0.3520
vn 0.8113 0.3921 -0.4337
vn 0.7649 0.3921 -0.5111
vn 0.7111 0.3921 -0.5836
vn 0.6505 0.3921 -0.6505
vn 0.5836 0.3921 -0.7111
vn 0.5111 0.3921 -0.7649
vn 0.4337 0.3921 -0.8113
vn 0.3520 0.3921 -0.8499
vn 0.2670 0.3921 -0.8803
vn 0.1795 0.3921 -0.9023
vn 0.0902 0.3921 -0.9155
vn -0.0000 0.3921 -0.9199
vn -0.0902 0.3921 -0.9155
vn -0.1795 0.3921 -0.9023
vn -0.2670 0.3921 -0.8803
vn -0.3520 0.3921 -0.8499
vn -0.4336 0.3921 -0.8113
vn -0.5111 0.3921 -0.7649
vn -0.5836 0.3921 -0.7111
vn -0.6505 0.3921 -0.6505
vn -0.7111 0.3921 -0.5836
vn -0.7649 0.3921 -0.5111
vn -0.8113 0.3921 -0.4336
vn -0.8499 0.3921 -0.3520
vn -0.8803 0.3921 -0.2670
vn -0.9022 0.3921 -0.1795
vn -0.9155 0.3921 -0.0902
vn -0.9199 0.3921 -0.0000
vn -0.9155 0.3921 0.0902
vn -0.9023 0.3921 0.1795
vn -0.8803 0.3921 0.2670
vn -0.8499 0.3921 0.3520
vn -0.8113 0.3921 0.4337
vn -0.7649 0.3921 0.5111
vn -0.7111 0.3921 0.5836
vn -0.6505 0.3921 0.6505
vn -0.5836 0.3921 0.7111
vn -0.5111 0.3921 0.7649
vn -0.4337 0.3921 0.8113
vn -0.3520 0.3921 0.8499
vn -0.2670 0.3921 0.8803
vn -0.1795 0.3921 0.9023
vn -0.0902 0.3921 0.9155
vn -0.0000 0.3921 0.9199
vn 0.0902 0.3921 0.9155
vn 0.1795 0.3921 0.9023
vn 0.2670 0.3921 0.8803
vn 0.3520 0.3921 0.8499
vn 0.4336 0.3921 0.8113
vn 0.5111 0.3921 0.7649
vn 0.5836 0.3921 0.7111
vn 0.6505 0.3921 0.6505
vn 0.7111 0.3921 0.5836
vn 0.7649 0.3921 0.5111
vn 0.8113 0.3921 0.4336
vn 0.8499 0.3921 0.3520
vn 0.8803 0.3921 0.2670
vn 0.9022 0.3921 0.1795
vn 0.9155 0.3921 0.0902
vn 0.8244 0.5601 -0.0812
vn 0.8285 0.5600 -0.0000
vn 0.8125 0.5601 -0.1616
vn 0.7928 0.5600 -0.2405
vn 0.7654 0.5600 -0.3170
vn 0.7306 0.5601 -0.3905
vn 0.6888 0.5600 -0.4603
vn 0.6404 0.5600 -0.5256
vn 0.5858 0.5601 -0.5858
vn 0.5256 0.5601 -0.6404
vn 0.4603 0.5600 -0.6888
vn 0.3905 0.5600 -0.7306
vn 0.3170 0.5600 -0.7654
vn 0.2405 0.5600 -0.7928
vn 0.1616 0.5601 -0.8125
vn 0.0812 0.5600 -0.8245
vn -0.0000 0.5600 -0.8285
vn -0.0812 0.5600 -0.8245
vn -0.1616 0.5600 -0.8125
vn -0.2405 0.5601 -0.7928
vn -0.3170 0.5600 -0.7654
vn -0.3905 0.5600 -0.7306
vn -0.4603 0.5601 -0.6888
vn -0.5256 0.5600 -0.6404
vn -0.5858 0.5601 -0.5858
vn -0.6404 0.5601 -0.5256
vn -0.6888 0.5601 -0.4603
vn -0.7306 0.5601 -0.3905
vn -0.7654 0.5600 -0.3170
vn -0.7928 0.5600 -0.2405
vn -0.8125 0.5600 -0.1616
vn -0.8244 0.5601 -0.0812
vn -0.8285 0.5600 -0.0000
vn -0.8244 0.5601 0.0812
vn -0.8125 0.5601 0.1616
vn -0.7928 0.5600 0.2405
vn -0.7654 0.5600 0.3170
vn -0.7306 0.5601 0.3905
vn -0.6888 0.5600 0.4603
vn -0.6404 0.5600 0.5256
vn -0.5858 0.5601 0.5858
vn -0.5256 0.5601 0.6404
vn -0.4603 0.5600 0.6888
vn -0.3905 0.5600 0.7306
vn -0.3170 0.5600 0.7654
vn -0.2405 0.5600 0.7928
vn -0.1616 0.5601 0.8125
vn -0.0812 0.5600 0.8245
vn -0.0000 0.5600 0.8285
vn 0.0812 0.5600 0.8245
vn 0.1616 0.5600 0.8125
vn 0.2405 0.5601 0.7928
vn 0.3170 0.5600 0.7654
vn 0.3905 0.5600 0.7306
vn 0.4603 0.5601 0.6888
vn 0.5256 0.5600 0.6404
vn 0.5858 0.5601 0.5858
vn 0.6404 0.5601 0.5256
vn 0.6888 0.5601 0.4603
vn 0.7306 0.5601 0.3905
vn 0.7654 0.5600 0.3170
vn 0.7928 0.5600 0.2405
vn 0.8125 0.5600 0.1616
vn 0.8244 0.5601 0.0812
vn 0.7038 0.7070 -0.0693
vn 0.7072 0.7070 -0.0000
vn 0.6936 0.7070 -0.1380
vn 0.6767 0.7070 -0.2053
vn 0.6534 0.7070 -0.2706
vn 0.6237 0.7070 -0.3334
vn 0.5880 0.7070 -0.3929
vn 0.5467 0.7070 -0.4486
vn 0.5001 0.7070 -0.5001
vn 0.4486 0.7070 -0.5467
vn 0.3929 0.7070 -0.5880
vn 0.3334 0.7070 -0.6237
vn 0.2706 0.7070 -0.6534
vn 0.2053 0.7070 -0.6767
vn 0.1380 0.7070 -0.6936
vn 0.0693 0.7070 -0.7038
vn -0.0000 0.7070 -0.7072
vn -0.0693 0.7070 -0.7038
vn -0.1380 0.7070 -0.6936
vn -0.2053 0.7070 -0.6767
vn -0.2706 0.7070 -0.6534
vn -0.3334 0.7070 -0.6237
vn -0.3929 0.7070 -0.5880
vn -0.4486 0.7070 -0.5467
vn -0.5001 0.7070 -0.5001
vn -0.5467 0.7070 -0.4486
vn -0.5880 0.7070 -0.3929
vn -0.6237 0.7070 -0.3334
vn -0.6534 0.7070 -0.2706
vn -0.6767 0.7070 -0.2053
vn -0.6936 0.7070 -0.1380
vn -0.7038 0.7070 -0.0693
vn -0.7072 0.7070 -0.0000
vn -0.7038 0.7070 0.0693
vn -0.6936 0.7070 0.1380
vn -0.6767 0.7070 0.2053
vn -0.6534 0.7070 0.2706
vn -0.6237 0.7070 0.3334
vn -0.5880 0.7070 0.3929
vn -0.5467 0.7070 0.4486
vn -0.5001 0.7070 0.5001
vn -0.4486 0.7070 0.5467
vn -0.3929 0.7070 0.5880
vn -0.3334 0.7070 0.6237
vn -0.2706 0.7070 0.6534
vn -0.2053 0.7070 0.6767
vn -0.1380 0.7070 0.6936
vn -0.0693 0.7070 0.7038
vn -0.0000 0.7070 0.7072
vn 0.0693 0.7070 0.7038
vn 0.1380 0.7070 0.6936
vn 0.2053 0.7070 0.6767
vn 0.2706 0.7070 0.6534
vn 0.3334 0.7070 0.6237
vn 0.3929 0.7070 0.5880
vn 0.4486 0.7070 0.5467
vn 0.5001 0.7070 0.5001
vn 0.5467 0.7070 0.4486
vn 0.5880 0.7070 0.3929
vn 0.6237 0.7070 0.3334
vn 0.6534 0.7070 0.2706
vn 0.6767 0.7070 0.2053
vn 0.6936 0.7070 0.1380
vn 0.7038 0.7070 0.0693
vn 0.5589 0.8274 -0.0550
vn 0.5616 0.8274 -0.0000
vn 0.5508 0.8274 -0.1096
vn 0.5374 0.8274 -0.1630
vn 0.5188 0.8274 -0.2149
vn 0.4953 0.8274 -0.2647
vn 0.4669 0.8274 -0.3120
vn 0.4341 0.8274 -0.3563
vn 0.3971 0.8274 -0.3971
vn 0.3563 0.8274 -0.4341
vn 0.3120 0.8274 -0.4669
vn 0.2647 0.8274 -0.4953
vn 0.2149 0.8274 -0.5188
vn 0.1630 0.8274 -0.5374
vn 0.1096 0.8274 -0.5508
vn 0.0550 0.8274 -0.5589
vn -0.0000 0.8274 -0.5616
vn -0.0550 0.8274 -0.5589
vn -0.1096 0.8274 -0.5508
vn -0.1630 0.8274 -0.5374
vn -0.2149 0.8274 -0.5188
vn -0.2647 0.8274 -0.4953
vn -0.3120 0.8274 -0.4669
vn -0.3563 0.8274 -0.4341
vn -0.3971 0.8274 -0.3971
vn -0.4341 0.8274 -0.3563
vn -0.4669 0.8274 -0.3120
vn -0.4953 0.8274 -0.2647
vn -0.5188 0.8274 -0.2149
vn -0.5374 0.8274 -0.1630
vn -0.5508 0.8274 -0.1096
vn -0.5589 0.8274 -0.0550
vn -0.5616 0.8274 -0.0000
vn -0.5589 0.8274 0.0550
vn -0.5508 0.8274 0.1096
vn -0.5374 0.8274 0.1630
vn -0.5188 0.8274 0.2149
vn -0.4953 0.8274 0.2647
vn -0.4669 0.8274 0.3120
vn -0.4341 0.8274 0.3563
vn -0.3971 0.8274 0.3971
vn -0.3563 0.8274 0.4341
vn -0.3120 0.8274 0.4669
vn -0.2647 0.8274 0.4953
vn -0.2149 0.8274 0.5188
vn -0.1630 0.8274 0.5374
vn -0.1096 0.8274 0.5508
vn -0.0550 0.8274 0.5589
vn -0.0000 0.8274 0.5616
vn 0.0550 0.8274 0.5589
vn 0.1096 0.8274 0.5508
vn 0.1630 0.8274 0.5374
vn 0.2149 0.8274 0.5188
vn 0.2647 0.8274 0.4953
vn 0.3120 0.8274 0.4669
vn 0.3563 0.8274 0.4341
vn 0.3971 0.8274 0.3971
vn 0.4341 0.8274 0.3563
vn 0.4669 0.8274 0.3120
vn 0.4953 0.8274 0.2647
vn 0.5188 0.8274 0.2149
vn 0.5374 0.8274 0.1630
vn 0.5508 0.8274 0.1096
vn 0.5589 0.8274 0.0550
vn 0.3977 0.9167 -0.0392
vn 0.3996 0.9167 -0.0000
vn 0.3920 0.9167 -0.0780
vn 0.3824 0.9167 -0.1160
vn 0.3692 0.9167 -0.1529
vn 0.3524 0.9167 -0.1884
vn 0.3323 0.9167 -0.2220
vn 0.3089 0.9167 -0.2535
vn 0.2826 0.9167 -0.2826
vn 0.2535 0.9167 -0.3089
vn 0.2220 0.9167 -0.3323
vn 0.1884 0.9167 -0.3524
vn 0.1529 0.9167 -0.3692
vn 0.1160 0.9167 -0.3824
vn 0.0780 0.9167 -0.3920
vn 0.0392 0.9167 -0.3977
vn -0.0000 0.9167 -0.3996
vn -0.0392 0.9167 -0.3977
vn -0.0780 0.9167 -0.3920
vn -0.1160 0.9167 -0.3824
vn -0.1529 0.9167 -0.3692
vn -0.1884 0.9167 -0.3524
vn -0.2220 0.9167 -0.3323
vn -0.2535 0.9167 -0.3089
vn -0.2826 0.9167 -0.2826
vn -0.3089 0.9167 -0.2535
vn -0.3323 0.9167 -0.2220
vn -0.3524 0.9167 -0.1884
vn -0.3692 0.9167 -0.1529
vn -0.3824 0.9167 -0.1160
vn -0.3920 0.9167 -0.0780
vn -0.3977 0.9167 -0.0392
vn -0.3996 0.9167 -0.0000
vn -0.3977 0.9167 0.0392
vn -0.3920 0.9167 0.0780
vn -0.3824 0.9167 0.1160
vn -0.3692 0.9167 0.1529
vn -0.3524 0.9167 0.1884
vn -0.3323 0.9167 0.2220
vn -0.3089 0.9167 0.2535
vn -0.2826 0.9167 0.2826
vn -0.2535 0.9167 0.3089
vn -0.2220 0.9167 0.3323
vn -0.1884 0.9167 0.3524
vn -0.1529 0.9167 0.3692
vn -0.1160 0.9167 0.3824
vn -0.0780 0.9167 0.3920
vn -0.0392 0.9167 0.3977
vn -0.0000 0.9167 0.3996
vn 0.0392 0.9167 0.3977
vn 0.0780 0.9167 0.3920
vn 0.1160 0.9167 0.3824
vn 0.1529 0.9167 0.3692
vn 0.1884 0.9167 0.3524
vn 0.2220 0.9167 0.3323
vn 0.2535 0.9167 0.3089
vn 0.2826 0.9167 0.2826
vn 0.3089 0.9167 0.2535
vn 0.3323 0.9167 0.2220
vn 0.3524 0.9167 0.1884
vn 0.3692 0.9167 0.1529
vn 0.3824 0.9167 0.1160
vn 0.3920 0.9167 0.0780
vn 0.3977 0.9167 0.0392
vn 0.2386 0.9708 -0.0235
vn 0.2397 0.9708 -0.0000
vn 0.2351 0.9708 -0.0468
vn 0.2294 0.9708 -0.0696
vn 0.2215 0.9708 -0.0917
vn 0.2114 0.9708 -0.1130
vn 0.1993 0.9708 -0.1332
vn 0.1853 0.9708 -0.1521
vn 0.1695 0.9708 -0.1695
vn 0.1521 0.9708 -0.1853
vn 0.1332 0.9708 -0.1993
vn 0.1130 0.9708 -0.2114
vn 0.0917 0.9708 -0.2215
vn 0.0696 0.9708 -0.2294
vn 0.0468 0.9708 -0.2351
vn 0.0235 0.9708 -0.2386
vn -0.0000 0.9708 -0.2397
vn -0.0235 0.9708 -0.2386
vn -0.0468 0.9708 -0.2351
vn -0.0696 0.9708 -0.2294
vn -0.0917 0.9708 -0.2215
vn -0.1130 0.9708 -0.2114
vn -0.1332 0.9708 -0.1993
vn -0.1521 0.9708 -0.1853
vn -0.1695 0.9708 -0.1695
vn -0.1853 0.9708 -0.1521
vn -0.1993 0.9708 -0.1332
vn -0.2114 0.9708 -0.1130
vn -0.2215 0.9708 -0.0917
vn -0.2294 0.9708 -0.0696
vn -0.2351 0.9708 -0.0468
vn -0.2386 0.9708 -0.0235
vn -0.2397 0.9708 -0.0000
vn -0.2386 0.9708 0.0235
vn -0.2351 0.9708 0.0468
vn -0.2294 0.9708 0.0696
vn -0.2215 0.9708 0.0917
vn -0.2114 0.9708 0.1130
vn -0.1993 0.9708 0.1332
vn -0.1853 0.9708 0.1521
vn -0.1695 0.9708 0.1695
vn -0.1521 0.9708 0.1853
vn -0.1332 0.9708 0.1993
vn -0.1130 0.9708 0.2114
vn -0.0917 0.9708 0.2215
vn -0.0696 0.9708 0.2294
vn -0.0468 0.9708 0.2351
vn -0.0235 0.9708 0.2386
vn -0.0000 0.9708 0.2397
vn 0.0235 0.9708 0.2386
vn 0.0468 0.9708 0.2351
vn 0.0696 0.9708 0.2294
vn 0.0917 0.9708 0.2215
vn 0.1130 0.9708 0.2114
vn 0.1332 0.9708 0.1993
vn 0.1521 0.9708 0.1853
vn 0.1695 0.9708 0.1695
vn 0.1853 0.9708 0.1521
vn 0.1993 0.9708 0.1332
vn 0.2114 0.9708 0.1130
vn 0.2215 0.9708 0.0917
vn 0.2294 0.9708 0.0696
vn 0.2351 0.9708 0.0468
vn 0.2386 0.9708 0.0235
vn -0.0000 1.0000 -0.0000
vn 0.4976 -0.8660 -0.0490
vn 0.4904 -0.8660 -0.0975
vn 0.4785 -0.8660 -0.1451
vn 0.4619 -0.8660 -0.1913
vn 0.4410 -0.8660 -0.2357
vn 0.4157 -0.8660 -0.2778
vn 0.3865 -0.8660 -0.3172
vn 0.3536 -0.8660 -0.3536
vn 0.3172 -0.8660 -0.3865
vn 0.2778 -0.8660 -0.4157
vn 0.2357 -0.8660 -0.4410
vn 0.1913 -0.8660 -0.4619
vn 0.1451 -0.8660 -0.4785
vn 0.0975 -0.8660 -0.4904
vn 0.0490 -0.8660 -0.4976
vn -0.0000 -0.8660 -0.5000
vn -0.0490 -0.8660 -0.4976
vn -0.0975 -0.8660 -0.4904
vn -0.1451 -0.8660 -0.4785
vn -0.1913 -0.8660 -0.4619
vn -0.2357 -0.8660 -0.4410
vn -0.2778 -0.8660 -0.4157
vn -0.3172 -0.8660 -0.3865
vn -0.3536 -0.8660 -0.3536
vn -0.3865 -0.8660 -0.3172
vn -0.4157 -0.8660 -0.2778
vn -0.4410 -0.8660 -0.2357
vn -0.4619 -0.8660 -0.1913
vn -0.4785 -0.8660 -0.1451
vn -0.4904 -0.8660 -0.0975
vn -0.4976 -0.8660 -0.0490
vn -0.5000 -0.8660 -0.0000
vn -0.4976 -0.8660 0.0490
vn -0.4904 -0.8660 0.0975
vn -0.4785 -0.8660 0.1451
vn -0.4619 -0.8660 0.1913
vn -0.4410 -0.8660 0.2357
vn -0.4157 -0.8660 0.2778
vn -0.3865 -0.8660 0.3172
vn -0.3536 -0.8660 0.3536
vn -0.3172 -0.8660 0.3865
vn -0.2778 -0.8660 0.4157
vn -0.2357 -0.8660 0.4410
vn -0.1913 -0.8660 0.4619
vn -0.1451 -0.8660 0.4785
vn -0.0975 -0.8660 0.4904
vn -0.0490 -0.8660 0.4976
vn -0.0000 -0.8660 0.5000
vn 0.0490 -0.8660 0.4976
vn 0.0975 -0.8660 0.4904
vn 0.1451 -0.8660 0.4785
vn 0.1913 -0.8660 0.4619
vn 0.2357 -0.8660 0.4410
vn 0.2778 -0.8660 0.4157
vn 0.3172 -0.8660 0.3865
vn 0.3536 -0.8660 0.3536
vn 0.3865 -0.8660 0.3172
vn 0.4157 -0.8660 0.2778
vn 0.4410 -0.8660 0.2357
vn 0.4619 -0.8660 0.1913
vn 0.4785 -0.8660 0.1451
vn 0.4904 -0.8660 0.0975
vn 0.4976 -0.8660 0.0490
vn 0.5000 -0.8660 -0.0000
vn 0.5000 0.8660 -0.0000
vn 0.4976 0.8660 -0.0490
vn 0.4904 0.8660 -0.0975
vn 0.4785 0.8660 -0.1451
vn 0.4619 0.8660 -0.1913
vn 0.4410 0.8660 -0.2357
vn 0.4157 0.8660 -0.2778
vn 0.3865 0.8660 -0.3172
vn 0.3536 0.8660 -0.3536
vn 0.3172 0.8660 -0.3865
vn 0.2778 0.8660 -0.4157
vn 0.2357 0.8660 -0.4410
vn 0.1913 0.8660 -0.4619
vn 0.1451 0.8660 -0.4785
vn 0.0975 0.8660 -0.4904
vn 0.0490 0.8660 -0.4976
vn -0.0000 0.8660 -0.5000
vn -0.0490 0.8660 -0.4976
vn -0.0975 0.8660 -0.4904
vn -0.1451 0.8660 -0.4785
vn -0.1913 0.8660 -0.4619
vn -0.2357 0.8660 -0.4410
vn -0.2778 0.8660 -0.4157
vn -0.3172 0.8660 -0.3865
vn -0.3536 0.8660 -0.3536
vn -0.3865 0.8660 -0.3172
vn -0.4157 0.8660 -0.2778
vn -0.4410 0.8660 -0.2357
vn -0.4619 0.8660 -0.1913
vn -0.4785 0.8660 -0.1451
vn -0.4904 0.8660 -0.0975
vn -0.4976 0.8660 -0.0490
vn -0.5000 0.8660 -0.0000
vn -0.4976 0.8660 0.0490
vn -0.4904 0.8660 0.0975
vn -0.4785 0.8660 0.1451
vn -0.4619 0.8660 0.1913
vn -0.4410 0.8660 0.2357
vn -0.4157 0.8660 0.2778
vn -0.3865 0.8660 0.3172
vn -0.3536 0.8660 0.3536
vn -0.3172 0.8660 0.3865
vn -0.2778 0.8660 0.4157
vn -0.2357 0.8660 0.4410
vn -0.1913 0.8660 0.4619
vn -0.1451 0.8660 0.4785
vn -0.0975 0.8660 0.4904
vn -0.0490 0.8660 0.4976
vn -0.0000 0.8660 0.5000
vn 0.0490 0.8660 0.4976
vn 0.0975 0.8660 0.4904
vn 0.1451 0.8660 0.4785
vn 0.1913 0.8660 0.4619
vn 0.2357 0.8660 0.4410
vn 0.2778 0.8660 0.4157
vn 0.3172 0.8660 0.3865
vn 0.3536 0.8660 0.3536
vn 0.3865 0.8660 0.3172
vn 0.4157 0.8660 0.2778
vn 0.4410 0.8660 0.2357
vn 0.4619 0.8660 0.1913
vn 0.4785 0.8660 0.1451
vn 0.4904 0.8660 0.0975
vn 0.4976 0.8660 0.0490
vn 0.7071 0.7071 -0.0000
vn 0.7037 0.7071 -0.0693
vn 0.6935 0.7071 -0.1379
vn 0.6767 0.7071 -0.2053
vn 0.6533 0.7071 -0.2706
vn 0.6236 0.7071 -0.3333
vn 0.5879 0.7071 -0.3928
vn 0.5466 0.7071 -0.4486
vn 0.5000 0.7071 -0.5000
vn 0.4486 0.7071 -0.5466
vn 0.3928 0.7071 -0.5879
vn 0.3333 0.7071 -0.6236
vn 0.2706 0.7071 -0.6533
vn 0.2053 0.7071 -0.6767
vn 0.1380 0.7071 -0.6935
vn 0.0693 0.7071 -0.7037
vn -0.0000 0.7071 -0.7071
vn -0.0693 0.7071 -0.7037
vn -0.1379 0.7071 -0.6935
vn -0.2053 0.7071 -0.6767
vn -0.2706 0.7071 -0.6533
vn -0.3333 0.7071 -0.6236
vn -0.3928 0.7071 -0.5879
vn -0.4486 0.7071 -0.5466
vn -0.5000 0.7071 -0.5000
vn -0.5466 0.7071 -0.4486
vn -0.5879 0.7071 -0.3928
vn -0.6236 0.7071 -0.3333
vn -0.6533 0.7071 -0.2706
vn -0.6767 0.7071 -0.2053
vn -0.6935 0.7071 -0.1379
vn -0.7037 0.7071 -0.0693
vn -0.7071 0.7071 -0.0000
vn -0.7037 0.7071 0.0693
vn -0.6935 0.7071 0.1379
vn -0.6767 0.7071 0.2053
vn -0.6533 0.7071 0.2706
vn -0.6236 0.7071 0.3333
vn -0.5879 0.7071 0.3928
vn -0.5466 0.7071 0.4486
vn -0.5000 0.7071 0.5000
vn -0.4486 0.7071 0.5466
vn -0.3928 0.7071 0.5879
vn -0.3333 0.7071 0.6236
vn -0.2706 0.7071 0.6533
vn -0.2053 0.7071 0.6767
vn -0.1380 0.7071 0.6935
vn -0.0693 0.7071 0.7037
vn -0.0000 0.7071 0.7071
vn 0.0693 0.7071 0.7037
vn 0.1379 0.7071 0.6935
vn 0.2053 0.7071 0.6767
vn 0.2706 0.7071 0.6533
vn 0.3333 0.7071 0.6236
vn 0.3928 0.7071 0.5879
vn 0.4486 0.7071 0.5466
vn 0.5000 0.7071 0.5000
vn 0.5466 0.7071 0.4486
vn 0.5879 0.7071 0.3928
vn 0.6236 0.7071 0.3333
vn 0.6533 0.7071 0.2706
vn 0.6767 0.7071 0.2053
vn 0.6935 0.7071 0.1379
vn 0.7037 0.7071 0.0693
vt 0.000000 0.407912
vt 0.015625 0.407912
vt 0.015625 0.423347
vt 0.000000 0.423347
vt 0.023438 0.000000
vt 0.031250 0.202400
vt 0.015625 0.202400
vt 0.039062 0.000000
vt 0.046875 0.202400
vt 0.054688 0.000000
vt 0.062500 0.202400
vt 0.070312 0.000000
vt 0.078125 0.202400
vt 0.085938 0.000000
vt 0.093750 0.202400
vt 0.101562 0.000000
vt 0.109375 0.202400
vt 0.117188 0.000000
vt 0.125000 0.202400
vt 0.132812 0.000000
vt 0.140625 0.202400
vt 0.148438 0.000000
vt 0.156250 0.202400
vt 0.164062 0.000000
vt 0.171875 0.202400
vt 0.179688 0.000000
vt 0.187500 0.202400
vt 0.195312 0.000000
vt 0.203125 0.202400
vt 0.210938 0.000000
vt 0.218750 0.202400
vt 0.226562 0.000000
vt 0.234375 0.202400
vt 0.242188 0.000000
vt 0.250000 0.202400
vt 0.257812 0.000000
vt 0.265625 0.202400
vt 0.273438 0.000000
vt 0.281250 0.202400
vt 0.289062 0.000000
vt 0.296875 0.202400
vt 0.304688 0.000000
vt 0.312500 0.202400
vt 0.320312 0.000000
vt 0.328125 0.202400
vt 0.335938 0.000000
vt 0.343750 0.202400
vt 0.351562 0.000000
vt 0.359375 0.202400
vt 0.367188 0.000000
vt 0.375000 0.202400
vt 0.382812 0.000000
vt 0.390625 0.202400
vt 0.398438 0.000000
vt 0.406250 0.202400
vt 0.414062 0.000000
vt 0.421875 0.202400
vt 0.429688 0.000000
vt 0.437500 0.202400
vt 0.445312 0.000000
vt 0.453125 0.202400
vt 0.460938 0.000000
vt 0.468750 0.202400
vt 0.476562 0.000000
vt 0.484375 0.202400
vt 0.492188 0.000000
vt 0.500000 0.202400
vt 0.507812 0.000000
vt 0.515625 0.202400
vt 0.523438 0.000000
vt 0.531250 0.202400
vt 0.539062 0.000000
vt 0.546875 0.202400
vt 0.554688 0.000000
vt 0.562500 0.202400
vt 0.570312 0.000000
vt 0.578125 0.202400
vt 0.585938 0.000000
vt 0.593750 0.202400
vt 0.601562 0.000000
vt 0.609375 0.202400
vt 0.617188 0.000000
vt 0.625000 0.202400
vt 0.632812 0.000000
vt 0.640625 0.202400
vt 0.648438 0.000000
vt 0.656250 0.202400
vt 0.664062 0.000000
vt 0.671875 0.202400
vt 0.679688 0.000000
vt 0.687500 0.202400
vt 0.695312 0.000000
vt 0.703125 0.202400
vt 0.710938 0.000000
vt 0.718750 0.202400
vt 0.726562 0.000000
vt 0.734375 0.202400
vt 0.742188 0.000000
vt 0.750000 0.202400
vt 0.757812 0.000000
vt 0.765625 0.202400
vt 0.773438 0.000000
vt 0.781250 0.202400
vt 0.789062 0.000000
vt 0.796875 0.202400
vt 0.804688 0.000000
vt 0.812500 0.202400
vt 0.820312 0.000000
vt 0.828125 0.202400
vt 0.835938 0.000000
vt 0.843750 0.202400
vt 0.851562 0.000000
vt 0.859375 0.202400
vt 0.867188 0.000000
vt 0.875000 0.202400
vt 0.882812 0.000000
vt 0.890625 0.202400
vt 0.898438 0.000000
vt 0.906250 0.202400
vt 0.914062 0.000000
vt 0.921875 0.202400
vt 0.929688 0.000000
vt 0.937500 0.202400
vt 0.945312 0.000000
vt 0.953125 0.202400
vt 0.960938 0.000000
vt 0.968750 0.202400
vt 0.976562 0.000000
vt 0.984375 0.202400
vt 0.992188 0.000000
vt 1.000000 0.202400
vt 0.000000 0.202400
vt 0.015625 0.218769
vt 0.000000 0.218769
vt 0.031250 0.218769
vt 0.046875 0.218769
vt 0.062500 0.218769
vt 0.078125 0.218769
vt 0.093750 0.218769
vt 0.109375 0.218769
vt 0.125000 0.218769
vt 0.140625 0.218769
vt 0.156250 0.218769
vt 0.171875 0.218769
vt 0.187500 0.218769
vt 0.203125 0.218769
vt 0.218750 0.218769
vt 0.234375 0.218769
vt 0.250000 0.218769
vt 0.265625 0.218769
vt 0.281250 0.218769
vt 0.296875 0.218769
vt 0.312500 0.218769
vt 0.328125 0.218769
vt 0.343750 0.218769
vt 0.359375 0.218769
vt 0.375000 0.218769
vt 0.390625 0.218769
vt 0.406250 0.218769
vt 0.421875 0.218769
vt 0.437500 0.218769
vt 0.453125 0.218769
vt 0.468750 0.218769
vt 0.484375 0.218769
vt 0.500000 0.218769
vt 0.515625 0.218769
vt 0.531250 0.218769
vt 0.546875 0.218769
vt 0.562500 0.218769
vt 0.578125 0.218769
vt 0.593750 0.218769
vt 0.609375 0.218769
vt 0.625000 0.218769
vt 0.640625 0.218769
vt 0.656250 0.218769
vt 0.671875 0.218769
vt 0.687500 0.218769
vt 0.703125 0.218769
vt 0.718750 0.218769
vt 0.734375 0.218769
vt 0.750000 0.218769
vt 0.765625 0.218769
vt 0.781250 0.218769
vt 0.796875 0.218769
vt 0.812500 0.218769
vt 0.828125 0.218769
vt 0.843750 0.218769
vt 0.859375 0.218769
vt 0.875000 0.218769
vt 0.890625 0.218769
vt 0.906250 0.218769
vt 0.921875 0.218769
vt 0.937500 0.218769
vt 0.953125 0.218769
vt 0.968750 0.218769
vt 0.984375 0.218769
vt 1.000000 0.218769
vt 0.015625 0.223956
vt 0.000000 0.223956
vt 0.031250 0.223956
vt 0.046875 0.223956
vt 0.062500 0.223956
vt 0.078125 0.223956
vt 0.093750 0.223956
vt 0.109375 0.223956
vt 0.125000 0.223956
vt 0.140625 0.223956
vt 0.156250 0.223956
vt 0.171875 0.223956
vt 0.187500 0.223956
vt 0.203125 0.223956
vt 0.218750 0.223956
vt 0.234375 0.223956
vt 0.250000 0.223956
vt 0.265625 0.223956
vt 0.281250 0.223956
vt 0.296875 0.223956
vt 0.312500 0.223956
vt 0.328125 0.223956
vt 0.343750 0.223956
vt 0.359375 0.223956
vt 0.375000 0.223956
vt 0.390625 0.223956
vt 0.406250 0.223956
vt 0.421875 0.223956
vt 0.437500 0.223956
vt 0.453125 0.223956
vt 0.468750 0.223956
vt 0.484375 0.223956
vt 0.500000 0.223956
vt 0.515625 0.223956
vt 0.531250 0.223956
vt 0.546875 0.223956
vt 0.562500 0.223956
vt 0.578125 0.223956
vt 0.593750 0.223956
vt 0.609375 0.223956
vt 0.625000 0.223956
vt 0.640625 0.223956
vt 0.656250 0.223956
vt 0.671875 0.223956
vt 0.687500 0.223956
vt 0.703125 0.223956
vt 0.718750 0.223956
vt 0.734375 0.223956
vt 0.750000 0.223956
vt 0.765625 0.223956
vt 0.781250 0.223956
vt 0.796875 0.223956
vt 0.812500 0.223956
vt 0.828125 0.223956
vt 0.843750 0.223956
vt 0.859375 0.223956
vt 0.875000 0.223956
vt 0.890625 0.223956
vt 0.906250 0.223956
vt 0.921875 0.223956
vt 0.937500 0.223956
vt 0.953125 0.223956
vt 0.968750 0.223956
vt 0.984375 0.223956
vt 1.000000 0.223956
vt 0.015625 0.225869
vt 0.000000 0.225869
vt 0.031250 0.225869
vt 0.046875 0.225869
vt 0.062500 0.225869
vt 0.078125 0.225869
vt 0.093750 0.225869
vt 0.109375 0.225869
vt 0.125000 0.225869
vt 0.140625 0.225869
vt 0.156250 0.225869
vt 0.171875 0.225869
vt 0.187500 0.225869
vt 0.203125 0.225869
vt 0.218750 0.225869
vt 0.234375 0.225869
vt 0.250000 0.225869
vt 0.265625 0.225869
vt 0.281250 0.225869
vt 0.296875 0.225869
vt 0.312500 0.225869
vt 0.328125 0.225869
vt 0.343750 0.225869
vt 0.359375 0.225869
vt 0.375000 0.225869
vt 0.390625 0.225869
vt 0.406250 0.225869
vt 0.421875 0.225869
vt 0.437500 0.225869
vt 0.453125 0.225869
vt 0.468750 0.225869
vt 0.484375 0.225869
vt 0.500000 0.225869
vt 0.515625 0.225869
vt 0.531250 0.225869
vt 0.546875 0.225869
vt 0.562500 0.225869
vt 0.578125 0.225869
vt 0.593750 0.225869
vt 0.609375 0.225869
vt 0.625000 0.225869
vt 0.640625 0.225869
vt 0.656250 0.225869
vt 0.671875 0.225869
vt 0.687500 0.225869
vt 0.703125 0.225869
vt 0.718750 0.225869
vt 0.734375 0.225869
vt 0.750000 0.225869
vt 0.765625 0.225869
vt 0.781250 0.225869
vt 0.796875 0.225869
vt 0.812500 0.225869
vt 0.828125 0.225869
vt 0.843750 0.225869
vt 0.859375 0.225869
vt 0.875000 0.225869
vt 0.890625 0.225869
vt 0.906250 0.225869
vt 0.921875 0.225869
vt 0.937500 0.225869
vt 0.953125 0.225869
vt 0.968750 0.225869
vt 0.984375 0.225869
vt 1.000000 0.225869
vt 0.015625 0.239190
vt 0.000000 0.239190
vt 0.031250 0.239190
vt 0.046875 0.239190
vt 0.062500 0.239190
vt 0.078125 0.239190
vt 0.093750 0.239190
vt 0.109375 0.239190
vt 0.125000 0.239190
vt 0.140625 0.239190
vt 0.156250 0.239190
vt 0.171875 0.239190
vt 0.187500 0.239190
vt 0.203125 0.239190
vt 0.218750 0.239190
vt 0.234375 0.239190
vt 0.250000 0.239190
vt 0.265625 0.239190
vt 0.281250 0.239190
vt 0.296875 0.239190
vt 0.312500 0.239190
vt 0.328125 0.239190
vt 0.343750 0.239190
vt 0.359375 0.239190
vt 0.375000 0.239190
vt 0.390625 0.239190
vt 0.406250 0.239190
vt 0.421875 0.239190
vt 0.437500 0.239190
vt 0.453125 0.239190
vt 0.468750 0.239190
vt 0.484375 0.239190
vt 0.500000 0.239190
vt 0.515625 0.239190
vt 0.531250 0.239190
vt 0.546875 0.239190
vt 0.562500 0.239190
vt 0.578125 0.239190
vt 0.593750 0.239190
vt 0.609375 0.239190
vt 0.625000 0.239190
vt 0.640625 0.239190
vt 0.656250 0.239190
vt 0.671875 0.239190
vt 0.687500 0.239190
vt 0.703125 0.239190
vt 0.718750 0.239190
vt 0.734375 0.239190
vt 0.750000 0.239190
vt 0.765625 0.239190
vt 0.781250 0.239190
vt 0.796875 0.239190
vt 0.812500 0.239190
vt 0.828125 0.239190
vt 0.843750 0.239190
vt 0.859375 0.239190
vt 0.875000 0.239190
vt 0.890625 0.239190
vt 0.906250 0.239190
vt 0.921875 0.239190
vt 0.937500 0.239190
vt 0.953125 0.239190
vt 0.968750 0.239190
vt 0.984375 0.239190
vt 1.000000 0.239190
vt 0.015625 0.241742
vt 0.000000 0.241742
vt 0.031250 0.241742
vt 0.046875 0.241742
vt 0.062500 0.241742
vt 0.078125 0.241742
vt 0.093750 0.241742
vt 0.109375 0.241742
vt 0.125000 0.241742
vt 0.140625 0.241742
vt 0.156250 0.241742
vt 0.171875 0.241742
vt 0.187500 0.241742
vt 0.203125 0.241742
vt 0.218750 0.241742
vt 0.234375 0.241742
vt 0.250000 0.241742
vt 0.265625 0.241742
vt 0.281250 0.241742
vt 0.296875 0.241742
vt 0.312500 0.241742
vt 0.328125 0.241742
vt 0.343750 0.241742
vt 0.359375 0.241742
vt 0.375000 0.241742
vt 0.390625 0.241742
vt 0.406250 0.241742
vt 0.421875 0.241742
vt 0.437500 0.241742
vt 0.453125 0.241742
vt 0.468750 0.241742
vt 0.484375 0.241742
vt 0.500000 0.241742
vt 0.515625 0.241742
vt 0.531250 0.241742
vt 0.546875 0.241742
vt 0.562500 0.241742
vt 0.578125 0.241742
vt 0.593750 0.241742
vt 0.609375 0.241742
vt 0.625000 0.241742
vt 0.640625 0.241742
vt 0.656250 0.241742
vt 0.671875 0.241742
vt 0.687500 0.241742
vt 0.703125 0.241742
vt 0.718750 0.241742
vt 0.734375 0.241742
vt 0.750000 0.241742
vt 0.765625 0.241742
vt 0.781250 0.241742
vt 0.796875 0.241742
vt 0.812500 0.241742
vt 0.828125 0.241742
vt 0.843750 0.241742
vt 0.859375 0.241742
vt 0.875000 0.241742
vt 0.890625 0.241742
vt 0.906250 0.241742
vt 0.921875 0.241742
vt 0.937500 0.241742
vt 0.953125 0.241742
vt 0.968750 0.241742
vt 0.984375 0.241742
vt 1.000000 0.241742
vt 0.015625 0.251284
vt 0.000000 0.251284
vt 0.031250 0.251284
vt 0.046875 0.251284
vt 0.062500 0.251284
vt 0.078125 0.251284
vt 0.093750 0.251284
vt 0.109375 0.251284
vt 0.125000 0.251284
vt 0.140625 0.251284
vt 0.156250 0.251284
vt 0.171875 0.251284
vt 0.187500 0.251284
vt 0.203125 0.251284
vt 0.218750 0.251284
vt 0.234375 0.251284
vt 0.250000 0.251284
vt 0.265625 0.251284
vt 0.281250 0.251284
vt 0.296875 0.251284
vt 0.312500 0.251284
vt 0.328125 0.251284
vt 0.343750 0.251284
vt 0.359375 0.251284
vt 0.375000 0.251284
vt 0.390625 0.251284
vt 0.406250 0.251284
vt 0.421875 0.251284
vt 0.437500 0.251284
vt 0.453125 0.251284
vt 0.468750 0.251284
vt 0.484375 0.251284
vt 0.500000 0.251284
vt 0.515625 0.251284
vt 0.531250 0.251284
vt 0.546875 0.251284
vt 0.562500 0.251284
vt 0.578125 0.251284
vt 0.593750 0.251284
vt 0.609375 0.251284
vt 0.625000 0.251284
vt 0.640625 0.251284
vt 0.656250 0.251284
vt 0.671875 0.251284
vt 0.687500 0.251284
vt 0.703125 0.251284
vt 0.718750 0.251284
vt 0.734375 0.251284
vt 0.750000 0.251284
vt 0.765625 0.251284
vt 0.781250 0.251284
vt 0.796875 0.251284
vt 0.812500 0.251284
vt 0.828125 0.251284
vt 0.843750 0.251284
vt 0.859375 0.251284
vt 0.875000 0.251284
vt 0.890625 0.251284
vt 0.906250 0.251284
vt 0.921875 0.251284
vt 0.937500 0.251284
vt 0.953125 0.251284
vt 0.968750 0.251284
vt 0.984375 0.251284
vt 1.000000 0.251284
vt 0.015625 0.257316
vt 0.000000 0.257316
vt 0.031250 0.257316
vt 0.046875 0.257316
vt 0.062500 0.257316
vt 0.078125 0.257316
vt 0.093750 0.257316
vt 0.109375 0.257316
vt 0.125000 0.257316
vt 0.140625 0.257316
vt 0.156250 0.257316
vt 0.171875 0.257316
vt 0.187500 0.257316
vt 0.203125 0.257316
vt 0.218750 0.257316
vt 0.234375 0.257316
vt 0.250000 0.257316
vt 0.265625 0.257316
vt 0.281250 0.257316
vt 0.296875 0.257316
vt 0.312500 0.257316
vt 0.328125 0.257316
vt 0.343750 0.257316
vt 0.359375 0.257316
vt 0.375000 0.257316
vt 0.390625 0.257316
vt 0.406250 0.257316
vt 0.421875 0.257316
vt 0.437500 0.257316
vt 0.453125 0.257316
vt 0.468750 0.257316
vt 0.484375 0.257316
vt 0.500000 0.257316
vt 0.515625 0.257316
vt 0.531250 0.257316
vt 0.546875 0.257316
vt 0.562500 0.257316
vt 0.578125 0.257316
vt 0.593750 0.257316
vt 0.609375 0.257316
vt 0.625000 0.257316
vt 0.640625 0.257316
vt 0.656250 0.257316
vt 0.671875 0.257316
vt 0.687500 0.257316
vt 0.703125 0.257316
vt 0.718750 0.257316
vt 0.734375 0.257316
vt 0.750000 0.257316
vt 0.765625 0.257316
vt 0.781250 0.257316
vt 0.796875 0.257316
vt 0.812500 0.257316
vt 0.828125 0.257316
vt 0.843750 0.257316
vt 0.859375 0.257316
vt 0.875000 0.257316
vt 0.890625 0.257316
vt 0.906250 0.257316
vt 0.921875 0.257316
vt 0.937500 0.257316
vt 0.953125 0.257316
vt 0.968750 0.257316
vt 0.984375 0.257316
vt 1.000000 0.257316
vt 0.015625 0.264671
vt 0.000000 0.264671
vt 0.031250 0.264671
vt 0.046875 0.264671
vt 0.062500 0.264671
vt 0.078125 0.264671
vt 0.093750 0.264671
vt 0.109375 0.264671
vt 0.125000 0.264671
vt 0.140625 0.264671
vt 0.156250 0.264671
vt 0.171875 0.264671
vt 0.187500 0.264671
vt 0.203125 0.264671
vt 0.218750 0.264671
vt 0.234375 0.264671
vt 0.250000 0.264671
vt 0.265625 0.264671
vt 0.281250 0.264671
vt 0.296875 0.264671
vt 0.312500 0.264671
vt 0.328125 0.264671
vt 0.343750 0.264671
vt 0.359375 0.264671
vt 0.375000 0.264671
vt 0.390625 0.264671
vt 0.406250 0.264671
vt 0.421875 0.264671
vt 0.437500 0.264671
vt 0.453125 0.264671
vt 0.468750 0.264671
vt 0.484375 0.264671
vt 0.500000 0.264671
vt 0.515625 0.264671
vt 0.531250 0.264671
vt 0.546875 0.264671
vt 0.562500 0.264671
vt 0.578125 0.264671
vt 0.593750 0.264671
vt 0.609375 0.264671
vt 0.625000 0.264671
vt 0.640625 0.264671
vt 0.656250 0.264671
vt 0.671875 0.264671
vt 0.687500 0.264671
vt 0.703125 0.264671
vt 0.718750 0.264671
vt 0.734375 0.264671
vt 0.750000 0.264671
vt 0.765625 0.264671
vt 0.781250 0.264671
vt 0.796875 0.264671
vt 0.812500 0.264671
vt 0.828125 0.264671
vt 0.843750 0.264671
vt 0.859375 0.264671
vt 0.875000 0.264671
vt 0.890625 0.264671
vt 0.906250 0.264671
vt 0.921875 0.264671
vt 0.937500 0.264671
vt 0.953125 0.264671
vt 0.968750 0.264671
vt 0.984375 0.264671
vt 1.000000 0.264671
vt 0.015625 0.273067
vt 0.000000 0.273067
vt 0.031250 0.273067
vt 0.046875 0.273067
vt 0.062500 0.273067
vt 0.078125 0.273067
vt 0.093750 0.273067
vt 0.109375 0.273067
vt 0.125000 0.273067
vt 0.140625 0.273067
vt 0.156250 0.273067
vt 0.171875 0.273067
vt 0.187500 0.273067
vt 0.203125 0.273067
vt 0.218750 0.273067
vt 0.234375 0.273067
vt 0.250000 0.273067
vt 0.265625 0.273067
vt 0.281250 0.273067
vt 0.296875 0.273067
vt 0.312500 0.273067
vt 0.328125 0.273067
vt 0.343750 0.273067
vt 0.359375 0.273067
vt 0.375000 0.273067
vt 0.390625 0.273067
vt 0.406250 0.273067
vt 0.421875 0.273067
vt 0.437500 0.273067
vt 0.453125 0.273067
vt 0.468750 0.273067
vt 0.484375 0.273067
vt 0.500000 0.273067
vt 0.515625 0.273067
vt 0.531250 0.273067
vt 0.546875 0.273067
vt 0.562500 0.273067
vt 0.578125 0.273067
vt 0.593750 0.273067
vt 0.609375 0.273067
vt 0.625000 0.273067
vt 0.640625 0.273067
vt 0.656250 0.273067
vt 0.671875 0.273067
vt 0.687500 0.273067
vt 0.703125 0.273067
vt 0.718750 0.273067
vt 0.734375 0.273067
vt 0.750000 0.273067
vt 0.765625 0.273067
vt 0.781250 0.273067
vt 0.796875 0.273067
vt 0.812500 0.273067
vt 0.828125 0.273067
vt 0.843750 0.273067
vt 0.859375 0.273067
vt 0.875000 0.273067
vt 0.890625 0.273067
vt 0.906250 0.273067
vt 0.921875 0.273067
vt 0.937500 0.273067
vt 0.953125 0.273067
vt 0.968750 0.273067
vt 0.984375 0.273067
vt 1.000000 0.273067
vt 0.015625 0.282466
vt 0.000000 0.282466
vt 0.031250 0.282466
vt 0.046875 0.282466
vt 0.062500 0.282466
vt 0.078125 0.282466
vt 0.093750 0.282466
vt 0.109375 0.282466
vt 0.125000 0.282466
vt 0.140625 0.282466
vt 0.156250 0.282466
vt 0.171875 0.282466
vt 0.187500 0.282466
vt 0.203125 0.282466
vt 0.218750 0.282466
vt 0.234375 0.282466
vt 0.250000 0.282466
vt 0.265625 0.282466
vt 0.281250 0.282466
vt 0.296875 0.282466
vt 0.312500 0.282466
vt 0.328125 0.282466
vt 0.343750 0.282466
vt 0.359375 0.282466
vt 0.375000 0.282466
vt 0.390625 0.282466
vt 0.406250 0.282466
vt 0.421875 0.282466
vt 0.437500 0.282466
vt 0.453125 0.282466
vt 0.468750 0.282466
vt 0.484375 0.282466
vt 0.500000 0.282466
vt 0.515625 0.282466
vt 0.531250 0.282466
vt 0.546875 0.282466
vt 0.562500 0.282466
vt 0.578125 0.282466
vt 0.593750 0.282466
vt 0.609375 0.282466
vt 0.625000 0.282466
vt 0.640625 0.282466
vt 0.656250 0.282466
vt 0.671875 0.282466
vt 0.687500 0.282466
vt 0.703125 0.282466
vt 0.718750 0.282466
vt 0.734375 0.282466
vt 0.750000 0.282466
vt 0.765625 0.282466
vt 0.781250 0.282466
vt 0.796875 0.282466
vt 0.812500 0.282466
vt 0.828125 0.282466
vt 0.843750 0.282466
vt 0.859375 0.282466
vt 0.875000 0.282466
vt 0.890625 0.282466
vt 0.906250 0.282466
vt 0.921875 0.282466
vt 0.937500 0.282466
vt 0.953125 0.282466
vt 0.968750 0.282466
vt 0.984375 0.282466
vt 1.000000 0.282466
vt 0.015625 0.293345
vt 0.000000 0.293345
vt 0.031250 0.293345
vt 0.046875 0.293345
vt 0.062500 0.293345
vt 0.078125 0.293345
vt 0.093750 0.293345
vt 0.109375 0.293345
vt 0.125000 0.293345
vt 0.140625 0.293345
vt 0.156250 0.293345
vt 0.171875 0.293345
vt 0.187500 0.293345
vt 0.203125 0.293345
vt 0.218750 0.293345
vt 0.234375 0.293345
vt 0.250000 0.293345
vt 0.265625 0.293345
vt 0.281250 0.293345
vt 0.296875 0.293345
vt 0.312500 0.293345
vt 0.328125 0.293345
vt 0.343750 0.293345
vt 0.359375 0.293345
vt 0.375000 0.293345
vt 0.390625 0.293345
vt 0.406250 0.293345
vt 0.421875 0.293345
vt 0.437500 0.293345
vt 0.453125 0.293345
vt 0.468750 0.293345
vt 0.484375 0.293345
vt 0.500000 0.293345
vt 0.515625 0.293345
vt 0.531250 0.293345
vt 0.546875 0.293345
vt 0.562500 0.293345
vt 0.578125 0.293345
vt 0.593750 0.293345
vt 0.609375 0.293345
vt 0.625000 0.293345
vt 0.640625 0.293345
vt 0.656250 0.293345
vt 0.671875 0.293345
vt 0.687500 0.293345
vt 0.703125 0.293345
vt 0.718750 0.293345
vt 0.734375 0.293345
vt 0.750000 0.293345
vt 0.765625 0.293345
vt 0.781250 0.293345
vt 0.796875 0.293345
vt 0.812500 0.293345
vt 0.828125 0.293345
vt 0.843750 0.293345
vt 0.859375 0.293345
vt 0.875000 0.293345
vt 0.890625 0.293345
vt 0.906250 0.293345
vt 0.921875 0.293345
vt 0.937500 0.293345
vt 0.953125 0.293345
vt 0.968750 0.293345
vt 0.984375 0.293345
vt 1.000000 0.293345
vt 0.015625 0.306729
vt 0.000000 0.306729
vt 0.031250 0.306729
vt 0.046875 0.306729
vt 0.062500 0.306729
vt 0.078125 0.306729
vt 0.093750 0.306729
vt 0.109375 0.306729
vt 0.125000 0.306729
vt 0.140625 0.306729
vt 0.156250 0.306729
vt 0.171875 0.306729
vt 0.187500 0.306729
vt 0.203125 0.306729
vt 0.218750 0.306729
vt 0.234375 0.306729
vt 0.250000 0.306729
vt 0.265625 0.306729
vt 0.281250 0.306729
vt 0.296875 0.306729
vt 0.312500 0.306729
vt 0.328125 0.306729
vt 0.343750 0.306729
vt 0.359375 0.306729
vt 0.375000 0.306729
vt 0.390625 0.306729
vt 0.406250 0.306729
vt 0.421875 0.306729
vt 0.437500 0.306729
vt 0.453125 0.306729
vt 0.468750 0.306729
vt 0.484375 0.306729
vt 0.500000 0.306729
vt 0.515625 0.306729
vt 0.531250 0.306729
vt 0.546875 0.306729
vt 0.562500 0.306729
vt 0.578125 0.306729
vt 0.593750 0.306729
vt 0.609375 0.306729
vt 0.625000 0.306729
vt 0.640625 0.306729
vt 0.656250 0.306729
vt 0.671875 0.306729
vt 0.687500 0.306729
vt 0.703125 0.306729
vt 0.718750 0.306729
vt 0.734375 0.306729
vt 0.750000 0.306729
vt 0.765625 0.306729
vt 0.781250 0.306729
vt 0.796875 0.306729
vt 0.812500 0.306729
vt 0.828125 0.306729
vt 0.843750 0.306729
vt 0.859375 0.306729
vt 0.875000 0.306729
vt 0.890625 0.306729
vt 0.906250 0.306729
vt 0.921875 0.306729
vt 0.937500 0.306729
vt 0.953125 0.306729
vt 0.968750 0.306729
vt 0.984375 0.306729
vt 1.000000 0.306729
vt 0.015625 0.315703
vt 0.000000 0.315703
vt 0.031250 0.315703
vt 0.046875 0.315703
vt 0.062500 0.315703
vt 0.078125 0.315703
vt 0.093750 0.315703
vt 0.109375 0.315703
vt 0.125000 0.315703
vt 0.140625 0.315703
vt 0.156250 0.315703
vt 0.171875 0.315703
vt 0.187500 0.315703
vt 0.203125 0.315703
vt 0.218750 0.315703
vt 0.234375 0.315703
vt 0.250000 0.315703
vt 0.265625 0.315703
vt 0.281250 0.315703
vt 0.296875 0.315703
vt 0.312500 0.315703
vt 0.328125 0.315703
vt 0.343750 0.315703
vt 0.359375 0.315703
vt 0.375000 0.315703
vt 0.390625 0.315703
vt 0.406250 0.315703
vt 0.421875 0.315703
vt 0.437500 0.315703
vt 0.453125 0.315703
vt 0.468750 0.315703
vt 0.484375 0.315703
vt 0.500000 0.315703
vt 0.515625 0.315703
vt 0.531250 0.315703
vt 0.546875 0.315703
vt 0.562500 0.315703
vt 0.578125 0.315703
vt 0.593750 0.315703
vt 0.609375 0.315703
vt 0.625000 0.315703
vt 0.640625 0.315703
vt 0.656250 0.315703
vt 0.671875 0.315703
vt 0.687500 0.315703
vt 0.703125 0.315703
vt 0.718750 0.315703
vt 0.734375 0.315703
vt 0.750000 0.315703
vt 0.765625 0.315703
vt 0.781250 0.315703
vt 0.796875 0.315703
vt 0.812500 0.315703
vt 0.828125 0.315703
vt 0.843750 0.315703
vt 0.859375 0.315703
vt 0.875000 0.315703
vt 0.890625 0.315703
vt 0.906250 0.315703
vt 0.921875 0.315703
vt 0.937500 0.315703
vt 0.953125 0.315703
vt 0.968750 0.315703
vt 0.984375 0.315703
vt 1.000000 0.315703
vt 0.015625 0.344519
vt 0.000000 0.344519
vt 0.031250 0.344519
vt 0.046875 0.344519
vt 0.062500 0.344519
vt 0.078125 0.344519
vt 0.093750 0.344519
vt 0.109375 0.344519
vt 0.125000 0.344519
vt 0.140625 0.344519
vt 0.156250 0.344519
vt 0.171875 0.344519
vt 0.187500 0.344519
vt 0.203125 0.344519
vt 0.218750 0.344519
vt 0.234375 0.344519
vt 0.250000 0.344519
vt 0.265625 0.344519
vt 0.281250 0.344519
vt 0.296875 0.344519
vt 0.312500 0.344519
vt 0.328125 0.344519
vt 0.343750 0.344519
vt 0.359375 0.344519
vt 0.375000 0.344519
vt 0.390625 0.344519
vt 0.406250 0.344519
vt 0.421875 0.344519
vt 0.437500 0.344519
vt 0.453125 0.344519
vt 0.468750 0.344519
vt 0.484375 0.344519
vt 0.500000 0.344519
vt 0.515625 0.344519
vt 0.531250 0.344519
vt 0.546875 0.344519
vt 0.562500 0.344519
vt 0.578125 0.344519
vt 0.593750 0.344519
vt 0.609375 0.344519
vt 0.625000 0.344519
vt 0.640625 0.344519
vt 0.656250 0.344519
vt 0.671875 0.344519
vt 0.687500 0.344519
vt 0.703125 0.344519
vt 0.718750 0.344519
vt 0.734375 0.344519
vt 0.750000 0.344519
vt 0.765625 0.344519
vt 0.781250 0.344519
vt 0.796875 0.344519
vt 0.812500 0.344519
vt 0.828125 0.344519
vt 0.843750 0.344519
vt 0.859375 0.344519
vt 0.875000 0.344519
vt 0.890625 0.344519
vt 0.906250 0.344519
vt 0.921875 0.344519
vt 0.937500 0.344519
vt 0.953125 0.344519
vt 0.968750 0.344519
vt 0.984375 0.344519
vt 1.000000 0.344519
vt 0.015625 0.369379
vt 0.000000 0.369379
vt 0.031250 0.369379
vt 0.046875 0.369379
vt 0.062500 0.369379
vt 0.078125 0.369379
vt 0.093750 0.369379
vt 0.109375 0.369379
vt 0.125000 0.369379
vt 0.140625 0.369379
vt 0.156250 0.369379
vt 0.171875 0.369379
vt 0.187500 0.369379
vt 0.203125 0.369379
vt 0.218750 0.369379
vt 0.234375 0.369379
vt 0.250000 0.369379
vt 0.265625 0.369379
vt 0.281250 0.369379
vt 0.296875 0.369379
vt 0.312500 0.369379
vt 0.328125 0.369379
vt 0.343750 0.369379
vt 0.359375 0.369379
vt 0.375000 0.369379
vt 0.390625 0.369379
vt 0.406250 0.369379
vt 0.421875 0.369379
vt 0.437500 0.369379
vt 0.453125 0.369379
vt 0.468750 0.369379
vt 0.484375 0.369379
vt 0.500000 0.369379
vt 0.515625 0.369379
vt 0.531250 0.369379
vt 0.546875 0.369379
vt 0.562500 0.369379
vt 0.578125 0.369379
vt 0.593750 0.369379
vt 0.609375 0.369379
vt 0.625000 0.369379
vt 0.640625 0.369379
vt 0.656250 0.369379
vt 0.671875 0.369379
vt 0.687500 0.369379
vt 0.703125 0.369379
vt 0.718750 0.369379
vt 0.734375 0.369379
vt 0.750000 0.369379
vt 0.765625 0.369379
vt 0.781250 0.369379
vt 0.796875 0.369379
vt 0.812500 0.369379
vt 0.828125 0.369379
vt 0.843750 0.369379
vt 0.859375 0.369379
vt 0.875000 0.369379
vt 0.890625 0.369379
vt 0.906250 0.369379
vt 0.921875 0.369379
vt 0.937500 0.369379
vt 0.953125 0.369379
vt 0.968750 0.369379
vt 0.984375 0.369379
vt 1.000000 0.369379
vt 0.015625 0.390349
vt 0.000000 0.390349
vt 0.031250 0.390349
vt 0.046875 0.390349
vt 0.062500 0.390349
vt 0.078125 0.390349
vt 0.093750 0.390349
vt 0.109375 0.390349
vt 0.125000 0.390349
vt 0.140625 0.390349
vt 0.156250 0.390349
vt 0.171875 0.390349
vt 0.187500 0.390349
vt 0.203125 0.390349
vt 0.218750 0.390349
vt 0.234375 0.390349
vt 0.250000 0.390349
vt 0.265625 0.390349
vt 0.281250 0.390349
vt 0.296875 0.390349
vt 0.312500 0.390349
vt 0.328125 0.390349
vt 0.343750 0.390349
vt 0.359375 0.390349
vt 0.375000 0.390349
vt 0.390625 0.390349
vt 0.406250 0.390349
vt 0.421875 0.390349
vt 0.437500 0.390349
vt 0.453125 0.390349
vt 0.468750 0.390349
vt 0.484375 0.390349
vt 0.500000 0.390349
vt 0.515625 0.390349
vt 0.531250 0.390349
vt 0.546875 0.390349
vt 0.562500 0.390349
vt 0.578125 0.390349
vt 0.593750 0.390349
vt 0.609375 0.390349
vt 0.625000 0.390349
vt 0.640625 0.390349
vt 0.656250 0.390349
vt 0.671875 0.390349
vt 0.687500 0.390349
vt 0.703125 0.390349
vt 0.718750 0.390349
vt 0.734375 0.390349
vt 0.750000 0.390349
vt 0.765625 0.390349
vt 0.781250 0.390349
vt 0.796875 0.390349
vt 0.812500 0.390349
vt 0.828125 0.390349
vt 0.843750 0.390349
vt 0.859375 0.390349
vt 0.875000 0.390349
vt 0.890625 0.390349
vt 0.906250 0.390349
vt 0.921875 0.390349
vt 0.937500 0.390349
vt 0.953125 0.390349
vt 0.968750 0.390349
vt 0.984375 0.390349
vt 1.000000 0.390349
vt 0.031250 0.407912
vt 0.046875 0.407912
vt 0.062500 0.407912
vt 0.078125 0.407912
vt 0.093750 0.407912
vt 0.109375 0.407912
vt 0.125000 0.407912
vt 0.140625 0.407912
vt 0.156250 0.407912
vt 0.171875 0.407912
vt 0.187500 0.407912
vt 0.203125 0.407912
vt 0.218750 0.407912
vt 0.234375 0.407912
vt 0.250000 0.407912
vt 0.265625 0.407912
vt 0.281250 0.407912
vt 0.296875 0.407912
vt 0.312500 0.407912
vt 0.328125 0.407912
vt 0.343750 0.407912
vt 0.359375 0.407912
vt 0.375000 0.407912
vt 0.390625 0.407912
vt 0.406250 0.407912
vt 0.421875 0.407912
vt 0.437500 0.407912
vt 0.453125 0.407912
vt 0.468750 0.407912
vt 0.484375 0.407912
vt 0.500000 0.407912
vt 0.515625 0.407912
vt 0.531250 0.407912
vt 0.546875 0.407912
vt 0.562500 0.407912
vt 0.578125 0.407912
vt 0.593750 0.407912
vt 0.609375 0.407912
vt 0.625000 0.407912
vt 0.640625 0.407912
vt 0.656250 0.407912
vt 0.671875 0.407912
vt 0.687500 0.407912
vt 0.703125 0.407912
vt 0.718750 0.407912
vt 0.734375 0.407912
vt 0.750000 0.407912
vt 0.765625 0.407912
vt 0.781250 0.407912
vt 0.796875 0.407912
vt 0.812500 0.407912
vt 0.828125 0.407912
vt 0.843750 0.407912
vt 0.859375 0.407912
vt 0.875000 0.407912
vt 0.890625 0.407912
vt 0.906250 0.407912
vt 0.921875 0.407912
vt 0.937500 0.407912
vt 0.953125 0.407912
vt 0.968750 0.407912
vt 0.984375 0.407912
vt 1.000000 0.407912
vt 0.007812 0.000000
vt 0.031250 0.423347
vt 0.046875 0.423347
vt 0.062500 0.423347
vt 0.078125 0.423347
vt 0.093750 0.423347
vt 0.109375 0.423347
vt 0.125000 0.423347
vt 0.140625 0.423347
vt 0.156250 0.423347
vt 0.171875 0.423347
vt 0.187500 0.423347
vt 0.203125 0.423347
vt 0.218750 0.423347
vt 0.234375 0.423347
vt 0.250000 0.423347
vt 0.265625 0.423347
vt 0.281250 0.423347
vt 0.296875 0.423347
vt 0.312500 0.423347
vt 0.328125 0.423347
vt 0.343750 0.423347
vt 0.359375 0.423347
vt 0.375000 0.423347
vt 0.390625 0.423347
vt 0.406250 0.423347
vt 0.421875 0.423347
vt 0.437500 0.423347
vt 0.453125 0.423347
vt 0.468750 0.423347
vt 0.484375 0.423347
vt 0.500000 0.423347
vt 0.515625 0.423347
vt 0.531250 0.423347
vt 0.546875 0.423347
vt 0.562500 0.423347
vt 0.578125 0.423347
vt 0.593750 0.423347
vt 0.609375 0.423347
vt 0.625000 0.423347
vt 0.640625 0.423347
vt 0.656250 0.423347
vt 0.671875 0.423347
vt 0.687500 0.423347
vt 0.703125 0.423347
vt 0.718750 0.423347
vt 0.734375 0.423347
vt 0.750000 0.423347
vt 0.765625 0.423347
vt 0.781250 0.423347
vt 0.796875 0.423347
vt 0.812500 0.423347
vt 0.828125 0.423347
vt 0.843750 0.423347
vt 0.859375 0.423347
vt 0.875000 0.423347
vt 0.890625 0.423347
vt 0.906250 0.423347
vt 0.921875 0.423347
vt 0.937500 0.423347
vt 0.953125 0.423347
vt 0.968750 0.423347
vt 0.984375 0.423347
vt 1.000000 0.423347
vt 0.015625 0.455761
vt 0.000000 0.455761
vt 0.031250 0.455761
vt 0.046875 0.455761
vt 0.062500 0.455761
vt 0.078125 0.455761
vt 0.093750 0.455761
vt 0.109375 0.455761
vt 0.125000 0.455761
vt 0.140625 0.455761
vt 0.156250 0.455761
vt 0.171875 0.455761
vt 0.187500 0.455761
vt 0.203125 0.455761
vt 0.218750 0.455761
vt 0.234375 0.455761
vt 0.250000 0.455761
vt 0.265625 0.455761
vt 0.281250 0.455761
vt 0.296875 0.455761
vt 0.312500 0.455761
vt 0.328125 0.455761
vt 0.343750 0.455761
vt 0.359375 0.455761
vt 0.375000 0.455761
vt 0.390625 0.455761
vt 0.406250 0.455761
vt 0.421875 0.455761
vt 0.437500 0.455761
vt 0.453125 0.455761
vt 0.468750 0.455761
vt 0.484375 0.455761
vt 0.500000 0.455761
vt 0.515625 0.455761
vt 0.531250 0.455761
vt 0.546875 0.455761
vt 0.562500 0.455761
vt 0.578125 0.455761
vt 0.593750 0.455761
vt 0.609375 0.455761
vt 0.625000 0.455761
vt 0.640625 0.455761
vt 0.656250 0.455761
vt 0.671875 0.455761
vt 0.687500 0.455761
vt 0.703125 0.455761
vt 0.718750 0.455761
vt 0.734375 0.455761
vt 0.750000 0.455761
vt 0.765625 0.455761
vt 0.781250 0.455761
vt 0.796875 0.455761
vt 0.812500 0.455761
vt 0.828125 0.455761
vt 0.843750 0.455761
vt 0.859375 0.455761
vt 0.875000 0.455761
vt 0.890625 0.455761
vt 0.906250 0.455761
vt 0.921875 0.455761
vt 0.937500 0.455761
vt 0.953125 0.455761
vt 0.968750 0.455761
vt 0.984375 0.455761
vt 1.000000 0.455761
vt 0.015625 0.487328
vt 0.000000 0.487328
vt 0.031250 0.487328
vt 0.046875 0.487328
vt 0.062500 0.487328
vt 0.078125 0.487328
vt 0.093750 0.487328
vt 0.109375 0.487328
vt 0.125000 0.487328
vt 0.140625 0.487328
vt 0.156250 0.487328
vt 0.171875 0.487328
vt 0.187500 0.487328
vt 0.203125 0.487328
vt 0.218750 0.487328
vt 0.234375 0.487328
vt 0.250000 0.487328
vt 0.265625 0.487328
vt 0.281250 0.487328
vt 0.296875 0.487328
vt 0.312500 0.487328
vt 0.328125 0.487328
vt 0.343750 0.487328
vt 0.359375 0.487328
vt 0.375000 0.487328
vt 0.390625 0.487328
vt 0.406250 0.487328
vt 0.421875 0.487328
vt 0.437500 0.487328
vt 0.453125 0.487328
vt 0.468750 0.487328
vt 0.484375 0.487328
vt 0.500000 0.487328
vt 0.515625 0.487328
vt 0.531250 0.487328
vt 0.546875 0.487328
vt 0.562500 0.487328
vt 0.578125 0.487328
vt 0.593750 0.487328
vt 0.609375 0.487328
vt 0.625000 0.487328
vt 0.640625 0.487328
vt 0.656250 0.487328
vt 0.671875 0.487328
vt 0.687500 0.487328
vt 0.703125 0.487328
vt 0.718750 0.487328
vt 0.734375 0.487328
vt 0.750000 0.487328
vt 0.765625 0.487328
vt 0.781250 0.487328
vt 0.796875 0.487328
vt 0.812500 0.487328
vt 0.828125 0.487328
vt 0.843750 0.487328
vt 0.859375 0.487328
vt 0.875000 0.487328
vt 0.890625 0.487328
vt 0.906250 0.487328
vt 0.921875 0.487328
vt 0.937500 0.487328
vt 0.953125 0.487328
vt 0.968750 0.487328
vt 0.984375 0.487328
vt 1.000000 0.487328
vt 0.015625 0.517327
vt 0.000000 0.517327
vt 0.031250 0.517327
vt 0.046875 0.517327
vt 0.062500 0.517327
vt 0.078125 0.517327
vt 0.093750 0.517327
vt 0.109375 0.517327
vt 0.125000 0.517327
vt 0.140625 0.517327
vt 0.156250 0.517327
vt 0.171875 0.517327
vt 0.187500 0.517327
vt 0.203125 0.517327
vt 0.218750 0.517327
vt 0.234375 0.517327
vt 0.250000 0.517327
vt 0.265625 0.517327
vt 0.281250 0.517327
vt 0.296875 0.517327
vt 0.312500 0.517327
vt 0.328125 0.517327
vt 0.343750 0.517327
vt 0.359375 0.517327
vt 0.375000 0.517327
vt 0.390625 0.517327
vt 0.406250 0.517327
vt 0.421875 0.517327
vt 0.437500 0.517327
vt 0.453125 0.517327
vt 0.468750 0.517327
vt 0.484375 0.517327
vt 0.500000 0.517327
vt 0.515625 0.517327
vt 0.531250 0.517327
vt 0.546875 0.517327
vt 0.562500 0.517327
vt 0.578125 0.517327
vt 0.593750 0.517327
vt 0.609375 0.517327
vt 0.625000 0.517327
vt 0.640625 0.517327
vt 0.656250 0.517327
vt 0.671875 0.517327
vt 0.687500 0.517327
vt 0.703125 0.517327
vt 0.718750 0.517327
vt 0.734375 0.517327
vt 0.750000 0.517327
vt 0.765625 0.517327
vt 0.781250 0.517327
vt 0.796875 0.517327
vt 0.812500 0.517327
vt 0.828125 0.517327
vt 0.843750 0.517327
vt 0.859375 0.517327
vt 0.875000 0.517327
vt 0.890625 0.517327
vt 0.906250 0.517327
vt 0.921875 0.517327
vt 0.937500 0.517327
vt 0.953125 0.517327
vt 0.968750 0.517327
vt 0.984375 0.517327
vt 1.000000 0.517327
vt 0.015625 0.544957
vt 0.000000 0.544957
vt 0.031250 0.544957
vt 0.046875 0.544957
vt 0.062500 0.544957
vt 0.078125 0.544957
vt 0.093750 0.544957
vt 0.109375 0.544957
vt 0.125000 0.544957
vt 0.140625 0.544957
vt 0.156250 0.544957
vt 0.171875 0.544957
vt 0.187500 0.544957
vt 0.203125 0.544957
vt 0.218750 0.544957
vt 0.234375 0.544957
vt 0.250000 0.544957
vt 0.265625 0.544957
vt 0.281250 0.544957
vt 0.296875 0.544957
vt 0.312500 0.544957
vt 0.328125 0.544957
vt 0.343750 0.544957
vt 0.359375 0.544957
vt 0.375000 0.544957
vt 0.390625 0.544957
vt 0.406250 0.544957
vt 0.421875 0.544957
vt 0.437500 0.544957
vt 0.453125 0.544957
vt 0.468750 0.544957
vt 0.484375 0.544957
vt 0.500000 0.544957
vt 0.515625 0.544957
vt 0.531250 0.544957
vt 0.546875 0.544957
vt 0.562500 0.544957
vt 0.578125 0.544957
vt 0.593750 0.544957
vt 0.609375 0.544957
vt 0.625000 0.544957
vt 0.640625 0.544957
vt 0.656250 0.544957
vt 0.671875 0.544957
vt 0.687500 0.544957
vt 0.703125 0.544957
vt 0.718750 0.544957
vt 0.734375 0.544957
vt 0.750000 0.544957
vt 0.765625 0.544957
vt 0.781250 0.544957
vt 0.796875 0.544957
vt 0.812500 0.544957
vt 0.828125 0.544957
vt 0.843750 0.544957
vt 0.859375 0.544957
vt 0.875000 0.544957
vt 0.890625 0.544957
vt 0.906250 0.544957
vt 0.921875 0.544957
vt 0.937500 0.544957
vt 0.953125 0.544957
vt 0.968750 0.544957
vt 0.984375 0.544957
vt 1.000000 0.544957
vt 0.015625 0.569381
vt 0.000000 0.569381
vt 0.031250 0.569381
vt 0.046875 0.569381
vt 0.062500 0.569381
vt 0.078125 0.569381
vt 0.093750 0.569381
vt 0.109375 0.569381
vt 0.125000 0.569381
vt 0.140625 0.569381
vt 0.156250 0.569381
vt 0.171875 0.569381
vt 0.187500 0.569381
vt 0.203125 0.569381
vt 0.218750 0.569381
vt 0.234375 0.569381
vt 0.250000 0.569381
vt 0.265625 0.569381
vt 0.281250 0.569381
vt 0.296875 0.569381
vt 0.312500 0.569381
vt 0.328125 0.569381
vt 0.343750 0.569381
vt 0.359375 0.569381
vt 0.375000 0.569381
vt 0.390625 0.569381
vt 0.406250 0.569381
vt 0.421875 0.569381
vt 0.437500 0.569381
vt 0.453125 0.569381
vt 0.468750 0.569381
vt 0.484375 0.569381
vt 0.500000 0.569381
vt 0.515625 0.569381
vt 0.531250 0.569381
vt 0.546875 0.569381
vt 0.562500 0.569381
vt 0.578125 0.569381
vt 0.593750 0.569381
vt 0.609375 0.569381
vt 0.625000 0.569381
vt 0.640625 0.569381
vt 0.656250 0.569381
vt 0.671875 0.569381
vt 0.687500 0.569381
vt 0.703125 0.569381
vt 0.718750 0.569381
vt 0.734375 0.569381
vt 0.750000 0.569381
vt 0.765625 0.569381
vt 0.781250 0.569381
vt 0.796875 0.569381
vt 0.812500 0.569381
vt 0.828125 0.569381
vt 0.843750 0.569381
vt 0.859375 0.569381
vt 0.875000 0.569381
vt 0.890625 0.569381
vt 0.906250 0.569381
vt 0.921875 0.569381
vt 0.937500 0.569381
vt 0.953125 0.569381
vt 0.968750 0.569381
vt 0.984375 0.569381
vt 1.000000 0.569381
vt 0.015625 0.584971
vt 0.000000 0.584971
vt 0.031250 0.584971
vt 0.046875 0.584971
vt 0.062500 0.584971
vt 0.078125 0.584971
vt 0.093750 0.584971
vt 0.109375 0.584971
vt 0.125000 0.584971
vt 0.140625 0.584971
vt 0.156250 0.584971
vt 0.171875 0.584971
vt 0.187500 0.584971
vt 0.203125 0.584971
vt 0.218750 0.584971
vt 0.234375 0.584971
vt 0.250000 0.584971
vt 0.265625 0.584971
vt 0.281250 0.584971
vt 0.296875 0.584971
vt 0.312500 0.584971
vt 0.328125 0.584971
vt 0.343750 0.584971
vt 0.359375 0.584971
vt 0.375000 0.584971
vt 0.390625 0.584971
vt 0.406250 0.584971
vt 0.421875 0.584971
vt 0.437500 0.584971
vt 0.453125 0.584971
vt 0.468750 0.584971
vt 0.484375 0.584971
vt 0.500000 0.584971
vt 0.515625 0.584971
vt 0.531250 0.584971
vt 0.546875 0.584971
vt 0.562500 0.584971
vt 0.578125 0.584971
vt 0.593750 0.584971
vt 0.609375 0.584971
vt 0.625000 0.584971
vt 0.640625 0.584971
vt 0.656250 0.584971
vt 0.671875 0.584971
vt 0.687500 0.584971
vt 0.703125 0.584971
vt 0.718750 0.584971
vt 0.734375 0.584971
vt 0.750000 0.584971
vt 0.765625 0.584971
vt 0.781250 0.584971
vt 0.796875 0.584971
vt 0.812500 0.584971
vt 0.828125 0.584971
vt 0.843750 0.584971
vt 0.859375 0.584971
vt 0.875000 0.584971
vt 0.890625 0.584971
vt 0.906250 0.584971
vt 0.921875 0.584971
vt 0.937500 0.584971
vt 0.953125 0.584971
vt 0.968750 0.584971
vt 0.984375 0.584971
vt 1.000000 0.584971
vt 0.015625 0.587046
vt 0.000000 0.587046
vt 0.031250 0.587046
vt 0.046875 0.587046
vt 0.062500 0.587046
vt 0.078125 0.587046
vt 0.093750 0.587046
vt 0.109375 0.587046
vt 0.125000 0.587046
vt 0.140625 0.587046
vt 0.156250 0.587046
vt 0.171875 0.587046
vt 0.187500 0.587046
vt 0.203125 0.587046
vt 0.218750 0.587046
vt 0.234375 0.587046
vt 0.250000 0.587046
vt 0.265625 0.587046
vt 0.281250 0.587046
vt 0.296875 0.587046
vt 0.312500 0.587046
vt 0.328125 0.587046
vt 0.343750 0.587046
vt 0.359375 0.587046
vt 0.375000 0.587046
vt 0.390625 0.587046
vt 0.406250 0.587046
vt 0.421875 0.587046
vt 0.437500 0.587046
vt 0.453125 0.587046
vt 0.468750 0.587046
vt 0.484375 0.587046
vt 0.500000 0.587046
vt 0.515625 0.587046
vt 0.531250 0.587046
vt 0.546875 0.587046
vt 0.562500 0.587046
vt 0.578125 0.587046
vt 0.593750 0.587046
vt 0.609375 0.587046
vt 0.625000 0.587046
vt 0.640625 0.587046
vt 0.656250 0.587046
vt 0.671875 0.587046
vt 0.687500 0.587046
vt 0.703125 0.587046
vt 0.718750 0.587046
vt 0.734375 0.587046
vt 0.750000 0.587046
vt 0.765625 0.587046
vt 0.781250 0.587046
vt 0.796875 0.587046
vt 0.812500 0.587046
vt 0.828125 0.587046
vt 0.843750 0.587046
vt 0.859375 0.587046
vt 0.875000 0.587046
vt 0.890625 0.587046
vt 0.906250 0.587046
vt 0.921875 0.587046
vt 0.937500 0.587046
vt 0.953125 0.587046
vt 0.968750 0.587046
vt 0.984375 0.587046
vt 1.000000 0.587046
vt 0.015625 0.588653
vt 0.000000 0.588653
vt 0.031250 0.588653
vt 0.046875 0.588653
vt 0.062500 0.588653
vt 0.078125 0.588653
vt 0.093750 0.588653
vt 0.109375 0.588653
vt 0.125000 0.588653
vt 0.140625 0.588653
vt 0.156250 0.588653
vt 0.171875 0.588653
vt 0.187500 0.588653
vt 0.203125 0.588653
vt 0.218750 0.588653
vt 0.234375 0.588653
vt 0.250000 0.588653
vt 0.265625 0.588653
vt 0.281250 0.588653
vt 0.296875 0.588653
vt 0.312500 0.588653
vt 0.328125 0.588653
vt 0.343750 0.588653
vt 0.359375 0.588653
vt 0.375000 0.588653
vt 0.390625 0.588653
vt 0.406250 0.588653
vt 0.421875 0.588653
vt 0.437500 0.588653
vt 0.453125 0.588653
vt 0.468750 0.588653
vt 0.484375 0.588653
vt 0.500000 0.588653
vt 0.515625 0.588653
vt 0.531250 0.588653
vt 0.546875 0.588653
vt 0.562500 0.588653
vt 0.578125 0.588653
vt 0.593750 0.588653
vt 0.609375 0.588653
vt 0.625000 0.588653
vt 0.640625 0.588653
vt 0.656250 0.588653
vt 0.671875 0.588653
vt 0.687500 0.588653
vt 0.703125 0.588653
vt 0.718750 0.588653
vt 0.734375 0.588653
vt 0.750000 0.588653
vt 0.765625 0.588653
vt 0.781250 0.588653
vt 0.796875 0.588653
vt 0.812500 0.588653
vt 0.828125 0.588653
vt 0.843750 0.588653
vt 0.859375 0.588653
vt 0.875000 0.588653
vt 0.890625 0.588653
vt 0.906250 0.588653
vt 0.921875 0.588653
vt 0.937500 0.588653
vt 0.953125 0.588653
vt 0.968750 0.588653
vt 0.984375 0.588653
vt 1.000000 0.588653
vt 0.015625 0.590261
vt 0.000000 0.590261
vt 0.031250 0.590261
vt 0.046875 0.590261
vt 0.062500 0.590261
vt 0.078125 0.590261
vt 0.093750 0.590261
vt 0.109375 0.590261
vt 0.125000 0.590261
vt 0.140625 0.590261
vt 0.156250 0.590261
vt 0.171875 0.590261
vt 0.187500 0.590261
vt 0.203125 0.590261
vt 0.218750 0.590261
vt 0.234375 0.590261
vt 0.250000 0.590261
vt 0.265625 0.590261
vt 0.281250 0.590261
vt 0.296875 0.590261
vt 0.312500 0.590261
vt 0.328125 0.590261
vt 0.343750 0.590261
vt 0.359375 0.590261
vt 0.375000 0.590261
vt 0.390625 0.590261
vt 0.406250 0.590261
vt 0.421875 0.590261
vt 0.437500 0.590261
vt 0.453125 0.590261
vt 0.468750 0.590261
vt 0.484375 0.590261
vt 0.500000 0.590261
vt 0.515625 0.590261
vt 0.531250 0.590261
vt 0.546875 0.590261
vt 0.562500 0.590261
vt 0.578125 0.590261
vt 0.593750 0.590261
vt 0.609375 0.590261
vt 0.625000 0.590261
vt 0.640625 0.590261
vt 0.656250 0.590261
vt 0.671875 0.590261
vt 0.687500 0.590261
vt 0.703125 0.590261
vt 0.718750 0.590261
vt 0.734375 0.590261
vt 0.750000 0.590261
vt 0.765625 0.590261
vt 0.781250 0.590261
vt 0.796875 0.590261
vt 0.812500 0.590261
vt 0.828125 0.590261
vt 0.843750 0.590261
vt 0.859375 0.590261
vt 0.875000 0.590261
vt 0.890625 0.590261
vt 0.906250 0.590261
vt 0.921875 0.590261
vt 0.937500 0.590261
vt 0.953125 0.590261
vt 0.968750 0.590261
vt 0.984375 0.590261
vt 1.000000 0.590261
vt 0.015625 0.592335
vt 0.000000 0.592335
vt 0.031250 0.592335
vt 0.046875 0.592335
vt 0.062500 0.592335
vt 0.078125 0.592335
vt 0.093750 0.592335
vt 0.109375 0.592335
vt 0.125000 0.592335
vt 0.140625 0.592335
vt 0.156250 0.592335
vt 0.171875 0.592335
vt 0.187500 0.592335
vt 0.203125 0.592335
vt 0.218750 0.592335
vt 0.234375 0.592335
vt 0.250000 0.592335
vt 0.265625 0.592335
vt 0.281250 0.592335
vt 0.296875 0.592335
vt 0.312500 0.592335
vt 0.328125 0.592335
vt 0.343750 0.592335
vt 0.359375 0.592335
vt 0.375000 0.592335
vt 0.390625 0.592335
vt 0.406250 0.592335
vt 0.421875 0.592335
vt 0.437500 0.592335
vt 0.453125 0.592335
vt 0.468750 0.592335
vt 0.484375 0.592335
vt 0.500000 0.592335
vt 0.515625 0.592335
vt 0.531250 0.592335
vt 0.546875 0.592335
vt 0.562500 0.592335
vt 0.578125 0.592335
vt 0.593750 0.592335
vt 0.609375 0.592335
vt 0.625000 0.592335
vt 0.640625 0.592335
vt 0.656250 0.592335
vt 0.671875 0.592335
vt 0.687500 0.592335
vt 0.703125 0.592335
vt 0.718750 0.592335
vt 0.734375 0.592335
vt 0.750000 0.592335
vt 0.765625 0.592335
vt 0.781250 0.592335
vt 0.796875 0.592335
vt 0.812500 0.592335
vt 0.828125 0.592335
vt 0.843750 0.592335
vt 0.859375 0.592335
vt 0.875000 0.592335
vt 0.890625 0.592335
vt 0.906250 0.592335
vt 0.921875 0.592335
vt 0.937500 0.592335
vt 0.953125 0.592335
vt 0.968750 0.592335
vt 0.984375 0.592335
vt 1.000000 0.592335
vt 0.015625 0.628515
vt 0.000000 0.628515
vt 0.031250 0.628515
vt 0.046875 0.628515
vt 0.062500 0.628515
vt 0.078125 0.628515
vt 0.093750 0.628515
vt 0.109375 0.628515
vt 0.125000 0.628515
vt 0.140625 0.628515
vt 0.156250 0.628515
vt 0.171875 0.628515
vt 0.187500 0.628515
vt 0.203125 0.628515
vt 0.218750 0.628515
vt 0.234375 0.628515
vt 0.250000 0.628515
vt 0.265625 0.628515
vt 0.281250 0.628515
vt 0.296875 0.628515
vt 0.312500 0.628515
vt 0.328125 0.628515
vt 0.343750 0.628515
vt 0.359375 0.628515
vt 0.375000 0.628515
vt 0.390625 0.628515
vt 0.406250 0.628515
vt 0.421875 0.628515
vt 0.437500 0.628515
vt 0.453125 0.628515
vt 0.468750 0.628515
vt 0.484375 0.628515
vt 0.500000 0.628515
vt 0.515625 0.628515
vt 0.531250 0.628515
vt 0.546875 0.628515
vt 0.562500 0.628515
vt 0.578125 0.628515
vt 0.593750 0.628515
vt 0.609375 0.628515
vt 0.625000 0.628515
vt 0.640625 0.628515
vt 0.656250 0.628515
vt 0.671875 0.628515
vt 0.687500 0.628515
vt 0.703125 0.628515
vt 0.718750 0.628515
vt 0.734375 0.628515
vt 0.750000 0.628515
vt 0.765625 0.628515
vt 0.781250 0.628515
vt 0.796875 0.628515
vt 0.812500 0.628515
vt 0.828125 0.628515
vt 0.843750 0.628515
vt 0.859375 0.628515
vt 0.875000 0.628515
vt 0.890625 0.628515
vt 0.906250 0.628515
vt 0.921875 0.628515
vt 0.937500 0.628515
vt 0.953125 0.628515
vt 0.968750 0.628515
vt 0.984375 0.628515
vt 1.000000 0.628515
vt 0.015625 0.635572
vt 0.000000 0.635572
vt 0.031250 0.635572
vt 0.046875 0.635572
vt 0.062500 0.635572
vt 0.078125 0.635572
vt 0.093750 0.635572
vt 0.109375 0.635572
vt 0.125000 0.635572
vt 0.140625 0.635572
vt 0.156250 0.635572
vt 0.171875 0.635572
vt 0.187500 0.635572
vt 0.203125 0.635572
vt 0.218750 0.635572
vt 0.234375 0.635572
vt 0.250000 0.635572
vt 0.265625 0.635572
vt 0.281250 0.635572
vt 0.296875 0.635572
vt 0.312500 0.635572
vt 0.328125 0.635572
vt 0.343750 0.635572
vt 0.359375 0.635572
vt 0.375000 0.635572
vt 0.390625 0.635572
vt 0.406250 0.635572
vt 0.421875 0.635572
vt 0.437500 0.635572
vt 0.453125 0.635572
vt 0.468750 0.635572
vt 0.484375 0.635572
vt 0.500000 0.635572
vt 0.515625 0.635572
vt 0.531250 0.635572
vt 0.546875 0.635572
vt 0.562500 0.635572
vt 0.578125 0.635572
vt 0.593750 0.635572
vt 0.609375 0.635572
vt 0.625000 0.635572
vt 0.640625 0.635572
vt 0.656250 0.635572
vt 0.671875 0.635572
vt 0.687500 0.635572
vt 0.703125 0.635572
vt 0.718750 0.635572
vt 0.734375 0.635572
vt 0.750000 0.635572
vt 0.765625 0.635572
vt 0.781250 0.635572
vt 0.796875 0.635572
vt 0.812500 0.635572
vt 0.828125 0.635572
vt 0.843750 0.635572
vt 0.859375 0.635572
vt 0.875000 0.635572
vt 0.890625 0.635572
vt 0.906250 0.635572
vt 0.921875 0.635572
vt 0.937500 0.635572
vt 0.953125 0.635572
vt 0.968750 0.635572
vt 0.984375 0.635572
vt 1.000000 0.635572
vt 0.015625 0.637886
vt 0.000000 0.637886
vt 0.031250 0.637886
vt 0.046875 0.637886
vt 0.062500 0.637886
vt 0.078125 0.637886
vt 0.093750 0.637886
vt 0.109375 0.637886
vt 0.125000 0.637886
vt 0.140625 0.637886
vt 0.156250 0.637886
vt 0.171875 0.637886
vt 0.187500 0.637886
vt 0.203125 0.637886
vt 0.218750 0.637886
vt 0.234375 0.637886
vt 0.250000 0.637886
vt 0.265625 0.637886
vt 0.281250 0.637886
vt 0.296875 0.637886
vt 0.312500 0.637886
vt 0.328125 0.637886
vt 0.343750 0.637886
vt 0.359375 0.637886
vt 0.375000 0.637886
vt 0.390625 0.637886
vt 0.406250 0.637886
vt 0.421875 0.637886
vt 0.437500 0.637886
vt 0.453125 0.637886
vt 0.468750 0.637886
vt 0.484375 0.637886
vt 0.500000 0.637886
vt 0.515625 0.637886
vt 0.531250 0.637886
vt 0.546875 0.637886
vt 0.562500 0.637886
vt 0.578125 0.637886
vt 0.593750 0.637886
vt 0.609375 0.637886
vt 0.625000 0.637886
vt 0.640625 0.637886
vt 0.656250 0.637886
vt 0.671875 0.637886
vt 0.687500 0.637886
vt 0.703125 0.637886
vt 0.718750 0.637886
vt 0.734375 0.637886
vt 0.750000 0.637886
vt 0.765625 0.637886
vt 0.781250 0.637886
vt 0.796875 0.637886
vt 0.812500 0.637886
vt 0.828125 0.637886
vt 0.843750 0.637886
vt 0.859375 0.637886
vt 0.875000 0.637886
vt 0.890625 0.637886
vt 0.906250 0.637886
vt 0.921875 0.637886
vt 0.937500 0.637886
vt 0.953125 0.637886
vt 0.968750 0.637886
vt 0.984375 0.637886
vt 1.000000 0.637886
vt 0.015625 0.661449
vt 0.000000 0.661449
vt 0.031250 0.661449
vt 0.046875 0.661449
vt 0.062500 0.661449
vt 0.078125 0.661449
vt 0.093750 0.661449
vt 0.109375 0.661449
vt 0.125000 0.661449
vt 0.140625 0.661449
vt 0.156250 0.661449
vt 0.171875 0.661449
vt 0.187500 0.661449
vt 0.203125 0.661449
vt 0.218750 0.661449
vt 0.234375 0.661449
vt 0.250000 0.661449
vt 0.265625 0.661449
vt 0.281250 0.661449
vt 0.296875 0.661449
vt 0.312500 0.661449
vt 0.328125 0.661449
vt 0.343750 0.661449
vt 0.359375 0.661449
vt 0.375000 0.661449
vt 0.390625 0.661449
vt 0.406250 0.661449
vt 0.421875 0.661449
vt 0.437500 0.661449
vt 0.453125 0.661449
vt 0.468750 0.661449
vt 0.484375 0.661449
vt 0.500000 0.661449
vt 0.515625 0.661449
vt 0.531250 0.661449
vt 0.546875 0.661449
vt 0.562500 0.661449
vt 0.578125 0.661449
vt 0.593750 0.661449
vt 0.609375 0.661449
vt 0.625000 0.661449
vt 0.640625 0.661449
vt 0.656250 0.661449
vt 0.671875 0.661449
vt 0.687500 0.661449
vt 0.703125 0.661449
vt 0.718750 0.661449
vt 0.734375 0.661449
vt 0.750000 0.661449
vt 0.765625 0.661449
vt 0.781250 0.661449
vt 0.796875 0.661449
vt 0.812500 0.661449
vt 0.828125 0.661449
vt 0.843750 0.661449
vt 0.859375 0.661449
vt 0.875000 0.661449
vt 0.890625 0.661449
vt 0.906250 0.661449
vt 0.921875 0.661449
vt 0.937500 0.661449
vt 0.953125 0.661449
vt 0.968750 0.661449
vt 0.984375 0.661449
vt 1.000000 0.661449
vt 0.015625 0.663763
vt 0.000000 0.663763
vt 0.031250 0.663763
vt 0.046875 0.663763
vt 0.062500 0.663763
vt 0.078125 0.663763
vt 0.093750 0.663763
vt 0.109375 0.663763
vt 0.125000 0.663763
vt 0.140625 0.663763
vt 0.156250 0.663763
vt 0.171875 0.663763
vt 0.187500 0.663763
vt 0.203125 0.663763
vt 0.218750 0.663763
vt 0.234375 0.663763
vt 0.250000 0.663763
vt 0.265625 0.663763
vt 0.281250 0.663763
vt 0.296875 0.663763
vt 0.312500 0.663763
vt 0.328125 0.663763
vt 0.343750 0.663763
vt 0.359375 0.663763
vt 0.375000 0.663763
vt 0.390625 0.663763
vt 0.406250 0.663763
vt 0.421875 0.663763
vt 0.437500 0.663763
vt 0.453125 0.663763
vt 0.468750 0.663763
vt 0.484375 0.663763
vt 0.500000 0.663763
vt 0.515625 0.663763
vt 0.531250 0.663763
vt 0.546875 0.663763
vt 0.562500 0.663763
vt 0.578125 0.663763
vt 0.593750 0.663763
vt 0.609375 0.663763
vt 0.625000 0.663763
vt 0.640625 0.663763
vt 0.656250 0.663763
vt 0.671875 0.663763
vt 0.687500 0.663763
vt 0.703125 0.663763
vt 0.718750 0.663763
vt 0.734375 0.663763
vt 0.750000 0.663763
vt 0.765625 0.663763
vt 0.781250 0.663763
vt 0.796875 0.663763
vt 0.812500 0.663763
vt 0.828125 0.663763
vt 0.843750 0.663763
vt 0.859375 0.663763
vt 0.875000 0.663763
vt 0.890625 0.663763
vt 0.906250 0.663763
vt 0.921875 0.663763
vt 0.937500 0.663763
vt 0.953125 0.663763
vt 0.968750 0.663763
vt 0.984375 0.663763
vt 1.000000 0.663763
vt 0.015625 0.670820
vt 0.000000 0.670820
vt 0.031250 0.670820
vt 0.046875 0.670820
vt 0.062500 0.670820
vt 0.078125 0.670820
vt 0.093750 0.670820
vt 0.109375 0.670820
vt 0.125000 0.670820
vt 0.140625 0.670820
vt 0.156250 0.670820
vt 0.171875 0.670820
vt 0.187500 0.670820
vt 0.203125 0.670820
vt 0.218750 0.670820
vt 0.234375 0.670820
vt 0.250000 0.670820
vt 0.265625 0.670820
vt 0.281250 0.670820
vt 0.296875 0.670820
vt 0.312500 0.670820
vt 0.328125 0.670820
vt 0.343750 0.670820
vt 0.359375 0.670820
vt 0.375000 0.670820
vt 0.390625 0.670820
vt 0.406250 0.670820
vt 0.421875 0.670820
vt 0.437500 0.670820
vt 0.453125 0.670820
vt 0.468750 0.670820
vt 0.484375 0.670820
vt 0.500000 0.670820
vt 0.515625 0.670820
vt 0.531250 0.670820
vt 0.546875 0.670820
vt 0.562500 0.670820
vt 0.578125 0.670820
vt 0.593750 0.670820
vt 0.609375 0.670820
vt 0.625000 0.670820
vt 0.640625 0.670820
vt 0.656250 0.670820
vt 0.671875 0.670820
vt 0.687500 0.670820
vt 0.703125 0.670820
vt 0.718750 0.670820
vt 0.734375 0.670820
vt 0.750000 0.670820
vt 0.765625 0.670820
vt 0.781250 0.670820
vt 0.796875 0.670820
vt 0.812500 0.670820
vt 0.828125 0.670820
vt 0.843750 0.670820
vt 0.859375 0.670820
vt 0.875000 0.670820
vt 0.890625 0.670820
vt 0.906250 0.670820
vt 0.921875 0.670820
vt 0.937500 0.670820
vt 0.953125 0.670820
vt 0.968750 0.670820
vt 0.984375 0.670820
vt 1.000000 0.670820
vt 0.015625 0.712051
vt 0.000000 0.712051
vt 0.031250 0.712051
vt 0.046875 0.712051
vt 0.062500 0.712051
vt 0.078125 0.712051
vt 0.093750 0.712051
vt 0.109375 0.712051
vt 0.125000 0.712051
vt 0.140625 0.712051
vt 0.156250 0.712051
vt 0.171875 0.712051
vt 0.187500 0.712051
vt 0.203125 0.712051
vt 0.218750 0.712051
vt 0.234375 0.712051
vt 0.250000 0.712051
vt 0.265625 0.712051
vt 0.281250 0.712051
vt 0.296875 0.712051
vt 0.312500 0.712051
vt 0.328125 0.712051
vt 0.343750 0.712051
vt 0.359375 0.712051
vt 0.375000 0.712051
vt 0.390625 0.712051
vt 0.406250 0.712051
vt 0.421875 0.712051
vt 0.437500 0.712051
vt 0.453125 0.712051
vt 0.468750 0.712051
vt 0.484375 0.712051
vt 0.500000 0.712051
vt 0.515625 0.712051
vt 0.531250 0.712051
vt 0.546875 0.712051
vt 0.562500 0.712051
vt 0.578125 0.712051
vt 0.593750 0.712051
vt 0.609375 0.712051
vt 0.625000 0.712051
vt 0.640625 0.712051
vt 0.656250 0.712051
vt 0.671875 0.712051
vt 0.687500 0.712051
vt 0.703125 0.712051
vt 0.718750 0.712051
vt 0.734375 0.712051
vt 0.750000 0.712051
vt 0.765625 0.712051
vt 0.781250 0.712051
vt 0.796875 0.712051
vt 0.812500 0.712051
vt 0.828125 0.712051
vt 0.843750 0.712051
vt 0.859375 0.712051
vt 0.875000 0.712051
vt 0.890625 0.712051
vt 0.906250 0.712051
vt 0.921875 0.712051
vt 0.937500 0.712051
vt 0.953125 0.712051
vt 0.968750 0.712051
vt 0.984375 0.712051
vt 1.000000 0.712051
vt 0.015625 0.713882
vt 0.000000 0.713882
vt 0.031250 0.713882
vt 0.046875 0.713882
vt 0.062500 0.713882
vt 0.078125 0.713882
vt 0.093750 0.713882
vt 0.109375 0.713882
vt 0.125000 0.713882
vt 0.140625 0.713882
vt 0.156250 0.713882
vt 0.171875 0.713882
vt 0.187500 0.713882
vt 0.203125 0.713882
vt 0.218750 0.713882
vt 0.234375 0.713882
vt 0.250000 0.713882
vt 0.265625 0.713882
vt 0.281250 0.713882
vt 0.296875 0.713882
vt 0.312500 0.713882
vt 0.328125 0.713882
vt 0.343750 0.713882
vt 0.359375 0.713882
vt 0.375000 0.713882
vt 0.390625 0.713882
vt 0.406250 0.713882
vt 0.421875 0.713882
vt 0.437500 0.713882
vt 0.453125 0.713882
vt 0.468750 0.713882
vt 0.484375 0.713882
vt 0.500000 0.713882
vt 0.515625 0.713882
vt 0.531250 0.713882
vt 0.546875 0.713882
vt 0.562500 0.713882
vt 0.578125 0.713882
vt 0.593750 0.713882
vt 0.609375 0.713882
vt 0.625000 0.713882
vt 0.640625 0.713882
vt 0.656250 0.713882
vt 0.671875 0.713882
vt 0.687500 0.713882
vt 0.703125 0.713882
vt 0.718750 0.713882
vt 0.734375 0.713882
vt 0.750000 0.713882
vt 0.765625 0.713882
vt 0.781250 0.713882
vt 0.796875 0.713882
vt 0.812500 0.713882
vt 0.828125 0.713882
vt 0.843750 0.713882
vt 0.859375 0.713882
vt 0.875000 0.713882
vt 0.890625 0.713882
vt 0.906250 0.713882
vt 0.921875 0.713882
vt 0.937500 0.713882
vt 0.953125 0.713882
vt 0.968750 0.713882
vt 0.984375 0.713882
vt 1.000000 0.713882
vt 0.015625 0.715511
vt 0.000000 0.715511
vt 0.031250 0.715511
vt 0.046875 0.715511
vt 0.062500 0.715511
vt 0.078125 0.715511
vt 0.093750 0.715511
vt 0.109375 0.715511
vt 0.125000 0.715511
vt 0.140625 0.715511
vt 0.156250 0.715511
vt 0.171875 0.715511
vt 0.187500 0.715511
vt 0.203125 0.715511
vt 0.218750 0.715511
vt 0.234375 0.715511
vt 0.250000 0.715511
vt 0.265625 0.715511
vt 0.281250 0.715511
vt 0.296875 0.715511
vt 0.312500 0.715511
vt 0.328125 0.715511
vt 0.343750 0.715511
vt 0.359375 0.715511
vt 0.375000 0.715511
vt 0.390625 0.715511
vt 0.406250 0.715511
vt 0.421875 0.715511
vt 0.437500 0.715511
vt 0.453125 0.715511
vt 0.468750 0.715511
vt 0.484375 0.715511
vt 0.500000 0.715511
vt 0.515625 0.715511
vt 0.531250 0.715511
vt 0.546875 0.715511
vt 0.562500 0.715511
vt 0.578125 0.715511
vt 0.593750 0.715511
vt 0.609375 0.715511
vt 0.625000 0.715511
vt 0.640625 0.715511
vt 0.656250 0.715511
vt 0.671875 0.715511
vt 0.687500 0.715511
vt 0.703125 0.715511
vt 0.718750 0.715511
vt 0.734375 0.715511
vt 0.750000 0.715511
vt 0.765625 0.715511
vt 0.781250 0.715511
vt 0.796875 0.715511
vt 0.812500 0.715511
vt 0.828125 0.715511
vt 0.843750 0.715511
vt 0.859375 0.715511
vt 0.875000 0.715511
vt 0.890625 0.715511
vt 0.906250 0.715511
vt 0.921875 0.715511
vt 0.937500 0.715511
vt 0.953125 0.715511
vt 0.968750 0.715511
vt 0.984375 0.715511
vt 1.000000 0.715511
vt 0.015625 0.717341
vt 0.000000 0.717341
vt 0.031250 0.717341
vt 0.046875 0.717341
vt 0.062500 0.717341
vt 0.078125 0.717341
vt 0.093750 0.717341
vt 0.109375 0.717341
vt 0.125000 0.717341
vt 0.140625 0.717341
vt 0.156250 0.717341
vt 0.171875 0.717341
vt 0.187500 0.717341
vt 0.203125 0.717341
vt 0.218750 0.717341
vt 0.234375 0.717341
vt 0.250000 0.717341
vt 0.265625 0.717341
vt 0.281250 0.717341
vt 0.296875 0.717341
vt 0.312500 0.717341
vt 0.328125 0.717341
vt 0.343750 0.717341
vt 0.359375 0.717341
vt 0.375000 0.717341
vt 0.390625 0.717341
vt 0.406250 0.717341
vt 0.421875 0.717341
vt 0.437500 0.717341
vt 0.453125 0.717341
vt 0.468750 0.717341
vt 0.484375 0.717341
vt 0.500000 0.717341
vt 0.515625 0.717341
vt 0.531250 0.717341
vt 0.546875 0.717341
vt 0.562500 0.717341
vt 0.578125 0.717341
vt 0.593750 0.717341
vt 0.609375 0.717341
vt 0.625000 0.717341
vt 0.640625 0.717341
vt 0.656250 0.717341
vt 0.671875 0.717341
vt 0.687500 0.717341
vt 0.703125 0.717341
vt 0.718750 0.717341
vt 0.734375 0.717341
vt 0.750000 0.717341
vt 0.765625 0.717341
vt 0.781250 0.717341
vt 0.796875 0.717341
vt 0.812500 0.717341
vt 0.828125 0.717341
vt 0.843750 0.717341
vt 0.859375 0.717341
vt 0.875000 0.717341
vt 0.890625 0.717341
vt 0.906250 0.717341
vt 0.921875 0.717341
vt 0.937500 0.717341
vt 0.953125 0.717341
vt 0.968750 0.717341
vt 0.984375 0.717341
vt 1.000000 0.717341
vt 0.015625 0.728035
vt 0.000000 0.728035
vt 0.031250 0.728035
vt 0.046875 0.728035
vt 0.062500 0.728035
vt 0.078125 0.728035
vt 0.093750 0.728035
vt 0.109375 0.728035
vt 0.125000 0.728035
vt 0.140625 0.728035
vt 0.156250 0.728035
vt 0.171875 0.728035
vt 0.187500 0.728035
vt 0.203125 0.728035
vt 0.218750 0.728035
vt 0.234375 0.728035
vt 0.250000 0.728035
vt 0.265625 0.728035
vt 0.281250 0.728035
vt 0.296875 0.728035
vt 0.312500 0.728035
vt 0.328125 0.728035
vt 0.343750 0.728035
vt 0.359375 0.728035
vt 0.375000 0.728035
vt 0.390625 0.728035
vt 0.406250 0.728035
vt 0.421875 0.728035
vt 0.437500 0.728035
vt 0.453125 0.728035
vt 0.468750 0.728035
vt 0.484375 0.728035
vt 0.500000 0.728035
vt 0.515625 0.728035
vt 0.531250 0.728035
vt 0.546875 0.728035
vt 0.562500 0.728035
vt 0.578125 0.728035
vt 0.593750 0.728035
vt 0.609375 0.728035
vt 0.625000 0.728035
vt 0.640625 0.728035
vt 0.656250 0.728035
vt 0.671875 0.728035
vt 0.687500 0.728035
vt 0.703125 0.728035
vt 0.718750 0.728035
vt 0.734375 0.728035
vt 0.750000 0.728035
vt 0.765625 0.728035
vt 0.781250 0.728035
vt 0.796875 0.728035
vt 0.812500 0.728035
vt 0.828125 0.728035
vt 0.843750 0.728035
vt 0.859375 0.728035
vt 0.875000 0.728035
vt 0.890625 0.728035
vt 0.906250 0.728035
vt 0.921875 0.728035
vt 0.937500 0.728035
vt 0.953125 0.728035
vt 0.968750 0.728035
vt 0.984375 0.728035
vt 1.000000 0.728035
vt 0.015625 0.745912
vt 0.000000 0.745912
vt 0.031250 0.745912
vt 0.046875 0.745912
vt 0.062500 0.745912
vt 0.078125 0.745912
vt 0.093750 0.745912
vt 0.109375 0.745912
vt 0.125000 0.745912
vt 0.140625 0.745912
vt 0.156250 0.745912
vt 0.171875 0.745912
vt 0.187500 0.745912
vt 0.203125 0.745912
vt 0.218750 0.745912
vt 0.234375 0.745912
vt 0.250000 0.745912
vt 0.265625 0.745912
vt 0.281250 0.745912
vt 0.296875 0.745912
vt 0.312500 0.745912
vt 0.328125 0.745912
vt 0.343750 0.745912
vt 0.359375 0.745912
vt 0.375000 0.745912
vt 0.390625 0.745912
vt 0.406250 0.745912
vt 0.421875 0.745912
vt 0.437500 0.745912
vt 0.453125 0.745912
vt 0.468750 0.745912
vt 0.484375 0.745912
vt 0.500000 0.745912
vt 0.515625 0.745912
vt 0.531250 0.745912
vt 0.546875 0.745912
vt 0.562500 0.745912
vt 0.578125 0.745912
vt 0.593750 0.745912
vt 0.609375 0.745912
vt 0.625000 0.745912
vt 0.640625 0.745912
vt 0.656250 0.745912
vt 0.671875 0.745912
vt 0.687500 0.745912
vt 0.703125 0.745912
vt 0.718750 0.745912
vt 0.734375 0.745912
vt 0.750000 0.745912
vt 0.765625 0.745912
vt 0.781250 0.745912
vt 0.796875 0.745912
vt 0.812500 0.745912
vt 0.828125 0.745912
vt 0.843750 0.745912
vt 0.859375 0.745912
vt 0.875000 0.745912
vt 0.890625 0.745912
vt 0.906250 0.745912
vt 0.921875 0.745912
vt 0.937500 0.745912
vt 0.953125 0.745912
vt 0.968750 0.745912
vt 0.984375 0.745912
vt 1.000000 0.745912
vt 0.015625 0.766400
vt 0.000000 0.766400
vt 0.031250 0.766400
vt 0.046875 0.766400
vt 0.062500 0.766400
vt 0.078125 0.766400
vt 0.093750 0.766400
vt 0.109375 0.766400
vt 0.125000 0.766400
vt 0.140625 0.766400
vt 0.156250 0.766400
vt 0.171875 0.766400
vt 0.187500 0.766400
vt 0.203125 0.766400
vt 0.218750 0.766400
vt 0.234375 0.766400
vt 0.250000 0.766400
vt 0.265625 0.766400
vt 0.281250 0.766400
vt 0.296875 0.766400
vt 0.312500 0.766400
vt 0.328125 0.766400
vt 0.343750 0.766400
vt 0.359375 0.766400
vt 0.375000 0.766400
vt 0.390625 0.766400
vt 0.406250 0.766400
vt 0.421875 0.766400
vt 0.437500 0.766400
vt 0.453125 0.766400
vt 0.468750 0.766400
vt 0.484375 0.766400
vt 0.500000 0.766400
vt 0.515625 0.766400
vt 0.531250 0.766400
vt 0.546875 0.766400
vt 0.562500 0.766400
vt 0.578125 0.766400
vt 0.593750 0.766400
vt 0.609375 0.766400
vt 0.625000 0.766400
vt 0.640625 0.766400
vt 0.656250 0.766400
vt 0.671875 0.766400
vt 0.687500 0.766400
vt 0.703125 0.766400
vt 0.718750 0.766400
vt 0.734375 0.766400
vt 0.750000 0.766400
vt 0.765625 0.766400
vt 0.781250 0.766400
vt 0.796875 0.766400
vt 0.812500 0.766400
vt 0.828125 0.766400
vt 0.843750 0.766400
vt 0.859375 0.766400
vt 0.875000 0.766400
vt 0.890625 0.766400
vt 0.906250 0.766400
vt 0.921875 0.766400
vt 0.937500 0.766400
vt 0.953125 0.766400
vt 0.968750 0.766400
vt 0.984375 0.766400
vt 1.000000 0.766400
vt 0.015625 0.780967
vt 0.000000 0.780967
vt 0.031250 0.780967
vt 0.046875 0.780967
vt 0.062500 0.780967
vt 0.078125 0.780967
vt 0.093750 0.780967
vt 0.109375 0.780967
vt 0.125000 0.780967
vt 0.140625 0.780967
vt 0.156250 0.780967
vt 0.171875 0.780967
vt 0.187500 0.780967
vt 0.203125 0.780967
vt 0.218750 0.780967
vt 0.234375 0.780967
vt 0.250000 0.780967
vt 0.265625 0.780967
vt 0.281250 0.780967
vt 0.296875 0.780967
vt 0.312500 0.780967
vt 0.328125 0.780967
vt 0.343750 0.780967
vt 0.359375 0.780967
vt 0.375000 0.780967
vt 0.390625 0.780967
vt 0.406250 0.780967
vt 0.421875 0.780967
vt 0.437500 0.780967
vt 0.453125 0.780967
vt 0.468750 0.780967
vt 0.484375 0.780967
vt 0.500000 0.780967
vt 0.515625 0.780967
vt 0.531250 0.780967
vt 0.546875 0.780967
vt 0.562500 0.780967
vt 0.578125 0.780967
vt 0.593750 0.780967
vt 0.609375 0.780967
vt 0.625000 0.780967
vt 0.640625 0.780967
vt 0.656250 0.780967
vt 0.671875 0.780967
vt 0.687500 0.780967
vt 0.703125 0.780967
vt 0.718750 0.780967
vt 0.734375 0.780967
vt 0.750000 0.780967
vt 0.765625 0.780967
vt 0.781250 0.780967
vt 0.796875 0.780967
vt 0.812500 0.780967
vt 0.828125 0.780967
vt 0.843750 0.780967
vt 0.859375 0.780967
vt 0.875000 0.780967
vt 0.890625 0.780967
vt 0.906250 0.780967
vt 0.921875 0.780967
vt 0.937500 0.780967
vt 0.953125 0.780967
vt 0.968750 0.780967
vt 0.984375 0.780967
vt 1.000000 0.780967
vt 0.015625 0.785297
vt 0.000000 0.785297
vt 0.031250 0.785297
vt 0.046875 0.785297
vt 0.062500 0.785297
vt 0.078125 0.785297
vt 0.093750 0.785297
vt 0.109375 0.785297
vt 0.125000 0.785297
vt 0.140625 0.785297
vt 0.156250 0.785297
vt 0.171875 0.785297
vt 0.187500 0.785297
vt 0.203125 0.785297
vt 0.218750 0.785297
vt 0.234375 0.785297
vt 0.250000 0.785297
vt 0.265625 0.785297
vt 0.281250 0.785297
vt 0.296875 0.785297
vt 0.312500 0.785297
vt 0.328125 0.785297
vt 0.343750 0.785297
vt 0.359375 0.785297
vt 0.375000 0.785297
vt 0.390625 0.785297
vt 0.406250 0.785297
vt 0.421875 0.785297
vt 0.437500 0.785297
vt 0.453125 0.785297
vt 0.468750 0.785297
vt 0.484375 0.785297
vt 0.500000 0.785297
vt 0.515625 0.785297
vt 0.531250 0.785297
vt 0.546875 0.785297
vt 0.562500 0.785297
vt 0.578125 0.785297
vt 0.593750 0.785297
vt 0.609375 0.785297
vt 0.625000 0.785297
vt 0.640625 0.785297
vt 0.656250 0.785297
vt 0.671875 0.785297
vt 0.687500 0.785297
vt 0.703125 0.785297
vt 0.718750 0.785297
vt 0.734375 0.785297
vt 0.750000 0.785297
vt 0.765625 0.785297
vt 0.781250 0.785297
vt 0.796875 0.785297
vt 0.812500 0.785297
vt 0.828125 0.785297
vt 0.843750 0.785297
vt 0.859375 0.785297
vt 0.875000 0.785297
vt 0.890625 0.785297
vt 0.906250 0.785297
vt 0.921875 0.785297
vt 0.937500 0.785297
vt 0.953125 0.785297
vt 0.968750 0.785297
vt 0.984375 0.785297
vt 1.000000 0.785297
vt 0.015625 0.789332
vt 0.000000 0.789332
vt 0.031250 0.789332
vt 0.046875 0.789332
vt 0.062500 0.789332
vt 0.078125 0.789332
vt 0.093750 0.789332
vt 0.109375 0.789332
vt 0.125000 0.789332
vt 0.140625 0.789332
vt 0.156250 0.789332
vt 0.171875 0.789332
vt 0.187500 0.789332
vt 0.203125 0.789332
vt 0.218750 0.789332
vt 0.234375 0.789332
vt 0.250000 0.789332
vt 0.265625 0.789332
vt 0.281250 0.789332
vt 0.296875 0.789332
vt 0.312500 0.789332
vt 0.328125 0.789332
vt 0.343750 0.789332
vt 0.359375 0.789332
vt 0.375000 0.789332
vt 0.390625 0.789332
vt 0.406250 0.789332
vt 0.421875 0.789332
vt 0.437500 0.789332
vt 0.453125 0.789332
vt 0.468750 0.789332
vt 0.484375 0.789332
vt 0.500000 0.789332
vt 0.515625 0.789332
vt 0.531250 0.789332
vt 0.546875 0.789332
vt 0.562500 0.789332
vt 0.578125 0.789332
vt 0.593750 0.789332
vt 0.609375 0.789332
vt 0.625000 0.789332
vt 0.640625 0.789332
vt 0.656250 0.789332
vt 0.671875 0.789332
vt 0.687500 0.789332
vt 0.703125 0.789332
vt 0.718750 0.789332
vt 0.734375 0.789332
vt 0.750000 0.789332
vt 0.765625 0.789332
vt 0.781250 0.789332
vt 0.796875 0.789332
vt 0.812500 0.789332
vt 0.828125 0.789332
vt 0.843750 0.789332
vt 0.859375 0.789332
vt 0.875000 0.789332
vt 0.890625 0.789332
vt 0.906250 0.789332
vt 0.921875 0.789332
vt 0.937500 0.789332
vt 0.953125 0.789332
vt 0.968750 0.789332
vt 0.984375 0.789332
vt 1.000000 0.789332
vt 0.015625 0.793661
vt 0.000000 0.793661
vt 0.031250 0.793661
vt 0.046875 0.793661
vt 0.062500 0.793661
vt 0.078125 0.793661
vt 0.093750 0.793661
vt 0.109375 0.793661
vt 0.125000 0.793661
vt 0.140625 0.793661
vt 0.156250 0.793661
vt 0.171875 0.793661
vt 0.187500 0.793661
vt 0.203125 0.793661
vt 0.218750 0.793661
vt 0.234375 0.793661
vt 0.250000 0.793661
vt 0.265625 0.793661
vt 0.281250 0.793661
vt 0.296875 0.793661
vt 0.312500 0.793661
vt 0.328125 0.793661
vt 0.343750 0.793661
vt 0.359375 0.793661
vt 0.375000 0.793661
vt 0.390625 0.793661
vt 0.406250 0.793661
vt 0.421875 0.793661
vt 0.437500 0.793661
vt 0.453125 0.793661
vt 0.468750 0.793661
vt 0.484375 0.793661
vt 0.500000 0.793661
vt 0.515625 0.793661
vt 0.531250 0.793661
vt 0.546875 0.793661
vt 0.562500 0.793661
vt 0.578125 0.793661
vt 0.593750 0.793661
vt 0.609375 0.793661
vt 0.625000 0.793661
vt 0.640625 0.793661
vt 0.656250 0.793661
vt 0.671875 0.793661
vt 0.687500 0.793661
vt 0.703125 0.793661
vt 0.718750 0.793661
vt 0.734375 0.793661
vt 0.750000 0.793661
vt 0.765625 0.793661
vt 0.781250 0.793661
vt 0.796875 0.793661
vt 0.812500 0.793661
vt 0.828125 0.793661
vt 0.843750 0.793661
vt 0.859375 0.793661
vt 0.875000 0.793661
vt 0.890625 0.793661
vt 0.906250 0.793661
vt 0.921875 0.793661
vt 0.937500 0.793661
vt 0.953125 0.793661
vt 0.968750 0.793661
vt 0.984375 0.793661
vt 1.000000 0.793661
vt 0.015625 0.810086
vt 0.000000 0.810086
vt 0.031250 0.810086
vt 0.046875 0.810086
vt 0.062500 0.810086
vt 0.078125 0.810086
vt 0.093750 0.810086
vt 0.109375 0.810086
vt 0.125000 0.810086
vt 0.140625 0.810086
vt 0.156250 0.810086
vt 0.171875 0.810086
vt 0.187500 0.810086
vt 0.203125 0.810086
vt 0.218750 0.810086
vt 0.234375 0.810086
vt 0.250000 0.810086
vt 0.265625 0.810086
vt 0.281250 0.810086
vt 0.296875 0.810086
vt 0.312500 0.810086
vt 0.328125 0.810086
vt 0.343750 0.810086
vt 0.359375 0.810086
vt 0.375000 0.810086
vt 0.390625 0.810086
vt 0.406250 0.810086
vt 0.421875 0.810086
vt 0.437500 0.810086
vt 0.453125 0.810086
vt 0.468750 0.810086
vt 0.484375 0.810086
vt 0.500000 0.810086
vt 0.515625 0.810086
vt 0.531250 0.810086
vt 0.546875 0.810086
vt 0.562500 0.810086
vt 0.578125 0.810086
vt 0.593750 0.810086
vt 0.609375 0.810086
vt 0.625000 0.810086
vt 0.640625 0.810086
vt 0.656250 0.810086
vt 0.671875 0.810086
vt 0.687500 0.810086
vt 0.703125 0.810086
vt 0.718750 0.810086
vt 0.734375 0.810086
vt 0.750000 0.810086
vt 0.765625 0.810086
vt 0.781250 0.810086
vt 0.796875 0.810086
vt 0.812500 0.810086
vt 0.828125 0.810086
vt 0.843750 0.810086
vt 0.859375 0.810086
vt 0.875000 0.810086
vt 0.890625 0.810086
vt 0.906250 0.810086
vt 0.921875 0.810086
vt 0.937500 0.810086
vt 0.953125 0.810086
vt 0.968750 0.810086
vt 0.984375 0.810086
vt 1.000000 0.810086
vt 0.015625 0.833520
vt 0.000000 0.833520
vt 0.031250 0.833520
vt 0.046875 0.833520
vt 0.062500 0.833520
vt 0.078125 0.833520
vt 0.093750 0.833520
vt 0.109375 0.833520
vt 0.125000 0.833520
vt 0.140625 0.833520
vt 0.156250 0.833520
vt 0.171875 0.833520
vt 0.187500 0.833520
vt 0.203125 0.833520
vt 0.218750 0.833520
vt 0.234375 0.833520
vt 0.250000 0.833520
vt 0.265625 0.833520
vt 0.281250 0.833520
vt 0.296875 0.833520
vt 0.312500 0.833520
vt 0.328125 0.833520
vt 0.343750 0.833520
vt 0.359375 0.833520
vt 0.375000 0.833520
vt 0.390625 0.833520
vt 0.406250 0.833520
vt 0.421875 0.833520
vt 0.437500 0.833520
vt 0.453125 0.833520
vt 0.468750 0.833520
vt 0.484375 0.833520
vt 0.500000 0.833520
vt 0.515625 0.833520
vt 0.531250 0.833520
vt 0.546875 0.833520
vt 0.562500 0.833520
vt 0.578125 0.833520
vt 0.593750 0.833520
vt 0.609375 0.833520
vt 0.625000 0.833520
vt 0.640625 0.833520
vt 0.656250 0.833520
vt 0.671875 0.833520
vt 0.687500 0.833520
vt 0.703125 0.833520
vt 0.718750 0.833520
vt 0.734375 0.833520
vt 0.750000 0.833520
vt 0.765625 0.833520
vt 0.781250 0.833520
vt 0.796875 0.833520
vt 0.812500 0.833520
vt 0.828125 0.833520
vt 0.843750 0.833520
vt 0.859375 0.833520
vt 0.875000 0.833520
vt 0.890625 0.833520
vt 0.906250 0.833520
vt 0.921875 0.833520
vt 0.937500 0.833520
vt 0.953125 0.833520
vt 0.968750 0.833520
vt 0.984375 0.833520
vt 1.000000 0.833520
vt 0.015625 0.856954
vt 0.000000 0.856954
vt 0.031250 0.856954
vt 0.046875 0.856954
vt 0.062500 0.856954
vt 0.078125 0.856954
vt 0.093750 0.856954
vt 0.109375 0.856954
vt 0.125000 0.856954
vt 0.140625 0.856954
vt 0.156250 0.856954
vt 0.171875 0.856954
vt 0.187500 0.856954
vt 0.203125 0.856954
vt 0.218750 0.856954
vt 0.234375 0.856954
vt 0.250000 0.856954
vt 0.265625 0.856954
vt 0.281250 0.856954
vt 0.296875 0.856954
vt 0.312500 0.856954
vt 0.328125 0.856954
vt 0.343750 0.856954
vt 0.359375 0.856954
vt 0.375000 0.856954
vt 0.390625 0.856954
vt 0.406250 0.856954
vt 0.421875 0.856954
vt 0.437500 0.856954
vt 0.453125 0.856954
vt 0.468750 0.856954
vt 0.484375 0.856954
vt 0.500000 0.856954
vt 0.515625 0.856954
vt 0.531250 0.856954
vt 0.546875 0.856954
vt 0.562500 0.856954
vt 0.578125 0.856954
vt 0.593750 0.856954
vt 0.609375 0.856954
vt 0.625000 0.856954
vt 0.640625 0.856954
vt 0.656250 0.856954
vt 0.671875 0.856954
vt 0.687500 0.856954
vt 0.703125 0.856954
vt 0.718750 0.856954
vt 0.734375 0.856954
vt 0.750000 0.856954
vt 0.765625 0.856954
vt 0.781250 0.856954
vt 0.796875 0.856954
vt 0.812500 0.856954
vt 0.828125 0.856954
vt 0.843750 0.856954
vt 0.859375 0.856954
vt 0.875000 0.856954
vt 0.890625 0.856954
vt 0.906250 0.856954
vt 0.921875 0.856954
vt 0.937500 0.856954
vt 0.953125 0.856954
vt 0.968750 0.856954
vt 0.984375 0.856954
vt 1.000000 0.856954
vt 0.015625 0.880388
vt 0.000000 0.880388
vt 0.031250 0.880388
vt 0.046875 0.880388
vt 0.062500 0.880388
vt 0.078125 0.880388
vt 0.093750 0.880388
vt 0.109375 0.880388
vt 0.125000 0.880388
vt 0.140625 0.880388
vt 0.156250 0.880388
vt 0.171875 0.880388
vt 0.187500 0.880388
vt 0.203125 0.880388
vt 0.218750 0.880388
vt 0.234375 0.880388
vt 0.250000 0.880388
vt 0.265625 0.880388
vt 0.281250 0.880388
vt 0.296875 0.880388
vt 0.312500 0.880388
vt 0.328125 0.880388
vt 0.343750 0.880388
vt 0.359375 0.880388
vt 0.375000 0.880388
vt 0.390625 0.880388
vt 0.406250 0.880388
vt 0.421875 0.880388
vt 0.437500 0.880388
vt 0.453125 0.880388
vt 0.468750 0.880388
vt 0.484375 0.880388
vt 0.500000 0.880388
vt 0.515625 0.880388
vt 0.531250 0.880388
vt 0.546875 0.880388
vt 0.562500 0.880388
vt 0.578125 0.880388
vt 0.593750 0.880388
vt 0.609375 0.880388
vt 0.625000 0.880388
vt 0.640625 0.880388
vt 0.656250 0.880388
vt 0.671875 0.880388
vt 0.687500 0.880388
vt 0.703125 0.880388
vt 0.718750 0.880388
vt 0.734375 0.880388
vt 0.750000 0.880388
vt 0.765625 0.880388
vt 0.781250 0.880388
vt 0.796875 0.880388
vt 0.812500 0.880388
vt 0.828125 0.880388
vt 0.843750 0.880388
vt 0.859375 0.880388
vt 0.875000 0.880388
vt 0.890625 0.880388
vt 0.906250 0.880388
vt 0.921875 0.880388
vt 0.937500 0.880388
vt 0.953125 0.880388
vt 0.968750 0.880388
vt 0.984375 0.880388
vt 1.000000 0.880388
vt 0.015625 0.903822
vt 0.000000 0.903822
vt 0.031250 0.903822
vt 0.046875 0.903822
vt 0.062500 0.903822
vt 0.078125 0.903822
vt 0.093750 0.903822
vt 0.109375 0.903822
vt 0.125000 0.903822
vt 0.140625 0.903822
vt 0.156250 0.903822
vt 0.171875 0.903822
vt 0.187500 0.903822
vt 0.203125 0.903822
vt 0.218750 0.903822
vt 0.234375 0.903822
vt 0.250000 0.903822
vt 0.265625 0.903822
vt 0.281250 0.903822
vt 0.296875 0.903822
vt 0.312500 0.903822
vt 0.328125 0.903822
vt 0.343750 0.903822
vt 0.359375 0.903822
vt 0.375000 0.903822
vt 0.390625 0.903822
vt 0.406250 0.903822
vt 0.421875 0.903822
vt 0.437500 0.903822
vt 0.453125 0.903822
vt 0.468750 0.903822
vt 0.484375 0.903822
vt 0.500000 0.903822
vt 0.515625 0.903822
vt 0.531250 0.903822
vt 0.546875 0.903822
vt 0.562500 0.903822
vt 0.578125 0.903822
vt 0.593750 0.903822
vt 0.609375 0.903822
vt 0.625000 0.903822
vt 0.640625 0.903822
vt 0.656250 0.903822
vt 0.671875 0.903822
vt 0.687500 0.903822
vt 0.703125 0.903822
vt 0.718750 0.903822
vt 0.734375 0.903822
vt 0.750000 0.903822
vt 0.765625 0.903822
vt 0.781250 0.903822
vt 0.796875 0.903822
vt 0.812500 0.903822
vt 0.828125 0.903822
vt 0.843750 0.903822
vt 0.859375 0.903822
vt 0.875000 0.903822
vt 0.890625 0.903822
vt 0.906250 0.903822
vt 0.921875 0.903822
vt 0.937500 0.903822
vt 0.953125 0.903822
vt 0.968750 0.903822
vt 0.984375 0.903822
vt 1.000000 0.903822
vt 0.015625 0.927255
vt 0.000000 0.927255
vt 0.031250 0.927255
vt 0.046875 0.927255
vt 0.062500 0.927255
vt 0.078125 0.927255
vt 0.093750 0.927255
vt 0.109375 0.927255
vt 0.125000 0.927255
vt 0.140625 0.927255
vt 0.156250 0.927255
vt 0.171875 0.927255
vt 0.187500 0.927255
vt 0.203125 0.927255
vt 0.218750 0.927255
vt 0.234375 0.927255
vt 0.250000 0.927255
vt 0.265625 0.927255
vt 0.281250 0.927255
vt 0.296875 0.927255
vt 0.312500 0.927255
vt 0.328125 0.927255
vt 0.343750 0.927255
vt 0.359375 0.927255
vt 0.375000 0.927255
vt 0.390625 0.927255
vt 0.406250 0.927255
vt 0.421875 0.927255
vt 0.437500 0.927255
vt 0.453125 0.927255
vt 0.468750 0.927255
vt 0.484375 0.927255
vt 0.500000 0.927255
vt 0.515625 0.927255
vt 0.531250 0.927255
vt 0.546875 0.927255
vt 0.562500 0.927255
vt 0.578125 0.927255
vt 0.593750 0.927255
vt 0.609375 0.927255
vt 0.625000 0.927255
vt 0.640625 0.927255
vt 0.656250 0.927255
vt 0.671875 0.927255
vt 0.687500 0.927255
vt 0.703125 0.927255
vt 0.718750 0.927255
vt 0.734375 0.927255
vt 0.750000 0.927255
vt 0.765625 0.927255
vt 0.781250 0.927255
vt 0.796875 0.927255
vt 0.812500 0.927255
vt 0.828125 0.927255
vt 0.843750 0.927255
vt 0.859375 0.927255
vt 0.875000 0.927255
vt 0.890625 0.927255
vt 0.906250 0.927255
vt 0.921875 0.927255
vt 0.937500 0.927255
vt 0.953125 0.927255
vt 0.968750 0.927255
vt 0.984375 0.927255
vt 1.000000 0.927255
vt 0.015625 0.950689
vt 0.000000 0.950689
vt 0.031250 0.950689
vt 0.046875 0.950689
vt 0.062500 0.950689
vt 0.078125 0.950689
vt 0.093750 0.950689
vt 0.109375 0.950689
vt 0.125000 0.950689
vt 0.140625 0.950689
vt 0.156250 0.950689
vt 0.171875 0.950689
vt 0.187500 0.950689
vt 0.203125 0.950689
vt 0.218750 0.950689
vt 0.234375 0.950689
vt 0.250000 0.950689
vt 0.265625 0.950689
vt 0.281250 0.950689
vt 0.296875 0.950689
vt 0.312500 0.950689
vt 0.328125 0.950689
vt 0.343750 0.950689
vt 0.359375 0.950689
vt 0.375000 0.950689
vt 0.390625 0.950689
vt 0.406250 0.950689
vt 0.421875 0.950689
vt 0.437500 0.950689
vt 0.453125 0.950689
vt 0.468750 0.950689
vt 0.484375 0.950689
vt 0.500000 0.950689
vt 0.515625 0.950689
vt 0.531250 0.950689
vt 0.546875 0.950689
vt 0.562500 0.950689
vt 0.578125 0.950689
vt 0.593750 0.950689
vt 0.609375 0.950689
vt 0.625000 0.950689
vt 0.640625 0.950689
vt 0.656250 0.950689
vt 0.671875 0.950689
vt 0.687500 0.950689
vt 0.703125 0.950689
vt 0.718750 0.950689
vt 0.734375 0.950689
vt 0.750000 0.950689
vt 0.765625 0.950689
vt 0.781250 0.950689
vt 0.796875 0.950689
vt 0.812500 0.950689
vt 0.828125 0.950689
vt 0.843750 0.950689
vt 0.859375 0.950689
vt 0.875000 0.950689
vt 0.890625 0.950689
vt 0.906250 0.950689
vt 0.921875 0.950689
vt 0.937500 0.950689
vt 0.953125 0.950689
vt 0.968750 0.950689
vt 0.984375 0.950689
vt 1.000000 0.950689
vt 0.015625 0.974123
vt 0.000000 0.974123
vt 0.031250 0.974123
vt 0.046875 0.974123
vt 0.062500 0.974123
vt 0.078125 0.974123
vt 0.093750 0.974123
vt 0.109375 0.974123
vt 0.125000 0.974123
vt 0.140625 0.974123
vt 0.156250 0.974123
vt 0.171875 0.974123
vt 0.187500 0.974123
vt 0.203125 0.974123
vt 0.218750 0.974123
vt 0.234375 0.974123
vt 0.250000 0.974123
vt 0.265625 0.974123
vt 0.281250 0.974123
vt 0.296875 0.974123
vt 0.312500 0.974123
vt 0.328125 0.974123
vt 0.343750 0.974123
vt 0.359375 0.974123
vt 0.375000 0.974123
vt 0.390625 0.974123
vt 0.406250 0.974123
vt 0.421875 0.974123
vt 0.437500 0.974123
vt 0.453125 0.974123
vt 0.468750 0.974123
vt 0.484375 0.974123
vt 0.500000 0.974123
vt 0.515625 0.974123
vt 0.531250 0.974123
vt 0.546875 0.974123
vt 0.562500 0.974123
vt 0.578125 0.974123
vt 0.593750 0.974123
vt 0.609375 0.974123
vt 0.625000 0.974123
vt 0.640625 0.974123
vt 0.656250 0.974123
vt 0.671875 0.974123
vt 0.687500 0.974123
vt 0.703125 0.974123
vt 0.718750 0.974123
vt 0.734375 0.974123
vt 0.750000 0.974123
vt 0.765625 0.974123
vt 0.781250 0.974123
vt 0.796875 0.974123
vt 0.812500 0.974123
vt 0.828125 0.974123
vt 0.843750 0.974123
vt 0.859375 0.974123
vt 0.875000 0.974123
vt 0.890625 0.974123
vt 0.906250 0.974123
vt 0.921875 0.974123
vt 0.937500 0.974123
vt 0.953125 0.974123
vt 0.968750 0.974123
vt 0.984375 0.974123
vt 1.000000 0.974123
vt 0.015625 0.997557
vt 0.000000 0.997557
vt 0.031250 0.997557
vt 0.046875 0.997557
vt 0.062500 0.997557
vt 0.078125 0.997557
vt 0.093750 0.997557
vt 0.109375 0.997557
vt 0.125000 0.997557
vt 0.140625 0.997557
vt 0.156250 0.997557
vt 0.171875 0.997557
vt 0.187500 0.997557
vt 0.203125 0.997557
vt 0.218750 0.997557
vt 0.234375 0.997557
vt 0.250000 0.997557
vt 0.265625 0.997557
vt 0.281250 0.997557
vt 0.296875 0.997557
vt 0.312500 0.997557
vt 0.328125 0.997557
vt 0.343750 0.997557
vt 0.359375 0.997557
vt 0.375000 0.997557
vt 0.390625 0.997557
vt 0.406250 0.997557
vt 0.421875 0.997557
vt 0.437500 0.997557
vt 0.453125 0.997557
vt 0.468750 0.997557
vt 0.484375 0.997557
vt 0.500000 0.997557
vt 0.515625 0.997557
vt 0.531250 0.997557
vt 0.546875 0.997557
vt 0.562500 0.997557
vt 0.578125 0.997557
vt 0.593750 0.997557
vt 0.609375 0.997557
vt 0.625000 0.997557
vt 0.640625 0.997557
vt 0.656250 0.997557
vt 0.671875 0.997557
vt 0.687500 0.997557
vt 0.703125 0.997557
vt 0.718750 0.997557
vt 0.734375 0.997557
vt 0.750000 0.997557
vt 0.765625 0.997557
vt 0.781250 0.997557
vt 0.796875 0.997557
vt 0.812500 0.997557
vt 0.828125 0.997557
vt 0.843750 0.997557
vt 0.859375 0.997557
vt 0.875000 0.997557
vt 0.890625 0.997557
vt 0.906250 0.997557
vt 0.921875 0.997557
vt 0.937500 0.997557
vt 0.953125 0.997557
vt 0.968750 0.997557
vt 0.984375 0.997557
vt 1.000000 0.997557
vt 0.015625 1.020990
vt 0.000000 1.020990
vt 0.031250 1.020990
vt 0.046875 1.020990
vt 0.062500 1.020990
vt 0.078125 1.020990
vt 0.093750 1.020990
vt 0.109375 1.020990
vt 0.125000 1.020990
vt 0.140625 1.020990
vt 0.156250 1.020990
vt 0.171875 1.020990
vt 0.187500 1.020990
vt 0.203125 1.020990
vt 0.218750 1.020990
vt 0.234375 1.020990
vt 0.250000 1.020990
vt 0.265625 1.020990
vt 0.281250 1.020990
vt 0.296875 1.020990
vt 0.312500 1.020990
vt 0.328125 1.020990
vt 0.343750 1.020990
vt 0.359375 1.020990
vt 0.375000 1.020990
vt 0.390625 1.020990
vt 0.406250 1.020990
vt 0.421875 1.020990
vt 0.437500 1.020990
vt 0.453125 1.020990
vt 0.468750 1.020990
vt 0.484375 1.020990
vt 0.500000 1.020990
vt 0.515625 1.020990
vt 0.531250 1.020990
vt 0.546875 1.020990
vt 0.562500 1.020990
vt 0.578125 1.020990
vt 0.593750 1.020990
vt 0.609375 1.020990
vt 0.625000 1.020990
vt 0.640625 1.020990
vt 0.656250 1.020990
vt 0.671875 1.020990
vt 0.687500 1.020990
vt 0.703125 1.020990
vt 0.718750 1.020990
vt 0.734375 1.020990
vt 0.750000 1.020990
vt 0.765625 1.020990
vt 0.781250 1.020990
vt 0.796875 1.020990
vt 0.812500 1.020990
vt 0.828125 1.020990
vt 0.843750 1.020990
vt 0.859375 1.020990
vt 0.875000 1.020990
vt 0.890625 1.020990
vt 0.906250 1.020990
vt 0.921875 1.020990
vt 0.937500 1.020990
vt 0.953125 1.020990
vt 0.968750 1.020990
vt 0.984375 1.020990
vt 1.000000 1.020990
vt 0.015625 1.044424
vt 0.000000 1.044424
vt 0.031250 1.044424
vt 0.046875 1.044424
vt 0.062500 1.044424
vt 0.078125 1.044424
vt 0.093750 1.044424
vt 0.109375 1.044424
vt 0.125000 1.044424
vt 0.140625 1.044424
vt 0.156250 1.044424
vt 0.171875 1.044424
vt 0.187500 1.044424
vt 0.203125 1.044424
vt 0.218750 1.044424
vt 0.234375 1.044424
vt 0.250000 1.044424
vt 0.265625 1.044424
vt 0.281250 1.044424
vt 0.296875 1.044424
vt 0.312500 1.044424
vt 0.328125 1.044424
vt 0.343750 1.044424
vt 0.359375 1.044424
vt 0.375000 1.044424
vt 0.390625 1.044424
vt 0.406250 1.044424
vt 0.421875 1.044424
vt 0.437500 1.044424
vt 0.453125 1.044424
vt 0.468750 1.044424
vt 0.484375 1.044424
vt 0.500000 1.044424
vt 0.515625 1.044424
vt 0.531250 1.044424
vt 0.546875 1.044424
vt 0.562500 1.044424
vt 0.578125 1.044424
vt 0.593750 1.044424
vt 0.609375 1.044424
vt 0.625000 1.044424
vt 0.640625 1.044424
vt 0.656250 1.044424
vt 0.671875 1.044424
vt 0.687500 1.044424
vt 0.703125 1.044424
vt 0.718750 1.044424
vt 0.734375 1.044424
vt 0.750000 1.044424
vt 0.765625 1.044424
vt 0.781250 1.044424
vt 0.796875 1.044424
vt 0.812500 1.044424
vt 0.828125 1.044424
vt 0.843750 1.044424
vt 0.859375 1.044424
vt 0.875000 1.044424
vt 0.890625 1.044424
vt 0.906250 1.044424
vt 0.921875 1.044424
vt 0.937500 1.044424
vt 0.953125 1.044424
vt 0.968750 1.044424
vt 0.984375 1.044424
vt 1.000000 1.044424
vt 0.015625 1.067858
vt 0.000000 1.067858
vt 0.031250 1.067858
vt 0.046875 1.067858
vt 0.062500 1.067858
vt 0.078125 1.067858
vt 0.093750 1.067858
vt 0.109375 1.067858
vt 0.125000 1.067858
vt 0.140625 1.067858
vt 0.156250 1.067858
vt 0.171875 1.067858
vt 0.187500 1.067858
vt 0.203125 1.067858
vt 0.218750 1.067858
vt 0.234375 1.067858
vt 0.250000 1.067858
vt 0.265625 1.067858
vt 0.281250 1.067858
vt 0.296875 1.067858
vt 0.312500 1.067858
vt 0.328125 1.067858
vt 0.343750 1.067858
vt 0.359375 1.067858
vt 0.375000 1.067858
vt 0.390625 1.067858
vt 0.406250 1.067858
vt 0.421875 1.067858
vt 0.437500 1.067858
vt 0.453125 1.067858
vt 0.468750 1.067858
vt 0.484375 1.067858
vt 0.500000 1.067858
vt 0.515625 1.067858
vt 0.531250 1.067858
vt 0.546875 1.067858
vt 0.562500 1.067858
vt 0.578125 1.067858
vt 0.593750 1.067858
vt 0.609375 1.067858
vt 0.625000 1.067858
vt 0.640625 1.067858
vt 0.656250 1.067858
vt 0.671875 1.067858
vt 0.687500 1.067858
vt 0.703125 1.067858
vt 0.718750 1.067858
vt 0.734375 1.067858
vt 0.750000 1.067858
vt 0.765625 1.067858
vt 0.781250 1.067858
vt 0.796875 1.067858
vt 0.812500 1.067858
vt 0.828125 1.067858
vt 0.843750 1.067858
vt 0.859375 1.067858
vt 0.875000 1.067858
vt 0.890625 1.067858
vt 0.906250 1.067858
vt 0.921875 1.067858
vt 0.937500 1.067858
vt 0.953125 1.067858
vt 0.968750 1.067858
vt 0.984375 1.067858
vt 1.000000 1.067858
vt 0.015625 1.091292
vt 0.000000 1.091292
vt 0.031250 1.091292
vt 0.046875 1.091292
vt 0.062500 1.091292
vt 0.078125 1.091292
vt 0.093750 1.091292
vt 0.109375 1.091292
vt 0.125000 1.091292
vt 0.140625 1.091292
vt 0.156250 1.091292
vt 0.171875 1.091292
vt 0.187500 1.091292
vt 0.203125 1.091292
vt 0.218750 1.091292
vt 0.234375 1.091292
vt 0.250000 1.091292
vt 0.265625 1.091292
vt 0.281250 1.091292
vt 0.296875 1.091292
vt 0.312500 1.091292
vt 0.328125 1.091292
vt 0.343750 1.091292
vt 0.359375 1.091292
vt 0.375000 1.091292
vt 0.390625 1.091292
vt 0.406250 1.091292
vt 0.421875 1.091292
vt 0.437500 1.091292
vt 0.453125 1.091292
vt 0.468750 1.091292
vt 0.484375 1.091292
vt 0.500000 1.091292
vt 0.515625 1.091292
vt 0.531250 1.091292
vt 0.546875 1.091292
vt 0.562500 1.091292
vt 0.578125 1.091292
vt 0.593750 1.091292
vt 0.609375 1.091292
vt 0.625000 1.091292
vt 0.640625 1.091292
vt 0.656250 1.091292
vt 0.671875 1.091292
vt 0.687500 1.091292
vt 0.703125 1.091292
vt 0.718750 1.091292
vt 0.734375 1.091292
vt 0.750000 1.091292
vt 0.765625 1.091292
vt 0.781250 1.091292
vt 0.796875 1.091292
vt 0.812500 1.091292
vt 0.828125 1.091292
vt 0.843750 1.091292
vt 0.859375 1.091292
vt 0.875000 1.091292
vt 0.890625 1.091292
vt 0.906250 1.091292
vt 0.921875 1.091292
vt 0.937500 1.091292
vt 0.953125 1.091292
vt 0.968750 1.091292
vt 0.984375 1.091292
vt 1.000000 1.091292
vt 0.007812 1.114726
vt 0.023438 1.114726
vt 0.039062 1.114726
vt 0.054688 1.114726
vt 0.070312 1.114726
vt 0.085938 1.114726
vt 0.101562 1.114726
vt 0.117188 1.114726
vt 0.132812 1.114726
vt 0.148438 1.114726
vt 0.164062 1.114726
vt 0.179688 1.114726
vt 0.195312 1.114726
vt 0.210938 1.114726
vt 0.226562 1.114726
vt 0.242188 1.114726
vt 0.257812 1.114726
vt 0.273438 1.114726
vt 0.289062 1.114726
vt 0.304688 1.114726
vt 0.320312 1.114726
vt 0.335938 1.114726
vt 0.351562 1.114726
vt 0.367188 1.114726
vt 0.382812 1.114726
vt 0.398438 1.114726
vt 0.414062 1.114726
vt 0.429688 1.114726
vt 0.445312 1.114726
vt 0.460938 1.114726
vt 0.476562 1.114726
vt 0.492188 1.114726
vt 0.507812 1.114726
vt 0.523438 1.114726
vt 0.539062 1.114726
vt 0.554688 1.114726
vt 0.570312 1.114726
vt 0.585938 1.114726
vt 0.601562 1.114726
vt 0.617188 1.114726
vt 0.632812 1.114726
vt 0.648438 1.114726
vt 0.664062 1.114726
vt 0.679688 1.114726
vt 0.695312 1.114726
vt 0.710938 1.114726
vt 0.726562 1.114726
vt 0.742188 1.114726
vt 0.757812 1.114726
vt 0.773438 1.114726
vt 0.789062 1.114726
vt 0.804688 1.114726
vt 0.820312 1.114726
vt 0.835938 1.114726
vt 0.851562 1.114726
vt 0.867188 1.114726
vt 0.882812 1.114726
vt 0.898438 1.114726
vt 0.914062 1.114726
vt 0.929688 1.114726
vt 0.945312 1.114726
vt 0.960938 1.114726
vt 0.976562 1.114726
vt 0.992188 1.114726
vt 0.984375 0.033657
vt 1.000000 0.033657
vt 1.000000 0.046657
vt 0.984375 0.046657
vt 0.015625 0.000000
vt 0.031250 0.000000
vt 0.031250 0.005984
vt 0.015625 0.005984
vt 0.046875 0.000000
vt 0.046875 0.005984
vt 0.062500 0.000000
vt 0.062500 0.005984
vt 0.078125 0.000000
vt 0.078125 0.005984
vt 0.093750 0.000000
vt 0.093750 0.005984
vt 0.109375 0.000000
vt 0.109375 0.005984
vt 0.125000 0.000000
vt 0.125000 0.005984
vt 0.140625 0.000000
vt 0.140625 0.005984
vt 0.156250 0.000000
vt 0.156250 0.005984
vt 0.171875 0.000000
vt 0.171875 0.005984
vt 0.187500 0.000000
vt 0.187500 0.005984
vt 0.203125 0.000000
vt 0.203125 0.005984
vt 0.218750 0.000000
vt 0.218750 0.005984
vt 0.234375 0.000000
vt 0.234375 0.005984
vt 0.250000 0.000000
vt 0.250000 0.005984
vt 0.265625 0.000000
vt 0.265625 0.005984
vt 0.281250 0.000000
vt 0.281250 0.005984
vt 0.296875 0.000000
vt 0.296875 0.005984
vt 0.312500 0.000000
vt 0.312500 0.005984
vt 0.328125 0.000000
vt 0.328125 0.005984
vt 0.343750 0.000000
vt 0.343750 0.005984
vt 0.359375 0.000000
vt 0.359375 0.005984
vt 0.375000 0.000000
vt 0.375000 0.005984
vt 0.390625 0.000000
vt 0.390625 0.005984
vt 0.406250 0.000000
vt 0.406250 0.005984
vt 0.421875 0.000000
vt 0.421875 0.005984
vt 0.437500 0.000000
vt 0.437500 0.005984
vt 0.453125 0.000000
vt 0.453125 0.005984
vt 0.468750 0.000000
vt 0.468750 0.005984
vt 0.484375 0.000000
vt 0.484375 0.005984
vt 0.500000 0.000000
vt 0.500000 0.005984
vt 0.515625 0.000000
vt 0.515625 0.005984
vt 0.531250 0.000000
vt 0.531250 0.005984
vt 0.546875 0.000000
vt 0.546875 0.005984
vt 0.562500 0.000000
vt 0.562500 0.005984
vt 0.578125 0.000000
vt 0.578125 0.005984
vt 0.593750 0.000000
vt 0.593750 0.005984
vt 0.609375 0.000000
vt 0.609375 0.005984
vt 0.625000 0.000000
vt 0.625000 0.005984
vt 0.640625 0.000000
vt 0.640625 0.005984
vt 0.656250 0.000000
vt 0.656250 0.005984
vt 0.671875 0.000000
vt 0.671875 0.005984
vt 0.687500 0.000000
vt 0.687500 0.005984
vt 0.703125 0.000000
vt 0.703125 0.005984
vt 0.718750 0.000000
vt 0.718750 0.005984
vt 0.734375 0.000000
vt 0.734375 0.005984
vt 0.750000 0.000000
vt 0.750000 0.005984
vt 0.765625 0.000000
vt 0.765625 0.005984
vt 0.781250 0.000000
vt 0.781250 0.005984
vt 0.796875 0.000000
vt 0.796875 0.005984
vt 0.812500 0.000000
vt 0.812500 0.005984
vt 0.828125 0.000000
vt 0.828125 0.005984
vt 0.843750 0.000000
vt 0.843750 0.005984
vt 0.859375 0.000000
vt 0.859375 0.005984
vt 0.875000 0.000000
vt 0.875000 0.005984
vt 0.890625 0.000000
vt 0.890625 0.005984
vt 0.906250 0.000000
vt 0.906250 0.005984
vt 0.921875 0.000000
vt 0.921875 0.005984
vt 0.937500 0.000000
vt 0.937500 0.005984
vt 0.953125 0.000000
vt 0.953125 0.005984
vt 0.968750 0.000000
vt 0.968750 0.005984
vt 0.984375 0.000000
vt 0.984375 0.005984
vt 1.000000 0.000000
vt 1.000000 0.005984
vt 0.000000 0.005984
vt 0.015625 0.011968
vt 0.000000 0.011968
vt 0.031250 0.011968
vt 0.046875 0.011968
vt 0.062500 0.011968
vt 0.078125 0.011968
vt 0.093750 0.011968
vt 0.109375 0.011968
vt 0.125000 0.011968
vt 0.140625 0.011968
vt 0.156250 0.011968
vt 0.171875 0.011968
vt 0.187500 0.011968
vt 0.203125 0.011968
vt 0.218750 0.011968
vt 0.234375 0.011968
vt 0.250000 0.011968
vt 0.265625 0.011968
vt 0.281250 0.011968
vt 0.296875 0.011968
vt 0.312500 0.011968
vt 0.328125 0.011968
vt 0.343750 0.011968
vt 0.359375 0.011968
vt 0.375000 0.011968
vt 0.390625 0.011968
vt 0.406250 0.011968
vt 0.421875 0.011968
vt 0.437500 0.011968
vt 0.453125 0.011968
vt 0.468750 0.011968
vt 0.484375 0.011968
vt 0.500000 0.011968
vt 0.515625 0.011968
vt 0.531250 0.011968
vt 0.546875 0.011968
vt 0.562500 0.011968
vt 0.578125 0.011968
vt 0.593750 0.011968
vt 0.609375 0.011968
vt 0.625000 0.011968
vt 0.640625 0.011968
vt 0.656250 0.011968
vt 0.671875 0.011968
vt 0.687500 0.011968
vt 0.703125 0.011968
vt 0.718750 0.011968
vt 0.734375 0.011968
vt 0.750000 0.011968
vt 0.765625 0.011968
vt 0.781250 0.011968
vt 0.796875 0.011968
vt 0.812500 0.011968
vt 0.828125 0.011968
vt 0.843750 0.011968
vt 0.859375 0.011968
vt 0.875000 0.011968
vt 0.890625 0.011968
vt 0.906250 0.011968
vt 0.921875 0.011968
vt 0.937500 0.011968
vt 0.953125 0.011968
vt 0.968750 0.011968
vt 0.984375 0.011968
vt 1.000000 0.011968
vt 0.015625 0.017952
vt 0.000000 0.017952
vt 0.031250 0.017952
vt 0.046875 0.017952
vt 0.062500 0.017952
vt 0.078125 0.017952
vt 0.093750 0.017952
vt 0.109375 0.017952
vt 0.125000 0.017952
vt 0.140625 0.017952
vt 0.156250 0.017952
vt 0.171875 0.017952
vt 0.187500 0.017952
vt 0.203125 0.017952
vt 0.218750 0.017952
vt 0.234375 0.017952
vt 0.250000 0.017952
vt 0.265625 0.017952
vt 0.281250 0.017952
vt 0.296875 0.017952
vt 0.312500 0.017952
vt 0.328125 0.017952
vt 0.343750 0.017952
vt 0.359375 0.017952
vt 0.375000 0.017952
vt 0.390625 0.017952
vt 0.406250 0.017952
vt 0.421875 0.017952
vt 0.437500 0.017952
vt 0.453125 0.017952
vt 0.468750 0.017952
vt 0.484375 0.017952
vt 0.500000 0.017952
vt 0.515625 0.017952
vt 0.531250 0.017952
vt 0.546875 0.017952
vt 0.562500 0.017952
vt 0.578125 0.017952
vt 0.593750 0.017952
vt 0.609375 0.017952
vt 0.625000 0.017952
vt 0.640625 0.017952
vt 0.656250 0.017952
vt 0.671875 0.017952
vt 0.687500 0.017952
vt 0.703125 0.017952
vt 0.718750 0.017952
vt 0.734375 0.017952
vt 0.750000 0.017952
vt 0.765625 0.017952
vt 0.781250 0.017952
vt 0.796875 0.017952
vt 0.812500 0.017952
vt 0.828125 0.017952
vt 0.843750 0.017952
vt 0.859375 0.017952
vt 0.875000 0.017952
vt 0.890625 0.017952
vt 0.906250 0.017952
vt 0.921875 0.017952
vt 0.937500 0.017952
vt 0.953125 0.017952
vt 0.968750 0.017952
vt 0.984375 0.017952
vt 1.000000 0.017952
vt 0.015625 0.023936
vt 0.000000 0.023936
vt 0.031250 0.023936
vt 0.046875 0.023936
vt 0.062500 0.023936
vt 0.078125 0.023936
vt 0.093750 0.023936
vt 0.109375 0.023936
vt 0.125000 0.023936
vt 0.140625 0.023936
vt 0.156250 0.023936
vt 0.171875 0.023936
vt 0.187500 0.023936
vt 0.203125 0.023936
vt 0.218750 0.023936
vt 0.234375 0.023936
vt 0.250000 0.023936
vt 0.265625 0.023936
vt 0.281250 0.023936
vt 0.296875 0.023936
vt 0.312500 0.023936
vt 0.328125 0.023936
vt 0.343750 0.023936
vt 0.359375 0.023936
vt 0.375000 0.023936
vt 0.390625 0.023936
vt 0.406250 0.023936
vt 0.421875 0.023936
vt 0.437500 0.023936
vt 0.453125 0.023936
vt 0.468750 0.023936
vt 0.484375 0.023936
vt 0.500000 0.023936
vt 0.515625 0.023936
vt 0.531250 0.023936
vt 0.546875 0.023936
vt 0.562500 0.023936
vt 0.578125 0.023936
vt 0.593750 0.023936
vt 0.609375 0.023936
vt 0.625000 0.023936
vt 0.640625 0.023936
vt 0.656250 0.023936
vt 0.671875 0.023936
vt 0.687500 0.023936
vt 0.703125 0.023936
vt 0.718750 0.023936
vt 0.734375 0.023936
vt 0.750000 0.023936
vt 0.765625 0.023936
vt 0.781250 0.023936
vt 0.796875 0.023936
vt 0.812500 0.023936
vt 0.828125 0.023936
vt 0.843750 0.023936
vt 0.859375 0.023936
vt 0.875000 0.023936
vt 0.890625 0.023936
vt 0.906250 0.023936
vt 0.921875 0.023936
vt 0.937500 0.023936
vt 0.953125 0.023936
vt 0.968750 0.023936
vt 0.984375 0.023936
vt 1.000000 0.023936
vt 0.015625 0.029920
vt 0.000000 0.029920
vt 0.031250 0.029920
vt 0.046875 0.029920
vt 0.062500 0.029920
vt 0.078125 0.029920
vt 0.093750 0.029920
vt 0.109375 0.029920
vt 0.125000 0.029920
vt 0.140625 0.029920
vt 0.156250 0.029920
vt 0.171875 0.029920
vt 0.187500 0.029920
vt 0.203125 0.029920
vt 0.218750 0.029920
vt 0.234375 0.029920
vt 0.250000 0.029920
vt 0.265625 0.029920
vt 0.281250 0.029920
vt 0.296875 0.029920
vt 0.312500 0.029920
vt 0.328125 0.029920
vt 0.343750 0.029920
vt 0.359375 0.029920
vt 0.375000 0.029920
vt 0.390625 0.029920
vt 0.406250 0.029920
vt 0.421875 0.029920
vt 0.437500 0.029920
vt 0.453125 0.029920
vt 0.468750 0.029920
vt 0.484375 0.029920
vt 0.500000 0.029920
vt 0.515625 0.029920
vt 0.531250 0.029920
vt 0.546875 0.029920
vt 0.562500 0.029920
vt 0.578125 0.029920
vt 0.593750 0.029920
vt 0.609375 0.029920
vt 0.625000 0.029920
vt 0.640625 0.029920
vt 0.656250 0.029920
vt 0.671875 0.029920
vt 0.687500 0.029920
vt 0.703125 0.029920
vt 0.718750 0.029920
vt 0.734375 0.029920
vt 0.750000 0.029920
vt 0.765625 0.029920
vt 0.781250 0.029920
vt 0.796875 0.029920
vt 0.812500 0.029920
vt 0.828125 0.029920
vt 0.843750 0.029920
vt 0.859375 0.029920
vt 0.875000 0.029920
vt 0.890625 0.029920
vt 0.906250 0.029920
vt 0.921875 0.029920
vt 0.937500 0.029920
vt 0.953125 0.029920
vt 0.968750 0.029920
vt 0.984375 0.029920
vt 1.000000 0.029920
vt 0.015625 0.035904
vt 0.000000 0.035904
vt 0.031250 0.035904
vt 0.046875 0.035904
vt 0.062500 0.035904
vt 0.078125 0.035904
vt 0.093750 0.035904
vt 0.109375 0.035904
vt 0.125000 0.035904
vt 0.140625 0.035904
vt 0.156250 0.035904
vt 0.171875 0.035904
vt 0.187500 0.035904
vt 0.203125 0.035904
vt 0.218750 0.035904
vt 0.234375 0.035904
vt 0.250000 0.035904
vt 0.265625 0.035904
vt 0.281250 0.035904
vt 0.296875 0.035904
vt 0.312500 0.035904
vt 0.328125 0.035904
vt 0.343750 0.035904
vt 0.359375 0.035904
vt 0.375000 0.035904
vt 0.390625 0.035904
vt 0.406250 0.035904
vt 0.421875 0.035904
vt 0.437500 0.035904
vt 0.453125 0.035904
vt 0.468750 0.035904
vt 0.484375 0.035904
vt 0.500000 0.035904
vt 0.515625 0.035904
vt 0.531250 0.035904
vt 0.546875 0.035904
vt 0.562500 0.035904
vt 0.578125 0.035904
vt 0.593750 0.035904
vt 0.609375 0.035904
vt 0.625000 0.035904
vt 0.640625 0.035904
vt 0.656250 0.035904
vt 0.671875 0.035904
vt 0.687500 0.035904
vt 0.703125 0.035904
vt 0.718750 0.035904
vt 0.734375 0.035904
vt 0.750000 0.035904
vt 0.765625 0.035904
vt 0.781250 0.035904
vt 0.796875 0.035904
vt 0.812500 0.035904
vt 0.828125 0.035904
vt 0.843750 0.035904
vt 0.859375 0.035904
vt 0.875000 0.035904
vt 0.890625 0.035904
vt 0.906250 0.035904
vt 0.921875 0.035904
vt 0.937500 0.035904
vt 0.953125 0.035904
vt 0.968750 0.035904
vt 0.984375 0.035904
vt 1.000000 0.035904
vt 0.000000 0.000000
vt 0.015625 0.009500
vt 0.000000 0.009500
vt 0.031250 0.009500
vt 0.046875 0.009500
vt 0.062500 0.009500
vt 0.078125 0.009500
vt 0.093750 0.009500
vt 0.109375 0.009500
vt 0.125000 0.009500
vt 0.140625 0.009500
vt 0.156250 0.009500
vt 0.171875 0.009500
vt 0.187500 0.009500
vt 0.203125 0.009500
vt 0.218750 0.009500
vt 0.234375 0.009500
vt 0.250000 0.009500
vt 0.265625 0.009500
vt 0.281250 0.009500
vt 0.296875 0.009500
vt 0.312500 0.009500
vt 0.328125 0.009500
vt 0.343750 0.009500
vt 0.359375 0.009500
vt 0.375000 0.009500
vt 0.390625 0.009500
vt 0.406250 0.009500
vt 0.421875 0.009500
vt 0.437500 0.009500
vt 0.453125 0.009500
vt 0.468750 0.009500
vt 0.484375 0.009500
vt 0.500000 0.009500
vt 0.515625 0.009500
vt 0.531250 0.009500
vt 0.546875 0.009500
vt 0.562500 0.009500
vt 0.578125 0.009500
vt 0.593750 0.009500
vt 0.609375 0.009500
vt 0.625000 0.009500
vt 0.640625 0.009500
vt 0.656250 0.009500
vt 0.671875 0.009500
vt 0.687500 0.009500
vt 0.703125 0.009500
vt 0.718750 0.009500
vt 0.734375 0.009500
vt 0.750000 0.009500
vt 0.765625 0.009500
vt 0.781250 0.009500
vt 0.796875 0.009500
vt 0.812500 0.009500
vt 0.828125 0.009500
vt 0.843750 0.009500
vt 0.859375 0.009500
vt 0.875000 0.009500
vt 0.890625 0.009500
vt 0.906250 0.009500
vt 0.921875 0.009500
vt 0.937500 0.009500
vt 0.953125 0.009500
vt 0.968750 0.009500
vt 0.984375 0.009500
vt 1.000000 0.009500
vt 0.015625 0.012328
vt 0.000000 0.012328
vt 0.031250 0.012328
vt 0.046875 0.012328
vt 0.062500 0.012328
vt 0.078125 0.012328
vt 0.093750 0.012328
vt 0.109375 0.012328
vt 0.125000 0.012328
vt 0.140625 0.012328
vt 0.156250 0.012328
vt 0.171875 0.012328
vt 0.187500 0.012328
vt 0.203125 0.012328
vt 0.218750 0.012328
vt 0.234375 0.012328
vt 0.250000 0.012328
vt 0.265625 0.012328
vt 0.281250 0.012328
vt 0.296875 0.012328
vt 0.312500 0.012328
vt 0.328125 0.012328
vt 0.343750 0.012328
vt 0.359375 0.012328
vt 0.375000 0.012328
vt 0.390625 0.012328
vt 0.406250 0.012328
vt 0.421875 0.012328
vt 0.437500 0.012328
vt 0.453125 0.012328
vt 0.468750 0.012328
vt 0.484375 0.012328
vt 0.500000 0.012328
vt 0.515625 0.012328
vt 0.531250 0.012328
vt 0.546875 0.012328
vt 0.562500 0.012328
vt 0.578125 0.012328
vt 0.593750 0.012328
vt 0.609375 0.012328
vt 0.625000 0.012328
vt 0.640625 0.012328
vt 0.656250 0.012328
vt 0.671875 0.012328
vt 0.687500 0.012328
vt 0.703125 0.012328
vt 0.718750 0.012328
vt 0.734375 0.012328
vt 0.750000 0.012328
vt 0.765625 0.012328
vt 0.781250 0.012328
vt 0.796875 0.012328
vt 0.812500 0.012328
vt 0.828125 0.012328
vt 0.843750 0.012328
vt 0.859375 0.012328
vt 0.875000 0.012328
vt 0.890625 0.012328
vt 0.906250 0.012328
vt 0.921875 0.012328
vt 0.937500 0.012328
vt 0.953125 0.012328
vt 0.968750 0.012328
vt 0.984375 0.012328
vt 1.000000 0.012328
vt 0.015625 0.021328
vt 0.000000 0.021328
vt 0.031250 0.021328
vt 0.046875 0.021328
vt 0.062500 0.021328
vt 0.078125 0.021328
vt 0.093750 0.021328
vt 0.109375 0.021328
vt 0.125000 0.021328
vt 0.140625 0.021328
vt 0.156250 0.021328
vt 0.171875 0.021328
vt 0.187500 0.021328
vt 0.203125 0.021328
vt 0.218750 0.021328
vt 0.234375 0.021328
vt 0.250000 0.021328
vt 0.265625 0.021328
vt 0.281250 0.021328
vt 0.296875 0.021328
vt 0.312500 0.021328
vt 0.328125 0.021328
vt 0.343750 0.021328
vt 0.359375 0.021328
vt 0.375000 0.021328
vt 0.390625 0.021328
vt 0.406250 0.021328
vt 0.421875 0.021328
vt 0.437500 0.021328
vt 0.453125 0.021328
vt 0.468750 0.021328
vt 0.484375 0.021328
vt 0.500000 0.021328
vt 0.515625 0.021328
vt 0.531250 0.021328
vt 0.546875 0.021328
vt 0.562500 0.021328
vt 0.578125 0.021328
vt 0.593750 0.021328
vt 0.609375 0.021328
vt 0.625000 0.021328
vt 0.640625 0.021328
vt 0.656250 0.021328
vt 0.671875 0.021328
vt 0.687500 0.021328
vt 0.703125 0.021328
vt 0.718750 0.021328
vt 0.734375 0.021328
vt 0.750000 0.021328
vt 0.765625 0.021328
vt 0.781250 0.021328
vt 0.796875 0.021328
vt 0.812500 0.021328
vt 0.828125 0.021328
vt 0.843750 0.021328
vt 0.859375 0.021328
vt 0.875000 0.021328
vt 0.890625 0.021328
vt 0.906250 0.021328
vt 0.921875 0.021328
vt 0.937500 0.021328
vt 0.953125 0.021328
vt 0.968750 0.021328
vt 0.984375 0.021328
vt 1.000000 0.021328
vt 0.015625 0.024157
vt 0.000000 0.024157
vt 0.031250 0.024157
vt 0.046875 0.024157
vt 0.062500 0.024157
vt 0.078125 0.024157
vt 0.093750 0.024157
vt 0.109375 0.024157
vt 0.125000 0.024157
vt 0.140625 0.024157
vt 0.156250 0.024157
vt 0.171875 0.024157
vt 0.187500 0.024157
vt 0.203125 0.024157
vt 0.218750 0.024157
vt 0.234375 0.024157
vt 0.250000 0.024157
vt 0.265625 0.024157
vt 0.281250 0.024157
vt 0.296875 0.024157
vt 0.312500 0.024157
vt 0.328125 0.024157
vt 0.343750 0.024157
vt 0.359375 0.024157
vt 0.375000 0.024157
vt 0.390625 0.024157
vt 0.406250 0.024157
vt 0.421875 0.024157
vt 0.437500 0.024157
vt 0.453125 0.024157
vt 0.468750 0.024157
vt 0.484375 0.024157
vt 0.500000 0.024157
vt 0.515625 0.024157
vt 0.531250 0.024157
vt 0.546875 0.024157
vt 0.562500 0.024157
vt 0.578125 0.024157
vt 0.593750 0.024157
vt 0.609375 0.024157
vt 0.625000 0.024157
vt 0.640625 0.024157
vt 0.656250 0.024157
vt 0.671875 0.024157
vt 0.687500 0.024157
vt 0.703125 0.024157
vt 0.718750 0.024157
vt 0.734375 0.024157
vt 0.750000 0.024157
vt 0.765625 0.024157
vt 0.781250 0.024157
vt 0.796875 0.024157
vt 0.812500 0.024157
vt 0.828125 0.024157
vt 0.843750 0.024157
vt 0.859375 0.024157
vt 0.875000 0.024157
vt 0.890625 0.024157
vt 0.906250 0.024157
vt 0.921875 0.024157
vt 0.937500 0.024157
vt 0.953125 0.024157
vt 0.968750 0.024157
vt 0.984375 0.024157
vt 1.000000 0.024157
vt 0.015625 0.033657
vt 0.000000 0.033657
vt 0.031250 0.033657
vt 0.046875 0.033657
vt 0.062500 0.033657
vt 0.078125 0.033657
vt 0.093750 0.033657
vt 0.109375 0.033657
vt 0.125000 0.033657
vt 0.140625 0.033657
vt 0.156250 0.033657
vt 0.171875 0.033657
vt 0.187500 0.033657
vt 0.203125 0.033657
vt 0.218750 0.033657
vt 0.234375 0.033657
vt 0.250000 0.033657
vt 0.265625 0.033657
vt 0.281250 0.033657
vt 0.296875 0.033657
vt 0.312500 0.033657
vt 0.328125 0.033657
vt 0.343750 0.033657
vt 0.359375 0.033657
vt 0.375000 0.033657
vt 0.390625 0.033657
vt 0.406250 0.033657
vt 0.421875 0.033657
vt 0.437500 0.033657
vt 0.453125 0.033657
vt 0.468750 0.033657
vt 0.484375 0.033657
vt 0.500000 0.033657
vt 0.515625 0.033657
vt 0.531250 0.033657
vt 0.546875 0.033657
vt 0.562500 0.033657
vt 0.578125 0.033657
vt 0.593750 0.033657
vt 0.609375 0.033657
vt 0.625000 0.033657
vt 0.640625 0.033657
vt 0.656250 0.033657
vt 0.671875 0.033657
vt 0.687500 0.033657
vt 0.703125 0.033657
vt 0.718750 0.033657
vt 0.734375 0.033657
vt 0.750000 0.033657
vt 0.765625 0.033657
vt 0.781250 0.033657
vt 0.796875 0.033657
vt 0.812500 0.033657
vt 0.828125 0.033657
vt 0.843750 0.033657
vt 0.859375 0.033657
vt 0.875000 0.033657
vt 0.890625 0.033657
vt 0.906250 0.033657
vt 0.921875 0.033657
vt 0.937500 0.033657
vt 0.953125 0.033657
vt 0.968750 0.033657
vt 0.015625 0.046657
vt 0.000000 0.046657
vt 0.031250 0.046657
vt 0.046875 0.046657
vt 0.062500 0.046657
vt 0.078125 0.046657
vt 0.093750 0.046657
vt 0.109375 0.046657
vt 0.125000 0.046657
vt 0.140625 0.046657
vt 0.156250 0.046657
vt 0.171875 0.046657
vt 0.187500 0.046657
vt 0.203125 0.046657
vt 0.218750 0.046657
vt 0.234375 0.046657
vt 0.250000 0.046657
vt 0.265625 0.046657
vt 0.281250 0.046657
vt 0.296875 0.046657
vt 0.312500 0.046657
vt 0.328125 0.046657
vt 0.343750 0.046657
vt 0.359375 0.046657
vt 0.375000 0.046657
vt 0.390625 0.046657
vt 0.406250 0.046657
vt 0.421875 0.046657
vt 0.437500 0.046657
vt 0.453125 0.046657
vt 0.468750 0.046657
vt 0.484375 0.046657
vt 0.500000 0.046657
vt 0.515625 0.046657
vt 0.531250 0.046657
vt 0.546875 0.046657
vt 0.562500 0.046657
vt 0.578125 0.046657
vt 0.593750 0.046657
vt 0.609375 0.046657
vt 0.625000 0.046657
vt 0.640625 0.046657
vt 0.656250 0.046657
vt 0.671875 0.046657
vt 0.687500 0.046657
vt 0.703125 0.046657
vt 0.718750 0.046657
vt 0.734375 0.046657
vt 0.750000 0.046657
vt 0.765625 0.046657
vt 0.781250 0.046657
vt 0.796875 0.046657
vt 0.812500 0.046657
vt 0.828125 0.046657
vt 0.843750 0.046657
vt 0.859375 0.046657
vt 0.875000 0.046657
vt 0.890625 0.046657
vt 0.906250 0.046657
vt 0.921875 0.046657
vt 0.937500 0.046657
vt 0.953125 0.046657
vt 0.968750 0.046657
s 1
usemtl body
f 1090/1/1 1091/2/2 1155/3/3 1154/4/4
f 1/5/5 4/6/5 3/7/5
f 1/8/5 5/9/5 4/6/5
f 1/10/5 6/11/5 5/9/5
f 1/12/5 7/13/5 6/11/5
f 1/14/5 8/15/5 7/13/5
f 1/16/5 9/17/5 8/15/5
f 1/18/5 10/19/5 9/17/5
f 1/20/5 11/21/5 10/19/5
f 1/22/5 12/23/5 11/21/5
f 1/24/5 13/25/5 12/23/5
f 1/26/5 14/27/5 13/25/5
f 1/28/5 15/29/5 14/27/5
f 1/30/5 16/31/5 15/29/5
f 1/32/5 17/33/5 16/31/5
f 1/34/5 18/35/5 17/33/5
f 1/36/5 19/37/5 18/35/5
f 1/38/5 20/39/5 19/37/5
f 1/40/5 21/41/5 20/39/5
f 1/42/5 22/43/5 21/41/5
f 1/44/5 23/45/5 22/43/5
f 1/46/5 24/47/5 23/45/5
f 1/48/5 25/49/5 24/47/5
f 1/50/5 26/51/5 25/49/5
f 1/52/5 27/53/5 26/51/5
f 1/54/5 28/55/5 27/53/5
f 1/56/5 29/57/5 28/55/5
f 1/58/5 30/59/5 29/57/5
f 1/60/5 31/61/5 30/59/5
f 1/62/5 32/63/5 31/61/5
f 1/64/5 33/65/5 32/63/5
f 1/66/5 34/67/5 33/65/5
f 1/68/5 35/69/5 34/67/5
f 1/70/5 36/71/5 35/69/5
f 1/72/5 37/73/5 36/71/5
f 1/74/5 38/75/5 37/73/5
f 1/76/5 39/77/5 38/75/5
f 1/78/5 40/79/5 39/77/5
f 1/80/5 41/81/5 40/79/5
f 1/82/5 42/83/5 41/81/5
f 1/84/5 43/85/5 42/83/5
f 1/86/5 44/87/5 43/85/5
f 1/88/5 45/89/5 44/87/5
f 1/90/5 46/91/5 45/89/5
f 1/92/5 47/93/5 46/91/5
f 1/94/5 48/95/5 47/93/5
f 1/96/5 49/97/5 48/95/5
f 1/98/5 50/99/5 49/97/5
f 1/100/5 51/101/5 50/99/5
f 1/102/5 52/103/5 51/101/5
f 1/104/5 53/105/5 52/103/5
f 1/106/5 54/107/5 53/105/5
f 1/108/5 55/109/5 54/107/5
f 1/110/5 56/111/5 55/109/5
f 1/112/5 57/113/5 56/111/5
f 1/114/5 58/115/5 57/113/5
f 1/116/5 59/117/5 58/115/5
f 1/118/5 60/119/5 59/117/5
f 1/120/5 61/121/5 60/119/5
f 1/122/5 62/123/5 61/121/5
f 1/124/5 63/125/5 62/123/5
f 1/126/5 64/127/5 63/125/5
f 1/128/5 65/129/5 64/127/5
f 1/130/5 2/131/5 65/129/5
f 2/132/6 3/7/7 67/133/7 66/134/6
f 3/7/7 4/6/8 68/135/8 67/133/7
f 4/6/8 5/9/9 69/136/9 68/135/8
f 5/9/9 6/11/10 70/137/10 69/136/9
f 6/11/10 7/13/11 71/138/11 70/137/10
f 7/13/11 8/15/12 72/139/12 71/138/11
f 8/15/12 9/17/13 73/140/13 72/139/12
f 9/17/13 10/19/14 74/141/14 73/140/13
f 10/19/14 11/21/15 75/142/15 74/141/14
f 11/21/15 12/23/16 76/143/16 75/142/15
f 12/23/16 13/25/17 77/144/17 76/143/16
f 13/25/17 14/27/18 78/145/18 77/144/17
f 14/27/18 15/29/19 79/146/19 78/145/18
f 15/29/19 16/31/20 80/147/20 79/146/19
f 16/31/20 17/33/21 81/148/21 80/147/20
f 17/33/21 18/35/22 82/149/22 81/148/21
f 18/35/22 19/37/23 83/150/23 82/149/22
f 19/37/23 20/39/24 84/151/24 83/150/23
f 20/39/24 21/41/25 85/152/25 84/151/24
f 21/41/25 22/43/26 86/153/26 85/152/25
f 22/43/26 23/45/27 87/154/27 86/153/26
f 23/45/27 24/47/28 88/155/28 87/154/27
f 24/47/28 25/49/29 89/156/29 88/155/28
f 25/49/29 26/51/30 90/157/30 89/156/29
f 26/51/30 27/53/31 91/158/31 90/157/30
f 27/53/31 28/55/32 92/159/32 91/158/31
f 28/55/32 29/57/33 93/160/33 92/159/32
f 29/57/33 30/59/34 94/161/34 93/160/33
f 30/59/34 31/61/35 95/162/35 94/161/34
f 31/61/35 32/63/36 96/163/36 95/162/35
f 32/63/36 33/65/37 97/164/37 96/163/36
f 33/65/37 34/67/38 98/165/38 97/164/37
f 34/67/38 35/69/39 99/166/39 98/165/38
f 35/69/39 36/71/40 100/167/40 99/166/39
f 36/71/40 37/73/41 101/168/41 100/167/40
f 37/73/41 38/75/42 102/169/42 101/168/41
f 38/75/42 39/77/43 103/170/43 102/169/42
f 39/77/43 40/79/44 104/171/44 103/170/43
f 40/79/44 41/81/45 105/172/45 104/171/44
f 41/81/45 42/83/46 106/173/46 105/172/45
f 42/83/46 43/85/47 107/174/47 106/173/46
f 43/85/47 44/87/48 108/175/48 107/174/47
f 44/87/48 45/89/49 109/176/49 108/175/48
f 45/89/49 46/91/50 110/177/50 109/176/49
f 46/91/50 47/93/51 111/178/51 110/177/50
f 47/93/51 48/95/52 112/179/52 111/178/51
f 48/95/52 49/97/53 113/180/53 112/179/52
f 49/97/53 50/99/54 114/181/54 113/180/53
f 50/99/54 51/101/55 115/182/55 114/181/54
f 51/101/55 52/103/56 116/183/56 115/182/55
f 52/103/56 53/105/57 117/184/57 116/183/56
f 53/105/57 54/107/58 118/185/58 117/184/57
f 54/107/58 55/109/59 119/186/59 118/185/58
f 55/109/59 56/111/60 120/187/60 119/186/59
f 56/111/60 57/113/61 121/188/61 120/187/60
f 57/113/61 58/115/62 122/189/62 121/188/61
f 58/115/62 59/117/63 123/190/63 122/189/62
f 59/117/63 60/119/64 124/191/64 123/190/63
f 60/119/64 61/121/65 125/192/65 124/191/64
f 61/121/65 62/123/66 126/193/66 125/192/65
f 62/123/66 63/125/67 127/194/67 126/193/66
f 63/125/67 64/127/68 128/195/68 127/194/67
f 64/127/68 65/129/69 129/196/69 128/195/68
f 65/129/69 2/131/6 66/197/6 129/196/69
f 66/134/70 67/133/71 131/198/72 130/199/73
f 67/133/71 68/135/74 132/200/75 131/198/72
f 68/135/74 69/136/76 133/201/77 132/200/75
f 69/136/76 70/137/78 134/202/79 133/201/77
f 70/137/78 71/138/80 135/203/81 134/202/79
f 71/138/80 72/139/82 136/204/83 135/203/81
f 72/139/82 73/140/84 137/205/85 136/204/83
f 73/140/84 74/141/86 138/206/87 137/205/85
f 74/141/86 75/142/88 139/207/89 138/206/87
f 75/142/88 76/143/90 140/208/91 139/207/89
f 76/143/90 77/144/92 141/209/93 140/208/91
f 77/144/92 78/145/94 142/210/95 141/209/93
f 78/145/94 79/146/96 143/211/97 142/210/95
f 79/146/96 80/147/98 144/212/99 143/211/97
f 80/147/98 81/148/100 145/213/101 144/212/99
f 81/148/100 82/149/102 146/214/103 145/213/101
f 82/149/102 83/150/104 147/215/105 146/214/103
f 83/150/104 84/151/106 148/216/107 147/215/105
f 84/151/106 85/152/108 149/217/109 148/216/107
f 85/152/108 86/153/110 150/218/111 149/217/109
f 86/153/110 87/154/112 151/219/113 150/218/111
f 87/154/112 88/155/114 152/220/115 151/219/113
f 88/155/114 89/156/116 153/221/117 152/220/115
f 89/156/116 90/157/118 154/222/119 153/221/117
f 90/157/118 91/158/120 155/223/121 154/222/119
f 91/158/120 92/159/122 156/224/123 155/223/121
f 92/159/122 93/160/124 157/225/125 156/224/123
f 93/160/124 94/161/126 158/226/127 157/225/125
f 94/161/126 95/162/128 159/227/129 158/226/127
f 95/162/128 96/163/130 160/228/131 159/227/129
f 96/163/130 97/164/132 161/229/133 160/228/131
f 97/164/132 98/165/134 162/230/135 161/229/133
f 98/165/134 99/166/136 163/231/137 162/230/135
f 99/166/136 100/167/138 164/232/139 163/231/137
f 100/167/138 101/168/140 165/233/141 164/232/139
f 101/168/140 102/169/142 166/234/143 165/233/141
f 102/169/142 103/170/144 167/235/145 166/234/143
f 103/170/144 104/171/146 168/236/147 167/235/145
f 104/171/146 105/172/148 169/237/149 168/236/147
f 105/172/148 106/173/150 170/238/151 169/237/149
f 106/173/150 107/174/152 171/239/153 170/238/151
f 107/174/152 108/175/154 172/240/155 171/239/153
f 108/175/154 109/176/156 173/241/157 172/240/155
f 109/176/156 110/177/158 174/242/159 173/241/157
f 110/177/158 111/178/160 175/243/161 174/242/159
f 111/178/160 112/179/162 176/244/163 175/243/161
f 112/179/162 113/180/164 177/245/165 176/244/163
f 113/180/164 114/181/166 178/246/167 177/245/165
f 114/181/166 115/182/168 179/247/169 178/246/167
f 115/182/168 116/183/170 180/248/171 179/247/169
f 116/183/170 117/184/172 181/249/173 180/248/171
f 117/184/172 118/185/174 182/250/175 181/249/173
f 118/185/174 119/186/176 183/251/177 182/250/175
f 119/186/176 120/187/178 184/252/179 183/251/177
f 120/187/178 121/188/180 185/253/181 184/252/179
f 121/188/180 122/189/182 186/254/183 185/253/181
f 122/189/182 123/190/184 187/255/185 186/254/183
f 123/190/184 124/191/186 188/256/187 187/255/185
f 124/191/186 125/192/188 189/257/189 188/256/187
f 125/192/188 126/193/190 190/258/191 189/257/189
f 126/193/190 127/194/192 191/259/193 190/258/191
f 127/194/192 128/195/194 192/260/195 191/259/193
f 128/195/194 129/196/196 193/261/197 192/260/195
f 129/196/196 66/197/70 130/262/73 193/261/197
f 130/199/73 131/198/72 195/263/198 194/264/199
f 131/198/72 132/200/75 196/265/200 195/263/198
f 132/200/75 133/201/77 197/266/201 196/265/200
f 133/201/77 134/202/79 198/267/202 197/266/201
f 134/202/79 135/203/81 199/268/203 198/267/202
f 135/203/81 136/204/83 200/269/204 199/268/203
f 136/204/83 137/205/85 201/270/205 200/269/204
f 137/205/85 138/206/87 202/271/206 201/270/205
f 138/206/87 139/207/89 203/272/207 202/271/206
f 139/207/89 140/208/91 204/273/208 203/272/207
f 140/208/91 141/209/93 205/274/209 204/273/208
f 141/209/93 142/210/95 206/275/210 205/274/209
f 142/210/95 143/211/97 207/276/211 206/275/210
f 143/211/97 144/212/99 208/277/212 207/276/211
f 144/212/99 145/213/101 209/278/213 208/277/212
f 145/213/101 146/214/103 210/279/214 209/278/213
f 146/214/103 147/215/105 211/280/215 210/279/214
f 147/215/105 148/216/107 212/281/216 211/280/215
f 148/216/107 149/217/109 213/282/217 212/281/216
f 149/217/109 150/218/111 214/283/218 213/282/217
f 150/218/111 151/219/113 215/284/219 214/283/218
f 151/219/113 152/220/115 216/285/220 215/284/219
f 152/220/115 153/221/117 217/286/221 216/285/220
f 153/221/117 154/222/119 218/287/222 217/286/221
f 154/222/119 155/223/121 219/288/223 218/287/222
f 155/223/121 156/224/123 220/289/224 219/288/223
f 156/224/123 157/225/125 221/290/225 220/289/224
f 157/225/125 158/226/127 222/291/226 221/290/225
f 158/226/127 159/227/129 223/292/227 222/291/226
f 159/227/129 160/228/131 224/293/228 223/292/227
f 160/228/131 161/229/133 225/294/229 224/293/228
f 161/229/133 162/230/135 226/295/230 225/294/229
f 162/230/135 163/231/137 227/296/231 226/295/230
f 163/231/137 164/232/139 228/297/232 227/296/231
f 164/232/139 165/233/141 229/298/233 228/297/232
f 165/233/141 166/234/143 230/299/234 229/298/233
f 166/234/143 167/235/145 231/300/235 230/299/234
f 167/235/145 168/236/147 232/301/236 231/300/235
f 168/236/147 169/237/149 233/302/237 232/301/236
f 169/237/149 170/238/151 234/303/238 233/302/237
f 170/238/151 171/239/153 235/304/239 234/303/238
f 171/239/153 172/240/155 236/305/240 235/304/239
f 172/240/155 173/241/157 237/306/241 236/305/240
f 173/241/157 174/242/159 238/307/242 237/306/241
f 174/242/159 175/243/161 239/308/243 238/307/242
f 175/243/161 176/244/163 240/309/244 239/308/243
f 176/244/163 177/245/165 241/310/245 240/309/244
f 177/245/165 178/246/167 242/311/246 241/310/245
f 178/246/167 179/247/169 243/312/247 242/311/246
f 179/247/169 180/248/171 244/313/248 243/312/247
f 180/248/171 181/249/173 245/314/249 244/313/248
f 181/249/173 182/250/175 246/315/250 245/314/249
f 182/250/175 183/251/177 247/316/251 246/315/250
f 183/251/177 184/252/179 248/317/252 247/316/251
f 184/252/179 185/253/181 249/318/253 248/317/252
f 185/253/181 186/254/183 250/319/254 249/318/253
f 186/254/183 187/255/185 251/320/255 250/319/254
f 187/255/185 188/256/187 252/321/256 251/320/255
f 188/256/187 189/257/189 253/322/257 252/321/256
f 189/257/189 190/258/191 254/323/258 253/322/257
f 190/258/191 191/259/193 255/324/259 254/323/258
f 191/259/193 192/260/195 256/325/260 255/324/259
f 192/260/195 193/261/197 257/326/261 256/325/260
f 193/261/197 130/262/73 194/327/199 257/326/261
f 194/264/199 195/263/198 259/328/262 258/329/263
f 195/263/198 196/265/200 260/330/264 259/328/262
f 196/265/200 197/266/201 261/331/265 260/330/264
f 197/266/201 198/267/202 262/332/266 261/331/265
f 198/267/202 199/268/203 263/333/267 262/332/266
f 199/268/203 200/269/204 264/334/268 263/333/267
f 200/269/204 201/270/205 265/335/269 264/334/268
f 201/270/205 202/271/206 266/336/270 265/335/269
f 202/271/206 203/272/207 267/337/271 266/336/270
f 203/272/207 204/273/208 268/338/272 267/337/271
f 204/273/208 205/274/209 269/339/273 268/338/272
f 205/274/209 206/275/210 270/340/274 269/339/273
f 206/275/210 207/276/211 271/341/275 270/340/274
f 207/276/211 208/277/212 272/342/276 271/341/275
f 208/277/212 209/278/213 273/343/277 272/342/276
f 209/278/213 210/279/214 274/344/278 273/343/277
f 210/279/214 211/280/215 275/345/279 274/344/278
f 211/280/215 212/281/216 276/346/280 275/345/279
f 212/281/216 213/282/217 277/347/281 276/346/280
f 213/282/217 214/283/218 278/348/282 277/347/281
f 214/283/218 215/284/219 279/349/283 278/348/282
f 215/284/219 216/285/220 280/350/284 279/349/283
f 216/285/220 217/286/221 281/351/285 280/350/284
f 217/286/221 218/287/222 282/352/286 281/351/285
f 218/287/222 219/288/223 283/353/287 282/352/286
f 219/288/223 220/289/224 284/354/288 283/353/287
f 220/289/224 221/290/225 285/355/289 284/354/288
f 221/290/225 222/291/226 286/356/290 285/355/289
f 222/291/226 223/292/227 287/357/291 286/356/290
f 223/292/227 224/293/228 288/358/292 287/357/291
f 224/293/228 225/294/229 289/359/293 288/358/292
f 225/294/229 226/295/230 290/360/294 289/359/293
f 226/295/230 227/296/231 291/361/295 290/360/294
f 227/296/231 228/297/232 292/362/296 291/361/295
f 228/297/232 229/298/233 293/363/297 292/362/296
f 229/298/233 230/299/234 294/364/298 293/363/297
f 230/299/234 231/300/235 295/365/299 294/364/298
f 231/300/235 232/301/236 296/366/300 295/365/299
f 232/301/236 233/302/237 297/367/301 296/366/300
f 233/302/237 234/303/238 298/368/302 297/367/301
f 234/303/238 235/304/239 299/369/303 298/368/302
f 235/304/239 236/305/240 300/370/304 299/369/303
f 236/305/240 237/306/241 301/371/305 300/370/304
f 237/306/241 238/307/242 302/372/306 301/371/305
f 238/307/242 239/308/243 303/373/307 302/372/306
f 239/308/243 240/309/244 304/374/308 303/373/307
f 240/309/244 241/310/245 305/375/309 304/374/308
f 241/310/245 242/311/246 306/376/310 305/375/309
f 242/311/246 243/312/247 307/377/311 306/376/310
f 243/312/247 244/313/248 308/378/312 307/377/311
f 244/313/248 245/314/249 309/379/313 308/378/312
f 245/314/249 246/315/250 310/380/314 309/379/313
f 246/315/250 247/316/251 311/381/315 310/380/314
f 247/316/251 248/317/252 312/382/316 311/381/315
f 248/317/252 249/318/253 313/383/317 312/382/316
f 249/318/253 250/319/254 314/384/318 313/383/317
f 250/319/254 251/320/255 315/385/319 314/384/318
f 251/320/255 252/321/256 316/386/320 315/385/319
f 252/321/256 253/322/257 317/387/321 316/386/320
f 253/322/257 254/323/258 318/388/322 317/387/321
f 254/323/258 255/324/259 319/389/323 318/388/322
f 255/324/259 256/325/260 320/390/324 319/389/323
f 256/325/260 257/326/261 321/391/325 320/390/324
f 257/326/261 194/327/199 258/392/263 321/391/325
f 258/329/263 259/328/262 323/393/326 322/394/327
f 259/328/262 260/330/264 324/395/328 323/393/326
f 260/330/264 261/331/265 325/396/329 324/395/328
f 261/331/265 262/332/266 326/397/330 325/396/329
f 262/332/266 263/333/267 327/398/331 326/397/330
f 263/333/267 264/334/268 328/399/332 327/398/331
f 264/334/268 265/335/269 329/400/333 328/399/332
f 265/335/269 266/336/270 330/401/334 329/400/333
f 266/336/270 267/337/271 331/402/335 330/401/334
f 267/337/271 268/338/272 332/403/336 331/402/335
f 268/338/272 269/339/273 333/404/337 332/403/336
f 269/339/273 270/340/274 334/405/338 333/404/337
f 270/340/274 271/341/275 335/406/339 334/405/338
f 271/341/275 272/342/276 336/407/340 335/406/339
f 272/342/276 273/343/277 337/408/341 336/407/340
f 273/343/277 274/344/278 338/409/342 337/408/341
f 274/344/278 275/345/279 339/410/343 338/409/342
f 275/345/279 276/346/280 340/411/344 339/410/343
f 276/346/280 277/347/281 341/412/345 340/411/344
f 277/347/281 278/348/282 342/413/346 341/412/345
f 278/348/282 279/349/283 343/414/347 342/413/346
f 279/349/283 280/350/284 344/415/348 343/414/347
f 280/350/284 281/351/285 345/416/349 344/415/348
f 281/351/285 282/352/286 346/417/350 345/416/349
f 282/352/286 283/353/287 347/418/351 346/417/350
f 283/353/287 284/354/288 348/419/352 347/418/351
f 284/354/288 285/355/289 349/420/353 348/419/352
f 285/355/289 286/356/290 350/421/354 349/420/353
f 286/356/290 287/357/291 351/422/355 350/421/354
f 287/357/291 288/358/292 352/423/356 351/422/355
f 288/358/292 289/359/293 353/424/357 352/423/356
f 289/359/293 290/360/294 354/425/358 353/424/357
f 290/360/294 291/361/295 355/426/359 354/425/358
f 291/361/295 292/362/296 356/427/360 355/426/359
f 292/362/296 293/363/297 357/428/361 356/427/360
f 293/363/297 294/364/298 358/429/362 357/428/361
f 294/364/298 295/365/299 359/430/363 358/429/362
f 295/365/299 296/366/300 360/431/364 359/430/363
f 296/366/300 297/367/301 361/432/365 360/431/364
f 297/367/301 298/368/302 362/433/366 361/432/365
f 298/368/302 299/369/303 363/434/367 362/433/366
f 299/369/303 300/370/304 364/435/368 363/434/367
f 300/370/304 301/371/305 365/436/369 364/435/368
f 301/371/305 302/372/306 366/437/370 365/436/369
f 302/372/306 303/373/307 367/438/371 366/437/370
f 303/373/307 304/374/308 368/439/372 367/438/371
f 304/374/308 305/375/309 369/440/373 368/439/372
f 305/375/309 306/376/310 370/441/374 369/440/373
f 306/376/310 307/377/311 371/442/375 370/441/374
f 307/377/311 308/378/312 372/443/376 371/442/375
f 308/378/312 309/379/313 373/444/377 372/443/376
f 309/379/313 310/380/314 374/445/378 373/444/377
f 310/380/314 311/381/315 375/446/379 374/445/378
f 311/381/315 312/382/316 376/447/380 375/446/379
f 312/382/316 313/383/317 377/448/381 376/447/380
f 313/383/317 314/384/318 378/449/382 377/448/381
f 314/384/318 315/385/319 379/450/383 378/449/382
f 315/385/319 316/386/320 380/451/384 379/450/383
f 316/386/320 317/387/321 381/452/385 380/451/384
f 317/387/321 318/388/322 382/453/386 381/452/385
f 318/388/322 319/389/323 383/454/387 382/453/386
f 319/389/323 320/390/324 384/455/388 383/454/387
f 320/390/324 321/391/325 385/456/389 384/455/388
f 321/391/325 258/392/263 322/457/327 385/456/389
f 322/394/327 323/393/326 387/458/390 386/459/391
f 323/393/326 324/395/328 388/460/392 387/458/390
f 324/395/328 325/396/329 389/461/393 388/460/392
f 325/396/329 326/397/330 390/462/394 389/461/393
f 326/397/330 327/398/331 391/463/395 390/462/394
f 327/398/331 328/399/332 392/464/396 391/463/395
f 328/399/332 329/400/333 393/465/397 392/464/396
f 329/400/333 330/401/334 394/466/398 393/465/397
f 330/401/334 331/402/335 395/467/399 394/466/398
f 331/402/335 332/403/336 396/468/400 395/467/399
f 332/403/336 333/404/337 397/469/401 396/468/400
f 333/404/337 334/405/338 398/470/402 397/469/401
f 334/405/338 335/406/339 399/471/403 398/470/402
f 335/406/339 336/407/340 400/472/404 399/471/403
f 336/407/340 337/408/341 401/473/405 400/472/404
f 337/408/341 338/409/342 402/474/406 401/473/405
f 338/409/342 339/410/343 403/475/407 402/474/406
f 339/410/343 340/411/344 404/476/408 403/475/407
f 340/411/344 341/412/345 405/477/409 404/476/408
f 341/412/345 342/413/346 406/478/410 405/477/409
f 342/413/346 343/414/347 407/479/411 406/478/410
f 343/414/347 344/415/348 408/480/412 407/479/411
f 344/415/348 345/416/349 409/481/413 408/480/412
f 345/416/349 346/417/350 410/482/414 409/481/413
f 346/417/350 347/418/351 411/483/415 410/482/414
f 347/418/351 348/419/352 412/484/416 411/483/415
f 348/419/352 349/420/353 413/485/417 412/484/416
f 349/420/353 350/421/354 414/486/418 413/485/417
f 350/421/354 351/422/355 415/487/419 414/486/418
f 351/422/355 352/423/356 416/488/420 415/487/419
f 352/423/356 353/424/357 417/489/421 416/488/420
f 353/424/357 354/425/358 418/490/422 417/489/421
f 354/425/358 355/426/359 419/491/423 418/490/422
f 355/426/359 356/427/360 420/492/424 419/491/423
f 356/427/360 357/428/361 421/493/425 420/492/424
f 357/428/361 358/429/362 422/494/426 421/493/425
f 358/429/362 359/430/363 423/495/427 422/494/426
f 359/430/363 360/431/364 424/496/428 423/495/427
f 360/431/364 361/432/365 425/497/429 424/496/428
f 361/432/365 362/433/366 426/498/430 425/497/429
f 362/433/366 363/434/367 427/499/431 426/498/430
f 363/434/367 364/435/368 428/500/432 427/499/431
f 364/435/368 365/436/369 429/501/433 428/500/432
f 365/436/369 366/437/370 430/502/434 429/501/433
f 366/437/370 367/438/371 431/503/435 430/502/434
f 367/438/371 368/439/372 432/504/436 431/503/435
f 368/439/372 369/440/373 433/505/437 432/504/436
f 369/440/373 370/441/374 434/506/438 433/505/437
f 370/441/374 371/442/375 435/507/439 434/506/438
f 371/442/375 372/443/376 436/508/440 435/507/439
f 372/443/376 373/444/377 437/509/441 436/508/440
f 373/444/377 374/445/378 438/510/442 437/509/441
f 374/445/378 375/446/379 439/511/443 438/510/442
f 375/446/379 376/447/380 440/512/444 439/511/443
f 376/447/380 377/448/381 441/513/445 440/512/444
f 377/448/381 378/449/382 442/514/446 441/513/445
f 378/449/382 379/450/383 443/515/447 442/514/446
f 379/450/383 380/451/384 444/516/448 443/515/447
f 380/451/384 381/452/385 445/517/449 444/516/448
f 381/452/385 382/453/386 446/518/450 445/517/449
f 382/453/386 383/454/387 447/519/451 446/518/450
f 383/454/387 384/455/388 448/520/452 447/519/451
f 384/455/388 385/456/389 449/521/453 448/520/452
f 385/456/389 322/457/327 386/522/391 449/521/453
f 386/459/454 387/458/455 451/523/456 450/524/457
f 387/458/455 388/460/458 452/525/459 451/523/456
f 388/460/458 389/461/460 453/526/461 452/525/459
f 389/461/460 390/462/462 454/527/463 453/526/461
f 390/462/462 391/463/464 455/528/465 454/527/463
f 391/463/464 392/464/466 456/529/467 455/528/465
f 392/464/466 393/465/468 457/530/469 456/529/467
f 393/465/468 394/466/470 458/531/471 457/530/469
f 394/466/470 395/467/472 459/532/473 458/531/471
f 395/467/472 396/468/474 460/533/475 459/532/473
f 396/468/474 397/469/476 461/534/477 460/533/475
f 397/469/476 398/470/478 462/535/479 461/534/477
f 398/470/478 399/471/480 463/536/481 462/535/479
f 399/471/480 400/472/482 464/537/483 463/536/481
f 400/472/482 401/473/484 465/538/485 464/537/483
f 401/473/484 402/474/486 466/539/487 465/538/485
f 402/474/486 403/475/488 467/540/489 466/539/487
f 403/475/488 404/476/490 468/541/491 467/540/489
f 404/476/490 405/477/492 469/542/493 468/541/491
f 405/477/492 406/478/494 470/543/495 469/542/493
f 406/478/494 407/479/496 471/544/497 470/543/495
f 407/479/496 408/480/498 472/545/499 471/544/497
f 408/480/498 409/481/500 473/546/501 472/545/499
f 409/481/500 410/482/502 474/547/503 473/546/501
f 410/482/502 411/483/504 475/548/505 474/547/503
f 411/483/504 412/484/506 476/549/507 475/548/505
f 412/484/506 413/485/508 477/550/509 476/549/507
f 413/485/508 414/486/510 478/551/511 477/550/509
f 414/486/510 415/487/512 479/552/513 478/551/511
f 415/487/512 416/488/514 480/553/515 479/552/513
f 416/488/514 417/489/516 481/554/517 480/553/515
f 417/489/516 418/490/518 482/555/519 481/554/517
f 418/490/518 419/491/520 483/556/521 482/555/519
f 419/491/520 420/492/522 484/557/523 483/556/521
f 420/492/522 421/493/524 485/558/525 484/557/523
f 421/493/524 422/494/526 486/559/527 485/558/525
f 422/494/526 423/495/528 487/560/529 486/559/527
f 423/495/528 424/496/530 488/561/531 487/560/529
f 424/496/530 425/497/532 489/562/533 488/561/531
f 425/497/532 426/498/534 490/563/535 489/562/533
f 426/498/534 427/499/536 491/564/537 490/563/535
f 427/499/536 428/500/538 492/565/539 491/564/537
f 428/500/538 429/501/540 493/566/541 492/565/539
f 429/501/540 430/502/542 494/567/543 493/566/541
f 430/502/542 431/503/544 495/568/545 494/567/543
f 431/503/544 432/504/546 496/569/547 495/568/545
f 432/504/546 433/505/548 497/570/549 496/569/547
f 433/505/548 434/506/550 498/571/551 497/570/549
f 434/506/550 435/507/552 499/572/553 498/571/551
f 435/507/552 436/508/554 500/573/555 499/572/553
f 436/508/554 437/509/556 501/574/557 500/573/555
f 437/509/556 438/510/558 502/575/559 501/574/557
f 438/510/558 439/511/560 503/576/561 502/575/559
f 439/511/560 440/512/562 504/577/563 503/576/561
f 440/512/562 441/513/564 505/578/565 504/577/563
f 441/513/564 442/514/566 506/579/567 505/578/565
f 442/514/566 443/515/568 507/580/569 506/579/567
f 443/515/568 444/516/570 508/581/571 507/580/569
f 444/516/570 445/517/572 509/582/573 508/581/571
f 445/517/572 446/518/574 510/583/575 509/582/573
f 446/518/574 447/519/576 511/584/577 510/583/575
f 447/519/576 448/520/578 512/585/579 511/584/577
f 448/520/578 449/521/580 513/586/581 512/585/579
f 449/521/580 386/522/454 450/587/457 513/586/581
f 450/524/457 451/523/456 515/588/582 514/589/583
f 451/523/456 452/525/459 516/590/584 515/588/582
f 452/525/459 453/526/461 517/591/585 516/590/584
f 453/526/461 454/527/463 518/592/586 517/591/585
f 454/527/463 455/528/465 519/593/587 518/592/586
f 455/528/465 456/529/467 520/594/588 519/593/587
f 456/529/467 457/530/469 521/595/589 520/594/588
f 457/530/469 458/531/471 522/596/590 521/595/589
f 458/531/471 459/532/473 523/597/591 522/596/590
f 459/532/473 460/533/475 524/598/592 523/597/591
f 460/533/475 461/534/477 525/599/593 524/598/592
f 461/534/477 462/535/479 526/600/594 525/599/593
f 462/535/479 463/536/481 527/601/595 526/600/594
f 463/536/481 464/537/483 528/602/596 527/601/595
f 464/537/483 465/538/485 529/603/597 528/602/596
f 465/538/485 466/539/487 530/604/598 529/603/597
f 466/539/487 467/540/489 531/605/599 530/604/598
f 467/540/489 468/541/491 532/606/600 531/605/599
f 468/541/491 469/542/493 533/607/601 532/606/600
f 469/542/493 470/543/495 534/608/602 533/607/601
f 470/543/495 471/544/497 535/609/603 534/608/602
f 471/544/497 472/545/499 536/610/604 535/609/603
f 472/545/499 473/546/501 537/611/605 536/610/604
f 473/546/501 474/547/503 538/612/606 537/611/605
f 474/547/503 475/548/505 539/613/607 538/612/606
f 475/548/505 476/549/507 540/614/608 539/613/607
f 476/549/507 477/550/509 541/615/609 540/614/608
f 477/550/509 478/551/511 542/616/610 541/615/609
f 478/551/511 479/552/513 543/617/611 542/616/610
f 479/552/513 480/553/515 544/618/612 543/617/611
f 480/553/515 481/554/517 545/619/613 544/618/612
f 481/554/517 482/555/519 546/620/614 545/619/613
f 482/555/519 483/556/521 547/621/615 546/620/614
f 483/556/521 484/557/523 548/622/616 547/621/615
f 484/557/523 485/558/525 549/623/617 548/622/616
f 485/558/525 486/559/527 550/624/618 549/623/617
f 486/559/527 487/560/529 551/625/619 550/624/618
f 487/560/529 488/561/531 552/626/620 551/625/619
f 488/561/531 489/562/533 553/627/621 552/626/620
f 489/562/533 490/563/535 554/628/622 553/627/621
f 490/563/535 491/564/537 555/629/623 554/628/622
f 491/564/537 492/565/539 556/630/624 555/629/623
f 492/565/539 493/566/541 557/631/625 556/630/624
f 493/566/541 494/567/543 558/632/626 557/631/625
f 494/567/543 495/568/545 559/633/627 558/632/626
f 495/568/545 496/569/547 560/634/628 559/633/627
f 496/569/547 497/570/549 561/635/629 560/634/628
f 497/570/549 498/571/551 562/636/630 561/635/629
f 498/571/551 499/572/553 563/637/631 562/636/630
f 499/572/553 500/573/555 564/638/632 563/637/631
f 500/573/555 501/574/557 565/639/633 564/638/632
f 501/574/557 502/575/559 566/640/634 565/639/633
f 502/575/559 503/576/561 567/641/635 566/640/634
f 503/576/561 504/577/563 568/642/636 567/641/635
f 504/577/563 505/578/565 569/643/637 568/642/636
f 505/578/565 506/579/567 570/644/638 569/643/637
f 506/579/567 507/580/569 571/645/639 570/644/638
f 507/580/569 508/581/571 572/646/640 571/645/639
f 508/581/571 509/582/573 573/647/641 572/646/640
f 509/582/573 510/583/575 574/648/642 573/647/641
f 510/583/575 511/584/577 575/649/643 574/648/642
f 511/584/577 512/585/579 576/650/644 575/649/643
f 512/585/579 513/586/581 577/651/645 576/650/644
f 513/586/581 450/587/457 514/652/583 577/651/645
f 514/589/583 515/588/582 579/653/646 578/654/647
f 515/588/582 516/590/584 580/655/648 579/653/646
f 516/590/584 517/591/585 581/656/649 580/655/648
f 517/591/585 518/592/586 582/657/650 581/656/649
f 518/592/586 519/593/587 583/658/651 582/657/650
f 519/593/587 520/594/588 584/659/652 583/658/651
f 520/594/588 521/595/589 585/660/653 584/659/652
f 521/595/589 522/596/590 586/661/654 585/660/653
f 522/596/590 523/597/591 587/662/655 586/661/654
f 523/597/591 524/598/592 588/663/656 587/662/655
f 524/598/592 525/599/593 589/664/657 588/663/656
f 525/599/593 526/600/594 590/665/658 589/664/657
f 526/600/594 527/601/595 591/666/659 590/665/658
f 527/601/595 528/602/596 592/667/660 591/666/659
f 528/602/596 529/603/597 593/668/661 592/667/660
f 529/603/597 530/604/598 594/669/662 593/668/661
f 530/604/598 531/605/599 595/670/663 594/669/662
f 531/605/599 532/606/600 596/671/664 595/670/663
f 532/606/600 533/607/601 597/672/665 596/671/664
f 533/607/601 534/608/602 598/673/666 597/672/665
f 534/608/602 535/609/603 599/674/667 598/673/666
f 535/609/603 536/610/604 600/675/668 599/674/667
f 536/610/604 537/611/605 601/676/669 600/675/668
f 537/611/605 538/612/606 602/677/670 601/676/669
f 538/612/606 539/613/607 603/678/671 602/677/670
f 539/613/607 540/614/608 604/679/672 603/678/671
f 540/614/608 541/615/609 605/680/673 604/679/672
f 541/615/609 542/616/610 606/681/674 605/680/673
f 542/616/610 543/617/611 607/682/675 606/681/674
f 543/617/611 544/618/612 608/683/676 607/682/675
f 544/618/612 545/619/613 609/684/677 608/683/676
f 545/619/613 546/620/614 610/685/678 609/684/677
f 546/620/614 547/621/615 611/686/679 610/685/678
f 547/621/615 548/622/616 612/687/680 611/686/679
f 548/622/616 549/623/617 613/688/681 612/687/680
f 549/623/617 550/624/618 614/689/682 613/688/681
f 550/624/618 551/625/619 615/690/683 614/689/682
f 551/625/619 552/626/620 616/691/684 615/690/683
f 552/626/620 553/627/621 617/692/685 616/691/684
f 553/627/621 554/628/622 618/693/686 617/692/685
f 554/628/622 555/629/623 619/694/687 618/693/686
f 555/629/623 556/630/624 620/695/688 619/694/687
f 556/630/624 557/631/625 621/696/689 620/695/688
f 557/631/625 558/632/626 622/697/690 621/696/689
f 558/632/626 559/633/627 623/698/691 622/697/690
f 559/633/627 560/634/628 624/699/692 623/698/691
f 560/634/628 561/635/629 625/700/693 624/699/692
f 561/635/629 562/636/630 626/701/694 625/700/693
f 562/636/630 563/637/631 627/702/695 626/701/694
f 563/637/631 564/638/632 628/703/696 627/702/695
f 564/638/632 565/639/633 629/704/697 628/703/696
f 565/639/633 566/640/634 630/705/698 629/704/697
f 566/640/634 567/641/635 631/706/699 630/705/698
f 567/641/635 568/642/636 632/707/700 631/706/699
f 568/642/636 569/643/637 633/708/701 632/707/700
f 569/643/637 570/644/638 634/709/702 633/708/701
f 570/644/638 571/645/639 635/710/703 634/709/702
f 571/645/639 572/646/640 636/711/704 635/710/703
f 572/646/640 573/647/641 637/712/705 636/711/704
f 573/647/641 574/648/642 638/713/706 637/712/705
f 574/648/642 575/649/643 639/714/707 638/713/706
f 575/649/643 576/650/644 640/715/708 639/714/707
f 576/650/644 577/651/645 641/716/709 640/715/708
f 577/651/645 514/652/583 578/717/647 641/716/709
f 578/654/647 579/653/646 643/718/710 642/719/711
f 579/653/646 580/655/648 644/720/712 643/718/710
f 580/655/648 581/656/649 645/721/713 644/720/712
f 581/656/649 582/657/650 646/722/714 645/721/713
f 582/657/650 583/658/651 647/723/715 646/722/714
f 583/658/651 584/659/652 648/724/716 647/723/715
f 584/659/652 585/660/653 649/725/717 648/724/716
f 585/660/653 586/661/654 650/726/718 649/725/717
f 586/661/654 587/662/655 651/727/719 650/726/718
f 587/662/655 588/663/656 652/728/720 651/727/719
f 588/663/656 589/664/657 653/729/721 652/728/720
f 589/664/657 590/665/658 654/730/722 653/729/721
f 590/665/658 591/666/659 655/731/723 654/730/722
f 591/666/659 592/667/660 656/732/724 655/731/723
f 592/667/660 593/668/661 657/733/725 656/732/724
f 593/668/661 594/669/662 658/734/726 657/733/725
f 594/669/662 595/670/663 659/735/727 658/734/726
f 595/670/663 596/671/664 660/736/728 659/735/727
f 596/671/664 597/672/665 661/737/729 660/736/728
f 597/672/665 598/673/666 662/738/730 661/737/729
f 598/673/666 599/674/667 663/739/731 662/738/730
f 599/674/667 600/675/668 664/740/732 663/739/731
f 600/675/668 601/676/669 665/741/733 664/740/732
f 601/676/669 602/677/670 666/742/734 665/741/733
f 602/677/670 603/678/671 667/743/735 666/742/734
f 603/678/671 604/679/672 668/744/736 667/743/735
f 604/679/672 605/680/673 669/745/737 668/744/736
f 605/680/673 606/681/674 670/746/738 669/745/737
f 606/681/674 607/682/675 671/747/739 670/746/738
f 607/682/675 608/683/676 672/748/740 671/747/739
f 608/683/676 609/684/677 673/749/741 672/748/740
f 609/684/677 610/685/678 674/750/742 673/749/741
f 610/685/678 611/686/679 675/751/743 674/750/742
f 611/686/679 612/687/680 676/752/744 675/751/743
f 612/687/680 613/688/681 677/753/745 676/752/744
f 613/688/681 614/689/682 678/754/746 677/753/745
f 614/689/682 615/690/683 679/755/747 678/754/746
f 615/690/683 616/691/684 680/756/748 679/755/747
f 616/691/684 617/692/685 681/757/749 680/756/748
f 617/692/685 618/693/686 682/758/750 681/757/749
f 618/693/686 619/694/687 683/759/751 682/758/750
f 619/694/687 620/695/688 684/760/752 683/759/751
f 620/695/688 621/696/689 685/761/753 684/760/752
f 621/696/689 622/697/690 686/762/754 685/761/753
f 622/697/690 623/698/691 687/763/755 686/762/754
f 623/698/691 624/699/692 688/764/756 687/763/755
f 624/699/692 625/700/693 689/765/757 688/764/756
f 625/700/693 626/701/694 690/766/758 689/765/757
f 626/701/694 627/702/695 691/767/759 690/766/758
f 627/702/695 628/703/696 692/768/760 691/767/759
f 628/703/696 629/704/697 693/769/761 692/768/760
f 629/704/697 630/705/698 694/770/762 693/769/761
f 630/705/698 631/706/699 695/771/763 694/770/762
f 631/706/699 632/707/700 696/772/764 695/771/763
f 632/707/700 633/708/701 697/773/765 696/772/764
f 633/708/701 634/709/702 698/774/766 697/773/765
f 634/709/702 635/710/703 699/775/767 698/774/766
f 635/710/703 636/711/704 700/776/768 699/775/767
f 636/711/704 637/712/705 701/777/769 700/776/768
f 637/712/705 638/713/706 702/778/770 701/777/769
f 638/713/706 639/714/707 703/779/771 702/778/770
f 639/714/707 640/715/708 704/780/772 703/779/771
f 640/715/708 641/716/709 705/781/773 704/780/772
f 641/716/709 578/717/647 642/782/711 705/781/773
f 642/719/711 643/718/710 707/783/774 706/784/775
f 643/718/710 644/720/712 708/785/776 707/783/774
f 644/720/712 645/721/713 709/786/777 708/785/776
f 645/721/713 646/722/714 710/787/778 709/786/777
f 646/722/714 647/723/715 711/788/779 710/787/778
f 647/723/715 648/724/716 712/789/780 711/788/779
f 648/724/716 649/725/717 713/790/781 712/789/780
f 649/725/717 650/726/718 714/791/782 713/790/781
f 650/726/718 651/727/719 715/792/783 714/791/782
f 651/727/719 652/728/720 716/793/784 715/792/783
f 652/728/720 653/729/721 717/794/785 716/793/784
f 653/729/721 654/730/722 718/795/786 717/794/785
f 654/730/722 655/731/723 719/796/787 718/795/786
f 655/731/723 656/732/724 720/797/788 719/796/787
f 656/732/724 657/733/725 721/798/789 720/797/788
f 657/733/725 658/734/726 722/799/790 721/798/789
f 658/734/726 659/735/727 723/800/791 722/799/790
f 659/735/727 660/736/728 724/801/792 723/800/791
f 660/736/728 661/737/729 725/802/793 724/801/792
f 661/737/729 662/738/730 726/803/794 725/802/793
f 662/738/730 663/739/731 727/804/795 726/803/794
f 663/739/731 664/740/732 728/805/796 727/804/795
f 664/740/732 665/741/733 729/806/797 728/805/796
f 665/741/733 666/742/734 730/807/798 729/806/797
f 666/742/734 667/743/735 731/808/799 730/807/798
f 667/743/735 668/744/736 732/809/800 731/808/799
f 668/744/736 669/745/737 733/810/801 732/809/800
f 669/745/737 670/746/738 734/811/802 733/810/801
f 670/746/738 671/747/739 735/812/803 734/811/802
f 671/747/739 672/748/740 736/813/804 735/812/803
f 672/748/740 673/749/741 737/814/805 736/813/804
f 673/749/741 674/750/742 738/815/806 737/814/805
f 674/750/742 675/751/743 739/816/807 738/815/806
f 675/751/743 676/752/744 740/817/808 739/816/807
f 676/752/744 677/753/745 741/818/809 740/817/808
f 677/753/745 678/754/746 742/819/810 741/818/809
f 678/754/746 679/755/747 743/820/811 742/819/810
f 679/755/747 680/756/748 744/821/812 743/820/811
f 680/756/748 681/757/749 745/822/813 744/821/812
f 681/757/749 682/758/750 746/823/814 745/822/813
f 682/758/750 683/759/751 747/824/815 746/823/814
f 683/759/751 684/760/752 748/825/816 747/824/815
f 684/760/752 685/761/753 749/826/817 748/825/816
f 685/761/753 686/762/754 750/827/818 749/826/817
f 686/762/754 687/763/755 751/828/819 750/827/818
f 687/763/755 688/764/756 752/829/820 751/828/819
f 688/764/756 689/765/757 753/830/821 752/829/820
f 689/765/757 690/766/758 754/831/822 753/830/821
f 690/766/758 691/767/759 755/832/823 754/831/822
f 691/767/759 692/768/760 756/833/824 755/832/823
f 692/768/760 693/769/761 757/834/825 756/833/824
f 693/769/761 694/770/762 758/835/826 757/834/825
f 694/770/762 695/771/763 759/836/827 758/835/826
f 695/771/763 696/772/764 760/837/828 759/836/827
f 696/772/764 697/773/765 761/838/829 760/837/828
f 697/773/765 698/774/766 762/839/830 761/838/829
f 698/774/766 699/775/767 763/840/831 762/839/830
f 699/775/767 700/776/768 764/841/832 763/840/831
f 700/776/768 701/777/769 765/842/833 764/841/832
f 701/777/769 702/778/770 766/843/834 765/842/833
f 702/778/770 703/779/771 767/844/835 766/843/834
f 703/779/771 704/780/772 768/845/836 767/844/835
f 704/780/772 705/781/773 769/846/837 768/845/836
f 705/781/773 642/782/711 706/847/775 769/846/837
f 706/784/775 707/783/774 771/848/838 770/849/839
f 707/783/774 708/785/776 772/850/840 771/848/838
f 708/785/776 709/786/777 773/851/841 772/850/840
f 709/786/777 710/787/778 774/852/842 773/851/841
f 710/787/778 711/788/779 775/853/843 774/852/842
f 711/788/779 712/789/780 776/854/844 775/853/843
f 712/789/780 713/790/781 777/855/845 776/854/844
f 713/790/781 714/791/782 778/856/846 777/855/845
f 714/791/782 715/792/783 779/857/847 778/856/846
f 715/792/783 716/793/784 780/858/848 779/857/847
f 716/793/784 717/794/785 781/859/849 780/858/848
f 717/794/785 718/795/786 782/860/850 781/859/849
f 718/795/786 719/796/787 783/861/851 782/860/850
f 719/796/787 720/797/788 784/862/852 783/861/851
f 720/797/788 721/798/789 785/863/853 784/862/852
f 721/798/789 722/799/790 786/864/854 785/863/853
f 722/799/790 723/800/791 787/865/855 786/864/854
f 723/800/791 724/801/792 788/866/856 787/865/855
f 724/801/792 725/802/793 789/867/857 788/866/856
f 725/802/793 726/803/794 790/868/858 789/867/857
f 726/803/794 727/804/795 791/869/859 790/868/858
f 727/804/795 728/805/796 792/870/860 791/869/859
f 728/805/796 729/806/797 793/871/861 792/870/860
f 729/806/797 730/807/798 794/872/862 793/871/861
f 730/807/798 731/808/799 795/873/863 794/872/862
f 731/808/799 732/809/800 796/874/864 795/873/863
f 732/809/800 733/810/801 797/875/865 796/874/864
f 733/810/801 734/811/802 798/876/866 797/875/865
f 734/811/802 735/812/803 799/877/867 798/876/866
f 735/812/803 736/813/804 800/878/868 799/877/867
f 736/813/804 737/814/805 801/879/869 800/878/868
f 737/814/805 738/815/806 802/880/870 801/879/869
f 738/815/806 739/816/807 803/881/871 802/880/870
f 739/816/807 740/817/808 804/882/872 803/881/871
f 740/817/808 741/818/809 805/883/873 804/882/872
f 741/818/809 742/819/810 806/884/874 805/883/873
f 742/819/810 743/820/811 807/885/875 806/884/874
f 743/820/811 744/821/812 808/886/876 807/885/875
f 744/821/812 745/822/813 809/887/877 808/886/876
f 745/822/813 746/823/814 810/888/878 809/887/877
f 746/823/814 747/824/815 811/889/879 810/888/878
f 747/824/815 748/825/816 812/890/880 811/889/879
f 748/825/816 749/826/817 813/891/881 812/890/880
f 749/826/817 750/827/818 814/892/882 813/891/881
f 750/827/818 751/828/819 815/893/883 814/892/882
f 751/828/819 752/829/820 816/894/884 815/893/883
f 752/829/820 753/830/821 817/895/885 816/894/884
f 753/830/821 754/831/822 818/896/886 817/895/885
f 754/831/822 755/832/823 819/897/887 818/896/886
f 755/832/823 756/833/824 820/898/888 819/897/887
f 756/833/824 757/834/825 821/899/889 820/898/888
f 757/834/825 758/835/826 822/900/890 821/899/889
f 758/835/826 759/836/827 823/901/891 822/900/890
f 759/836/827 760/837/828 824/902/892 823/901/891
f 760/837/828 761/838/829 825/903/893 824/902/892
f 761/838/829 762/839/830 826/904/894 825/903/893
f 762/839/830 763/840/831 827/905/895 826/904/894
f 763/840/831 764/841/832 828/906/896 827/905/895
f 764/841/832 765/842/833 829/907/897 828/906/896
f 765/842/833 766/843/834 830/908/898 829/907/897
f 766/843/834 767/844/835 831/909/899 830/908/898
f 767/844/835 768/845/836 832/910/900 831/909/899
f 768/845/836 769/846/837 833/911/901 832/910/900
f 769/846/837 706/847/775 770/912/839 833/911/901
f 770/849/902 771/848/903 835/913/904 834/914/905
f 771/848/903 772/850/906 836/915/907 835/913/904
f 772/850/906 773/851/908 837/916/909 836/915/907
f 773/851/908 774/852/910 838/917/911 837/916/909
f 774/852/910 775/853/912 839/918/913 838/917/911
f 775/853/912 776/854/914 840/919/915 839/918/913
f 776/854/914 777/855/916 841/920/917 840/919/915
f 777/855/916 778/856/918 842/921/919 841/920/917
f 778/856/918 779/857/920 843/922/921 842/921/919
f 779/857/920 780/858/922 844/923/923 843/922/921
f 780/858/922 781/859/924 845/924/925 844/923/923
f 781/859/924 782/860/926 846/925/927 845/924/925
f 782/860/926 783/861/928 847/926/929 846/925/927
f 783/861/928 784/862/930 848/927/931 847/926/929
f 784/862/930 785/863/932 849/928/933 848/927/931
f 785/863/932 786/864/934 850/929/935 849/928/933
f 786/864/934 787/865/936 851/930/937 850/929/935
f 787/865/936 788/866/938 852/931/939 851/930/937
f 788/866/938 789/867/940 853/932/941 852/931/939
f 789/867/940 790/868/942 854/933/943 853/932/941
f 790/868/942 791/869/944 855/934/945 854/933/943
f 791/869/944 792/870/946 856/935/947 855/934/945
f 792/870/946 793/871/948 857/936/949 856/935/947
f 793/871/948 794/872/950 858/937/951 857/936/949
f 794/872/950 795/873/952 859/938/953 858/937/951
f 795/873/952 796/874/954 860/939/955 859/938/953
f 796/874/954 797/875/956 861/940/957 860/939/955
f 797/875/956 798/876/958 862/941/959 861/940/957
f 798/876/958 799/877/960 863/942/961 862/941/959
f 799/877/960 800/878/962 864/943/963 863/942/961
f 800/878/962 801/879/964 865/944/965 864/943/963
f 801/879/964 802/880/966 866/945/967 865/944/965
f 802/880/966 803/881/968 867/946/969 866/945/967
f 803/881/968 804/882/970 868/947/971 867/946/969
f 804/882/970 805/883/972 869/948/973 868/947/971
f 805/883/972 806/884/974 870/949/975 869/948/973
f 806/884/974 807/885/976 871/950/977 870/949/975
f 807/885/976 808/886/978 872/951/979 871/950/977
f 808/886/978 809/887/980 873/952/981 872/951/979
f 809/887/980 810/888/982 874/953/983 873/952/981
f 810/888/982 811/889/984 875/954/985 874/953/983
f 811/889/984 812/890/986 876/955/987 875/954/985
f 812/890/986 813/891/988 877/956/989 876/955/987
f 813/891/988 814/892/990 878/957/991 877/956/989
f 814/892/990 815/893/992 879/958/993 878/957/991
f 815/893/992 816/894/994 880/959/995 879/958/993
f 816/894/994 817/895/996 881/960/997 880/959/995
f 817/895/996 818/896/998 882/961/999 881/960/997
f 818/896/998 819/897/1000 883/962/1001 882/961/999
f 819/897/1000 820/898/1002 884/963/1003 883/962/1001
f 820/898/1002 821/899/1004 885/964/1005 884/963/1003
f 821/899/1004 822/900/1006 886/965/1007 885/964/1005
f 822/900/1006 823/901/1008 887/966/1009 886/965/1007
f 823/901/1008 824/902/1010 888/967/1011 887/966/1009
f 824/902/1010 825/903/1012 889/968/1013 888/967/1011
f 825/903/1012 826/904/1014 890/969/1015 889/968/1013
f 826/904/1014 827/905/1016 891/970/1017 890/969/1015
f 827/905/1016 828/906/1018 892/971/1019 891/970/1017
f 828/906/1018 829/907/1020 893/972/1021 892/971/1019
f 829/907/1020 830/908/1022 894/973/1023 893/972/1021
f 830/908/1022 831/909/1024 895/974/1025 894/973/1023
f 831/909/1024 832/910/1026 896/975/1027 895/974/1025
f 832/910/1026 833/911/1028 897/976/1029 896/975/1027
f 833/911/1028 770/912/902 834/977/905 897/976/1029
f 834/914/905 835/913/904 899/978/1030 898/979/1031
f 835/913/904 836/915/907 900/980/1032 899/978/1030
f 836/915/907 837/916/909 901/981/1033 900/980/1032
f 837/916/909 838/917/911 902/982/1034 901/981/1033
f 838/917/911 839/918/913 903/983/1035 902/982/1034
f 839/918/913 840/919/915 904/984/1036 903/983/1035
f 840/919/915 841/920/917 905/985/1037 904/984/1036
f 841/920/917 842/921/919 906/986/1038 905/985/1037
f 842/921/919 843/922/921 907/987/1039 906/986/1038
f 843/922/921 844/923/923 908/988/1040 907/987/1039
f 844/923/923 845/924/925 909/989/1041 908/988/1040
f 845/924/925 846/925/927 910/990/1042 909/989/1041
f 846/925/927 847/926/929 911/991/1043 910/990/1042
f 847/926/929 848/927/931 912/992/1044 911/991/1043
f 848/927/931 849/928/933 913/993/1045 912/992/1044
f 849/928/933 850/929/935 914/994/1046 913/993/1045
f 850/929/935 851/930/937 915/995/1047 914/994/1046
f 851/930/937 852/931/939 916/996/1048 915/995/1047
f 852/931/939 853/932/941 917/997/1049 916/996/1048
f 853/932/941 854/933/943 918/998/1050 917/997/1049
f 854/933/943 855/934/945 919/999/1051 918/998/1050
f 855/934/945 856/935/947 920/1000/1052 919/999/1051
f 856/935/947 857/936/949 921/1001/1053 920/1000/1052
f 857/936/949 858/937/951 922/1002/1054 921/1001/1053
f 858/937/951 859/938/953 923/1003/1055 922/1002/1054
f 859/938/953 860/939/955 924/1004/1056 923/1003/1055
f 860/939/955 861/940/957 925/1005/1057 924/1004/1056
f 861/940/957 862/941/959 926/1006/1058 925/1005/1057
f 862/941/959 863/942/961 927/1007/1059 926/1006/1058
f 863/942/961 864/943/963 928/1008/1060 927/1007/1059
f 864/943/963 865/944/965 929/1009/1061 928/1008/1060
f 865/944/965 866/945/967 930/1010/1062 929/1009/1061
f 866/945/967 867/946/969 931/1011/1063 930/1010/1062
f 867/946/969 868/947/971 932/1012/1064 931/1011/1063
f 868/947/971 869/948/973 933/1013/1065 932/1012/1064
f 869/948/973 870/949/975 934/1014/1066 933/1013/1065
f 870/949/975 871/950/977 935/1015/1067 934/1014/1066
f 871/950/977 872/951/979 936/1016/1068 935/1015/1067
f 872/951/979 873/952/981 937/1017/1069 936/1016/1068
f 873/952/981 874/953/983 938/1018/1070 937/1017/1069
f 874/953/983 875/954/985 939/1019/1071 938/1018/1070
f 875/954/985 876/955/987 940/1020/1072 939/1019/1071
f 876/955/987 877/956/989 941/1021/1073 940/1020/1072
f 877/956/989 878/957/991 942/1022/1074 941/1021/1073
f 878/957/991 879/958/993 943/1023/1075 942/1022/1074
f 879/958/993 880/959/995 944/1024/1076 943/1023/1075
f 880/959/995 881/960/997 945/1025/1077 944/1024/1076
f 881/960/997 882/961/999 946/1026/1078 945/1025/1077
f 882/961/999 883/962/1001 947/1027/1079 946/1026/1078
f 883/962/1001 884/963/1003 948/1028/1080 947/1027/1079
f 884/963/1003 885/964/1005 949/1029/1081 948/1028/1080
f 885/964/1005 886/965/1007 950/1030/1082 949/1029/1081
f 886/965/1007 887/966/1009 951/1031/1083 950/1030/1082
f 887/966/1009 888/967/1011 952/1032/1084 951/1031/1083
f 888/967/1011 889/968/1013 953/1033/1085 952/1032/1084
f 889/968/1013 890/969/1015 954/1034/1086 953/1033/1085
f 890/969/1015 891/970/1017 955/1035/1087 954/1034/1086
f 891/970/1017 892/971/1019 956/1036/1088 955/1035/1087
f 892/971/1019 893/972/1021 957/1037/1089 956/1036/1088
f 893/972/1021 894/973/1023 958/1038/1090 957/1037/1089
f 894/973/1023 895/974/1025 959/1039/1091 958/1038/1090
f 895/974/1025 896/975/1027 960/1040/1092 959/1039/1091
f 896/975/1027 897/976/1029 961/1041/1093 960/1040/1092
f 897/976/1029 834/977/905 898/1042/1031 961/1041/1093
f 898/979/1031 899/978/1030 963/1043/1094 962/1044/1095
f 899/978/1030 900/980/1032 964/1045/1096 963/1043/1094
f 900/980/1032 901/981/1033 965/1046/1097 964/1045/1096
f 901/981/1033 902/982/1034 966/1047/1098 965/1046/1097
f 902/982/1034 903/983/1035 967/1048/1099 966/1047/1098
f 903/983/1035 904/984/1036 968/1049/1100 967/1048/1099
f 904/984/1036 905/985/1037 969/1050/1101 968/1049/1100
f 905/985/1037 906/986/1038 970/1051/1102 969/1050/1101
f 906/986/1038 907/987/1039 971/1052/1103 970/1051/1102
f 907/987/1039 908/988/1040 972/1053/1104 971/1052/1103
f 908/988/1040 909/989/1041 973/1054/1105 972/1053/1104
f 909/989/1041 910/990/1042 974/1055/1106 973/1054/1105
f 910/990/1042 911/991/1043 975/1056/1107 974/1055/1106
f 911/991/1043 912/992/1044 976/1057/1108 975/1056/1107
f 912/992/1044 913/993/1045 977/1058/1109 976/1057/1108
f 913/993/1045 914/994/1046 978/1059/1110 977/1058/1109
f 914/994/1046 915/995/1047 979/1060/1111 978/1059/1110
f 915/995/1047 916/996/1048 980/1061/1112 979/1060/1111
f 916/996/1048 917/997/1049 981/1062/1113 980/1061/1112
f 917/997/1049 918/998/1050 982/1063/1114 981/1062/1113
f 918/998/1050 919/999/1051 983/1064/1115 982/1063/1114
f 919/999/1051 920/1000/1052 984/1065/1116 983/1064/1115
f 920/1000/1052 921/1001/1053 985/1066/1117 984/1065/1116
f 921/1001/1053 922/1002/1054 986/1067/1118 985/1066/1117
f 922/1002/1054 923/1003/1055 987/1068/1119 986/1067/1118
f 923/1003/1055 924/1004/1056 988/1069/1120 987/1068/1119
f 924/1004/1056 925/1005/1057 989/1070/1121 988/1069/1120
f 925/1005/1057 926/1006/1058 990/1071/1122 989/1070/1121
f 926/1006/1058 927/1007/1059 991/1072/1123 990/1071/1122
f 927/1007/1059 928/1008/1060 992/1073/1124 991/1072/1123
f 928/1008/1060 929/1009/1061 993/1074/1125 992/1073/1124
f 929/1009/1061 930/1010/1062 994/1075/1126 993/1074/1125
f 930/1010/1062 931/1011/1063 995/1076/1127 994/1075/1126
f 931/1011/1063 932/1012/1064 996/1077/1128 995/1076/1127
f 932/1012/1064 933/1013/1065 997/1078/1129 996/1077/1128
f 933/1013/1065 934/1014/1066 998/1079/1130 997/1078/1129
f 934/1014/1066 935/1015/1067 999/1080/1131 998/1079/1130
f 935/1015/1067 936/1016/1068 1000/1081/1132 999/1080/1131
f 936/1016/1068 937/1017/1069 1001/1082/1133 1000/1081/1132
f 937/1017/1069 938/1018/1070 1002/1083/1134 1001/1082/1133
f 938/1018/1070 939/1019/1071 1003/1084/1135 1002/1083/1134
f 939/1019/1071 940/1020/1072 1004/1085/1136 1003/1084/1135
f 940/1020/1072 941/1021/1073 1005/1086/1137 1004/1085/1136
f 941/1021/1073 942/1022/1074 1006/1087/1138 1005/1086/1137
f 942/1022/1074 943/1023/1075 1007/1088/1139 1006/1087/1138
f 943/1023/1075 944/1024/1076 1008/1089/1140 1007/1088/1139
f 944/1024/1076 945/1025/1077 1009/1090/1141 1008/1089/1140
f 945/1025/1077 946/1026/1078 1010/1091/1142 1009/1090/1141
f 946/1026/1078 947/1027/1079 1011/1092/1143 1010/1091/1142
f 947/1027/1079 948/1028/1080 1012/1093/1144 1011/1092/1143
f 948/1028/1080 949/1029/1081 1013/1094/1145 1012/1093/1144
f 949/1029/1081 950/1030/1082 1014/1095/1146 1013/1094/1145
f 950/1030/1082 951/1031/1083 1015/1096/1147 1014/1095/1146
f 951/1031/1083 952/1032/1084 1016/1097/1148 1015/1096/1147
f 952/1032/1084 953/1033/1085 1017/1098/1149 1016/1097/1148
f 953/1033/1085 954/1034/1086 1018/1099/1150 1017/1098/1149
f 954/1034/1086 955/1035/1087 1019/1100/1151 1018/1099/1150
f 955/1035/1087 956/1036/1088 1020/1101/1152 1019/1100/1151
f 956/1036/1088 957/1037/1089 1021/1102/1153 1020/1101/1152
f 957/1037/1089 958/1038/1090 1022/1103/1154 1021/1102/1153
f 958/1038/1090 959/1039/1091 1023/1104/1155 1022/1103/1154
f 959/1039/1091 960/1040/1092 1024/1105/1156 1023/1104/1155
f 960/1040/1092 961/1041/1093 1025/1106/1157 1024/1105/1156
f 961/1041/1093 898/1042/1031 962/1107/1095 1025/1106/1157
f 962/1044/1095 963/1043/1094 1027/1108/1158 1026/1109/1159
f 963/1043/1094 964/1045/1096 1028/1110/1160 1027/1108/1158
f 964/1045/1096 965/1046/1097 1029/1111/1161 1028/1110/1160
f 965/1046/1097 966/1047/1098 1030/1112/1162 1029/1111/1161
f 966/1047/1098 967/1048/1099 1031/1113/1163 1030/1112/1162
f 967/1048/1099 968/1049/1100 1032/1114/1164 1031/1113/1163
f 968/1049/1100 969/1050/1101 1033/1115/1165 1032/1114/1164
f 969/1050/1101 970/1051/1102 1034/1116/1166 1033/1115/1165
f 970/1051/1102 971/1052/1103 1035/1117/1167 1034/1116/1166
f 971/1052/1103 972/1053/1104 1036/1118/1168 1035/1117/1167
f 972/1053/1104 973/1054/1105 1037/1119/1169 1036/1118/1168
f 973/1054/1105 974/1055/1106 1038/1120/1170 1037/1119/1169
f 974/1055/1106 975/1056/1107 1039/1121/1171 1038/1120/1170
f 975/1056/1107 976/1057/1108 1040/1122/1172 1039/1121/1171
f 976/1057/1108 977/1058/1109 1041/1123/1173 1040/1122/1172
f 977/1058/1109 978/1059/1110 1042/1124/1174 1041/1123/1173
f 978/1059/1110 979/1060/1111 1043/1125/1175 1042/1124/1174
f 979/1060/1111 980/1061/1112 1044/1126/1176 1043/1125/1175
f 980/1061/1112 981/1062/1113 1045/1127/1177 1044/1126/1176
f 981/1062/1113 982/1063/1114 1046/1128/1178 1045/1127/1177
f 982/1063/1114 983/1064/1115 1047/1129/1179 1046/1128/1178
f 983/1064/1115 984/1065/1116 1048/1130/1180 1047/1129/1179
f 984/1065/1116 985/1066/1117 1049/1131/1181 1048/1130/1180
f 985/1066/1117 986/1067/1118 1050/1132/1182 1049/1131/1181
f 986/1067/1118 987/1068/1119 1051/1133/1183 1050/1132/1182
f 987/1068/1119 988/1069/1120 1052/1134/1184 1051/1133/1183
f 988/1069/1120 989/1070/1121 1053/1135/1185 1052/1134/1184
f 989/1070/1121 990/1071/1122 1054/1136/1186 1053/1135/1185
f 990/1071/1122 991/1072/1123 1055/1137/1187 1054/1136/1186
f 991/1072/1123 992/1073/1124 1056/1138/1188 1055/1137/1187
f 992/1073/1124 993/1074/1125 1057/1139/1189 1056/1138/1188
f 993/1074/1125 994/1075/1126 1058/1140/1190 1057/1139/1189
f 994/1075/1126 995/1076/1127 1059/1141/1191 1058/1140/1190
f 995/1076/1127 996/1077/1128 1060/1142/1192 1059/1141/1191
f 996/1077/1128 997/1078/1129 1061/1143/1193 1060/1142/1192
f 997/1078/1129 998/1079/1130 1062/1144/1194 1061/1143/1193
f 998/1079/1130 999/1080/1131 1063/1145/1195 1062/1144/1194
f 999/1080/1131 1000/1081/1132 1064/1146/1196 1063/1145/1195
f 1000/1081/1132 1001/1082/1133 1065/1147/1197 1064/1146/1196
f 1001/1082/1133 1002/1083/1134 1066/1148/1198 1065/1147/1197
f 1002/1083/1134 1003/1084/1135 1067/1149/1199 1066/1148/1198
f 1003/1084/1135 1004/1085/1136 1068/1150/1200 1067/1149/1199
f 1004/1085/1136 1005/1086/1137 1069/1151/1201 1068/1150/1200
f 1005/1086/1137 1006/1087/1138 1070/1152/1202 1069/1151/1201
f 1006/1087/1138 1007/1088/1139 1071/1153/1203 1070/1152/1202
f 1007/1088/1139 1008/1089/1140 1072/1154/1204 1071/1153/1203
f 1008/1089/1140 1009/1090/1141 1073/1155/1205 1072/1154/1204
f 1009/1090/1141 1010/1091/1142 1074/1156/1206 1073/1155/1205
f 1010/1091/1142 1011/1092/1143 1075/1157/1207 1074/1156/1206
f 1011/1092/1143 1012/1093/1144 1076/1158/1208 1075/1157/1207
f 1012/1093/1144 1013/1094/1145 1077/1159/1209 1076/1158/1208
f 1013/1094/1145 1014/1095/1146 1078/1160/1210 1077/1159/1209
f 1014/1095/1146 1015/1096/1147 1079/1161/1211 1078/1160/1210
f 1015/1096/1147 1016/1097/1148 1080/1162/1212 1079/1161/1211
f 1016/1097/1148 1017/1098/1149 1081/1163/1213 1080/1162/1212
f 1017/1098/1149 1018/1099/1150 1082/1164/1214 1081/1163/1213
f 1018/1099/1150 1019/1100/1151 1083/1165/1215 1082/1164/1214
f 1019/1100/1151 1020/1101/1152 1084/1166/1216 1083/1165/1215
f 1020/1101/1152 1021/1102/1153 1085/1167/1217 1084/1166/1216
f 1021/1102/1153 1022/1103/1154 1086/1168/1218 1085/1167/1217
f 1022/1103/1154 1023/1104/1155 1087/1169/1219 1086/1168/1218
f 1023/1104/1155 1024/1105/1156 1088/1170/1220 1087/1169/1219
f 1024/1105/1156 1025/1106/1157 1089/1171/1221 1088/1170/1220
f 1025/1106/1157 962/1107/1095 1026/1172/1159 1089/1171/1221
f 1026/1109/1159 1027/1108/1158 1091/2/2 1090/1/1
f 1027/1108/1158 1028/1110/1160 1092/1173/1222 1091/2/2
f 1028/1110/1160 1029/1111/1161 1093/1174/1223 1092/1173/1222
f 1029/1111/1161 1030/1112/1162 1094/1175/1224 1093/1174/1223
f 1030/1112/1162 1031/1113/1163 1095/1176/1225 1094/1175/1224
f 1031/1113/1163 1032/1114/1164 1096/1177/1226 1095/1176/1225
f 1032/1114/1164 1033/1115/1165 1097/1178/1227 1096/1177/1226
f 1033/1115/1165 1034/1116/1166 1098/1179/1228 1097/1178/1227
f 1034/1116/1166 1035/1117/1167 1099/1180/1229 1098/1179/1228
f 1035/1117/1167 1036/1118/1168 1100/1181/1230 1099/1180/1229
f 1036/1118/1168 1037/1119/1169 1101/1182/1231 1100/1181/1230
f 1037/1119/1169 1038/1120/1170 1102/1183/1232 1101/1182/1231
f 1038/1120/1170 1039/1121/1171 1103/1184/1233 1102/1183/1232
f 1039/1121/1171 1040/1122/1172 1104/1185/1234 1103/1184/1233
f 1040/1122/1172 1041/1123/1173 1105/1186/1235 1104/1185/1234
f 1041/1123/1173 1042/1124/1174 1106/1187/1236 1105/1186/1235
f 1042/1124/1174 1043/1125/1175 1107/1188/1237 1106/1187/1236
f 1043/1125/1175 1044/1126/1176 1108/1189/1238 1107/1188/1237
f 1044/1126/1176 1045/1127/1177 1109/1190/1239 1108/1189/1238
f 1045/1127/1177 1046/1128/1178 1110/1191/1240 1109/1190/1239
f 1046/1128/1178 1047/1129/1179 1111/1192/1241 1110/1191/1240
f 1047/1129/1179 1048/1130/1180 1112/1193/1242 1111/1192/1241
f 1048/1130/1180 1049/1131/1181 1113/1194/1243 1112/1193/1242
f 1049/1131/1181 1050/1132/1182 1114/1195/1244 1113/1194/1243
f 1050/1132/1182 1051/1133/1183 1115/1196/1245 1114/1195/1244
f 1051/1133/1183 1052/1134/1184 1116/1197/1246 1115/1196/1245
f 1052/1134/1184 1053/1135/1185 1117/1198/1247 1116/1197/1246
f 1053/1135/1185 1054/1136/1186 1118/1199/1248 1117/1198/1247
f 1054/1136/1186 1055/1137/1187 1119/1200/1249 1118/1199/1248
f 1055/1137/1187 1056/1138/1188 1120/1201/1250 1119/1200/1249
f 1056/1138/1188 1057/1139/1189 1121/1202/1251 1120/1201/1250
f 1057/1139/1189 1058/1140/1190 1122/1203/1252 1121/1202/1251
f 1058/1140/1190 1059/1141/1191 1123/1204/1253 1122/1203/1252
f 1059/1141/1191 1060/1142/1192 1124/1205/1254 1123/1204/1253
f 1060/1142/1192 1061/1143/1193 1125/1206/1255 1124/1205/1254
f 1061/1143/1193 1062/1144/1194 1126/1207/1256 1125/1206/1255
f 1062/1144/1194 1063/1145/1195 1127/1208/1257 1126/1207/1256
f 1063/1145/1195 1064/1146/1196 1128/1209/1258 1127/1208/1257
f 1064/1146/1196 1065/1147/1197 1129/1210/1259 1128/1209/1258
f 1065/1147/1197 1066/1148/1198 1130/1211/1260 1129/1210/1259
f 1066/1148/1198 1067/1149/1199 1131/1212/1261 1130/1211/1260
f 1067/1149/1199 1068/1150/1200 1132/1213/1262 1131/1212/1261
f 1068/1150/1200 1069/1151/1201 1133/1214/1263 1132/1213/1262
f 1069/1151/1201 1070/1152/1202 1134/1215/1264 1133/1214/1263
f 1070/1152/1202 1071/1153/1203 1135/1216/1265 1134/1215/1264
f 1071/1153/1203 1072/1154/1204 1136/1217/1266 1135/1216/1265
f 1072/1154/1204 1073/1155/1205 1137/1218/1267 1136/1217/1266
f 1073/1155/1205 1074/1156/1206 1138/1219/1268 1137/1218/1267
f 1074/1156/1206 1075/1157/1207 1139/1220/1269 1138/1219/1268
f 1075/1157/1207 1076/1158/1208 1140/1221/1270 1139/1220/1269
f 1076/1158/1208 1077/1159/1209 1141/1222/1271 1140/1221/1270
f 1077/1159/1209 1078/1160/1210 1142/1223/1272 1141/1222/1271
f 1078/1160/1210 1079/1161/1211 1143/1224/1273 1142/1223/1272
f 1079/1161/1211 1080/1162/1212 1144/1225/1274 1143/1224/1273
f 1080/1162/1212 1081/1163/1213 1145/1226/1275 1144/1225/1274
f 1081/1163/1213 1082/1164/1214 1146/1227/1276 1145/1226/1275
f 1082/1164/1214 1083/1165/1215 1147/1228/1277 1146/1227/1276
f 1083/1165/1215 1084/1166/1216 1148/1229/1278 1147/1228/1277
f 1084/1166/1216 1085/1167/1217 1149/1230/1279 1148/1229/1278
f 1085/1167/1217 1086/1168/1218 1150/1231/1280 1149/1230/1279
f 1086/1168/1218 1087/1169/1219 1151/1232/1281 1150/1231/1280
f 1087/1169/1219 1088/1170/1220 1152/1233/1282 1151/1232/1281
f 1088/1170/1220 1089/1171/1221 1153/1234/1283 1152/1233/1282
f 1089/1171/1221 1026/1172/1159 1090/1235/1 1153/1234/1283
f 1/1236/5 3/7/5 2/132/5
f 1091/2/2 1092/1173/1222 1156/1237/1284 1155/3/3
f 1092/1173/1222 1093/1174/1223 1157/1238/1285 1156/1237/1284
f 1093/1174/1223 1094/1175/1224 1158/1239/1286 1157/1238/1285
f 1094/1175/1224 1095/1176/1225 1159/1240/1287 1158/1239/1286
f 1095/1176/1225 1096/1177/1226 1160/1241/1288 1159/1240/1287
f 1096/1177/1226 1097/1178/1227 1161/1242/1289 1160/1241/1288
f 1097/1178/1227 1098/1179/1228 1162/1243/1290 1161/1242/1289
f 1098/1179/1228 1099/1180/1229 1163/1244/1291 1162/1243/1290
f 1099/1180/1229 1100/1181/1230 1164/1245/1292 1163/1244/1291
f 1100/1181/1230 1101/1182/1231 1165/1246/1293 1164/1245/1292
f 1101/1182/1231 1102/1183/1232 1166/1247/1294 1165/1246/1293
f 1102/1183/1232 1103/1184/1233 1167/1248/1295 1166/1247/1294
f 1103/1184/1233 1104/1185/1234 1168/1249/1296 1167/1248/1295
f 1104/1185/1234 1105/1186/1235 1169/1250/1297 1168/1249/1296
f 1105/1186/1235 1106/1187/1236 1170/1251/1298 1169/1250/1297
f 1106/1187/1236 1107/1188/1237 1171/1252/1299 1170/1251/1298
f 1107/1188/1237 1108/1189/1238 1172/1253/1300 1171/1252/1299
f 1108/1189/1238 1109/1190/1239 1173/1254/1301 1172/1253/1300
f 1109/1190/1239 1110/1191/1240 1174/1255/1302 1173/1254/1301
f 1110/1191/1240 1111/1192/1241 1175/1256/1303 1174/1255/1302
f 1111/1192/1241 1112/1193/1242 1176/1257/1304 1175/1256/1303
f 1112/1193/1242 1113/1194/1243 1177/1258/1305 1176/1257/1304
f 1113/1194/1243 1114/1195/1244 1178/1259/1306 1177/1258/1305
f 1114/1195/1244 1115/1196/1245 1179/1260/1307 1178/1259/1306
f 1115/1196/1245 1116/1197/1246 1180/1261/1308 1179/1260/1307
f 1116/1197/1246 1117/1198/1247 1181/1262/1309 1180/1261/1308
f 1117/1198/1247 1118/1199/1248 1182/1263/1310 1181/1262/1309
f 1118/1199/1248 1119/1200/1249 1183/1264/1311 1182/1263/1310
f 1119/1200/1249 1120/1201/1250 1184/1265/1312 1183/1264/1311
f 1120/1201/1250 1121/1202/1251 1185/1266/1313 1184/1265/1312
f 1121/1202/1251 1122/1203/1252 1186/1267/1314 1185/1266/1313
f 1122/1203/1252 1123/1204/1253 1187/1268/1315 1186/1267/1314
f 1123/1204/1253 1124/1205/1254 1188/1269/1316 1187/1268/1315
f 1124/1205/1254 1125/1206/1255 1189/1270/1317 1188/1269/1316
f 1125/1206/1255 1126/1207/1256 1190/1271/1318 1189/1270/1317
f 1126/1207/1256 1127/1208/1257 1191/1272/1319 1190/1271/1318
f 1127/1208/1257 1128/1209/1258 1192/1273/1320 1191/1272/1319
f 1128/1209/1258 1129/1210/1259 1193/1274/1321 1192/1273/1320
f 1129/1210/1259 1130/1211/1260 1194/1275/1322 1193/1274/1321
f 1130/1211/1260 1131/1212/1261 1195/1276/1323 1194/1275/1322
f 1131/1212/1261 1132/1213/1262 1196/1277/1324 1195/1276/1323
f 1132/1213/1262 1133/1214/1263 1197/1278/1325 1196/1277/1324
f 1133/1214/1263 1134/1215/1264 1198/1279/1326 1197/1278/1325
f 1134/1215/1264 1135/1216/1265 1199/1280/1327 1198/1279/1326
f 1135/1216/1265 1136/1217/1266 1200/1281/1328 1199/1280/1327
f 1136/1217/1266 1137/1218/1267 1201/1282/1329 1200/1281/1328
f 1137/1218/1267 1138/1219/1268 1202/1283/1330 1201/1282/1329
f 1138/1219/1268 1139/1220/1269 1203/1284/1331 1202/1283/1330
f 1139/1220/1269 1140/1221/1270 1204/1285/1332 1203/1284/1331
f 1140/1221/1270 1141/1222/1271 1205/1286/1333 1204/1285/1332
f 1141/1222/1271 1142/1223/1272 1206/1287/1334 1205/1286/1333
f 1142/1223/1272 1143/1224/1273 1207/1288/1335 1206/1287/1334
f 1143/1224/1273 1144/1225/1274 1208/1289/1336 1207/1288/1335
f 1144/1225/1274 1145/1226/1275 1209/1290/1337 1208/1289/1336
f 1145/1226/1275 1146/1227/1276 1210/1291/1338 1209/1290/1337
f 1146/1227/1276 1147/1228/1277 1211/1292/1339 1210/1291/1338
f 1147/1228/1277 1148/1229/1278 1212/1293/1340 1211/1292/1339
f 1148/1229/1278 1149/1230/1279 1213/1294/1341 1212/1293/1340
f 1149/1230/1279 1150/1231/1280 1214/1295/1342 1213/1294/1341
f 1150/1231/1280 1151/1232/1281 1215/1296/1343 1214/1295/1342
f 1151/1232/1281 1152/1233/1282 1216/1297/1344 1215/1296/1343
f 1152/1233/1282 1153/1234/1283 1217/1298/1345 1216/1297/1344
f 1153/1234/1283 1090/1235/1 1154/1299/4 1217/1298/1345
f 1154/4/4 1155/3/3 1219/1300/1346 1218/1301/1347
f 1155/3/3 1156/1237/1284 1220/1302/1348 1219/1300/1346
f 1156/1237/1284 1157/1238/1285 1221/1303/1349 1220/1302/1348
f 1157/1238/1285 1158/1239/1286 1222/1304/1350 1221/1303/1349
f 1158/1239/1286 1159/1240/1287 1223/1305/1351 1222/1304/1350
f 1159/1240/1287 1160/1241/1288 1224/1306/1352 1223/1305/1351
f 1160/1241/1288 1161/1242/1289 1225/1307/1353 1224/1306/1352
f 1161/1242/1289 1162/1243/1290 1226/1308/1354 1225/1307/1353
f 1162/1243/1290 1163/1244/1291 1227/1309/1355 1226/1308/1354
f 1163/1244/1291 1164/1245/1292 1228/1310/1356 1227/1309/1355
f 1164/1245/1292 1165/1246/1293 1229/1311/1357 1228/1310/1356
f 1165/1246/1293 1166/1247/1294 1230/1312/1358 1229/1311/1357
f 1166/1247/1294 1167/1248/1295 1231/1313/1359 1230/1312/1358
f 1167/1248/1295 1168/1249/1296 1232/1314/1360 1231/1313/1359
f 1168/1249/1296 1169/1250/1297 1233/1315/1361 1232/1314/1360
f 1169/1250/1297 1170/1251/1298 1234/1316/1362 1233/1315/1361
f 1170/1251/1298 1171/1252/1299 1235/1317/1363 1234/1316/1362
f 1171/1252/1299 1172/1253/1300 1236/1318/1364 1235/1317/1363
f 1172/1253/1300 1173/1254/1301 1237/1319/1365 1236/1318/1364
f 1173/1254/1301 1174/1255/1302 1238/1320/1366 1237/1319/1365
f 1174/1255/1302 1175/1256/1303 1239/1321/1367 1238/1320/1366
f 1175/1256/1303 1176/1257/1304 1240/1322/1368 1239/1321/1367
f 1176/1257/1304 1177/1258/1305 1241/1323/1369 1240/1322/1368
f 1177/1258/1305 1178/1259/1306 1242/1324/1370 1241/1323/1369
f 1178/1259/1306 1179/1260/1307 1243/1325/1371 1242/1324/1370
f 1179/1260/1307 1180/1261/1308 1244/1326/1372 1243/1325/1371
f 1180/1261/1308 1181/1262/1309 1245/1327/1373 1244/1326/1372
f 1181/1262/1309 1182/1263/1310 1246/1328/1374 1245/1327/1373
f 1182/1263/1310 1183/1264/1311 1247/1329/1375 1246/1328/1374
f 1183/1264/1311 1184/1265/1312 1248/1330/1376 1247/1329/1375
f 1184/1265/1312 1185/1266/1313 1249/1331/1377 1248/1330/1376
f 1185/1266/1313 1186/1267/1314 1250/1332/1378 1249/1331/1377
f 1186/1267/1314 1187/1268/1315 1251/1333/1379 1250/1332/1378
f 1187/1268/1315 1188/1269/1316 1252/1334/1380 1251/1333/1379
f 1188/1269/1316 1189/1270/1317 1253/1335/1381 1252/1334/1380
f 1189/1270/1317 1190/1271/1318 1254/1336/1382 1253/1335/1381
f 1190/1271/1318 1191/1272/1319 1255/1337/1383 1254/1336/1382
f 1191/1272/1319 1192/1273/1320 1256/1338/1384 1255/1337/1383
f 1192/1273/1320 1193/1274/1321 1257/1339/1385 1256/1338/1384
f 1193/1274/1321 1194/1275/1322 1258/1340/1386 1257/1339/1385
f 1194/1275/1322 1195/1276/1323 1259/1341/1387 1258/1340/1386
f 1195/1276/1323 1196/1277/1324 1260/1342/1388 1259/1341/1387
f 1196/1277/1324 1197/1278/1325 1261/1343/1389 1260/1342/1388
f 1197/1278/1325 1198/1279/1326 1262/1344/1390 1261/1343/1389
f 1198/1279/1326 1199/1280/1327 1263/1345/1391 1262/1344/1390
f 1199/1280/1327 1200/1281/1328 1264/1346/1392 1263/1345/1391
f 1200/1281/1328 1201/1282/1329 1265/1347/1393 1264/1346/1392
f 1201/1282/1329 1202/1283/1330 1266/1348/1394 1265/1347/1393
f 1202/1283/1330 1203/1284/1331 1267/1349/1395 1266/1348/1394
f 1203/1284/1331 1204/1285/1332 1268/1350/1396 1267/1349/1395
f 1204/1285/1332 1205/1286/1333 1269/1351/1397 1268/1350/1396
f 1205/1286/1333 1206/1287/1334 1270/1352/1398 1269/1351/1397
f 1206/1287/1334 1207/1288/1335 1271/1353/1399 1270/1352/1398
f 1207/1288/1335 1208/1289/1336 1272/1354/1400 1271/1353/1399
f 1208/1289/1336 1209/1290/1337 1273/1355/1401 1272/1354/1400
f 1209/1290/1337 1210/1291/1338 1274/1356/1402 1273/1355/1401
f 1210/1291/1338 1211/1292/1339 1275/1357/1403 1274/1356/1402
f 1211/1292/1339 1212/1293/1340 1276/1358/1404 1275/1357/1403
f 1212/1293/1340 1213/1294/1341 1277/1359/1405 1276/1358/1404
f 1213/1294/1341 1214/1295/1342 1278/1360/1406 1277/1359/1405
f 1214/1295/1342 1215/1296/1343 1279/1361/1407 1278/1360/1406
f 1215/1296/1343 1216/1297/1344 1280/1362/1408 1279/1361/1407
f 1216/1297/1344 1217/1298/1345 1281/1363/1409 1280/1362/1408
f 1217/1298/1345 1154/1299/4 1218/1364/1347 1281/1363/1409
f 1218/1301/1347 1219/1300/1346 1283/1365/1410 1282/1366/1411
f 1219/1300/1346 1220/1302/1348 1284/1367/1412 1283/1365/1410
f 1220/1302/1348 1221/1303/1349 1285/1368/1413 1284/1367/1412
f 1221/1303/1349 1222/1304/1350 1286/1369/1414 1285/1368/1413
f 1222/1304/1350 1223/1305/1351 1287/1370/1415 1286/1369/1414
f 1223/1305/1351 1224/1306/1352 1288/1371/1416 1287/1370/1415
f 1224/1306/1352 1225/1307/1353 1289/1372/1417 1288/1371/1416
f 1225/1307/1353 1226/1308/1354 1290/1373/1418 1289/1372/1417
f 1226/1308/1354 1227/1309/1355 1291/1374/1419 1290/1373/1418
f 1227/1309/1355 1228/1310/1356 1292/1375/1420 1291/1374/1419
f 1228/1310/1356 1229/1311/1357 1293/1376/1421 1292/1375/1420
f 1229/1311/1357 1230/1312/1358 1294/1377/1422 1293/1376/1421
f 1230/1312/1358 1231/1313/1359 1295/1378/1423 1294/1377/1422
f 1231/1313/1359 1232/1314/1360 1296/1379/1424 1295/1378/1423
f 1232/1314/1360 1233/1315/1361 1297/1380/1425 1296/1379/1424
f 1233/1315/1361 1234/1316/1362 1298/1381/1426 1297/1380/1425
f 1234/1316/1362 1235/1317/1363 1299/1382/1427 1298/1381/1426
f 1235/1317/1363 1236/1318/1364 1300/1383/1428 1299/1382/1427
f 1236/1318/1364 1237/1319/1365 1301/1384/1429 1300/1383/1428
f 1237/1319/1365 1238/1320/1366 1302/1385/1430 1301/1384/1429
f 1238/1320/1366 1239/1321/1367 1303/1386/1431 1302/1385/1430
f 1239/1321/1367 1240/1322/1368 1304/1387/1432 1303/1386/1431
f 1240/1322/1368 1241/1323/1369 1305/1388/1433 1304/1387/1432
f 1241/1323/1369 1242/1324/1370 1306/1389/1434 1305/1388/1433
f 1242/1324/1370 1243/1325/1371 1307/1390/1435 1306/1389/1434
f 1243/1325/1371 1244/1326/1372 1308/1391/1436 1307/1390/1435
f 1244/1326/1372 1245/1327/1373 1309/1392/1437 1308/1391/1436
f 1245/1327/1373 1246/1328/1374 1310/1393/1438 1309/1392/1437
f 1246/1328/1374 1247/1329/1375 1311/1394/1439 1310/1393/1438
f 1247/1329/1375 1248/1330/1376 1312/1395/1440 1311/1394/1439
f 1248/1330/1376 1249/1331/1377 1313/1396/1441 1312/1395/1440
f 1249/1331/1377 1250/1332/1378 1314/1397/1442 1313/1396/1441
f 1250/1332/1378 1251/1333/1379 1315/1398/1443 1314/1397/1442
f 1251/1333/1379 1252/1334/1380 1316/1399/1444 1315/1398/1443
f 1252/1334/1380 1253/1335/1381 1317/1400/1445 1316/1399/1444
f 1253/1335/1381 1254/1336/1382 1318/1401/1446 1317/1400/1445
f 1254/1336/1382 1255/1337/1383 1319/1402/1447 1318/1401/1446
f 1255/1337/1383 1256/1338/1384 1320/1403/1448 1319/1402/1447
f 1256/1338/1384 1257/1339/1385 1321/1404/1449 1320/1403/1448
f 1257/1339/1385 1258/1340/1386 1322/1405/1450 1321/1404/1449
f 1258/1340/1386 1259/1341/1387 1323/1406/1451 1322/1405/1450
f 1259/1341/1387 1260/1342/1388 1324/1407/1452 1323/1406/1451
f 1260/1342/1388 1261/1343/1389 1325/1408/1453 1324/1407/1452
f 1261/1343/1389 1262/1344/1390 1326/1409/1454 1325/1408/1453
f 1262/1344/1390 1263/1345/1391 1327/1410/1455 1326/1409/1454
f 1263/1345/1391 1264/1346/1392 1328/1411/1456 1327/1410/1455
f 1264/1346/1392 1265/1347/1393 1329/1412/1457 1328/1411/1456
f 1265/1347/1393 1266/1348/1394 1330/1413/1458 1329/1412/1457
f 1266/1348/1394 1267/1349/1395 1331/1414/1459 1330/1413/1458
f 1267/1349/1395 1268/1350/1396 1332/1415/1460 1331/1414/1459
f 1268/1350/1396 1269/1351/1397 1333/1416/1461 1332/1415/1460
f 1269/1351/1397 1270/1352/1398 1334/1417/1462 1333/1416/1461
f 1270/1352/1398 1271/1353/1399 1335/1418/1463 1334/1417/1462
f 1271/1353/1399 1272/1354/1400 1336/1419/1464 1335/1418/1463
f 1272/1354/1400 1273/1355/1401 1337/1420/1465 1336/1419/1464
f 1273/1355/1401 1274/1356/1402 1338/1421/1466 1337/1420/1465
f 1274/1356/1402 1275/1357/1403 1339/1422/1467 1338/1421/1466
f 1275/1357/1403 1276/1358/1404 1340/1423/1468 1339/1422/1467
f 1276/1358/1404 1277/1359/1405 1341/1424/1469 1340/1423/1468
f 1277/1359/1405 1278/1360/1406 1342/1425/1470 1341/1424/1469
f 1278/1360/1406 1279/1361/1407 1343/1426/1471 1342/1425/1470
f 1279/1361/1407 1280/1362/1408 1344/1427/1472 1343/1426/1471
f 1280/1362/1408 1281/1363/1409 1345/1428/1473 1344/1427/1472
f 1281/1363/1409 1218/1364/1347 1282/1429/1411 1345/1428/1473
f 1282/1366/1411 1283/1365/1410 1347/1430/1474 1346/1431/1475
f 1283/1365/1410 1284/1367/1412 1348/1432/1476 1347/1430/1474
f 1284/1367/1412 1285/1368/1413 1349/1433/1477 1348/1432/1476
f 1285/1368/1413 1286/1369/1414 1350/1434/1478 1349/1433/1477
f 1286/1369/1414 1287/1370/1415 1351/1435/1479 1350/1434/1478
f 1287/1370/1415 1288/1371/1416 1352/1436/1480 1351/1435/1479
f 1288/1371/1416 1289/1372/1417 1353/1437/1481 1352/1436/1480
f 1289/1372/1417 1290/1373/1418 1354/1438/1482 1353/1437/1481
f 1290/1373/1418 1291/1374/1419 1355/1439/1483 1354/1438/1482
f 1291/1374/1419 1292/1375/1420 1356/1440/1484 1355/1439/1483
f 1292/1375/1420 1293/1376/1421 1357/1441/1485 1356/1440/1484
f 1293/1376/1421 1294/1377/1422 1358/1442/1486 1357/1441/1485
f 1294/1377/1422 1295/1378/1423 1359/1443/1487 1358/1442/1486
f 1295/1378/1423 1296/1379/1424 1360/1444/1488 1359/1443/1487
f 1296/1379/1424 1297/1380/1425 1361/1445/1489 1360/1444/1488
f 1297/1380/1425 1298/1381/1426 1362/1446/1490 1361/1445/1489
f 1298/1381/1426 1299/1382/1427 1363/1447/1491 1362/1446/1490
f 1299/1382/1427 1300/1383/1428 1364/1448/1492 1363/1447/1491
f 1300/1383/1428 1301/1384/1429 1365/1449/1493 1364/1448/1492
f 1301/1384/1429 1302/1385/1430 1366/1450/1494 1365/1449/1493
f 1302/1385/1430 1303/1386/1431 1367/1451/1495 1366/1450/1494
f 1303/1386/1431 1304/1387/1432 1368/1452/1496 1367/1451/1495
f 1304/1387/1432 1305/1388/1433 1369/1453/1497 1368/1452/1496
f 1305/1388/1433 1306/1389/1434 1370/1454/1498 1369/1453/1497
f 1306/1389/1434 1307/1390/1435 1371/1455/1499 1370/1454/1498
f 1307/1390/1435 1308/1391/1436 1372/1456/1500 1371/1455/1499
f 1308/1391/1436 1309/1392/1437 1373/1457/1501 1372/1456/1500
f 1309/1392/1437 1310/1393/1438 1374/1458/1502 1373/1457/1501
f 1310/1393/1438 1311/1394/1439 1375/1459/1503 1374/1458/1502
f 1311/1394/1439 1312/1395/1440 1376/1460/1504 1375/1459/1503
f 1312/1395/1440 1313/1396/1441 1377/1461/1505 1376/1460/1504
f 1313/1396/1441 1314/1397/1442 1378/1462/1506 1377/1461/1505
f 1314/1397/1442 1315/1398/1443 1379/1463/1507 1378/1462/1506
f 1315/1398/1443 1316/1399/1444 1380/1464/1508 1379/1463/1507
f 1316/1399/1444 1317/1400/1445 1381/1465/1509 1380/1464/1508
f 1317/1400/1445 1318/1401/1446 1382/1466/1510 1381/1465/1509
f 1318/1401/1446 1319/1402/1447 1383/1467/1511 1382/1466/1510
f 1319/1402/1447 1320/1403/1448 1384/1468/1512 1383/1467/1511
f 1320/1403/1448 1321/1404/1449 1385/1469/1513 1384/1468/1512
f 1321/1404/1449 1322/1405/1450 1386/1470/1514 1385/1469/1513
f 1322/1405/1450 1323/1406/1451 1387/1471/1515 1386/1470/1514
f 1323/1406/1451 1324/1407/1452 1388/1472/1516 1387/1471/1515
f 1324/1407/1452 1325/1408/1453 1389/1473/1517 1388/1472/1516
f 1325/1408/1453 1326/1409/1454 1390/1474/1518 1389/1473/1517
f 1326/1409/1454 1327/1410/1455 1391/1475/1519 1390/1474/1518
f 1327/1410/1455 1328/1411/1456 1392/1476/1520 1391/1475/1519
f 1328/1411/1456 1329/1412/1457 1393/1477/1521 1392/1476/1520
f 1329/1412/1457 1330/1413/1458 1394/1478/1522 1393/1477/1521
f 1330/1413/1458 1331/1414/1459 1395/1479/1523 1394/1478/1522
f 1331/1414/1459 1332/1415/1460 1396/1480/1524 1395/1479/1523
f 1332/1415/1460 1333/1416/1461 1397/1481/1525 1396/1480/1524
f 1333/1416/1461 1334/1417/1462 1398/1482/1526 1397/1481/1525
f 1334/1417/1462 1335/1418/1463 1399/1483/1527 1398/1482/1526
f 1335/1418/1463 1336/1419/1464 1400/1484/1528 1399/1483/1527
f 1336/1419/1464 1337/1420/1465 1401/1485/1529 1400/1484/1528
f 1337/1420/1465 1338/1421/1466 1402/1486/1530 1401/1485/1529
f 1338/1421/1466 1339/1422/1467 1403/1487/1531 1402/1486/1530
f 1339/1422/1467 1340/1423/1468 1404/1488/1532 1403/1487/1531
f 1340/1423/1468 1341/1424/1469 1405/1489/1533 1404/1488/1532
f 1341/1424/1469 1342/1425/1470 1406/1490/1534 1405/1489/1533
f 1342/1425/1470 1343/1426/1471 1407/1491/1535 1406/1490/1534
f 1343/1426/1471 1344/1427/1472 1408/1492/1536 1407/1491/1535
f 1344/1427/1472 1345/1428/1473 1409/1493/1537 1408/1492/1536
f 1345/1428/1473 1282/1429/1411 1346/1494/1475 1409/1493/1537
f 1346/1431/1475 1347/1430/1474 1411/1495/1538 1410/1496/1539
f 1347/1430/1474 1348/1432/1476 1412/1497/1540 1411/1495/1538
f 1348/1432/1476 1349/1433/1477 1413/1498/1541 1412/1497/1540
f 1349/1433/1477 1350/1434/1478 1414/1499/1542 1413/1498/1541
f 1350/1434/1478 1351/1435/1479 1415/1500/1543 1414/1499/1542
f 1351/1435/1479 1352/1436/1480 1416/1501/1544 1415/1500/1543
f 1352/1436/1480 1353/1437/1481 1417/1502/1545 1416/1501/1544
f 1353/1437/1481 1354/1438/1482 1418/1503/1546 1417/1502/1545
f 1354/1438/1482 1355/1439/1483 1419/1504/1547 1418/1503/1546
f 1355/1439/1483 1356/1440/1484 1420/1505/1548 1419/1504/1547
f 1356/1440/1484 1357/1441/1485 1421/1506/1549 1420/1505/1548
f 1357/1441/1485 1358/1442/1486 1422/1507/1550 1421/1506/1549
f 1358/1442/1486 1359/1443/1487 1423/1508/1551 1422/1507/1550
f 1359/1443/1487 1360/1444/1488 1424/1509/1552 1423/1508/1551
f 1360/1444/1488 1361/1445/1489 1425/1510/1553 1424/1509/1552
f 1361/1445/1489 1362/1446/1490 1426/1511/1554 1425/1510/1553
f 1362/1446/1490 1363/1447/1491 1427/1512/1555 1426/1511/1554
f 1363/1447/1491 1364/1448/1492 1428/1513/1556 1427/1512/1555
f 1364/1448/1492 1365/1449/1493 1429/1514/1557 1428/1513/1556
f 1365/1449/1493 1366/1450/1494 1430/1515/1558 1429/1514/1557
f 1366/1450/1494 1367/1451/1495 1431/1516/1559 1430/1515/1558
f 1367/1451/1495 1368/1452/1496 1432/1517/1560 1431/1516/1559
f 1368/1452/1496 1369/1453/1497 1433/1518/1561 1432/1517/1560
f 1369/1453/1497 1370/1454/1498 1434/1519/1562 1433/1518/1561
f 1370/1454/1498 1371/1455/1499 1435/1520/1563 1434/1519/1562
f 1371/1455/1499 1372/1456/1500 1436/1521/1564 1435/1520/1563
f 1372/1456/1500 1373/1457/1501 1437/1522/1565 1436/1521/1564
f 1373/1457/1501 1374/1458/1502 1438/1523/1566 1437/1522/1565
f 1374/1458/1502 1375/1459/1503 1439/1524/1567 1438/1523/1566
f 1375/1459/1503 1376/1460/1504 1440/1525/1568 1439/1524/1567
f 1376/1460/1504 1377/1461/1505 1441/1526/1569 1440/1525/1568
f 1377/1461/1505 1378/1462/1506 1442/1527/1570 1441/1526/1569
f 1378/1462/1506 1379/1463/1507 1443/1528/1571 1442/1527/1570
f 1379/1463/1507 1380/1464/1508 1444/1529/1572 1443/1528/1571
f 1380/1464/1508 1381/1465/1509 1445/1530/1573 1444/1529/1572
f 1381/1465/1509 1382/1466/1510 1446/1531/1574 1445/1530/1573
f 1382/1466/1510 1383/1467/1511 1447/1532/1575 1446/1531/1574
f 1383/1467/1511 1384/1468/1512 1448/1533/1576 1447/1532/1575
f 1384/1468/1512 1385/1469/1513 1449/1534/1577 1448/1533/1576
f 1385/1469/1513 1386/1470/1514 1450/1535/1578 1449/1534/1577
f 1386/1470/1514 1387/1471/1515 1451/1536/1579 1450/1535/1578
f 1387/1471/1515 1388/1472/1516 1452/1537/1580 1451/1536/1579
f 1388/1472/1516 1389/1473/1517 1453/1538/1581 1452/1537/1580
f 1389/1473/1517 1390/1474/1518 1454/1539/1582 1453/1538/1581
f 1390/1474/1518 1391/1475/1519 1455/1540/1583 1454/1539/1582
f 1391/1475/1519 1392/1476/1520 1456/1541/1584 1455/1540/1583
f 1392/1476/1520 1393/1477/1521 1457/1542/1585 1456/1541/1584
f 1393/1477/1521 1394/1478/1522 1458/1543/1586 1457/1542/1585
f 1394/1478/1522 1395/1479/1523 1459/1544/1587 1458/1543/1586
f 1395/1479/1523 1396/1480/1524 1460/1545/1588 1459/1544/1587
f 1396/1480/1524 1397/1481/1525 1461/1546/1589 1460/1545/1588
f 1397/1481/1525 1398/1482/1526 1462/1547/1590 1461/1546/1589
f 1398/1482/1526 1399/1483/1527 1463/1548/1591 1462/1547/1590
f 1399/1483/1527 1400/1484/1528 1464/1549/1592 1463/1548/1591
f 1400/1484/1528 1401/1485/1529 1465/1550/1593 1464/1549/1592
f 1401/1485/1529 1402/1486/1530 1466/1551/1594 1465/1550/1593
f 1402/1486/1530 1403/1487/1531 1467/1552/1595 1466/1551/1594
f 1403/1487/1531 1404/1488/1532 1468/1553/1596 1467/1552/1595
f 1404/1488/1532 1405/1489/1533 1469/1554/1597 1468/1553/1596
f 1405/1489/1533 1406/1490/1534 1470/1555/1598 1469/1554/1597
f 1406/1490/1534 1407/1491/1535 1471/1556/1599 1470/1555/1598
f 1407/1491/1535 1408/1492/1536 1472/1557/1600 1471/1556/1599
f 1408/1492/1536 1409/1493/1537 1473/1558/1601 1472/1557/1600
f 1409/1493/1537 1346/1494/1475 1410/1559/1539 1473/1558/1601
f 1410/1496/1539 1411/1495/1538 1475/1560/1602 1474/1561/1603
f 1411/1495/1538 1412/1497/1540 1476/1562/1604 1475/1560/1602
f 1412/1497/1540 1413/1498/1541 1477/1563/1605 1476/1562/1604
f 1413/1498/1541 1414/1499/1542 1478/1564/1606 1477/1563/1605
f 1414/1499/1542 1415/1500/1543 1479/1565/1607 1478/1564/1606
f 1415/1500/1543 1416/1501/1544 1480/1566/1608 1479/1565/1607
f 1416/1501/1544 1417/1502/1545 1481/1567/1609 1480/1566/1608
f 1417/1502/1545 1418/1503/1546 1482/1568/1610 1481/1567/1609
f 1418/1503/1546 1419/1504/1547 1483/1569/1611 1482/1568/1610
f 1419/1504/1547 1420/1505/1548 1484/1570/1612 1483/1569/1611
f 1420/1505/1548 1421/1506/1549 1485/1571/1613 1484/1570/1612
f 1421/1506/1549 1422/1507/1550 1486/1572/1614 1485/1571/1613
f 1422/1507/1550 1423/1508/1551 1487/1573/1615 1486/1572/1614
f 1423/1508/1551 1424/1509/1552 1488/1574/1616 1487/1573/1615
f 1424/1509/1552 1425/1510/1553 1489/1575/1617 1488/1574/1616
f 1425/1510/1553 1426/1511/1554 1490/1576/1618 1489/1575/1617
f 1426/1511/1554 1427/1512/1555 1491/1577/1619 1490/1576/1618
f 1427/1512/1555 1428/1513/1556 1492/1578/1620 1491/1577/1619
f 1428/1513/1556 1429/1514/1557 1493/1579/1621 1492/1578/1620
f 1429/1514/1557 1430/1515/1558 1494/1580/1622 1493/1579/1621
f 1430/1515/1558 1431/1516/1559 1495/1581/1623 1494/1580/1622
f 1431/1516/1559 1432/1517/1560 1496/1582/1624 1495/1581/1623
f 1432/1517/1560 1433/1518/1561 1497/1583/1625 1496/1582/1624
f 1433/1518/1561 1434/1519/1562 1498/1584/1626 1497/1583/1625
f 1434/1519/1562 1435/1520/1563 1499/1585/1627 1498/1584/1626
f 1435/1520/1563 1436/1521/1564 1500/1586/1628 1499/1585/1627
f 1436/1521/1564 1437/1522/1565 1501/1587/1629 1500/1586/1628
f 1437/1522/1565 1438/1523/1566 1502/1588/1630 1501/1587/1629
f 1438/1523/1566 1439/1524/1567 1503/1589/1631 1502/1588/1630
f 1439/1524/1567 1440/1525/1568 1504/1590/1632 1503/1589/1631
f 1440/1525/1568 1441/1526/1569 1505/1591/1633 1504/1590/1632
f 1441/1526/1569 1442/1527/1570 1506/1592/1634 1505/1591/1633
f 1442/1527/1570 1443/1528/1571 1507/1593/1635 1506/1592/1634
f 1443/1528/1571 1444/1529/1572 1508/1594/1636 1507/1593/1635
f 1444/1529/1572 1445/1530/1573 1509/1595/1637 1508/1594/1636
f 1445/1530/1573 1446/1531/1574 1510/1596/1638 1509/1595/1637
f 1446/1531/1574 1447/1532/1575 1511/1597/1639 1510/1596/1638
f 1447/1532/1575 1448/1533/1576 1512/1598/1640 1511/1597/1639
f 1448/1533/1576 1449/1534/1577 1513/1599/1641 1512/1598/1640
f 1449/1534/1577 1450/1535/1578 1514/1600/1642 1513/1599/1641
f 1450/1535/1578 1451/1536/1579 1515/1601/1643 1514/1600/1642
f 1451/1536/1579 1452/1537/1580 1516/1602/1644 1515/1601/1643
f 1452/1537/1580 1453/1538/1581 1517/1603/1645 1516/1602/1644
f 1453/1538/1581 1454/1539/1582 1518/1604/1646 1517/1603/1645
f 1454/1539/1582 1455/1540/1583 1519/1605/1647 1518/1604/1646
f 1455/1540/1583 1456/1541/1584 1520/1606/1648 1519/1605/1647
f 1456/1541/1584 1457/1542/1585 1521/1607/1649 1520/1606/1648
f 1457/1542/1585 1458/1543/1586 1522/1608/1650 1521/1607/1649
f 1458/1543/1586 1459/1544/1587 1523/1609/1651 1522/1608/1650
f 1459/1544/1587 1460/1545/1588 1524/1610/1652 1523/1609/1651
f 1460/1545/1588 1461/1546/1589 1525/1611/1653 1524/1610/1652
f 1461/1546/1589 1462/1547/1590 1526/1612/1654 1525/1611/1653
f 1462/1547/1590 1463/1548/1591 1527/1613/1655 1526/1612/1654
f 1463/1548/1591 1464/1549/1592 1528/1614/1656 1527/1613/1655
f 1464/1549/1592 1465/1550/1593 1529/1615/1657 1528/1614/1656
f 1465/1550/1593 1466/1551/1594 1530/1616/1658 1529/1615/1657
f 1466/1551/1594 1467/1552/1595 1531/1617/1659 1530/1616/1658
f 1467/1552/1595 1468/1553/1596 1532/1618/1660 1531/1617/1659
f 1468/1553/1596 1469/1554/1597 1533/1619/1661 1532/1618/1660
f 1469/1554/1597 1470/1555/1598 1534/1620/1662 1533/1619/1661
f 1470/1555/1598 1471/1556/1599 1535/1621/1663 1534/1620/1662
f 1471/1556/1599 1472/1557/1600 1536/1622/1664 1535/1621/1663
f 1472/1557/1600 1473/1558/1601 1537/1623/1665 1536/1622/1664
f 1473/1558/1601 1410/1559/1539 1474/1624/1603 1537/1623/1665
f 1474/1561/1603 1475/1560/1602 1539/1625/1666 1538/1626/1667
f 1475/1560/1602 1476/1562/1604 1540/1627/1668 1539/1625/1666
f 1476/1562/1604 1477/1563/1605 1541/1628/1669 1540/1627/1668
f 1477/1563/1605 1478/1564/1606 1542/1629/1670 1541/1628/1669
f 1478/1564/1606 1479/1565/1607 1543/1630/1671 1542/1629/1670
f 1479/1565/1607 1480/1566/1608 1544/1631/1672 1543/1630/1671
f 1480/1566/1608 1481/1567/1609 1545/1632/1673 1544/1631/1672
f 1481/1567/1609 1482/1568/1610 1546/1633/1674 1545/1632/1673
f 1482/1568/1610 1483/1569/1611 1547/1634/1675 1546/1633/1674
f 1483/1569/1611 1484/1570/1612 1548/1635/1676 1547/1634/1675
f 1484/1570/1612 1485/1571/1613 1549/1636/1677 1548/1635/1676
f 1485/1571/1613 1486/1572/1614 1550/1637/1678 1549/1636/1677
f 1486/1572/1614 1487/1573/1615 1551/1638/1679 1550/1637/1678
f 1487/1573/1615 1488/1574/1616 1552/1639/1680 1551/1638/1679
f 1488/1574/1616 1489/1575/1617 1553/1640/1681 1552/1639/1680
f 1489/1575/1617 1490/1576/1618 1554/1641/1682 1553/1640/1681
f 1490/1576/1618 1491/1577/1619 1555/1642/1683 1554/1641/1682
f 1491/1577/1619 1492/1578/1620 1556/1643/1684 1555/1642/1683
f 1492/1578/1620 1493/1579/1621 1557/1644/1685 1556/1643/1684
f 1493/1579/1621 1494/1580/1622 1558/1645/1686 1557/1644/1685
f 1494/1580/1622 1495/1581/1623 1559/1646/1687 1558/1645/1686
f 1495/1581/1623 1496/1582/1624 1560/1647/1688 1559/1646/1687
f 1496/1582/1624 1497/1583/1625 1561/1648/1689 1560/1647/1688
f 1497/1583/1625 1498/1584/1626 1562/1649/1690 1561/1648/1689
f 1498/1584/1626 1499/1585/1627 1563/1650/1691 1562/1649/1690
f 1499/1585/1627 1500/1586/1628 1564/1651/1692 1563/1650/1691
f 1500/1586/1628 1501/1587/1629 1565/1652/1693 1564/1651/1692
f 1501/1587/1629 1502/1588/1630 1566/1653/1694 1565/1652/1693
f 1502/1588/1630 1503/1589/1631 1567/1654/1695 1566/1653/1694
f 1503/1589/1631 1504/1590/1632 1568/1655/1696 1567/1654/1695
f 1504/1590/1632 1505/1591/1633 1569/1656/1697 1568/1655/1696
f 1505/1591/1633 1506/1592/1634 1570/1657/1698 1569/1656/1697
f 1506/1592/1634 1507/1593/1635 1571/1658/1699 1570/1657/1698
f 1507/1593/1635 1508/1594/1636 1572/1659/1700 1571/1658/1699
f 1508/1594/1636 1509/1595/1637 1573/1660/1701 1572/1659/1700
f 1509/1595/1637 1510/1596/1638 1574/1661/1702 1573/1660/1701
f 1510/1596/1638 1511/1597/1639 1575/1662/1703 1574/1661/1702
f 1511/1597/1639 1512/1598/1640 1576/1663/1704 1575/1662/1703
f 1512/1598/1640 1513/1599/1641 1577/1664/1705 1576/1663/1704
f 1513/1599/1641 1514/1600/1642 1578/1665/1706 1577/1664/1705
f 1514/1600/1642 1515/1601/1643 1579/1666/1707 1578/1665/1706
f 1515/1601/1643 1516/1602/1644 1580/1667/1708 1579/1666/1707
f 1516/1602/1644 1517/1603/1645 1581/1668/1709 1580/1667/1708
f 1517/1603/1645 1518/1604/1646 1582/1669/1710 1581/1668/1709
f 1518/1604/1646 1519/1605/1647 1583/1670/1711 1582/1669/1710
f 1519/1605/1647 1520/1606/1648 1584/1671/1712 1583/1670/1711
f 1520/1606/1648 1521/1607/1649 1585/1672/1713 1584/1671/1712
f 1521/1607/1649 1522/1608/1650 1586/1673/1714 1585/1672/1713
f 1522/1608/1650 1523/1609/1651 1587/1674/1715 1586/1673/1714
f 1523/1609/1651 1524/1610/1652 1588/1675/1716 1587/1674/1715
f 1524/1610/1652 1525/1611/1653 1589/1676/1717 1588/1675/1716
f 1525/1611/1653 1526/1612/1654 1590/1677/1718 1589/1676/1717
f 1526/1612/1654 1527/1613/1655 1591/1678/1719 1590/1677/1718
f 1527/1613/1655 1528/1614/1656 1592/1679/1720 1591/1678/1719
f 1528/1614/1656 1529/1615/1657 1593/1680/1721 1592/1679/1720
f 1529/1615/1657 1530/1616/1658 1594/1681/1722 1593/1680/1721
f 1530/1616/1658 1531/1617/1659 1595/1682/1723 1594/1681/1722
f 1531/1617/1659 1532/1618/1660 1596/1683/1724 1595/1682/1723
f 1532/1618/1660 1533/1619/1661 1597/1684/1725 1596/1683/1724
f 1533/1619/1661 1534/1620/1662 1598/1685/1726 1597/1684/1725
f 1534/1620/1662 1535/1621/1663 1599/1686/1727 1598/1685/1726
f 1535/1621/1663 1536/1622/1664 1600/1687/1728 1599/1686/1727
f 1536/1622/1664 1537/1623/1665 1601/1688/1729 1600/1687/1728
f 1537/1623/1665 1474/1624/1603 1538/1689/1667 1601/1688/1729
f 1538/1626/1667 1539/1625/1666 1603/1690/1730 1602/1691/1731
f 1539/1625/1666 1540/1627/1668 1604/1692/1732 1603/1690/1730
f 1540/1627/1668 1541/1628/1669 1605/1693/1733 1604/1692/1732
f 1541/1628/1669 1542/1629/1670 1606/1694/1734 1605/1693/1733
f 1542/1629/1670 1543/1630/1671 1607/1695/1735 1606/1694/1734
f 1543/1630/1671 1544/1631/1672 1608/1696/1736 1607/1695/1735
f 1544/1631/1672 1545/1632/1673 1609/1697/1737 1608/1696/1736
f 1545/1632/1673 1546/1633/1674 1610/1698/1738 1609/1697/1737
f 1546/1633/1674 1547/1634/1675 1611/1699/1739 1610/1698/1738
f 1547/1634/1675 1548/1635/1676 1612/1700/1740 1611/1699/1739
f 1548/1635/1676 1549/1636/1677 1613/1701/1741 1612/1700/1740
f 1549/1636/1677 1550/1637/1678 1614/1702/1742 1613/1701/1741
f 1550/1637/1678 1551/1638/1679 1615/1703/1743 1614/1702/1742
f 1551/1638/1679 1552/1639/1680 1616/1704/1744 1615/1703/1743
f 1552/1639/1680 1553/1640/1681 1617/1705/1745 1616/1704/1744
f 1553/1640/1681 1554/1641/1682 1618/1706/1746 1617/1705/1745
f 1554/1641/1682 1555/1642/1683 1619/1707/1747 1618/1706/1746
f 1555/1642/1683 1556/1643/1684 1620/1708/1748 1619/1707/1747
f 1556/1643/1684 1557/1644/1685 1621/1709/1749 1620/1708/1748
f 1557/1644/1685 1558/1645/1686 1622/1710/1750 1621/1709/1749
f 1558/1645/1686 1559/1646/1687 1623/1711/1751 1622/1710/1750
f 1559/1646/1687 1560/1647/1688 1624/1712/1752 1623/1711/1751
f 1560/1647/1688 1561/1648/1689 1625/1713/1753 1624/1712/1752
f 1561/1648/1689 1562/1649/1690 1626/1714/1754 1625/1713/1753
f 1562/1649/1690 1563/1650/1691 1627/1715/1755 1626/1714/1754
f 1563/1650/1691 1564/1651/1692 1628/1716/1756 1627/1715/1755
f 1564/1651/1692 1565/1652/1693 1629/1717/1757 1628/1716/1756
f 1565/1652/1693 1566/1653/1694 1630/1718/1758 1629/1717/1757
f 1566/1653/1694 1567/1654/1695 1631/1719/1759 1630/1718/1758
f 1567/1654/1695 1568/1655/1696 1632/1720/1760 1631/1719/1759
f 1568/1655/1696 1569/1656/1697 1633/1721/1761 1632/1720/1760
f 1569/1656/1697 1570/1657/1698 1634/1722/1762 1633/1721/1761
f 1570/1657/1698 1571/1658/1699 1635/1723/1763 1634/1722/1762
f 1571/1658/1699 1572/1659/1700 1636/1724/1764 1635/1723/1763
f 1572/1659/1700 1573/1660/1701 1637/1725/1765 1636/1724/1764
f 1573/1660/1701 1574/1661/1702 1638/1726/1766 1637/1725/1765
f 1574/1661/1702 1575/1662/1703 1639/1727/1767 1638/1726/1766
f 1575/1662/1703 1576/1663/1704 1640/1728/1768 1639/1727/1767
f 1576/1663/1704 1577/1664/1705 1641/1729/1769 1640/1728/1768
f 1577/1664/1705 1578/1665/1706 1642/1730/1770 1641/1729/1769
f 1578/1665/1706 1579/1666/1707 1643/1731/1771 1642/1730/1770
f 1579/1666/1707 1580/1667/1708 1644/1732/1772 1643/1731/1771
f 1580/1667/1708 1581/1668/1709 1645/1733/1773 1644/1732/1772
f 1581/1668/1709 1582/1669/1710 1646/1734/1774 1645/1733/1773
f 1582/1669/1710 1583/1670/1711 1647/1735/1775 1646/1734/1774
f 1583/1670/1711 1584/1671/1712 1648/1736/1776 1647/1735/1775
f 1584/1671/1712 1585/1672/1713 1649/1737/1777 1648/1736/1776
f 1585/1672/1713 1586/1673/1714 1650/1738/1778 1649/1737/1777
f 1586/1673/1714 1587/1674/1715 1651/1739/1779 1650/1738/1778
f 1587/1674/1715 1588/1675/1716 1652/1740/1780 1651/1739/1779
f 1588/1675/1716 1589/1676/1717 1653/1741/1781 1652/1740/1780
f 1589/1676/1717 1590/1677/1718 1654/1742/1782 1653/1741/1781
f 1590/1677/1718 1591/1678/1719 1655/1743/1783 1654/1742/1782
f 1591/1678/1719 1592/1679/1720 1656/1744/1784 1655/1743/1783
f 1592/1679/1720 1593/1680/1721 1657/1745/1785 1656/1744/1784
f 1593/1680/1721 1594/1681/1722 1658/1746/1786 1657/1745/1785
f 1594/1681/1722 1595/1682/1723 1659/1747/1787 1658/1746/1786
f 1595/1682/1723 1596/1683/1724 1660/1748/1788 1659/1747/1787
f 1596/1683/1724 1597/1684/1725 1661/1749/1789 1660/1748/1788
f 1597/1684/1725 1598/1685/1726 1662/1750/1790 1661/1749/1789
f 1598/1685/1726 1599/1686/1727 1663/1751/1791 1662/1750/1790
f 1599/1686/1727 1600/1687/1728 1664/1752/1792 1663/1751/1791
f 1600/1687/1728 1601/1688/1729 1665/1753/1793 1664/1752/1792
f 1601/1688/1729 1538/1689/1667 1602/1754/1731 1665/1753/1793
f 1602/1691/1731 1603/1690/1730 1667/1755/1794 1666/1756/1795
f 1603/1690/1730 1604/1692/1732 1668/1757/1796 1667/1755/1794
f 1604/1692/1732 1605/1693/1733 1669/1758/1797 1668/1757/1796
f 1605/1693/1733 1606/1694/1734 1670/1759/1798 1669/1758/1797
f 1606/1694/1734 1607/1695/1735 1671/1760/1799 1670/1759/1798
f 1607/1695/1735 1608/1696/1736 1672/1761/1800 1671/1760/1799
f 1608/1696/1736 1609/1697/1737 1673/1762/1801 1672/1761/1800
f 1609/1697/1737 1610/1698/1738 1674/1763/1802 1673/1762/1801
f 1610/1698/1738 1611/1699/1739 1675/1764/1803 1674/1763/1802
f 1611/1699/1739 1612/1700/1740 1676/1765/1804 1675/1764/1803
f 1612/1700/1740 1613/1701/1741 1677/1766/1805 1676/1765/1804
f 1613/1701/1741 1614/1702/1742 1678/1767/1806 1677/1766/1805
f 1614/1702/1742 1615/1703/1743 1679/1768/1807 1678/1767/1806
f 1615/1703/1743 1616/1704/1744 1680/1769/1808 1679/1768/1807
f 1616/1704/1744 1617/1705/1745 1681/1770/1809 1680/1769/1808
f 1617/1705/1745 1618/1706/1746 1682/1771/1810 1681/1770/1809
f 1618/1706/1746 1619/1707/1747 1683/1772/1811 1682/1771/1810
f 1619/1707/1747 1620/1708/1748 1684/1773/1812 1683/1772/1811
f 1620/1708/1748 1621/1709/1749 1685/1774/1813 1684/1773/1812
f 1621/1709/1749 1622/1710/1750 1686/1775/1814 1685/1774/1813
f 1622/1710/1750 1623/1711/1751 1687/1776/1815 1686/1775/1814
f 1623/1711/1751 1624/1712/1752 1688/1777/1816 1687/1776/1815
f 1624/1712/1752 1625/1713/1753 1689/1778/1817 1688/1777/1816
f 1625/1713/1753 1626/1714/1754 1690/1779/1818 1689/1778/1817
f 1626/1714/1754 1627/1715/1755 1691/1780/1819 1690/1779/1818
f 1627/1715/1755 1628/1716/1756 1692/1781/1820 1691/1780/1819
f 1628/1716/1756 1629/1717/1757 1693/1782/1821 1692/1781/1820
f 1629/1717/1757 1630/1718/1758 1694/1783/1822 1693/1782/1821
f 1630/1718/1758 1631/1719/1759 1695/1784/1823 1694/1783/1822
f 1631/1719/1759 1632/1720/1760 1696/1785/1824 1695/1784/1823
f 1632/1720/1760 1633/1721/1761 1697/1786/1825 1696/1785/1824
f 1633/1721/1761 1634/1722/1762 1698/1787/1826 1697/1786/1825
f 1634/1722/1762 1635/1723/1763 1699/1788/1827 1698/1787/1826
f 1635/1723/1763 1636/1724/1764 1700/1789/1828 1699/1788/1827
f 1636/1724/1764 1637/1725/1765 1701/1790/1829 1700/1789/1828
f 1637/1725/1765 1638/1726/1766 1702/1791/1830 1701/1790/1829
f 1638/1726/1766 1639/1727/1767 1703/1792/1831 1702/1791/1830
f 1639/1727/1767 1640/1728/1768 1704/1793/1832 1703/1792/1831
f 1640/1728/1768 1641/1729/1769 1705/1794/1833 1704/1793/1832
f 1641/1729/1769 1642/1730/1770 1706/1795/1834 1705/1794/1833
f 1642/1730/1770 1643/1731/1771 1707/1796/1835 1706/1795/1834
f 1643/1731/1771 1644/1732/1772 1708/1797/1836 1707/1796/1835
f 1644/1732/1772 1645/1733/1773 1709/1798/1837 1708/1797/1836
f 1645/1733/1773 1646/1734/1774 1710/1799/1838 1709/1798/1837
f 1646/1734/1774 1647/1735/1775 1711/1800/1839 1710/1799/1838
f 1647/1735/1775 1648/1736/1776 1712/1801/1840 1711/1800/1839
f 1648/1736/1776 1649/1737/1777 1713/1802/1841 1712/1801/1840
f 1649/1737/1777 1650/1738/1778 1714/1803/1842 1713/1802/1841
f 1650/1738/1778 1651/1739/1779 1715/1804/1843 1714/1803/1842
f 1651/1739/1779 1652/1740/1780 1716/1805/1844 1715/1804/1843
f 1652/1740/1780 1653/1741/1781 1717/1806/1845 1716/1805/1844
f 1653/1741/1781 1654/1742/1782 1718/1807/1846 1717/1806/1845
f 1654/1742/1782 1655/1743/1783 1719/1808/1847 1718/1807/1846
f 1655/1743/1783 1656/1744/1784 1720/1809/1848 1719/1808/1847
f 1656/1744/1784 1657/1745/1785 1721/1810/1849 1720/1809/1848
f 1657/1745/1785 1658/1746/1786 1722/1811/1850 1721/1810/1849
f 1658/1746/1786 1659/1747/1787 1723/1812/1851 1722/1811/1850
f 1659/1747/1787 1660/1748/1788 1724/1813/1852 1723/1812/1851
f 1660/1748/1788 1661/1749/1789 1725/1814/1853 1724/1813/1852
f 1661/1749/1789 1662/1750/1790 1726/1815/1854 1725/1814/1853
f 1662/1750/1790 1663/1751/1791 1727/1816/1855 1726/1815/1854
f 1663/1751/1791 1664/1752/1792 1728/1817/1856 1727/1816/1855
f 1664/1752/1792 1665/1753/1793 1729/1818/1857 1728/1817/1856
f 1665/1753/1793 1602/1754/1731 1666/1819/1795 1729/1818/1857
f 1666/1756/1795 1667/1755/1794 1731/1820/1858 1730/1821/1859
f 1667/1755/1794 1668/1757/1796 1732/1822/1860 1731/1820/1858
f 1668/1757/1796 1669/1758/1797 1733/1823/1861 1732/1822/1860
f 1669/1758/1797 1670/1759/1798 1734/1824/1862 1733/1823/1861
f 1670/1759/1798 1671/1760/1799 1735/1825/1863 1734/1824/1862
f 1671/1760/1799 1672/1761/1800 1736/1826/1864 1735/1825/1863
f 1672/1761/1800 1673/1762/1801 1737/1827/1865 1736/1826/1864
f 1673/1762/1801 1674/1763/1802 1738/1828/1866 1737/1827/1865
f 1674/1763/1802 1675/1764/1803 1739/1829/1867 1738/1828/1866
f 1675/1764/1803 1676/1765/1804 1740/1830/1868 1739/1829/1867
f 1676/1765/1804 1677/1766/1805 1741/1831/1869 1740/1830/1868
f 1677/1766/1805 1678/1767/1806 1742/1832/1870 1741/1831/1869
f 1678/1767/1806 1679/1768/1807 1743/1833/1871 1742/1832/1870
f 1679/1768/1807 1680/1769/1808 1744/1834/1872 1743/1833/1871
f 1680/1769/1808 1681/1770/1809 1745/1835/1873 1744/1834/1872
f 1681/1770/1809 1682/1771/1810 1746/1836/1874 1745/1835/1873
f 1682/1771/1810 1683/1772/1811 1747/1837/1875 1746/1836/1874
f 1683/1772/1811 1684/1773/1812 1748/1838/1876 1747/1837/1875
f 1684/1773/1812 1685/1774/1813 1749/1839/1877 1748/1838/1876
f 1685/1774/1813 1686/1775/1814 1750/1840/1878 1749/1839/1877
f 1686/1775/1814 1687/1776/1815 1751/1841/1879 1750/1840/1878
f 1687/1776/1815 1688/1777/1816 1752/1842/1880 1751/1841/1879
f 1688/1777/1816 1689/1778/1817 1753/1843/1881 1752/1842/1880
f 1689/1778/1817 1690/1779/1818 1754/1844/1882 1753/1843/1881
f 1690/1779/1818 1691/1780/1819 1755/1845/1883 1754/1844/1882
f 1691/1780/1819 1692/1781/1820 1756/1846/1884 1755/1845/1883
f 1692/1781/1820 1693/1782/1821 1757/1847/1885 1756/1846/1884
f 1693/1782/1821 1694/1783/1822 1758/1848/1886 1757/1847/1885
f 1694/1783/1822 1695/1784/1823 1759/1849/1887 1758/1848/1886
f 1695/1784/1823 1696/1785/1824 1760/1850/1888 1759/1849/1887
f 1696/1785/1824 1697/1786/1825 1761/1851/1889 1760/1850/1888
f 1697/1786/1825 1698/1787/1826 1762/1852/1890 1761/1851/1889
f 1698/1787/1826 1699/1788/1827 1763/1853/1891 1762/1852/1890
f 1699/1788/1827 1700/1789/1828 1764/1854/1892 1763/1853/1891
f 1700/1789/1828 1701/1790/1829 1765/1855/1893 1764/1854/1892
f 1701/1790/1829 1702/1791/1830 1766/1856/1894 1765/1855/1893
f 1702/1791/1830 1703/1792/1831 1767/1857/1895 1766/1856/1894
f 1703/1792/1831 1704/1793/1832 1768/1858/1896 1767/1857/1895
f 1704/1793/1832 1705/1794/1833 1769/1859/1897 1768/1858/1896
f 1705/1794/1833 1706/1795/1834 1770/1860/1898 1769/1859/1897
f 1706/1795/1834 1707/1796/1835 1771/1861/1899 1770/1860/1898
f 1707/1796/1835 1708/1797/1836 1772/1862/1900 1771/1861/1899
f 1708/1797/1836 1709/1798/1837 1773/1863/1901 1772/1862/1900
f 1709/1798/1837 1710/1799/1838 1774/1864/1902 1773/1863/1901
f 1710/1799/1838 1711/1800/1839 1775/1865/1903 1774/1864/1902
f 1711/1800/1839 1712/1801/1840 1776/1866/1904 1775/1865/1903
f 1712/1801/1840 1713/1802/1841 1777/1867/1905 1776/1866/1904
f 1713/1802/1841 1714/1803/1842 1778/1868/1906 1777/1867/1905
f 1714/1803/1842 1715/1804/1843 1779/1869/1907 1778/1868/1906
f 1715/1804/1843 1716/1805/1844 1780/1870/1908 1779/1869/1907
f 1716/1805/1844 1717/1806/1845 1781/1871/1909 1780/1870/1908
f 1717/1806/1845 1718/1807/1846 1782/1872/1910 1781/1871/1909
f 1718/1807/1846 1719/1808/1847 1783/1873/1911 1782/1872/1910
f 1719/1808/1847 1720/1809/1848 1784/1874/1912 1783/1873/1911
f 1720/1809/1848 1721/1810/1849 1785/1875/1913 1784/1874/1912
f 1721/1810/1849 1722/1811/1850 1786/1876/1914 1785/1875/1913
f 1722/1811/1850 1723/1812/1851 1787/1877/1915 1786/1876/1914
f 1723/1812/1851 1724/1813/1852 1788/1878/1916 1787/1877/1915
f 1724/1813/1852 1725/1814/1853 1789/1879/1917 1788/1878/1916
f 1725/1814/1853 1726/1815/1854 1790/1880/1918 1789/1879/1917
f 1726/1815/1854 1727/1816/1855 1791/1881/1919 1790/1880/1918
f 1727/1816/1855 1728/1817/1856 1792/1882/1920 1791/1881/1919
f 1728/1817/1856 1729/1818/1857 1793/1883/1921 1792/1882/1920
f 1729/1818/1857 1666/1819/1795 1730/1884/1859 1793/1883/1921
f 1730/1821/1859 1731/1820/1858 1795/1885/1922 1794/1886/1923
f 1731/1820/1858 1732/1822/1860 1796/1887/1924 1795/1885/1922
f 1732/1822/1860 1733/1823/1861 1797/1888/1925 1796/1887/1924
f 1733/1823/1861 1734/1824/1862 1798/1889/1926 1797/1888/1925
f 1734/1824/1862 1735/1825/1863 1799/1890/1927 1798/1889/1926
f 1735/1825/1863 1736/1826/1864 1800/1891/1928 1799/1890/1927
f 1736/1826/1864 1737/1827/1865 1801/1892/1929 1800/1891/1928
f 1737/1827/1865 1738/1828/1866 1802/1893/1930 1801/1892/1929
f 1738/1828/1866 1739/1829/1867 1803/1894/1931 1802/1893/1930
f 1739/1829/1867 1740/1830/1868 1804/1895/1932 1803/1894/1931
f 1740/1830/1868 1741/1831/1869 1805/1896/1933 1804/1895/1932
f 1741/1831/1869 1742/1832/1870 1806/1897/1934 1805/1896/1933
f 1742/1832/1870 1743/1833/1871 1807/1898/1935 1806/1897/1934
f 1743/1833/1871 1744/1834/1872 1808/1899/1936 1807/1898/1935
f 1744/1834/1872 1745/1835/1873 1809/1900/1937 1808/1899/1936
f 1745/1835/1873 1746/1836/1874 1810/1901/1938 1809/1900/1937
f 1746/1836/1874 1747/1837/1875 1811/1902/1939 1810/1901/1938
f 1747/1837/1875 1748/1838/1876 1812/1903/1940 1811/1902/1939
f 1748/1838/1876 1749/1839/1877 1813/1904/1941 1812/1903/1940
f 1749/1839/1877 1750/1840/1878 1814/1905/1942 1813/1904/1941
f 1750/1840/1878 1751/1841/1879 1815/1906/1943 1814/1905/1942
f 1751/1841/1879 1752/1842/1880 1816/1907/1944 1815/1906/1943
f 1752/1842/1880 1753/1843/1881 1817/1908/1945 1816/1907/1944
f 1753/1843/1881 1754/1844/1882 1818/1909/1946 1817/1908/1945
f 1754/1844/1882 1755/1845/1883 1819/1910/1947 1818/1909/1946
f 1755/1845/1883 1756/1846/1884 1820/1911/1948 1819/1910/1947
f 1756/1846/1884 1757/1847/1885 1821/1912/1949 1820/1911/1948
f 1757/1847/1885 1758/1848/1886 1822/1913/1950 1821/1912/1949
f 1758/1848/1886 1759/1849/1887 1823/1914/1951 1822/1913/1950
f 1759/1849/1887 1760/1850/1888 1824/1915/1952 1823/1914/1951
f 1760/1850/1888 1761/1851/1889 1825/1916/1953 1824/1915/1952
f 1761/1851/1889 1762/1852/1890 1826/1917/1954 1825/1916/1953
f 1762/1852/1890 1763/1853/1891 1827/1918/1955 1826/1917/1954
f 1763/1853/1891 1764/1854/1892 1828/1919/1956 1827/1918/1955
f 1764/1854/1892 1765/1855/1893 1829/1920/1957 1828/1919/1956
f 1765/1855/1893 1766/1856/1894 1830/1921/1958 1829/1920/1957
f 1766/1856/1894 1767/1857/1895 1831/1922/1959 1830/1921/1958
f 1767/1857/1895 1768/1858/1896 1832/1923/1960 1831/1922/1959
f 1768/1858/1896 1769/1859/1897 1833/1924/1961 1832/1923/1960
f 1769/1859/1897 1770/1860/1898 1834/1925/1962 1833/1924/1961
f 1770/1860/1898 1771/1861/1899 1835/1926/1963 1834/1925/1962
f 1771/1861/1899 1772/1862/1900 1836/1927/1964 1835/1926/1963
f 1772/1862/1900 1773/1863/1901 1837/1928/1965 1836/1927/1964
f 1773/1863/1901 1774/1864/1902 1838/1929/1966 1837/1928/1965
f 1774/1864/1902 1775/1865/1903 1839/1930/1967 1838/1929/1966
f 1775/1865/1903 1776/1866/1904 1840/1931/1968 1839/1930/1967
f 1776/1866/1904 1777/1867/1905 1841/1932/1969 1840/1931/1968
f 1777/1867/1905 1778/1868/1906 1842/1933/1970 1841/1932/1969
f 1778/1868/1906 1779/1869/1907 1843/1934/1971 1842/1933/1970
f 1779/1869/1907 1780/1870/1908 1844/1935/1972 1843/1934/1971
f 1780/1870/1908 1781/1871/1909 1845/1936/1973 1844/1935/1972
f 1781/1871/1909 1782/1872/1910 1846/1937/1974 1845/1936/1973
f 1782/1872/1910 1783/1873/1911 1847/1938/1975 1846/1937/1974
f 1783/1873/1911 1784/1874/1912 1848/1939/1976 1847/1938/1975
f 1784/1874/1912 1785/1875/1913 1849/1940/1977 1848/1939/1976
f 1785/1875/1913 1786/1876/1914 1850/1941/1978 1849/1940/1977
f 1786/1876/1914 1787/1877/1915 1851/1942/1979 1850/1941/1978
f 1787/1877/1915 1788/1878/1916 1852/1943/1980 1851/1942/1979
f 1788/1878/1916 1789/1879/1917 1853/1944/1981 1852/1943/1980
f 1789/1879/1917 1790/1880/1918 1854/1945/1982 1853/1944/1981
f 1790/1880/1918 1791/1881/1919 1855/1946/1983 1854/1945/1982
f 1791/1881/1919 1792/1882/1920 1856/1947/1984 1855/1946/1983
f 1792/1882/1920 1793/1883/1921 1857/1948/1985 1856/1947/1984
f 1793/1883/1921 1730/1884/1859 1794/1949/1923 1857/1948/1985
f 1794/1886/1923 1795/1885/1922 1859/1950/5 1858/1951/5
f 1795/1885/1922 1796/1887/1924 1860/1952/5 1859/1950/5
f 1796/1887/1924 1797/1888/1925 1861/1953/5 1860/1952/5
f 1797/1888/1925 1798/1889/1926 1862/1954/5 1861/1953/5
f 1798/1889/1926 1799/1890/1927 1863/1955/5 1862/1954/5
f 1799/1890/1927 1800/1891/1928 1864/1956/5 1863/1955/5
f 1800/1891/1928 1801/1892/1929 1865/1957/5 1864/1956/5
f 1801/1892/1929 1802/1893/1930 1866/1958/5 1865/1957/5
f 1802/1893/1930 1803/1894/1931 1867/1959/5 1866/1958/5
f 1803/1894/1931 1804/1895/1932 1868/1960/5 1867/1959/5
f 1804/1895/1932 1805/1896/1933 1869/1961/5 1868/1960/5
f 1805/1896/1933 1806/1897/1934 1870/1962/5 1869/1961/5
f 1806/1897/1934 1807/1898/1935 1871/1963/5 1870/1962/5
f 1807/1898/1935 1808/1899/1936 1872/1964/5 1871/1963/5
f 1808/1899/1936 1809/1900/1937 1873/1965/5 1872/1964/5
f 1809/1900/1937 1810/1901/1938 1874/1966/5 1873/1965/5
f 1810/1901/1938 1811/1902/1939 1875/1967/5 1874/1966/5
f 1811/1902/1939 1812/1903/1940 1876/1968/5 1875/1967/5
f 1812/1903/1940 1813/1904/1941 1877/1969/5 1876/1968/5
f 1813/1904/1941 1814/1905/1942 1878/1970/5 1877/1969/5
f 1814/1905/1942 1815/1906/1943 1879/1971/5 1878/1970/5
f 1815/1906/1943 1816/1907/1944 1880/1972/5 1879/1971/5
f 1816/1907/1944 1817/1908/1945 1881/1973/5 1880/1972/5
f 1817/1908/1945 1818/1909/1946 1882/1974/5 1881/1973/5
f 1818/1909/1946 1819/1910/1947 1883/1975/5 1882/1974/5
f 1819/1910/1947 1820/1911/1948 1884/1976/5 1883/1975/5
f 1820/1911/1948 1821/1912/1949 1885/1977/5 1884/1976/5
f 1821/1912/1949 1822/1913/1950 1886/1978/5 1885/1977/5
f 1822/1913/1950 1823/1914/1951 1887/1979/5 1886/1978/5
f 1823/1914/1951 1824/1915/1952 1888/1980/5 1887/1979/5
f 1824/1915/1952 1825/1916/1953 1889/1981/5 1888/1980/5
f 1825/1916/1953 1826/1917/1954 1890/1982/5 1889/1981/5
f 1826/1917/1954 1827/1918/1955 1891/1983/5 1890/1982/5
f 1827/1918/1955 1828/1919/1956 1892/1984/5 1891/1983/5
f 1828/1919/1956 1829/1920/1957 1893/1985/5 1892/1984/5
f 1829/1920/1957 1830/1921/1958 1894/1986/5 1893/1985/5
f 1830/1921/1958 1831/1922/1959 1895/1987/5 1894/1986/5
f 1831/1922/1959 1832/1923/1960 1896/1988/5 1895/1987/5
f 1832/1923/1960 1833/1924/1961 1897/1989/5 1896/1988/5
f 1833/1924/1961 1834/1925/1962 1898/1990/5 1897/1989/5
f 1834/1925/1962 1835/1926/1963 1899/1991/5 1898/1990/5
f 1835/1926/1963 1836/1927/1964 1900/1992/5 1899/1991/5
f 1836/1927/1964 1837/1928/1965 1901/1993/5 1900/1992/5
f 1837/1928/1965 1838/1929/1966 1902/1994/5 1901/1993/5
f 1838/1929/1966 1839/1930/1967 1903/1995/5 1902/1994/5
f 1839/1930/1967 1840/1931/1968 1904/1996/5 1903/1995/5
f 1840/1931/1968 1841/1932/1969 1905/1997/5 1904/1996/5
f 1841/1932/1969 1842/1933/1970 1906/1998/5 1905/1997/5
f 1842/1933/1970 1843/1934/1971 1907/1999/5 1906/1998/5
f 1843/1934/1971 1844/1935/1972 1908/2000/5 1907/1999/5
f 1844/1935/1972 1845/1936/1973 1909/2001/5 1908/2000/5
f 1845/1936/1973 1846/1937/1974 1910/2002/5 1909/2001/5
f 1846/1937/1974 1847/1938/1975 1911/2003/5 1910/2002/5
f 1847/1938/1975 1848/1939/1976 1912/2004/5 1911/2003/5
f 1848/1939/1976 1849/1940/1977 1913/2005/5 1912/2004/5
f 1849/1940/1977 1850/1941/1978 1914/2006/5 1913/2005/5
f 1850/1941/1978 1851/1942/1979 1915/2007/5 1914/2006/5
f 1851/1942/1979 1852/1943/1980 1916/2008/5 1915/2007/5
f 1852/1943/1980 1853/1944/1981 1917/2009/5 1916/2008/5
f 1853/1944/1981 1854/1945/1982 1918/2010/5 1917/2009/5
f 1854/1945/1982 1855/1946/1983 1919/2011/5 1918/2010/5
f 1855/1946/1983 1856/1947/1984 1920/2012/5 1919/2011/5
f 1856/1947/1984 1857/1948/1985 1921/2013/5 1920/2012/5
f 1857/1948/1985 1794/1949/1923 1858/2014/5 1921/2013/5
f 1858/1951/1986 1859/1950/1987 1923/2015/1987 1922/2016/1986
f 1859/1950/1987 1860/1952/1988 1924/2017/1988 1923/2015/1987
f 1860/1952/1988 1861/1953/1989 1925/2018/1989 1924/2017/1988
f 1861/1953/1989 1862/1954/1990 1926/2019/1990 1925/2018/1989
f 1862/1954/1990 1863/1955/1991 1927/2020/1991 1926/2019/1990
f 1863/1955/1991 1864/1956/1992 1928/2021/1992 1927/2020/1991
f 1864/1956/1992 1865/1957/1993 1929/2022/1993 1928/2021/1992
f 1865/1957/1993 1866/1958/1994 1930/2023/1994 1929/2022/1993
f 1866/1958/1994 1867/1959/1995 1931/2024/1995 1930/2023/1994
f 1867/1959/1995 1868/1960/1996 1932/2025/1996 1931/2024/1995
f 1868/1960/1996 1869/1961/1997 1933/2026/1997 1932/2025/1996
f 1869/1961/1997 1870/1962/1998 1934/2027/1998 1933/2026/1997
f 1870/1962/1998 1871/1963/1999 1935/2028/1999 1934/2027/1998
f 1871/1963/1999 1872/1964/2000 1936/2029/2000 1935/2028/1999
f 1872/1964/2000 1873/1965/2001 1937/2030/2001 1936/2029/2000
f 1873/1965/2001 1874/1966/2002 1938/2031/2002 1937/2030/2001
f 1874/1966/2002 1875/1967/2003 1939/2032/2003 1938/2031/2002
f 1875/1967/2003 1876/1968/2004 1940/2033/2004 1939/2032/2003
f 1876/1968/2004 1877/1969/2005 1941/2034/2005 1940/2033/2004
f 1877/1969/2005 1878/1970/2006 1942/2035/2006 1941/2034/2005
f 1878/1970/2006 1879/1971/2007 1943/2036/2007 1942/2035/2006
f 1879/1971/2007 1880/1972/2008 1944/2037/2008 1943/2036/2007
f 1880/1972/2008 1881/1973/2009 1945/2038/2009 1944/2037/2008
f 1881/1973/2009 1882/1974/2010 1946/2039/2010 1945/2038/2009
f 1882/1974/2010 1883/1975/2011 1947/2040/2011 1946/2039/2010
f 1883/1975/2011 1884/1976/2012 1948/2041/2012 1947/2040/2011
f 1884/1976/2012 1885/1977/2013 1949/2042/2013 1948/2041/2012
f 1885/1977/2013 1886/1978/2014 1950/2043/2014 1949/2042/2013
f 1886/1978/2014 1887/1979/2015 1951/2044/2015 1950/2043/2014
f 1887/1979/2015 1888/1980/2016 1952/2045/2016 1951/2044/2015
f 1888/1980/2016 1889/1981/2017 1953/2046/2017 1952/2045/2016
f 1889/1981/2017 1890/1982/2018 1954/2047/2018 1953/2046/2017
f 1890/1982/2018 1891/1983/2019 1955/2048/2019 1954/2047/2018
f 1891/1983/2019 1892/1984/2020 1956/2049/2020 1955/2048/2019
f 1892/1984/2020 1893/1985/2021 1957/2050/2021 1956/2049/2020
f 1893/1985/2021 1894/1986/2022 1958/2051/2022 1957/2050/2021
f 1894/1986/2022 1895/1987/2023 1959/2052/2023 1958/2051/2022
f 1895/1987/2023 1896/1988/2024 1960/2053/2024 1959/2052/2023
f 1896/1988/2024 1897/1989/2025 1961/2054/2025 1960/2053/2024
f 1897/1989/2025 1898/1990/2026 1962/2055/2026 1961/2054/2025
f 1898/1990/2026 1899/1991/2027 1963/2056/2027 1962/2055/2026
f 1899/1991/2027 1900/1992/2028 1964/2057/2028 1963/2056/2027
f 1900/1992/2028 1901/1993/2029 1965/2058/2029 1964/2057/2028
f 1901/1993/2029 1902/1994/2030 1966/2059/2030 1965/2058/2029
f 1902/1994/2030 1903/1995/2031 1967/2060/2031 1966/2059/2030
f 1903/1995/2031 1904/1996/2032 1968/2061/2032 1967/2060/2031
f 1904/1996/2032 1905/1997/2033 1969/2062/2033 1968/2061/2032
f 1905/1997/2033 1906/1998/2034 1970/2063/2034 1969/2062/2033
f 1906/1998/2034 1907/1999/2035 1971/2064/2035 1970/2063/2034
f 1907/1999/2035 1908/2000/2036 1972/2065/2036 1971/2064/2035
f 1908/2000/2036 1909/2001/2037 1973/2066/2037 1972/2065/2036
f 1909/2001/2037 1910/2002/2038 1974/2067/2038 1973/2066/2037
f 1910/2002/2038 1911/2003/2039 1975/2068/2039 1974/2067/2038
f 1911/2003/2039 1912/2004/2040 1976/2069/2040 1975/2068/2039
f 1912/2004/2040 1913/2005/2041 1977/2070/2041 1976/2069/2040
f 1913/2005/2041 1914/2006/2042 1978/2071/2042 1977/2070/2041
f 1914/2006/2042 1915/2007/2043 1979/2072/2043 1978/2071/2042
f 1915/2007/2043 1916/2008/2044 1980/2073/2044 1979/2072/2043
f 1916/2008/2044 1917/2009/2045 1981/2074/2045 1980/2073/2044
f 1917/2009/2045 1918/2010/2046 1982/2075/2046 1981/2074/2045
f 1918/2010/2046 1919/2011/2047 1983/2076/2047 1982/2075/2046
f 1919/2011/2047 1920/2012/2048 1984/2077/2048 1983/2076/2047
f 1920/2012/2048 1921/2013/2049 1985/2078/2049 1984/2077/2048
f 1921/2013/2049 1858/2014/1986 1922/2079/1986 1985/2078/2049
f 1922/2016/2050 1923/2015/2051 1987/2080/2051 1986/2081/2050
f 1923/2015/2051 1924/2017/2052 1988/2082/2052 1987/2080/2051
f 1924/2017/2052 1925/2018/2053 1989/2083/2053 1988/2082/2052
f 1925/2018/2053 1926/2019/2054 1990/2084/2054 1989/2083/2053
f 1926/2019/2054 1927/2020/2055 1991/2085/2055 1990/2084/2054
f 1927/2020/2055 1928/2021/2056 1992/2086/2056 1991/2085/2055
f 1928/2021/2056 1929/2022/2057 1993/2087/2057 1992/2086/2056
f 1929/2022/2057 1930/2023/2058 1994/2088/2058 1993/2087/2057
f 1930/2023/2058 1931/2024/2059 1995/2089/2059 1994/2088/2058
f 1931/2024/2059 1932/2025/2060 1996/2090/2060 1995/2089/2059
f 1932/2025/2060 1933/2026/2061 1997/2091/2061 1996/2090/2060
f 1933/2026/2061 1934/2027/2062 1998/2092/2062 1997/2091/2061
f 1934/2027/2062 1935/2028/2063 1999/2093/2063 1998/2092/2062
f 1935/2028/2063 1936/2029/2064 2000/2094/2064 1999/2093/2063
f 1936/2029/2064 1937/2030/2065 2001/2095/2065 2000/2094/2064
f 1937/2030/2065 1938/2031/2066 2002/2096/2066 2001/2095/2065
f 1938/2031/2066 1939/2032/2067 2003/2097/2067 2002/2096/2066
f 1939/2032/2067 1940/2033/2068 2004/2098/2068 2003/2097/2067
f 1940/2033/2068 1941/2034/2069 2005/2099/2069 2004/2098/2068
f 1941/2034/2069 1942/2035/2070 2006/2100/2070 2005/2099/2069
f 1942/2035/2070 1943/2036/2071 2007/2101/2071 2006/2100/2070
f 1943/2036/2071 1944/2037/2072 2008/2102/2072 2007/2101/2071
f 1944/2037/2072 1945/2038/2073 2009/2103/2073 2008/2102/2072
f 1945/2038/2073 1946/2039/2074 2010/2104/2074 2009/2103/2073
f 1946/2039/2074 1947/2040/2075 2011/2105/2075 2010/2104/2074
f 1947/2040/2075 1948/2041/2076 2012/2106/2076 2011/2105/2075
f 1948/2041/2076 1949/2042/2077 2013/2107/2077 2012/2106/2076
f 1949/2042/2077 1950/2043/2078 2014/2108/2078 2013/2107/2077
f 1950/2043/2078 1951/2044/2079 2015/2109/2079 2014/2108/2078
f 1951/2044/2079 1952/2045/2080 2016/2110/2080 2015/2109/2079
f 1952/2045/2080 1953/2046/2081 2017/2111/2081 2016/2110/2080
f 1953/2046/2081 1954/2047/2082 2018/2112/2082 2017/2111/2081
f 1954/2047/2082 1955/2048/2083 2019/2113/2083 2018/2112/2082
f 1955/2048/2083 1956/2049/2084 2020/2114/2084 2019/2113/2083
f 1956/2049/2084 1957/2050/2085 2021/2115/2085 2020/2114/2084
f 1957/2050/2085 1958/2051/2086 2022/2116/2086 2021/2115/2085
f 1958/2051/2086 1959/2052/2087 2023/2117/2087 2022/2116/2086
f 1959/2052/2087 1960/2053/2088 2024/2118/2088 2023/2117/2087
f 1960/2053/2088 1961/2054/2089 2025/2119/2089 2024/2118/2088
f 1961/2054/2089 1962/2055/2090 2026/2120/2090 2025/2119/2089
f 1962/2055/2090 1963/2056/2091 2027/2121/2091 2026/2120/2090
f 1963/2056/2091 1964/2057/2092 2028/2122/2092 2027/2121/2091
f 1964/2057/2092 1965/2058/2093 2029/2123/2093 2028/2122/2092
f 1965/2058/2093 1966/2059/2094 2030/2124/2094 2029/2123/2093
f 1966/2059/2094 1967/2060/2095 2031/2125/2095 2030/2124/2094
f 1967/2060/2095 1968/2061/2096 2032/2126/2096 2031/2125/2095
f 1968/2061/2096 1969/2062/2097 2033/2127/2097 2032/2126/2096
f 1969/2062/2097 1970/2063/2098 2034/2128/2098 2033/2127/2097
f 1970/2063/2098 1971/2064/2099 2035/2129/2099 2034/2128/2098
f 1971/2064/2099 1972/2065/2100 2036/2130/2100 2035/2129/2099
f 1972/2065/2100 1973/2066/2101 2037/2131/2101 2036/2130/2100
f 1973/2066/2101 1974/2067/2102 2038/2132/2102 2037/2131/2101
f 1974/2067/2102 1975/2068/2103 2039/2133/2103 2038/2132/2102
f 1975/2068/2103 1976/2069/2104 2040/2134/2104 2039/2133/2103
f 1976/2069/2104 1977/2070/2105 2041/2135/2105 2040/2134/2104
f 1977/2070/2105 1978/2071/2106 2042/2136/2106 2041/2135/2105
f 1978/2071/2106 1979/2072/2107 2043/2137/2107 2042/2136/2106
f 1979/2072/2107 1980/2073/2108 2044/2138/2108 2043/2137/2107
f 1980/2073/2108 1981/2074/2109 2045/2139/2109 2044/2138/2108
f 1981/2074/2109 1982/2075/2110 2046/2140/2110 2045/2139/2109
f 1982/2075/2110 1983/2076/2111 2047/2141/2111 2046/2140/2110
f 1983/2076/2111 1984/2077/2112 2048/2142/2112 2047/2141/2111
f 1984/2077/2112 1985/2078/2113 2049/2143/2113 2048/2142/2112
f 1985/2078/2113 1922/2079/2050 1986/2144/2050 2049/2143/2113
f 1986/2081/2114 1987/2080/2115 2051/2145/2115 2050/2146/2114
f 1987/2080/2115 1988/2082/2116 2052/2147/2116 2051/2145/2115
f 1988/2082/2116 1989/2083/2117 2053/2148/2117 2052/2147/2116
f 1989/2083/2117 1990/2084/2118 2054/2149/2118 2053/2148/2117
f 1990/2084/2118 1991/2085/2119 2055/2150/2119 2054/2149/2118
f 1991/2085/2119 1992/2086/2120 2056/2151/2120 2055/2150/2119
f 1992/2086/2120 1993/2087/2121 2057/2152/2121 2056/2151/2120
f 1993/2087/2121 1994/2088/2122 2058/2153/2122 2057/2152/2121
f 1994/2088/2122 1995/2089/2123 2059/2154/2123 2058/2153/2122
f 1995/2089/2123 1996/2090/2124 2060/2155/2124 2059/2154/2123
f 1996/2090/2124 1997/2091/2125 2061/2156/2125 2060/2155/2124
f 1997/2091/2125 1998/2092/2126 2062/2157/2126 2061/2156/2125
f 1998/2092/2126 1999/2093/2127 2063/2158/2127 2062/2157/2126
f 1999/2093/2127 2000/2094/2128 2064/2159/2128 2063/2158/2127
f 2000/2094/2128 2001/2095/2129 2065/2160/2129 2064/2159/2128
f 2001/2095/2129 2002/2096/2130 2066/2161/2130 2065/2160/2129
f 2002/2096/2130 2003/2097/2131 2067/2162/2131 2066/2161/2130
f 2003/2097/2131 2004/2098/2132 2068/2163/2132 2067/2162/2131
f 2004/2098/2132 2005/2099/2133 2069/2164/2133 2068/2163/2132
f 2005/2099/2133 2006/2100/2134 2070/2165/2134 2069/2164/2133
f 2006/2100/2134 2007/2101/2135 2071/2166/2135 2070/2165/2134
f 2007/2101/2135 2008/2102/2136 2072/2167/2136 2071/2166/2135
f 2008/2102/2136 2009/2103/2137 2073/2168/2137 2072/2167/2136
f 2009/2103/2137 2010/2104/2138 2074/2169/2138 2073/2168/2137
f 2010/2104/2138 2011/2105/2139 2075/2170/2139 2074/2169/2138
f 2011/2105/2139 2012/2106/2140 2076/2171/2140 2075/2170/2139
f 2012/2106/2140 2013/2107/2141 2077/2172/2141 2076/2171/2140
f 2013/2107/2141 2014/2108/2142 2078/2173/2142 2077/2172/2141
f 2014/2108/2142 2015/2109/2143 2079/2174/2143 2078/2173/2142
f 2015/2109/2143 2016/2110/2144 2080/2175/2144 2079/2174/2143
f 2016/2110/2144 2017/2111/2145 2081/2176/2145 2080/2175/2144
f 2017/2111/2145 2018/2112/2146 2082/2177/2146 2081/2176/2145
f 2018/2112/2146 2019/2113/2147 2083/2178/2147 2082/2177/2146
f 2019/2113/2147 2020/2114/2148 2084/2179/2148 2083/2178/2147
f 2020/2114/2148 2021/2115/2149 2085/2180/2149 2084/2179/2148
f 2021/2115/2149 2022/2116/2150 2086/2181/2150 2085/2180/2149
f 2022/2116/2150 2023/2117/2151 2087/2182/2151 2086/2181/2150
f 2023/2117/2151 2024/2118/2152 2088/2183/2152 2087/2182/2151
f 2024/2118/2152 2025/2119/2153 2089/2184/2153 2088/2183/2152
f 2025/2119/2153 2026/2120/2154 2090/2185/2154 2089/2184/2153
f 2026/2120/2154 2027/2121/2155 2091/2186/2155 2090/2185/2154
f 2027/2121/2155 2028/2122/2156 2092/2187/2156 2091/2186/2155
f 2028/2122/2156 2029/2123/2157 2093/2188/2157 2092/2187/2156
f 2029/2123/2157 2030/2124/2158 2094/2189/2158 2093/2188/2157
f 2030/2124/2158 2031/2125/2159 2095/2190/2159 2094/2189/2158
f 2031/2125/2159 2032/2126/2160 2096/2191/2160 2095/2190/2159
f 2032/2126/2160 2033/2127/2161 2097/2192/2161 2096/2191/2160
f 2033/2127/2161 2034/2128/2162 2098/2193/2162 2097/2192/2161
f 2034/2128/2162 2035/2129/2163 2099/2194/2163 2098/2193/2162
f 2035/2129/2163 2036/2130/2164 2100/2195/2164 2099/2194/2163
f 2036/2130/2164 2037/2131/2165 2101/2196/2165 2100/2195/2164
f 2037/2131/2165 2038/2132/2166 2102/2197/2166 2101/2196/2165
f 2038/2132/2166 2039/2133/2167 2103/2198/2167 2102/2197/2166
f 2039/2133/2167 2040/2134/2168 2104/2199/2168 2103/2198/2167
f 2040/2134/2168 2041/2135/2169 2105/2200/2169 2104/2199/2168
f 2041/2135/2169 2042/2136/2170 2106/2201/2170 2105/2200/2169
f 2042/2136/2170 2043/2137/2171 2107/2202/2171 2106/2201/2170
f 2043/2137/2171 2044/2138/2172 2108/2203/2172 2107/2202/2171
f 2044/2138/2172 2045/2139/2173 2109/2204/2173 2108/2203/2172
f 2045/2139/2173 2046/2140/2174 2110/2205/2174 2109/2204/2173
f 2046/2140/2174 2047/2141/2175 2111/2206/2175 2110/2205/2174
f 2047/2141/2175 2048/2142/2176 2112/2207/2176 2111/2206/2175
f 2048/2142/2176 2049/2143/2177 2113/2208/2177 2112/2207/2176
f 2049/2143/2177 1986/2144/2114 2050/2209/2114 2113/2208/2177
f 2050/2146/2178 2051/2145/2179 2115/2210/2179 2114/2211/2178
f 2051/2145/2179 2052/2147/2180 2116/2212/2180 2115/2210/2179
f 2052/2147/2180 2053/2148/2181 2117/2213/2181 2116/2212/2180
f 2053/2148/2181 2054/2149/2182 2118/2214/2182 2117/2213/2181
f 2054/2149/2182 2055/2150/2183 2119/2215/2183 2118/2214/2182
f 2055/2150/2183 2056/2151/2184 2120/2216/2184 2119/2215/2183
f 2056/2151/2184 2057/2152/2185 2121/2217/2185 2120/2216/2184
f 2057/2152/2185 2058/2153/2186 2122/2218/2186 2121/2217/2185
f 2058/2153/2186 2059/2154/2187 2123/2219/2187 2122/2218/2186
f 2059/2154/2187 2060/2155/2188 2124/2220/2188 2123/2219/2187
f 2060/2155/2188 2061/2156/2189 2125/2221/2189 2124/2220/2188
f 2061/2156/2189 2062/2157/2190 2126/2222/2190 2125/2221/2189
f 2062/2157/2190 2063/2158/2191 2127/2223/2191 2126/2222/2190
f 2063/2158/2191 2064/2159/2192 2128/2224/2192 2127/2223/2191
f 2064/2159/2192 2065/2160/2193 2129/2225/2193 2128/2224/2192
f 2065/2160/2193 2066/2161/2194 2130/2226/2194 2129/2225/2193
f 2066/2161/2194 2067/2162/2195 2131/2227/2195 2130/2226/2194
f 2067/2162/2195 2068/2163/2196 2132/2228/2196 2131/2227/2195
f 2068/2163/2196 2069/2164/2197 2133/2229/2197 2132/2228/2196
f 2069/2164/2197 2070/2165/2198 2134/2230/2198 2133/2229/2197
f 2070/2165/2198 2071/2166/2199 2135/2231/2199 2134/2230/2198
f 2071/2166/2199 2072/2167/2200 2136/2232/2200 2135/2231/2199
f 2072/2167/2200 2073/2168/2201 2137/2233/2201 2136/2232/2200
f 2073/2168/2201 2074/2169/2202 2138/2234/2202 2137/2233/2201
f 2074/2169/2202 2075/2170/2203 2139/2235/2203 2138/2234/2202
f 2075/2170/2203 2076/2171/2204 2140/2236/2204 2139/2235/2203
f 2076/2171/2204 2077/2172/2205 2141/2237/2205 2140/2236/2204
f 2077/2172/2205 2078/2173/2206 2142/2238/2206 2141/2237/2205
f 2078/2173/2206 2079/2174/2207 2143/2239/2207 2142/2238/2206
f 2079/2174/2207 2080/2175/2208 2144/2240/2208 2143/2239/2207
f 2080/2175/2208 2081/2176/2209 2145/2241/2209 2144/2240/2208
f 2081/2176/2209 2082/2177/2210 2146/2242/2210 2145/2241/2209
f 2082/2177/2210 2083/2178/2211 2147/2243/2211 2146/2242/2210
f 2083/2178/2211 2084/2179/2212 2148/2244/2212 2147/2243/2211
f 2084/2179/2212 2085/2180/2213 2149/2245/2213 2148/2244/2212
f 2085/2180/2213 2086/2181/2214 2150/2246/2214 2149/2245/2213
f 2086/2181/2214 2087/2182/2215 2151/2247/2215 2150/2246/2214
f 2087/2182/2215 2088/2183/2216 2152/2248/2216 2151/2247/2215
f 2088/2183/2216 2089/2184/2217 2153/2249/2217 2152/2248/2216
f 2089/2184/2217 2090/2185/2218 2154/2250/2218 2153/2249/2217
f 2090/2185/2218 2091/2186/2219 2155/2251/2219 2154/2250/2218
f 2091/2186/2219 2092/2187/2220 2156/2252/2220 2155/2251/2219
f 2092/2187/2220 2093/2188/2221 2157/2253/2221 2156/2252/2220
f 2093/2188/2221 2094/2189/2222 2158/2254/2222 2157/2253/2221
f 2094/2189/2222 2095/2190/2223 2159/2255/2223 2158/2254/2222
f 2095/2190/2223 2096/2191/2224 2160/2256/2224 2159/2255/2223
f 2096/2191/2224 2097/2192/2225 2161/2257/2225 2160/2256/2224
f 2097/2192/2225 2098/2193/2226 2162/2258/2226 2161/2257/2225
f 2098/2193/2226 2099/2194/2227 2163/2259/2227 2162/2258/2226
f 2099/2194/2227 2100/2195/2228 2164/2260/2228 2163/2259/2227
f 2100/2195/2228 2101/2196/2229 2165/2261/2229 2164/2260/2228
f 2101/2196/2229 2102/2197/2230 2166/2262/2230 2165/2261/2229
f 2102/2197/2230 2103/2198/2231 2167/2263/2231 2166/2262/2230
f 2103/2198/2231 2104/2199/2232 2168/2264/2232 2167/2263/2231
f 2104/2199/2232 2105/2200/2233 2169/2265/2233 2168/2264/2232
f 2105/2200/2233 2106/2201/2234 2170/2266/2234 2169/2265/2233
f 2106/2201/2234 2107/2202/2235 2171/2267/2235 2170/2266/2234
f 2107/2202/2235 2108/2203/2236 2172/2268/2236 2171/2267/2235
f 2108/2203/2236 2109/2204/2237 2173/2269/2237 2172/2268/2236
f 2109/2204/2237 2110/2205/2238 2174/2270/2238 2173/2269/2237
f 2110/2205/2238 2111/2206/2239 2175/2271/2239 2174/2270/2238
f 2111/2206/2239 2112/2207/2240 2176/2272/2240 2175/2271/2239
f 2112/2207/2240 2113/2208/2241 2177/2273/2241 2176/2272/2240
f 2113/2208/2241 2050/2209/2178 2114/2274/2178 2177/2273/2241
f 2114/2211/2242 2115/2210/2243 2179/2275/2243 2178/2276/2242
f 2115/2210/2243 2116/2212/2244 2180/2277/2244 2179/2275/2243
f 2116/2212/2244 2117/2213/2245 2181/2278/2245 2180/2277/2244
f 2117/2213/2245 2118/2214/2246 2182/2279/2246 2181/2278/2245
f 2118/2214/2246 2119/2215/2247 2183/2280/2247 2182/2279/2246
f 2119/2215/2247 2120/2216/2248 2184/2281/2248 2183/2280/2247
f 2120/2216/2248 2121/2217/2249 2185/2282/2249 2184/2281/2248
f 2121/2217/2249 2122/2218/2250 2186/2283/2250 2185/2282/2249
f 2122/2218/2250 2123/2219/2251 2187/2284/2251 2186/2283/2250
f 2123/2219/2251 2124/2220/2252 2188/2285/2252 2187/2284/2251
f 2124/2220/2252 2125/2221/2253 2189/2286/2253 2188/2285/2252
f 2125/2221/2253 2126/2222/2254 2190/2287/2254 2189/2286/2253
f 2126/2222/2254 2127/2223/2255 2191/2288/2255 2190/2287/2254
f 2127/2223/2255 2128/2224/2256 2192/2289/2256 2191/2288/2255
f 2128/2224/2256 2129/2225/2257 2193/2290/2257 2192/2289/2256
f 2129/2225/2257 2130/2226/2258 2194/2291/2258 2193/2290/2257
f 2130/2226/2258 2131/2227/2259 2195/2292/2259 2194/2291/2258
f 2131/2227/2259 2132/2228/2260 2196/2293/2260 2195/2292/2259
f 2132/2228/2260 2133/2229/2261 2197/2294/2261 2196/2293/2260
f 2133/2229/2261 2134/2230/2262 2198/2295/2262 2197/2294/2261
f 2134/2230/2262 2135/2231/2263 2199/2296/2263 2198/2295/2262
f 2135/2231/2263 2136/2232/2264 2200/2297/2264 2199/2296/2263
f 2136/2232/2264 2137/2233/2265 2201/2298/2265 2200/2297/2264
f 2137/2233/2265 2138/2234/2266 2202/2299/2266 2201/2298/2265
f 2138/2234/2266 2139/2235/2267 2203/2300/2267 2202/2299/2266
f 2139/2235/2267 2140/2236/2268 2204/2301/2268 2203/2300/2267
f 2140/2236/2268 2141/2237/2269 2205/2302/2269 2204/2301/2268
f 2141/2237/2269 2142/2238/2270 2206/2303/2270 2205/2302/2269
f 2142/2238/2270 2143/2239/2271 2207/2304/2271 2206/2303/2270
f 2143/2239/2271 2144/2240/2272 2208/2305/2272 2207/2304/2271
f 2144/2240/2272 2145/2241/2273 2209/2306/2273 2208/2305/2272
f 2145/2241/2273 2146/2242/2274 2210/2307/2274 2209/2306/2273
f 2146/2242/2274 2147/2243/2275 2211/2308/2275 2210/2307/2274
f 2147/2243/2275 2148/2244/2276 2212/2309/2276 2211/2308/2275
f 2148/2244/2276 2149/2245/2277 2213/2310/2277 2212/2309/2276
f 2149/2245/2277 2150/2246/2278 2214/2311/2278 2213/2310/2277
f 2150/2246/2278 2151/2247/2279 2215/2312/2279 2214/2311/2278
f 2151/2247/2279 2152/2248/2280 2216/2313/2280 2215/2312/2279
f 2152/2248/2280 2153/2249/2281 2217/2314/2281 2216/2313/2280
f 2153/2249/2281 2154/2250/2282 2218/2315/2282 2217/2314/2281
f 2154/2250/2282 2155/2251/2283 2219/2316/2283 2218/2315/2282
f 2155/2251/2283 2156/2252/2284 2220/2317/2284 2219/2316/2283
f 2156/2252/2284 2157/2253/2285 2221/2318/2285 2220/2317/2284
f 2157/2253/2285 2158/2254/2286 2222/2319/2286 2221/2318/2285
f 2158/2254/2286 2159/2255/2287 2223/2320/2287 2222/2319/2286
f 2159/2255/2287 2160/2256/2288 2224/2321/2288 2223/2320/2287
f 2160/2256/2288 2161/2257/2289 2225/2322/2289 2224/2321/2288
f 2161/2257/2289 2162/2258/2290 2226/2323/2290 2225/2322/2289
f 2162/2258/2290 2163/2259/2291 2227/2324/2291 2226/2323/2290
f 2163/2259/2291 2164/2260/2292 2228/2325/2292 2227/2324/2291
f 2164/2260/2292 2165/2261/2293 2229/2326/2293 2228/2325/2292
f 2165/2261/2293 2166/2262/2294 2230/2327/2294 2229/2326/2293
f 2166/2262/2294 2167/2263/2295 2231/2328/2295 2230/2327/2294
f 2167/2263/2295 2168/2264/2296 2232/2329/2296 2231/2328/2295
f 2168/2264/2296 2169/2265/2297 2233/2330/2297 2232/2329/2296
f 2169/2265/2297 2170/2266/2298 2234/2331/2298 2233/2330/2297
f 2170/2266/2298 2171/2267/2299 2235/2332/2299 2234/2331/2298
f 2171/2267/2299 2172/2268/2300 2236/2333/2300 2235/2332/2299
f 2172/2268/2300 2173/2269/2301 2237/2334/2301 2236/2333/2300
f 2173/2269/2301 2174/2270/2302 2238/2335/2302 2237/2334/2301
f 2174/2270/2302 2175/2271/2303 2239/2336/2303 2238/2335/2302
f 2175/2271/2303 2176/2272/2304 2240/2337/2304 2239/2336/2303
f 2176/2272/2304 2177/2273/2305 2241/2338/2305 2240/2337/2304
f 2177/2273/2305 2114/2274/2242 2178/2339/2242 2241/2338/2305
f 2178/2276/2306 2179/2275/2307 2243/2340/2308 2242/2341/2309
f 2179/2275/2307 2180/2277/2310 2244/2342/2311 2243/2340/2308
f 2180/2277/2310 2181/2278/2312 2245/2343/2313 2244/2342/2311
f 2181/2278/2312 2182/2279/2314 2246/2344/2315 2245/2343/2313
f 2182/2279/2314 2183/2280/2316 2247/2345/2317 2246/2344/2315
f 2183/2280/2316 2184/2281/2318 2248/2346/2319 2247/2345/2317
f 2184/2281/2318 2185/2282/2320 2249/2347/2321 2248/2346/2319
f 2185/2282/2320 2186/2283/2322 2250/2348/2323 2249/2347/2321
f 2186/2283/2322 2187/2284/2324 2251/2349/2325 2250/2348/2323
f 2187/2284/2324 2188/2285/2326 2252/2350/2327 2251/2349/2325
f 2188/2285/2326 2189/2286/2328 2253/2351/2329 2252/2350/2327
f 2189/2286/2328 2190/2287/2330 2254/2352/2331 2253/2351/2329
f 2190/2287/2330 2191/2288/2332 2255/2353/2333 2254/2352/2331
f 2191/2288/2332 2192/2289/2334 2256/2354/2335 2255/2353/2333
f 2192/2289/2334 2193/2290/2336 2257/2355/2337 2256/2354/2335
f 2193/2290/2336 2194/2291/2338 2258/2356/2339 2257/2355/2337
f 2194/2291/2338 2195/2292/2340 2259/2357/2341 2258/2356/2339
f 2195/2292/2340 2196/2293/2342 2260/2358/2343 2259/2357/2341
f 2196/2293/2342 2197/2294/2344 2261/2359/2345 2260/2358/2343
f 2197/2294/2344 2198/2295/2346 2262/2360/2347 2261/2359/2345
f 2198/2295/2346 2199/2296/2348 2263/2361/2349 2262/2360/2347
f 2199/2296/2348 2200/2297/2350 2264/2362/2351 2263/2361/2349
f 2200/2297/2350 2201/2298/2352 2265/2363/2353 2264/2362/2351
f 2201/2298/2352 2202/2299/2354 2266/2364/2355 2265/2363/2353
f 2202/2299/2354 2203/2300/2356 2267/2365/2357 2266/2364/2355
f 2203/2300/2356 2204/2301/2358 2268/2366/2359 2267/2365/2357
f 2204/2301/2358 2205/2302/2360 2269/2367/2361 2268/2366/2359
f 2205/2302/2360 2206/2303/2362 2270/2368/2363 2269/2367/2361
f 2206/2303/2362 2207/2304/2364 2271/2369/2365 2270/2368/2363
f 2207/2304/2364 2208/2305/2366 2272/2370/2367 2271/2369/2365
f 2208/2305/2366 2209/2306/2368 2273/2371/2369 2272/2370/2367
f 2209/2306/2368 2210/2307/2370 2274/2372/2371 2273/2371/2369
f 2210/2307/2370 2211/2308/2372 2275/2373/2373 2274/2372/2371
f 2211/2308/2372 2212/2309/2374 2276/2374/2375 2275/2373/2373
f 2212/2309/2374 2213/2310/2376 2277/2375/2377 2276/2374/2375
f 2213/2310/2376 2214/2311/2378 2278/2376/2379 2277/2375/2377
f 2214/2311/2378 2215/2312/2380 2279/2377/2381 2278/2376/2379
f 2215/2312/2380 2216/2313/2382 2280/2378/2383 2279/2377/2381
f 2216/2313/2382 2217/2314/2384 2281/2379/2385 2280/2378/2383
f 2217/2314/2384 2218/2315/2386 2282/2380/2387 2281/2379/2385
f 2218/2315/2386 2219/2316/2388 2283/2381/2389 2282/2380/2387
f 2219/2316/2388 2220/2317/2390 2284/2382/2391 2283/2381/2389
f 2220/2317/2390 2221/2318/2392 2285/2383/2393 2284/2382/2391
f 2221/2318/2392 2222/2319/2394 2286/2384/2395 2285/2383/2393
f 2222/2319/2394 2223/2320/2396 2287/2385/2397 2286/2384/2395
f 2223/2320/2396 2224/2321/2398 2288/2386/2399 2287/2385/2397
f 2224/2321/2398 2225/2322/2400 2289/2387/2401 2288/2386/2399
f 2225/2322/2400 2226/2323/2402 2290/2388/2403 2289/2387/2401
f 2226/2323/2402 2227/2324/2404 2291/2389/2405 2290/2388/2403
f 2227/2324/2404 2228/2325/2406 2292/2390/2407 2291/2389/2405
f 2228/2325/2406 2229/2326/2408 2293/2391/2409 2292/2390/2407
f 2229/2326/2408 2230/2327/2410 2294/2392/2411 2293/2391/2409
f 2230/2327/2410 2231/2328/2412 2295/2393/2413 2294/2392/2411
f 2231/2328/2412 2232/2329/2414 2296/2394/2415 2295/2393/2413
f 2232/2329/2414 2233/2330/2416 2297/2395/2417 2296/2394/2415
f 2233/2330/2416 2234/2331/2418 2298/2396/2419 2297/2395/2417
f 2234/2331/2418 2235/2332/2420 2299/2397/2421 2298/2396/2419
f 2235/2332/2420 2236/2333/2422 2300/2398/2423 2299/2397/2421
f 2236/2333/2422 2237/2334/2424 2301/2399/2425 2300/2398/2423
f 2237/2334/2424 2238/2335/2426 2302/2400/2427 2301/2399/2425
f 2238/2335/2426 2239/2336/2428 2303/2401/2429 2302/2400/2427
f 2239/2336/2428 2240/2337/2430 2304/2402/2431 2303/2401/2429
f 2240/2337/2430 2241/2338/2432 2305/2403/2433 2304/2402/2431
f 2241/2338/2432 2178/2339/2306 2242/2404/2309 2305/2403/2433
f 2242/2341/2309 2243/2340/2308 2307/2405/2434 2306/2406/2435
f 2243/2340/2308 2244/2342/2311 2308/2407/2436 2307/2405/2434
f 2244/2342/2311 2245/2343/2313 2309/2408/2437 2308/2407/2436
f 2245/2343/2313 2246/2344/2315 2310/2409/2438 2309/2408/2437
f 2246/2344/2315 2247/2345/2317 2311/2410/2439 2310/2409/2438
f 2247/2345/2317 2248/2346/2319 2312/2411/2440 2311/2410/2439
f 2248/2346/2319 2249/2347/2321 2313/2412/2441 2312/2411/2440
f 2249/2347/2321 2250/2348/2323 2314/2413/2442 2313/2412/2441
f 2250/2348/2323 2251/2349/2325 2315/2414/2443 2314/2413/2442
f 2251/2349/2325 2252/2350/2327 2316/2415/2444 2315/2414/2443
f 2252/2350/2327 2253/2351/2329 2317/2416/2445 2316/2415/2444
f 2253/2351/2329 2254/2352/2331 2318/2417/2446 2317/2416/2445
f 2254/2352/2331 2255/2353/2333 2319/2418/2447 2318/2417/2446
f 2255/2353/2333 2256/2354/2335 2320/2419/2448 2319/2418/2447
f 2256/2354/2335 2257/2355/2337 2321/2420/2449 2320/2419/2448
f 2257/2355/2337 2258/2356/2339 2322/2421/2450 2321/2420/2449
f 2258/2356/2339 2259/2357/2341 2323/2422/2451 2322/2421/2450
f 2259/2357/2341 2260/2358/2343 2324/2423/2452 2323/2422/2451
f 2260/2358/2343 2261/2359/2345 2325/2424/2453 2324/2423/2452
f 2261/2359/2345 2262/2360/2347 2326/2425/2454 2325/2424/2453
f 2262/2360/2347 2263/2361/2349 2327/2426/2455 2326/2425/2454
f 2263/2361/2349 2264/2362/2351 2328/2427/2456 2327/2426/2455
f 2264/2362/2351 2265/2363/2353 2329/2428/2457 2328/2427/2456
f 2265/2363/2353 2266/2364/2355 2330/2429/2458 2329/2428/2457
f 2266/2364/2355 2267/2365/2357 2331/2430/2459 2330/2429/2458
f 2267/2365/2357 2268/2366/2359 2332/2431/2460 2331/2430/2459
f 2268/2366/2359 2269/2367/2361 2333/2432/2461 2332/2431/2460
f 2269/2367/2361 2270/2368/2363 2334/2433/2462 2333/2432/2461
f 2270/2368/2363 2271/2369/2365 2335/2434/2463 2334/2433/2462
f 2271/2369/2365 2272/2370/2367 2336/2435/2464 2335/2434/2463
f 2272/2370/2367 2273/2371/2369 2337/2436/2465 2336/2435/2464
f 2273/2371/2369 2274/2372/2371 2338/2437/2466 2337/2436/2465
f 2274/2372/2371 2275/2373/2373 2339/2438/2467 2338/2437/2466
f 2275/2373/2373 2276/2374/2375 2340/2439/2468 2339/2438/2467
f 2276/2374/2375 2277/2375/2377 2341/2440/2469 2340/2439/2468
f 2277/2375/2377 2278/2376/2379 2342/2441/2470 2341/2440/2469
f 2278/2376/2379 2279/2377/2381 2343/2442/2471 2342/2441/2470
f 2279/2377/2381 2280/2378/2383 2344/2443/2472 2343/2442/2471
f 2280/2378/2383 2281/2379/2385 2345/2444/2473 2344/2443/2472
f 2281/2379/2385 2282/2380/2387 2346/2445/2474 2345/2444/2473
f 2282/2380/2387 2283/2381/2389 2347/2446/2475 2346/2445/2474
f 2283/2381/2389 2284/2382/2391 2348/2447/2476 2347/2446/2475
f 2284/2382/2391 2285/2383/2393 2349/2448/2477 2348/2447/2476
f 2285/2383/2393 2286/2384/2395 2350/2449/2478 2349/2448/2477
f 2286/2384/2395 2287/2385/2397 2351/2450/2479 2350/2449/2478
f 2287/2385/2397 2288/2386/2399 2352/2451/2480 2351/2450/2479
f 2288/2386/2399 2289/2387/2401 2353/2452/2481 2352/2451/2480
f 2289/2387/2401 2290/2388/2403 2354/2453/2482 2353/2452/2481
f 2290/2388/2403 2291/2389/2405 2355/2454/2483 2354/2453/2482
f 2291/2389/2405 2292/2390/2407 2356/2455/2484 2355/2454/2483
f 2292/2390/2407 2293/2391/2409 2357/2456/2485 2356/2455/2484
f 2293/2391/2409 2294/2392/2411 2358/2457/2486 2357/2456/2485
f 2294/2392/2411 2295/2393/2413 2359/2458/2487 2358/2457/2486
f 2295/2393/2413 2296/2394/2415 2360/2459/2488 2359/2458/2487
f 2296/2394/2415 2297/2395/2417 2361/2460/2489 2360/2459/2488
f 2297/2395/2417 2298/2396/2419 2362/2461/2490 2361/2460/2489
f 2298/2396/2419 2299/2397/2421 2363/2462/2491 2362/2461/2490
f 2299/2397/2421 2300/2398/2423 2364/2463/2492 2363/2462/2491
f 2300/2398/2423 2301/2399/2425 2365/2464/2493 2364/2463/2492
f 2301/2399/2425 2302/2400/2427 2366/2465/2494 2365/2464/2493
f 2302/2400/2427 2303/2401/2429 2367/2466/2495 2366/2465/2494
f 2303/2401/2429 2304/2402/2431 2368/2467/2496 2367/2466/2495
f 2304/2402/2431 2305/2403/2433 2369/2468/2497 2368/2467/2496
f 2305/2403/2433 2242/2404/2309 2306/2469/2435 2369/2468/2497
f 2306/2406/2435 2307/2405/2434 2371/2470/2498 2370/2471/2499
f 2307/2405/2434 2308/2407/2436 2372/2472/2500 2371/2470/2498
f 2308/2407/2436 2309/2408/2437 2373/2473/2501 2372/2472/2500
f 2309/2408/2437 2310/2409/2438 2374/2474/2502 2373/2473/2501
f 2310/2409/2438 2311/2410/2439 2375/2475/2503 2374/2474/2502
f 2311/2410/2439 2312/2411/2440 2376/2476/2504 2375/2475/2503
f 2312/2411/2440 2313/2412/2441 2377/2477/2505 2376/2476/2504
f 2313/2412/2441 2314/2413/2442 2378/2478/2506 2377/2477/2505
f 2314/2413/2442 2315/2414/2443 2379/2479/2507 2378/2478/2506
f 2315/2414/2443 2316/2415/2444 2380/2480/2508 2379/2479/2507
f 2316/2415/2444 2317/2416/2445 2381/2481/2509 2380/2480/2508
f 2317/2416/2445 2318/2417/2446 2382/2482/2510 2381/2481/2509
f 2318/2417/2446 2319/2418/2447 2383/2483/2511 2382/2482/2510
f 2319/2418/2447 2320/2419/2448 2384/2484/2512 2383/2483/2511
f 2320/2419/2448 2321/2420/2449 2385/2485/2513 2384/2484/2512
f 2321/2420/2449 2322/2421/2450 2386/2486/2514 2385/2485/2513
f 2322/2421/2450 2323/2422/2451 2387/2487/2515 2386/2486/2514
f 2323/2422/2451 2324/2423/2452 2388/2488/2516 2387/2487/2515
f 2324/2423/2452 2325/2424/2453 2389/2489/2517 2388/2488/2516
f 2325/2424/2453 2326/2425/2454 2390/2490/2518 2389/2489/2517
f 2326/2425/2454 2327/2426/2455 2391/2491/2519 2390/2490/2518
f 2327/2426/2455 2328/2427/2456 2392/2492/2520 2391/2491/2519
f 2328/2427/2456 2329/2428/2457 2393/2493/2521 2392/2492/2520
f 2329/2428/2457 2330/2429/2458 2394/2494/2522 2393/2493/2521
f 2330/2429/2458 2331/2430/2459 2395/2495/2523 2394/2494/2522
f 2331/2430/2459 2332/2431/2460 2396/2496/2524 2395/2495/2523
f 2332/2431/2460 2333/2432/2461 2397/2497/2525 2396/2496/2524
f 2333/2432/2461 2334/2433/2462 2398/2498/2526 2397/2497/2525
f 2334/2433/2462 2335/2434/2463 2399/2499/2527 2398/2498/2526
f 2335/2434/2463 2336/2435/2464 2400/2500/2528 2399/2499/2527
f 2336/2435/2464 2337/2436/2465 2401/2501/2529 2400/2500/2528
f 2337/2436/2465 2338/2437/2466 2402/2502/2530 2401/2501/2529
f 2338/2437/2466 2339/2438/2467 2403/2503/2531 2402/2502/2530
f 2339/2438/2467 2340/2439/2468 2404/2504/2532 2403/2503/2531
f 2340/2439/2468 2341/2440/2469 2405/2505/2533 2404/2504/2532
f 2341/2440/2469 2342/2441/2470 2406/2506/2534 2405/2505/2533
f 2342/2441/2470 2343/2442/2471 2407/2507/2535 2406/2506/2534
f 2343/2442/2471 2344/2443/2472 2408/2508/2536 2407/2507/2535
f 2344/2443/2472 2345/2444/2473 2409/2509/2537 2408/2508/2536
f 2345/2444/2473 2346/2445/2474 2410/2510/2538 2409/2509/2537
f 2346/2445/2474 2347/2446/2475 2411/2511/2539 2410/2510/2538
f 2347/2446/2475 2348/2447/2476 2412/2512/2540 2411/2511/2539
f 2348/2447/2476 2349/2448/2477 2413/2513/2541 2412/2512/2540
f 2349/2448/2477 2350/2449/2478 2414/2514/2542 2413/2513/2541
f 2350/2449/2478 2351/2450/2479 2415/2515/2543 2414/2514/2542
f 2351/2450/2479 2352/2451/2480 2416/2516/2544 2415/2515/2543
f 2352/2451/2480 2353/2452/2481 2417/2517/2545 2416/2516/2544
f 2353/2452/2481 2354/2453/2482 2418/2518/2546 2417/2517/2545
f 2354/2453/2482 2355/2454/2483 2419/2519/2547 2418/2518/2546
f 2355/2454/2483 2356/2455/2484 2420/2520/2548 2419/2519/2547
f 2356/2455/2484 2357/2456/2485 2421/2521/2549 2420/2520/2548
f 2357/2456/2485 2358/2457/2486 2422/2522/2550 2421/2521/2549
f 2358/2457/2486 2359/2458/2487 2423/2523/2551 2422/2522/2550
f 2359/2458/2487 2360/2459/2488 2424/2524/2552 2423/2523/2551
f 2360/2459/2488 2361/2460/2489 2425/2525/2553 2424/2524/2552
f 2361/2460/2489 2362/2461/2490 2426/2526/2554 2425/2525/2553
f 2362/2461/2490 2363/2462/2491 2427/2527/2555 2426/2526/2554
f 2363/2462/2491 2364/2463/2492 2428/2528/2556 2427/2527/2555
f 2364/2463/2492 2365/2464/2493 2429/2529/2557 2428/2528/2556
f 2365/2464/2493 2366/2465/2494 2430/2530/2558 2429/2529/2557
f 2366/2465/2494 2367/2466/2495 2431/2531/2559 2430/2530/2558
f 2367/2466/2495 2368/2467/2496 2432/2532/2560 2431/2531/2559
f 2368/2467/2496 2369/2468/2497 2433/2533/2561 2432/2532/2560
f 2369/2468/2497 2306/2469/2435 2370/2534/2499 2433/2533/2561
f 2370/2471/2499 2371/2470/2498 2435/2535/2562 2434/2536/2563
f 2371/2470/2498 2372/2472/2500 2436/2537/2564 2435/2535/2562
f 2372/2472/2500 2373/2473/2501 2437/2538/2565 2436/2537/2564
f 2373/2473/2501 2374/2474/2502 2438/2539/2566 2437/2538/2565
f 2374/2474/2502 2375/2475/2503 2439/2540/2567 2438/2539/2566
f 2375/2475/2503 2376/2476/2504 2440/2541/2568 2439/2540/2567
f 2376/2476/2504 2377/2477/2505 2441/2542/2569 2440/2541/2568
f 2377/2477/2505 2378/2478/2506 2442/2543/2570 2441/2542/2569
f 2378/2478/2506 2379/2479/2507 2443/2544/2571 2442/2543/2570
f 2379/2479/2507 2380/2480/2508 2444/2545/2572 2443/2544/2571
f 2380/2480/2508 2381/2481/2509 2445/2546/2573 2444/2545/2572
f 2381/2481/2509 2382/2482/2510 2446/2547/2574 2445/2546/2573
f 2382/2482/2510 2383/2483/2511 2447/2548/2575 2446/2547/2574
f 2383/2483/2511 2384/2484/2512 2448/2549/2576 2447/2548/2575
f 2384/2484/2512 2385/2485/2513 2449/2550/2577 2448/2549/2576
f 2385/2485/2513 2386/2486/2514 2450/2551/2578 2449/2550/2577
f 2386/2486/2514 2387/2487/2515 2451/2552/2579 2450/2551/2578
f 2387/2487/2515 2388/2488/2516 2452/2553/2580 2451/2552/2579
f 2388/2488/2516 2389/2489/2517 2453/2554/2581 2452/2553/2580
f 2389/2489/2517 2390/2490/2518 2454/2555/2582 2453/2554/2581
f 2390/2490/2518 2391/2491/2519 2455/2556/2583 2454/2555/2582
f 2391/2491/2519 2392/2492/2520 2456/2557/2584 2455/2556/2583
f 2392/2492/2520 2393/2493/2521 2457/2558/2585 2456/2557/2584
f 2393/2493/2521 2394/2494/2522 2458/2559/2586 2457/2558/2585
f 2394/2494/2522 2395/2495/2523 2459/2560/2587 2458/2559/2586
f 2395/2495/2523 2396/2496/2524 2460/2561/2588 2459/2560/2587
f 2396/2496/2524 2397/2497/2525 2461/2562/2589 2460/2561/2588
f 2397/2497/2525 2398/2498/2526 2462/2563/2590 2461/2562/2589
f 2398/2498/2526 2399/2499/2527 2463/2564/2591 2462/2563/2590
f 2399/2499/2527 2400/2500/2528 2464/2565/2592 2463/2564/2591
f 2400/2500/2528 2401/2501/2529 2465/2566/2593 2464/2565/2592
f 2401/2501/2529 2402/2502/2530 2466/2567/2594 2465/2566/2593
f 2402/2502/2530 2403/2503/2531 2467/2568/2595 2466/2567/2594
f 2403/2503/2531 2404/2504/2532 2468/2569/2596 2467/2568/2595
f 2404/2504/2532 2405/2505/2533 2469/2570/2597 2468/2569/2596
f 2405/2505/2533 2406/2506/2534 2470/2571/2598 2469/2570/2597
f 2406/2506/2534 2407/2507/2535 2471/2572/2599 2470/2571/2598
f 2407/2507/2535 2408/2508/2536 2472/2573/2600 2471/2572/2599
f 2408/2508/2536 2409/2509/2537 2473/2574/2601 2472/2573/2600
f 2409/2509/2537 2410/2510/2538 2474/2575/2602 2473/2574/2601
f 2410/2510/2538 2411/2511/2539 2475/2576/2603 2474/2575/2602
f 2411/2511/2539 2412/2512/2540 2476/2577/2604 2475/2576/2603
f 2412/2512/2540 2413/2513/2541 2477/2578/2605 2476/2577/2604
f 2413/2513/2541 2414/2514/2542 2478/2579/2606 2477/2578/2605
f 2414/2514/2542 2415/2515/2543 2479/2580/2607 2478/2579/2606
f 2415/2515/2543 2416/2516/2544 2480/2581/2608 2479/2580/2607
f 2416/2516/2544 2417/2517/2545 2481/2582/2609 2480/2581/2608
f 2417/2517/2545 2418/2518/2546 2482/2583/2610 2481/2582/2609
f 2418/2518/2546 2419/2519/2547 2483/2584/2611 2482/2583/2610
f 2419/2519/2547 2420/2520/2548 2484/2585/2612 2483/2584/2611
f 2420/2520/2548 2421/2521/2549 2485/2586/2613 2484/2585/2612
f 2421/2521/2549 2422/2522/2550 2486/2587/2614 2485/2586/2613
f 2422/2522/2550 2423/2523/2551 2487/2588/2615 2486/2587/2614
f 2423/2523/2551 2424/2524/2552 2488/2589/2616 2487/2588/2615
f 2424/2524/2552 2425/2525/2553 2489/2590/2617 2488/2589/2616
f 2425/2525/2553 2426/2526/2554 2490/2591/2618 2489/2590/2617
f 2426/2526/2554 2427/2527/2555 2491/2592/2619 2490/2591/2618
f 2427/2527/2555 2428/2528/2556 2492/2593/2620 2491/2592/2619
f 2428/2528/2556 2429/2529/2557 2493/2594/2621 2492/2593/2620
f 2429/2529/2557 2430/2530/2558 2494/2595/2622 2493/2594/2621
f 2430/2530/2558 2431/2531/2559 2495/2596/2623 2494/2595/2622
f 2431/2531/2559 2432/2532/2560 2496/2597/2624 2495/2596/2623
f 2432/2532/2560 2433/2533/2561 2497/2598/2625 2496/2597/2624
f 2433/2533/2561 2370/2534/2499 2434/2599/2563 2497/2598/2625
f 2434/2536/2563 2435/2535/2562 2499/2600/2626 2498/2601/2627
f 2435/2535/2562 2436/2537/2564 2500/2602/2628 2499/2600/2626
f 2436/2537/2564 2437/2538/2565 2501/2603/2629 2500/2602/2628
f 2437/2538/2565 2438/2539/2566 2502/2604/2630 2501/2603/2629
f 2438/2539/2566 2439/2540/2567 2503/2605/2631 2502/2604/2630
f 2439/2540/2567 2440/2541/2568 2504/2606/2632 2503/2605/2631
f 2440/2541/2568 2441/2542/2569 2505/2607/2633 2504/2606/2632
f 2441/2542/2569 2442/2543/2570 2506/2608/2634 2505/2607/2633
f 2442/2543/2570 2443/2544/2571 2507/2609/2635 2506/2608/2634
f 2443/2544/2571 2444/2545/2572 2508/2610/2636 2507/2609/2635
f 2444/2545/2572 2445/2546/2573 2509/2611/2637 2508/2610/2636
f 2445/2546/2573 2446/2547/2574 2510/2612/2638 2509/2611/2637
f 2446/2547/2574 2447/2548/2575 2511/2613/2639 2510/2612/2638
f 2447/2548/2575 2448/2549/2576 2512/2614/2640 2511/2613/2639
f 2448/2549/2576 2449/2550/2577 2513/2615/2641 2512/2614/2640
f 2449/2550/2577 2450/2551/2578 2514/2616/2642 2513/2615/2641
f 2450/2551/2578 2451/2552/2579 2515/2617/2643 2514/2616/2642
f 2451/2552/2579 2452/2553/2580 2516/2618/2644 2515/2617/2643
f 2452/2553/2580 2453/2554/2581 2517/2619/2645 2516/2618/2644
f 2453/2554/2581 2454/2555/2582 2518/2620/2646 2517/2619/2645
f 2454/2555/2582 2455/2556/2583 2519/2621/2647 2518/2620/2646
f 2455/2556/2583 2456/2557/2584 2520/2622/2648 2519/2621/2647
f 2456/2557/2584 2457/2558/2585 2521/2623/2649 2520/2622/2648
f 2457/2558/2585 2458/2559/2586 2522/2624/2650 2521/2623/2649
f 2458/2559/2586 2459/2560/2587 2523/2625/2651 2522/2624/2650
f 2459/2560/2587 2460/2561/2588 2524/2626/2652 2523/2625/2651
f 2460/2561/2588 2461/2562/2589 2525/2627/2653 2524/2626/2652
f 2461/2562/2589 2462/2563/2590 2526/2628/2654 2525/2627/2653
f 2462/2563/2590 2463/2564/2591 2527/2629/2655 2526/2628/2654
f 2463/2564/2591 2464/2565/2592 2528/2630/2656 2527/2629/2655
f 2464/2565/2592 2465/2566/2593 2529/2631/2657 2528/2630/2656
f 2465/2566/2593 2466/2567/2594 2530/2632/2658 2529/2631/2657
f 2466/2567/2594 2467/2568/2595 2531/2633/2659 2530/2632/2658
f 2467/2568/2595 2468/2569/2596 2532/2634/2660 2531/2633/2659
f 2468/2569/2596 2469/2570/2597 2533/2635/2661 2532/2634/2660
f 2469/2570/2597 2470/2571/2598 2534/2636/2662 2533/2635/2661
f 2470/2571/2598 2471/2572/2599 2535/2637/2663 2534/2636/2662
f 2471/2572/2599 2472/2573/2600 2536/2638/2664 2535/2637/2663
f 2472/2573/2600 2473/2574/2601 2537/2639/2665 2536/2638/2664
f 2473/2574/2601 2474/2575/2602 2538/2640/2666 2537/2639/2665
f 2474/2575/2602 2475/2576/2603 2539/2641/2667 2538/2640/2666
f 2475/2576/2603 2476/2577/2604 2540/2642/2668 2539/2641/2667
f 2476/2577/2604 2477/2578/2605 2541/2643/2669 2540/2642/2668
f 2477/2578/2605 2478/2579/2606 2542/2644/2670 2541/2643/2669
f 2478/2579/2606 2479/2580/2607 2543/2645/2671 2542/2644/2670
f 2479/2580/2607 2480/2581/2608 2544/2646/2672 2543/2645/2671
f 2480/2581/2608 2481/2582/2609 2545/2647/2673 2544/2646/2672
f 2481/2582/2609 2482/2583/2610 2546/2648/2674 2545/2647/2673
f 2482/2583/2610 2483/2584/2611 2547/2649/2675 2546/2648/2674
f 2483/2584/2611 2484/2585/2612 2548/2650/2676 2547/2649/2675
f 2484/2585/2612 2485/2586/2613 2549/2651/2677 2548/2650/2676
f 2485/2586/2613 2486/2587/2614 2550/2652/2678 2549/2651/2677
f 2486/2587/2614 2487/2588/2615 2551/2653/2679 2550/2652/2678
f 2487/2588/2615 2488/2589/2616 2552/2654/2680 2551/2653/2679
f 2488/2589/2616 2489/2590/2617 2553/2655/2681 2552/2654/2680
f 2489/2590/2617 2490/2591/2618 2554/2656/2682 2553/2655/2681
f 2490/2591/2618 2491/2592/2619 2555/2657/2683 2554/2656/2682
f 2491/2592/2619 2492/2593/2620 2556/2658/2684 2555/2657/2683
f 2492/2593/2620 2493/2594/2621 2557/2659/2685 2556/2658/2684
f 2493/2594/2621 2494/2595/2622 2558/2660/2686 2557/2659/2685
f 2494/2595/2622 2495/2596/2623 2559/2661/2687 2558/2660/2686
f 2495/2596/2623 2496/2597/2624 2560/2662/2688 2559/2661/2687
f 2496/2597/2624 2497/2598/2625 2561/2663/2689 2560/2662/2688
f 2497/2598/2625 2434/2599/2563 2498/2664/2627 2561/2663/2689
f 2498/2601/2627 2499/2600/2626 2563/2665/2690 2562/2666/2691
f 2499/2600/2626 2500/2602/2628 2564/2667/2692 2563/2665/2690
f 2500/2602/2628 2501/2603/2629 2565/2668/2693 2564/2667/2692
f 2501/2603/2629 2502/2604/2630 2566/2669/2694 2565/2668/2693
f 2502/2604/2630 2503/2605/2631 2567/2670/2695 2566/2669/2694
f 2503/2605/2631 2504/2606/2632 2568/2671/2696 2567/2670/2695
f 2504/2606/2632 2505/2607/2633 2569/2672/2697 2568/2671/2696
f 2505/2607/2633 2506/2608/2634 2570/2673/2698 2569/2672/2697
f 2506/2608/2634 2507/2609/2635 2571/2674/2699 2570/2673/2698
f 2507/2609/2635 2508/2610/2636 2572/2675/2700 2571/2674/2699
f 2508/2610/2636 2509/2611/2637 2573/2676/2701 2572/2675/2700
f 2509/2611/2637 2510/2612/2638 2574/2677/2702 2573/2676/2701
f 2510/2612/2638 2511/2613/2639 2575/2678/2703 2574/2677/2702
f 2511/2613/2639 2512/2614/2640 2576/2679/2704 2575/2678/2703
f 2512/2614/2640 2513/2615/2641 2577/2680/2705 2576/2679/2704
f 2513/2615/2641 2514/2616/2642 2578/2681/2706 2577/2680/2705
f 2514/2616/2642 2515/2617/2643 2579/2682/2707 2578/2681/2706
f 2515/2617/2643 2516/2618/2644 2580/2683/2708 2579/2682/2707
f 2516/2618/2644 2517/2619/2645 2581/2684/2709 2580/2683/2708
f 2517/2619/2645 2518/2620/2646 2582/2685/2710 2581/2684/2709
f 2518/2620/2646 2519/2621/2647 2583/2686/2711 2582/2685/2710
f 2519/2621/2647 2520/2622/2648 2584/2687/2712 2583/2686/2711
f 2520/2622/2648 2521/2623/2649 2585/2688/2713 2584/2687/2712
f 2521/2623/2649 2522/2624/2650 2586/2689/2714 2585/2688/2713
f 2522/2624/2650 2523/2625/2651 2587/2690/2715 2586/2689/2714
f 2523/2625/2651 2524/2626/2652 2588/2691/2716 2587/2690/2715
f 2524/2626/2652 2525/2627/2653 2589/2692/2717 2588/2691/2716
f 2525/2627/2653 2526/2628/2654 2590/2693/2718 2589/2692/2717
f 2526/2628/2654 2527/2629/2655 2591/2694/2719 2590/2693/2718
f 2527/2629/2655 2528/2630/2656 2592/2695/2720 2591/2694/2719
f 2528/2630/2656 2529/2631/2657 2593/2696/2721 2592/2695/2720
f 2529/2631/2657 2530/2632/2658 2594/2697/2722 2593/2696/2721
f 2530/2632/2658 2531/2633/2659 2595/2698/2723 2594/2697/2722
f 2531/2633/2659 2532/2634/2660 2596/2699/2724 2595/2698/2723
f 2532/2634/2660 2533/2635/2661 2597/2700/2725 2596/2699/2724
f 2533/2635/2661 2534/2636/2662 2598/2701/2726 2597/2700/2725
f 2534/2636/2662 2535/2637/2663 2599/2702/2727 2598/2701/2726
f 2535/2637/2663 2536/2638/2664 2600/2703/2728 2599/2702/2727
f 2536/2638/2664 2537/2639/2665 2601/2704/2729 2600/2703/2728
f 2537/2639/2665 2538/2640/2666 2602/2705/2730 2601/2704/2729
f 2538/2640/2666 2539/2641/2667 2603/2706/2731 2602/2705/2730
f 2539/2641/2667 2540/2642/2668 2604/2707/2732 2603/2706/2731
f 2540/2642/2668 2541/2643/2669 2605/2708/2733 2604/2707/2732
f 2541/2643/2669 2542/2644/2670 2606/2709/2734 2605/2708/2733
f 2542/2644/2670 2543/2645/2671 2607/2710/2735 2606/2709/2734
f 2543/2645/2671 2544/2646/2672 2608/2711/2736 2607/2710/2735
f 2544/2646/2672 2545/2647/2673 2609/2712/2737 2608/2711/2736
f 2545/2647/2673 2546/2648/2674 2610/2713/2738 2609/2712/2737
f 2546/2648/2674 2547/2649/2675 2611/2714/2739 2610/2713/2738
f 2547/2649/2675 2548/2650/2676 2612/2715/2740 2611/2714/2739
f 2548/2650/2676 2549/2651/2677 2613/2716/2741 2612/2715/2740
f 2549/2651/2677 2550/2652/2678 2614/2717/2742 2613/2716/2741
f 2550/2652/2678 2551/2653/2679 2615/2718/2743 2614/2717/2742
f 2551/2653/2679 2552/2654/2680 2616/2719/2744 2615/2718/2743
f 2552/2654/2680 2553/2655/2681 2617/2720/2745 2616/2719/2744
f 2553/2655/2681 2554/2656/2682 2618/2721/2746 2617/2720/2745
f 2554/2656/2682 2555/2657/2683 2619/2722/2747 2618/2721/2746
f 2555/2657/2683 2556/2658/2684 2620/2723/2748 2619/2722/2747
f 2556/2658/2684 2557/2659/2685 2621/2724/2749 2620/2723/2748
f 2557/2659/2685 2558/2660/2686 2622/2725/2750 2621/2724/2749
f 2558/2660/2686 2559/2661/2687 2623/2726/2751 2622/2725/2750
f 2559/2661/2687 2560/2662/2688 2624/2727/2752 2623/2726/2751
f 2560/2662/2688 2561/2663/2689 2625/2728/2753 2624/2727/2752
f 2561/2663/2689 2498/2664/2627 2562/2729/2691 2625/2728/2753
f 2562/2666/2691 2563/2665/2690 2627/2730/2754 2626/2731/2755
f 2563/2665/2690 2564/2667/2692 2628/2732/2756 2627/2730/2754
f 2564/2667/2692 2565/2668/2693 2629/2733/2757 2628/2732/2756
f 2565/2668/2693 2566/2669/2694 2630/2734/2758 2629/2733/2757
f 2566/2669/2694 2567/2670/2695 2631/2735/2759 2630/2734/2758
f 2567/2670/2695 2568/2671/2696 2632/2736/2760 2631/2735/2759
f 2568/2671/2696 2569/2672/2697 2633/2737/2761 2632/2736/2760
f 2569/2672/2697 2570/2673/2698 2634/2738/2762 2633/2737/2761
f 2570/2673/2698 2571/2674/2699 2635/2739/2763 2634/2738/2762
f 2571/2674/2699 2572/2675/2700 2636/2740/2764 2635/2739/2763
f 2572/2675/2700 2573/2676/2701 2637/2741/2765 2636/2740/2764
f 2573/2676/2701 2574/2677/2702 2638/2742/2766 2637/2741/2765
f 2574/2677/2702 2575/2678/2703 2639/2743/2767 2638/2742/2766
f 2575/2678/2703 2576/2679/2704 2640/2744/2768 2639/2743/2767
f 2576/2679/2704 2577/2680/2705 2641/2745/2769 2640/2744/2768
f 2577/2680/2705 2578/2681/2706 2642/2746/2770 2641/2745/2769
f 2578/2681/2706 2579/2682/2707 2643/2747/2771 2642/2746/2770
f 2579/2682/2707 2580/2683/2708 2644/2748/2772 2643/2747/2771
f 2580/2683/2708 2581/2684/2709 2645/2749/2773 2644/2748/2772
f 2581/2684/2709 2582/2685/2710 2646/2750/2774 2645/2749/2773
f 2582/2685/2710 2583/2686/2711 2647/2751/2775 2646/2750/2774
f 2583/2686/2711 2584/2687/2712 2648/2752/2776 2647/2751/2775
f 2584/2687/2712 2585/2688/2713 2649/2753/2777 2648/2752/2776
f 2585/2688/2713 2586/2689/2714 2650/2754/2778 2649/2753/2777
f 2586/2689/2714 2587/2690/2715 2651/2755/2779 2650/2754/2778
f 2587/2690/2715 2588/2691/2716 2652/2756/2780 2651/2755/2779
f 2588/2691/2716 2589/2692/2717 2653/2757/2781 2652/2756/2780
f 2589/2692/2717 2590/2693/2718 2654/2758/2782 2653/2757/2781
f 2590/2693/2718 2591/2694/2719 2655/2759/2783 2654/2758/2782
f 2591/2694/2719 2592/2695/2720 2656/2760/2784 2655/2759/2783
f 2592/2695/2720 2593/2696/2721 2657/2761/2785 2656/2760/2784
f 2593/2696/2721 2594/2697/2722 2658/2762/2786 2657/2761/2785
f 2594/2697/2722 2595/2698/2723 2659/2763/2787 2658/2762/2786
f 2595/2698/2723 2596/2699/2724 2660/2764/2788 2659/2763/2787
f 2596/2699/2724 2597/2700/2725 2661/2765/2789 2660/2764/2788
f 2597/2700/2725 2598/2701/2726 2662/2766/2790 2661/2765/2789
f 2598/2701/2726 2599/2702/2727 2663/2767/2791 2662/2766/2790
f 2599/2702/2727 2600/2703/2728 2664/2768/2792 2663/2767/2791
f 2600/2703/2728 2601/2704/2729 2665/2769/2793 2664/2768/2792
f 2601/2704/2729 2602/2705/2730 2666/2770/2794 2665/2769/2793
f 2602/2705/2730 2603/2706/2731 2667/2771/2795 2666/2770/2794
f 2603/2706/2731 2604/2707/2732 2668/2772/2796 2667/2771/2795
f 2604/2707/2732 2605/2708/2733 2669/2773/2797 2668/2772/2796
f 2605/2708/2733 2606/2709/2734 2670/2774/2798 2669/2773/2797
f 2606/2709/2734 2607/2710/2735 2671/2775/2799 2670/2774/2798
f 2607/2710/2735 2608/2711/2736 2672/2776/2800 2671/2775/2799
f 2608/2711/2736 2609/2712/2737 2673/2777/2801 2672/2776/2800
f 2609/2712/2737 2610/2713/2738 2674/2778/2802 2673/2777/2801
f 2610/2713/2738 2611/2714/2739 2675/2779/2803 2674/2778/2802
f 2611/2714/2739 2612/2715/2740 2676/2780/2804 2675/2779/2803
f 2612/2715/2740 2613/2716/2741 2677/2781/2805 2676/2780/2804
f 2613/2716/2741 2614/2717/2742 2678/2782/2806 2677/2781/2805
f 2614/2717/2742 2615/2718/2743 2679/2783/2807 2678/2782/2806
f 2615/2718/2743 2616/2719/2744 2680/2784/2808 2679/2783/2807
f 2616/2719/2744 2617/2720/2745 2681/2785/2809 2680/2784/2808
f 2617/2720/2745 2618/2721/2746 2682/2786/2810 2681/2785/2809
f 2618/2721/2746 2619/2722/2747 2683/2787/2811 2682/2786/2810
f 2619/2722/2747 2620/2723/2748 2684/2788/2812 2683/2787/2811
f 2620/2723/2748 2621/2724/2749 2685/2789/2813 2684/2788/2812
f 2621/2724/2749 2622/2725/2750 2686/2790/2814 2685/2789/2813
f 2622/2725/2750 2623/2726/2751 2687/2791/2815 2686/2790/2814
f 2623/2726/2751 2624/2727/2752 2688/2792/2816 2687/2791/2815
f 2624/2727/2752 2625/2728/2753 2689/2793/2817 2688/2792/2816
f 2625/2728/2753 2562/2729/2691 2626/2794/2755 2689/2793/2817
f 2626/2731/2755 2627/2730/2754 2691/2795/2818 2690/2796/2819
f 2627/2730/2754 2628/2732/2756 2692/2797/2820 2691/2795/2818
f 2628/2732/2756 2629/2733/2757 2693/2798/2821 2692/2797/2820
f 2629/2733/2757 2630/2734/2758 2694/2799/2822 2693/2798/2821
f 2630/2734/2758 2631/2735/2759 2695/2800/2823 2694/2799/2822
f 2631/2735/2759 2632/2736/2760 2696/2801/2824 2695/2800/2823
f 2632/2736/2760 2633/2737/2761 2697/2802/2825 2696/2801/2824
f 2633/2737/2761 2634/2738/2762 2698/2803/2826 2697/2802/2825
f 2634/2738/2762 2635/2739/2763 2699/2804/2827 2698/2803/2826
f 2635/2739/2763 2636/2740/2764 2700/2805/2828 2699/2804/2827
f 2636/2740/2764 2637/2741/2765 2701/2806/2829 2700/2805/2828
f 2637/2741/2765 2638/2742/2766 2702/2807/2830 2701/2806/2829
f 2638/2742/2766 2639/2743/2767 2703/2808/2831 2702/2807/2830
f 2639/2743/2767 2640/2744/2768 2704/2809/2832 2703/2808/2831
f 2640/2744/2768 2641/2745/2769 2705/2810/2833 2704/2809/2832
f 2641/2745/2769 2642/2746/2770 2706/2811/2834 2705/2810/2833
f 2642/2746/2770 2643/2747/2771 2707/2812/2835 2706/2811/2834
f 2643/2747/2771 2644/2748/2772 2708/2813/2836 2707/2812/2835
f 2644/2748/2772 2645/2749/2773 2709/2814/2837 2708/2813/2836
f 2645/2749/2773 2646/2750/2774 2710/2815/2838 2709/2814/2837
f 2646/2750/2774 2647/2751/2775 2711/2816/2839 2710/2815/2838
f 2647/2751/2775 2648/2752/2776 2712/2817/2840 2711/2816/2839
f 2648/2752/2776 2649/2753/2777 2713/2818/2841 2712/2817/2840
f 2649/2753/2777 2650/2754/2778 2714/2819/2842 2713/2818/2841
f 2650/2754/2778 2651/2755/2779 2715/2820/2843 2714/2819/2842
f 2651/2755/2779 2652/2756/2780 2716/2821/2844 2715/2820/2843
f 2652/2756/2780 2653/2757/2781 2717/2822/2845 2716/2821/2844
f 2653/2757/2781 2654/2758/2782 2718/2823/2846 2717/2822/2845
f 2654/2758/2782 2655/2759/2783 2719/2824/2847 2718/2823/2846
f 2655/2759/2783 2656/2760/2784 2720/2825/2848 2719/2824/2847
f 2656/2760/2784 2657/2761/2785 2721/2826/2849 2720/2825/2848
f 2657/2761/2785 2658/2762/2786 2722/2827/2850 2721/2826/2849
f 2658/2762/2786 2659/2763/2787 2723/2828/2851 2722/2827/2850
f 2659/2763/2787 2660/2764/2788 2724/2829/2852 2723/2828/2851
f 2660/2764/2788 2661/2765/2789 2725/2830/2853 2724/2829/2852
f 2661/2765/2789 2662/2766/2790 2726/2831/2854 2725/2830/2853
f 2662/2766/2790 2663/2767/2791 2727/2832/2855 2726/2831/2854
f 2663/2767/2791 2664/2768/2792 2728/2833/2856 2727/2832/2855
f 2664/2768/2792 2665/2769/2793 2729/2834/2857 2728/2833/2856
f 2665/2769/2793 2666/2770/2794 2730/2835/2858 2729/2834/2857
f 2666/2770/2794 2667/2771/2795 2731/2836/2859 2730/2835/2858
f 2667/2771/2795 2668/2772/2796 2732/2837/2860 2731/2836/2859
f 2668/2772/2796 2669/2773/2797 2733/2838/2861 2732/2837/2860
f 2669/2773/2797 2670/2774/2798 2734/2839/2862 2733/2838/2861
f 2670/2774/2798 2671/2775/2799 2735/2840/2863 2734/2839/2862
f 2671/2775/2799 2672/2776/2800 2736/2841/2864 2735/2840/2863
f 2672/2776/2800 2673/2777/2801 2737/2842/2865 2736/2841/2864
f 2673/2777/2801 2674/2778/2802 2738/2843/2866 2737/2842/2865
f 2674/2778/2802 2675/2779/2803 2739/2844/2867 2738/2843/2866
f 2675/2779/2803 2676/2780/2804 2740/2845/2868 2739/2844/2867
f 2676/2780/2804 2677/2781/2805 2741/2846/2869 2740/2845/2868
f 2677/2781/2805 2678/2782/2806 2742/2847/2870 2741/2846/2869
f 2678/2782/2806 2679/2783/2807 2743/2848/2871 2742/2847/2870
f 2679/2783/2807 2680/2784/2808 2744/2849/2872 2743/2848/2871
f 2680/2784/2808 2681/2785/2809 2745/2850/2873 2744/2849/2872
f 2681/2785/2809 2682/2786/2810 2746/2851/2874 2745/2850/2873
f 2682/2786/2810 2683/2787/2811 2747/2852/2875 2746/2851/2874
f 2683/2787/2811 2684/2788/2812 2748/2853/2876 2747/2852/2875
f 2684/2788/2812 2685/2789/2813 2749/2854/2877 2748/2853/2876
f 2685/2789/2813 2686/2790/2814 2750/2855/2878 2749/2854/2877
f 2686/2790/2814 2687/2791/2815 2751/2856/2879 2750/2855/2878
f 2687/2791/2815 2688/2792/2816 2752/2857/2880 2751/2856/2879
f 2688/2792/2816 2689/2793/2817 2753/2858/2881 2752/2857/2880
f 2689/2793/2817 2626/2794/2755 2690/2859/2819 2753/2858/2881
f 2690/2796/2819 2691/2795/2818 2755/2860/2882 2754/2861/2883
f 2691/2795/2818 2692/2797/2820 2756/2862/2884 2755/2860/2882
f 2692/2797/2820 2693/2798/2821 2757/2863/2885 2756/2862/2884
f 2693/2798/2821 2694/2799/2822 2758/2864/2886 2757/2863/2885
f 2694/2799/2822 2695/2800/2823 2759/2865/2887 2758/2864/2886
f 2695/2800/2823 2696/2801/2824 2760/2866/2888 2759/2865/2887
f 2696/2801/2824 2697/2802/2825 2761/2867/2889 2760/2866/2888
f 2697/2802/2825 2698/2803/2826 2762/2868/2890 2761/2867/2889
f 2698/2803/2826 2699/2804/2827 2763/2869/2891 2762/2868/2890
f 2699/2804/2827 2700/2805/2828 2764/2870/2892 2763/2869/2891
f 2700/2805/2828 2701/2806/2829 2765/2871/2893 2764/2870/2892
f 2701/2806/2829 2702/2807/2830 2766/2872/2894 2765/2871/2893
f 2702/2807/2830 2703/2808/2831 2767/2873/2895 2766/2872/2894
f 2703/2808/2831 2704/2809/2832 2768/2874/2896 2767/2873/2895
f 2704/2809/2832 2705/2810/2833 2769/2875/2897 2768/2874/2896
f 2705/2810/2833 2706/2811/2834 2770/2876/2898 2769/2875/2897
f 2706/2811/2834 2707/2812/2835 2771/2877/2899 2770/2876/2898
f 2707/2812/2835 2708/2813/2836 2772/2878/2900 2771/2877/2899
f 2708/2813/2836 2709/2814/2837 2773/2879/2901 2772/2878/2900
f 2709/2814/2837 2710/2815/2838 2774/2880/2902 2773/2879/2901
f 2710/2815/2838 2711/2816/2839 2775/2881/2903 2774/2880/2902
f 2711/2816/2839 2712/2817/2840 2776/2882/2904 2775/2881/2903
f 2712/2817/2840 2713/2818/2841 2777/2883/2905 2776/2882/2904
f 2713/2818/2841 2714/2819/2842 2778/2884/2906 2777/2883/2905
f 2714/2819/2842 2715/2820/2843 2779/2885/2907 2778/2884/2906
f 2715/2820/2843 2716/2821/2844 2780/2886/2908 2779/2885/2907
f 2716/2821/2844 2717/2822/2845 2781/2887/2909 2780/2886/2908
f 2717/2822/2845 2718/2823/2846 2782/2888/2910 2781/2887/2909
f 2718/2823/2846 2719/2824/2847 2783/2889/2911 2782/2888/2910
f 2719/2824/2847 2720/2825/2848 2784/2890/2912 2783/2889/2911
f 2720/2825/2848 2721/2826/2849 2785/2891/2913 2784/2890/2912
f 2721/2826/2849 2722/2827/2850 2786/2892/2914 2785/2891/2913
f 2722/2827/2850 2723/2828/2851 2787/2893/2915 2786/2892/2914
f 2723/2828/2851 2724/2829/2852 2788/2894/2916 2787/2893/2915
f 2724/2829/2852 2725/2830/2853 2789/2895/2917 2788/2894/2916
f 2725/2830/2853 2726/2831/2854 2790/2896/2918 2789/2895/2917
f 2726/2831/2854 2727/2832/2855 2791/2897/2919 2790/2896/2918
f 2727/2832/2855 2728/2833/2856 2792/2898/2920 2791/2897/2919
f 2728/2833/2856 2729/2834/2857 2793/2899/2921 2792/2898/2920
f 2729/2834/2857 2730/2835/2858 2794/2900/2922 2793/2899/2921
f 2730/2835/2858 2731/2836/2859 2795/2901/2923 2794/2900/2922
f 2731/2836/2859 2732/2837/2860 2796/2902/2924 2795/2901/2923
f 2732/2837/2860 2733/2838/2861 2797/2903/2925 2796/2902/2924
f 2733/2838/2861 2734/2839/2862 2798/2904/2926 2797/2903/2925
f 2734/2839/2862 2735/2840/2863 2799/2905/2927 2798/2904/2926
f 2735/2840/2863 2736/2841/2864 2800/2906/2928 2799/2905/2927
f 2736/2841/2864 2737/2842/2865 2801/2907/2929 2800/2906/2928
f 2737/2842/2865 2738/2843/2866 2802/2908/2930 2801/2907/2929
f 2738/2843/2866 2739/2844/2867 2803/2909/2931 2802/2908/2930
f 2739/2844/2867 2740/2845/2868 2804/2910/2932 2803/2909/2931
f 2740/2845/2868 2741/2846/2869 2805/2911/2933 2804/2910/2932
f 2741/2846/2869 2742/2847/2870 2806/2912/2934 2805/2911/2933
f 2742/2847/2870 2743/2848/2871 2807/2913/2935 2806/2912/2934
f 2743/2848/2871 2744/2849/2872 2808/2914/2936 2807/2913/2935
f 2744/2849/2872 2745/2850/2873 2809/2915/2937 2808/2914/2936
f 2745/2850/2873 2746/2851/2874 2810/2916/2938 2809/2915/2937
f 2746/2851/2874 2747/2852/2875 2811/2917/2939 2810/2916/2938
f 2747/2852/2875 2748/2853/2876 2812/2918/2940 2811/2917/2939
f 2748/2853/2876 2749/2854/2877 2813/2919/2941 2812/2918/2940
f 2749/2854/2877 2750/2855/2878 2814/2920/2942 2813/2919/2941
f 2750/2855/2878 2751/2856/2879 2815/2921/2943 2814/2920/2942
f 2751/2856/2879 2752/2857/2880 2816/2922/2944 2815/2921/2943
f 2752/2857/2880 2753/2858/2881 2817/2923/2945 2816/2922/2944
f 2753/2858/2881 2690/2859/2819 2754/2924/2883 2817/2923/2945
f 2754/2861/2883 2755/2860/2882 2819/2925/2946 2818/2926/2947
f 2755/2860/2882 2756/2862/2884 2820/2927/2948 2819/2925/2946
f 2756/2862/2884 2757/2863/2885 2821/2928/2949 2820/2927/2948
f 2757/2863/2885 2758/2864/2886 2822/2929/2950 2821/2928/2949
f 2758/2864/2886 2759/2865/2887 2823/2930/2951 2822/2929/2950
f 2759/2865/2887 2760/2866/2888 2824/2931/2952 2823/2930/2951
f 2760/2866/2888 2761/2867/2889 2825/2932/2953 2824/2931/2952
f 2761/2867/2889 2762/2868/2890 2826/2933/2954 2825/2932/2953
f 2762/2868/2890 2763/2869/2891 2827/2934/2955 2826/2933/2954
f 2763/2869/2891 2764/2870/2892 2828/2935/2956 2827/2934/2955
f 2764/2870/2892 2765/2871/2893 2829/2936/2957 2828/2935/2956
f 2765/2871/2893 2766/2872/2894 2830/2937/2958 2829/2936/2957
f 2766/2872/2894 2767/2873/2895 2831/2938/2959 2830/2937/2958
f 2767/2873/2895 2768/2874/2896 2832/2939/2960 2831/2938/2959
f 2768/2874/2896 2769/2875/2897 2833/2940/2961 2832/2939/2960
f 2769/2875/2897 2770/2876/2898 2834/2941/2962 2833/2940/2961
f 2770/2876/2898 2771/2877/2899 2835/2942/2963 2834/2941/2962
f 2771/2877/2899 2772/2878/2900 2836/2943/2964 2835/2942/2963
f 2772/2878/2900 2773/2879/2901 2837/2944/2965 2836/2943/2964
f 2773/2879/2901 2774/2880/2902 2838/2945/2966 2837/2944/2965
f 2774/2880/2902 2775/2881/2903 2839/2946/2967 2838/2945/2966
f 2775/2881/2903 2776/2882/2904 2840/2947/2968 2839/2946/2967
f 2776/2882/2904 2777/2883/2905 2841/2948/2969 2840/2947/2968
f 2777/2883/2905 2778/2884/2906 2842/2949/2970 2841/2948/2969
f 2778/2884/2906 2779/2885/2907 2843/2950/2971 2842/2949/2970
f 2779/2885/2907 2780/2886/2908 2844/2951/2972 2843/2950/2971
f 2780/2886/2908 2781/2887/2909 2845/2952/2973 2844/2951/2972
f 2781/2887/2909 2782/2888/2910 2846/2953/2974 2845/2952/2973
f 2782/2888/2910 2783/2889/2911 2847/2954/2975 2846/2953/2974
f 2783/2889/2911 2784/2890/2912 2848/2955/2976 2847/2954/2975
f 2784/2890/2912 2785/2891/2913 2849/2956/2977 2848/2955/2976
f 2785/2891/2913 2786/2892/2914 2850/2957/2978 2849/2956/2977
f 2786/2892/2914 2787/2893/2915 2851/2958/2979 2850/2957/2978
f 2787/2893/2915 2788/2894/2916 2852/2959/2980 2851/2958/2979
f 2788/2894/2916 2789/2895/2917 2853/2960/2981 2852/2959/2980
f 2789/2895/2917 2790/2896/2918 2854/2961/2982 2853/2960/2981
f 2790/2896/2918 2791/2897/2919 2855/2962/2983 2854/2961/2982
f 2791/2897/2919 2792/2898/2920 2856/2963/2984 2855/2962/2983
f 2792/2898/2920 2793/2899/2921 2857/2964/2985 2856/2963/2984
f 2793/2899/2921 2794/2900/2922 2858/2965/2986 2857/2964/2985
f 2794/2900/2922 2795/2901/2923 2859/2966/2987 2858/2965/2986
f 2795/2901/2923 2796/2902/2924 2860/2967/2988 2859/2966/2987
f 2796/2902/2924 2797/2903/2925 2861/2968/2989 2860/2967/2988
f 2797/2903/2925 2798/2904/2926 2862/2969/2990 2861/2968/2989
f 2798/2904/2926 2799/2905/2927 2863/2970/2991 2862/2969/2990
f 2799/2905/2927 2800/2906/2928 2864/2971/2992 2863/2970/2991
f 2800/2906/2928 2801/2907/2929 2865/2972/2993 2864/2971/2992
f 2801/2907/2929 2802/2908/2930 2866/2973/2994 2865/2972/2993
f 2802/2908/2930 2803/2909/2931 2867/2974/2995 2866/2973/2994
f 2803/2909/2931 2804/2910/2932 2868/2975/2996 2867/2974/2995
f 2804/2910/2932 2805/2911/2933 2869/2976/2997 2868/2975/2996
f 2805/2911/2933 2806/2912/2934 2870/2977/2998 2869/2976/2997
f 2806/2912/2934 2807/2913/2935 2871/2978/2999 2870/2977/2998
f 2807/2913/2935 2808/2914/2936 2872/2979/3000 2871/2978/2999
f 2808/2914/2936 2809/2915/2937 2873/2980/3001 2872/2979/3000
f 2809/2915/2937 2810/2916/2938 2874/2981/3002 2873/2980/3001
f 2810/2916/2938 2811/2917/2939 2875/2982/3003 2874/2981/3002
f 2811/2917/2939 2812/2918/2940 2876/2983/3004 2875/2982/3003
f 2812/2918/2940 2813/2919/2941 2877/2984/3005 2876/2983/3004
f 2813/2919/2941 2814/2920/2942 2878/2985/3006 2877/2984/3005
f 2814/2920/2942 2815/2921/2943 2879/2986/3007 2878/2985/3006
f 2815/2921/2943 2816/2922/2944 2880/2987/3008 2879/2986/3007
f 2816/2922/2944 2817/2923/2945 2881/2988/3009 2880/2987/3008
f 2817/2923/2945 2754/2924/2883 2818/2989/2947 2881/2988/3009
f 2818/2926/2947 2819/2925/2946 2883/2990/3010 2882/2991/3011
f 2819/2925/2946 2820/2927/2948 2884/2992/3012 2883/2990/3010
f 2820/2927/2948 2821/2928/2949 2885/2993/3013 2884/2992/3012
f 2821/2928/2949 2822/2929/2950 2886/2994/3014 2885/2993/3013
f 2822/2929/2950 2823/2930/2951 2887/2995/3015 2886/2994/3014
f 2823/2930/2951 2824/2931/2952 2888/2996/3016 2887/2995/3015
f 2824/2931/2952 2825/2932/2953 2889/2997/3017 2888/2996/3016
f 2825/2932/2953 2826/2933/2954 2890/2998/3018 2889/2997/3017
f 2826/2933/2954 2827/2934/2955 2891/2999/3019 2890/2998/3018
f 2827/2934/2955 2828/2935/2956 2892/3000/3020 2891/2999/3019
f 2828/2935/2956 2829/2936/2957 2893/3001/3021 2892/3000/3020
f 2829/2936/2957 2830/2937/2958 2894/3002/3022 2893/3001/3021
f 2830/2937/2958 2831/2938/2959 2895/3003/3023 2894/3002/3022
f 2831/2938/2959 2832/2939/2960 2896/3004/3024 2895/3003/3023
f 2832/2939/2960 2833/2940/2961 2897/3005/3025 2896/3004/3024
f 2833/2940/2961 2834/2941/2962 2898/3006/3026 2897/3005/3025
f 2834/2941/2962 2835/2942/2963 2899/3007/3027 2898/3006/3026
f 2835/2942/2963 2836/2943/2964 2900/3008/3028 2899/3007/3027
f 2836/2943/2964 2837/2944/2965 2901/3009/3029 2900/3008/3028
f 2837/2944/2965 2838/2945/2966 2902/3010/3030 2901/3009/3029
f 2838/2945/2966 2839/2946/2967 2903/3011/3031 2902/3010/3030
f 2839/2946/2967 2840/2947/2968 2904/3012/3032 2903/3011/3031
f 2840/2947/2968 2841/2948/2969 2905/3013/3033 2904/3012/3032
f 2841/2948/2969 2842/2949/2970 2906/3014/3034 2905/3013/3033
f 2842/2949/2970 2843/2950/2971 2907/3015/3035 2906/3014/3034
f 2843/2950/2971 2844/2951/2972 2908/3016/3036 2907/3015/3035
f 2844/2951/2972 2845/2952/2973 2909/3017/3037 2908/3016/3036
f 2845/2952/2973 2846/2953/2974 2910/3018/3038 2909/3017/3037
f 2846/2953/2974 2847/2954/2975 2911/3019/3039 2910/3018/3038
f 2847/2954/2975 2848/2955/2976 2912/3020/3040 2911/3019/3039
f 2848/2955/2976 2849/2956/2977 2913/3021/3041 2912/3020/3040
f 2849/2956/2977 2850/2957/2978 2914/3022/3042 2913/3021/3041
f 2850/2957/2978 2851/2958/2979 2915/3023/3043 2914/3022/3042
f 2851/2958/2979 2852/2959/2980 2916/3024/3044 2915/3023/3043
f 2852/2959/2980 2853/2960/2981 2917/3025/3045 2916/3024/3044
f 2853/2960/2981 2854/2961/2982 2918/3026/3046 2917/3025/3045
f 2854/2961/2982 2855/2962/2983 2919/3027/3047 2918/3026/3046
f 2855/2962/2983 2856/2963/2984 2920/3028/3048 2919/3027/3047
f 2856/2963/2984 2857/2964/2985 2921/3029/3049 2920/3028/3048
f 2857/2964/2985 2858/2965/2986 2922/3030/3050 2921/3029/3049
f 2858/2965/2986 2859/2966/2987 2923/3031/3051 2922/3030/3050
f 2859/2966/2987 2860/2967/2988 2924/3032/3052 2923/3031/3051
f 2860/2967/2988 2861/2968/2989 2925/3033/3053 2924/3032/3052
f 2861/2968/2989 2862/2969/2990 2926/3034/3054 2925/3033/3053
f 2862/2969/2990 2863/2970/2991 2927/3035/3055 2926/3034/3054
f 2863/2970/2991 2864/2971/2992 2928/3036/3056 2927/3035/3055
f 2864/2971/2992 2865/2972/2993 2929/3037/3057 2928/3036/3056
f 2865/2972/2993 2866/2973/2994 2930/3038/3058 2929/3037/3057
f 2866/2973/2994 2867/2974/2995 2931/3039/3059 2930/3038/3058
f 2867/2974/2995 2868/2975/2996 2932/3040/3060 2931/3039/3059
f 2868/2975/2996 2869/2976/2997 2933/3041/3061 2932/3040/3060
f 2869/2976/2997 2870/2977/2998 2934/3042/3062 2933/3041/3061
f 2870/2977/2998 2871/2978/2999 2935/3043/3063 2934/3042/3062
f 2871/2978/2999 2872/2979/3000 2936/3044/3064 2935/3043/3063
f 2872/2979/3000 2873/2980/3001 2937/3045/3065 2936/3044/3064
f 2873/2980/3001 2874/2981/3002 2938/3046/3066 2937/3045/3065
f 2874/2981/3002 2875/2982/3003 2939/3047/3067 2938/3046/3066
f 2875/2982/3003 2876/2983/3004 2940/3048/3068 2939/3047/3067
f 2876/2983/3004 2877/2984/3005 2941/3049/3069 2940/3048/3068
f 2877/2984/3005 2878/2985/3006 2942/3050/3070 2941/3049/3069
f 2878/2985/3006 2879/2986/3007 2943/3051/3071 2942/3050/3070
f 2879/2986/3007 2880/2987/3008 2944/3052/3072 2943/3051/3071
f 2880/2987/3008 2881/2988/3009 2945/3053/3073 2944/3052/3072
f 2881/2988/3009 2818/2989/2947 2882/3054/3011 2945/3053/3073
f 2882/2991/3011 2883/2990/3010 2947/3055/3074 2946/3056/3075
f 2883/2990/3010 2884/2992/3012 2948/3057/3076 2947/3055/3074
f 2884/2992/3012 2885/2993/3013 2949/3058/3077 2948/3057/3076
f 2885/2993/3013 2886/2994/3014 2950/3059/3078 2949/3058/3077
f 2886/2994/3014 2887/2995/3015 2951/3060/3079 2950/3059/3078
f 2887/2995/3015 2888/2996/3016 2952/3061/3080 2951/3060/3079
f 2888/2996/3016 2889/2997/3017 2953/3062/3081 2952/3061/3080
f 2889/2997/3017 2890/2998/3018 2954/3063/3082 2953/3062/3081
f 2890/2998/3018 2891/2999/3019 2955/3064/3083 2954/3063/3082
f 2891/2999/3019 2892/3000/3020 2956/3065/3084 2955/3064/3083
f 2892/3000/3020 2893/3001/3021 2957/3066/3085 2956/3065/3084
f 2893/3001/3021 2894/3002/3022 2958/3067/3086 2957/3066/3085
f 2894/3002/3022 2895/3003/3023 2959/3068/3087 2958/3067/3086
f 2895/3003/3023 2896/3004/3024 2960/3069/3088 2959/3068/3087
f 2896/3004/3024 2897/3005/3025 2961/3070/3089 2960/3069/3088
f 2897/3005/3025 2898/3006/3026 2962/3071/3090 2961/3070/3089
f 2898/3006/3026 2899/3007/3027 2963/3072/3091 2962/3071/3090
f 2899/3007/3027 2900/3008/3028 2964/3073/3092 2963/3072/3091
f 2900/3008/3028 2901/3009/3029 2965/3074/3093 2964/3073/3092
f 2901/3009/3029 2902/3010/3030 2966/3075/3094 2965/3074/3093
f 2902/3010/3030 2903/3011/3031 2967/3076/3095 2966/3075/3094
f 2903/3011/3031 2904/3012/3032 2968/3077/3096 2967/3076/3095
f 2904/3012/3032 2905/3013/3033 2969/3078/3097 2968/3077/3096
f 2905/3013/3033 2906/3014/3034 2970/3079/3098 2969/3078/3097
f 2906/3014/3034 2907/3015/3035 2971/3080/3099 2970/3079/3098
f 2907/3015/3035 2908/3016/3036 2972/3081/3100 2971/3080/3099
f 2908/3016/3036 2909/3017/3037 2973/3082/3101 2972/3081/3100
f 2909/3017/3037 2910/3018/3038 2974/3083/3102 2973/3082/3101
f 2910/3018/3038 2911/3019/3039 2975/3084/3103 2974/3083/3102
f 2911/3019/3039 2912/3020/3040 2976/3085/3104 2975/3084/3103
f 2912/3020/3040 2913/3021/3041 2977/3086/3105 2976/3085/3104
f 2913/3021/3041 2914/3022/3042 2978/3087/3106 2977/3086/3105
f 2914/3022/3042 2915/3023/3043 2979/3088/3107 2978/3087/3106
f 2915/3023/3043 2916/3024/3044 2980/3089/3108 2979/3088/3107
f 2916/3024/3044 2917/3025/3045 2981/3090/3109 2980/3089/3108
f 2917/3025/3045 2918/3026/3046 2982/3091/3110 2981/3090/3109
f 2918/3026/3046 2919/3027/3047 2983/3092/3111 2982/3091/3110
f 2919/3027/3047 2920/3028/3048 2984/3093/3112 2983/3092/3111
f 2920/3028/3048 2921/3029/3049 2985/3094/3113 2984/3093/3112
f 2921/3029/3049 2922/3030/3050 2986/3095/3114 2985/3094/3113
f 2922/3030/3050 2923/3031/3051 2987/3096/3115 2986/3095/3114
f 2923/3031/3051 2924/3032/3052 2988/3097/3116 2987/3096/3115
f 2924/3032/3052 2925/3033/3053 2989/3098/3117 2988/3097/3116
f 2925/3033/3053 2926/3034/3054 2990/3099/3118 2989/3098/3117
f 2926/3034/3054 2927/3035/3055 2991/3100/3119 2990/3099/3118
f 2927/3035/3055 2928/3036/3056 2992/3101/3120 2991/3100/3119
f 2928/3036/3056 2929/3037/3057 2993/3102/3121 2992/3101/3120
f 2929/3037/3057 2930/3038/3058 2994/3103/3122 2993/3102/3121
f 2930/3038/3058 2931/3039/3059 2995/3104/3123 2994/3103/3122
f 2931/3039/3059 2932/3040/3060 2996/3105/3124 2995/3104/3123
f 2932/3040/3060 2933/3041/3061 2997/3106/3125 2996/3105/3124
f 2933/3041/3061 2934/3042/3062 2998/3107/3126 2997/3106/3125
f 2934/3042/3062 2935/3043/3063 2999/3108/3127 2998/3107/3126
f 2935/3043/3063 2936/3044/3064 3000/3109/3128 2999/3108/3127
f 2936/3044/3064 2937/3045/3065 3001/3110/3129 3000/3109/3128
f 2937/3045/3065 2938/3046/3066 3002/3111/3130 3001/3110/3129
f 2938/3046/3066 2939/3047/3067 3003/3112/3131 3002/3111/3130
f 2939/3047/3067 2940/3048/3068 3004/3113/3132 3003/3112/3131
f 2940/3048/3068 2941/3049/3069 3005/3114/3133 3004/3113/3132
f 2941/3049/3069 2942/3050/3070 3006/3115/3134 3005/3114/3133
f 2942/3050/3070 2943/3051/3071 3007/3116/3135 3006/3115/3134
f 2943/3051/3071 2944/3052/3072 3008/3117/3136 3007/3116/3135
f 2944/3052/3072 2945/3053/3073 3009/3118/3137 3008/3117/3136
f 2945/3053/3073 2882/3054/3011 2946/3119/3075 3009/3118/3137
f 2946/3056/3075 2947/3055/3074 3011/3120/3138 3010/3121/3139
f 2947/3055/3074 2948/3057/3076 3012/3122/3140 3011/3120/3138
f 2948/3057/3076 2949/3058/3077 3013/3123/3141 3012/3122/3140
f 2949/3058/3077 2950/3059/3078 3014/3124/3142 3013/3123/3141
f 2950/3059/3078 2951/3060/3079 3015/3125/3143 3014/3124/3142
f 2951/3060/3079 2952/3061/3080 3016/3126/3144 3015/3125/3143
f 2952/3061/3080 2953/3062/3081 3017/3127/3145 3016/3126/3144
f 2953/3062/3081 2954/3063/3082 3018/3128/3146 3017/3127/3145
f 2954/3063/3082 2955/3064/3083 3019/3129/3147 3018/3128/3146
f 2955/3064/3083 2956/3065/3084 3020/3130/3148 3019/3129/3147
f 2956/3065/3084 2957/3066/3085 3021/3131/3149 3020/3130/3148
f 2957/3066/3085 2958/3067/3086 3022/3132/3150 3021/3131/3149
f 2958/3067/3086 2959/3068/3087 3023/3133/3151 3022/3132/3150
f 2959/3068/3087 2960/3069/3088 3024/3134/3152 3023/3133/3151
f 2960/3069/3088 2961/3070/3089 3025/3135/3153 3024/3134/3152
f 2961/3070/3089 2962/3071/3090 3026/3136/3154 3025/3135/3153
f 2962/3071/3090 2963/3072/3091 3027/3137/3155 3026/3136/3154
f 2963/3072/3091 2964/3073/3092 3028/3138/3156 3027/3137/3155
f 2964/3073/3092 2965/3074/3093 3029/3139/3157 3028/3138/3156
f 2965/3074/3093 2966/3075/3094 3030/3140/3158 3029/3139/3157
f 2966/3075/3094 2967/3076/3095 3031/3141/3159 3030/3140/3158
f 2967/3076/3095 2968/3077/3096 3032/3142/3160 3031/3141/3159
f 2968/3077/3096 2969/3078/3097 3033/3143/3161 3032/3142/3160
f 2969/3078/3097 2970/3079/3098 3034/3144/3162 3033/3143/3161
f 2970/3079/3098 2971/3080/3099 3035/3145/3163 3034/3144/3162
f 2971/3080/3099 2972/3081/3100 3036/3146/3164 3035/3145/3163
f 2972/3081/3100 2973/3082/3101 3037/3147/3165 3036/3146/3164
f 2973/3082/3101 2974/3083/3102 3038/3148/3166 3037/3147/3165
f 2974/3083/3102 2975/3084/3103 3039/3149/3167 3038/3148/3166
f 2975/3084/3103 2976/3085/3104 3040/3150/3168 3039/3149/3167
f 2976/3085/3104 2977/3086/3105 3041/3151/3169 3040/3150/3168
f 2977/3086/3105 2978/3087/3106 3042/3152/3170 3041/3151/3169
f 2978/3087/3106 2979/3088/3107 3043/3153/3171 3042/3152/3170
f 2979/3088/3107 2980/3089/3108 3044/3154/3172 3043/3153/3171
f 2980/3089/3108 2981/3090/3109 3045/3155/3173 3044/3154/3172
f 2981/3090/3109 2982/3091/3110 3046/3156/3174 3045/3155/3173
f 2982/3091/3110 2983/3092/3111 3047/3157/3175 3046/3156/3174
f 2983/3092/3111 2984/3093/3112 3048/3158/3176 3047/3157/3175
f 2984/3093/3112 2985/3094/3113 3049/3159/3177 3048/3158/3176
f 2985/3094/3113 2986/3095/3114 3050/3160/3178 3049/3159/3177
f 2986/3095/3114 2987/3096/3115 3051/3161/3179 3050/3160/3178
f 2987/3096/3115 2988/3097/3116 3052/3162/3180 3051/3161/3179
f 2988/3097/3116 2989/3098/3117 3053/3163/3181 3052/3162/3180
f 2989/3098/3117 2990/3099/3118 3054/3164/3182 3053/3163/3181
f 2990/3099/3118 2991/3100/3119 3055/3165/3183 3054/3164/3182
f 2991/3100/3119 2992/3101/3120 3056/3166/3184 3055/3165/3183
f 2992/3101/3120 2993/3102/3121 3057/3167/3185 3056/3166/3184
f 2993/3102/3121 2994/3103/3122 3058/3168/3186 3057/3167/3185
f 2994/3103/3122 2995/3104/3123 3059/3169/3187 3058/3168/3186
f 2995/3104/3123 2996/3105/3124 3060/3170/3188 3059/3169/3187
f 2996/3105/3124 2997/3106/3125 3061/3171/3189 3060/3170/3188
f 2997/3106/3125 2998/3107/3126 3062/3172/3190 3061/3171/3189
f 2998/3107/3126 2999/3108/3127 3063/3173/3191 3062/3172/3190
f 2999/3108/3127 3000/3109/3128 3064/3174/3192 3063/3173/3191
f 3000/3109/3128 3001/3110/3129 3065/3175/3193 3064/3174/3192
f 3001/3110/3129 3002/3111/3130 3066/3176/3194 3065/3175/3193
f 3002/3111/3130 3003/3112/3131 3067/3177/3195 3066/3176/3194
f 3003/3112/3131 3004/3113/3132 3068/3178/3196 3067/3177/3195
f 3004/3113/3132 3005/3114/3133 3069/3179/3197 3068/3178/3196
f 3005/3114/3133 3006/3115/3134 3070/3180/3198 3069/3179/3197
f 3006/3115/3134 3007/3116/3135 3071/3181/3199 3070/3180/3198
f 3007/3116/3135 3008/3117/3136 3072/3182/3200 3071/3181/3199
f 3008/3117/3136 3009/3118/3137 3073/3183/3201 3072/3182/3200
f 3009/3118/3137 2946/3119/3075 3010/3184/3139 3073/3183/3201
f 3010/3121/3139 3011/3120/3138 3075/3185/3202 3074/3186/3203
f 3011/3120/3138 3012/3122/3140 3076/3187/3204 3075/3185/3202
f 3012/3122/3140 3013/3123/3141 3077/3188/3205 3076/3187/3204
f 3013/3123/3141 3014/3124/3142 3078/3189/3206 3077/3188/3205
f 3014/3124/3142 3015/3125/3143 3079/3190/3207 3078/3189/3206
f 3015/3125/3143 3016/3126/3144 3080/3191/3208 3079/3190/3207
f 3016/3126/3144 3017/3127/3145 3081/3192/3209 3080/3191/3208
f 3017/3127/3145 3018/3128/3146 3082/3193/3210 3081/3192/3209
f 3018/3128/3146 3019/3129/3147 3083/3194/3211 3082/3193/3210
f 3019/3129/3147 3020/3130/3148 3084/3195/3212 3083/3194/3211
f 3020/3130/3148 3021/3131/3149 3085/3196/3213 3084/3195/3212
f 3021/3131/3149 3022/3132/3150 3086/3197/3214 3085/3196/3213
f 3022/3132/3150 3023/3133/3151 3087/3198/3215 3086/3197/3214
f 3023/3133/3151 3024/3134/3152 3088/3199/3216 3087/3198/3215
f 3024/3134/3152 3025/3135/3153 3089/3200/3217 3088/3199/3216
f 3025/3135/3153 3026/3136/3154 3090/3201/3218 3089/3200/3217
f 3026/3136/3154 3027/3137/3155 3091/3202/3219 3090/3201/3218
f 3027/3137/3155 3028/3138/3156 3092/3203/3220 3091/3202/3219
f 3028/3138/3156 3029/3139/3157 3093/3204/3221 3092/3203/3220
f 3029/3139/3157 3030/3140/3158 3094/3205/3222 3093/3204/3221
f 3030/3140/3158 3031/3141/3159 3095/3206/3223 3094/3205/3222
f 3031/3141/3159 3032/3142/3160 3096/3207/3224 3095/3206/3223
f 3032/3142/3160 3033/3143/3161 3097/3208/3225 3096/3207/3224
f 3033/3143/3161 3034/3144/3162 3098/3209/3226 3097/3208/3225
f 3034/3144/3162 3035/3145/3163 3099/3210/3227 3098/3209/3226
f 3035/3145/3163 3036/3146/3164 3100/3211/3228 3099/3210/3227
f 3036/3146/3164 3037/3147/3165 3101/3212/3229 3100/3211/3228
f 3037/3147/3165 3038/3148/3166 3102/3213/3230 3101/3212/3229
f 3038/3148/3166 3039/3149/3167 3103/3214/3231 3102/3213/3230
f 3039/3149/3167 3040/3150/3168 3104/3215/3232 3103/3214/3231
f 3040/3150/3168 3041/3151/3169 3105/3216/3233 3104/3215/3232
f 3041/3151/3169 3042/3152/3170 3106/3217/3234 3105/3216/3233
f 3042/3152/3170 3043/3153/3171 3107/3218/3235 3106/3217/3234
f 3043/3153/3171 3044/3154/3172 3108/3219/3236 3107/3218/3235
f 3044/3154/3172 3045/3155/3173 3109/3220/3237 3108/3219/3236
f 3045/3155/3173 3046/3156/3174 3110/3221/3238 3109/3220/3237
f 3046/3156/3174 3047/3157/3175 3111/3222/3239 3110/3221/3238
f 3047/3157/3175 3048/3158/3176 3112/3223/3240 3111/3222/3239
f 3048/3158/3176 3049/3159/3177 3113/3224/3241 3112/3223/3240
f 3049/3159/3177 3050/3160/3178 3114/3225/3242 3113/3224/3241
f 3050/3160/3178 3051/3161/3179 3115/3226/3243 3114/3225/3242
f 3051/3161/3179 3052/3162/3180 3116/3227/3244 3115/3226/3243
f 3052/3162/3180 3053/3163/3181 3117/3228/3245 3116/3227/3244
f 3053/3163/3181 3054/3164/3182 3118/3229/3246 3117/3228/3245
f 3054/3164/3182 3055/3165/3183 3119/3230/3247 3118/3229/3246
f 3055/3165/3183 3056/3166/3184 3120/3231/3248 3119/3230/3247
f 3056/3166/3184 3057/3167/3185 3121/3232/3249 3120/3231/3248
f 3057/3167/3185 3058/3168/3186 3122/3233/3250 3121/3232/3249
f 3058/3168/3186 3059/3169/3187 3123/3234/3251 3122/3233/3250
f 3059/3169/3187 3060/3170/3188 3124/3235/3252 3123/3234/3251
f 3060/3170/3188 3061/3171/3189 3125/3236/3253 3124/3235/3252
f 3061/3171/3189 3062/3172/3190 3126/3237/3254 3125/3236/3253
f 3062/3172/3190 3063/3173/3191 3127/3238/3255 3126/3237/3254
f 3063/3173/3191 3064/3174/3192 3128/3239/3256 3127/3238/3255
f 3064/3174/3192 3065/3175/3193 3129/3240/3257 3128/3239/3256
f 3065/3175/3193 3066/3176/3194 3130/3241/3258 3129/3240/3257
f 3066/3176/3194 3067/3177/3195 3131/3242/3259 3130/3241/3258
f 3067/3177/3195 3068/3178/3196 3132/3243/3260 3131/3242/3259
f 3068/3178/3196 3069/3179/3197 3133/3244/3261 3132/3243/3260
f 3069/3179/3197 3070/3180/3198 3134/3245/3262 3133/3244/3261
f 3070/3180/3198 3071/3181/3199 3135/3246/3263 3134/3245/3262
f 3071/3181/3199 3072/3182/3200 3136/3247/3264 3135/3246/3263
f 3072/3182/3200 3073/3183/3201 3137/3248/3265 3136/3247/3264
f 3073/3183/3201 3010/3184/3139 3074/3249/3203 3137/3248/3265
f 3074/3186/3203 3075/3185/3202 3139/3250/3266 3138/3251/3267
f 3075/3185/3202 3076/3187/3204 3140/3252/3268 3139/3250/3266
f 3076/3187/3204 3077/3188/3205 3141/3253/3269 3140/3252/3268
f 3077/3188/3205 3078/3189/3206 3142/3254/3270 3141/3253/3269
f 3078/3189/3206 3079/3190/3207 3143/3255/3271 3142/3254/3270
f 3079/3190/3207 3080/3191/3208 3144/3256/3272 3143/3255/3271
f 3080/3191/3208 3081/3192/3209 3145/3257/3273 3144/3256/3272
f 3081/3192/3209 3082/3193/3210 3146/3258/3274 3145/3257/3273
f 3082/3193/3210 3083/3194/3211 3147/3259/3275 3146/3258/3274
f 3083/3194/3211 3084/3195/3212 3148/3260/3276 3147/3259/3275
f 3084/3195/3212 3085/3196/3213 3149/3261/3277 3148/3260/3276
f 3085/3196/3213 3086/3197/3214 3150/3262/3278 3149/3261/3277
f 3086/3197/3214 3087/3198/3215 3151/3263/3279 3150/3262/3278
f 3087/3198/3215 3088/3199/3216 3152/3264/3280 3151/3263/3279
f 3088/3199/3216 3089/3200/3217 3153/3265/3281 3152/3264/3280
f 3089/3200/3217 3090/3201/3218 3154/3266/3282 3153/3265/3281
f 3090/3201/3218 3091/3202/3219 3155/3267/3283 3154/3266/3282
f 3091/3202/3219 3092/3203/3220 3156/3268/3284 3155/3267/3283
f 3092/3203/3220 3093/3204/3221 3157/3269/3285 3156/3268/3284
f 3093/3204/3221 3094/3205/3222 3158/3270/3286 3157/3269/3285
f 3094/3205/3222 3095/3206/3223 3159/3271/3287 3158/3270/3286
f 3095/3206/3223 3096/3207/3224 3160/3272/3288 3159/3271/3287
f 3096/3207/3224 3097/3208/3225 3161/3273/3289 3160/3272/3288
f 3097/3208/3225 3098/3209/3226 3162/3274/3290 3161/3273/3289
f 3098/3209/3226 3099/3210/3227 3163/3275/3291 3162/3274/3290
f 3099/3210/3227 3100/3211/3228 3164/3276/3292 3163/3275/3291
f 3100/3211/3228 3101/3212/3229 3165/3277/3293 3164/3276/3292
f 3101/3212/3229 3102/3213/3230 3166/3278/3294 3165/3277/3293
f 3102/3213/3230 3103/3214/3231 3167/3279/3295 3166/3278/3294
f 3103/3214/3231 3104/3215/3232 3168/3280/3296 3167/3279/3295
f 3104/3215/3232 3105/3216/3233 3169/3281/3297 3168/3280/3296
f 3105/3216/3233 3106/3217/3234 3170/3282/3298 3169/3281/3297
f 3106/3217/3234 3107/3218/3235 3171/3283/3299 3170/3282/3298
f 3107/3218/3235 3108/3219/3236 3172/3284/3300 3171/3283/3299
f 3108/3219/3236 3109/3220/3237 3173/3285/3301 3172/3284/3300
f 3109/3220/3237 3110/3221/3238 3174/3286/3302 3173/3285/3301
f 3110/3221/3238 3111/3222/3239 3175/3287/3303 3174/3286/3302
f 3111/3222/3239 3112/3223/3240 3176/3288/3304 3175/3287/3303
f 3112/3223/3240 3113/3224/3241 3177/3289/3305 3176/3288/3304
f 3113/3224/3241 3114/3225/3242 3178/3290/3306 3177/3289/3305
f 3114/3225/3242 3115/3226/3243 3179/3291/3307 3178/3290/3306
f 3115/3226/3243 3116/3227/3244 3180/3292/3308 3179/3291/3307
f 3116/3227/3244 3117/3228/3245 3181/3293/3309 3180/3292/3308
f 3117/3228/3245 3118/3229/3246 3182/3294/3310 3181/3293/3309
f 3118/3229/3246 3119/3230/3247 3183/3295/3311 3182/3294/3310
f 3119/3230/3247 3120/3231/3248 3184/3296/3312 3183/3295/3311
f 3120/3231/3248 3121/3232/3249 3185/3297/3313 3184/3296/3312
f 3121/3232/3249 3122/3233/3250 3186/3298/3314 3185/3297/3313
f 3122/3233/3250 3123/3234/3251 3187/3299/3315 3186/3298/3314
f 3123/3234/3251 3124/3235/3252 3188/3300/3316 3187/3299/3315
f 3124/3235/3252 3125/3236/3253 3189/3301/3317 3188/3300/3316
f 3125/3236/3253 3126/3237/3254 3190/3302/3318 3189/3301/3317
f 3126/3237/3254 3127/3238/3255 3191/3303/3319 3190/3302/3318
f 3127/3238/3255 3128/3239/3256 3192/3304/3320 3191/3303/3319
f 3128/3239/3256 3129/3240/3257 3193/3305/3321 3192/3304/3320
f 3129/3240/3257 3130/3241/3258 3194/3306/3322 3193/3305/3321
f 3130/3241/3258 3131/3242/3259 3195/3307/3323 3194/3306/3322
f 3131/3242/3259 3132/3243/3260 3196/3308/3324 3195/3307/3323
f 3132/3243/3260 3133/3244/3261 3197/3309/3325 3196/3308/3324
f 3133/3244/3261 3134/3245/3262 3198/3310/3326 3197/3309/3325
f 3134/3245/3262 3135/3246/3263 3199/3311/3327 3198/3310/3326
f 3135/3246/3263 3136/3247/3264 3200/3312/3328 3199/3311/3327
f 3136/3247/3264 3137/3248/3265 3201/3313/3329 3200/3312/3328
f 3137/3248/3265 3074/3249/3203 3138/3314/3267 3201/3313/3329
f 3138/3251/3267 3139/3250/3266 3203/3315/3330 3202/3316/3331
f 3139/3250/3266 3140/3252/3268 3204/3317/3332 3203/3315/3330
f 3140/3252/3268 3141/3253/3269 3205/3318/3333 3204/3317/3332
f 3141/3253/3269 3142/3254/3270 3206/3319/3334 3205/3318/3333
f 3142/3254/3270 3143/3255/3271 3207/3320/3335 3206/3319/3334
f 3143/3255/3271 3144/3256/3272 3208/3321/3336 3207/3320/3335
f 3144/3256/3272 3145/3257/3273 3209/3322/3337 3208/3321/3336
f 3145/3257/3273 3146/3258/3274 3210/3323/3338 3209/3322/3337
f 3146/3258/3274 3147/3259/3275 3211/3324/3339 3210/3323/3338
f 3147/3259/3275 3148/3260/3276 3212/3325/3340 3211/3324/3339
f 3148/3260/3276 3149/3261/3277 3213/3326/3341 3212/3325/3340
f 3149/3261/3277 3150/3262/3278 3214/3327/3342 3213/3326/3341
f 3150/3262/3278 3151/3263/3279 3215/3328/3343 3214/3327/3342
f 3151/3263/3279 3152/3264/3280 3216/3329/3344 3215/3328/3343
f 3152/3264/3280 3153/3265/3281 3217/3330/3345 3216/3329/3344
f 3153/3265/3281 3154/3266/3282 3218/3331/3346 3217/3330/3345
f 3154/3266/3282 3155/3267/3283 3219/3332/3347 3218/3331/3346
f 3155/3267/3283 3156/3268/3284 3220/3333/3348 3219/3332/3347
f 3156/3268/3284 3157/3269/3285 3221/3334/3349 3220/3333/3348
f 3157/3269/3285 3158/3270/3286 3222/3335/3350 3221/3334/3349
f 3158/3270/3286 3159/3271/3287 3223/3336/3351 3222/3335/3350
f 3159/3271/3287 3160/3272/3288 3224/3337/3352 3223/3336/3351
f 3160/3272/3288 3161/3273/3289 3225/3338/3353 3224/3337/3352
f 3161/3273/3289 3162/3274/3290 3226/3339/3354 3225/3338/3353
f 3162/3274/3290 3163/3275/3291 3227/3340/3355 3226/3339/3354
f 3163/3275/3291 3164/3276/3292 3228/3341/3356 3227/3340/3355
f 3164/3276/3292 3165/3277/3293 3229/3342/3357 3228/3341/3356
f 3165/3277/3293 3166/3278/3294 3230/3343/3358 3229/3342/3357
f 3166/3278/3294 3167/3279/3295 3231/3344/3359 3230/3343/3358
f 3167/3279/3295 3168/3280/3296 3232/3345/3360 3231/3344/3359
f 3168/3280/3296 3169/3281/3297 3233/3346/3361 3232/3345/3360
f 3169/3281/3297 3170/3282/3298 3234/3347/3362 3233/3346/3361
f 3170/3282/3298 3171/3283/3299 3235/3348/3363 3234/3347/3362
f 3171/3283/3299 3172/3284/3300 3236/3349/3364 3235/3348/3363
f 3172/3284/3300 3173/3285/3301 3237/3350/3365 3236/3349/3364
f 3173/3285/3301 3174/3286/3302 3238/3351/3366 3237/3350/3365
f 3174/3286/3302 3175/3287/3303 3239/3352/3367 3238/3351/3366
f 3175/3287/3303 3176/3288/3304 3240/3353/3368 3239/3352/3367
f 3176/3288/3304 3177/3289/3305 3241/3354/3369 3240/3353/3368
f 3177/3289/3305 3178/3290/3306 3242/3355/3370 3241/3354/3369
f 3178/3290/3306 3179/3291/3307 3243/3356/3371 3242/3355/3370
f 3179/3291/3307 3180/3292/3308 3244/3357/3372 3243/3356/3371
f 3180/3292/3308 3181/3293/3309 3245/3358/3373 3244/3357/3372
f 3181/3293/3309 3182/3294/3310 3246/3359/3374 3245/3358/3373
f 3182/3294/3310 3183/3295/3311 3247/3360/3375 3246/3359/3374
f 3183/3295/3311 3184/3296/3312 3248/3361/3376 3247/3360/3375
f 3184/3296/3312 3185/3297/3313 3249/3362/3377 3248/3361/3376
f 3185/3297/3313 3186/3298/3314 3250/3363/3378 3249/3362/3377
f 3186/3298/3314 3187/3299/3315 3251/3364/3379 3250/3363/3378
f 3187/3299/3315 3188/3300/3316 3252/3365/3380 3251/3364/3379
f 3188/3300/3316 3189/3301/3317 3253/3366/3381 3252/3365/3380
f 3189/3301/3317 3190/3302/3318 3254/3367/3382 3253/3366/3381
f 3190/3302/3318 3191/3303/3319 3255/3368/3383 3254/3367/3382
f 3191/3303/3319 3192/3304/3320 3256/3369/3384 3255/3368/3383
f 3192/3304/3320 3193/3305/3321 3257/3370/3385 3256/3369/3384
f 3193/3305/3321 3194/3306/3322 3258/3371/3386 3257/3370/3385
f 3194/3306/3322 3195/3307/3323 3259/3372/3387 3258/3371/3386
f 3195/3307/3323 3196/3308/3324 3260/3373/3388 3259/3372/3387
f 3196/3308/3324 3197/3309/3325 3261/3374/3389 3260/3373/3388
f 3197/3309/3325 3198/3310/3326 3262/3375/3390 3261/3374/3389
f 3198/3310/3326 3199/3311/3327 3263/3376/3391 3262/3375/3390
f 3199/3311/3327 3200/3312/3328 3264/3377/3392 3263/3376/3391
f 3200/3312/3328 3201/3313/3329 3265/3378/3393 3264/3377/3392
f 3201/3313/3329 3138/3314/3267 3202/3379/3331 3265/3378/3393
f 3202/3316/3331 3203/3315/3330 3267/3380/3394 3266/3381/3395
f 3203/3315/3330 3204/3317/3332 3268/3382/3396 3267/3380/3394
f 3204/3317/3332 3205/3318/3333 3269/3383/3397 3268/3382/3396
f 3205/3318/3333 3206/3319/3334 3270/3384/3398 3269/3383/3397
f 3206/3319/3334 3207/3320/3335 3271/3385/3399 3270/3384/3398
f 3207/3320/3335 3208/3321/3336 3272/3386/3400 3271/3385/3399
f 3208/3321/3336 3209/3322/3337 3273/3387/3401 3272/3386/3400
f 3209/3322/3337 3210/3323/3338 3274/3388/3402 3273/3387/3401
f 3210/3323/3338 3211/3324/3339 3275/3389/3403 3274/3388/3402
f 3211/3324/3339 3212/3325/3340 3276/3390/3404 3275/3389/3403
f 3212/3325/3340 3213/3326/3341 3277/3391/3405 3276/3390/3404
f 3213/3326/3341 3214/3327/3342 3278/3392/3406 3277/3391/3405
f 3214/3327/3342 3215/3328/3343 3279/3393/3407 3278/3392/3406
f 3215/3328/3343 3216/3329/3344 3280/3394/3408 3279/3393/3407
f 3216/3329/3344 3217/3330/3345 3281/3395/3409 3280/3394/3408
f 3217/3330/3345 3218/3331/3346 3282/3396/3410 3281/3395/3409
f 3218/3331/3346 3219/3332/3347 3283/3397/3411 3282/3396/3410
f 3219/3332/3347 3220/3333/3348 3284/3398/3412 3283/3397/3411
f 3220/3333/3348 3221/3334/3349 3285/3399/3413 3284/3398/3412
f 3221/3334/3349 3222/3335/3350 3286/3400/3414 3285/3399/3413
f 3222/3335/3350 3223/3336/3351 3287/3401/3415 3286/3400/3414
f 3223/3336/3351 3224/3337/3352 3288/3402/3416 3287/3401/3415
f 3224/3337/3352 3225/3338/3353 3289/3403/3417 3288/3402/3416
f 3225/3338/3353 3226/3339/3354 3290/3404/3418 3289/3403/3417
f 3226/3339/3354 3227/3340/3355 3291/3405/3419 3290/3404/3418
f 3227/3340/3355 3228/3341/3356 3292/3406/3420 3291/3405/3419
f 3228/3341/3356 3229/3342/3357 3293/3407/3421 3292/3406/3420
f 3229/3342/3357 3230/3343/3358 3294/3408/3422 3293/3407/3421
f 3230/3343/3358 3231/3344/3359 3295/3409/3423 3294/3408/3422
f 3231/3344/3359 3232/3345/3360 3296/3410/3424 3295/3409/3423
f 3232/3345/3360 3233/3346/3361 3297/3411/3425 3296/3410/3424
f 3233/3346/3361 3234/3347/3362 3298/3412/3426 3297/3411/3425
f 3234/3347/3362 3235/3348/3363 3299/3413/3427 3298/3412/3426
f 3235/3348/3363 3236/3349/3364 3300/3414/3428 3299/3413/3427
f 3236/3349/3364 3237/3350/3365 3301/3415/3429 3300/3414/3428
f 3237/3350/3365 3238/3351/3366 3302/3416/3430 3301/3415/3429
f 3238/3351/3366 3239/3352/3367 3303/3417/3431 3302/3416/3430
f 3239/3352/3367 3240/3353/3368 3304/3418/3432 3303/3417/3431
f 3240/3353/3368 3241/3354/3369 3305/3419/3433 3304/3418/3432
f 3241/3354/3369 3242/3355/3370 3306/3420/3434 3305/3419/3433
f 3242/3355/3370 3243/3356/3371 3307/3421/3435 3306/3420/3434
f 3243/3356/3371 3244/3357/3372 3308/3422/3436 3307/3421/3435
f 3244/3357/3372 3245/3358/3373 3309/3423/3437 3308/3422/3436
f 3245/3358/3373 3246/3359/3374 3310/3424/3438 3309/3423/3437
f 3246/3359/3374 3247/3360/3375 3311/3425/3439 3310/3424/3438
f 3247/3360/3375 3248/3361/3376 3312/3426/3440 3311/3425/3439
f 3248/3361/3376 3249/3362/3377 3313/3427/3441 3312/3426/3440
f 3249/3362/3377 3250/3363/3378 3314/3428/3442 3313/3427/3441
f 3250/3363/3378 3251/3364/3379 3315/3429/3443 3314/3428/3442
f 3251/3364/3379 3252/3365/3380 3316/3430/3444 3315/3429/3443
f 3252/3365/3380 3253/3366/3381 3317/3431/3445 3316/3430/3444
f 3253/3366/3381 3254/3367/3382 3318/3432/3446 3317/3431/3445
f 3254/3367/3382 3255/3368/3383 3319/3433/3447 3318/3432/3446
f 3255/3368/3383 3256/3369/3384 3320/3434/3448 3319/3433/3447
f 3256/3369/3384 3257/3370/3385 3321/3435/3449 3320/3434/3448
f 3257/3370/3385 3258/3371/3386 3322/3436/3450 3321/3435/3449
f 3258/3371/3386 3259/3372/3387 3323/3437/3451 3322/3436/3450
f 3259/3372/3387 3260/3373/3388 3324/3438/3452 3323/3437/3451
f 3260/3373/3388 3261/3374/3389 3325/3439/3453 3324/3438/3452
f 3261/3374/3389 3262/3375/3390 3326/3440/3454 3325/3439/3453
f 3262/3375/3390 3263/3376/3391 3327/3441/3455 3326/3440/3454
f 3263/3376/3391 3264/3377/3392 3328/3442/3456 3327/3441/3455
f 3264/3377/3392 3265/3378/3393 3329/3443/3457 3328/3442/3456
f 3265/3378/3393 3202/3379/3331 3266/3444/3395 3329/3443/3457
f 3266/3381/3395 3267/3380/3394 3331/3445/3458 3330/3446/3459
f 3267/3380/3394 3268/3382/3396 3332/3447/3460 3331/3445/3458
f 3268/3382/3396 3269/3383/3397 3333/3448/3461 3332/3447/3460
f 3269/3383/3397 3270/3384/3398 3334/3449/3462 3333/3448/3461
f 3270/3384/3398 3271/3385/3399 3335/3450/3463 3334/3449/3462
f 3271/3385/3399 3272/3386/3400 3336/3451/3464 3335/3450/3463
f 3272/3386/3400 3273/3387/3401 3337/3452/3465 3336/3451/3464
f 3273/3387/3401 3274/3388/3402 3338/3453/3466 3337/3452/3465
f 3274/3388/3402 3275/3389/3403 3339/3454/3467 3338/3453/3466
f 3275/3389/3403 3276/3390/3404 3340/3455/3468 3339/3454/3467
f 3276/3390/3404 3277/3391/3405 3341/3456/3469 3340/3455/3468
f 3277/3391/3405 3278/3392/3406 3342/3457/3470 3341/3456/3469
f 3278/3392/3406 3279/3393/3407 3343/3458/3471 3342/3457/3470
f 3279/3393/3407 3280/3394/3408 3344/3459/3472 3343/3458/3471
f 3280/3394/3408 3281/3395/3409 3345/3460/3473 3344/3459/3472
f 3281/3395/3409 3282/3396/3410 3346/3461/3474 3345/3460/3473
f 3282/3396/3410 3283/3397/3411 3347/3462/3475 3346/3461/3474
f 3283/3397/3411 3284/3398/3412 3348/3463/3476 3347/3462/3475
f 3284/3398/3412 3285/3399/3413 3349/3464/3477 3348/3463/3476
f 3285/3399/3413 3286/3400/3414 3350/3465/3478 3349/3464/3477
f 3286/3400/3414 3287/3401/3415 3351/3466/3479 3350/3465/3478
f 3287/3401/3415 3288/3402/3416 3352/3467/3480 3351/3466/3479
f 3288/3402/3416 3289/3403/3417 3353/3468/3481 3352/3467/3480
f 3289/3403/3417 3290/3404/3418 3354/3469/3482 3353/3468/3481
f 3290/3404/3418 3291/3405/3419 3355/3470/3483 3354/3469/3482
f 3291/3405/3419 3292/3406/3420 3356/3471/3484 3355/3470/3483
f 3292/3406/3420 3293/3407/3421 3357/3472/3485 3356/3471/3484
f 3293/3407/3421 3294/3408/3422 3358/3473/3486 3357/3472/3485
f 3294/3408/3422 3295/3409/3423 3359/3474/3487 3358/3473/3486
f 3295/3409/3423 3296/3410/3424 3360/3475/3488 3359/3474/3487
f 3296/3410/3424 3297/3411/3425 3361/3476/3489 3360/3475/3488
f 3297/3411/3425 3298/3412/3426 3362/3477/3490 3361/3476/3489
f 3298/3412/3426 3299/3413/3427 3363/3478/3491 3362/3477/3490
f 3299/3413/3427 3300/3414/3428 3364/3479/3492 3363/3478/3491
f 3300/3414/3428 3301/3415/3429 3365/3480/3493 3364/3479/3492
f 3301/3415/3429 3302/3416/3430 3366/3481/3494 3365/3480/3493
f 3302/3416/3430 3303/3417/3431 3367/3482/3495 3366/3481/3494
f 3303/3417/3431 3304/3418/3432 3368/3483/3496 3367/3482/3495
f 3304/3418/3432 3305/3419/3433 3369/3484/3497 3368/3483/3496
f 3305/3419/3433 3306/3420/3434 3370/3485/3498 3369/3484/3497
f 3306/3420/3434 3307/3421/3435 3371/3486/3499 3370/3485/3498
f 3307/3421/3435 3308/3422/3436 3372/3487/3500 3371/3486/3499
f 3308/3422/3436 3309/3423/3437 3373/3488/3501 3372/3487/3500
f 3309/3423/3437 3310/3424/3438 3374/3489/3502 3373/3488/3501
f 3310/3424/3438 3311/3425/3439 3375/3490/3503 3374/3489/3502
f 3311/3425/3439 3312/3426/3440 3376/3491/3504 3375/3490/3503
f 3312/3426/3440 3313/3427/3441 3377/3492/3505 3376/3491/3504
f 3313/3427/3441 3314/3428/3442 3378/3493/3506 3377/3492/3505
f 3314/3428/3442 3315/3429/3443 3379/3494/3507 3378/3493/3506
f 3315/3429/3443 3316/3430/3444 3380/3495/3508 3379/3494/3507
f 3316/3430/3444 3317/3431/3445 3381/3496/3509 3380/3495/3508
f 3317/3431/3445 3318/3432/3446 3382/3497/3510 3381/3496/3509
f 3318/3432/3446 3319/3433/3447 3383/3498/3511 3382/3497/3510
f 3319/3433/3447 3320/3434/3448 3384/3499/3512 3383/3498/3511
f 3320/3434/3448 3321/3435/3449 3385/3500/3513 3384/3499/3512
f 3321/3435/3449 3322/3436/3450 3386/3501/3514 3385/3500/3513
f 3322/3436/3450 3323/3437/3451 3387/3502/3515 3386/3501/3514
f 3323/3437/3451 3324/3438/3452 3388/3503/3516 3387/3502/3515
f 3324/3438/3452 3325/3439/3453 3389/3504/3517 3388/3503/3516
f 3325/3439/3453 3326/3440/3454 3390/3505/3518 3389/3504/3517
f 3326/3440/3454 3327/3441/3455 3391/3506/3519 3390/3505/3518
f 3327/3441/3455 3328/3442/3456 3392/3507/3520 3391/3506/3519
f 3328/3442/3456 3329/3443/3457 3393/3508/3521 3392/3507/3520
f 3329/3443/3457 3266/3444/3395 3330/3509/3459 3393/3508/3521
f 3330/3446/3459 3331/3445/3458 3395/3510/3522 3394/3511/3523
f 3331/3445/3458 3332/3447/3460 3396/3512/3524 3395/3510/3522
f 3332/3447/3460 3333/3448/3461 3397/3513/3525 3396/3512/3524
f 3333/3448/3461 3334/3449/3462 3398/3514/3526 3397/3513/3525
f 3334/3449/3462 3335/3450/3463 3399/3515/3527 3398/3514/3526
f 3335/3450/3463 3336/3451/3464 3400/3516/3528 3399/3515/3527
f 3336/3451/3464 3337/3452/3465 3401/3517/3529 3400/3516/3528
f 3337/3452/3465 3338/3453/3466 3402/3518/3530 3401/3517/3529
f 3338/3453/3466 3339/3454/3467 3403/3519/3531 3402/3518/3530
f 3339/3454/3467 3340/3455/3468 3404/3520/3532 3403/3519/3531
f 3340/3455/3468 3341/3456/3469 3405/3521/3533 3404/3520/3532
f 3341/3456/3469 3342/3457/3470 3406/3522/3534 3405/3521/3533
f 3342/3457/3470 3343/3458/3471 3407/3523/3535 3406/3522/3534
f 3343/3458/3471 3344/3459/3472 3408/3524/3536 3407/3523/3535
f 3344/3459/3472 3345/3460/3473 3409/3525/3537 3408/3524/3536
f 3345/3460/3473 3346/3461/3474 3410/3526/3538 3409/3525/3537
f 3346/3461/3474 3347/3462/3475 3411/3527/3539 3410/3526/3538
f 3347/3462/3475 3348/3463/3476 3412/3528/3540 3411/3527/3539
f 3348/3463/3476 3349/3464/3477 3413/3529/3541 3412/3528/3540
f 3349/3464/3477 3350/3465/3478 3414/3530/3542 3413/3529/3541
f 3350/3465/3478 3351/3466/3479 3415/3531/3543 3414/3530/3542
f 3351/3466/3479 3352/3467/3480 3416/3532/3544 3415/3531/3543
f 3352/3467/3480 3353/3468/3481 3417/3533/3545 3416/3532/3544
f 3353/3468/3481 3354/3469/3482 3418/3534/3546 3417/3533/3545
f 3354/3469/3482 3355/3470/3483 3419/3535/3547 3418/3534/3546
f 3355/3470/3483 3356/3471/3484 3420/3536/3548 3419/3535/3547
f 3356/3471/3484 3357/3472/3485 3421/3537/3549 3420/3536/3548
f 3357/3472/3485 3358/3473/3486 3422/3538/3550 3421/3537/3549
f 3358/3473/3486 3359/3474/3487 3423/3539/3551 3422/3538/3550
f 3359/3474/3487 3360/3475/3488 3424/3540/3552 3423/3539/3551
f 3360/3475/3488 3361/3476/3489 3425/3541/3553 3424/3540/3552
f 3361/3476/3489 3362/3477/3490 3426/3542/3554 3425/3541/3553
f 3362/3477/3490 3363/3478/3491 3427/3543/3555 3426/3542/3554
f 3363/3478/3491 3364/3479/3492 3428/3544/3556 3427/3543/3555
f 3364/3479/3492 3365/3480/3493 3429/3545/3557 3428/3544/3556
f 3365/3480/3493 3366/3481/3494 3430/3546/3558 3429/3545/3557
f 3366/3481/3494 3367/3482/3495 3431/3547/3559 3430/3546/3558
f 3367/3482/3495 3368/3483/3496 3432/3548/3560 3431/3547/3559
f 3368/3483/3496 3369/3484/3497 3433/3549/3561 3432/3548/3560
f 3369/3484/3497 3370/3485/3498 3434/3550/3562 3433/3549/3561
f 3370/3485/3498 3371/3486/3499 3435/3551/3563 3434/3550/3562
f 3371/3486/3499 3372/3487/3500 3436/3552/3564 3435/3551/3563
f 3372/3487/3500 3373/3488/3501 3437/3553/3565 3436/3552/3564
f 3373/3488/3501 3374/3489/3502 3438/3554/3566 3437/3553/3565
f 3374/3489/3502 3375/3490/3503 3439/3555/3567 3438/3554/3566
f 3375/3490/3503 3376/3491/3504 3440/3556/3568 3439/3555/3567
f 3376/3491/3504 3377/3492/3505 3441/3557/3569 3440/3556/3568
f 3377/3492/3505 3378/3493/3506 3442/3558/3570 3441/3557/3569
f 3378/3493/3506 3379/3494/3507 3443/3559/3571 3442/3558/3570
f 3379/3494/3507 3380/3495/3508 3444/3560/3572 3443/3559/3571
f 3380/3495/3508 3381/3496/3509 3445/3561/3573 3444/3560/3572
f 3381/3496/3509 3382/3497/3510 3446/3562/3574 3445/3561/3573
f 3382/3497/3510 3383/3498/3511 3447/3563/3575 3446/3562/3574
f 3383/3498/3511 3384/3499/3512 3448/3564/3576 3447/3563/3575
f 3384/3499/3512 3385/3500/3513 3449/3565/3577 3448/3564/3576
f 3385/3500/3513 3386/3501/3514 3450/3566/3578 3449/3565/3577
f 3386/3501/3514 3387/3502/3515 3451/3567/3579 3450/3566/3578
f 3387/3502/3515 3388/3503/3516 3452/3568/3580 3451/3567/3579
f 3388/3503/3516 3389/3504/3517 3453/3569/3581 3452/3568/3580
f 3389/3504/3517 3390/3505/3518 3454/3570/3582 3453/3569/3581
f 3390/3505/3518 3391/3506/3519 3455/3571/3583 3454/3570/3582
f 3391/3506/3519 3392/3507/3520 3456/3572/3584 3455/3571/3583
f 3392/3507/3520 3393/3508/3521 3457/3573/3585 3456/3572/3584
f 3393/3508/3521 3330/3509/3459 3394/3574/3523 3457/3573/3585
f 3394/3511/3523 3395/3510/3522 3459/3575/3586 3458/3576/3587
f 3395/3510/3522 3396/3512/3524 3460/3577/3588 3459/3575/3586
f 3396/3512/3524 3397/3513/3525 3461/3578/3589 3460/3577/3588
f 3397/3513/3525 3398/3514/3526 3462/3579/3590 3461/3578/3589
f 3398/3514/3526 3399/3515/3527 3463/3580/3591 3462/3579/3590
f 3399/3515/3527 3400/3516/3528 3464/3581/3592 3463/3580/3591
f 3400/3516/3528 3401/3517/3529 3465/3582/3593 3464/3581/3592
f 3401/3517/3529 3402/3518/3530 3466/3583/3594 3465/3582/3593
f 3402/3518/3530 3403/3519/3531 3467/3584/3595 3466/3583/3594
f 3403/3519/3531 3404/3520/3532 3468/3585/3596 3467/3584/3595
f 3404/3520/3532 3405/3521/3533 3469/3586/3597 3468/3585/3596
f 3405/3521/3533 3406/3522/3534 3470/3587/3598 3469/3586/3597
f 3406/3522/3534 3407/3523/3535 3471/3588/3599 3470/3587/3598
f 3407/3523/3535 3408/3524/3536 3472/3589/3600 3471/3588/3599
f 3408/3524/3536 3409/3525/3537 3473/3590/3601 3472/3589/3600
f 3409/3525/3537 3410/3526/3538 3474/3591/3602 3473/3590/3601
f 3410/3526/3538 3411/3527/3539 3475/3592/3603 3474/3591/3602
f 3411/3527/3539 3412/3528/3540 3476/3593/3604 3475/3592/3603
f 3412/3528/3540 3413/3529/3541 3477/3594/3605 3476/3593/3604
f 3413/3529/3541 3414/3530/3542 3478/3595/3606 3477/3594/3605
f 3414/3530/3542 3415/3531/3543 3479/3596/3607 3478/3595/3606
f 3415/3531/3543 3416/3532/3544 3480/3597/3608 3479/3596/3607
f 3416/3532/3544 3417/3533/3545 3481/3598/3609 3480/3597/3608
f 3417/3533/3545 3418/3534/3546 3482/3599/3610 3481/3598/3609
f 3418/3534/3546 3419/3535/3547 3483/3600/3611 3482/3599/3610
f 3419/3535/3547 3420/3536/3548 3484/3601/3612 3483/3600/3611
f 3420/3536/3548 3421/3537/3549 3485/3602/3613 3484/3601/3612
f 3421/3537/3549 3422/3538/3550 3486/3603/3614 3485/3602/3613
f 3422/3538/3550 3423/3539/3551 3487/3604/3615 3486/3603/3614
f 3423/3539/3551 3424/3540/3552 3488/3605/3616 3487/3604/3615
f 3424/3540/3552 3425/3541/3553 3489/3606/3617 3488/3605/3616
f 3425/3541/3553 3426/3542/3554 3490/3607/3618 3489/3606/3617
f 3426/3542/3554 3427/3543/3555 3491/3608/3619 3490/3607/3618
f 3427/3543/3555 3428/3544/3556 3492/3609/3620 3491/3608/3619
f 3428/3544/3556 3429/3545/3557 3493/3610/3621 3492/3609/3620
f 3429/3545/3557 3430/3546/3558 3494/3611/3622 3493/3610/3621
f 3430/3546/3558 3431/3547/3559 3495/3612/3623 3494/3611/3622
f 3431/3547/3559 3432/3548/3560 3496/3613/3624 3495/3612/3623
f 3432/3548/3560 3433/3549/3561 3497/3614/3625 3496/3613/3624
f 3433/3549/3561 3434/3550/3562 3498/3615/3626 3497/3614/3625
f 3434/3550/3562 3435/3551/3563 3499/3616/3627 3498/3615/3626
f 3435/3551/3563 3436/3552/3564 3500/3617/3628 3499/3616/3627
f 3436/3552/3564 3437/3553/3565 3501/3618/3629 3500/3617/3628
f 3437/3553/3565 3438/3554/3566 3502/3619/3630 3501/3618/3629
f 3438/3554/3566 3439/3555/3567 3503/3620/3631 3502/3619/3630
f 3439/3555/3567 3440/3556/3568 3504/3621/3632 3503/3620/3631
f 3440/3556/3568 3441/3557/3569 3505/3622/3633 3504/3621/3632
f 3441/3557/3569 3442/3558/3570 3506/3623/3634 3505/3622/3633
f 3442/3558/3570 3443/3559/3571 3507/3624/3635 3506/3623/3634
f 3443/3559/3571 3444/3560/3572 3508/3625/3636 3507/3624/3635
f 3444/3560/3572 3445/3561/3573 3509/3626/3637 3508/3625/3636
f 3445/3561/3573 3446/3562/3574 3510/3627/3638 3509/3626/3637
f 3446/3562/3574 3447/3563/3575 3511/3628/3639 3510/3627/3638
f 3447/3563/3575 3448/3564/3576 3512/3629/3640 3511/3628/3639
f 3448/3564/3576 3449/3565/3577 3513/3630/3641 3512/3629/3640
f 3449/3565/3577 3450/3566/3578 3514/3631/3642 3513/3630/3641
f 3450/3566/3578 3451/3567/3579 3515/3632/3643 3514/3631/3642
f 3451/3567/3579 3452/3568/3580 3516/3633/3644 3515/3632/3643
f 3452/3568/3580 3453/3569/3581 3517/3634/3645 3516/3633/3644
f 3453/3569/3581 3454/3570/3582 3518/3635/3646 3517/3634/3645
f 3454/3570/3582 3455/3571/3583 3519/3636/3647 3518/3635/3646
f 3455/3571/3583 3456/3572/3584 3520/3637/3648 3519/3636/3647
f 3456/3572/3584 3457/3573/3585 3521/3638/3649 3520/3637/3648
f 3457/3573/3585 3394/3574/3523 3458/3639/3587 3521/3638/3649
f 3458/3576/3587 3459/3575/3586 3523/3640/3650 3522/3641/3651
f 3459/3575/3586 3460/3577/3588 3524/3642/3652 3523/3640/3650
f 3460/3577/3588 3461/3578/3589 3525/3643/3653 3524/3642/3652
f 3461/3578/3589 3462/3579/3590 3526/3644/3654 3525/3643/3653
f 3462/3579/3590 3463/3580/3591 3527/3645/3655 3526/3644/3654
f 3463/3580/3591 3464/3581/3592 3528/3646/3656 3527/3645/3655
f 3464/3581/3592 3465/3582/3593 3529/3647/3657 3528/3646/3656
f 3465/3582/3593 3466/3583/3594 3530/3648/3658 3529/3647/3657
f 3466/3583/3594 3467/3584/3595 3531/3649/3659 3530/3648/3658
f 3467/3584/3595 3468/3585/3596 3532/3650/3660 3531/3649/3659
f 3468/3585/3596 3469/3586/3597 3533/3651/3661 3532/3650/3660
f 3469/3586/3597 3470/3587/3598 3534/3652/3662 3533/3651/3661
f 3470/3587/3598 3471/3588/3599 3535/3653/3663 3534/3652/3662
f 3471/3588/3599 3472/3589/3600 3536/3654/3664 3535/3653/3663
f 3472/3589/3600 3473/3590/3601 3537/3655/3665 3536/3654/3664
f 3473/3590/3601 3474/3591/3602 3538/3656/3666 3537/3655/3665
f 3474/3591/3602 3475/3592/3603 3539/3657/3667 3538/3656/3666
f 3475/3592/3603 3476/3593/3604 3540/3658/3668 3539/3657/3667
f 3476/3593/3604 3477/3594/3605 3541/3659/3669 3540/3658/3668
f 3477/3594/3605 3478/3595/3606 3542/3660/3670 3541/3659/3669
f 3478/3595/3606 3479/3596/3607 3543/3661/3671 3542/3660/3670
f 3479/3596/3607 3480/3597/3608 3544/3662/3672 3543/3661/3671
f 3480/3597/3608 3481/3598/3609 3545/3663/3673 3544/3662/3672
f 3481/3598/3609 3482/3599/3610 3546/3664/3674 3545/3663/3673
f 3482/3599/3610 3483/3600/3611 3547/3665/3675 3546/3664/3674
f 3483/3600/3611 3484/3601/3612 3548/3666/3676 3547/3665/3675
f 3484/3601/3612 3485/3602/3613 3549/3667/3677 3548/3666/3676
f 3485/3602/3613 3486/3603/3614 3550/3668/3678 3549/3667/3677
f 3486/3603/3614 3487/3604/3615 3551/3669/3679 3550/3668/3678
f 3487/3604/3615 3488/3605/3616 3552/3670/3680 3551/3669/3679
f 3488/3605/3616 3489/3606/3617 3553/3671/3681 3552/3670/3680
f 3489/3606/3617 3490/3607/3618 3554/3672/3682 3553/3671/3681
f 3490/3607/3618 3491/3608/3619 3555/3673/3683 3554/3672/3682
f 3491/3608/3619 3492/3609/3620 3556/3674/3684 3555/3673/3683
f 3492/3609/3620 3493/3610/3621 3557/3675/3685 3556/3674/3684
f 3493/3610/3621 3494/3611/3622 3558/3676/3686 3557/3675/3685
f 3494/3611/3622 3495/3612/3623 3559/3677/3687 3558/3676/3686
f 3495/3612/3623 3496/3613/3624 3560/3678/3688 3559/3677/3687
f 3496/3613/3624 3497/3614/3625 3561/3679/3689 3560/3678/3688
f 3497/3614/3625 3498/3615/3626 3562/3680/3690 3561/3679/3689
f 3498/3615/3626 3499/3616/3627 3563/3681/3691 3562/3680/3690
f 3499/3616/3627 3500/3617/3628 3564/3682/3692 3563/3681/3691
f 3500/3617/3628 3501/3618/3629 3565/3683/3693 3564/3682/3692
f 3501/3618/3629 3502/3619/3630 3566/3684/3694 3565/3683/3693
f 3502/3619/3630 3503/3620/3631 3567/3685/3695 3566/3684/3694
f 3503/3620/3631 3504/3621/3632 3568/3686/3696 3567/3685/3695
f 3504/3621/3632 3505/3622/3633 3569/3687/3697 3568/3686/3696
f 3505/3622/3633 3506/3623/3634 3570/3688/3698 3569/3687/3697
f 3506/3623/3634 3507/3624/3635 3571/3689/3699 3570/3688/3698
f 3507/3624/3635 3508/3625/3636 3572/3690/3700 3571/3689/3699
f 3508/3625/3636 3509/3626/3637 3573/3691/3701 3572/3690/3700
f 3509/3626/3637 3510/3627/3638 3574/3692/3702 3573/3691/3701
f 3510/3627/3638 3511/3628/3639 3575/3693/3703 3574/3692/3702
f 3511/3628/3639 3512/3629/3640 3576/3694/3704 3575/3693/3703
f 3512/3629/3640 3513/3630/3641 3577/3695/3705 3576/3694/3704
f 3513/3630/3641 3514/3631/3642 3578/3696/3706 3577/3695/3705
f 3514/3631/3642 3515/3632/3643 3579/3697/3707 3578/3696/3706
f 3515/3632/3643 3516/3633/3644 3580/3698/3708 3579/3697/3707
f 3516/3633/3644 3517/3634/3645 3581/3699/3709 3580/3698/3708
f 3517/3634/3645 3518/3635/3646 3582/3700/3710 3581/3699/3709
f 3518/3635/3646 3519/3636/3647 3583/3701/3711 3582/3700/3710
f 3519/3636/3647 3520/3637/3648 3584/3702/3712 3583/3701/3711
f 3520/3637/3648 3521/3638/3649 3585/3703/3713 3584/3702/3712
f 3521/3638/3649 3458/3639/3587 3522/3704/3651 3585/3703/3713
f 3522/3641/3651 3523/3640/3650 3587/3705/3714 3586/3706/3715
f 3523/3640/3650 3524/3642/3652 3588/3707/3716 3587/3705/3714
f 3524/3642/3652 3525/3643/3653 3589/3708/3717 3588/3707/3716
f 3525/3643/3653 3526/3644/3654 3590/3709/3718 3589/3708/3717
f 3526/3644/3654 3527/3645/3655 3591/3710/3719 3590/3709/3718
f 3527/3645/3655 3528/3646/3656 3592/3711/3720 3591/3710/3719
f 3528/3646/3656 3529/3647/3657 3593/3712/3721 3592/3711/3720
f 3529/3647/3657 3530/3648/3658 3594/3713/3722 3593/3712/3721
f 3530/3648/3658 3531/3649/3659 3595/3714/3723 3594/3713/3722
f 3531/3649/3659 3532/3650/3660 3596/3715/3724 3595/3714/3723
f 3532/3650/3660 3533/3651/3661 3597/3716/3725 3596/3715/3724
f 3533/3651/3661 3534/3652/3662 3598/3717/3726 3597/3716/3725
f 3534/3652/3662 3535/3653/3663 3599/3718/3727 3598/3717/3726
f 3535/3653/3663 3536/3654/3664 3600/3719/3728 3599/3718/3727
f 3536/3654/3664 3537/3655/3665 3601/3720/3729 3600/3719/3728
f 3537/3655/3665 3538/3656/3666 3602/3721/3730 3601/3720/3729
f 3538/3656/3666 3539/3657/3667 3603/3722/3731 3602/3721/3730
f 3539/3657/3667 3540/3658/3668 3604/3723/3732 3603/3722/3731
f 3540/3658/3668 3541/3659/3669 3605/3724/3733 3604/3723/3732
f 3541/3659/3669 3542/3660/3670 3606/3725/3734 3605/3724/3733
f 3542/3660/3670 3543/3661/3671 3607/3726/3735 3606/3725/3734
f 3543/3661/3671 3544/3662/3672 3608/3727/3736 3607/3726/3735
f 3544/3662/3672 3545/3663/3673 3609/3728/3737 3608/3727/3736
f 3545/3663/3673 3546/3664/3674 3610/3729/3738 3609/3728/3737
f 3546/3664/3674 3547/3665/3675 3611/3730/3739 3610/3729/3738
f 3547/3665/3675 3548/3666/3676 3612/3731/3740 3611/3730/3739
f 3548/3666/3676 3549/3667/3677 3613/3732/3741 3612/3731/3740
f 3549/3667/3677 3550/3668/3678 3614/3733/3742 3613/3732/3741
f 3550/3668/3678 3551/3669/3679 3615/3734/3743 3614/3733/3742
f 3551/3669/3679 3552/3670/3680 3616/3735/3744 3615/3734/3743
f 3552/3670/3680 3553/3671/3681 3617/3736/3745 3616/3735/3744
f 3553/3671/3681 3554/3672/3682 3618/3737/3746 3617/3736/3745
f 3554/3672/3682 3555/3673/3683 3619/3738/3747 3618/3737/3746
f 3555/3673/3683 3556/3674/3684 3620/3739/3748 3619/3738/3747
f 3556/3674/3684 3557/3675/3685 3621/3740/3749 3620/3739/3748
f 3557/3675/3685 3558/3676/3686 3622/3741/3750 3621/3740/3749
f 3558/3676/3686 3559/3677/3687 3623/3742/3751 3622/3741/3750
f 3559/3677/3687 3560/3678/3688 3624/3743/3752 3623/3742/3751
f 3560/3678/3688 3561/3679/3689 3625/3744/3753 3624/3743/3752
f 3561/3679/3689 3562/3680/3690 3626/3745/3754 3625/3744/3753
f 3562/3680/3690 3563/3681/3691 3627/3746/3755 3626/3745/3754
f 3563/3681/3691 3564/3682/3692 3628/3747/3756 3627/3746/3755
f 3564/3682/3692 3565/3683/3693 3629/3748/3757 3628/3747/3756
f 3565/3683/3693 3566/3684/3694 3630/3749/3758 3629/3748/3757
f 3566/3684/3694 3567/3685/3695 3631/3750/3759 3630/3749/3758
f 3567/3685/3695 3568/3686/3696 3632/3751/3760 3631/3750/3759
f 3568/3686/3696 3569/3687/3697 3633/3752/3761 3632/3751/3760
f 3569/3687/3697 3570/3688/3698 3634/3753/3762 3633/3752/3761
f 3570/3688/3698 3571/3689/3699 3635/3754/3763 3634/3753/3762
f 3571/3689/3699 3572/3690/3700 3636/3755/3764 3635/3754/3763
f 3572/3690/3700 3573/3691/3701 3637/3756/3765 3636/3755/3764
f 3573/3691/3701 3574/3692/3702 3638/3757/3766 3637/3756/3765
f 3574/3692/3702 3575/3693/3703 3639/3758/3767 3638/3757/3766
f 3575/3693/3703 3576/3694/3704 3640/3759/3768 3639/3758/3767
f 3576/3694/3704 3577/3695/3705 3641/3760/3769 3640/3759/3768
f 3577/3695/3705 3578/3696/3706 3642/3761/3770 3641/3760/3769
f 3578/3696/3706 3579/3697/3707 3643/3762/3771 3642/3761/3770
f 3579/3697/3707 3580/3698/3708 3644/3763/3772 3643/3762/3771
f 3580/3698/3708 3581/3699/3709 3645/3764/3773 3644/3763/3772
f 3581/3699/3709 3582/3700/3710 3646/3765/3774 3645/3764/3773
f 3582/3700/3710 3583/3701/3711 3647/3766/3775 3646/3765/3774
f 3583/3701/3711 3584/3702/3712 3648/3767/3776 3647/3766/3775
f 3584/3702/3712 3585/3703/3713 3649/3768/3777 3648/3767/3776
f 3585/3703/3713 3522/3704/3651 3586/3769/3715 3649/3768/3777
f 3586/3706/3715 3587/3705/3714 3651/3770/3778 3650/3771/3779
f 3587/3705/3714 3588/3707/3716 3652/3772/3780 3651/3770/3778
f 3588/3707/3716 3589/3708/3717 3653/3773/3781 3652/3772/3780
f 3589/3708/3717 3590/3709/3718 3654/3774/3782 3653/3773/3781
f 3590/3709/3718 3591/3710/3719 3655/3775/3783 3654/3774/3782
f 3591/3710/3719 3592/3711/3720 3656/3776/3784 3655/3775/3783
f 3592/3711/3720 3593/3712/3721 3657/3777/3785 3656/3776/3784
f 3593/3712/3721 3594/3713/3722 3658/3778/3786 3657/3777/3785
f 3594/3713/3722 3595/3714/3723 3659/3779/3787 3658/3778/3786
f 3595/3714/3723 3596/3715/3724 3660/3780/3788 3659/3779/3787
f 3596/3715/3724 3597/3716/3725 3661/3781/3789 3660/3780/3788
f 3597/3716/3725 3598/3717/3726 3662/3782/3790 3661/3781/3789
f 3598/3717/3726 3599/3718/3727 3663/3783/3791 3662/3782/3790
f 3599/3718/3727 3600/3719/3728 3664/3784/3792 3663/3783/3791
f 3600/3719/3728 3601/3720/3729 3665/3785/3793 3664/3784/3792
f 3601/3720/3729 3602/3721/3730 3666/3786/3794 3665/3785/3793
f 3602/3721/3730 3603/3722/3731 3667/3787/3795 3666/3786/3794
f 3603/3722/3731 3604/3723/3732 3668/3788/3796 3667/3787/3795
f 3604/3723/3732 3605/3724/3733 3669/3789/3797 3668/3788/3796
f 3605/3724/3733 3606/3725/3734 3670/3790/3798 3669/3789/3797
f 3606/3725/3734 3607/3726/3735 3671/3791/3799 3670/3790/3798
f 3607/3726/3735 3608/3727/3736 3672/3792/3800 3671/3791/3799
f 3608/3727/3736 3609/3728/3737 3673/3793/3801 3672/3792/3800
f 3609/3728/3737 3610/3729/3738 3674/3794/3802 3673/3793/3801
f 3610/3729/3738 3611/3730/3739 3675/3795/3803 3674/3794/3802
f 3611/3730/3739 3612/3731/3740 3676/3796/3804 3675/3795/3803
f 3612/3731/3740 3613/3732/3741 3677/3797/3805 3676/3796/3804
f 3613/3732/3741 3614/3733/3742 3678/3798/3806 3677/3797/3805
f 3614/3733/3742 3615/3734/3743 3679/3799/3807 3678/3798/3806
f 3615/3734/3743 3616/3735/3744 3680/3800/3808 3679/3799/3807
f 3616/3735/3744 3617/3736/3745 3681/3801/3809 3680/3800/3808
f 3617/3736/3745 3618/3737/3746 3682/3802/3810 3681/3801/3809
f 3618/3737/3746 3619/3738/3747 3683/3803/3811 3682/3802/3810
f 3619/3738/3747 3620/3739/3748 3684/3804/3812 3683/3803/3811
f 3620/3739/3748 3621/3740/3749 3685/3805/3813 3684/3804/3812
f 3621/3740/3749 3622/3741/3750 3686/3806/3814 3685/3805/3813
f 3622/3741/3750 3623/3742/3751 3687/3807/3815 3686/3806/3814
f 3623/3742/3751 3624/3743/3752 3688/3808/3816 3687/3807/3815
f 3624/3743/3752 3625/3744/3753 3689/3809/3817 3688/3808/3816
f 3625/3744/3753 3626/3745/3754 3690/3810/3818 3689/3809/3817
f 3626/3745/3754 3627/3746/3755 3691/3811/3819 3690/3810/3818
f 3627/3746/3755 3628/3747/3756 3692/3812/3820 3691/3811/3819
f 3628/3747/3756 3629/3748/3757 3693/3813/3821 3692/3812/3820
f 3629/3748/3757 3630/3749/3758 3694/3814/3822 3693/3813/3821
f 3630/3749/3758 3631/3750/3759 3695/3815/3823 3694/3814/3822
f 3631/3750/3759 3632/3751/3760 3696/3816/3824 3695/3815/3823
f 3632/3751/3760 3633/3752/3761 3697/3817/3825 3696/3816/3824
f 3633/3752/3761 3634/3753/3762 3698/3818/3826 3697/3817/3825
f 3634/3753/3762 3635/3754/3763 3699/3819/3827 3698/3818/3826
f 3635/3754/3763 3636/3755/3764 3700/3820/3828 3699/3819/3827
f 3636/3755/3764 3637/3756/3765 3701/3821/3829 3700/3820/3828
f 3637/3756/3765 3638/3757/3766 3702/3822/3830 3701/3821/3829
f 3638/3757/3766 3639/3758/3767 3703/3823/3831 3702/3822/3830
f 3639/3758/3767 3640/3759/3768 3704/3824/3832 3703/3823/3831
f 3640/3759/3768 3641/3760/3769 3705/3825/3833 3704/3824/3832
f 3641/3760/3769 3642/3761/3770 3706/3826/3834 3705/3825/3833
f 3642/3761/3770 3643/3762/3771 3707/3827/3835 3706/3826/3834
f 3643/3762/3771 3644/3763/3772 3708/3828/3836 3707/3827/3835
f 3644/3763/3772 3645/3764/3773 3709/3829/3837 3708/3828/3836
f 3645/3764/3773 3646/3765/3774 3710/3830/3838 3709/3829/3837
f 3646/3765/3774 3647/3766/3775 3711/3831/3839 3710/3830/3838
f 3647/3766/3775 3648/3767/3776 3712/3832/3840 3711/3831/3839
f 3648/3767/3776 3649/3768/3777 3713/3833/3841 3712/3832/3840
f 3649/3768/3777 3586/3769/3715 3650/3834/3779 3713/3833/3841
f 3650/3771/3779 3651/3770/3778 3715/3835/3842 3714/3836/3843
f 3651/3770/3778 3652/3772/3780 3716/3837/3844 3715/3835/3842
f 3652/3772/3780 3653/3773/3781 3717/3838/3845 3716/3837/3844
f 3653/3773/3781 3654/3774/3782 3718/3839/3846 3717/3838/3845
f 3654/3774/3782 3655/3775/3783 3719/3840/3847 3718/3839/3846
f 3655/3775/3783 3656/3776/3784 3720/3841/3848 3719/3840/3847
f 3656/3776/3784 3657/3777/3785 3721/3842/3849 3720/3841/3848
f 3657/3777/3785 3658/3778/3786 3722/3843/3850 3721/3842/3849
f 3658/3778/3786 3659/3779/3787 3723/3844/3851 3722/3843/3850
f 3659/3779/3787 3660/3780/3788 3724/3845/3852 3723/3844/3851
f 3660/3780/3788 3661/3781/3789 3725/3846/3853 3724/3845/3852
f 3661/3781/3789 3662/3782/3790 3726/3847/3854 3725/3846/3853
f 3662/3782/3790 3663/3783/3791 3727/3848/3855 3726/3847/3854
f 3663/3783/3791 3664/3784/3792 3728/3849/3856 3727/3848/3855
f 3664/3784/3792 3665/3785/3793 3729/3850/3857 3728/3849/3856
f 3665/3785/3793 3666/3786/3794 3730/3851/3858 3729/3850/3857
f 3666/3786/3794 3667/3787/3795 3731/3852/3859 3730/3851/3858
f 3667/3787/3795 3668/3788/3796 3732/3853/3860 3731/3852/3859
f 3668/3788/3796 3669/3789/3797 3733/3854/3861 3732/3853/3860
f 3669/3789/3797 3670/3790/3798 3734/3855/3862 3733/3854/3861
f 3670/3790/3798 3671/3791/3799 3735/3856/3863 3734/3855/3862
f 3671/3791/3799 3672/3792/3800 3736/3857/3864 3735/3856/3863
f 3672/3792/3800 3673/3793/3801 3737/3858/3865 3736/3857/3864
f 3673/3793/3801 3674/3794/3802 3738/3859/3866 3737/3858/3865
f 3674/3794/3802 3675/3795/3803 3739/3860/3867 3738/3859/3866
f 3675/3795/3803 3676/3796/3804 3740/3861/3868 3739/3860/3867
f 3676/3796/3804 3677/3797/3805 3741/3862/3869 3740/3861/3868
f 3677/3797/3805 3678/3798/3806 3742/3863/3870 3741/3862/3869
f 3678/3798/3806 3679/3799/3807 3743/3864/3871 3742/3863/3870
f 3679/3799/3807 3680/3800/3808 3744/3865/3872 3743/3864/3871
f 3680/3800/3808 3681/3801/3809 3745/3866/3873 3744/3865/3872
f 3681/3801/3809 3682/3802/3810 3746/3867/3874 3745/3866/3873
f 3682/3802/3810 3683/3803/3811 3747/3868/3875 3746/3867/3874
f 3683/3803/3811 3684/3804/3812 3748/3869/3876 3747/3868/3875
f 3684/3804/3812 3685/3805/3813 3749/3870/3877 3748/3869/3876
f 3685/3805/3813 3686/3806/3814 3750/3871/3878 3749/3870/3877
f 3686/3806/3814 3687/3807/3815 3751/3872/3879 3750/3871/3878
f 3687/3807/3815 3688/3808/3816 3752/3873/3880 3751/3872/3879
f 3688/3808/3816 3689/3809/3817 3753/3874/3881 3752/3873/3880
f 3689/3809/3817 3690/3810/3818 3754/3875/3882 3753/3874/3881
f 3690/3810/3818 3691/3811/3819 3755/3876/3883 3754/3875/3882
f 3691/3811/3819 3692/3812/3820 3756/3877/3884 3755/3876/3883
f 3692/3812/3820 3693/3813/3821 3757/3878/3885 3756/3877/3884
f 3693/3813/3821 3694/3814/3822 3758/3879/3886 3757/3878/3885
f 3694/3814/3822 3695/3815/3823 3759/3880/3887 3758/3879/3886
f 3695/3815/3823 3696/3816/3824 3760/3881/3888 3759/3880/3887
f 3696/3816/3824 3697/3817/3825 3761/3882/3889 3760/3881/3888
f 3697/3817/3825 3698/3818/3826 3762/3883/3890 3761/3882/3889
f 3698/3818/3826 3699/3819/3827 3763/3884/3891 3762/3883/3890
f 3699/3819/3827 3700/3820/3828 3764/3885/3892 3763/3884/3891
f 3700/3820/3828 3701/3821/3829 3765/3886/3893 3764/3885/3892
f 3701/3821/3829 3702/3822/3830 3766/3887/3894 3765/3886/3893
f 3702/3822/3830 3703/3823/3831 3767/3888/3895 3766/3887/3894
f 3703/3823/3831 3704/3824/3832 3768/3889/3896 3767/3888/3895
f 3704/3824/3832 3705/3825/3833 3769/3890/3897 3768/3889/3896
f 3705/3825/3833 3706/3826/3834 3770/3891/3898 3769/3890/3897
f 3706/3826/3834 3707/3827/3835 3771/3892/3899 3770/3891/3898
f 3707/3827/3835 3708/3828/3836 3772/3893/3900 3771/3892/3899
f 3708/3828/3836 3709/3829/3837 3773/3894/3901 3772/3893/3900
f 3709/3829/3837 3710/3830/3838 3774/3895/3902 3773/3894/3901
f 3710/3830/3838 3711/3831/3839 3775/3896/3903 3774/3895/3902
f 3711/3831/3839 3712/3832/3840 3776/3897/3904 3775/3896/3903
f 3712/3832/3840 3713/3833/3841 3777/3898/3905 3776/3897/3904
f 3713/3833/3841 3650/3834/3779 3714/3899/3843 3777/3898/3905
f 3714/3836/3843 3715/3835/3842 3778/3900/3906
f 3715/3835/3842 3716/3837/3844 3778/3901/3906
f 3716/3837/3844 3717/3838/3845 3778/3902/3906
f 3717/3838/3845 3718/3839/3846 3778/3903/3906
f 3718/3839/3846 3719/3840/3847 3778/3904/3906
f 3719/3840/3847 3720/3841/3848 3778/3905/3906
f 3720/3841/3848 3721/3842/3849 3778/3906/3906
f 3721/3842/3849 3722/3843/3850 3778/3907/3906
f 3722/3843/3850 3723/3844/3851 3778/3908/3906
f 3723/3844/3851 3724/3845/3852 3778/3909/3906
f 3724/3845/3852 3725/3846/3853 3778/3910/3906
f 3725/3846/3853 3726/3847/3854 3778/3911/3906
f 3726/3847/3854 3727/3848/3855 3778/3912/3906
f 3727/3848/3855 3728/3849/3856 3778/3913/3906
f 3728/3849/3856 3729/3850/3857 3778/3914/3906
f 3729/3850/3857 3730/3851/3858 3778/3915/3906
f 3730/3851/3858 3731/3852/3859 3778/3916/3906
f 3731/3852/3859 3732/3853/3860 3778/3917/3906
f 3732/3853/3860 3733/3854/3861 3778/3918/3906
f 3733/3854/3861 3734/3855/3862 3778/3919/3906
f 3734/3855/3862 3735/3856/3863 3778/3920/3906
f 3735/3856/3863 3736/3857/3864 3778/3921/3906
f 3736/3857/3864 3737/3858/3865 3778/3922/3906
f 3737/3858/3865 3738/3859/3866 3778/3923/3906
f 3738/3859/3866 3739/3860/3867 3778/3924/3906
f 3739/3860/3867 3740/3861/3868 3778/3925/3906
f 3740/3861/3868 3741/3862/3869 3778/3926/3906
f 3741/3862/3869 3742/3863/3870 3778/3927/3906
f 3742/3863/3870 3743/3864/3871 3778/3928/3906
f 3743/3864/3871 3744/3865/3872 3778/3929/3906
f 3744/3865/3872 3745/3866/3873 3778/3930/3906
f 3745/3866/3873 3746/3867/3874 3778/3931/3906
f 3746/3867/3874 3747/3868/3875 3778/3932/3906
f 3747/3868/3875 3748/3869/3876 3778/3933/3906
f 3748/3869/3876 3749/3870/3877 3778/3934/3906
f 3749/3870/3877 3750/3871/3878 3778/3935/3906
f 3750/3871/3878 3751/3872/3879 3778/3936/3906
f 3751/3872/3879 3752/3873/3880 3778/3937/3906
f 3752/3873/3880 3753/3874/3881 3778/3938/3906
f 3753/3874/3881 3754/3875/3882 3778/3939/3906
f 3754/3875/3882 3755/3876/3883 3778/3940/3906
f 3755/3876/3883 3756/3877/3884 3778/3941/3906
f 3756/3877/3884 3757/3878/3885 3778/3942/3906
f 3757/3878/3885 3758/3879/3886 3778/3943/3906
f 3758/3879/3886 3759/3880/3887 3778/3944/3906
f 3759/3880/3887 3760/3881/3888 3778/3945/3906
f 3760/3881/3888 3761/3882/3889 3778/3946/3906
f 3761/3882/3889 3762/3883/3890 3778/3947/3906
f 3762/3883/3890 3763/3884/3891 3778/3948/3906
f 3763/3884/3891 3764/3885/3892 3778/3949/3906
f 3764/3885/3892 3765/3886/3893 3778/3950/3906
f 3765/3886/3893 3766/3887/3894 3778/3951/3906
f 3766/3887/3894 3767/3888/3895 3778/3952/3906
f 3767/3888/3895 3768/3889/3896 3778/3953/3906
f 3768/3889/3896 3769/3890/3897 3778/3954/3906
f 3769/3890/3897 3770/3891/3898 3778/3955/3906
f 3770/3891/3898 3771/3892/3899 3778/3956/3906
f 3771/3892/3899 3772/3893/3900 3778/3957/3906
f 3772/3893/3900 3773/3894/3901 3778/3958/3906
f 3773/3894/3901 3774/3895/3902 3778/3959/3906
f 3774/3895/3902 3775/3896/3903 3778/3960/3906
f 3775/3896/3903 3776/3897/3904 3778/3961/3906
f 3776/3897/3904 3777/3898/3905 3778/3962/3906
f 3777/3898/3905 3714/3899/3843 3778/3963/3906
usemtl trim
f 4546/3964/2145 4483/3965/2146 4163/3966/2146 4226/3967/2145
f 3780/3968/3907 3781/3969/3908 3845/3970/3908 3844/3971/3907
f 3781/3969/3908 3782/3972/3909 3846/3973/3909 3845/3970/3908
f 3782/3972/3909 3783/3974/3910 3847/3975/3910 3846/3973/3909
f 3783/3974/3910 3784/3976/3911 3848/3977/3911 3847/3975/3910
f 3784/3976/3911 3785/3978/3912 3849/3979/3912 3848/3977/3911
f 3785/3978/3912 3786/3980/3913 3850/3981/3913 3849/3979/3912
f 3786/3980/3913 3787/3982/3914 3851/3983/3914 3850/3981/3913
f 3787/3982/3914 3788/3984/3915 3852/3985/3915 3851/3983/3914
f 3788/3984/3915 3789/3986/3916 3853/3987/3916 3852/3985/3915
f 3789/3986/3916 3790/3988/3917 3854/3989/3917 3853/3987/3916
f 3790/3988/3917 3791/3990/3918 3855/3991/3918 3854/3989/3917
f 3791/3990/3918 3792/3992/3919 3856/3993/3919 3855/3991/3918
f 3792/3992/3919 3793/3994/3920 3857/3995/3920 3856/3993/3919
f 3793/3994/3920 3794/3996/3921 3858/3997/3921 3857/3995/3920
f 3794/3996/3921 3795/3998/3922 3859/3999/3922 3858/3997/3921
f 3795/3998/3922 3796/4000/3923 3860/4001/3923 3859/3999/3922
f 3796/4000/3923 3797/4002/3924 3861/4003/3924 3860/4001/3923
f 3797/4002/3924 3798/4004/3925 3862/4005/3925 3861/4003/3924
f 3798/4004/3925 3799/4006/3926 3863/4007/3926 3862/4005/3925
f 3799/4006/3926 3800/4008/3927 3864/4009/3927 3863/4007/3926
f 3800/4008/3927 3801/4010/3928 3865/4011/3928 3864/4009/3927
f 3801/4010/3928 3802/4012/3929 3866/4013/3929 3865/4011/3928
f 3802/4012/3929 3803/4014/3930 3867/4015/3930 3866/4013/3929
f 3803/4014/3930 3804/4016/3931 3868/4017/3931 3867/4015/3930
f 3804/4016/3931 3805/4018/3932 3869/4019/3932 3868/4017/3931
f 3805/4018/3932 3806/4020/3933 3870/4021/3933 3869/4019/3932
f 3806/4020/3933 3807/4022/3934 3871/4023/3934 3870/4021/3933
f 3807/4022/3934 3808/4024/3935 3872/4025/3935 3871/4023/3934
f 3808/4024/3935 3809/4026/3936 3873/4027/3936 3872/4025/3935
f 3809/4026/3936 3810/4028/3937 3874/4029/3937 3873/4027/3936
f 3810/4028/3937 3811/4030/3938 3875/4031/3938 3874/4029/3937
f 3811/4030/3938 3812/4032/3939 3876/4033/3939 3875/4031/3938
f 3812/4032/3939 3813/4034/3940 3877/4035/3940 3876/4033/3939
f 3813/4034/3940 3814/4036/3941 3878/4037/3941 3877/4035/3940
f 3814/4036/3941 3815/4038/3942 3879/4039/3942 3878/4037/3941
f 3815/4038/3942 3816/4040/3943 3880/4041/3943 3879/4039/3942
f 3816/4040/3943 3817/4042/3944 3881/4043/3944 3880/4041/3943
f 3817/4042/3944 3818/4044/3945 3882/4045/3945 3881/4043/3944
f 3818/4044/3945 3819/4046/3946 3883/4047/3946 3882/4045/3945
f 3819/4046/3946 3820/4048/3947 3884/4049/3947 3883/4047/3946
f 3820/4048/3947 3821/4050/3948 3885/4051/3948 3884/4049/3947
f 3821/4050/3948 3822/4052/3949 3886/4053/3949 3885/4051/3948
f 3822/4052/3949 3823/4054/3950 3887/4055/3950 3886/4053/3949
f 3823/4054/3950 3824/4056/3951 3888/4057/3951 3887/4055/3950
f 3824/4056/3951 3825/4058/3952 3889/4059/3952 3888/4057/3951
f 3825/4058/3952 3826/4060/3953 3890/4061/3953 3889/4059/3952
f 3826/4060/3953 3827/4062/3954 3891/4063/3954 3890/4061/3953
f 3827/4062/3954 3828/4064/3955 3892/4065/3955 3891/4063/3954
f 3828/4064/3955 3829/4066/3956 3893/4067/3956 3892/4065/3955
f 3829/4066/3956 3830/4068/3957 3894/4069/3957 3893/4067/3956
f 3830/4068/3957 3831/4070/3958 3895/4071/3958 3894/4069/3957
f 3831/4070/3958 3832/4072/3959 3896/4073/3959 3895/4071/3958
f 3832/4072/3959 3833/4074/3960 3897/4075/3960 3896/4073/3959
f 3833/4074/3960 3834/4076/3961 3898/4077/3961 3897/4075/3960
f 3834/4076/3961 3835/4078/3962 3899/4079/3962 3898/4077/3961
f 3835/4078/3962 3836/4080/3963 3900/4081/3963 3899/4079/3962
f 3836/4080/3963 3837/4082/3964 3901/4083/3964 3900/4081/3963
f 3837/4082/3964 3838/4084/3965 3902/4085/3965 3901/4083/3964
f 3838/4084/3965 3839/4086/3966 3903/4087/3966 3902/4085/3965
f 3839/4086/3966 3840/4088/3967 3904/4089/3967 3903/4087/3966
f 3840/4088/3967 3841/4090/3968 3905/4091/3968 3904/4089/3967
f 3841/4090/3968 3842/4092/3969 3906/4093/3969 3905/4091/3968
f 3842/4092/3969 3779/4094/3970 3843/4095/3970 3906/4093/3969
f 3843/4096/2114 3844/3971/2115 3908/4097/2115 3907/4098/2114
f 3844/3971/2115 3845/3970/2116 3909/4099/2116 3908/4097/2115
f 3845/3970/2116 3846/3973/2117 3910/4100/2117 3909/4099/2116
f 3846/3973/2117 3847/3975/2118 3911/4101/2118 3910/4100/2117
f 3847/3975/2118 3848/3977/2119 3912/4102/2119 3911/4101/2118
f 3848/3977/2119 3849/3979/2120 3913/4103/2120 3912/4102/2119
f 3849/3979/2120 3850/3981/2121 3914/4104/2121 3913/4103/2120
f 3850/3981/2121 3851/3983/2122 3915/4105/2122 3914/4104/2121
f 3851/3983/2122 3852/3985/2123 3916/4106/2123 3915/4105/2122
f 3852/3985/2123 3853/3987/2124 3917/4107/2124 3916/4106/2123
f 3853/3987/2124 3854/3989/2125 3918/4108/2125 3917/4107/2124
f 3854/3989/2125 3855/3991/2126 3919/4109/2126 3918/4108/2125
f 3855/3991/2126 3856/3993/2127 3920/4110/2127 3919/4109/2126
f 3856/3993/2127 3857/3995/2128 3921/4111/2128 3920/4110/2127
f 3857/3995/2128 3858/3997/2129 3922/4112/2129 3921/4111/2128
f 3858/3997/2129 3859/3999/2130 3923/4113/2130 3922/4112/2129
f 3859/3999/2130 3860/4001/2131 3924/4114/2131 3923/4113/2130
f 3860/4001/2131 3861/4003/2132 3925/4115/2132 3924/4114/2131
f 3861/4003/2132 3862/4005/2133 3926/4116/2133 3925/4115/2132
f 3862/4005/2133 3863/4007/2134 3927/4117/2134 3926/4116/2133
f 3863/4007/2134 3864/4009/2135 3928/4118/2135 3927/4117/2134
f 3864/4009/2135 3865/4011/2136 3929/4119/2136 3928/4118/2135
f 3865/4011/2136 3866/4013/2137 3930/4120/2137 3929/4119/2136
f 3866/4013/2137 3867/4015/2138 3931/4121/2138 3930/4120/2137
f 3867/4015/2138 3868/4017/2139 3932/4122/2139 3931/4121/2138
f 3868/4017/2139 3869/4019/2140 3933/4123/2140 3932/4122/2139
f 3869/4019/2140 3870/4021/2141 3934/4124/2141 3933/4123/2140
f 3870/4021/2141 3871/4023/2142 3935/4125/2142 3934/4124/2141
f 3871/4023/2142 3872/4025/2143 3936/4126/2143 3935/4125/2142
f 3872/4025/2143 3873/4027/2144 3937/4127/2144 3936/4126/2143
f 3873/4027/2144 3874/4029/2145 3938/4128/2145 3937/4127/2144
f 3874/4029/2145 3875/4031/2146 3939/4129/2146 3938/4128/2145
f 3875/4031/2146 3876/4033/2147 3940/4130/2147 3939/4129/2146
f 3876/4033/2147 3877/4035/2148 3941/4131/2148 3940/4130/2147
f 3877/4035/2148 3878/4037/2149 3942/4132/2149 3941/4131/2148
f 3878/4037/2149 3879/4039/2150 3943/4133/2150 3942/4132/2149
f 3879/4039/2150 3880/4041/2151 3944/4134/2151 3943/4133/2150
f 3880/4041/2151 3881/4043/2152 3945/4135/2152 3944/4134/2151
f 3881/4043/2152 3882/4045/2153 3946/4136/2153 3945/4135/2152
f 3882/4045/2153 3883/4047/2154 3947/4137/2154 3946/4136/2153
f 3883/4047/2154 3884/4049/2155 3948/4138/2155 3947/4137/2154
f 3884/4049/2155 3885/4051/2156 3949/4139/2156 3948/4138/2155
f 3885/4051/2156 3886/4053/2157 3950/4140/2157 3949/4139/2156
f 3886/4053/2157 3887/4055/2158 3951/4141/2158 3950/4140/2157
f 3887/4055/2158 3888/4057/2159 3952/4142/2159 3951/4141/2158
f 3888/4057/2159 3889/4059/2160 3953/4143/2160 3952/4142/2159
f 3889/4059/2160 3890/4061/2161 3954/4144/2161 3953/4143/2160
f 3890/4061/2161 3891/4063/2162 3955/4145/2162 3954/4144/2161
f 3891/4063/2162 3892/4065/2163 3956/4146/2163 3955/4145/2162
f 3892/4065/2163 3893/4067/2164 3957/4147/2164 3956/4146/2163
f 3893/4067/2164 3894/4069/2165 3958/4148/2165 3957/4147/2164
f 3894/4069/2165 3895/4071/2166 3959/4149/2166 3958/4148/2165
f 3895/4071/2166 3896/4073/2167 3960/4150/2167 3959/4149/2166
f 3896/4073/2167 3897/4075/2168 3961/4151/2168 3960/4150/2167
f 3897/4075/2168 3898/4077/2169 3962/4152/2169 3961/4151/2168
f 3898/4077/2169 3899/4079/2170 3963/4153/2170 3962/4152/2169
f 3899/4079/2170 3900/4081/2171 3964/4154/2171 3963/4153/2170
f 3900/4081/2171 3901/4083/2172 3965/4155/2172 3964/4154/2171
f 3901/4083/2172 3902/4085/2173 3966/4156/2173 3965/4155/2172
f 3902/4085/2173 3903/4087/2174 3967/4157/2174 3966/4156/2173
f 3903/4087/2174 3904/4089/2175 3968/4158/2175 3967/4157/2174
f 3904/4089/2175 3905/4091/2176 3969/4159/2176 3968/4158/2175
f 3905/4091/2176 3906/4093/2177 3970/4160/2177 3969/4159/2176
f 3906/4093/2177 3843/4095/2114 3907/4161/2114 3970/4160/2177
f 3907/4098/3971 3908/4097/3972 3972/4162/3972 3971/4163/3971
f 3908/4097/3972 3909/4099/3973 3973/4164/3973 3972/4162/3972
f 3909/4099/3973 3910/4100/3974 3974/4165/3974 3973/4164/3973
f 3910/4100/3974 3911/4101/3975 3975/4166/3975 3974/4165/3974
f 3911/4101/3975 3912/4102/3976 3976/4167/3976 3975/4166/3975
f 3912/4102/3976 3913/4103/3977 3977/4168/3977 3976/4167/3976
f 3913/4103/3977 3914/4104/3978 3978/4169/3978 3977/4168/3977
f 3914/4104/3978 3915/4105/3979 3979/4170/3979 3978/4169/3978
f 3915/4105/3979 3916/4106/3980 3980/4171/3980 3979/4170/3979
f 3916/4106/3980 3917/4107/3981 3981/4172/3981 3980/4171/3980
f 3917/4107/3981 3918/4108/3982 3982/4173/3982 3981/4172/3981
f 3918/4108/3982 3919/4109/3983 3983/4174/3983 3982/4173/3982
f 3919/4109/3983 3920/4110/3984 3984/4175/3984 3983/4174/3983
f 3920/4110/3984 3921/4111/3985 3985/4176/3985 3984/4175/3984
f 3921/4111/3985 3922/4112/3986 3986/4177/3986 3985/4176/3985
f 3922/4112/3986 3923/4113/3987 3987/4178/3987 3986/4177/3986
f 3923/4113/3987 3924/4114/3988 3988/4179/3988 3987/4178/3987
f 3924/4114/3988 3925/4115/3989 3989/4180/3989 3988/4179/3988
f 3925/4115/3989 3926/4116/3990 3990/4181/3990 3989/4180/3989
f 3926/4116/3990 3927/4117/3991 3991/4182/3991 3990/4181/3990
f 3927/4117/3991 3928/4118/3992 3992/4183/3992 3991/4182/3991
f 3928/4118/3992 3929/4119/3993 3993/4184/3993 3992/4183/3992
f 3929/4119/3993 3930/4120/3994 3994/4185/3994 3993/4184/3993
f 3930/4120/3994 3931/4121/3995 3995/4186/3995 3994/4185/3994
f 3931/4121/3995 3932/4122/3996 3996/4187/3996 3995/4186/3995
f 3932/4122/3996 3933/4123/3997 3997/4188/3997 3996/4187/3996
f 3933/4123/3997 3934/4124/3998 3998/4189/3998 3997/4188/3997
f 3934/4124/3998 3935/4125/3999 3999/4190/3999 3998/4189/3998
f 3935/4125/3999 3936/4126/4000 4000/4191/4000 3999/4190/3999
f 3936/4126/4000 3937/4127/4001 4001/4192/4001 4000/4191/4000
f 3937/4127/4001 3938/4128/4002 4002/4193/4002 4001/4192/4001
f 3938/4128/4002 3939/4129/4003 4003/4194/4003 4002/4193/4002
f 3939/4129/4003 3940/4130/4004 4004/4195/4004 4003/4194/4003
f 3940/4130/4004 3941/4131/4005 4005/4196/4005 4004/4195/4004
f 3941/4131/4005 3942/4132/4006 4006/4197/4006 4005/4196/4005
f 3942/4132/4006 3943/4133/4007 4007/4198/4007 4006/4197/4006
f 3943/4133/4007 3944/4134/4008 4008/4199/4008 4007/4198/4007
f 3944/4134/4008 3945/4135/4009 4009/4200/4009 4008/4199/4008
f 3945/4135/4009 3946/4136/4010 4010/4201/4010 4009/4200/4009
f 3946/4136/4010 3947/4137/4011 4011/4202/4011 4010/4201/4010
f 3947/4137/4011 3948/4138/4012 4012/4203/4012 4011/4202/4011
f 3948/4138/4012 3949/4139/4013 4013/4204/4013 4012/4203/4012
f 3949/4139/4013 3950/4140/4014 4014/4205/4014 4013/4204/4013
f 3950/4140/4014 3951/4141/4015 4015/4206/4015 4014/4205/4014
f 3951/4141/4015 3952/4142/4016 4016/4207/4016 4015/4206/4015
f 3952/4142/4016 3953/4143/4017 4017/4208/4017 4016/4207/4016
f 3953/4143/4017 3954/4144/4018 4018/4209/4018 4017/4208/4017
f 3954/4144/4018 3955/4145/4019 4019/4210/4019 4018/4209/4018
f 3955/4145/4019 3956/4146/4020 4020/4211/4020 4019/4210/4019
f 3956/4146/4020 3957/4147/4021 4021/4212/4021 4020/4211/4020
f 3957/4147/4021 3958/4148/4022 4022/4213/4022 4021/4212/4021
f 3958/4148/4022 3959/4149/4023 4023/4214/4023 4022/4213/4022
f 3959/4149/4023 3960/4150/4024 4024/4215/4024 4023/4214/4023
f 3960/4150/4024 3961/4151/4025 4025/4216/4025 4024/4215/4024
f 3961/4151/4025 3962/4152/4026 4026/4217/4026 4025/4216/4025
f 3962/4152/4026 3963/4153/4027 4027/4218/4027 4026/4217/4026
f 3963/4153/4027 3964/4154/4028 4028/4219/4028 4027/4218/4027
f 3964/4154/4028 3965/4155/4029 4029/4220/4029 4028/4219/4028
f 3965/4155/4029 3966/4156/4030 4030/4221/4030 4029/4220/4029
f 3966/4156/4030 3967/4157/4031 4031/4222/4031 4030/4221/4030
f 3967/4157/4031 3968/4158/4032 4032/4223/4032 4031/4222/4031
f 3968/4158/4032 3969/4159/4033 4033/4224/4033 4032/4223/4032
f 3969/4159/4033 3970/4160/4034 4034/4225/4034 4033/4224/4033
f 3970/4160/4034 3907/4161/3971 3971/4226/3971 4034/4225/4034
f 3971/4163/4003 3972/4162/4004 4036/4227/4004 4035/4228/4003
f 3972/4162/4004 3973/4164/4005 4037/4229/4005 4036/4227/4004
f 3973/4164/4005 3974/4165/4006 4038/4230/4006 4037/4229/4005
f 3974/4165/4006 3975/4166/4007 4039/4231/4007 4038/4230/4006
f 3975/4166/4007 3976/4167/4008 4040/4232/4008 4039/4231/4007
f 3976/4167/4008 3977/4168/4009 4041/4233/4009 4040/4232/4008
f 3977/4168/4009 3978/4169/4010 4042/4234/4010 4041/4233/4009
f 3978/4169/4010 3979/4170/4011 4043/4235/4011 4042/4234/4010
f 3979/4170/4011 3980/4171/4012 4044/4236/4012 4043/4235/4011
f 3980/4171/4012 3981/4172/4013 4045/4237/4013 4044/4236/4012
f 3981/4172/4013 3982/4173/4014 4046/4238/4014 4045/4237/4013
f 3982/4173/4014 3983/4174/4015 4047/4239/4015 4046/4238/4014
f 3983/4174/4015 3984/4175/4016 4048/4240/4016 4047/4239/4015
f 3984/4175/4016 3985/4176/4017 4049/4241/4017 4048/4240/4016
f 3985/4176/4017 3986/4177/4018 4050/4242/4018 4049/4241/4017
f 3986/4177/4018 3987/4178/4019 4051/4243/4019 4050/4242/4018
f 3987/4178/4019 3988/4179/4020 4052/4244/4020 4051/4243/4019
f 3988/4179/4020 3989/4180/4021 4053/4245/4021 4052/4244/4020
f 3989/4180/4021 3990/4181/4022 4054/4246/4022 4053/4245/4021
f 3990/4181/4022 3991/4182/4023 4055/4247/4023 4054/4246/4022
f 3991/4182/4023 3992/4183/4024 4056/4248/4024 4055/4247/4023
f 3992/4183/4024 3993/4184/4025 4057/4249/4025 4056/4248/4024
f 3993/4184/4025 3994/4185/4026 4058/4250/4026 4057/4249/4025
f 3994/4185/4026 3995/4186/4027 4059/4251/4027 4058/4250/4026
f 3995/4186/4027 3996/4187/4028 4060/4252/4028 4059/4251/4027
f 3996/4187/4028 3997/4188/4029 4061/4253/4029 4060/4252/4028
f 3997/4188/4029 3998/4189/4030 4062/4254/4030 4061/4253/4029
f 3998/4189/4030 3999/4190/4031 4063/4255/4031 4062/4254/4030
f 3999/4190/4031 4000/4191/4032 4064/4256/4032 4063/4255/4031
f 4000/4191/4032 4001/4192/4033 4065/4257/4033 4064/4256/4032
f 4001/4192/4033 4002/4193/4034 4066/4258/4034 4065/4257/4033
f 4002/4193/4034 4003/4194/3971 4067/4259/3971 4066/4258/4034
f 4003/4194/3971 4004/4195/3972 4068/4260/3972 4067/4259/3971
f 4004/4195/3972 4005/4196/3973 4069/4261/3973 4068/4260/3972
f 4005/4196/3973 4006/4197/3974 4070/4262/3974 4069/4261/3973
f 4006/4197/3974 4007/4198/3975 4071/4263/3975 4070/4262/3974
f 4007/4198/3975 4008/4199/3976 4072/4264/3976 4071/4263/3975
f 4008/4199/3976 4009/4200/3977 4073/4265/3977 4072/4264/3976
f 4009/4200/3977 4010/4201/3978 4074/4266/3978 4073/4265/3977
f 4010/4201/3978 4011/4202/3979 4075/4267/3979 4074/4266/3978
f 4011/4202/3979 4012/4203/3980 4076/4268/3980 4075/4267/3979
f 4012/4203/3980 4013/4204/3981 4077/4269/3981 4076/4268/3980
f 4013/4204/3981 4014/4205/3982 4078/4270/3982 4077/4269/3981
f 4014/4205/3982 4015/4206/3983 4079/4271/3983 4078/4270/3982
f 4015/4206/3983 4016/4207/3984 4080/4272/3984 4079/4271/3983
f 4016/4207/3984 4017/4208/3985 4081/4273/3985 4080/4272/3984
f 4017/4208/3985 4018/4209/3986 4082/4274/3986 4081/4273/3985
f 4018/4209/3986 4019/4210/3987 4083/4275/3987 4082/4274/3986
f 4019/4210/3987 4020/4211/3988 4084/4276/3988 4083/4275/3987
f 4020/4211/3988 4021/4212/3989 4085/4277/3989 4084/4276/3988
f 4021/4212/3989 4022/4213/3990 4086/4278/3990 4085/4277/3989
f 4022/4213/3990 4023/4214/3991 4087/4279/3991 4086/4278/3990
f 4023/4214/3991 4024/4215/3992 4088/4280/3992 4087/4279/3991
f 4024/4215/3992 4025/4216/3993 4089/4281/3993 4088/4280/3992
f 4025/4216/3993 4026/4217/3994 4090/4282/3994 4089/4281/3993
f 4026/4217/3994 4027/4218/3995 4091/4283/3995 4090/4282/3994
f 4027/4218/3995 4028/4219/3996 4092/4284/3996 4091/4283/3995
f 4028/4219/3996 4029/4220/3997 4093/4285/3997 4092/4284/3996
f 4029/4220/3997 4030/4221/3998 4094/4286/3998 4093/4285/3997
f 4030/4221/3998 4031/4222/3999 4095/4287/3999 4094/4286/3998
f 4031/4222/3999 4032/4223/4000 4096/4288/4000 4095/4287/3999
f 4032/4223/4000 4033/4224/4001 4097/4289/4001 4096/4288/4000
f 4033/4224/4001 4034/4225/4002 4098/4290/4002 4097/4289/4001
f 4034/4225/4002 3971/4226/4003 4035/4291/4003 4098/4290/4002
f 4035/4228/2146 4036/4227/2147 4100/4292/2147 4099/4293/2146
f 4036/4227/2147 4037/4229/2148 4101/4294/2148 4100/4292/2147
f 4037/4229/2148 4038/4230/2149 4102/4295/2149 4101/4294/2148
f 4038/4230/2149 4039/4231/2150 4103/4296/2150 4102/4295/2149
f 4039/4231/2150 4040/4232/2151 4104/4297/2151 4103/4296/2150
f 4040/4232/2151 4041/4233/2152 4105/4298/2152 4104/4297/2151
f 4041/4233/2152 4042/4234/2153 4106/4299/2153 4105/4298/2152
f 4042/4234/2153 4043/4235/2154 4107/4300/2154 4106/4299/2153
f 4043/4235/2154 4044/4236/2155 4108/4301/2155 4107/4300/2154
f 4044/4236/2155 4045/4237/2156 4109/4302/2156 4108/4301/2155
f 4045/4237/2156 4046/4238/2157 4110/4303/2157 4109/4302/2156
f 4046/4238/2157 4047/4239/2158 4111/4304/2158 4110/4303/2157
f 4047/4239/2158 4048/4240/2159 4112/4305/2159 4111/4304/2158
f 4048/4240/2159 4049/4241/2160 4113/4306/2160 4112/4305/2159
f 4049/4241/2160 4050/4242/2161 4114/4307/2161 4113/4306/2160
f 4050/4242/2161 4051/4243/2162 4115/4308/2162 4114/4307/2161
f 4051/4243/2162 4052/4244/2163 4116/4309/2163 4115/4308/2162
f 4052/4244/2163 4053/4245/2164 4117/4310/2164 4116/4309/2163
f 4053/4245/2164 4054/4246/2165 4118/4311/2165 4117/4310/2164
f 4054/4246/2165 4055/4247/2166 4119/4312/2166 4118/4311/2165
f 4055/4247/2166 4056/4248/2167 4120/4313/2167 4119/4312/2166
f 4056/4248/2167 4057/4249/2168 4121/4314/2168 4120/4313/2167
f 4057/4249/2168 4058/4250/2169 4122/4315/2169 4121/4314/2168
f 4058/4250/2169 4059/4251/2170 4123/4316/2170 4122/4315/2169
f 4059/4251/2170 4060/4252/2171 4124/4317/2171 4123/4316/2170
f 4060/4252/2171 4061/4253/2172 4125/4318/2172 4124/4317/2171
f 4061/4253/2172 4062/4254/2173 4126/4319/2173 4125/4318/2172
f 4062/4254/2173 4063/4255/2174 4127/4320/2174 4126/4319/2173
f 4063/4255/2174 4064/4256/2175 4128/4321/2175 4127/4320/2174
f 4064/4256/2175 4065/4257/2176 4129/4322/2176 4128/4321/2175
f 4065/4257/2176 4066/4258/2177 4130/4323/2177 4129/4322/2176
f 4066/4258/2177 4067/4259/2114 4131/4324/2114 4130/4323/2177
f 4067/4259/2114 4068/4260/2115 4132/4325/2115 4131/4324/2114
f 4068/4260/2115 4069/4261/2116 4133/4326/2116 4132/4325/2115
f 4069/4261/2116 4070/4262/2117 4134/4327/2117 4133/4326/2116
f 4070/4262/2117 4071/4263/2118 4135/4328/2118 4134/4327/2117
f 4071/4263/2118 4072/4264/2119 4136/4329/2119 4135/4328/2118
f 4072/4264/2119 4073/4265/2120 4137/4330/2120 4136/4329/2119
f 4073/4265/2120 4074/4266/2121 4138/4331/2121 4137/4330/2120
f 4074/4266/2121 4075/4267/2122 4139/4332/2122 4138/4331/2121
f 4075/4267/2122 4076/4268/2123 4140/4333/2123 4139/4332/2122
f 4076/4268/2123 4077/4269/2124 4141/4334/2124 4140/4333/2123
f 4077/4269/2124 4078/4270/2125 4142/4335/2125 4141/4334/2124
f 4078/4270/2125 4079/4271/2126 4143/4336/2126 4142/4335/2125
f 4079/4271/2126 4080/4272/2127 4144/4337/2127 4143/4336/2126
f 4080/4272/2127 4081/4273/2128 4145/4338/2128 4144/4337/2127
f 4081/4273/2128 4082/4274/2129 4146/4339/2129 4145/4338/2128
f 4082/4274/2129 4083/4275/2130 4147/4340/2130 4146/4339/2129
f 4083/4275/2130 4084/4276/2131 4148/4341/2131 4147/4340/2130
f 4084/4276/2131 4085/4277/2132 4149/4342/2132 4148/4341/2131
f 4085/4277/2132 4086/4278/2133 4150/4343/2133 4149/4342/2132
f 4086/4278/2133 4087/4279/2134 4151/4344/2134 4150/4343/2133
f 4087/4279/2134 4088/4280/2135 4152/4345/2135 4151/4344/2134
f 4088/4280/2135 4089/4281/2136 4153/4346/2136 4152/4345/2135
f 4089/4281/2136 4090/4282/2137 4154/4347/2137 4153/4346/2136
f 4090/4282/2137 4091/4283/2138 4155/4348/2138 4154/4347/2137
f 4091/4283/2138 4092/4284/2139 4156/4349/2139 4155/4348/2138
f 4092/4284/2139 4093/4285/2140 4157/4350/2140 4156/4349/2139
f 4093/4285/2140 4094/4286/2141 4158/4351/2141 4157/4350/2140
f 4094/4286/2141 4095/4287/2142 4159/4352/2142 4158/4351/2141
f 4095/4287/2142 4096/4288/2143 4160/4353/2143 4159/4352/2142
f 4096/4288/2143 4097/4289/2144 4161/4354/2144 4160/4353/2143
f 4097/4289/2144 4098/4290/2145 4162/4355/2145 4161/4354/2144
f 4098/4290/2145 4035/4291/2146 4099/4356/2146 4162/4355/2145
f 4099/4293/3938 4100/4292/3939 3780/4357/3939 3779/4358/3938
f 4100/4292/3939 4101/4294/3940 3781/4359/3940 3780/4357/3939
f 4101/4294/3940 4102/4295/3941 3782/4360/3941 3781/4359/3940
f 4102/4295/3941 4103/4296/3942 3783/4361/3942 3782/4360/3941
f 4103/4296/3942 4104/4297/3943 3784/4362/3943 3783/4361/3942
f 4104/4297/3943 4105/4298/3944 3785/4363/3944 3784/4362/3943
f 4105/4298/3944 4106/4299/3945 3786/4364/3945 3785/4363/3944
f 4106/4299/3945 4107/4300/3946 3787/4365/3946 3786/4364/3945
f 4107/4300/3946 4108/4301/3947 3788/4366/3947 3787/4365/3946
f 4108/4301/3947 4109/4302/3948 3789/4367/3948 3788/4366/3947
f 4109/4302/3948 4110/4303/3949 3790/4368/3949 3789/4367/3948
f 4110/4303/3949 4111/4304/3950 3791/4369/3950 3790/4368/3949
f 4111/4304/3950 4112/4305/3951 3792/4370/3951 3791/4369/3950
f 4112/4305/3951 4113/4306/3952 3793/4371/3952 3792/4370/3951
f 4113/4306/3952 4114/4307/3953 3794/4372/3953 3793/4371/3952
f 4114/4307/3953 4115/4308/3954 3795/4373/3954 3794/4372/3953
f 4115/4308/3954 4116/4309/3955 3796/4374/3955 3795/4373/3954
f 4116/4309/3955 4117/4310/3956 3797/4375/3956 3796/4374/3955
f 4117/4310/3956 4118/4311/3957 3798/4376/3957 3797/4375/3956
f 4118/4311/3957 4119/4312/3958 3799/4377/3958 3798/4376/3957
f 4119/4312/3958 4120/4313/3959 3800/4378/3959 3799/4377/3958
f 4120/4313/3959 4121/4314/3960 3801/4379/3960 3800/4378/3959
f 4121/4314/3960 4122/4315/3961 3802/4380/3961 3801/4379/3960
f 4122/4315/3961 4123/4316/3962 3803/4381/3962 3802/4380/3961
f 4123/4316/3962 4124/4317/3963 3804/4382/3963 3803/4381/3962
f 4124/4317/3963 4125/4318/3964 3805/4383/3964 3804/4382/3963
f 4125/4318/3964 4126/4319/3965 3806/4384/3965 3805/4383/3964
f 4126/4319/3965 4127/4320/3966 3807/4385/3966 3806/4384/3965
f 4127/4320/3966 4128/4321/3967 3808/4386/3967 3807/4385/3966
f 4128/4321/3967 4129/4322/3968 3809/4387/3968 3808/4386/3967
f 4129/4322/3968 4130/4323/3969 3810/4388/3969 3809/4387/3968
f 4130/4323/3969 4131/4324/3970 3811/4389/3970 3810/4388/3969
f 4131/4324/3970 4132/4325/3907 3812/4390/3907 3811/4389/3970
f 4132/4325/3907 4133/4326/3908 3813/4391/3908 3812/4390/3907
f 4133/4326/3908 4134/4327/3909 3814/4392/3909 3813/4391/3908
f 4134/4327/3909 4135/4328/3910 3815/4393/3910 3814/4392/3909
f 4135/4328/3910 4136/4329/3911 3816/4394/3911 3815/4393/3910
f 4136/4329/3911 4137/4330/3912 3817/4395/3912 3816/4394/3911
f 4137/4330/3912 4138/4331/3913 3818/4396/3913 3817/4395/3912
f 4138/4331/3913 4139/4332/3914 3819/4397/3914 3818/4396/3913
f 4139/4332/3914 4140/4333/3915 3820/4398/3915 3819/4397/3914
f 4140/4333/3915 4141/4334/3916 3821/4399/3916 3820/4398/3915
f 4141/4334/3916 4142/4335/3917 3822/4400/3917 3821/4399/3916
f 4142/4335/3917 4143/4336/3918 3823/4401/3918 3822/4400/3917
f 4143/4336/3918 4144/4337/3919 3824/4402/3919 3823/4401/3918
f 4144/4337/3919 4145/4338/3920 3825/4403/3920 3824/4402/3919
f 4145/4338/3920 4146/4339/3921 3826/4404/3921 3825/4403/3920
f 4146/4339/3921 4147/4340/3922 3827/4405/3922 3826/4404/3921
f 4147/4340/3922 4148/4341/3923 3828/4406/3923 3827/4405/3922
f 4148/4341/3923 4149/4342/3924 3829/4407/3924 3828/4406/3923
f 4149/4342/3924 4150/4343/3925 3830/4408/3925 3829/4407/3924
f 4150/4343/3925 4151/4344/3926 3831/4409/3926 3830/4408/3925
f 4151/4344/3926 4152/4345/3927 3832/4410/3927 3831/4409/3926
f 4152/4345/3927 4153/4346/3928 3833/4411/3928 3832/4410/3927
f 4153/4346/3928 4154/4347/3929 3834/4412/3929 3833/4411/3928
f 4154/4347/3929 4155/4348/3930 3835/4413/3930 3834/4412/3929
f 4155/4348/3930 4156/4349/3931 3836/4414/3931 3835/4413/3930
f 4156/4349/3931 4157/4350/3932 3837/4415/3932 3836/4414/3931
f 4157/4350/3932 4158/4351/3933 3838/4416/3933 3837/4415/3932
f 4158/4351/3933 4159/4352/3934 3839/4417/3934 3838/4416/3933
f 4159/4352/3934 4160/4353/3935 3840/4418/3935 3839/4417/3934
f 4160/4353/3935 4161/4354/3936 3841/4419/3936 3840/4418/3935
f 4161/4354/3936 4162/4355/3937 3842/4420/3937 3841/4419/3936
f 4162/4355/3937 4099/4356/3938 3779/4421/3938 3842/4420/3937
f 4163/4422/5 4164/3968/5 4228/4423/5 4227/4424/5
f 4164/3968/5 4165/3969/5 4229/4425/5 4228/4423/5
f 4165/3969/5 4166/3972/5 4230/4426/5 4229/4425/5
f 4166/3972/5 4167/3974/5 4231/4427/5 4230/4426/5
f 4167/3974/5 4168/3976/5 4232/4428/5 4231/4427/5
f 4168/3976/5 4169/3978/5 4233/4429/5 4232/4428/5
f 4169/3978/5 4170/3980/5 4234/4430/5 4233/4429/5
f 4170/3980/5 4171/3982/5 4235/4431/5 4234/4430/5
f 4171/3982/5 4172/3984/5 4236/4432/5 4235/4431/5
f 4172/3984/5 4173/3986/5 4237/4433/5 4236/4432/5
f 4173/3986/5 4174/3988/5 4238/4434/5 4237/4433/5
f 4174/3988/5 4175/3990/5 4239/4435/5 4238/4434/5
f 4175/3990/5 4176/3992/5 4240/4436/5 4239/4435/5
f 4176/3992/5 4177/3994/5 4241/4437/5 4240/4436/5
f 4177/3994/5 4178/3996/5 4242/4438/5 4241/4437/5
f 4178/3996/5 4179/3998/5 4243/4439/5 4242/4438/5
f 4179/3998/5 4180/4000/5 4244/4440/5 4243/4439/5
f 4180/4000/5 4181/4002/5 4245/4441/5 4244/4440/5
f 4181/4002/5 4182/4004/5 4246/4442/5 4245/4441/5
f 4182/4004/5 4183/4006/5 4247/4443/5 4246/4442/5
f 4183/4006/5 4184/4008/5 4248/4444/5 4247/4443/5
f 4184/4008/5 4185/4010/5 4249/4445/5 4248/4444/5
f 4185/4010/5 4186/4012/5 4250/4446/5 4249/4445/5
f 4186/4012/5 4187/4014/5 4251/4447/5 4250/4446/5
f 4187/4014/5 4188/4016/5 4252/4448/5 4251/4447/5
f 4188/4016/5 4189/4018/5 4253/4449/5 4252/4448/5
f 4189/4018/5 4190/4020/5 4254/4450/5 4253/4449/5
f 4190/4020/5 4191/4022/5 4255/4451/5 4254/4450/5
f 4191/4022/5 4192/4024/5 4256/4452/5 4255/4451/5
f 4192/4024/5 4193/4026/5 4257/4453/5 4256/4452/5
f 4193/4026/5 4194/4028/5 4258/4454/5 4257/4453/5
f 4194/4028/5 4195/4030/5 4259/4455/5 4258/4454/5
f 4195/4030/5 4196/4032/5 4260/4456/5 4259/4455/5
f 4196/4032/5 4197/4034/5 4261/4457/5 4260/4456/5
f 4197/4034/5 4198/4036/5 4262/4458/5 4261/4457/5
f 4198/4036/5 4199/4038/5 4263/4459/5 4262/4458/5
f 4199/4038/5 4200/4040/5 4264/4460/5 4263/4459/5
f 4200/4040/5 4201/4042/5 4265/4461/5 4264/4460/5
f 4201/4042/5 4202/4044/5 4266/4462/5 4265/4461/5
f 4202/4044/5 4203/4046/5 4267/4463/5 4266/4462/5
f 4203/4046/5 4204/4048/5 4268/4464/5 4267/4463/5
f 4204/4048/5 4205/4050/5 4269/4465/5 4268/4464/5
f 4205/4050/5 4206/4052/5 4270/4466/5 4269/4465/5
f 4206/4052/5 4207/4054/5 4271/4467/5 4270/4466/5
f 4207/4054/5 4208/4056/5 4272/4468/5 4271/4467/5
f 4208/4056/5 4209/4058/5 4273/4469/5 4272/4468/5
f 4209/4058/5 4210/4060/5 4274/4470/5 4273/4469/5
f 4210/4060/5 4211/4062/5 4275/4471/5 4274/4470/5
f 4211/4062/5 4212/4064/5 4276/4472/5 4275/4471/5
f 4212/4064/5 4213/4066/5 4277/4473/5 4276/4472/5
f 4213/4066/5 4214/4068/5 4278/4474/5 4277/4473/5
f 4214/4068/5 4215/4070/5 4279/4475/5 4278/4474/5
f 4215/4070/5 4216/4072/5 4280/4476/5 4279/4475/5
f 4216/4072/5 4217/4074/5 4281/4477/5 4280/4476/5
f 4217/4074/5 4218/4076/5 4282/4478/5 4281/4477/5
f 4218/4076/5 4219/4078/5 4283/4479/5 4282/4478/5
f 4219/4078/5 4220/4080/5 4284/4480/5 4283/4479/5
f 4220/4080/5 4221/4082/5 4285/4481/5 4284/4480/5
f 4221/4082/5 4222/4084/5 4286/4482/5 4285/4481/5
f 4222/4084/5 4223/4086/5 4287/4483/5 4286/4482/5
f 4223/4086/5 4224/4088/5 4288/4484/5 4287/4483/5
f 4224/4088/5 4225/4090/5 4289/4485/5 4288/4484/5
f 4225/4090/5 4226/4092/5 4290/4486/5 4289/4485/5
f 4226/4092/5 4163/4094/5 4227/4487/5 4290/4486/5
f 4227/4424/70 4228/4423/71 4292/4488/71 4291/4489/70
f 4228/4423/71 4229/4425/74 4293/4490/74 4292/4488/71
f 4229/4425/74 4230/4426/76 4294/4491/76 4293/4490/74
f 4230/4426/76 4231/4427/78 4295/4492/78 4294/4491/76
f 4231/4427/78 4232/4428/80 4296/4493/80 4295/4492/78
f 4232/4428/80 4233/4429/82 4297/4494/82 4296/4493/80
f 4233/4429/82 4234/4430/84 4298/4495/84 4297/4494/82
f 4234/4430/84 4235/4431/86 4299/4496/86 4298/4495/84
f 4235/4431/86 4236/4432/88 4300/4497/88 4299/4496/86
f 4236/4432/88 4237/4433/90 4301/4498/90 4300/4497/88
f 4237/4433/90 4238/4434/92 4302/4499/92 4301/4498/90
f 4238/4434/92 4239/4435/94 4303/4500/94 4302/4499/92
f 4239/4435/94 4240/4436/96 4304/4501/96 4303/4500/94
f 4240/4436/96 4241/4437/98 4305/4502/98 4304/4501/96
f 4241/4437/98 4242/4438/100 4306/4503/100 4305/4502/98
f 4242/4438/100 4243/4439/102 4307/4504/102 4306/4503/100
f 4243/4439/102 4244/4440/104 4308/4505/104 4307/4504/102
f 4244/4440/104 4245/4441/106 4309/4506/106 4308/4505/104
f 4245/4441/106 4246/4442/108 4310/4507/108 4309/4506/106
f 4246/4442/108 4247/4443/110 4311/4508/110 4310/4507/108
f 4247/4443/110 4248/4444/112 4312/4509/112 4311/4508/110
f 4248/4444/112 4249/4445/114 4313/4510/114 4312/4509/112
f 4249/4445/114 4250/4446/116 4314/4511/116 4313/4510/114
f 4250/4446/116 4251/4447/118 4315/4512/118 4314/4511/116
f 4251/4447/118 4252/4448/120 4316/4513/120 4315/4512/118
f 4252/4448/120 4253/4449/122 4317/4514/122 4316/4513/120
f 4253/4449/122 4254/4450/124 4318/4515/124 4317/4514/122
f 4254/4450/124 4255/4451/126 4319/4516/126 4318/4515/124
f 4255/4451/126 4256/4452/128 4320/4517/128 4319/4516/126
f 4256/4452/128 4257/4453/130 4321/4518/130 4320/4517/128
f 4257/4453/130 4258/4454/132 4322/4519/132 4321/4518/130
f 4258/4454/132 4259/4455/134 4323/4520/134 4322/4519/132
f 4259/4455/134 4260/4456/136 4324/4521/136 4323/4520/134
f 4260/4456/136 4261/4457/138 4325/4522/138 4324/4521/136
f 4261/4457/138 4262/4458/140 4326/4523/140 4325/4522/138
f 4262/4458/140 4263/4459/142 4327/4524/142 4326/4523/140
f 4263/4459/142 4264/4460/144 4328/4525/144 4327/4524/142
f 4264/4460/144 4265/4461/146 4329/4526/146 4328/4525/144
f 4265/4461/146 4266/4462/148 4330/4527/148 4329/4526/146
f 4266/4462/148 4267/4463/150 4331/4528/150 4330/4527/148
f 4267/4463/150 4268/4464/152 4332/4529/152 4331/4528/150
f 4268/4464/152 4269/4465/154 4333/4530/154 4332/4529/152
f 4269/4465/154 4270/4466/156 4334/4531/156 4333/4530/154
f 4270/4466/156 4271/4467/158 4335/4532/158 4334/4531/156
f 4271/4467/158 4272/4468/160 4336/4533/160 4335/4532/158
f 4272/4468/160 4273/4469/162 4337/4534/162 4336/4533/160
f 4273/4469/162 4274/4470/164 4338/4535/164 4337/4534/162
f 4274/4470/164 4275/4471/166 4339/4536/166 4338/4535/164
f 4275/4471/166 4276/4472/168 4340/4537/168 4339/4536/166
f 4276/4472/168 4277/4473/170 4341/4538/170 4340/4537/168
f 4277/4473/170 4278/4474/172 4342/4539/172 4341/4538/170
f 4278/4474/172 4279/4475/174 4343/4540/174 4342/4539/172
f 4279/4475/174 4280/4476/176 4344/4541/176 4343/4540/174
f 4280/4476/176 4281/4477/178 4345/4542/178 4344/4541/176
f 4281/4477/178 4282/4478/180 4346/4543/180 4345/4542/178
f 4282/4478/180 4283/4479/182 4347/4544/182 4346/4543/180
f 4283/4479/182 4284/4480/184 4348/4545/184 4347/4544/182
f 4284/4480/184 4285/4481/186 4349/4546/186 4348/4545/184
f 4285/4481/186 4286/4482/188 4350/4547/188 4349/4546/186
f 4286/4482/188 4287/4483/190 4351/4548/190 4350/4547/188
f 4287/4483/190 4288/4484/192 4352/4549/192 4351/4548/190
f 4288/4484/192 4289/4485/194 4353/4550/194 4352/4549/192
f 4289/4485/194 4290/4486/196 4354/4551/196 4353/4550/194
f 4290/4486/196 4227/4487/70 4291/4552/70 4354/4551/196
f 4291/4489/2114 4292/4488/2115 4356/4553/2115 4355/4554/2114
f 4292/4488/2115 4293/4490/2116 4357/4555/2116 4356/4553/2115
f 4293/4490/2116 4294/4491/2117 4358/4556/2117 4357/4555/2116
f 4294/4491/2117 4295/4492/2118 4359/4557/2118 4358/4556/2117
f 4295/4492/2118 4296/4493/2119 4360/4558/2119 4359/4557/2118
f 4296/4493/2119 4297/4494/2120 4361/4559/2120 4360/4558/2119
f 4297/4494/2120 4298/4495/2121 4362/4560/2121 4361/4559/2120
f 4298/4495/2121 4299/4496/2122 4363/4561/2122 4362/4560/2121
f 4299/4496/2122 4300/4497/2123 4364/4562/2123 4363/4561/2122
f 4300/4497/2123 4301/4498/2124 4365/4563/2124 4364/4562/2123
f 4301/4498/2124 4302/4499/2125 4366/4564/2125 4365/4563/2124
f 4302/4499/2125 4303/4500/2126 4367/4565/2126 4366/4564/2125
f 4303/4500/2126 4304/4501/2127 4368/4566/2127 4367/4565/2126
f 4304/4501/2127 4305/4502/2128 4369/4567/2128 4368/4566/2127
f 4305/4502/2128 4306/4503/2129 4370/4568/2129 4369/4567/2128
f 4306/4503/2129 4307/4504/2130 4371/4569/2130 4370/4568/2129
f 4307/4504/2130 4308/4505/2131 4372/4570/2131 4371/4569/2130
f 4308/4505/2131 4309/4506/2132 4373/4571/2132 4372/4570/2131
f 4309/4506/2132 4310/4507/2133 4374/4572/2133 4373/4571/2132
f 4310/4507/2133 4311/4508/2134 4375/4573/2134 4374/4572/2133
f 4311/4508/2134 4312/4509/2135 4376/4574/2135 4375/4573/2134
f 4312/4509/2135 4313/4510/2136 4377/4575/2136 4376/4574/2135
f 4313/4510/2136 4314/4511/2137 4378/4576/2137 4377/4575/2136
f 4314/4511/2137 4315/4512/2138 4379/4577/2138 4378/4576/2137
f 4315/4512/2138 4316/4513/2139 4380/4578/2139 4379/4577/2138
f 4316/4513/2139 4317/4514/2140 4381/4579/2140 4380/4578/2139
f 4317/4514/2140 4318/4515/2141 4382/4580/2141 4381/4579/2140
f 4318/4515/2141 4319/4516/2142 4383/4581/2142 4382/4580/2141
f 4319/4516/2142 4320/4517/2143 4384/4582/2143 4383/4581/2142
f 4320/4517/2143 4321/4518/2144 4385/4583/2144 4384/4582/2143
f 4321/4518/2144 4322/4519/2145 4386/4584/2145 4385/4583/2144
f 4322/4519/2145 4323/4520/2146 4387/4585/2146 4386/4584/2145
f 4323/4520/2146 4324/4521/2147 4388/4586/2147 4387/4585/2146
f 4324/4521/2147 4325/4522/2148 4389/4587/2148 4388/4586/2147
f 4325/4522/2148 4326/4523/2149 4390/4588/2149 4389/4587/2148
f 4326/4523/2149 4327/4524/2150 4391/4589/2150 4390/4588/2149
f 4327/4524/2150 4328/4525/2151 4392/4590/2151 4391/4589/2150
f 4328/4525/2151 4329/4526/2152 4393/4591/2152 4392/4590/2151
f 4329/4526/2152 4330/4527/2153 4394/4592/2153 4393/4591/2152
f 4330/4527/2153 4331/4528/2154 4395/4593/2154 4394/4592/2153
f 4331/4528/2154 4332/4529/2155 4396/4594/2155 4395/4593/2154
f 4332/4529/2155 4333/4530/2156 4397/4595/2156 4396/4594/2155
f 4333/4530/2156 4334/4531/2157 4398/4596/2157 4397/4595/2156
f 4334/4531/2157 4335/4532/2158 4399/4597/2158 4398/4596/2157
f 4335/4532/2158 4336/4533/2159 4400/4598/2159 4399/4597/2158
f 4336/4533/2159 4337/4534/2160 4401/4599/2160 4400/4598/2159
f 4337/4534/2160 4338/4535/2161 4402/4600/2161 4401/4599/2160
f 4338/4535/2161 4339/4536/2162 4403/4601/2162 4402/4600/2161
f 4339/4536/2162 4340/4537/2163 4404/4602/2163 4403/4601/2162
f 4340/4537/2163 4341/4538/2164 4405/4603/2164 4404/4602/2163
f 4341/4538/2164 4342/4539/2165 4406/4604/2165 4405/4603/2164
f 4342/4539/2165 4343/4540/2166 4407/4605/2166 4406/4604/2165
f 4343/4540/2166 4344/4541/2167 4408/4606/2167 4407/4605/2166
f 4344/4541/2167 4345/4542/2168 4409/4607/2168 4408/4606/2167
f 4345/4542/2168 4346/4543/2169 4410/4608/2169 4409/4607/2168
f 4346/4543/2169 4347/4544/2170 4411/4609/2170 4410/4608/2169
f 4347/4544/2170 4348/4545/2171 4412/4610/2171 4411/4609/2170
f 4348/4545/2171 4349/4546/2172 4413/4611/2172 4412/4610/2171
f 4349/4546/2172 4350/4547/2173 4414/4612/2173 4413/4611/2172
f 4350/4547/2173 4351/4548/2174 4415/4613/2174 4414/4612/2173
f 4351/4548/2174 4352/4549/2175 4416/4614/2175 4415/4613/2174
f 4352/4549/2175 4353/4550/2176 4417/4615/2176 4416/4614/2175
f 4353/4550/2176 4354/4551/2177 4418/4616/2177 4417/4615/2176
f 4354/4551/2177 4291/4552/2114 4355/4617/2114 4418/4616/2177
f 4355/4554/4035 4356/4553/4036 4420/4618/4036 4419/4619/4035
f 4356/4553/4036 4357/4555/4037 4421/4620/4037 4420/4618/4036
f 4357/4555/4037 4358/4556/4038 4422/4621/4038 4421/4620/4037
f 4358/4556/4038 4359/4557/4039 4423/4622/4039 4422/4621/4038
f 4359/4557/4039 4360/4558/4040 4424/4623/4040 4423/4622/4039
f 4360/4558/4040 4361/4559/4041 4425/4624/4041 4424/4623/4040
f 4361/4559/4041 4362/4560/4042 4426/4625/4042 4425/4624/4041
f 4362/4560/4042 4363/4561/4043 4427/4626/4043 4426/4625/4042
f 4363/4561/4043 4364/4562/4044 4428/4627/4044 4427/4626/4043
f 4364/4562/4044 4365/4563/4045 4429/4628/4045 4428/4627/4044
f 4365/4563/4045 4366/4564/4046 4430/4629/4046 4429/4628/4045
f 4366/4564/4046 4367/4565/4047 4431/4630/4047 4430/4629/4046
f 4367/4565/4047 4368/4566/4048 4432/4631/4048 4431/4630/4047
f 4368/4566/4048 4369/4567/4049 4433/4632/4049 4432/4631/4048
f 4369/4567/4049 4370/4568/4050 4434/4633/4050 4433/4632/4049
f 4370/4568/4050 4371/4569/4051 4435/4634/4051 4434/4633/4050
f 4371/4569/4051 4372/4570/4052 4436/4635/4052 4435/4634/4051
f 4372/4570/4052 4373/4571/4053 4437/4636/4053 4436/4635/4052
f 4373/4571/4053 4374/4572/4054 4438/4637/4054 4437/4636/4053
f 4374/4572/4054 4375/4573/4055 4439/4638/4055 4438/4637/4054
f 4375/4573/4055 4376/4574/4056 4440/4639/4056 4439/4638/4055
f 4376/4574/4056 4377/4575/4057 4441/4640/4057 4440/4639/4056
f 4377/4575/4057 4378/4576/4058 4442/4641/4058 4441/4640/4057
f 4378/4576/4058 4379/4577/4059 4443/4642/4059 4442/4641/4058
f 4379/4577/4059 4380/4578/4060 4444/4643/4060 4443/4642/4059
f 4380/4578/4060 4381/4579/4061 4445/4644/4061 4444/4643/4060
f 4381/4579/4061 4382/4580/4062 4446/4645/4062 4445/4644/4061
f 4382/4580/4062 4383/4581/4063 4447/4646/4063 4446/4645/4062
f 4383/4581/4063 4384/4582/4064 4448/4647/4064 4447/4646/4063
f 4384/4582/4064 4385/4583/4065 4449/4648/4065 4448/4647/4064
f 4385/4583/4065 4386/4584/4066 4450/4649/4066 4449/4648/4065
f 4386/4584/4066 4387/4585/4067 4451/4650/4067 4450/4649/4066
f 4387/4585/4067 4388/4586/4068 4452/4651/4068 4451/4650/4067
f 4388/4586/4068 4389/4587/4069 4453/4652/4069 4452/4651/4068
f 4389/4587/4069 4390/4588/4070 4454/4653/4070 4453/4652/4069
f 4390/4588/4070 4391/4589/4071 4455/4654/4071 4454/4653/4070
f 4391/4589/4071 4392/4590/4072 4456/4655/4072 4455/4654/4071
f 4392/4590/4072 4393/4591/4073 4457/4656/4073 4456/4655/4072
f 4393/4591/4073 4394/4592/4074 4458/4657/4074 4457/4656/4073
f 4394/4592/4074 4395/4593/4075 4459/4658/4075 4458/4657/4074
f 4395/4593/4075 4396/4594/4076 4460/4659/4076 4459/4658/4075
f 4396/4594/4076 4397/4595/4077 4461/4660/4077 4460/4659/4076
f 4397/4595/4077 4398/4596/4078 4462/4661/4078 4461/4660/4077
f 4398/4596/4078 4399/4597/4079 4463/4662/4079 4462/4661/4078
f 4399/4597/4079 4400/4598/4080 4464/4663/4080 4463/4662/4079
f 4400/4598/4080 4401/4599/4081 4465/4664/4081 4464/4663/4080
f 4401/4599/4081 4402/4600/4082 4466/4665/4082 4465/4664/4081
f 4402/4600/4082 4403/4601/4083 4467/4666/4083 4466/4665/4082
f 4403/4601/4083 4404/4602/4084 4468/4667/4084 4467/4666/4083
f 4404/4602/4084 4405/4603/4085 4469/4668/4085 4468/4667/4084
f 4405/4603/4085 4406/4604/4086 4470/4669/4086 4469/4668/4085
f 4406/4604/4086 4407/4605/4087 4471/4670/4087 4470/4669/4086
f 4407/4605/4087 4408/4606/4088 4472/4671/4088 4471/4670/4087
f 4408/4606/4088 4409/4607/4089 4473/4672/4089 4472/4671/4088
f 4409/4607/4089 4410/4608/4090 4474/4673/4090 4473/4672/4089
f 4410/4608/4090 4411/4609/4091 4475/4674/4091 4474/4673/4090
f 4411/4609/4091 4412/4610/4092 4476/4675/4092 4475/4674/4091
f 4412/4610/4092 4413/4611/4093 4477/4676/4093 4476/4675/4092
f 4413/4611/4093 4414/4612/4094 4478/4677/4094 4477/4676/4093
f 4414/4612/4094 4415/4613/4095 4479/4678/4095 4478/4677/4094
f 4415/4613/4095 4416/4614/4096 4480/4679/4096 4479/4678/4095
f 4416/4614/4096 4417/4615/4097 4481/4680/4097 4480/4679/4096
f 4417/4615/4097 4418/4616/4098 4482/4681/4098 4481/4680/4097
f 4418/4616/4098 4355/4617/4035 4419/4682/4035 4482/4681/4098
f 4419/4619/3906 4420/4618/3906 4484/4683/3906 4483/4684/3906
f 4420/4618/3906 4421/4620/3906 4485/4685/3906 4484/4683/3906
f 4421/4620/3906 4422/4621/3906 4486/4686/3906 4485/4685/3906
f 4422/4621/3906 4423/4622/3906 4487/4687/3906 4486/4686/3906
f 4423/4622/3906 4424/4623/3906 4488/4688/3906 4487/4687/3906
f 4424/4623/3906 4425/4624/3906 4489/4689/3906 4488/4688/3906
f 4425/4624/3906 4426/4625/3906 4490/4690/3906 4489/4689/3906
f 4426/4625/3906 4427/4626/3906 4491/4691/3906 4490/4690/3906
f 4427/4626/3906 4428/4627/3906 4492/4692/3906 4491/4691/3906
f 4428/4627/3906 4429/4628/3906 4493/4693/3906 4492/4692/3906
f 4429/4628/3906 4430/4629/3906 4494/4694/3906 4493/4693/3906
f 4430/4629/3906 4431/4630/3906 4495/4695/3906 4494/4694/3906
f 4431/4630/3906 4432/4631/3906 4496/4696/3906 4495/4695/3906
f 4432/4631/3906 4433/4632/3906 4497/4697/3906 4496/4696/3906
f 4433/4632/3906 4434/4633/3906 4498/4698/3906 4497/4697/3906
f 4434/4633/3906 4435/4634/3906 4499/4699/3906 4498/4698/3906
f 4435/4634/3906 4436/4635/3906 4500/4700/3906 4499/4699/3906
f 4436/4635/3906 4437/4636/3906 4501/4701/3906 4500/4700/3906
f 4437/4636/3906 4438/4637/3906 4502/4702/3906 4501/4701/3906
f 4438/4637/3906 4439/4638/3906 4503/4703/3906 4502/4702/3906
f 4439/4638/3906 4440/4639/3906 4504/4704/3906 4503/4703/3906
f 4440/4639/3906 4441/4640/3906 4505/4705/3906 4504/4704/3906
f 4441/4640/3906 4442/4641/3906 4506/4706/3906 4505/4705/3906
f 4442/4641/3906 4443/4642/3906 4507/4707/3906 4506/4706/3906
f 4443/4642/3906 4444/4643/3906 4508/4708/3906 4507/4707/3906
f 4444/4643/3906 4445/4644/3906 4509/4709/3906 4508/4708/3906
f 4445/4644/3906 4446/4645/3906 4510/4710/3906 4509/4709/3906
f 4446/4645/3906 4447/4646/3906 4511/4711/3906 4510/4710/3906
f 4447/4646/3906 4448/4647/3906 4512/4712/3906 4511/4711/3906
f 4448/4647/3906 4449/4648/3906 4513/4713/3906 4512/4712/3906
f 4449/4648/3906 4450/4649/3906 4514/4714/3906 4513/4713/3906
f 4450/4649/3906 4451/4650/3906 4515/4715/3906 4514/4714/3906
f 4451/4650/3906 4452/4651/3906 4516/4716/3906 4515/4715/3906
f 4452/4651/3906 4453/4652/3906 4517/4717/3906 4516/4716/3906
f 4453/4652/3906 4454/4653/3906 4518/4718/3906 4517/4717/3906
f 4454/4653/3906 4455/4654/3906 4519/4719/3906 4518/4718/3906
f 4455/4654/3906 4456/4655/3906 4520/4720/3906 4519/4719/3906
f 4456/4655/3906 4457/4656/3906 4521/4721/3906 4520/4720/3906
f 4457/4656/3906 4458/4657/3906 4522/4722/3906 4521/4721/3906
f 4458/4657/3906 4459/4658/3906 4523/4723/3906 4522/4722/3906
f 4459/4658/3906 4460/4659/3906 4524/4724/3906 4523/4723/3906
f 4460/4659/3906 4461/4660/3906 4525/4725/3906 4524/4724/3906
f 4461/4660/3906 4462/4661/3906 4526/4726/3906 4525/4725/3906
f 4462/4661/3906 4463/4662/3906 4527/4727/3906 4526/4726/3906
f 4463/4662/3906 4464/4663/3906 4528/4728/3906 4527/4727/3906
f 4464/4663/3906 4465/4664/3906 4529/4729/3906 4528/4728/3906
f 4465/4664/3906 4466/4665/3906 4530/4730/3906 4529/4729/3906
f 4466/4665/3906 4467/4666/3906 4531/4731/3906 4530/4730/3906
f 4467/4666/3906 4468/4667/3906 4532/4732/3906 4531/4731/3906
f 4468/4667/3906 4469/4668/3906 4533/4733/3906 4532/4732/3906
f 4469/4668/3906 4470/4669/3906 4534/4734/3906 4533/4733/3906
f 4470/4669/3906 4471/4670/3906 4535/4735/3906 4534/4734/3906
f 4471/4670/3906 4472/4671/3906 4536/4736/3906 4535/4735/3906
f 4472/4671/3906 4473/4672/3906 4537/4737/3906 4536/4736/3906
f 4473/4672/3906 4474/4673/3906 4538/4738/3906 4537/4737/3906
f 4474/4673/3906 4475/4674/3906 4539/4739/3906 4538/4738/3906
f 4475/4674/3906 4476/4675/3906 4540/4740/3906 4539/4739/3906
f 4476/4675/3906 4477/4676/3906 4541/4741/3906 4540/4740/3906
f 4477/4676/3906 4478/4677/3906 4542/4742/3906 4541/4741/3906
f 4478/4677/3906 4479/4678/3906 4543/4743/3906 4542/4742/3906
f 4479/4678/3906 4480/4679/3906 4544/4744/3906 4543/4743/3906
f 4480/4679/3906 4481/4680/3906 4545/4745/3906 4544/4744/3906
f 4481/4680/3906 4482/4681/3906 4546/3964/3906 4545/4745/3906
f 4482/4681/3906 4419/4682/3906 4483/3965/3906 4546/3964/3906
f 4483/4684/2146 4484/4683/2147 4164/4746/2147 4163/4747/2146
f 4484/4683/2147 4485/4685/2148 4165/4748/2148 4164/4746/2147
f 4485/4685/2148 4486/4686/2149 4166/4749/2149 4165/4748/2148
f 4486/4686/2149 4487/4687/2150 4167/4750/2150 4166/4749/2149
f 4487/4687/2150 4488/4688/2151 4168/4751/2151 4167/4750/2150
f 4488/4688/2151 4489/4689/2152 4169/4752/2152 4168/4751/2151
f 4489/4689/2152 4490/4690/2153 4170/4753/2153 4169/4752/2152
f 4490/4690/2153 4491/4691/2154 4171/4754/2154 4170/4753/2153
f 4491/4691/2154 4492/4692/2155 4172/4755/2155 4171/4754/2154
f 4492/4692/2155 4493/4693/2156 4173/4756/2156 4172/4755/2155
f 4493/4693/2156 4494/4694/2157 4174/4757/2157 4173/4756/2156
f 4494/4694/2157 4495/4695/2158 4175/4758/2158 4174/4757/2157
f 4495/4695/2158 4496/4696/2159 4176/4759/2159 4175/4758/2158
f 4496/4696/2159 4497/4697/2160 4177/4760/2160 4176/4759/2159
f 4497/4697/2160 4498/4698/2161 4178/4761/2161 4177/4760/2160
f 4498/4698/2161 4499/4699/2162 4179/4762/2162 4178/4761/2161
f 4499/4699/2162 4500/4700/2163 4180/4763/2163 4179/4762/2162
f 4500/4700/2163 4501/4701/2164 4181/4764/2164 4180/4763/2163
f 4501/4701/2164 4502/4702/2165 4182/4765/2165 4181/4764/2164
f 4502/4702/2165 4503/4703/2166 4183/4766/2166 4182/4765/2165
f 4503/4703/2166 4504/4704/2167 4184/4767/2167 4183/4766/2166
f 4504/4704/2167 4505/4705/2168 4185/4768/2168 4184/4767/2167
f 4505/4705/2168 4506/4706/2169 4186/4769/2169 4185/4768/2168
f 4506/4706/2169 4507/4707/2170 4187/4770/2170 4186/4769/2169
f 4507/4707/2170 4508/4708/2171 4188/4771/2171 4187/4770/2170
f 4508/4708/2171 4509/4709/2172 4189/4772/2172 4188/4771/2171
f 4509/4709/2172 4510/4710/2173 4190/4773/2173 4189/4772/2172
f 4510/4710/2173 4511/4711/2174 4191/4774/2174 4190/4773/2173
f 4511/4711/2174 4512/4712/2175 4192/4775/2175 4191/4774/2174
f 4512/4712/2175 4513/4713/2176 4193/4776/2176 4192/4775/2175
f 4513/4713/2176 4514/4714/2177 4194/4777/2177 4193/4776/2176
f 4514/4714/2177 4515/4715/2114 4195/4778/2114 4194/4777/2177
f 4515/4715/2114 4516/4716/2115 4196/4779/2115 4195/4778/2114
f 4516/4716/2115 4517/4717/2116 4197/4780/2116 4196/4779/2115
f 4517/4717/2116 4518/4718/2117 4198/4781/2117 4197/4780/2116
f 4518/4718/2117 4519/4719/2118 4199/4782/2118 4198/4781/2117
f 4519/4719/2118 4520/4720/2119 4200/4783/2119 4199/4782/2118
f 4520/4720/2119 4521/4721/2120 4201/4784/2120 4200/4783/2119
f 4521/4721/2120 4522/4722/2121 4202/4785/2121 4201/4784/2120
f 4522/4722/2121 4523/4723/2122 4203/4786/2122 4202/4785/2121
f 4523/4723/2122 4524/4724/2123 4204/4787/2123 4203/4786/2122
f 4524/4724/2123 4525/4725/2124 4205/4788/2124 4204/4787/2123
f 4525/4725/2124 4526/4726/2125 4206/4789/2125 4205/4788/2124
f 4526/4726/2125 4527/4727/2126 4207/4790/2126 4206/4789/2125
f 4527/4727/2126 4528/4728/2127 4208/4791/2127 4207/4790/2126
f 4528/4728/2127 4529/4729/2128 4209/4792/2128 4208/4791/2127
f 4529/4729/2128 4530/4730/2129 4210/4793/2129 4209/4792/2128
f 4530/4730/2129 4531/4731/2130 4211/4794/2130 4210/4793/2129
f 4531/4731/2130 4532/4732/2131 4212/4795/2131 4211/4794/2130
f 4532/4732/2131 4533/4733/2132 4213/4796/2132 4212/4795/2131
f 4533/4733/2132 4534/4734/2133 4214/4797/2133 4213/4796/2132
f 4534/4734/2133 4535/4735/2134 4215/4798/2134 4214/4797/2133
f 4535/4735/2134 4536/4736/2135 4216/4799/2135 4215/4798/2134
f 4536/4736/2135 4537/4737/2136 4217/4800/2136 4216/4799/2135
f 4537/4737/2136 4538/4738/2137 4218/4801/2137 4217/4800/2136
f 4538/4738/2137 4539/4739/2138 4219/4802/2138 4218/4801/2137
f 4539/4739/2138 4540/4740/2139 4220/4803/2139 4219/4802/2138
f 4540/4740/2139 4541/4741/2140 4221/4804/2140 4220/4803/2139
f 4541/4741/2140 4542/4742/2141 4222/4805/2141 4221/4804/2140
f 4542/4742/2141 4543/4743/2142 4223/4806/2142 4222/4805/2141
f 4543/4743/2142 4544/4744/2143 4224/4807/2143 4223/4806/2142
f 4544/4744/2143 4545/4745/2144 4225/4808/2144 4224/4807/2143
f 4545/4745/2144 4546/3964/2145 4226/3967/2145 4225/4808/2144
f 3779/4422/3970 3780/3968/3907 3844/3971/3907 3843/4096/3970
