# Blender 5.2.1 LTS
# www.blender.org
mtllib queen.mtl
o queen
v -0.208147 0.016548 0.170822
v -0.208713 0.018316 0.171286
v -0.208713 0.035236 0.171286
v -0.207706 0.037431 0.170460
v -0.223888 0.016548 0.149597
v -0.220007 0.011880 0.147004
v -0.224497 0.018316 0.150004
v -0.224497 0.035236 0.150004
v -0.223414 0.037431 0.149280
v -0.204539 0.011880 0.167860
v -0.206537 0.000000 0.138004
v -0.216860 0.050095 0.144901
v -0.216980 0.059120 0.144982
v -0.214619 0.043200 0.143404
v -0.214507 0.068985 0.143329
v -0.208965 0.078400 0.139626
v -0.170822 0.016548 0.208147
v -0.171286 0.018316 0.208713
v -0.171286 0.035236 0.208713
v -0.170460 0.037431 0.207706
v -0.167860 0.011880 0.204539
v -0.149597 0.016548 0.223888
v -0.147004 0.011880 0.220007
v -0.150004 0.018316 0.224497
v -0.150004 0.035236 0.224497
v -0.149280 0.037431 0.223414
v -0.138004 0.000000 0.206537
v -0.144901 0.050095 0.216860
v -0.144982 0.059120 0.216980
v -0.143404 0.043200 0.214619
v -0.143329 0.068985 0.214507
v -0.139626 0.078400 0.208965
v -0.190401 0.016548 0.190401
v -0.187100 0.011880 0.187100
v -0.190919 0.018316 0.190919
v -0.190919 0.035236 0.190919
v -0.189998 0.037431 0.189998
v -0.175645 0.000000 0.175645
v -0.182518 0.043200 0.182518
v -0.184424 0.050095 0.184424
v -0.184527 0.059120 0.184527
v -0.182423 0.068985 0.182423
v -0.177710 0.078400 0.177710
v -0.169985 0.086075 0.169985
v -0.192016 0.000000 0.157583
v -0.199529 0.043200 0.163750
v -0.201613 0.050095 0.165459
v -0.201725 0.059120 0.165551
v -0.199425 0.068985 0.163664
v -0.194273 0.078400 0.159436
v -0.185828 0.086075 0.152505
v -0.173649 0.090720 0.142510
v -0.157583 0.000000 0.192016
v -0.163750 0.043200 0.199529
v -0.165459 0.050095 0.201613
v -0.165551 0.059120 0.201725
v -0.163664 0.068985 0.199425
v -0.159436 0.078400 0.194273
v -0.152505 0.086075 0.185828
v -0.142510 0.090720 0.173649
v -0.158844 0.090720 0.158844
v -0.165301 0.092880 0.135659
v -0.135659 0.092880 0.165301
v -0.151208 0.092880 0.151208
v -0.237473 0.016548 0.126932
v -0.238119 0.018316 0.127277
v -0.238119 0.035236 0.127277
v -0.236970 0.037431 0.126663
v -0.248771 0.016548 0.103044
v -0.249447 0.018316 0.103325
v -0.244459 0.011880 0.101258
v -0.249447 0.035236 0.103325
v -0.248244 0.037431 0.102826
v -0.257673 0.016548 0.078164
v -0.253206 0.011880 0.076809
v -0.258374 0.018316 0.078377
v -0.258374 0.035236 0.078377
v -0.257127 0.037431 0.077999
v -0.238472 0.043200 0.098778
v -0.240962 0.050095 0.099810
v -0.241096 0.059120 0.099865
v -0.237704 0.000000 0.072107
v -0.247005 0.043200 0.074928
v -0.249584 0.050095 0.075711
v -0.249723 0.059120 0.075753
v -0.238347 0.068985 0.098727
v -0.246876 0.068985 0.074889
v -0.240498 0.078400 0.072954
v -0.233356 0.011880 0.124732
v -0.230018 0.050095 0.122947
v -0.230146 0.059120 0.123016
v -0.227642 0.043200 0.121677
v -0.219069 0.000000 0.117095
v -0.227522 0.068985 0.121613
v -0.221644 0.078400 0.118471
v -0.212009 0.086075 0.113321
v -0.229492 0.000000 0.095059
v -0.232189 0.078400 0.096176
v -0.222096 0.086075 0.091995
v -0.230044 0.086075 0.069783
v -0.207540 0.090720 0.085966
v -0.264094 0.016548 0.052532
v -0.264812 0.018316 0.052674
v -0.259516 0.011880 0.051621
v -0.264812 0.035236 0.052674
v -0.263534 0.037431 0.052420
v -0.255803 0.050095 0.050882
v -0.255946 0.059120 0.050911
v -0.253160 0.043200 0.050357
v -0.243627 0.000000 0.048460
v -0.253028 0.068985 0.050330
v -0.246491 0.078400 0.049030
v -0.267971 0.016548 0.026393
v -0.263326 0.011880 0.025935
v -0.268700 0.018316 0.026465
v -0.268700 0.035236 0.026465
v -0.267403 0.037431 0.026337
v -0.259559 0.050095 0.025564
v -0.259703 0.059120 0.025579
v -0.256877 0.043200 0.025300
v -0.247204 0.000000 0.024347
v -0.256743 0.068985 0.025287
v -0.250110 0.078400 0.024634
v -0.239237 0.086075 0.023563
v -0.235776 0.086075 0.046899
v -0.220324 0.090720 0.043825
v -0.214967 0.090720 0.065210
v -0.204632 0.092880 0.062074
v -0.209731 0.092880 0.041718
v -0.223558 0.090720 0.022019
v -0.212810 0.092880 0.020960
v -0.199881 0.086075 0.133556
v -0.186781 0.090720 0.124803
v -0.198115 0.090720 0.105895
v -0.177801 0.092880 0.118803
v -0.188590 0.092880 0.100803
v -0.197562 0.092880 0.081833
v -0.138460 0.097715 0.113631
v -0.157968 0.097715 0.084436
v -0.165484 0.097715 0.068546
v -0.148931 0.097715 0.099513
v -0.171405 0.097715 0.051995
v -0.175676 0.097715 0.034944
v -0.178256 0.097715 0.017557
v -0.140028 0.105982 0.058002
v -0.145039 0.105982 0.043997
v -0.148653 0.105982 0.029569
v -0.150836 0.105982 0.014856
v -0.126932 0.016548 0.237473
v -0.127277 0.018316 0.238119
v -0.127277 0.035236 0.238119
v -0.126663 0.037431 0.236970
v -0.103044 0.016548 0.248771
v -0.103325 0.018316 0.249447
v -0.101258 0.011880 0.244459
v -0.103325 0.035236 0.249447
v -0.102826 0.037431 0.248244
v -0.124732 0.011880 0.233356
v -0.122947 0.050095 0.230018
v -0.123016 0.059120 0.230146
v -0.121677 0.043200 0.227642
v -0.117095 0.000000 0.219069
v -0.121613 0.068985 0.227522
v -0.118471 0.078400 0.221644
v -0.113321 0.086075 0.212009
v -0.098778 0.043200 0.238472
v -0.099810 0.050095 0.240962
v -0.099865 0.059120 0.241096
v -0.078164 0.016548 0.257673
v -0.076809 0.011880 0.253206
v -0.078377 0.018316 0.258374
v -0.078377 0.035236 0.258374
v -0.077999 0.037431 0.257127
v -0.072107 0.000000 0.237704
v -0.074928 0.043200 0.247005
v -0.075711 0.050095 0.249584
v -0.075753 0.059120 0.249723
v -0.098727 0.068985 0.238347
v -0.074889 0.068985 0.246876
v -0.072954 0.078400 0.240498
v -0.095059 0.000000 0.229492
v -0.096176 0.078400 0.232189
v -0.091995 0.086075 0.222096
v -0.085966 0.090720 0.207540
v -0.069783 0.086075 0.230044
v -0.133556 0.086075 0.199881
v -0.124803 0.090720 0.186781
v -0.118803 0.092880 0.177801
v -0.105895 0.090720 0.198115
v -0.113631 0.097715 0.138460
v -0.100803 0.092880 0.188590
v -0.081833 0.092880 0.197562
v -0.084436 0.097715 0.157968
v -0.099513 0.097715 0.148931
v -0.068546 0.097715 0.165484
v -0.052532 0.016548 0.264094
v -0.052674 0.018316 0.264812
v -0.051621 0.011880 0.259516
v -0.052674 0.035236 0.264812
v -0.052420 0.037431 0.263534
v -0.050882 0.050095 0.255803
v -0.050911 0.059120 0.255946
v -0.050357 0.043200 0.253160
v -0.048460 0.000000 0.243627
v -0.050330 0.068985 0.253028
v -0.049030 0.078400 0.246491
v -0.065210 0.090720 0.214967
v -0.062074 0.092880 0.204632
v -0.046899 0.086075 0.235776
v -0.043825 0.090720 0.220324
v -0.041718 0.092880 0.209731
v -0.026393 0.016548 0.267971
v -0.025935 0.011880 0.263326
v -0.026465 0.018316 0.268700
v -0.026465 0.035236 0.268700
v -0.026337 0.037431 0.267403
v -0.025564 0.050095 0.259559
v -0.025579 0.059120 0.259703
v -0.025300 0.043200 0.256877
v -0.024347 0.000000 0.247204
v -0.000000 0.016548 0.269268
v -0.000000 0.011880 0.264600
v -0.000000 0.018316 0.270000
v -0.000000 0.035236 0.270000
v -0.000000 0.037431 0.268697
v -0.000000 0.043200 0.258120
v -0.000000 0.050095 0.260815
v -0.000000 0.059120 0.260960
v -0.000000 0.000000 0.248400
v -0.025287 0.068985 0.256743
v -0.024634 0.078400 0.250110
v -0.023563 0.086075 0.239237
v -0.000000 0.068985 0.257985
v -0.000000 0.078400 0.251320
v -0.000000 0.086075 0.240395
v -0.022019 0.090720 0.223558
v -0.020960 0.092880 0.212810
v -0.000000 0.090720 0.224640
v -0.000000 0.092880 0.213840
v -0.051995 0.097715 0.171405
v -0.034944 0.097715 0.175676
v -0.058002 0.105982 0.140028
v -0.043997 0.105982 0.145039
v -0.017557 0.097715 0.178256
v -0.000000 0.097715 0.179118
v -0.029569 0.105982 0.148653
v -0.014856 0.105982 0.150836
v -0.000000 0.105982 0.151565
v -0.126656 0.097715 0.126656
v -0.107173 0.105982 0.107173
v -0.133669 0.105982 0.071447
v -0.126022 0.105982 0.084205
v -0.117162 0.105982 0.096152
v -0.101411 0.117544 0.083226
v -0.109080 0.117544 0.072885
v -0.096152 0.105982 0.117162
v -0.084205 0.105982 0.126022
v -0.071447 0.105982 0.133669
v -0.083226 0.117544 0.101411
v -0.072885 0.117544 0.109080
v -0.092765 0.117544 0.092765
v -0.091214 0.132263 0.074858
v -0.074858 0.132263 0.091214
v -0.083438 0.132263 0.083438
v -0.086577 0.150000 0.071052
v -0.071052 0.150000 0.086577
v -0.079196 0.150000 0.079196
v -0.121204 0.117544 0.050204
v -0.125541 0.117544 0.038082
v -0.115699 0.117544 0.061842
v -0.104066 0.132263 0.055624
v -0.112918 0.132263 0.034253
v -0.109017 0.132263 0.045156
v -0.128669 0.117544 0.025594
v -0.130558 0.117544 0.012859
v -0.115731 0.132263 0.023020
v -0.117431 0.132263 0.011566
v -0.098112 0.132263 0.065557
v -0.103475 0.150000 0.042861
v -0.109848 0.150000 0.021850
v -0.107177 0.150000 0.032512
v -0.111461 0.150000 0.010978
v -0.093125 0.150000 0.062224
v -0.098775 0.150000 0.052796
v -0.061842 0.117544 0.115699
v -0.055624 0.132263 0.104066
v -0.050204 0.117544 0.121204
v -0.038082 0.117544 0.125541
v -0.045156 0.132263 0.109017
v -0.034253 0.132263 0.112918
v -0.065557 0.132263 0.098112
v -0.025594 0.117544 0.128669
v -0.023020 0.132263 0.115731
v -0.012859 0.117544 0.130558
v -0.011566 0.132263 0.117431
v -0.042861 0.150000 0.103475
v -0.062224 0.150000 0.093125
v -0.052796 0.150000 0.098775
v -0.032512 0.150000 0.107177
v -0.021850 0.150000 0.109848
v -0.010978 0.150000 0.111461
v -0.070037 0.274531 0.070037
v -0.087352 0.274531 0.046690
v -0.091507 0.274531 0.037904
v -0.076564 0.274531 0.062835
v -0.082354 0.274531 0.055027
v -0.068077 0.388750 0.045487
v -0.072207 0.388750 0.038596
v -0.094782 0.274531 0.028752
v -0.097144 0.274531 0.019323
v -0.098570 0.274531 0.009708
v -0.078349 0.388750 0.023767
v -0.075643 0.388750 0.031332
v -0.080302 0.388750 0.015973
v -0.081481 0.388750 0.008025
v -0.062835 0.274531 0.076564
v -0.055027 0.274531 0.082354
v -0.046690 0.274531 0.087352
v -0.037904 0.274531 0.091507
v -0.045487 0.388750 0.068077
v -0.038596 0.388750 0.072207
v -0.028752 0.274531 0.094782
v -0.019323 0.274531 0.097144
v -0.009708 0.274531 0.098570
v -0.031332 0.388750 0.075643
v -0.023767 0.388750 0.078349
v -0.015973 0.388750 0.080302
v -0.008025 0.388750 0.081481
v -0.063290 0.388750 0.051941
v -0.051941 0.388750 0.063290
v -0.057894 0.388750 0.057894
v -0.054890 0.486094 0.036676
v -0.051031 0.486094 0.041880
v -0.041880 0.486094 0.051031
v -0.036676 0.486094 0.054890
v -0.046680 0.486094 0.046680
v -0.060990 0.486094 0.025263
v -0.063173 0.486094 0.019163
v -0.058221 0.486094 0.031120
v -0.064747 0.486094 0.012879
v -0.065698 0.486094 0.006471
v -0.031120 0.486094 0.058221
v -0.025263 0.486094 0.060990
v -0.019163 0.486094 0.063173
v -0.012879 0.486094 0.064747
v -0.006471 0.486094 0.065698
v -0.136340 0.928000 0.013428
v -0.136340 0.937678 0.013428
v -0.013428 0.928000 0.136340
v -0.013428 0.937678 0.136340
v -0.084853 0.564219 0.084853
v -0.084853 0.589781 0.084853
v -0.091726 0.562331 0.075278
v -0.086577 0.560000 0.071052
v -0.092761 0.564219 0.076127
v -0.092761 0.589781 0.076127
v -0.091726 0.591669 0.075278
v -0.086577 0.594000 0.071052
v -0.075278 0.562331 0.091726
v -0.071052 0.560000 0.086577
v -0.076127 0.564219 0.092761
v -0.076127 0.589781 0.092761
v -0.075278 0.591669 0.091726
v -0.071052 0.594000 0.086577
v -0.083906 0.562331 0.083906
v -0.079196 0.560000 0.079196
v -0.083906 0.591669 0.083906
v -0.079196 0.594000 0.079196
v -0.070711 0.606879 0.070711
v -0.069385 0.604883 0.069385
v -0.070711 0.614199 0.070711
v -0.069445 0.616188 0.069445
v -0.104649 0.562331 0.055936
v -0.105831 0.564219 0.056568
v -0.105831 0.589781 0.056568
v -0.104649 0.591669 0.055936
v -0.113551 0.562331 0.034445
v -0.109628 0.562331 0.045409
v -0.103475 0.560000 0.042861
v -0.110866 0.564219 0.045922
v -0.110866 0.589781 0.045922
v -0.114833 0.564219 0.034834
v -0.114833 0.589781 0.034834
v -0.113551 0.591669 0.034445
v -0.109628 0.591669 0.045409
v -0.103475 0.594000 0.042861
v -0.119422 0.564219 0.011762
v -0.119422 0.589781 0.011762
v -0.116381 0.562331 0.023150
v -0.109848 0.560000 0.021850
v -0.107177 0.560000 0.032512
v -0.117694 0.564219 0.023411
v -0.117694 0.589781 0.023411
v -0.116381 0.591669 0.023150
v -0.109848 0.594000 0.021850
v -0.107177 0.594000 0.032512
v -0.118089 0.562331 0.011631
v -0.111461 0.560000 0.010978
v -0.118089 0.591669 0.011631
v -0.111461 0.594000 0.010978
v -0.098663 0.562331 0.065924
v -0.093125 0.560000 0.062224
v -0.098775 0.560000 0.052796
v -0.099776 0.564219 0.066668
v -0.099776 0.589781 0.066668
v -0.098663 0.591669 0.065924
v -0.093125 0.594000 0.062224
v -0.098775 0.594000 0.052796
v -0.088192 0.606879 0.047140
v -0.086538 0.604883 0.046256
v -0.088192 0.614199 0.047140
v -0.086613 0.616188 0.046296
v -0.092388 0.606879 0.038268
v -0.090655 0.604883 0.037551
v -0.092388 0.614199 0.038268
v -0.090734 0.616188 0.037583
v -0.077301 0.606879 0.063439
v -0.077301 0.614199 0.063439
v -0.083147 0.606879 0.055557
v -0.081588 0.604883 0.054515
v -0.083147 0.614199 0.055557
v -0.081658 0.616188 0.054562
v -0.075851 0.604883 0.062250
v -0.075917 0.616188 0.062303
v -0.095694 0.606879 0.029028
v -0.093900 0.604883 0.028484
v -0.095694 0.614199 0.029028
v -0.093981 0.616188 0.028509
v -0.098079 0.606879 0.019509
v -0.096239 0.604883 0.019143
v -0.098079 0.614199 0.019509
v -0.096322 0.616188 0.019160
v -0.099518 0.606879 0.009802
v -0.097652 0.604883 0.009618
v -0.099518 0.614199 0.009802
v -0.097736 0.616188 0.009626
v -0.068324 0.599081 0.013590
v -0.068332 0.603104 0.013592
v -0.069327 0.599081 0.006828
v -0.068408 0.599377 0.006738
v -0.067856 0.600002 0.006683
v -0.069335 0.603104 0.006829
v -0.067673 0.600954 0.006665
v -0.067673 0.601326 0.006665
v -0.068287 0.784665 0.045628
v -0.072431 0.784665 0.038715
v -0.067947 0.741356 0.028145
v -0.070378 0.741356 0.021349
v -0.078592 0.784665 0.023841
v -0.075877 0.784665 0.031429
v -0.072132 0.741356 0.014348
v -0.073191 0.741356 0.007209
v -0.080550 0.784665 0.016022
v -0.081733 0.784665 0.008050
v -0.055936 0.562331 0.104649
v -0.056568 0.564219 0.105831
v -0.056568 0.589781 0.105831
v -0.055936 0.591669 0.104649
v -0.045409 0.562331 0.109628
v -0.042861 0.560000 0.103475
v -0.034445 0.562331 0.113551
v -0.045922 0.564219 0.110866
v -0.045922 0.589781 0.110866
v -0.045409 0.591669 0.109628
v -0.042861 0.594000 0.103475
v -0.034834 0.564219 0.114833
v -0.034834 0.589781 0.114833
v -0.034445 0.591669 0.113551
v -0.065924 0.562331 0.098663
v -0.062224 0.560000 0.093125
v -0.052796 0.560000 0.098775
v -0.066668 0.564219 0.099776
v -0.066668 0.589781 0.099776
v -0.065924 0.591669 0.098663
v -0.062224 0.594000 0.093125
v -0.052796 0.594000 0.098775
v -0.063439 0.606879 0.077301
v -0.063439 0.614199 0.077301
v -0.062250 0.604883 0.075851
v -0.062303 0.616188 0.075917
v -0.055557 0.606879 0.083147
v -0.054515 0.604883 0.081588
v -0.055557 0.614199 0.083147
v -0.054562 0.616188 0.081658
v -0.047140 0.606879 0.088192
v -0.046256 0.604883 0.086538
v -0.047140 0.614199 0.088192
v -0.046296 0.616188 0.086613
v -0.038268 0.606879 0.092388
v -0.037551 0.604883 0.090655
v -0.038268 0.614199 0.092388
v -0.037583 0.616188 0.090734
v -0.032512 0.560000 0.107177
v -0.023150 0.562331 0.116381
v -0.021850 0.560000 0.109848
v -0.032512 0.594000 0.107177
v -0.023411 0.564219 0.117694
v -0.023411 0.589781 0.117694
v -0.023150 0.591669 0.116381
v -0.021850 0.594000 0.109848
v -0.011762 0.564219 0.119422
v -0.011762 0.589781 0.119422
v -0.011631 0.562331 0.118089
v -0.010978 0.560000 0.111461
v -0.011631 0.591669 0.118089
v -0.010978 0.594000 0.111461
v -0.029028 0.606879 0.095694
v -0.028484 0.604883 0.093900
v -0.029028 0.614199 0.095694
v -0.028509 0.616188 0.093981
v -0.019509 0.606879 0.098079
v -0.019143 0.604883 0.096239
v -0.019509 0.614199 0.098079
v -0.019160 0.616188 0.096322
v -0.009802 0.606879 0.099518
v -0.009618 0.604883 0.097652
v -0.009802 0.614199 0.099518
v -0.009626 0.616188 0.097736
v -0.013590 0.599081 0.068324
v -0.013592 0.603104 0.068332
v -0.006828 0.599081 0.069327
v -0.006738 0.599377 0.068408
v -0.006683 0.600002 0.067856
v -0.006829 0.603104 0.069335
v -0.006665 0.600954 0.067673
v -0.006665 0.601326 0.067673
v -0.045628 0.784665 0.068287
v -0.038715 0.784665 0.072431
v -0.028145 0.741356 0.067947
v -0.021349 0.741356 0.070378
v -0.031429 0.784665 0.075877
v -0.023841 0.784665 0.078592
v -0.014348 0.741356 0.072132
v -0.007209 0.741356 0.073191
v -0.016022 0.784665 0.080550
v -0.008050 0.784665 0.081733
v -0.051150 0.560000 0.034177
v -0.034177 0.560000 0.051150
v -0.043500 0.560000 0.043500
v -0.047554 0.560000 0.039026
v -0.045040 0.558879 0.036964
v -0.044484 0.555516 0.036507
v -0.044518 0.557478 0.036535
v -0.046052 0.559720 0.037794
v -0.039026 0.560000 0.047554
v -0.036964 0.558879 0.045040
v -0.036507 0.555516 0.044484
v -0.036535 0.557478 0.044518
v -0.037794 0.559720 0.046052
v -0.041200 0.558879 0.041200
v -0.040692 0.555516 0.040692
v -0.040722 0.557478 0.040722
v -0.042126 0.559720 0.042126
v -0.053850 0.599081 0.044193
v -0.053136 0.599377 0.043607
v -0.053856 0.603104 0.044199
v -0.052707 0.600002 0.043256
v -0.052565 0.600954 0.043139
v -0.052565 0.601326 0.043139
v -0.057922 0.599081 0.038702
v -0.057154 0.599377 0.038189
v -0.057929 0.603104 0.038707
v -0.056693 0.600002 0.037881
v -0.056540 0.600954 0.037779
v -0.056540 0.601326 0.037779
v -0.053503 0.619753 0.035750
v -0.051644 0.622358 0.034508
v -0.053015 0.657012 0.035424
v -0.044193 0.599081 0.053850
v -0.043607 0.599377 0.053136
v -0.044199 0.603104 0.053856
v -0.043256 0.600002 0.052707
v -0.043139 0.600954 0.052565
v -0.043139 0.601326 0.052565
v -0.038702 0.599081 0.057922
v -0.038189 0.599377 0.057154
v -0.038707 0.603104 0.057929
v -0.037881 0.600002 0.056693
v -0.037779 0.600954 0.056540
v -0.037779 0.601326 0.056540
v -0.035750 0.619753 0.053503
v -0.034508 0.622358 0.051644
v -0.035424 0.657012 0.053015
v -0.049259 0.599081 0.049259
v -0.048606 0.599377 0.048606
v -0.049265 0.603104 0.049265
v -0.048214 0.600002 0.048214
v -0.048083 0.600954 0.048083
v -0.048083 0.601326 0.048083
v -0.045501 0.619753 0.045501
v -0.043920 0.622358 0.043920
v -0.049741 0.619753 0.040822
v -0.048013 0.622358 0.039404
v -0.040822 0.619753 0.049741
v -0.039404 0.622358 0.048013
v -0.045086 0.657012 0.045086
v -0.049288 0.657012 0.040450
v -0.040450 0.657012 0.049288
v -0.054254 0.560000 0.028999
v -0.051386 0.558879 0.027466
v -0.052541 0.559720 0.028084
v -0.050752 0.555516 0.027127
v -0.050790 0.557478 0.027148
v -0.056835 0.560000 0.023542
v -0.055040 0.559720 0.022798
v -0.058869 0.560000 0.017858
v -0.057010 0.559720 0.017294
v -0.055757 0.558879 0.016914
v -0.053831 0.558879 0.022297
v -0.053167 0.555516 0.022022
v -0.053206 0.557478 0.022039
v -0.060336 0.560000 0.012001
v -0.061221 0.560000 0.006030
v -0.059288 0.559720 0.005839
v -0.055069 0.555516 0.016705
v -0.055110 0.557478 0.016718
v -0.057147 0.558879 0.011367
v -0.058431 0.559720 0.011623
v -0.056441 0.555516 0.011227
v -0.056483 0.557478 0.011235
v -0.057270 0.555516 0.005641
v -0.057986 0.558879 0.005711
v -0.057313 0.557478 0.005645
v -0.049535 0.559720 0.033098
v -0.047849 0.555516 0.031971
v -0.048447 0.558879 0.032371
v -0.047884 0.557478 0.031995
v -0.064359 0.599081 0.026659
v -0.063506 0.599377 0.026305
v -0.064367 0.603104 0.026662
v -0.061436 0.599081 0.032838
v -0.061444 0.603104 0.032843
v -0.060622 0.599377 0.032403
v -0.060134 0.600002 0.032142
v -0.059971 0.600954 0.032055
v -0.059971 0.601326 0.032055
v -0.062994 0.600002 0.026093
v -0.062824 0.600954 0.026022
v -0.062824 0.601326 0.026022
v -0.066662 0.599081 0.020222
v -0.065779 0.599377 0.019954
v -0.066671 0.603104 0.020224
v -0.065249 0.600002 0.019793
v -0.065072 0.600954 0.019739
v -0.065072 0.601326 0.019739
v -0.059449 0.619753 0.024625
v -0.061577 0.619753 0.018679
v -0.059438 0.622358 0.018030
v -0.056750 0.619753 0.030333
v -0.054778 0.622358 0.029279
v -0.057384 0.622358 0.023769
v -0.061015 0.657012 0.018509
v -0.056232 0.657012 0.030057
v -0.058907 0.657012 0.024400
v -0.067418 0.599377 0.013410
v -0.066875 0.600002 0.013302
v -0.066693 0.600954 0.013266
v -0.066693 0.601326 0.013266
v -0.063111 0.619753 0.012554
v -0.060919 0.622358 0.012117
v -0.064038 0.619753 0.006307
v -0.061813 0.622358 0.006088
v -0.062536 0.657012 0.012439
v -0.063454 0.657012 0.006250
v -0.028999 0.560000 0.054254
v -0.027466 0.558879 0.051386
v -0.028084 0.559720 0.052541
v -0.027127 0.555516 0.050752
v -0.027148 0.557478 0.050790
v -0.023542 0.560000 0.056835
v -0.022798 0.559720 0.055040
v -0.022297 0.558879 0.053831
v -0.022022 0.555516 0.053167
v -0.022039 0.557478 0.053206
v -0.017858 0.560000 0.058869
v -0.017294 0.559720 0.057010
v -0.016914 0.558879 0.055757
v -0.033098 0.559720 0.049535
v -0.031971 0.555516 0.047849
v -0.032371 0.558879 0.048447
v -0.031995 0.557478 0.047884
v -0.012001 0.560000 0.060336
v -0.016705 0.555516 0.055069
v -0.016718 0.557478 0.055110
v -0.011367 0.558879 0.057147
v -0.011623 0.559720 0.058431
v -0.011227 0.555516 0.056441
v -0.011235 0.557478 0.056483
v -0.006030 0.560000 0.061221
v -0.005839 0.559720 0.059288
v -0.005641 0.555516 0.057270
v -0.005711 0.558879 0.057986
v -0.005645 0.557478 0.057313
v -0.032838 0.599081 0.061436
v -0.032843 0.603104 0.061444
v -0.032403 0.599377 0.060622
v -0.032142 0.600002 0.060134
v -0.032055 0.600954 0.059971
v -0.032055 0.601326 0.059971
v -0.026659 0.599081 0.064359
v -0.026305 0.599377 0.063506
v -0.026662 0.603104 0.064367
v -0.026093 0.600002 0.062994
v -0.026022 0.600954 0.062824
v -0.026022 0.601326 0.062824
v -0.030333 0.619753 0.056750
v -0.029279 0.622358 0.054778
v -0.020222 0.599081 0.066662
v -0.019954 0.599377 0.065779
v -0.020224 0.603104 0.066671
v -0.019793 0.600002 0.065249
v -0.019739 0.600954 0.065072
v -0.019739 0.601326 0.065072
v -0.024625 0.619753 0.059449
v -0.018679 0.619753 0.061577
v -0.018030 0.622358 0.059438
v -0.023769 0.622358 0.057384
v -0.030057 0.657012 0.056232
v -0.018509 0.657012 0.061015
v -0.024400 0.657012 0.058907
v -0.013410 0.599377 0.067418
v -0.013302 0.600002 0.066875
v -0.013266 0.600954 0.066693
v -0.013266 0.601326 0.066693
v -0.012554 0.619753 0.063111
v -0.012117 0.622358 0.060919
v -0.006307 0.619753 0.064038
v -0.006088 0.622358 0.061813
v -0.012439 0.657012 0.062536
v -0.006250 0.657012 0.063454
v -0.052191 0.698134 0.042832
v -0.056138 0.698134 0.037510
v -0.042832 0.698134 0.052191
v -0.037510 0.698134 0.056138
v -0.047741 0.698134 0.047741
v -0.052004 0.741356 0.052004
v -0.063486 0.784665 0.052102
v -0.052102 0.784665 0.063486
v -0.058073 0.784665 0.058073
v -0.064861 0.741356 0.034669
v -0.061151 0.741356 0.040860
v -0.056851 0.741356 0.046657
v -0.046657 0.741356 0.056851
v -0.040860 0.741356 0.061151
v -0.034669 0.741356 0.064861
v -0.059544 0.698134 0.031827
v -0.062377 0.698134 0.025837
v -0.064609 0.698134 0.019599
v -0.066219 0.698134 0.013172
v -0.067191 0.698134 0.006618
v -0.031827 0.698134 0.059544
v -0.025837 0.698134 0.062377
v -0.019599 0.698134 0.064609
v -0.013172 0.698134 0.066219
v -0.006618 0.698134 0.067191
v -0.104260 0.911875 0.085564
v -0.112144 0.911875 0.074933
v -0.104765 0.895000 0.070002
v -0.085564 0.911875 0.104260
v -0.074933 0.911875 0.112144
v -0.070002 0.895000 0.104765
v -0.095371 0.911875 0.095371
v -0.089095 0.895000 0.089095
v -0.097399 0.895000 0.079934
v -0.079934 0.895000 0.097399
v -0.076421 0.863499 0.076421
v -0.083544 0.863499 0.068563
v -0.068563 0.863499 0.083544
v -0.067620 0.920667 0.067620
v -0.118132 0.930481 0.069072
v -0.105902 0.928000 0.086912
v -0.105902 0.937678 0.086912
v -0.104113 0.940171 0.085443
v -0.113911 0.928000 0.076113
v -0.113911 0.937678 0.076113
v -0.116369 0.937678 0.072013
v -0.116434 0.936893 0.071905
v -0.114004 0.940171 0.071461
v -0.111986 0.940171 0.074827
v -0.086912 0.928000 0.105902
v -0.086912 0.937678 0.105902
v -0.085443 0.940171 0.104113
v -0.069072 0.930481 0.118132
v -0.076113 0.928000 0.113911
v -0.076113 0.937678 0.113911
v -0.072013 0.937678 0.116369
v -0.071905 0.936893 0.116434
v -0.074827 0.940171 0.111986
v -0.071461 0.940171 0.114004
v -0.096874 0.928000 0.096874
v -0.096874 0.937678 0.096874
v -0.095236 0.940171 0.095236
v -0.086150 0.941893 0.070701
v -0.084404 0.940796 0.069269
v -0.070701 0.941893 0.086150
v -0.069269 0.940796 0.084404
v -0.078805 0.941893 0.078805
v -0.077208 0.940796 0.077208
v -0.118949 0.911875 0.063580
v -0.120513 0.925329 0.064415
v -0.120456 0.925393 0.064527
v -0.122814 0.922126 0.058564
v -0.124608 0.911875 0.051614
v -0.125719 0.921000 0.052075
v -0.125719 0.921000 0.052075
v -0.128254 0.922126 0.045431
v -0.130803 0.925393 0.039547
v -0.129067 0.911875 0.039152
v -0.130764 0.925329 0.039667
v -0.120574 0.895000 0.036576
v -0.111122 0.895000 0.059396
v -0.116409 0.895000 0.048218
v -0.132283 0.911875 0.026313
v -0.123579 0.895000 0.024581
v -0.134226 0.911875 0.013220
v -0.125393 0.895000 0.012350
v -0.103422 0.863499 0.031373
v -0.105999 0.863499 0.021085
v -0.107555 0.863499 0.010593
v -0.086424 0.826050 0.035798
v -0.077780 0.826050 0.051971
v -0.072311 0.826050 0.059344
v -0.082499 0.826050 0.044097
v -0.095314 0.863499 0.050947
v -0.089862 0.863499 0.060044
v -0.099849 0.863499 0.041359
v -0.085153 0.925393 0.049904
v -0.085945 0.923371 0.045938
v -0.086216 0.922126 0.043405
v -0.088350 0.920667 0.036596
v -0.088558 0.921000 0.036682
v -0.088558 0.921000 0.036682
v -0.079513 0.920667 0.053129
v -0.073923 0.920667 0.060667
v -0.084338 0.920667 0.045079
v -0.089517 0.826050 0.027155
v -0.091748 0.826050 0.018250
v -0.093095 0.826050 0.009169
v -0.093255 0.923371 0.028289
v -0.095500 0.925393 0.024924
v -0.093792 0.920667 0.018656
v -0.091656 0.922126 0.030272
v -0.091512 0.920667 0.027760
v -0.095169 0.920667 0.009373
v -0.069325 0.910667 0.028715
v -0.071806 0.910667 0.021782
v -0.073595 0.910667 0.014639
v -0.074676 0.910667 0.007355
v -0.119421 0.928000 0.066921
v -0.131764 0.928000 0.037123
v -0.132373 0.930481 0.034690
v -0.133206 0.937678 0.031364
v -0.133175 0.936893 0.031486
v -0.131143 0.940171 0.030083
v -0.134368 0.928000 0.026727
v -0.134368 0.937678 0.026727
v -0.132097 0.940171 0.026276
v -0.134036 0.940171 0.013201
v -0.113688 0.941562 0.022614
v -0.109446 0.941893 0.020800
v -0.107271 0.940796 0.020087
v -0.102615 0.934022 0.020411
v -0.104676 0.936893 0.019682
v -0.110911 0.941893 0.010924
v -0.108663 0.940796 0.010702
v -0.096379 0.941562 0.064399
v -0.092098 0.941893 0.062682
v -0.090056 0.940796 0.061648
v -0.087934 0.936893 0.060100
v -0.086993 0.934022 0.058127
v -0.085706 0.930481 0.055641
v -0.099947 0.930481 0.021259
v -0.063580 0.911875 0.118949
v -0.064415 0.925329 0.120513
v -0.064527 0.925393 0.120456
v -0.058564 0.922126 0.122814
v -0.051614 0.911875 0.124608
v -0.052075 0.921000 0.125719
v -0.052075 0.921000 0.125719
v -0.059396 0.895000 0.111122
v -0.045431 0.922126 0.128254
v -0.039547 0.925393 0.130803
v -0.039152 0.911875 0.129067
v -0.039667 0.925329 0.130764
v -0.036576 0.895000 0.120574
v -0.048218 0.895000 0.116409
v -0.059344 0.826050 0.072311
v -0.051971 0.826050 0.077780
v -0.035798 0.826050 0.086424
v -0.044097 0.826050 0.082499
v -0.060044 0.863499 0.089862
v -0.050947 0.863499 0.095314
v -0.060667 0.920667 0.073923
v -0.053129 0.920667 0.079513
v -0.041359 0.863499 0.099849
v -0.049904 0.925393 0.085153
v -0.045938 0.923371 0.085945
v -0.043405 0.922126 0.086216
v -0.036596 0.920667 0.088350
v -0.036682 0.921000 0.088558
v -0.036682 0.921000 0.088558
v -0.045079 0.920667 0.084338
v -0.026313 0.911875 0.132283
v -0.024581 0.895000 0.123579
v -0.031373 0.863499 0.103422
v -0.021085 0.863499 0.105999
v -0.013220 0.911875 0.134226
v -0.012350 0.895000 0.125393
v -0.010593 0.863499 0.107555
v -0.027155 0.826050 0.089517
v -0.018250 0.826050 0.091748
v -0.009169 0.826050 0.093095
v -0.028289 0.923371 0.093255
v -0.030272 0.922126 0.091656
v -0.027760 0.920667 0.091512
v -0.024924 0.925393 0.095500
v -0.018656 0.920667 0.093792
v -0.028715 0.910667 0.069325
v -0.021782 0.910667 0.071806
v -0.009373 0.920667 0.095169
v -0.014639 0.910667 0.073595
v -0.007355 0.910667 0.074676
v -0.066921 0.928000 0.119421
v -0.037123 0.928000 0.131764
v -0.034690 0.930481 0.132373
v -0.064399 0.941562 0.096380
v -0.062682 0.941893 0.092098
v -0.061648 0.940796 0.090056
v -0.060100 0.936893 0.087934
v -0.058127 0.934022 0.086993
v -0.055641 0.930481 0.085706
v -0.031364 0.937678 0.133206
v -0.031487 0.936893 0.133175
v -0.030083 0.940171 0.131143
v -0.026727 0.928000 0.134368
v -0.026727 0.937678 0.134368
v -0.026276 0.940171 0.132097
v -0.022614 0.941562 0.113687
v -0.020800 0.941893 0.109446
v -0.020087 0.940796 0.107271
v -0.020411 0.934022 0.102615
v -0.019682 0.936893 0.104676
v -0.013201 0.940171 0.134036
v -0.010924 0.941893 0.110911
v -0.010702 0.940796 0.108663
v -0.021259 0.930481 0.099947
v -0.066146 0.826050 0.066146
v -0.053059 0.910667 0.053059
v -0.066177 0.910667 0.035372
v -0.062391 0.910667 0.041688
v -0.058004 0.910667 0.047603
v -0.047603 0.910667 0.058004
v -0.041688 0.910667 0.062391
v -0.035372 0.910667 0.066177
v -0.036770 0.912000 0.036770
v -0.051001 0.912000 0.010145
v -0.051750 0.912000 0.005097
v -0.043236 0.912000 0.028890
v -0.048042 0.912000 0.019900
v -0.045860 0.912000 0.024513
v -0.040197 0.912000 0.032988
v -0.035342 0.922741 0.018891
v -0.049761 0.912000 0.015095
v -0.038348 0.922741 0.011633
v -0.037024 0.922741 0.015336
v -0.039304 0.922741 0.007818
v -0.039881 0.922741 0.003928
v -0.028890 0.912000 0.043236
v -0.032988 0.912000 0.040197
v -0.024513 0.912000 0.045860
v -0.019900 0.912000 0.048042
v -0.018891 0.922741 0.035342
v -0.010145 0.912000 0.051001
v -0.005097 0.912000 0.051750
v -0.015095 0.912000 0.049761
v -0.015336 0.922741 0.037024
v -0.011633 0.922741 0.038348
v -0.007818 0.922741 0.039304
v -0.003928 0.922741 0.039881
v -0.030978 0.922741 0.025423
v -0.025423 0.922741 0.030978
v -0.028337 0.922741 0.028337
v -0.033320 0.922741 0.022264
v -0.022264 0.922741 0.033320
v -0.033914 1.019350 0.027832
v -0.035681 1.006281 0.023841
v -0.037846 1.006281 0.020229
v -0.038692 1.019350 0.020681
v -0.036478 1.019350 0.024374
v -0.034041 1.032121 0.022745
v -0.036106 1.032121 0.019299
v -0.043029 1.019350 0.008559
v -0.042707 1.006281 0.004206
v -0.043661 1.019350 0.004300
v -0.039647 1.006281 0.016422
v -0.041065 1.006281 0.012457
v -0.035244 0.994075 0.014599
v -0.036506 0.994075 0.011074
v -0.040533 1.019350 0.016789
v -0.041983 1.019350 0.012735
v -0.042089 1.006281 0.008372
v -0.037415 0.994075 0.007442
v -0.037965 0.994075 0.003739
v -0.039177 1.032121 0.011884
v -0.037824 1.032121 0.015667
v -0.040154 1.032121 0.007987
v -0.040743 1.032121 0.004013
v -0.034212 1.043463 0.003370
v -0.027832 1.019350 0.033914
v -0.023841 1.006281 0.035681
v -0.020229 1.006281 0.037846
v -0.024374 1.019350 0.036478
v -0.020681 1.019350 0.038692
v -0.022745 1.032121 0.034041
v -0.019299 1.032121 0.036106
v -0.008559 1.019350 0.043029
v -0.016422 1.006281 0.039647
v -0.014599 0.994075 0.035244
v -0.012457 1.006281 0.041065
v -0.011074 0.994075 0.036506
v -0.016789 1.019350 0.040533
v -0.012735 1.019350 0.041983
v -0.004206 1.006281 0.042707
v -0.004300 1.019350 0.043661
v -0.008372 1.006281 0.042089
v -0.007442 0.994075 0.037415
v -0.003739 0.994075 0.037965
v -0.015667 1.032121 0.037824
v -0.011884 1.032121 0.039177
v -0.007987 1.032121 0.040154
v -0.004013 1.032121 0.040743
v -0.003370 1.043463 0.034212
v -0.027100 0.940593 0.018107
v -0.018107 0.940593 0.027100
v -0.023046 0.940593 0.023046
v -0.025194 0.940593 0.020677
v -0.020677 0.940593 0.025194
v -0.025846 0.985179 0.017270
v -0.017270 0.985179 0.025846
v -0.021213 0.962000 0.021213
v -0.023190 0.962000 0.019032
v -0.019032 0.962000 0.023190
v -0.021213 0.982069 0.021213
v -0.021980 0.985179 0.021980
v -0.021405 0.983719 0.021405
v -0.024028 0.985179 0.019720
v -0.023400 0.983719 0.019204
v -0.023190 0.982069 0.019032
v -0.019720 0.985179 0.024028
v -0.019204 0.983719 0.023400
v -0.019032 0.982069 0.023190
v -0.030112 0.940593 0.012473
v -0.031189 0.940593 0.009461
v -0.028744 0.940593 0.015364
v -0.031966 0.940593 0.006358
v -0.032436 0.940593 0.003195
v -0.026458 0.962000 0.014142
v -0.027716 0.962000 0.011481
v -0.028708 0.962000 0.008709
v -0.029746 0.985179 0.009023
v -0.026458 0.982069 0.014142
v -0.027414 0.985179 0.014653
v -0.026697 0.983719 0.014270
v -0.028718 0.985179 0.011895
v -0.027716 0.982069 0.011481
v -0.027967 0.983719 0.011584
v -0.028708 0.982069 0.008709
v -0.028968 0.983719 0.008787
v -0.029856 0.962000 0.002941
v -0.029424 0.962000 0.005853
v -0.030487 0.985179 0.006064
v -0.029689 0.983719 0.005906
v -0.030935 0.985179 0.003047
v -0.029856 0.982069 0.002941
v -0.030125 0.983719 0.002967
v -0.029424 0.982069 0.005853
v -0.024944 0.962000 0.016667
v -0.024944 0.982069 0.016667
v -0.025169 0.983719 0.016818
v -0.015364 0.940593 0.028744
v -0.012473 0.940593 0.030112
v -0.009461 0.940593 0.031189
v -0.006358 0.940593 0.031966
v -0.003195 0.940593 0.032436
v -0.014142 0.962000 0.026458
v -0.011481 0.962000 0.027716
v -0.008709 0.962000 0.028708
v -0.014142 0.982069 0.026458
v -0.014653 0.985179 0.027414
v -0.014270 0.983719 0.026697
v -0.009023 0.985179 0.029746
v -0.011895 0.985179 0.028718
v -0.011481 0.982069 0.027716
v -0.011584 0.983719 0.027967
v -0.008709 0.982069 0.028708
v -0.008787 0.983719 0.028968
v -0.016667 0.962000 0.024944
v -0.016667 0.982069 0.024944
v -0.016818 0.983719 0.025169
v -0.005853 0.962000 0.029424
v -0.002941 0.962000 0.029856
v -0.006064 0.985179 0.030487
v -0.005906 0.983719 0.029689
v -0.005853 0.982069 0.029424
v -0.003047 0.985179 0.030935
v -0.002941 0.982069 0.029856
v -0.002967 0.983719 0.030125
v -0.030344 1.006281 0.030344
v -0.033172 1.006281 0.027224
v -0.027224 1.006281 0.033172
v -0.026975 0.994075 0.026975
v -0.031022 1.019350 0.031022
v -0.031719 0.994075 0.021194
v -0.033644 0.994075 0.017983
v -0.029489 0.994075 0.024201
v -0.021194 0.994075 0.031719
v -0.024201 0.994075 0.029489
v -0.017983 0.994075 0.033644
v -0.031647 1.032121 0.025972
v -0.025972 1.032121 0.031647
v -0.028949 1.032121 0.028949
v -0.026574 1.043463 0.021809
v -0.028584 1.043463 0.019099
v -0.021809 1.043463 0.026574
v -0.019099 1.043463 0.028584
v -0.024309 1.043463 0.024309
v -0.017512 1.052368 0.017512
v -0.031761 1.043463 0.013156
v -0.030318 1.043463 0.016205
v -0.032897 1.043463 0.009979
v -0.033717 1.043463 0.006707
v -0.021841 1.052368 0.011674
v -0.022880 1.052368 0.009477
v -0.019144 1.052368 0.015711
v -0.020592 1.052368 0.013759
v -0.023699 1.052368 0.007189
v -0.024290 1.052368 0.004832
v -0.024646 1.052368 0.002427
v -0.016205 1.043463 0.030318
v -0.013156 1.043463 0.031761
v -0.009979 1.043463 0.032897
v -0.015711 1.052368 0.019144
v -0.013759 1.052368 0.020592
v -0.011674 1.052368 0.021841
v -0.009477 1.052368 0.022880
v -0.006707 1.043463 0.033717
v -0.007189 1.052368 0.023699
v -0.004832 1.052368 0.024290
v -0.002427 1.052368 0.024646
v -0.009162 1.058049 0.009162
v -0.012708 1.058049 0.002528
v -0.012895 1.058049 0.001270
v -0.010774 1.058049 0.007199
v -0.011971 1.058049 0.004959
v -0.011427 1.058049 0.006108
v -0.010016 1.058049 0.008220
v -0.012399 1.058049 0.003761
v -0.007199 1.058049 0.010774
v -0.008220 1.058049 0.010016
v -0.006108 1.058049 0.011427
v -0.004959 1.058049 0.011971
v -0.002528 1.058049 0.012708
v -0.001270 1.058049 0.012895
v -0.003761 1.058049 0.012399
v -0.269268 0.016548 -0.000000
v -0.264600 0.011880 -0.000000
v -0.270000 0.018316 -0.000000
v -0.270000 0.035236 -0.000000
v -0.268697 0.037431 -0.000000
v -0.258120 0.043200 -0.000000
v -0.260815 0.050095 -0.000000
v -0.260960 0.059120 -0.000000
v -0.267971 0.016548 -0.026393
v -0.263326 0.011880 -0.025935
v -0.268700 0.018316 -0.026465
v -0.268700 0.035236 -0.026465
v -0.267403 0.037431 -0.026337
v -0.256877 0.043200 -0.025300
v -0.259559 0.050095 -0.025564
v -0.259703 0.059120 -0.025579
v -0.248400 0.000000 -0.000000
v -0.247204 0.000000 -0.024347
v -0.257985 0.068985 -0.000000
v -0.256743 0.068985 -0.025287
v -0.251320 0.078400 -0.000000
v -0.240395 0.086075 -0.000000
v -0.250110 0.078400 -0.024634
v -0.239237 0.086075 -0.023563
v -0.253160 0.043200 -0.050357
v -0.264094 0.016548 -0.052532
v -0.264812 0.018316 -0.052674
v -0.259516 0.011880 -0.051621
v -0.264812 0.035236 -0.052674
v -0.263534 0.037431 -0.052420
v -0.255803 0.050095 -0.050882
v -0.255946 0.059120 -0.050911
v -0.243627 0.000000 -0.048460
v -0.253028 0.068985 -0.050330
v -0.246491 0.078400 -0.049030
v -0.224640 0.090720 -0.000000
v -0.223558 0.090720 -0.022019
v -0.213840 0.092880 -0.000000
v -0.212810 0.092880 -0.020960
v -0.235776 0.086075 -0.046899
v -0.220324 0.090720 -0.043825
v -0.209731 0.092880 -0.041718
v -0.214967 0.090720 -0.065210
v -0.204632 0.092880 -0.062074
v -0.257673 0.016548 -0.078164
v -0.253206 0.011880 -0.076809
v -0.258374 0.018316 -0.078377
v -0.258374 0.035236 -0.078377
v -0.257127 0.037431 -0.077999
v -0.237704 0.000000 -0.072107
v -0.247005 0.043200 -0.074928
v -0.249584 0.050095 -0.075711
v -0.249723 0.059120 -0.075753
v -0.238472 0.043200 -0.098778
v -0.240962 0.050095 -0.099810
v -0.241096 0.059120 -0.099865
v -0.246876 0.068985 -0.074889
v -0.240498 0.078400 -0.072954
v -0.238347 0.068985 -0.098727
v -0.248771 0.016548 -0.103044
v -0.249447 0.018316 -0.103325
v -0.244459 0.011880 -0.101258
v -0.249447 0.035236 -0.103325
v -0.248244 0.037431 -0.102826
v -0.237473 0.016548 -0.126932
v -0.238119 0.018316 -0.127277
v -0.238119 0.035236 -0.127277
v -0.236970 0.037431 -0.126663
v -0.229492 0.000000 -0.095059
v -0.230044 0.086075 -0.069783
v -0.232189 0.078400 -0.096176
v -0.222096 0.086075 -0.091995
v -0.207540 0.090720 -0.085966
v -0.233356 0.011880 -0.124732
v -0.230018 0.050095 -0.122947
v -0.230146 0.059120 -0.123016
v -0.227642 0.043200 -0.121677
v -0.219069 0.000000 -0.117095
v -0.227522 0.068985 -0.121613
v -0.221644 0.078400 -0.118471
v -0.212009 0.086075 -0.113321
v -0.179118 0.097715 -0.000000
v -0.178256 0.097715 -0.017557
v -0.175676 0.097715 -0.034944
v -0.171405 0.097715 -0.051995
v -0.151565 0.105982 -0.000000
v -0.150836 0.105982 -0.014856
v -0.148653 0.105982 -0.029569
v -0.145039 0.105982 -0.043997
v -0.140028 0.105982 -0.058002
v -0.197562 0.092880 -0.081833
v -0.188590 0.092880 -0.100803
v -0.198115 0.090720 -0.105895
v -0.199881 0.086075 -0.133556
v -0.186781 0.090720 -0.124803
v -0.177801 0.092880 -0.118803
v -0.165484 0.097715 -0.068546
v -0.157968 0.097715 -0.084436
v -0.148931 0.097715 -0.099513
v -0.138460 0.097715 -0.113631
v -0.223888 0.016548 -0.149597
v -0.220007 0.011880 -0.147004
v -0.224497 0.018316 -0.150004
v -0.224497 0.035236 -0.150004
v -0.223414 0.037431 -0.149280
v -0.206537 0.000000 -0.138004
v -0.214619 0.043200 -0.143404
v -0.216860 0.050095 -0.144901
v -0.216980 0.059120 -0.144982
v -0.204539 0.011880 -0.167860
v -0.214507 0.068985 -0.143329
v -0.208965 0.078400 -0.139626
v -0.208147 0.016548 -0.170822
v -0.208713 0.018316 -0.171286
v -0.207706 0.037431 -0.170460
v -0.208713 0.035236 -0.171286
v -0.192016 0.000000 -0.157583
v -0.199529 0.043200 -0.163750
v -0.201613 0.050095 -0.165459
v -0.201725 0.059120 -0.165551
v -0.194273 0.078400 -0.159436
v -0.199425 0.068985 -0.163664
v -0.185828 0.086075 -0.152505
v -0.173649 0.090720 -0.142510
v -0.190401 0.016548 -0.190401
v -0.187100 0.011880 -0.187100
v -0.190919 0.018316 -0.190919
v -0.190919 0.035236 -0.190919
v -0.189998 0.037431 -0.189998
v -0.175645 0.000000 -0.175645
v -0.182518 0.043200 -0.182518
v -0.184424 0.050095 -0.184424
v -0.184527 0.059120 -0.184527
v -0.182423 0.068985 -0.182423
v -0.177710 0.078400 -0.177710
v -0.169985 0.086075 -0.169985
v -0.165301 0.092880 -0.135659
v -0.158844 0.090720 -0.158844
v -0.151208 0.092880 -0.151208
v -0.135659 0.092880 -0.165301
v -0.157583 0.000000 -0.192016
v -0.163750 0.043200 -0.199529
v -0.165459 0.050095 -0.201613
v -0.165551 0.059120 -0.201725
v -0.163664 0.068985 -0.199425
v -0.152505 0.086075 -0.185828
v -0.159436 0.078400 -0.194273
v -0.142510 0.090720 -0.173649
v -0.170822 0.016548 -0.208147
v -0.171286 0.018316 -0.208713
v -0.171286 0.035236 -0.208713
v -0.170460 0.037431 -0.207706
v -0.167860 0.011880 -0.204539
v -0.138004 0.000000 -0.206537
v -0.144901 0.050095 -0.216860
v -0.144982 0.059120 -0.216980
v -0.143404 0.043200 -0.214619
v -0.149597 0.016548 -0.223888
v -0.147004 0.011880 -0.220007
v -0.150004 0.018316 -0.224497
v -0.149280 0.037431 -0.223414
v -0.150004 0.035236 -0.224497
v -0.139626 0.078400 -0.208965
v -0.143329 0.068985 -0.214507
v -0.131190 0.117544 -0.000000
v -0.130558 0.117544 -0.012859
v -0.128669 0.117544 -0.025594
v -0.117999 0.132263 -0.000000
v -0.117431 0.132263 -0.011566
v -0.115731 0.132263 -0.023020
v -0.125541 0.117544 -0.038082
v -0.121204 0.117544 -0.050204
v -0.112918 0.132263 -0.034253
v -0.109017 0.132263 -0.045156
v -0.115699 0.117544 -0.061842
v -0.104066 0.132263 -0.055624
v -0.098112 0.132263 -0.065557
v -0.112000 0.150000 -0.000000
v -0.111461 0.150000 -0.010978
v -0.109848 0.150000 -0.021850
v -0.107177 0.150000 -0.032512
v -0.103475 0.150000 -0.042861
v -0.098775 0.150000 -0.052796
v -0.093125 0.150000 -0.062224
v -0.133669 0.105982 -0.071447
v -0.126022 0.105982 -0.084205
v -0.109080 0.117544 -0.072885
v -0.101411 0.117544 -0.083226
v -0.117162 0.105982 -0.096152
v -0.126656 0.097715 -0.126656
v -0.107173 0.105982 -0.107173
v -0.091214 0.132263 -0.074858
v -0.092765 0.117544 -0.092765
v -0.083438 0.132263 -0.083438
v -0.074858 0.132263 -0.091214
v -0.096152 0.105982 -0.117162
v -0.083226 0.117544 -0.101411
v -0.072885 0.117544 -0.109080
v -0.084205 0.105982 -0.126022
v -0.071447 0.105982 -0.133669
v -0.086577 0.150000 -0.071052
v -0.079196 0.150000 -0.079196
v -0.071052 0.150000 -0.086577
v -0.065557 0.132263 -0.098112
v -0.061842 0.117544 -0.115699
v -0.055624 0.132263 -0.104066
v -0.045156 0.132263 -0.109017
v -0.034253 0.132263 -0.112918
v -0.050204 0.117544 -0.121204
v -0.038082 0.117544 -0.125541
v -0.023020 0.132263 -0.115731
v -0.025594 0.117544 -0.128669
v -0.011566 0.132263 -0.117431
v -0.012859 0.117544 -0.130558
v -0.062224 0.150000 -0.093125
v -0.052796 0.150000 -0.098775
v -0.042861 0.150000 -0.103475
v -0.032512 0.150000 -0.107177
v -0.021850 0.150000 -0.109848
v -0.010978 0.150000 -0.111461
v -0.099047 0.274531 -0.000000
v -0.098570 0.274531 -0.009708
v -0.097144 0.274531 -0.019323
v -0.094782 0.274531 -0.028752
v -0.081875 0.388750 -0.000000
v -0.081481 0.388750 -0.008025
v -0.080302 0.388750 -0.015973
v -0.078349 0.388750 -0.023767
v -0.075643 0.388750 -0.031332
v -0.091507 0.274531 -0.037904
v -0.087352 0.274531 -0.046690
v -0.082354 0.274531 -0.055027
v -0.076564 0.274531 -0.062835
v -0.072207 0.388750 -0.038596
v -0.068077 0.388750 -0.045487
v -0.070037 0.274531 -0.070037
v -0.063290 0.388750 -0.051941
v -0.057894 0.388750 -0.057894
v -0.051941 0.388750 -0.063290
v -0.066016 0.486094 -0.000000
v -0.065698 0.486094 -0.006471
v -0.064747 0.486094 -0.012879
v -0.063173 0.486094 -0.019163
v -0.060990 0.486094 -0.025263
v -0.058221 0.486094 -0.031120
v -0.054890 0.486094 -0.036676
v -0.051031 0.486094 -0.041880
v -0.046680 0.486094 -0.046680
v -0.041880 0.486094 -0.051031
v -0.036676 0.486094 -0.054890
v -0.031120 0.486094 -0.058221
v -0.025263 0.486094 -0.060990
v -0.019163 0.486094 -0.063173
v -0.012879 0.486094 -0.064747
v -0.006471 0.486094 -0.065698
v -0.062835 0.274531 -0.076564
v -0.055027 0.274531 -0.082354
v -0.046690 0.274531 -0.087352
v -0.037904 0.274531 -0.091507
v -0.045487 0.388750 -0.068077
v -0.038596 0.388750 -0.072207
v -0.028752 0.274531 -0.094782
v -0.019323 0.274531 -0.097144
v -0.009708 0.274531 -0.098570
v -0.031332 0.388750 -0.075643
v -0.023767 0.388750 -0.078349
v -0.015973 0.388750 -0.080302
v -0.008025 0.388750 -0.081481
v -0.113631 0.097715 -0.138460
v -0.118803 0.092880 -0.177801
v -0.133556 0.086075 -0.199881
v -0.124803 0.090720 -0.186781
v -0.105895 0.090720 -0.198115
v -0.099513 0.097715 -0.148931
v -0.084436 0.097715 -0.157968
v -0.068546 0.097715 -0.165484
v -0.100803 0.092880 -0.188590
v -0.081833 0.092880 -0.197562
v -0.124732 0.011880 -0.233356
v -0.121677 0.043200 -0.227642
v -0.122947 0.050095 -0.230018
v -0.123016 0.059120 -0.230146
v -0.117095 0.000000 -0.219069
v -0.118471 0.078400 -0.221644
v -0.121613 0.068985 -0.227522
v -0.113321 0.086075 -0.212009
v -0.126932 0.016548 -0.237473
v -0.127277 0.018316 -0.238119
v -0.127277 0.035236 -0.238119
v -0.126663 0.037431 -0.236970
v -0.101258 0.011880 -0.244459
v -0.103044 0.016548 -0.248771
v -0.103325 0.018316 -0.249447
v -0.102826 0.037431 -0.248244
v -0.103325 0.035236 -0.249447
v -0.095059 0.000000 -0.229492
v -0.085966 0.090720 -0.207540
v -0.096176 0.078400 -0.232189
v -0.091995 0.086075 -0.222096
v -0.069783 0.086075 -0.230044
v -0.098778 0.043200 -0.238472
v -0.099810 0.050095 -0.240962
v -0.099865 0.059120 -0.241096
v -0.072107 0.000000 -0.237704
v -0.074928 0.043200 -0.247005
v -0.075711 0.050095 -0.249584
v -0.075753 0.059120 -0.249723
v -0.076809 0.011880 -0.253206
v -0.078164 0.016548 -0.257673
v -0.078377 0.018316 -0.258374
v -0.077999 0.037431 -0.257127
v -0.078377 0.035236 -0.258374
v -0.098727 0.068985 -0.238347
v -0.072954 0.078400 -0.240498
v -0.074889 0.068985 -0.246876
v -0.058002 0.105982 -0.140028
v -0.043997 0.105982 -0.145039
v -0.051995 0.097715 -0.171405
v -0.034944 0.097715 -0.175676
v -0.029569 0.105982 -0.148653
v -0.014856 0.105982 -0.150836
v -0.017557 0.097715 -0.178256
v -0.062074 0.092880 -0.204632
v -0.065210 0.090720 -0.214967
v -0.041718 0.092880 -0.209731
v -0.043825 0.090720 -0.220324
v -0.046899 0.086075 -0.235776
v -0.051621 0.011880 -0.259516
v -0.052532 0.016548 -0.264094
v -0.052674 0.018316 -0.264812
v -0.050882 0.050095 -0.255803
v -0.050911 0.059120 -0.255946
v -0.052420 0.037431 -0.263534
v -0.052674 0.035236 -0.264812
v -0.048460 0.000000 -0.243627
v -0.050357 0.043200 -0.253160
v -0.049030 0.078400 -0.246491
v -0.050330 0.068985 -0.253028
v -0.020960 0.092880 -0.212810
v -0.022019 0.090720 -0.223558
v -0.024347 0.000000 -0.247204
v -0.025935 0.011880 -0.263326
v -0.026393 0.016548 -0.267971
v -0.026465 0.018316 -0.268700
v -0.025564 0.050095 -0.259559
v -0.025579 0.059120 -0.259703
v -0.026337 0.037431 -0.267403
v -0.026465 0.035236 -0.268700
v -0.025300 0.043200 -0.256877
v -0.023563 0.086075 -0.239237
v -0.024634 0.078400 -0.250110
v -0.025287 0.068985 -0.256743
v -0.137000 0.928000 -0.000000
v -0.137000 0.937678 -0.000000
v -0.136340 0.928000 -0.013428
v -0.136340 0.937678 -0.013428
v -0.118661 0.562331 -0.000000
v -0.120000 0.564219 -0.000000
v -0.120000 0.589781 -0.000000
v -0.118661 0.591669 -0.000000
v -0.119422 0.564219 -0.011762
v -0.119422 0.589781 -0.011762
v -0.112000 0.560000 -0.000000
v -0.118089 0.562331 -0.011631
v -0.111461 0.560000 -0.010978
v -0.112000 0.594000 -0.000000
v -0.118089 0.591669 -0.011631
v -0.111461 0.594000 -0.010978
v -0.116381 0.562331 -0.023150
v -0.109848 0.560000 -0.021850
v -0.107177 0.560000 -0.032512
v -0.117694 0.564219 -0.023411
v -0.116381 0.591669 -0.023150
v -0.117694 0.589781 -0.023411
v -0.109848 0.594000 -0.021850
v -0.107177 0.594000 -0.032512
v -0.113551 0.562331 -0.034445
v -0.109628 0.562331 -0.045409
v -0.103475 0.560000 -0.042861
v -0.114833 0.564219 -0.034834
v -0.114833 0.589781 -0.034834
v -0.113551 0.591669 -0.034445
v -0.110866 0.564219 -0.045922
v -0.110866 0.589781 -0.045922
v -0.109628 0.591669 -0.045409
v -0.103475 0.594000 -0.042861
v -0.104649 0.562331 -0.055936
v -0.105831 0.564219 -0.056568
v -0.105831 0.589781 -0.056568
v -0.104649 0.591669 -0.055936
v -0.100000 0.606879 -0.000000
v -0.098125 0.604883 -0.000000
v -0.100000 0.614199 -0.000000
v -0.098209 0.616188 -0.000000
v -0.099518 0.606879 -0.009802
v -0.097652 0.604883 -0.009618
v -0.099518 0.614199 -0.009802
v -0.097736 0.616188 -0.009626
v -0.098079 0.606879 -0.019509
v -0.096239 0.604883 -0.019143
v -0.098079 0.614199 -0.019509
v -0.096322 0.616188 -0.019160
v -0.095694 0.606879 -0.029028
v -0.093900 0.604883 -0.028484
v -0.095694 0.614199 -0.029028
v -0.093981 0.616188 -0.028509
v -0.069662 0.599081 -0.000000
v -0.069671 0.603104 -0.000000
v -0.068739 0.599377 -0.000000
v -0.068185 0.600002 -0.000000
v -0.068000 0.600954 -0.000000
v -0.068000 0.601326 -0.000000
v -0.069327 0.599081 -0.006828
v -0.068408 0.599377 -0.006738
v -0.067856 0.600002 -0.006683
v -0.069335 0.603104 -0.006829
v -0.067673 0.600954 -0.006665
v -0.067673 0.601326 -0.006665
v -0.068324 0.599081 -0.013590
v -0.068332 0.603104 -0.013592
v -0.098775 0.560000 -0.052796
v -0.098663 0.562331 -0.065924
v -0.093125 0.560000 -0.062224
v -0.098775 0.594000 -0.052796
v -0.099776 0.564219 -0.066668
v -0.099776 0.589781 -0.066668
v -0.098663 0.591669 -0.065924
v -0.093125 0.594000 -0.062224
v -0.090655 0.604883 -0.037551
v -0.092388 0.606879 -0.038268
v -0.090734 0.616188 -0.037583
v -0.092388 0.614199 -0.038268
v -0.086538 0.604883 -0.046256
v -0.088192 0.606879 -0.047140
v -0.086613 0.616188 -0.046296
v -0.088192 0.614199 -0.047140
v -0.081588 0.604883 -0.054515
v -0.083147 0.606879 -0.055557
v -0.081658 0.616188 -0.054562
v -0.083147 0.614199 -0.055557
v -0.077301 0.606879 -0.063439
v -0.077301 0.614199 -0.063439
v -0.075851 0.604883 -0.062250
v -0.075917 0.616188 -0.062303
v -0.067516 0.698134 -0.000000
v -0.073545 0.741356 -0.000000
v -0.073191 0.741356 -0.007209
v -0.072132 0.741356 -0.014348
v -0.082128 0.784665 -0.000000
v -0.081733 0.784665 -0.008050
v -0.080550 0.784665 -0.016022
v -0.070378 0.741356 -0.021349
v -0.067947 0.741356 -0.028145
v -0.078592 0.784665 -0.023841
v -0.075877 0.784665 -0.031429
v -0.072431 0.784665 -0.038715
v -0.068287 0.784665 -0.045628
v -0.091726 0.562331 -0.075278
v -0.086577 0.560000 -0.071052
v -0.091726 0.591669 -0.075278
v -0.086577 0.594000 -0.071052
v -0.092761 0.564219 -0.076127
v -0.092761 0.589781 -0.076127
v -0.084853 0.564219 -0.084853
v -0.084853 0.589781 -0.084853
v -0.083906 0.562331 -0.083906
v -0.079196 0.560000 -0.079196
v -0.083906 0.591669 -0.083906
v -0.079196 0.594000 -0.079196
v -0.075278 0.562331 -0.091726
v -0.071052 0.560000 -0.086577
v -0.076127 0.564219 -0.092761
v -0.076127 0.589781 -0.092761
v -0.075278 0.591669 -0.091726
v -0.071052 0.594000 -0.086577
v -0.070711 0.606879 -0.070711
v -0.069385 0.604883 -0.069385
v -0.070711 0.614199 -0.070711
v -0.069445 0.616188 -0.069445
v -0.061518 0.560000 -0.000000
v -0.059575 0.559720 -0.000000
v -0.061221 0.560000 -0.006030
v -0.059288 0.559720 -0.005839
v -0.060336 0.560000 -0.012001
v -0.058266 0.558879 -0.000000
v -0.057547 0.555516 -0.000000
v -0.057590 0.557478 -0.000000
v -0.057270 0.555516 -0.005641
v -0.057986 0.558879 -0.005711
v -0.057313 0.557478 -0.005645
v -0.057147 0.558879 -0.011367
v -0.058431 0.559720 -0.011623
v -0.056441 0.555516 -0.011227
v -0.056483 0.557478 -0.011235
v -0.055069 0.555516 -0.016705
v -0.055110 0.557478 -0.016718
v -0.058869 0.560000 -0.017858
v -0.057010 0.559720 -0.017294
v -0.055757 0.558879 -0.016914
v -0.055040 0.559720 -0.022798
v -0.056835 0.560000 -0.023542
v -0.053831 0.558879 -0.022297
v -0.053167 0.555516 -0.022022
v -0.053206 0.557478 -0.022039
v -0.054254 0.560000 -0.028999
v -0.050752 0.555516 -0.027127
v -0.050790 0.557478 -0.027148
v -0.051386 0.558879 -0.027466
v -0.052541 0.559720 -0.028084
v -0.049535 0.559720 -0.033098
v -0.047849 0.555516 -0.031971
v -0.048447 0.558879 -0.032371
v -0.047884 0.557478 -0.031995
v -0.064348 0.619753 -0.000000
v -0.064038 0.619753 -0.006307
v -0.062112 0.622358 -0.000000
v -0.061813 0.622358 -0.006088
v -0.067418 0.599377 -0.013410
v -0.066875 0.600002 -0.013302
v -0.066693 0.600954 -0.013266
v -0.066693 0.601326 -0.013266
v -0.063111 0.619753 -0.012554
v -0.060919 0.622358 -0.012117
v -0.063761 0.657012 -0.000000
v -0.063454 0.657012 -0.006250
v -0.062536 0.657012 -0.012439
v -0.066662 0.599081 -0.020222
v -0.065779 0.599377 -0.019954
v -0.066671 0.603104 -0.020224
v -0.065249 0.600002 -0.019793
v -0.065072 0.600954 -0.019739
v -0.065072 0.601326 -0.019739
v -0.061577 0.619753 -0.018679
v -0.059438 0.622358 -0.018030
v -0.059449 0.619753 -0.024625
v -0.064359 0.599081 -0.026659
v -0.063506 0.599377 -0.026305
v -0.064367 0.603104 -0.026662
v -0.062994 0.600002 -0.026093
v -0.062824 0.600954 -0.026022
v -0.062824 0.601326 -0.026022
v -0.061436 0.599081 -0.032838
v -0.061444 0.603104 -0.032843
v -0.060134 0.600002 -0.032142
v -0.060622 0.599377 -0.032403
v -0.059971 0.600954 -0.032055
v -0.059971 0.601326 -0.032055
v -0.057384 0.622358 -0.023769
v -0.056750 0.619753 -0.030333
v -0.054778 0.622358 -0.029279
v -0.061015 0.657012 -0.018509
v -0.058907 0.657012 -0.024400
v -0.056232 0.657012 -0.030057
v -0.051150 0.560000 -0.034177
v -0.047554 0.560000 -0.039026
v -0.044484 0.555516 -0.036507
v -0.044518 0.557478 -0.036535
v -0.045040 0.558879 -0.036964
v -0.046052 0.559720 -0.037794
v -0.043500 0.560000 -0.043500
v -0.041200 0.558879 -0.041200
v -0.040692 0.555516 -0.040692
v -0.040722 0.557478 -0.040722
v -0.042126 0.559720 -0.042126
v -0.039026 0.560000 -0.047554
v -0.036964 0.558879 -0.045040
v -0.036507 0.555516 -0.044484
v -0.036535 0.557478 -0.044518
v -0.037794 0.559720 -0.046052
v -0.034177 0.560000 -0.051150
v -0.056693 0.600002 -0.037881
v -0.056540 0.600954 -0.037779
v -0.056540 0.601326 -0.037779
v -0.057922 0.599081 -0.038702
v -0.057154 0.599377 -0.038189
v -0.057929 0.603104 -0.038707
v -0.053503 0.619753 -0.035750
v -0.051644 0.622358 -0.034508
v -0.053850 0.599081 -0.044193
v -0.053136 0.599377 -0.043607
v -0.053856 0.603104 -0.044199
v -0.052707 0.600002 -0.043256
v -0.052565 0.600954 -0.043139
v -0.052565 0.601326 -0.043139
v -0.053015 0.657012 -0.035424
v -0.049741 0.619753 -0.040822
v -0.048013 0.622358 -0.039404
v -0.049259 0.599081 -0.049259
v -0.048606 0.599377 -0.048606
v -0.049265 0.603104 -0.049265
v -0.048214 0.600002 -0.048214
v -0.048083 0.600954 -0.048083
v -0.048083 0.601326 -0.048083
v -0.045501 0.619753 -0.045501
v -0.043920 0.622358 -0.043920
v -0.040822 0.619753 -0.049741
v -0.039404 0.622358 -0.048013
v -0.049288 0.657012 -0.040450
v -0.045086 0.657012 -0.045086
v -0.040450 0.657012 -0.049288
v -0.043256 0.600002 -0.052707
v -0.043139 0.600954 -0.052565
v -0.043139 0.601326 -0.052565
v -0.043607 0.599377 -0.053136
v -0.044193 0.599081 -0.053850
v -0.044199 0.603104 -0.053856
v -0.038702 0.599081 -0.057922
v -0.038189 0.599377 -0.057154
v -0.038707 0.603104 -0.057929
v -0.037881 0.600002 -0.056693
v -0.037779 0.600954 -0.056540
v -0.037779 0.601326 -0.056540
v -0.035750 0.619753 -0.053503
v -0.034508 0.622358 -0.051644
v -0.035424 0.657012 -0.053015
v -0.031971 0.555516 -0.047849
v -0.032371 0.558879 -0.048447
v -0.031995 0.557478 -0.047884
v -0.033098 0.559720 -0.049535
v -0.027466 0.558879 -0.051386
v -0.028084 0.559720 -0.052541
v -0.028999 0.560000 -0.054254
v -0.027127 0.555516 -0.050752
v -0.027148 0.557478 -0.050790
v -0.022297 0.558879 -0.053831
v -0.022022 0.555516 -0.053167
v -0.022039 0.557478 -0.053206
v -0.023542 0.560000 -0.056835
v -0.022798 0.559720 -0.055040
v -0.016914 0.558879 -0.055757
v -0.017294 0.559720 -0.057010
v -0.017858 0.560000 -0.058869
v -0.016705 0.555516 -0.055069
v -0.016718 0.557478 -0.055110
v -0.011227 0.555516 -0.056441
v -0.011235 0.557478 -0.056483
v -0.011367 0.558879 -0.057147
v -0.011623 0.559720 -0.058431
v -0.012001 0.560000 -0.060336
v -0.005641 0.555516 -0.057270
v -0.005645 0.557478 -0.057313
v -0.005711 0.558879 -0.057986
v -0.005839 0.559720 -0.059288
v -0.006030 0.560000 -0.061221
v -0.030333 0.619753 -0.056750
v -0.029279 0.622358 -0.054778
v -0.032403 0.599377 -0.060622
v -0.032142 0.600002 -0.060134
v -0.032055 0.600954 -0.059971
v -0.032055 0.601326 -0.059971
v -0.032838 0.599081 -0.061436
v -0.032843 0.603104 -0.061444
v -0.026093 0.600002 -0.062994
v -0.026022 0.600954 -0.062824
v -0.026022 0.601326 -0.062824
v -0.026659 0.599081 -0.064359
v -0.026305 0.599377 -0.063506
v -0.026662 0.603104 -0.064367
v -0.023769 0.622358 -0.057384
v -0.019793 0.600002 -0.065249
v -0.019739 0.600954 -0.065072
v -0.019739 0.601326 -0.065072
v -0.020222 0.599081 -0.066662
v -0.019954 0.599377 -0.065779
v -0.020224 0.603104 -0.066671
v -0.024625 0.619753 -0.059449
v -0.018679 0.619753 -0.061577
v -0.018030 0.622358 -0.059438
v -0.030057 0.657012 -0.056232
v -0.024400 0.657012 -0.058907
v -0.018509 0.657012 -0.061015
v -0.013302 0.600002 -0.066875
v -0.013410 0.599377 -0.067418
v -0.013266 0.600954 -0.066693
v -0.013266 0.601326 -0.066693
v -0.012554 0.619753 -0.063111
v -0.012117 0.622358 -0.060919
v -0.006088 0.622358 -0.061813
v -0.006307 0.619753 -0.064038
v -0.012439 0.657012 -0.062536
v -0.006250 0.657012 -0.063454
v -0.067191 0.698134 -0.006618
v -0.066219 0.698134 -0.013172
v -0.064609 0.698134 -0.019599
v -0.062377 0.698134 -0.025837
v -0.059544 0.698134 -0.031827
v -0.056138 0.698134 -0.037510
v -0.052191 0.698134 -0.042832
v -0.047741 0.698134 -0.047741
v -0.042832 0.698134 -0.052191
v -0.037510 0.698134 -0.056138
v -0.064861 0.741356 -0.034669
v -0.061151 0.741356 -0.040860
v -0.056851 0.741356 -0.046657
v -0.052004 0.741356 -0.052004
v -0.063486 0.784665 -0.052102
v -0.058073 0.784665 -0.058073
v -0.052102 0.784665 -0.063486
v -0.046657 0.741356 -0.056851
v -0.040860 0.741356 -0.061151
v -0.034669 0.741356 -0.064861
v -0.031827 0.698134 -0.059544
v -0.025837 0.698134 -0.062377
v -0.019599 0.698134 -0.064609
v -0.013172 0.698134 -0.066219
v -0.006618 0.698134 -0.067191
v -0.065924 0.562331 -0.098663
v -0.062224 0.560000 -0.093125
v -0.052796 0.560000 -0.098775
v -0.066668 0.564219 -0.099776
v -0.065924 0.591669 -0.098663
v -0.066668 0.589781 -0.099776
v -0.062224 0.594000 -0.093125
v -0.052796 0.594000 -0.098775
v -0.062250 0.604883 -0.075851
v -0.062303 0.616188 -0.075917
v -0.063439 0.606879 -0.077301
v -0.063439 0.614199 -0.077301
v -0.055557 0.606879 -0.083147
v -0.054515 0.604883 -0.081588
v -0.055557 0.614199 -0.083147
v -0.054562 0.616188 -0.081658
v -0.047140 0.606879 -0.088192
v -0.046256 0.604883 -0.086538
v -0.047140 0.614199 -0.088192
v -0.046296 0.616188 -0.086613
v -0.038268 0.606879 -0.092388
v -0.037551 0.604883 -0.090655
v -0.038268 0.614199 -0.092388
v -0.037583 0.616188 -0.090734
v -0.055936 0.562331 -0.104649
v -0.056568 0.564219 -0.105831
v -0.055936 0.591669 -0.104649
v -0.056568 0.589781 -0.105831
v -0.042861 0.560000 -0.103475
v -0.045409 0.562331 -0.109628
v -0.034445 0.562331 -0.113551
v -0.042861 0.594000 -0.103475
v -0.045409 0.591669 -0.109628
v -0.045922 0.564219 -0.110866
v -0.045922 0.589781 -0.110866
v -0.034834 0.564219 -0.114833
v -0.034445 0.591669 -0.113551
v -0.034834 0.589781 -0.114833
v -0.028484 0.604883 -0.093900
v -0.029028 0.606879 -0.095694
v -0.028509 0.616188 -0.093981
v -0.029028 0.614199 -0.095694
v -0.019143 0.604883 -0.096239
v -0.019509 0.606879 -0.098079
v -0.019160 0.616188 -0.096322
v -0.019509 0.614199 -0.098079
v -0.013590 0.599081 -0.068324
v -0.013592 0.603104 -0.068332
v -0.006683 0.600002 -0.067856
v -0.006738 0.599377 -0.068408
v -0.006828 0.599081 -0.069327
v -0.006665 0.600954 -0.067673
v -0.006665 0.601326 -0.067673
v -0.006829 0.603104 -0.069335
v -0.009618 0.604883 -0.097652
v -0.009802 0.606879 -0.099518
v -0.009626 0.616188 -0.097736
v -0.009802 0.614199 -0.099518
v -0.032512 0.560000 -0.107177
v -0.021850 0.560000 -0.109848
v -0.023150 0.562331 -0.116381
v -0.032512 0.594000 -0.107177
v -0.023411 0.564219 -0.117694
v -0.021850 0.594000 -0.109848
v -0.023411 0.589781 -0.117694
v -0.023150 0.591669 -0.116381
v -0.010978 0.560000 -0.111461
v -0.011631 0.562331 -0.118089
v -0.010978 0.594000 -0.111461
v -0.011631 0.591669 -0.118089
v -0.011762 0.564219 -0.119422
v -0.011762 0.589781 -0.119422
v -0.045628 0.784665 -0.068287
v -0.038715 0.784665 -0.072431
v -0.028145 0.741356 -0.067947
v -0.021349 0.741356 -0.070378
v -0.031429 0.784665 -0.075877
v -0.023841 0.784665 -0.078592
v -0.014348 0.741356 -0.072132
v -0.007209 0.741356 -0.073191
v -0.016022 0.784665 -0.080550
v -0.008050 0.784665 -0.081733
v -0.134875 0.911875 -0.000000
v -0.134226 0.911875 -0.013220
v -0.126000 0.895000 -0.000000
v -0.125393 0.895000 -0.012350
v -0.132283 0.911875 -0.026313
v -0.123579 0.895000 -0.024581
v -0.108076 0.863499 -0.000000
v -0.107555 0.863499 -0.010593
v -0.105999 0.863499 -0.021085
v -0.103422 0.863499 -0.031373
v -0.130803 0.925393 -0.039547
v -0.129067 0.911875 -0.039152
v -0.130764 0.925329 -0.039667
v -0.128254 0.922126 -0.045431
v -0.120574 0.895000 -0.036576
v -0.124608 0.911875 -0.051614
v -0.125719 0.921000 -0.052075
v -0.125719 0.921000 -0.052075
v -0.122814 0.922126 -0.058564
v -0.118949 0.911875 -0.063580
v -0.120513 0.925329 -0.064415
v -0.120456 0.925393 -0.064527
v -0.116409 0.895000 -0.048218
v -0.111122 0.895000 -0.059396
v -0.093545 0.826050 -0.000000
v -0.093095 0.826050 -0.009169
v -0.091748 0.826050 -0.018250
v -0.089517 0.826050 -0.027155
v -0.095630 0.920667 -0.000000
v -0.095169 0.920667 -0.009373
v -0.093792 0.920667 -0.018656
v -0.095500 0.925393 -0.024924
v -0.093255 0.923371 -0.028289
v -0.091512 0.920667 -0.027760
v -0.091656 0.922126 -0.030272
v -0.075037 0.910667 -0.000000
v -0.074676 0.910667 -0.007355
v -0.073595 0.910667 -0.014639
v -0.071806 0.910667 -0.021782
v -0.069325 0.910667 -0.028715
v -0.086424 0.826050 -0.035798
v -0.082499 0.826050 -0.044097
v -0.077780 0.826050 -0.051971
v -0.072311 0.826050 -0.059344
v -0.099849 0.863499 -0.041359
v -0.088350 0.920667 -0.036596
v -0.088558 0.921000 -0.036682
v -0.088558 0.921000 -0.036682
v -0.086216 0.922126 -0.043405
v -0.085945 0.923371 -0.045938
v -0.085153 0.925393 -0.049904
v -0.095314 0.863499 -0.050947
v -0.089862 0.863499 -0.060044
v -0.084338 0.920667 -0.045079
v -0.079513 0.920667 -0.053129
v -0.073923 0.920667 -0.060667
v -0.134685 0.940171 -0.000000
v -0.134036 0.940171 -0.013201
v -0.134368 0.928000 -0.026727
v -0.134368 0.937678 -0.026727
v -0.132097 0.940171 -0.026276
v -0.133206 0.937678 -0.031364
v -0.133175 0.936893 -0.031487
v -0.131143 0.940171 -0.030083
v -0.111447 0.941893 -0.000000
v -0.110911 0.941893 -0.010924
v -0.109189 0.940796 -0.000000
v -0.108663 0.940796 -0.010702
v -0.113687 0.941562 -0.022614
v -0.109446 0.941893 -0.020800
v -0.107271 0.940796 -0.020087
v -0.102615 0.934022 -0.020411
v -0.104676 0.936893 -0.019682
v -0.132373 0.930481 -0.034690
v -0.131764 0.928000 -0.037123
v -0.119421 0.928000 -0.066921
v -0.099947 0.930481 -0.021259
v -0.096380 0.941562 -0.064399
v -0.086993 0.934022 -0.058127
v -0.085706 0.930481 -0.055641
v -0.092098 0.941893 -0.062682
v -0.090056 0.940796 -0.061648
v -0.087934 0.936893 -0.060100
v -0.112144 0.911875 -0.074933
v -0.104765 0.895000 -0.070002
v -0.104260 0.911875 -0.085564
v -0.097399 0.895000 -0.079934
v -0.095371 0.911875 -0.095371
v -0.089095 0.895000 -0.089095
v -0.083544 0.863499 -0.068563
v -0.076421 0.863499 -0.076421
v -0.068563 0.863499 -0.083544
v -0.067620 0.920667 -0.067620
v -0.079934 0.895000 -0.097399
v -0.085564 0.911875 -0.104260
v -0.070002 0.895000 -0.104765
v -0.074933 0.911875 -0.112144
v -0.118132 0.930481 -0.069072
v -0.114004 0.940171 -0.071461
v -0.116369 0.937678 -0.072013
v -0.116434 0.936893 -0.071905
v -0.111986 0.940171 -0.074827
v -0.113911 0.928000 -0.076113
v -0.113911 0.937678 -0.076113
v -0.105902 0.928000 -0.086912
v -0.105902 0.937678 -0.086912
v -0.104113 0.940171 -0.085443
v -0.084404 0.940796 -0.069269
v -0.086150 0.941893 -0.070701
v -0.096874 0.928000 -0.096874
v -0.096874 0.937678 -0.096874
v -0.095236 0.940171 -0.095236
v -0.078805 0.941893 -0.078805
v -0.077208 0.940796 -0.077208
v -0.070701 0.941893 -0.086150
v -0.069269 0.940796 -0.084404
v -0.085443 0.940171 -0.104113
v -0.086912 0.928000 -0.105902
v -0.086912 0.937678 -0.105902
v -0.076113 0.928000 -0.113911
v -0.076113 0.937678 -0.113911
v -0.074827 0.940171 -0.111986
v -0.072013 0.937678 -0.116369
v -0.071905 0.936893 -0.116434
v -0.071461 0.940171 -0.114004
v -0.069072 0.930481 -0.118132
v -0.052000 0.912000 -0.000000
v -0.051750 0.912000 -0.005097
v -0.051001 0.912000 -0.010145
v -0.049761 0.912000 -0.015095
v -0.040074 0.922741 -0.000000
v -0.039881 0.922741 -0.003928
v -0.039304 0.922741 -0.007818
v -0.038348 0.922741 -0.011633
v -0.037024 0.922741 -0.015336
v -0.048042 0.912000 -0.019900
v -0.045860 0.912000 -0.024513
v -0.043236 0.912000 -0.028890
v -0.035342 0.922741 -0.018891
v -0.040197 0.912000 -0.032988
v -0.066146 0.826050 -0.066146
v -0.066177 0.910667 -0.035372
v -0.062391 0.910667 -0.041688
v -0.058004 0.910667 -0.047603
v -0.053059 0.910667 -0.053059
v -0.036770 0.912000 -0.036770
v -0.047603 0.910667 -0.058004
v -0.041688 0.910667 -0.062391
v -0.035372 0.910667 -0.066177
v -0.033320 0.922741 -0.022264
v -0.030978 0.922741 -0.025423
v -0.028337 0.922741 -0.028337
v -0.025423 0.922741 -0.030978
v -0.022264 0.922741 -0.033320
v -0.032988 0.912000 -0.040197
v -0.028890 0.912000 -0.043236
v -0.018891 0.922741 -0.035342
v -0.024513 0.912000 -0.045860
v -0.019900 0.912000 -0.048042
v -0.015336 0.922741 -0.037024
v -0.011633 0.922741 -0.038348
v -0.015095 0.912000 -0.049761
v -0.007818 0.922741 -0.039304
v -0.003928 0.922741 -0.039881
v -0.010145 0.912000 -0.051001
v -0.005097 0.912000 -0.051750
v -0.042913 1.006281 -0.000000
v -0.042707 1.006281 -0.004206
v -0.043872 1.019350 -0.000000
v -0.043661 1.019350 -0.004300
v -0.043029 1.019350 -0.008559
v -0.038148 0.994075 -0.000000
v -0.042089 1.006281 -0.008372
v -0.037965 0.994075 -0.003739
v -0.037415 0.994075 -0.007442
v -0.041065 1.006281 -0.012457
v -0.039647 1.006281 -0.016422
v -0.036506 0.994075 -0.011074
v -0.035244 0.994075 -0.014599
v -0.041983 1.019350 -0.012735
v -0.040533 1.019350 -0.016789
v -0.040940 1.032121 -0.000000
v -0.040743 1.032121 -0.004013
v -0.040154 1.032121 -0.007987
v -0.034377 1.043463 -0.000000
v -0.034212 1.043463 -0.003370
v -0.039177 1.032121 -0.011884
v -0.037824 1.032121 -0.015667
v -0.037846 1.006281 -0.020229
v -0.035681 1.006281 -0.023841
v -0.038692 1.019350 -0.020681
v -0.036478 1.019350 -0.024374
v -0.033914 1.019350 -0.027832
v -0.036106 1.032121 -0.019299
v -0.034041 1.032121 -0.022745
v -0.032593 0.940593 -0.000000
v -0.032436 0.940593 -0.003195
v -0.031966 0.940593 -0.006358
v -0.031189 0.940593 -0.009461
v -0.030112 0.940593 -0.012473
v -0.028744 0.940593 -0.015364
v -0.030000 0.962000 -0.000000
v -0.029856 0.962000 -0.002941
v -0.029424 0.962000 -0.005853
v -0.031084 0.985179 -0.000000
v -0.030000 0.982069 -0.000000
v -0.030271 0.983719 -0.000000
v -0.030935 0.985179 -0.003047
v -0.029856 0.982069 -0.002941
v -0.030125 0.983719 -0.002967
v -0.030487 0.985179 -0.006064
v -0.029689 0.983719 -0.005906
v -0.029424 0.982069 -0.005853
v -0.028708 0.962000 -0.008709
v -0.027716 0.962000 -0.011481
v -0.026458 0.962000 -0.014142
v -0.029746 0.985179 -0.009023
v -0.028708 0.982069 -0.008709
v -0.028968 0.983719 -0.008787
v -0.028718 0.985179 -0.011895
v -0.027716 0.982069 -0.011481
v -0.027967 0.983719 -0.011584
v -0.026458 0.982069 -0.014142
v -0.027414 0.985179 -0.014653
v -0.026697 0.983719 -0.014270
v -0.024944 0.962000 -0.016667
v -0.024944 0.982069 -0.016667
v -0.025169 0.983719 -0.016818
v -0.027100 0.940593 -0.018107
v -0.025194 0.940593 -0.020677
v -0.023046 0.940593 -0.023046
v -0.020677 0.940593 -0.025194
v -0.018107 0.940593 -0.027100
v -0.025846 0.985179 -0.017270
v -0.023190 0.962000 -0.019032
v -0.021213 0.962000 -0.021213
v -0.019032 0.962000 -0.023190
v -0.024028 0.985179 -0.019720
v -0.023400 0.983719 -0.019204
v -0.023190 0.982069 -0.019032
v -0.021213 0.982069 -0.021213
v -0.021980 0.985179 -0.021980
v -0.021405 0.983719 -0.021405
v -0.019032 0.982069 -0.023190
v -0.019720 0.985179 -0.024028
v -0.019204 0.983719 -0.023400
v -0.017270 0.985179 -0.025846
v -0.015364 0.940593 -0.028744
v -0.012473 0.940593 -0.030112
v -0.009461 0.940593 -0.031189
v -0.006358 0.940593 -0.031966
v -0.003195 0.940593 -0.032436
v -0.016667 0.962000 -0.024944
v -0.016667 0.982069 -0.024944
v -0.016818 0.983719 -0.025169
v -0.014142 0.962000 -0.026458
v -0.011481 0.962000 -0.027716
v -0.008709 0.962000 -0.028708
v -0.014142 0.982069 -0.026458
v -0.014270 0.983719 -0.026697
v -0.014653 0.985179 -0.027414
v -0.011895 0.985179 -0.028718
v -0.011481 0.982069 -0.027716
v -0.011584 0.983719 -0.027967
v -0.008709 0.982069 -0.028708
v -0.008787 0.983719 -0.028968
v -0.009023 0.985179 -0.029746
v -0.005853 0.962000 -0.029424
v -0.002941 0.962000 -0.029856
v -0.005853 0.982069 -0.029424
v -0.005906 0.983719 -0.029689
v -0.006064 0.985179 -0.030487
v -0.002941 0.982069 -0.029856
v -0.002967 0.983719 -0.030125
v -0.003047 0.985179 -0.030935
v -0.033717 1.043463 -0.006707
v -0.032897 1.043463 -0.009979
v -0.031761 1.043463 -0.013156
v -0.030318 1.043463 -0.016205
v -0.024766 1.052368 -0.000000
v -0.024646 1.052368 -0.002427
v -0.024290 1.052368 -0.004832
v -0.023699 1.052368 -0.007189
v -0.022880 1.052368 -0.009477
v -0.021841 1.052368 -0.011674
v -0.020592 1.052368 -0.013759
v -0.019144 1.052368 -0.015711
v -0.033644 0.994075 -0.017983
v -0.031719 0.994075 -0.021194
v -0.029489 0.994075 -0.024201
v -0.033172 1.006281 -0.027224
v -0.030344 1.006281 -0.030344
v -0.026975 0.994075 -0.026975
v -0.027224 1.006281 -0.033172
v -0.031022 1.019350 -0.031022
v -0.024201 0.994075 -0.029489
v -0.021194 0.994075 -0.031719
v -0.017983 0.994075 -0.033644
v -0.028584 1.043463 -0.019099
v -0.026574 1.043463 -0.021809
v -0.031647 1.032121 -0.025972
v -0.028949 1.032121 -0.028949
v -0.025972 1.032121 -0.031647
v -0.024309 1.043463 -0.024309
v -0.017512 1.052368 -0.017512
v -0.021809 1.043463 -0.026574
v -0.019099 1.043463 -0.028584
v -0.012957 1.058049 -0.000000
v -0.012895 1.058049 -0.001270
v -0.012708 1.058049 -0.002528
v -0.012399 1.058049 -0.003761
v -0.011971 1.058049 -0.004959
v -0.011427 1.058049 -0.006108
v -0.010774 1.058049 -0.007199
v -0.010016 1.058049 -0.008220
v -0.009162 1.058049 -0.009162
v -0.008220 1.058049 -0.010016
v -0.007199 1.058049 -0.010774
v -0.006108 1.058049 -0.011427
v -0.004959 1.058049 -0.011971
v -0.003761 1.058049 -0.012399
v -0.002528 1.058049 -0.012708
v -0.001270 1.058049 -0.012895
v -0.015711 1.052368 -0.019144
v -0.013759 1.052368 -0.020592
v -0.011674 1.052368 -0.021841
v -0.009477 1.052368 -0.022880
v -0.016205 1.043463 -0.030318
v -0.013156 1.043463 -0.031761
v -0.009979 1.043463 -0.032897
v -0.007189 1.052368 -0.023699
v -0.004832 1.052368 -0.024290
v -0.002427 1.052368 -0.024646
v -0.006707 1.043463 -0.033717
v -0.027832 1.019350 -0.033914
v -0.023841 1.006281 -0.035681
v -0.020229 1.006281 -0.037846
v -0.024374 1.019350 -0.036478
v -0.020681 1.019350 -0.038692
v -0.022745 1.032121 -0.034041
v -0.019299 1.032121 -0.036106
v -0.014599 0.994075 -0.035244
v -0.016422 1.006281 -0.039647
v -0.011074 0.994075 -0.036506
v -0.012457 1.006281 -0.041065
v -0.016789 1.019350 -0.040533
v -0.012735 1.019350 -0.041983
v -0.008559 1.019350 -0.043029
v -0.007442 0.994075 -0.037415
v -0.008372 1.006281 -0.042089
v -0.003739 0.994075 -0.037965
v -0.004206 1.006281 -0.042707
v -0.004300 1.019350 -0.043661
v -0.015667 1.032121 -0.037824
v -0.011884 1.032121 -0.039177
v -0.007987 1.032121 -0.040154
v -0.004013 1.032121 -0.040743
v -0.003370 1.043463 -0.034212
v -0.059344 0.826050 -0.072311
v -0.051971 0.826050 -0.077780
v -0.044097 0.826050 -0.082499
v -0.035798 0.826050 -0.086424
v -0.060667 0.920667 -0.073923
v -0.053129 0.920667 -0.079513
v -0.060044 0.863499 -0.089862
v -0.050947 0.863499 -0.095314
v -0.045079 0.920667 -0.084338
v -0.041359 0.863499 -0.099849
v -0.049904 0.925393 -0.085153
v -0.045938 0.923371 -0.085945
v -0.043405 0.922126 -0.086216
v -0.036596 0.920667 -0.088350
v -0.036682 0.921000 -0.088558
v -0.036682 0.921000 -0.088558
v -0.059396 0.895000 -0.111122
v -0.063580 0.911875 -0.118949
v -0.064415 0.925329 -0.120513
v -0.064527 0.925393 -0.120456
v -0.058564 0.922126 -0.122814
v -0.051614 0.911875 -0.124608
v -0.052075 0.921000 -0.125719
v -0.052075 0.921000 -0.125719
v -0.048218 0.895000 -0.116409
v -0.045431 0.922126 -0.128254
v -0.036576 0.895000 -0.120574
v -0.039152 0.911875 -0.129067
v -0.039667 0.925329 -0.130764
v -0.039547 0.925393 -0.130803
v -0.027155 0.826050 -0.089517
v -0.018250 0.826050 -0.091748
v -0.009169 0.826050 -0.093095
v -0.028715 0.910667 -0.069325
v -0.021782 0.910667 -0.071806
v -0.030272 0.922126 -0.091656
v -0.027760 0.920667 -0.091512
v -0.028289 0.923371 -0.093255
v -0.024924 0.925393 -0.095500
v -0.018656 0.920667 -0.093792
v -0.014639 0.910667 -0.073595
v -0.007355 0.910667 -0.074676
v -0.009373 0.920667 -0.095169
v -0.031373 0.863499 -0.103422
v -0.021085 0.863499 -0.105999
v -0.026313 0.911875 -0.132283
v -0.024581 0.895000 -0.123579
v -0.010593 0.863499 -0.107555
v -0.012350 0.895000 -0.125393
v -0.013220 0.911875 -0.134226
v -0.060100 0.936893 -0.087934
v -0.061648 0.940796 -0.090056
v -0.062682 0.941893 -0.092098
v -0.064399 0.941562 -0.096380
v -0.058127 0.934022 -0.086993
v -0.055641 0.930481 -0.085706
v -0.066921 0.928000 -0.119421
v -0.037123 0.928000 -0.131764
v -0.034690 0.930481 -0.132373
v -0.021259 0.930481 -0.099947
v -0.020411 0.934022 -0.102615
v -0.019682 0.936893 -0.104676
v -0.020087 0.940796 -0.107271
v -0.020800 0.941893 -0.109446
v -0.022614 0.941562 -0.113687
v -0.030083 0.940171 -0.131143
v -0.031364 0.937678 -0.133206
v -0.031487 0.936893 -0.133175
v -0.026727 0.928000 -0.134368
v -0.026276 0.940171 -0.132097
v -0.026727 0.937678 -0.134368
v -0.010702 0.940796 -0.108663
v -0.010924 0.941893 -0.110911
v -0.013201 0.940171 -0.134036
v -0.013428 0.928000 -0.136340
v -0.013428 0.937678 -0.136340
v 0.026393 0.016548 0.267971
v 0.025935 0.011880 0.263326
v 0.026465 0.018316 0.268700
v 0.025300 0.043200 0.256877
v 0.026465 0.035236 0.268700
v 0.026337 0.037431 0.267403
v 0.025564 0.050095 0.259559
v 0.025579 0.059120 0.259703
v 0.024347 0.000000 0.247204
v 0.025287 0.068985 0.256743
v 0.024634 0.078400 0.250110
v 0.023563 0.086075 0.239237
v 0.022019 0.090720 0.223558
v 0.020960 0.092880 0.212810
v 0.050357 0.043200 0.253160
v 0.048460 0.000000 0.243627
v 0.052532 0.016548 0.264094
v 0.052674 0.018316 0.264812
v 0.051621 0.011880 0.259516
v 0.052674 0.035236 0.264812
v 0.052420 0.037431 0.263534
v 0.050882 0.050095 0.255803
v 0.050911 0.059120 0.255946
v 0.050330 0.068985 0.253028
v 0.049030 0.078400 0.246491
v 0.046899 0.086075 0.235776
v 0.043825 0.090720 0.220324
v 0.041718 0.092880 0.209731
v 0.065210 0.090720 0.214967
v 0.062074 0.092880 0.204632
v 0.017557 0.097715 0.178256
v 0.014856 0.105982 0.150836
v 0.029569 0.105982 0.148653
v 0.034944 0.097715 0.175676
v 0.051995 0.097715 0.171405
v 0.043997 0.105982 0.145039
v 0.058002 0.105982 0.140028
v 0.078164 0.016548 0.257673
v 0.076809 0.011880 0.253206
v 0.078377 0.018316 0.258374
v 0.078377 0.035236 0.258374
v 0.077999 0.037431 0.257127
v 0.072107 0.000000 0.237704
v 0.074928 0.043200 0.247005
v 0.075711 0.050095 0.249584
v 0.075753 0.059120 0.249723
v 0.098778 0.043200 0.238472
v 0.099810 0.050095 0.240962
v 0.099865 0.059120 0.241096
v 0.074889 0.068985 0.246876
v 0.072954 0.078400 0.240498
v 0.098727 0.068985 0.238347
v 0.095059 0.000000 0.229492
v 0.069783 0.086075 0.230044
v 0.091995 0.086075 0.222096
v 0.096176 0.078400 0.232189
v 0.085966 0.090720 0.207540
v 0.103044 0.016548 0.248771
v 0.103325 0.018316 0.249447
v 0.101258 0.011880 0.244459
v 0.103325 0.035236 0.249447
v 0.102826 0.037431 0.248244
v 0.126932 0.016548 0.237473
v 0.127277 0.018316 0.238119
v 0.127277 0.035236 0.238119
v 0.126663 0.037431 0.236970
v 0.117095 0.000000 0.219069
v 0.124732 0.011880 0.233356
v 0.122947 0.050095 0.230018
v 0.123016 0.059120 0.230146
v 0.121677 0.043200 0.227642
v 0.113321 0.086075 0.212009
v 0.121613 0.068985 0.227522
v 0.118471 0.078400 0.221644
v 0.081833 0.092880 0.197562
v 0.100803 0.092880 0.188590
v 0.068546 0.097715 0.165484
v 0.084436 0.097715 0.157968
v 0.099513 0.097715 0.148931
v 0.105895 0.090720 0.198115
v 0.124803 0.090720 0.186781
v 0.133556 0.086075 0.199881
v 0.118803 0.092880 0.177801
v 0.113631 0.097715 0.138460
v -0.000000 0.117544 0.131190
v 0.012859 0.117544 0.130558
v -0.000000 0.132263 0.117999
v 0.011566 0.132263 0.117431
v 0.025594 0.117544 0.128669
v 0.023020 0.132263 0.115731
v 0.038082 0.117544 0.125541
v 0.050204 0.117544 0.121204
v 0.034253 0.132263 0.112918
v 0.045156 0.132263 0.109017
v 0.055624 0.132263 0.104066
v 0.061842 0.117544 0.115699
v 0.065557 0.132263 0.098112
v -0.000000 0.150000 0.112000
v 0.010978 0.150000 0.111461
v 0.021850 0.150000 0.109848
v 0.032512 0.150000 0.107177
v 0.042861 0.150000 0.103475
v 0.052796 0.150000 0.098775
v 0.062224 0.150000 0.093125
v 0.071447 0.105982 0.133669
v 0.084205 0.105982 0.126022
v 0.072885 0.117544 0.109080
v 0.083226 0.117544 0.101411
v 0.096152 0.105982 0.117162
v 0.074858 0.132263 0.091214
v 0.083438 0.132263 0.083438
v 0.092765 0.117544 0.092765
v 0.091214 0.132263 0.074858
v 0.107173 0.105982 0.107173
v 0.126656 0.097715 0.126656
v 0.117162 0.105982 0.096152
v 0.101411 0.117544 0.083226
v 0.109080 0.117544 0.072885
v 0.126022 0.105982 0.084205
v 0.133669 0.105982 0.071447
v 0.071052 0.150000 0.086577
v 0.079196 0.150000 0.079196
v 0.086577 0.150000 0.071052
v 0.098112 0.132263 0.065557
v 0.104066 0.132263 0.055624
v 0.115699 0.117544 0.061842
v 0.109017 0.132263 0.045156
v 0.112918 0.132263 0.034253
v 0.121204 0.117544 0.050204
v 0.125541 0.117544 0.038082
v 0.115731 0.132263 0.023020
v 0.117431 0.132263 0.011566
v 0.128669 0.117544 0.025594
v 0.130558 0.117544 0.012859
v 0.093125 0.150000 0.062224
v 0.098775 0.150000 0.052796
v 0.103475 0.150000 0.042861
v 0.107177 0.150000 0.032512
v 0.109848 0.150000 0.021850
v 0.111461 0.150000 0.010978
v -0.000000 0.274531 0.099047
v 0.009708 0.274531 0.098570
v 0.019323 0.274531 0.097144
v 0.028752 0.274531 0.094782
v -0.000000 0.388750 0.081875
v 0.008025 0.388750 0.081481
v 0.015973 0.388750 0.080302
v 0.023767 0.388750 0.078349
v 0.031332 0.388750 0.075643
v 0.037904 0.274531 0.091507
v 0.046690 0.274531 0.087352
v 0.055027 0.274531 0.082354
v 0.062835 0.274531 0.076564
v 0.038596 0.388750 0.072207
v 0.045487 0.388750 0.068077
v 0.051941 0.388750 0.063290
v 0.057894 0.388750 0.057894
v 0.063290 0.388750 0.051941
v -0.000000 0.486094 0.066016
v 0.006471 0.486094 0.065698
v 0.012879 0.486094 0.064747
v 0.019163 0.486094 0.063173
v 0.025263 0.486094 0.060990
v 0.031120 0.486094 0.058221
v 0.036676 0.486094 0.054890
v 0.041880 0.486094 0.051031
v 0.046680 0.486094 0.046680
v 0.051031 0.486094 0.041880
v 0.054890 0.486094 0.036676
v 0.058221 0.486094 0.031120
v 0.060990 0.486094 0.025263
v 0.063173 0.486094 0.019163
v 0.064747 0.486094 0.012879
v 0.065698 0.486094 0.006471
v 0.070037 0.274531 0.070037
v 0.076564 0.274531 0.062835
v 0.082354 0.274531 0.055027
v 0.087352 0.274531 0.046690
v 0.091507 0.274531 0.037904
v 0.068077 0.388750 0.045487
v 0.072207 0.388750 0.038596
v 0.094782 0.274531 0.028752
v 0.097144 0.274531 0.019323
v 0.098570 0.274531 0.009708
v 0.075643 0.388750 0.031332
v 0.078349 0.388750 0.023767
v 0.080302 0.388750 0.015973
v 0.081481 0.388750 0.008025
v 0.147004 0.011880 0.220007
v 0.149597 0.016548 0.223888
v 0.150004 0.018316 0.224497
v 0.150004 0.035236 0.224497
v 0.149280 0.037431 0.223414
v 0.138004 0.000000 0.206537
v 0.143404 0.043200 0.214619
v 0.144901 0.050095 0.216860
v 0.144982 0.059120 0.216980
v 0.167860 0.011880 0.204539
v 0.143329 0.068985 0.214507
v 0.139626 0.078400 0.208965
v 0.170822 0.016548 0.208147
v 0.171286 0.018316 0.208713
v 0.170460 0.037431 0.207706
v 0.171286 0.035236 0.208713
v 0.157583 0.000000 0.192016
v 0.163750 0.043200 0.199529
v 0.165459 0.050095 0.201613
v 0.165551 0.059120 0.201725
v 0.142510 0.090720 0.173649
v 0.159436 0.078400 0.194273
v 0.152505 0.086075 0.185828
v 0.163664 0.068985 0.199425
v 0.135659 0.092880 0.165301
v 0.151208 0.092880 0.151208
v 0.158844 0.090720 0.158844
v 0.165301 0.092880 0.135659
v 0.175645 0.000000 0.175645
v 0.182518 0.043200 0.182518
v 0.184424 0.050095 0.184424
v 0.184527 0.059120 0.184527
v 0.187100 0.011880 0.187100
v 0.190401 0.016548 0.190401
v 0.190919 0.018316 0.190919
v 0.190919 0.035236 0.190919
v 0.189998 0.037431 0.189998
v 0.169985 0.086075 0.169985
v 0.177710 0.078400 0.177710
v 0.182423 0.068985 0.182423
v 0.192016 0.000000 0.157583
v 0.199529 0.043200 0.163750
v 0.201613 0.050095 0.165459
v 0.201725 0.059120 0.165551
v 0.173649 0.090720 0.142510
v 0.185828 0.086075 0.152505
v 0.199425 0.068985 0.163664
v 0.194273 0.078400 0.159436
v 0.208147 0.016548 0.170822
v 0.208713 0.018316 0.171286
v 0.208713 0.035236 0.171286
v 0.207706 0.037431 0.170460
v 0.204539 0.011880 0.167860
v 0.206537 0.000000 0.138004
v 0.216860 0.050095 0.144901
v 0.216980 0.059120 0.144982
v 0.214619 0.043200 0.143404
v 0.220007 0.011880 0.147004
v 0.223888 0.016548 0.149597
v 0.224497 0.018316 0.150004
v 0.223414 0.037431 0.149280
v 0.224497 0.035236 0.150004
v 0.208965 0.078400 0.139626
v 0.214507 0.068985 0.143329
v 0.138460 0.097715 0.113631
v 0.148931 0.097715 0.099513
v 0.157968 0.097715 0.084436
v 0.165484 0.097715 0.068546
v 0.177801 0.092880 0.118803
v 0.186781 0.090720 0.124803
v 0.199881 0.086075 0.133556
v 0.198115 0.090720 0.105895
v 0.188590 0.092880 0.100803
v 0.197562 0.092880 0.081833
v 0.140028 0.105982 0.058002
v 0.145039 0.105982 0.043997
v 0.148653 0.105982 0.029569
v 0.150836 0.105982 0.014856
v 0.171405 0.097715 0.051995
v 0.175676 0.097715 0.034944
v 0.178256 0.097715 0.017557
v 0.219069 0.000000 0.117095
v 0.233356 0.011880 0.124732
v 0.227642 0.043200 0.121677
v 0.230018 0.050095 0.122947
v 0.230146 0.059120 0.123016
v 0.212009 0.086075 0.113321
v 0.221644 0.078400 0.118471
v 0.227522 0.068985 0.121613
v 0.229492 0.000000 0.095059
v 0.207540 0.090720 0.085966
v 0.222096 0.086075 0.091995
v 0.232189 0.078400 0.096176
v 0.230044 0.086075 0.069783
v 0.237473 0.016548 0.126932
v 0.238119 0.018316 0.127277
v 0.238119 0.035236 0.127277
v 0.236970 0.037431 0.126663
v 0.244459 0.011880 0.101258
v 0.248771 0.016548 0.103044
v 0.249447 0.018316 0.103325
v 0.248244 0.037431 0.102826
v 0.249447 0.035236 0.103325
v 0.238472 0.043200 0.098778
v 0.240962 0.050095 0.099810
v 0.241096 0.059120 0.099865
v 0.237704 0.000000 0.072107
v 0.247005 0.043200 0.074928
v 0.249584 0.050095 0.075711
v 0.249723 0.059120 0.075753
v 0.253206 0.011880 0.076809
v 0.257673 0.016548 0.078164
v 0.258374 0.018316 0.078377
v 0.257127 0.037431 0.077999
v 0.258374 0.035236 0.078377
v 0.238347 0.068985 0.098727
v 0.240498 0.078400 0.072954
v 0.246876 0.068985 0.074889
v 0.204632 0.092880 0.062074
v 0.214967 0.090720 0.065210
v 0.209731 0.092880 0.041718
v 0.220324 0.090720 0.043825
v 0.235776 0.086075 0.046899
v 0.212810 0.092880 0.020960
v 0.223558 0.090720 0.022019
v 0.243627 0.000000 0.048460
v 0.259516 0.011880 0.051621
v 0.264094 0.016548 0.052532
v 0.264812 0.018316 0.052674
v 0.255803 0.050095 0.050882
v 0.255946 0.059120 0.050911
v 0.263534 0.037431 0.052420
v 0.264812 0.035236 0.052674
v 0.253160 0.043200 0.050357
v 0.246491 0.078400 0.049030
v 0.253028 0.068985 0.050330
v 0.247204 0.000000 0.024347
v 0.263326 0.011880 0.025935
v 0.267971 0.016548 0.026393
v 0.268700 0.018316 0.026465
v 0.259559 0.050095 0.025564
v 0.259703 0.059120 0.025579
v 0.256877 0.043200 0.025300
v 0.267403 0.037431 0.026337
v 0.268700 0.035236 0.026465
v 0.239237 0.086075 0.023563
v 0.250110 0.078400 0.024634
v 0.256743 0.068985 0.025287
v -0.000000 0.928000 0.137000
v -0.000000 0.937678 0.137000
v 0.013428 0.928000 0.136340
v 0.013428 0.937678 0.136340
v -0.000000 0.562331 0.118661
v -0.000000 0.564219 0.120000
v -0.000000 0.589781 0.120000
v -0.000000 0.591669 0.118661
v 0.011762 0.564219 0.119422
v 0.011762 0.589781 0.119422
v -0.000000 0.560000 0.112000
v 0.011631 0.562331 0.118089
v 0.010978 0.560000 0.111461
v -0.000000 0.594000 0.112000
v 0.011631 0.591669 0.118089
v 0.010978 0.594000 0.111461
v 0.023150 0.562331 0.116381
v 0.021850 0.560000 0.109848
v 0.032512 0.560000 0.107177
v 0.023411 0.564219 0.117694
v 0.023150 0.591669 0.116381
v 0.023411 0.589781 0.117694
v 0.021850 0.594000 0.109848
v 0.032512 0.594000 0.107177
v -0.000000 0.606879 0.100000
v -0.000000 0.604883 0.098125
v -0.000000 0.614199 0.100000
v -0.000000 0.616188 0.098209
v 0.009802 0.606879 0.099518
v 0.009618 0.604883 0.097652
v 0.009802 0.614199 0.099518
v 0.009626 0.616188 0.097736
v -0.000000 0.599081 0.069662
v -0.000000 0.603104 0.069671
v -0.000000 0.599377 0.068739
v -0.000000 0.600002 0.068185
v -0.000000 0.600954 0.068000
v -0.000000 0.601326 0.068000
v 0.006828 0.599081 0.069327
v 0.006738 0.599377 0.068408
v 0.006683 0.600002 0.067856
v 0.006829 0.603104 0.069335
v 0.006665 0.600954 0.067673
v 0.006665 0.601326 0.067673
v 0.013590 0.599081 0.068324
v 0.013592 0.603104 0.068332
v 0.019509 0.606879 0.098079
v 0.019143 0.604883 0.096239
v 0.019509 0.614199 0.098079
v 0.019160 0.616188 0.096322
v 0.029028 0.606879 0.095694
v 0.028484 0.604883 0.093900
v 0.029028 0.614199 0.095694
v 0.028509 0.616188 0.093981
v 0.034445 0.562331 0.113551
v 0.045409 0.562331 0.109628
v 0.042861 0.560000 0.103475
v 0.034834 0.564219 0.114833
v 0.034834 0.589781 0.114833
v 0.034445 0.591669 0.113551
v 0.045922 0.564219 0.110866
v 0.045922 0.589781 0.110866
v 0.045409 0.591669 0.109628
v 0.042861 0.594000 0.103475
v 0.055936 0.562331 0.104649
v 0.056568 0.564219 0.105831
v 0.056568 0.589781 0.105831
v 0.055936 0.591669 0.104649
v 0.052796 0.560000 0.098775
v 0.062224 0.560000 0.093125
v 0.065924 0.562331 0.098663
v 0.052796 0.594000 0.098775
v 0.066668 0.564219 0.099776
v 0.062224 0.594000 0.093125
v 0.066668 0.589781 0.099776
v 0.065924 0.591669 0.098663
v 0.037551 0.604883 0.090655
v 0.038268 0.606879 0.092388
v 0.037583 0.616188 0.090734
v 0.038268 0.614199 0.092388
v 0.046256 0.604883 0.086538
v 0.047140 0.606879 0.088192
v 0.046296 0.616188 0.086613
v 0.047140 0.614199 0.088192
v 0.054515 0.604883 0.081588
v 0.055557 0.606879 0.083147
v 0.054562 0.616188 0.081658
v 0.055557 0.614199 0.083147
v 0.063439 0.606879 0.077301
v 0.063439 0.614199 0.077301
v 0.062250 0.604883 0.075851
v 0.062303 0.616188 0.075917
v -0.000000 0.698134 0.067516
v -0.000000 0.741356 0.073545
v 0.007209 0.741356 0.073191
v 0.014348 0.741356 0.072132
v -0.000000 0.784665 0.082128
v 0.008050 0.784665 0.081733
v 0.016022 0.784665 0.080550
v 0.021349 0.741356 0.070378
v 0.028145 0.741356 0.067947
v 0.023841 0.784665 0.078592
v 0.031429 0.784665 0.075877
v 0.038715 0.784665 0.072431
v 0.045628 0.784665 0.068287
v -0.000000 0.560000 0.061518
v -0.000000 0.559720 0.059575
v 0.006030 0.560000 0.061221
v 0.005839 0.559720 0.059288
v -0.000000 0.558879 0.058266
v -0.000000 0.555516 0.057547
v -0.000000 0.557478 0.057590
v 0.005641 0.555516 0.057270
v 0.005711 0.558879 0.057986
v 0.005645 0.557478 0.057313
v 0.012001 0.560000 0.060336
v 0.011367 0.558879 0.057147
v 0.011623 0.559720 0.058431
v 0.011227 0.555516 0.056441
v 0.011235 0.557478 0.056483
v 0.016705 0.555516 0.055069
v 0.016718 0.557478 0.055110
v 0.017858 0.560000 0.058869
v 0.017294 0.559720 0.057010
v 0.016914 0.558879 0.055757
v 0.022798 0.559720 0.055040
v 0.023542 0.560000 0.056835
v 0.022022 0.555516 0.053167
v 0.022039 0.557478 0.053206
v 0.022297 0.558879 0.053831
v 0.027127 0.555516 0.050752
v 0.027148 0.557478 0.050790
v 0.028999 0.560000 0.054254
v 0.027466 0.558879 0.051386
v 0.028084 0.559720 0.052541
v 0.033098 0.559720 0.049535
v 0.031971 0.555516 0.047849
v 0.031995 0.557478 0.047884
v 0.032371 0.558879 0.048447
v -0.000000 0.619753 0.064348
v -0.000000 0.622358 0.062112
v 0.006307 0.619753 0.064038
v 0.006088 0.622358 0.061813
v 0.013410 0.599377 0.067418
v 0.013302 0.600002 0.066875
v 0.013266 0.600954 0.066693
v 0.013266 0.601326 0.066693
v 0.012554 0.619753 0.063111
v 0.012117 0.622358 0.060919
v -0.000000 0.657012 0.063761
v 0.006250 0.657012 0.063454
v 0.012439 0.657012 0.062536
v 0.019954 0.599377 0.065779
v 0.020222 0.599081 0.066662
v 0.020224 0.603104 0.066671
v 0.019793 0.600002 0.065249
v 0.019739 0.600954 0.065072
v 0.019739 0.601326 0.065072
v 0.018679 0.619753 0.061577
v 0.018030 0.622358 0.059438
v 0.024625 0.619753 0.059449
v 0.023769 0.622358 0.057384
v 0.026305 0.599377 0.063506
v 0.026659 0.599081 0.064359
v 0.026662 0.603104 0.064367
v 0.026093 0.600002 0.062994
v 0.026022 0.600954 0.062824
v 0.026022 0.601326 0.062824
v 0.032838 0.599081 0.061436
v 0.032843 0.603104 0.061444
v 0.032142 0.600002 0.060134
v 0.032403 0.599377 0.060622
v 0.032055 0.600954 0.059971
v 0.032055 0.601326 0.059971
v 0.029279 0.622358 0.054778
v 0.030333 0.619753 0.056750
v 0.018509 0.657012 0.061015
v 0.024400 0.657012 0.058907
v 0.030057 0.657012 0.056232
v 0.034177 0.560000 0.051150
v 0.036507 0.555516 0.044484
v 0.036535 0.557478 0.044518
v 0.036964 0.558879 0.045040
v 0.037794 0.559720 0.046052
v 0.039026 0.560000 0.047554
v 0.040692 0.555516 0.040692
v 0.040722 0.557478 0.040722
v 0.041200 0.558879 0.041200
v 0.042126 0.559720 0.042126
v 0.043500 0.560000 0.043500
v 0.045040 0.558879 0.036964
v 0.044484 0.555516 0.036507
v 0.044518 0.557478 0.036535
v 0.046052 0.559720 0.037794
v 0.047554 0.560000 0.039026
v 0.051150 0.560000 0.034177
v 0.037881 0.600002 0.056693
v 0.037779 0.600954 0.056540
v 0.037779 0.601326 0.056540
v 0.038189 0.599377 0.057154
v 0.038702 0.599081 0.057922
v 0.038707 0.603104 0.057929
v 0.035750 0.619753 0.053503
v 0.034508 0.622358 0.051644
v 0.044193 0.599081 0.053850
v 0.043607 0.599377 0.053136
v 0.044199 0.603104 0.053856
v 0.043256 0.600002 0.052707
v 0.043139 0.600954 0.052565
v 0.043139 0.601326 0.052565
v 0.035424 0.657012 0.053015
v 0.040822 0.619753 0.049741
v 0.039404 0.622358 0.048013
v 0.048214 0.600002 0.048214
v 0.048083 0.600954 0.048083
v 0.048083 0.601326 0.048083
v 0.048606 0.599377 0.048606
v 0.049259 0.599081 0.049259
v 0.049265 0.603104 0.049265
v 0.045501 0.619753 0.045501
v 0.043920 0.622358 0.043920
v 0.049741 0.619753 0.040822
v 0.048013 0.622358 0.039404
v 0.040450 0.657012 0.049288
v 0.045086 0.657012 0.045086
v 0.049288 0.657012 0.040450
v 0.052707 0.600002 0.043256
v 0.052565 0.600954 0.043139
v 0.052565 0.601326 0.043139
v 0.053136 0.599377 0.043607
v 0.053850 0.599081 0.044193
v 0.053856 0.603104 0.044199
v 0.057154 0.599377 0.038189
v 0.057922 0.599081 0.038702
v 0.057929 0.603104 0.038707
v 0.056693 0.600002 0.037881
v 0.056540 0.600954 0.037779
v 0.056540 0.601326 0.037779
v 0.053503 0.619753 0.035750
v 0.051644 0.622358 0.034508
v 0.053015 0.657012 0.035424
v 0.047849 0.555516 0.031971
v 0.047884 0.557478 0.031995
v 0.048447 0.558879 0.032371
v 0.049535 0.559720 0.033098
v 0.051386 0.558879 0.027466
v 0.052541 0.559720 0.028084
v 0.050752 0.555516 0.027127
v 0.050790 0.557478 0.027148
v 0.054254 0.560000 0.028999
v 0.053167 0.555516 0.022022
v 0.053206 0.557478 0.022039
v 0.053831 0.558879 0.022297
v 0.056835 0.560000 0.023542
v 0.055040 0.559720 0.022798
v 0.055757 0.558879 0.016914
v 0.057010 0.559720 0.017294
v 0.058869 0.560000 0.017858
v 0.055069 0.555516 0.016705
v 0.055110 0.557478 0.016718
v 0.056441 0.555516 0.011227
v 0.056483 0.557478 0.011235
v 0.057147 0.558879 0.011367
v 0.058431 0.559720 0.011623
v 0.057270 0.555516 0.005641
v 0.057313 0.557478 0.005645
v 0.057986 0.558879 0.005711
v 0.060336 0.560000 0.012001
v 0.059288 0.559720 0.005839
v 0.061221 0.560000 0.006030
v 0.054778 0.622358 0.029279
v 0.056750 0.619753 0.030333
v 0.057384 0.622358 0.023769
v 0.060622 0.599377 0.032403
v 0.060134 0.600002 0.032142
v 0.059971 0.600954 0.032055
v 0.059971 0.601326 0.032055
v 0.061436 0.599081 0.032838
v 0.061444 0.603104 0.032843
v 0.062994 0.600002 0.026093
v 0.062824 0.600954 0.026022
v 0.062824 0.601326 0.026022
v 0.063506 0.599377 0.026305
v 0.064359 0.599081 0.026659
v 0.064367 0.603104 0.026662
v 0.065249 0.600002 0.019793
v 0.065072 0.600954 0.019739
v 0.065072 0.601326 0.019739
v 0.065779 0.599377 0.019954
v 0.066662 0.599081 0.020222
v 0.066671 0.603104 0.020224
v 0.059449 0.619753 0.024625
v 0.061577 0.619753 0.018679
v 0.059438 0.622358 0.018030
v 0.056232 0.657012 0.030057
v 0.058907 0.657012 0.024400
v 0.061015 0.657012 0.018509
v 0.066875 0.600002 0.013302
v 0.067418 0.599377 0.013410
v 0.066693 0.600954 0.013266
v 0.066693 0.601326 0.013266
v 0.063111 0.619753 0.012554
v 0.060919 0.622358 0.012117
v 0.061813 0.622358 0.006088
v 0.064038 0.619753 0.006307
v 0.062536 0.657012 0.012439
v 0.063454 0.657012 0.006250
v 0.006618 0.698134 0.067191
v 0.013172 0.698134 0.066219
v 0.019599 0.698134 0.064609
v 0.025837 0.698134 0.062377
v 0.031827 0.698134 0.059544
v 0.037510 0.698134 0.056138
v 0.042832 0.698134 0.052191
v 0.047741 0.698134 0.047741
v 0.052191 0.698134 0.042832
v 0.056138 0.698134 0.037510
v 0.034669 0.741356 0.064861
v 0.040860 0.741356 0.061151
v 0.046657 0.741356 0.056851
v 0.052004 0.741356 0.052004
v 0.052102 0.784665 0.063486
v 0.058073 0.784665 0.058073
v 0.063486 0.784665 0.052102
v 0.056851 0.741356 0.046657
v 0.061151 0.741356 0.040860
v 0.064861 0.741356 0.034669
v 0.059544 0.698134 0.031827
v 0.062377 0.698134 0.025837
v 0.064609 0.698134 0.019599
v 0.066219 0.698134 0.013172
v 0.067191 0.698134 0.006618
v 0.071052 0.560000 0.086577
v 0.075278 0.562331 0.091726
v 0.071052 0.594000 0.086577
v 0.075278 0.591669 0.091726
v 0.076127 0.564219 0.092761
v 0.076127 0.589781 0.092761
v 0.079196 0.560000 0.079196
v 0.083906 0.562331 0.083906
v 0.079196 0.594000 0.079196
v 0.083906 0.591669 0.083906
v 0.084853 0.564219 0.084853
v 0.084853 0.589781 0.084853
v 0.086577 0.560000 0.071052
v 0.091726 0.562331 0.075278
v 0.092761 0.564219 0.076127
v 0.092761 0.589781 0.076127
v 0.086577 0.594000 0.071052
v 0.091726 0.591669 0.075278
v 0.069385 0.604883 0.069385
v 0.070711 0.606879 0.070711
v 0.069445 0.616188 0.069445
v 0.070711 0.614199 0.070711
v 0.093125 0.560000 0.062224
v 0.098663 0.562331 0.065924
v 0.098775 0.560000 0.052796
v 0.099776 0.564219 0.066668
v 0.093125 0.594000 0.062224
v 0.098663 0.591669 0.065924
v 0.099776 0.589781 0.066668
v 0.098775 0.594000 0.052796
v 0.075851 0.604883 0.062250
v 0.075917 0.616188 0.062303
v 0.077301 0.606879 0.063439
v 0.077301 0.614199 0.063439
v 0.083147 0.606879 0.055557
v 0.081588 0.604883 0.054515
v 0.083147 0.614199 0.055557
v 0.081658 0.616188 0.054562
v 0.088192 0.606879 0.047140
v 0.086538 0.604883 0.046256
v 0.088192 0.614199 0.047140
v 0.086613 0.616188 0.046296
v 0.092388 0.606879 0.038268
v 0.090655 0.604883 0.037551
v 0.092388 0.614199 0.038268
v 0.090734 0.616188 0.037583
v 0.068324 0.599081 0.013590
v 0.068332 0.603104 0.013592
v 0.067856 0.600002 0.006683
v 0.068408 0.599377 0.006738
v 0.069327 0.599081 0.006828
v 0.067673 0.600954 0.006665
v 0.067673 0.601326 0.006665
v 0.069335 0.603104 0.006829
v 0.093900 0.604883 0.028484
v 0.095694 0.606879 0.029028
v 0.093981 0.616188 0.028509
v 0.095694 0.614199 0.029028
v 0.096239 0.604883 0.019143
v 0.098079 0.606879 0.019509
v 0.096322 0.616188 0.019160
v 0.098079 0.614199 0.019509
v 0.097652 0.604883 0.009618
v 0.099518 0.606879 0.009802
v 0.097736 0.616188 0.009626
v 0.099518 0.614199 0.009802
v 0.104649 0.562331 0.055936
v 0.105831 0.564219 0.056568
v 0.104649 0.591669 0.055936
v 0.105831 0.589781 0.056568
v 0.103475 0.560000 0.042861
v 0.109628 0.562331 0.045409
v 0.113551 0.562331 0.034445
v 0.103475 0.594000 0.042861
v 0.109628 0.591669 0.045409
v 0.110866 0.564219 0.045922
v 0.110866 0.589781 0.045922
v 0.114833 0.564219 0.034834
v 0.113551 0.591669 0.034445
v 0.114833 0.589781 0.034834
v 0.107177 0.560000 0.032512
v 0.109848 0.560000 0.021850
v 0.116381 0.562331 0.023150
v 0.107177 0.594000 0.032512
v 0.117694 0.564219 0.023411
v 0.109848 0.594000 0.021850
v 0.117694 0.589781 0.023411
v 0.116381 0.591669 0.023150
v 0.111461 0.560000 0.010978
v 0.118089 0.562331 0.011631
v 0.111461 0.594000 0.010978
v 0.118089 0.591669 0.011631
v 0.119422 0.564219 0.011762
v 0.119422 0.589781 0.011762
v 0.068287 0.784665 0.045628
v 0.072431 0.784665 0.038715
v 0.067947 0.741356 0.028145
v 0.070378 0.741356 0.021349
v 0.075877 0.784665 0.031429
v 0.078592 0.784665 0.023841
v 0.072132 0.741356 0.014348
v 0.073191 0.741356 0.007209
v 0.080550 0.784665 0.016022
v 0.081733 0.784665 0.008050
v -0.000000 0.911875 0.134875
v -0.000000 0.895000 0.126000
v 0.013220 0.911875 0.134226
v 0.012350 0.895000 0.125393
v -0.000000 0.863499 0.108076
v 0.010593 0.863499 0.107555
v 0.024581 0.895000 0.123579
v 0.026313 0.911875 0.132283
v 0.021085 0.863499 0.105999
v 0.031373 0.863499 0.103422
v -0.000000 0.826050 0.093545
v 0.009169 0.826050 0.093095
v 0.018250 0.826050 0.091748
v 0.027155 0.826050 0.089517
v -0.000000 0.920667 0.095630
v 0.009373 0.920667 0.095169
v -0.000000 0.910667 0.075037
v 0.007355 0.910667 0.074676
v 0.014639 0.910667 0.073595
v 0.018656 0.920667 0.093792
v 0.024924 0.925393 0.095500
v 0.028289 0.923371 0.093255
v 0.027760 0.920667 0.091512
v 0.030272 0.922126 0.091656
v 0.021782 0.910667 0.071806
v 0.028715 0.910667 0.069325
v 0.039547 0.925393 0.130803
v 0.039152 0.911875 0.129067
v 0.039667 0.925329 0.130764
v 0.036576 0.895000 0.120574
v 0.045431 0.922126 0.128254
v 0.048218 0.895000 0.116409
v 0.051614 0.911875 0.124608
v 0.052075 0.921000 0.125719
v 0.052075 0.921000 0.125719
v 0.058564 0.922126 0.122814
v 0.063580 0.911875 0.118949
v 0.064415 0.925329 0.120513
v 0.064527 0.925393 0.120456
v 0.059396 0.895000 0.111122
v 0.035798 0.826050 0.086424
v 0.044097 0.826050 0.082499
v 0.051971 0.826050 0.077780
v 0.059344 0.826050 0.072311
v 0.041359 0.863499 0.099849
v 0.036596 0.920667 0.088350
v 0.036682 0.921000 0.088558
v 0.036682 0.921000 0.088558
v 0.043405 0.922126 0.086216
v 0.045938 0.923371 0.085945
v 0.049904 0.925393 0.085153
v 0.045079 0.920667 0.084338
v 0.050947 0.863499 0.095314
v 0.060044 0.863499 0.089862
v 0.053129 0.920667 0.079513
v 0.060667 0.920667 0.073923
v -0.000000 0.940171 0.134685
v 0.013201 0.940171 0.134036
v -0.000000 0.941893 0.111447
v -0.000000 0.940796 0.109189
v 0.010924 0.941893 0.110911
v 0.010702 0.940796 0.108663
v 0.026727 0.928000 0.134368
v 0.026727 0.937678 0.134368
v 0.026276 0.940171 0.132097
v 0.031365 0.937678 0.133206
v 0.031487 0.936893 0.133175
v 0.030083 0.940171 0.131143
v 0.022614 0.941562 0.113687
v 0.020800 0.941893 0.109446
v 0.020087 0.940796 0.107271
v 0.020411 0.934022 0.102615
v 0.019682 0.936893 0.104676
v 0.021259 0.930481 0.099947
v 0.034690 0.930481 0.132373
v 0.037123 0.928000 0.131764
v 0.066921 0.928000 0.119421
v 0.055641 0.930481 0.085706
v 0.058127 0.934022 0.086993
v 0.064399 0.941562 0.096380
v 0.062682 0.941893 0.092098
v 0.061648 0.940796 0.090056
v 0.060100 0.936893 0.087934
v -0.000000 0.912000 0.052000
v 0.005097 0.912000 0.051750
v 0.010145 0.912000 0.051001
v -0.000000 0.922741 0.040074
v 0.003928 0.922741 0.039881
v 0.007818 0.922741 0.039304
v 0.015095 0.912000 0.049761
v 0.011633 0.922741 0.038348
v 0.015336 0.922741 0.037024
v 0.019900 0.912000 0.048042
v 0.024513 0.912000 0.045860
v 0.018891 0.922741 0.035342
v 0.028890 0.912000 0.043236
v 0.032988 0.912000 0.040197
v 0.022264 0.922741 0.033320
v 0.025423 0.922741 0.030978
v 0.028337 0.922741 0.028337
v 0.030978 0.922741 0.025423
v 0.033320 0.922741 0.022264
v 0.066146 0.826050 0.066146
v 0.035372 0.910667 0.066177
v 0.041688 0.910667 0.062391
v 0.047603 0.910667 0.058004
v 0.036770 0.912000 0.036770
v 0.053059 0.910667 0.053059
v 0.058004 0.910667 0.047603
v 0.062391 0.910667 0.041688
v 0.066177 0.910667 0.035372
v 0.040197 0.912000 0.032988
v 0.035342 0.922741 0.018891
v 0.043236 0.912000 0.028890
v 0.045860 0.912000 0.024513
v 0.048042 0.912000 0.019900
v 0.037024 0.922741 0.015336
v 0.038348 0.922741 0.011633
v 0.039304 0.922741 0.007818
v 0.039881 0.922741 0.003928
v 0.049761 0.912000 0.015095
v 0.051001 0.912000 0.010145
v 0.051750 0.912000 0.005097
v -0.000000 1.006281 0.042913
v 0.004206 1.006281 0.042707
v -0.000000 1.019350 0.043872
v 0.004300 1.019350 0.043661
v -0.000000 0.994075 0.038148
v 0.003739 0.994075 0.037965
v 0.008372 1.006281 0.042089
v 0.007442 0.994075 0.037415
v 0.008559 1.019350 0.043029
v 0.012457 1.006281 0.041065
v 0.011074 0.994075 0.036506
v 0.016422 1.006281 0.039647
v 0.014599 0.994075 0.035244
v 0.012735 1.019350 0.041983
v 0.016789 1.019350 0.040533
v -0.000000 1.032121 0.040940
v 0.004013 1.032121 0.040743
v 0.007987 1.032121 0.040154
v -0.000000 1.043463 0.034377
v 0.003370 1.043463 0.034212
v 0.011884 1.032121 0.039177
v 0.015667 1.032121 0.037824
v 0.020229 1.006281 0.037846
v 0.023841 1.006281 0.035681
v 0.020681 1.019350 0.038692
v 0.024374 1.019350 0.036478
v 0.027832 1.019350 0.033914
v 0.019299 1.032121 0.036106
v 0.022745 1.032121 0.034041
v -0.000000 0.940593 0.032593
v 0.003195 0.940593 0.032436
v 0.006358 0.940593 0.031966
v 0.009461 0.940593 0.031189
v 0.012473 0.940593 0.030112
v 0.015364 0.940593 0.028744
v -0.000000 0.962000 0.030000
v 0.002941 0.962000 0.029856
v 0.005853 0.962000 0.029424
v -0.000000 0.985179 0.031084
v -0.000000 0.982069 0.030000
v -0.000000 0.983719 0.030271
v 0.003047 0.985179 0.030935
v 0.002941 0.982069 0.029856
v 0.002967 0.983719 0.030125
v 0.006064 0.985179 0.030487
v 0.005906 0.983719 0.029689
v 0.005853 0.982069 0.029424
v 0.008709 0.962000 0.028708
v 0.011481 0.962000 0.027716
v 0.014142 0.962000 0.026458
v 0.009023 0.985179 0.029746
v 0.008709 0.982069 0.028708
v 0.008787 0.983719 0.028968
v 0.011481 0.982069 0.027716
v 0.011584 0.983719 0.027967
v 0.011895 0.985179 0.028718
v 0.014142 0.982069 0.026458
v 0.014653 0.985179 0.027414
v 0.014270 0.983719 0.026697
v 0.016667 0.962000 0.024944
v 0.016667 0.982069 0.024944
v 0.016818 0.983719 0.025169
v 0.018107 0.940593 0.027100
v 0.020677 0.940593 0.025194
v 0.023046 0.940593 0.023046
v 0.025194 0.940593 0.020677
v 0.027100 0.940593 0.018107
v 0.017270 0.985179 0.025846
v 0.019032 0.962000 0.023190
v 0.021213 0.962000 0.021213
v 0.023190 0.962000 0.019032
v 0.019204 0.983719 0.023400
v 0.019720 0.985179 0.024028
v 0.019032 0.982069 0.023190
v 0.021213 0.982069 0.021213
v 0.021405 0.983719 0.021405
v 0.021980 0.985179 0.021980
v 0.023190 0.982069 0.019032
v 0.023400 0.983719 0.019204
v 0.024028 0.985179 0.019720
v 0.025846 0.985179 0.017270
v 0.028744 0.940593 0.015364
v 0.030112 0.940593 0.012473
v 0.031189 0.940593 0.009461
v 0.031966 0.940593 0.006358
v 0.032436 0.940593 0.003195
v 0.024944 0.962000 0.016667
v 0.024944 0.982069 0.016667
v 0.025169 0.983719 0.016818
v 0.026458 0.962000 0.014142
v 0.027716 0.962000 0.011481
v 0.028708 0.962000 0.008709
v 0.026458 0.982069 0.014142
v 0.026697 0.983719 0.014270
v 0.027414 0.985179 0.014653
v 0.027716 0.982069 0.011481
v 0.027967 0.983719 0.011584
v 0.028718 0.985179 0.011895
v 0.028708 0.982069 0.008709
v 0.028968 0.983719 0.008787
v 0.029746 0.985179 0.009023
v 0.029424 0.962000 0.005853
v 0.029856 0.962000 0.002941
v 0.029424 0.982069 0.005853
v 0.029689 0.983719 0.005906
v 0.030487 0.985179 0.006064
v 0.029856 0.982069 0.002941
v 0.030125 0.983719 0.002967
v 0.030935 0.985179 0.003047
v 0.006707 1.043463 0.033717
v -0.000000 1.052368 0.024766
v 0.002427 1.052368 0.024646
v 0.004832 1.052368 0.024290
v 0.007189 1.052368 0.023699
v 0.009979 1.043463 0.032897
v 0.013156 1.043463 0.031761
v 0.016205 1.043463 0.030318
v 0.009477 1.052368 0.022880
v 0.011674 1.052368 0.021841
v 0.013759 1.052368 0.020592
v 0.015711 1.052368 0.019144
v -0.000000 1.058049 0.012957
v 0.001270 1.058049 0.012895
v 0.002528 1.058049 0.012708
v 0.003761 1.058049 0.012399
v 0.004959 1.058049 0.011971
v 0.006108 1.058049 0.011427
v 0.007199 1.058049 0.010774
v 0.008220 1.058049 0.010016
v 0.009162 1.058049 0.009162
v 0.010016 1.058049 0.008220
v 0.010774 1.058049 0.007199
v 0.011427 1.058049 0.006108
v 0.011971 1.058049 0.004959
v 0.012399 1.058049 0.003761
v 0.012708 1.058049 0.002528
v 0.012895 1.058049 0.001270
v 0.017983 0.994075 0.033644
v 0.021194 0.994075 0.031719
v 0.024201 0.994075 0.029489
v 0.027224 1.006281 0.033172
v 0.026975 0.994075 0.026975
v 0.030344 1.006281 0.030344
v 0.033172 1.006281 0.027224
v 0.031022 1.019350 0.031022
v 0.029489 0.994075 0.024201
v 0.031719 0.994075 0.021194
v 0.033644 0.994075 0.017983
v 0.019099 1.043463 0.028584
v 0.021809 1.043463 0.026574
v 0.017512 1.052368 0.017512
v 0.024309 1.043463 0.024309
v 0.025972 1.032121 0.031647
v 0.028949 1.032121 0.028949
v 0.031647 1.032121 0.025972
v 0.026574 1.043463 0.021809
v 0.028584 1.043463 0.019099
v 0.019144 1.052368 0.015711
v 0.020592 1.052368 0.013759
v 0.021841 1.052368 0.011674
v 0.022880 1.052368 0.009477
v 0.023699 1.052368 0.007189
v 0.024290 1.052368 0.004832
v 0.024646 1.052368 0.002427
v 0.030318 1.043463 0.016205
v 0.031761 1.043463 0.013156
v 0.032897 1.043463 0.009979
v 0.033717 1.043463 0.006707
v 0.033914 1.019350 0.027832
v 0.035681 1.006281 0.023841
v 0.037846 1.006281 0.020229
v 0.036478 1.019350 0.024374
v 0.038692 1.019350 0.020681
v 0.034041 1.032121 0.022745
v 0.036106 1.032121 0.019299
v 0.035244 0.994075 0.014599
v 0.036506 0.994075 0.011074
v 0.039647 1.006281 0.016422
v 0.041065 1.006281 0.012457
v 0.040533 1.019350 0.016789
v 0.041983 1.019350 0.012735
v 0.037415 0.994075 0.007442
v 0.037965 0.994075 0.003739
v 0.042089 1.006281 0.008372
v 0.043029 1.019350 0.008559
v 0.042707 1.006281 0.004206
v 0.043661 1.019350 0.004300
v 0.037824 1.032121 0.015667
v 0.039177 1.032121 0.011884
v 0.040154 1.032121 0.007987
v 0.040743 1.032121 0.004013
v 0.034212 1.043463 0.003370
v 0.074933 0.911875 0.112144
v 0.070002 0.895000 0.104765
v 0.085564 0.911875 0.104260
v 0.079934 0.895000 0.097399
v 0.068563 0.863499 0.083544
v 0.076421 0.863499 0.076421
v 0.083544 0.863499 0.068563
v 0.067620 0.920667 0.067620
v 0.089095 0.895000 0.089095
v 0.095371 0.911875 0.095371
v 0.097399 0.895000 0.079934
v 0.104260 0.911875 0.085564
v 0.104765 0.895000 0.070002
v 0.112144 0.911875 0.074933
v 0.069072 0.930481 0.118132
v 0.071461 0.940171 0.114004
v 0.072013 0.937678 0.116369
v 0.071905 0.936893 0.116434
v 0.074827 0.940171 0.111986
v 0.076113 0.928000 0.113911
v 0.076113 0.937678 0.113911
v 0.086912 0.928000 0.105902
v 0.086912 0.937678 0.105902
v 0.085443 0.940171 0.104113
v 0.069269 0.940796 0.084404
v 0.070701 0.941893 0.086150
v 0.077208 0.940796 0.077208
v 0.078805 0.941893 0.078805
v 0.096874 0.928000 0.096874
v 0.096874 0.937678 0.096874
v 0.095236 0.940171 0.095236
v 0.086150 0.941893 0.070701
v 0.084404 0.940796 0.069269
v 0.104113 0.940171 0.085443
v 0.105902 0.928000 0.086912
v 0.105902 0.937678 0.086912
v 0.113911 0.928000 0.076113
v 0.113911 0.937678 0.076113
v 0.111986 0.940171 0.074827
v 0.116369 0.937678 0.072013
v 0.116434 0.936893 0.071905
v 0.114004 0.940171 0.071461
v 0.118131 0.930481 0.069072
v 0.072311 0.826050 0.059344
v 0.077780 0.826050 0.051971
v 0.082499 0.826050 0.044097
v 0.086424 0.826050 0.035798
v 0.073923 0.920667 0.060667
v 0.079513 0.920667 0.053129
v 0.084338 0.920667 0.045079
v 0.089862 0.863499 0.060044
v 0.095314 0.863499 0.050947
v 0.099849 0.863499 0.041359
v 0.085153 0.925393 0.049904
v 0.085944 0.923371 0.045938
v 0.086216 0.922126 0.043405
v 0.088350 0.920667 0.036596
v 0.088558 0.921000 0.036682
v 0.088558 0.921000 0.036682
v 0.089517 0.826050 0.027155
v 0.091748 0.826050 0.018250
v 0.093095 0.826050 0.009169
v 0.069325 0.910667 0.028715
v 0.071806 0.910667 0.021782
v 0.073595 0.910667 0.014639
v 0.074676 0.910667 0.007355
v 0.091656 0.922126 0.030272
v 0.091512 0.920667 0.027760
v 0.093255 0.923371 0.028289
v 0.095500 0.925393 0.024924
v 0.093792 0.920667 0.018656
v 0.095169 0.920667 0.009373
v 0.111122 0.895000 0.059396
v 0.116409 0.895000 0.048218
v 0.118949 0.911875 0.063580
v 0.120513 0.925329 0.064415
v 0.120455 0.925393 0.064527
v 0.122814 0.922126 0.058564
v 0.124608 0.911875 0.051614
v 0.125719 0.921000 0.052075
v 0.125719 0.921000 0.052075
v 0.120574 0.895000 0.036576
v 0.128254 0.922126 0.045431
v 0.129067 0.911875 0.039152
v 0.130764 0.925329 0.039667
v 0.130803 0.925393 0.039547
v 0.103422 0.863499 0.031373
v 0.105999 0.863499 0.021085
v 0.107555 0.863499 0.010593
v 0.123579 0.895000 0.024581
v 0.132283 0.911875 0.026313
v 0.125393 0.895000 0.012350
v 0.134226 0.911875 0.013220
v 0.087934 0.936893 0.060100
v 0.090056 0.940796 0.061648
v 0.092098 0.941893 0.062682
v 0.085706 0.930481 0.055641
v 0.086993 0.934022 0.058127
v 0.096380 0.941562 0.064399
v 0.099947 0.930481 0.021259
v 0.119421 0.928000 0.066921
v 0.131764 0.928000 0.037123
v 0.132373 0.930481 0.034690
v 0.102615 0.934022 0.020411
v 0.104676 0.936893 0.019682
v 0.107271 0.940796 0.020087
v 0.109446 0.941893 0.020800
v 0.113687 0.941562 0.022614
v 0.108663 0.940796 0.010702
v 0.110911 0.941893 0.010924
v 0.131143 0.940171 0.030083
v 0.133206 0.937678 0.031365
v 0.133175 0.936893 0.031487
v 0.134368 0.928000 0.026727
v 0.132097 0.940171 0.026276
v 0.134368 0.937678 0.026727
v 0.134036 0.940171 0.013201
v 0.136340 0.928000 0.013428
v 0.136340 0.937678 0.013428
v 0.000000 0.000000 0.000000
v 0.000000 0.132263 -0.117999
v 0.011566 0.132263 -0.117431
v 0.000000 0.117544 -0.131190
v 0.012859 0.117544 -0.130558
v 0.023020 0.132263 -0.115731
v 0.025594 0.117544 -0.128669
v 0.065557 0.132263 -0.098112
v 0.034253 0.132263 -0.112918
v 0.045156 0.132263 -0.109017
v 0.038082 0.117544 -0.125541
v 0.050204 0.117544 -0.121204
v 0.055624 0.132263 -0.104066
v 0.061842 0.117544 -0.115699
v 0.000000 0.150000 -0.112000
v 0.010978 0.150000 -0.111461
v 0.021850 0.150000 -0.109848
v 0.032512 0.150000 -0.107177
v 0.052796 0.150000 -0.098775
v 0.062224 0.150000 -0.093125
v 0.042861 0.150000 -0.103475
v 0.098112 0.132263 -0.065557
v 0.117999 0.132263 0.000000
v 0.117431 0.132263 -0.011566
v 0.115731 0.132263 -0.023020
v 0.131190 0.117544 0.000000
v 0.130558 0.117544 -0.012859
v 0.128669 0.117544 -0.025594
v 0.109017 0.132263 -0.045156
v 0.112918 0.132263 -0.034253
v 0.104066 0.132263 -0.055624
v 0.115699 0.117544 -0.061842
v 0.125541 0.117544 -0.038082
v 0.121204 0.117544 -0.050204
v 0.098775 0.150000 -0.052796
v 0.093125 0.150000 -0.062224
v 0.112000 0.150000 0.000000
v 0.111461 0.150000 -0.010978
v 0.107177 0.150000 -0.032512
v 0.109848 0.150000 -0.021850
v 0.103475 0.150000 -0.042861
v 0.083438 0.132263 -0.083438
v 0.074858 0.132263 -0.091214
v 0.091214 0.132263 -0.074858
v 0.092765 0.117544 -0.092765
v 0.072885 0.117544 -0.109080
v 0.083226 0.117544 -0.101411
v 0.071447 0.105982 -0.133669
v 0.084205 0.105982 -0.126022
v 0.096152 0.105982 -0.117162
v 0.109080 0.117544 -0.072885
v 0.101411 0.117544 -0.083226
v 0.117162 0.105982 -0.096152
v 0.126022 0.105982 -0.084205
v 0.133669 0.105982 -0.071447
v 0.107173 0.105982 -0.107173
v 0.126656 0.097715 -0.126656
v 0.079196 0.150000 -0.079196
v 0.071052 0.150000 -0.086577
v 0.086577 0.150000 -0.071052
v 0.057894 0.388750 -0.057894
v 0.051941 0.388750 -0.063290
v 0.063290 0.388750 -0.051941
v 0.000000 0.486094 -0.066016
v 0.006471 0.486094 -0.065698
v 0.012879 0.486094 -0.064747
v 0.019163 0.486094 -0.063173
v 0.025263 0.486094 -0.060990
v 0.031120 0.486094 -0.058221
v 0.066016 0.486094 0.000000
v 0.065698 0.486094 -0.006471
v 0.064747 0.486094 -0.012879
v 0.058221 0.486094 -0.031120
v 0.063173 0.486094 -0.019163
v 0.060990 0.486094 -0.025263
v 0.046680 0.486094 -0.046680
v 0.036676 0.486094 -0.054890
v 0.041880 0.486094 -0.051031
v 0.051031 0.486094 -0.041880
v 0.054890 0.486094 -0.036676
v 0.000000 0.274531 -0.099047
v 0.009708 0.274531 -0.098570
v 0.019323 0.274531 -0.097144
v 0.028752 0.274531 -0.094782
v 0.000000 0.388750 -0.081875
v 0.008025 0.388750 -0.081481
v 0.015973 0.388750 -0.080302
v 0.023767 0.388750 -0.078349
v 0.031332 0.388750 -0.075643
v 0.037904 0.274531 -0.091507
v 0.046690 0.274531 -0.087352
v 0.055027 0.274531 -0.082354
v 0.062835 0.274531 -0.076564
v 0.038596 0.388750 -0.072207
v 0.045487 0.388750 -0.068077
v 0.099047 0.274531 0.000000
v 0.098570 0.274531 -0.009708
v 0.097144 0.274531 -0.019323
v 0.094782 0.274531 -0.028752
v 0.081875 0.388750 0.000000
v 0.081481 0.388750 -0.008025
v 0.080302 0.388750 -0.015973
v 0.075643 0.388750 -0.031332
v 0.078349 0.388750 -0.023767
v 0.082354 0.274531 -0.055027
v 0.076564 0.274531 -0.062835
v 0.091507 0.274531 -0.037904
v 0.087352 0.274531 -0.046690
v 0.072207 0.388750 -0.038596
v 0.068077 0.388750 -0.045487
v 0.070037 0.274531 -0.070037
v 0.000000 0.105982 -0.151565
v 0.014856 0.105982 -0.150836
v 0.029569 0.105982 -0.148653
v 0.000000 0.097715 -0.179118
v 0.017557 0.097715 -0.178256
v 0.043997 0.105982 -0.145039
v 0.058002 0.105982 -0.140028
v 0.034944 0.097715 -0.175676
v 0.051995 0.097715 -0.171405
v 0.000000 0.092880 -0.213840
v 0.000000 0.090720 -0.224640
v 0.020960 0.092880 -0.212810
v 0.022019 0.090720 -0.223558
v 0.000000 0.000000 -0.248400
v 0.000000 0.011880 -0.264600
v 0.000000 0.016548 -0.269268
v 0.000000 0.018316 -0.270000
v 0.000000 0.043200 -0.258120
v 0.000000 0.050095 -0.260815
v 0.000000 0.059120 -0.260960
v 0.000000 0.035236 -0.270000
v 0.000000 0.037431 -0.268697
v 0.024347 0.000000 -0.247204
v 0.025935 0.011880 -0.263326
v 0.026393 0.016548 -0.267971
v 0.026465 0.018316 -0.268700
v 0.025300 0.043200 -0.256877
v 0.025564 0.050095 -0.259559
v 0.025579 0.059120 -0.259703
v 0.026337 0.037431 -0.267403
v 0.026465 0.035236 -0.268700
v 0.000000 0.086075 -0.240395
v 0.000000 0.078400 -0.251320
v 0.000000 0.068985 -0.257985
v 0.023563 0.086075 -0.239237
v 0.024634 0.078400 -0.250110
v 0.025287 0.068985 -0.256743
v 0.041718 0.092880 -0.209731
v 0.043825 0.090720 -0.220324
v 0.046899 0.086075 -0.235776
v 0.062074 0.092880 -0.204632
v 0.065210 0.090720 -0.214967
v 0.048460 0.000000 -0.243627
v 0.050357 0.043200 -0.253160
v 0.051621 0.011880 -0.259516
v 0.052532 0.016548 -0.264094
v 0.052674 0.018316 -0.264812
v 0.050882 0.050095 -0.255803
v 0.050911 0.059120 -0.255946
v 0.052420 0.037431 -0.263534
v 0.052674 0.035236 -0.264812
v 0.049030 0.078400 -0.246491
v 0.050330 0.068985 -0.253028
v 0.068546 0.097715 -0.165484
v 0.099513 0.097715 -0.148931
v 0.084436 0.097715 -0.157968
v 0.081833 0.092880 -0.197562
v 0.100803 0.092880 -0.188590
v 0.113631 0.097715 -0.138460
v 0.105895 0.090720 -0.198115
v 0.118803 0.092880 -0.177801
v 0.124803 0.090720 -0.186781
v 0.133556 0.086075 -0.199881
v 0.095059 0.000000 -0.229492
v 0.069783 0.086075 -0.230044
v 0.085966 0.090720 -0.207540
v 0.091995 0.086075 -0.222096
v 0.096176 0.078400 -0.232189
v 0.072107 0.000000 -0.237704
v 0.074928 0.043200 -0.247005
v 0.075711 0.050095 -0.249584
v 0.075753 0.059120 -0.249723
v 0.076809 0.011880 -0.253206
v 0.078164 0.016548 -0.257673
v 0.078377 0.018316 -0.258374
v 0.077999 0.037431 -0.257127
v 0.078377 0.035236 -0.258374
v 0.098778 0.043200 -0.238472
v 0.099810 0.050095 -0.240962
v 0.099865 0.059120 -0.241096
v 0.072954 0.078400 -0.240498
v 0.074889 0.068985 -0.246876
v 0.098727 0.068985 -0.238347
v 0.117095 0.000000 -0.219069
v 0.124732 0.011880 -0.233356
v 0.121677 0.043200 -0.227642
v 0.122947 0.050095 -0.230018
v 0.123016 0.059120 -0.230146
v 0.113321 0.086075 -0.212009
v 0.118471 0.078400 -0.221644
v 0.121613 0.068985 -0.227522
v 0.101258 0.011880 -0.244459
v 0.103044 0.016548 -0.248771
v 0.103325 0.018316 -0.249447
v 0.102826 0.037431 -0.248244
v 0.103325 0.035236 -0.249447
v 0.126932 0.016548 -0.237473
v 0.127277 0.018316 -0.238119
v 0.127277 0.035236 -0.238119
v 0.126663 0.037431 -0.236970
v 0.151565 0.105982 0.000000
v 0.150836 0.105982 -0.014856
v 0.148653 0.105982 -0.029569
v 0.145039 0.105982 -0.043997
v 0.140028 0.105982 -0.058002
v 0.179118 0.097715 0.000000
v 0.178256 0.097715 -0.017557
v 0.175676 0.097715 -0.034944
v 0.171405 0.097715 -0.051995
v 0.148931 0.097715 -0.099513
v 0.165484 0.097715 -0.068546
v 0.157968 0.097715 -0.084436
v 0.138460 0.097715 -0.113631
v 0.197562 0.092880 -0.081833
v 0.188590 0.092880 -0.100803
v 0.177801 0.092880 -0.118803
v 0.198115 0.090720 -0.105895
v 0.186781 0.090720 -0.124803
v 0.199881 0.086075 -0.133556
v 0.213840 0.092880 0.000000
v 0.212810 0.092880 -0.020960
v 0.224640 0.090720 0.000000
v 0.223558 0.090720 -0.022019
v 0.209731 0.092880 -0.041718
v 0.204632 0.092880 -0.062074
v 0.214967 0.090720 -0.065210
v 0.220324 0.090720 -0.043825
v 0.235776 0.086075 -0.046899
v 0.248400 0.000000 0.000000
v 0.247204 0.000000 -0.024347
v 0.264600 0.011880 0.000000
v 0.269268 0.016548 0.000000
v 0.270000 0.018316 0.000000
v 0.258120 0.043200 0.000000
v 0.260815 0.050095 0.000000
v 0.260960 0.059120 0.000000
v 0.270000 0.035236 0.000000
v 0.268697 0.037431 0.000000
v 0.263326 0.011880 -0.025935
v 0.267971 0.016548 -0.026393
v 0.268700 0.018316 -0.026465
v 0.256877 0.043200 -0.025300
v 0.259559 0.050095 -0.025564
v 0.259703 0.059120 -0.025579
v 0.267403 0.037431 -0.026337
v 0.268700 0.035236 -0.026465
v 0.240395 0.086075 0.000000
v 0.251320 0.078400 0.000000
v 0.239237 0.086075 -0.023563
v 0.250110 0.078400 -0.024634
v 0.257985 0.068985 0.000000
v 0.256743 0.068985 -0.025287
v 0.243627 0.000000 -0.048460
v 0.253160 0.043200 -0.050357
v 0.259516 0.011880 -0.051621
v 0.264094 0.016548 -0.052532
v 0.264812 0.018316 -0.052674
v 0.255803 0.050095 -0.050882
v 0.255946 0.059120 -0.050911
v 0.263534 0.037431 -0.052420
v 0.264812 0.035236 -0.052674
v 0.246491 0.078400 -0.049030
v 0.253028 0.068985 -0.050330
v 0.229492 0.000000 -0.095059
v 0.207540 0.090720 -0.085966
v 0.230044 0.086075 -0.069783
v 0.222096 0.086075 -0.091995
v 0.232189 0.078400 -0.096176
v 0.219069 0.000000 -0.117095
v 0.233356 0.011880 -0.124732
v 0.227642 0.043200 -0.121677
v 0.230018 0.050095 -0.122947
v 0.230146 0.059120 -0.123016
v 0.212009 0.086075 -0.113321
v 0.221644 0.078400 -0.118471
v 0.227522 0.068985 -0.121613
v 0.237704 0.000000 -0.072107
v 0.247005 0.043200 -0.074928
v 0.249584 0.050095 -0.075711
v 0.249723 0.059120 -0.075753
v 0.238472 0.043200 -0.098778
v 0.240962 0.050095 -0.099810
v 0.241096 0.059120 -0.099865
v 0.253206 0.011880 -0.076809
v 0.257673 0.016548 -0.078164
v 0.258374 0.018316 -0.078377
v 0.257127 0.037431 -0.077999
v 0.258374 0.035236 -0.078377
v 0.240498 0.078400 -0.072954
v 0.246876 0.068985 -0.074889
v 0.238347 0.068985 -0.098727
v 0.244459 0.011880 -0.101258
v 0.248771 0.016548 -0.103044
v 0.249447 0.018316 -0.103325
v 0.248244 0.037431 -0.102826
v 0.249447 0.035236 -0.103325
v 0.237473 0.016548 -0.126932
v 0.238119 0.018316 -0.127277
v 0.238119 0.035236 -0.127277
v 0.236970 0.037431 -0.126663
v 0.151208 0.092880 -0.151208
v 0.135659 0.092880 -0.165301
v 0.165301 0.092880 -0.135659
v 0.158844 0.090720 -0.158844
v 0.157583 0.000000 -0.192016
v 0.163750 0.043200 -0.199529
v 0.165459 0.050095 -0.201613
v 0.165551 0.059120 -0.201725
v 0.142510 0.090720 -0.173649
v 0.152505 0.086075 -0.185828
v 0.159436 0.078400 -0.194273
v 0.163664 0.068985 -0.199425
v 0.192016 0.000000 -0.157583
v 0.199529 0.043200 -0.163750
v 0.201613 0.050095 -0.165459
v 0.201725 0.059120 -0.165551
v 0.173649 0.090720 -0.142510
v 0.185828 0.086075 -0.152505
v 0.194273 0.078400 -0.159436
v 0.199425 0.068985 -0.163664
v 0.175645 0.000000 -0.175645
v 0.182518 0.043200 -0.182518
v 0.184424 0.050095 -0.184424
v 0.184527 0.059120 -0.184527
v 0.187100 0.011880 -0.187100
v 0.190401 0.016548 -0.190401
v 0.190919 0.018316 -0.190919
v 0.190919 0.035236 -0.190919
v 0.189998 0.037431 -0.189998
v 0.169985 0.086075 -0.169985
v 0.177710 0.078400 -0.177710
v 0.182423 0.068985 -0.182423
v 0.138004 0.000000 -0.206537
v 0.143404 0.043200 -0.214619
v 0.144901 0.050095 -0.216860
v 0.144982 0.059120 -0.216980
v 0.147004 0.011880 -0.220007
v 0.149597 0.016548 -0.223888
v 0.150004 0.018316 -0.224497
v 0.149280 0.037431 -0.223414
v 0.150004 0.035236 -0.224497
v 0.167860 0.011880 -0.204539
v 0.139626 0.078400 -0.208965
v 0.143329 0.068985 -0.214507
v 0.170822 0.016548 -0.208147
v 0.171286 0.018316 -0.208713
v 0.170460 0.037431 -0.207706
v 0.171286 0.035236 -0.208713
v 0.206537 0.000000 -0.138004
v 0.214619 0.043200 -0.143404
v 0.216860 0.050095 -0.144901
v 0.216980 0.059120 -0.144982
v 0.204539 0.011880 -0.167860
v 0.220007 0.011880 -0.147004
v 0.223888 0.016548 -0.149597
v 0.224497 0.018316 -0.150004
v 0.223414 0.037431 -0.149280
v 0.224497 0.035236 -0.150004
v 0.208965 0.078400 -0.139626
v 0.214507 0.068985 -0.143329
v 0.208147 0.016548 -0.170822
v 0.208713 0.018316 -0.171286
v 0.207706 0.037431 -0.170460
v 0.208713 0.035236 -0.171286
v 0.000000 0.555516 -0.057547
v 0.000000 0.557478 -0.057590
v 0.000000 0.558879 -0.058266
v 0.005641 0.555516 -0.057270
v 0.005645 0.557478 -0.057313
v 0.005711 0.558879 -0.057986
v 0.000000 0.559720 -0.059575
v 0.000000 0.560000 -0.061518
v 0.005839 0.559720 -0.059288
v 0.006030 0.560000 -0.061221
v 0.011227 0.555516 -0.056441
v 0.011235 0.557478 -0.056483
v 0.011367 0.558879 -0.057147
v 0.011623 0.559720 -0.058431
v 0.016705 0.555516 -0.055069
v 0.016718 0.557478 -0.055110
v 0.012001 0.560000 -0.060336
v 0.031971 0.555516 -0.047849
v 0.031995 0.557478 -0.047884
v 0.032371 0.558879 -0.048447
v 0.033098 0.559720 -0.049535
v 0.016914 0.558879 -0.055757
v 0.017294 0.559720 -0.057010
v 0.017858 0.560000 -0.058869
v 0.022022 0.555516 -0.053167
v 0.022039 0.557478 -0.053206
v 0.022297 0.558879 -0.053831
v 0.022798 0.559720 -0.055040
v 0.023542 0.560000 -0.056835
v 0.027127 0.555516 -0.050752
v 0.027148 0.557478 -0.050790
v 0.027466 0.558879 -0.051386
v 0.028084 0.559720 -0.052541
v 0.028999 0.560000 -0.054254
v 0.000000 0.622358 -0.062112
v 0.000000 0.619753 -0.064348
v 0.006088 0.622358 -0.061813
v 0.006307 0.619753 -0.064038
v 0.013302 0.600002 -0.066875
v 0.013410 0.599377 -0.067418
v 0.013266 0.600954 -0.066693
v 0.013266 0.601326 -0.066693
v 0.012554 0.619753 -0.063111
v 0.012117 0.622358 -0.060919
v 0.000000 0.657012 -0.063761
v 0.006250 0.657012 -0.063454
v 0.012439 0.657012 -0.062536
v 0.023769 0.622358 -0.057384
v 0.019793 0.600002 -0.065249
v 0.019739 0.600954 -0.065072
v 0.019739 0.601326 -0.065072
v 0.019954 0.599377 -0.065779
v 0.020222 0.599081 -0.066662
v 0.020224 0.603104 -0.066671
v 0.018679 0.619753 -0.061577
v 0.018030 0.622358 -0.059438
v 0.024625 0.619753 -0.059449
v 0.029279 0.622358 -0.054778
v 0.030333 0.619753 -0.056750
v 0.026093 0.600002 -0.062994
v 0.026022 0.600954 -0.062824
v 0.026022 0.601326 -0.062824
v 0.026305 0.599377 -0.063506
v 0.026659 0.599081 -0.064359
v 0.026662 0.603104 -0.064367
v 0.032142 0.600002 -0.060134
v 0.032403 0.599377 -0.060622
v 0.032055 0.600954 -0.059971
v 0.032055 0.601326 -0.059971
v 0.032838 0.599081 -0.061436
v 0.032843 0.603104 -0.061444
v 0.024400 0.657012 -0.058907
v 0.018509 0.657012 -0.061015
v 0.030057 0.657012 -0.056232
v 0.047849 0.555516 -0.031971
v 0.047884 0.557478 -0.031995
v 0.048447 0.558879 -0.032371
v 0.049535 0.559720 -0.033098
v 0.057547 0.555516 0.000000
v 0.057590 0.557478 0.000000
v 0.058266 0.558879 0.000000
v 0.057270 0.555516 -0.005641
v 0.057313 0.557478 -0.005645
v 0.057986 0.558879 -0.005711
v 0.056441 0.555516 -0.011227
v 0.056483 0.557478 -0.011235
v 0.057147 0.558879 -0.011367
v 0.058431 0.559720 -0.011623
v 0.055069 0.555516 -0.016705
v 0.055110 0.557478 -0.016718
v 0.059575 0.559720 0.000000
v 0.061518 0.560000 0.000000
v 0.059288 0.559720 -0.005839
v 0.061221 0.560000 -0.006030
v 0.060336 0.560000 -0.012001
v 0.053167 0.555516 -0.022022
v 0.053206 0.557478 -0.022039
v 0.053831 0.558879 -0.022297
v 0.055757 0.558879 -0.016914
v 0.057010 0.559720 -0.017294
v 0.058869 0.560000 -0.017858
v 0.055040 0.559720 -0.022798
v 0.056835 0.560000 -0.023542
v 0.050752 0.555516 -0.027127
v 0.050790 0.557478 -0.027148
v 0.051386 0.558879 -0.027466
v 0.052541 0.559720 -0.028084
v 0.054254 0.560000 -0.028999
v 0.062112 0.622358 0.000000
v 0.061813 0.622358 -0.006088
v 0.064348 0.619753 0.000000
v 0.064038 0.619753 -0.006307
v 0.066875 0.600002 -0.013302
v 0.067418 0.599377 -0.013410
v 0.066693 0.600954 -0.013266
v 0.066693 0.601326 -0.013266
v 0.063111 0.619753 -0.012554
v 0.060919 0.622358 -0.012117
v 0.063761 0.657012 0.000000
v 0.063454 0.657012 -0.006250
v 0.062536 0.657012 -0.012439
v 0.057384 0.622358 -0.023769
v 0.054778 0.622358 -0.029279
v 0.056750 0.619753 -0.030333
v 0.065249 0.600002 -0.019793
v 0.065072 0.600954 -0.019739
v 0.065072 0.601326 -0.019739
v 0.065779 0.599377 -0.019954
v 0.066662 0.599081 -0.020222
v 0.066671 0.603104 -0.020224
v 0.061577 0.619753 -0.018679
v 0.059438 0.622358 -0.018030
v 0.059449 0.619753 -0.024625
v 0.062994 0.600002 -0.026093
v 0.062824 0.600954 -0.026022
v 0.062824 0.601326 -0.026022
v 0.060134 0.600002 -0.032142
v 0.060622 0.599377 -0.032403
v 0.059971 0.600954 -0.032055
v 0.059971 0.601326 -0.032055
v 0.061436 0.599081 -0.032838
v 0.061444 0.603104 -0.032843
v 0.063506 0.599377 -0.026305
v 0.064359 0.599081 -0.026659
v 0.064367 0.603104 -0.026662
v 0.058907 0.657012 -0.024400
v 0.056232 0.657012 -0.030057
v 0.061015 0.657012 -0.018509
v 0.040692 0.555516 -0.040692
v 0.040722 0.557478 -0.040722
v 0.041200 0.558879 -0.041200
v 0.042126 0.559720 -0.042126
v 0.036507 0.555516 -0.044484
v 0.036535 0.557478 -0.044518
v 0.036964 0.558879 -0.045040
v 0.037794 0.559720 -0.046052
v 0.039026 0.560000 -0.047554
v 0.044484 0.555516 -0.036507
v 0.044518 0.557478 -0.036535
v 0.045040 0.558879 -0.036964
v 0.046052 0.559720 -0.037794
v 0.047554 0.560000 -0.039026
v 0.043500 0.560000 -0.043500
v 0.034177 0.560000 -0.051150
v 0.051150 0.560000 -0.034177
v 0.040822 0.619753 -0.049741
v 0.039404 0.622358 -0.048013
v 0.049741 0.619753 -0.040822
v 0.048013 0.622358 -0.039404
v 0.048214 0.600002 -0.048214
v 0.048083 0.600954 -0.048083
v 0.048083 0.601326 -0.048083
v 0.048606 0.599377 -0.048606
v 0.049259 0.599081 -0.049259
v 0.049265 0.603104 -0.049265
v 0.045501 0.619753 -0.045501
v 0.043920 0.622358 -0.043920
v 0.040450 0.657012 -0.049288
v 0.049288 0.657012 -0.040450
v 0.045086 0.657012 -0.045086
v 0.037881 0.600002 -0.056693
v 0.037779 0.600954 -0.056540
v 0.037779 0.601326 -0.056540
v 0.038189 0.599377 -0.057154
v 0.038702 0.599081 -0.057922
v 0.038707 0.603104 -0.057929
v 0.035750 0.619753 -0.053503
v 0.034508 0.622358 -0.051644
v 0.043256 0.600002 -0.052707
v 0.043139 0.600954 -0.052565
v 0.043139 0.601326 -0.052565
v 0.043607 0.599377 -0.053136
v 0.044193 0.599081 -0.053850
v 0.044199 0.603104 -0.053856
v 0.035424 0.657012 -0.053015
v 0.056693 0.600002 -0.037881
v 0.056540 0.600954 -0.037779
v 0.056540 0.601326 -0.037779
v 0.057154 0.599377 -0.038189
v 0.057922 0.599081 -0.038702
v 0.057929 0.603104 -0.038707
v 0.053503 0.619753 -0.035750
v 0.051644 0.622358 -0.034508
v 0.052707 0.600002 -0.043256
v 0.052565 0.600954 -0.043139
v 0.052565 0.601326 -0.043139
v 0.053136 0.599377 -0.043607
v 0.053850 0.599081 -0.044193
v 0.053856 0.603104 -0.044199
v 0.053015 0.657012 -0.035424
v 0.006618 0.698134 -0.067191
v 0.013172 0.698134 -0.066219
v 0.019599 0.698134 -0.064609
v 0.025837 0.698134 -0.062377
v 0.031827 0.698134 -0.059544
v 0.067191 0.698134 -0.006618
v 0.066219 0.698134 -0.013172
v 0.064609 0.698134 -0.019599
v 0.062377 0.698134 -0.025837
v 0.059544 0.698134 -0.031827
v 0.047741 0.698134 -0.047741
v 0.037510 0.698134 -0.056138
v 0.042832 0.698134 -0.052191
v 0.056138 0.698134 -0.037510
v 0.052191 0.698134 -0.042832
v 0.034669 0.741356 -0.064861
v 0.040860 0.741356 -0.061151
v 0.046657 0.741356 -0.056851
v 0.056851 0.741356 -0.046657
v 0.061151 0.741356 -0.040860
v 0.064861 0.741356 -0.034669
v 0.052004 0.741356 -0.052004
v 0.058073 0.784665 -0.058073
v 0.052102 0.784665 -0.063486
v 0.063486 0.784665 -0.052102
v 0.000000 0.600002 -0.068185
v 0.000000 0.599377 -0.068739
v 0.000000 0.600954 -0.068000
v 0.000000 0.601326 -0.068000
v 0.000000 0.599081 -0.069662
v 0.000000 0.603104 -0.069671
v 0.006683 0.600002 -0.067856
v 0.006738 0.599377 -0.068408
v 0.006828 0.599081 -0.069327
v 0.006665 0.600954 -0.067673
v 0.006665 0.601326 -0.067673
v 0.006829 0.603104 -0.069335
v 0.013590 0.599081 -0.068324
v 0.013592 0.603104 -0.068332
v 0.000000 0.604883 -0.098125
v 0.000000 0.606879 -0.100000
v 0.000000 0.616188 -0.098209
v 0.000000 0.614199 -0.100000
v 0.009618 0.604883 -0.097652
v 0.009802 0.606879 -0.099518
v 0.009626 0.616188 -0.097736
v 0.009802 0.614199 -0.099518
v 0.019143 0.604883 -0.096239
v 0.019509 0.606879 -0.098079
v 0.019160 0.616188 -0.096322
v 0.019509 0.614199 -0.098079
v 0.028484 0.604883 -0.093900
v 0.029028 0.606879 -0.095694
v 0.028509 0.616188 -0.093981
v 0.029028 0.614199 -0.095694
v 0.000000 0.560000 -0.112000
v 0.010978 0.560000 -0.111461
v 0.011631 0.562331 -0.118089
v 0.000000 0.594000 -0.112000
v 0.010978 0.594000 -0.111461
v 0.011631 0.591669 -0.118089
v 0.000000 0.562331 -0.118661
v 0.000000 0.564219 -0.120000
v 0.000000 0.591669 -0.118661
v 0.000000 0.589781 -0.120000
v 0.011762 0.564219 -0.119422
v 0.011762 0.589781 -0.119422
v 0.021850 0.560000 -0.109848
v 0.023150 0.562331 -0.116381
v 0.032512 0.560000 -0.107177
v 0.023411 0.564219 -0.117694
v 0.021850 0.594000 -0.109848
v 0.023150 0.591669 -0.116381
v 0.023411 0.589781 -0.117694
v 0.032512 0.594000 -0.107177
v 0.052796 0.560000 -0.098775
v 0.062224 0.560000 -0.093125
v 0.065924 0.562331 -0.098663
v 0.052796 0.594000 -0.098775
v 0.066668 0.564219 -0.099776
v 0.062224 0.594000 -0.093125
v 0.065924 0.591669 -0.098663
v 0.066668 0.589781 -0.099776
v 0.037551 0.604883 -0.090655
v 0.038268 0.606879 -0.092388
v 0.037583 0.616188 -0.090734
v 0.038268 0.614199 -0.092388
v 0.046256 0.604883 -0.086538
v 0.047140 0.606879 -0.088192
v 0.046296 0.616188 -0.086613
v 0.047140 0.614199 -0.088192
v 0.054515 0.604883 -0.081588
v 0.055557 0.606879 -0.083147
v 0.054562 0.616188 -0.081658
v 0.055557 0.614199 -0.083147
v 0.062250 0.604883 -0.075851
v 0.062303 0.616188 -0.075917
v 0.063439 0.606879 -0.077301
v 0.063439 0.614199 -0.077301
v 0.034445 0.562331 -0.113551
v 0.042861 0.560000 -0.103475
v 0.045409 0.562331 -0.109628
v 0.034834 0.564219 -0.114833
v 0.034445 0.591669 -0.113551
v 0.034834 0.589781 -0.114833
v 0.042861 0.594000 -0.103475
v 0.045409 0.591669 -0.109628
v 0.045922 0.564219 -0.110866
v 0.045922 0.589781 -0.110866
v 0.055936 0.562331 -0.104649
v 0.056568 0.564219 -0.105831
v 0.055936 0.591669 -0.104649
v 0.056568 0.589781 -0.105831
v 0.000000 0.698134 -0.067516
v 0.000000 0.741356 -0.073545
v 0.007209 0.741356 -0.073191
v 0.014348 0.741356 -0.072132
v 0.000000 0.784665 -0.082128
v 0.008050 0.784665 -0.081733
v 0.016022 0.784665 -0.080550
v 0.021349 0.741356 -0.070378
v 0.028145 0.741356 -0.067947
v 0.023841 0.784665 -0.078592
v 0.031429 0.784665 -0.075877
v 0.038715 0.784665 -0.072431
v 0.045628 0.784665 -0.068287
v 0.068185 0.600002 0.000000
v 0.068739 0.599377 0.000000
v 0.068000 0.600954 0.000000
v 0.068000 0.601326 0.000000
v 0.069662 0.599081 0.000000
v 0.069671 0.603104 0.000000
v 0.067856 0.600002 -0.006683
v 0.068408 0.599377 -0.006738
v 0.069327 0.599081 -0.006828
v 0.067673 0.600954 -0.006665
v 0.067673 0.601326 -0.006665
v 0.069335 0.603104 -0.006829
v 0.068324 0.599081 -0.013590
v 0.068332 0.603104 -0.013592
v 0.098125 0.604883 0.000000
v 0.100000 0.606879 0.000000
v 0.098209 0.616188 0.000000
v 0.100000 0.614199 0.000000
v 0.097652 0.604883 -0.009618
v 0.099518 0.606879 -0.009802
v 0.097736 0.616188 -0.009626
v 0.099518 0.614199 -0.009802
v 0.096239 0.604883 -0.019143
v 0.098079 0.606879 -0.019509
v 0.096322 0.616188 -0.019160
v 0.098079 0.614199 -0.019509
v 0.093900 0.604883 -0.028484
v 0.095694 0.606879 -0.029028
v 0.093981 0.616188 -0.028509
v 0.095694 0.614199 -0.029028
v 0.098775 0.560000 -0.052796
v 0.093125 0.560000 -0.062224
v 0.098663 0.562331 -0.065924
v 0.098775 0.594000 -0.052796
v 0.099776 0.564219 -0.066668
v 0.093125 0.594000 -0.062224
v 0.098663 0.591669 -0.065924
v 0.099776 0.589781 -0.066668
v 0.075851 0.604883 -0.062250
v 0.075917 0.616188 -0.062303
v 0.081588 0.604883 -0.054515
v 0.083147 0.606879 -0.055557
v 0.081658 0.616188 -0.054562
v 0.083147 0.614199 -0.055557
v 0.077301 0.606879 -0.063439
v 0.077301 0.614199 -0.063439
v 0.090655 0.604883 -0.037551
v 0.092388 0.606879 -0.038268
v 0.090734 0.616188 -0.037583
v 0.092388 0.614199 -0.038268
v 0.086538 0.604883 -0.046256
v 0.088192 0.606879 -0.047140
v 0.086613 0.616188 -0.046296
v 0.088192 0.614199 -0.047140
v 0.112000 0.560000 0.000000
v 0.111461 0.560000 -0.010978
v 0.118089 0.562331 -0.011631
v 0.112000 0.594000 0.000000
v 0.111461 0.594000 -0.010978
v 0.118089 0.591669 -0.011631
v 0.107177 0.560000 -0.032512
v 0.109848 0.560000 -0.021850
v 0.116381 0.562331 -0.023150
v 0.107177 0.594000 -0.032512
v 0.117694 0.564219 -0.023411
v 0.109848 0.594000 -0.021850
v 0.116381 0.591669 -0.023150
v 0.117694 0.589781 -0.023411
v 0.118661 0.562331 0.000000
v 0.120000 0.564219 0.000000
v 0.118661 0.591669 0.000000
v 0.120000 0.589781 0.000000
v 0.119422 0.564219 -0.011762
v 0.119422 0.589781 -0.011762
v 0.103475 0.560000 -0.042861
v 0.109628 0.562331 -0.045409
v 0.113551 0.562331 -0.034445
v 0.103475 0.594000 -0.042861
v 0.109628 0.591669 -0.045409
v 0.114833 0.564219 -0.034834
v 0.113551 0.591669 -0.034445
v 0.114833 0.589781 -0.034834
v 0.110866 0.564219 -0.045922
v 0.110866 0.589781 -0.045922
v 0.104649 0.562331 -0.055936
v 0.105831 0.564219 -0.056568
v 0.104649 0.591669 -0.055936
v 0.105831 0.589781 -0.056568
v 0.067516 0.698134 0.000000
v 0.073545 0.741356 0.000000
v 0.073191 0.741356 -0.007209
v 0.072132 0.741356 -0.014348
v 0.082128 0.784665 0.000000
v 0.081733 0.784665 -0.008050
v 0.080550 0.784665 -0.016022
v 0.070378 0.741356 -0.021349
v 0.067947 0.741356 -0.028145
v 0.075877 0.784665 -0.031429
v 0.078592 0.784665 -0.023841
v 0.072431 0.784665 -0.038715
v 0.068287 0.784665 -0.045628
v 0.079196 0.560000 -0.079196
v 0.083906 0.562331 -0.083906
v 0.079196 0.594000 -0.079196
v 0.083906 0.591669 -0.083906
v 0.071052 0.560000 -0.086577
v 0.075278 0.562331 -0.091726
v 0.071052 0.594000 -0.086577
v 0.075278 0.591669 -0.091726
v 0.076127 0.564219 -0.092761
v 0.076127 0.589781 -0.092761
v 0.086577 0.560000 -0.071052
v 0.091726 0.562331 -0.075278
v 0.086577 0.594000 -0.071052
v 0.091726 0.591669 -0.075278
v 0.092761 0.564219 -0.076127
v 0.092761 0.589781 -0.076127
v 0.084853 0.564219 -0.084853
v 0.084853 0.589781 -0.084853
v 0.069385 0.604883 -0.069385
v 0.070711 0.606879 -0.070711
v 0.069445 0.616188 -0.069445
v 0.070711 0.614199 -0.070711
v 0.022264 0.922741 -0.033320
v 0.033320 0.922741 -0.022264
v 0.028337 0.922741 -0.028337
v 0.025423 0.922741 -0.030978
v 0.030978 0.922741 -0.025423
v 0.000000 0.922741 -0.040074
v 0.003928 0.922741 -0.039881
v 0.007818 0.922741 -0.039304
v 0.011633 0.922741 -0.038348
v 0.015336 0.922741 -0.037024
v 0.015095 0.912000 -0.049761
v 0.000000 0.912000 -0.052000
v 0.005097 0.912000 -0.051750
v 0.010145 0.912000 -0.051001
v 0.018891 0.922741 -0.035342
v 0.019900 0.912000 -0.048042
v 0.024513 0.912000 -0.045860
v 0.032988 0.912000 -0.040197
v 0.028890 0.912000 -0.043236
v 0.040074 0.922741 0.000000
v 0.039881 0.922741 -0.003928
v 0.039304 0.922741 -0.007818
v 0.037024 0.922741 -0.015336
v 0.038348 0.922741 -0.011633
v 0.049761 0.912000 -0.015095
v 0.035342 0.922741 -0.018891
v 0.040197 0.912000 -0.032988
v 0.045860 0.912000 -0.024513
v 0.048042 0.912000 -0.019900
v 0.043236 0.912000 -0.028890
v 0.052000 0.912000 0.000000
v 0.051750 0.912000 -0.005097
v 0.051001 0.912000 -0.010145
v 0.066146 0.826050 -0.066146
v 0.036770 0.912000 -0.036770
v 0.035372 0.910667 -0.066177
v 0.041688 0.910667 -0.062391
v 0.047603 0.910667 -0.058004
v 0.058004 0.910667 -0.047603
v 0.062391 0.910667 -0.041688
v 0.066177 0.910667 -0.035372
v 0.053059 0.910667 -0.053059
v 0.000000 0.940593 -0.032593
v 0.003195 0.940593 -0.032436
v 0.006358 0.940593 -0.031966
v 0.009461 0.940593 -0.031189
v 0.012473 0.940593 -0.030112
v 0.015364 0.940593 -0.028744
v 0.000000 0.962000 -0.030000
v 0.002941 0.962000 -0.029856
v 0.005853 0.962000 -0.029424
v 0.000000 0.982069 -0.030000
v 0.000000 0.983719 -0.030271
v 0.000000 0.985179 -0.031084
v 0.002941 0.982069 -0.029856
v 0.002967 0.983719 -0.030125
v 0.003047 0.985179 -0.030935
v 0.005853 0.982069 -0.029424
v 0.005906 0.983719 -0.029689
v 0.006064 0.985179 -0.030487
v 0.016667 0.962000 -0.024944
v 0.016667 0.982069 -0.024944
v 0.016818 0.983719 -0.025169
v 0.008709 0.962000 -0.028708
v 0.011481 0.962000 -0.027716
v 0.014142 0.962000 -0.026458
v 0.008709 0.982069 -0.028708
v 0.008787 0.983719 -0.028968
v 0.011481 0.982069 -0.027716
v 0.011584 0.983719 -0.027967
v 0.011895 0.985179 -0.028718
v 0.009023 0.985179 -0.029746
v 0.014142 0.982069 -0.026458
v 0.014270 0.983719 -0.026697
v 0.014653 0.985179 -0.027414
v 0.032593 0.940593 0.000000
v 0.032436 0.940593 -0.003195
v 0.031966 0.940593 -0.006358
v 0.028744 0.940593 -0.015364
v 0.031189 0.940593 -0.009461
v 0.030112 0.940593 -0.012473
v 0.024944 0.962000 -0.016667
v 0.024944 0.982069 -0.016667
v 0.025169 0.983719 -0.016818
v 0.029424 0.962000 -0.005853
v 0.030000 0.962000 0.000000
v 0.029856 0.962000 -0.002941
v 0.029424 0.982069 -0.005853
v 0.030000 0.982069 0.000000
v 0.030271 0.983719 0.000000
v 0.031084 0.985179 0.000000
v 0.029856 0.982069 -0.002941
v 0.030125 0.983719 -0.002967
v 0.030935 0.985179 -0.003047
v 0.029689 0.983719 -0.005906
v 0.030487 0.985179 -0.006064
v 0.028708 0.962000 -0.008709
v 0.027716 0.962000 -0.011481
v 0.026458 0.962000 -0.014142
v 0.028708 0.982069 -0.008709
v 0.028968 0.983719 -0.008787
v 0.027716 0.982069 -0.011481
v 0.027967 0.983719 -0.011584
v 0.028718 0.985179 -0.011895
v 0.026458 0.982069 -0.014142
v 0.026697 0.983719 -0.014270
v 0.027414 0.985179 -0.014653
v 0.029746 0.985179 -0.009023
v 0.020677 0.940593 -0.025194
v 0.025194 0.940593 -0.020677
v 0.023046 0.940593 -0.023046
v 0.018107 0.940593 -0.027100
v 0.027100 0.940593 -0.018107
v 0.019032 0.962000 -0.023190
v 0.023190 0.962000 -0.019032
v 0.021213 0.962000 -0.021213
v 0.019032 0.982069 -0.023190
v 0.019204 0.983719 -0.023400
v 0.019720 0.985179 -0.024028
v 0.023190 0.982069 -0.019032
v 0.023400 0.983719 -0.019204
v 0.024028 0.985179 -0.019720
v 0.021213 0.982069 -0.021213
v 0.021405 0.983719 -0.021405
v 0.021980 0.985179 -0.021980
v 0.017270 0.985179 -0.025846
v 0.025846 0.985179 -0.017270
v 0.000000 1.060000 0.000000
v 0.003761 1.058049 -0.012399
v 0.000000 1.058049 -0.012957
v 0.001270 1.058049 -0.012895
v 0.002528 1.058049 -0.012708
v 0.004959 1.058049 -0.011971
v 0.006108 1.058049 -0.011427
v 0.008220 1.058049 -0.010016
v 0.007199 1.058049 -0.010774
v 0.012399 1.058049 -0.003761
v 0.010016 1.058049 -0.008220
v 0.011427 1.058049 -0.006108
v 0.011971 1.058049 -0.004959
v 0.010774 1.058049 -0.007199
v 0.012957 1.058049 0.000000
v 0.012895 1.058049 -0.001270
v 0.012708 1.058049 -0.002528
v 0.009162 1.058049 -0.009162
v 0.000000 1.052368 -0.024766
v 0.002427 1.052368 -0.024646
v 0.004832 1.052368 -0.024290
v 0.007189 1.052368 -0.023699
v 0.006707 1.043463 -0.033717
v 0.009477 1.052368 -0.022880
v 0.011674 1.052368 -0.021841
v 0.013759 1.052368 -0.020592
v 0.015711 1.052368 -0.019144
v 0.009979 1.043463 -0.032897
v 0.013156 1.043463 -0.031761
v 0.016205 1.043463 -0.030318
v 0.024766 1.052368 0.000000
v 0.024646 1.052368 -0.002427
v 0.024290 1.052368 -0.004832
v 0.023699 1.052368 -0.007189
v 0.020592 1.052368 -0.013759
v 0.019144 1.052368 -0.015711
v 0.022880 1.052368 -0.009477
v 0.021841 1.052368 -0.011674
v 0.033717 1.043463 -0.006707
v 0.032897 1.043463 -0.009979
v 0.030318 1.043463 -0.016205
v 0.031761 1.043463 -0.013156
v 0.017983 0.994075 -0.033644
v 0.024201 0.994075 -0.029489
v 0.021194 0.994075 -0.031719
v 0.029489 0.994075 -0.024201
v 0.033644 0.994075 -0.017983
v 0.031719 0.994075 -0.021194
v 0.026975 0.994075 -0.026975
v 0.027224 1.006281 -0.033172
v 0.033172 1.006281 -0.027224
v 0.030344 1.006281 -0.030344
v 0.031022 1.019350 -0.031022
v 0.017512 1.052368 -0.017512
v 0.024309 1.043463 -0.024309
v 0.019099 1.043463 -0.028584
v 0.021809 1.043463 -0.026574
v 0.028584 1.043463 -0.019099
v 0.026574 1.043463 -0.021809
v 0.028949 1.032121 -0.028949
v 0.025972 1.032121 -0.031647
v 0.031647 1.032121 -0.025972
v 0.003739 0.994075 -0.037965
v 0.000000 0.994075 -0.038148
v 0.007442 0.994075 -0.037415
v 0.008372 1.006281 -0.042089
v 0.000000 1.006281 -0.042913
v 0.004206 1.006281 -0.042707
v 0.000000 1.019350 -0.043872
v 0.004300 1.019350 -0.043661
v 0.011074 0.994075 -0.036506
v 0.012457 1.006281 -0.041065
v 0.014599 0.994075 -0.035244
v 0.016422 1.006281 -0.039647
v 0.012735 1.019350 -0.041983
v 0.016789 1.019350 -0.040533
v 0.008559 1.019350 -0.043029
v 0.000000 1.032121 -0.040940
v 0.004013 1.032121 -0.040743
v 0.007987 1.032121 -0.040154
v 0.000000 1.043463 -0.034377
v 0.003370 1.043463 -0.034212
v 0.011884 1.032121 -0.039177
v 0.015667 1.032121 -0.037824
v 0.020229 1.006281 -0.037846
v 0.023841 1.006281 -0.035681
v 0.020681 1.019350 -0.038692
v 0.024374 1.019350 -0.036478
v 0.027832 1.019350 -0.033914
v 0.019299 1.032121 -0.036106
v 0.022745 1.032121 -0.034041
v 0.037965 0.994075 -0.003739
v 0.037415 0.994075 -0.007442
v 0.038148 0.994075 0.000000
v 0.042089 1.006281 -0.008372
v 0.036506 0.994075 -0.011074
v 0.035244 0.994075 -0.014599
v 0.041065 1.006281 -0.012457
v 0.039647 1.006281 -0.016422
v 0.041983 1.019350 -0.012735
v 0.040533 1.019350 -0.016789
v 0.042913 1.006281 0.000000
v 0.042707 1.006281 -0.004206
v 0.043872 1.019350 0.000000
v 0.043661 1.019350 -0.004300
v 0.043029 1.019350 -0.008559
v 0.040940 1.032121 0.000000
v 0.040743 1.032121 -0.004013
v 0.040154 1.032121 -0.007987
v 0.034377 1.043463 0.000000
v 0.034212 1.043463 -0.003370
v 0.037824 1.032121 -0.015667
v 0.039177 1.032121 -0.011884
v 0.037846 1.006281 -0.020229
v 0.035681 1.006281 -0.023841
v 0.036478 1.019350 -0.024374
v 0.038692 1.019350 -0.020681
v 0.033914 1.019350 -0.027832
v 0.036106 1.032121 -0.019299
v 0.034041 1.032121 -0.022745
v 0.000000 0.826050 -0.093545
v 0.009169 0.826050 -0.093095
v 0.018250 0.826050 -0.091748
v 0.027155 0.826050 -0.089517
v 0.000000 0.910667 -0.075037
v 0.007355 0.910667 -0.074676
v 0.014639 0.910667 -0.073595
v 0.000000 0.920667 -0.095630
v 0.009373 0.920667 -0.095169
v 0.021782 0.910667 -0.071806
v 0.028715 0.910667 -0.069325
v 0.018656 0.920667 -0.093792
v 0.024924 0.925393 -0.095500
v 0.027760 0.920667 -0.091512
v 0.030272 0.922126 -0.091656
v 0.028289 0.923371 -0.093255
v 0.000000 0.863499 -0.108076
v 0.010593 0.863499 -0.107555
v 0.000000 0.895000 -0.126000
v 0.000000 0.911875 -0.134875
v 0.012350 0.895000 -0.125393
v 0.013220 0.911875 -0.134226
v 0.021085 0.863499 -0.105999
v 0.031373 0.863499 -0.103422
v 0.024581 0.895000 -0.123579
v 0.026313 0.911875 -0.132283
v 0.044097 0.826050 -0.082499
v 0.035798 0.826050 -0.086424
v 0.051971 0.826050 -0.077780
v 0.059344 0.826050 -0.072311
v 0.045079 0.920667 -0.084338
v 0.041359 0.863499 -0.099849
v 0.036596 0.920667 -0.088350
v 0.036682 0.921000 -0.088558
v 0.036682 0.921000 -0.088558
v 0.043405 0.922126 -0.086216
v 0.045938 0.923371 -0.085945
v 0.049904 0.925393 -0.085153
v 0.053129 0.920667 -0.079513
v 0.060667 0.920667 -0.073923
v 0.050947 0.863499 -0.095314
v 0.060044 0.863499 -0.089862
v 0.048218 0.895000 -0.116409
v 0.036576 0.895000 -0.120574
v 0.039152 0.911875 -0.129067
v 0.039667 0.925329 -0.130764
v 0.039547 0.925393 -0.130803
v 0.045431 0.922126 -0.128254
v 0.059396 0.895000 -0.111122
v 0.051614 0.911875 -0.124608
v 0.052075 0.921000 -0.125719
v 0.052075 0.921000 -0.125719
v 0.058564 0.922126 -0.122814
v 0.063580 0.911875 -0.118949
v 0.064415 0.925329 -0.120513
v 0.064527 0.925393 -0.120456
v 0.021259 0.930481 -0.099947
v 0.000000 0.940796 -0.109189
v 0.000000 0.941893 -0.111447
v 0.010702 0.940796 -0.108663
v 0.010924 0.941893 -0.110911
v 0.000000 0.940171 -0.134685
v 0.013201 0.940171 -0.134036
v 0.020411 0.934022 -0.102615
v 0.019682 0.936893 -0.104676
v 0.020087 0.940796 -0.107271
v 0.020800 0.941893 -0.109446
v 0.022614 0.941562 -0.113687
v 0.026727 0.928000 -0.134368
v 0.026276 0.940171 -0.132097
v 0.026727 0.937678 -0.134368
v 0.030083 0.940171 -0.131143
v 0.031365 0.937678 -0.133206
v 0.031487 0.936893 -0.133175
v 0.055641 0.930481 -0.085706
v 0.058127 0.934022 -0.086993
v 0.060100 0.936893 -0.087934
v 0.061648 0.940796 -0.090056
v 0.062682 0.941893 -0.092098
v 0.064399 0.941562 -0.096380
v 0.034690 0.930481 -0.132373
v 0.037123 0.928000 -0.131764
v 0.066921 0.928000 -0.119421
v 0.093545 0.826050 0.000000
v 0.093095 0.826050 -0.009169
v 0.091748 0.826050 -0.018250
v 0.089517 0.826050 -0.027155
v 0.075037 0.910667 0.000000
v 0.074676 0.910667 -0.007355
v 0.073595 0.910667 -0.014639
v 0.071806 0.910667 -0.021782
v 0.069325 0.910667 -0.028715
v 0.095630 0.920667 0.000000
v 0.095169 0.920667 -0.009373
v 0.091512 0.920667 -0.027760
v 0.091656 0.922126 -0.030272
v 0.093792 0.920667 -0.018656
v 0.095500 0.925393 -0.024924
v 0.093255 0.923371 -0.028289
v 0.082499 0.826050 -0.044097
v 0.072311 0.826050 -0.059344
v 0.077780 0.826050 -0.051971
v 0.086424 0.826050 -0.035798
v 0.084338 0.920667 -0.045079
v 0.073923 0.920667 -0.060667
v 0.079513 0.920667 -0.053129
v 0.099849 0.863499 -0.041359
v 0.088350 0.920667 -0.036596
v 0.088558 0.921000 -0.036682
v 0.088558 0.921000 -0.036682
v 0.086216 0.922126 -0.043405
v 0.085945 0.923371 -0.045938
v 0.085153 0.925393 -0.049904
v 0.089862 0.863499 -0.060044
v 0.095314 0.863499 -0.050947
v 0.108076 0.863499 0.000000
v 0.107555 0.863499 -0.010593
v 0.105999 0.863499 -0.021085
v 0.103422 0.863499 -0.031373
v 0.126000 0.895000 0.000000
v 0.125393 0.895000 -0.012350
v 0.134875 0.911875 0.000000
v 0.134226 0.911875 -0.013220
v 0.123579 0.895000 -0.024581
v 0.132283 0.911875 -0.026313
v 0.116409 0.895000 -0.048218
v 0.111122 0.895000 -0.059396
v 0.120574 0.895000 -0.036576
v 0.129067 0.911875 -0.039152
v 0.130764 0.925329 -0.039667
v 0.130803 0.925393 -0.039547
v 0.128254 0.922126 -0.045431
v 0.124608 0.911875 -0.051614
v 0.125719 0.921000 -0.052075
v 0.125719 0.921000 -0.052075
v 0.122814 0.922126 -0.058564
v 0.118949 0.911875 -0.063580
v 0.120513 0.925329 -0.064415
v 0.120456 0.925393 -0.064527
v 0.099947 0.930481 -0.021259
v 0.085706 0.930481 -0.055641
v 0.086993 0.934022 -0.058127
v 0.087934 0.936893 -0.060100
v 0.090056 0.940796 -0.061648
v 0.092098 0.941893 -0.062682
v 0.096380 0.941562 -0.064399
v 0.109189 0.940796 0.000000
v 0.108663 0.940796 -0.010702
v 0.111447 0.941893 0.000000
v 0.110911 0.941893 -0.010924
v 0.102615 0.934022 -0.020411
v 0.104676 0.936893 -0.019682
v 0.107271 0.940796 -0.020087
v 0.109446 0.941893 -0.020800
v 0.113687 0.941562 -0.022614
v 0.134685 0.940171 0.000000
v 0.134036 0.940171 -0.013201
v 0.134368 0.928000 -0.026727
v 0.132097 0.940171 -0.026276
v 0.134368 0.937678 -0.026727
v 0.131143 0.940171 -0.030083
v 0.133206 0.937678 -0.031364
v 0.133175 0.936893 -0.031487
v 0.132373 0.930481 -0.034690
v 0.131764 0.928000 -0.037123
v 0.119421 0.928000 -0.066921
v 0.068563 0.863499 -0.083544
v 0.083544 0.863499 -0.068563
v 0.076421 0.863499 -0.076421
v 0.067620 0.920667 -0.067620
v 0.079934 0.895000 -0.097399
v 0.097399 0.895000 -0.079934
v 0.089095 0.895000 -0.089095
v 0.095371 0.911875 -0.095371
v 0.070002 0.895000 -0.104765
v 0.074933 0.911875 -0.112144
v 0.085564 0.911875 -0.104260
v 0.104765 0.895000 -0.070002
v 0.112144 0.911875 -0.074933
v 0.104260 0.911875 -0.085564
v 0.077208 0.940796 -0.077208
v 0.078805 0.941893 -0.078805
v 0.069269 0.940796 -0.084404
v 0.070701 0.941893 -0.086150
v 0.084404 0.940796 -0.069269
v 0.086150 0.941893 -0.070701
v 0.096874 0.928000 -0.096874
v 0.096874 0.937678 -0.096874
v 0.095236 0.940171 -0.095236
v 0.071461 0.940171 -0.114004
v 0.074827 0.940171 -0.111986
v 0.072013 0.937678 -0.116369
v 0.071905 0.936893 -0.116434
v 0.076113 0.928000 -0.113911
v 0.076113 0.937678 -0.113911
v 0.069072 0.930481 -0.118132
v 0.085443 0.940171 -0.104113
v 0.086912 0.928000 -0.105902
v 0.086912 0.937678 -0.105902
v 0.111986 0.940171 -0.074827
v 0.114004 0.940171 -0.071461
v 0.116369 0.937678 -0.072013
v 0.116434 0.936893 -0.071905
v 0.113911 0.928000 -0.076113
v 0.113911 0.937678 -0.076113
v 0.104113 0.940171 -0.085443
v 0.105902 0.928000 -0.086912
v 0.105902 0.937678 -0.086912
v 0.118132 0.930481 -0.069072
v 0.000000 0.928000 -0.137000
v 0.000000 0.937678 -0.137000
v 0.013428 0.928000 -0.136340
v 0.013428 0.937678 -0.136340
v 0.137000 0.928000 0.000000
v 0.137000 0.937678 0.000000
v 0.136340 0.928000 -0.013428
v 0.136340 0.937678 -0.013428
v 0.207360 0.091411 0.000000
v 0.206362 0.091411 -0.020325
v 0.203376 0.091411 -0.040454
v 0.198431 0.091411 -0.060193
v 0.191576 0.091411 -0.079353
v 0.182875 0.091411 -0.097749
v 0.172414 0.091411 -0.115203
v 0.160291 0.091411 -0.131548
v 0.146626 0.091411 -0.146626
v 0.131548 0.091411 -0.160291
v 0.115203 0.091411 -0.172414
v 0.097749 0.091411 -0.182875
v 0.079353 0.091411 -0.191576
v 0.060193 0.091411 -0.198431
v 0.040454 0.091411 -0.203376
v 0.020325 0.091411 -0.206362
v 0.000000 0.091411 -0.207360
v -0.020325 0.091411 -0.206362
v -0.040454 0.091411 -0.203376
v -0.060193 0.091411 -0.198431
v -0.079353 0.091411 -0.191576
v -0.097749 0.091411 -0.182875
v -0.115203 0.091411 -0.172414
v -0.131548 0.091411 -0.160291
v -0.146626 0.091411 -0.146626
v -0.160291 0.091411 -0.131548
v -0.172414 0.091411 -0.115203
v -0.182875 0.091411 -0.097749
v -0.191576 0.091411 -0.079353
v -0.198431 0.091411 -0.060193
v -0.203376 0.091411 -0.040454
v -0.206362 0.091411 -0.020325
v -0.207360 0.091411 -0.000000
v -0.206362 0.091411 0.020325
v -0.203376 0.091411 0.040454
v -0.198431 0.091411 0.060193
v -0.191576 0.091411 0.079353
v -0.182875 0.091411 0.097749
v -0.172414 0.091411 0.115203
v -0.160291 0.091411 0.131548
v -0.146626 0.091411 0.146626
v -0.131548 0.091411 0.160291
v -0.115203 0.091411 0.172414
v -0.097749 0.091411 0.182875
v -0.079353 0.091411 0.191576
v -0.060193 0.091411 0.198431
v -0.040454 0.091411 0.203376
v -0.020325 0.091411 0.206362
v -0.000000 0.091411 0.207360
v 0.020325 0.091411 0.206362
v 0.040454 0.091411 0.203376
v 0.060193 0.091411 0.198431
v 0.079353 0.091411 0.191576
v 0.097749 0.091411 0.182875
v 0.115203 0.091411 0.172414
v 0.131548 0.091411 0.160291
v 0.146626 0.091411 0.146626
v 0.160291 0.091411 0.131548
v 0.172414 0.091411 0.115203
v 0.182875 0.091411 0.097749
v 0.191576 0.091411 0.079353
v 0.198431 0.091411 0.060193
v 0.203376 0.091411 0.040454
v 0.206362 0.091411 0.020325
v 0.213720 0.095083 0.000000
v 0.212691 0.095083 -0.020948
v 0.209614 0.095083 -0.041695
v 0.204517 0.095083 -0.062040
v 0.197452 0.095083 -0.081787
v 0.188484 0.095083 -0.100747
v 0.177702 0.095083 -0.118737
v 0.165208 0.095083 -0.135583
v 0.151123 0.095083 -0.151123
v 0.135583 0.095083 -0.165208
v 0.118737 0.095083 -0.177702
v 0.100747 0.095083 -0.188484
v 0.081787 0.095083 -0.197452
v 0.062040 0.095083 -0.204517
v 0.041695 0.095083 -0.209614
v 0.020948 0.095083 -0.212691
v 0.000000 0.095083 -0.213720
v -0.020948 0.095083 -0.212691
v -0.041695 0.095083 -0.209614
v -0.062040 0.095083 -0.204517
v -0.081787 0.095083 -0.197452
v -0.100747 0.095083 -0.188484
v -0.118737 0.095083 -0.177702
v -0.135583 0.095083 -0.165208
v -0.151123 0.095083 -0.151123
v -0.165208 0.095083 -0.135583
v -0.177702 0.095083 -0.118737
v -0.188484 0.095083 -0.100747
v -0.197452 0.095083 -0.081787
v -0.204517 0.095083 -0.062040
v -0.209614 0.095083 -0.041695
v -0.212691 0.095083 -0.020948
v -0.213720 0.095083 -0.000000
v -0.212691 0.095083 0.020948
v -0.209614 0.095083 0.041695
v -0.204517 0.095083 0.062040
v -0.197452 0.095083 0.081787
v -0.188484 0.095083 0.100747
v -0.177702 0.095083 0.118737
v -0.165208 0.095083 0.135583
v -0.151123 0.095083 0.151123
v -0.135583 0.095083 0.165208
v -0.118737 0.095083 0.177702
v -0.100747 0.095083 0.188484
v -0.081787 0.095083 0.197452
v -0.062040 0.095083 0.204517
v -0.041695 0.095083 0.209614
v -0.020948 0.095083 0.212691
v -0.000000 0.095083 0.213720
v 0.020948 0.095083 0.212691
v 0.041695 0.095083 0.209614
v 0.062040 0.095083 0.204517
v 0.081787 0.095083 0.197452
v 0.100747 0.095083 0.188484
v 0.118737 0.095083 0.177702
v 0.135583 0.095083 0.165208
v 0.151123 0.095083 0.151123
v 0.165208 0.095083 0.135583
v 0.177702 0.095083 0.118737
v 0.188484 0.095083 0.100747
v 0.197452 0.095083 0.081787
v 0.204517 0.095083 0.062040
v 0.209614 0.095083 0.041695
v 0.212691 0.095083 0.020948
v 0.213720 0.102427 0.000000
v 0.212691 0.102427 -0.020948
v 0.209614 0.102427 -0.041695
v 0.204517 0.102427 -0.062040
v 0.197452 0.102427 -0.081787
v 0.188484 0.102427 -0.100747
v 0.177702 0.102427 -0.118737
v 0.165208 0.102427 -0.135583
v 0.151123 0.102427 -0.151123
v 0.135583 0.102427 -0.165208
v 0.118737 0.102427 -0.177702
v 0.100747 0.102427 -0.188484
v 0.081787 0.102427 -0.197452
v 0.062040 0.102427 -0.204517
v 0.041695 0.102427 -0.209614
v 0.020948 0.102427 -0.212691
v 0.000000 0.102427 -0.213720
v -0.020948 0.102427 -0.212691
v -0.041695 0.102427 -0.209614
v -0.062040 0.102427 -0.204517
v -0.081787 0.102427 -0.197452
v -0.100747 0.102427 -0.188484
v -0.118737 0.102427 -0.177702
v -0.135583 0.102427 -0.165208
v -0.151123 0.102427 -0.151123
v -0.165208 0.102427 -0.135583
v -0.177702 0.102427 -0.118737
v -0.188484 0.102427 -0.100747
v -0.197452 0.102427 -0.081787
v -0.204517 0.102427 -0.062040
v -0.209614 0.102427 -0.041695
v -0.212691 0.102427 -0.020948
v -0.213720 0.102427 -0.000000
v -0.212691 0.102427 0.020948
v -0.209614 0.102427 0.041695
v -0.204517 0.102427 0.062040
v -0.197452 0.102427 0.081787
v -0.188484 0.102427 0.100747
v -0.177702 0.102427 0.118737
v -0.165208 0.102427 0.135583
v -0.151123 0.102427 0.151123
v -0.135583 0.102427 0.165208
v -0.118737 0.102427 0.177702
v -0.100747 0.102427 0.188484
v -0.081787 0.102427 0.197452
v -0.062040 0.102427 0.204517
v -0.041695 0.102427 0.209614
v -0.020948 0.102427 0.212691
v -0.000000 0.102427 0.213720
v 0.020948 0.102427 0.212691
v 0.041695 0.102427 0.209614
v 0.062040 0.102427 0.204517
v 0.081787 0.102427 0.197452
v 0.100747 0.102427 0.188484
v 0.118737 0.102427 0.177702
v 0.135583 0.102427 0.165208
v 0.151123 0.102427 0.151123
v 0.165208 0.102427 0.135583
v 0.177702 0.102427 0.118737
v 0.188484 0.102427 0.100747
v 0.197452 0.102427 0.081787
v 0.204517 0.102427 0.062040
v 0.209614 0.102427 0.041695
v 0.212691 0.102427 0.020948
v 0.207360 0.106099 0.000000
v 0.206362 0.106099 -0.020325
v 0.203376 0.106099 -0.040454
v 0.198431 0.106099 -0.060193
v 0.191576 0.106099 -0.079353
v 0.182875 0.106099 -0.097749
v 0.172414 0.106099 -0.115203
v 0.160291 0.106099 -0.131548
v 0.146626 0.106099 -0.146626
v 0.131548 0.106099 -0.160291
v 0.115203 0.106099 -0.172414
v 0.097749 0.106099 -0.182875
v 0.079353 0.106099 -0.191576
v 0.060193 0.106099 -0.198431
v 0.040454 0.106099 -0.203376
v 0.020325 0.106099 -0.206362
v 0.000000 0.106099 -0.207360
v -0.020325 0.106099 -0.206362
v -0.040454 0.106099 -0.203376
v -0.060193 0.106099 -0.198431
v -0.079353 0.106099 -0.191576
v -0.097749 0.106099 -0.182875
v -0.115203 0.106099 -0.172414
v -0.131548 0.106099 -0.160291
v -0.146626 0.106099 -0.146626
v -0.160291 0.106099 -0.131548
v -0.172414 0.106099 -0.115203
v -0.182875 0.106099 -0.097749
v -0.191576 0.106099 -0.079353
v -0.198431 0.106099 -0.060193
v -0.203376 0.106099 -0.040454
v -0.206362 0.106099 -0.020325
v -0.207360 0.106099 -0.000000
v -0.206362 0.106099 0.020325
v -0.203376 0.106099 0.040454
v -0.198431 0.106099 0.060193
v -0.191576 0.106099 0.079353
v -0.182875 0.106099 0.097749
v -0.172414 0.106099 0.115203
v -0.160291 0.106099 0.131548
v -0.146626 0.106099 0.146626
v -0.131548 0.106099 0.160291
v -0.115203 0.106099 0.172414
v -0.097749 0.106099 0.182875
v -0.079353 0.106099 0.191576
v -0.060193 0.106099 0.198431
v -0.040454 0.106099 0.203376
v -0.020325 0.106099 0.206362
v -0.000000 0.106099 0.207360
v 0.020325 0.106099 0.206362
v 0.040454 0.106099 0.203376
v 0.060193 0.106099 0.198431
v 0.079353 0.106099 0.191576
v 0.097749 0.106099 0.182875
v 0.115203 0.106099 0.172414
v 0.131548 0.106099 0.160291
v 0.146626 0.106099 0.146626
v 0.160291 0.106099 0.131548
v 0.172414 0.106099 0.115203
v 0.182875 0.106099 0.097749
v 0.191576 0.106099 0.079353
v 0.198431 0.106099 0.060193
v 0.203376 0.106099 0.040454
v 0.206362 0.106099 0.020325
v 0.201000 0.102427 0.000000
v 0.200032 0.102427 -0.019701
v 0.197138 0.102427 -0.039213
v 0.192345 0.102427 -0.058347
v 0.185700 0.102427 -0.076919
v 0.177266 0.102427 -0.094751
v 0.167125 0.102427 -0.111670
v 0.155375 0.102427 -0.127513
v 0.142128 0.102427 -0.142128
v 0.127513 0.102427 -0.155375
v 0.111670 0.102427 -0.167125
v 0.094751 0.102427 -0.177266
v 0.076919 0.102427 -0.185700
v 0.058347 0.102427 -0.192345
v 0.039213 0.102427 -0.197138
v 0.019701 0.102427 -0.200032
v 0.000000 0.102427 -0.201000
v -0.019701 0.102427 -0.200032
v -0.039213 0.102427 -0.197138
v -0.058347 0.102427 -0.192345
v -0.076919 0.102427 -0.185700
v -0.094751 0.102427 -0.177266
v -0.111670 0.102427 -0.167125
v -0.127513 0.102427 -0.155375
v -0.142128 0.102427 -0.142128
v -0.155375 0.102427 -0.127513
v -0.167125 0.102427 -0.111670
v -0.177266 0.102427 -0.094751
v -0.185700 0.102427 -0.076919
v -0.192345 0.102427 -0.058347
v -0.197138 0.102427 -0.039213
v -0.200032 0.102427 -0.019701
v -0.201000 0.102427 -0.000000
v -0.200032 0.102427 0.019701
v -0.197138 0.102427 0.039213
v -0.192345 0.102427 0.058347
v -0.185700 0.102427 0.076919
v -0.177266 0.102427 0.094751
v -0.167125 0.102427 0.111670
v -0.155375 0.102427 0.127513
v -0.142128 0.102427 0.142128
v -0.127513 0.102427 0.155375
v -0.111670 0.102427 0.167125
v -0.094751 0.102427 0.177266
v -0.076919 0.102427 0.185700
v -0.058347 0.102427 0.192345
v -0.039213 0.102427 0.197138
v -0.019701 0.102427 0.200032
v -0.000000 0.102427 0.201000
v 0.019701 0.102427 0.200032
v 0.039213 0.102427 0.197138
v 0.058347 0.102427 0.192345
v 0.076919 0.102427 0.185700
v 0.094751 0.102427 0.177266
v 0.111670 0.102427 0.167125
v 0.127513 0.102427 0.155375
v 0.142128 0.102427 0.142128
v 0.155375 0.102427 0.127513
v 0.167125 0.102427 0.111670
v 0.177266 0.102427 0.094751
v 0.185700 0.102427 0.076919
v 0.192345 0.102427 0.058347
v 0.197138 0.102427 0.039213
v 0.200032 0.102427 0.019701
v 0.201000 0.095083 0.000000
v 0.200032 0.095083 -0.019701
v 0.197138 0.095083 -0.039213
v 0.192345 0.095083 -0.058347
v 0.185700 0.095083 -0.076919
v 0.177266 0.095083 -0.094751
v 0.167125 0.095083 -0.111670
v 0.155375 0.095083 -0.127513
v 0.142128 0.095083 -0.142128
v 0.127513 0.095083 -0.155375
v 0.111670 0.095083 -0.167125
v 0.094751 0.095083 -0.177266
v 0.076919 0.095083 -0.185700
v 0.058347 0.095083 -0.192345
v 0.039213 0.095083 -0.197138
v 0.019701 0.095083 -0.200032
v 0.000000 0.095083 -0.201000
v -0.019701 0.095083 -0.200032
v -0.039213 0.095083 -0.197138
v -0.058347 0.095083 -0.192345
v -0.076919 0.095083 -0.185700
v -0.094751 0.095083 -0.177266
v -0.111670 0.095083 -0.167125
v -0.127513 0.095083 -0.155375
v -0.142128 0.095083 -0.142128
v -0.155375 0.095083 -0.127513
v -0.167125 0.095083 -0.111670
v -0.177266 0.095083 -0.094751
v -0.185700 0.095083 -0.076919
v -0.192345 0.095083 -0.058347
v -0.197138 0.095083 -0.039213
v -0.200032 0.095083 -0.019701
v -0.201000 0.095083 -0.000000
v -0.200032 0.095083 0.019701
v -0.197138 0.095083 0.039213
v -0.192345 0.095083 0.058347
v -0.185700 0.095083 0.076919
v -0.177266 0.095083 0.094751
v -0.167125 0.095083 0.111670
v -0.155375 0.095083 0.127513
v -0.142128 0.095083 0.142128
v -0.127513 0.095083 0.155375
v -0.111670 0.095083 0.167125
v -0.094751 0.095083 0.177266
v -0.076919 0.095083 0.185700
v -0.058347 0.095083 0.192345
v -0.039213 0.095083 0.197138
v -0.019701 0.095083 0.200032
v -0.000000 0.095083 0.201000
v 0.019701 0.095083 0.200032
v 0.039213 0.095083 0.197138
v 0.058347 0.095083 0.192345
v 0.076919 0.095083 0.185700
v 0.094751 0.095083 0.177266
v 0.111670 0.095083 0.167125
v 0.127513 0.095083 0.155375
v 0.142128 0.095083 0.142128
v 0.155375 0.095083 0.127513
v 0.167125 0.095083 0.111670
v 0.177266 0.095083 0.094751
v 0.185700 0.095083 0.076919
v 0.192345 0.095083 0.058347
v 0.197138 0.095083 0.039213
v 0.200032 0.095083 0.019701
v 0.112000 0.570500 0.000000
v 0.111461 0.570500 -0.010978
v 0.109848 0.570500 -0.021850
v 0.107177 0.570500 -0.032512
v 0.103475 0.570500 -0.042861
v 0.098775 0.570500 -0.052796
v 0.093125 0.570500 -0.062224
v 0.086577 0.570500 -0.071052
v 0.079196 0.570500 -0.079196
v 0.071052 0.570500 -0.086577
v 0.062224 0.570500 -0.093125
v 0.052796 0.570500 -0.098775
v 0.042861 0.570500 -0.103475
v 0.032512 0.570500 -0.107177
v 0.021850 0.570500 -0.109848
v 0.010978 0.570500 -0.111461
v 0.000000 0.570500 -0.112000
v -0.010978 0.570500 -0.111461
v -0.021850 0.570500 -0.109848
v -0.032512 0.570500 -0.107177
v -0.042861 0.570500 -0.103475
v -0.052796 0.570500 -0.098775
v -0.062224 0.570500 -0.093125
v -0.071052 0.570500 -0.086577
v -0.079196 0.570500 -0.079196
v -0.086577 0.570500 -0.071052
v -0.093125 0.570500 -0.062224
v -0.098775 0.570500 -0.052796
v -0.103475 0.570500 -0.042861
v -0.107177 0.570500 -0.032512
v -0.109848 0.570500 -0.021850
v -0.111461 0.570500 -0.010978
v -0.112000 0.570500 -0.000000
v -0.111461 0.570500 0.010978
v -0.109848 0.570500 0.021850
v -0.107177 0.570500 0.032512
v -0.103475 0.570500 0.042861
v -0.098775 0.570500 0.052796
v -0.093125 0.570500 0.062224
v -0.086577 0.570500 0.071052
v -0.079196 0.570500 0.079196
v -0.071052 0.570500 0.086577
v -0.062224 0.570500 0.093125
v -0.052796 0.570500 0.098775
v -0.042861 0.570500 0.103475
v -0.032512 0.570500 0.107177
v -0.021850 0.570500 0.109848
v -0.010978 0.570500 0.111461
v -0.000000 0.570500 0.112000
v 0.010978 0.570500 0.111461
v 0.021850 0.570500 0.109848
v 0.032512 0.570500 0.107177
v 0.042861 0.570500 0.103475
v 0.052796 0.570500 0.098775
v 0.062224 0.570500 0.093125
v 0.071052 0.570500 0.086577
v 0.079196 0.570500 0.079196
v 0.086577 0.570500 0.071052
v 0.093125 0.570500 0.062224
v 0.098775 0.570500 0.052796
v 0.103475 0.570500 0.042861
v 0.107177 0.570500 0.032512
v 0.109848 0.570500 0.021850
v 0.111461 0.570500 0.010978
v 0.121500 0.570500 0.000000
v 0.120915 0.570500 -0.011909
v 0.119165 0.570500 -0.023703
v 0.116268 0.570500 -0.035270
v 0.112251 0.570500 -0.046496
v 0.107153 0.570500 -0.057275
v 0.101024 0.570500 -0.067502
v 0.093921 0.570500 -0.077079
v 0.085913 0.570500 -0.085913
v 0.077079 0.570500 -0.093921
v 0.067502 0.570500 -0.101024
v 0.057275 0.570500 -0.107153
v 0.046496 0.570500 -0.112251
v 0.035270 0.570500 -0.116268
v 0.023703 0.570500 -0.119165
v 0.011909 0.570500 -0.120915
v 0.000000 0.570500 -0.121500
v -0.011909 0.570500 -0.120915
v -0.023703 0.570500 -0.119165
v -0.035270 0.570500 -0.116268
v -0.046496 0.570500 -0.112251
v -0.057275 0.570500 -0.107153
v -0.067502 0.570500 -0.101024
v -0.077079 0.570500 -0.093921
v -0.085913 0.570500 -0.085913
v -0.093921 0.570500 -0.077079
v -0.101024 0.570500 -0.067502
v -0.107153 0.570500 -0.057275
v -0.112251 0.570500 -0.046496
v -0.116268 0.570500 -0.035270
v -0.119165 0.570500 -0.023703
v -0.120915 0.570500 -0.011909
v -0.121500 0.570500 -0.000000
v -0.120915 0.570500 0.011909
v -0.119165 0.570500 0.023703
v -0.116268 0.570500 0.035270
v -0.112251 0.570500 0.046496
v -0.107153 0.570500 0.057275
v -0.101024 0.570500 0.067502
v -0.093921 0.570500 0.077079
v -0.085913 0.570500 0.085913
v -0.077079 0.570500 0.093921
v -0.067502 0.570500 0.101024
v -0.057275 0.570500 0.107153
v -0.046496 0.570500 0.112251
v -0.035270 0.570500 0.116268
v -0.023703 0.570500 0.119165
v -0.011909 0.570500 0.120915
v -0.000000 0.570500 0.121500
v 0.011909 0.570500 0.120915
v 0.023703 0.570500 0.119165
v 0.035270 0.570500 0.116268
v 0.046496 0.570500 0.112251
v 0.057275 0.570500 0.107153
v 0.067502 0.570500 0.101024
v 0.077079 0.570500 0.093921
v 0.085913 0.570500 0.085913
v 0.093921 0.570500 0.077079
v 0.101024 0.570500 0.067502
v 0.107153 0.570500 0.057275
v 0.112251 0.570500 0.046496
v 0.116268 0.570500 0.035270
v 0.119165 0.570500 0.023703
v 0.120915 0.570500 0.011909
v 0.123500 0.572500 0.000000
v 0.122905 0.572500 -0.012105
v 0.121127 0.572500 -0.024094
v 0.118182 0.572500 -0.035850
v 0.114099 0.572500 -0.047261
v 0.108917 0.572500 -0.058217
v 0.102686 0.572500 -0.068613
v 0.095467 0.572500 -0.078348
v 0.087328 0.572500 -0.087328
v 0.078348 0.572500 -0.095467
v 0.068613 0.572500 -0.102686
v 0.058217 0.572500 -0.108917
v 0.047261 0.572500 -0.114099
v 0.035850 0.572500 -0.118182
v 0.024094 0.572500 -0.121127
v 0.012105 0.572500 -0.122905
v 0.000000 0.572500 -0.123500
v -0.012105 0.572500 -0.122905
v -0.024094 0.572500 -0.121127
v -0.035850 0.572500 -0.118182
v -0.047261 0.572500 -0.114099
v -0.058217 0.572500 -0.108917
v -0.068613 0.572500 -0.102686
v -0.078348 0.572500 -0.095467
v -0.087328 0.572500 -0.087328
v -0.095467 0.572500 -0.078348
v -0.102686 0.572500 -0.068613
v -0.108917 0.572500 -0.058217
v -0.114099 0.572500 -0.047261
v -0.118182 0.572500 -0.035850
v -0.121127 0.572500 -0.024094
v -0.122905 0.572500 -0.012105
v -0.123500 0.572500 -0.000000
v -0.122905 0.572500 0.012105
v -0.121127 0.572500 0.024094
v -0.118182 0.572500 0.035850
v -0.114099 0.572500 0.047261
v -0.108917 0.572500 0.058217
v -0.102686 0.572500 0.068613
v -0.095467 0.572500 0.078348
v -0.087328 0.572500 0.087328
v -0.078348 0.572500 0.095467
v -0.068613 0.572500 0.102686
v -0.058217 0.572500 0.108917
v -0.047261 0.572500 0.114099
v -0.035850 0.572500 0.118182
v -0.024094 0.572500 0.121127
v -0.012105 0.572500 0.122905
v -0.000000 0.572500 0.123500
v 0.012105 0.572500 0.122905
v 0.024094 0.572500 0.121127
v 0.035850 0.572500 0.118182
v 0.047261 0.572500 0.114099
v 0.058217 0.572500 0.108917
v 0.068613 0.572500 0.102686
v 0.078348 0.572500 0.095467
v 0.087328 0.572500 0.087328
v 0.095467 0.572500 0.078348
v 0.102686 0.572500 0.068613
v 0.108917 0.572500 0.058217
v 0.114099 0.572500 0.047261
v 0.118182 0.572500 0.035850
v 0.121127 0.572500 0.024094
v 0.122905 0.572500 0.012105
v 0.123500 0.581500 0.000000
v 0.122905 0.581500 -0.012105
v 0.121127 0.581500 -0.024094
v 0.118182 0.581500 -0.035850
v 0.114099 0.581500 -0.047261
v 0.108917 0.581500 -0.058217
v 0.102686 0.581500 -0.068613
v 0.095467 0.581500 -0.078348
v 0.087328 0.581500 -0.087328
v 0.078348 0.581500 -0.095467
v 0.068613 0.581500 -0.102686
v 0.058217 0.581500 -0.108917
v 0.047261 0.581500 -0.114099
v 0.035850 0.581500 -0.118182
v 0.024094 0.581500 -0.121127
v 0.012105 0.581500 -0.122905
v 0.000000 0.581500 -0.123500
v -0.012105 0.581500 -0.122905
v -0.024094 0.581500 -0.121127
v -0.035850 0.581500 -0.118182
v -0.047261 0.581500 -0.114099
v -0.058217 0.581500 -0.108917
v -0.068613 0.581500 -0.102686
v -0.078348 0.581500 -0.095467
v -0.087328 0.581500 -0.087328
v -0.095467 0.581500 -0.078348
v -0.102686 0.581500 -0.068613
v -0.108917 0.581500 -0.058217
v -0.114099 0.581500 -0.047261
v -0.118182 0.581500 -0.035850
v -0.121127 0.581500 -0.024094
v -0.122905 0.581500 -0.012105
v -0.123500 0.581500 -0.000000
v -0.122905 0.581500 0.012105
v -0.121127 0.581500 0.024094
v -0.118182 0.581500 0.035850
v -0.114099 0.581500 0.047261
v -0.108917 0.581500 0.058217
v -0.102686 0.581500 0.068613
v -0.095467 0.581500 0.078348
v -0.087328 0.581500 0.087328
v -0.078348 0.581500 0.095467
v -0.068613 0.581500 0.102686
v -0.058217 0.581500 0.108917
v -0.047261 0.581500 0.114099
v -0.035850 0.581500 0.118182
v -0.024094 0.581500 0.121127
v -0.012105 0.581500 0.122905
v -0.000000 0.581500 0.123500
v 0.012105 0.581500 0.122905
v 0.024094 0.581500 0.121127
v 0.035850 0.581500 0.118182
v 0.047261 0.581500 0.114099
v 0.058217 0.581500 0.108917
v 0.068613 0.581500 0.102686
v 0.078348 0.581500 0.095467
v 0.087328 0.581500 0.087328
v 0.095467 0.581500 0.078348
v 0.102686 0.581500 0.068613
v 0.108917 0.581500 0.058217
v 0.114099 0.581500 0.047261
v 0.118182 0.581500 0.035850
v 0.121127 0.581500 0.024094
v 0.122905 0.581500 0.012105
v 0.121500 0.583500 0.000000
v 0.120915 0.583500 -0.011909
v 0.119165 0.583500 -0.023703
v 0.116268 0.583500 -0.035270
v 0.112251 0.583500 -0.046496
v 0.107153 0.583500 -0.057275
v 0.101024 0.583500 -0.067502
v 0.093921 0.583500 -0.077079
v 0.085913 0.583500 -0.085913
v 0.077079 0.583500 -0.093921
v 0.067502 0.583500 -0.101024
v 0.057275 0.583500 -0.107153
v 0.046496 0.583500 -0.112251
v 0.035270 0.583500 -0.116268
v 0.023703 0.583500 -0.119165
v 0.011909 0.583500 -0.120915
v 0.000000 0.583500 -0.121500
v -0.011909 0.583500 -0.120915
v -0.023703 0.583500 -0.119165
v -0.035270 0.583500 -0.116268
v -0.046496 0.583500 -0.112251
v -0.057275 0.583500 -0.107153
v -0.067502 0.583500 -0.101024
v -0.077079 0.583500 -0.093921
v -0.085913 0.583500 -0.085913
v -0.093921 0.583500 -0.077079
v -0.101024 0.583500 -0.067502
v -0.107153 0.583500 -0.057275
v -0.112251 0.583500 -0.046496
v -0.116268 0.583500 -0.035270
v -0.119165 0.583500 -0.023703
v -0.120915 0.583500 -0.011909
v -0.121500 0.583500 -0.000000
v -0.120915 0.583500 0.011909
v -0.119165 0.583500 0.023703
v -0.116268 0.583500 0.035270
v -0.112251 0.583500 0.046496
v -0.107153 0.583500 0.057275
v -0.101024 0.583500 0.067502
v -0.093921 0.583500 0.077079
v -0.085913 0.583500 0.085913
v -0.077079 0.583500 0.093921
v -0.067502 0.583500 0.101024
v -0.057275 0.583500 0.107153
v -0.046496 0.583500 0.112251
v -0.035270 0.583500 0.116268
v -0.023703 0.583500 0.119165
v -0.011909 0.583500 0.120915
v -0.000000 0.583500 0.121500
v 0.011909 0.583500 0.120915
v 0.023703 0.583500 0.119165
v 0.035270 0.583500 0.116268
v 0.046496 0.583500 0.112251
v 0.057275 0.583500 0.107153
v 0.067502 0.583500 0.101024
v 0.077079 0.583500 0.093921
v 0.085913 0.583500 0.085913
v 0.093921 0.583500 0.077079
v 0.101024 0.583500 0.067502
v 0.107153 0.583500 0.057275
v 0.112251 0.583500 0.046496
v 0.116268 0.583500 0.035270
v 0.119165 0.583500 0.023703
v 0.120915 0.583500 0.011909
v 0.112000 0.583500 0.000000
v 0.111461 0.583500 -0.010978
v 0.109848 0.583500 -0.021850
v 0.107177 0.583500 -0.032512
v 0.103475 0.583500 -0.042861
v 0.098775 0.583500 -0.052796
v 0.093125 0.583500 -0.062224
v 0.086577 0.583500 -0.071052
v 0.079196 0.583500 -0.079196
v 0.071052 0.583500 -0.086577
v 0.062224 0.583500 -0.093125
v 0.052796 0.583500 -0.098775
v 0.042861 0.583500 -0.103475
v 0.032512 0.583500 -0.107177
v 0.021850 0.583500 -0.109848
v 0.010978 0.583500 -0.111461
v 0.000000 0.583500 -0.112000
v -0.010978 0.583500 -0.111461
v -0.021850 0.583500 -0.109848
v -0.032512 0.583500 -0.107177
v -0.042861 0.583500 -0.103475
v -0.052796 0.583500 -0.098775
v -0.062224 0.583500 -0.093125
v -0.071052 0.583500 -0.086577
v -0.079196 0.583500 -0.079196
v -0.086577 0.583500 -0.071052
v -0.093125 0.583500 -0.062224
v -0.098775 0.583500 -0.052796
v -0.103475 0.583500 -0.042861
v -0.107177 0.583500 -0.032512
v -0.109848 0.583500 -0.021850
v -0.111461 0.583500 -0.010978
v -0.112000 0.583500 -0.000000
v -0.111461 0.583500 0.010978
v -0.109848 0.583500 0.021850
v -0.107177 0.583500 0.032512
v -0.103475 0.583500 0.042861
v -0.098775 0.583500 0.052796
v -0.093125 0.583500 0.062224
v -0.086577 0.583500 0.071052
v -0.079196 0.583500 0.079196
v -0.071052 0.583500 0.086577
v -0.062224 0.583500 0.093125
v -0.052796 0.583500 0.098775
v -0.042861 0.583500 0.103475
v -0.032512 0.583500 0.107177
v -0.021850 0.583500 0.109848
v -0.010978 0.583500 0.111461
v -0.000000 0.583500 0.112000
v 0.010978 0.583500 0.111461
v 0.021850 0.583500 0.109848
v 0.032512 0.583500 0.107177
v 0.042861 0.583500 0.103475
v 0.052796 0.583500 0.098775
v 0.062224 0.583500 0.093125
v 0.071052 0.583500 0.086577
v 0.079196 0.583500 0.079196
v 0.086577 0.583500 0.071052
v 0.093125 0.583500 0.062224
v 0.098775 0.583500 0.052796
v 0.103475 0.583500 0.042861
v 0.107177 0.583500 0.032512
v 0.109848 0.583500 0.021850
v 0.111461 0.583500 0.010978
v 0.123500 0.934500 0.000000
v 0.133198 0.937651 0.000000
v 0.131346 0.937651 -0.005701
v 0.126497 0.937651 -0.009224
v 0.120503 0.937651 -0.009224
v 0.115654 0.937651 -0.005701
v 0.113802 0.937651 -0.000000
v 0.115654 0.937651 0.005701
v 0.120503 0.937651 0.009224
v 0.126497 0.937651 0.009224
v 0.131346 0.937651 0.005701
v 0.139192 0.945901 0.000000
v 0.136195 0.945901 -0.009224
v 0.128349 0.945901 -0.014924
v 0.118651 0.945901 -0.014924
v 0.110805 0.945901 -0.009224
v 0.107808 0.945901 -0.000000
v 0.110805 0.945901 0.009224
v 0.118651 0.945901 0.014924
v 0.128349 0.945901 0.014924
v 0.136195 0.945901 0.009224
v 0.139192 0.956099 0.000000
v 0.136195 0.956099 -0.009224
v 0.128349 0.956099 -0.014924
v 0.118651 0.956099 -0.014924
v 0.110805 0.956099 -0.009224
v 0.107808 0.956099 -0.000000
v 0.110805 0.956099 0.009224
v 0.118651 0.956099 0.014924
v 0.128349 0.956099 0.014924
v 0.136195 0.956099 0.009224
v 0.133198 0.964349 0.000000
v 0.131346 0.964349 -0.005701
v 0.126497 0.964349 -0.009224
v 0.120503 0.964349 -0.009224
v 0.115654 0.964349 -0.005701
v 0.113802 0.964349 -0.000000
v 0.115654 0.964349 0.005701
v 0.120503 0.964349 0.009224
v 0.126497 0.964349 0.009224
v 0.131346 0.964349 0.005701
v 0.123500 0.967500 0.000000
v 0.087328 0.934500 -0.087328
v 0.097026 0.937651 -0.087328
v 0.095174 0.937651 -0.093028
v 0.090325 0.937651 -0.096551
v 0.084331 0.937651 -0.096551
v 0.079481 0.937651 -0.093028
v 0.077629 0.937651 -0.087328
v 0.079481 0.937651 -0.081627
v 0.084331 0.937651 -0.078104
v 0.090325 0.937651 -0.078104
v 0.095174 0.937651 -0.081627
v 0.103020 0.945901 -0.087328
v 0.100023 0.945901 -0.096551
v 0.092177 0.945901 -0.102252
v 0.082478 0.945901 -0.102252
v 0.074632 0.945901 -0.096551
v 0.071635 0.945901 -0.087328
v 0.074632 0.945901 -0.078104
v 0.082478 0.945901 -0.072403
v 0.092177 0.945901 -0.072403
v 0.100023 0.945901 -0.078104
v 0.103020 0.956099 -0.087328
v 0.100023 0.956099 -0.096551
v 0.092177 0.956099 -0.102252
v 0.082478 0.956099 -0.102252
v 0.074632 0.956099 -0.096551
v 0.071635 0.956099 -0.087328
v 0.074632 0.956099 -0.078104
v 0.082478 0.956099 -0.072403
v 0.092177 0.956099 -0.072403
v 0.100023 0.956099 -0.078104
v 0.097026 0.964349 -0.087328
v 0.095174 0.964349 -0.093028
v 0.090325 0.964349 -0.096551
v 0.084331 0.964349 -0.096551
v 0.079481 0.964349 -0.093028
v 0.077629 0.964349 -0.087328
v 0.079481 0.964349 -0.081627
v 0.084331 0.964349 -0.078104
v 0.090325 0.964349 -0.078104
v 0.095174 0.964349 -0.081627
v 0.087328 0.967500 -0.087328
v 0.000000 0.934500 -0.123500
v 0.009698 0.937651 -0.123500
v 0.007846 0.937651 -0.129201
v 0.002997 0.937651 -0.132724
v -0.002997 0.937651 -0.132724
v -0.007846 0.937651 -0.129201
v -0.009698 0.937651 -0.123500
v -0.007846 0.937651 -0.117799
v -0.002997 0.937651 -0.114276
v 0.002997 0.937651 -0.114276
v 0.007846 0.937651 -0.117799
v 0.015692 0.945901 -0.123500
v 0.012695 0.945901 -0.132724
v 0.004849 0.945901 -0.138424
v -0.004849 0.945901 -0.138424
v -0.012695 0.945901 -0.132724
v -0.015692 0.945901 -0.123500
v -0.012695 0.945901 -0.114276
v -0.004849 0.945901 -0.108576
v 0.004849 0.945901 -0.108576
v 0.012695 0.945901 -0.114276
v 0.015692 0.956099 -0.123500
v 0.012695 0.956099 -0.132724
v 0.004849 0.956099 -0.138424
v -0.004849 0.956099 -0.138424
v -0.012695 0.956099 -0.132724
v -0.015692 0.956099 -0.123500
v -0.012695 0.956099 -0.114276
v -0.004849 0.956099 -0.108576
v 0.004849 0.956099 -0.108576
v 0.012695 0.956099 -0.114276
v 0.009698 0.964349 -0.123500
v 0.007846 0.964349 -0.129201
v 0.002997 0.964349 -0.132724
v -0.002997 0.964349 -0.132724
v -0.007846 0.964349 -0.129201
v -0.009698 0.964349 -0.123500
v -0.007846 0.964349 -0.117799
v -0.002997 0.964349 -0.114276
v 0.002997 0.964349 -0.114276
v 0.007846 0.964349 -0.117799
v 0.000000 0.967500 -0.123500
v -0.087328 0.934500 -0.087328
v -0.077629 0.937651 -0.087328
v -0.079481 0.937651 -0.093028
v -0.084331 0.937651 -0.096551
v -0.090325 0.937651 -0.096551
v -0.095174 0.937651 -0.093028
v -0.097026 0.937651 -0.087328
v -0.095174 0.937651 -0.081627
v -0.090325 0.937651 -0.078104
v -0.084331 0.937651 -0.078104
v -0.079481 0.937651 -0.081627
v -0.071635 0.945901 -0.087328
v -0.074632 0.945901 -0.096551
v -0.082478 0.945901 -0.102252
v -0.092177 0.945901 -0.102252
v -0.100023 0.945901 -0.096551
v -0.103020 0.945901 -0.087328
v -0.100023 0.945901 -0.078104
v -0.092177 0.945901 -0.072403
v -0.082478 0.945901 -0.072403
v -0.074632 0.945901 -0.078104
v -0.071635 0.956099 -0.087328
v -0.074632 0.956099 -0.096551
v -0.082478 0.956099 -0.102252
v -0.092177 0.956099 -0.102252
v -0.100023 0.956099 -0.096551
v -0.103020 0.956099 -0.087328
v -0.100023 0.956099 -0.078104
v -0.092177 0.956099 -0.072403
v -0.082478 0.956099 -0.072403
v -0.074632 0.956099 -0.078104
v -0.077629 0.964349 -0.087328
v -0.079481 0.964349 -0.093028
v -0.084331 0.964349 -0.096551
v -0.090325 0.964349 -0.096551
v -0.095174 0.964349 -0.093028
v -0.097026 0.964349 -0.087328
v -0.095174 0.964349 -0.081627
v -0.090325 0.964349 -0.078104
v -0.084331 0.964349 -0.078104
v -0.079481 0.964349 -0.081627
v -0.087328 0.967500 -0.087328
v -0.123500 0.934500 -0.000000
v -0.113802 0.937651 -0.000000
v -0.115654 0.937651 -0.005701
v -0.120503 0.937651 -0.009224
v -0.126497 0.937651 -0.009224
v -0.131346 0.937651 -0.005701
v -0.133198 0.937651 -0.000000
v -0.131346 0.937651 0.005701
v -0.126497 0.937651 0.009224
v -0.120503 0.937651 0.009224
v -0.115654 0.937651 0.005701
v -0.107808 0.945901 -0.000000
v -0.110805 0.945901 -0.009224
v -0.118651 0.945901 -0.014924
v -0.128349 0.945901 -0.014924
v -0.136195 0.945901 -0.009224
v -0.139192 0.945901 -0.000000
v -0.136195 0.945901 0.009224
v -0.128349 0.945901 0.014924
v -0.118651 0.945901 0.014924
v -0.110805 0.945901 0.009224
v -0.107808 0.956099 -0.000000
v -0.110805 0.956099 -0.009224
v -0.118651 0.956099 -0.014924
v -0.128349 0.956099 -0.014924
v -0.136195 0.956099 -0.009224
v -0.139192 0.956099 -0.000000
v -0.136195 0.956099 0.009224
v -0.128349 0.956099 0.014924
v -0.118651 0.956099 0.014924
v -0.110805 0.956099 0.009224
v -0.113802 0.964349 -0.000000
v -0.115654 0.964349 -0.005701
v -0.120503 0.964349 -0.009224
v -0.126497 0.964349 -0.009224
v -0.131346 0.964349 -0.005701
v -0.133198 0.964349 -0.000000
v -0.131346 0.964349 0.005701
v -0.126497 0.964349 0.009224
v -0.120503 0.964349 0.009224
v -0.115654 0.964349 0.005701
v -0.123500 0.967500 -0.000000
v -0.087328 0.934500 0.087328
v -0.077629 0.937651 0.087328
v -0.079481 0.937651 0.081627
v -0.084331 0.937651 0.078104
v -0.090325 0.937651 0.078104
v -0.095174 0.937651 0.081627
v -0.097026 0.937651 0.087328
v -0.095174 0.937651 0.093028
v -0.090325 0.937651 0.096551
v -0.084331 0.937651 0.096551
v -0.079481 0.937651 0.093028
v -0.071635 0.945901 0.087328
v -0.074632 0.945901 0.078104
v -0.082478 0.945901 0.072403
v -0.092177 0.945901 0.072403
v -0.100023 0.945901 0.078104
v -0.103020 0.945901 0.087328
v -0.100023 0.945901 0.096551
v -0.092177 0.945901 0.102252
v -0.082478 0.945901 0.102252
v -0.074632 0.945901 0.096551
v -0.071635 0.956099 0.087328
v -0.074632 0.956099 0.078104
v -0.082478 0.956099 0.072403
v -0.092177 0.956099 0.072403
v -0.100023 0.956099 0.078104
v -0.103020 0.956099 0.087328
v -0.100023 0.956099 0.096551
v -0.092177 0.956099 0.102252
v -0.082478 0.956099 0.102252
v -0.074632 0.956099 0.096551
v -0.077629 0.964349 0.087328
v -0.079481 0.964349 0.081627
v -0.084331 0.964349 0.078104
v -0.090325 0.964349 0.078104
v -0.095174 0.964349 0.081627
v -0.097026 0.964349 0.087328
v -0.095174 0.964349 0.093028
v -0.090325 0.964349 0.096551
v -0.084331 0.964349 0.096551
v -0.079481 0.964349 0.093028
v -0.087328 0.967500 0.087328
v -0.000000 0.934500 0.123500
v 0.009698 0.937651 0.123500
v 0.007846 0.937651 0.117799
v 0.002997 0.937651 0.114276
v -0.002997 0.937651 0.114276
v -0.007846 0.937651 0.117799
v -0.009698 0.937651 0.123500
v -0.007846 0.937651 0.129201
v -0.002997 0.937651 0.132724
v 0.002997 0.937651 0.132724
v 0.007846 0.937651 0.129201
v 0.015692 0.945901 0.123500
v 0.012695 0.945901 0.114276
v 0.004849 0.945901 0.108576
v -0.004849 0.945901 0.108576
v -0.012695 0.945901 0.114276
v -0.015692 0.945901 0.123500
v -0.012695 0.945901 0.132724
v -0.004849 0.945901 0.138424
v 0.004849 0.945901 0.138424
v 0.012695 0.945901 0.132724
v 0.015692 0.956099 0.123500
v 0.012695 0.956099 0.114276
v 0.004849 0.956099 0.108576
v -0.004849 0.956099 0.108576
v -0.012695 0.956099 0.114276
v -0.015692 0.956099 0.123500
v -0.012695 0.956099 0.132724
v -0.004849 0.956099 0.138424
v 0.004849 0.956099 0.138424
v 0.012695 0.956099 0.132724
v 0.009698 0.964349 0.123500
v 0.007846 0.964349 0.117799
v 0.002997 0.964349 0.114276
v -0.002997 0.964349 0.114276
v -0.007846 0.964349 0.117799
v -0.009698 0.964349 0.123500
v -0.007846 0.964349 0.129201
v -0.002997 0.964349 0.132724
v 0.002997 0.964349 0.132724
v 0.007846 0.964349 0.129201
v -0.000000 0.967500 0.123500
v 0.087328 0.934500 0.087328
v 0.097026 0.937651 0.087328
v 0.095174 0.937651 0.081627
v 0.090325 0.937651 0.078104
v 0.084331 0.937651 0.078104
v 0.079481 0.937651 0.081627
v 0.077629 0.937651 0.087328
v 0.079481 0.937651 0.093028
v 0.084331 0.937651 0.096551
v 0.090325 0.937651 0.096551
v 0.095174 0.937651 0.093028
v 0.103020 0.945901 0.087328
v 0.100023 0.945901 0.078104
v 0.092177 0.945901 0.072403
v 0.082478 0.945901 0.072403
v 0.074632 0.945901 0.078104
v 0.071635 0.945901 0.087328
v 0.074632 0.945901 0.096551
v 0.082478 0.945901 0.102252
v 0.092177 0.945901 0.102252
v 0.100023 0.945901 0.096551
v 0.103020 0.956099 0.087328
v 0.100023 0.956099 0.078104
v 0.092177 0.956099 0.072403
v 0.082478 0.956099 0.072403
v 0.074632 0.956099 0.078104
v 0.071635 0.956099 0.087328
v 0.074632 0.956099 0.096551
v 0.082478 0.956099 0.102252
v 0.092177 0.956099 0.102252
v 0.100023 0.956099 0.096551
v 0.097026 0.964349 0.087328
v 0.095174 0.964349 0.081627
v 0.090325 0.964349 0.078104
v 0.084331 0.964349 0.078104
v 0.079481 0.964349 0.081627
v 0.077629 0.964349 0.087328
v 0.079481 0.964349 0.093028
v 0.084331 0.964349 0.096551
v 0.090325 0.964349 0.096551
v 0.095174 0.964349 0.093028
v 0.087328 0.967500 0.087328
vn -0.1458 -0.6647 -0.7327
vn -0.2169 -0.6647 -0.7149
vn -0.0938 -0.9463 -0.3093
vn -0.0631 -0.9463 -0.3170
vn -0.0000 -1.0000 -0.0000
vn 0.5914 -0.8064 -0.0000
vn 0.5885 -0.8064 -0.0580
vn 0.5800 -0.8064 -0.1154
vn 0.5659 -0.8064 -0.1717
vn 0.5463 -0.8064 -0.2263
vn 0.5215 -0.8064 -0.2788
vn 0.4917 -0.8064 -0.3285
vn 0.4571 -0.8064 -0.3752
vn 0.4182 -0.8064 -0.4182
vn 0.3752 -0.8064 -0.4571
vn 0.3285 -0.8064 -0.4917
vn 0.2788 -0.8064 -0.5215
vn 0.2263 -0.8064 -0.5463
vn 0.1717 -0.8064 -0.5659
vn 0.1154 -0.8064 -0.5800
vn 0.0580 -0.8064 -0.5885
vn -0.0000 -0.8064 -0.5914
vn -0.0580 -0.8064 -0.5885
vn -0.1154 -0.8064 -0.5800
vn -0.1717 -0.8064 -0.5659
vn -0.2263 -0.8064 -0.5463
vn -0.2788 -0.8064 -0.5215
vn -0.3285 -0.8064 -0.4917
vn -0.3752 -0.8064 -0.4571
vn -0.4182 -0.8064 -0.4182
vn -0.4571 -0.8064 -0.3752
vn -0.4917 -0.8064 -0.3285
vn -0.5215 -0.8064 -0.2788
vn -0.5463 -0.8064 -0.2263
vn -0.5659 -0.8064 -0.1717
vn -0.5800 -0.8064 -0.1154
vn -0.5885 -0.8064 -0.0580
vn -0.5914 -0.8064 -0.0000
vn -0.5885 -0.8064 0.0580
vn -0.5800 -0.8064 0.1154
vn -0.5659 -0.8064 0.1717
vn -0.5463 -0.8064 0.2263
vn -0.5215 -0.8064 0.2788
vn -0.4917 -0.8064 0.3285
vn -0.4571 -0.8064 0.3752
vn -0.4182 -0.8064 0.4182
vn -0.3752 -0.8064 0.4571
vn -0.3285 -0.8064 0.4917
vn -0.2788 -0.8064 0.5215
vn -0.2263 -0.8064 0.5463
vn -0.1717 -0.8064 0.5659
vn -0.1154 -0.8064 0.5800
vn -0.0580 -0.8064 0.5885
vn -0.0000 -0.8064 0.5914
vn 0.0580 -0.8064 0.5885
vn 0.1154 -0.8064 0.5800
vn 0.1717 -0.8064 0.5659
vn 0.2263 -0.8064 0.5463
vn 0.2788 -0.8064 0.5215
vn 0.3285 -0.8064 0.4917
vn 0.3752 -0.8064 0.4571
vn 0.4182 -0.8064 0.4182
vn 0.4571 -0.8064 0.3752
vn 0.4917 -0.8064 0.3285
vn 0.5215 -0.8064 0.2788
vn 0.5463 -0.8064 0.2263
vn 0.5659 -0.8064 0.1717
vn 0.5800 -0.8064 0.1154
vn 0.5885 -0.8064 0.0580
vn 0.7628 -0.6422 -0.0751
vn 0.7665 -0.6422 -0.0000
vn 0.7071 -0.7071 -0.0000
vn 0.7037 -0.7071 -0.0693
vn 0.7518 -0.6422 -0.1495
vn 0.6935 -0.7071 -0.1379
vn 0.7335 -0.6422 -0.2225
vn 0.6767 -0.7071 -0.2053
vn 0.6533 -0.7071 -0.2706
vn 0.7082 -0.6422 -0.2933
vn 0.6236 -0.7071 -0.3333
vn 0.6760 -0.6422 -0.3613
vn 0.6373 -0.6422 -0.4258
vn 0.5879 -0.7071 -0.3928
vn 0.5466 -0.7071 -0.4486
vn 0.5925 -0.6422 -0.4863
vn 0.5000 -0.7071 -0.5000
vn 0.5420 -0.6422 -0.5420
vn 0.4486 -0.7071 -0.5466
vn 0.4863 -0.6422 -0.5925
vn 0.3928 -0.7071 -0.5879
vn 0.4258 -0.6422 -0.6373
vn 0.3333 -0.7071 -0.6236
vn 0.3613 -0.6422 -0.6760
vn 0.2706 -0.7071 -0.6533
vn 0.2933 -0.6422 -0.7082
vn 0.2053 -0.7071 -0.6767
vn 0.2225 -0.6422 -0.7335
vn 0.1380 -0.7071 -0.6935
vn 0.1495 -0.6422 -0.7518
vn 0.0693 -0.7071 -0.7037
vn 0.0751 -0.6422 -0.7628
vn -0.0000 -0.7071 -0.7071
vn -0.0000 -0.6422 -0.7665
vn -0.0693 -0.7071 -0.7037
vn -0.0751 -0.6422 -0.7628
vn -0.1380 -0.7071 -0.6935
vn -0.1495 -0.6422 -0.7518
vn -0.2053 -0.7071 -0.6767
vn -0.2225 -0.6422 -0.7335
vn -0.2706 -0.7071 -0.6533
vn -0.2933 -0.6422 -0.7082
vn -0.3333 -0.7071 -0.6236
vn -0.3613 -0.6422 -0.6760
vn -0.3928 -0.7071 -0.5879
vn -0.4258 -0.6422 -0.6373
vn -0.4486 -0.7071 -0.5466
vn -0.4863 -0.6422 -0.5925
vn -0.5000 -0.7071 -0.5000
vn -0.5420 -0.6422 -0.5420
vn -0.5466 -0.7071 -0.4486
vn -0.5925 -0.6422 -0.4863
vn -0.5879 -0.7071 -0.3928
vn -0.6373 -0.6422 -0.4258
vn -0.6236 -0.7071 -0.3333
vn -0.6760 -0.6422 -0.3613
vn -0.6533 -0.7071 -0.2706
vn -0.7082 -0.6422 -0.2933
vn -0.6767 -0.7071 -0.2053
vn -0.7335 -0.6422 -0.2225
vn -0.6935 -0.7071 -0.1379
vn -0.7518 -0.6422 -0.1495
vn -0.7037 -0.7071 -0.0693
vn -0.7628 -0.6422 -0.0751
vn -0.7071 -0.7071 -0.0000
vn -0.7665 -0.6422 -0.0000
vn -0.7037 -0.7071 0.0693
vn -0.7628 -0.6422 0.0751
vn -0.6935 -0.7071 0.1379
vn -0.7518 -0.6422 0.1495
vn -0.6767 -0.7071 0.2053
vn -0.7335 -0.6422 0.2225
vn -0.7082 -0.6422 0.2933
vn -0.6533 -0.7071 0.2706
vn -0.6760 -0.6422 0.3613
vn -0.6236 -0.7071 0.3333
vn -0.5879 -0.7071 0.3928
vn -0.6373 -0.6422 0.4258
vn -0.5925 -0.6422 0.4863
vn -0.5466 -0.7071 0.4486
vn -0.5420 -0.6422 0.5420
vn -0.5000 -0.7071 0.5000
vn -0.4863 -0.6422 0.5925
vn -0.4486 -0.7071 0.5466
vn -0.4258 -0.6422 0.6373
vn -0.3928 -0.7071 0.5879
vn -0.3613 -0.6422 0.6760
vn -0.3333 -0.7071 0.6236
vn -0.2933 -0.6422 0.7082
vn -0.2706 -0.7071 0.6533
vn -0.2225 -0.6422 0.7335
vn -0.2053 -0.7071 0.6767
vn -0.1495 -0.6422 0.7518
vn -0.1380 -0.7071 0.6935
vn -0.0751 -0.6422 0.7628
vn -0.0693 -0.7071 0.7037
vn -0.0000 -0.6422 0.7665
vn -0.0000 -0.7071 0.7071
vn 0.0751 -0.6422 0.7628
vn 0.0693 -0.7071 0.7037
vn 0.1495 -0.6422 0.7518
vn 0.1380 -0.7071 0.6935
vn 0.2225 -0.6422 0.7335
vn 0.2053 -0.7071 0.6767
vn 0.2933 -0.6422 0.7082
vn 0.2706 -0.7071 0.6533
vn 0.3613 -0.6422 0.6760
vn 0.3333 -0.7071 0.6236
vn 0.4258 -0.6422 0.6373
vn 0.3928 -0.7071 0.5879
vn 0.4863 -0.6422 0.5925
vn 0.4486 -0.7071 0.5466
vn 0.5420 -0.6422 0.5420
vn 0.5000 -0.7071 0.5000
vn 0.5925 -0.6422 0.4863
vn 0.5466 -0.7071 0.4486
vn 0.6373 -0.6422 0.4258
vn 0.5879 -0.7071 0.3928
vn 0.6760 -0.6422 0.3613
vn 0.6236 -0.7071 0.3333
vn 0.7082 -0.6422 0.2933
vn 0.6533 -0.7071 0.2706
vn 0.7335 -0.6422 0.2225
vn 0.6767 -0.7071 0.2053
vn 0.7518 -0.6422 0.1495
vn 0.6935 -0.7071 0.1379
vn 0.7628 -0.6422 0.0751
vn 0.7037 -0.7071 0.0693
vn 0.9944 -0.0391 -0.0979
vn 0.9992 -0.0391 -0.0000
vn 0.9800 -0.0391 -0.1949
vn 0.9562 -0.0391 -0.2900
vn 0.9232 -0.0391 -0.3824
vn 0.8813 -0.0391 -0.4710
vn 0.8308 -0.0391 -0.5551
vn 0.7724 -0.0391 -0.6339
vn 0.7066 -0.0391 -0.7066
vn 0.6339 -0.0391 -0.7724
vn 0.5552 -0.0391 -0.8308
vn 0.4710 -0.0391 -0.8812
vn 0.3824 -0.0391 -0.9232
vn 0.2901 -0.0391 -0.9562
vn 0.1950 -0.0391 -0.9800
vn 0.0980 -0.0391 -0.9944
vn -0.0000 -0.0391 -0.9992
vn -0.0979 -0.0391 -0.9944
vn -0.1949 -0.0391 -0.9800
vn -0.2900 -0.0391 -0.9562
vn -0.3824 -0.0391 -0.9232
vn -0.4710 -0.0391 -0.8813
vn -0.5551 -0.0391 -0.8308
vn -0.6339 -0.0391 -0.7724
vn -0.7066 -0.0391 -0.7066
vn -0.7724 -0.0391 -0.6339
vn -0.8308 -0.0391 -0.5552
vn -0.8812 -0.0391 -0.4710
vn -0.9232 -0.0391 -0.3824
vn -0.9562 -0.0391 -0.2901
vn -0.9800 -0.0391 -0.1950
vn -0.9944 -0.0391 -0.0980
vn -0.9992 -0.0391 -0.0000
vn -0.9944 -0.0391 0.0979
vn -0.9800 -0.0391 0.1949
vn -0.9562 -0.0391 0.2900
vn -0.9232 -0.0391 0.3824
vn -0.8813 -0.0391 0.4710
vn -0.8308 -0.0391 0.5551
vn -0.7724 -0.0391 0.6339
vn -0.7066 -0.0391 0.7066
vn -0.6339 -0.0391 0.7724
vn -0.5552 -0.0391 0.8308
vn -0.4710 -0.0391 0.8812
vn -0.3824 -0.0391 0.9232
vn -0.2901 -0.0391 0.9562
vn -0.1950 -0.0391 0.9800
vn -0.0980 -0.0391 0.9944
vn -0.0000 -0.0391 0.9992
vn 0.0979 -0.0391 0.9944
vn 0.1949 -0.0391 0.9800
vn 0.2900 -0.0391 0.9562
vn 0.3824 -0.0391 0.9232
vn 0.4710 -0.0391 0.8813
vn 0.5551 -0.0391 0.8308
vn 0.6339 -0.0391 0.7724
vn 0.7066 -0.0391 0.7066
vn 0.7724 -0.0391 0.6339
vn 0.8308 -0.0391 0.5552
vn 0.8812 -0.0391 0.4710
vn 0.9232 -0.0391 0.3824
vn 0.9562 -0.0391 0.2901
vn 0.9800 -0.0391 0.1950
vn 0.9944 -0.0391 0.0980
vn 0.9929 0.0679 -0.0978
vn 0.9977 0.0679 -0.0000
vn 0.9785 0.0679 -0.1946
vn 0.9547 0.0679 -0.2896
vn 0.9217 0.0679 -0.3818
vn 0.8799 0.0679 -0.4703
vn 0.8296 0.0679 -0.5543
vn 0.7712 0.0679 -0.6329
vn 0.7055 0.0679 -0.7055
vn 0.6329 0.0679 -0.7712
vn 0.5543 0.0679 -0.8296
vn 0.4703 0.0679 -0.8799
vn 0.3818 0.0679 -0.9217
vn 0.2896 0.0679 -0.9547
vn 0.1946 0.0679 -0.9785
vn 0.0978 0.0679 -0.9929
vn -0.0000 0.0679 -0.9977
vn -0.0978 0.0679 -0.9929
vn -0.1946 0.0679 -0.9785
vn -0.2896 0.0679 -0.9547
vn -0.3818 0.0679 -0.9217
vn -0.4703 0.0679 -0.8799
vn -0.5543 0.0679 -0.8296
vn -0.6329 0.0679 -0.7712
vn -0.7055 0.0679 -0.7055
vn -0.7712 0.0679 -0.6329
vn -0.8296 0.0679 -0.5543
vn -0.8799 0.0679 -0.4703
vn -0.9217 0.0679 -0.3818
vn -0.9547 0.0679 -0.2896
vn -0.9785 0.0679 -0.1946
vn -0.9929 0.0679 -0.0978
vn -0.9977 0.0679 -0.0000
vn -0.9929 0.0679 0.0978
vn -0.9785 0.0679 0.1946
vn -0.9547 0.0679 0.2896
vn -0.9217 0.0679 0.3818
vn -0.8799 0.0679 0.4703
vn -0.8296 0.0679 0.5543
vn -0.7712 0.0679 0.6329
vn -0.7055 0.0679 0.7055
vn -0.6329 0.0679 0.7712
vn -0.5543 0.0679 0.8296
vn -0.4703 0.0679 0.8799
vn -0.3818 0.0679 0.9217
vn -0.2896 0.0679 0.9547
vn -0.1946 0.0679 0.9785
vn -0.0978 0.0679 0.9929
vn -0.0000 0.0679 0.9977
vn 0.0978 0.0679 0.9929
vn 0.1946 0.0679 0.9785
vn 0.2896 0.0679 0.9547
vn 0.3818 0.0679 0.9217
vn 0.4703 0.0679 0.8799
vn 0.5543 0.0679 0.8296
vn 0.6329 0.0679 0.7712
vn 0.7055 0.0679 0.7055
vn 0.7712 0.0679 0.6329
vn 0.8296 0.0679 0.5543
vn 0.8799 0.0679 0.4703
vn 0.9217 0.0679 0.3818
vn 0.9547 0.0679 0.2896
vn 0.9785 0.0679 0.1946
vn 0.9929 0.0679 0.0978
vn 0.5556 0.8296 -0.0547
vn 0.5583 0.8296 -0.0000
vn 0.5476 0.8296 -0.1089
vn 0.5343 0.8296 -0.1621
vn 0.5158 0.8296 -0.2137
vn 0.4924 0.8296 -0.2632
vn 0.4642 0.8296 -0.3102
vn 0.4316 0.8296 -0.3542
vn 0.3948 0.8296 -0.3948
vn 0.3542 0.8296 -0.4316
vn 0.3102 0.8296 -0.4642
vn 0.2632 0.8296 -0.4924
vn 0.2136 0.8296 -0.5158
vn 0.1620 0.8296 -0.5343
vn 0.1089 0.8296 -0.5476
vn 0.0547 0.8296 -0.5556
vn -0.0000 0.8296 -0.5583
vn -0.0547 0.8296 -0.5556
vn -0.1089 0.8296 -0.5476
vn -0.1621 0.8296 -0.5343
vn -0.2137 0.8296 -0.5158
vn -0.2632 0.8296 -0.4924
vn -0.3102 0.8296 -0.4642
vn -0.3542 0.8296 -0.4316
vn -0.3948 0.8296 -0.3948
vn -0.4316 0.8296 -0.3542
vn -0.4642 0.8296 -0.3102
vn -0.4924 0.8296 -0.2632
vn -0.5158 0.8296 -0.2136
vn -0.5343 0.8296 -0.1620
vn -0.5476 0.8296 -0.1089
vn -0.5556 0.8296 -0.0547
vn -0.5583 0.8296 -0.0000
vn -0.5556 0.8296 0.0547
vn -0.5476 0.8296 0.1089
vn -0.5343 0.8296 0.1621
vn -0.5158 0.8296 0.2137
vn -0.4924 0.8296 0.2632
vn -0.4642 0.8296 0.3102
vn -0.4316 0.8296 0.3542
vn -0.3948 0.8296 0.3948
vn -0.3542 0.8296 0.4316
vn -0.3102 0.8296 0.4642
vn -0.2632 0.8296 0.4924
vn -0.2136 0.8296 0.5158
vn -0.1620 0.8296 0.5343
vn -0.1089 0.8296 0.5476
vn -0.0547 0.8296 0.5556
vn -0.0000 0.8296 0.5583
vn 0.0547 0.8296 0.5556
vn 0.1089 0.8296 0.5476
vn 0.1621 0.8296 0.5343
vn 0.2137 0.8296 0.5158
vn 0.2632 0.8296 0.4924
vn 0.3102 0.8296 0.4642
vn 0.3542 0.8296 0.4316
vn 0.3948 0.8296 0.3948
vn 0.4316 0.8296 0.3542
vn 0.4642 0.8296 0.3102
vn 0.4924 0.8296 0.2632
vn 0.5158 0.8296 0.2136
vn 0.5343 0.8296 0.1620
vn 0.5476 0.8296 0.1089
vn 0.5556 0.8296 0.0547
vn 0.4765 0.8779 -0.0469
vn 0.4789 0.8779 -0.0000
vn 0.4697 0.8779 -0.0934
vn 0.4582 0.8779 -0.1390
vn 0.4424 0.8779 -0.1832
vn 0.4223 0.8779 -0.2257
vn 0.3982 0.8779 -0.2660
vn 0.3702 0.8779 -0.3038
vn 0.3386 0.8779 -0.3386
vn 0.3038 0.8779 -0.3702
vn 0.2660 0.8779 -0.3982
vn 0.2257 0.8779 -0.4223
vn 0.1832 0.8779 -0.4424
vn 0.1390 0.8779 -0.4582
vn 0.0934 0.8779 -0.4697
vn 0.0469 0.8779 -0.4765
vn -0.0000 0.8779 -0.4789
vn -0.0469 0.8779 -0.4765
vn -0.0934 0.8779 -0.4697
vn -0.1390 0.8779 -0.4582
vn -0.1832 0.8779 -0.4424
vn -0.2257 0.8779 -0.4223
vn -0.2660 0.8779 -0.3982
vn -0.3038 0.8779 -0.3702
vn -0.3386 0.8779 -0.3386
vn -0.3702 0.8779 -0.3038
vn -0.3982 0.8779 -0.2660
vn -0.4223 0.8779 -0.2257
vn -0.4424 0.8779 -0.1832
vn -0.4582 0.8779 -0.1390
vn -0.4697 0.8779 -0.0934
vn -0.4765 0.8779 -0.0469
vn -0.4789 0.8779 -0.0000
vn -0.4765 0.8779 0.0469
vn -0.4697 0.8779 0.0934
vn -0.4582 0.8779 0.1390
vn -0.4424 0.8779 0.1832
vn -0.4223 0.8779 0.2257
vn -0.3982 0.8779 0.2660
vn -0.3702 0.8779 0.3038
vn -0.3386 0.8779 0.3386
vn -0.3038 0.8779 0.3702
vn -0.2660 0.8779 0.3982
vn -0.2257 0.8779 0.4223
vn -0.1832 0.8779 0.4424
vn -0.1390 0.8779 0.4582
vn -0.0934 0.8779 0.4697
vn -0.0469 0.8779 0.4765
vn -0.0000 0.8779 0.4789
vn 0.0469 0.8779 0.4765
vn 0.0934 0.8779 0.4697
vn 0.1390 0.8779 0.4582
vn 0.1832 0.8779 0.4424
vn 0.2257 0.8779 0.4223
vn 0.2660 0.8779 0.3982
vn 0.3038 0.8779 0.3702
vn 0.3386 0.8779 0.3386
vn 0.3702 0.8779 0.3038
vn 0.3982 0.8779 0.2660
vn 0.4223 0.8779 0.2257
vn 0.4424 0.8779 0.1832
vn 0.4582 0.8779 0.1390
vn 0.4697 0.8779 0.0934
vn 0.4765 0.8779 0.0469
vn 0.9798 -0.1752 -0.0965
vn 0.9845 -0.1752 -0.0000
vn 0.9314 -0.3640 -0.0000
vn 0.9269 -0.3640 -0.0913
vn 0.9135 -0.3640 -0.1817
vn 0.9656 -0.1752 -0.1921
vn 0.9421 -0.1752 -0.2858
vn 0.8913 -0.3640 -0.2704
vn 0.9096 -0.1752 -0.3768
vn 0.8605 -0.3640 -0.3564
vn 0.8214 -0.3640 -0.4391
vn 0.8683 -0.1752 -0.4641
vn 0.8186 -0.1752 -0.5470
vn 0.7744 -0.3640 -0.5174
vn 0.7611 -0.1752 -0.6246
vn 0.7200 -0.3640 -0.5909
vn 0.6586 -0.3640 -0.6586
vn 0.6962 -0.1752 -0.6962
vn 0.5909 -0.3640 -0.7200
vn 0.6246 -0.1752 -0.7611
vn 0.5174 -0.3640 -0.7744
vn 0.5470 -0.1752 -0.8186
vn 0.4391 -0.3640 -0.8214
vn 0.4641 -0.1752 -0.8683
vn 0.3564 -0.3640 -0.8605
vn 0.3768 -0.1752 -0.9096
vn 0.2704 -0.3640 -0.8913
vn 0.2858 -0.1752 -0.9421
vn 0.1817 -0.3640 -0.9135
vn 0.1921 -0.1752 -0.9656
vn 0.0913 -0.3640 -0.9269
vn 0.0965 -0.1752 -0.9798
vn -0.0000 -0.3640 -0.9314
vn -0.0000 -0.1751 -0.9845
vn -0.0913 -0.3640 -0.9269
vn -0.0965 -0.1752 -0.9798
vn -0.1817 -0.3640 -0.9135
vn -0.1921 -0.1752 -0.9656
vn -0.2704 -0.3640 -0.8913
vn -0.2858 -0.1752 -0.9421
vn -0.3564 -0.3640 -0.8605
vn -0.3768 -0.1752 -0.9096
vn -0.4391 -0.3640 -0.8214
vn -0.4641 -0.1752 -0.8683
vn -0.5174 -0.3640 -0.7744
vn -0.5470 -0.1752 -0.8186
vn -0.5909 -0.3640 -0.7200
vn -0.6246 -0.1752 -0.7611
vn -0.6586 -0.3640 -0.6586
vn -0.6962 -0.1752 -0.6962
vn -0.7200 -0.3640 -0.5909
vn -0.7611 -0.1752 -0.6246
vn -0.7744 -0.3640 -0.5174
vn -0.8186 -0.1752 -0.5470
vn -0.8214 -0.3640 -0.4391
vn -0.8683 -0.1752 -0.4641
vn -0.8605 -0.3640 -0.3564
vn -0.9096 -0.1752 -0.3768
vn -0.8913 -0.3640 -0.2704
vn -0.9421 -0.1752 -0.2858
vn -0.9135 -0.3640 -0.1817
vn -0.9656 -0.1752 -0.1921
vn -0.9269 -0.3640 -0.0913
vn -0.9798 -0.1752 -0.0965
vn -0.9314 -0.3640 -0.0000
vn -0.9845 -0.1752 -0.0000
vn -0.9269 -0.3640 0.0913
vn -0.9798 -0.1752 0.0965
vn -0.9656 -0.1752 0.1921
vn -0.9135 -0.3640 0.1817
vn -0.8913 -0.3640 0.2704
vn -0.9421 -0.1752 0.2858
vn -0.8605 -0.3640 0.3564
vn -0.9096 -0.1752 0.3768
vn -0.8683 -0.1752 0.4641
vn -0.8214 -0.3640 0.4391
vn -0.7744 -0.3640 0.5174
vn -0.8186 -0.1752 0.5470
vn -0.7200 -0.3640 0.5909
vn -0.7611 -0.1752 0.6246
vn -0.6962 -0.1752 0.6962
vn -0.6586 -0.3640 0.6586
vn -0.6246 -0.1752 0.7611
vn -0.5909 -0.3640 0.7200
vn -0.5470 -0.1752 0.8186
vn -0.5174 -0.3640 0.7744
vn -0.4641 -0.1752 0.8683
vn -0.4391 -0.3640 0.8214
vn -0.3768 -0.1752 0.9096
vn -0.3564 -0.3640 0.8605
vn -0.2858 -0.1752 0.9421
vn -0.2704 -0.3640 0.8913
vn -0.1921 -0.1752 0.9656
vn -0.1817 -0.3640 0.9135
vn -0.0965 -0.1752 0.9798
vn -0.0913 -0.3640 0.9269
vn -0.0000 -0.1751 0.9845
vn -0.0000 -0.3640 0.9314
vn 0.0965 -0.1752 0.9798
vn 0.0913 -0.3640 0.9269
vn 0.1921 -0.1752 0.9656
vn 0.1817 -0.3640 0.9135
vn 0.2858 -0.1752 0.9421
vn 0.2704 -0.3640 0.8913
vn 0.3768 -0.1752 0.9096
vn 0.3564 -0.3640 0.8605
vn 0.4641 -0.1752 0.8683
vn 0.4391 -0.3640 0.8214
vn 0.5470 -0.1752 0.8186
vn 0.5174 -0.3640 0.7744
vn 0.6246 -0.1752 0.7611
vn 0.5909 -0.3640 0.7200
vn 0.6962 -0.1752 0.6962
vn 0.6586 -0.3640 0.6586
vn 0.7611 -0.1752 0.6246
vn 0.7200 -0.3640 0.5909
vn 0.8186 -0.1752 0.5470
vn 0.7744 -0.3640 0.5174
vn 0.8683 -0.1752 0.4641
vn 0.8214 -0.3640 0.4391
vn 0.9096 -0.1752 0.3768
vn 0.8605 -0.3640 0.3564
vn 0.9421 -0.1752 0.2858
vn 0.8913 -0.3640 0.2704
vn 0.9656 -0.1752 0.1921
vn 0.9135 -0.3640 0.1817
vn 0.9798 -0.1752 0.0965
vn 0.9269 -0.3640 0.0913
vn 0.9843 0.1477 -0.0969
vn 0.9890 0.1477 -0.0000
vn 0.9700 0.1477 -0.1930
vn 0.9464 0.1477 -0.2871
vn 0.9137 0.1477 -0.3785
vn 0.8722 0.1477 -0.4662
vn 0.8223 0.1477 -0.5495
vn 0.7645 0.1477 -0.6274
vn 0.6993 0.1477 -0.6993
vn 0.6274 0.1477 -0.7645
vn 0.5495 0.1477 -0.8223
vn 0.4662 0.1477 -0.8722
vn 0.3785 0.1477 -0.9137
vn 0.2871 0.1477 -0.9464
vn 0.1929 0.1477 -0.9700
vn 0.0969 0.1477 -0.9843
vn -0.0000 0.1477 -0.9890
vn -0.0969 0.1477 -0.9843
vn -0.1930 0.1477 -0.9700
vn -0.2871 0.1477 -0.9464
vn -0.3785 0.1477 -0.9137
vn -0.4662 0.1477 -0.8722
vn -0.5495 0.1477 -0.8223
vn -0.6274 0.1477 -0.7645
vn -0.6993 0.1477 -0.6993
vn -0.7645 0.1477 -0.6274
vn -0.8223 0.1477 -0.5495
vn -0.8722 0.1477 -0.4662
vn -0.9137 0.1477 -0.3785
vn -0.9464 0.1477 -0.2871
vn -0.9700 0.1477 -0.1929
vn -0.9843 0.1477 -0.0969
vn -0.9890 0.1477 -0.0000
vn -0.9843 0.1477 0.0969
vn -0.9700 0.1477 0.1930
vn -0.9464 0.1477 0.2871
vn -0.9137 0.1477 0.3785
vn -0.8722 0.1477 0.4662
vn -0.8223 0.1477 0.5495
vn -0.7645 0.1477 0.6274
vn -0.6993 0.1477 0.6993
vn -0.6274 0.1477 0.7645
vn -0.5495 0.1477 0.8223
vn -0.4662 0.1477 0.8722
vn -0.3785 0.1477 0.9137
vn -0.2871 0.1477 0.9464
vn -0.1929 0.1477 0.9700
vn -0.0969 0.1477 0.9843
vn -0.0000 0.1477 0.9890
vn 0.0969 0.1477 0.9843
vn 0.1930 0.1477 0.9700
vn 0.2871 0.1477 0.9464
vn 0.3785 0.1477 0.9137
vn 0.4662 0.1477 0.8722
vn 0.5495 0.1477 0.8223
vn 0.6274 0.1477 0.7645
vn 0.6993 0.1477 0.6993
vn 0.7645 0.1477 0.6274
vn 0.8223 0.1477 0.5495
vn 0.8722 0.1477 0.4662
vn 0.9137 0.1477 0.3785
vn 0.9464 0.1477 0.2871
vn 0.9700 0.1477 0.1929
vn 0.9843 0.1477 0.0969
vn 0.8908 0.4459 -0.0877
vn 0.8951 0.4459 -0.0000
vn 0.8779 0.4459 -0.1746
vn 0.8566 0.4459 -0.2598
vn 0.8270 0.4459 -0.3425
vn 0.7894 0.4459 -0.4220
vn 0.7443 0.4459 -0.4973
vn 0.6919 0.4459 -0.5679
vn 0.6329 0.4459 -0.6329
vn 0.5678 0.4459 -0.6919
vn 0.4973 0.4459 -0.7443
vn 0.4219 0.4459 -0.7894
vn 0.3425 0.4459 -0.8270
vn 0.2598 0.4459 -0.8566
vn 0.1746 0.4459 -0.8779
vn 0.0877 0.4459 -0.8908
vn -0.0000 0.4459 -0.8951
vn -0.0877 0.4459 -0.8908
vn -0.1746 0.4459 -0.8779
vn -0.2598 0.4459 -0.8566
vn -0.3425 0.4459 -0.8270
vn -0.4220 0.4459 -0.7894
vn -0.4973 0.4459 -0.7443
vn -0.5679 0.4459 -0.6919
vn -0.6329 0.4459 -0.6329
vn -0.6919 0.4459 -0.5678
vn -0.7443 0.4459 -0.4973
vn -0.7894 0.4459 -0.4219
vn -0.8270 0.4459 -0.3425
vn -0.8566 0.4459 -0.2598
vn -0.8779 0.4459 -0.1746
vn -0.8908 0.4459 -0.0877
vn -0.8951 0.4459 -0.0000
vn -0.8908 0.4459 0.0877
vn -0.8779 0.4459 0.1746
vn -0.8566 0.4459 0.2598
vn -0.8270 0.4459 0.3425
vn -0.7894 0.4459 0.4220
vn -0.7443 0.4459 0.4973
vn -0.6919 0.4459 0.5679
vn -0.6329 0.4459 0.6329
vn -0.5678 0.4459 0.6919
vn -0.4973 0.4459 0.7443
vn -0.4219 0.4459 0.7894
vn -0.3425 0.4459 0.8270
vn -0.2598 0.4459 0.8566
vn -0.1746 0.4459 0.8779
vn -0.0877 0.4459 0.8908
vn -0.0000 0.4459 0.8951
vn 0.0877 0.4459 0.8908
vn 0.1746 0.4459 0.8779
vn 0.2598 0.4459 0.8566
vn 0.3425 0.4459 0.8270
vn 0.4220 0.4459 0.7894
vn 0.4973 0.4459 0.7443
vn 0.5679 0.4459 0.6919
vn 0.6329 0.4459 0.6329
vn 0.6919 0.4459 0.5678
vn 0.7443 0.4459 0.4973
vn 0.7894 0.4459 0.4219
vn 0.8270 0.4459 0.3425
vn 0.8566 0.4459 0.2598
vn 0.8779 0.4459 0.1746
vn 0.8908 0.4459 0.0877
vn 0.6956 0.7151 -0.0685
vn 0.6990 0.7151 -0.0000
vn 0.6856 0.7151 -0.1364
vn 0.6689 0.7151 -0.2029
vn 0.6458 0.7151 -0.2675
vn 0.6165 0.7151 -0.3295
vn 0.5812 0.7151 -0.3883
vn 0.5403 0.7151 -0.4434
vn 0.4943 0.7151 -0.4943
vn 0.4434 0.7151 -0.5403
vn 0.3883 0.7151 -0.5812
vn 0.3295 0.7151 -0.6165
vn 0.2675 0.7151 -0.6458
vn 0.2029 0.7151 -0.6689
vn 0.1364 0.7151 -0.6856
vn 0.0685 0.7151 -0.6956
vn -0.0000 0.7151 -0.6990
vn -0.0685 0.7151 -0.6956
vn -0.1364 0.7151 -0.6856
vn -0.2029 0.7151 -0.6689
vn -0.2675 0.7151 -0.6458
vn -0.3295 0.7151 -0.6165
vn -0.3883 0.7151 -0.5812
vn -0.4434 0.7151 -0.5403
vn -0.4943 0.7151 -0.4943
vn -0.5403 0.7151 -0.4434
vn -0.5812 0.7151 -0.3883
vn -0.6165 0.7151 -0.3295
vn -0.6458 0.7151 -0.2675
vn -0.6689 0.7151 -0.2029
vn -0.6856 0.7151 -0.1364
vn -0.6956 0.7151 -0.0685
vn -0.6990 0.7151 -0.0000
vn -0.6956 0.7151 0.0685
vn -0.6856 0.7151 0.1364
vn -0.6689 0.7151 0.2029
vn -0.6458 0.7151 0.2675
vn -0.6165 0.7151 0.3295
vn -0.5812 0.7151 0.3883
vn -0.5403 0.7151 0.4434
vn -0.4943 0.7151 0.4943
vn -0.4434 0.7151 0.5403
vn -0.3883 0.7151 0.5812
vn -0.3295 0.7151 0.6165
vn -0.2675 0.7151 0.6458
vn -0.2029 0.7151 0.6689
vn -0.1364 0.7151 0.6856
vn -0.0685 0.7151 0.6956
vn -0.0000 0.7151 0.6990
vn 0.0685 0.7151 0.6956
vn 0.1364 0.7151 0.6856
vn 0.2029 0.7151 0.6689
vn 0.2675 0.7151 0.6458
vn 0.3295 0.7151 0.6165
vn 0.3883 0.7151 0.5812
vn 0.4434 0.7151 0.5403
vn 0.4943 0.7151 0.4943
vn 0.5403 0.7151 0.4434
vn 0.5812 0.7151 0.3883
vn 0.6165 0.7151 0.3295
vn 0.6458 0.7151 0.2675
vn 0.6689 0.7151 0.2029
vn 0.6856 0.7151 0.1364
vn 0.6956 0.7151 0.0685
vn 0.4213 0.9060 -0.0415
vn 0.4234 0.9060 -0.0000
vn 0.4152 0.9060 -0.0826
vn 0.4051 0.9060 -0.1229
vn 0.3911 0.9060 -0.1620
vn 0.3734 0.9060 -0.1996
vn 0.3520 0.9060 -0.2352
vn 0.3273 0.9060 -0.2686
vn 0.2994 0.9060 -0.2994
vn 0.2686 0.9060 -0.3273
vn 0.2352 0.9060 -0.3520
vn 0.1996 0.9060 -0.3734
vn 0.1620 0.9060 -0.3911
vn 0.1229 0.9060 -0.4051
vn 0.0826 0.9060 -0.4152
vn 0.0415 0.9060 -0.4213
vn -0.0000 0.9060 -0.4234
vn -0.0415 0.9060 -0.4213
vn -0.0826 0.9060 -0.4152
vn -0.1229 0.9060 -0.4051
vn -0.1620 0.9060 -0.3911
vn -0.1996 0.9060 -0.3734
vn -0.2352 0.9060 -0.3520
vn -0.2686 0.9060 -0.3273
vn -0.2994 0.9060 -0.2994
vn -0.3273 0.9060 -0.2686
vn -0.3520 0.9060 -0.2352
vn -0.3734 0.9060 -0.1996
vn -0.3911 0.9060 -0.1620
vn -0.4051 0.9060 -0.1229
vn -0.4152 0.9060 -0.0826
vn -0.4213 0.9060 -0.0415
vn -0.4234 0.9060 -0.0000
vn -0.4213 0.9060 0.0415
vn -0.4152 0.9060 0.0826
vn -0.4051 0.9060 0.1229
vn -0.3911 0.9060 0.1620
vn -0.3734 0.9060 0.1996
vn -0.3520 0.9060 0.2352
vn -0.3273 0.9060 0.2686
vn -0.2994 0.9060 0.2994
vn -0.2686 0.9060 0.3273
vn -0.2352 0.9060 0.3520
vn -0.1996 0.9060 0.3734
vn -0.1620 0.9060 0.3911
vn -0.1229 0.9060 0.4051
vn -0.0826 0.9060 0.4152
vn -0.0415 0.9060 0.4213
vn -0.0000 0.9060 0.4234
vn 0.0415 0.9060 0.4213
vn 0.0826 0.9060 0.4152
vn 0.1229 0.9060 0.4051
vn 0.1620 0.9060 0.3911
vn 0.1996 0.9060 0.3734
vn 0.2352 0.9060 0.3520
vn 0.2686 0.9060 0.3273
vn 0.2994 0.9060 0.2994
vn 0.3273 0.9060 0.2686
vn 0.3520 0.9060 0.2352
vn 0.3734 0.9060 0.1996
vn 0.3911 0.9060 0.1620
vn 0.4051 0.9060 0.1229
vn 0.4152 0.9060 0.0826
vn 0.4213 0.9060 0.0415
vn 0.2814 0.9592 -0.0277
vn 0.2828 0.9592 -0.0000
vn 0.2774 0.9592 -0.0552
vn 0.2706 0.9592 -0.0821
vn 0.2613 0.9592 -0.1082
vn 0.2494 0.9592 -0.1333
vn 0.2351 0.9592 -0.1571
vn 0.2186 0.9592 -0.1794
vn 0.2000 0.9592 -0.2000
vn 0.1794 0.9592 -0.2186
vn 0.1571 0.9592 -0.2351
vn 0.1333 0.9592 -0.2494
vn 0.1082 0.9592 -0.2613
vn 0.0821 0.9592 -0.2706
vn 0.0552 0.9592 -0.2774
vn 0.0277 0.9592 -0.2814
vn -0.0000 0.9592 -0.2828
vn -0.0277 0.9592 -0.2814
vn -0.0552 0.9592 -0.2774
vn -0.0821 0.9592 -0.2706
vn -0.1082 0.9592 -0.2613
vn -0.1333 0.9592 -0.2494
vn -0.1571 0.9592 -0.2351
vn -0.1794 0.9592 -0.2186
vn -0.2000 0.9592 -0.2000
vn -0.2186 0.9592 -0.1794
vn -0.2351 0.9592 -0.1571
vn -0.2494 0.9592 -0.1333
vn -0.2613 0.9592 -0.1082
vn -0.2706 0.9592 -0.0821
vn -0.2774 0.9592 -0.0552
vn -0.2814 0.9592 -0.0277
vn -0.2828 0.9592 -0.0000
vn -0.2814 0.9592 0.0277
vn -0.2774 0.9592 0.0552
vn -0.2706 0.9592 0.0821
vn -0.2613 0.9592 0.1082
vn -0.2494 0.9592 0.1333
vn -0.2351 0.9592 0.1571
vn -0.2186 0.9592 0.1794
vn -0.2000 0.9592 0.2000
vn -0.1794 0.9592 0.2186
vn -0.1571 0.9592 0.2351
vn -0.1333 0.9592 0.2494
vn -0.1082 0.9592 0.2613
vn -0.0821 0.9592 0.2706
vn -0.0552 0.9592 0.2774
vn -0.0277 0.9592 0.2814
vn -0.0000 0.9592 0.2828
vn 0.0277 0.9592 0.2814
vn 0.0552 0.9592 0.2774
vn 0.0821 0.9592 0.2706
vn 0.1082 0.9592 0.2613
vn 0.1333 0.9592 0.2494
vn 0.1571 0.9592 0.2351
vn 0.1794 0.9592 0.2186
vn 0.2000 0.9592 0.2000
vn 0.2186 0.9592 0.1794
vn 0.2351 0.9592 0.1571
vn 0.2494 0.9592 0.1333
vn 0.2613 0.9592 0.1082
vn 0.2706 0.9592 0.0821
vn 0.2774 0.9592 0.0552
vn 0.2814 0.9592 0.0277
vn 0.1524 0.9882 -0.0150
vn 0.1531 0.9882 -0.0000
vn 0.1961 0.9806 -0.0000
vn 0.1952 0.9806 -0.0192
vn 0.1501 0.9882 -0.0299
vn 0.1923 0.9806 -0.0383
vn 0.1465 0.9882 -0.0444
vn 0.1877 0.9806 -0.0569
vn 0.1414 0.9882 -0.0586
vn 0.1812 0.9806 -0.0751
vn 0.1350 0.9882 -0.0722
vn 0.1730 0.9806 -0.0924
vn 0.1273 0.9882 -0.0851
vn 0.1631 0.9806 -0.1090
vn 0.1183 0.9882 -0.0971
vn 0.1516 0.9806 -0.1244
vn 0.1082 0.9882 -0.1083
vn 0.1387 0.9806 -0.1387
vn 0.0971 0.9882 -0.1183
vn 0.1244 0.9806 -0.1516
vn 0.0850 0.9882 -0.1273
vn 0.1090 0.9806 -0.1631
vn 0.0722 0.9882 -0.1350
vn 0.0924 0.9806 -0.1730
vn 0.0751 0.9806 -0.1812
vn 0.0586 0.9882 -0.1414
vn 0.0569 0.9806 -0.1877
vn 0.0444 0.9882 -0.1465
vn 0.0383 0.9806 -0.1923
vn 0.0299 0.9882 -0.1501
vn 0.0192 0.9806 -0.1952
vn 0.0150 0.9882 -0.1524
vn -0.0000 0.9882 -0.1531
vn -0.0000 0.9806 -0.1961
vn -0.0150 0.9882 -0.1524
vn -0.0192 0.9806 -0.1952
vn -0.0383 0.9806 -0.1923
vn -0.0299 0.9882 -0.1501
vn -0.0569 0.9806 -0.1877
vn -0.0444 0.9882 -0.1465
vn -0.0751 0.9806 -0.1812
vn -0.0586 0.9882 -0.1414
vn -0.0924 0.9806 -0.1730
vn -0.0722 0.9882 -0.1350
vn -0.1090 0.9806 -0.1631
vn -0.0851 0.9882 -0.1273
vn -0.1244 0.9806 -0.1516
vn -0.0971 0.9882 -0.1183
vn -0.1387 0.9806 -0.1387
vn -0.1083 0.9882 -0.1082
vn -0.1516 0.9806 -0.1244
vn -0.1183 0.9882 -0.0971
vn -0.1631 0.9806 -0.1090
vn -0.1273 0.9882 -0.0850
vn -0.1730 0.9806 -0.0924
vn -0.1350 0.9882 -0.0722
vn -0.1812 0.9806 -0.0751
vn -0.1414 0.9882 -0.0586
vn -0.1877 0.9806 -0.0569
vn -0.1465 0.9882 -0.0444
vn -0.1923 0.9806 -0.0383
vn -0.1501 0.9882 -0.0299
vn -0.1952 0.9806 -0.0192
vn -0.1524 0.9882 -0.0150
vn -0.1961 0.9806 -0.0000
vn -0.1531 0.9882 -0.0000
vn -0.1952 0.9806 0.0192
vn -0.1524 0.9882 0.0150
vn -0.1923 0.9806 0.0383
vn -0.1501 0.9882 0.0299
vn -0.1877 0.9806 0.0569
vn -0.1465 0.9882 0.0444
vn -0.1812 0.9806 0.0751
vn -0.1414 0.9882 0.0586
vn -0.1730 0.9806 0.0924
vn -0.1350 0.9882 0.0722
vn -0.1631 0.9806 0.1090
vn -0.1273 0.9882 0.0851
vn -0.1516 0.9806 0.1244
vn -0.1183 0.9882 0.0971
vn -0.1387 0.9806 0.1387
vn -0.1082 0.9882 0.1083
vn -0.1244 0.9806 0.1516
vn -0.0971 0.9882 0.1183
vn -0.1090 0.9806 0.1631
vn -0.0850 0.9882 0.1273
vn -0.0924 0.9806 0.1730
vn -0.0722 0.9882 0.1350
vn -0.0586 0.9882 0.1414
vn -0.0751 0.9806 0.1812
vn -0.0444 0.9882 0.1465
vn -0.0569 0.9806 0.1877
vn -0.0299 0.9882 0.1501
vn -0.0383 0.9806 0.1923
vn -0.0150 0.9882 0.1524
vn -0.0192 0.9806 0.1952
vn -0.0000 0.9806 0.1961
vn -0.0000 0.9882 0.1531
vn 0.0192 0.9806 0.1952
vn 0.0150 0.9882 0.1524
vn 0.0299 0.9882 0.1501
vn 0.0383 0.9806 0.1923
vn 0.0444 0.9882 0.1465
vn 0.0569 0.9806 0.1877
vn 0.0586 0.9882 0.1414
vn 0.0751 0.9806 0.1812
vn 0.0722 0.9882 0.1350
vn 0.0924 0.9806 0.1730
vn 0.0851 0.9882 0.1273
vn 0.1090 0.9806 0.1631
vn 0.0971 0.9882 0.1183
vn 0.1244 0.9806 0.1516
vn 0.1083 0.9882 0.1082
vn 0.1387 0.9806 0.1387
vn 0.1183 0.9882 0.0971
vn 0.1516 0.9806 0.1244
vn 0.1273 0.9882 0.0850
vn 0.1631 0.9806 0.1090
vn 0.1350 0.9882 0.0722
vn 0.1730 0.9806 0.0924
vn 0.1414 0.9882 0.0586
vn 0.1812 0.9806 0.0751
vn 0.1465 0.9882 0.0444
vn 0.1877 0.9806 0.0569
vn 0.1501 0.9882 0.0299
vn 0.1923 0.9806 0.0383
vn 0.1524 0.9882 0.0150
vn 0.1952 0.9806 0.0192
vn 0.1986 0.9799 -0.0196
vn 0.1996 0.9799 -0.0000
vn 0.1957 0.9799 -0.0389
vn 0.1910 0.9799 -0.0579
vn 0.1844 0.9799 -0.0764
vn 0.1760 0.9799 -0.0941
vn 0.1659 0.9799 -0.1109
vn 0.1543 0.9799 -0.1266
vn 0.1411 0.9799 -0.1411
vn 0.1266 0.9799 -0.1543
vn 0.1109 0.9799 -0.1659
vn 0.0941 0.9799 -0.1760
vn 0.0764 0.9799 -0.1844
vn 0.0579 0.9799 -0.1910
vn 0.0389 0.9799 -0.1957
vn 0.0196 0.9799 -0.1986
vn -0.0000 0.9799 -0.1996
vn -0.0196 0.9799 -0.1986
vn -0.0389 0.9799 -0.1957
vn -0.0579 0.9799 -0.1910
vn -0.0764 0.9799 -0.1844
vn -0.0941 0.9799 -0.1760
vn -0.1109 0.9799 -0.1659
vn -0.1266 0.9799 -0.1543
vn -0.1411 0.9799 -0.1411
vn -0.1543 0.9799 -0.1266
vn -0.1659 0.9799 -0.1109
vn -0.1760 0.9799 -0.0941
vn -0.1844 0.9799 -0.0764
vn -0.1910 0.9799 -0.0579
vn -0.1957 0.9799 -0.0389
vn -0.1986 0.9799 -0.0196
vn -0.1996 0.9799 -0.0000
vn -0.1986 0.9799 0.0196
vn -0.1957 0.9799 0.0389
vn -0.1910 0.9799 0.0579
vn -0.1844 0.9799 0.0764
vn -0.1760 0.9799 0.0941
vn -0.1659 0.9799 0.1109
vn -0.1543 0.9799 0.1266
vn -0.1411 0.9799 0.1411
vn -0.1266 0.9799 0.1543
vn -0.1109 0.9799 0.1659
vn -0.0941 0.9799 0.1760
vn -0.0764 0.9799 0.1844
vn -0.0579 0.9799 0.1910
vn -0.0389 0.9799 0.1957
vn -0.0196 0.9799 0.1986
vn -0.0000 0.9799 0.1996
vn 0.0196 0.9799 0.1986
vn 0.0389 0.9799 0.1957
vn 0.0579 0.9799 0.1910
vn 0.0764 0.9799 0.1844
vn 0.0941 0.9799 0.1760
vn 0.1109 0.9799 0.1659
vn 0.1266 0.9799 0.1543
vn 0.1411 0.9799 0.1411
vn 0.1543 0.9799 0.1266
vn 0.1659 0.9799 0.1109
vn 0.1760 0.9799 0.0941
vn 0.1844 0.9799 0.0764
vn 0.1910 0.9799 0.0579
vn 0.1957 0.9799 0.0389
vn 0.1986 0.9799 0.0196
vn 0.3725 0.9273 -0.0367
vn 0.3743 0.9273 -0.0000
vn 0.3671 0.9273 -0.0730
vn 0.3582 0.9273 -0.1086
vn 0.3458 0.9273 -0.1432
vn 0.3301 0.9273 -0.1765
vn 0.3112 0.9273 -0.2080
vn 0.2893 0.9273 -0.2374
vn 0.2647 0.9273 -0.2647
vn 0.2374 0.9273 -0.2893
vn 0.2079 0.9273 -0.3112
vn 0.1764 0.9273 -0.3301
vn 0.1432 0.9273 -0.3458
vn 0.1087 0.9273 -0.3582
vn 0.0730 0.9273 -0.3671
vn 0.0367 0.9273 -0.3725
vn -0.0000 0.9273 -0.3743
vn -0.0367 0.9273 -0.3725
vn -0.0730 0.9273 -0.3671
vn -0.1087 0.9273 -0.3582
vn -0.1432 0.9273 -0.3458
vn -0.1764 0.9273 -0.3301
vn -0.2079 0.9273 -0.3112
vn -0.2374 0.9273 -0.2893
vn -0.2647 0.9273 -0.2647
vn -0.2893 0.9273 -0.2374
vn -0.3112 0.9273 -0.2080
vn -0.3301 0.9273 -0.1764
vn -0.3458 0.9273 -0.1432
vn -0.3582 0.9273 -0.1086
vn -0.3671 0.9273 -0.0730
vn -0.3725 0.9273 -0.0367
vn -0.3743 0.9273 -0.0000
vn -0.3725 0.9273 0.0367
vn -0.3671 0.9273 0.0730
vn -0.3582 0.9273 0.1086
vn -0.3458 0.9273 0.1432
vn -0.3301 0.9273 0.1764
vn -0.3112 0.9273 0.2079
vn -0.2893 0.9273 0.2374
vn -0.2647 0.9273 0.2647
vn -0.2374 0.9273 0.2893
vn -0.2080 0.9273 0.3112
vn -0.1764 0.9273 0.3301
vn -0.1432 0.9273 0.3458
vn -0.1086 0.9273 0.3582
vn -0.0730 0.9273 0.3671
vn -0.0367 0.9273 0.3725
vn -0.0000 0.9273 0.3743
vn 0.0367 0.9273 0.3725
vn 0.0730 0.9273 0.3671
vn 0.1087 0.9273 0.3582
vn 0.1432 0.9273 0.3458
vn 0.1764 0.9273 0.3301
vn 0.2079 0.9273 0.3112
vn 0.2374 0.9273 0.2893
vn 0.2647 0.9273 0.2647
vn 0.2893 0.9273 0.2374
vn 0.3112 0.9273 0.2079
vn 0.3301 0.9273 0.1764
vn 0.3458 0.9273 0.1432
vn 0.3582 0.9273 0.1086
vn 0.3671 0.9273 0.0730
vn 0.3725 0.9273 0.0367
vn 0.6055 0.7936 -0.0596
vn 0.6084 0.7936 -0.0000
vn 0.5968 0.7936 -0.1187
vn 0.5822 0.7936 -0.1766
vn 0.5621 0.7936 -0.2328
vn 0.5366 0.7936 -0.2868
vn 0.5059 0.7936 -0.3380
vn 0.4703 0.7936 -0.3860
vn 0.4302 0.7936 -0.4302
vn 0.3860 0.7936 -0.4703
vn 0.3380 0.7936 -0.5059
vn 0.2868 0.7936 -0.5366
vn 0.2328 0.7936 -0.5621
vn 0.1766 0.7936 -0.5822
vn 0.1187 0.7936 -0.5968
vn 0.0596 0.7936 -0.6055
vn -0.0000 0.7936 -0.6084
vn -0.0596 0.7936 -0.6055
vn -0.1187 0.7936 -0.5968
vn -0.1766 0.7936 -0.5822
vn -0.2328 0.7936 -0.5621
vn -0.2868 0.7936 -0.5366
vn -0.3380 0.7936 -0.5059
vn -0.3860 0.7936 -0.4703
vn -0.4302 0.7936 -0.4302
vn -0.4703 0.7936 -0.3860
vn -0.5059 0.7936 -0.3380
vn -0.5366 0.7936 -0.2868
vn -0.5621 0.7936 -0.2328
vn -0.5822 0.7936 -0.1766
vn -0.5968 0.7936 -0.1187
vn -0.6055 0.7936 -0.0596
vn -0.6084 0.7936 -0.0000
vn -0.6055 0.7936 0.0596
vn -0.5968 0.7936 0.1187
vn -0.5822 0.7936 0.1766
vn -0.5621 0.7936 0.2328
vn -0.5366 0.7936 0.2868
vn -0.5059 0.7936 0.3380
vn -0.4703 0.7936 0.3860
vn -0.4302 0.7936 0.4302
vn -0.3860 0.7936 0.4703
vn -0.3380 0.7936 0.5059
vn -0.2868 0.7936 0.5366
vn -0.2328 0.7936 0.5621
vn -0.1766 0.7936 0.5822
vn -0.1187 0.7936 0.5968
vn -0.0596 0.7936 0.6055
vn -0.0000 0.7936 0.6084
vn 0.0596 0.7936 0.6055
vn 0.1187 0.7936 0.5968
vn 0.1766 0.7936 0.5822
vn 0.2328 0.7936 0.5621
vn 0.2868 0.7936 0.5366
vn 0.3380 0.7936 0.5059
vn 0.3860 0.7936 0.4703
vn 0.4302 0.7936 0.4302
vn 0.4703 0.7936 0.3860
vn 0.5059 0.7936 0.3380
vn 0.5366 0.7936 0.2868
vn 0.5621 0.7936 0.2328
vn 0.5822 0.7936 0.1766
vn 0.5968 0.7936 0.1187
vn 0.6055 0.7936 0.0596
vn 0.8525 0.5160 -0.0840
vn 0.8566 0.5160 -0.0000
vn 0.8401 0.5160 -0.1671
vn 0.8197 0.5160 -0.2487
vn 0.7914 0.5160 -0.3278
vn 0.7554 0.5160 -0.4038
vn 0.7122 0.5160 -0.4759
vn 0.6622 0.5160 -0.5434
vn 0.6057 0.5160 -0.6057
vn 0.5434 0.5160 -0.6622
vn 0.4759 0.5160 -0.7122
vn 0.4038 0.5160 -0.7554
vn 0.3278 0.5160 -0.7914
vn 0.2487 0.5160 -0.8197
vn 0.1671 0.5160 -0.8401
vn 0.0840 0.5160 -0.8525
vn -0.0000 0.5160 -0.8566
vn -0.0840 0.5160 -0.8525
vn -0.1671 0.5160 -0.8401
vn -0.2487 0.5160 -0.8197
vn -0.3278 0.5160 -0.7914
vn -0.4038 0.5160 -0.7554
vn -0.4759 0.5160 -0.7122
vn -0.5434 0.5160 -0.6622
vn -0.6057 0.5160 -0.6057
vn -0.6622 0.5160 -0.5434
vn -0.7122 0.5160 -0.4759
vn -0.7554 0.5160 -0.4038
vn -0.7914 0.5160 -0.3278
vn -0.8197 0.5160 -0.2487
vn -0.8401 0.5160 -0.1671
vn -0.8525 0.5160 -0.0840
vn -0.8566 0.5160 -0.0000
vn -0.8525 0.5160 0.0840
vn -0.8401 0.5160 0.1671
vn -0.8197 0.5160 0.2487
vn -0.7914 0.5160 0.3278
vn -0.7554 0.5160 0.4038
vn -0.7122 0.5160 0.4759
vn -0.6622 0.5160 0.5434
vn -0.6057 0.5160 0.6057
vn -0.5434 0.5160 0.6622
vn -0.4759 0.5160 0.7122
vn -0.4038 0.5160 0.7554
vn -0.3278 0.5160 0.7914
vn -0.2487 0.5160 0.8197
vn -0.1671 0.5160 0.8401
vn -0.0840 0.5160 0.8525
vn -0.0000 0.5160 0.8566
vn 0.0840 0.5160 0.8525
vn 0.1671 0.5160 0.8401
vn 0.2487 0.5160 0.8197
vn 0.3278 0.5160 0.7914
vn 0.4038 0.5160 0.7554
vn 0.4759 0.5160 0.7122
vn 0.5434 0.5160 0.6622
vn 0.6057 0.5160 0.6057
vn 0.6622 0.5160 0.5434
vn 0.7122 0.5160 0.4759
vn 0.7554 0.5160 0.4038
vn 0.7914 0.5160 0.3278
vn 0.8197 0.5160 0.2487
vn 0.8401 0.5160 0.1671
vn 0.8525 0.5160 0.0840
vn 0.9862 0.1343 -0.0971
vn 0.9909 0.1343 -0.0000
vn 0.9719 0.1343 -0.1933
vn 0.9483 0.1343 -0.2877
vn 0.9155 0.1343 -0.3792
vn 0.8739 0.1343 -0.4671
vn 0.8239 0.1343 -0.5505
vn 0.7660 0.1343 -0.6287
vn 0.7007 0.1343 -0.7007
vn 0.6287 0.1343 -0.7660
vn 0.5505 0.1343 -0.8239
vn 0.4671 0.1343 -0.8739
vn 0.3792 0.1343 -0.9155
vn 0.2877 0.1343 -0.9483
vn 0.1933 0.1343 -0.9719
vn 0.0971 0.1343 -0.9862
vn -0.0000 0.1343 -0.9909
vn -0.0971 0.1343 -0.9862
vn -0.1933 0.1343 -0.9719
vn -0.2877 0.1343 -0.9483
vn -0.3792 0.1343 -0.9155
vn -0.4671 0.1343 -0.8739
vn -0.5505 0.1343 -0.8239
vn -0.6287 0.1343 -0.7660
vn -0.7007 0.1343 -0.7007
vn -0.7660 0.1343 -0.6287
vn -0.8239 0.1343 -0.5505
vn -0.8739 0.1343 -0.4671
vn -0.9155 0.1343 -0.3792
vn -0.9483 0.1343 -0.2877
vn -0.9719 0.1343 -0.1933
vn -0.9862 0.1343 -0.0971
vn -0.9909 0.1343 -0.0000
vn -0.9862 0.1343 0.0971
vn -0.9719 0.1343 0.1933
vn -0.9483 0.1343 0.2877
vn -0.9155 0.1343 0.3792
vn -0.8739 0.1343 0.4671
vn -0.8239 0.1343 0.5505
vn -0.7660 0.1343 0.6287
vn -0.7007 0.1343 0.7007
vn -0.6287 0.1343 0.7660
vn -0.5505 0.1343 0.8239
vn -0.4671 0.1343 0.8739
vn -0.3792 0.1343 0.9155
vn -0.2877 0.1343 0.9483
vn -0.1933 0.1343 0.9719
vn -0.0971 0.1343 0.9862
vn -0.0000 0.1343 0.9909
vn 0.0971 0.1343 0.9862
vn 0.1933 0.1343 0.9719
vn 0.2877 0.1343 0.9483
vn 0.3792 0.1343 0.9155
vn 0.4671 0.1343 0.8739
vn 0.5505 0.1343 0.8239
vn 0.6287 0.1343 0.7660
vn 0.7007 0.1343 0.7007
vn 0.7660 0.1343 0.6287
vn 0.8239 0.1343 0.5505
vn 0.8739 0.1343 0.4671
vn 0.9155 0.1343 0.3792
vn 0.9483 0.1343 0.2877
vn 0.9719 0.1343 0.1933
vn 0.9862 0.1343 0.0971
vn 0.9876 0.1234 -0.0973
vn 0.9923 0.1235 -0.0000
vn 0.9733 0.1234 -0.1936
vn 0.9496 0.1235 -0.2881
vn 0.9168 0.1234 -0.3798
vn 0.8752 0.1234 -0.4678
vn 0.8251 0.1235 -0.5513
vn 0.7671 0.1234 -0.6295
vn 0.7017 0.1234 -0.7017
vn 0.6295 0.1234 -0.7671
vn 0.5513 0.1235 -0.8251
vn 0.4678 0.1234 -0.8752
vn 0.3798 0.1234 -0.9168
vn 0.2881 0.1235 -0.9496
vn 0.1936 0.1235 -0.9733
vn 0.0973 0.1235 -0.9876
vn -0.0000 0.1234 -0.9924
vn -0.0973 0.1234 -0.9876
vn -0.1936 0.1235 -0.9733
vn -0.2881 0.1234 -0.9496
vn -0.3798 0.1235 -0.9168
vn -0.4678 0.1234 -0.8752
vn -0.5513 0.1235 -0.8251
vn -0.6295 0.1234 -0.7671
vn -0.7017 0.1235 -0.7017
vn -0.7671 0.1235 -0.6295
vn -0.8251 0.1235 -0.5513
vn -0.8752 0.1235 -0.4678
vn -0.9168 0.1234 -0.3798
vn -0.9496 0.1235 -0.2881
vn -0.9733 0.1234 -0.1936
vn -0.9876 0.1235 -0.0973
vn -0.9924 0.1234 -0.0000
vn -0.9876 0.1234 0.0973
vn -0.9733 0.1234 0.1936
vn -0.9496 0.1235 0.2881
vn -0.9168 0.1234 0.3798
vn -0.8752 0.1234 0.4678
vn -0.8251 0.1235 0.5513
vn -0.7671 0.1234 0.6295
vn -0.7017 0.1234 0.7017
vn -0.6295 0.1234 0.7671
vn -0.5513 0.1235 0.8251
vn -0.4678 0.1234 0.8752
vn -0.3798 0.1235 0.9168
vn -0.2881 0.1234 0.9496
vn -0.1936 0.1235 0.9733
vn -0.0973 0.1235 0.9876
vn -0.0000 0.1234 0.9924
vn 0.0973 0.1234 0.9876
vn 0.1936 0.1235 0.9733
vn 0.2881 0.1235 0.9496
vn 0.3798 0.1234 0.9168
vn 0.4678 0.1234 0.8752
vn 0.5513 0.1235 0.8251
vn 0.6295 0.1234 0.7671
vn 0.7017 0.1235 0.7017
vn 0.7671 0.1235 0.6295
vn 0.8251 0.1235 0.5513
vn 0.8752 0.1235 0.4678
vn 0.9168 0.1234 0.3798
vn 0.9496 0.1235 0.2881
vn 0.9733 0.1234 0.1936
vn 0.9876 0.1235 0.0973
vn 0.9834 0.1537 -0.0969
vn 0.9881 0.1537 -0.0000
vn 0.9691 0.1537 -0.1928
vn 0.9456 0.1537 -0.2868
vn 0.9129 0.1537 -0.3781
vn 0.8714 0.1536 -0.4658
vn 0.8216 0.1537 -0.5490
vn 0.7638 0.1537 -0.6269
vn 0.6987 0.1537 -0.6987
vn 0.6269 0.1537 -0.7638
vn 0.5490 0.1537 -0.8216
vn 0.4658 0.1536 -0.8714
vn 0.3781 0.1536 -0.9129
vn 0.2868 0.1537 -0.9456
vn 0.1928 0.1537 -0.9691
vn 0.0969 0.1537 -0.9834
vn -0.0000 0.1537 -0.9881
vn -0.0969 0.1537 -0.9834
vn -0.1928 0.1537 -0.9691
vn -0.2868 0.1537 -0.9456
vn -0.3781 0.1537 -0.9129
vn -0.4658 0.1537 -0.8714
vn -0.5490 0.1537 -0.8216
vn -0.6269 0.1537 -0.7638
vn -0.6987 0.1537 -0.6987
vn -0.7638 0.1537 -0.6269
vn -0.8216 0.1537 -0.5490
vn -0.8714 0.1537 -0.4658
vn -0.9129 0.1537 -0.3781
vn -0.9456 0.1537 -0.2868
vn -0.9691 0.1537 -0.1928
vn -0.9834 0.1537 -0.0969
vn -0.9881 0.1537 -0.0000
vn -0.9834 0.1537 0.0969
vn -0.9691 0.1537 0.1928
vn -0.9456 0.1537 0.2868
vn -0.9129 0.1537 0.3781
vn -0.8714 0.1536 0.4658
vn -0.8216 0.1537 0.5490
vn -0.7638 0.1537 0.6269
vn -0.6987 0.1537 0.6987
vn -0.6269 0.1537 0.7638
vn -0.5490 0.1537 0.8216
vn -0.4658 0.1536 0.8714
vn -0.3781 0.1537 0.9129
vn -0.2868 0.1537 0.9456
vn -0.1928 0.1537 0.9691
vn -0.0969 0.1537 0.9834
vn -0.0000 0.1537 0.9881
vn 0.0969 0.1537 0.9834
vn 0.1928 0.1537 0.9691
vn 0.2868 0.1537 0.9456
vn 0.3781 0.1537 0.9129
vn 0.4658 0.1537 0.8714
vn 0.5490 0.1537 0.8216
vn 0.6269 0.1537 0.7638
vn 0.6987 0.1537 0.6987
vn 0.7638 0.1537 0.6269
vn 0.8216 0.1537 0.5490
vn 0.8714 0.1537 0.4658
vn 0.9129 0.1537 0.3781
vn 0.9456 0.1537 0.2868
vn 0.9691 0.1537 0.1928
vn 0.9834 0.1537 0.0969
vn 0.9845 0.1460 -0.0970
vn 0.9893 0.1460 -0.0000
vn 0.9703 0.1460 -0.1930
vn 0.9467 0.1461 -0.2872
vn 0.9140 0.1460 -0.3786
vn 0.8725 0.1460 -0.4663
vn 0.8226 0.1460 -0.5496
vn 0.7647 0.1460 -0.6276
vn 0.6995 0.1460 -0.6995
vn 0.6276 0.1460 -0.7647
vn 0.5496 0.1461 -0.8225
vn 0.4663 0.1460 -0.8725
vn 0.3786 0.1460 -0.9140
vn 0.2872 0.1461 -0.9467
vn 0.1930 0.1460 -0.9703
vn 0.0970 0.1461 -0.9845
vn -0.0000 0.1460 -0.9893
vn -0.0970 0.1460 -0.9845
vn -0.1930 0.1460 -0.9703
vn -0.2872 0.1460 -0.9467
vn -0.3786 0.1461 -0.9140
vn -0.4663 0.1460 -0.8725
vn -0.5496 0.1460 -0.8226
vn -0.6276 0.1460 -0.7647
vn -0.6995 0.1460 -0.6995
vn -0.7647 0.1461 -0.6276
vn -0.8226 0.1460 -0.5496
vn -0.8725 0.1460 -0.4663
vn -0.9140 0.1460 -0.3786
vn -0.9467 0.1461 -0.2872
vn -0.9703 0.1460 -0.1930
vn -0.9845 0.1460 -0.0970
vn -0.9893 0.1460 -0.0000
vn -0.9845 0.1460 0.0970
vn -0.9703 0.1460 0.1930
vn -0.9467 0.1461 0.2872
vn -0.9140 0.1460 0.3786
vn -0.8725 0.1460 0.4663
vn -0.8226 0.1460 0.5496
vn -0.7647 0.1460 0.6276
vn -0.6995 0.1460 0.6995
vn -0.6276 0.1460 0.7647
vn -0.5496 0.1461 0.8225
vn -0.4663 0.1460 0.8725
vn -0.3786 0.1460 0.9140
vn -0.2872 0.1461 0.9467
vn -0.1930 0.1460 0.9703
vn -0.0970 0.1461 0.9845
vn -0.0000 0.1460 0.9893
vn 0.0970 0.1460 0.9845
vn 0.1930 0.1460 0.9703
vn 0.2872 0.1460 0.9467
vn 0.3786 0.1460 0.9140
vn 0.4663 0.1460 0.8725
vn 0.5496 0.1460 0.8226
vn 0.6276 0.1460 0.7647
vn 0.6995 0.1460 0.6995
vn 0.7647 0.1461 0.6276
vn 0.8226 0.1460 0.5496
vn 0.8725 0.1460 0.4663
vn 0.9140 0.1460 0.3786
vn 0.9467 0.1461 0.2872
vn 0.9703 0.1460 0.1930
vn 0.9845 0.1460 0.0970
vn 0.9883 0.1174 -0.0973
vn 0.9931 0.1174 -0.0000
vn 0.9740 0.1174 -0.1937
vn 0.9503 0.1174 -0.2883
vn 0.9175 0.1174 -0.3800
vn 0.8758 0.1174 -0.4681
vn 0.8257 0.1174 -0.5517
vn 0.7677 0.1174 -0.6300
vn 0.7022 0.1174 -0.7022
vn 0.6300 0.1174 -0.7677
vn 0.5517 0.1174 -0.8257
vn 0.4681 0.1174 -0.8758
vn 0.3800 0.1174 -0.9175
vn 0.2883 0.1174 -0.9503
vn 0.1937 0.1174 -0.9740
vn 0.0973 0.1174 -0.9883
vn -0.0000 0.1174 -0.9931
vn -0.0973 0.1174 -0.9883
vn -0.1937 0.1174 -0.9740
vn -0.2883 0.1174 -0.9503
vn -0.3800 0.1174 -0.9175
vn -0.4681 0.1174 -0.8758
vn -0.5517 0.1174 -0.8257
vn -0.6300 0.1174 -0.7677
vn -0.7022 0.1174 -0.7022
vn -0.7677 0.1174 -0.6300
vn -0.8257 0.1174 -0.5517
vn -0.8758 0.1174 -0.4681
vn -0.9175 0.1174 -0.3800
vn -0.9503 0.1174 -0.2883
vn -0.9740 0.1174 -0.1937
vn -0.9883 0.1174 -0.0973
vn -0.9931 0.1174 -0.0000
vn -0.9883 0.1174 0.0973
vn -0.9740 0.1174 0.1937
vn -0.9503 0.1174 0.2883
vn -0.9175 0.1174 0.3800
vn -0.8758 0.1174 0.4681
vn -0.8257 0.1174 0.5517
vn -0.7677 0.1174 0.6300
vn -0.7022 0.1174 0.7022
vn -0.6300 0.1174 0.7677
vn -0.5517 0.1174 0.8257
vn -0.4681 0.1174 0.8758
vn -0.3800 0.1174 0.9175
vn -0.2883 0.1174 0.9503
vn -0.1937 0.1174 0.9740
vn -0.0973 0.1174 0.9883
vn -0.0000 0.1174 0.9931
vn 0.0973 0.1174 0.9883
vn 0.1937 0.1174 0.9740
vn 0.2883 0.1174 0.9503
vn 0.3800 0.1174 0.9175
vn 0.4681 0.1174 0.8758
vn 0.5517 0.1174 0.8257
vn 0.6300 0.1174 0.7677
vn 0.7022 0.1174 0.7022
vn 0.7677 0.1174 0.6300
vn 0.8257 0.1174 0.5517
vn 0.8758 0.1174 0.4681
vn 0.9175 0.1174 0.3800
vn 0.9503 0.1174 0.2883
vn 0.9740 0.1174 0.1937
vn 0.9883 0.1174 0.0973
vn 0.9730 -0.2098 -0.0958
vn 0.9778 -0.2098 -0.0000
vn 0.9590 -0.2098 -0.1908
vn 0.9357 -0.2098 -0.2838
vn 0.9033 -0.2097 -0.3742
vn 0.8623 -0.2098 -0.4609
vn 0.8130 -0.2097 -0.5432
vn 0.7558 -0.2097 -0.6203
vn 0.6914 -0.2097 -0.6914
vn 0.6203 -0.2098 -0.7558
vn 0.5432 -0.2098 -0.8130
vn 0.4609 -0.2097 -0.8623
vn 0.3742 -0.2098 -0.9033
vn 0.2838 -0.2098 -0.9357
vn 0.1907 -0.2098 -0.9590
vn 0.0958 -0.2098 -0.9730
vn -0.0000 -0.2098 -0.9778
vn -0.0958 -0.2098 -0.9730
vn -0.1907 -0.2098 -0.9590
vn -0.2838 -0.2098 -0.9357
vn -0.3742 -0.2097 -0.9033
vn -0.4609 -0.2097 -0.8623
vn -0.5432 -0.2098 -0.8130
vn -0.6203 -0.2098 -0.7558
vn -0.6914 -0.2097 -0.6914
vn -0.7558 -0.2097 -0.6203
vn -0.8130 -0.2097 -0.5432
vn -0.8623 -0.2097 -0.4609
vn -0.9033 -0.2097 -0.3742
vn -0.9357 -0.2098 -0.2838
vn -0.9590 -0.2098 -0.1908
vn -0.9730 -0.2098 -0.0958
vn -0.9778 -0.2098 -0.0000
vn -0.9730 -0.2098 0.0958
vn -0.9590 -0.2098 0.1908
vn -0.9357 -0.2098 0.2838
vn -0.9033 -0.2097 0.3742
vn -0.8623 -0.2097 0.4609
vn -0.8130 -0.2097 0.5432
vn -0.7558 -0.2097 0.6203
vn -0.6914 -0.2097 0.6914
vn -0.6203 -0.2098 0.7558
vn -0.5432 -0.2098 0.8130
vn -0.4609 -0.2097 0.8623
vn -0.3742 -0.2097 0.9033
vn -0.2838 -0.2098 0.9357
vn -0.1908 -0.2098 0.9590
vn -0.0958 -0.2098 0.9730
vn -0.0000 -0.2098 0.9778
vn 0.0958 -0.2098 0.9730
vn 0.1908 -0.2098 0.9590
vn 0.2838 -0.2098 0.9357
vn 0.3742 -0.2098 0.9033
vn 0.4609 -0.2097 0.8623
vn 0.5432 -0.2098 0.8130
vn 0.6203 -0.2098 0.7558
vn 0.6914 -0.2097 0.6914
vn 0.7558 -0.2097 0.6203
vn 0.8130 -0.2097 0.5432
vn 0.8623 -0.2098 0.4609
vn 0.9033 -0.2097 0.3742
vn 0.9357 -0.2098 0.2838
vn 0.9590 -0.2098 0.1908
vn 0.9730 -0.2098 0.0958
vn 0.7435 -0.6647 -0.0732
vn 0.7471 -0.6647 -0.0000
vn 0.7327 -0.6647 -0.1458
vn 0.7149 -0.6647 -0.2169
vn 0.6902 -0.6647 -0.2859
vn 0.6589 -0.6647 -0.3522
vn 0.6212 -0.6647 -0.4151
vn 0.5775 -0.6647 -0.4740
vn 0.5283 -0.6647 -0.5283
vn 0.4740 -0.6647 -0.5775
vn 0.4151 -0.6647 -0.6212
vn 0.3522 -0.6647 -0.6589
vn 0.2859 -0.6647 -0.6902
vn 0.2169 -0.6647 -0.7149
vn 0.1458 -0.6647 -0.7327
vn 0.0732 -0.6647 -0.7435
vn -0.0000 -0.6647 -0.7471
vn -0.0732 -0.6647 -0.7435
vn -0.2859 -0.6647 -0.6902
vn -0.3522 -0.6647 -0.6589
vn -0.4151 -0.6647 -0.6212
vn -0.4740 -0.6647 -0.5775
vn -0.5283 -0.6647 -0.5283
vn -0.5775 -0.6647 -0.4740
vn -0.6212 -0.6647 -0.4151
vn -0.6589 -0.6647 -0.3522
vn -0.6902 -0.6647 -0.2859
vn -0.7149 -0.6647 -0.2169
vn -0.7327 -0.6647 -0.1458
vn -0.7435 -0.6647 -0.0732
vn -0.7471 -0.6647 -0.0000
vn -0.7435 -0.6647 0.0732
vn -0.7327 -0.6647 0.1458
vn -0.7149 -0.6647 0.2169
vn -0.6902 -0.6647 0.2859
vn -0.6589 -0.6647 0.3522
vn -0.6212 -0.6647 0.4151
vn -0.5775 -0.6647 0.4740
vn -0.5283 -0.6647 0.5283
vn -0.4739 -0.6647 0.5775
vn -0.4151 -0.6647 0.6212
vn -0.3522 -0.6647 0.6589
vn -0.2859 -0.6647 0.6902
vn -0.2169 -0.6647 0.7149
vn -0.1458 -0.6647 0.7327
vn -0.0732 -0.6647 0.7435
vn -0.0000 -0.6647 0.7471
vn 0.0732 -0.6647 0.7435
vn 0.1458 -0.6647 0.7327
vn 0.2169 -0.6647 0.7149
vn 0.2859 -0.6647 0.6902
vn 0.3522 -0.6647 0.6589
vn 0.4151 -0.6647 0.6212
vn 0.4739 -0.6647 0.5775
vn 0.5283 -0.6647 0.5283
vn 0.5775 -0.6647 0.4740
vn 0.6212 -0.6647 0.4151
vn 0.6589 -0.6647 0.3522
vn 0.6902 -0.6647 0.2859
vn 0.7149 -0.6647 0.2169
vn 0.7327 -0.6647 0.1457
vn 0.7435 -0.6647 0.0732
vn 0.3217 -0.9463 -0.0317
vn 0.3232 -0.9463 -0.0000
vn 0.3170 -0.9463 -0.0631
vn 0.3093 -0.9463 -0.0938
vn 0.2986 -0.9463 -0.1237
vn 0.2851 -0.9463 -0.1524
vn 0.2688 -0.9463 -0.1796
vn 0.2499 -0.9463 -0.2051
vn 0.2286 -0.9463 -0.2286
vn 0.2050 -0.9463 -0.2499
vn 0.1796 -0.9463 -0.2688
vn 0.1524 -0.9463 -0.2851
vn 0.1237 -0.9463 -0.2986
vn 0.0938 -0.9463 -0.3093
vn 0.0631 -0.9463 -0.3170
vn 0.0317 -0.9463 -0.3217
vn -0.0000 -0.9463 -0.3232
vn -0.0317 -0.9463 -0.3217
vn -0.1237 -0.9463 -0.2986
vn -0.1524 -0.9463 -0.2851
vn -0.1796 -0.9463 -0.2688
vn -0.2051 -0.9463 -0.2499
vn -0.2286 -0.9463 -0.2286
vn -0.2499 -0.9463 -0.2051
vn -0.2688 -0.9463 -0.1796
vn -0.2851 -0.9463 -0.1524
vn -0.2986 -0.9463 -0.1237
vn -0.3093 -0.9463 -0.0938
vn -0.3170 -0.9463 -0.0631
vn -0.3217 -0.9463 -0.0317
vn -0.3232 -0.9463 -0.0000
vn -0.3217 -0.9463 0.0317
vn -0.3170 -0.9463 0.0631
vn -0.3093 -0.9463 0.0938
vn -0.2986 -0.9463 0.1237
vn -0.2851 -0.9463 0.1524
vn -0.2688 -0.9463 0.1796
vn -0.2499 -0.9463 0.2051
vn -0.2286 -0.9463 0.2286
vn -0.2051 -0.9463 0.2499
vn -0.1796 -0.9463 0.2688
vn -0.1524 -0.9463 0.2851
vn -0.1237 -0.9463 0.2986
vn -0.0938 -0.9463 0.3093
vn -0.0631 -0.9463 0.3170
vn -0.0317 -0.9463 0.3217
vn -0.0000 -0.9463 0.3232
vn 0.0317 -0.9463 0.3217
vn 0.0631 -0.9463 0.3170
vn 0.0938 -0.9463 0.3093
vn 0.1237 -0.9463 0.2986
vn 0.1524 -0.9463 0.2851
vn 0.1796 -0.9463 0.2688
vn 0.2051 -0.9463 0.2499
vn 0.2286 -0.9463 0.2286
vn 0.2499 -0.9463 0.2051
vn 0.2688 -0.9463 0.1796
vn 0.2851 -0.9463 0.1524
vn 0.2986 -0.9463 0.1237
vn 0.3093 -0.9463 0.0938
vn 0.3170 -0.9463 0.0631
vn 0.3217 -0.9463 0.0317
vn 0.0038 -1.0000 -0.0004
vn 0.0038 -1.0000 -0.0000
vn 0.0037 -1.0000 -0.0007
vn 0.0036 -1.0000 -0.0011
vn 0.0035 -1.0000 -0.0015
vn 0.0034 -1.0000 -0.0018
vn 0.0032 -1.0000 -0.0021
vn 0.0029 -1.0000 -0.0024
vn 0.0027 -1.0000 -0.0027
vn 0.0024 -1.0000 -0.0029
vn 0.0021 -1.0000 -0.0032
vn 0.0018 -1.0000 -0.0034
vn 0.0015 -1.0000 -0.0035
vn 0.0011 -1.0000 -0.0037
vn 0.0007 -1.0000 -0.0037
vn 0.0004 -1.0000 -0.0038
vn -0.0000 -1.0000 -0.0038
vn -0.0004 -1.0000 -0.0038
vn -0.0008 -1.0000 -0.0037
vn -0.0011 -1.0000 -0.0036
vn -0.0015 -1.0000 -0.0035
vn -0.0018 -1.0000 -0.0034
vn -0.0021 -1.0000 -0.0032
vn -0.0024 -1.0000 -0.0030
vn -0.0027 -1.0000 -0.0027
vn -0.0029 -1.0000 -0.0024
vn -0.0031 -1.0000 -0.0021
vn -0.0033 -1.0000 -0.0018
vn -0.0035 -1.0000 -0.0015
vn -0.0037 -1.0000 -0.0011
vn -0.0037 -1.0000 -0.0007
vn -0.0038 -1.0000 -0.0004
vn -0.0038 -1.0000 -0.0000
vn -0.0038 -1.0000 0.0004
vn -0.0037 -1.0000 0.0007
vn -0.0036 -1.0000 0.0011
vn -0.0035 -1.0000 0.0015
vn -0.0033 -1.0000 0.0018
vn -0.0031 -1.0000 0.0021
vn -0.0029 -1.0000 0.0024
vn -0.0027 -1.0000 0.0027
vn -0.0024 -1.0000 0.0029
vn -0.0021 -1.0000 0.0032
vn -0.0018 -1.0000 0.0034
vn -0.0015 -1.0000 0.0035
vn -0.0011 -1.0000 0.0037
vn -0.0007 -1.0000 0.0037
vn -0.0004 -1.0000 0.0038
vn -0.0000 -1.0000 0.0038
vn 0.0004 -1.0000 0.0038
vn 0.0008 -1.0000 0.0037
vn 0.0011 -1.0000 0.0036
vn 0.0015 -1.0000 0.0035
vn 0.0018 -1.0000 0.0034
vn 0.0021 -1.0000 0.0032
vn 0.0024 -1.0000 0.0029
vn 0.0027 -1.0000 0.0027
vn 0.0029 -1.0000 0.0024
vn 0.0032 -1.0000 0.0021
vn 0.0034 -1.0000 0.0018
vn 0.0035 -1.0000 0.0015
vn 0.0036 -1.0000 0.0011
vn 0.0037 -1.0000 0.0007
vn 0.0038 -1.0000 0.0004
vn 0.3304 -0.9439 -0.0000
vn 0.3288 -0.9439 -0.0324
vn 0.3240 -0.9439 -0.0644
vn 0.3161 -0.9439 -0.0959
vn 0.3052 -0.9439 -0.1264
vn 0.2913 -0.9439 -0.1557
vn 0.2747 -0.9439 -0.1835
vn 0.2554 -0.9439 -0.2096
vn 0.2336 -0.9439 -0.2336
vn 0.2096 -0.9439 -0.2554
vn 0.1835 -0.9439 -0.2747
vn 0.1557 -0.9439 -0.2913
vn 0.1264 -0.9439 -0.3052
vn 0.0959 -0.9439 -0.3161
vn 0.0644 -0.9439 -0.3240
vn 0.0324 -0.9439 -0.3288
vn -0.0000 -0.9439 -0.3304
vn -0.0324 -0.9439 -0.3288
vn -0.0644 -0.9439 -0.3240
vn -0.0959 -0.9439 -0.3161
vn -0.1264 -0.9439 -0.3052
vn -0.1557 -0.9439 -0.2913
vn -0.1835 -0.9439 -0.2747
vn -0.2096 -0.9439 -0.2554
vn -0.2336 -0.9439 -0.2336
vn -0.2554 -0.9439 -0.2096
vn -0.2747 -0.9439 -0.1835
vn -0.2913 -0.9439 -0.1557
vn -0.3052 -0.9439 -0.1264
vn -0.3161 -0.9439 -0.0959
vn -0.3240 -0.9439 -0.0644
vn -0.3288 -0.9439 -0.0324
vn -0.3304 -0.9439 -0.0000
vn -0.3288 -0.9439 0.0324
vn -0.3240 -0.9439 0.0644
vn -0.3161 -0.9439 0.0959
vn -0.3052 -0.9439 0.1264
vn -0.2913 -0.9439 0.1557
vn -0.2747 -0.9439 0.1835
vn -0.2554 -0.9439 0.2096
vn -0.2336 -0.9439 0.2336
vn -0.2096 -0.9439 0.2554
vn -0.1835 -0.9439 0.2747
vn -0.1557 -0.9439 0.2913
vn -0.1264 -0.9439 0.3052
vn -0.0959 -0.9439 0.3161
vn -0.0644 -0.9439 0.3240
vn -0.0324 -0.9439 0.3288
vn -0.0000 -0.9439 0.3304
vn 0.0324 -0.9439 0.3288
vn 0.0644 -0.9439 0.3240
vn 0.0959 -0.9439 0.3161
vn 0.1264 -0.9439 0.3052
vn 0.1557 -0.9439 0.2913
vn 0.1835 -0.9439 0.2747
vn 0.2096 -0.9439 0.2554
vn 0.2336 -0.9439 0.2336
vn 0.2554 -0.9439 0.2096
vn 0.2747 -0.9439 0.1835
vn 0.2913 -0.9439 0.1557
vn 0.3052 -0.9439 0.1264
vn 0.3161 -0.9439 0.0959
vn 0.3240 -0.9439 0.0644
vn 0.3288 -0.9439 0.0324
vn 0.8156 -0.5787 -0.0000
vn 0.8116 -0.5787 -0.0799
vn 0.7999 -0.5786 -0.1591
vn 0.7805 -0.5786 -0.2367
vn 0.7535 -0.5786 -0.3121
vn 0.7193 -0.5786 -0.3845
vn 0.6781 -0.5786 -0.4531
vn 0.6305 -0.5786 -0.5174
vn 0.5767 -0.5786 -0.5767
vn 0.5174 -0.5787 -0.6305
vn 0.4531 -0.5786 -0.6781
vn 0.3845 -0.5787 -0.7193
vn 0.3121 -0.5786 -0.7535
vn 0.2368 -0.5786 -0.7805
vn 0.1591 -0.5786 -0.7999
vn 0.1591 -0.5787 -0.7999
vn 0.0799 -0.5786 -0.8116
vn -0.0000 -0.5787 -0.8156
vn -0.0799 -0.5787 -0.8116
vn -0.1591 -0.5786 -0.7999
vn -0.2367 -0.5786 -0.7805
vn -0.3121 -0.5786 -0.7535
vn -0.3845 -0.5786 -0.7193
vn -0.4531 -0.5786 -0.6781
vn -0.5174 -0.5787 -0.6305
vn -0.5767 -0.5786 -0.5767
vn -0.6305 -0.5786 -0.5174
vn -0.6781 -0.5786 -0.4531
vn -0.7193 -0.5786 -0.3845
vn -0.7535 -0.5786 -0.3121
vn -0.7805 -0.5786 -0.2367
vn -0.7999 -0.5786 -0.1591
vn -0.8116 -0.5787 -0.0799
vn -0.8156 -0.5787 -0.0000
vn -0.8116 -0.5787 0.0799
vn -0.7999 -0.5786 0.1591
vn -0.7805 -0.5786 0.2367
vn -0.7535 -0.5786 0.3121
vn -0.7193 -0.5786 0.3845
vn -0.6781 -0.5786 0.4531
vn -0.6305 -0.5786 0.5174
vn -0.5767 -0.5786 0.5767
vn -0.5174 -0.5787 0.6305
vn -0.4531 -0.5786 0.6781
vn -0.3845 -0.5787 0.7193
vn -0.3121 -0.5786 0.7535
vn -0.2368 -0.5786 0.7805
vn -0.1591 -0.5786 0.7999
vn -0.1591 -0.5787 0.7999
vn -0.0799 -0.5786 0.8116
vn -0.0000 -0.5787 0.8156
vn 0.0799 -0.5786 0.8116
vn 0.1591 -0.5786 0.7999
vn 0.2367 -0.5786 0.7805
vn 0.3121 -0.5786 0.7535
vn 0.3845 -0.5787 0.7193
vn 0.4531 -0.5786 0.6781
vn 0.5174 -0.5787 0.6305
vn 0.5767 -0.5786 0.5767
vn 0.6305 -0.5786 0.5174
vn 0.6781 -0.5786 0.4531
vn 0.7193 -0.5786 0.3845
vn 0.7535 -0.5786 0.3121
vn 0.7805 -0.5786 0.2367
vn 0.7999 -0.5786 0.1591
vn 0.8116 -0.5787 0.0799
vn 1.0000 -0.0000 -0.0000
vn 0.9952 -0.0000 -0.0980
vn 0.9808 -0.0000 -0.1951
vn 0.9569 -0.0000 -0.2903
vn 0.9239 -0.0000 -0.3827
vn 0.8819 -0.0000 -0.4714
vn 0.8315 -0.0000 -0.5556
vn 0.7730 -0.0000 -0.6344
vn 0.7071 -0.0000 -0.7071
vn 0.6344 -0.0000 -0.7730
vn 0.5556 -0.0000 -0.8315
vn 0.4714 -0.0000 -0.8819
vn 0.3827 -0.0000 -0.9239
vn 0.2903 -0.0000 -0.9569
vn 0.1951 -0.0000 -0.9808
vn 0.0980 -0.0000 -0.9952
vn -0.0000 -0.0000 -1.0000
vn -0.0980 -0.0000 -0.9952
vn -0.1951 -0.0000 -0.9808
vn -0.2903 -0.0000 -0.9569
vn -0.3827 -0.0000 -0.9239
vn -0.4714 -0.0000 -0.8819
vn -0.5556 -0.0000 -0.8315
vn -0.6344 -0.0000 -0.7730
vn -0.7071 -0.0000 -0.7071
vn -0.7730 -0.0000 -0.6344
vn -0.8315 -0.0000 -0.5556
vn -0.8819 -0.0000 -0.4714
vn -0.9239 -0.0000 -0.3827
vn -0.9569 -0.0000 -0.2903
vn -0.9808 -0.0000 -0.1951
vn -0.9952 -0.0000 -0.0980
vn -1.0000 -0.0000 -0.0000
vn -0.9952 -0.0000 0.0980
vn -0.9808 -0.0000 0.1951
vn -0.9569 -0.0000 0.2903
vn -0.9239 -0.0000 0.3827
vn -0.8819 -0.0000 0.4714
vn -0.8315 -0.0000 0.5556
vn -0.7730 -0.0000 0.6344
vn -0.7071 -0.0000 0.7071
vn -0.6344 -0.0000 0.7730
vn -0.5556 -0.0000 0.8315
vn -0.4714 -0.0000 0.8819
vn -0.3827 -0.0000 0.9239
vn -0.2903 -0.0000 0.9569
vn -0.1951 -0.0000 0.9808
vn -0.0980 -0.0000 0.9952
vn -0.0000 -0.0000 1.0000
vn 0.0980 -0.0000 0.9952
vn 0.1951 -0.0000 0.9808
vn 0.2903 -0.0000 0.9569
vn 0.3827 -0.0000 0.9239
vn 0.4714 -0.0000 0.8819
vn 0.5556 -0.0000 0.8315
vn 0.6344 -0.0000 0.7730
vn 0.7071 -0.0000 0.7071
vn 0.7730 -0.0000 0.6344
vn 0.8315 -0.0000 0.5556
vn 0.8819 -0.0000 0.4714
vn 0.9239 -0.0000 0.3827
vn 0.9569 -0.0000 0.2903
vn 0.9808 -0.0000 0.1951
vn 0.9952 -0.0000 0.0980
vn 0.8116 0.5787 -0.0799
vn 0.8156 0.5787 -0.0000
vn 0.7999 0.5786 -0.1591
vn 0.7805 0.5786 -0.2367
vn 0.7535 0.5786 -0.3121
vn 0.7193 0.5786 -0.3845
vn 0.6781 0.5786 -0.4531
vn 0.6305 0.5786 -0.5174
vn 0.5767 0.5786 -0.5767
vn 0.5174 0.5786 -0.6305
vn 0.4531 0.5786 -0.6781
vn 0.3845 0.5786 -0.7193
vn 0.3121 0.5786 -0.7535
vn 0.2368 0.5786 -0.7805
vn 0.1591 0.5786 -0.7999
vn 0.0799 0.5786 -0.8116
vn -0.0000 0.5786 -0.8156
vn -0.0799 0.5786 -0.8116
vn -0.1591 0.5786 -0.7999
vn -0.2368 0.5786 -0.7805
vn -0.3121 0.5786 -0.7535
vn -0.3845 0.5787 -0.7193
vn -0.4531 0.5786 -0.6781
vn -0.5174 0.5786 -0.6305
vn -0.5767 0.5786 -0.5767
vn -0.6305 0.5786 -0.5174
vn -0.6781 0.5786 -0.4531
vn -0.7193 0.5786 -0.3845
vn -0.7535 0.5786 -0.3121
vn -0.7805 0.5786 -0.2367
vn -0.7999 0.5786 -0.1591
vn -0.8116 0.5787 -0.0799
vn -0.8156 0.5787 -0.0000
vn -0.8116 0.5787 0.0799
vn -0.7999 0.5786 0.1591
vn -0.7805 0.5786 0.2367
vn -0.7535 0.5786 0.3121
vn -0.7193 0.5786 0.3845
vn -0.6781 0.5786 0.4531
vn -0.6305 0.5786 0.5174
vn -0.5767 0.5786 0.5767
vn -0.5174 0.5786 0.6305
vn -0.4531 0.5786 0.6781
vn -0.3845 0.5787 0.7193
vn -0.3121 0.5786 0.7535
vn -0.2368 0.5786 0.7805
vn -0.1591 0.5786 0.7999
vn -0.0799 0.5786 0.8116
vn -0.0000 0.5786 0.8156
vn 0.0799 0.5786 0.8116
vn 0.1591 0.5786 0.7999
vn 0.2368 0.5786 0.7805
vn 0.3121 0.5786 0.7535
vn 0.3845 0.5787 0.7193
vn 0.4531 0.5787 0.6781
vn 0.5174 0.5786 0.6305
vn 0.5767 0.5786 0.5767
vn 0.6305 0.5786 0.5174
vn 0.6781 0.5786 0.4531
vn 0.7193 0.5786 0.3845
vn 0.7535 0.5786 0.3121
vn 0.7805 0.5786 0.2367
vn 0.7999 0.5786 0.1591
vn 0.8116 0.5787 0.0799
vn 0.3288 0.9439 -0.0324
vn 0.3304 0.9439 -0.0000
vn 0.3240 0.9439 -0.0644
vn 0.3161 0.9439 -0.0959
vn 0.3052 0.9439 -0.1264
vn 0.2913 0.9439 -0.1557
vn 0.2747 0.9439 -0.1835
vn 0.2554 0.9439 -0.2096
vn 0.2336 0.9439 -0.2336
vn 0.2096 0.9439 -0.2554
vn 0.1835 0.9439 -0.2747
vn 0.1557 0.9439 -0.2913
vn 0.1264 0.9439 -0.3052
vn 0.0959 0.9439 -0.3161
vn 0.0644 0.9439 -0.3240
vn 0.0324 0.9439 -0.3288
vn -0.0000 0.9439 -0.3304
vn -0.0324 0.9439 -0.3288
vn -0.0644 0.9439 -0.3240
vn -0.0959 0.9439 -0.3161
vn -0.1264 0.9439 -0.3052
vn -0.1557 0.9439 -0.2913
vn -0.1835 0.9439 -0.2747
vn -0.2096 0.9439 -0.2554
vn -0.2336 0.9439 -0.2336
vn -0.2554 0.9439 -0.2096
vn -0.2747 0.9439 -0.1835
vn -0.2913 0.9439 -0.1557
vn -0.3052 0.9439 -0.1264
vn -0.3161 0.9439 -0.0959
vn -0.3240 0.9439 -0.0644
vn -0.3288 0.9439 -0.0324
vn -0.3304 0.9439 -0.0000
vn -0.3288 0.9439 0.0324
vn -0.3240 0.9439 0.0644
vn -0.3161 0.9439 0.0959
vn -0.3052 0.9439 0.1264
vn -0.2913 0.9439 0.1557
vn -0.2747 0.9439 0.1835
vn -0.2554 0.9439 0.2096
vn -0.2336 0.9439 0.2336
vn -0.2096 0.9439 0.2554
vn -0.1835 0.9439 0.2747
vn -0.1557 0.9439 0.2913
vn -0.1264 0.9439 0.3052
vn -0.0959 0.9439 0.3161
vn -0.0644 0.9439 0.3240
vn -0.0324 0.9439 0.3288
vn -0.0000 0.9439 0.3304
vn 0.0324 0.9439 0.3288
vn 0.0644 0.9439 0.3240
vn 0.0959 0.9439 0.3161
vn 0.1264 0.9439 0.3052
vn 0.1557 0.9439 0.2913
vn 0.1835 0.9439 0.2747
vn 0.2096 0.9439 0.2554
vn 0.2336 0.9439 0.2336
vn 0.2554 0.9439 0.2096
vn 0.2747 0.9439 0.1835
vn 0.2913 0.9439 0.1557
vn 0.3052 0.9439 0.1264
vn 0.3161 0.9439 0.0959
vn 0.3240 0.9439 0.0644
vn 0.3288 0.9439 0.0324
vn 0.1191 0.9929 -0.0000
vn 0.1186 0.9929 -0.0117
vn 0.1218 0.9925 -0.0120
vn 0.1224 0.9925 -0.0000
vn 0.1169 0.9929 -0.0232
vn 0.1200 0.9925 -0.0239
vn 0.1140 0.9929 -0.0346
vn 0.1171 0.9925 -0.0355
vn 0.1131 0.9925 -0.0468
vn 0.1101 0.9929 -0.0456
vn 0.1051 0.9929 -0.0562
vn 0.1079 0.9925 -0.0577
vn 0.0991 0.9929 -0.0662
vn 0.1017 0.9925 -0.0680
vn 0.0921 0.9929 -0.0756
vn 0.0946 0.9925 -0.0776
vn 0.0866 0.9925 -0.0866
vn 0.0843 0.9929 -0.0842
vn 0.0777 0.9925 -0.0946
vn 0.0756 0.9929 -0.0921
vn 0.0680 0.9925 -0.1017
vn 0.0662 0.9929 -0.0991
vn 0.0562 0.9929 -0.1051
vn 0.0577 0.9925 -0.1079
vn 0.0456 0.9929 -0.1101
vn 0.0468 0.9925 -0.1131
vn 0.0346 0.9929 -0.1140
vn 0.0355 0.9925 -0.1171
vn 0.0232 0.9929 -0.1169
vn 0.0239 0.9925 -0.1200
vn 0.0117 0.9929 -0.1186
vn 0.0120 0.9925 -0.1218
vn -0.0000 0.9929 -0.1191
vn -0.0000 0.9925 -0.1224
vn -0.0117 0.9929 -0.1186
vn -0.0120 0.9925 -0.1218
vn -0.0232 0.9929 -0.1169
vn -0.0239 0.9925 -0.1200
vn -0.0346 0.9929 -0.1140
vn -0.0355 0.9925 -0.1171
vn -0.0456 0.9929 -0.1101
vn -0.0468 0.9925 -0.1131
vn -0.0562 0.9929 -0.1051
vn -0.0577 0.9925 -0.1079
vn -0.0662 0.9929 -0.0991
vn -0.0680 0.9925 -0.1017
vn -0.0756 0.9929 -0.0921
vn -0.0777 0.9925 -0.0946
vn -0.0866 0.9925 -0.0866
vn -0.0842 0.9929 -0.0842
vn -0.0921 0.9929 -0.0756
vn -0.0946 0.9925 -0.0777
vn -0.0991 0.9929 -0.0662
vn -0.1018 0.9925 -0.0680
vn -0.1051 0.9929 -0.0562
vn -0.1079 0.9925 -0.0577
vn -0.1101 0.9929 -0.0456
vn -0.1131 0.9925 -0.0468
vn -0.1140 0.9929 -0.0346
vn -0.1171 0.9925 -0.0355
vn -0.1169 0.9929 -0.0232
vn -0.1200 0.9925 -0.0239
vn -0.1186 0.9929 -0.0117
vn -0.1218 0.9925 -0.0120
vn -0.1191 0.9929 -0.0000
vn -0.1224 0.9925 -0.0000
vn -0.1186 0.9929 0.0117
vn -0.1218 0.9925 0.0120
vn -0.1169 0.9929 0.0232
vn -0.1200 0.9925 0.0239
vn -0.1140 0.9929 0.0346
vn -0.1171 0.9925 0.0355
vn -0.1101 0.9929 0.0456
vn -0.1131 0.9925 0.0468
vn -0.1051 0.9929 0.0562
vn -0.1079 0.9925 0.0577
vn -0.0991 0.9929 0.0662
vn -0.1017 0.9925 0.0680
vn -0.0921 0.9929 0.0756
vn -0.0946 0.9925 0.0777
vn -0.0843 0.9929 0.0842
vn -0.0865 0.9925 0.0865
vn -0.0756 0.9929 0.0921
vn -0.0776 0.9925 0.0946
vn -0.0662 0.9929 0.0991
vn -0.0680 0.9925 0.1018
vn -0.0562 0.9929 0.1051
vn -0.0577 0.9925 0.1079
vn -0.0456 0.9929 0.1101
vn -0.0468 0.9925 0.1131
vn -0.0346 0.9929 0.1140
vn -0.0355 0.9925 0.1171
vn -0.0232 0.9929 0.1169
vn -0.0239 0.9925 0.1200
vn -0.0117 0.9929 0.1186
vn -0.0120 0.9925 0.1218
vn -0.0000 0.9929 0.1191
vn -0.0000 0.9925 0.1224
vn 0.0117 0.9929 0.1186
vn 0.0120 0.9925 0.1218
vn 0.0232 0.9929 0.1169
vn 0.0239 0.9925 0.1200
vn 0.0346 0.9929 0.1140
vn 0.0355 0.9925 0.1171
vn 0.0468 0.9925 0.1131
vn 0.0456 0.9929 0.1101
vn 0.0562 0.9929 0.1051
vn 0.0577 0.9925 0.1079
vn 0.0662 0.9929 0.0991
vn 0.0680 0.9925 0.1017
vn 0.0756 0.9929 0.0921
vn 0.0776 0.9925 0.0946
vn 0.0842 0.9929 0.0842
vn 0.0865 0.9925 0.0865
vn 0.0946 0.9925 0.0776
vn 0.0921 0.9929 0.0756
vn 0.1018 0.9925 0.0680
vn 0.0991 0.9929 0.0662
vn 0.1051 0.9929 0.0562
vn 0.1079 0.9925 0.0577
vn 0.1101 0.9929 0.0456
vn 0.1131 0.9925 0.0468
vn 0.1140 0.9929 0.0346
vn 0.1171 0.9925 0.0355
vn 0.1169 0.9929 0.0232
vn 0.1200 0.9925 0.0239
vn 0.1186 0.9929 0.0117
vn 0.1218 0.9925 0.0120
vn 0.5254 0.8493 -0.0517
vn 0.5279 0.8493 -0.0000
vn 0.5178 0.8493 -0.1030
vn 0.5052 0.8493 -0.1532
vn 0.4877 0.8493 -0.2020
vn 0.4656 0.8493 -0.2489
vn 0.4389 0.8493 -0.2933
vn 0.4081 0.8493 -0.3349
vn 0.3733 0.8493 -0.3733
vn 0.3349 0.8493 -0.4081
vn 0.2933 0.8493 -0.4390
vn 0.2489 0.8493 -0.4656
vn 0.2020 0.8493 -0.4877
vn 0.1532 0.8493 -0.5052
vn 0.1030 0.8493 -0.5178
vn 0.0517 0.8493 -0.5254
vn -0.0000 0.8493 -0.5279
vn -0.0517 0.8493 -0.5254
vn -0.1030 0.8493 -0.5178
vn -0.1532 0.8493 -0.5052
vn -0.2020 0.8493 -0.4877
vn -0.2489 0.8493 -0.4656
vn -0.2933 0.8493 -0.4390
vn -0.3349 0.8493 -0.4081
vn -0.3733 0.8493 -0.3733
vn -0.4081 0.8493 -0.3349
vn -0.4389 0.8493 -0.2933
vn -0.4656 0.8493 -0.2488
vn -0.4877 0.8493 -0.2020
vn -0.5052 0.8493 -0.1532
vn -0.5178 0.8493 -0.1030
vn -0.5254 0.8493 -0.0517
vn -0.5279 0.8493 -0.0000
vn -0.5254 0.8493 0.0517
vn -0.5178 0.8493 0.1030
vn -0.5052 0.8493 0.1532
vn -0.4877 0.8493 0.2020
vn -0.4656 0.8493 0.2489
vn -0.4389 0.8493 0.2933
vn -0.4081 0.8493 0.3349
vn -0.3733 0.8493 0.3733
vn -0.3349 0.8493 0.4081
vn -0.2933 0.8493 0.4390
vn -0.2489 0.8493 0.4656
vn -0.2020 0.8493 0.4877
vn -0.1532 0.8493 0.5052
vn -0.1030 0.8493 0.5178
vn -0.0517 0.8493 0.5254
vn -0.0000 0.8493 0.5279
vn 0.0517 0.8493 0.5254
vn 0.1030 0.8493 0.5178
vn 0.1533 0.8493 0.5052
vn 0.2020 0.8493 0.4877
vn 0.2489 0.8493 0.4656
vn 0.2933 0.8493 0.4390
vn 0.3349 0.8493 0.4081
vn 0.3733 0.8493 0.3733
vn 0.4081 0.8493 0.3349
vn 0.4389 0.8493 0.2933
vn 0.4656 0.8493 0.2488
vn 0.4877 0.8493 0.2020
vn 0.5052 0.8493 0.1532
vn 0.5178 0.8493 0.1030
vn 0.5254 0.8493 0.0517
vn 0.9009 0.4249 -0.0887
vn 0.9052 0.4249 -0.0000
vn 0.8878 0.4249 -0.1766
vn 0.8662 0.4249 -0.2628
vn 0.8363 0.4249 -0.3464
vn 0.7983 0.4249 -0.4267
vn 0.7527 0.4249 -0.5029
vn 0.6997 0.4249 -0.5743
vn 0.6401 0.4249 -0.6401
vn 0.5743 0.4249 -0.6997
vn 0.5029 0.4249 -0.7527
vn 0.4267 0.4249 -0.7983
vn 0.3464 0.4249 -0.8363
vn 0.2628 0.4249 -0.8662
vn 0.1766 0.4249 -0.8878
vn 0.0887 0.4249 -0.9009
vn -0.0000 0.4249 -0.9052
vn -0.0887 0.4249 -0.9009
vn -0.1766 0.4249 -0.8878
vn -0.2628 0.4249 -0.8662
vn -0.3464 0.4249 -0.8363
vn -0.4267 0.4249 -0.7983
vn -0.5029 0.4249 -0.7527
vn -0.5743 0.4249 -0.6997
vn -0.6401 0.4249 -0.6401
vn -0.6997 0.4249 -0.5743
vn -0.7527 0.4249 -0.5029
vn -0.7983 0.4249 -0.4267
vn -0.8363 0.4249 -0.3464
vn -0.8662 0.4249 -0.2628
vn -0.8878 0.4249 -0.1766
vn -0.9009 0.4249 -0.0887
vn -0.9052 0.4249 -0.0000
vn -0.9009 0.4249 0.0887
vn -0.8878 0.4249 0.1766
vn -0.8662 0.4249 0.2628
vn -0.8363 0.4249 0.3464
vn -0.7983 0.4249 0.4267
vn -0.7526 0.4250 0.5029
vn -0.6997 0.4249 0.5743
vn -0.6401 0.4249 0.6401
vn -0.5743 0.4249 0.6997
vn -0.5029 0.4249 0.7527
vn -0.4267 0.4249 0.7983
vn -0.3464 0.4249 0.8363
vn -0.2628 0.4249 0.8662
vn -0.1766 0.4249 0.8878
vn -0.0887 0.4249 0.9009
vn -0.0000 0.4249 0.9052
vn 0.0887 0.4249 0.9009
vn 0.1766 0.4249 0.8878
vn 0.2628 0.4249 0.8662
vn 0.3464 0.4249 0.8363
vn 0.4267 0.4249 0.7983
vn 0.5029 0.4249 0.7527
vn 0.5743 0.4249 0.6997
vn 0.6401 0.4249 0.6401
vn 0.6997 0.4249 0.5743
vn 0.7527 0.4249 0.5029
vn 0.7983 0.4249 0.4267
vn 0.8363 0.4249 0.3464
vn 0.8662 0.4249 0.2628
vn 0.8878 0.4249 0.1766
vn 0.9009 0.4249 0.0887
vn 0.9856 0.1382 -0.0971
vn 0.9904 0.1382 -0.0000
vn 0.9714 0.1382 -0.1932
vn 0.9478 0.1382 -0.2875
vn 0.9150 0.1382 -0.3790
vn 0.8735 0.1382 -0.4669
vn 0.8235 0.1382 -0.5502
vn 0.7656 0.1382 -0.6283
vn 0.7003 0.1382 -0.7003
vn 0.6283 0.1382 -0.7656
vn 0.5502 0.1382 -0.8235
vn 0.4669 0.1382 -0.8735
vn 0.3790 0.1382 -0.9150
vn 0.2875 0.1382 -0.9478
vn 0.1932 0.1382 -0.9714
vn 0.0971 0.1382 -0.9856
vn -0.0000 0.1382 -0.9904
vn -0.0971 0.1382 -0.9856
vn -0.1932 0.1382 -0.9714
vn -0.2875 0.1382 -0.9478
vn -0.3790 0.1382 -0.9150
vn -0.4669 0.1382 -0.8735
vn -0.5502 0.1382 -0.8235
vn -0.6283 0.1382 -0.7656
vn -0.7003 0.1382 -0.7003
vn -0.7656 0.1382 -0.6283
vn -0.8235 0.1382 -0.5502
vn -0.8735 0.1382 -0.4669
vn -0.9150 0.1382 -0.3790
vn -0.9478 0.1382 -0.2875
vn -0.9714 0.1382 -0.1932
vn -0.9856 0.1382 -0.0971
vn -0.9904 0.1382 -0.0000
vn -0.9856 0.1382 0.0971
vn -0.9714 0.1382 0.1932
vn -0.9478 0.1382 0.2875
vn -0.9150 0.1382 0.3790
vn -0.8735 0.1382 0.4669
vn -0.8235 0.1382 0.5502
vn -0.7656 0.1382 0.6283
vn -0.7003 0.1382 0.7003
vn -0.6283 0.1382 0.7656
vn -0.5502 0.1382 0.8235
vn -0.4669 0.1382 0.8735
vn -0.3790 0.1382 0.9150
vn -0.2875 0.1382 0.9478
vn -0.1932 0.1382 0.9714
vn -0.0971 0.1382 0.9856
vn -0.0000 0.1382 0.9904
vn 0.0971 0.1382 0.9856
vn 0.1932 0.1382 0.9714
vn 0.2875 0.1382 0.9478
vn 0.3790 0.1382 0.9150
vn 0.4669 0.1382 0.8735
vn 0.5502 0.1382 0.8235
vn 0.6283 0.1382 0.7656
vn 0.7003 0.1382 0.7003
vn 0.7656 0.1382 0.6283
vn 0.8235 0.1382 0.5502
vn 0.8735 0.1382 0.4669
vn 0.9150 0.1382 0.3790
vn 0.9478 0.1382 0.2875
vn 0.9714 0.1382 0.1932
vn 0.9856 0.1382 0.0971
vn 0.7253 -0.6847 -0.0714
vn 0.7288 -0.6847 -0.0000
vn 0.7148 -0.6847 -0.1422
vn 0.6974 -0.6847 -0.2116
vn 0.6734 -0.6847 -0.2789
vn 0.6428 -0.6847 -0.3436
vn 0.6060 -0.6847 -0.4049
vn 0.5634 -0.6847 -0.4624
vn 0.5154 -0.6847 -0.5154
vn 0.4624 -0.6847 -0.5634
vn 0.4049 -0.6847 -0.6060
vn 0.3436 -0.6847 -0.6428
vn 0.2789 -0.6847 -0.6734
vn 0.2116 -0.6847 -0.6974
vn 0.1422 -0.6847 -0.7148
vn 0.0714 -0.6847 -0.7253
vn -0.0000 -0.6847 -0.7288
vn -0.0714 -0.6847 -0.7253
vn -0.1422 -0.6847 -0.7148
vn -0.2116 -0.6847 -0.6974
vn -0.2789 -0.6847 -0.6734
vn -0.3436 -0.6847 -0.6428
vn -0.4049 -0.6847 -0.6060
vn -0.4624 -0.6847 -0.5634
vn -0.5154 -0.6847 -0.5154
vn -0.5634 -0.6847 -0.4624
vn -0.6060 -0.6847 -0.4049
vn -0.6428 -0.6847 -0.3436
vn -0.6733 -0.6847 -0.2789
vn -0.6974 -0.6847 -0.2116
vn -0.7148 -0.6847 -0.1422
vn -0.7253 -0.6847 -0.0714
vn -0.7288 -0.6847 -0.0000
vn -0.7253 -0.6847 0.0714
vn -0.7148 -0.6847 0.1422
vn -0.6974 -0.6847 0.2116
vn -0.6734 -0.6847 0.2789
vn -0.6428 -0.6847 0.3436
vn -0.6060 -0.6847 0.4049
vn -0.5634 -0.6847 0.4624
vn -0.5154 -0.6847 0.5154
vn -0.4624 -0.6847 0.5634
vn -0.4049 -0.6847 0.6060
vn -0.3436 -0.6847 0.6428
vn -0.2789 -0.6847 0.6734
vn -0.2116 -0.6847 0.6974
vn -0.1422 -0.6847 0.7148
vn -0.0714 -0.6847 0.7253
vn -0.0000 -0.6847 0.7288
vn 0.0714 -0.6847 0.7253
vn 0.1422 -0.6847 0.7148
vn 0.2116 -0.6847 0.6974
vn 0.2789 -0.6847 0.6734
vn 0.3436 -0.6847 0.6428
vn 0.4049 -0.6847 0.6060
vn 0.4624 -0.6847 0.5634
vn 0.5154 -0.6847 0.5154
vn 0.5634 -0.6847 0.4624
vn 0.6060 -0.6847 0.4049
vn 0.6428 -0.6847 0.3436
vn 0.6733 -0.6847 0.2789
vn 0.6974 -0.6847 0.2116
vn 0.7148 -0.6847 0.1422
vn 0.7253 -0.6847 0.0714
vn 0.0624 -0.9981 -0.0000
vn 0.0621 -0.9981 -0.0061
vn 0.0612 -0.9981 -0.0122
vn 0.0597 -0.9981 -0.0181
vn 0.0576 -0.9981 -0.0239
vn 0.0550 -0.9981 -0.0294
vn 0.0519 -0.9981 -0.0347
vn 0.0482 -0.9981 -0.0396
vn 0.0441 -0.9981 -0.0441
vn 0.0396 -0.9981 -0.0482
vn 0.0347 -0.9981 -0.0519
vn 0.0294 -0.9981 -0.0550
vn 0.0239 -0.9981 -0.0576
vn 0.0181 -0.9981 -0.0597
vn 0.0122 -0.9981 -0.0612
vn 0.0061 -0.9981 -0.0621
vn -0.0000 -0.9981 -0.0624
vn -0.0061 -0.9981 -0.0621
vn -0.0122 -0.9981 -0.0612
vn -0.0181 -0.9981 -0.0597
vn -0.0239 -0.9981 -0.0576
vn -0.0294 -0.9981 -0.0550
vn -0.0347 -0.9981 -0.0519
vn -0.0396 -0.9981 -0.0482
vn -0.0441 -0.9981 -0.0441
vn -0.0482 -0.9981 -0.0396
vn -0.0519 -0.9981 -0.0347
vn -0.0550 -0.9981 -0.0294
vn -0.0576 -0.9981 -0.0239
vn -0.0597 -0.9981 -0.0181
vn -0.0612 -0.9981 -0.0122
vn -0.0621 -0.9981 -0.0061
vn -0.0624 -0.9981 -0.0000
vn -0.0621 -0.9981 0.0061
vn -0.0612 -0.9981 0.0122
vn -0.0597 -0.9981 0.0181
vn -0.0576 -0.9981 0.0239
vn -0.0550 -0.9981 0.0294
vn -0.0519 -0.9981 0.0347
vn -0.0482 -0.9981 0.0396
vn -0.0441 -0.9981 0.0441
vn -0.0396 -0.9981 0.0482
vn -0.0347 -0.9981 0.0519
vn -0.0294 -0.9981 0.0550
vn -0.0239 -0.9981 0.0576
vn -0.0181 -0.9981 0.0597
vn -0.0122 -0.9981 0.0612
vn -0.0061 -0.9981 0.0621
vn -0.0000 -0.9981 0.0624
vn 0.0061 -0.9981 0.0621
vn 0.0122 -0.9981 0.0612
vn 0.0181 -0.9981 0.0597
vn 0.0239 -0.9981 0.0576
vn 0.0294 -0.9981 0.0550
vn 0.0347 -0.9981 0.0519
vn 0.0396 -0.9981 0.0482
vn 0.0441 -0.9981 0.0441
vn 0.0482 -0.9981 0.0396
vn 0.0519 -0.9981 0.0347
vn 0.0550 -0.9981 0.0294
vn 0.0576 -0.9981 0.0239
vn 0.0597 -0.9981 0.0181
vn 0.0612 -0.9981 0.0122
vn 0.0621 -0.9981 0.0061
vn 0.2789 -0.6847 -0.6733
vn -0.2789 -0.6847 -0.6733
vn -0.6734 -0.6847 -0.2789
vn -0.2789 -0.6847 0.6733
vn 0.2789 -0.6847 0.6733
vn 0.6734 -0.6847 0.2789
vn 0.7396 0.6691 -0.0728
vn 0.7432 0.6691 -0.0000
vn 0.7289 0.6691 -0.1450
vn 0.7112 0.6691 -0.2157
vn 0.6866 0.6691 -0.2844
vn 0.6554 0.6691 -0.3503
vn 0.6179 0.6691 -0.4129
vn 0.5745 0.6691 -0.4715
vn 0.5255 0.6691 -0.5255
vn 0.4715 0.6691 -0.5745
vn 0.4129 0.6691 -0.6179
vn 0.3503 0.6691 -0.6554
vn 0.2844 0.6691 -0.6866
vn 0.2157 0.6691 -0.7112
vn 0.1450 0.6691 -0.7289
vn 0.0728 0.6691 -0.7396
vn -0.0000 0.6691 -0.7432
vn -0.0728 0.6691 -0.7396
vn -0.1450 0.6691 -0.7289
vn -0.2157 0.6691 -0.7112
vn -0.2844 0.6691 -0.6866
vn -0.3503 0.6691 -0.6554
vn -0.4129 0.6691 -0.6179
vn -0.4715 0.6691 -0.5745
vn -0.5255 0.6691 -0.5255
vn -0.5745 0.6691 -0.4715
vn -0.6179 0.6691 -0.4129
vn -0.6554 0.6691 -0.3503
vn -0.6866 0.6691 -0.2844
vn -0.7112 0.6691 -0.2157
vn -0.7289 0.6691 -0.1450
vn -0.7396 0.6691 -0.0728
vn -0.7432 0.6691 -0.0000
vn -0.7396 0.6691 0.0728
vn -0.7289 0.6691 0.1450
vn -0.7112 0.6691 0.2157
vn -0.6866 0.6691 0.2844
vn -0.6554 0.6691 0.3503
vn -0.6179 0.6691 0.4129
vn -0.5745 0.6691 0.4715
vn -0.5255 0.6691 0.5255
vn -0.4715 0.6691 0.5745
vn -0.4129 0.6691 0.6179
vn -0.3503 0.6691 0.6554
vn -0.2844 0.6691 0.6866
vn -0.2157 0.6691 0.7112
vn -0.1450 0.6691 0.7289
vn -0.0728 0.6691 0.7396
vn -0.0000 0.6691 0.7432
vn 0.0728 0.6691 0.7396
vn 0.1450 0.6691 0.7289
vn 0.2157 0.6691 0.7112
vn 0.2844 0.6691 0.6866
vn 0.3503 0.6691 0.6554
vn 0.4129 0.6691 0.6179
vn 0.4715 0.6691 0.5745
vn 0.5255 0.6691 0.5255
vn 0.5745 0.6691 0.4715
vn 0.6179 0.6691 0.4129
vn 0.6554 0.6691 0.3503
vn 0.6866 0.6691 0.2844
vn 0.7112 0.6691 0.2157
vn 0.7289 0.6691 0.1450
vn 0.7396 0.6691 0.0728
vn 0.1042 0.9945 -0.0103
vn 0.1047 0.9945 -0.0000
vn 0.1027 0.9945 -0.0204
vn 0.1002 0.9945 -0.0304
vn 0.0967 0.9945 -0.0401
vn 0.0923 0.9945 -0.0493
vn 0.0870 0.9945 -0.0582
vn 0.0809 0.9945 -0.0664
vn 0.0740 0.9945 -0.0740
vn 0.0664 0.9945 -0.0809
vn 0.0582 0.9945 -0.0870
vn 0.0493 0.9945 -0.0923
vn 0.0401 0.9945 -0.0967
vn 0.0304 0.9945 -0.1002
vn 0.0204 0.9945 -0.1027
vn 0.0103 0.9945 -0.1042
vn -0.0000 0.9945 -0.1047
vn -0.0103 0.9945 -0.1042
vn -0.0204 0.9945 -0.1027
vn -0.0304 0.9945 -0.1002
vn -0.0401 0.9945 -0.0967
vn -0.0493 0.9945 -0.0923
vn -0.0582 0.9945 -0.0870
vn -0.0664 0.9945 -0.0809
vn -0.0740 0.9945 -0.0740
vn -0.0809 0.9945 -0.0664
vn -0.0870 0.9945 -0.0582
vn -0.0923 0.9945 -0.0493
vn -0.0967 0.9945 -0.0401
vn -0.1002 0.9945 -0.0304
vn -0.1027 0.9945 -0.0204
vn -0.1042 0.9945 -0.0103
vn -0.1047 0.9945 -0.0000
vn -0.1042 0.9945 0.0103
vn -0.1027 0.9945 0.0204
vn -0.1002 0.9945 0.0304
vn -0.0967 0.9945 0.0401
vn -0.0923 0.9945 0.0493
vn -0.0870 0.9945 0.0582
vn -0.0809 0.9945 0.0664
vn -0.0740 0.9945 0.0740
vn -0.0664 0.9945 0.0809
vn -0.0582 0.9945 0.0870
vn -0.0493 0.9945 0.0923
vn -0.0401 0.9945 0.0967
vn -0.0304 0.9945 0.1002
vn -0.0204 0.9945 0.1027
vn -0.0103 0.9945 0.1042
vn -0.0000 0.9945 0.1047
vn 0.0103 0.9945 0.1042
vn 0.0204 0.9945 0.1027
vn 0.0304 0.9945 0.1002
vn 0.0401 0.9945 0.0967
vn 0.0493 0.9945 0.0923
vn 0.0582 0.9945 0.0870
vn 0.0664 0.9945 0.0809
vn 0.0740 0.9945 0.0740
vn 0.0809 0.9945 0.0664
vn 0.0870 0.9945 0.0582
vn 0.0923 0.9945 0.0493
vn 0.0967 0.9945 0.0401
vn 0.1002 0.9945 0.0304
vn 0.1027 0.9945 0.0204
vn 0.1042 0.9945 0.0103
vn 0.7552 0.6512 -0.0744
vn 0.7589 0.6512 -0.0000
vn 0.7443 0.6512 -0.1481
vn 0.7262 0.6512 -0.2203
vn 0.7011 0.6512 -0.2904
vn 0.6693 0.6512 -0.3577
vn 0.6310 0.6512 -0.4216
vn 0.5866 0.6512 -0.4814
vn 0.5366 0.6512 -0.5366
vn 0.4814 0.6512 -0.5866
vn 0.4216 0.6512 -0.6310
vn 0.3577 0.6512 -0.6693
vn 0.2904 0.6512 -0.7011
vn 0.2203 0.6512 -0.7262
vn 0.1481 0.6512 -0.7443
vn 0.0744 0.6512 -0.7552
vn -0.0000 0.6512 -0.7589
vn -0.0744 0.6512 -0.7552
vn -0.1481 0.6512 -0.7443
vn -0.2203 0.6512 -0.7262
vn -0.2904 0.6512 -0.7011
vn -0.3577 0.6512 -0.6693
vn -0.4216 0.6512 -0.6310
vn -0.4814 0.6512 -0.5866
vn -0.5366 0.6512 -0.5366
vn -0.5866 0.6512 -0.4814
vn -0.6310 0.6512 -0.4216
vn -0.6693 0.6512 -0.3577
vn -0.7011 0.6512 -0.2904
vn -0.7262 0.6512 -0.2203
vn -0.7443 0.6512 -0.1481
vn -0.7552 0.6512 -0.0744
vn -0.7589 0.6512 -0.0000
vn -0.7552 0.6512 0.0744
vn -0.7443 0.6512 0.1481
vn -0.7262 0.6512 0.2203
vn -0.7011 0.6512 0.2904
vn -0.6693 0.6512 0.3577
vn -0.6310 0.6512 0.4216
vn -0.5866 0.6512 0.4814
vn -0.5366 0.6512 0.5366
vn -0.4814 0.6512 0.5866
vn -0.4216 0.6512 0.6310
vn -0.3577 0.6512 0.6693
vn -0.2904 0.6512 0.7011
vn -0.2203 0.6512 0.7262
vn -0.1481 0.6512 0.7443
vn -0.0744 0.6512 0.7552
vn -0.0000 0.6512 0.7589
vn 0.0744 0.6512 0.7552
vn 0.1481 0.6512 0.7443
vn 0.2203 0.6512 0.7262
vn 0.2904 0.6512 0.7011
vn 0.3577 0.6512 0.6693
vn 0.4216 0.6512 0.6310
vn 0.4814 0.6512 0.5866
vn 0.5366 0.6512 0.5366
vn 0.5866 0.6512 0.4814
vn 0.6310 0.6512 0.4216
vn 0.6693 0.6512 0.3577
vn 0.7011 0.6512 0.2904
vn 0.7262 0.6512 0.2203
vn 0.7443 0.6512 0.1481
vn 0.7552 0.6512 0.0744
vn 0.9989 -0.0475 -0.0000
vn 0.9941 -0.0475 -0.0979
vn 0.9926 -0.0716 -0.0978
vn 0.9974 -0.0716 -0.0000
vn 0.9783 -0.0716 -0.1946
vn 0.9797 -0.0475 -0.1949
vn 0.9559 -0.0475 -0.2900
vn 0.9545 -0.0716 -0.2895
vn 0.9228 -0.0475 -0.3823
vn 0.9215 -0.0716 -0.3817
vn 0.8809 -0.0475 -0.4709
vn 0.8797 -0.0716 -0.4702
vn 0.8305 -0.0475 -0.5549
vn 0.8293 -0.0716 -0.5541
vn 0.7721 -0.0475 -0.6337
vn 0.7710 -0.0716 -0.6328
vn 0.7053 -0.0716 -0.7053
vn 0.7063 -0.0475 -0.7063
vn 0.6337 -0.0475 -0.7721
vn 0.6328 -0.0716 -0.7710
vn 0.5541 -0.0716 -0.8293
vn 0.5549 -0.0475 -0.8305
vn 0.4709 -0.0475 -0.8809
vn 0.4702 -0.0716 -0.8797
vn 0.3823 -0.0475 -0.9228
vn 0.3817 -0.0716 -0.9215
vn 0.2900 -0.0475 -0.9559
vn 0.2895 -0.0716 -0.9545
vn 0.1949 -0.0475 -0.9797
vn 0.1946 -0.0716 -0.9783
vn 0.0979 -0.0475 -0.9941
vn 0.0978 -0.0716 -0.9926
vn -0.0000 -0.0475 -0.9989
vn -0.0000 -0.0716 -0.9974
vn -0.0979 -0.0475 -0.9941
vn -0.0978 -0.0716 -0.9926
vn -0.1949 -0.0475 -0.9797
vn -0.1946 -0.0716 -0.9783
vn -0.2900 -0.0475 -0.9559
vn -0.2895 -0.0716 -0.9545
vn -0.3823 -0.0475 -0.9228
vn -0.3817 -0.0716 -0.9215
vn -0.4709 -0.0475 -0.8809
vn -0.4702 -0.0716 -0.8797
vn -0.5549 -0.0475 -0.8305
vn -0.5541 -0.0716 -0.8293
vn -0.6337 -0.0475 -0.7721
vn -0.6328 -0.0716 -0.7710
vn -0.7063 -0.0475 -0.7063
vn -0.7053 -0.0716 -0.7053
vn -0.7721 -0.0475 -0.6337
vn -0.7710 -0.0716 -0.6328
vn -0.8305 -0.0475 -0.5549
vn -0.8293 -0.0716 -0.5541
vn -0.8809 -0.0475 -0.4709
vn -0.8797 -0.0716 -0.4702
vn -0.9228 -0.0475 -0.3823
vn -0.9215 -0.0716 -0.3817
vn -0.9559 -0.0475 -0.2900
vn -0.9545 -0.0716 -0.2895
vn -0.9797 -0.0475 -0.1949
vn -0.9783 -0.0716 -0.1946
vn -0.9941 -0.0475 -0.0979
vn -0.9926 -0.0716 -0.0978
vn -0.9989 -0.0475 -0.0000
vn -0.9974 -0.0716 -0.0000
vn -0.9941 -0.0475 0.0979
vn -0.9926 -0.0716 0.0978
vn -0.9797 -0.0475 0.1949
vn -0.9783 -0.0716 0.1946
vn -0.9559 -0.0475 0.2900
vn -0.9545 -0.0716 0.2895
vn -0.9215 -0.0716 0.3817
vn -0.9228 -0.0475 0.3823
vn -0.8809 -0.0475 0.4709
vn -0.8797 -0.0716 0.4702
vn -0.8305 -0.0475 0.5549
vn -0.8293 -0.0716 0.5541
vn -0.7710 -0.0716 0.6328
vn -0.7721 -0.0475 0.6337
vn -0.7063 -0.0475 0.7063
vn -0.7053 -0.0716 0.7053
vn -0.6328 -0.0716 0.7710
vn -0.6337 -0.0475 0.7721
vn -0.5549 -0.0475 0.8305
vn -0.5541 -0.0716 0.8293
vn -0.4709 -0.0475 0.8809
vn -0.4702 -0.0716 0.8797
vn -0.3823 -0.0475 0.9228
vn -0.3817 -0.0716 0.9215
vn -0.2895 -0.0716 0.9545
vn -0.2900 -0.0475 0.9559
vn -0.1949 -0.0475 0.9797
vn -0.1946 -0.0716 0.9783
vn -0.0978 -0.0716 0.9926
vn -0.0979 -0.0475 0.9941
vn -0.0000 -0.0475 0.9989
vn -0.0000 -0.0716 0.9974
vn 0.0979 -0.0475 0.9941
vn 0.0978 -0.0716 0.9926
vn 0.1946 -0.0716 0.9783
vn 0.1949 -0.0475 0.9797
vn 0.2900 -0.0475 0.9559
vn 0.2895 -0.0716 0.9545
vn 0.3817 -0.0716 0.9215
vn 0.3823 -0.0475 0.9228
vn 0.4709 -0.0475 0.8809
vn 0.4702 -0.0716 0.8797
vn 0.5549 -0.0475 0.8305
vn 0.5541 -0.0716 0.8293
vn 0.6328 -0.0716 0.7710
vn 0.6337 -0.0475 0.7721
vn 0.7053 -0.0716 0.7053
vn 0.7063 -0.0475 0.7063
vn 0.7710 -0.0716 0.6328
vn 0.7721 -0.0475 0.6337
vn 0.8293 -0.0716 0.5541
vn 0.8305 -0.0475 0.5549
vn 0.8809 -0.0475 0.4709
vn 0.8797 -0.0716 0.4702
vn 0.9228 -0.0475 0.3823
vn 0.9215 -0.0716 0.3817
vn 0.9545 -0.0716 0.2895
vn 0.9559 -0.0475 0.2900
vn 0.9797 -0.0475 0.1949
vn 0.9783 -0.0716 0.1946
vn 0.9926 -0.0716 0.0978
vn 0.9941 -0.0475 0.0979
vn 0.9885 -0.1161 -0.0974
vn 0.9932 -0.1161 -0.0000
vn 0.9742 -0.1161 -0.1938
vn 0.9505 -0.1161 -0.2883
vn 0.9176 -0.1161 -0.3801
vn 0.8760 -0.1160 -0.4682
vn 0.8259 -0.1161 -0.5518
vn 0.7678 -0.1161 -0.6301
vn 0.7023 -0.1161 -0.7023
vn 0.6301 -0.1161 -0.7678
vn 0.5518 -0.1161 -0.8258
vn 0.4682 -0.1161 -0.8760
vn 0.3801 -0.1160 -0.9176
vn 0.2883 -0.1161 -0.9505
vn 0.1938 -0.1161 -0.9742
vn 0.0974 -0.1161 -0.9885
vn -0.0000 -0.1161 -0.9932
vn -0.0974 -0.1161 -0.9885
vn -0.1938 -0.1161 -0.9742
vn -0.2883 -0.1161 -0.9505
vn -0.3801 -0.1161 -0.9176
vn -0.4682 -0.1161 -0.8760
vn -0.5518 -0.1161 -0.8258
vn -0.6301 -0.1160 -0.7678
vn -0.7023 -0.1161 -0.7023
vn -0.7678 -0.1161 -0.6301
vn -0.8259 -0.1161 -0.5518
vn -0.8760 -0.1161 -0.4682
vn -0.9176 -0.1161 -0.3801
vn -0.9505 -0.1161 -0.2883
vn -0.9742 -0.1161 -0.1938
vn -0.9885 -0.1161 -0.0974
vn -0.9932 -0.1161 -0.0000
vn -0.9885 -0.1161 0.0974
vn -0.9742 -0.1161 0.1938
vn -0.9505 -0.1161 0.2883
vn -0.9176 -0.1161 0.3801
vn -0.8760 -0.1161 0.4682
vn -0.8259 -0.1160 0.5518
vn -0.7678 -0.1161 0.6301
vn -0.7023 -0.1161 0.7023
vn -0.6301 -0.1161 0.7678
vn -0.5518 -0.1161 0.8258
vn -0.4682 -0.1161 0.8760
vn -0.3801 -0.1160 0.9176
vn -0.2883 -0.1161 0.9505
vn -0.1938 -0.1161 0.9742
vn -0.0974 -0.1161 0.9885
vn -0.0000 -0.1161 0.9932
vn 0.0974 -0.1161 0.9885
vn 0.1938 -0.1161 0.9742
vn 0.2883 -0.1161 0.9505
vn 0.3801 -0.1161 0.9176
vn 0.4682 -0.1161 0.8760
vn 0.5518 -0.1161 0.8259
vn 0.6301 -0.1160 0.7678
vn 0.7023 -0.1161 0.7023
vn 0.7678 -0.1161 0.6301
vn 0.8259 -0.1161 0.5518
vn 0.8760 -0.1161 0.4682
vn 0.9176 -0.1161 0.3801
vn 0.9505 -0.1161 0.2883
vn 0.9742 -0.1161 0.1938
vn 0.9885 -0.1161 0.0974
vn 0.9811 -0.1679 -0.0966
vn 0.9858 -0.1679 -0.0000
vn 0.9669 -0.1679 -0.1923
vn 0.9434 -0.1679 -0.2862
vn 0.9108 -0.1679 -0.3773
vn 0.8694 -0.1679 -0.4647
vn 0.8197 -0.1678 -0.5477
vn 0.7620 -0.1679 -0.6254
vn 0.6971 -0.1679 -0.6971
vn 0.6254 -0.1679 -0.7620
vn 0.5477 -0.1679 -0.8197
vn 0.4647 -0.1679 -0.8694
vn 0.3773 -0.1678 -0.9108
vn 0.2862 -0.1679 -0.9434
vn 0.1923 -0.1679 -0.9669
vn 0.0966 -0.1679 -0.9811
vn -0.0000 -0.1679 -0.9858
vn -0.0966 -0.1679 -0.9811
vn -0.1923 -0.1679 -0.9669
vn -0.2862 -0.1679 -0.9434
vn -0.3772 -0.1679 -0.9108
vn -0.4647 -0.1679 -0.8694
vn -0.5477 -0.1679 -0.8197
vn -0.6254 -0.1679 -0.7620
vn -0.6971 -0.1679 -0.6971
vn -0.7620 -0.1678 -0.6254
vn -0.8197 -0.1679 -0.5477
vn -0.8694 -0.1679 -0.4647
vn -0.9108 -0.1679 -0.3772
vn -0.9434 -0.1679 -0.2862
vn -0.9669 -0.1679 -0.1923
vn -0.9811 -0.1679 -0.0966
vn -0.9858 -0.1679 -0.0000
vn -0.9811 -0.1679 0.0966
vn -0.9669 -0.1679 0.1923
vn -0.9434 -0.1679 0.2862
vn -0.9108 -0.1679 0.3773
vn -0.8694 -0.1679 0.4647
vn -0.8197 -0.1679 0.5477
vn -0.7620 -0.1679 0.6254
vn -0.6971 -0.1679 0.6971
vn -0.6254 -0.1679 0.7620
vn -0.5477 -0.1679 0.8197
vn -0.4647 -0.1679 0.8694
vn -0.3773 -0.1678 0.9108
vn -0.2862 -0.1679 0.9434
vn -0.1923 -0.1679 0.9669
vn -0.0966 -0.1679 0.9811
vn -0.0000 -0.1679 0.9858
vn 0.0966 -0.1679 0.9811
vn 0.1923 -0.1679 0.9669
vn 0.2862 -0.1679 0.9434
vn 0.3773 -0.1679 0.9108
vn 0.4647 -0.1679 0.8694
vn 0.5477 -0.1679 0.8197
vn 0.6254 -0.1679 0.7620
vn 0.6971 -0.1679 0.6971
vn 0.7620 -0.1678 0.6254
vn 0.8197 -0.1679 0.5477
vn 0.8694 -0.1679 0.4647
vn 0.9108 -0.1679 0.3772
vn 0.9434 -0.1679 0.2862
vn 0.9669 -0.1679 0.1923
vn 0.9811 -0.1679 0.0966
vn 0.9680 -0.2320 -0.0953
vn 0.9727 -0.2320 -0.0000
vn 0.9540 -0.2320 -0.1898
vn 0.9308 -0.2319 -0.2824
vn 0.8987 -0.2320 -0.3722
vn 0.8579 -0.2320 -0.4585
vn 0.8088 -0.2319 -0.5404
vn 0.7519 -0.2320 -0.6171
vn 0.6878 -0.2319 -0.6878
vn 0.6171 -0.2320 -0.7519
vn 0.5404 -0.2320 -0.8088
vn 0.4585 -0.2319 -0.8579
vn 0.3722 -0.2320 -0.8987
vn 0.2824 -0.2320 -0.9308
vn 0.1898 -0.2320 -0.9540
vn 0.0953 -0.2320 -0.9680
vn -0.0000 -0.2320 -0.9727
vn -0.0953 -0.2320 -0.9680
vn -0.1898 -0.2319 -0.9540
vn -0.2824 -0.2319 -0.9308
vn -0.3722 -0.2319 -0.8987
vn -0.4585 -0.2320 -0.8579
vn -0.5404 -0.2320 -0.8088
vn -0.6171 -0.2319 -0.7519
vn -0.6878 -0.2319 -0.6878
vn -0.7519 -0.2320 -0.6171
vn -0.8088 -0.2320 -0.5404
vn -0.8579 -0.2320 -0.4585
vn -0.8987 -0.2320 -0.3722
vn -0.9308 -0.2320 -0.2824
vn -0.9540 -0.2319 -0.1898
vn -0.9680 -0.2320 -0.0953
vn -0.9727 -0.2320 -0.0000
vn -0.9680 -0.2320 0.0953
vn -0.9540 -0.2320 0.1898
vn -0.9308 -0.2319 0.2824
vn -0.8987 -0.2320 0.3722
vn -0.8579 -0.2320 0.4585
vn -0.8088 -0.2319 0.5404
vn -0.7519 -0.2320 0.6171
vn -0.6878 -0.2319 0.6878
vn -0.6171 -0.2319 0.7519
vn -0.5404 -0.2319 0.8088
vn -0.4585 -0.2320 0.8579
vn -0.3722 -0.2320 0.8987
vn -0.2824 -0.2320 0.9308
vn -0.1898 -0.2320 0.9540
vn -0.0953 -0.2320 0.9680
vn -0.0000 -0.2320 0.9727
vn 0.0953 -0.2320 0.9680
vn 0.1898 -0.2320 0.9540
vn 0.2824 -0.2320 0.9308
vn 0.3722 -0.2320 0.8987
vn 0.4585 -0.2320 0.8579
vn 0.5404 -0.2319 0.8088
vn 0.6171 -0.2319 0.7519
vn 0.6878 -0.2319 0.6878
vn 0.7519 -0.2320 0.6171
vn 0.8088 -0.2320 0.5404
vn 0.8579 -0.2320 0.4585
vn 0.8987 -0.2320 0.3722
vn 0.9308 -0.2320 0.2824
vn 0.9540 -0.2319 0.1898
vn 0.9680 -0.2320 0.0953
vn 0.9442 -0.3159 -0.0930
vn 0.9488 -0.3159 -0.0000
vn 0.9306 -0.3159 -0.1851
vn 0.9079 -0.3160 -0.2754
vn 0.8766 -0.3159 -0.3631
vn 0.8368 -0.3159 -0.4473
vn 0.7889 -0.3158 -0.5271
vn 0.7334 -0.3159 -0.6019
vn 0.6709 -0.3159 -0.6709
vn 0.6019 -0.3159 -0.7334
vn 0.5271 -0.3159 -0.7889
vn 0.4473 -0.3159 -0.8368
vn 0.3631 -0.3160 -0.8765
vn 0.2754 -0.3159 -0.9079
vn 0.1851 -0.3159 -0.9306
vn 0.0930 -0.3159 -0.9442
vn -0.0000 -0.3159 -0.9488
vn -0.0930 -0.3160 -0.9442
vn -0.1851 -0.3159 -0.9306
vn -0.2754 -0.3159 -0.9079
vn -0.3631 -0.3160 -0.8765
vn -0.4473 -0.3159 -0.8368
vn -0.5271 -0.3159 -0.7889
vn -0.6019 -0.3160 -0.7334
vn -0.6709 -0.3159 -0.6709
vn -0.7334 -0.3159 -0.6019
vn -0.7889 -0.3159 -0.5271
vn -0.8368 -0.3159 -0.4473
vn -0.8766 -0.3159 -0.3631
vn -0.9079 -0.3159 -0.2754
vn -0.9305 -0.3160 -0.1851
vn -0.9442 -0.3159 -0.0930
vn -0.9488 -0.3159 -0.0000
vn -0.9442 -0.3159 0.0930
vn -0.9306 -0.3159 0.1851
vn -0.9079 -0.3160 0.2754
vn -0.8766 -0.3159 0.3631
vn -0.8367 -0.3160 0.4472
vn -0.7889 -0.3158 0.5271
vn -0.7334 -0.3159 0.6019
vn -0.6709 -0.3159 0.6709
vn -0.6019 -0.3159 0.7334
vn -0.5271 -0.3159 0.7889
vn -0.4473 -0.3159 0.8368
vn -0.3631 -0.3159 0.8766
vn -0.2754 -0.3159 0.9079
vn -0.1851 -0.3160 0.9305
vn -0.0930 -0.3159 0.9442
vn -0.0000 -0.3159 0.9488
vn 0.0930 -0.3160 0.9442
vn 0.1851 -0.3159 0.9306
vn 0.2754 -0.3159 0.9079
vn 0.3631 -0.3159 0.8766
vn 0.4473 -0.3159 0.8368
vn 0.5271 -0.3159 0.7889
vn 0.6019 -0.3159 0.7334
vn 0.6709 -0.3159 0.6709
vn 0.7334 -0.3159 0.6019
vn 0.7889 -0.3159 0.5271
vn 0.8368 -0.3159 0.4473
vn 0.8766 -0.3159 0.3631
vn 0.9079 -0.3160 0.2754
vn 0.9306 -0.3159 0.1851
vn 0.9442 -0.3159 0.0930
vn 0.8981 -0.4308 -0.0885
vn 0.9024 -0.4308 -0.0000
vn 0.8851 -0.4308 -0.1761
vn 0.8636 -0.4308 -0.2620
vn 0.8337 -0.4308 -0.3453
vn 0.7959 -0.4309 -0.4254
vn 0.7503 -0.4308 -0.5014
vn 0.6976 -0.4308 -0.5725
vn 0.6381 -0.4308 -0.6381
vn 0.5725 -0.4308 -0.6976
vn 0.5014 -0.4308 -0.7503
vn 0.4254 -0.4308 -0.7959
vn 0.3453 -0.4309 -0.8337
vn 0.2620 -0.4308 -0.8636
vn 0.1761 -0.4308 -0.8851
vn 0.0885 -0.4309 -0.8981
vn -0.0000 -0.4308 -0.9024
vn -0.0885 -0.4309 -0.8981
vn -0.1761 -0.4308 -0.8851
vn -0.2619 -0.4310 -0.8635
vn -0.3454 -0.4308 -0.8338
vn -0.4254 -0.4308 -0.7959
vn -0.5014 -0.4308 -0.7503
vn -0.5725 -0.4308 -0.6976
vn -0.6381 -0.4308 -0.6381
vn -0.6976 -0.4308 -0.5725
vn -0.7503 -0.4308 -0.5014
vn -0.7959 -0.4308 -0.4254
vn -0.8337 -0.4308 -0.3453
vn -0.8636 -0.4308 -0.2620
vn -0.8851 -0.4308 -0.1761
vn -0.8981 -0.4308 -0.0885
vn -0.9024 -0.4308 -0.0000
vn -0.8981 -0.4308 0.0885
vn -0.8851 -0.4308 0.1761
vn -0.8636 -0.4308 0.2620
vn -0.8337 -0.4308 0.3453
vn -0.7959 -0.4308 0.4254
vn -0.7504 -0.4308 0.5014
vn -0.6976 -0.4308 0.5725
vn -0.6381 -0.4308 0.6381
vn -0.5725 -0.4308 0.6976
vn -0.5014 -0.4308 0.7503
vn -0.4254 -0.4309 0.7959
vn -0.3454 -0.4308 0.8338
vn -0.2620 -0.4308 0.8636
vn -0.1761 -0.4308 0.8851
vn -0.0885 -0.4308 0.8981
vn -0.0000 -0.4308 0.9024
vn 0.0885 -0.4309 0.8981
vn 0.1761 -0.4308 0.8851
vn 0.2620 -0.4309 0.8636
vn 0.3454 -0.4308 0.8338
vn 0.4254 -0.4310 0.7958
vn 0.5014 -0.4308 0.7503
vn 0.5725 -0.4308 0.6976
vn 0.6381 -0.4309 0.6381
vn 0.6976 -0.4308 0.5725
vn 0.7503 -0.4310 0.5013
vn 0.7959 -0.4308 0.4254
vn 0.8337 -0.4309 0.3453
vn 0.8636 -0.4309 0.2620
vn 0.8851 -0.4308 0.1761
vn 0.8981 -0.4309 0.0885
vn 0.8709 -0.4838 -0.0858
vn 0.8752 -0.4838 -0.0000
vn 0.8583 -0.4839 -0.1707
vn 0.8375 -0.4838 -0.2540
vn 0.8085 -0.4838 -0.3349
vn 0.7718 -0.4838 -0.4125
vn 0.7277 -0.4838 -0.4862
vn 0.6765 -0.4838 -0.5552
vn 0.6188 -0.4838 -0.6188
vn 0.5552 -0.4839 -0.6765
vn 0.4862 -0.4838 -0.7277
vn 0.4125 -0.4838 -0.7718
vn 0.3349 -0.4839 -0.8085
vn 0.2540 -0.4838 -0.8375
vn 0.1707 -0.4838 -0.8583
vn 0.0858 -0.4838 -0.8709
vn -0.0000 -0.4838 -0.8752
vn -0.0858 -0.4838 -0.8709
vn -0.1707 -0.4838 -0.8583
vn -0.2540 -0.4838 -0.8375
vn -0.3349 -0.4838 -0.8085
vn -0.4125 -0.4838 -0.7718
vn -0.4862 -0.4838 -0.7277
vn -0.5552 -0.4838 -0.6765
vn -0.6188 -0.4838 -0.6188
vn -0.6765 -0.4838 -0.5552
vn -0.7277 -0.4838 -0.4862
vn -0.7718 -0.4838 -0.4125
vn -0.8085 -0.4838 -0.3349
vn -0.8375 -0.4839 -0.2540
vn -0.8583 -0.4838 -0.1707
vn -0.8709 -0.4839 -0.0858
vn -0.8752 -0.4838 -0.0000
vn -0.8709 -0.4839 0.0858
vn -0.8583 -0.4838 0.1707
vn -0.8375 -0.4838 0.2540
vn -0.8085 -0.4838 0.3349
vn -0.7718 -0.4838 0.4125
vn -0.7277 -0.4838 0.4862
vn -0.6765 -0.4838 0.5552
vn -0.6188 -0.4838 0.6188
vn -0.5552 -0.4839 0.6765
vn -0.4862 -0.4838 0.7277
vn -0.4125 -0.4838 0.7718
vn -0.3349 -0.4838 0.8085
vn -0.2540 -0.4838 0.8375
vn -0.1707 -0.4838 0.8583
vn -0.0858 -0.4838 0.8709
vn -0.0000 -0.4839 0.8751
vn 0.0858 -0.4838 0.8709
vn 0.1707 -0.4838 0.8583
vn 0.2540 -0.4838 0.8375
vn 0.3349 -0.4838 0.8085
vn 0.4125 -0.4838 0.7718
vn 0.4862 -0.4838 0.7277
vn 0.5552 -0.4838 0.6765
vn 0.6188 -0.4838 0.6188
vn 0.6765 -0.4838 0.5552
vn 0.7277 -0.4838 0.4862
vn 0.7718 -0.4838 0.4125
vn 0.8085 -0.4839 0.3349
vn 0.8375 -0.4839 0.2540
vn 0.8583 -0.4838 0.1707
vn 0.8709 -0.4839 0.0858
vn 0.9453 -0.3127 -0.0931
vn 0.9498 -0.3127 -0.0000
vn 0.9248 -0.3367 -0.1772
vn 0.8998 -0.3460 -0.2657
vn 0.8600 -0.3714 -0.3499
vn 0.8238 -0.3621 -0.4362
vn 0.7894 -0.3135 -0.5277
vn 0.7342 -0.3127 -0.6026
vn 0.6716 -0.3127 -0.6716
vn 0.6026 -0.3127 -0.7342
vn 0.5279 -0.3163 -0.7883
vn 0.4361 -0.3727 -0.8191
vn 0.3546 -0.3586 -0.8635
vn 0.2657 -0.3460 -0.8998
vn 0.1772 -0.3367 -0.9248
vn 0.0931 -0.3127 -0.9453
vn -0.0000 -0.3127 -0.9498
vn -0.0931 -0.3127 -0.9453
vn -0.1841 -0.3163 -0.9306
vn -0.2741 -0.3621 -0.8909
vn -0.3607 -0.3714 -0.8555
vn -0.4484 -0.3460 -0.8242
vn -0.5286 -0.3367 -0.7792
vn -0.6026 -0.3127 -0.7342
vn -0.6716 -0.3127 -0.6716
vn -0.7342 -0.3127 -0.6026
vn -0.7883 -0.3163 -0.5279
vn -0.8191 -0.3727 -0.4361
vn -0.8635 -0.3586 -0.3546
vn -0.8998 -0.3460 -0.2657
vn -0.9248 -0.3367 -0.1772
vn -0.9453 -0.3127 -0.0931
vn -0.9498 -0.3127 -0.0000
vn -0.9453 -0.3127 0.0931
vn -0.9248 -0.3367 0.1772
vn -0.9035 -0.3323 0.2706
vn -0.8555 -0.3714 0.3607
vn -0.8242 -0.3460 0.4484
vn -0.7792 -0.3367 0.5286
vn -0.7342 -0.3127 0.6026
vn -0.6716 -0.3127 0.6716
vn -0.6026 -0.3127 0.7342
vn -0.5286 -0.3367 0.7792
vn -0.4484 -0.3460 0.8242
vn -0.3607 -0.3714 0.8555
vn -0.2706 -0.3323 0.9035
vn -0.1772 -0.3367 0.9248
vn -0.0931 -0.3127 0.9453
vn -0.0000 -0.3127 0.9498
vn 0.0931 -0.3127 0.9453
vn 0.1772 -0.3367 0.9248
vn 0.2657 -0.3460 0.8998
vn 0.3590 -0.3465 0.8667
vn 0.4360 -0.3801 0.8157
vn 0.5277 -0.3135 0.7894
vn 0.6026 -0.3127 0.7342
vn 0.6716 -0.3127 0.6716
vn 0.7342 -0.3127 0.6026
vn 0.7792 -0.3367 0.5286
vn 0.8242 -0.3460 0.4484
vn 0.8555 -0.3714 0.3607
vn 0.8909 -0.3621 0.2741
vn 0.9314 -0.3135 0.1851
vn 0.9453 -0.3127 0.0931
vn 0.9918 -0.0818 -0.0977
vn 0.9966 -0.0818 -0.0000
vn 0.9779 -0.0919 -0.1877
vn 0.9617 -0.1305 -0.2409
vn 0.9335 -0.1305 -0.3340
vn 0.8963 -0.1305 -0.4239
vn 0.8963 -0.1305 -0.4238
vn 0.8518 -0.1178 -0.5105
vn 0.8504 -0.1305 -0.5096
vn 0.7704 -0.0818 -0.6323
vn 0.8184 -0.0790 -0.5691
vn 0.7047 -0.0818 -0.7047
vn 0.6323 -0.0818 -0.7704
vn 0.5655 -0.0827 -0.8206
vn 0.5097 -0.1305 -0.8504
vn 0.4239 -0.1305 -0.8963
vn 0.3333 -0.1305 -0.9337
vn 0.3340 -0.1305 -0.9335
vn 0.1877 -0.0919 -0.9779
vn 0.2409 -0.1305 -0.9617
vn 0.0977 -0.0818 -0.9918
vn -0.0000 -0.0818 -0.9966
vn -0.0977 -0.0818 -0.9918
vn -0.1803 -0.0827 -0.9801
vn -0.2409 -0.1305 -0.9617
vn -0.3340 -0.1305 -0.9335
vn -0.4239 -0.1305 -0.8963
vn -0.5588 -0.0919 -0.8242
vn -0.5097 -0.1305 -0.8504
vn -0.6323 -0.0818 -0.7704
vn -0.7047 -0.0818 -0.7047
vn -0.7704 -0.0818 -0.6323
vn -0.8206 -0.0827 -0.5655
vn -0.8503 -0.1306 -0.5098
vn -0.8963 -0.1305 -0.4239
vn -0.9338 -0.1305 -0.3333
vn -0.9335 -0.1305 -0.3340
vn -0.9779 -0.0919 -0.1877
vn -0.9617 -0.1305 -0.2409
vn -0.9918 -0.0818 -0.0977
vn -0.9966 -0.0818 -0.0000
vn -0.9918 -0.0818 0.0977
vn -0.9779 -0.0897 0.1891
vn -0.9618 -0.1305 0.2408
vn -0.9335 -0.1305 0.3340
vn -0.8959 -0.1305 0.4246
vn -0.8963 -0.1305 0.4239
vn -0.8253 -0.0894 0.5576
vn -0.8504 -0.1305 0.5097
vn -0.7704 -0.0818 0.6323
vn -0.7047 -0.0818 0.7047
vn -0.6323 -0.0818 0.7704
vn -0.5588 -0.0919 0.8242
vn -0.5097 -0.1305 0.8504
vn -0.4239 -0.1305 0.8963
vn -0.3340 -0.1305 0.9335
vn -0.2409 -0.1305 0.9617
vn -0.1893 -0.0894 0.9778
vn -0.0977 -0.0818 0.9918
vn -0.0000 -0.0818 0.9966
vn 0.0977 -0.0818 0.9918
vn 0.1877 -0.0919 0.9779
vn 0.2409 -0.1305 0.9617
vn 0.3340 -0.1305 0.9335
vn 0.3333 -0.1305 0.9338
vn 0.4239 -0.1305 0.8963
vn 0.5105 -0.1178 0.8518
vn 0.5098 -0.1305 0.8504
vn 0.6323 -0.0818 0.7704
vn 0.5691 -0.0790 0.8184
vn 0.7047 -0.0818 0.7047
vn 0.7704 -0.0818 0.6323
vn 0.8242 -0.0919 0.5588
vn 0.8504 -0.1305 0.5097
vn 0.8963 -0.1305 0.4239
vn 0.9335 -0.1305 0.3340
vn 0.9633 -0.1178 0.2413
vn 0.9617 -0.1305 0.2409
vn 0.9918 -0.0818 0.0977
vn 0.9812 -0.0790 0.1763
vn 0.9836 -0.0000 -0.1804
vn 0.9700 -0.0000 -0.2430
vn 0.8577 -0.0000 -0.5141
vn 0.8120 -0.0000 -0.5837
vn 0.5827 -0.0000 -0.8127
vn 0.5141 -0.0000 -0.8577
vn 0.1804 -0.0000 -0.9836
vn 0.2430 -0.0000 -0.9700
vn 0.2431 0.0001 -0.9700
vn -0.1627 -0.0000 -0.9867
vn -0.2430 -0.0000 -0.9700
vn -0.5679 -0.0000 -0.8231
vn -0.5141 -0.0000 -0.8577
vn -0.5140 -0.0001 -0.8578
vn -0.8127 -0.0000 -0.5827
vn -0.8577 -0.0000 -0.5141
vn -0.9836 -0.0000 -0.1804
vn -0.9700 -0.0000 -0.2430
vn -0.9700 -0.0000 -0.2431
vn -0.9867 -0.0000 0.1627
vn -0.9700 -0.0000 0.2430
vn -0.8577 -0.0000 0.5141
vn -0.8120 -0.0000 0.5837
vn -0.5679 -0.0000 0.8231
vn -0.5140 -0.0001 0.8578
vn -0.5139 -0.0274 0.8574
vn -0.2430 -0.0000 0.9700
vn -0.1614 -0.0000 0.9869
vn 0.1804 -0.0000 0.9836
vn 0.2431 0.0001 0.9700
vn 0.2430 -0.0000 0.9700
vn 0.5141 -0.0000 0.8577
vn 0.5838 -0.0000 0.8119
vn 0.8231 -0.0000 0.5679
vn 0.8577 -0.0000 0.5141
vn 0.9700 -0.0000 0.2430
vn 0.9869 -0.0000 0.1614
vn 0.7292 0.6805 -0.0718
vn 0.7328 0.6805 -0.0000
vn 0.7221 0.6804 -0.1250
vn 0.7112 0.6801 -0.1781
vn 0.5990 0.6804 -0.4222
vn 0.6289 0.6801 -0.3769
vn 0.5664 0.6805 -0.4649
vn 0.5181 0.6805 -0.5181
vn 0.4649 0.6805 -0.5664
vn 0.4222 0.6804 -0.5990
vn 0.3769 0.6801 -0.6289
vn 0.1250 0.6804 -0.7221
vn 0.1781 0.6801 -0.7112
vn 0.0718 0.6805 -0.7292
vn -0.0000 0.6805 -0.7328
vn -0.0718 0.6805 -0.7292
vn -0.1250 0.6804 -0.7221
vn -0.1781 0.6801 -0.7112
vn -0.4222 0.6804 -0.5990
vn -0.3769 0.6801 -0.6289
vn -0.4649 0.6805 -0.5664
vn -0.5182 0.6805 -0.5181
vn -0.5664 0.6805 -0.4648
vn -0.5990 0.6804 -0.4222
vn -0.6288 0.6801 -0.3769
vn -0.7112 0.6801 -0.1781
vn -0.7221 0.6804 -0.1250
vn -0.7292 0.6805 -0.0718
vn -0.7328 0.6805 -0.0000
vn -0.7292 0.6805 0.0718
vn -0.7221 0.6804 0.1250
vn -0.7112 0.6801 0.1781
vn -0.6289 0.6801 0.3769
vn -0.5990 0.6804 0.4222
vn -0.5664 0.6805 0.4649
vn -0.5181 0.6805 0.5181
vn -0.4649 0.6805 0.5664
vn -0.4222 0.6804 0.5990
vn -0.3769 0.6801 0.6289
vn -0.1781 0.6801 0.7112
vn -0.1250 0.6804 0.7221
vn -0.0718 0.6805 0.7292
vn -0.0000 0.6805 0.7328
vn 0.0718 0.6805 0.7292
vn 0.1250 0.6804 0.7221
vn 0.1781 0.6801 0.7112
vn 0.4222 0.6804 0.5990
vn 0.3769 0.6801 0.6289
vn 0.4649 0.6805 0.5664
vn 0.5181 0.6805 0.5181
vn 0.5664 0.6805 0.4649
vn 0.5990 0.6804 0.4222
vn 0.6288 0.6801 0.3769
vn 0.7112 0.6801 0.1781
vn 0.7221 0.6804 0.1250
vn 0.7292 0.6805 0.0718
vn 0.0154 0.9999 -0.0003
vn 0.0292 0.9996 -0.0000
vn 0.0739 0.9973 -0.0000
vn 0.0735 0.9973 -0.0072
vn 0.0729 0.9973 -0.0121
vn 0.0042 1.0000 -0.0006
vn 0.0728 0.9973 -0.0125
vn 0.0717 0.9973 -0.0180
vn 0.0599 0.9973 -0.0434
vn 0.0634 0.9973 -0.0380
vn 0.0604 0.9973 -0.0426
vn 0.0571 0.9973 -0.0469
vn 0.0150 0.9998 -0.0134
vn 0.0206 0.9996 -0.0206
vn 0.0522 0.9973 -0.0522
vn 0.0197 0.9995 -0.0241
vn 0.0477 0.9973 -0.0564
vn 0.0433 0.9973 -0.0599
vn 0.0428 0.9973 -0.0603
vn 0.0380 0.9973 -0.0634
vn 0.0166 0.9973 -0.0720
vn 0.0179 0.9973 -0.0717
vn 0.0122 0.9973 -0.0729
vn 0.0049 0.9995 -0.0327
vn 0.0072 0.9973 -0.0735
vn -0.0000 0.9996 -0.0292
vn 0.0015 0.9999 -0.0153
vn -0.0000 0.9973 -0.0739
vn -0.0062 0.9973 -0.0736
vn -0.0031 0.9995 -0.0309
vn -0.0118 0.9973 -0.0730
vn -0.0124 0.9973 -0.0729
vn -0.0179 0.9973 -0.0717
vn -0.0429 0.9973 -0.0602
vn -0.0392 0.9973 -0.0626
vn -0.0380 0.9973 -0.0634
vn -0.0197 0.9995 -0.0266
vn -0.0469 0.9973 -0.0571
vn -0.0522 0.9973 -0.0522
vn -0.0206 0.9996 -0.0206
vn -0.0098 0.9999 -0.0119
vn -0.0571 0.9973 -0.0469
vn -0.0111 0.9999 -0.0107
vn -0.0266 0.9995 -0.0197
vn -0.0601 0.9973 -0.0430
vn -0.0626 0.9973 -0.0392
vn -0.0634 0.9973 -0.0380
vn -0.0730 0.9973 -0.0117
vn -0.0729 0.9973 -0.0124
vn -0.0717 0.9973 -0.0180
vn -0.0309 0.9995 -0.0031
vn -0.0736 0.9973 -0.0062
vn -0.0739 0.9973 -0.0000
vn -0.0292 0.9996 -0.0000
vn -0.0735 0.9973 0.0072
vn -0.0200 0.9998 0.0011
vn -0.0730 0.9973 0.0118
vn -0.0717 0.9973 0.0180
vn -0.0728 0.9973 0.0125
vn -0.0634 0.9973 0.0380
vn -0.0599 0.9973 0.0433
vn -0.0603 0.9973 0.0428
vn -0.0241 0.9995 0.0196
vn -0.0564 0.9973 0.0477
vn -0.0522 0.9973 0.0522
vn -0.0206 0.9996 0.0206
vn -0.0477 0.9973 0.0564
vn -0.0193 0.9995 0.0236
vn -0.0434 0.9973 0.0598
vn 0.0058 1.0000 -0.0078
vn -0.0380 0.9973 0.0634
vn -0.0392 0.9973 0.0626
vn -0.0179 0.9973 0.0717
vn -0.0125 0.9973 0.0728
vn -0.0121 0.9973 0.0729
vn -0.0072 0.9973 0.0735
vn -0.0006 1.0000 0.0042
vn -0.0000 0.9973 0.0739
vn -0.0000 0.9996 0.0292
vn -0.0015 0.9999 0.0153
vn 0.0030 0.9995 0.0303
vn 0.0063 0.9973 0.0736
vn 0.0117 0.9973 0.0730
vn -0.0014 1.0000 -0.0096
vn 0.0179 0.9973 0.0717
vn 0.0166 0.9973 0.0720
vn 0.0392 0.9973 0.0627
vn 0.0380 0.9973 0.0634
vn 0.0433 0.9973 0.0599
vn 0.0193 0.9995 0.0236
vn -0.0058 1.0000 -0.0078
vn 0.0206 0.9996 0.0206
vn 0.0477 0.9973 0.0564
vn 0.0522 0.9973 0.0522
vn 0.0111 0.9999 0.0107
vn 0.0571 0.9973 0.0469
vn 0.0601 0.9973 0.0430
vn 0.0035 1.0000 0.0026
vn 0.0603 0.9973 0.0427
vn 0.0634 0.9973 0.0380
vn 0.0728 0.9973 0.0125
vn 0.0731 0.9973 0.0113
vn 0.0718 0.9973 0.0180
vn 0.0735 0.9973 0.0072
vn 0.0200 0.9998 0.0011
vn -0.7966 0.5996 0.0770
vn -0.7998 0.6002 -0.0000
vn -0.6398 0.7627 0.0949
vn -0.6178 0.5996 0.5088
vn -0.5195 0.7627 0.3853
vn -0.1605 0.9798 0.1190
vn -0.5656 0.6002 0.5655
vn -0.5125 0.6106 0.6037
vn -0.4661 0.6213 0.6299
vn -0.1190 0.9798 0.1605
vn -0.0771 0.5996 0.7966
vn -0.0949 0.7627 0.6398
vn -0.0000 0.6002 0.7998
vn 0.0646 0.6106 0.7893
vn 0.0293 0.9798 0.1977
vn 0.1159 0.6213 0.7750
vn 0.5124 0.6106 0.6038
vn 0.4668 0.6213 0.6294
vn 0.5655 0.6002 0.5656
vn 0.6037 0.6106 0.5125
vn 0.6299 0.6213 0.4661
vn 0.7966 0.5996 0.0771
vn 0.6398 0.7627 0.0949
vn 0.1977 0.9798 0.0293
vn 0.7998 0.6002 -0.0000
vn 0.7893 0.6106 -0.0646
vn 0.1977 0.9798 -0.0293
vn 0.7750 0.6213 -0.1159
vn 0.6294 0.6213 -0.4668
vn 0.1605 0.9798 -0.1191
vn 0.6038 0.6106 -0.5124
vn 0.5656 0.6002 -0.5655
vn 0.5125 0.6106 -0.6037
vn 0.4661 0.6213 -0.6299
vn 0.0673 0.6082 -0.7909
vn 0.0949 0.7627 -0.6398
vn -0.0000 0.6002 -0.7998
vn -0.0770 0.5996 -0.7966
vn -0.0949 0.7627 -0.6398
vn -0.5117 0.6082 -0.6069
vn -0.3853 0.7626 -0.5195
vn -0.5655 0.6002 -0.5656
vn -0.6037 0.6106 -0.5125
vn -0.6299 0.6213 -0.4661
vn -0.1977 0.9798 -0.0293
vn -0.7909 0.6082 -0.0673
vn -0.6398 0.7627 -0.0949
vn -0.6462 0.7611 0.0562
vn -0.6797 0.7335 -0.0000
vn -0.8207 0.5582 0.1217
vn -0.6162 0.7794 0.1136
vn -0.8048 0.5582 0.2016
vn -0.4484 0.8835 0.1358
vn -0.7812 0.5582 0.2795
vn -0.4077 0.8974 0.1689
vn -0.4131 0.8835 0.2210
vn -0.7500 0.5582 0.3547
vn -0.7117 0.5582 0.4265
vn -0.5161 0.7794 0.3554
vn -0.6664 0.5582 0.4942
vn -0.4806 0.7335 0.4806
vn -0.4967 0.7611 0.4172
vn -0.4305 0.7349 0.5240
vn -0.4943 0.5582 0.6664
vn -0.3128 0.8265 0.4680
vn -0.4266 0.5582 0.7117
vn -0.4265 0.5582 0.7117
vn -0.2210 0.8835 0.4131
vn -0.3547 0.5582 0.7500
vn -0.1689 0.8974 0.4077
vn -0.1358 0.8835 0.4484
vn -0.2795 0.5582 0.7812
vn -0.1136 0.7794 0.6162
vn -0.2016 0.5582 0.8048
vn -0.1217 0.5582 0.8207
vn -0.0000 0.7336 0.6796
vn -0.0562 0.7611 0.6462
vn 0.0661 0.7349 0.6749
vn 0.1217 0.5582 0.8207
vn 0.1097 0.8265 0.5521
vn 0.2016 0.5582 0.8048
vn 0.1358 0.8835 0.4484
vn 0.2795 0.5582 0.7812
vn 0.2204 0.8842 0.4117
vn 0.1730 0.8930 0.4155
vn 0.3547 0.5582 0.7500
vn 0.3128 0.8265 0.4680
vn 0.4265 0.5582 0.7117
vn 0.4266 0.5582 0.7116
vn 0.4305 0.7349 0.5240
vn 0.4878 0.5584 0.6710
vn 0.4943 0.5582 0.6664
vn 0.4806 0.7335 0.4806
vn 0.5240 0.7349 0.4305
vn 0.6664 0.5582 0.4943
vn 0.4498 0.8587 0.2455
vn 0.4636 0.8298 0.3106
vn 0.7116 0.5582 0.4266
vn 0.7500 0.5582 0.3547
vn 0.4484 0.8835 0.1358
vn 0.7765 0.5585 0.2919
vn 0.7812 0.5582 0.2795
vn 0.6162 0.7794 0.1136
vn 0.8048 0.5582 0.2016
vn 0.8207 0.5582 0.1217
vn 0.6797 0.7335 -0.0000
vn 0.6462 0.7611 0.0562
vn 0.6749 0.7349 -0.0661
vn 0.8207 0.5582 -0.1217
vn 0.4916 0.8587 -0.1444
vn 0.5474 0.8298 -0.1081
vn 0.8048 0.5582 -0.2016
vn 0.7812 0.5582 -0.2795
vn 0.7812 0.5582 -0.2796
vn 0.4131 0.8835 -0.2210
vn 0.7555 0.5585 -0.3426
vn 0.7500 0.5582 -0.3547
vn 0.7116 0.5582 -0.4266
vn 0.4680 0.8265 -0.3128
vn 0.7159 0.5584 -0.4192
vn 0.5240 0.7349 -0.4305
vn 0.6710 0.5584 -0.4878
vn 0.6664 0.5582 -0.4943
vn 0.4806 0.7335 -0.4806
vn 0.4297 0.7366 -0.5223
vn 0.4943 0.5582 -0.6664
vn 0.3208 0.8191 -0.4756
vn 0.4265 0.5582 -0.7117
vn 0.2307 0.8741 -0.4276
vn 0.3547 0.5582 -0.7501
vn 0.1689 0.8974 -0.4077
vn 0.2795 0.5582 -0.7812
vn 0.1444 0.8587 -0.4916
vn 0.2016 0.5582 -0.8048
vn 0.1081 0.8298 -0.5474
vn 0.1217 0.5582 -0.8207
vn 0.0645 0.7392 -0.6704
vn -0.0000 0.7336 -0.6796
vn -0.0562 0.7611 -0.6462
vn -0.1217 0.5582 -0.8207
vn -0.1127 0.7812 -0.6141
vn -0.2016 0.5582 -0.8048
vn -0.1387 0.8748 -0.4642
vn -0.2795 0.5582 -0.7812
vn -0.1755 0.8887 -0.4237
vn -0.3547 0.5582 -0.7500
vn -0.2451 0.8594 -0.4487
vn -0.4265 0.5582 -0.7117
vn -0.3106 0.8298 -0.4636
vn -0.4942 0.5582 -0.6664
vn -0.4284 0.7392 -0.5197
vn -0.4806 0.7336 -0.4806
vn -0.5223 0.7366 -0.4297
vn -0.6664 0.5582 -0.4943
vn -0.4756 0.8191 -0.3208
vn -0.7117 0.5582 -0.4265
vn -0.4276 0.8741 -0.2307
vn -0.7501 0.5582 -0.3548
vn -0.4077 0.8974 -0.1688
vn -0.7812 0.5582 -0.2795
vn -0.4483 0.8835 -0.1358
vn -0.8048 0.5582 -0.2016
vn -0.5521 0.8265 -0.1097
vn -0.8207 0.5582 -0.1217
vn -0.6704 0.7392 -0.0645
vn -0.2310 0.9727 0.0228
vn -0.2321 0.9727 -0.0000
vn -0.2277 0.9727 0.0453
vn -0.2222 0.9727 0.0674
vn -0.2145 0.9727 0.0888
vn -0.2047 0.9727 0.1094
vn -0.1930 0.9727 0.1290
vn -0.1795 0.9727 0.1473
vn -0.1642 0.9727 0.1642
vn -0.1473 0.9727 0.1795
vn -0.1290 0.9727 0.1930
vn -0.1094 0.9727 0.2047
vn -0.0888 0.9727 0.2145
vn -0.0674 0.9727 0.2222
vn -0.0453 0.9727 0.2277
vn -0.0228 0.9727 0.2310
vn -0.0000 0.9727 0.2321
vn 0.0228 0.9727 0.2310
vn 0.0453 0.9727 0.2277
vn 0.0674 0.9727 0.2222
vn 0.0888 0.9727 0.2145
vn 0.1094 0.9727 0.2047
vn 0.1290 0.9727 0.1930
vn 0.1473 0.9727 0.1795
vn 0.1642 0.9727 0.1642
vn 0.1795 0.9727 0.1473
vn 0.1930 0.9727 0.1290
vn 0.2047 0.9727 0.1094
vn 0.4077 0.8974 0.1688
vn 0.2145 0.9727 0.0888
vn 0.2222 0.9727 0.0674
vn 0.2277 0.9727 0.0453
vn 0.2310 0.9727 0.0228
vn 0.2321 0.9727 -0.0000
vn 0.2310 0.9727 -0.0228
vn 0.2277 0.9727 -0.0453
vn 0.2222 0.9727 -0.0674
vn 0.4077 0.8974 -0.1688
vn 0.2145 0.9727 -0.0888
vn 0.2047 0.9727 -0.1094
vn 0.1930 0.9727 -0.1290
vn 0.1795 0.9727 -0.1473
vn 0.1642 0.9727 -0.1642
vn 0.1473 0.9727 -0.1795
vn 0.1290 0.9727 -0.1930
vn 0.1094 0.9727 -0.2047
vn 0.0888 0.9727 -0.2145
vn 0.0674 0.9727 -0.2222
vn 0.0453 0.9727 -0.2277
vn 0.0228 0.9727 -0.2310
vn -0.0000 0.9727 -0.2321
vn -0.0228 0.9727 -0.2310
vn -0.0453 0.9727 -0.2277
vn -0.0674 0.9727 -0.2222
vn -0.0888 0.9727 -0.2145
vn -0.1094 0.9727 -0.2047
vn -0.1290 0.9727 -0.1930
vn -0.1473 0.9727 -0.1795
vn -0.1642 0.9727 -0.1642
vn -0.1795 0.9727 -0.1473
vn -0.1930 0.9727 -0.1290
vn -0.2047 0.9727 -0.1094
vn -0.2145 0.9727 -0.0888
vn -0.2222 0.9727 -0.0674
vn -0.2277 0.9727 -0.0453
vn -0.2310 0.9727 -0.0228
vn 0.0575 0.9983 -0.0057
vn 0.0578 0.9983 -0.0000
vn 0.0567 0.9983 -0.0113
vn 0.0553 0.9983 -0.0168
vn 0.0534 0.9983 -0.0221
vn 0.0510 0.9983 -0.0272
vn 0.0480 0.9983 -0.0321
vn 0.0447 0.9983 -0.0367
vn 0.0409 0.9983 -0.0409
vn 0.0367 0.9983 -0.0447
vn 0.0321 0.9983 -0.0480
vn 0.0272 0.9983 -0.0510
vn 0.0221 0.9983 -0.0534
vn 0.0168 0.9983 -0.0553
vn 0.0113 0.9983 -0.0567
vn 0.0057 0.9983 -0.0575
vn -0.0000 0.9983 -0.0578
vn -0.0057 0.9983 -0.0575
vn -0.0113 0.9983 -0.0567
vn -0.0168 0.9983 -0.0553
vn -0.0221 0.9983 -0.0534
vn -0.0272 0.9983 -0.0510
vn -0.0321 0.9983 -0.0480
vn -0.0367 0.9983 -0.0447
vn -0.0409 0.9983 -0.0409
vn -0.0447 0.9983 -0.0367
vn -0.0480 0.9983 -0.0321
vn -0.0510 0.9983 -0.0272
vn -0.0534 0.9983 -0.0221
vn -0.0553 0.9983 -0.0168
vn -0.0567 0.9983 -0.0113
vn -0.0575 0.9983 -0.0057
vn -0.0578 0.9983 -0.0000
vn -0.0575 0.9983 0.0057
vn -0.0567 0.9983 0.0113
vn -0.0553 0.9983 0.0168
vn -0.0534 0.9983 0.0221
vn -0.0510 0.9983 0.0272
vn -0.0480 0.9983 0.0321
vn -0.0447 0.9983 0.0367
vn -0.0409 0.9983 0.0409
vn -0.0367 0.9983 0.0447
vn -0.0321 0.9983 0.0480
vn -0.0272 0.9983 0.0510
vn -0.0221 0.9983 0.0534
vn -0.0168 0.9983 0.0553
vn -0.0113 0.9983 0.0567
vn -0.0057 0.9983 0.0575
vn -0.0000 0.9983 0.0578
vn 0.0057 0.9983 0.0575
vn 0.0113 0.9983 0.0567
vn 0.0168 0.9983 0.0553
vn 0.0221 0.9983 0.0534
vn 0.0272 0.9983 0.0510
vn 0.0321 0.9983 0.0480
vn 0.0367 0.9983 0.0447
vn 0.0409 0.9983 0.0409
vn 0.0447 0.9983 0.0367
vn 0.0480 0.9983 0.0321
vn 0.0510 0.9983 0.0272
vn 0.0534 0.9983 0.0221
vn 0.0553 0.9983 0.0168
vn 0.0567 0.9983 0.0113
vn 0.0575 0.9983 0.0057
vn 0.8083 0.5833 -0.0796
vn 0.8123 0.5833 -0.0000
vn 0.6692 0.7431 -0.0000
vn 0.6660 0.7431 -0.0656
vn 0.7967 0.5833 -0.1585
vn 0.6564 0.7431 -0.1306
vn 0.7773 0.5832 -0.2358
vn 0.6404 0.7431 -0.1943
vn 0.7504 0.5833 -0.3108
vn 0.6183 0.7431 -0.2561
vn 0.7164 0.5832 -0.3829
vn 0.5902 0.7431 -0.3155
vn 0.6754 0.5833 -0.4513
vn 0.5564 0.7431 -0.3718
vn 0.6279 0.5833 -0.5153
vn 0.5173 0.7431 -0.4245
vn 0.5744 0.5832 -0.5744
vn 0.4732 0.7431 -0.4732
vn 0.5153 0.5833 -0.6279
vn 0.4245 0.7431 -0.5173
vn 0.4512 0.5834 -0.6753
vn 0.3718 0.7431 -0.5564
vn 0.3829 0.5832 -0.7164
vn 0.3155 0.7431 -0.5902
vn 0.3108 0.5834 -0.7504
vn 0.2561 0.7431 -0.6183
vn 0.2358 0.5832 -0.7773
vn 0.1943 0.7431 -0.6404
vn 0.1585 0.5833 -0.7966
vn 0.1306 0.7431 -0.6564
vn 0.0796 0.5832 -0.8084
vn 0.0656 0.7431 -0.6660
vn -0.0000 0.5832 -0.8123
vn -0.0000 0.7431 -0.6692
vn -0.0796 0.5832 -0.8084
vn -0.0656 0.7431 -0.6660
vn -0.1585 0.5833 -0.7967
vn -0.1306 0.7431 -0.6564
vn -0.1943 0.7431 -0.6404
vn -0.2358 0.5832 -0.7773
vn -0.3108 0.5833 -0.7504
vn -0.2561 0.7431 -0.6183
vn -0.3829 0.5833 -0.7164
vn -0.3155 0.7431 -0.5902
vn -0.3718 0.7431 -0.5564
vn -0.4513 0.5833 -0.6754
vn -0.5153 0.5833 -0.6279
vn -0.4245 0.7431 -0.5173
vn -0.5744 0.5832 -0.5744
vn -0.4732 0.7431 -0.4732
vn -0.5173 0.7431 -0.4245
vn -0.6279 0.5833 -0.5153
vn -0.5564 0.7431 -0.3718
vn -0.6754 0.5833 -0.4513
vn -0.5902 0.7431 -0.3155
vn -0.7163 0.5833 -0.3829
vn -0.6183 0.7431 -0.2561
vn -0.7505 0.5832 -0.3109
vn -0.6404 0.7431 -0.1943
vn -0.7773 0.5833 -0.2358
vn -0.6564 0.7431 -0.1306
vn -0.7967 0.5832 -0.1585
vn -0.6660 0.7431 -0.0656
vn -0.8084 0.5832 -0.0796
vn -0.6692 0.7431 -0.0000
vn -0.8123 0.5833 -0.0000
vn -0.6660 0.7431 0.0656
vn -0.8084 0.5833 0.0796
vn -0.6564 0.7431 0.1306
vn -0.7967 0.5832 0.1585
vn -0.6404 0.7431 0.1943
vn -0.7773 0.5833 0.2358
vn -0.6183 0.7431 0.2561
vn -0.7504 0.5833 0.3108
vn -0.5902 0.7431 0.3155
vn -0.7164 0.5832 0.3829
vn -0.5564 0.7431 0.3718
vn -0.6754 0.5833 0.4513
vn -0.5173 0.7431 0.4245
vn -0.6279 0.5833 0.5153
vn -0.4732 0.7431 0.4732
vn -0.5744 0.5833 0.5744
vn -0.4245 0.7431 0.5173
vn -0.5153 0.5833 0.6279
vn -0.3718 0.7431 0.5564
vn -0.4513 0.5832 0.6754
vn -0.3155 0.7431 0.5902
vn -0.3829 0.5833 0.7164
vn -0.2561 0.7431 0.6183
vn -0.3108 0.5833 0.7504
vn -0.1943 0.7431 0.6404
vn -0.2358 0.5832 0.7773
vn -0.1306 0.7431 0.6564
vn -0.1585 0.5833 0.7967
vn -0.0656 0.7431 0.6660
vn -0.0796 0.5833 0.8084
vn -0.0000 0.7431 0.6692
vn -0.0000 0.5833 0.8123
vn 0.0656 0.7431 0.6660
vn 0.0796 0.5833 0.8084
vn 0.1306 0.7431 0.6564
vn 0.1585 0.5833 0.7967
vn 0.2358 0.5832 0.7773
vn 0.1943 0.7431 0.6404
vn 0.2561 0.7431 0.6183
vn 0.3109 0.5832 0.7505
vn 0.3155 0.7431 0.5902
vn 0.3829 0.5833 0.7164
vn 0.4513 0.5833 0.6754
vn 0.3718 0.7431 0.5564
vn 0.4245 0.7431 0.5173
vn 0.5153 0.5833 0.6279
vn 0.4732 0.7431 0.4732
vn 0.5744 0.5833 0.5744
vn 0.6279 0.5832 0.5153
vn 0.5173 0.7431 0.4245
vn 0.6754 0.5833 0.4513
vn 0.5564 0.7431 0.3718
vn 0.7164 0.5833 0.3829
vn 0.5902 0.7431 0.3155
vn 0.7504 0.5833 0.3108
vn 0.6183 0.7431 0.2561
vn 0.7773 0.5833 0.2358
vn 0.6404 0.7431 0.1943
vn 0.7967 0.5832 0.1585
vn 0.6564 0.7431 0.1306
vn 0.8084 0.5833 0.0796
vn 0.6660 0.7431 0.0656
vn 0.9613 0.2585 -0.0947
vn 0.9660 0.2586 -0.0000
vn 0.9474 0.2586 -0.1885
vn 0.9244 0.2585 -0.2804
vn 0.8925 0.2585 -0.3697
vn 0.8519 0.2586 -0.4554
vn 0.8032 0.2586 -0.5367
vn 0.7467 0.2586 -0.6128
vn 0.6831 0.2586 -0.6831
vn 0.6128 0.2585 -0.7467
vn 0.5367 0.2585 -0.8032
vn 0.4554 0.2586 -0.8519
vn 0.3697 0.2585 -0.8925
vn 0.2804 0.2586 -0.9244
vn 0.1885 0.2586 -0.9474
vn 0.0947 0.2586 -0.9613
vn -0.0000 0.2586 -0.9660
vn -0.0947 0.2586 -0.9613
vn -0.1885 0.2585 -0.9474
vn -0.2804 0.2586 -0.9244
vn -0.3697 0.2586 -0.8924
vn -0.4554 0.2585 -0.8519
vn -0.5367 0.2586 -0.8032
vn -0.6128 0.2586 -0.7467
vn -0.6831 0.2586 -0.6831
vn -0.7467 0.2586 -0.6128
vn -0.8032 0.2586 -0.5367
vn -0.8519 0.2585 -0.4554
vn -0.8925 0.2586 -0.3697
vn -0.9244 0.2586 -0.2804
vn -0.9474 0.2586 -0.1885
vn -0.9613 0.2585 -0.0947
vn -0.9660 0.2586 -0.0000
vn -0.9614 0.2585 0.0947
vn -0.9474 0.2586 0.1885
vn -0.9244 0.2585 0.2804
vn -0.8925 0.2586 0.3697
vn -0.8519 0.2586 0.4554
vn -0.8032 0.2585 0.5367
vn -0.7467 0.2585 0.6128
vn -0.6831 0.2585 0.6831
vn -0.6128 0.2586 0.7467
vn -0.5367 0.2586 0.8032
vn -0.4554 0.2585 0.8519
vn -0.3697 0.2586 0.8925
vn -0.2804 0.2586 0.9244
vn -0.1885 0.2585 0.9474
vn -0.0947 0.2585 0.9613
vn -0.0000 0.2586 0.9660
vn 0.0947 0.2585 0.9613
vn 0.1885 0.2585 0.9474
vn 0.2804 0.2586 0.9244
vn 0.3697 0.2586 0.8925
vn 0.4554 0.2586 0.8519
vn 0.5367 0.2586 0.8032
vn 0.6128 0.2585 0.7467
vn 0.6831 0.2585 0.6831
vn 0.7467 0.2586 0.6128
vn 0.8032 0.2586 0.5367
vn 0.8519 0.2586 0.4554
vn 0.8925 0.2586 0.3697
vn 0.9244 0.2586 0.2804
vn 0.9474 0.2586 0.1885
vn 0.9614 0.2585 0.0947
vn 0.9932 0.0637 -0.0978
vn 0.9980 0.0636 -0.0000
vn 0.9788 0.0637 -0.1947
vn 0.9550 0.0637 -0.2897
vn 0.9220 0.0636 -0.3819
vn 0.8801 0.0636 -0.4704
vn 0.8298 0.0637 -0.5544
vn 0.7714 0.0636 -0.6331
vn 0.7057 0.0636 -0.7057
vn 0.6331 0.0636 -0.7714
vn 0.5544 0.0636 -0.8298
vn 0.4704 0.0636 -0.8801
vn 0.3819 0.0636 -0.9220
vn 0.2897 0.0636 -0.9550
vn 0.1947 0.0636 -0.9788
vn 0.0978 0.0636 -0.9932
vn -0.0000 0.0636 -0.9980
vn -0.0978 0.0636 -0.9932
vn -0.1947 0.0636 -0.9788
vn -0.2897 0.0636 -0.9550
vn -0.3819 0.0636 -0.9220
vn -0.4704 0.0636 -0.8801
vn -0.5544 0.0637 -0.8298
vn -0.6331 0.0636 -0.7714
vn -0.7057 0.0636 -0.7057
vn -0.7714 0.0636 -0.6331
vn -0.8298 0.0637 -0.5544
vn -0.8801 0.0636 -0.4704
vn -0.9220 0.0637 -0.3819
vn -0.9550 0.0637 -0.2897
vn -0.9788 0.0637 -0.1947
vn -0.9932 0.0637 -0.0978
vn -0.9980 0.0636 -0.0000
vn -0.9932 0.0637 0.0978
vn -0.9788 0.0637 0.1947
vn -0.9550 0.0637 0.2897
vn -0.9220 0.0636 0.3819
vn -0.8801 0.0636 0.4704
vn -0.8298 0.0637 0.5544
vn -0.7714 0.0636 0.6331
vn -0.7057 0.0636 0.7057
vn -0.6331 0.0636 0.7714
vn -0.5544 0.0636 0.8298
vn -0.4704 0.0636 0.8801
vn -0.3819 0.0636 0.9220
vn -0.2897 0.0637 0.9550
vn -0.1947 0.0636 0.9788
vn -0.0978 0.0637 0.9932
vn -0.0000 0.0636 0.9980
vn 0.0978 0.0637 0.9932
vn 0.1947 0.0636 0.9788
vn 0.2897 0.0636 0.9550
vn 0.3819 0.0636 0.9220
vn 0.4704 0.0636 0.8801
vn 0.5544 0.0637 0.8298
vn 0.6331 0.0636 0.7714
vn 0.7057 0.0636 0.7057
vn 0.7714 0.0636 0.6331
vn 0.8298 0.0636 0.5544
vn 0.8801 0.0636 0.4704
vn 0.9220 0.0637 0.3819
vn 0.9550 0.0637 0.2897
vn 0.9788 0.0637 0.1947
vn 0.9932 0.0637 0.0978
vn 0.9951 -0.0125 -0.0980
vn 0.9999 -0.0125 -0.0000
vn 0.9807 -0.0125 -0.1951
vn 0.9569 -0.0125 -0.2903
vn 0.9238 -0.0125 -0.3827
vn 0.8819 -0.0125 -0.4714
vn 0.8314 -0.0125 -0.5555
vn 0.7729 -0.0125 -0.6343
vn 0.7071 -0.0125 -0.7070
vn 0.6343 -0.0125 -0.7729
vn 0.5555 -0.0125 -0.8314
vn 0.4714 -0.0125 -0.8818
vn 0.3827 -0.0125 -0.9238
vn 0.2903 -0.0125 -0.9569
vn 0.1951 -0.0125 -0.9807
vn 0.0980 -0.0125 -0.9951
vn -0.0000 -0.0125 -0.9999
vn -0.0980 -0.0125 -0.9951
vn -0.1951 -0.0125 -0.9807
vn -0.2903 -0.0125 -0.9569
vn -0.3826 -0.0125 -0.9238
vn -0.4714 -0.0125 -0.8819
vn -0.5555 -0.0125 -0.8314
vn -0.6343 -0.0125 -0.7729
vn -0.7071 -0.0125 -0.7070
vn -0.7729 -0.0125 -0.6343
vn -0.8314 -0.0125 -0.5555
vn -0.8819 -0.0125 -0.4714
vn -0.9238 -0.0125 -0.3827
vn -0.9569 -0.0125 -0.2903
vn -0.9807 -0.0125 -0.1951
vn -0.9951 -0.0125 -0.0980
vn -0.9999 -0.0125 -0.0000
vn -0.9951 -0.0125 0.0980
vn -0.9807 -0.0125 0.1951
vn -0.9569 -0.0125 0.2903
vn -0.9238 -0.0125 0.3826
vn -0.8819 -0.0125 0.4714
vn -0.8314 -0.0125 0.5555
vn -0.7730 -0.0125 0.6343
vn -0.7071 -0.0125 0.7071
vn -0.6343 -0.0125 0.7730
vn -0.5555 -0.0125 0.8314
vn -0.4714 -0.0125 0.8818
vn -0.3827 -0.0125 0.9238
vn -0.2903 -0.0125 0.9569
vn -0.1951 -0.0125 0.9807
vn -0.0980 -0.0125 0.9951
vn -0.0000 -0.0125 0.9999
vn 0.0980 -0.0125 0.9951
vn 0.1951 -0.0125 0.9807
vn 0.2903 -0.0125 0.9569
vn 0.3826 -0.0125 0.9238
vn 0.4714 -0.0125 0.8819
vn 0.5555 -0.0125 0.8314
vn 0.6343 -0.0125 0.7729
vn 0.7071 -0.0125 0.7070
vn 0.7730 -0.0125 0.6343
vn 0.8314 -0.0125 0.5555
vn 0.8819 -0.0125 0.4714
vn 0.9238 -0.0125 0.3827
vn 0.9569 -0.0125 0.2903
vn 0.9807 -0.0125 0.1951
vn 0.9951 -0.0125 0.0980
vn 0.9391 -0.3310 -0.0925
vn 0.9436 -0.3310 -0.0000
vn 0.9255 -0.3310 -0.1841
vn 0.9030 -0.3310 -0.2739
vn 0.8719 -0.3306 -0.3612
vn 0.8323 -0.3306 -0.4449
vn 0.7846 -0.3310 -0.5243
vn 0.7294 -0.3310 -0.5986
vn 0.6673 -0.3310 -0.6673
vn 0.5986 -0.3310 -0.7294
vn 0.5243 -0.3310 -0.7846
vn 0.4449 -0.3306 -0.8323
vn 0.3611 -0.3310 -0.8718
vn 0.2739 -0.3310 -0.9030
vn 0.1841 -0.3310 -0.9255
vn 0.0925 -0.3310 -0.9391
vn -0.0000 -0.3306 -0.9438
vn -0.0925 -0.3310 -0.9391
vn -0.1841 -0.3310 -0.9255
vn -0.2739 -0.3310 -0.9030
vn -0.3611 -0.3310 -0.8718
vn -0.4448 -0.3310 -0.8322
vn -0.5243 -0.3310 -0.7846
vn -0.5986 -0.3310 -0.7295
vn -0.6673 -0.3310 -0.6673
vn -0.7294 -0.3310 -0.5986
vn -0.7847 -0.3306 -0.5243
vn -0.8322 -0.3310 -0.4448
vn -0.8719 -0.3306 -0.3612
vn -0.9031 -0.3306 -0.2740
vn -0.9255 -0.3310 -0.1841
vn -0.9391 -0.3310 -0.0925
vn -0.9436 -0.3310 -0.0000
vn -0.9391 -0.3310 0.0925
vn -0.9255 -0.3310 0.1841
vn -0.9030 -0.3310 0.2739
vn -0.8718 -0.3310 0.3611
vn -0.8322 -0.3310 0.4448
vn -0.7846 -0.3310 0.5243
vn -0.7294 -0.3310 0.5986
vn -0.6673 -0.3310 0.6673
vn -0.5987 -0.3306 0.7295
vn -0.5243 -0.3310 0.7846
vn -0.4449 -0.3306 0.8323
vn -0.3612 -0.3306 0.8719
vn -0.2740 -0.3306 0.9031
vn -0.1841 -0.3310 0.9255
vn -0.0925 -0.3310 0.9391
vn -0.0000 -0.3306 0.9438
vn 0.0925 -0.3310 0.9391
vn 0.1841 -0.3310 0.9255
vn 0.2739 -0.3310 0.9030
vn 0.3611 -0.3310 0.8718
vn 0.4449 -0.3306 0.8323
vn 0.5243 -0.3310 0.7846
vn 0.5986 -0.3310 0.7295
vn 0.6674 -0.3305 0.6674
vn 0.7294 -0.3310 0.5986
vn 0.7846 -0.3310 0.5243
vn 0.8322 -0.3310 0.4448
vn 0.8718 -0.3310 0.3611
vn 0.9031 -0.3306 0.2740
vn 0.9256 -0.3306 0.1841
vn 0.9391 -0.3310 0.0925
vn 0.7908 -0.6070 -0.0779
vn 0.7947 -0.6070 -0.0000
vn 0.7794 -0.6070 -0.1550
vn 0.7605 -0.6070 -0.2307
vn 0.7342 -0.6070 -0.3041
vn 0.7008 -0.6070 -0.3746
vn 0.6607 -0.6070 -0.4415
vn 0.6143 -0.6070 -0.5041
vn 0.5619 -0.6070 -0.5619
vn 0.5041 -0.6070 -0.6143
vn 0.4415 -0.6070 -0.6607
vn 0.3746 -0.6070 -0.7008
vn 0.3041 -0.6070 -0.7342
vn 0.2307 -0.6070 -0.7605
vn 0.1550 -0.6070 -0.7794
vn 0.0779 -0.6070 -0.7908
vn -0.0000 -0.6070 -0.7947
vn -0.0779 -0.6070 -0.7908
vn -0.1550 -0.6070 -0.7794
vn -0.2307 -0.6070 -0.7605
vn -0.3041 -0.6070 -0.7342
vn -0.3746 -0.6070 -0.7008
vn -0.4415 -0.6070 -0.6607
vn -0.5041 -0.6070 -0.6143
vn -0.5619 -0.6070 -0.5619
vn -0.6143 -0.6070 -0.5041
vn -0.6607 -0.6070 -0.4415
vn -0.7008 -0.6070 -0.3746
vn -0.7342 -0.6070 -0.3041
vn -0.7605 -0.6070 -0.2307
vn -0.7794 -0.6070 -0.1550
vn -0.7908 -0.6070 -0.0779
vn -0.7947 -0.6070 -0.0000
vn -0.7908 -0.6070 0.0779
vn -0.7794 -0.6070 0.1550
vn -0.7605 -0.6070 0.2307
vn -0.7342 -0.6070 0.3041
vn -0.7008 -0.6070 0.3746
vn -0.6607 -0.6070 0.4415
vn -0.6143 -0.6070 0.5041
vn -0.5619 -0.6070 0.5619
vn -0.5041 -0.6070 0.6143
vn -0.4415 -0.6070 0.6607
vn -0.3746 -0.6070 0.7008
vn -0.3041 -0.6070 0.7342
vn -0.2307 -0.6070 0.7605
vn -0.1550 -0.6070 0.7794
vn -0.0779 -0.6070 0.7908
vn -0.0000 -0.6070 0.7947
vn 0.0779 -0.6070 0.7908
vn 0.1550 -0.6070 0.7794
vn 0.2307 -0.6070 0.7605
vn 0.3041 -0.6070 0.7342
vn 0.3746 -0.6070 0.7008
vn 0.4415 -0.6070 0.6607
vn 0.5041 -0.6070 0.6143
vn 0.5619 -0.6070 0.5619
vn 0.6143 -0.6070 0.5041
vn 0.6607 -0.6070 0.4415
vn 0.7008 -0.6070 0.3746
vn 0.7342 -0.6070 0.3041
vn 0.7605 -0.6070 0.2307
vn 0.7794 -0.6070 0.1550
vn 0.7908 -0.6070 0.0779
vn 0.8737 -0.4787 -0.0861
vn 0.8780 -0.4787 -0.0000
vn 0.8611 -0.4787 -0.1713
vn 0.8402 -0.4787 -0.2549
vn 0.8111 -0.4787 -0.3360
vn 0.7743 -0.4787 -0.4139
vn 0.7300 -0.4787 -0.4878
vn 0.6787 -0.4787 -0.5570
vn 0.6208 -0.4787 -0.6208
vn 0.5570 -0.4787 -0.6787
vn 0.4878 -0.4787 -0.7300
vn 0.4139 -0.4787 -0.7743
vn 0.3360 -0.4787 -0.8111
vn 0.2549 -0.4787 -0.8402
vn 0.1713 -0.4787 -0.8611
vn 0.0861 -0.4787 -0.8737
vn -0.0000 -0.4787 -0.8780
vn -0.0861 -0.4787 -0.8737
vn -0.1713 -0.4787 -0.8611
vn -0.2549 -0.4787 -0.8402
vn -0.3360 -0.4787 -0.8111
vn -0.4139 -0.4787 -0.7743
vn -0.4878 -0.4787 -0.7300
vn -0.5570 -0.4787 -0.6787
vn -0.6208 -0.4787 -0.6208
vn -0.6787 -0.4787 -0.5570
vn -0.7300 -0.4787 -0.4878
vn -0.7743 -0.4787 -0.4139
vn -0.8111 -0.4787 -0.3360
vn -0.8402 -0.4787 -0.2549
vn -0.8611 -0.4787 -0.1713
vn -0.8737 -0.4787 -0.0861
vn -0.8780 -0.4787 -0.0000
vn -0.8737 -0.4787 0.0861
vn -0.8611 -0.4787 0.1713
vn -0.8402 -0.4787 0.2549
vn -0.8111 -0.4787 0.3360
vn -0.7743 -0.4787 0.4139
vn -0.7300 -0.4787 0.4878
vn -0.6787 -0.4787 0.5570
vn -0.6208 -0.4787 0.6208
vn -0.5570 -0.4787 0.6787
vn -0.4878 -0.4787 0.7300
vn -0.4139 -0.4787 0.7743
vn -0.3360 -0.4787 0.8111
vn -0.2549 -0.4787 0.8402
vn -0.1713 -0.4787 0.8611
vn -0.0861 -0.4787 0.8737
vn -0.0000 -0.4787 0.8780
vn 0.0861 -0.4787 0.8737
vn 0.1713 -0.4787 0.8611
vn 0.2549 -0.4787 0.8402
vn 0.3360 -0.4787 0.8111
vn 0.4139 -0.4787 0.7743
vn 0.4878 -0.4787 0.7300
vn 0.5570 -0.4787 0.6787
vn 0.6208 -0.4787 0.6208
vn 0.6787 -0.4787 0.5570
vn 0.7300 -0.4787 0.4878
vn 0.7743 -0.4787 0.4139
vn 0.8111 -0.4787 0.3360
vn 0.8402 -0.4787 0.2549
vn 0.8611 -0.4787 0.1713
vn 0.8737 -0.4787 0.0861
vn 0.9717 -0.2159 -0.0957
vn 0.9764 -0.2159 -0.0000
vn 0.9577 -0.2159 -0.1905
vn 0.9344 -0.2159 -0.2834
vn 0.9021 -0.2159 -0.3737
vn 0.8611 -0.2159 -0.4603
vn 0.8119 -0.2159 -0.5425
vn 0.7548 -0.2159 -0.6194
vn 0.6904 -0.2159 -0.6904
vn 0.6194 -0.2159 -0.7548
vn 0.5425 -0.2159 -0.8119
vn 0.4603 -0.2159 -0.8611
vn 0.3737 -0.2159 -0.9021
vn 0.2834 -0.2159 -0.9344
vn 0.1905 -0.2159 -0.9577
vn 0.0957 -0.2159 -0.9717
vn -0.0000 -0.2159 -0.9764
vn -0.0957 -0.2159 -0.9717
vn -0.1905 -0.2159 -0.9577
vn -0.2834 -0.2159 -0.9344
vn -0.3737 -0.2159 -0.9021
vn -0.4603 -0.2159 -0.8611
vn -0.5425 -0.2159 -0.8119
vn -0.6194 -0.2159 -0.7548
vn -0.6904 -0.2159 -0.6904
vn -0.7548 -0.2159 -0.6194
vn -0.8119 -0.2159 -0.5425
vn -0.8611 -0.2159 -0.4603
vn -0.9021 -0.2159 -0.3737
vn -0.9344 -0.2159 -0.2834
vn -0.9577 -0.2159 -0.1905
vn -0.9717 -0.2159 -0.0957
vn -0.9764 -0.2159 -0.0000
vn -0.9717 -0.2159 0.0957
vn -0.9577 -0.2159 0.1905
vn -0.9344 -0.2159 0.2834
vn -0.9021 -0.2159 0.3737
vn -0.8611 -0.2159 0.4603
vn -0.8119 -0.2159 0.5425
vn -0.7548 -0.2159 0.6194
vn -0.6904 -0.2159 0.6904
vn -0.6194 -0.2159 0.7548
vn -0.5425 -0.2159 0.8119
vn -0.4603 -0.2159 0.8611
vn -0.3737 -0.2159 0.9021
vn -0.2834 -0.2159 0.9344
vn -0.1905 -0.2159 0.9577
vn -0.0957 -0.2159 0.9717
vn -0.0000 -0.2159 0.9764
vn 0.0957 -0.2159 0.9717
vn 0.1905 -0.2159 0.9577
vn 0.2834 -0.2159 0.9344
vn 0.3737 -0.2159 0.9021
vn 0.4603 -0.2159 0.8611
vn 0.5425 -0.2159 0.8119
vn 0.6194 -0.2159 0.7548
vn 0.6904 -0.2159 0.6904
vn 0.7548 -0.2159 0.6194
vn 0.8119 -0.2159 0.5425
vn 0.8611 -0.2159 0.4603
vn 0.9021 -0.2159 0.3737
vn 0.9344 -0.2159 0.2834
vn 0.9577 -0.2159 0.1905
vn 0.9717 -0.2159 0.0957
vn 0.9924 0.0744 -0.0977
vn 0.9972 0.0745 -0.0000
vn 0.9781 0.0744 -0.1946
vn 0.9543 0.0744 -0.2895
vn 0.9213 0.0744 -0.3816
vn 0.8795 0.0745 -0.4701
vn 0.8292 0.0745 -0.5540
vn 0.7709 0.0745 -0.6326
vn 0.7051 0.0745 -0.7051
vn 0.6326 0.0745 -0.7709
vn 0.5540 0.0745 -0.8292
vn 0.4701 0.0744 -0.8795
vn 0.3816 0.0744 -0.9213
vn 0.2895 0.0744 -0.9543
vn 0.1945 0.0744 -0.9781
vn 0.0977 0.0745 -0.9924
vn -0.0000 0.0745 -0.9972
vn -0.0977 0.0744 -0.9924
vn -0.1945 0.0744 -0.9781
vn -0.2895 0.0745 -0.9543
vn -0.3816 0.0744 -0.9213
vn -0.4701 0.0744 -0.8795
vn -0.5540 0.0745 -0.8292
vn -0.6326 0.0745 -0.7709
vn -0.7051 0.0745 -0.7051
vn -0.7709 0.0745 -0.6326
vn -0.8292 0.0745 -0.5540
vn -0.8795 0.0744 -0.4701
vn -0.9213 0.0745 -0.3816
vn -0.9543 0.0745 -0.2895
vn -0.9781 0.0744 -0.1946
vn -0.9924 0.0745 -0.0977
vn -0.9972 0.0745 -0.0000
vn -0.9924 0.0744 0.0977
vn -0.9781 0.0744 0.1946
vn -0.9543 0.0744 0.2895
vn -0.9213 0.0744 0.3816
vn -0.8795 0.0745 0.4701
vn -0.8292 0.0745 0.5540
vn -0.7709 0.0745 0.6326
vn -0.7051 0.0745 0.7051
vn -0.6326 0.0745 0.7709
vn -0.5540 0.0745 0.8292
vn -0.4701 0.0744 0.8795
vn -0.3816 0.0744 0.9213
vn -0.2895 0.0744 0.9543
vn -0.1945 0.0744 0.9781
vn -0.0977 0.0745 0.9924
vn -0.0000 0.0745 0.9972
vn 0.0977 0.0744 0.9924
vn 0.1946 0.0744 0.9781
vn 0.2895 0.0744 0.9543
vn 0.3816 0.0745 0.9213
vn 0.4701 0.0744 0.8795
vn 0.5540 0.0745 0.8292
vn 0.6326 0.0745 0.7709
vn 0.7051 0.0744 0.7051
vn 0.7709 0.0744 0.6326
vn 0.8292 0.0745 0.5540
vn 0.8795 0.0744 0.4701
vn 0.9213 0.0745 0.3816
vn 0.9543 0.0744 0.2895
vn 0.9781 0.0744 0.1946
vn 0.9924 0.0744 0.0977
vn 0.9292 0.3581 -0.0915
vn 0.9337 0.3581 -0.0000
vn 0.9158 0.3581 -0.1822
vn 0.8935 0.3581 -0.2710
vn 0.8626 0.3581 -0.3573
vn 0.8234 0.3581 -0.4401
vn 0.7763 0.3581 -0.5187
vn 0.7218 0.3581 -0.5923
vn 0.6602 0.3581 -0.6602
vn 0.5923 0.3581 -0.7218
vn 0.5187 0.3581 -0.7763
vn 0.4401 0.3581 -0.8234
vn 0.3573 0.3581 -0.8626
vn 0.2710 0.3581 -0.8935
vn 0.1822 0.3581 -0.9158
vn 0.0915 0.3581 -0.9292
vn -0.0000 0.3581 -0.9337
vn -0.0915 0.3581 -0.9292
vn -0.1822 0.3581 -0.9158
vn -0.2710 0.3581 -0.8935
vn -0.3573 0.3581 -0.8626
vn -0.4401 0.3581 -0.8234
vn -0.5187 0.3581 -0.7763
vn -0.5923 0.3581 -0.7218
vn -0.6602 0.3581 -0.6602
vn -0.7218 0.3581 -0.5923
vn -0.7763 0.3581 -0.5187
vn -0.8234 0.3581 -0.4401
vn -0.8626 0.3581 -0.3573
vn -0.8935 0.3581 -0.2710
vn -0.9158 0.3581 -0.1822
vn -0.9292 0.3581 -0.0915
vn -0.9337 0.3581 -0.0000
vn -0.9292 0.3581 0.0915
vn -0.9158 0.3581 0.1822
vn -0.8935 0.3581 0.2710
vn -0.8626 0.3581 0.3573
vn -0.8234 0.3581 0.4401
vn -0.7763 0.3581 0.5187
vn -0.7218 0.3581 0.5923
vn -0.6602 0.3581 0.6602
vn -0.5923 0.3581 0.7218
vn -0.5187 0.3581 0.7763
vn -0.4401 0.3581 0.8234
vn -0.3573 0.3581 0.8626
vn -0.2710 0.3581 0.8935
vn -0.1822 0.3581 0.9158
vn -0.0915 0.3581 0.9292
vn -0.0000 0.3581 0.9337
vn 0.0915 0.3581 0.9292
vn 0.1822 0.3581 0.9158
vn 0.2710 0.3581 0.8935
vn 0.3573 0.3581 0.8626
vn 0.4401 0.3581 0.8234
vn 0.5187 0.3581 0.7763
vn 0.5923 0.3581 0.7218
vn 0.6602 0.3581 0.6602
vn 0.7218 0.3581 0.5923
vn 0.7763 0.3581 0.5187
vn 0.8234 0.3581 0.4401
vn 0.8626 0.3581 0.3573
vn 0.8935 0.3581 0.2710
vn 0.9158 0.3581 0.1822
vn 0.9292 0.3581 0.0915
vn 0.7887 0.6099 -0.0777
vn 0.7925 0.6099 -0.0000
vn 0.7772 0.6099 -0.1546
vn 0.7584 0.6099 -0.2300
vn 0.7322 0.6099 -0.3033
vn 0.6989 0.6099 -0.3736
vn 0.6589 0.6099 -0.4403
vn 0.6126 0.6099 -0.5028
vn 0.5604 0.6099 -0.5604
vn 0.5028 0.6099 -0.6126
vn 0.4403 0.6099 -0.6589
vn 0.3736 0.6099 -0.6989
vn 0.3033 0.6099 -0.7322
vn 0.2300 0.6099 -0.7584
vn 0.1546 0.6099 -0.7773
vn 0.0777 0.6099 -0.7887
vn -0.0000 0.6099 -0.7925
vn -0.0777 0.6099 -0.7887
vn -0.1546 0.6099 -0.7773
vn -0.2300 0.6099 -0.7583
vn -0.3033 0.6099 -0.7322
vn -0.3736 0.6099 -0.6989
vn -0.4403 0.6099 -0.6589
vn -0.5028 0.6099 -0.6126
vn -0.5604 0.6099 -0.5604
vn -0.6126 0.6099 -0.5028
vn -0.6589 0.6099 -0.4403
vn -0.6989 0.6099 -0.3736
vn -0.7322 0.6099 -0.3033
vn -0.7584 0.6099 -0.2300
vn -0.7773 0.6099 -0.1546
vn -0.7887 0.6099 -0.0777
vn -0.7925 0.6099 -0.0000
vn -0.7887 0.6099 0.0777
vn -0.7773 0.6099 0.1546
vn -0.7584 0.6099 0.2300
vn -0.7322 0.6099 0.3033
vn -0.6989 0.6099 0.3736
vn -0.6589 0.6099 0.4403
vn -0.6126 0.6099 0.5027
vn -0.5604 0.6099 0.5604
vn -0.5028 0.6099 0.6126
vn -0.4403 0.6099 0.6589
vn -0.3736 0.6099 0.6989
vn -0.3033 0.6099 0.7322
vn -0.2300 0.6099 0.7584
vn -0.1546 0.6099 0.7772
vn -0.0777 0.6099 0.7887
vn -0.0000 0.6099 0.7925
vn 0.0777 0.6099 0.7887
vn 0.1546 0.6099 0.7773
vn 0.2300 0.6099 0.7584
vn 0.3033 0.6099 0.7322
vn 0.3736 0.6099 0.6989
vn 0.4403 0.6099 0.6589
vn 0.5027 0.6099 0.6126
vn 0.5604 0.6099 0.5604
vn 0.6126 0.6099 0.5027
vn 0.6589 0.6099 0.4403
vn 0.6989 0.6099 0.3736
vn 0.7321 0.6099 0.3033
vn 0.7584 0.6099 0.2300
vn 0.7773 0.6099 0.1546
vn 0.7887 0.6099 0.0777
vn 0.5872 0.8074 -0.0578
vn 0.5901 0.8074 -0.0000
vn 0.5787 0.8074 -0.1151
vn 0.5646 0.8074 -0.1713
vn 0.5451 0.8074 -0.2258
vn 0.5204 0.8074 -0.2781
vn 0.4906 0.8074 -0.3278
vn 0.4561 0.8074 -0.3743
vn 0.4172 0.8074 -0.4172
vn 0.3743 0.8074 -0.4561
vn 0.3278 0.8074 -0.4906
vn 0.2782 0.8074 -0.5204
vn 0.2258 0.8074 -0.5451
vn 0.1713 0.8074 -0.5646
vn 0.1151 0.8074 -0.5787
vn 0.0578 0.8074 -0.5872
vn -0.0000 0.8074 -0.5901
vn -0.0578 0.8074 -0.5872
vn -0.1151 0.8074 -0.5787
vn -0.1713 0.8074 -0.5647
vn -0.2258 0.8074 -0.5451
vn -0.2782 0.8074 -0.5204
vn -0.3278 0.8074 -0.4906
vn -0.3743 0.8074 -0.4561
vn -0.4172 0.8074 -0.4172
vn -0.4561 0.8074 -0.3743
vn -0.4906 0.8074 -0.3278
vn -0.5204 0.8074 -0.2782
vn -0.5451 0.8074 -0.2258
vn -0.5647 0.8074 -0.1713
vn -0.5787 0.8074 -0.1151
vn -0.5872 0.8074 -0.0578
vn -0.5901 0.8074 -0.0000
vn -0.5872 0.8074 0.0578
vn -0.5787 0.8074 0.1151
vn -0.5646 0.8074 0.1713
vn -0.5451 0.8074 0.2258
vn -0.5204 0.8074 0.2782
vn -0.4906 0.8074 0.3278
vn -0.4561 0.8074 0.3743
vn -0.4172 0.8074 0.4172
vn -0.3743 0.8074 0.4561
vn -0.3278 0.8074 0.4906
vn -0.2782 0.8074 0.5204
vn -0.2258 0.8074 0.5451
vn -0.1713 0.8074 0.5647
vn -0.1151 0.8074 0.5787
vn -0.0578 0.8074 0.5872
vn -0.0000 0.8074 0.5901
vn 0.0578 0.8074 0.5872
vn 0.1151 0.8074 0.5787
vn 0.1713 0.8074 0.5647
vn 0.2258 0.8074 0.5451
vn 0.2782 0.8074 0.5204
vn 0.3278 0.8074 0.4906
vn 0.3743 0.8074 0.4561
vn 0.4172 0.8074 0.4172
vn 0.4561 0.8074 0.3743
vn 0.4906 0.8074 0.3278
vn 0.5204 0.8074 0.2782
vn 0.5451 0.8074 0.2258
vn 0.5647 0.8074 0.1713
vn 0.5787 0.8074 0.1151
vn 0.5872 0.8074 0.0578
vn 0.3621 0.9315 -0.0357
vn 0.3638 0.9315 -0.0000
vn 0.3568 0.9315 -0.0710
vn 0.3481 0.9315 -0.1056
vn 0.3361 0.9315 -0.1392
vn 0.3209 0.9315 -0.1715
vn 0.3025 0.9315 -0.2021
vn 0.2812 0.9315 -0.2308
vn 0.2573 0.9315 -0.2573
vn 0.2308 0.9315 -0.2812
vn 0.2021 0.9315 -0.3025
vn 0.1715 0.9315 -0.3209
vn 0.1392 0.9315 -0.3361
vn 0.1056 0.9315 -0.3481
vn 0.0710 0.9315 -0.3568
vn 0.0357 0.9315 -0.3621
vn -0.0000 0.9315 -0.3638
vn -0.0357 0.9315 -0.3621
vn -0.0710 0.9315 -0.3568
vn -0.1056 0.9315 -0.3481
vn -0.1392 0.9315 -0.3361
vn -0.1715 0.9315 -0.3209
vn -0.2021 0.9315 -0.3025
vn -0.2308 0.9315 -0.2812
vn -0.2573 0.9315 -0.2573
vn -0.2812 0.9315 -0.2308
vn -0.3025 0.9315 -0.2021
vn -0.3209 0.9315 -0.1715
vn -0.3361 0.9315 -0.1392
vn -0.3481 0.9315 -0.1056
vn -0.3568 0.9315 -0.0710
vn -0.3621 0.9315 -0.0357
vn -0.3638 0.9315 -0.0000
vn -0.3621 0.9315 0.0357
vn -0.3568 0.9315 0.0710
vn -0.3481 0.9315 0.1056
vn -0.3361 0.9315 0.1392
vn -0.3209 0.9315 0.1715
vn -0.3025 0.9315 0.2021
vn -0.2812 0.9315 0.2308
vn -0.2573 0.9315 0.2573
vn -0.2308 0.9315 0.2812
vn -0.2021 0.9315 0.3025
vn -0.1715 0.9315 0.3208
vn -0.1392 0.9315 0.3361
vn -0.1056 0.9315 0.3481
vn -0.0710 0.9315 0.3568
vn -0.0357 0.9315 0.3621
vn -0.0000 0.9315 0.3638
vn 0.0357 0.9315 0.3621
vn 0.0710 0.9315 0.3568
vn 0.1056 0.9315 0.3481
vn 0.1392 0.9315 0.3361
vn 0.1715 0.9315 0.3209
vn 0.2021 0.9315 0.3025
vn 0.2308 0.9315 0.2812
vn 0.2573 0.9315 0.2573
vn 0.2812 0.9315 0.2308
vn 0.3025 0.9315 0.2021
vn 0.3209 0.9315 0.1715
vn 0.3361 0.9315 0.1392
vn 0.3481 0.9315 0.1056
vn 0.3568 0.9315 0.0710
vn 0.3621 0.9315 0.0357
vn -0.0000 1.0000 -0.0000
vn 0.3646 0.3037 0.8803
vn 0.3780 0.1564 0.9125
vn 0.3200 0.5484 0.7726
vn 0.3543 0.3782 0.8553
vn 0.3410 0.4540 0.8232
vn 0.2288 0.8015 0.5525
vn 0.2877 0.6595 0.6945
vn 0.1071 0.9600 0.2586
vn 0.1737 0.8910 0.4194
vn 0.0598 0.9877 0.1445
vn 0.0599 0.9877 0.1445
vn -0.0598 0.9877 -0.1445
vn -0.0599 0.9877 -0.1445
vn -0.0785 0.9787 -0.1895
vn -0.1071 0.9600 -0.2586
vn -0.1737 0.8910 -0.4194
vn -0.2224 0.8138 -0.5368
vn -0.2876 0.6596 -0.6944
vn -0.2706 0.7071 -0.6533
vn -0.3410 0.4540 -0.8232
vn -0.3558 0.3681 -0.8590
vn -0.3266 0.5214 -0.7884
vn -0.3780 0.1564 -0.9125
vn 0.8803 0.3037 0.3646
vn 0.9125 0.1564 0.3780
vn 0.7726 0.5484 0.3200
vn 0.8553 0.3781 0.3543
vn 0.8232 0.4540 0.3410
vn 0.5525 0.8015 0.2288
vn 0.6945 0.6595 0.2877
vn 0.4194 0.8910 0.1737
vn 0.2586 0.9600 0.1071
vn 0.1445 0.9877 0.0599
vn -0.0482 0.9986 -0.0200
vn -0.1445 0.9877 -0.0599
vn -0.1895 0.9787 -0.0785
vn -0.2586 0.9600 -0.1071
vn -0.4194 0.8910 -0.1737
vn -0.5368 0.8139 -0.2224
vn -0.6944 0.6596 -0.2876
vn -0.6533 0.7071 -0.2706
vn -0.8232 0.4540 -0.3410
vn -0.8590 0.3681 -0.3558
vn -0.7884 0.5214 -0.3266
vn -0.9125 0.1564 -0.3780
vn 0.9125 0.1564 -0.3780
vn 0.8706 0.3348 -0.3606
vn 0.8232 0.4540 -0.3410
vn 0.7945 0.5103 -0.3291
vn 0.6944 0.6596 -0.2876
vn 0.5368 0.8138 -0.2224
vn 0.6533 0.7071 -0.2706
vn 0.4194 0.8910 -0.1737
vn 0.2586 0.9600 -0.1071
vn 0.1895 0.9787 -0.0785
vn 0.0482 0.9986 -0.0199
vn 0.1445 0.9877 -0.0599
vn -0.2576 0.9603 0.1067
vn -0.1445 0.9877 0.0599
vn -0.4194 0.8910 0.1737
vn -0.5300 0.8191 0.2195
vn -0.4197 0.8909 0.1737
vn -0.6018 0.7588 0.2493
vn -0.7289 0.6145 0.3019
vn -0.6533 0.7071 0.2706
vn -0.7638 0.5626 0.3164
vn -0.8232 0.4540 0.3410
vn -0.8515 0.3880 0.3527
vn -0.9125 0.1564 0.3780
vn 0.3780 0.1564 -0.9125
vn 0.3606 0.3348 -0.8706
vn 0.3410 0.4540 -0.8232
vn 0.3291 0.5103 -0.7945
vn 0.2706 0.7071 -0.6533
vn 0.2920 0.6463 -0.7050
vn 0.2438 0.7707 -0.5887
vn 0.1737 0.8910 -0.4194
vn 0.1267 0.9436 -0.3059
vn 0.1736 0.8911 -0.4194
vn 0.0785 0.9787 -0.1895
vn -0.1067 0.9603 0.2576
vn -0.0982 0.9665 0.2371
vn -0.0200 0.9986 0.0482
vn -0.1737 0.8910 0.4194
vn -0.2195 0.8191 0.5300
vn -0.1736 0.8911 0.4194
vn -0.2493 0.7588 0.6018
vn -0.3019 0.6145 0.7289
vn -0.2706 0.7071 0.6533
vn -0.3410 0.4540 0.8232
vn -0.3560 0.3670 0.8594
vn -0.3164 0.5626 0.7638
vn -0.3780 0.1564 0.9125
vn -0.3708 0.2470 -0.8952
vn -0.3502 0.4033 -0.8454
vn -0.3034 0.6094 -0.7325
vn -0.1271 0.9432 -0.3068
vn 0.0200 0.9986 0.0482
vn 0.1067 0.9603 0.2576
vn 0.0982 0.9665 0.2371
vn 0.2195 0.8191 0.5300
vn 0.1736 0.8911 0.4194
vn 0.2493 0.7588 0.6018
vn 0.3019 0.6145 0.7289
vn 0.2706 0.7071 0.6533
vn 0.3164 0.5626 0.7638
vn 0.3570 0.3600 0.8620
vn -0.8952 0.2470 -0.3708
vn -0.8454 0.4033 -0.3502
vn -0.7459 0.5900 -0.3090
vn -0.5887 0.7707 -0.2439
vn -0.4196 0.8909 -0.1737
vn -0.2371 0.9665 -0.0982
vn 0.0482 0.9986 0.0200
vn 0.1895 0.9787 0.0785
vn 0.4795 0.8548 0.1986
vn 0.6533 0.7071 0.2706
vn 0.5902 0.7693 0.2445
vn 0.7459 0.5900 0.3090
vn 0.8620 0.3600 0.3570
vn -0.8645 0.3528 0.3581
vn -0.7945 0.5103 0.3291
vn -0.7050 0.6463 0.2920
vn -0.5887 0.7707 0.2438
vn -0.4198 0.8908 0.1737
vn -0.0482 0.9986 0.0200
vn -0.2371 0.9665 0.0982
vn 0.5368 0.8139 -0.2224
vn 0.8553 0.3781 -0.3543
vn 0.8797 0.3055 -0.3644
vn -0.3646 0.3037 0.8803
vn -0.3200 0.5484 0.7726
vn -0.3543 0.3782 0.8553
vn -0.2288 0.8015 0.5524
vn -0.2877 0.6595 0.6945
vn -0.1271 0.9432 0.3068
vn 0.0200 0.9986 -0.0482
vn -0.0598 0.9877 0.1445
vn -0.0785 0.9787 0.1895
vn 0.1071 0.9600 -0.2586
vn 0.0599 0.9877 -0.1445
vn 0.1986 0.8548 -0.4795
vn 0.2445 0.7693 -0.5902
vn 0.3543 0.3782 -0.8553
vn 0.3644 0.3055 -0.8797
vn 0.9338 -0.1305 -0.3333
vn 0.9697 -0.0275 -0.2429
vn 0.8659 -0.1306 -0.4829
vn 0.4829 -0.1306 -0.8659
vn 0.5129 -0.0673 -0.8558
vn 0.2429 -0.0274 -0.9697
vn -0.2708 -0.1306 -0.9537
vn -0.2424 -0.0673 -0.9678
vn -0.4246 -0.1305 -0.8959
vn -0.5139 -0.0274 -0.8574
vn -0.8659 -0.1306 -0.4829
vn -0.8558 -0.0673 -0.5129
vn -0.8962 -0.1305 -0.4239
vn -0.9697 -0.0274 -0.2429
vn -0.9678 -0.0673 0.2424
vn -0.9341 -0.1305 0.3322
vn -0.9215 -0.1306 0.3659
vn -0.8558 -0.0673 0.5129
vn -0.4246 -0.1305 0.8959
vn -0.3322 -0.1305 0.9341
vn -0.2424 -0.0673 0.9678
vn 0.2429 -0.0274 0.9697
vn 0.4631 -0.1307 0.8766
vn 0.8959 -0.1305 0.4246
vn 0.8574 -0.0274 0.5139
vn 0.9537 -0.1306 0.2708
vn 0.5140 -0.0000 -0.8578
vn -0.8578 -0.0000 -0.5140
vn -0.9700 -0.0000 0.2429
vn -0.5141 -0.0000 0.8577
vn -0.5140 -0.0000 0.8578
vn 0.8578 -0.0000 0.5140
vn -0.8127 0.5587 0.1656
vn -0.8026 0.5584 0.2098
vn -0.7159 0.5584 0.4192
vn -0.6918 0.5587 0.4576
vn -0.4878 0.5584 0.6710
vn -0.4192 0.5584 0.7159
vn -0.2098 0.5584 0.8026
vn -0.1656 0.5587 0.8127
vn 0.1295 0.5584 0.8194
vn 0.2098 0.5584 0.8026
vn 0.3547 0.5582 0.7501
vn 0.4192 0.5584 0.7159
vn 0.6710 0.5584 0.4878
vn 0.7117 0.5582 0.4265
vn 0.7268 0.5587 0.3996
vn 0.2121 0.9772 -0.0000
vn 0.0787 0.9969 -0.0000
vn 0.8026 0.5584 0.2098
vn 0.8127 0.5587 0.1656
vn 0.8194 0.5584 -0.1295
vn 0.8048 0.5583 -0.2016
vn 0.7965 0.5587 -0.2313
vn 0.7117 0.5582 -0.4265
vn 0.4576 0.5587 -0.6918
vn 0.4266 0.5582 -0.7116
vn 0.3996 0.5587 -0.7268
vn 0.3547 0.5582 -0.7500
vn 0.2313 0.5587 -0.7965
vn 0.2015 0.5582 -0.8049
vn 0.1296 0.5584 -0.8194
vn -0.1656 0.5587 -0.8127
vn -0.2313 0.5587 -0.7965
vn -0.2795 0.5583 -0.7812
vn -0.3996 0.5587 -0.7268
vn -0.4266 0.5582 -0.7116
vn -0.4878 0.5584 -0.6710
vn -0.6917 0.5587 -0.4576
vn -0.7268 0.5587 -0.3997
vn -0.7500 0.5582 -0.3547
vn -0.8026 0.5584 -0.2098
vn -0.8194 0.5584 -0.1295
vn 0.3780 0.1568 0.9124
vn 0.2363 0.7866 0.5705
vn 0.2708 0.7070 0.6533
vn 0.0922 0.9705 0.2226
vn 0.1721 0.8910 0.4201
vn -0.2363 0.7866 -0.5705
vn -0.1757 0.8910 -0.4186
vn -0.3658 0.2937 -0.8831
vn 0.9125 0.1565 0.3780
vn 0.9124 0.1573 0.3779
vn 0.5705 0.7866 0.2363
vn 0.2226 0.9705 0.0922
vn 0.4192 0.8910 0.1742
vn 0.3792 0.5303 -0.7583
vn -0.5705 0.7866 -0.2363
vn -0.4189 0.8910 -0.1750
vn -0.8831 0.2937 -0.3658
vn 0.8609 0.3628 -0.3566
vn 0.9125 0.1565 -0.3780
vn 0.5705 0.7866 -0.2363
vn 0.4202 0.8910 -0.1718
vn -0.2841 0.9515 0.1177
vn -0.0000 0.9398 0.3416
vn -0.8831 0.2937 0.3658
vn -0.9125 0.1564 0.3779
vn 0.3566 0.3628 -0.8609
vn 0.3779 0.1573 -0.9124
vn -0.4060 -0.9139 -0.0001
vn -0.4060 -0.9139 0.0001
vn -0.3658 0.2937 0.8831
vn -0.3780 0.1565 0.9125
vn -0.3780 0.1565 -0.9125
vn -0.3780 0.1567 -0.9125
vn -0.3779 0.1564 -0.9125
vn -0.3214 0.5428 -0.7759
vn -0.1738 0.8910 -0.4194
vn 0.8926 0.2754 -0.3570
vn 0.3658 0.2937 0.8831
vn -0.9125 0.1570 -0.3779
vn -0.7759 0.5428 -0.3214
vn -0.3059 0.9436 -0.1267
vn -0.0001 -0.9139 0.4060
vn 0.0001 -0.9139 0.4060
vn 0.4202 0.8910 0.1718
vn 0.7759 0.5428 0.3214
vn 0.8831 0.2937 0.3658
vn -0.9124 0.1569 0.3780
vn -0.8358 0.4262 0.3462
vn 0.2226 0.9705 -0.0922
vn 0.3791 0.5303 0.7584
vn 0.3792 0.5303 0.7583
vn 0.3791 0.5303 0.7583
vn 0.4192 0.8910 -0.1742
vn -0.3780 0.1561 0.9126
vn -0.2363 0.7866 0.5705
vn -0.2709 0.7070 0.6533
vn -0.1735 0.8910 0.4195
vn 0.1738 0.8910 -0.4194
vn 0.7071 0.7071 -0.0000
vn 0.7037 0.7071 -0.0693
vn 0.6935 0.7071 -0.1379
vn 0.6767 0.7071 -0.2053
vn 0.6236 0.7071 -0.3333
vn 0.5879 0.7071 -0.3928
vn 0.5466 0.7071 -0.4486
vn 0.5000 0.7071 -0.5000
vn 0.4486 0.7071 -0.5466
vn 0.3928 0.7071 -0.5879
vn 0.3333 0.7071 -0.6236
vn 0.2053 0.7071 -0.6767
vn 0.1379 0.7071 -0.6935
vn 0.0693 0.7071 -0.7037
vn -0.0000 0.7071 -0.7071
vn -0.0693 0.7071 -0.7037
vn -0.1379 0.7071 -0.6935
vn -0.2053 0.7071 -0.6767
vn -0.3333 0.7071 -0.6236
vn -0.3928 0.7071 -0.5879
vn -0.4486 0.7071 -0.5466
vn -0.5000 0.7071 -0.5000
vn -0.5466 0.7071 -0.4486
vn -0.5879 0.7071 -0.3928
vn -0.6236 0.7071 -0.3333
vn -0.6767 0.7071 -0.2053
vn -0.6935 0.7071 -0.1379
vn -0.7037 0.7071 -0.0693
vn -0.7071 0.7071 -0.0000
vn -0.7037 0.7071 0.0693
vn -0.6935 0.7071 0.1379
vn -0.6767 0.7071 0.2053
vn -0.6236 0.7071 0.3333
vn -0.5879 0.7071 0.3928
vn -0.5466 0.7071 0.4486
vn -0.5000 0.7071 0.5000
vn -0.4486 0.7071 0.5466
vn -0.3928 0.7071 0.5879
vn -0.3333 0.7071 0.6236
vn -0.2053 0.7071 0.6767
vn -0.1379 0.7071 0.6935
vn -0.0693 0.7071 0.7037
vn -0.0000 0.7071 0.7071
vn 0.0693 0.7071 0.7037
vn 0.1379 0.7071 0.6935
vn 0.2053 0.7071 0.6767
vn 0.3333 0.7071 0.6236
vn 0.3928 0.7071 0.5879
vn 0.4486 0.7071 0.5466
vn 0.5000 0.7071 0.5000
vn 0.5466 0.7071 0.4486
vn 0.5879 0.7071 0.3928
vn 0.6236 0.7071 0.3333
vn 0.6767 0.7071 0.2053
vn 0.6935 0.7071 0.1379
vn 0.7037 0.7071 0.0693
vn 0.2500 -0.9511 -0.1816
vn 0.3090 -0.9511 -0.0000
vn 0.0955 -0.9511 -0.2939
vn -0.0955 -0.9511 -0.2939
vn -0.2500 -0.9511 -0.1816
vn -0.3090 -0.9511 -0.0000
vn -0.2500 -0.9511 0.1816
vn -0.0955 -0.9511 0.2939
vn 0.0955 -0.9511 0.2939
vn 0.2500 -0.9511 0.1816
vn 0.8090 -0.5878 -0.0000
vn 0.6545 -0.5878 -0.4755
vn 0.2500 -0.5878 -0.7694
vn -0.2500 -0.5878 -0.7694
vn -0.6545 -0.5878 -0.4755
vn -0.8090 -0.5878 -0.0000
vn -0.6545 -0.5878 0.4755
vn -0.2500 -0.5878 0.7694
vn 0.2500 -0.5878 0.7694
vn 0.6545 -0.5878 0.4755
vn 0.9511 -0.0000 -0.3090
vn 0.5878 -0.0000 -0.8090
vn -0.5878 -0.0000 -0.8090
vn -0.9511 -0.0000 -0.3090
vn -0.9511 -0.0000 0.3090
vn -0.5878 -0.0000 0.8090
vn 0.5878 -0.0000 0.8090
vn 0.9511 -0.0000 0.3090
vn 0.8090 0.5878 -0.0000
vn 0.6545 0.5878 -0.4755
vn 0.2500 0.5878 -0.7694
vn -0.2500 0.5878 -0.7694
vn -0.6545 0.5878 -0.4755
vn -0.8090 0.5878 -0.0000
vn -0.6545 0.5878 0.4755
vn -0.2500 0.5878 0.7694
vn 0.2500 0.5878 0.7694
vn 0.6545 0.5878 0.4755
vn 0.3090 0.9511 -0.0000
vn 0.2500 0.9511 -0.1816
vn 0.0955 0.9511 -0.2939
vn -0.0955 0.9511 -0.2939
vn -0.2500 0.9511 -0.1816
vn -0.3090 0.9511 -0.0000
vn -0.2500 0.9511 0.1816
vn -0.0955 0.9511 0.2939
vn 0.0955 0.9511 0.2939
vn 0.2500 0.9511 0.1816
vn 0.5000 -0.8660 -0.0000
vn 0.4976 -0.8660 -0.0490
vn 0.4904 -0.8660 -0.0975
vn 0.4785 -0.8660 -0.1451
vn 0.4619 -0.8660 -0.1913
vn 0.4410 -0.8660 -0.2357
vn 0.4157 -0.8660 -0.2778
vn 0.3865 -0.8660 -0.3172
vn 0.3536 -0.8660 -0.3536
vn 0.3172 -0.8660 -0.3865
vn 0.2778 -0.8660 -0.4157
vn 0.2357 -0.8660 -0.4410
vn 0.1913 -0.8660 -0.4619
vn 0.1451 -0.8660 -0.4785
vn 0.0975 -0.8660 -0.4904
vn 0.0490 -0.8660 -0.4976
vn -0.0000 -0.8660 -0.5000
vn -0.0490 -0.8660 -0.4976
vn -0.0975 -0.8660 -0.4904
vn -0.1451 -0.8660 -0.4785
vn -0.1913 -0.8660 -0.4619
vn -0.2357 -0.8660 -0.4410
vn -0.2778 -0.8660 -0.4157
vn -0.3172 -0.8660 -0.3865
vn -0.3536 -0.8660 -0.3536
vn -0.3865 -0.8660 -0.3172
vn -0.4157 -0.8660 -0.2778
vn -0.4410 -0.8660 -0.2357
vn -0.4619 -0.8660 -0.1913
vn -0.4785 -0.8660 -0.1451
vn -0.4904 -0.8660 -0.0975
vn -0.4976 -0.8660 -0.0490
vn -0.5000 -0.8660 -0.0000
vn -0.4976 -0.8660 0.0490
vn -0.4904 -0.8660 0.0975
vn -0.4785 -0.8660 0.1451
vn -0.4619 -0.8660 0.1913
vn -0.4410 -0.8660 0.2357
vn -0.4157 -0.8660 0.2778
vn -0.3865 -0.8660 0.3172
vn -0.3536 -0.8660 0.3536
vn -0.3172 -0.8660 0.3865
vn -0.2778 -0.8660 0.4157
vn -0.2357 -0.8660 0.4410
vn -0.1913 -0.8660 0.4619
vn -0.1451 -0.8660 0.4785
vn -0.0975 -0.8660 0.4904
vn -0.0490 -0.8660 0.4976
vn -0.0000 -0.8660 0.5000
vn 0.0490 -0.8660 0.4976
vn 0.0975 -0.8660 0.4904
vn 0.1451 -0.8660 0.4785
vn 0.1913 -0.8660 0.4619
vn 0.2357 -0.8660 0.4410
vn 0.2778 -0.8660 0.4157
vn 0.3172 -0.8660 0.3865
vn 0.3536 -0.8660 0.3536
vn 0.3865 -0.8660 0.3172
vn 0.4157 -0.8660 0.2778
vn 0.4410 -0.8660 0.2357
vn 0.4619 -0.8660 0.1913
vn 0.4785 -0.8660 0.1451
vn 0.4904 -0.8660 0.0975
vn 0.4976 -0.8660 0.0490
vn 0.5000 0.8660 -0.0000
vn 0.4976 0.8660 -0.0490
vn 0.4904 0.8660 -0.0975
vn 0.4785 0.8660 -0.1451
vn 0.4619 0.8660 -0.1913
vn 0.4410 0.8660 -0.2357
vn 0.4157 0.8660 -0.2778
vn 0.3865 0.8660 -0.3172
vn 0.3536 0.8660 -0.3536
vn 0.3172 0.8660 -0.3865
vn 0.2778 0.8660 -0.4157
vn 0.2357 0.8660 -0.4410
vn 0.1913 0.8660 -0.4619
vn 0.1451 0.8660 -0.4785
vn 0.0975 0.8660 -0.4904
vn 0.0490 0.8660 -0.4976
vn -0.0000 0.8660 -0.5000
vn -0.0490 0.8660 -0.4976
vn -0.0975 0.8660 -0.4904
vn -0.1451 0.8660 -0.4785
vn -0.1913 0.8660 -0.4619
vn -0.2357 0.8660 -0.4410
vn -0.2778 0.8660 -0.4157
vn -0.3172 0.8660 -0.3865
vn -0.3536 0.8660 -0.3536
vn -0.3865 0.8660 -0.3172
vn -0.4157 0.8660 -0.2778
vn -0.4410 0.8660 -0.2357
vn -0.4619 0.8660 -0.1913
vn -0.4785 0.8660 -0.1451
vn -0.4904 0.8660 -0.0975
vn -0.4976 0.8660 -0.0490
vn -0.5000 0.8660 -0.0000
vn -0.4976 0.8660 0.0490
vn -0.4904 0.8660 0.0975
vn -0.4785 0.8660 0.1451
vn -0.4619 0.8660 0.1913
vn -0.4410 0.8660 0.2357
vn -0.4157 0.8660 0.2778
vn -0.3865 0.8660 0.3172
vn -0.3536 0.8660 0.3536
vn -0.3172 0.8660 0.3865
vn -0.2778 0.8660 0.4157
vn -0.2357 0.8660 0.4410
vn -0.1913 0.8660 0.4619
vn -0.1451 0.8660 0.4785
vn -0.0975 0.8660 0.4904
vn -0.0490 0.8660 0.4976
vn -0.0000 0.8660 0.5000
vn 0.0490 0.8660 0.4976
vn 0.0975 0.8660 0.4904
vn 0.1451 0.8660 0.4785
vn 0.1913 0.8660 0.4619
vn 0.2357 0.8660 0.4410
vn 0.2778 0.8660 0.4157
vn 0.3172 0.8660 0.3865
vn 0.3536 0.8660 0.3536
vn 0.3865 0.8660 0.3172
vn 0.4157 0.8660 0.2778
vn 0.4410 0.8660 0.2357
vn 0.4619 0.8660 0.1913
vn 0.4785 0.8660 0.1451
vn 0.4904 0.8660 0.0975
vn 0.4976 0.8660 0.0490
vn 0.1379 -0.7071 -0.6935
vn -0.1379 -0.7071 0.6935
vt 0.281250 0.926111
vt 0.296875 0.926111
vt 0.296875 0.927667
vt 0.281250 0.927667
vt 0.023438 0.000000
vt 0.031250 0.248400
vt 0.015625 0.248400
vt 0.039062 0.000000
vt 0.046875 0.248400
vt 0.054688 0.000000
vt 0.062500 0.248400
vt 0.070312 0.000000
vt 0.078125 0.248400
vt 0.085938 0.000000
vt 0.093750 0.248400
vt 0.101562 0.000000
vt 0.109375 0.248400
vt 0.117188 0.000000
vt 0.125000 0.248400
vt 0.132812 0.000000
vt 0.140625 0.248400
vt 0.148438 0.000000
vt 0.156250 0.248400
vt 0.164062 0.000000
vt 0.171875 0.248400
vt 0.179688 0.000000
vt 0.187500 0.248400
vt 0.195312 0.000000
vt 0.203125 0.248400
vt 0.210938 0.000000
vt 0.218750 0.248400
vt 0.226562 0.000000
vt 0.234375 0.248400
vt 0.242188 0.000000
vt 0.250000 0.248400
vt 0.265625 0.248400
vt 0.257812 0.000000
vt 0.281250 0.248400
vt 0.273438 0.000000
vt 0.296875 0.248400
vt 0.289062 0.000000
vt 0.312500 0.248400
vt 0.304688 0.000000
vt 0.328125 0.248400
vt 0.320312 0.000000
vt 0.343750 0.248400
vt 0.335938 0.000000
vt 0.359375 0.248400
vt 0.351562 0.000000
vt 0.375000 0.248400
vt 0.367188 0.000000
vt 0.390625 0.248400
vt 0.382812 0.000000
vt 0.406250 0.248400
vt 0.398438 0.000000
vt 0.421875 0.248400
vt 0.414062 0.000000
vt 0.437500 0.248400
vt 0.429688 0.000000
vt 0.453125 0.248400
vt 0.445312 0.000000
vt 0.468750 0.248400
vt 0.460938 0.000000
vt 0.484375 0.248400
vt 0.476562 0.000000
vt 0.500000 0.248400
vt 0.492188 0.000000
vt 0.515625 0.248400
vt 0.507812 0.000000
vt 0.531250 0.248400
vt 0.523438 0.000000
vt 0.546875 0.248400
vt 0.539062 0.000000
vt 0.554688 0.000000
vt 0.562500 0.248400
vt 0.578125 0.248400
vt 0.570312 0.000000
vt 0.593750 0.248400
vt 0.585938 0.000000
vt 0.601562 0.000000
vt 0.609375 0.248400
vt 0.625000 0.248400
vt 0.617188 0.000000
vt 0.632812 0.000000
vt 0.640625 0.248400
vt 0.656250 0.248400
vt 0.648438 0.000000
vt 0.664062 0.000000
vt 0.671875 0.248400
vt 0.679688 0.000000
vt 0.687500 0.248400
vt 0.703125 0.248400
vt 0.695312 0.000000
vt 0.710938 0.000000
vt 0.718750 0.248400
vt 0.726562 0.000000
vt 0.734375 0.248400
vt 0.742188 0.000000
vt 0.750000 0.248400
vt 0.757812 0.000000
vt 0.765625 0.248400
vt 0.773438 0.000000
vt 0.781250 0.248400
vt 0.789062 0.000000
vt 0.796875 0.248400
vt 0.804688 0.000000
vt 0.812500 0.248400
vt 0.820312 0.000000
vt 0.828125 0.248400
vt 0.835938 0.000000
vt 0.843750 0.248400
vt 0.851562 0.000000
vt 0.859375 0.248400
vt 0.867188 0.000000
vt 0.875000 0.248400
vt 0.882812 0.000000
vt 0.890625 0.248400
vt 0.898438 0.000000
vt 0.906250 0.248400
vt 0.914062 0.000000
vt 0.921875 0.248400
vt 0.929688 0.000000
vt 0.937500 0.248400
vt 0.945312 0.000000
vt 0.953125 0.248400
vt 0.960938 0.000000
vt 0.968750 0.248400
vt 0.976562 0.000000
vt 0.984375 0.248400
vt 0.992188 0.000000
vt 1.000000 0.248400
vt 0.000000 0.248400
vt 0.015625 0.268489
vt 0.000000 0.268489
vt 0.031250 0.268489
vt 0.046875 0.268489
vt 0.062500 0.268489
vt 0.078125 0.268489
vt 0.093750 0.268489
vt 0.109375 0.268489
vt 0.125000 0.268489
vt 0.140625 0.268489
vt 0.156250 0.268489
vt 0.171875 0.268489
vt 0.187500 0.268489
vt 0.203125 0.268489
vt 0.218750 0.268489
vt 0.234375 0.268489
vt 0.250000 0.268489
vt 0.265625 0.268489
vt 0.281250 0.268489
vt 0.296875 0.268489
vt 0.312500 0.268489
vt 0.328125 0.268489
vt 0.343750 0.268489
vt 0.359375 0.268489
vt 0.375000 0.268489
vt 0.390625 0.268489
vt 0.406250 0.268489
vt 0.421875 0.268489
vt 0.437500 0.268489
vt 0.453125 0.268489
vt 0.468750 0.268489
vt 0.484375 0.268489
vt 0.500000 0.268489
vt 0.515625 0.268489
vt 0.531250 0.268489
vt 0.546875 0.268489
vt 0.562500 0.268489
vt 0.578125 0.268489
vt 0.593750 0.268489
vt 0.609375 0.268489
vt 0.625000 0.268489
vt 0.640625 0.268489
vt 0.656250 0.268489
vt 0.671875 0.268489
vt 0.687500 0.268489
vt 0.703125 0.268489
vt 0.718750 0.268489
vt 0.734375 0.268489
vt 0.750000 0.268489
vt 0.765625 0.268489
vt 0.781250 0.268489
vt 0.796875 0.268489
vt 0.812500 0.268489
vt 0.828125 0.268489
vt 0.843750 0.268489
vt 0.859375 0.268489
vt 0.875000 0.268489
vt 0.890625 0.268489
vt 0.906250 0.268489
vt 0.921875 0.268489
vt 0.937500 0.268489
vt 0.953125 0.268489
vt 0.968750 0.268489
vt 0.984375 0.268489
vt 1.000000 0.268489
vt 0.015625 0.275090
vt 0.000000 0.275090
vt 0.031250 0.275090
vt 0.046875 0.275090
vt 0.062500 0.275090
vt 0.078125 0.275090
vt 0.093750 0.275090
vt 0.109375 0.275090
vt 0.125000 0.275090
vt 0.140625 0.275090
vt 0.156250 0.275090
vt 0.171875 0.275090
vt 0.187500 0.275090
vt 0.203125 0.275090
vt 0.218750 0.275090
vt 0.234375 0.275090
vt 0.250000 0.275090
vt 0.265625 0.275090
vt 0.281250 0.275090
vt 0.296875 0.275090
vt 0.312500 0.275090
vt 0.328125 0.275090
vt 0.343750 0.275090
vt 0.359375 0.275090
vt 0.375000 0.275090
vt 0.390625 0.275090
vt 0.406250 0.275090
vt 0.421875 0.275090
vt 0.437500 0.275090
vt 0.453125 0.275090
vt 0.468750 0.275090
vt 0.484375 0.275090
vt 0.500000 0.275090
vt 0.515625 0.275090
vt 0.531250 0.275090
vt 0.546875 0.275090
vt 0.562500 0.275090
vt 0.578125 0.275090
vt 0.593750 0.275090
vt 0.609375 0.275090
vt 0.625000 0.275090
vt 0.640625 0.275090
vt 0.656250 0.275090
vt 0.671875 0.275090
vt 0.687500 0.275090
vt 0.703125 0.275090
vt 0.718750 0.275090
vt 0.734375 0.275090
vt 0.750000 0.275090
vt 0.765625 0.275090
vt 0.781250 0.275090
vt 0.796875 0.275090
vt 0.812500 0.275090
vt 0.828125 0.275090
vt 0.843750 0.275090
vt 0.859375 0.275090
vt 0.875000 0.275090
vt 0.890625 0.275090
vt 0.906250 0.275090
vt 0.921875 0.275090
vt 0.937500 0.275090
vt 0.953125 0.275090
vt 0.968750 0.275090
vt 0.984375 0.275090
vt 1.000000 0.275090
vt 0.015625 0.277004
vt 0.000000 0.277004
vt 0.031250 0.277004
vt 0.046875 0.277004
vt 0.062500 0.277004
vt 0.078125 0.277004
vt 0.093750 0.277004
vt 0.109375 0.277004
vt 0.125000 0.277004
vt 0.140625 0.277004
vt 0.156250 0.277004
vt 0.171875 0.277004
vt 0.187500 0.277004
vt 0.203125 0.277004
vt 0.218750 0.277004
vt 0.234375 0.277004
vt 0.250000 0.277004
vt 0.265625 0.277004
vt 0.281250 0.277004
vt 0.296875 0.277004
vt 0.312500 0.277004
vt 0.328125 0.277004
vt 0.343750 0.277004
vt 0.359375 0.277004
vt 0.375000 0.277004
vt 0.390625 0.277004
vt 0.406250 0.277004
vt 0.421875 0.277004
vt 0.437500 0.277004
vt 0.453125 0.277004
vt 0.468750 0.277004
vt 0.484375 0.277004
vt 0.500000 0.277004
vt 0.515625 0.277004
vt 0.531250 0.277004
vt 0.546875 0.277004
vt 0.562500 0.277004
vt 0.578125 0.277004
vt 0.593750 0.277004
vt 0.609375 0.277004
vt 0.625000 0.277004
vt 0.640625 0.277004
vt 0.656250 0.277004
vt 0.671875 0.277004
vt 0.687500 0.277004
vt 0.703125 0.277004
vt 0.718750 0.277004
vt 0.734375 0.277004
vt 0.750000 0.277004
vt 0.765625 0.277004
vt 0.781250 0.277004
vt 0.796875 0.277004
vt 0.812500 0.277004
vt 0.828125 0.277004
vt 0.843750 0.277004
vt 0.859375 0.277004
vt 0.875000 0.277004
vt 0.890625 0.277004
vt 0.906250 0.277004
vt 0.921875 0.277004
vt 0.937500 0.277004
vt 0.953125 0.277004
vt 0.968750 0.277004
vt 0.984375 0.277004
vt 1.000000 0.277004
vt 0.015625 0.293924
vt 0.000000 0.293924
vt 0.031250 0.293924
vt 0.046875 0.293924
vt 0.062500 0.293924
vt 0.078125 0.293924
vt 0.093750 0.293924
vt 0.109375 0.293924
vt 0.125000 0.293924
vt 0.140625 0.293924
vt 0.156250 0.293924
vt 0.171875 0.293924
vt 0.187500 0.293924
vt 0.203125 0.293924
vt 0.218750 0.293924
vt 0.234375 0.293924
vt 0.250000 0.293924
vt 0.265625 0.293924
vt 0.281250 0.293924
vt 0.296875 0.293924
vt 0.312500 0.293924
vt 0.328125 0.293924
vt 0.343750 0.293924
vt 0.359375 0.293924
vt 0.375000 0.293924
vt 0.390625 0.293924
vt 0.406250 0.293924
vt 0.421875 0.293924
vt 0.437500 0.293924
vt 0.453125 0.293924
vt 0.468750 0.293924
vt 0.484375 0.293924
vt 0.500000 0.293924
vt 0.515625 0.293924
vt 0.531250 0.293924
vt 0.546875 0.293924
vt 0.562500 0.293924
vt 0.578125 0.293924
vt 0.593750 0.293924
vt 0.609375 0.293924
vt 0.625000 0.293924
vt 0.640625 0.293924
vt 0.656250 0.293924
vt 0.671875 0.293924
vt 0.687500 0.293924
vt 0.703125 0.293924
vt 0.718750 0.293924
vt 0.734375 0.293924
vt 0.750000 0.293924
vt 0.765625 0.293924
vt 0.781250 0.293924
vt 0.796875 0.293924
vt 0.812500 0.293924
vt 0.828125 0.293924
vt 0.843750 0.293924
vt 0.859375 0.293924
vt 0.875000 0.293924
vt 0.890625 0.293924
vt 0.906250 0.293924
vt 0.921875 0.293924
vt 0.937500 0.293924
vt 0.953125 0.293924
vt 0.968750 0.293924
vt 0.984375 0.293924
vt 1.000000 0.293924
vt 0.015625 0.296477
vt 0.000000 0.296477
vt 0.031250 0.296477
vt 0.046875 0.296477
vt 0.062500 0.296477
vt 0.078125 0.296477
vt 0.093750 0.296477
vt 0.109375 0.296477
vt 0.125000 0.296477
vt 0.140625 0.296477
vt 0.156250 0.296477
vt 0.171875 0.296477
vt 0.187500 0.296477
vt 0.203125 0.296477
vt 0.218750 0.296477
vt 0.234375 0.296477
vt 0.250000 0.296477
vt 0.265625 0.296477
vt 0.281250 0.296477
vt 0.296875 0.296477
vt 0.312500 0.296477
vt 0.328125 0.296477
vt 0.343750 0.296477
vt 0.359375 0.296477
vt 0.375000 0.296477
vt 0.390625 0.296477
vt 0.406250 0.296477
vt 0.421875 0.296477
vt 0.437500 0.296477
vt 0.453125 0.296477
vt 0.468750 0.296477
vt 0.484375 0.296477
vt 0.500000 0.296477
vt 0.515625 0.296477
vt 0.531250 0.296477
vt 0.546875 0.296477
vt 0.562500 0.296477
vt 0.578125 0.296477
vt 0.593750 0.296477
vt 0.609375 0.296477
vt 0.625000 0.296477
vt 0.640625 0.296477
vt 0.656250 0.296477
vt 0.671875 0.296477
vt 0.687500 0.296477
vt 0.703125 0.296477
vt 0.718750 0.296477
vt 0.734375 0.296477
vt 0.750000 0.296477
vt 0.765625 0.296477
vt 0.781250 0.296477
vt 0.796875 0.296477
vt 0.812500 0.296477
vt 0.828125 0.296477
vt 0.843750 0.296477
vt 0.859375 0.296477
vt 0.875000 0.296477
vt 0.890625 0.296477
vt 0.906250 0.296477
vt 0.921875 0.296477
vt 0.937500 0.296477
vt 0.953125 0.296477
vt 0.968750 0.296477
vt 0.984375 0.296477
vt 1.000000 0.296477
vt 0.015625 0.308525
vt 0.000000 0.308525
vt 0.031250 0.308525
vt 0.046875 0.308525
vt 0.062500 0.308525
vt 0.078125 0.308525
vt 0.093750 0.308525
vt 0.109375 0.308525
vt 0.125000 0.308525
vt 0.140625 0.308525
vt 0.156250 0.308525
vt 0.171875 0.308525
vt 0.187500 0.308525
vt 0.203125 0.308525
vt 0.218750 0.308525
vt 0.234375 0.308525
vt 0.250000 0.308525
vt 0.265625 0.308525
vt 0.281250 0.308525
vt 0.296875 0.308525
vt 0.312500 0.308525
vt 0.328125 0.308525
vt 0.343750 0.308525
vt 0.359375 0.308525
vt 0.375000 0.308525
vt 0.390625 0.308525
vt 0.406250 0.308525
vt 0.421875 0.308525
vt 0.437500 0.308525
vt 0.453125 0.308525
vt 0.468750 0.308525
vt 0.484375 0.308525
vt 0.500000 0.308525
vt 0.515625 0.308525
vt 0.531250 0.308525
vt 0.546875 0.308525
vt 0.562500 0.308525
vt 0.578125 0.308525
vt 0.593750 0.308525
vt 0.609375 0.308525
vt 0.625000 0.308525
vt 0.640625 0.308525
vt 0.656250 0.308525
vt 0.671875 0.308525
vt 0.687500 0.308525
vt 0.703125 0.308525
vt 0.718750 0.308525
vt 0.734375 0.308525
vt 0.750000 0.308525
vt 0.765625 0.308525
vt 0.781250 0.308525
vt 0.796875 0.308525
vt 0.812500 0.308525
vt 0.828125 0.308525
vt 0.843750 0.308525
vt 0.859375 0.308525
vt 0.875000 0.308525
vt 0.890625 0.308525
vt 0.906250 0.308525
vt 0.921875 0.308525
vt 0.937500 0.308525
vt 0.953125 0.308525
vt 0.968750 0.308525
vt 0.984375 0.308525
vt 1.000000 0.308525
vt 0.015625 0.315928
vt 0.000000 0.315928
vt 0.031250 0.315928
vt 0.046875 0.315928
vt 0.062500 0.315928
vt 0.078125 0.315928
vt 0.093750 0.315928
vt 0.109375 0.315928
vt 0.125000 0.315928
vt 0.140625 0.315928
vt 0.156250 0.315928
vt 0.171875 0.315928
vt 0.187500 0.315928
vt 0.203125 0.315928
vt 0.218750 0.315928
vt 0.234375 0.315928
vt 0.250000 0.315928
vt 0.265625 0.315928
vt 0.281250 0.315928
vt 0.296875 0.315928
vt 0.312500 0.315928
vt 0.328125 0.315928
vt 0.343750 0.315928
vt 0.359375 0.315928
vt 0.375000 0.315928
vt 0.390625 0.315928
vt 0.406250 0.315928
vt 0.421875 0.315928
vt 0.437500 0.315928
vt 0.453125 0.315928
vt 0.468750 0.315928
vt 0.484375 0.315928
vt 0.500000 0.315928
vt 0.515625 0.315928
vt 0.531250 0.315928
vt 0.546875 0.315928
vt 0.562500 0.315928
vt 0.578125 0.315928
vt 0.593750 0.315928
vt 0.609375 0.315928
vt 0.625000 0.315928
vt 0.640625 0.315928
vt 0.656250 0.315928
vt 0.671875 0.315928
vt 0.687500 0.315928
vt 0.703125 0.315928
vt 0.718750 0.315928
vt 0.734375 0.315928
vt 0.750000 0.315928
vt 0.765625 0.315928
vt 0.781250 0.315928
vt 0.796875 0.315928
vt 0.812500 0.315928
vt 0.828125 0.315928
vt 0.843750 0.315928
vt 0.859375 0.315928
vt 0.875000 0.315928
vt 0.890625 0.315928
vt 0.906250 0.315928
vt 0.921875 0.315928
vt 0.937500 0.315928
vt 0.953125 0.315928
vt 0.968750 0.315928
vt 0.984375 0.315928
vt 1.000000 0.315928
vt 0.015625 0.324954
vt 0.000000 0.324954
vt 0.031250 0.324954
vt 0.046875 0.324954
vt 0.062500 0.324954
vt 0.078125 0.324954
vt 0.093750 0.324954
vt 0.109375 0.324954
vt 0.125000 0.324954
vt 0.140625 0.324954
vt 0.156250 0.324954
vt 0.171875 0.324954
vt 0.187500 0.324954
vt 0.203125 0.324954
vt 0.218750 0.324954
vt 0.234375 0.324954
vt 0.250000 0.324954
vt 0.265625 0.324954
vt 0.281250 0.324954
vt 0.296875 0.324954
vt 0.312500 0.324954
vt 0.328125 0.324954
vt 0.343750 0.324954
vt 0.359375 0.324954
vt 0.375000 0.324954
vt 0.390625 0.324954
vt 0.406250 0.324954
vt 0.421875 0.324954
vt 0.437500 0.324954
vt 0.453125 0.324954
vt 0.468750 0.324954
vt 0.484375 0.324954
vt 0.500000 0.324954
vt 0.515625 0.324954
vt 0.531250 0.324954
vt 0.546875 0.324954
vt 0.562500 0.324954
vt 0.578125 0.324954
vt 0.593750 0.324954
vt 0.609375 0.324954
vt 0.625000 0.324954
vt 0.640625 0.324954
vt 0.656250 0.324954
vt 0.671875 0.324954
vt 0.687500 0.324954
vt 0.703125 0.324954
vt 0.718750 0.324954
vt 0.734375 0.324954
vt 0.750000 0.324954
vt 0.765625 0.324954
vt 0.781250 0.324954
vt 0.796875 0.324954
vt 0.812500 0.324954
vt 0.828125 0.324954
vt 0.843750 0.324954
vt 0.859375 0.324954
vt 0.875000 0.324954
vt 0.890625 0.324954
vt 0.906250 0.324954
vt 0.921875 0.324954
vt 0.937500 0.324954
vt 0.953125 0.324954
vt 0.968750 0.324954
vt 0.984375 0.324954
vt 1.000000 0.324954
vt 0.015625 0.335258
vt 0.000000 0.335258
vt 0.031250 0.335258
vt 0.046875 0.335258
vt 0.062500 0.335258
vt 0.078125 0.335258
vt 0.093750 0.335258
vt 0.109375 0.335258
vt 0.125000 0.335258
vt 0.140625 0.335258
vt 0.156250 0.335258
vt 0.171875 0.335258
vt 0.187500 0.335258
vt 0.203125 0.335258
vt 0.218750 0.335258
vt 0.234375 0.335258
vt 0.250000 0.335258
vt 0.265625 0.335258
vt 0.281250 0.335258
vt 0.296875 0.335258
vt 0.312500 0.335258
vt 0.328125 0.335258
vt 0.343750 0.335258
vt 0.359375 0.335258
vt 0.375000 0.335258
vt 0.390625 0.335258
vt 0.406250 0.335258
vt 0.421875 0.335258
vt 0.437500 0.335258
vt 0.453125 0.335258
vt 0.468750 0.335258
vt 0.484375 0.335258
vt 0.500000 0.335258
vt 0.515625 0.335258
vt 0.531250 0.335258
vt 0.546875 0.335258
vt 0.562500 0.335258
vt 0.578125 0.335258
vt 0.593750 0.335258
vt 0.609375 0.335258
vt 0.625000 0.335258
vt 0.640625 0.335258
vt 0.656250 0.335258
vt 0.671875 0.335258
vt 0.687500 0.335258
vt 0.703125 0.335258
vt 0.718750 0.335258
vt 0.734375 0.335258
vt 0.750000 0.335258
vt 0.765625 0.335258
vt 0.781250 0.335258
vt 0.796875 0.335258
vt 0.812500 0.335258
vt 0.828125 0.335258
vt 0.843750 0.335258
vt 0.859375 0.335258
vt 0.875000 0.335258
vt 0.890625 0.335258
vt 0.906250 0.335258
vt 0.921875 0.335258
vt 0.937500 0.335258
vt 0.953125 0.335258
vt 0.968750 0.335258
vt 0.984375 0.335258
vt 1.000000 0.335258
vt 0.015625 0.346793
vt 0.000000 0.346793
vt 0.031250 0.346793
vt 0.046875 0.346793
vt 0.062500 0.346793
vt 0.078125 0.346793
vt 0.093750 0.346793
vt 0.109375 0.346793
vt 0.125000 0.346793
vt 0.140625 0.346793
vt 0.156250 0.346793
vt 0.171875 0.346793
vt 0.187500 0.346793
vt 0.203125 0.346793
vt 0.218750 0.346793
vt 0.234375 0.346793
vt 0.250000 0.346793
vt 0.265625 0.346793
vt 0.281250 0.346793
vt 0.296875 0.346793
vt 0.312500 0.346793
vt 0.328125 0.346793
vt 0.343750 0.346793
vt 0.359375 0.346793
vt 0.375000 0.346793
vt 0.390625 0.346793
vt 0.406250 0.346793
vt 0.421875 0.346793
vt 0.437500 0.346793
vt 0.453125 0.346793
vt 0.468750 0.346793
vt 0.484375 0.346793
vt 0.500000 0.346793
vt 0.515625 0.346793
vt 0.531250 0.346793
vt 0.546875 0.346793
vt 0.562500 0.346793
vt 0.578125 0.346793
vt 0.593750 0.346793
vt 0.609375 0.346793
vt 0.625000 0.346793
vt 0.640625 0.346793
vt 0.656250 0.346793
vt 0.671875 0.346793
vt 0.687500 0.346793
vt 0.703125 0.346793
vt 0.718750 0.346793
vt 0.734375 0.346793
vt 0.750000 0.346793
vt 0.765625 0.346793
vt 0.781250 0.346793
vt 0.796875 0.346793
vt 0.812500 0.346793
vt 0.828125 0.346793
vt 0.843750 0.346793
vt 0.859375 0.346793
vt 0.875000 0.346793
vt 0.890625 0.346793
vt 0.906250 0.346793
vt 0.921875 0.346793
vt 0.937500 0.346793
vt 0.953125 0.346793
vt 0.968750 0.346793
vt 0.984375 0.346793
vt 1.000000 0.346793
vt 0.015625 0.360145
vt 0.000000 0.360145
vt 0.031250 0.360145
vt 0.046875 0.360145
vt 0.062500 0.360145
vt 0.078125 0.360145
vt 0.093750 0.360145
vt 0.109375 0.360145
vt 0.125000 0.360145
vt 0.140625 0.360145
vt 0.156250 0.360145
vt 0.171875 0.360145
vt 0.187500 0.360145
vt 0.203125 0.360145
vt 0.218750 0.360145
vt 0.234375 0.360145
vt 0.250000 0.360145
vt 0.265625 0.360145
vt 0.281250 0.360145
vt 0.296875 0.360145
vt 0.312500 0.360145
vt 0.328125 0.360145
vt 0.343750 0.360145
vt 0.359375 0.360145
vt 0.375000 0.360145
vt 0.390625 0.360145
vt 0.406250 0.360145
vt 0.421875 0.360145
vt 0.437500 0.360145
vt 0.453125 0.360145
vt 0.468750 0.360145
vt 0.484375 0.360145
vt 0.500000 0.360145
vt 0.515625 0.360145
vt 0.531250 0.360145
vt 0.546875 0.360145
vt 0.562500 0.360145
vt 0.578125 0.360145
vt 0.593750 0.360145
vt 0.609375 0.360145
vt 0.625000 0.360145
vt 0.640625 0.360145
vt 0.656250 0.360145
vt 0.671875 0.360145
vt 0.687500 0.360145
vt 0.703125 0.360145
vt 0.718750 0.360145
vt 0.734375 0.360145
vt 0.750000 0.360145
vt 0.765625 0.360145
vt 0.781250 0.360145
vt 0.796875 0.360145
vt 0.812500 0.360145
vt 0.828125 0.360145
vt 0.843750 0.360145
vt 0.859375 0.360145
vt 0.875000 0.360145
vt 0.890625 0.360145
vt 0.906250 0.360145
vt 0.921875 0.360145
vt 0.937500 0.360145
vt 0.953125 0.360145
vt 0.968750 0.360145
vt 0.984375 0.360145
vt 1.000000 0.360145
vt 0.015625 0.376570
vt 0.000000 0.376570
vt 0.031250 0.376570
vt 0.046875 0.376570
vt 0.062500 0.376570
vt 0.078125 0.376570
vt 0.093750 0.376570
vt 0.109375 0.376570
vt 0.125000 0.376570
vt 0.140625 0.376570
vt 0.156250 0.376570
vt 0.171875 0.376570
vt 0.187500 0.376570
vt 0.203125 0.376570
vt 0.218750 0.376570
vt 0.234375 0.376570
vt 0.250000 0.376570
vt 0.265625 0.376570
vt 0.281250 0.376570
vt 0.296875 0.376570
vt 0.312500 0.376570
vt 0.328125 0.376570
vt 0.343750 0.376570
vt 0.359375 0.376570
vt 0.375000 0.376570
vt 0.390625 0.376570
vt 0.406250 0.376570
vt 0.421875 0.376570
vt 0.437500 0.376570
vt 0.453125 0.376570
vt 0.468750 0.376570
vt 0.484375 0.376570
vt 0.500000 0.376570
vt 0.515625 0.376570
vt 0.531250 0.376570
vt 0.546875 0.376570
vt 0.562500 0.376570
vt 0.578125 0.376570
vt 0.593750 0.376570
vt 0.609375 0.376570
vt 0.625000 0.376570
vt 0.640625 0.376570
vt 0.656250 0.376570
vt 0.671875 0.376570
vt 0.687500 0.376570
vt 0.703125 0.376570
vt 0.718750 0.376570
vt 0.734375 0.376570
vt 0.750000 0.376570
vt 0.765625 0.376570
vt 0.781250 0.376570
vt 0.796875 0.376570
vt 0.812500 0.376570
vt 0.828125 0.376570
vt 0.843750 0.376570
vt 0.859375 0.376570
vt 0.875000 0.376570
vt 0.890625 0.376570
vt 0.906250 0.376570
vt 0.921875 0.376570
vt 0.937500 0.376570
vt 0.953125 0.376570
vt 0.968750 0.376570
vt 0.984375 0.376570
vt 1.000000 0.376570
vt 0.015625 0.387584
vt 0.000000 0.387584
vt 0.031250 0.387584
vt 0.046875 0.387584
vt 0.062500 0.387584
vt 0.078125 0.387584
vt 0.093750 0.387584
vt 0.109375 0.387584
vt 0.125000 0.387584
vt 0.140625 0.387584
vt 0.156250 0.387584
vt 0.171875 0.387584
vt 0.187500 0.387584
vt 0.203125 0.387584
vt 0.218750 0.387584
vt 0.234375 0.387584
vt 0.250000 0.387584
vt 0.265625 0.387584
vt 0.281250 0.387584
vt 0.296875 0.387584
vt 0.312500 0.387584
vt 0.328125 0.387584
vt 0.343750 0.387584
vt 0.359375 0.387584
vt 0.375000 0.387584
vt 0.390625 0.387584
vt 0.406250 0.387584
vt 0.421875 0.387584
vt 0.437500 0.387584
vt 0.453125 0.387584
vt 0.468750 0.387584
vt 0.484375 0.387584
vt 0.500000 0.387584
vt 0.515625 0.387584
vt 0.531250 0.387584
vt 0.546875 0.387584
vt 0.562500 0.387584
vt 0.578125 0.387584
vt 0.593750 0.387584
vt 0.609375 0.387584
vt 0.625000 0.387584
vt 0.640625 0.387584
vt 0.656250 0.387584
vt 0.671875 0.387584
vt 0.687500 0.387584
vt 0.703125 0.387584
vt 0.718750 0.387584
vt 0.734375 0.387584
vt 0.750000 0.387584
vt 0.765625 0.387584
vt 0.781250 0.387584
vt 0.796875 0.387584
vt 0.812500 0.387584
vt 0.828125 0.387584
vt 0.843750 0.387584
vt 0.859375 0.387584
vt 0.875000 0.387584
vt 0.890625 0.387584
vt 0.906250 0.387584
vt 0.921875 0.387584
vt 0.937500 0.387584
vt 0.953125 0.387584
vt 0.968750 0.387584
vt 0.984375 0.387584
vt 1.000000 0.387584
vt 0.015625 0.422641
vt 0.000000 0.422641
vt 0.031250 0.422641
vt 0.046875 0.422641
vt 0.062500 0.422641
vt 0.078125 0.422641
vt 0.093750 0.422641
vt 0.109375 0.422641
vt 0.125000 0.422641
vt 0.140625 0.422641
vt 0.156250 0.422641
vt 0.171875 0.422641
vt 0.187500 0.422641
vt 0.203125 0.422641
vt 0.218750 0.422641
vt 0.234375 0.422641
vt 0.250000 0.422641
vt 0.265625 0.422641
vt 0.281250 0.422641
vt 0.296875 0.422641
vt 0.312500 0.422641
vt 0.328125 0.422641
vt 0.343750 0.422641
vt 0.359375 0.422641
vt 0.375000 0.422641
vt 0.390625 0.422641
vt 0.406250 0.422641
vt 0.421875 0.422641
vt 0.437500 0.422641
vt 0.453125 0.422641
vt 0.468750 0.422641
vt 0.484375 0.422641
vt 0.500000 0.422641
vt 0.515625 0.422641
vt 0.531250 0.422641
vt 0.546875 0.422641
vt 0.562500 0.422641
vt 0.578125 0.422641
vt 0.593750 0.422641
vt 0.609375 0.422641
vt 0.625000 0.422641
vt 0.640625 0.422641
vt 0.656250 0.422641
vt 0.671875 0.422641
vt 0.687500 0.422641
vt 0.703125 0.422641
vt 0.718750 0.422641
vt 0.734375 0.422641
vt 0.750000 0.422641
vt 0.765625 0.422641
vt 0.781250 0.422641
vt 0.796875 0.422641
vt 0.812500 0.422641
vt 0.828125 0.422641
vt 0.843750 0.422641
vt 0.859375 0.422641
vt 0.875000 0.422641
vt 0.890625 0.422641
vt 0.906250 0.422641
vt 0.921875 0.422641
vt 0.937500 0.422641
vt 0.953125 0.422641
vt 0.968750 0.422641
vt 0.984375 0.422641
vt 1.000000 0.422641
vt 0.015625 0.451407
vt 0.000000 0.451407
vt 0.031250 0.451407
vt 0.046875 0.451407
vt 0.062500 0.451407
vt 0.078125 0.451407
vt 0.093750 0.451407
vt 0.109375 0.451407
vt 0.125000 0.451407
vt 0.140625 0.451407
vt 0.156250 0.451407
vt 0.171875 0.451407
vt 0.187500 0.451407
vt 0.203125 0.451407
vt 0.218750 0.451407
vt 0.234375 0.451407
vt 0.250000 0.451407
vt 0.265625 0.451407
vt 0.281250 0.451407
vt 0.296875 0.451407
vt 0.312500 0.451407
vt 0.328125 0.451407
vt 0.343750 0.451407
vt 0.359375 0.451407
vt 0.375000 0.451407
vt 0.390625 0.451407
vt 0.406250 0.451407
vt 0.421875 0.451407
vt 0.437500 0.451407
vt 0.453125 0.451407
vt 0.468750 0.451407
vt 0.484375 0.451407
vt 0.500000 0.451407
vt 0.515625 0.451407
vt 0.531250 0.451407
vt 0.546875 0.451407
vt 0.562500 0.451407
vt 0.578125 0.451407
vt 0.593750 0.451407
vt 0.609375 0.451407
vt 0.625000 0.451407
vt 0.640625 0.451407
vt 0.656250 0.451407
vt 0.671875 0.451407
vt 0.687500 0.451407
vt 0.703125 0.451407
vt 0.718750 0.451407
vt 0.734375 0.451407
vt 0.750000 0.451407
vt 0.765625 0.451407
vt 0.781250 0.451407
vt 0.796875 0.451407
vt 0.812500 0.451407
vt 0.828125 0.451407
vt 0.843750 0.451407
vt 0.859375 0.451407
vt 0.875000 0.451407
vt 0.890625 0.451407
vt 0.906250 0.451407
vt 0.921875 0.451407
vt 0.937500 0.451407
vt 0.953125 0.451407
vt 0.968750 0.451407
vt 0.984375 0.451407
vt 1.000000 0.451407
vt 0.015625 0.474835
vt 0.000000 0.474835
vt 0.031250 0.474835
vt 0.046875 0.474835
vt 0.062500 0.474835
vt 0.078125 0.474835
vt 0.093750 0.474835
vt 0.109375 0.474835
vt 0.125000 0.474835
vt 0.140625 0.474835
vt 0.156250 0.474835
vt 0.171875 0.474835
vt 0.187500 0.474835
vt 0.203125 0.474835
vt 0.218750 0.474835
vt 0.234375 0.474835
vt 0.250000 0.474835
vt 0.265625 0.474835
vt 0.281250 0.474835
vt 0.296875 0.474835
vt 0.312500 0.474835
vt 0.328125 0.474835
vt 0.343750 0.474835
vt 0.359375 0.474835
vt 0.375000 0.474835
vt 0.390625 0.474835
vt 0.406250 0.474835
vt 0.421875 0.474835
vt 0.437500 0.474835
vt 0.453125 0.474835
vt 0.468750 0.474835
vt 0.484375 0.474835
vt 0.500000 0.474835
vt 0.515625 0.474835
vt 0.531250 0.474835
vt 0.546875 0.474835
vt 0.562500 0.474835
vt 0.578125 0.474835
vt 0.593750 0.474835
vt 0.609375 0.474835
vt 0.625000 0.474835
vt 0.640625 0.474835
vt 0.656250 0.474835
vt 0.671875 0.474835
vt 0.687500 0.474835
vt 0.703125 0.474835
vt 0.718750 0.474835
vt 0.734375 0.474835
vt 0.750000 0.474835
vt 0.765625 0.474835
vt 0.781250 0.474835
vt 0.796875 0.474835
vt 0.812500 0.474835
vt 0.828125 0.474835
vt 0.843750 0.474835
vt 0.859375 0.474835
vt 0.875000 0.474835
vt 0.890625 0.474835
vt 0.906250 0.474835
vt 0.921875 0.474835
vt 0.937500 0.474835
vt 0.953125 0.474835
vt 0.968750 0.474835
vt 0.984375 0.474835
vt 1.000000 0.474835
vt 0.015625 0.494599
vt 0.000000 0.494599
vt 0.031250 0.494599
vt 0.046875 0.494599
vt 0.062500 0.494599
vt 0.078125 0.494599
vt 0.093750 0.494599
vt 0.109375 0.494599
vt 0.125000 0.494599
vt 0.140625 0.494599
vt 0.156250 0.494599
vt 0.171875 0.494599
vt 0.187500 0.494599
vt 0.203125 0.494599
vt 0.218750 0.494599
vt 0.234375 0.494599
vt 0.250000 0.494599
vt 0.265625 0.494599
vt 0.281250 0.494599
vt 0.296875 0.494599
vt 0.312500 0.494599
vt 0.328125 0.494599
vt 0.343750 0.494599
vt 0.359375 0.494599
vt 0.375000 0.494599
vt 0.390625 0.494599
vt 0.406250 0.494599
vt 0.421875 0.494599
vt 0.437500 0.494599
vt 0.453125 0.494599
vt 0.468750 0.494599
vt 0.484375 0.494599
vt 0.500000 0.494599
vt 0.515625 0.494599
vt 0.531250 0.494599
vt 0.546875 0.494599
vt 0.562500 0.494599
vt 0.578125 0.494599
vt 0.593750 0.494599
vt 0.609375 0.494599
vt 0.625000 0.494599
vt 0.640625 0.494599
vt 0.656250 0.494599
vt 0.671875 0.494599
vt 0.687500 0.494599
vt 0.703125 0.494599
vt 0.718750 0.494599
vt 0.734375 0.494599
vt 0.750000 0.494599
vt 0.765625 0.494599
vt 0.781250 0.494599
vt 0.796875 0.494599
vt 0.812500 0.494599
vt 0.828125 0.494599
vt 0.843750 0.494599
vt 0.859375 0.494599
vt 0.875000 0.494599
vt 0.890625 0.494599
vt 0.906250 0.494599
vt 0.921875 0.494599
vt 0.937500 0.494599
vt 0.953125 0.494599
vt 0.968750 0.494599
vt 0.984375 0.494599
vt 1.000000 0.494599
vt 0.015625 0.513323
vt 0.000000 0.513323
vt 0.031250 0.513323
vt 0.046875 0.513323
vt 0.062500 0.513323
vt 0.078125 0.513323
vt 0.093750 0.513323
vt 0.109375 0.513323
vt 0.125000 0.513323
vt 0.140625 0.513323
vt 0.156250 0.513323
vt 0.171875 0.513323
vt 0.187500 0.513323
vt 0.203125 0.513323
vt 0.218750 0.513323
vt 0.234375 0.513323
vt 0.250000 0.513323
vt 0.265625 0.513323
vt 0.281250 0.513323
vt 0.296875 0.513323
vt 0.312500 0.513323
vt 0.328125 0.513323
vt 0.343750 0.513323
vt 0.359375 0.513323
vt 0.375000 0.513323
vt 0.390625 0.513323
vt 0.406250 0.513323
vt 0.421875 0.513323
vt 0.437500 0.513323
vt 0.453125 0.513323
vt 0.468750 0.513323
vt 0.484375 0.513323
vt 0.500000 0.513323
vt 0.515625 0.513323
vt 0.531250 0.513323
vt 0.546875 0.513323
vt 0.562500 0.513323
vt 0.578125 0.513323
vt 0.593750 0.513323
vt 0.609375 0.513323
vt 0.625000 0.513323
vt 0.640625 0.513323
vt 0.656250 0.513323
vt 0.671875 0.513323
vt 0.687500 0.513323
vt 0.703125 0.513323
vt 0.718750 0.513323
vt 0.734375 0.513323
vt 0.750000 0.513323
vt 0.765625 0.513323
vt 0.781250 0.513323
vt 0.796875 0.513323
vt 0.812500 0.513323
vt 0.828125 0.513323
vt 0.843750 0.513323
vt 0.859375 0.513323
vt 0.875000 0.513323
vt 0.890625 0.513323
vt 0.906250 0.513323
vt 0.921875 0.513323
vt 0.937500 0.513323
vt 0.953125 0.513323
vt 0.968750 0.513323
vt 0.984375 0.513323
vt 1.000000 0.513323
vt 0.015625 0.638526
vt 0.000000 0.638526
vt 0.031250 0.638526
vt 0.046875 0.638526
vt 0.062500 0.638526
vt 0.078125 0.638526
vt 0.093750 0.638526
vt 0.109375 0.638526
vt 0.125000 0.638526
vt 0.140625 0.638526
vt 0.156250 0.638526
vt 0.171875 0.638526
vt 0.187500 0.638526
vt 0.203125 0.638526
vt 0.218750 0.638526
vt 0.234375 0.638526
vt 0.250000 0.638526
vt 0.265625 0.638526
vt 0.281250 0.638526
vt 0.296875 0.638526
vt 0.312500 0.638526
vt 0.328125 0.638526
vt 0.343750 0.638526
vt 0.359375 0.638526
vt 0.375000 0.638526
vt 0.390625 0.638526
vt 0.406250 0.638526
vt 0.421875 0.638526
vt 0.437500 0.638526
vt 0.453125 0.638526
vt 0.468750 0.638526
vt 0.484375 0.638526
vt 0.500000 0.638526
vt 0.515625 0.638526
vt 0.531250 0.638526
vt 0.546875 0.638526
vt 0.562500 0.638526
vt 0.578125 0.638526
vt 0.593750 0.638526
vt 0.609375 0.638526
vt 0.625000 0.638526
vt 0.640625 0.638526
vt 0.656250 0.638526
vt 0.671875 0.638526
vt 0.687500 0.638526
vt 0.703125 0.638526
vt 0.718750 0.638526
vt 0.734375 0.638526
vt 0.750000 0.638526
vt 0.765625 0.638526
vt 0.781250 0.638526
vt 0.796875 0.638526
vt 0.812500 0.638526
vt 0.828125 0.638526
vt 0.843750 0.638526
vt 0.859375 0.638526
vt 0.875000 0.638526
vt 0.890625 0.638526
vt 0.906250 0.638526
vt 0.921875 0.638526
vt 0.937500 0.638526
vt 0.953125 0.638526
vt 0.968750 0.638526
vt 0.984375 0.638526
vt 1.000000 0.638526
vt 0.015625 0.754029
vt 0.000000 0.754029
vt 0.031250 0.754029
vt 0.046875 0.754029
vt 0.062500 0.754029
vt 0.078125 0.754029
vt 0.093750 0.754029
vt 0.109375 0.754029
vt 0.125000 0.754029
vt 0.140625 0.754029
vt 0.156250 0.754029
vt 0.171875 0.754029
vt 0.187500 0.754029
vt 0.203125 0.754029
vt 0.218750 0.754029
vt 0.234375 0.754029
vt 0.250000 0.754029
vt 0.265625 0.754029
vt 0.281250 0.754029
vt 0.296875 0.754029
vt 0.312500 0.754029
vt 0.328125 0.754029
vt 0.343750 0.754029
vt 0.359375 0.754029
vt 0.375000 0.754029
vt 0.390625 0.754029
vt 0.406250 0.754029
vt 0.421875 0.754029
vt 0.437500 0.754029
vt 0.453125 0.754029
vt 0.468750 0.754029
vt 0.484375 0.754029
vt 0.500000 0.754029
vt 0.515625 0.754029
vt 0.531250 0.754029
vt 0.546875 0.754029
vt 0.562500 0.754029
vt 0.578125 0.754029
vt 0.593750 0.754029
vt 0.609375 0.754029
vt 0.625000 0.754029
vt 0.640625 0.754029
vt 0.656250 0.754029
vt 0.671875 0.754029
vt 0.687500 0.754029
vt 0.703125 0.754029
vt 0.718750 0.754029
vt 0.734375 0.754029
vt 0.750000 0.754029
vt 0.765625 0.754029
vt 0.781250 0.754029
vt 0.796875 0.754029
vt 0.812500 0.754029
vt 0.828125 0.754029
vt 0.843750 0.754029
vt 0.859375 0.754029
vt 0.875000 0.754029
vt 0.890625 0.754029
vt 0.906250 0.754029
vt 0.921875 0.754029
vt 0.937500 0.754029
vt 0.953125 0.754029
vt 0.968750 0.754029
vt 0.984375 0.754029
vt 1.000000 0.754029
vt 0.015625 0.852656
vt 0.000000 0.852656
vt 0.031250 0.852656
vt 0.046875 0.852656
vt 0.062500 0.852656
vt 0.078125 0.852656
vt 0.093750 0.852656
vt 0.109375 0.852656
vt 0.125000 0.852656
vt 0.140625 0.852656
vt 0.156250 0.852656
vt 0.171875 0.852656
vt 0.187500 0.852656
vt 0.203125 0.852656
vt 0.218750 0.852656
vt 0.234375 0.852656
vt 0.250000 0.852656
vt 0.265625 0.852656
vt 0.281250 0.852656
vt 0.296875 0.852656
vt 0.312500 0.852656
vt 0.328125 0.852656
vt 0.343750 0.852656
vt 0.359375 0.852656
vt 0.375000 0.852656
vt 0.390625 0.852656
vt 0.406250 0.852656
vt 0.421875 0.852656
vt 0.437500 0.852656
vt 0.453125 0.852656
vt 0.468750 0.852656
vt 0.484375 0.852656
vt 0.500000 0.852656
vt 0.515625 0.852656
vt 0.531250 0.852656
vt 0.546875 0.852656
vt 0.562500 0.852656
vt 0.578125 0.852656
vt 0.593750 0.852656
vt 0.609375 0.852656
vt 0.625000 0.852656
vt 0.640625 0.852656
vt 0.656250 0.852656
vt 0.671875 0.852656
vt 0.687500 0.852656
vt 0.703125 0.852656
vt 0.718750 0.852656
vt 0.734375 0.852656
vt 0.750000 0.852656
vt 0.765625 0.852656
vt 0.781250 0.852656
vt 0.796875 0.852656
vt 0.812500 0.852656
vt 0.828125 0.852656
vt 0.843750 0.852656
vt 0.859375 0.852656
vt 0.875000 0.852656
vt 0.890625 0.852656
vt 0.906250 0.852656
vt 0.921875 0.852656
vt 0.937500 0.852656
vt 0.953125 0.852656
vt 0.968750 0.852656
vt 0.984375 0.852656
vt 1.000000 0.852656
vt 0.015625 0.922593
vt 0.000000 0.922593
vt 0.031250 0.922593
vt 0.046875 0.922593
vt 0.062500 0.922593
vt 0.078125 0.922593
vt 0.093750 0.922593
vt 0.109375 0.922593
vt 0.125000 0.922593
vt 0.140625 0.922593
vt 0.156250 0.922593
vt 0.171875 0.922593
vt 0.187500 0.922593
vt 0.203125 0.922593
vt 0.218750 0.922593
vt 0.234375 0.922593
vt 0.250000 0.922593
vt 0.265625 0.922593
vt 0.281250 0.922593
vt 0.296875 0.922593
vt 0.312500 0.922593
vt 0.328125 0.922593
vt 0.343750 0.922593
vt 0.359375 0.922593
vt 0.375000 0.922593
vt 0.390625 0.922593
vt 0.406250 0.922593
vt 0.421875 0.922593
vt 0.437500 0.922593
vt 0.453125 0.922593
vt 0.468750 0.922593
vt 0.484375 0.922593
vt 0.500000 0.922593
vt 0.515625 0.922593
vt 0.531250 0.922593
vt 0.546875 0.922593
vt 0.562500 0.922593
vt 0.578125 0.922593
vt 0.593750 0.922593
vt 0.609375 0.922593
vt 0.625000 0.922593
vt 0.640625 0.922593
vt 0.656250 0.922593
vt 0.671875 0.922593
vt 0.687500 0.922593
vt 0.703125 0.922593
vt 0.718750 0.922593
vt 0.734375 0.922593
vt 0.750000 0.922593
vt 0.765625 0.922593
vt 0.781250 0.922593
vt 0.796875 0.922593
vt 0.812500 0.922593
vt 0.828125 0.922593
vt 0.843750 0.922593
vt 0.859375 0.922593
vt 0.875000 0.922593
vt 0.890625 0.922593
vt 0.906250 0.922593
vt 0.921875 0.922593
vt 0.937500 0.922593
vt 0.953125 0.922593
vt 0.968750 0.922593
vt 0.984375 0.922593
vt 1.000000 0.922593
vt 0.015625 0.924555
vt 0.000000 0.924555
vt 0.031250 0.924555
vt 0.046875 0.924555
vt 0.062500 0.924555
vt 0.078125 0.924555
vt 0.093750 0.924555
vt 0.109375 0.924555
vt 0.125000 0.924555
vt 0.140625 0.924555
vt 0.156250 0.924555
vt 0.171875 0.924555
vt 0.187500 0.924555
vt 0.203125 0.924555
vt 0.218750 0.924555
vt 0.234375 0.924555
vt 0.250000 0.924555
vt 0.265625 0.924555
vt 0.281250 0.924555
vt 0.296875 0.924555
vt 0.312500 0.924555
vt 0.328125 0.924555
vt 0.343750 0.924555
vt 0.359375 0.924555
vt 0.375000 0.924555
vt 0.390625 0.924555
vt 0.406250 0.924555
vt 0.421875 0.924555
vt 0.437500 0.924555
vt 0.453125 0.924555
vt 0.468750 0.924555
vt 0.484375 0.924555
vt 0.500000 0.924555
vt 0.515625 0.924555
vt 0.531250 0.924555
vt 0.546875 0.924555
vt 0.562500 0.924555
vt 0.578125 0.924555
vt 0.593750 0.924555
vt 0.609375 0.924555
vt 0.625000 0.924555
vt 0.640625 0.924555
vt 0.656250 0.924555
vt 0.671875 0.924555
vt 0.687500 0.924555
vt 0.703125 0.924555
vt 0.718750 0.924555
vt 0.734375 0.924555
vt 0.750000 0.924555
vt 0.765625 0.924555
vt 0.781250 0.924555
vt 0.796875 0.924555
vt 0.812500 0.924555
vt 0.828125 0.924555
vt 0.843750 0.924555
vt 0.859375 0.924555
vt 0.875000 0.924555
vt 0.890625 0.924555
vt 0.906250 0.924555
vt 0.921875 0.924555
vt 0.937500 0.924555
vt 0.953125 0.924555
vt 0.968750 0.924555
vt 0.984375 0.924555
vt 1.000000 0.924555
vt 0.015625 0.926111
vt 0.000000 0.926111
vt 0.031250 0.926111
vt 0.046875 0.926111
vt 0.062500 0.926111
vt 0.078125 0.926111
vt 0.093750 0.926111
vt 0.109375 0.926111
vt 0.125000 0.926111
vt 0.140625 0.926111
vt 0.156250 0.926111
vt 0.171875 0.926111
vt 0.187500 0.926111
vt 0.203125 0.926111
vt 0.218750 0.926111
vt 0.234375 0.926111
vt 0.250000 0.926111
vt 0.265625 0.926111
vt 0.312500 0.926111
vt 0.328125 0.926111
vt 0.343750 0.926111
vt 0.359375 0.926111
vt 0.375000 0.926111
vt 0.390625 0.926111
vt 0.406250 0.926111
vt 0.421875 0.926111
vt 0.437500 0.926111
vt 0.453125 0.926111
vt 0.468750 0.926111
vt 0.484375 0.926111
vt 0.500000 0.926111
vt 0.515625 0.926111
vt 0.531250 0.926111
vt 0.546875 0.926111
vt 0.562500 0.926111
vt 0.578125 0.926111
vt 0.593750 0.926111
vt 0.609375 0.926111
vt 0.625000 0.926111
vt 0.640625 0.926111
vt 0.656250 0.926111
vt 0.671875 0.926111
vt 0.687500 0.926111
vt 0.703125 0.926111
vt 0.718750 0.926111
vt 0.734375 0.926111
vt 0.750000 0.926111
vt 0.765625 0.926111
vt 0.781250 0.926111
vt 0.796875 0.926111
vt 0.812500 0.926111
vt 0.828125 0.926111
vt 0.843750 0.926111
vt 0.859375 0.926111
vt 0.875000 0.926111
vt 0.890625 0.926111
vt 0.906250 0.926111
vt 0.921875 0.926111
vt 0.937500 0.926111
vt 0.953125 0.926111
vt 0.968750 0.926111
vt 0.984375 0.926111
vt 1.000000 0.926111
vt 0.015625 0.927667
vt 0.000000 0.927667
vt 0.031250 0.927667
vt 0.046875 0.927667
vt 0.062500 0.927667
vt 0.078125 0.927667
vt 0.093750 0.927667
vt 0.109375 0.927667
vt 0.125000 0.927667
vt 0.140625 0.927667
vt 0.156250 0.927667
vt 0.171875 0.927667
vt 0.187500 0.927667
vt 0.203125 0.927667
vt 0.218750 0.927667
vt 0.234375 0.927667
vt 0.250000 0.927667
vt 0.265625 0.927667
vt 0.007812 0.000000
vt 0.312500 0.927667
vt 0.328125 0.927667
vt 0.343750 0.927667
vt 0.359375 0.927667
vt 0.375000 0.927667
vt 0.390625 0.927667
vt 0.406250 0.927667
vt 0.421875 0.927667
vt 0.437500 0.927667
vt 0.453125 0.927667
vt 0.468750 0.927667
vt 0.484375 0.927667
vt 0.500000 0.927667
vt 0.515625 0.927667
vt 0.531250 0.927667
vt 0.546875 0.927667
vt 0.562500 0.927667
vt 0.578125 0.927667
vt 0.593750 0.927667
vt 0.609375 0.927667
vt 0.625000 0.927667
vt 0.640625 0.927667
vt 0.656250 0.927667
vt 0.671875 0.927667
vt 0.687500 0.927667
vt 0.703125 0.927667
vt 0.718750 0.927667
vt 0.734375 0.927667
vt 0.750000 0.927667
vt 0.765625 0.927667
vt 0.781250 0.927667
vt 0.796875 0.927667
vt 0.812500 0.927667
vt 0.828125 0.927667
vt 0.843750 0.927667
vt 0.859375 0.927667
vt 0.875000 0.927667
vt 0.890625 0.927667
vt 0.906250 0.927667
vt 0.921875 0.927667
vt 0.937500 0.927667
vt 0.953125 0.927667
vt 0.968750 0.927667
vt 0.984375 0.927667
vt 1.000000 0.927667
vt 0.015625 0.929629
vt 0.000000 0.929629
vt 0.031250 0.929629
vt 0.046875 0.929629
vt 0.062500 0.929629
vt 0.078125 0.929629
vt 0.093750 0.929629
vt 0.109375 0.929629
vt 0.125000 0.929629
vt 0.140625 0.929629
vt 0.156250 0.929629
vt 0.171875 0.929629
vt 0.187500 0.929629
vt 0.203125 0.929629
vt 0.218750 0.929629
vt 0.234375 0.929629
vt 0.250000 0.929629
vt 0.265625 0.929629
vt 0.281250 0.929629
vt 0.296875 0.929629
vt 0.312500 0.929629
vt 0.328125 0.929629
vt 0.343750 0.929629
vt 0.359375 0.929629
vt 0.375000 0.929629
vt 0.390625 0.929629
vt 0.406250 0.929629
vt 0.421875 0.929629
vt 0.437500 0.929629
vt 0.453125 0.929629
vt 0.468750 0.929629
vt 0.484375 0.929629
vt 0.500000 0.929629
vt 0.515625 0.929629
vt 0.531250 0.929629
vt 0.546875 0.929629
vt 0.562500 0.929629
vt 0.578125 0.929629
vt 0.593750 0.929629
vt 0.609375 0.929629
vt 0.625000 0.929629
vt 0.640625 0.929629
vt 0.656250 0.929629
vt 0.671875 0.929629
vt 0.687500 0.929629
vt 0.703125 0.929629
vt 0.718750 0.929629
vt 0.734375 0.929629
vt 0.750000 0.929629
vt 0.765625 0.929629
vt 0.781250 0.929629
vt 0.796875 0.929629
vt 0.812500 0.929629
vt 0.828125 0.929629
vt 0.843750 0.929629
vt 0.859375 0.929629
vt 0.875000 0.929629
vt 0.890625 0.929629
vt 0.906250 0.929629
vt 0.921875 0.929629
vt 0.937500 0.929629
vt 0.953125 0.929629
vt 0.968750 0.929629
vt 0.984375 0.929629
vt 1.000000 0.929629
vt 0.015625 0.980112
vt 0.000000 0.980112
vt 0.031250 0.980112
vt 0.046875 0.980112
vt 0.062500 0.980112
vt 0.078125 0.980112
vt 0.093750 0.980112
vt 0.109375 0.980112
vt 0.125000 0.980112
vt 0.140625 0.980112
vt 0.156250 0.980112
vt 0.171875 0.980112
vt 0.187500 0.980112
vt 0.203125 0.980112
vt 0.218750 0.980112
vt 0.234375 0.980112
vt 0.250000 0.980112
vt 0.265625 0.980112
vt 0.281250 0.980112
vt 0.296875 0.980112
vt 0.312500 0.980112
vt 0.328125 0.980112
vt 0.343750 0.980112
vt 0.359375 0.980112
vt 0.375000 0.980112
vt 0.390625 0.980112
vt 0.406250 0.980112
vt 0.421875 0.980112
vt 0.437500 0.980112
vt 0.453125 0.980112
vt 0.468750 0.980112
vt 0.484375 0.980112
vt 0.500000 0.980112
vt 0.515625 0.980112
vt 0.531250 0.980112
vt 0.546875 0.980112
vt 0.562500 0.980112
vt 0.578125 0.980112
vt 0.593750 0.980112
vt 0.609375 0.980112
vt 0.625000 0.980112
vt 0.640625 0.980112
vt 0.656250 0.980112
vt 0.671875 0.980112
vt 0.687500 0.980112
vt 0.703125 0.980112
vt 0.718750 0.980112
vt 0.734375 0.980112
vt 0.750000 0.980112
vt 0.765625 0.980112
vt 0.781250 0.980112
vt 0.796875 0.980112
vt 0.812500 0.980112
vt 0.828125 0.980112
vt 0.843750 0.980112
vt 0.859375 0.980112
vt 0.875000 0.980112
vt 0.890625 0.980112
vt 0.906250 0.980112
vt 0.921875 0.980112
vt 0.937500 0.980112
vt 0.953125 0.980112
vt 0.968750 0.980112
vt 0.984375 0.980112
vt 1.000000 0.980112
vt 0.015625 0.987168
vt 0.000000 0.987168
vt 0.031250 0.987168
vt 0.046875 0.987168
vt 0.062500 0.987168
vt 0.078125 0.987168
vt 0.093750 0.987168
vt 0.109375 0.987168
vt 0.125000 0.987168
vt 0.140625 0.987168
vt 0.156250 0.987168
vt 0.171875 0.987168
vt 0.187500 0.987168
vt 0.203125 0.987168
vt 0.218750 0.987168
vt 0.234375 0.987168
vt 0.250000 0.987168
vt 0.265625 0.987168
vt 0.281250 0.987168
vt 0.296875 0.987168
vt 0.312500 0.987168
vt 0.328125 0.987168
vt 0.343750 0.987168
vt 0.359375 0.987168
vt 0.375000 0.987168
vt 0.390625 0.987168
vt 0.406250 0.987168
vt 0.421875 0.987168
vt 0.437500 0.987168
vt 0.453125 0.987168
vt 0.468750 0.987168
vt 0.484375 0.987168
vt 0.500000 0.987168
vt 0.515625 0.987168
vt 0.531250 0.987168
vt 0.546875 0.987168
vt 0.562500 0.987168
vt 0.578125 0.987168
vt 0.593750 0.987168
vt 0.609375 0.987168
vt 0.625000 0.987168
vt 0.640625 0.987168
vt 0.656250 0.987168
vt 0.671875 0.987168
vt 0.687500 0.987168
vt 0.703125 0.987168
vt 0.718750 0.987168
vt 0.734375 0.987168
vt 0.750000 0.987168
vt 0.765625 0.987168
vt 0.781250 0.987168
vt 0.796875 0.987168
vt 0.812500 0.987168
vt 0.828125 0.987168
vt 0.843750 0.987168
vt 0.859375 0.987168
vt 0.875000 0.987168
vt 0.890625 0.987168
vt 0.906250 0.987168
vt 0.921875 0.987168
vt 0.937500 0.987168
vt 0.953125 0.987168
vt 0.968750 0.987168
vt 0.984375 0.987168
vt 1.000000 0.987168
vt 0.015625 0.989483
vt 0.000000 0.989483
vt 0.031250 0.989483
vt 0.046875 0.989483
vt 0.062500 0.989483
vt 0.078125 0.989483
vt 0.093750 0.989483
vt 0.109375 0.989483
vt 0.125000 0.989483
vt 0.140625 0.989483
vt 0.156250 0.989483
vt 0.171875 0.989483
vt 0.187500 0.989483
vt 0.203125 0.989483
vt 0.218750 0.989483
vt 0.234375 0.989483
vt 0.250000 0.989483
vt 0.265625 0.989483
vt 0.281250 0.989483
vt 0.296875 0.989483
vt 0.312500 0.989483
vt 0.328125 0.989483
vt 0.343750 0.989483
vt 0.359375 0.989483
vt 0.375000 0.989483
vt 0.390625 0.989483
vt 0.406250 0.989483
vt 0.421875 0.989483
vt 0.437500 0.989483
vt 0.453125 0.989483
vt 0.468750 0.989483
vt 0.484375 0.989483
vt 0.500000 0.989483
vt 0.515625 0.989483
vt 0.531250 0.989483
vt 0.546875 0.989483
vt 0.562500 0.989483
vt 0.578125 0.989483
vt 0.593750 0.989483
vt 0.609375 0.989483
vt 0.625000 0.989483
vt 0.640625 0.989483
vt 0.656250 0.989483
vt 0.671875 0.989483
vt 0.687500 0.989483
vt 0.703125 0.989483
vt 0.718750 0.989483
vt 0.734375 0.989483
vt 0.750000 0.989483
vt 0.765625 0.989483
vt 0.781250 0.989483
vt 0.796875 0.989483
vt 0.812500 0.989483
vt 0.828125 0.989483
vt 0.843750 0.989483
vt 0.859375 0.989483
vt 0.875000 0.989483
vt 0.890625 0.989483
vt 0.906250 0.989483
vt 0.921875 0.989483
vt 0.937500 0.989483
vt 0.953125 0.989483
vt 0.968750 0.989483
vt 0.984375 0.989483
vt 1.000000 0.989483
vt 0.015625 1.015045
vt 0.000000 1.015045
vt 0.031250 1.015045
vt 0.046875 1.015045
vt 0.062500 1.015045
vt 0.078125 1.015045
vt 0.093750 1.015045
vt 0.109375 1.015045
vt 0.125000 1.015045
vt 0.140625 1.015045
vt 0.156250 1.015045
vt 0.171875 1.015045
vt 0.187500 1.015045
vt 0.203125 1.015045
vt 0.218750 1.015045
vt 0.234375 1.015045
vt 0.250000 1.015045
vt 0.265625 1.015045
vt 0.281250 1.015045
vt 0.296875 1.015045
vt 0.312500 1.015045
vt 0.328125 1.015045
vt 0.343750 1.015045
vt 0.359375 1.015045
vt 0.375000 1.015045
vt 0.390625 1.015045
vt 0.406250 1.015045
vt 0.421875 1.015045
vt 0.437500 1.015045
vt 0.453125 1.015045
vt 0.468750 1.015045
vt 0.484375 1.015045
vt 0.500000 1.015045
vt 0.515625 1.015045
vt 0.531250 1.015045
vt 0.546875 1.015045
vt 0.562500 1.015045
vt 0.578125 1.015045
vt 0.593750 1.015045
vt 0.609375 1.015045
vt 0.625000 1.015045
vt 0.640625 1.015045
vt 0.656250 1.015045
vt 0.671875 1.015045
vt 0.687500 1.015045
vt 0.703125 1.015045
vt 0.718750 1.015045
vt 0.734375 1.015045
vt 0.750000 1.015045
vt 0.765625 1.015045
vt 0.781250 1.015045
vt 0.796875 1.015045
vt 0.812500 1.015045
vt 0.828125 1.015045
vt 0.843750 1.015045
vt 0.859375 1.015045
vt 0.875000 1.015045
vt 0.890625 1.015045
vt 0.906250 1.015045
vt 0.921875 1.015045
vt 0.937500 1.015045
vt 0.953125 1.015045
vt 0.968750 1.015045
vt 0.984375 1.015045
vt 1.000000 1.015045
vt 0.015625 1.017360
vt 0.000000 1.017360
vt 0.031250 1.017360
vt 0.046875 1.017360
vt 0.062500 1.017360
vt 0.078125 1.017360
vt 0.093750 1.017360
vt 0.109375 1.017360
vt 0.125000 1.017360
vt 0.140625 1.017360
vt 0.156250 1.017360
vt 0.171875 1.017360
vt 0.187500 1.017360
vt 0.203125 1.017360
vt 0.218750 1.017360
vt 0.234375 1.017360
vt 0.250000 1.017360
vt 0.265625 1.017360
vt 0.281250 1.017360
vt 0.296875 1.017360
vt 0.312500 1.017360
vt 0.328125 1.017360
vt 0.343750 1.017360
vt 0.359375 1.017360
vt 0.375000 1.017360
vt 0.390625 1.017360
vt 0.406250 1.017360
vt 0.421875 1.017360
vt 0.437500 1.017360
vt 0.453125 1.017360
vt 0.468750 1.017360
vt 0.484375 1.017360
vt 0.500000 1.017360
vt 0.515625 1.017360
vt 0.531250 1.017360
vt 0.546875 1.017360
vt 0.562500 1.017360
vt 0.578125 1.017360
vt 0.593750 1.017360
vt 0.609375 1.017360
vt 0.625000 1.017360
vt 0.640625 1.017360
vt 0.656250 1.017360
vt 0.671875 1.017360
vt 0.687500 1.017360
vt 0.703125 1.017360
vt 0.718750 1.017360
vt 0.734375 1.017360
vt 0.750000 1.017360
vt 0.765625 1.017360
vt 0.781250 1.017360
vt 0.796875 1.017360
vt 0.812500 1.017360
vt 0.828125 1.017360
vt 0.843750 1.017360
vt 0.859375 1.017360
vt 0.875000 1.017360
vt 0.890625 1.017360
vt 0.906250 1.017360
vt 0.921875 1.017360
vt 0.937500 1.017360
vt 0.953125 1.017360
vt 0.968750 1.017360
vt 0.984375 1.017360
vt 1.000000 1.017360
vt 0.015625 1.024416
vt 0.000000 1.024416
vt 0.031250 1.024416
vt 0.046875 1.024416
vt 0.062500 1.024416
vt 0.078125 1.024416
vt 0.093750 1.024416
vt 0.109375 1.024416
vt 0.125000 1.024416
vt 0.140625 1.024416
vt 0.156250 1.024416
vt 0.171875 1.024416
vt 0.187500 1.024416
vt 0.203125 1.024416
vt 0.218750 1.024416
vt 0.234375 1.024416
vt 0.250000 1.024416
vt 0.265625 1.024416
vt 0.281250 1.024416
vt 0.296875 1.024416
vt 0.312500 1.024416
vt 0.328125 1.024416
vt 0.343750 1.024416
vt 0.359375 1.024416
vt 0.375000 1.024416
vt 0.390625 1.024416
vt 0.406250 1.024416
vt 0.421875 1.024416
vt 0.437500 1.024416
vt 0.453125 1.024416
vt 0.468750 1.024416
vt 0.484375 1.024416
vt 0.500000 1.024416
vt 0.515625 1.024416
vt 0.531250 1.024416
vt 0.546875 1.024416
vt 0.562500 1.024416
vt 0.578125 1.024416
vt 0.593750 1.024416
vt 0.609375 1.024416
vt 0.625000 1.024416
vt 0.640625 1.024416
vt 0.656250 1.024416
vt 0.671875 1.024416
vt 0.687500 1.024416
vt 0.703125 1.024416
vt 0.718750 1.024416
vt 0.734375 1.024416
vt 0.750000 1.024416
vt 0.765625 1.024416
vt 0.781250 1.024416
vt 0.796875 1.024416
vt 0.812500 1.024416
vt 0.828125 1.024416
vt 0.843750 1.024416
vt 0.859375 1.024416
vt 0.875000 1.024416
vt 0.890625 1.024416
vt 0.906250 1.024416
vt 0.921875 1.024416
vt 0.937500 1.024416
vt 0.953125 1.024416
vt 0.968750 1.024416
vt 0.984375 1.024416
vt 1.000000 1.024416
vt 0.015625 1.067058
vt 0.000000 1.067058
vt 0.031250 1.067058
vt 0.046875 1.067058
vt 0.062500 1.067058
vt 0.078125 1.067058
vt 0.093750 1.067058
vt 0.109375 1.067058
vt 0.125000 1.067058
vt 0.140625 1.067058
vt 0.156250 1.067058
vt 0.171875 1.067058
vt 0.187500 1.067058
vt 0.203125 1.067058
vt 0.218750 1.067058
vt 0.234375 1.067058
vt 0.250000 1.067058
vt 0.265625 1.067058
vt 0.281250 1.067058
vt 0.296875 1.067058
vt 0.312500 1.067058
vt 0.328125 1.067058
vt 0.343750 1.067058
vt 0.359375 1.067058
vt 0.375000 1.067058
vt 0.390625 1.067058
vt 0.406250 1.067058
vt 0.421875 1.067058
vt 0.437500 1.067058
vt 0.453125 1.067058
vt 0.468750 1.067058
vt 0.484375 1.067058
vt 0.500000 1.067058
vt 0.515625 1.067058
vt 0.531250 1.067058
vt 0.546875 1.067058
vt 0.562500 1.067058
vt 0.578125 1.067058
vt 0.593750 1.067058
vt 0.609375 1.067058
vt 0.625000 1.067058
vt 0.640625 1.067058
vt 0.656250 1.067058
vt 0.671875 1.067058
vt 0.687500 1.067058
vt 0.703125 1.067058
vt 0.718750 1.067058
vt 0.734375 1.067058
vt 0.750000 1.067058
vt 0.765625 1.067058
vt 0.781250 1.067058
vt 0.796875 1.067058
vt 0.812500 1.067058
vt 0.828125 1.067058
vt 0.843750 1.067058
vt 0.859375 1.067058
vt 0.875000 1.067058
vt 0.890625 1.067058
vt 0.906250 1.067058
vt 0.921875 1.067058
vt 0.937500 1.067058
vt 0.953125 1.067058
vt 0.968750 1.067058
vt 0.984375 1.067058
vt 1.000000 1.067058
vt 0.015625 1.068028
vt 0.000000 1.068028
vt 0.031250 1.068028
vt 0.046875 1.068028
vt 0.062500 1.068028
vt 0.078125 1.068028
vt 0.093750 1.068028
vt 0.109375 1.068028
vt 0.125000 1.068028
vt 0.140625 1.068028
vt 0.156250 1.068028
vt 0.171875 1.068028
vt 0.187500 1.068028
vt 0.203125 1.068028
vt 0.218750 1.068028
vt 0.234375 1.068028
vt 0.250000 1.068028
vt 0.265625 1.068028
vt 0.281250 1.068028
vt 0.296875 1.068028
vt 0.312500 1.068028
vt 0.328125 1.068028
vt 0.343750 1.068028
vt 0.359375 1.068028
vt 0.375000 1.068028
vt 0.390625 1.068028
vt 0.406250 1.068028
vt 0.421875 1.068028
vt 0.437500 1.068028
vt 0.453125 1.068028
vt 0.468750 1.068028
vt 0.484375 1.068028
vt 0.500000 1.068028
vt 0.515625 1.068028
vt 0.531250 1.068028
vt 0.546875 1.068028
vt 0.562500 1.068028
vt 0.578125 1.068028
vt 0.593750 1.068028
vt 0.609375 1.068028
vt 0.625000 1.068028
vt 0.640625 1.068028
vt 0.656250 1.068028
vt 0.671875 1.068028
vt 0.687500 1.068028
vt 0.703125 1.068028
vt 0.718750 1.068028
vt 0.734375 1.068028
vt 0.750000 1.068028
vt 0.765625 1.068028
vt 0.781250 1.068028
vt 0.796875 1.068028
vt 0.812500 1.068028
vt 0.828125 1.068028
vt 0.843750 1.068028
vt 0.859375 1.068028
vt 0.875000 1.068028
vt 0.890625 1.068028
vt 0.906250 1.068028
vt 0.921875 1.068028
vt 0.937500 1.068028
vt 0.953125 1.068028
vt 0.968750 1.068028
vt 0.984375 1.068028
vt 1.000000 1.068028
vt 0.015625 1.068863
vt 0.000000 1.068863
vt 0.031250 1.068863
vt 0.046875 1.068863
vt 0.062500 1.068863
vt 0.078125 1.068863
vt 0.093750 1.068863
vt 0.109375 1.068863
vt 0.125000 1.068863
vt 0.140625 1.068863
vt 0.156250 1.068863
vt 0.171875 1.068863
vt 0.187500 1.068863
vt 0.203125 1.068863
vt 0.218750 1.068863
vt 0.234375 1.068863
vt 0.250000 1.068863
vt 0.265625 1.068863
vt 0.281250 1.068863
vt 0.296875 1.068863
vt 0.312500 1.068863
vt 0.328125 1.068863
vt 0.343750 1.068863
vt 0.359375 1.068863
vt 0.375000 1.068863
vt 0.390625 1.068863
vt 0.406250 1.068863
vt 0.421875 1.068863
vt 0.437500 1.068863
vt 0.453125 1.068863
vt 0.468750 1.068863
vt 0.484375 1.068863
vt 0.500000 1.068863
vt 0.515625 1.068863
vt 0.531250 1.068863
vt 0.546875 1.068863
vt 0.562500 1.068863
vt 0.578125 1.068863
vt 0.593750 1.068863
vt 0.609375 1.068863
vt 0.625000 1.068863
vt 0.640625 1.068863
vt 0.656250 1.068863
vt 0.671875 1.068863
vt 0.687500 1.068863
vt 0.703125 1.068863
vt 0.718750 1.068863
vt 0.734375 1.068863
vt 0.750000 1.068863
vt 0.765625 1.068863
vt 0.781250 1.068863
vt 0.796875 1.068863
vt 0.812500 1.068863
vt 0.828125 1.068863
vt 0.843750 1.068863
vt 0.859375 1.068863
vt 0.875000 1.068863
vt 0.890625 1.068863
vt 0.906250 1.068863
vt 0.921875 1.068863
vt 0.937500 1.068863
vt 0.953125 1.068863
vt 0.968750 1.068863
vt 0.984375 1.068863
vt 1.000000 1.068863
vt 0.015625 1.069833
vt 0.000000 1.069833
vt 0.031250 1.069833
vt 0.046875 1.069833
vt 0.062500 1.069833
vt 0.078125 1.069833
vt 0.093750 1.069833
vt 0.109375 1.069833
vt 0.125000 1.069833
vt 0.140625 1.069833
vt 0.156250 1.069833
vt 0.171875 1.069833
vt 0.187500 1.069833
vt 0.203125 1.069833
vt 0.218750 1.069833
vt 0.234375 1.069833
vt 0.250000 1.069833
vt 0.265625 1.069833
vt 0.281250 1.069833
vt 0.296875 1.069833
vt 0.312500 1.069833
vt 0.328125 1.069833
vt 0.343750 1.069833
vt 0.359375 1.069833
vt 0.375000 1.069833
vt 0.390625 1.069833
vt 0.406250 1.069833
vt 0.421875 1.069833
vt 0.437500 1.069833
vt 0.453125 1.069833
vt 0.468750 1.069833
vt 0.484375 1.069833
vt 0.500000 1.069833
vt 0.515625 1.069833
vt 0.531250 1.069833
vt 0.546875 1.069833
vt 0.562500 1.069833
vt 0.578125 1.069833
vt 0.593750 1.069833
vt 0.609375 1.069833
vt 0.625000 1.069833
vt 0.640625 1.069833
vt 0.656250 1.069833
vt 0.671875 1.069833
vt 0.687500 1.069833
vt 0.703125 1.069833
vt 0.718750 1.069833
vt 0.734375 1.069833
vt 0.750000 1.069833
vt 0.765625 1.069833
vt 0.781250 1.069833
vt 0.796875 1.069833
vt 0.812500 1.069833
vt 0.828125 1.069833
vt 0.843750 1.069833
vt 0.859375 1.069833
vt 0.875000 1.069833
vt 0.890625 1.069833
vt 0.906250 1.069833
vt 0.921875 1.069833
vt 0.937500 1.069833
vt 0.953125 1.069833
vt 0.968750 1.069833
vt 0.984375 1.069833
vt 1.000000 1.069833
vt 0.015625 1.070205
vt 0.000000 1.070205
vt 0.031250 1.070205
vt 0.046875 1.070205
vt 0.062500 1.070205
vt 0.078125 1.070205
vt 0.093750 1.070205
vt 0.109375 1.070205
vt 0.125000 1.070205
vt 0.140625 1.070205
vt 0.156250 1.070205
vt 0.171875 1.070205
vt 0.187500 1.070205
vt 0.203125 1.070205
vt 0.218750 1.070205
vt 0.234375 1.070205
vt 0.250000 1.070205
vt 0.265625 1.070205
vt 0.281250 1.070205
vt 0.296875 1.070205
vt 0.312500 1.070205
vt 0.328125 1.070205
vt 0.343750 1.070205
vt 0.359375 1.070205
vt 0.375000 1.070205
vt 0.390625 1.070205
vt 0.406250 1.070205
vt 0.421875 1.070205
vt 0.437500 1.070205
vt 0.453125 1.070205
vt 0.468750 1.070205
vt 0.484375 1.070205
vt 0.500000 1.070205
vt 0.515625 1.070205
vt 0.531250 1.070205
vt 0.546875 1.070205
vt 0.562500 1.070205
vt 0.578125 1.070205
vt 0.593750 1.070205
vt 0.609375 1.070205
vt 0.625000 1.070205
vt 0.640625 1.070205
vt 0.656250 1.070205
vt 0.671875 1.070205
vt 0.687500 1.070205
vt 0.703125 1.070205
vt 0.718750 1.070205
vt 0.734375 1.070205
vt 0.750000 1.070205
vt 0.765625 1.070205
vt 0.781250 1.070205
vt 0.796875 1.070205
vt 0.812500 1.070205
vt 0.828125 1.070205
vt 0.843750 1.070205
vt 0.859375 1.070205
vt 0.875000 1.070205
vt 0.890625 1.070205
vt 0.906250 1.070205
vt 0.921875 1.070205
vt 0.937500 1.070205
vt 0.953125 1.070205
vt 0.968750 1.070205
vt 0.984375 1.070205
vt 1.000000 1.070205
vt 0.015625 1.072645
vt 0.000000 1.072645
vt 0.031250 1.072645
vt 0.046875 1.072645
vt 0.062500 1.072645
vt 0.078125 1.072645
vt 0.093750 1.072645
vt 0.109375 1.072645
vt 0.125000 1.072645
vt 0.140625 1.072645
vt 0.156250 1.072645
vt 0.171875 1.072645
vt 0.187500 1.072645
vt 0.203125 1.072645
vt 0.218750 1.072645
vt 0.234375 1.072645
vt 0.250000 1.072645
vt 0.265625 1.072645
vt 0.281250 1.072645
vt 0.296875 1.072645
vt 0.312500 1.072645
vt 0.328125 1.072645
vt 0.343750 1.072645
vt 0.359375 1.072645
vt 0.375000 1.072645
vt 0.390625 1.072645
vt 0.406250 1.072645
vt 0.421875 1.072645
vt 0.437500 1.072645
vt 0.453125 1.072645
vt 0.468750 1.072645
vt 0.484375 1.072645
vt 0.500000 1.072645
vt 0.515625 1.072645
vt 0.531250 1.072645
vt 0.546875 1.072645
vt 0.562500 1.072645
vt 0.578125 1.072645
vt 0.593750 1.072645
vt 0.609375 1.072645
vt 0.625000 1.072645
vt 0.640625 1.072645
vt 0.656250 1.072645
vt 0.671875 1.072645
vt 0.687500 1.072645
vt 0.703125 1.072645
vt 0.718750 1.072645
vt 0.734375 1.072645
vt 0.750000 1.072645
vt 0.765625 1.072645
vt 0.781250 1.072645
vt 0.796875 1.072645
vt 0.812500 1.072645
vt 0.828125 1.072645
vt 0.843750 1.072645
vt 0.859375 1.072645
vt 0.875000 1.072645
vt 0.890625 1.072645
vt 0.906250 1.072645
vt 0.921875 1.072645
vt 0.937500 1.072645
vt 0.953125 1.072645
vt 0.968750 1.072645
vt 0.984375 1.072645
vt 1.000000 1.072645
vt 0.015625 1.101154
vt 0.000000 1.101154
vt 0.031250 1.101154
vt 0.046875 1.101154
vt 0.062500 1.101154
vt 0.078125 1.101154
vt 0.093750 1.101154
vt 0.109375 1.101154
vt 0.125000 1.101154
vt 0.140625 1.101154
vt 0.156250 1.101154
vt 0.171875 1.101154
vt 0.187500 1.101154
vt 0.203125 1.101154
vt 0.218750 1.101154
vt 0.234375 1.101154
vt 0.250000 1.101154
vt 0.265625 1.101154
vt 0.281250 1.101154
vt 0.296875 1.101154
vt 0.312500 1.101154
vt 0.328125 1.101154
vt 0.343750 1.101154
vt 0.359375 1.101154
vt 0.375000 1.101154
vt 0.390625 1.101154
vt 0.406250 1.101154
vt 0.421875 1.101154
vt 0.437500 1.101154
vt 0.453125 1.101154
vt 0.468750 1.101154
vt 0.484375 1.101154
vt 0.500000 1.101154
vt 0.515625 1.101154
vt 0.531250 1.101154
vt 0.546875 1.101154
vt 0.562500 1.101154
vt 0.578125 1.101154
vt 0.593750 1.101154
vt 0.609375 1.101154
vt 0.625000 1.101154
vt 0.640625 1.101154
vt 0.656250 1.101154
vt 0.671875 1.101154
vt 0.687500 1.101154
vt 0.703125 1.101154
vt 0.718750 1.101154
vt 0.734375 1.101154
vt 0.750000 1.101154
vt 0.765625 1.101154
vt 0.781250 1.101154
vt 0.796875 1.101154
vt 0.812500 1.101154
vt 0.828125 1.101154
vt 0.843750 1.101154
vt 0.859375 1.101154
vt 0.875000 1.101154
vt 0.890625 1.101154
vt 0.906250 1.101154
vt 0.921875 1.101154
vt 0.937500 1.101154
vt 0.953125 1.101154
vt 0.968750 1.101154
vt 0.984375 1.101154
vt 1.000000 1.101154
vt 0.015625 1.103893
vt 0.000000 1.103893
vt 0.031250 1.103893
vt 0.046875 1.103893
vt 0.062500 1.103893
vt 0.078125 1.103893
vt 0.093750 1.103893
vt 0.109375 1.103893
vt 0.125000 1.103893
vt 0.140625 1.103893
vt 0.156250 1.103893
vt 0.171875 1.103893
vt 0.187500 1.103893
vt 0.203125 1.103893
vt 0.218750 1.103893
vt 0.234375 1.103893
vt 0.250000 1.103893
vt 0.265625 1.103893
vt 0.281250 1.103893
vt 0.296875 1.103893
vt 0.312500 1.103893
vt 0.328125 1.103893
vt 0.343750 1.103893
vt 0.359375 1.103893
vt 0.375000 1.103893
vt 0.390625 1.103893
vt 0.406250 1.103893
vt 0.421875 1.103893
vt 0.437500 1.103893
vt 0.453125 1.103893
vt 0.468750 1.103893
vt 0.484375 1.103893
vt 0.500000 1.103893
vt 0.515625 1.103893
vt 0.531250 1.103893
vt 0.546875 1.103893
vt 0.562500 1.103893
vt 0.578125 1.103893
vt 0.593750 1.103893
vt 0.609375 1.103893
vt 0.625000 1.103893
vt 0.640625 1.103893
vt 0.656250 1.103893
vt 0.671875 1.103893
vt 0.687500 1.103893
vt 0.703125 1.103893
vt 0.718750 1.103893
vt 0.734375 1.103893
vt 0.750000 1.103893
vt 0.765625 1.103893
vt 0.781250 1.103893
vt 0.796875 1.103893
vt 0.812500 1.103893
vt 0.828125 1.103893
vt 0.843750 1.103893
vt 0.859375 1.103893
vt 0.875000 1.103893
vt 0.890625 1.103893
vt 0.906250 1.103893
vt 0.921875 1.103893
vt 0.937500 1.103893
vt 0.953125 1.103893
vt 0.968750 1.103893
vt 0.984375 1.103893
vt 1.000000 1.103893
vt 0.015625 1.111214
vt 0.000000 1.111214
vt 0.031250 1.111214
vt 0.046875 1.111214
vt 0.062500 1.111214
vt 0.078125 1.111214
vt 0.093750 1.111214
vt 0.109375 1.111214
vt 0.125000 1.111214
vt 0.140625 1.111214
vt 0.156250 1.111214
vt 0.171875 1.111214
vt 0.187500 1.111214
vt 0.203125 1.111214
vt 0.218750 1.111214
vt 0.234375 1.111214
vt 0.250000 1.111214
vt 0.265625 1.111214
vt 0.281250 1.111214
vt 0.296875 1.111214
vt 0.312500 1.111214
vt 0.328125 1.111214
vt 0.343750 1.111214
vt 0.359375 1.111214
vt 0.375000 1.111214
vt 0.390625 1.111214
vt 0.406250 1.111214
vt 0.421875 1.111214
vt 0.437500 1.111214
vt 0.453125 1.111214
vt 0.468750 1.111214
vt 0.484375 1.111214
vt 0.500000 1.111214
vt 0.515625 1.111214
vt 0.531250 1.111214
vt 0.546875 1.111214
vt 0.562500 1.111214
vt 0.578125 1.111214
vt 0.593750 1.111214
vt 0.609375 1.111214
vt 0.625000 1.111214
vt 0.640625 1.111214
vt 0.656250 1.111214
vt 0.671875 1.111214
vt 0.687500 1.111214
vt 0.703125 1.111214
vt 0.718750 1.111214
vt 0.734375 1.111214
vt 0.750000 1.111214
vt 0.765625 1.111214
vt 0.781250 1.111214
vt 0.796875 1.111214
vt 0.812500 1.111214
vt 0.828125 1.111214
vt 0.843750 1.111214
vt 0.859375 1.111214
vt 0.875000 1.111214
vt 0.890625 1.111214
vt 0.906250 1.111214
vt 0.921875 1.111214
vt 0.937500 1.111214
vt 0.953125 1.111214
vt 0.968750 1.111214
vt 0.984375 1.111214
vt 1.000000 1.111214
vt 0.015625 1.113890
vt 0.000000 1.113890
vt 0.031250 1.113890
vt 0.046875 1.113890
vt 0.062500 1.113890
vt 0.078125 1.113890
vt 0.093750 1.113890
vt 0.109375 1.113890
vt 0.125000 1.113890
vt 0.140625 1.113890
vt 0.156250 1.113890
vt 0.171875 1.113890
vt 0.187500 1.113890
vt 0.203125 1.113890
vt 0.218750 1.113890
vt 0.234375 1.113890
vt 0.250000 1.113890
vt 0.265625 1.113890
vt 0.281250 1.113890
vt 0.296875 1.113890
vt 0.312500 1.113890
vt 0.328125 1.113890
vt 0.343750 1.113890
vt 0.359375 1.113890
vt 0.375000 1.113890
vt 0.390625 1.113890
vt 0.406250 1.113890
vt 0.421875 1.113890
vt 0.437500 1.113890
vt 0.453125 1.113890
vt 0.468750 1.113890
vt 0.484375 1.113890
vt 0.500000 1.113890
vt 0.515625 1.113890
vt 0.531250 1.113890
vt 0.546875 1.113890
vt 0.562500 1.113890
vt 0.578125 1.113890
vt 0.593750 1.113890
vt 0.609375 1.113890
vt 0.625000 1.113890
vt 0.640625 1.113890
vt 0.656250 1.113890
vt 0.671875 1.113890
vt 0.687500 1.113890
vt 0.703125 1.113890
vt 0.718750 1.113890
vt 0.734375 1.113890
vt 0.750000 1.113890
vt 0.765625 1.113890
vt 0.781250 1.113890
vt 0.796875 1.113890
vt 0.812500 1.113890
vt 0.828125 1.113890
vt 0.843750 1.113890
vt 0.859375 1.113890
vt 0.875000 1.113890
vt 0.890625 1.113890
vt 0.906250 1.113890
vt 0.921875 1.113890
vt 0.937500 1.113890
vt 0.953125 1.113890
vt 0.968750 1.113890
vt 0.984375 1.113890
vt 1.000000 1.113890
vt 0.015625 1.147939
vt 0.000000 1.147939
vt 0.031250 1.147939
vt 0.046875 1.147939
vt 0.062500 1.147939
vt 0.078125 1.147939
vt 0.093750 1.147939
vt 0.109375 1.147939
vt 0.125000 1.147939
vt 0.140625 1.147939
vt 0.156250 1.147939
vt 0.171875 1.147939
vt 0.187500 1.147939
vt 0.203125 1.147939
vt 0.218750 1.147939
vt 0.234375 1.147939
vt 0.250000 1.147939
vt 0.265625 1.147939
vt 0.281250 1.147939
vt 0.296875 1.147939
vt 0.312500 1.147939
vt 0.328125 1.147939
vt 0.343750 1.147939
vt 0.359375 1.147939
vt 0.375000 1.147939
vt 0.390625 1.147939
vt 0.406250 1.147939
vt 0.421875 1.147939
vt 0.437500 1.147939
vt 0.453125 1.147939
vt 0.468750 1.147939
vt 0.484375 1.147939
vt 0.500000 1.147939
vt 0.515625 1.147939
vt 0.531250 1.147939
vt 0.546875 1.147939
vt 0.562500 1.147939
vt 0.578125 1.147939
vt 0.593750 1.147939
vt 0.609375 1.147939
vt 0.625000 1.147939
vt 0.640625 1.147939
vt 0.656250 1.147939
vt 0.671875 1.147939
vt 0.687500 1.147939
vt 0.703125 1.147939
vt 0.718750 1.147939
vt 0.734375 1.147939
vt 0.750000 1.147939
vt 0.765625 1.147939
vt 0.781250 1.147939
vt 0.796875 1.147939
vt 0.812500 1.147939
vt 0.828125 1.147939
vt 0.843750 1.147939
vt 0.859375 1.147939
vt 0.875000 1.147939
vt 0.890625 1.147939
vt 0.906250 1.147939
vt 0.921875 1.147939
vt 0.937500 1.147939
vt 0.953125 1.147939
vt 0.968750 1.147939
vt 0.984375 1.147939
vt 1.000000 1.147939
vt 0.015625 1.151372
vt 0.000000 1.151372
vt 0.031250 1.151372
vt 0.046875 1.151372
vt 0.062500 1.151372
vt 0.078125 1.151372
vt 0.093750 1.151372
vt 0.109375 1.151372
vt 0.125000 1.151372
vt 0.140625 1.151372
vt 0.156250 1.151372
vt 0.171875 1.151372
vt 0.187500 1.151372
vt 0.203125 1.151372
vt 0.218750 1.151372
vt 0.234375 1.151372
vt 0.250000 1.151372
vt 0.265625 1.151372
vt 0.281250 1.151372
vt 0.296875 1.151372
vt 0.312500 1.151372
vt 0.328125 1.151372
vt 0.343750 1.151372
vt 0.359375 1.151372
vt 0.375000 1.151372
vt 0.390625 1.151372
vt 0.406250 1.151372
vt 0.421875 1.151372
vt 0.437500 1.151372
vt 0.453125 1.151372
vt 0.468750 1.151372
vt 0.484375 1.151372
vt 0.500000 1.151372
vt 0.515625 1.151372
vt 0.531250 1.151372
vt 0.546875 1.151372
vt 0.562500 1.151372
vt 0.578125 1.151372
vt 0.593750 1.151372
vt 0.609375 1.151372
vt 0.625000 1.151372
vt 0.640625 1.151372
vt 0.656250 1.151372
vt 0.671875 1.151372
vt 0.687500 1.151372
vt 0.703125 1.151372
vt 0.718750 1.151372
vt 0.734375 1.151372
vt 0.750000 1.151372
vt 0.765625 1.151372
vt 0.781250 1.151372
vt 0.796875 1.151372
vt 0.812500 1.151372
vt 0.828125 1.151372
vt 0.843750 1.151372
vt 0.859375 1.151372
vt 0.875000 1.151372
vt 0.890625 1.151372
vt 0.906250 1.151372
vt 0.921875 1.151372
vt 0.937500 1.151372
vt 0.953125 1.151372
vt 0.968750 1.151372
vt 0.984375 1.151372
vt 1.000000 1.151372
vt 0.015625 1.186064
vt 0.000000 1.186064
vt 0.031250 1.186064
vt 0.046875 1.186064
vt 0.062500 1.186064
vt 0.078125 1.186064
vt 0.093750 1.186064
vt 0.109375 1.186064
vt 0.125000 1.186064
vt 0.140625 1.186064
vt 0.156250 1.186064
vt 0.171875 1.186064
vt 0.187500 1.186064
vt 0.203125 1.186064
vt 0.218750 1.186064
vt 0.234375 1.186064
vt 0.250000 1.186064
vt 0.265625 1.186064
vt 0.281250 1.186064
vt 0.296875 1.186064
vt 0.312500 1.186064
vt 0.328125 1.186064
vt 0.343750 1.186064
vt 0.359375 1.186064
vt 0.375000 1.186064
vt 0.390625 1.186064
vt 0.406250 1.186064
vt 0.421875 1.186064
vt 0.437500 1.186064
vt 0.453125 1.186064
vt 0.468750 1.186064
vt 0.484375 1.186064
vt 0.500000 1.186064
vt 0.515625 1.186064
vt 0.531250 1.186064
vt 0.546875 1.186064
vt 0.562500 1.186064
vt 0.578125 1.186064
vt 0.593750 1.186064
vt 0.609375 1.186064
vt 0.625000 1.186064
vt 0.640625 1.186064
vt 0.656250 1.186064
vt 0.671875 1.186064
vt 0.687500 1.186064
vt 0.703125 1.186064
vt 0.718750 1.186064
vt 0.734375 1.186064
vt 0.750000 1.186064
vt 0.765625 1.186064
vt 0.781250 1.186064
vt 0.796875 1.186064
vt 0.812500 1.186064
vt 0.828125 1.186064
vt 0.843750 1.186064
vt 0.859375 1.186064
vt 0.875000 1.186064
vt 0.890625 1.186064
vt 0.906250 1.186064
vt 0.921875 1.186064
vt 0.937500 1.186064
vt 0.953125 1.186064
vt 0.968750 1.186064
vt 0.984375 1.186064
vt 1.000000 1.186064
vt 0.015625 1.227358
vt 0.000000 1.227358
vt 0.031250 1.227358
vt 0.046875 1.227358
vt 0.062500 1.227358
vt 0.078125 1.227358
vt 0.093750 1.227358
vt 0.109375 1.227358
vt 0.125000 1.227358
vt 0.140625 1.227358
vt 0.156250 1.227358
vt 0.171875 1.227358
vt 0.187500 1.227358
vt 0.203125 1.227358
vt 0.218750 1.227358
vt 0.234375 1.227358
vt 0.250000 1.227358
vt 0.265625 1.227358
vt 0.281250 1.227358
vt 0.296875 1.227358
vt 0.312500 1.227358
vt 0.328125 1.227358
vt 0.343750 1.227358
vt 0.359375 1.227358
vt 0.375000 1.227358
vt 0.390625 1.227358
vt 0.406250 1.227358
vt 0.421875 1.227358
vt 0.437500 1.227358
vt 0.453125 1.227358
vt 0.468750 1.227358
vt 0.484375 1.227358
vt 0.500000 1.227358
vt 0.515625 1.227358
vt 0.531250 1.227358
vt 0.546875 1.227358
vt 0.562500 1.227358
vt 0.578125 1.227358
vt 0.593750 1.227358
vt 0.609375 1.227358
vt 0.625000 1.227358
vt 0.640625 1.227358
vt 0.656250 1.227358
vt 0.671875 1.227358
vt 0.687500 1.227358
vt 0.703125 1.227358
vt 0.718750 1.227358
vt 0.734375 1.227358
vt 0.750000 1.227358
vt 0.765625 1.227358
vt 0.781250 1.227358
vt 0.796875 1.227358
vt 0.812500 1.227358
vt 0.828125 1.227358
vt 0.843750 1.227358
vt 0.859375 1.227358
vt 0.875000 1.227358
vt 0.890625 1.227358
vt 0.906250 1.227358
vt 0.921875 1.227358
vt 0.937500 1.227358
vt 0.953125 1.227358
vt 0.968750 1.227358
vt 0.984375 1.227358
vt 1.000000 1.227358
vt 0.015625 1.270998
vt 0.000000 1.270998
vt 0.031250 1.270998
vt 0.046875 1.270998
vt 0.062500 1.270998
vt 0.078125 1.270998
vt 0.093750 1.270998
vt 0.109375 1.270998
vt 0.125000 1.270998
vt 0.140625 1.270998
vt 0.156250 1.270998
vt 0.171875 1.270998
vt 0.187500 1.270998
vt 0.203125 1.270998
vt 0.218750 1.270998
vt 0.234375 1.270998
vt 0.250000 1.270998
vt 0.265625 1.270998
vt 0.281250 1.270998
vt 0.296875 1.270998
vt 0.312500 1.270998
vt 0.328125 1.270998
vt 0.343750 1.270998
vt 0.359375 1.270998
vt 0.375000 1.270998
vt 0.390625 1.270998
vt 0.406250 1.270998
vt 0.421875 1.270998
vt 0.437500 1.270998
vt 0.453125 1.270998
vt 0.468750 1.270998
vt 0.484375 1.270998
vt 0.500000 1.270998
vt 0.515625 1.270998
vt 0.531250 1.270998
vt 0.546875 1.270998
vt 0.562500 1.270998
vt 0.578125 1.270998
vt 0.593750 1.270998
vt 0.609375 1.270998
vt 0.625000 1.270998
vt 0.640625 1.270998
vt 0.656250 1.270998
vt 0.671875 1.270998
vt 0.687500 1.270998
vt 0.703125 1.270998
vt 0.718750 1.270998
vt 0.734375 1.270998
vt 0.750000 1.270998
vt 0.765625 1.270998
vt 0.781250 1.270998
vt 0.796875 1.270998
vt 0.812500 1.270998
vt 0.828125 1.270998
vt 0.843750 1.270998
vt 0.859375 1.270998
vt 0.875000 1.270998
vt 0.890625 1.270998
vt 0.906250 1.270998
vt 0.921875 1.270998
vt 0.937500 1.270998
vt 0.953125 1.270998
vt 0.968750 1.270998
vt 0.984375 1.270998
vt 1.000000 1.270998
vt 0.015625 1.315149
vt 0.000000 1.315149
vt 0.031250 1.315149
vt 0.046875 1.315149
vt 0.062500 1.315149
vt 0.078125 1.315149
vt 0.093750 1.315149
vt 0.109375 1.315149
vt 0.125000 1.315149
vt 0.140625 1.315149
vt 0.156250 1.315149
vt 0.171875 1.315149
vt 0.187500 1.315149
vt 0.203125 1.315149
vt 0.218750 1.315149
vt 0.234375 1.315149
vt 0.250000 1.315149
vt 0.265625 1.315149
vt 0.281250 1.315149
vt 0.296875 1.315149
vt 0.312500 1.315149
vt 0.328125 1.315149
vt 0.343750 1.315149
vt 0.359375 1.315149
vt 0.375000 1.315149
vt 0.390625 1.315149
vt 0.406250 1.315149
vt 0.421875 1.315149
vt 0.437500 1.315149
vt 0.453125 1.315149
vt 0.468750 1.315149
vt 0.484375 1.315149
vt 0.500000 1.315149
vt 0.515625 1.315149
vt 0.531250 1.315149
vt 0.546875 1.315149
vt 0.562500 1.315149
vt 0.578125 1.315149
vt 0.593750 1.315149
vt 0.609375 1.315149
vt 0.625000 1.315149
vt 0.640625 1.315149
vt 0.656250 1.315149
vt 0.671875 1.315149
vt 0.687500 1.315149
vt 0.703125 1.315149
vt 0.718750 1.315149
vt 0.734375 1.315149
vt 0.750000 1.315149
vt 0.765625 1.315149
vt 0.781250 1.315149
vt 0.796875 1.315149
vt 0.812500 1.315149
vt 0.828125 1.315149
vt 0.843750 1.315149
vt 0.859375 1.315149
vt 0.875000 1.315149
vt 0.890625 1.315149
vt 0.906250 1.315149
vt 0.921875 1.315149
vt 0.937500 1.315149
vt 0.953125 1.315149
vt 0.968750 1.315149
vt 0.984375 1.315149
vt 1.000000 1.315149
vt 0.015625 1.358080
vt 0.000000 1.358080
vt 0.031250 1.358080
vt 0.046875 1.358080
vt 0.062500 1.358080
vt 0.078125 1.358080
vt 0.093750 1.358080
vt 0.109375 1.358080
vt 0.125000 1.358080
vt 0.140625 1.358080
vt 0.156250 1.358080
vt 0.171875 1.358080
vt 0.187500 1.358080
vt 0.203125 1.358080
vt 0.218750 1.358080
vt 0.234375 1.358080
vt 0.250000 1.358080
vt 0.265625 1.358080
vt 0.281250 1.358080
vt 0.296875 1.358080
vt 0.312500 1.358080
vt 0.328125 1.358080
vt 0.343750 1.358080
vt 0.359375 1.358080
vt 0.375000 1.358080
vt 0.390625 1.358080
vt 0.406250 1.358080
vt 0.421875 1.358080
vt 0.437500 1.358080
vt 0.453125 1.358080
vt 0.468750 1.358080
vt 0.484375 1.358080
vt 0.500000 1.358080
vt 0.515625 1.358080
vt 0.531250 1.358080
vt 0.546875 1.358080
vt 0.562500 1.358080
vt 0.578125 1.358080
vt 0.593750 1.358080
vt 0.609375 1.358080
vt 0.625000 1.358080
vt 0.640625 1.358080
vt 0.656250 1.358080
vt 0.671875 1.358080
vt 0.687500 1.358080
vt 0.703125 1.358080
vt 0.718750 1.358080
vt 0.734375 1.358080
vt 0.750000 1.358080
vt 0.765625 1.358080
vt 0.781250 1.358080
vt 0.796875 1.358080
vt 0.812500 1.358080
vt 0.828125 1.358080
vt 0.843750 1.358080
vt 0.859375 1.358080
vt 0.875000 1.358080
vt 0.890625 1.358080
vt 0.906250 1.358080
vt 0.921875 1.358080
vt 0.937500 1.358080
vt 0.953125 1.358080
vt 0.968750 1.358080
vt 0.984375 1.358080
vt 1.000000 1.358080
vt 0.015625 1.398249
vt 0.000000 1.398249
vt 0.031250 1.398249
vt 0.046875 1.398249
vt 0.062500 1.398249
vt 0.078125 1.398249
vt 0.093750 1.398249
vt 0.109375 1.398249
vt 0.125000 1.398249
vt 0.140625 1.398249
vt 0.156250 1.398249
vt 0.171875 1.398249
vt 0.187500 1.398249
vt 0.203125 1.398249
vt 0.218750 1.398249
vt 0.234375 1.398249
vt 0.250000 1.398249
vt 0.265625 1.398249
vt 0.281250 1.398249
vt 0.296875 1.398249
vt 0.312500 1.398249
vt 0.328125 1.398249
vt 0.343750 1.398249
vt 0.359375 1.398249
vt 0.375000 1.398249
vt 0.390625 1.398249
vt 0.406250 1.398249
vt 0.421875 1.398249
vt 0.437500 1.398249
vt 0.453125 1.398249
vt 0.468750 1.398249
vt 0.484375 1.398249
vt 0.500000 1.398249
vt 0.515625 1.398249
vt 0.531250 1.398249
vt 0.546875 1.398249
vt 0.562500 1.398249
vt 0.578125 1.398249
vt 0.593750 1.398249
vt 0.609375 1.398249
vt 0.625000 1.398249
vt 0.640625 1.398249
vt 0.656250 1.398249
vt 0.671875 1.398249
vt 0.687500 1.398249
vt 0.703125 1.398249
vt 0.718750 1.398249
vt 0.734375 1.398249
vt 0.750000 1.398249
vt 0.765625 1.398249
vt 0.781250 1.398249
vt 0.796875 1.398249
vt 0.812500 1.398249
vt 0.828125 1.398249
vt 0.843750 1.398249
vt 0.859375 1.398249
vt 0.875000 1.398249
vt 0.890625 1.398249
vt 0.906250 1.398249
vt 0.921875 1.398249
vt 0.937500 1.398249
vt 0.953125 1.398249
vt 0.968750 1.398249
vt 0.984375 1.398249
vt 1.000000 1.398249
vt 0.015625 1.434493
vt 0.000000 1.434493
vt 0.031250 1.434493
vt 0.046875 1.434493
vt 0.062500 1.434493
vt 0.078125 1.434493
vt 0.093750 1.434493
vt 0.109375 1.434493
vt 0.125000 1.434493
vt 0.140625 1.434493
vt 0.156250 1.434493
vt 0.171875 1.434493
vt 0.187500 1.434493
vt 0.203125 1.434493
vt 0.218750 1.434493
vt 0.234375 1.434493
vt 0.250000 1.434493
vt 0.265625 1.434493
vt 0.281250 1.434493
vt 0.296875 1.434493
vt 0.312500 1.434493
vt 0.328125 1.434493
vt 0.343750 1.434493
vt 0.359375 1.434493
vt 0.375000 1.434493
vt 0.390625 1.434493
vt 0.406250 1.434493
vt 0.421875 1.434493
vt 0.437500 1.434493
vt 0.453125 1.434493
vt 0.468750 1.434493
vt 0.484375 1.434493
vt 0.500000 1.434493
vt 0.515625 1.434493
vt 0.531250 1.434493
vt 0.546875 1.434493
vt 0.562500 1.434493
vt 0.578125 1.434493
vt 0.593750 1.434493
vt 0.609375 1.434493
vt 0.625000 1.434493
vt 0.640625 1.434493
vt 0.656250 1.434493
vt 0.671875 1.434493
vt 0.687500 1.434493
vt 0.703125 1.434493
vt 0.718750 1.434493
vt 0.734375 1.434493
vt 0.750000 1.434493
vt 0.765625 1.434493
vt 0.781250 1.434493
vt 0.796875 1.434493
vt 0.812500 1.434493
vt 0.828125 1.434493
vt 0.843750 1.434493
vt 0.859375 1.434493
vt 0.875000 1.434493
vt 0.890625 1.434493
vt 0.906250 1.434493
vt 0.921875 1.434493
vt 0.937500 1.434493
vt 0.953125 1.434493
vt 0.968750 1.434493
vt 0.984375 1.434493
vt 1.000000 1.434493
vt 0.015625 1.453560
vt 0.000000 1.453560
vt 0.031250 1.453560
vt 0.046875 1.453560
vt 0.062500 1.453560
vt 0.078125 1.453560
vt 0.093750 1.453560
vt 0.109375 1.453560
vt 0.125000 1.453560
vt 0.140625 1.453560
vt 0.156250 1.453560
vt 0.171875 1.453560
vt 0.187500 1.453560
vt 0.203125 1.453560
vt 0.218750 1.453560
vt 0.234375 1.453560
vt 0.250000 1.453560
vt 0.265625 1.453560
vt 0.281250 1.453560
vt 0.296875 1.453560
vt 0.312500 1.453560
vt 0.328125 1.453560
vt 0.343750 1.453560
vt 0.359375 1.453560
vt 0.375000 1.453560
vt 0.390625 1.453560
vt 0.406250 1.453560
vt 0.421875 1.453560
vt 0.437500 1.453560
vt 0.453125 1.453560
vt 0.468750 1.453560
vt 0.484375 1.453560
vt 0.500000 1.453560
vt 0.515625 1.453560
vt 0.531250 1.453560
vt 0.546875 1.453560
vt 0.562500 1.453560
vt 0.578125 1.453560
vt 0.593750 1.453560
vt 0.609375 1.453560
vt 0.625000 1.453560
vt 0.640625 1.453560
vt 0.656250 1.453560
vt 0.671875 1.453560
vt 0.687500 1.453560
vt 0.703125 1.453560
vt 0.718750 1.453560
vt 0.734375 1.453560
vt 0.750000 1.453560
vt 0.765625 1.453560
vt 0.781250 1.453560
vt 0.796875 1.453560
vt 0.812500 1.453560
vt 0.828125 1.453560
vt 0.843750 1.453560
vt 0.859375 1.453560
vt 0.875000 1.453560
vt 0.890625 1.453560
vt 0.906250 1.453560
vt 0.921875 1.453560
vt 0.937500 1.453560
vt 0.953125 1.453560
vt 0.968750 1.453560
vt 0.984375 1.453560
vt 1.000000 1.453560
vt 0.015625 1.469824
vt 0.000000 1.469824
vt 0.031250 1.469824
vt 0.046728 1.467194
vt 0.062500 1.462764
vt 0.054183 1.463899
vt 0.070817 1.463899
vt 0.062500 1.462764
vt 0.081295 1.469824
vt 0.078272 1.467194
vt 0.109375 1.469824
vt 0.093750 1.469824
vt 0.125000 1.469824
vt 0.140625 1.469824
vt 0.156250 1.469824
vt 0.171728 1.467194
vt 0.179183 1.463899
vt 0.203125 1.467130
vt 0.195817 1.463899
vt 0.218750 1.469824
vt 0.203272 1.467194
vt 0.234375 1.469824
vt 0.250000 1.469824
vt 0.265625 1.469824
vt 0.281250 1.469824
vt 0.296728 1.467194
vt 0.312500 1.462764
vt 0.304183 1.463899
vt 0.320817 1.463899
vt 0.312500 1.462764
vt 0.343750 1.469824
vt 0.328272 1.467194
vt 0.359375 1.469824
vt 0.375000 1.469824
vt 0.390625 1.469824
vt 0.406250 1.469824
vt 0.421728 1.467194
vt 0.429183 1.463899
vt 0.453125 1.467130
vt 0.445817 1.463899
vt 0.468750 1.469824
vt 0.453272 1.467194
vt 0.484375 1.469824
vt 0.500000 1.469824
vt 0.515625 1.469824
vt 0.531250 1.469824
vt 0.546728 1.467194
vt 0.562500 1.462764
vt 0.554183 1.463899
vt 0.578125 1.467130
vt 0.570817 1.463899
vt 0.593750 1.469824
vt 0.578272 1.467194
vt 0.609375 1.469824
vt 0.625000 1.469824
vt 0.640625 1.469824
vt 0.656250 1.469824
vt 0.671728 1.467194
vt 0.687500 1.462764
vt 0.679183 1.463899
vt 0.695817 1.463899
vt 0.687500 1.462764
vt 0.703272 1.467194
vt 0.718750 1.469824
vt 0.734375 1.469824
vt 0.750000 1.469824
vt 0.765625 1.469824
vt 0.781250 1.469824
vt 0.796728 1.467194
vt 0.804183 1.463899
vt 0.796875 1.467130
vt 0.820817 1.463899
vt 0.812500 1.462764
vt 0.831295 1.469824
vt 0.828272 1.467194
vt 0.859375 1.469824
vt 0.843750 1.469824
vt 0.875000 1.469824
vt 0.890625 1.469824
vt 0.906250 1.469824
vt 0.921728 1.467194
vt 0.937500 1.462764
vt 0.929183 1.463899
vt 0.945817 1.463899
vt 0.937500 1.462764
vt 0.956295 1.469824
vt 0.953272 1.467194
vt 0.984375 1.469824
vt 0.968750 1.469824
vt 1.000000 1.469824
vt 0.015625 1.479503
vt 0.000000 1.479503
vt 0.031250 1.479503
vt 0.040790 1.472305
vt 0.036952 1.478717
vt 0.088194 1.479503
vt 0.088048 1.478717
vt 0.109375 1.479503
vt 0.093750 1.479503
vt 0.125000 1.479503
vt 0.140625 1.479503
vt 0.156250 1.479503
vt 0.161952 1.478717
vt 0.218750 1.479503
vt 0.213048 1.478717
vt 0.209210 1.472305
vt 0.234375 1.479503
vt 0.250000 1.479503
vt 0.265625 1.479503
vt 0.281250 1.479503
vt 0.286952 1.478717
vt 0.343750 1.479503
vt 0.338048 1.478717
vt 0.334210 1.472305
vt 0.359375 1.479503
vt 0.375000 1.479503
vt 0.390625 1.479503
vt 0.406250 1.479503
vt 0.411952 1.478717
vt 0.468750 1.479503
vt 0.463048 1.478717
vt 0.459210 1.472305
vt 0.484375 1.479503
vt 0.500000 1.479503
vt 0.515625 1.479503
vt 0.531250 1.479503
vt 0.536952 1.478717
vt 0.588194 1.479503
vt 0.588048 1.478717
vt 0.609375 1.479503
vt 0.593750 1.479503
vt 0.625000 1.479503
vt 0.640625 1.479503
vt 0.656250 1.479503
vt 0.665790 1.472305
vt 0.668705 1.469824
vt 0.713194 1.479503
vt 0.713048 1.478717
vt 0.734375 1.479503
vt 0.718750 1.479503
vt 0.750000 1.479503
vt 0.765625 1.479503
vt 0.781250 1.479503
vt 0.790790 1.472305
vt 0.786952 1.478717
vt 0.838194 1.479503
vt 0.838048 1.478717
vt 0.859375 1.479503
vt 0.843750 1.479503
vt 0.875000 1.479503
vt 0.890625 1.479503
vt 0.906250 1.479503
vt 0.915790 1.472305
vt 0.911952 1.478717
vt 0.963194 1.479503
vt 0.963048 1.478717
vt 0.984375 1.479503
vt 0.968750 1.479503
vt 1.000000 1.479503
vt 0.015625 1.482905
vt 0.000000 1.482905
vt 0.031250 1.482905
vt 0.036806 1.479503
vt 0.035889 1.482905
vt 0.093750 1.482905
vt 0.089111 1.482905
vt 0.088194 1.479503
vt 0.109375 1.482905
vt 0.125000 1.482905
vt 0.140625 1.482905
vt 0.156250 1.482905
vt 0.160889 1.482905
vt 0.161806 1.479503
vt 0.218750 1.482905
vt 0.214111 1.482905
vt 0.213194 1.479503
vt 0.234375 1.482905
vt 0.250000 1.482905
vt 0.265625 1.482905
vt 0.281250 1.482905
vt 0.285889 1.482905
vt 0.286806 1.479503
vt 0.343750 1.482905
vt 0.339111 1.482905
vt 0.338194 1.479503
vt 0.359375 1.482905
vt 0.375000 1.482905
vt 0.390625 1.482905
vt 0.406250 1.482905
vt 0.411806 1.479502
vt 0.410889 1.482905
vt 0.464111 1.482905
vt 0.463194 1.479503
vt 0.468750 1.482905
vt 0.484375 1.482905
vt 0.500000 1.482905
vt 0.515625 1.482905
vt 0.531250 1.482905
vt 0.536806 1.479503
vt 0.535889 1.482905
vt 0.593750 1.482905
vt 0.589111 1.482905
vt 0.609375 1.482905
vt 0.625000 1.482905
vt 0.640625 1.482905
vt 0.656250 1.482905
vt 0.661806 1.479502
vt 0.660889 1.482905
vt 0.713194 1.479503
vt 0.718750 1.482905
vt 0.714111 1.482905
vt 0.734375 1.482905
vt 0.750000 1.482905
vt 0.765625 1.482905
vt 0.781250 1.482905
vt 0.786806 1.479503
vt 0.785889 1.482905
vt 0.843750 1.482905
vt 0.839111 1.482905
vt 0.859375 1.482905
vt 0.875000 1.482905
vt 0.890625 1.482905
vt 0.906250 1.482905
vt 0.911806 1.479503
vt 0.910889 1.482905
vt 0.968750 1.482905
vt 0.964111 1.482905
vt 0.984375 1.482905
vt 1.000000 1.482905
vt 0.015625 1.506206
vt 0.000000 1.506206
vt 0.031250 1.501726
vt 0.029889 1.506206
vt 0.093750 1.501726
vt 0.089111 1.482905
vt 0.109375 1.506206
vt 0.125000 1.506206
vt 0.140625 1.506206
vt 0.156250 1.501726
vt 0.218750 1.501727
vt 0.214111 1.482905
vt 0.220111 1.506206
vt 0.250000 1.506206
vt 0.234375 1.506206
vt 0.265625 1.506206
vt 0.281250 1.501726
vt 0.343750 1.501726
vt 0.339111 1.482905
vt 0.345111 1.506206
vt 0.375000 1.506206
vt 0.359375 1.506206
vt 0.390625 1.506206
vt 0.404889 1.506206
vt 0.406250 1.501726
vt 0.410889 1.482905
vt 0.468750 1.501726
vt 0.484375 1.506206
vt 0.468750 1.501726
vt 0.500000 1.506206
vt 0.515625 1.506206
vt 0.531250 1.501726
vt 0.589110 1.482905
vt 0.593750 1.501727
vt 0.609375 1.506206
vt 0.625000 1.506206
vt 0.640625 1.506206
vt 0.654889 1.506206
vt 0.660889 1.482905
vt 0.656250 1.501726
vt 0.718750 1.501726
vt 0.720111 1.506206
vt 0.750000 1.506206
vt 0.734375 1.506206
vt 0.765625 1.506206
vt 0.779889 1.506206
vt 0.785890 1.482905
vt 0.781250 1.501727
vt 0.843750 1.501726
vt 0.839111 1.482905
vt 0.859375 1.506206
vt 0.845111 1.506206
vt 0.875000 1.506206
vt 0.890625 1.506206
vt 0.906250 1.501726
vt 0.904889 1.506206
vt 0.906250 1.501726
vt 0.910889 1.482905
vt 0.968750 1.501727
vt 0.964110 1.482905
vt 0.984375 1.506206
vt 1.000000 1.506206
vt 0.015625 1.508716
vt 0.000000 1.508716
vt 0.029889 1.506206
vt 0.029460 1.508716
vt 0.109375 1.508716
vt 0.095540 1.508716
vt 0.095111 1.506206
vt 0.125000 1.508716
vt 0.140625 1.508716
vt 0.154460 1.508716
vt 0.154889 1.506206
vt 0.234375 1.508716
vt 0.220540 1.508716
vt 0.220111 1.506206
vt 0.250000 1.508716
vt 0.265625 1.508716
vt 0.279889 1.506206
vt 0.279460 1.508716
vt 0.359375 1.508716
vt 0.345540 1.508716
vt 0.375000 1.508716
vt 0.390625 1.508716
vt 0.404889 1.506206
vt 0.404460 1.508716
vt 0.484375 1.508716
vt 0.470540 1.508716
vt 0.470111 1.506206
vt 0.500000 1.508716
vt 0.515625 1.508716
vt 0.529889 1.506206
vt 0.529460 1.508716
vt 0.595540 1.508716
vt 0.595111 1.506206
vt 0.609375 1.508716
vt 0.625000 1.508716
vt 0.640625 1.508716
vt 0.654889 1.506206
vt 0.654460 1.508716
vt 0.734375 1.508716
vt 0.720540 1.508716
vt 0.720111 1.506206
vt 0.750000 1.508716
vt 0.765625 1.508716
vt 0.779889 1.506206
vt 0.779460 1.508716
vt 0.859375 1.508716
vt 0.845540 1.508716
vt 0.875000 1.508716
vt 0.890625 1.508716
vt 0.904889 1.506206
vt 0.904460 1.508716
vt 0.970111 1.506206
vt 0.984375 1.508716
vt 0.970540 1.508716
vt 1.000000 1.508716
vt 0.015625 1.532987
vt 0.000000 1.532987
vt 0.029565 1.513423
vt 0.031250 1.532987
vt 0.033357 1.521154
vt 0.040637 1.527289
vt 0.046875 1.532987
vt 0.062500 1.532585
vt 0.062500 1.532987
vt 0.078125 1.532987
vt 0.074245 1.531228
vt 0.084363 1.527289
vt 0.091643 1.521153
vt 0.093750 1.532987
vt 0.095435 1.513423
vt 0.125000 1.532987
vt 0.109375 1.532987
vt 0.140625 1.532987
vt 0.154460 1.508716
vt 0.154565 1.513423
vt 0.156250 1.532987
vt 0.158357 1.521154
vt 0.165637 1.527289
vt 0.171875 1.532987
vt 0.187500 1.532585
vt 0.187500 1.532987
vt 0.203125 1.532987
vt 0.199245 1.531228
vt 0.218750 1.532987
vt 0.209363 1.527289
vt 0.216643 1.521154
vt 0.220435 1.513423
vt 0.250000 1.532987
vt 0.234375 1.532987
vt 0.265625 1.532987
vt 0.279460 1.508716
vt 0.279565 1.513423
vt 0.281250 1.532987
vt 0.283357 1.521154
vt 0.290637 1.527289
vt 0.296875 1.532987
vt 0.300755 1.531228
vt 0.312500 1.532585
vt 0.328125 1.532987
vt 0.312500 1.532987
vt 0.324245 1.531228
vt 0.343750 1.532987
vt 0.334363 1.527289
vt 0.341643 1.521154
vt 0.359375 1.532987
vt 0.343750 1.516885
vt 0.345435 1.513423
vt 0.375000 1.532987
vt 0.390625 1.532987
vt 0.404565 1.513423
vt 0.421875 1.532987
vt 0.406250 1.532987
vt 0.408357 1.521154
vt 0.425755 1.531228
vt 0.437500 1.532585
vt 0.453125 1.532987
vt 0.449245 1.531228
vt 0.468750 1.532987
vt 0.459363 1.527289
vt 0.466643 1.521154
vt 0.470435 1.513423
vt 0.500000 1.532987
vt 0.484375 1.532987
vt 0.515625 1.532987
vt 0.529565 1.513423
vt 0.546875 1.532987
vt 0.531250 1.532987
vt 0.533357 1.521154
vt 0.550755 1.531228
vt 0.562500 1.532585
vt 0.578125 1.532987
vt 0.574245 1.531228
vt 0.584363 1.527289
vt 0.593750 1.532987
vt 0.578125 1.529726
vt 0.609375 1.532987
vt 0.593750 1.516884
vt 0.595435 1.513423
vt 0.625000 1.532987
vt 0.640625 1.532987
vt 0.654565 1.513423
vt 0.656250 1.532987
vt 0.665637 1.527289
vt 0.671875 1.532987
vt 0.687500 1.532585
vt 0.687500 1.532987
vt 0.699245 1.531228
vt 0.703125 1.532987
vt 0.716643 1.521153
vt 0.718750 1.532987
vt 0.720435 1.513423
vt 0.734375 1.532987
vt 0.750000 1.532987
vt 0.765625 1.532987
vt 0.779566 1.513423
vt 0.781250 1.532987
vt 0.790637 1.527289
vt 0.796875 1.532987
vt 0.800755 1.531228
vt 0.812500 1.532987
vt 0.824245 1.531228
vt 0.828125 1.532987
vt 0.841643 1.521154
vt 0.843750 1.532987
vt 0.845435 1.513423
vt 0.859375 1.532987
vt 0.875000 1.532987
vt 0.890625 1.532987
vt 0.904565 1.513423
vt 0.906250 1.532987
vt 0.915637 1.527288
vt 0.921875 1.532987
vt 0.937500 1.532585
vt 0.937500 1.532987
vt 0.937500 1.532585
vt 0.949245 1.531228
vt 0.953125 1.532987
vt 0.959363 1.527289
vt 0.966643 1.521153
vt 0.968750 1.532987
vt 0.970434 1.513423
vt 0.984375 1.532987
vt 1.000000 1.532987
vt 0.015625 1.555879
vt 0.000000 1.555879
vt 0.031250 1.555879
vt 0.046875 1.555879
vt 0.062500 1.555879
vt 0.078125 1.555879
vt 0.093750 1.555879
vt 0.109375 1.555879
vt 0.125000 1.555879
vt 0.140625 1.555879
vt 0.156250 1.555879
vt 0.171875 1.555879
vt 0.187500 1.555879
vt 0.203125 1.555879
vt 0.218750 1.555879
vt 0.234375 1.555879
vt 0.250000 1.555879
vt 0.265625 1.555879
vt 0.281250 1.555879
vt 0.296875 1.555879
vt 0.312500 1.555879
vt 0.328125 1.555879
vt 0.343750 1.555879
vt 0.359375 1.555879
vt 0.375000 1.555879
vt 0.390625 1.555879
vt 0.406250 1.555879
vt 0.421875 1.555879
vt 0.437500 1.532987
vt 0.437500 1.555879
vt 0.453125 1.555879
vt 0.468750 1.555879
vt 0.484375 1.555879
vt 0.500000 1.555879
vt 0.515625 1.555879
vt 0.531250 1.555879
vt 0.546875 1.555879
vt 0.562500 1.532987
vt 0.562500 1.555879
vt 0.578125 1.555879
vt 0.593750 1.555879
vt 0.609375 1.555879
vt 0.625000 1.555879
vt 0.640625 1.555879
vt 0.656250 1.555879
vt 0.671875 1.555879
vt 0.687500 1.555879
vt 0.703125 1.555879
vt 0.718750 1.555879
vt 0.734375 1.555879
vt 0.750000 1.555879
vt 0.765625 1.555879
vt 0.781250 1.555879
vt 0.796875 1.555879
vt 0.812500 1.555879
vt 0.828125 1.555879
vt 0.843750 1.555879
vt 0.859375 1.555879
vt 0.875000 1.555879
vt 0.890625 1.555879
vt 0.906250 1.555879
vt 0.921875 1.555879
vt 0.937500 1.555879
vt 0.953125 1.555879
vt 0.968750 1.555879
vt 0.984375 1.555879
vt 1.000000 1.555879
vt 0.015625 1.578955
vt 0.000000 1.578955
vt 0.031250 1.578955
vt 0.046875 1.578955
vt 0.062500 1.578955
vt 0.078125 1.578955
vt 0.093750 1.578955
vt 0.109375 1.578955
vt 0.125000 1.578955
vt 0.140625 1.578955
vt 0.156250 1.578955
vt 0.171875 1.578955
vt 0.187500 1.578955
vt 0.203125 1.578955
vt 0.218750 1.578955
vt 0.234375 1.578955
vt 0.250000 1.578955
vt 0.265625 1.578955
vt 0.281250 1.578955
vt 0.296875 1.578955
vt 0.312500 1.578955
vt 0.328125 1.578955
vt 0.343750 1.578955
vt 0.359375 1.578955
vt 0.375000 1.578955
vt 0.390625 1.578955
vt 0.406250 1.578955
vt 0.421875 1.578955
vt 0.437500 1.578955
vt 0.453125 1.578955
vt 0.468750 1.578955
vt 0.484375 1.578955
vt 0.500000 1.578955
vt 0.515625 1.578955
vt 0.531250 1.578955
vt 0.546875 1.578955
vt 0.562500 1.578955
vt 0.578125 1.578955
vt 0.593750 1.578955
vt 0.609375 1.578955
vt 0.625000 1.578955
vt 0.640625 1.578955
vt 0.656250 1.578955
vt 0.671875 1.578955
vt 0.687500 1.578955
vt 0.703125 1.578955
vt 0.718750 1.578955
vt 0.734375 1.578955
vt 0.750000 1.578955
vt 0.765625 1.578955
vt 0.781250 1.578955
vt 0.796875 1.578955
vt 0.812500 1.578955
vt 0.828125 1.578955
vt 0.843750 1.578955
vt 0.859375 1.578955
vt 0.875000 1.578955
vt 0.890625 1.578955
vt 0.906250 1.578955
vt 0.921875 1.578955
vt 0.937500 1.578955
vt 0.953125 1.578955
vt 0.968750 1.578955
vt 0.984375 1.578955
vt 1.000000 1.578955
vt 0.015625 1.595004
vt 0.000000 1.595004
vt 0.031250 1.595004
vt 0.046875 1.595004
vt 0.062500 1.595004
vt 0.078125 1.595004
vt 0.093750 1.595004
vt 0.109375 1.595004
vt 0.125000 1.595004
vt 0.140625 1.595004
vt 0.156250 1.595004
vt 0.171875 1.595004
vt 0.187500 1.595004
vt 0.203125 1.595004
vt 0.218750 1.595004
vt 0.234375 1.595004
vt 0.250000 1.595004
vt 0.265625 1.595004
vt 0.281250 1.595004
vt 0.296875 1.595004
vt 0.312500 1.595004
vt 0.328125 1.595004
vt 0.343750 1.595004
vt 0.359375 1.595004
vt 0.375000 1.595004
vt 0.390625 1.595004
vt 0.406250 1.595004
vt 0.421875 1.595004
vt 0.437500 1.595004
vt 0.453125 1.595004
vt 0.468750 1.595004
vt 0.484375 1.595004
vt 0.500000 1.595004
vt 0.515625 1.595004
vt 0.531250 1.595004
vt 0.546875 1.595004
vt 0.562500 1.595004
vt 0.578125 1.595004
vt 0.593750 1.595004
vt 0.609375 1.595004
vt 0.625000 1.595004
vt 0.640625 1.595004
vt 0.656250 1.595004
vt 0.671875 1.595004
vt 0.687500 1.595004
vt 0.703125 1.595004
vt 0.718750 1.595004
vt 0.734375 1.595004
vt 0.750000 1.595004
vt 0.765625 1.595004
vt 0.781250 1.595004
vt 0.796875 1.595004
vt 0.812500 1.595004
vt 0.828125 1.595004
vt 0.843750 1.595004
vt 0.859375 1.595004
vt 0.875000 1.595004
vt 0.890625 1.595004
vt 0.906250 1.595004
vt 0.921875 1.595004
vt 0.937500 1.595004
vt 0.953125 1.595004
vt 0.968750 1.595004
vt 0.984375 1.595004
vt 1.000000 1.595004
vt 0.015625 1.614360
vt 0.000000 1.614360
vt 0.031250 1.614360
vt 0.046875 1.614360
vt 0.062500 1.614360
vt 0.078125 1.614360
vt 0.093750 1.614360
vt 0.109375 1.614360
vt 0.125000 1.614360
vt 0.140625 1.614360
vt 0.156250 1.614360
vt 0.171875 1.614360
vt 0.187500 1.614360
vt 0.203125 1.614360
vt 0.218750 1.614360
vt 0.234375 1.614360
vt 0.250000 1.614360
vt 0.265625 1.614360
vt 0.281250 1.614360
vt 0.296875 1.614360
vt 0.312500 1.614360
vt 0.328125 1.614360
vt 0.343750 1.614360
vt 0.359375 1.614360
vt 0.375000 1.614360
vt 0.390625 1.614360
vt 0.406250 1.614360
vt 0.421875 1.614360
vt 0.437500 1.614360
vt 0.453125 1.614360
vt 0.468750 1.614360
vt 0.484375 1.614360
vt 0.500000 1.614360
vt 0.515625 1.614360
vt 0.531250 1.614360
vt 0.546875 1.614360
vt 0.562500 1.614360
vt 0.578125 1.614360
vt 0.593750 1.614360
vt 0.609375 1.614360
vt 0.625000 1.614360
vt 0.640625 1.614360
vt 0.656250 1.614360
vt 0.671875 1.614360
vt 0.687500 1.614360
vt 0.703125 1.614360
vt 0.718750 1.614360
vt 0.734375 1.614360
vt 0.750000 1.614360
vt 0.765625 1.614360
vt 0.781250 1.614360
vt 0.796875 1.614360
vt 0.812500 1.614360
vt 0.828125 1.614360
vt 0.843750 1.614360
vt 0.859375 1.614360
vt 0.875000 1.614360
vt 0.890625 1.614360
vt 0.906250 1.614360
vt 0.921875 1.614360
vt 0.937500 1.614360
vt 0.953125 1.614360
vt 0.968750 1.614360
vt 0.984375 1.614360
vt 1.000000 1.614360
vt 0.015625 1.635924
vt 0.000000 1.635924
vt 0.031250 1.635924
vt 0.046875 1.635924
vt 0.062500 1.635924
vt 0.078125 1.635924
vt 0.093750 1.635924
vt 0.109375 1.635924
vt 0.125000 1.635924
vt 0.140625 1.635924
vt 0.156250 1.635924
vt 0.171875 1.635924
vt 0.187500 1.635924
vt 0.203125 1.635924
vt 0.218750 1.635924
vt 0.234375 1.635924
vt 0.250000 1.635924
vt 0.265625 1.635924
vt 0.281250 1.635924
vt 0.296875 1.635924
vt 0.312500 1.635924
vt 0.328125 1.635924
vt 0.343750 1.635924
vt 0.359375 1.635924
vt 0.375000 1.635924
vt 0.390625 1.635924
vt 0.406250 1.635924
vt 0.421875 1.635924
vt 0.437500 1.635924
vt 0.453125 1.635924
vt 0.468750 1.635924
vt 0.484375 1.635924
vt 0.500000 1.635924
vt 0.515625 1.635924
vt 0.531250 1.635924
vt 0.546875 1.635924
vt 0.562500 1.635924
vt 0.578125 1.635924
vt 0.593750 1.635924
vt 0.609375 1.635924
vt 0.625000 1.635924
vt 0.640625 1.635924
vt 0.656250 1.635924
vt 0.671875 1.635924
vt 0.687500 1.635924
vt 0.703125 1.635924
vt 0.718750 1.635924
vt 0.734375 1.635924
vt 0.750000 1.635924
vt 0.765625 1.635924
vt 0.781250 1.635924
vt 0.796875 1.635924
vt 0.812500 1.635924
vt 0.828125 1.635924
vt 0.843750 1.635924
vt 0.859375 1.635924
vt 0.875000 1.635924
vt 0.890625 1.635924
vt 0.906250 1.635924
vt 0.921875 1.635924
vt 0.937500 1.635924
vt 0.953125 1.635924
vt 0.968750 1.635924
vt 0.984375 1.635924
vt 1.000000 1.635924
vt 0.015625 1.655994
vt 0.000000 1.655994
vt 0.031250 1.655994
vt 0.046875 1.655994
vt 0.062500 1.655994
vt 0.078125 1.655994
vt 0.093750 1.655994
vt 0.109375 1.655994
vt 0.125000 1.655994
vt 0.140625 1.655994
vt 0.156250 1.655994
vt 0.171875 1.655994
vt 0.187500 1.655994
vt 0.203125 1.655994
vt 0.218750 1.655994
vt 0.234375 1.655994
vt 0.250000 1.655994
vt 0.265625 1.655994
vt 0.281250 1.655994
vt 0.296875 1.655994
vt 0.312500 1.655994
vt 0.328125 1.655994
vt 0.343750 1.655994
vt 0.359375 1.655994
vt 0.375000 1.655994
vt 0.390625 1.655994
vt 0.406250 1.655994
vt 0.421875 1.655994
vt 0.437500 1.655994
vt 0.453125 1.655994
vt 0.468750 1.655994
vt 0.484375 1.655994
vt 0.500000 1.655994
vt 0.515625 1.655994
vt 0.531250 1.655994
vt 0.546875 1.655994
vt 0.562500 1.655994
vt 0.578125 1.655994
vt 0.593750 1.655994
vt 0.609375 1.655994
vt 0.625000 1.655994
vt 0.640625 1.655994
vt 0.656250 1.655994
vt 0.671875 1.655994
vt 0.687500 1.655994
vt 0.703125 1.655994
vt 0.718750 1.655994
vt 0.734375 1.655994
vt 0.750000 1.655994
vt 0.765625 1.655994
vt 0.781250 1.655994
vt 0.796875 1.655994
vt 0.812500 1.655994
vt 0.828125 1.655994
vt 0.843750 1.655994
vt 0.859375 1.655994
vt 0.875000 1.655994
vt 0.890625 1.655994
vt 0.906250 1.655994
vt 0.921875 1.655994
vt 0.937500 1.655994
vt 0.953125 1.655994
vt 0.968750 1.655994
vt 0.984375 1.655994
vt 1.000000 1.655994
vt 0.015625 1.657665
vt 0.000000 1.657665
vt 0.031250 1.657665
vt 0.046875 1.657665
vt 0.062500 1.657665
vt 0.078125 1.657665
vt 0.093750 1.657665
vt 0.109375 1.657665
vt 0.125000 1.657665
vt 0.140625 1.657665
vt 0.156250 1.657665
vt 0.171875 1.657665
vt 0.187500 1.657665
vt 0.203125 1.657665
vt 0.218750 1.657665
vt 0.234375 1.657665
vt 0.250000 1.657665
vt 0.265625 1.657665
vt 0.281250 1.657665
vt 0.296875 1.657665
vt 0.312500 1.657665
vt 0.328125 1.657665
vt 0.343750 1.657665
vt 0.359375 1.657665
vt 0.375000 1.657665
vt 0.390625 1.657665
vt 0.406250 1.657665
vt 0.421875 1.657665
vt 0.437500 1.657665
vt 0.453125 1.657665
vt 0.468750 1.657665
vt 0.484375 1.657665
vt 0.500000 1.657665
vt 0.515625 1.657665
vt 0.531250 1.657665
vt 0.546875 1.657665
vt 0.562500 1.657665
vt 0.578125 1.657665
vt 0.593750 1.657665
vt 0.609375 1.657665
vt 0.625000 1.657665
vt 0.640625 1.657665
vt 0.656250 1.657665
vt 0.671875 1.657665
vt 0.687500 1.657665
vt 0.703125 1.657665
vt 0.718750 1.657665
vt 0.734375 1.657665
vt 0.750000 1.657665
vt 0.765625 1.657665
vt 0.781250 1.657665
vt 0.796875 1.657665
vt 0.812500 1.657665
vt 0.828125 1.657665
vt 0.843750 1.657665
vt 0.859375 1.657665
vt 0.875000 1.657665
vt 0.890625 1.657665
vt 0.906250 1.657665
vt 0.921875 1.657665
vt 0.937500 1.657665
vt 0.953125 1.657665
vt 0.968750 1.657665
vt 0.984375 1.657665
vt 1.000000 1.657665
vt 0.015625 1.659336
vt 0.000000 1.659336
vt 0.031250 1.659336
vt 0.046875 1.659336
vt 0.062500 1.659336
vt 0.078125 1.659336
vt 0.093750 1.659336
vt 0.109375 1.659336
vt 0.125000 1.659336
vt 0.140625 1.659336
vt 0.156250 1.659336
vt 0.171875 1.659336
vt 0.187500 1.659336
vt 0.203125 1.659336
vt 0.218750 1.659336
vt 0.234375 1.659336
vt 0.250000 1.659336
vt 0.265625 1.659336
vt 0.281250 1.659336
vt 0.296875 1.659336
vt 0.312500 1.659336
vt 0.328125 1.659336
vt 0.343750 1.659336
vt 0.359375 1.659336
vt 0.375000 1.659336
vt 0.390625 1.659336
vt 0.406250 1.659336
vt 0.421875 1.659336
vt 0.437500 1.659336
vt 0.453125 1.659336
vt 0.468750 1.659336
vt 0.484375 1.659336
vt 0.500000 1.659336
vt 0.515625 1.659336
vt 0.531250 1.659336
vt 0.546875 1.659336
vt 0.562500 1.659336
vt 0.578125 1.659336
vt 0.593750 1.659336
vt 0.609375 1.659336
vt 0.625000 1.659336
vt 0.640625 1.659336
vt 0.656250 1.659336
vt 0.671875 1.659336
vt 0.687500 1.659336
vt 0.703125 1.659336
vt 0.718750 1.659336
vt 0.734375 1.659336
vt 0.750000 1.659336
vt 0.765625 1.659336
vt 0.781250 1.659336
vt 0.796875 1.659336
vt 0.812500 1.659336
vt 0.828125 1.659336
vt 0.843750 1.659336
vt 0.859375 1.659336
vt 0.875000 1.659336
vt 0.890625 1.659336
vt 0.906250 1.659336
vt 0.921875 1.659336
vt 0.937500 1.659336
vt 0.953125 1.659336
vt 0.968750 1.659336
vt 0.984375 1.659336
vt 1.000000 1.659336
vt 0.015625 1.670696
vt 0.000000 1.670696
vt 0.031250 1.670696
vt 0.046875 1.670696
vt 0.062500 1.670696
vt 0.078125 1.670696
vt 0.093750 1.670696
vt 0.109375 1.670696
vt 0.125000 1.670696
vt 0.140625 1.670696
vt 0.156250 1.670696
vt 0.171875 1.670696
vt 0.187500 1.670696
vt 0.203125 1.670696
vt 0.218750 1.670696
vt 0.234375 1.670696
vt 0.250000 1.670696
vt 0.265625 1.670696
vt 0.281250 1.670696
vt 0.296875 1.670696
vt 0.312500 1.670696
vt 0.328125 1.670696
vt 0.343750 1.670696
vt 0.359375 1.670696
vt 0.375000 1.670696
vt 0.390625 1.670696
vt 0.406250 1.670696
vt 0.421875 1.670696
vt 0.437500 1.670696
vt 0.453125 1.670696
vt 0.468750 1.670696
vt 0.484375 1.670696
vt 0.500000 1.670696
vt 0.515625 1.670696
vt 0.531250 1.670696
vt 0.546875 1.670696
vt 0.562500 1.670696
vt 0.578125 1.670696
vt 0.593750 1.670696
vt 0.609375 1.670696
vt 0.625000 1.670696
vt 0.640625 1.670696
vt 0.656250 1.670696
vt 0.671875 1.670696
vt 0.687500 1.670696
vt 0.703125 1.670696
vt 0.718750 1.670696
vt 0.734375 1.670696
vt 0.750000 1.670696
vt 0.765625 1.670696
vt 0.781250 1.670696
vt 0.796875 1.670696
vt 0.812500 1.670696
vt 0.828125 1.670696
vt 0.843750 1.670696
vt 0.859375 1.670696
vt 0.875000 1.670696
vt 0.890625 1.670696
vt 0.906250 1.670696
vt 0.921875 1.670696
vt 0.937500 1.670696
vt 0.953125 1.670696
vt 0.968750 1.670696
vt 0.984375 1.670696
vt 1.000000 1.670696
vt 0.015625 1.683800
vt 0.000000 1.683800
vt 0.031250 1.683800
vt 0.046875 1.683800
vt 0.062500 1.683800
vt 0.078125 1.683800
vt 0.093750 1.683800
vt 0.109375 1.683800
vt 0.125000 1.683800
vt 0.140625 1.683800
vt 0.156250 1.683800
vt 0.171875 1.683800
vt 0.187500 1.683800
vt 0.203125 1.683800
vt 0.218750 1.683800
vt 0.234375 1.683800
vt 0.250000 1.683800
vt 0.265625 1.683800
vt 0.281250 1.683800
vt 0.296875 1.683800
vt 0.312500 1.683800
vt 0.328125 1.683800
vt 0.343750 1.683800
vt 0.359375 1.683800
vt 0.375000 1.683800
vt 0.390625 1.683800
vt 0.406250 1.683800
vt 0.421875 1.683800
vt 0.437500 1.683800
vt 0.453125 1.683800
vt 0.468750 1.683800
vt 0.484375 1.683800
vt 0.500000 1.683800
vt 0.515625 1.683800
vt 0.531250 1.683800
vt 0.546875 1.683800
vt 0.562500 1.683800
vt 0.578125 1.683800
vt 0.593750 1.683800
vt 0.609375 1.683800
vt 0.625000 1.683800
vt 0.640625 1.683800
vt 0.656250 1.683800
vt 0.671875 1.683800
vt 0.687500 1.683800
vt 0.703125 1.683800
vt 0.718750 1.683800
vt 0.734375 1.683800
vt 0.750000 1.683800
vt 0.765625 1.683800
vt 0.781250 1.683800
vt 0.796875 1.683800
vt 0.812500 1.683800
vt 0.828125 1.683800
vt 0.843750 1.683800
vt 0.859375 1.683800
vt 0.875000 1.683800
vt 0.890625 1.683800
vt 0.906250 1.683800
vt 0.921875 1.683800
vt 0.937500 1.683800
vt 0.953125 1.683800
vt 0.968750 1.683800
vt 0.984375 1.683800
vt 1.000000 1.683800
vt 0.015625 1.696903
vt 0.000000 1.696903
vt 0.031250 1.696903
vt 0.046875 1.696903
vt 0.062500 1.696903
vt 0.078125 1.696903
vt 0.093750 1.696903
vt 0.109375 1.696903
vt 0.125000 1.696903
vt 0.140625 1.696903
vt 0.156250 1.696903
vt 0.171875 1.696903
vt 0.187500 1.696903
vt 0.203125 1.696903
vt 0.218750 1.696903
vt 0.234375 1.696903
vt 0.250000 1.696903
vt 0.265625 1.696903
vt 0.281250 1.696903
vt 0.296875 1.696903
vt 0.312500 1.696903
vt 0.328125 1.696903
vt 0.343750 1.696903
vt 0.359375 1.696903
vt 0.375000 1.696903
vt 0.390625 1.696903
vt 0.406250 1.696903
vt 0.421875 1.696903
vt 0.437500 1.696903
vt 0.453125 1.696903
vt 0.468750 1.696903
vt 0.484375 1.696903
vt 0.500000 1.696903
vt 0.515625 1.696903
vt 0.531250 1.696903
vt 0.546875 1.696903
vt 0.562500 1.696903
vt 0.578125 1.696903
vt 0.593750 1.696903
vt 0.609375 1.696903
vt 0.625000 1.696903
vt 0.640625 1.696903
vt 0.656250 1.696903
vt 0.671875 1.696903
vt 0.687500 1.696903
vt 0.703125 1.696903
vt 0.718750 1.696903
vt 0.734375 1.696903
vt 0.750000 1.696903
vt 0.765625 1.696903
vt 0.781250 1.696903
vt 0.796875 1.696903
vt 0.812500 1.696903
vt 0.828125 1.696903
vt 0.843750 1.696903
vt 0.859375 1.696903
vt 0.875000 1.696903
vt 0.890625 1.696903
vt 0.906250 1.696903
vt 0.921875 1.696903
vt 0.937500 1.696903
vt 0.953125 1.696903
vt 0.968750 1.696903
vt 0.984375 1.696903
vt 1.000000 1.696903
vt 0.015625 1.710007
vt 0.000000 1.710007
vt 0.031250 1.710007
vt 0.046875 1.710007
vt 0.062500 1.710007
vt 0.078125 1.710007
vt 0.093750 1.710007
vt 0.109375 1.710007
vt 0.125000 1.710007
vt 0.140625 1.710007
vt 0.156250 1.710007
vt 0.171875 1.710007
vt 0.187500 1.710007
vt 0.203125 1.710007
vt 0.218750 1.710007
vt 0.234375 1.710007
vt 0.250000 1.710007
vt 0.265625 1.710007
vt 0.281250 1.710007
vt 0.296875 1.710007
vt 0.312500 1.710007
vt 0.328125 1.710007
vt 0.343750 1.710007
vt 0.359375 1.710007
vt 0.375000 1.710007
vt 0.390625 1.710007
vt 0.406250 1.710007
vt 0.421875 1.710007
vt 0.437500 1.710007
vt 0.453125 1.710007
vt 0.468750 1.710007
vt 0.484375 1.710007
vt 0.500000 1.710007
vt 0.515625 1.710007
vt 0.531250 1.710007
vt 0.546875 1.710007
vt 0.562500 1.710007
vt 0.578125 1.710007
vt 0.593750 1.710007
vt 0.609375 1.710007
vt 0.625000 1.710007
vt 0.640625 1.710007
vt 0.656250 1.710007
vt 0.671875 1.710007
vt 0.687500 1.710007
vt 0.703125 1.710007
vt 0.718750 1.710007
vt 0.734375 1.710007
vt 0.750000 1.710007
vt 0.765625 1.710007
vt 0.781250 1.710007
vt 0.796875 1.710007
vt 0.812500 1.710007
vt 0.828125 1.710007
vt 0.843750 1.710007
vt 0.859375 1.710007
vt 0.875000 1.710007
vt 0.890625 1.710007
vt 0.906250 1.710007
vt 0.921875 1.710007
vt 0.937500 1.710007
vt 0.953125 1.710007
vt 0.968750 1.710007
vt 0.984375 1.710007
vt 1.000000 1.710007
vt 0.015625 1.723110
vt 0.000000 1.723110
vt 0.031250 1.723110
vt 0.046875 1.723110
vt 0.062500 1.723110
vt 0.078125 1.723110
vt 0.093750 1.723110
vt 0.109375 1.723110
vt 0.125000 1.723110
vt 0.140625 1.723110
vt 0.156250 1.723110
vt 0.171875 1.723110
vt 0.187500 1.723110
vt 0.203125 1.723110
vt 0.218750 1.723110
vt 0.234375 1.723110
vt 0.250000 1.723110
vt 0.265625 1.723110
vt 0.281250 1.723110
vt 0.296875 1.723110
vt 0.312500 1.723110
vt 0.328125 1.723110
vt 0.343750 1.723110
vt 0.359375 1.723110
vt 0.375000 1.723110
vt 0.390625 1.723110
vt 0.406250 1.723110
vt 0.421875 1.723110
vt 0.437500 1.723110
vt 0.453125 1.723110
vt 0.468750 1.723110
vt 0.484375 1.723110
vt 0.500000 1.723110
vt 0.515625 1.723110
vt 0.531250 1.723110
vt 0.546875 1.723110
vt 0.562500 1.723110
vt 0.578125 1.723110
vt 0.593750 1.723110
vt 0.609375 1.723110
vt 0.625000 1.723110
vt 0.640625 1.723110
vt 0.656250 1.723110
vt 0.671875 1.723110
vt 0.687500 1.723110
vt 0.703125 1.723110
vt 0.718750 1.723110
vt 0.734375 1.723110
vt 0.750000 1.723110
vt 0.765625 1.723110
vt 0.781250 1.723110
vt 0.796875 1.723110
vt 0.812500 1.723110
vt 0.828125 1.723110
vt 0.843750 1.723110
vt 0.859375 1.723110
vt 0.875000 1.723110
vt 0.890625 1.723110
vt 0.906250 1.723110
vt 0.921875 1.723110
vt 0.937500 1.723110
vt 0.953125 1.723110
vt 0.968750 1.723110
vt 0.984375 1.723110
vt 1.000000 1.723110
vt 0.015625 1.736214
vt 0.000000 1.736214
vt 0.031250 1.736214
vt 0.046875 1.736214
vt 0.062500 1.736214
vt 0.078125 1.736214
vt 0.093750 1.736214
vt 0.109375 1.736214
vt 0.125000 1.736214
vt 0.140625 1.736214
vt 0.156250 1.736214
vt 0.171875 1.736214
vt 0.187500 1.736214
vt 0.203125 1.736214
vt 0.218750 1.736214
vt 0.234375 1.736214
vt 0.250000 1.736214
vt 0.265625 1.736214
vt 0.281250 1.736214
vt 0.296875 1.736214
vt 0.312500 1.736214
vt 0.328125 1.736214
vt 0.343750 1.736214
vt 0.359375 1.736214
vt 0.375000 1.736214
vt 0.390625 1.736214
vt 0.406250 1.736214
vt 0.421875 1.736214
vt 0.437500 1.736214
vt 0.453125 1.736214
vt 0.468750 1.736214
vt 0.484375 1.736214
vt 0.500000 1.736214
vt 0.515625 1.736214
vt 0.531250 1.736214
vt 0.546875 1.736214
vt 0.562500 1.736214
vt 0.578125 1.736214
vt 0.593750 1.736214
vt 0.609375 1.736214
vt 0.625000 1.736214
vt 0.640625 1.736214
vt 0.656250 1.736214
vt 0.671875 1.736214
vt 0.687500 1.736214
vt 0.703125 1.736214
vt 0.718750 1.736214
vt 0.734375 1.736214
vt 0.750000 1.736214
vt 0.765625 1.736214
vt 0.781250 1.736214
vt 0.796875 1.736214
vt 0.812500 1.736214
vt 0.828125 1.736214
vt 0.843750 1.736214
vt 0.859375 1.736214
vt 0.875000 1.736214
vt 0.890625 1.736214
vt 0.906250 1.736214
vt 0.921875 1.736214
vt 0.937500 1.736214
vt 0.953125 1.736214
vt 0.968750 1.736214
vt 0.984375 1.736214
vt 1.000000 1.736214
vt 0.015625 1.749317
vt 0.000000 1.749317
vt 0.031250 1.749317
vt 0.046875 1.749317
vt 0.062500 1.749317
vt 0.078125 1.749317
vt 0.093750 1.749317
vt 0.109375 1.749317
vt 0.125000 1.749317
vt 0.140625 1.749317
vt 0.156250 1.749317
vt 0.171875 1.749317
vt 0.187500 1.749317
vt 0.203125 1.749317
vt 0.218750 1.749317
vt 0.234375 1.749317
vt 0.250000 1.749317
vt 0.265625 1.749317
vt 0.281250 1.749317
vt 0.296875 1.749317
vt 0.312500 1.749317
vt 0.328125 1.749317
vt 0.343750 1.749317
vt 0.359375 1.749317
vt 0.375000 1.749317
vt 0.390625 1.749317
vt 0.406250 1.749317
vt 0.421875 1.749317
vt 0.437500 1.749317
vt 0.453125 1.749317
vt 0.468750 1.749317
vt 0.484375 1.749317
vt 0.500000 1.749317
vt 0.515625 1.749317
vt 0.531250 1.749317
vt 0.546875 1.749317
vt 0.562500 1.749317
vt 0.578125 1.749317
vt 0.593750 1.749317
vt 0.609375 1.749317
vt 0.625000 1.749317
vt 0.640625 1.749317
vt 0.656250 1.749317
vt 0.671875 1.749317
vt 0.687500 1.749317
vt 0.703125 1.749317
vt 0.718750 1.749317
vt 0.734375 1.749317
vt 0.750000 1.749317
vt 0.765625 1.749317
vt 0.781250 1.749317
vt 0.796875 1.749317
vt 0.812500 1.749317
vt 0.828125 1.749317
vt 0.843750 1.749317
vt 0.859375 1.749317
vt 0.875000 1.749317
vt 0.890625 1.749317
vt 0.906250 1.749317
vt 0.921875 1.749317
vt 0.937500 1.749317
vt 0.953125 1.749317
vt 0.968750 1.749317
vt 0.984375 1.749317
vt 1.000000 1.749317
vt 0.007812 1.762421
vt 0.023438 1.762421
vt 0.039062 1.762421
vt 0.054688 1.762421
vt 0.070312 1.762421
vt 0.085938 1.762421
vt 0.101562 1.762421
vt 0.117188 1.762421
vt 0.132812 1.762421
vt 0.148438 1.762421
vt 0.164062 1.762421
vt 0.179688 1.762421
vt 0.195312 1.762421
vt 0.210938 1.762421
vt 0.226562 1.762421
vt 0.242188 1.762421
vt 0.257812 1.762421
vt 0.273438 1.762421
vt 0.289062 1.762421
vt 0.304688 1.762421
vt 0.320312 1.762421
vt 0.335938 1.762421
vt 0.351562 1.762421
vt 0.367188 1.762421
vt 0.382812 1.762421
vt 0.398438 1.762421
vt 0.414062 1.762421
vt 0.429688 1.762421
vt 0.445312 1.762421
vt 0.460938 1.762421
vt 0.476562 1.762421
vt 0.492188 1.762421
vt 0.507812 1.762421
vt 0.523438 1.762421
vt 0.539062 1.762421
vt 0.554688 1.762421
vt 0.570312 1.762421
vt 0.585938 1.762421
vt 0.601562 1.762421
vt 0.617188 1.762421
vt 0.632812 1.762421
vt 0.648438 1.762421
vt 0.664062 1.762421
vt 0.679688 1.762421
vt 0.695312 1.762421
vt 0.710938 1.762421
vt 0.726562 1.762421
vt 0.742188 1.762421
vt 0.757812 1.762421
vt 0.773438 1.762421
vt 0.789062 1.762421
vt 0.804688 1.762421
vt 0.820312 1.762421
vt 0.835938 1.762421
vt 0.851562 1.762421
vt 0.867188 1.762421
vt 0.882812 1.762421
vt 0.898438 1.762421
vt 0.914062 1.762421
vt 0.929688 1.762421
vt 0.945312 1.762421
vt 0.960938 1.762421
vt 0.976562 1.762421
vt 0.992188 1.762421
vt 0.000000 0.000000
vt 0.046875 1.467130
vt 0.043705 1.469824
vt 0.078125 1.467130
vt 0.078125 1.467130
vt 0.171875 1.467130
vt 0.168705 1.469824
vt 0.187500 1.462764
vt 0.187500 1.462764
vt 0.171875 1.467130
vt 0.187500 1.462764
vt 0.206295 1.469824
vt 0.203125 1.467130
vt 0.296875 1.467130
vt 0.293705 1.469824
vt 0.328125 1.467130
vt 0.331295 1.469824
vt 0.328125 1.467130
vt 0.421875 1.467130
vt 0.418705 1.469824
vt 0.437500 1.462764
vt 0.437500 1.462764
vt 0.456295 1.469824
vt 0.543705 1.469824
vt 0.546875 1.467130
vt 0.562500 1.462764
vt 0.581295 1.469824
vt 0.578125 1.467130
vt 0.671875 1.467130
vt 0.668705 1.469824
vt 0.703125 1.467130
vt 0.706295 1.469824
vt 0.793705 1.469824
vt 0.812500 1.462764
vt 0.828125 1.467130
vt 0.828125 1.467130
vt 0.921875 1.467130
vt 0.918705 1.469824
vt 0.921875 1.467130
vt 0.937500 1.462764
vt 0.953125 1.467130
vt 0.036806 1.479503
vt 0.084210 1.472305
vt 0.165790 1.472305
vt 0.206295 1.469824
vt 0.293705 1.469824
vt 0.290790 1.472305
vt 0.331295 1.469824
vt 0.338194 1.479502
vt 0.418705 1.469824
vt 0.415790 1.472305
vt 0.411806 1.479503
vt 0.456295 1.469824
vt 0.543705 1.469824
vt 0.540790 1.472305
vt 0.536806 1.479503
vt 0.584210 1.472305
vt 0.581295 1.469824
vt 0.661952 1.478717
vt 0.661806 1.479503
vt 0.709210 1.472305
vt 0.706295 1.469824
vt 0.793705 1.469824
vt 0.786806 1.479503
vt 0.834210 1.472305
vt 0.959210 1.472305
vt 0.218750 1.501726
vt 0.279889 1.506206
vt 0.343750 1.501726
vt 0.406250 1.501726
vt 0.529889 1.506206
vt 0.656250 1.501726
vt 0.843750 1.501726
vt 0.970111 1.506206
vt 0.029460 1.508716
vt 0.031250 1.516885
vt 0.046875 1.529726
vt 0.046875 1.529726
vt 0.050755 1.531228
vt 0.078125 1.529726
vt 0.078125 1.529726
vt 0.093750 1.516885
vt 0.156250 1.516885
vt 0.171875 1.529726
vt 0.175755 1.531228
vt 0.203125 1.529726
vt 0.203125 1.529726
vt 0.218750 1.516884
vt 0.218750 1.516885
vt 0.220540 1.508716
vt 0.281250 1.516885
vt 0.296875 1.529726
vt 0.296875 1.529726
vt 0.328125 1.529726
vt 0.345540 1.508716
vt 0.406250 1.516885
vt 0.415637 1.527289
vt 0.421875 1.529726
vt 0.453125 1.529726
vt 0.453125 1.529726
vt 0.468750 1.516885
vt 0.531250 1.516885
vt 0.540637 1.527289
vt 0.546875 1.529726
vt 0.531250 1.516885
vt 0.546875 1.529726
vt 0.591643 1.521154
vt 0.654460 1.508716
vt 0.656250 1.516885
vt 0.658357 1.521154
vt 0.671875 1.529726
vt 0.671875 1.529726
vt 0.675755 1.531228
vt 0.703125 1.529726
vt 0.703125 1.529726
vt 0.709363 1.527289
vt 0.718750 1.516885
vt 0.720540 1.508716
vt 0.779460 1.508716
vt 0.781250 1.516885
vt 0.781250 1.516884
vt 0.783357 1.521154
vt 0.796875 1.529726
vt 0.796875 1.529726
vt 0.812500 1.532585
vt 0.812500 1.532585
vt 0.828125 1.529726
vt 0.828125 1.529726
vt 0.834363 1.527289
vt 0.843750 1.516885
vt 0.845540 1.508716
vt 0.906250 1.516885
vt 0.908357 1.521154
vt 0.921875 1.529726
vt 0.925755 1.531227
vt 0.953125 1.529726
vt 0.953125 1.529726
vt 0.968750 1.516884
vt 0.968750 1.516884
vt 0.859375 0.009500
vt 0.875000 0.009500
vt 0.875000 0.012328
vt 0.859375 0.012328
vt 0.890625 0.009500
vt 0.906250 0.009500
vt 0.906250 0.012328
vt 0.890625 0.012328
vt 0.921875 0.009500
vt 0.921875 0.012328
vt 0.937500 0.009500
vt 0.937500 0.012328
vt 0.953125 0.009500
vt 0.953125 0.012328
vt 0.968750 0.009500
vt 0.968750 0.012328
vt 0.984375 0.009500
vt 0.984375 0.012328
vt 1.000000 0.009500
vt 1.000000 0.012328
vt 0.000000 0.012328
vt 0.015625 0.012328
vt 0.015625 0.021328
vt 0.000000 0.021328
vt 0.031250 0.012328
vt 0.031250 0.021328
vt 0.046875 0.012328
vt 0.046875 0.021328
vt 0.062500 0.012328
vt 0.062500 0.021328
vt 0.078125 0.012328
vt 0.078125 0.021328
vt 0.093750 0.012328
vt 0.093750 0.021328
vt 0.109375 0.012328
vt 0.109375 0.021328
vt 0.125000 0.012328
vt 0.125000 0.021328
vt 0.140625 0.012328
vt 0.140625 0.021328
vt 0.156250 0.012328
vt 0.156250 0.021328
vt 0.171875 0.012328
vt 0.171875 0.021328
vt 0.187500 0.012328
vt 0.187500 0.021328
vt 0.203125 0.012328
vt 0.203125 0.021328
vt 0.218750 0.012328
vt 0.218750 0.021328
vt 0.234375 0.012328
vt 0.234375 0.021328
vt 0.250000 0.012328
vt 0.250000 0.021328
vt 0.265625 0.012328
vt 0.265625 0.021328
vt 0.281250 0.012328
vt 0.281250 0.021328
vt 0.296875 0.012328
vt 0.296875 0.021328
vt 0.312500 0.012328
vt 0.312500 0.021328
vt 0.328125 0.012328
vt 0.328125 0.021328
vt 0.343750 0.012328
vt 0.343750 0.021328
vt 0.359375 0.012328
vt 0.359375 0.021328
vt 0.375000 0.012328
vt 0.375000 0.021328
vt 0.390625 0.012328
vt 0.390625 0.021328
vt 0.406250 0.012328
vt 0.406250 0.021328
vt 0.421875 0.012328
vt 0.421875 0.021328
vt 0.437500 0.012328
vt 0.437500 0.021328
vt 0.453125 0.012328
vt 0.453125 0.021328
vt 0.468750 0.012328
vt 0.468750 0.021328
vt 0.484375 0.012328
vt 0.484375 0.021328
vt 0.500000 0.012328
vt 0.500000 0.021328
vt 0.515625 0.012328
vt 0.515625 0.021328
vt 0.531250 0.012328
vt 0.531250 0.021328
vt 0.546875 0.012328
vt 0.546875 0.021328
vt 0.562500 0.012328
vt 0.562500 0.021328
vt 0.578125 0.012328
vt 0.578125 0.021328
vt 0.593750 0.012328
vt 0.593750 0.021328
vt 0.609375 0.012328
vt 0.609375 0.021328
vt 0.625000 0.012328
vt 0.625000 0.021328
vt 0.640625 0.012328
vt 0.640625 0.021328
vt 0.656250 0.012328
vt 0.656250 0.021328
vt 0.671875 0.012328
vt 0.671875 0.021328
vt 0.687500 0.012328
vt 0.687500 0.021328
vt 0.703125 0.012328
vt 0.703125 0.021328
vt 0.718750 0.012328
vt 0.718750 0.021328
vt 0.734375 0.012328
vt 0.734375 0.021328
vt 0.750000 0.012328
vt 0.750000 0.021328
vt 0.765625 0.012328
vt 0.765625 0.021328
vt 0.781250 0.012328
vt 0.781250 0.021328
vt 0.796875 0.012328
vt 0.796875 0.021328
vt 0.812500 0.012328
vt 0.812500 0.021328
vt 0.828125 0.012328
vt 0.828125 0.021328
vt 0.843750 0.012328
vt 0.843750 0.021328
vt 0.859375 0.021328
vt 0.875000 0.021328
vt 0.890625 0.021328
vt 0.906250 0.021328
vt 0.921875 0.021328
vt 0.937500 0.021328
vt 0.953125 0.021328
vt 0.968750 0.021328
vt 0.984375 0.021328
vt 1.000000 0.021328
vt 0.015625 0.024157
vt 0.000000 0.024157
vt 0.031250 0.024157
vt 0.046875 0.024157
vt 0.062500 0.024157
vt 0.078125 0.024157
vt 0.093750 0.024157
vt 0.109375 0.024157
vt 0.125000 0.024157
vt 0.140625 0.024157
vt 0.156250 0.024157
vt 0.171875 0.024157
vt 0.187500 0.024157
vt 0.203125 0.024157
vt 0.218750 0.024157
vt 0.234375 0.024157
vt 0.250000 0.024157
vt 0.265625 0.024157
vt 0.281250 0.024157
vt 0.296875 0.024157
vt 0.312500 0.024157
vt 0.328125 0.024157
vt 0.343750 0.024157
vt 0.359375 0.024157
vt 0.375000 0.024157
vt 0.390625 0.024157
vt 0.406250 0.024157
vt 0.421875 0.024157
vt 0.437500 0.024157
vt 0.453125 0.024157
vt 0.468750 0.024157
vt 0.484375 0.024157
vt 0.500000 0.024157
vt 0.515625 0.024157
vt 0.531250 0.024157
vt 0.546875 0.024157
vt 0.562500 0.024157
vt 0.578125 0.024157
vt 0.593750 0.024157
vt 0.609375 0.024157
vt 0.625000 0.024157
vt 0.640625 0.024157
vt 0.656250 0.024157
vt 0.671875 0.024157
vt 0.687500 0.024157
vt 0.703125 0.024157
vt 0.718750 0.024157
vt 0.734375 0.024157
vt 0.750000 0.024157
vt 0.765625 0.024157
vt 0.781250 0.024157
vt 0.796875 0.024157
vt 0.812500 0.024157
vt 0.828125 0.024157
vt 0.843750 0.024157
vt 0.859375 0.024157
vt 0.875000 0.024157
vt 0.890625 0.024157
vt 0.906250 0.024157
vt 0.921875 0.024157
vt 0.937500 0.024157
vt 0.953125 0.024157
vt 0.968750 0.024157
vt 0.984375 0.024157
vt 1.000000 0.024157
vt 0.015625 0.033657
vt 0.000000 0.033657
vt 0.031250 0.033657
vt 0.046875 0.033657
vt 0.062500 0.033657
vt 0.078125 0.033657
vt 0.093750 0.033657
vt 0.109375 0.033657
vt 0.125000 0.033657
vt 0.140625 0.033657
vt 0.156250 0.033657
vt 0.171875 0.033657
vt 0.187500 0.033657
vt 0.203125 0.033657
vt 0.218750 0.033657
vt 0.234375 0.033657
vt 0.250000 0.033657
vt 0.265625 0.033657
vt 0.281250 0.033657
vt 0.296875 0.033657
vt 0.312500 0.033657
vt 0.328125 0.033657
vt 0.343750 0.033657
vt 0.359375 0.033657
vt 0.375000 0.033657
vt 0.390625 0.033657
vt 0.406250 0.033657
vt 0.421875 0.033657
vt 0.437500 0.033657
vt 0.453125 0.033657
vt 0.468750 0.033657
vt 0.484375 0.033657
vt 0.500000 0.033657
vt 0.515625 0.033657
vt 0.531250 0.033657
vt 0.546875 0.033657
vt 0.562500 0.033657
vt 0.578125 0.033657
vt 0.593750 0.033657
vt 0.609375 0.033657
vt 0.625000 0.033657
vt 0.640625 0.033657
vt 0.656250 0.033657
vt 0.671875 0.033657
vt 0.687500 0.033657
vt 0.703125 0.033657
vt 0.718750 0.033657
vt 0.734375 0.033657
vt 0.750000 0.033657
vt 0.765625 0.033657
vt 0.781250 0.033657
vt 0.796875 0.033657
vt 0.812500 0.033657
vt 0.828125 0.033657
vt 0.843750 0.033657
vt 0.859375 0.033657
vt 0.875000 0.033657
vt 0.890625 0.033657
vt 0.906250 0.033657
vt 0.921875 0.033657
vt 0.937500 0.033657
vt 0.953125 0.033657
vt 0.968750 0.033657
vt 0.984375 0.033657
vt 1.000000 0.033657
vt 0.015625 0.046657
vt 0.000000 0.046657
vt 0.031250 0.046657
vt 0.046875 0.046657
vt 0.062500 0.046657
vt 0.078125 0.046657
vt 0.093750 0.046657
vt 0.109375 0.046657
vt 0.125000 0.046657
vt 0.140625 0.046657
vt 0.156250 0.046657
vt 0.171875 0.046657
vt 0.187500 0.046657
vt 0.203125 0.046657
vt 0.218750 0.046657
vt 0.234375 0.046657
vt 0.250000 0.046657
vt 0.265625 0.046657
vt 0.281250 0.046657
vt 0.296875 0.046657
vt 0.312500 0.046657
vt 0.328125 0.046657
vt 0.343750 0.046657
vt 0.359375 0.046657
vt 0.375000 0.046657
vt 0.390625 0.046657
vt 0.406250 0.046657
vt 0.421875 0.046657
vt 0.437500 0.046657
vt 0.453125 0.046657
vt 0.468750 0.046657
vt 0.484375 0.046657
vt 0.500000 0.046657
vt 0.515625 0.046657
vt 0.531250 0.046657
vt 0.546875 0.046657
vt 0.562500 0.046657
vt 0.578125 0.046657
vt 0.593750 0.046657
vt 0.609375 0.046657
vt 0.625000 0.046657
vt 0.640625 0.046657
vt 0.656250 0.046657
vt 0.671875 0.046657
vt 0.687500 0.046657
vt 0.703125 0.046657
vt 0.718750 0.046657
vt 0.734375 0.046657
vt 0.750000 0.046657
vt 0.765625 0.046657
vt 0.781250 0.046657
vt 0.796875 0.046657
vt 0.812500 0.046657
vt 0.828125 0.046657
vt 0.843750 0.046657
vt 0.859375 0.046657
vt 0.875000 0.046657
vt 0.890625 0.046657
vt 0.906250 0.046657
vt 0.921875 0.046657
vt 0.937500 0.046657
vt 0.953125 0.046657
vt 0.968750 0.046657
vt 0.984375 0.046657
vt 1.000000 0.046657
vt 0.050000 0.000000
vt 0.100000 0.010198
vt 0.000000 0.010198
vt 0.150000 0.000000
vt 0.200000 0.010198
vt 0.250000 0.000000
vt 0.300000 0.010198
vt 0.350000 0.000000
vt 0.400000 0.010198
vt 0.450000 0.000000
vt 0.500000 0.010198
vt 0.550000 0.000000
vt 0.600000 0.010198
vt 0.650000 0.000000
vt 0.700000 0.010198
vt 0.750000 0.000000
vt 0.800000 0.010198
vt 0.850000 0.000000
vt 0.900000 0.010198
vt 0.950000 0.000000
vt 1.000000 0.010198
vt 0.100000 0.020395
vt 0.000000 0.020395
vt 0.200000 0.020395
vt 0.300000 0.020395
vt 0.400000 0.020395
vt 0.500000 0.020395
vt 0.600000 0.020395
vt 0.700000 0.020395
vt 0.800000 0.020395
vt 0.900000 0.020395
vt 1.000000 0.020395
vt 0.100000 0.030593
vt 0.000000 0.030593
vt 0.200000 0.030593
vt 0.300000 0.030593
vt 0.400000 0.030593
vt 0.500000 0.030593
vt 0.600000 0.030593
vt 0.700000 0.030593
vt 0.800000 0.030593
vt 0.900000 0.030593
vt 1.000000 0.030593
vt 0.100000 0.040790
vt 0.000000 0.040790
vt 0.200000 0.040790
vt 0.300000 0.040790
vt 0.400000 0.040790
vt 0.500000 0.040790
vt 0.600000 0.040790
vt 0.700000 0.040790
vt 0.800000 0.040790
vt 0.900000 0.040790
vt 1.000000 0.040790
vt 0.050000 0.050988
vt 0.150000 0.050988
vt 0.250000 0.050988
vt 0.350000 0.050988
vt 0.450000 0.050988
vt 0.550000 0.050988
vt 0.650000 0.050988
vt 0.750000 0.050988
vt 0.850000 0.050988
vt 0.950000 0.050988
vt 0.015625 0.000000
vt 0.015625 0.007344
vt 0.000000 0.007344
vt 0.031250 0.000000
vt 0.031250 0.007344
vt 0.046875 0.000000
vt 0.046875 0.007344
vt 0.062500 0.000000
vt 0.062500 0.007344
vt 0.078125 0.000000
vt 0.078125 0.007344
vt 0.093750 0.000000
vt 0.093750 0.007344
vt 0.109375 0.000000
vt 0.109375 0.007344
vt 0.125000 0.000000
vt 0.125000 0.007344
vt 0.140625 0.000000
vt 0.140625 0.007344
vt 0.156250 0.000000
vt 0.156250 0.007344
vt 0.171875 0.000000
vt 0.171875 0.007344
vt 0.187500 0.000000
vt 0.187500 0.007344
vt 0.203125 0.000000
vt 0.203125 0.007344
vt 0.218750 0.000000
vt 0.218750 0.007344
vt 0.234375 0.000000
vt 0.234375 0.007344
vt 0.250000 0.007344
vt 0.265625 0.000000
vt 0.265625 0.007344
vt 0.281250 0.000000
vt 0.281250 0.007344
vt 0.296875 0.000000
vt 0.296875 0.007344
vt 0.312500 0.000000
vt 0.312500 0.007344
vt 0.328125 0.000000
vt 0.328125 0.007344
vt 0.343750 0.000000
vt 0.343750 0.007344
vt 0.359375 0.000000
vt 0.359375 0.007344
vt 0.375000 0.000000
vt 0.375000 0.007344
vt 0.390625 0.000000
vt 0.390625 0.007344
vt 0.406250 0.000000
vt 0.406250 0.007344
vt 0.421875 0.000000
vt 0.421875 0.007344
vt 0.437500 0.000000
vt 0.437500 0.007344
vt 0.453125 0.000000
vt 0.453125 0.007344
vt 0.468750 0.000000
vt 0.468750 0.007344
vt 0.484375 0.000000
vt 0.484375 0.007344
vt 0.500000 0.000000
vt 0.500000 0.007344
vt 0.515625 0.000000
vt 0.515625 0.007344
vt 0.531250 0.000000
vt 0.531250 0.007344
vt 0.546875 0.000000
vt 0.546875 0.007344
vt 0.562500 0.000000
vt 0.562500 0.007344
vt 0.578125 0.000000
vt 0.578125 0.007344
vt 0.593750 0.000000
vt 0.593750 0.007344
vt 0.609375 0.000000
vt 0.609375 0.007344
vt 0.625000 0.000000
vt 0.625000 0.007344
vt 0.640625 0.000000
vt 0.640625 0.007344
vt 0.656250 0.000000
vt 0.656250 0.007344
vt 0.671875 0.000000
vt 0.671875 0.007344
vt 0.687500 0.000000
vt 0.687500 0.007344
vt 0.703125 0.000000
vt 0.703125 0.007344
vt 0.718750 0.000000
vt 0.718750 0.007344
vt 0.734375 0.000000
vt 0.734375 0.007344
vt 0.750000 0.007344
vt 0.765625 0.000000
vt 0.765625 0.007344
vt 0.781250 0.000000
vt 0.781250 0.007344
vt 0.796875 0.000000
vt 0.796875 0.007344
vt 0.812500 0.000000
vt 0.812500 0.007344
vt 0.828125 0.000000
vt 0.828125 0.007344
vt 0.843750 0.000000
vt 0.843750 0.007344
vt 0.859375 0.000000
vt 0.859375 0.007344
vt 0.875000 0.000000
vt 0.875000 0.007344
vt 0.890625 0.000000
vt 0.890625 0.007344
vt 0.906250 0.000000
vt 0.906250 0.007344
vt 0.921875 0.000000
vt 0.921875 0.007344
vt 0.937500 0.000000
vt 0.937500 0.007344
vt 0.953125 0.000000
vt 0.953125 0.007344
vt 0.968750 0.000000
vt 0.968750 0.007344
vt 0.984375 0.000000
vt 0.984375 0.007344
vt 1.000000 0.000000
vt 1.000000 0.007344
vt 0.015625 0.014688
vt 0.000000 0.014688
vt 0.031250 0.014688
vt 0.046875 0.014688
vt 0.062500 0.014688
vt 0.078125 0.014688
vt 0.093750 0.014688
vt 0.109375 0.014688
vt 0.125000 0.014688
vt 0.140625 0.014688
vt 0.156250 0.014688
vt 0.171875 0.014688
vt 0.187500 0.014688
vt 0.203125 0.014688
vt 0.218750 0.014688
vt 0.234375 0.014688
vt 0.250000 0.014688
vt 0.265625 0.014688
vt 0.281250 0.014688
vt 0.296875 0.014688
vt 0.312500 0.014688
vt 0.328125 0.014688
vt 0.343750 0.014688
vt 0.359375 0.014688
vt 0.375000 0.014688
vt 0.390625 0.014688
vt 0.406250 0.014688
vt 0.421875 0.014688
vt 0.437500 0.014688
vt 0.453125 0.014688
vt 0.468750 0.014688
vt 0.484375 0.014688
vt 0.500000 0.014688
vt 0.515625 0.014688
vt 0.531250 0.014688
vt 0.546875 0.014688
vt 0.562500 0.014688
vt 0.578125 0.014688
vt 0.593750 0.014688
vt 0.609375 0.014688
vt 0.625000 0.014688
vt 0.640625 0.014688
vt 0.656250 0.014688
vt 0.671875 0.014688
vt 0.687500 0.014688
vt 0.703125 0.014688
vt 0.718750 0.014688
vt 0.734375 0.014688
vt 0.750000 0.014688
vt 0.765625 0.014688
vt 0.781250 0.014688
vt 0.796875 0.014688
vt 0.812500 0.014688
vt 0.828125 0.014688
vt 0.843750 0.014688
vt 0.859375 0.014688
vt 0.875000 0.014688
vt 0.890625 0.014688
vt 0.906250 0.014688
vt 0.921875 0.014688
vt 0.937500 0.014688
vt 0.953125 0.014688
vt 0.968750 0.014688
vt 0.984375 0.014688
vt 1.000000 0.014688
vt 0.015625 0.022032
vt 0.000000 0.022032
vt 0.031250 0.022032
vt 0.046875 0.022032
vt 0.062500 0.022032
vt 0.078125 0.022032
vt 0.093750 0.022032
vt 0.109375 0.022032
vt 0.125000 0.022032
vt 0.140625 0.022032
vt 0.156250 0.022032
vt 0.171875 0.022032
vt 0.187500 0.022032
vt 0.203125 0.022032
vt 0.218750 0.022032
vt 0.234375 0.022032
vt 0.250000 0.022032
vt 0.265625 0.022032
vt 0.281250 0.022032
vt 0.296875 0.022032
vt 0.312500 0.022032
vt 0.328125 0.022032
vt 0.343750 0.022032
vt 0.359375 0.022032
vt 0.375000 0.022032
vt 0.390625 0.022032
vt 0.406250 0.022032
vt 0.421875 0.022032
vt 0.437500 0.022032
vt 0.453125 0.022032
vt 0.468750 0.022032
vt 0.484375 0.022032
vt 0.500000 0.022032
vt 0.515625 0.022032
vt 0.531250 0.022032
vt 0.546875 0.022032
vt 0.562500 0.022032
vt 0.578125 0.022032
vt 0.593750 0.022032
vt 0.609375 0.022032
vt 0.625000 0.022032
vt 0.640625 0.022032
vt 0.656250 0.022032
vt 0.671875 0.022032
vt 0.687500 0.022032
vt 0.703125 0.022032
vt 0.718750 0.022032
vt 0.734375 0.022032
vt 0.750000 0.022032
vt 0.765625 0.022032
vt 0.781250 0.022032
vt 0.796875 0.022032
vt 0.812500 0.022032
vt 0.828125 0.022032
vt 0.843750 0.022032
vt 0.859375 0.022032
vt 0.875000 0.022032
vt 0.890625 0.022032
vt 0.906250 0.022032
vt 0.921875 0.022032
vt 0.937500 0.022032
vt 0.953125 0.022032
vt 0.968750 0.022032
vt 0.984375 0.022032
vt 1.000000 0.022032
vt 0.015625 0.029376
vt 0.000000 0.029376
vt 0.031250 0.029376
vt 0.046875 0.029376
vt 0.062500 0.029376
vt 0.078125 0.029376
vt 0.093750 0.029376
vt 0.109375 0.029376
vt 0.125000 0.029376
vt 0.140625 0.029376
vt 0.156250 0.029376
vt 0.171875 0.029376
vt 0.187500 0.029376
vt 0.203125 0.029376
vt 0.218750 0.029376
vt 0.234375 0.029376
vt 0.250000 0.029376
vt 0.265625 0.029376
vt 0.281250 0.029376
vt 0.296875 0.029376
vt 0.312500 0.029376
vt 0.328125 0.029376
vt 0.343750 0.029376
vt 0.359375 0.029376
vt 0.375000 0.029376
vt 0.390625 0.029376
vt 0.406250 0.029376
vt 0.421875 0.029376
vt 0.437500 0.029376
vt 0.453125 0.029376
vt 0.468750 0.029376
vt 0.484375 0.029376
vt 0.500000 0.029376
vt 0.515625 0.029376
vt 0.531250 0.029376
vt 0.546875 0.029376
vt 0.562500 0.029376
vt 0.578125 0.029376
vt 0.593750 0.029376
vt 0.609375 0.029376
vt 0.625000 0.029376
vt 0.640625 0.029376
vt 0.656250 0.029376
vt 0.671875 0.029376
vt 0.687500 0.029376
vt 0.703125 0.029376
vt 0.718750 0.029376
vt 0.734375 0.029376
vt 0.750000 0.029376
vt 0.765625 0.029376
vt 0.781250 0.029376
vt 0.796875 0.029376
vt 0.812500 0.029376
vt 0.828125 0.029376
vt 0.843750 0.029376
vt 0.859375 0.029376
vt 0.875000 0.029376
vt 0.890625 0.029376
vt 0.906250 0.029376
vt 0.921875 0.029376
vt 0.937500 0.029376
vt 0.953125 0.029376
vt 0.968750 0.029376
vt 0.984375 0.029376
vt 1.000000 0.029376
vt 0.015625 0.036720
vt 0.000000 0.036720
vt 0.031250 0.036720
vt 0.046875 0.036720
vt 0.062500 0.036720
vt 0.078125 0.036720
vt 0.093750 0.036720
vt 0.109375 0.036720
vt 0.125000 0.036720
vt 0.140625 0.036720
vt 0.156250 0.036720
vt 0.171875 0.036720
vt 0.187500 0.036720
vt 0.203125 0.036720
vt 0.218750 0.036720
vt 0.234375 0.036720
vt 0.250000 0.036720
vt 0.265625 0.036720
vt 0.281250 0.036720
vt 0.296875 0.036720
vt 0.312500 0.036720
vt 0.328125 0.036720
vt 0.343750 0.036720
vt 0.359375 0.036720
vt 0.375000 0.036720
vt 0.390625 0.036720
vt 0.406250 0.036720
vt 0.421875 0.036720
vt 0.437500 0.036720
vt 0.453125 0.036720
vt 0.468750 0.036720
vt 0.484375 0.036720
vt 0.500000 0.036720
vt 0.515625 0.036720
vt 0.531250 0.036720
vt 0.546875 0.036720
vt 0.562500 0.036720
vt 0.578125 0.036720
vt 0.593750 0.036720
vt 0.609375 0.036720
vt 0.625000 0.036720
vt 0.640625 0.036720
vt 0.656250 0.036720
vt 0.671875 0.036720
vt 0.687500 0.036720
vt 0.703125 0.036720
vt 0.718750 0.036720
vt 0.734375 0.036720
vt 0.750000 0.036720
vt 0.765625 0.036720
vt 0.781250 0.036720
vt 0.796875 0.036720
vt 0.812500 0.036720
vt 0.828125 0.036720
vt 0.843750 0.036720
vt 0.859375 0.036720
vt 0.875000 0.036720
vt 0.890625 0.036720
vt 0.906250 0.036720
vt 0.921875 0.036720
vt 0.937500 0.036720
vt 0.953125 0.036720
vt 0.968750 0.036720
vt 0.984375 0.036720
vt 1.000000 0.036720
vt 0.015625 0.044064
vt 0.000000 0.044064
vt 0.031250 0.044064
vt 0.046875 0.044064
vt 0.062500 0.044064
vt 0.078125 0.044064
vt 0.093750 0.044064
vt 0.109375 0.044064
vt 0.125000 0.044064
vt 0.140625 0.044064
vt 0.156250 0.044064
vt 0.171875 0.044064
vt 0.187500 0.044064
vt 0.203125 0.044064
vt 0.218750 0.044064
vt 0.234375 0.044064
vt 0.250000 0.044064
vt 0.265625 0.044064
vt 0.281250 0.044064
vt 0.296875 0.044064
vt 0.312500 0.044064
vt 0.328125 0.044064
vt 0.343750 0.044064
vt 0.359375 0.044064
vt 0.375000 0.044064
vt 0.390625 0.044064
vt 0.406250 0.044064
vt 0.421875 0.044064
vt 0.437500 0.044064
vt 0.453125 0.044064
vt 0.468750 0.044064
vt 0.484375 0.044064
vt 0.500000 0.044064
vt 0.515625 0.044064
vt 0.531250 0.044064
vt 0.546875 0.044064
vt 0.562500 0.044064
vt 0.578125 0.044064
vt 0.593750 0.044064
vt 0.609375 0.044064
vt 0.625000 0.044064
vt 0.640625 0.044064
vt 0.656250 0.044064
vt 0.671875 0.044064
vt 0.687500 0.044064
vt 0.703125 0.044064
vt 0.718750 0.044064
vt 0.734375 0.044064
vt 0.750000 0.044064
vt 0.765625 0.044064
vt 0.781250 0.044064
vt 0.796875 0.044064
vt 0.812500 0.044064
vt 0.828125 0.044064
vt 0.843750 0.044064
vt 0.859375 0.044064
vt 0.875000 0.044064
vt 0.890625 0.044064
vt 0.906250 0.044064
vt 0.921875 0.044064
vt 0.937500 0.044064
vt 0.953125 0.044064
vt 0.968750 0.044064
vt 0.984375 0.044064
vt 1.000000 0.044064
vt 0.015625 0.009500
vt 0.000000 0.009500
vt 0.031250 0.009500
vt 0.046875 0.009500
vt 0.062500 0.009500
vt 0.078125 0.009500
vt 0.093750 0.009500
vt 0.109375 0.009500
vt 0.125000 0.009500
vt 0.140625 0.009500
vt 0.156250 0.009500
vt 0.171875 0.009500
vt 0.187500 0.009500
vt 0.203125 0.009500
vt 0.218750 0.009500
vt 0.234375 0.009500
vt 0.250000 0.009500
vt 0.265625 0.009500
vt 0.281250 0.009500
vt 0.296875 0.009500
vt 0.312500 0.009500
vt 0.328125 0.009500
vt 0.343750 0.009500
vt 0.359375 0.009500
vt 0.375000 0.009500
vt 0.390625 0.009500
vt 0.406250 0.009500
vt 0.421875 0.009500
vt 0.437500 0.009500
vt 0.453125 0.009500
vt 0.468750 0.009500
vt 0.484375 0.009500
vt 0.500000 0.009500
vt 0.515625 0.009500
vt 0.531250 0.009500
vt 0.546875 0.009500
vt 0.562500 0.009500
vt 0.578125 0.009500
vt 0.593750 0.009500
vt 0.609375 0.009500
vt 0.625000 0.009500
vt 0.640625 0.009500
vt 0.656250 0.009500
vt 0.671875 0.009500
vt 0.687500 0.009500
vt 0.703125 0.009500
vt 0.718750 0.009500
vt 0.734375 0.009500
vt 0.750000 0.009500
vt 0.765625 0.009500
vt 0.781250 0.009500
vt 0.796875 0.009500
vt 0.812500 0.009500
vt 0.828125 0.009500
vt 0.843750 0.009500
s 1
usemtl body
f 1801/1/1 1794/2/2 1795/3/3 1802/4/4
f 3593/5/5 3856/6/5 3833/7/5
f 3593/8/5 3880/9/5 3856/6/5
f 3593/10/5 3867/11/5 3880/9/5
f 3593/12/5 3872/13/5 3867/11/5
f 3593/14/5 3952/15/5 3872/13/5
f 3593/16/5 3916/17/5 3952/15/5
f 3593/18/5 3924/19/5 3916/17/5
f 3593/20/5 3908/21/5 3924/19/5
f 3593/22/5 3936/23/5 3908/21/5
f 3593/24/5 3787/25/5 3936/23/5
f 3593/26/5 3767/27/5 3787/25/5
f 3593/28/5 3772/29/5 3767/27/5
f 3593/30/5 3746/31/5 3772/29/5
f 3593/32/5 3726/33/5 3746/31/5
f 3593/34/5 3717/35/5 3726/33/5
f 1505/36/5 3717/35/5 3593/37/5
f 1499/38/5 1505/36/5 3593/39/5
f 1468/40/5 1499/38/5 3593/41/5
f 1460/42/5 1468/40/5 3593/43/5
f 1447/44/5 1460/42/5 3593/45/5
f 1318/46/5 1447/44/5 3593/47/5
f 1305/48/5 1318/46/5 3593/49/5
f 1294/50/5 1305/48/5 3593/51/5
f 1281/52/5 1294/50/5 3593/53/5
f 1270/54/5 1281/52/5 3593/55/5
f 1242/56/5 1270/54/5 3593/57/5
f 1233/58/5 1242/56/5 3593/59/5
f 1214/60/5 1233/58/5 3593/61/5
f 1197/62/5 1214/60/5 3593/63/5
f 1182/64/5 1197/62/5 3593/65/5
f 1181/66/5 1182/64/5 3593/67/5
f 121/68/5 1181/66/5 3593/69/5
f 110/70/5 121/68/5 3593/71/5
f 82/72/5 110/70/5 3593/73/5
f 82/72/5 3593/74/5 97/75/5
f 93/76/5 97/75/5 3593/77/5
f 11/78/5 93/76/5 3593/79/5
f 11/78/5 3593/80/5 45/81/5
f 38/82/5 45/81/5 3593/83/5
f 38/82/5 3593/84/5 53/85/5
f 27/86/5 53/85/5 3593/87/5
f 27/86/5 3593/88/5 162/89/5
f 162/89/5 3593/90/5 181/91/5
f 174/92/5 181/91/5 3593/93/5
f 174/92/5 3593/94/5 204/95/5
f 204/95/5 3593/96/5 220/97/5
f 220/97/5 3593/98/5 229/99/5
f 229/99/5 3593/100/5 2395/101/5
f 2395/101/5 3593/102/5 2402/103/5
f 2402/103/5 3593/104/5 2429/105/5
f 2429/105/5 3593/106/5 2439/107/5
f 2439/107/5 3593/108/5 2453/109/5
f 2453/109/5 3593/110/5 2580/111/5
f 2580/111/5 3593/112/5 2591/113/5
f 2591/113/5 3593/114/5 2603/115/5
f 2603/115/5 3593/116/5 2615/117/5
f 2615/117/5 3593/118/5 2628/119/5
f 2628/119/5 3593/120/5 2656/121/5
f 2656/121/5 3593/122/5 2664/123/5
f 2664/123/5 3593/124/5 2681/125/5
f 2681/125/5 3593/126/5 2700/127/5
f 2700/127/5 3593/128/5 2711/129/5
f 2711/129/5 3593/130/5 3832/131/5
f 3832/132/6 3833/7/7 3842/133/7 3834/134/6
f 3833/7/7 3856/6/8 3858/135/8 3842/133/7
f 3887/136/9 3858/135/8 3856/6/8 3880/9/9
f 3895/137/10 3887/136/9 3880/9/9 3867/11/10
f 3867/11/10 3872/13/11 3873/138/11 3895/137/10
f 3872/13/11 3952/15/12 3957/139/12 3873/138/11
f 3952/15/12 3916/17/13 3956/140/13 3957/139/12
f 3916/17/13 3924/19/14 3928/141/14 3956/140/13
f 3924/19/14 3908/21/15 3945/142/15 3928/141/14
f 3908/21/15 3936/23/16 3940/143/16 3945/142/15
f 3936/23/16 3787/25/17 3788/144/17 3940/143/16
f 3787/25/17 3767/27/18 3795/145/18 3788/144/17
f 3767/27/18 3772/29/19 3776/146/19 3795/145/18
f 3772/29/19 3746/31/20 3748/147/20 3776/146/19
f 3746/31/20 3726/33/21 3727/148/21 3748/147/20
f 3726/33/21 3717/35/22 3718/149/22 3727/148/21
f 3717/35/22 1505/36/23 1506/150/23 3718/149/22
f 1505/36/23 1499/38/24 1492/151/24 1506/150/23
f 1499/38/24 1468/40/25 1472/152/25 1492/151/24
f 1468/40/25 1460/42/26 1455/153/26 1472/152/25
f 1460/42/26 1447/44/27 1443/154/27 1455/153/26
f 1447/44/27 1318/46/28 1323/155/28 1443/154/27
f 1318/46/28 1305/48/29 1317/156/29 1323/155/28
f 1305/48/29 1294/50/30 1290/157/30 1317/156/29
f 1294/50/30 1281/52/31 1274/158/31 1290/157/30
f 1281/52/31 1270/54/32 1266/159/32 1274/158/31
f 1270/54/32 1242/56/33 1238/160/33 1266/159/32
f 1242/56/33 1233/58/34 1226/161/34 1238/160/33
f 1233/58/34 1214/60/35 1210/162/35 1226/161/34
f 1214/60/35 1197/62/36 1192/163/36 1210/162/35
f 1197/62/36 1182/64/37 1174/164/37 1192/163/36
f 1182/64/37 1181/66/38 1166/165/38 1174/164/37
f 114/166/39 1166/165/38 1181/66/38 121/68/39
f 104/167/40 114/166/39 121/68/39 110/70/40
f 110/70/40 82/72/41 75/168/41 104/167/40
f 82/72/41 97/75/42 71/169/42 75/168/41
f 89/170/43 71/169/42 97/75/42 93/76/43
f 6/171/44 89/170/43 93/76/43 11/78/44
f 10/172/45 6/171/44 11/78/44 45/81/45
f 34/173/46 10/172/45 45/81/45 38/82/46
f 21/174/47 34/173/46 38/82/46 53/85/47
f 23/175/48 21/174/47 53/85/47 27/86/48
f 158/176/49 23/175/48 27/86/48 162/89/49
f 155/177/50 158/176/49 162/89/49 181/91/50
f 170/178/51 155/177/50 181/91/50 174/92/51
f 198/179/52 170/178/51 174/92/51 204/95/52
f 213/180/53 198/179/52 204/95/52 220/97/53
f 222/181/54 213/180/53 220/97/53 229/99/54
f 2388/182/55 222/181/54 229/99/54 2395/101/55
f 2405/183/56 2388/182/55 2395/101/55 2402/103/56
f 2425/184/57 2405/183/56 2402/103/56 2429/105/57
f 2446/185/58 2425/184/57 2429/105/57 2439/107/58
f 2454/186/59 2446/185/58 2439/107/58 2453/109/59
f 2575/187/60 2454/186/59 2453/109/59 2580/111/60
f 2584/188/61 2575/187/60 2580/111/60 2591/113/61
f 2607/189/62 2584/188/61 2591/113/61 2603/115/62
f 2627/190/63 2607/189/62 2603/115/62 2615/117/63
f 2632/191/64 2627/190/63 2615/117/63 2628/119/64
f 2657/192/65 2632/191/64 2628/119/64 2656/121/65
f 2673/193/66 2657/192/65 2656/121/65 2664/123/66
f 2685/194/67 2673/193/66 2664/123/66 2681/125/67
f 2701/195/68 2685/194/67 2681/125/67 2700/127/68
f 2712/196/69 2701/195/68 2700/127/68 2711/129/69
f 3834/197/6 2712/196/69 2711/129/69 3832/131/6
f 3843/198/70 3835/199/71 3834/134/72 3842/133/73
f 3859/200/74 3843/198/70 3842/133/73 3858/135/75
f 3888/201/76 3859/200/74 3858/135/75 3887/136/77
f 3887/136/77 3895/137/78 3896/202/79 3888/201/76
f 3895/137/78 3873/138/80 3900/203/81 3896/202/79
f 3958/204/82 3900/203/81 3873/138/80 3957/139/83
f 3957/139/83 3956/140/84 3964/205/85 3958/204/82
f 3956/140/84 3928/141/86 3929/206/87 3964/205/85
f 3928/141/86 3945/142/88 3948/207/89 3929/206/87
f 3945/142/88 3940/143/90 3941/208/91 3948/207/89
f 3940/143/90 3788/144/92 3800/209/93 3941/208/91
f 3788/144/92 3795/145/94 3796/210/95 3800/209/93
f 3795/145/94 3776/146/96 3777/211/97 3796/210/95
f 3776/146/96 3748/147/98 3749/212/99 3777/211/97
f 3748/147/98 3727/148/100 3728/213/101 3749/212/99
f 3727/148/100 3718/149/102 3719/214/103 3728/213/101
f 3718/149/102 1506/150/104 1507/215/105 3719/214/103
f 1506/150/104 1492/151/106 1493/216/107 1507/215/105
f 1492/151/106 1472/152/108 1473/217/109 1493/216/107
f 1472/152/108 1455/153/110 1456/218/111 1473/217/109
f 1455/153/110 1443/154/112 1451/219/113 1456/218/111
f 1443/154/112 1323/155/114 1322/220/115 1451/219/113
f 1323/155/114 1317/156/116 1313/221/117 1322/220/115
f 1317/156/116 1290/157/118 1289/222/119 1313/221/117
f 1290/157/118 1274/158/120 1277/223/121 1289/222/119
f 1274/158/120 1266/159/122 1265/224/123 1277/223/121
f 1266/159/122 1238/160/124 1229/225/125 1265/224/123
f 1238/160/124 1226/161/126 1224/226/127 1229/225/125
f 1226/161/126 1210/162/128 1209/227/129 1224/226/127
f 1210/162/128 1192/163/130 1190/228/131 1209/227/129
f 1192/163/130 1174/164/132 1173/229/133 1190/228/131
f 1174/164/132 1166/165/134 1165/230/135 1173/229/133
f 1166/165/134 114/166/136 113/231/137 1165/230/135
f 114/166/136 104/167/138 102/232/139 113/231/137
f 104/167/138 75/168/140 74/233/141 102/232/139
f 69/234/142 74/233/141 75/168/140 71/169/143
f 65/235/144 69/234/142 71/169/143 89/170/145
f 89/170/145 6/171/146 5/236/147 65/235/144
f 1/237/148 5/236/147 6/171/146 10/172/149
f 33/238/150 1/237/148 10/172/149 34/173/151
f 17/239/152 33/238/150 34/173/151 21/174/153
f 22/240/154 17/239/152 21/174/153 23/175/155
f 149/241/156 22/240/154 23/175/155 158/176/157
f 153/242/158 149/241/156 158/176/157 155/177/159
f 169/243/160 153/242/158 155/177/159 170/178/161
f 196/244/162 169/243/160 170/178/161 198/179/163
f 212/245/164 196/244/162 198/179/163 213/180/165
f 221/246/166 212/245/164 213/180/165 222/181/167
f 2387/247/168 221/246/166 222/181/167 2388/182/169
f 2403/248/170 2387/247/168 2388/182/169 2405/183/171
f 2424/249/172 2403/248/170 2405/183/171 2425/184/173
f 2444/250/174 2424/249/172 2425/184/173 2446/185/175
f 2449/251/176 2444/250/174 2446/185/175 2454/186/177
f 2576/252/178 2449/251/176 2454/186/177 2575/187/179
f 2587/253/180 2576/252/178 2575/187/179 2584/188/181
f 2608/254/182 2587/253/180 2584/188/181 2607/189/183
f 2623/255/184 2608/254/182 2607/189/183 2627/190/185
f 2633/256/186 2623/255/184 2627/190/185 2632/191/187
f 2669/257/188 2633/256/186 2632/191/187 2657/192/189
f 2674/258/190 2669/257/188 2657/192/189 2673/193/191
f 2686/259/192 2674/258/190 2673/193/191 2685/194/193
f 2702/260/194 2686/259/192 2685/194/193 2701/195/195
f 2713/261/196 2702/260/194 2701/195/195 2712/196/197
f 3835/262/71 2713/261/196 2712/196/197 3834/197/72
f 3844/263/198 3836/264/199 3835/199/71 3843/198/70
f 3860/265/200 3844/263/198 3843/198/70 3859/200/74
f 3889/266/201 3860/265/200 3859/200/74 3888/201/76
f 3888/201/76 3896/202/79 3897/267/202 3889/266/201
f 3901/268/203 3897/267/202 3896/202/79 3900/203/81
f 3959/269/204 3901/268/203 3900/203/81 3958/204/82
f 3965/270/205 3959/269/204 3958/204/82 3964/205/85
f 3964/205/85 3929/206/87 3930/271/206 3965/270/205
f 3929/206/87 3948/207/89 3949/272/207 3930/271/206
f 3948/207/89 3941/208/91 3942/273/208 3949/272/207
f 3941/208/91 3800/209/93 3801/274/209 3942/273/208
f 3800/209/93 3796/210/95 3797/275/210 3801/274/209
f 3778/276/211 3797/275/210 3796/210/95 3777/211/97
f 3777/211/97 3749/212/99 3750/277/212 3778/276/211
f 3749/212/99 3728/213/101 3729/278/213 3750/277/212
f 3728/213/101 3719/214/103 3720/279/214 3729/278/213
f 3719/214/103 1507/215/105 1508/280/215 3720/279/214
f 1507/215/105 1493/216/107 1494/281/216 1508/280/215
f 1493/216/107 1473/217/109 1474/282/217 1494/281/216
f 1473/217/109 1456/218/111 1457/283/218 1474/282/217
f 1456/218/111 1451/219/113 1452/284/219 1457/283/218
f 1451/219/113 1322/220/115 1324/285/220 1452/284/219
f 1322/220/115 1313/221/117 1314/286/221 1324/285/220
f 1313/221/117 1289/222/119 1291/287/222 1314/286/221
f 1289/222/119 1277/223/121 1278/288/223 1291/287/222
f 1277/223/121 1265/224/123 1267/289/224 1278/288/223
f 1265/224/123 1229/225/125 1230/290/225 1267/289/224
f 1229/225/125 1224/226/127 1225/291/226 1230/290/225
f 1224/226/127 1209/227/129 1211/292/227 1225/291/226
f 1209/227/129 1190/228/131 1191/293/228 1211/292/227
f 1190/228/131 1173/229/133 1175/294/229 1191/293/228
f 1173/229/133 1165/230/135 1167/295/230 1175/294/229
f 1165/230/135 113/231/137 115/296/231 1167/295/230
f 113/231/137 102/232/139 103/297/232 115/296/231
f 102/232/139 74/233/141 76/298/233 103/297/232
f 70/299/234 76/298/233 74/233/141 69/234/142
f 69/234/142 65/235/144 66/300/235 70/299/234
f 65/235/144 5/236/147 7/301/236 66/300/235
f 5/236/147 1/237/148 2/302/237 7/301/236
f 35/303/238 2/302/237 1/237/148 33/238/150
f 18/304/239 35/303/238 33/238/150 17/239/152
f 24/305/240 18/304/239 17/239/152 22/240/154
f 150/306/241 24/305/240 22/240/154 149/241/156
f 154/307/242 150/306/241 149/241/156 153/242/158
f 153/242/158 169/243/160 171/308/243 154/307/242
f 197/309/244 171/308/243 169/243/160 196/244/162
f 214/310/245 197/309/244 196/244/162 212/245/164
f 223/311/246 214/310/245 212/245/164 221/246/166
f 2389/312/247 223/311/246 221/246/166 2387/247/168
f 2404/313/248 2389/312/247 2387/247/168 2403/248/170
f 2426/314/249 2404/313/248 2403/248/170 2424/249/172
f 2445/315/250 2426/314/249 2424/249/172 2444/250/174
f 2450/316/251 2445/315/250 2444/250/174 2449/251/176
f 2577/317/252 2450/316/251 2449/251/176 2576/252/178
f 2588/318/253 2577/317/252 2576/252/178 2587/253/180
f 2609/319/254 2588/318/253 2587/253/180 2608/254/182
f 2624/320/255 2609/319/254 2608/254/182 2623/255/184
f 2634/321/256 2624/320/255 2623/255/184 2633/256/186
f 2670/322/257 2634/321/256 2633/256/186 2669/257/188
f 2675/323/258 2670/322/257 2669/257/188 2674/258/190
f 2687/324/259 2675/323/258 2674/258/190 2686/259/192
f 2703/325/260 2687/324/259 2686/259/192 2702/260/194
f 2714/326/261 2703/325/260 2702/260/194 2713/261/196
f 3836/327/199 2714/326/261 2713/261/196 3835/262/71
f 3849/328/262 3840/329/263 3836/264/199 3844/263/198
f 3864/330/264 3849/328/262 3844/263/198 3860/265/200
f 3891/331/265 3864/330/264 3860/265/200 3889/266/201
f 3889/266/201 3897/267/202 3899/332/266 3891/331/265
f 3902/333/267 3899/332/266 3897/267/202 3901/268/203
f 3961/334/268 3902/333/267 3901/268/203 3959/269/204
f 3967/335/269 3961/334/268 3959/269/204 3965/270/205
f 3965/270/205 3930/271/206 3931/336/270 3967/335/269
f 3951/337/271 3931/336/270 3930/271/206 3949/272/207
f 3949/272/207 3942/273/208 3944/338/272 3951/337/271
f 3942/273/208 3801/274/209 3802/339/273 3944/338/272
f 3801/274/209 3797/275/210 3799/340/274 3802/339/273
f 3780/341/275 3799/340/274 3797/275/210 3778/276/211
f 3778/276/211 3750/277/212 3754/342/276 3780/341/275
f 3750/277/212 3729/278/213 3734/343/277 3754/342/276
f 3729/278/213 3720/279/214 3724/344/278 3734/343/277
f 3720/279/214 1508/280/215 1512/345/279 3724/344/278
f 1508/280/215 1494/281/216 1498/346/280 1512/345/279
f 1494/281/216 1474/282/217 1476/347/281 1498/346/280
f 1474/282/217 1457/283/218 1459/348/282 1476/347/281
f 1457/283/218 1452/284/219 1453/349/283 1459/348/282
f 1452/284/219 1324/285/220 1326/350/284 1453/349/283
f 1324/285/220 1314/286/221 1315/351/285 1326/350/284
f 1314/286/221 1291/287/222 1292/352/286 1315/351/285
f 1291/287/222 1278/288/223 1280/353/287 1292/352/286
f 1278/288/223 1267/289/224 1268/354/288 1280/353/287
f 1267/289/224 1230/290/225 1231/355/289 1268/354/288
f 1230/290/225 1225/291/226 1227/356/290 1231/355/289
f 1225/291/226 1211/292/227 1212/357/291 1227/356/290
f 1211/292/227 1191/293/228 1193/358/292 1212/357/291
f 1191/293/228 1175/294/229 1176/359/293 1193/358/292
f 1175/294/229 1167/295/230 1168/360/294 1176/359/293
f 1167/295/230 115/296/231 116/361/295 1168/360/294
f 115/296/231 103/297/232 105/362/296 116/361/295
f 103/297/232 76/298/233 77/363/297 105/362/296
f 72/364/298 77/363/297 76/298/233 70/299/234
f 70/299/234 66/300/235 67/365/299 72/364/298
f 66/300/235 7/301/236 8/366/300 67/365/299
f 7/301/236 2/302/237 3/367/301 8/366/300
f 36/368/302 3/367/301 2/302/237 35/303/238
f 35/303/238 18/304/239 19/369/303 36/368/302
f 25/370/304 19/369/303 18/304/239 24/305/240
f 151/371/305 25/370/304 24/305/240 150/306/241
f 156/372/306 151/371/305 150/306/241 154/307/242
f 154/307/242 171/308/243 172/373/307 156/372/306
f 199/374/308 172/373/307 171/308/243 197/309/244
f 215/375/309 199/374/308 197/309/244 214/310/245
f 224/376/310 215/375/309 214/310/245 223/311/246
f 2391/377/311 224/376/310 223/311/246 2389/312/247
f 2406/378/312 2391/377/311 2389/312/247 2404/313/248
f 2427/379/313 2406/378/312 2404/313/248 2426/314/249
f 2447/380/314 2427/379/313 2426/314/249 2445/315/250
f 2451/381/315 2447/380/314 2445/315/250 2450/316/251
f 2578/382/316 2451/381/315 2450/316/251 2577/317/252
f 2590/383/317 2578/382/316 2577/317/252 2588/318/253
f 2610/384/318 2590/383/317 2588/318/253 2609/319/254
f 2625/385/319 2610/384/318 2609/319/254 2624/320/255
f 2636/386/320 2625/385/319 2624/320/255 2634/321/256
f 2671/387/321 2636/386/320 2634/321/256 2670/322/257
f 2677/388/322 2671/387/321 2670/322/257 2675/323/258
f 2689/389/323 2677/388/322 2675/323/258 2687/324/259
f 2707/390/324 2689/389/323 2687/324/259 2703/325/260
f 2719/391/325 2707/390/324 2703/325/260 2714/326/261
f 3840/392/263 2719/391/325 2714/326/261 3836/327/199
f 3848/393/326 3841/394/327 3840/329/263 3849/328/262
f 3863/395/328 3848/393/326 3849/328/262 3864/330/264
f 3890/396/329 3863/395/328 3864/330/264 3891/331/265
f 3891/331/265 3899/332/266 3898/397/330 3890/396/329
f 3903/398/331 3898/397/330 3899/332/266 3902/333/267
f 3960/399/332 3903/398/331 3902/333/267 3961/334/268
f 3966/400/333 3960/399/332 3961/334/268 3967/335/269
f 3967/335/269 3931/336/270 3932/401/334 3966/400/333
f 3931/336/270 3951/337/271 3950/402/335 3932/401/334
f 3951/337/271 3944/338/272 3943/403/336 3950/402/335
f 3944/338/272 3802/339/273 3803/404/337 3943/403/336
f 3802/339/273 3799/340/274 3798/405/338 3803/404/337
f 3779/406/339 3798/405/338 3799/340/274 3780/341/275
f 3780/341/275 3754/342/276 3753/407/340 3779/406/339
f 3754/342/276 3734/343/277 3733/408/341 3753/407/340
f 3734/343/277 3724/344/278 3725/409/342 3733/408/341
f 3724/344/278 1512/345/279 1511/410/343 3725/409/342
f 1512/345/279 1498/346/280 1497/411/344 1511/410/343
f 1498/346/280 1476/347/281 1475/412/345 1497/411/344
f 1476/347/281 1459/348/282 1458/413/346 1475/412/345
f 1459/348/282 1453/349/283 1454/414/347 1458/413/346
f 1453/349/283 1326/350/284 1325/415/348 1454/414/347
f 1326/350/284 1315/351/285 1316/416/349 1325/415/348
f 1315/351/285 1292/352/286 1293/417/350 1316/416/349
f 1292/352/286 1280/353/287 1279/418/351 1293/417/350
f 1280/353/287 1268/354/288 1269/419/352 1279/418/351
f 1268/354/288 1231/355/289 1232/420/353 1269/419/352
f 1231/355/289 1227/356/290 1228/421/354 1232/420/353
f 1227/356/290 1212/357/291 1213/422/355 1228/421/354
f 1212/357/291 1193/358/292 1194/423/356 1213/422/355
f 1193/358/292 1176/359/293 1177/424/357 1194/423/356
f 1176/359/293 1168/360/294 1169/425/358 1177/424/357
f 1168/360/294 116/361/295 117/426/359 1169/425/358
f 116/361/295 105/362/296 106/427/360 117/426/359
f 105/362/296 77/363/297 78/428/361 106/427/360
f 73/429/362 78/428/361 77/363/297 72/364/298
f 72/364/298 67/365/299 68/430/363 73/429/362
f 67/365/299 8/366/300 9/431/364 68/430/363
f 8/366/300 3/367/301 4/432/365 9/431/364
f 37/433/366 4/432/365 3/367/301 36/368/302
f 20/434/367 37/433/366 36/368/302 19/369/303
f 26/435/368 20/434/367 19/369/303 25/370/304
f 152/436/369 26/435/368 25/370/304 151/371/305
f 157/437/370 152/436/369 151/371/305 156/372/306
f 156/372/306 172/373/307 173/438/371 157/437/370
f 200/439/372 173/438/371 172/373/307 199/374/308
f 216/440/373 200/439/372 199/374/308 215/375/309
f 225/441/374 216/440/373 215/375/309 224/376/310
f 2392/442/375 225/441/374 224/376/310 2391/377/311
f 2407/443/376 2392/442/375 2391/377/311 2406/378/312
f 2428/444/377 2407/443/376 2406/378/312 2427/379/313
f 2448/445/378 2428/444/377 2427/379/313 2447/380/314
f 2452/446/379 2448/445/378 2447/380/314 2451/381/315
f 2579/447/380 2452/446/379 2451/381/315 2578/382/316
f 2589/448/381 2579/447/380 2578/382/316 2590/383/317
f 2611/449/382 2589/448/381 2590/383/317 2610/384/318
f 2626/450/383 2611/449/382 2610/384/318 2625/385/319
f 2635/451/384 2626/450/383 2625/385/319 2636/386/320
f 2672/452/385 2635/451/384 2636/386/320 2671/387/321
f 2676/453/386 2672/452/385 2671/387/321 2677/388/322
f 2688/454/387 2676/453/386 2677/388/322 2689/389/323
f 2706/455/388 2688/454/387 2689/389/323 2707/390/324
f 2718/456/389 2706/455/388 2707/390/324 2719/391/325
f 3841/457/327 2718/456/389 2719/391/325 3840/392/263
f 3845/458/390 3837/459/391 3841/394/327 3848/393/326
f 3857/460/392 3845/458/390 3848/393/326 3863/395/328
f 3881/461/393 3857/460/392 3863/395/328 3890/396/329
f 3884/462/394 3881/461/393 3890/396/329 3898/397/330
f 3874/463/395 3884/462/394 3898/397/330 3903/398/331
f 3953/464/396 3874/463/395 3903/398/331 3960/399/332
f 3960/399/332 3966/400/333 3917/465/397 3953/464/396
f 3966/400/333 3932/401/334 3925/466/398 3917/465/397
f 3932/401/334 3950/402/335 3909/467/399 3925/466/398
f 3937/468/400 3909/467/399 3950/402/335 3943/403/336
f 3943/403/336 3803/404/337 3789/469/401 3937/468/400
f 3781/470/402 3789/469/401 3803/404/337 3798/405/338
f 3773/471/403 3781/470/402 3798/405/338 3779/406/339
f 3779/406/339 3753/407/340 3747/472/404 3773/471/403
f 3753/407/340 3733/408/341 3730/473/405 3747/472/404
f 3733/408/341 3725/409/342 3721/474/406 3730/473/405
f 3725/409/342 1511/410/343 1513/475/407 3721/474/406
f 1511/410/343 1497/411/344 1500/476/408 1513/475/407
f 1497/411/344 1475/412/345 1469/477/409 1500/476/408
f 1475/412/345 1458/413/346 1465/478/410 1469/477/409
f 1458/413/346 1454/414/347 1444/479/411 1465/478/410
f 1454/414/347 1325/415/348 1321/480/412 1444/479/411
f 1325/415/348 1316/416/349 1306/481/413 1321/480/412
f 1316/416/349 1293/417/350 1295/482/414 1306/481/413
f 1293/417/350 1279/418/351 1282/483/415 1295/482/414
f 1279/418/351 1269/419/352 1271/484/416 1282/483/415
f 1269/419/352 1232/420/353 1241/485/417 1271/484/416
f 1232/420/353 1228/421/354 1218/486/418 1241/485/417
f 1228/421/354 1213/422/355 1215/487/419 1218/486/418
f 1213/422/355 1194/423/356 1189/488/420 1215/487/419
f 1194/423/356 1177/424/357 1178/489/421 1189/488/420
f 1177/424/357 1169/425/358 1170/490/422 1178/489/421
f 1169/425/358 117/426/359 120/491/423 1170/490/422
f 117/426/359 106/427/360 109/492/424 120/491/423
f 106/427/360 78/428/361 83/493/425 109/492/424
f 78/428/361 73/429/362 79/494/426 83/493/425
f 73/429/362 68/430/363 92/495/427 79/494/426
f 68/430/363 9/431/364 14/496/428 92/495/427
f 46/497/429 14/496/428 9/431/364 4/432/365
f 39/498/430 46/497/429 4/432/365 37/433/366
f 54/499/431 39/498/430 37/433/366 20/434/367
f 20/434/367 26/435/368 30/500/432 54/499/431
f 161/501/433 30/500/432 26/435/368 152/436/369
f 152/436/369 157/437/370 166/502/434 161/501/433
f 157/437/370 173/438/371 175/503/435 166/502/434
f 203/504/436 175/503/435 173/438/371 200/439/372
f 219/505/437 203/504/436 200/439/372 216/440/373
f 226/506/438 219/505/437 216/440/373 225/441/374
f 2390/507/439 226/506/438 225/441/374 2392/442/375
f 2401/508/440 2390/507/439 2392/442/375 2407/443/376
f 2430/509/441 2401/508/440 2407/443/376 2428/444/377
f 2433/510/442 2430/509/441 2428/444/377 2448/445/378
f 2457/511/443 2433/510/442 2448/445/378 2452/446/379
f 2581/512/444 2457/511/443 2452/446/379 2579/447/380
f 2592/513/445 2581/512/444 2579/447/380 2589/448/381
f 2604/514/446 2592/513/445 2589/448/381 2611/449/382
f 2616/515/447 2604/514/446 2611/449/382 2626/450/383
f 2631/516/448 2616/515/447 2626/450/383 2635/451/384
f 2658/517/449 2631/516/448 2635/451/384 2672/452/385
f 2678/518/450 2658/517/449 2672/452/385 2676/453/386
f 2682/519/451 2678/518/450 2676/453/386 2688/454/387
f 2708/520/452 2682/519/451 2688/454/387 2706/455/388
f 2717/521/453 2708/520/452 2706/455/388 2718/456/389
f 3837/522/391 2717/521/453 2718/456/389 3841/457/327
f 3846/523/454 3838/524/455 3837/459/456 3845/458/457
f 3845/458/457 3857/460/458 3861/525/459 3846/523/454
f 3882/526/460 3861/525/459 3857/460/458 3881/461/461
f 3885/527/462 3882/526/460 3881/461/461 3884/462/463
f 3884/462/463 3874/463/464 3875/528/465 3885/527/462
f 3954/529/466 3875/528/465 3874/463/464 3953/464/467
f 3918/530/468 3954/529/466 3953/464/467 3917/465/469
f 3917/465/469 3925/466/470 3926/531/471 3918/530/468
f 3925/466/470 3909/467/472 3910/532/473 3926/531/471
f 3909/467/472 3937/468/474 3938/533/475 3910/532/473
f 3937/468/474 3789/469/476 3790/534/477 3938/533/475
f 3789/469/476 3781/470/478 3782/535/479 3790/534/477
f 3781/470/478 3773/471/480 3774/536/481 3782/535/479
f 3773/471/480 3747/472/482 3751/537/483 3774/536/481
f 3747/472/482 3730/473/484 3731/538/485 3751/537/483
f 3730/473/484 3721/474/486 3722/539/487 3731/538/485
f 3721/474/486 1513/475/488 1509/540/489 3722/539/487
f 1513/475/488 1500/476/490 1495/541/491 1509/540/489
f 1500/476/490 1469/477/492 1470/542/493 1495/541/491
f 1469/477/492 1465/478/494 1466/543/495 1470/542/493
f 1465/478/494 1444/479/496 1445/544/497 1466/543/495
f 1444/479/496 1321/480/498 1319/545/499 1445/544/497
f 1321/480/498 1306/481/500 1307/546/501 1319/545/499
f 1306/481/500 1295/482/502 1296/547/503 1307/546/501
f 1295/482/502 1282/483/504 1283/548/505 1296/547/503
f 1282/483/504 1271/484/506 1272/549/507 1283/548/505
f 1271/484/506 1241/485/508 1239/550/509 1272/549/507
f 1241/485/508 1218/486/510 1219/551/511 1239/550/509
f 1218/486/510 1215/487/512 1216/552/513 1219/551/511
f 1215/487/512 1189/488/514 1195/553/515 1216/552/513
f 1189/488/514 1178/489/516 1179/554/517 1195/553/515
f 1178/489/516 1170/490/518 1171/555/519 1179/554/517
f 1170/490/518 120/491/520 118/556/521 1171/555/519
f 107/557/522 118/556/521 120/491/520 109/492/523
f 109/492/523 83/493/524 84/558/525 107/557/522
f 83/493/524 79/494/526 80/559/527 84/558/525
f 90/560/528 80/559/527 79/494/526 92/495/529
f 92/495/529 14/496/530 12/561/531 90/560/528
f 14/496/530 46/497/532 47/562/533 12/561/531
f 40/563/534 47/562/533 46/497/532 39/498/535
f 55/564/536 40/563/534 39/498/535 54/499/537
f 28/565/538 55/564/536 54/499/537 30/500/539
f 159/566/540 28/565/538 30/500/539 161/501/541
f 167/567/542 159/566/540 161/501/541 166/502/543
f 176/568/544 167/567/542 166/502/543 175/503/545
f 201/569/546 176/568/544 175/503/545 203/504/547
f 217/570/548 201/569/546 203/504/547 219/505/549
f 227/571/550 217/570/548 219/505/549 226/506/551
f 2393/572/552 227/571/550 226/506/551 2390/507/553
f 2408/573/554 2393/572/552 2390/507/553 2401/508/555
f 2431/574/556 2408/573/554 2401/508/555 2430/509/557
f 2434/575/558 2431/574/556 2430/509/557 2433/510/559
f 2455/576/560 2434/575/558 2433/510/559 2457/511/561
f 2582/577/562 2455/576/560 2457/511/561 2581/512/563
f 2593/578/564 2582/577/562 2581/512/563 2592/513/565
f 2605/579/566 2593/578/564 2592/513/565 2604/514/567
f 2617/580/568 2605/579/566 2604/514/567 2616/515/569
f 2629/581/570 2617/580/568 2616/515/569 2631/516/571
f 2659/582/572 2629/581/570 2631/516/571 2658/517/573
f 2679/583/574 2659/582/572 2658/517/573 2678/518/575
f 2683/584/576 2679/583/574 2678/518/575 2682/519/577
f 2704/585/578 2683/584/576 2682/519/577 2708/520/579
f 2715/586/580 2704/585/578 2708/520/579 2717/521/581
f 3838/587/455 2715/586/580 2717/521/581 3837/522/456
f 3847/588/582 3839/589/583 3838/524/455 3846/523/454
f 3862/590/584 3847/588/582 3846/523/454 3861/525/459
f 3861/525/459 3882/526/460 3883/591/585 3862/590/584
f 3886/592/586 3883/591/585 3882/526/460 3885/527/462
f 3885/527/462 3875/528/465 3876/593/587 3886/592/586
f 3955/594/588 3876/593/587 3875/528/465 3954/529/466
f 3919/595/589 3955/594/588 3954/529/466 3918/530/468
f 3918/530/468 3926/531/471 3927/596/590 3919/595/589
f 3926/531/471 3910/532/473 3911/597/591 3927/596/590
f 3910/532/473 3938/533/475 3939/598/592 3911/597/591
f 3938/533/475 3790/534/477 3791/599/593 3939/598/592
f 3783/600/594 3791/599/593 3790/534/477 3782/535/479
f 3782/535/479 3774/536/481 3775/601/595 3783/600/594
f 3752/602/596 3775/601/595 3774/536/481 3751/537/483
f 3751/537/483 3731/538/485 3732/603/597 3752/602/596
f 3731/538/485 3722/539/487 3723/604/598 3732/603/597
f 3722/539/487 1509/540/489 1510/605/599 3723/604/598
f 1509/540/489 1495/541/491 1496/606/600 1510/605/599
f 1495/541/491 1470/542/493 1471/607/601 1496/606/600
f 1470/542/493 1466/543/495 1467/608/602 1471/607/601
f 1466/543/495 1445/544/497 1446/609/603 1467/608/602
f 1445/544/497 1319/545/499 1320/610/604 1446/609/603
f 1319/545/499 1307/546/501 1308/611/605 1320/610/604
f 1307/546/501 1296/547/503 1297/612/606 1308/611/605
f 1296/547/503 1283/548/505 1284/613/607 1297/612/606
f 1283/548/505 1272/549/507 1273/614/608 1284/613/607
f 1272/549/507 1239/550/509 1240/615/609 1273/614/608
f 1239/550/509 1219/551/511 1220/616/610 1240/615/609
f 1219/551/511 1216/552/513 1217/617/611 1220/616/610
f 1216/552/513 1195/553/515 1196/618/612 1217/617/611
f 1195/553/515 1179/554/517 1180/619/613 1196/618/612
f 1179/554/517 1171/555/519 1172/620/614 1180/619/613
f 1171/555/519 118/556/521 119/621/615 1172/620/614
f 118/556/521 107/557/522 108/622/616 119/621/615
f 85/623/617 108/622/616 107/557/522 84/558/525
f 84/558/525 80/559/527 81/624/618 85/623/617
f 91/625/619 81/624/618 80/559/527 90/560/528
f 90/560/528 12/561/531 13/626/620 91/625/619
f 12/561/531 47/562/533 48/627/621 13/626/620
f 41/628/622 48/627/621 47/562/533 40/563/534
f 56/629/623 41/628/622 40/563/534 55/564/536
f 29/630/624 56/629/623 55/564/536 28/565/538
f 160/631/625 29/630/624 28/565/538 159/566/540
f 159/566/540 167/567/542 168/632/626 160/631/625
f 177/633/627 168/632/626 167/567/542 176/568/544
f 176/568/544 201/569/546 202/634/628 177/633/627
f 218/635/629 202/634/628 201/569/546 217/570/548
f 228/636/630 218/635/629 217/570/548 227/571/550
f 2394/637/631 228/636/630 227/571/550 2393/572/552
f 2409/638/632 2394/637/631 2393/572/552 2408/573/554
f 2432/639/633 2409/638/632 2408/573/554 2431/574/556
f 2435/640/634 2432/639/633 2431/574/556 2434/575/558
f 2456/641/635 2435/640/634 2434/575/558 2455/576/560
f 2583/642/636 2456/641/635 2455/576/560 2582/577/562
f 2594/643/637 2583/642/636 2582/577/562 2593/578/564
f 2606/644/638 2594/643/637 2593/578/564 2605/579/566
f 2618/645/639 2606/644/638 2605/579/566 2617/580/568
f 2630/646/640 2618/645/639 2617/580/568 2629/581/570
f 2660/647/641 2630/646/640 2629/581/570 2659/582/572
f 2680/648/642 2660/647/641 2659/582/572 2679/583/574
f 2684/649/643 2680/648/642 2679/583/574 2683/584/576
f 2705/650/644 2684/649/643 2683/584/576 2704/585/578
f 2716/651/645 2705/650/644 2704/585/578 2715/586/580
f 3839/652/583 2716/651/645 2715/586/580 3838/587/455
f 3855/653/646 3854/654/647 3839/589/583 3847/588/582
f 3866/655/648 3855/653/646 3847/588/582 3862/590/584
f 3893/656/649 3866/655/648 3862/590/584 3883/591/585
f 3894/657/650 3893/656/649 3883/591/585 3886/592/586
f 3879/658/651 3894/657/650 3886/592/586 3876/593/587
f 3963/659/652 3879/658/651 3876/593/587 3955/594/588
f 3923/660/653 3963/659/652 3955/594/588 3919/595/589
f 3919/595/589 3927/596/590 3935/661/654 3923/660/653
f 3915/662/655 3935/661/654 3927/596/590 3911/597/591
f 3911/597/591 3939/598/592 3947/663/656 3915/662/655
f 3939/598/592 3791/599/593 3794/664/657 3947/663/656
f 3786/665/658 3794/664/657 3791/599/593 3783/600/594
f 3783/600/594 3775/601/595 3785/666/659 3786/665/658
f 3775/601/595 3752/602/596 3756/667/660 3785/666/659
f 3752/602/596 3732/603/597 3740/668/661 3756/667/660
f 3732/603/597 3723/604/598 3737/669/662 3740/668/661
f 3723/604/598 1510/605/599 1516/670/663 3737/669/662
f 1510/605/599 1496/606/600 1502/671/664 1516/670/663
f 1496/606/600 1471/607/601 1479/672/665 1502/671/664
f 1471/607/601 1467/608/602 1477/673/666 1479/672/665
f 1467/608/602 1446/609/603 1449/674/667 1477/673/666
f 1446/609/603 1320/610/604 1328/675/668 1449/674/667
f 1320/610/604 1308/611/605 1309/676/669 1328/675/668
f 1308/611/605 1297/612/606 1298/677/670 1309/676/669
f 1297/612/606 1284/613/607 1286/678/671 1298/677/670
f 1284/613/607 1273/614/608 1275/679/672 1286/678/671
f 1273/614/608 1240/615/609 1243/680/673 1275/679/672
f 1240/615/609 1220/616/610 1223/681/674 1243/680/673
f 1220/616/610 1217/617/611 1221/682/675 1223/681/674
f 1217/617/611 1196/618/612 1198/683/676 1221/682/675
f 1196/618/612 1180/619/613 1184/684/677 1198/683/676
f 1180/619/613 1172/620/614 1183/685/678 1184/684/677
f 1172/620/614 119/621/615 122/686/679 1183/685/678
f 119/621/615 108/622/616 111/687/680 122/686/679
f 108/622/616 85/623/617 87/688/681 111/687/680
f 85/623/617 81/624/618 86/689/682 87/688/681
f 81/624/618 91/625/619 94/690/683 86/689/682
f 91/625/619 13/626/620 15/691/684 94/690/683
f 13/626/620 48/627/621 49/692/685 15/691/684
f 42/693/686 49/692/685 48/627/621 41/628/622
f 41/628/622 56/629/623 57/694/687 42/693/686
f 31/695/688 57/694/687 56/629/623 29/630/624
f 163/696/689 31/695/688 29/630/624 160/631/625
f 160/631/625 168/632/626 178/697/690 163/696/689
f 179/698/691 178/697/690 168/632/626 177/633/627
f 205/699/692 179/698/691 177/633/627 202/634/628
f 230/700/693 205/699/692 202/634/628 218/635/629
f 233/701/694 230/700/693 218/635/629 228/636/630
f 2396/702/695 233/701/694 228/636/630 2394/637/631
f 2410/703/696 2396/702/695 2394/637/631 2409/638/632
f 2436/704/697 2410/703/696 2409/638/632 2432/639/633
f 2438/705/698 2436/704/697 2432/639/633 2435/640/634
f 2459/706/699 2438/705/698 2435/640/634 2456/641/635
f 2585/707/700 2459/706/699 2456/641/635 2583/642/636
f 2598/708/701 2585/707/700 2583/642/636 2594/643/637
f 2614/709/702 2598/708/701 2594/643/637 2606/644/638
f 2621/710/703 2614/709/702 2606/644/638 2618/645/639
f 2638/711/704 2621/710/703 2618/645/639 2630/646/640
f 2663/712/705 2638/711/704 2630/646/640 2660/647/641
f 2690/713/706 2663/712/705 2660/647/641 2680/648/642
f 2692/714/707 2690/713/706 2680/648/642 2684/649/643
f 2710/715/708 2692/714/707 2684/649/643 2705/650/644
f 2722/716/709 2710/715/708 2705/650/644 2716/651/645
f 3854/717/647 2722/716/709 2716/651/645 3839/652/583
f 3853/718/710 3851/719/711 3854/654/647 3855/653/646
f 3865/720/712 3853/718/710 3855/653/646 3866/655/648
f 3892/721/713 3865/720/712 3866/655/648 3893/656/649
f 3871/722/714 3892/721/713 3893/656/649 3894/657/650
f 3878/723/715 3871/722/714 3894/657/650 3879/658/651
f 3879/658/651 3963/659/652 3962/724/716 3878/723/715
f 3922/725/717 3962/724/716 3963/659/652 3923/660/653
f 3934/726/718 3922/725/717 3923/660/653 3935/661/654
f 3935/661/654 3915/662/655 3914/727/719 3934/726/718
f 3946/728/720 3914/727/719 3915/662/655 3947/663/656
f 3793/729/721 3946/728/720 3947/663/656 3794/664/657
f 3794/664/657 3786/665/658 3771/730/722 3793/729/721
f 3786/665/658 3785/666/659 3784/731/723 3771/730/722
f 3785/666/659 3756/667/660 3755/732/724 3784/731/723
f 3756/667/660 3740/668/661 3739/733/725 3755/732/724
f 3736/734/726 3739/733/725 3740/668/661 3737/669/662
f 3737/669/662 1516/670/663 1515/735/727 3736/734/726
f 1516/670/663 1502/671/664 1501/736/728 1515/735/727
f 1502/671/664 1479/672/665 1478/737/729 1501/736/728
f 1479/672/665 1477/673/666 1462/738/730 1478/737/729
f 1477/673/666 1449/674/667 1448/739/731 1462/738/730
f 1449/674/667 1328/675/668 1327/740/732 1448/739/731
f 1328/675/668 1309/676/669 1311/741/733 1327/740/732
f 1309/676/669 1298/677/670 1299/742/734 1311/741/733
f 1298/677/670 1286/678/671 1285/743/735 1299/742/734
f 1286/678/671 1275/679/672 1276/744/736 1285/743/735
f 1275/679/672 1243/680/673 1244/745/737 1276/744/736
f 1243/680/673 1223/681/674 1235/746/738 1244/745/737
f 1223/681/674 1221/682/675 1222/747/739 1235/746/738
f 1221/682/675 1198/683/676 1199/748/740 1222/747/739
f 1198/683/676 1184/684/677 1187/749/741 1199/748/740
f 1184/684/677 1183/685/678 1185/750/742 1187/749/741
f 1183/685/678 122/686/679 123/751/743 1185/750/742
f 122/686/679 111/687/680 112/752/744 123/751/743
f 111/687/680 87/688/681 88/753/745 112/752/744
f 87/688/681 86/689/682 98/754/746 88/753/745
f 86/689/682 94/690/683 95/755/747 98/754/746
f 16/756/748 95/755/747 94/690/683 15/691/684
f 15/691/684 49/692/685 50/757/749 16/756/748
f 49/692/685 42/693/686 43/758/750 50/757/749
f 58/759/751 43/758/750 42/693/686 57/694/687
f 57/694/687 31/695/688 32/760/752 58/759/751
f 31/695/688 163/696/689 164/761/753 32/760/752
f 182/762/754 164/761/753 163/696/689 178/697/690
f 180/763/755 182/762/754 178/697/690 179/698/691
f 206/764/756 180/763/755 179/698/691 205/699/692
f 231/765/757 206/764/756 205/699/692 230/700/693
f 230/700/693 233/701/694 234/766/758 231/765/757
f 2397/767/759 234/766/758 233/701/694 2396/702/695
f 2411/768/760 2397/767/759 2396/702/695 2410/703/696
f 2437/769/761 2411/768/760 2410/703/696 2436/704/697
f 2442/770/762 2437/769/761 2436/704/697 2438/705/698
f 2460/771/763 2442/770/762 2438/705/698 2459/706/699
f 2586/772/764 2460/771/763 2459/706/699 2585/707/700
f 2596/773/765 2586/772/764 2585/707/700 2598/708/701
f 2613/774/766 2596/773/765 2598/708/701 2614/709/702
f 2622/775/767 2613/774/766 2614/709/702 2621/710/703
f 2637/776/768 2622/775/767 2621/710/703 2638/711/704
f 2662/777/769 2637/776/768 2638/711/704 2663/712/705
f 2667/778/770 2662/777/769 2663/712/705 2690/713/706
f 2691/779/771 2667/778/770 2690/713/706 2692/714/707
f 2709/780/772 2691/779/771 2692/714/707 2710/715/708
f 2721/781/773 2709/780/772 2710/715/708 2722/716/709
f 3851/782/711 2721/781/773 2722/716/709 3854/717/647
f 3852/783/774 3850/784/775 3851/719/711 3853/718/710
f 3831/785/776 3852/783/774 3853/718/710 3865/720/712
f 3869/786/777 3831/785/776 3865/720/712 3892/721/713
f 3870/787/778 3869/786/777 3892/721/713 3871/722/714
f 3877/788/779 3870/787/778 3871/722/714 3878/723/715
f 3878/723/715 3962/724/716 3822/789/780 3877/788/779
f 3921/790/781 3822/789/780 3962/724/716 3922/725/717
f 3933/791/782 3921/790/781 3922/725/717 3934/726/718
f 3913/792/783 3933/791/782 3934/726/718 3914/727/719
f 3766/793/784 3913/792/783 3914/727/719 3946/728/720
f 3946/728/720 3793/729/721 3792/794/785 3766/793/784
f 3770/795/786 3792/794/785 3793/729/721 3771/730/722
f 3771/730/722 3784/731/723 3768/796/787 3770/795/786
f 3743/797/788 3768/796/787 3784/731/723 3755/732/724
f 3755/732/724 3739/733/725 3738/798/789 3743/797/788
f 3739/733/725 3736/734/726 3735/799/790 3738/798/789
f 3736/734/726 1515/735/727 1514/800/791 3735/799/790
f 1515/735/727 1501/736/728 1491/801/792 1514/800/791
f 1501/736/728 1478/737/729 1464/802/793 1491/801/792
f 1478/737/729 1462/738/730 1463/803/794 1464/802/793
f 1462/738/730 1448/739/731 1450/804/795 1463/803/794
f 1448/739/731 1327/740/732 1435/805/796 1450/804/795
f 1327/740/732 1311/741/733 1310/806/797 1435/805/796
f 1311/741/733 1299/742/734 1300/807/798 1310/806/797
f 1299/742/734 1285/743/735 1287/808/799 1300/807/798
f 1285/743/735 1276/744/736 1258/809/800 1287/808/799
f 1276/744/736 1244/745/737 1245/810/801 1258/809/800
f 1244/745/737 1235/746/738 1236/811/802 1245/810/801
f 1235/746/738 1222/747/739 1234/812/803 1236/811/802
f 1222/747/739 1199/748/740 1204/813/804 1234/812/803
f 1199/748/740 1187/749/741 1188/814/805 1204/813/804
f 1187/749/741 1185/750/742 1186/815/806 1188/814/805
f 1185/750/742 123/751/743 124/816/807 1186/815/806
f 123/751/743 112/752/744 125/817/808 124/816/807
f 112/752/744 88/753/745 100/818/809 125/817/808
f 88/753/745 98/754/746 99/819/810 100/818/809
f 98/754/746 95/755/747 96/820/811 99/819/810
f 132/821/812 96/820/811 95/755/747 16/756/748
f 16/756/748 50/757/749 51/822/813 132/821/812
f 50/757/749 43/758/750 44/823/814 51/822/813
f 43/758/750 58/759/751 59/824/815 44/823/814
f 58/759/751 32/760/752 186/825/816 59/824/815
f 165/826/817 186/825/816 32/760/752 164/761/753
f 164/761/753 182/762/754 183/827/818 165/826/817
f 185/828/819 183/827/818 182/762/754 180/763/755
f 180/763/755 206/764/756 209/829/820 185/828/819
f 232/830/821 209/829/820 206/764/756 231/765/757
f 235/831/822 232/830/821 231/765/757 234/766/758
f 2398/832/823 235/831/822 234/766/758 2397/767/759
f 2412/833/824 2398/832/823 2397/767/759 2411/768/760
f 2440/834/825 2412/833/824 2411/768/760 2437/769/761
f 2441/835/826 2440/834/825 2437/769/761 2442/770/762
f 2458/836/827 2441/835/826 2442/770/762 2460/771/763
f 2468/837/828 2458/836/827 2460/771/763 2586/772/764
f 2597/838/829 2468/837/828 2586/772/764 2596/773/765
f 2612/839/830 2597/838/829 2596/773/765 2613/774/766
f 2620/840/831 2612/839/830 2613/774/766 2622/775/767
f 2645/841/832 2620/840/831 2622/775/767 2637/776/768
f 2661/842/833 2645/841/832 2637/776/768 2662/777/769
f 2666/843/834 2661/842/833 2662/777/769 2667/778/770
f 2668/844/835 2666/843/834 2667/778/770 2691/779/771
f 2697/845/836 2668/844/835 2691/779/771 2709/780/772
f 2720/846/837 2697/845/836 2709/780/772 2721/781/773
f 3850/847/775 2720/846/837 2721/781/773 3851/782/711
f 3826/848/838 3825/849/839 3850/784/775 3852/783/774
f 3830/850/840 3826/848/838 3852/783/774 3831/785/776
f 3829/851/841 3830/850/840 3831/785/776 3869/786/777
f 3868/852/842 3829/851/841 3869/786/777 3870/787/778
f 3820/853/843 3868/852/842 3870/787/778 3877/788/779
f 3821/854/844 3820/853/843 3877/788/779 3822/789/780
f 3920/855/845 3821/854/844 3822/789/780 3921/790/781
f 3907/856/846 3920/855/845 3921/790/781 3933/791/782
f 3912/857/847 3907/856/846 3933/791/782 3913/792/783
f 3765/858/848 3912/857/847 3913/792/783 3766/793/784
f 3763/859/849 3765/858/848 3766/793/784 3792/794/785
f 3792/794/785 3770/795/786 3769/860/850 3763/859/849
f 3745/861/851 3769/860/850 3770/795/786 3768/796/787
f 3768/796/787 3743/797/788 3742/862/852 3745/861/851
f 3743/797/788 3738/798/789 3716/863/853 3742/862/852
f 3738/798/789 3735/799/790 3714/864/854 3716/863/853
f 3735/799/790 1514/800/791 1504/865/855 3714/864/854
f 1514/800/791 1491/801/792 1490/866/856 1504/865/855
f 1491/801/792 1464/802/793 1488/867/857 1490/866/856
f 1461/868/858 1488/867/857 1464/802/793 1463/803/794
f 1463/803/794 1450/804/795 1437/869/859 1461/868/858
f 1450/804/795 1435/805/796 1436/870/860 1437/869/859
f 1435/805/796 1310/806/797 1312/871/861 1436/870/860
f 1310/806/797 1300/807/798 1302/872/862 1312/871/861
f 1300/807/798 1287/808/799 1288/873/863 1302/872/862
f 1287/808/799 1258/809/800 1259/874/864 1288/873/863
f 1258/809/800 1245/810/801 1257/875/865 1259/874/864
f 1245/810/801 1236/811/802 1237/876/866 1257/875/865
f 1236/811/802 1234/812/803 1207/877/867 1237/876/866
f 1234/812/803 1204/813/804 1205/878/868 1207/877/867
f 1204/813/804 1188/814/805 1201/879/869 1205/878/868
f 1188/814/805 1186/815/806 1200/880/870 1201/879/869
f 1186/815/806 124/816/807 130/881/871 1200/880/870
f 124/816/807 125/817/808 126/882/872 130/881/871
f 125/817/808 100/818/809 127/883/873 126/882/872
f 100/818/809 99/819/810 101/884/874 127/883/873
f 99/819/810 96/820/811 134/885/875 101/884/874
f 96/820/811 132/821/812 133/886/876 134/885/875
f 132/821/812 51/822/813 52/887/877 133/886/876
f 51/822/813 44/823/814 61/888/878 52/887/877
f 44/823/814 59/824/815 60/889/879 61/888/878
f 59/824/815 186/825/816 187/890/880 60/889/879
f 186/825/816 165/826/817 189/891/881 187/890/880
f 184/892/882 189/891/881 165/826/817 183/827/818
f 183/827/818 185/828/819 207/893/883 184/892/882
f 210/894/884 207/893/883 185/828/819 209/829/820
f 236/895/885 210/894/884 209/829/820 232/830/821
f 238/896/886 236/895/885 232/830/821 235/831/822
f 2399/897/887 238/896/886 235/831/822 2398/832/823
f 2413/898/888 2399/897/887 2398/832/823 2412/833/824
f 2415/899/889 2413/898/888 2412/833/824 2440/834/825
f 2440/834/825 2441/835/826 2443/900/890 2415/899/889
f 2466/901/891 2443/900/890 2441/835/826 2458/836/827
f 2467/902/892 2466/901/891 2458/836/827 2468/837/828
f 2595/903/893 2467/902/892 2468/837/828 2597/838/829
f 2601/904/894 2595/903/893 2597/838/829 2612/839/830
f 2619/905/895 2601/904/894 2612/839/830 2620/840/831
f 2644/906/896 2619/905/895 2620/840/831 2645/841/832
f 2646/907/897 2644/906/896 2645/841/832 2661/842/833
f 2665/908/898 2646/907/897 2661/842/833 2666/843/834
f 2694/909/899 2665/908/898 2666/843/834 2668/844/835
f 2696/910/900 2694/909/899 2668/844/835 2697/845/836
f 2699/911/901 2696/910/900 2697/845/836 2720/846/837
f 3825/912/839 2699/911/901 2720/846/837 3850/847/775
f 3824/913/902 3823/914/903 3825/849/904 3826/848/905
f 3827/915/906 3824/913/902 3826/848/905 3830/850/907
f 3828/916/908 3827/915/906 3830/850/907 3829/851/909
f 3817/917/910 3828/916/908 3829/851/909 3868/852/911
f 3818/918/912 3817/917/910 3868/852/911 3820/853/913
f 3819/919/914 3818/918/912 3820/853/913 3821/854/915
f 3906/920/916 3819/919/914 3821/854/915 3920/855/917
f 3904/921/918 3906/920/916 3920/855/917 3907/856/919
f 3905/922/920 3904/921/918 3907/856/919 3912/857/921
f 3764/923/922 3905/922/920 3912/857/921 3765/858/923
f 3761/924/924 3764/923/922 3765/858/923 3763/859/925
f 3763/859/925 3769/860/926 3760/925/927 3761/924/924
f 3769/860/926 3745/861/928 3744/926/929 3760/925/927
f 3745/861/928 3742/862/930 3741/927/931 3744/926/929
f 3742/862/930 3716/863/932 3715/928/933 3741/927/931
f 3713/929/934 3715/928/933 3716/863/932 3714/864/935
f 1503/930/936 3713/929/934 3714/864/935 1504/865/937
f 1504/865/937 1490/866/938 1489/931/939 1503/930/936
f 1490/866/938 1488/867/940 1487/932/941 1489/931/939
f 1488/867/940 1461/868/942 1442/933/943 1487/932/941
f 1461/868/942 1437/869/944 1441/934/945 1442/933/943
f 1437/869/944 1436/870/946 1434/935/947 1441/934/945
f 1436/870/946 1312/871/948 1304/936/949 1434/935/947
f 1312/871/948 1302/872/950 1303/937/951 1304/936/949
f 1302/872/950 1288/873/952 1301/938/953 1303/937/951
f 1288/873/952 1259/874/954 1260/939/955 1301/938/953
f 1259/874/954 1257/875/956 1256/940/957 1260/939/955
f 1257/875/956 1237/876/958 1255/941/959 1256/940/957
f 1237/876/958 1207/877/960 1208/942/961 1255/941/959
f 1207/877/960 1205/878/962 1206/943/963 1208/942/961
f 1205/878/962 1201/879/964 1203/944/965 1206/943/963
f 1201/879/964 1200/880/966 1202/945/967 1203/944/965
f 1200/880/966 130/881/968 131/946/969 1202/945/967
f 130/881/968 126/882/970 129/947/971 131/946/969
f 126/882/970 127/883/972 128/948/973 129/947/971
f 127/883/972 101/884/974 137/949/975 128/948/973
f 101/884/974 134/885/976 136/950/977 137/949/975
f 134/885/976 133/886/978 135/951/979 136/950/977
f 133/886/978 52/887/980 62/952/981 135/951/979
f 52/887/980 61/888/982 64/953/983 62/952/981
f 61/888/982 60/889/984 63/954/985 64/953/983
f 60/889/984 187/890/986 188/955/987 63/954/985
f 187/890/986 189/891/988 191/956/989 188/955/987
f 192/957/990 191/956/989 189/891/988 184/892/991
f 208/958/992 192/957/990 184/892/991 207/893/993
f 211/959/994 208/958/992 207/893/993 210/894/995
f 237/960/996 211/959/994 210/894/995 236/895/997
f 236/895/997 238/896/998 239/961/999 237/960/996
f 238/896/998 2399/897/1000 2400/962/1001 239/961/999
f 2414/963/1002 2400/962/1001 2399/897/1000 2413/898/1003
f 2416/964/1004 2414/963/1002 2413/898/1003 2415/899/1005
f 2461/965/1006 2416/964/1004 2415/899/1005 2443/900/1007
f 2462/966/1008 2461/965/1006 2443/900/1007 2466/901/1009
f 2469/967/1010 2462/966/1008 2466/901/1009 2467/902/1011
f 2599/968/1012 2469/967/1010 2467/902/1011 2595/903/1013
f 2600/969/1014 2599/968/1012 2595/903/1013 2601/904/1015
f 2602/970/1016 2600/969/1014 2601/904/1015 2619/905/1017
f 2643/971/1018 2602/970/1016 2619/905/1017 2644/906/1019
f 2647/972/1020 2643/971/1018 2644/906/1019 2646/907/1021
f 2648/973/1022 2647/972/1020 2646/907/1021 2665/908/1023
f 2693/974/1024 2648/973/1022 2665/908/1023 2694/909/1025
f 2695/975/1026 2693/974/1024 2694/909/1025 2696/910/1027
f 2698/976/1028 2695/975/1026 2696/910/1027 2699/911/1029
f 3823/977/903 2698/976/1028 2699/911/1029 3825/912/904
f 3810/978/1030 3809/979/1031 3823/914/903 3824/913/902
f 3811/980/1032 3810/978/1030 3824/913/902 3827/915/906
f 3812/981/1033 3811/980/1032 3827/915/906 3828/916/908
f 3814/982/1034 3812/981/1033 3828/916/908 3817/917/910
f 3815/983/1035 3814/982/1034 3817/917/910 3818/918/912
f 3813/984/1036 3815/983/1035 3818/918/912 3819/919/914
f 3816/985/1037 3813/984/1036 3819/919/914 3906/920/916
f 3649/986/1038 3816/985/1037 3906/920/916 3904/921/918
f 3762/987/1039 3649/986/1038 3904/921/918 3905/922/920
f 3758/988/1040 3762/987/1039 3905/922/920 3764/923/922
f 3759/989/1041 3758/988/1040 3764/923/922 3761/924/924
f 3761/924/924 3760/925/927 3757/990/1042 3759/989/1041
f 3712/991/1043 3757/990/1042 3760/925/927 3744/926/929
f 3711/992/1044 3712/991/1043 3744/926/929 3741/927/931
f 3708/993/1045 3711/992/1044 3741/927/931 3715/928/933
f 3715/928/933 3713/929/934 3707/994/1046 3708/993/1045
f 3713/929/934 1503/930/936 1486/995/1047 3707/994/1046
f 1503/930/936 1489/931/939 1483/996/1048 1486/995/1047
f 1489/931/939 1487/932/941 1482/997/1049 1483/996/1048
f 1487/932/941 1442/933/943 1440/998/1050 1482/997/1049
f 1442/933/943 1441/934/945 1439/999/1051 1440/998/1050
f 1441/934/945 1434/935/947 1438/1000/1052 1439/999/1051
f 1434/935/947 1304/936/949 1433/1001/1053 1438/1000/1052
f 1304/936/949 1303/937/951 1354/1002/1054 1433/1001/1053
f 1303/937/951 1301/938/953 1264/1003/1055 1354/1002/1054
f 1301/938/953 1260/939/955 1263/1004/1056 1264/1003/1055
f 1260/939/955 1256/940/957 1262/1005/1057 1263/1004/1056
f 1256/940/957 1255/941/959 1261/1006/1058 1262/1005/1057
f 1255/941/959 1208/942/961 1249/1007/1059 1261/1006/1058
f 1208/942/961 1206/943/963 1248/1008/1060 1249/1007/1059
f 1206/943/963 1203/944/965 1247/1009/1061 1248/1008/1060
f 1203/944/965 1202/945/967 1246/1010/1062 1247/1009/1061
f 1202/945/967 131/946/969 144/1011/1063 1246/1010/1062
f 131/946/969 129/947/971 143/1012/1064 144/1011/1063
f 129/947/971 128/948/973 142/1013/1065 143/1012/1064
f 128/948/973 137/949/975 140/1014/1066 142/1013/1065
f 137/949/975 136/950/977 139/1015/1067 140/1014/1066
f 136/950/977 135/951/979 141/1016/1068 139/1015/1067
f 135/951/979 62/952/981 138/1017/1069 141/1016/1068
f 62/952/981 64/953/983 249/1018/1070 138/1017/1069
f 64/953/983 63/954/985 190/1019/1071 249/1018/1070
f 63/954/985 188/955/987 194/1020/1072 190/1019/1071
f 188/955/987 191/956/989 193/1021/1073 194/1020/1072
f 195/1022/1074 193/1021/1073 191/956/989 192/957/990
f 192/957/990 208/958/992 240/1023/1075 195/1022/1074
f 208/958/992 211/959/994 241/1024/1076 240/1023/1075
f 211/959/994 237/960/996 244/1025/1077 241/1024/1076
f 245/1026/1078 244/1025/1077 237/960/996 239/961/999
f 2417/1027/1079 245/1026/1078 239/961/999 2400/962/1001
f 2420/1028/1080 2417/1027/1079 2400/962/1001 2414/963/1002
f 2421/1029/1081 2420/1028/1080 2414/963/1002 2416/964/1004
f 2463/1030/1082 2421/1029/1081 2416/964/1004 2461/965/1006
f 2464/1031/1083 2463/1030/1082 2461/965/1006 2462/966/1008
f 2465/1032/1084 2464/1031/1083 2462/966/1008 2469/967/1010
f 2470/1033/1085 2465/1032/1084 2469/967/1010 2599/968/1012
f 2501/1034/1086 2470/1033/1085 2599/968/1012 2600/969/1014
f 2639/1035/1087 2501/1034/1086 2600/969/1014 2602/970/1016
f 2640/1036/1088 2639/1035/1087 2602/970/1016 2643/971/1018
f 2641/1037/1089 2640/1036/1088 2643/971/1018 2647/972/1020
f 2642/1038/1090 2641/1037/1089 2647/972/1020 2648/973/1022
f 2653/1039/1091 2642/1038/1090 2648/973/1022 2693/974/1024
f 2654/1040/1092 2653/1039/1091 2693/974/1024 2695/975/1026
f 2655/1041/1093 2654/1040/1092 2695/975/1026 2698/976/1028
f 3809/1042/1031 2655/1041/1093 2698/976/1028 3823/977/903
f 3805/1043/1094 3804/1044/1095 3809/979/1031 3810/978/1030
f 3806/1045/1096 3805/1043/1094 3810/978/1030 3811/980/1032
f 3807/1046/1097 3806/1045/1096 3811/980/1032 3812/981/1033
f 3808/1047/1098 3807/1046/1097 3812/981/1033 3814/982/1034
f 3647/1048/1099 3808/1047/1098 3814/982/1034 3815/983/1035
f 3646/1049/1100 3647/1048/1099 3815/983/1035 3813/984/1036
f 3645/1050/1101 3646/1049/1100 3813/984/1036 3816/985/1037
f 3648/1051/1102 3645/1050/1101 3816/985/1037 3649/986/1038
f 3642/1052/1103 3648/1051/1102 3649/986/1038 3762/987/1039
f 3641/1053/1104 3642/1052/1103 3762/987/1039 3758/988/1040
f 3640/1054/1105 3641/1053/1104 3758/988/1040 3759/989/1041
f 3710/1055/1106 3640/1054/1105 3759/989/1041 3757/990/1042
f 3709/1056/1107 3710/1055/1106 3757/990/1042 3712/991/1043
f 3706/1057/1108 3709/1056/1107 3712/991/1043 3711/992/1044
f 3711/992/1044 3708/993/1045 3705/1058/1109 3706/1057/1108
f 3704/1059/1110 3705/1058/1109 3708/993/1045 3707/994/1046
f 1485/1060/1111 3704/1059/1110 3707/994/1046 1486/995/1047
f 1486/995/1047 1483/996/1048 1484/1061/1112 1485/1060/1111
f 1483/996/1048 1482/997/1049 1481/1062/1113 1484/1061/1112
f 1482/997/1049 1440/998/1050 1480/1063/1114 1481/1062/1113
f 1440/998/1050 1439/999/1051 1364/1064/1115 1480/1063/1114
f 1439/999/1051 1438/1000/1052 1363/1065/1116 1364/1064/1115
f 1438/1000/1052 1433/1001/1053 1360/1066/1117 1363/1065/1116
f 1433/1001/1053 1354/1002/1054 1355/1067/1118 1360/1066/1117
f 1354/1002/1054 1264/1003/1055 1353/1068/1119 1355/1067/1118
f 1264/1003/1055 1263/1004/1056 1350/1069/1120 1353/1068/1119
f 1263/1004/1056 1262/1005/1057 1349/1070/1121 1350/1069/1120
f 1262/1005/1057 1261/1006/1058 1254/1071/1122 1349/1070/1121
f 1261/1006/1058 1249/1007/1059 1253/1072/1123 1254/1071/1122
f 1249/1007/1059 1248/1008/1060 1252/1073/1124 1253/1072/1123
f 1248/1008/1060 1247/1009/1061 1251/1074/1125 1252/1073/1124
f 1247/1009/1061 1246/1010/1062 1250/1075/1126 1251/1074/1125
f 1246/1010/1062 144/1011/1063 148/1076/1127 1250/1075/1126
f 144/1011/1063 143/1012/1064 147/1077/1128 148/1076/1127
f 143/1012/1064 142/1013/1065 146/1078/1129 147/1077/1128
f 142/1013/1065 140/1014/1066 145/1079/1130 146/1078/1129
f 140/1014/1066 139/1015/1067 251/1080/1131 145/1079/1130
f 139/1015/1067 141/1016/1068 252/1081/1132 251/1080/1131
f 141/1016/1068 138/1017/1069 253/1082/1133 252/1081/1132
f 138/1017/1069 249/1018/1070 250/1083/1134 253/1082/1133
f 249/1018/1070 190/1019/1071 256/1084/1135 250/1083/1134
f 190/1019/1071 194/1020/1072 257/1085/1136 256/1084/1135
f 194/1020/1072 193/1021/1073 258/1086/1137 257/1085/1136
f 193/1021/1073 195/1022/1074 242/1087/1138 258/1086/1137
f 195/1022/1074 240/1023/1075 243/1088/1139 242/1087/1138
f 240/1023/1075 241/1024/1076 246/1089/1140 243/1088/1139
f 247/1090/1141 246/1089/1140 241/1024/1076 244/1025/1077
f 244/1025/1077 245/1026/1078 248/1091/1142 247/1090/1141
f 245/1026/1078 2417/1027/1079 2418/1092/1143 248/1091/1142
f 2419/1093/1144 2418/1092/1143 2417/1027/1079 2420/1028/1080
f 2422/1094/1145 2419/1093/1144 2420/1028/1080 2421/1029/1081
f 2423/1095/1146 2422/1094/1145 2421/1029/1081 2463/1030/1082
f 2491/1096/1147 2423/1095/1146 2463/1030/1082 2464/1031/1083
f 2492/1097/1148 2491/1096/1147 2464/1031/1083 2465/1032/1084
f 2495/1098/1149 2492/1097/1148 2465/1032/1084 2470/1033/1085
f 2500/1099/1150 2495/1098/1149 2470/1033/1085 2501/1034/1086
f 2502/1100/1151 2500/1099/1150 2501/1034/1086 2639/1035/1087
f 2505/1101/1152 2502/1100/1151 2639/1035/1087 2640/1036/1088
f 2506/1102/1153 2505/1101/1152 2640/1036/1088 2641/1037/1089
f 2649/1103/1154 2506/1102/1153 2641/1037/1089 2642/1038/1090
f 2650/1104/1155 2649/1103/1154 2642/1038/1090 2653/1039/1091
f 2651/1105/1156 2650/1104/1155 2653/1039/1091 2654/1040/1092
f 2652/1106/1157 2651/1105/1156 2654/1040/1092 2655/1041/1093
f 3804/1107/1095 2652/1106/1157 2655/1041/1093 3809/1042/1031
f 3619/1108/1158 3618/1109/1159 3804/1044/1095 3805/1043/1094
f 3620/1110/1160 3619/1108/1158 3805/1043/1094 3806/1045/1096
f 3625/1111/1161 3620/1110/1160 3806/1045/1096 3807/1046/1097
f 3626/1112/1162 3625/1111/1161 3807/1046/1097 3808/1047/1098
f 3624/1113/1163 3626/1112/1162 3808/1047/1098 3647/1048/1099
f 3643/1114/1164 3624/1113/1163 3647/1048/1099 3646/1049/1100
f 3644/1115/1165 3643/1114/1164 3646/1049/1100 3645/1050/1101
f 3637/1116/1166 3644/1115/1165 3645/1050/1101 3648/1051/1102
f 3639/1117/1167 3637/1116/1166 3648/1051/1102 3642/1052/1103
f 3638/1118/1168 3639/1117/1167 3642/1052/1103 3641/1053/1104
f 3606/1119/1169 3638/1118/1168 3641/1053/1104 3640/1054/1105
f 3604/1120/1170 3606/1119/1169 3640/1054/1105 3710/1055/1106
f 3603/1121/1171 3604/1120/1170 3710/1055/1106 3709/1056/1107
f 3599/1122/1172 3603/1121/1171 3709/1056/1107 3706/1057/1108
f 3706/1057/1108 3705/1058/1109 3597/1123/1173 3599/1122/1172
f 3705/1058/1109 3704/1059/1110 3596/1124/1174 3597/1123/1173
f 3704/1059/1110 1485/1060/1111 1378/1125/1175 3596/1124/1174
f 1485/1060/1111 1484/1061/1112 1376/1126/1176 1378/1125/1175
f 1374/1127/1177 1376/1126/1176 1484/1061/1112 1481/1062/1113
f 1373/1128/1178 1374/1127/1177 1481/1062/1113 1480/1063/1114
f 1480/1063/1114 1364/1064/1115 1369/1129/1179 1373/1128/1178
f 1364/1064/1115 1363/1065/1116 1362/1130/1180 1369/1129/1179
f 1363/1065/1116 1360/1066/1117 1361/1131/1181 1362/1130/1180
f 1360/1066/1117 1355/1067/1118 1357/1132/1182 1361/1131/1181
f 1355/1067/1118 1353/1068/1119 1352/1133/1183 1357/1132/1182
f 1351/1134/1184 1352/1133/1183 1353/1068/1119 1350/1069/1120
f 1350/1069/1120 1349/1070/1121 1339/1135/1185 1351/1134/1184
f 1349/1070/1121 1254/1071/1122 1336/1136/1186 1339/1135/1185
f 1254/1071/1122 1253/1072/1123 1335/1137/1187 1336/1136/1186
f 1253/1072/1123 1252/1073/1124 1331/1138/1188 1335/1137/1187
f 1252/1073/1124 1251/1074/1125 1330/1139/1189 1331/1138/1188
f 1251/1074/1125 1250/1075/1126 1329/1140/1190 1330/1139/1189
f 1250/1075/1126 148/1076/1127 275/1141/1191 1329/1140/1190
f 148/1076/1127 147/1077/1128 274/1142/1192 275/1141/1191
f 147/1077/1128 146/1078/1129 269/1143/1193 274/1142/1192
f 146/1078/1129 145/1079/1130 268/1144/1194 269/1143/1193
f 145/1079/1130 251/1080/1131 270/1145/1195 268/1144/1194
f 251/1080/1131 252/1081/1132 255/1146/1196 270/1145/1195
f 252/1081/1132 253/1082/1133 254/1147/1197 255/1146/1196
f 253/1082/1133 250/1083/1134 261/1148/1198 254/1147/1197
f 250/1083/1134 256/1084/1135 259/1149/1199 261/1148/1198
f 256/1084/1135 257/1085/1136 260/1150/1200 259/1149/1199
f 257/1085/1136 258/1086/1137 285/1151/1201 260/1150/1200
f 258/1086/1137 242/1087/1138 287/1152/1202 285/1151/1201
f 242/1087/1138 243/1088/1139 288/1153/1203 287/1152/1202
f 243/1088/1139 246/1089/1140 292/1154/1204 288/1153/1203
f 294/1155/1205 292/1154/1204 246/1089/1140 247/1090/1141
f 2471/1156/1206 294/1155/1205 247/1090/1141 248/1091/1142
f 2472/1157/1207 2471/1156/1206 248/1091/1142 2418/1092/1143
f 2475/1158/1208 2472/1157/1207 2418/1092/1143 2419/1093/1144
f 2419/1093/1144 2422/1094/1145 2477/1159/1209 2475/1158/1208
f 2422/1094/1145 2423/1095/1146 2478/1160/1210 2477/1159/1209
f 2482/1161/1211 2478/1160/1210 2423/1095/1146 2491/1096/1147
f 2493/1162/1212 2482/1161/1211 2491/1096/1147 2492/1097/1148
f 2494/1163/1213 2493/1162/1212 2492/1097/1148 2495/1098/1149
f 2498/1164/1214 2494/1163/1213 2495/1098/1149 2500/1099/1150
f 2503/1165/1215 2498/1164/1214 2500/1099/1150 2502/1100/1151
f 2502/1100/1151 2505/1101/1152 2504/1166/1216 2503/1165/1215
f 2512/1167/1217 2504/1166/1216 2505/1101/1152 2506/1102/1153
f 2515/1168/1218 2512/1167/1217 2506/1102/1153 2649/1103/1154
f 2516/1169/1219 2515/1168/1218 2649/1103/1154 2650/1104/1155
f 2519/1170/1220 2516/1169/1219 2650/1104/1155 2651/1105/1156
f 2520/1171/1221 2519/1170/1220 2651/1105/1156 2652/1106/1157
f 3618/1172/1159 2520/1171/1221 2652/1106/1157 3804/1107/1095
f 3616/1173/1222 3615/1174/1223 3618/1109/1159 3619/1108/1158
f 3617/1175/1224 3616/1173/1222 3619/1108/1158 3620/1110/1160
f 3622/1176/1225 3617/1175/1224 3620/1110/1160 3625/1111/1161
f 3621/1177/1226 3622/1176/1225 3625/1111/1161 3626/1112/1162
f 3623/1178/1227 3621/1177/1226 3626/1112/1162 3624/1113/1163
f 3614/1179/1228 3623/1178/1227 3624/1113/1163 3643/1114/1164
f 3636/1180/1229 3614/1179/1228 3643/1114/1164 3644/1115/1165
f 3634/1181/1230 3636/1180/1229 3644/1115/1165 3637/1116/1166
f 3635/1182/1231 3634/1181/1230 3637/1116/1166 3639/1117/1167
f 3600/1183/1232 3635/1182/1231 3639/1117/1167 3638/1118/1168
f 3605/1184/1233 3600/1183/1232 3638/1118/1168 3606/1119/1169
f 3602/1185/1234 3605/1184/1233 3606/1119/1169 3604/1120/1170
f 3601/1186/1235 3602/1185/1234 3604/1120/1170 3603/1121/1171
f 3598/1187/1236 3601/1186/1235 3603/1121/1171 3599/1122/1172
f 3599/1122/1172 3597/1123/1173 3595/1188/1237 3598/1187/1236
f 3594/1189/1238 3595/1188/1237 3597/1123/1173 3596/1124/1174
f 3596/1124/1174 1378/1125/1175 1377/1190/1239 3594/1189/1238
f 1378/1125/1175 1376/1126/1176 1375/1191/1240 1377/1190/1239
f 1376/1126/1176 1374/1127/1177 1372/1192/1241 1375/1191/1240
f 1371/1193/1242 1372/1192/1241 1374/1127/1177 1373/1128/1178
f 1373/1128/1178 1369/1129/1179 1370/1194/1243 1371/1193/1242
f 1369/1129/1179 1362/1130/1180 1368/1195/1244 1370/1194/1243
f 1362/1130/1180 1361/1131/1181 1359/1196/1245 1368/1195/1244
f 1361/1131/1181 1357/1132/1182 1358/1197/1246 1359/1196/1245
f 1357/1132/1182 1352/1133/1183 1356/1198/1247 1358/1197/1246
f 1352/1133/1183 1351/1134/1184 1341/1199/1248 1356/1198/1247
f 1351/1134/1184 1339/1135/1185 1340/1200/1249 1341/1199/1248
f 1339/1135/1185 1336/1136/1186 1338/1201/1250 1340/1200/1249
f 1336/1136/1186 1335/1137/1187 1337/1202/1251 1338/1201/1250
f 1335/1137/1187 1331/1138/1188 1334/1203/1252 1337/1202/1251
f 1331/1138/1188 1330/1139/1189 1333/1204/1253 1334/1203/1252
f 1330/1139/1189 1329/1140/1190 1332/1205/1254 1333/1204/1253
f 1329/1140/1190 275/1141/1191 277/1206/1255 1332/1205/1254
f 275/1141/1191 274/1142/1192 276/1207/1256 277/1206/1255
f 274/1142/1192 269/1143/1193 272/1208/1257 276/1207/1256
f 269/1143/1193 268/1144/1194 273/1209/1258 272/1208/1257
f 268/1144/1194 270/1145/1195 271/1210/1259 273/1209/1258
f 270/1145/1195 255/1146/1196 278/1211/1260 271/1210/1259
f 255/1146/1196 254/1147/1197 262/1212/1261 278/1211/1260
f 254/1147/1197 261/1148/1198 264/1213/1262 262/1212/1261
f 261/1148/1198 259/1149/1199 263/1214/1263 264/1213/1262
f 259/1149/1199 260/1150/1200 291/1215/1264 263/1214/1263
f 260/1150/1200 285/1151/1201 286/1216/1265 291/1215/1264
f 285/1151/1201 287/1152/1202 289/1217/1266 286/1216/1265
f 287/1152/1202 288/1153/1203 290/1218/1267 289/1217/1266
f 288/1153/1203 292/1154/1204 293/1219/1268 290/1218/1267
f 295/1220/1269 293/1219/1268 292/1154/1204 294/1155/1205
f 294/1155/1205 2471/1156/1206 2473/1221/1270 295/1220/1269
f 2474/1222/1271 2473/1221/1270 2471/1156/1206 2472/1157/1207
f 2476/1223/1272 2474/1222/1271 2472/1157/1207 2475/1158/1208
f 2479/1224/1273 2476/1223/1272 2475/1158/1208 2477/1159/1209
f 2477/1159/1209 2478/1160/1210 2480/1225/1274 2479/1224/1273
f 2481/1226/1275 2480/1225/1274 2478/1160/1210 2482/1161/1211
f 2483/1227/1276 2481/1226/1275 2482/1161/1211 2493/1162/1212
f 2496/1228/1277 2483/1227/1276 2493/1162/1212 2494/1163/1213
f 2497/1229/1278 2496/1228/1277 2494/1163/1213 2498/1164/1214
f 2499/1230/1279 2497/1229/1278 2498/1164/1214 2503/1165/1215
f 2510/1231/1280 2499/1230/1279 2503/1165/1215 2504/1166/1216
f 2511/1232/1281 2510/1231/1280 2504/1166/1216 2512/1167/1217
f 2513/1233/1282 2511/1232/1281 2512/1167/1217 2515/1168/1218
f 2514/1234/1283 2513/1233/1282 2515/1168/1218 2516/1169/1219
f 2517/1235/1284 2514/1234/1283 2516/1169/1219 2519/1170/1220
f 2518/1236/1285 2517/1235/1284 2519/1170/1220 2520/1171/1221
f 3615/1237/1223 2518/1236/1285 2520/1171/1221 3618/1172/1159
f 3630/1238/1286 3629/1239/1287 3615/1174/1223 3616/1173/1222
f 3632/1240/1288 3630/1238/1286 3616/1173/1222 3617/1175/1224
f 3631/1241/1289 3632/1240/1288 3617/1175/1224 3622/1176/1225
f 3633/1242/1290 3631/1241/1289 3622/1176/1225 3621/1177/1226
f 3627/1243/1291 3633/1242/1290 3621/1177/1226 3623/1178/1227
f 3628/1244/1292 3627/1243/1291 3623/1178/1227 3614/1179/1228
f 3652/1245/1293 3628/1244/1292 3614/1179/1228 3636/1180/1229
f 3650/1246/1294 3652/1245/1293 3636/1180/1229 3634/1181/1230
f 3651/1247/1295 3650/1246/1294 3634/1181/1230 3635/1182/1231
f 3612/1248/1296 3651/1247/1295 3635/1182/1231 3600/1183/1232
f 3600/1183/1232 3605/1184/1233 3611/1249/1297 3612/1248/1296
f 3613/1250/1298 3611/1249/1297 3605/1184/1233 3602/1185/1234
f 3610/1251/1299 3613/1250/1298 3602/1185/1234 3601/1186/1235
f 3601/1186/1235 3598/1187/1236 3609/1252/1300 3610/1251/1299
f 3598/1187/1236 3595/1188/1237 3608/1253/1301 3609/1252/1300
f 3595/1188/1237 3594/1189/1238 3607/1254/1302 3608/1253/1301
f 3594/1189/1238 1377/1190/1239 1384/1255/1303 3607/1254/1302
f 1377/1190/1239 1375/1191/1240 1383/1256/1304 1384/1255/1303
f 1375/1191/1240 1372/1192/1241 1382/1257/1305 1383/1256/1304
f 1372/1192/1241 1371/1193/1242 1381/1258/1306 1382/1257/1305
f 1371/1193/1242 1370/1194/1243 1380/1259/1307 1381/1258/1306
f 1370/1194/1243 1368/1195/1244 1379/1260/1308 1380/1259/1307
f 1368/1195/1244 1359/1196/1245 1367/1261/1309 1379/1260/1308
f 1359/1196/1245 1358/1197/1246 1366/1262/1310 1367/1261/1309
f 1358/1197/1246 1356/1198/1247 1365/1263/1311 1366/1262/1310
f 1356/1198/1247 1341/1199/1248 1348/1264/1312 1365/1263/1311
f 1341/1199/1248 1340/1200/1249 1347/1265/1313 1348/1264/1312
f 1340/1200/1249 1338/1201/1250 1346/1266/1314 1347/1265/1313
f 1338/1201/1250 1337/1202/1251 1345/1267/1315 1346/1266/1314
f 1337/1202/1251 1334/1203/1252 1344/1268/1316 1345/1267/1315
f 1334/1203/1252 1333/1204/1253 1343/1269/1317 1344/1268/1316
f 1333/1204/1253 1332/1205/1254 1342/1270/1318 1343/1269/1317
f 1332/1205/1254 277/1206/1255 282/1271/1319 1342/1270/1318
f 277/1206/1255 276/1207/1256 280/1272/1320 282/1271/1319
f 276/1207/1256 272/1208/1257 281/1273/1321 280/1272/1320
f 272/1208/1257 273/1209/1258 279/1274/1322 281/1273/1321
f 273/1209/1258 271/1210/1259 284/1275/1323 279/1274/1322
f 271/1210/1259 278/1211/1260 283/1276/1324 284/1275/1323
f 278/1211/1260 262/1212/1261 265/1277/1325 283/1276/1324
f 262/1212/1261 264/1213/1262 267/1278/1326 265/1277/1325
f 264/1213/1262 263/1214/1263 266/1279/1327 267/1278/1326
f 263/1214/1263 291/1215/1264 297/1280/1328 266/1279/1327
f 298/1281/1329 297/1280/1328 291/1215/1264 286/1216/1265
f 286/1216/1265 289/1217/1266 296/1282/1330 298/1281/1329
f 289/1217/1266 290/1218/1267 299/1283/1331 296/1282/1330
f 300/1284/1332 299/1283/1331 290/1218/1267 293/1219/1268
f 301/1285/1333 300/1284/1332 293/1219/1268 295/1220/1269
f 2484/1286/1334 301/1285/1333 295/1220/1269 2473/1221/1270
f 2485/1287/1335 2484/1286/1334 2473/1221/1270 2474/1222/1271
f 2486/1288/1336 2485/1287/1335 2474/1222/1271 2476/1223/1272
f 2487/1289/1337 2486/1288/1336 2476/1223/1272 2479/1224/1273
f 2488/1290/1338 2487/1289/1337 2479/1224/1273 2480/1225/1274
f 2489/1291/1339 2488/1290/1338 2480/1225/1274 2481/1226/1275
f 2490/1292/1340 2489/1291/1339 2481/1226/1275 2483/1227/1276
f 2507/1293/1341 2490/1292/1340 2483/1227/1276 2496/1228/1277
f 2508/1294/1342 2507/1293/1341 2496/1228/1277 2497/1229/1278
f 2509/1295/1343 2508/1294/1342 2497/1229/1278 2499/1230/1279
f 2521/1296/1344 2509/1295/1343 2499/1230/1279 2510/1231/1280
f 2522/1297/1345 2521/1296/1344 2510/1231/1280 2511/1232/1281
f 2523/1298/1346 2522/1297/1345 2511/1232/1281 2513/1233/1282
f 2524/1299/1347 2523/1298/1346 2513/1233/1282 2514/1234/1283
f 2525/1300/1348 2524/1299/1347 2514/1234/1283 2517/1235/1284
f 2526/1301/1349 2525/1300/1348 2517/1235/1284 2518/1236/1285
f 3629/1302/1287 2526/1301/1349 2518/1236/1285 3615/1237/1223
f 3629/1239/1287 3630/1238/1286 3689/1303/1350 3688/1304/1351
f 3630/1238/1286 3632/1240/1288 3690/1305/1352 3689/1303/1350
f 3691/1306/1353 3690/1305/1352 3632/1240/1288 3631/1241/1289
f 3699/1307/1354 3691/1306/1353 3631/1241/1289 3633/1242/1290
f 3633/1242/1290 3627/1243/1291 3700/1308/1355 3699/1307/1354
f 3627/1243/1291 3628/1244/1292 3697/1309/1356 3700/1308/1355
f 3628/1244/1292 3652/1245/1293 3698/1310/1357 3697/1309/1356
f 3652/1245/1293 3650/1246/1294 3703/1311/1358 3698/1310/1357
f 3650/1246/1294 3651/1247/1295 3685/1312/1359 3703/1311/1358
f 3651/1247/1295 3612/1248/1296 3684/1313/1360 3685/1312/1359
f 3612/1248/1296 3611/1249/1297 3683/1314/1361 3684/1313/1360
f 3611/1249/1297 3613/1250/1298 3682/1315/1362 3683/1314/1361
f 3676/1316/1363 3682/1315/1362 3613/1250/1298 3610/1251/1299
f 3675/1317/1364 3676/1316/1363 3610/1251/1299 3609/1252/1300
f 3609/1252/1300 3608/1253/1301 3674/1318/1365 3675/1317/1364
f 3608/1253/1301 3607/1254/1302 3673/1319/1366 3674/1318/1365
f 3607/1254/1302 1384/1255/1303 1428/1320/1367 3673/1319/1366
f 1384/1255/1303 1383/1256/1304 1427/1321/1368 1428/1320/1367
f 1426/1322/1369 1427/1321/1368 1383/1256/1304 1382/1257/1305
f 1382/1257/1305 1381/1258/1306 1423/1323/1370 1426/1322/1369
f 1381/1258/1306 1380/1259/1307 1422/1324/1371 1423/1323/1370
f 1380/1259/1307 1379/1260/1308 1421/1325/1372 1422/1324/1371
f 1379/1260/1308 1367/1261/1309 1420/1326/1373 1421/1325/1372
f 1367/1261/1309 1366/1262/1310 1400/1327/1374 1420/1326/1373
f 1366/1262/1310 1365/1263/1311 1397/1328/1375 1400/1327/1374
f 1365/1263/1311 1348/1264/1312 1396/1329/1376 1397/1328/1375
f 1348/1264/1312 1347/1265/1313 1395/1330/1377 1396/1329/1376
f 1347/1265/1313 1346/1266/1314 1394/1331/1378 1395/1330/1377
f 1346/1266/1314 1345/1267/1315 1388/1332/1379 1394/1331/1378
f 1345/1267/1315 1344/1268/1316 1387/1333/1380 1388/1332/1379
f 1344/1268/1316 1343/1269/1317 1386/1334/1381 1387/1333/1380
f 1343/1269/1317 1342/1270/1318 1385/1335/1382 1386/1334/1381
f 1342/1270/1318 282/1271/1319 311/1336/1383 1385/1335/1382
f 282/1271/1319 280/1272/1320 310/1337/1384 311/1336/1383
f 280/1272/1320 281/1273/1321 309/1338/1385 310/1337/1384
f 281/1273/1321 279/1274/1322 304/1339/1386 309/1338/1385
f 279/1274/1322 284/1275/1323 303/1340/1387 304/1339/1386
f 284/1275/1323 283/1276/1324 306/1341/1388 303/1340/1387
f 283/1276/1324 265/1277/1325 305/1342/1389 306/1341/1388
f 265/1277/1325 267/1278/1326 302/1343/1390 305/1342/1389
f 267/1278/1326 266/1279/1327 316/1344/1391 302/1343/1390
f 266/1279/1327 297/1280/1328 317/1345/1392 316/1344/1391
f 297/1280/1328 298/1281/1329 318/1346/1393 317/1345/1392
f 298/1281/1329 296/1282/1330 319/1347/1394 318/1346/1393
f 296/1282/1330 299/1283/1331 322/1348/1395 319/1347/1394
f 299/1283/1331 300/1284/1332 323/1349/1396 322/1348/1395
f 300/1284/1332 301/1285/1333 324/1350/1397 323/1349/1396
f 301/1285/1333 2484/1286/1334 2527/1351/1398 324/1350/1397
f 2484/1286/1334 2485/1287/1335 2528/1352/1399 2527/1351/1398
f 2485/1287/1335 2486/1288/1336 2529/1353/1400 2528/1352/1399
f 2486/1288/1336 2487/1289/1337 2530/1354/1401 2529/1353/1400
f 2536/1355/1402 2530/1354/1401 2487/1289/1337 2488/1290/1338
f 2488/1290/1338 2489/1291/1339 2537/1356/1403 2536/1355/1402
f 2489/1291/1339 2490/1292/1340 2538/1357/1404 2537/1356/1403
f 2490/1292/1340 2507/1293/1341 2539/1358/1405 2538/1357/1404
f 2507/1293/1341 2508/1294/1342 2561/1359/1406 2539/1358/1405
f 2508/1294/1342 2509/1295/1343 2562/1360/1407 2561/1359/1406
f 2509/1295/1343 2521/1296/1344 2563/1361/1408 2562/1360/1407
f 2521/1296/1344 2522/1297/1345 2564/1362/1409 2563/1361/1408
f 2522/1297/1345 2523/1298/1346 2565/1363/1410 2564/1362/1409
f 2568/1364/1411 2565/1363/1410 2523/1298/1346 2524/1299/1347
f 2569/1365/1412 2568/1364/1411 2524/1299/1347 2525/1300/1348
f 2525/1300/1348 2526/1301/1349 2570/1366/1413 2569/1365/1412
f 2526/1301/1349 3629/1302/1287 3688/1367/1351 2570/1366/1413
f 3688/1304/1351 3689/1303/1350 3693/1368/1414 3692/1369/1415
f 3689/1303/1350 3690/1305/1352 3694/1370/1416 3693/1368/1414
f 3690/1305/1352 3691/1306/1353 3696/1371/1417 3694/1370/1416
f 3691/1306/1353 3699/1307/1354 3695/1372/1418 3696/1371/1417
f 3699/1307/1354 3700/1308/1355 3701/1373/1419 3695/1372/1418
f 3700/1308/1355 3697/1309/1356 3702/1374/1420 3701/1373/1419
f 3697/1309/1356 3698/1310/1357 3655/1375/1421 3702/1374/1420
f 3653/1376/1422 3655/1375/1421 3698/1310/1357 3703/1311/1358
f 3654/1377/1423 3653/1376/1422 3703/1311/1358 3685/1312/1359
f 3685/1312/1359 3684/1313/1360 3687/1378/1424 3654/1377/1423
f 3684/1313/1360 3683/1314/1361 3686/1379/1425 3687/1378/1424
f 3683/1314/1361 3682/1315/1362 3681/1380/1426 3686/1379/1425
f 3682/1315/1362 3676/1316/1363 3680/1381/1427 3681/1380/1426
f 3676/1316/1363 3675/1317/1364 3679/1382/1428 3680/1381/1427
f 3675/1317/1364 3674/1318/1365 3678/1383/1429 3679/1382/1428
f 3674/1318/1365 3673/1319/1366 3677/1384/1430 3678/1383/1429
f 3673/1319/1366 1428/1320/1367 1432/1385/1431 3677/1384/1430
f 1428/1320/1367 1427/1321/1368 1431/1386/1432 1432/1385/1431
f 1427/1321/1368 1426/1322/1369 1430/1387/1433 1431/1386/1432
f 1426/1322/1369 1423/1323/1370 1429/1388/1434 1430/1387/1433
f 1423/1323/1370 1422/1324/1371 1425/1389/1435 1429/1388/1434
f 1422/1324/1371 1421/1325/1372 1424/1390/1436 1425/1389/1435
f 1421/1325/1372 1420/1326/1373 1403/1391/1437 1424/1390/1436
f 1402/1392/1438 1403/1391/1437 1420/1326/1373 1400/1327/1374
f 1400/1327/1374 1397/1328/1375 1401/1393/1439 1402/1392/1438
f 1397/1328/1375 1396/1329/1376 1399/1394/1440 1401/1393/1439
f 1396/1329/1376 1395/1330/1377 1398/1395/1441 1399/1394/1440
f 1395/1330/1377 1394/1331/1378 1393/1396/1442 1398/1395/1441
f 1394/1331/1378 1388/1332/1379 1392/1397/1443 1393/1396/1442
f 1388/1332/1379 1387/1333/1380 1391/1398/1444 1392/1397/1443
f 1387/1333/1380 1386/1334/1381 1390/1399/1445 1391/1398/1444
f 1386/1334/1381 1385/1335/1382 1389/1400/1446 1390/1399/1445
f 1385/1335/1382 311/1336/1383 315/1401/1447 1389/1400/1446
f 311/1336/1383 310/1337/1384 314/1402/1448 315/1401/1447
f 310/1337/1384 309/1338/1385 312/1403/1449 314/1402/1448
f 309/1338/1385 304/1339/1386 313/1404/1450 312/1403/1449
f 304/1339/1386 303/1340/1387 308/1405/1451 313/1404/1450
f 303/1340/1387 306/1341/1388 307/1406/1452 308/1405/1451
f 306/1341/1388 305/1342/1389 329/1407/1453 307/1406/1452
f 305/1342/1389 302/1343/1390 331/1408/1454 329/1407/1453
f 302/1343/1390 316/1344/1391 330/1409/1455 331/1408/1454
f 316/1344/1391 317/1345/1392 320/1410/1456 330/1409/1455
f 317/1345/1392 318/1346/1393 321/1411/1457 320/1410/1456
f 318/1346/1393 319/1347/1394 325/1412/1458 321/1411/1457
f 319/1347/1394 322/1348/1395 326/1413/1459 325/1412/1458
f 322/1348/1395 323/1349/1396 327/1414/1460 326/1413/1459
f 323/1349/1396 324/1350/1397 328/1415/1461 327/1414/1460
f 324/1350/1397 2527/1351/1398 2531/1416/1462 328/1415/1461
f 2527/1351/1398 2528/1352/1399 2532/1417/1463 2531/1416/1462
f 2528/1352/1399 2529/1353/1400 2533/1418/1464 2532/1417/1463
f 2529/1353/1400 2530/1354/1401 2534/1419/1465 2533/1418/1464
f 2530/1354/1401 2536/1355/1402 2535/1420/1466 2534/1419/1465
f 2536/1355/1402 2537/1356/1403 2540/1421/1467 2535/1420/1466
f 2537/1356/1403 2538/1357/1404 2541/1422/1468 2540/1421/1467
f 2538/1357/1404 2539/1358/1405 2542/1423/1469 2541/1422/1468
f 2539/1358/1405 2561/1359/1406 2543/1424/1470 2542/1423/1469
f 2544/1425/1471 2543/1424/1470 2561/1359/1406 2562/1360/1407
f 2562/1360/1407 2563/1361/1408 2566/1426/1472 2544/1425/1471
f 2563/1361/1408 2564/1362/1409 2567/1427/1473 2566/1426/1472
f 2564/1362/1409 2565/1363/1410 2571/1428/1474 2567/1427/1473
f 2565/1363/1410 2568/1364/1411 2572/1429/1475 2571/1428/1474
f 2568/1364/1411 2569/1365/1412 2573/1430/1476 2572/1429/1475
f 2569/1365/1412 2570/1366/1413 2574/1431/1477 2573/1430/1476
f 2570/1366/1413 3688/1367/1351 3692/1432/1415 2574/1431/1477
f 3692/1369/1415 3693/1368/1414 3663/1433/1478 3662/1434/1479
f 3693/1368/1414 3694/1370/1416 3664/1435/1480 3663/1433/1478
f 3666/1436/1481 3664/1435/1480 3694/1370/1416 3696/1371/1417
f 3696/1371/1417 3695/1372/1418 3667/1437/1482 3666/1436/1481
f 3665/1438/1483 3667/1437/1482 3695/1372/1418 3701/1373/1419
f 3701/1373/1419 3702/1374/1420 3672/1439/1484 3665/1438/1483
f 3702/1374/1420 3655/1375/1421 3671/1440/1485 3672/1439/1484
f 3668/1441/1486 3671/1440/1485 3655/1375/1421 3653/1376/1422
f 3653/1376/1422 3654/1377/1423 3670/1442/1487 3668/1441/1486
f 3654/1377/1423 3687/1378/1424 3669/1443/1488 3670/1442/1487
f 3687/1378/1424 3686/1379/1425 3661/1444/1489 3669/1443/1488
f 3660/1445/1490 3661/1444/1489 3686/1379/1425 3681/1380/1426
f 3659/1446/1491 3660/1445/1490 3681/1380/1426 3680/1381/1427
f 3680/1381/1427 3679/1382/1428 3658/1447/1492 3659/1446/1491
f 3679/1382/1428 3678/1383/1429 3657/1448/1493 3658/1447/1492
f 3678/1383/1429 3677/1384/1430 3656/1449/1494 3657/1448/1493
f 3677/1384/1430 1432/1385/1431 1419/1450/1495 3656/1449/1494
f 1432/1385/1431 1431/1386/1432 1418/1451/1496 1419/1450/1495
f 1431/1386/1432 1430/1387/1433 1417/1452/1497 1418/1451/1496
f 1430/1387/1433 1429/1388/1434 1416/1453/1498 1417/1452/1497
f 1415/1454/1499 1416/1453/1498 1429/1388/1434 1425/1389/1435
f 1425/1389/1435 1424/1390/1436 1414/1455/1500 1415/1454/1499
f 1424/1390/1436 1403/1391/1437 1413/1456/1501 1414/1455/1500
f 1403/1391/1437 1402/1392/1438 1412/1457/1502 1413/1456/1501
f 1402/1392/1438 1401/1393/1439 1411/1458/1503 1412/1457/1502
f 1401/1393/1439 1399/1394/1440 1410/1459/1504 1411/1458/1503
f 1399/1394/1440 1398/1395/1441 1409/1460/1505 1410/1459/1504
f 1398/1395/1441 1393/1396/1442 1408/1461/1506 1409/1460/1505
f 1393/1396/1442 1392/1397/1443 1407/1462/1507 1408/1461/1506
f 1392/1397/1443 1391/1398/1444 1406/1463/1508 1407/1462/1507
f 1391/1398/1444 1390/1399/1445 1405/1464/1509 1406/1463/1508
f 1390/1399/1445 1389/1400/1446 1404/1465/1510 1405/1464/1509
f 1389/1400/1446 315/1401/1447 341/1466/1511 1404/1465/1510
f 315/1401/1447 314/1402/1448 340/1467/1512 341/1466/1511
f 314/1402/1448 312/1403/1449 338/1468/1513 340/1467/1512
f 312/1403/1449 313/1404/1450 337/1469/1514 338/1468/1513
f 313/1404/1450 308/1405/1451 339/1470/1515 337/1469/1514
f 308/1405/1451 307/1406/1452 332/1471/1516 339/1470/1515
f 307/1406/1452 329/1407/1453 333/1472/1517 332/1471/1516
f 329/1407/1453 331/1408/1454 336/1473/1518 333/1472/1517
f 331/1408/1454 330/1409/1455 334/1474/1519 336/1473/1518
f 330/1409/1455 320/1410/1456 335/1475/1520 334/1474/1519
f 320/1410/1456 321/1411/1457 342/1476/1521 335/1475/1520
f 321/1411/1457 325/1412/1458 343/1477/1522 342/1476/1521
f 325/1412/1458 326/1413/1459 344/1478/1523 343/1477/1522
f 326/1413/1459 327/1414/1460 345/1479/1524 344/1478/1523
f 327/1414/1460 328/1415/1461 346/1480/1525 345/1479/1524
f 328/1415/1461 2531/1416/1462 2545/1481/1526 346/1480/1525
f 2531/1416/1462 2532/1417/1463 2546/1482/1527 2545/1481/1526
f 2532/1417/1463 2533/1418/1464 2547/1483/1528 2546/1482/1527
f 2548/1484/1529 2547/1483/1528 2533/1418/1464 2534/1419/1465
f 2534/1419/1465 2535/1420/1466 2549/1485/1530 2548/1484/1529
f 2535/1420/1466 2540/1421/1467 2550/1486/1531 2549/1485/1530
f 2540/1421/1467 2541/1422/1468 2551/1487/1532 2550/1486/1531
f 2541/1422/1468 2542/1423/1469 2552/1488/1533 2551/1487/1532
f 2553/1489/1534 2552/1488/1533 2542/1423/1469 2543/1424/1470
f 2543/1424/1470 2544/1425/1471 2554/1490/1535 2553/1489/1534
f 2544/1425/1471 2566/1426/1472 2555/1491/1536 2554/1490/1535
f 2566/1426/1472 2567/1427/1473 2556/1492/1537 2555/1491/1536
f 2557/1493/1538 2556/1492/1537 2567/1427/1473 2571/1428/1474
f 2558/1494/1539 2557/1493/1538 2571/1428/1474 2572/1429/1475
f 2572/1429/1475 2573/1430/1476 2559/1495/1540 2558/1494/1539
f 2573/1430/1476 2574/1431/1477 2560/1496/1541 2559/1495/1540
f 2574/1431/1477 3692/1432/1415 3662/1497/1479 2560/1496/1541
f 3662/1434/1479 3663/1433/1478 4049/1498/1542 4046/1499/1543
f 3663/1433/1478 3664/1435/1480 4052/1500/1544 4049/1498/1542
f 3664/1435/1480 3666/1436/1481 4056/1501/1545 4052/1500/1544
f 3666/1436/1481 3667/1437/1482 4063/1502/1546 4056/1501/1545
f 3667/1437/1482 3665/1438/1483 4071/1503/1547 4063/1502/1546
f 3665/1438/1483 3672/1439/1484 4042/1504/1548 4071/1503/1547
f 3672/1439/1484 3671/1440/1485 4125/1505/1549 4042/1504/1548
f 3671/1440/1485 3668/1441/1486 4116/1506/1550 4125/1505/1549
f 3668/1441/1486 3670/1442/1487 4120/1507/1551 4116/1506/1550
f 3670/1442/1487 3669/1443/1488 3985/1508/1552 4120/1507/1551
f 3669/1443/1488 3661/1444/1489 3997/1509/1553 3985/1508/1552
f 3661/1444/1489 3660/1445/1490 3992/1510/1554 3997/1509/1553
f 3660/1445/1490 3659/1446/1491 3982/1511/1555 3992/1510/1554
f 3659/1446/1491 3658/1447/1492 3978/1512/1556 3982/1511/1555
f 3658/1447/1492 3657/1448/1493 3971/1513/1557 3978/1512/1556
f 3657/1448/1493 3656/1449/1494 3968/1514/1558 3971/1513/1557
f 3656/1449/1494 1419/1450/1495 1804/1515/1559 3968/1514/1558
f 1419/1450/1495 1418/1451/1496 1799/1516/1560 1804/1515/1559
f 1418/1451/1496 1417/1452/1497 1797/1517/1561 1799/1516/1560
f 1417/1452/1497 1416/1453/1498 1790/1518/1562 1797/1517/1561
f 1416/1453/1498 1415/1454/1499 1787/1519/1563 1790/1518/1562
f 1415/1454/1499 1414/1455/1500 1780/1520/1564 1787/1519/1563
f 1414/1455/1500 1413/1456/1501 1731/1521/1565 1780/1520/1564
f 1413/1456/1501 1412/1457/1502 1726/1522/1566 1731/1521/1565
f 1412/1457/1502 1411/1458/1503 1720/1523/1567 1726/1522/1566
f 1411/1458/1503 1410/1459/1504 1675/1524/1568 1720/1523/1567
f 1410/1459/1504 1409/1460/1505 1670/1525/1569 1675/1524/1568
f 1409/1460/1505 1408/1461/1506 1667/1526/1570 1670/1525/1569
f 1408/1461/1506 1407/1462/1507 1659/1527/1571 1667/1526/1570
f 1407/1462/1507 1406/1463/1508 1657/1528/1572 1659/1527/1571
f 1406/1463/1508 1405/1464/1509 1652/1529/1573 1657/1528/1572
f 1405/1464/1509 1404/1465/1510 1650/1530/1574 1652/1529/1573
f 1404/1465/1510 341/1466/1511 621/1531/1575 1650/1530/1574
f 341/1466/1511 340/1467/1512 619/1532/1576 621/1531/1575
f 340/1467/1512 338/1468/1513 615/1533/1577 619/1532/1576
f 338/1468/1513 337/1469/1514 610/1534/1578 615/1533/1577
f 337/1469/1514 339/1470/1515 602/1535/1579 610/1534/1578
f 339/1470/1515 332/1471/1516 625/1536/1580 602/1535/1579
f 332/1471/1516 333/1472/1517 542/1537/1581 625/1536/1580
f 333/1472/1517 336/1473/1518 551/1538/1582 542/1537/1581
f 336/1473/1518 334/1474/1519 547/1539/1583 551/1538/1582
f 334/1474/1519 335/1475/1520 679/1540/1584 547/1539/1583
f 335/1475/1520 342/1476/1521 668/1541/1585 679/1540/1584
f 342/1476/1521 343/1477/1522 673/1542/1586 668/1541/1585
f 343/1477/1522 344/1478/1523 683/1543/1587 673/1542/1586
f 344/1478/1523 345/1479/1524 687/1544/1588 683/1543/1587
f 345/1479/1524 346/1480/1525 691/1545/1589 687/1544/1588
f 346/1480/1525 2545/1481/1526 2833/1546/1590 691/1545/1589
f 2545/1481/1526 2546/1482/1527 2835/1547/1591 2833/1546/1590
f 2546/1482/1527 2547/1483/1528 2841/1548/1592 2835/1547/1591
f 2547/1483/1528 2548/1484/1529 2843/1549/1593 2841/1548/1592
f 2548/1484/1529 2549/1485/1530 2850/1550/1594 2843/1549/1593
f 2549/1485/1530 2550/1486/1531 2853/1551/1595 2850/1550/1594
f 2550/1486/1531 2551/1487/1532 2859/1552/1596 2853/1551/1595
f 2551/1487/1532 2552/1488/1533 2903/1553/1597 2859/1552/1596
f 2552/1488/1533 2553/1489/1534 2908/1554/1598 2903/1553/1597
f 2553/1489/1534 2554/1490/1535 2914/1555/1599 2908/1554/1598
f 2554/1490/1535 2555/1491/1536 2964/1556/1600 2914/1555/1599
f 2555/1491/1536 2556/1492/1537 2970/1557/1601 2964/1556/1600
f 2556/1492/1537 2557/1493/1538 2973/1558/1602 2970/1557/1601
f 2557/1493/1538 2558/1494/1539 2981/1559/1603 2973/1558/1602
f 2558/1494/1539 2559/1495/1540 2983/1560/1604 2981/1559/1603
f 2559/1495/1540 2560/1496/1541 2987/1561/1605 2983/1560/1604
f 2560/1496/1541 3662/1497/1479 4046/1562/1543 2987/1561/1605
f 4050/1563/1606 4047/1564/1607 4046/1499/1543 4049/1498/1542
f 4053/1565/1608 4050/1563/1606 4049/1498/1542 4052/1500/1544
f 4057/1566/1609 4053/1565/1608 4052/1500/1544 4056/1501/1545
f 4064/1567/1610 4057/1566/1609 4056/1501/1545 4063/1502/1546
f 4072/1568/1611 4064/1567/1610 4063/1502/1546 4071/1503/1547
f 4043/1569/1612 4072/1568/1611 4071/1503/1547 4042/1504/1548
f 4126/1570/1613 4043/1569/1612 4042/1504/1548 4125/1505/1549
f 4125/1505/1549 4116/1506/1550 4117/1571/1614 4126/1570/1613
f 4121/1572/1615 4117/1571/1614 4116/1506/1550 4120/1507/1551
f 4120/1507/1551 3985/1508/1552 3986/1573/1616 4121/1572/1615
f 3985/1508/1552 3997/1509/1553 3998/1574/1617 3986/1573/1616
f 3997/1509/1553 3992/1510/1554 3993/1575/1618 3998/1574/1617
f 3992/1510/1554 3982/1511/1555 3983/1576/1619 3993/1575/1618
f 3982/1511/1555 3978/1512/1556 3979/1577/1620 3983/1576/1619
f 3978/1512/1556 3971/1513/1557 3972/1578/1621 3979/1577/1620
f 3971/1513/1557 3968/1514/1558 3969/1579/1622 3972/1578/1621
f 3968/1514/1558 1804/1515/1559 1805/1580/1623 3969/1579/1622
f 1804/1515/1559 1799/1516/1560 1800/1581/1624 1805/1580/1623
f 1799/1516/1560 1797/1517/1561 1798/1582/1625 1800/1581/1624
f 1797/1517/1561 1790/1518/1562 1791/1583/1626 1798/1582/1625
f 1790/1518/1562 1787/1519/1563 1788/1584/1627 1791/1583/1626
f 1787/1519/1563 1780/1520/1564 1782/1585/1628 1788/1584/1627
f 1780/1520/1564 1731/1521/1565 1732/1586/1629 1782/1585/1628
f 1731/1521/1565 1726/1522/1566 1727/1587/1630 1732/1586/1629
f 1726/1522/1566 1720/1523/1567 1721/1588/1631 1727/1587/1630
f 1720/1523/1567 1675/1524/1568 1677/1589/1632 1721/1588/1631
f 1675/1524/1568 1670/1525/1569 1671/1590/1633 1677/1589/1632
f 1670/1525/1569 1667/1526/1570 1668/1591/1634 1671/1590/1633
f 1667/1526/1570 1659/1527/1571 1660/1592/1635 1668/1591/1634
f 1659/1527/1571 1657/1528/1572 1658/1593/1636 1660/1592/1635
f 1657/1528/1572 1652/1529/1573 1654/1594/1637 1658/1593/1636
f 1652/1529/1573 1650/1530/1574 1651/1595/1638 1654/1594/1637
f 1650/1530/1574 621/1531/1575 623/1596/1639 1651/1595/1638
f 621/1531/1575 619/1532/1576 620/1597/1640 623/1596/1639
f 619/1532/1576 615/1533/1577 616/1598/1641 620/1597/1640
f 615/1533/1577 610/1534/1578 611/1599/1642 616/1598/1641
f 610/1534/1578 602/1535/1579 603/1600/1643 611/1599/1642
f 602/1535/1579 625/1536/1580 627/1601/1644 603/1600/1643
f 625/1536/1580 542/1537/1581 543/1602/1645 627/1601/1644
f 552/1603/1646 543/1602/1645 542/1537/1581 551/1538/1582
f 551/1538/1582 547/1539/1583 548/1604/1647 552/1603/1646
f 681/1605/1648 548/1604/1647 547/1539/1583 679/1540/1584
f 669/1606/1649 681/1605/1648 679/1540/1584 668/1541/1585
f 674/1607/1650 669/1606/1649 668/1541/1585 673/1542/1586
f 684/1608/1651 674/1607/1650 673/1542/1586 683/1543/1587
f 688/1609/1652 684/1608/1651 683/1543/1587 687/1544/1588
f 693/1610/1653 688/1609/1652 687/1544/1588 691/1545/1589
f 2834/1611/1654 693/1610/1653 691/1545/1589 2833/1546/1590
f 2837/1612/1655 2834/1611/1654 2833/1546/1590 2835/1547/1591
f 2842/1613/1656 2837/1612/1655 2835/1547/1591 2841/1548/1592
f 2844/1614/1657 2842/1613/1656 2841/1548/1592 2843/1549/1593
f 2851/1615/1658 2844/1614/1657 2843/1549/1593 2850/1550/1594
f 2854/1616/1659 2851/1615/1658 2850/1550/1594 2853/1551/1595
f 2860/1617/1660 2854/1616/1659 2853/1551/1595 2859/1552/1596
f 2904/1618/1661 2860/1617/1660 2859/1552/1596 2903/1553/1597
f 2909/1619/1662 2904/1618/1661 2903/1553/1597 2908/1554/1598
f 2915/1620/1663 2909/1619/1662 2908/1554/1598 2914/1555/1599
f 2965/1621/1664 2915/1620/1663 2914/1555/1599 2964/1556/1600
f 2971/1622/1665 2965/1621/1664 2964/1556/1600 2970/1557/1601
f 2974/1623/1666 2971/1622/1665 2970/1557/1601 2973/1558/1602
f 2982/1624/1667 2974/1623/1666 2973/1558/1602 2981/1559/1603
f 2984/1625/1668 2982/1624/1667 2981/1559/1603 2983/1560/1604
f 2988/1626/1669 2984/1625/1668 2983/1560/1604 2987/1561/1605
f 4047/1627/1607 2988/1626/1669 2987/1561/1605 4046/1562/1543
f 4051/1628/1670 4048/1629/1671 4047/1564/1607 4050/1563/1606
f 4054/1630/1672 4051/1628/1670 4050/1563/1606 4053/1565/1608
f 4066/1631/1673 4054/1630/1672 4053/1565/1608 4057/1566/1609
f 4057/1566/1609 4064/1567/1610 4065/1632/1674 4066/1631/1673
f 4073/1633/1675 4065/1632/1674 4064/1567/1610 4072/1568/1611
f 4044/1634/1676 4073/1633/1675 4072/1568/1611 4043/1569/1612
f 4043/1569/1612 4126/1570/1613 4127/1635/1677 4044/1634/1676
f 4126/1570/1613 4117/1571/1614 4118/1636/1678 4127/1635/1677
f 4117/1571/1614 4121/1572/1615 4122/1637/1679 4118/1636/1678
f 4121/1572/1615 3986/1573/1616 3987/1638/1680 4122/1637/1679
f 3986/1573/1616 3998/1574/1617 3999/1639/1681 3987/1638/1680
f 3998/1574/1617 3993/1575/1618 3994/1640/1682 3999/1639/1681
f 3993/1575/1618 3983/1576/1619 3989/1641/1683 3994/1640/1682
f 3983/1576/1619 3979/1577/1620 3980/1642/1684 3989/1641/1683
f 3979/1577/1620 3972/1578/1621 3973/1643/1685 3980/1642/1684
f 3972/1578/1621 3969/1579/1622 3970/1644/1686 3973/1643/1685
f 3969/1579/1622 1805/1580/1623 1806/1645/1687 3970/1644/1686
f 1805/1580/1623 1800/1581/1624 1801/1/1 1806/1645/1687
f 1800/1581/1624 1798/1582/1625 1794/2/2 1801/1/1
f 1798/1582/1625 1791/1583/1626 1789/1646/1688 1794/2/2
f 1791/1583/1626 1788/1584/1627 1784/1647/1689 1789/1646/1688
f 1788/1584/1627 1782/1585/1628 1781/1648/1690 1784/1647/1689
f 1782/1585/1628 1732/1586/1629 1730/1649/1691 1781/1648/1690
f 1732/1586/1629 1727/1587/1630 1725/1650/1692 1730/1649/1691
f 1727/1587/1630 1721/1588/1631 1722/1651/1693 1725/1650/1692
f 1721/1588/1631 1677/1589/1632 1676/1652/1694 1722/1651/1693
f 1677/1589/1632 1671/1590/1633 1672/1653/1695 1676/1652/1694
f 1671/1590/1633 1668/1591/1634 1666/1654/1696 1672/1653/1695
f 1668/1591/1634 1660/1592/1635 1663/1655/1697 1666/1654/1696
f 1660/1592/1635 1658/1593/1636 1655/1656/1698 1663/1655/1697
f 1658/1593/1636 1654/1594/1637 1653/1657/1699 1655/1656/1698
f 1654/1594/1637 1651/1595/1638 1649/1658/1700 1653/1657/1699
f 1651/1595/1638 623/1596/1639 622/1659/1701 1649/1658/1700
f 623/1596/1639 620/1597/1640 617/1660/1702 622/1659/1701
f 620/1597/1640 616/1598/1641 608/1661/1703 617/1660/1702
f 609/1662/1704 608/1661/1703 616/1598/1641 611/1599/1642
f 611/1599/1642 603/1600/1643 600/1663/1705 609/1662/1704
f 603/1600/1643 627/1601/1644 626/1664/1706 600/1663/1705
f 541/1665/1707 626/1664/1706 627/1601/1644 543/1602/1645
f 550/1666/1708 541/1665/1707 543/1602/1645 552/1603/1646
f 546/1667/1709 550/1666/1708 552/1603/1646 548/1604/1647
f 680/1668/1710 546/1667/1709 548/1604/1647 681/1605/1648
f 666/1669/1711 680/1668/1710 681/1605/1648 669/1606/1649
f 672/1670/1712 666/1669/1711 669/1606/1649 674/1607/1650
f 677/1671/1713 672/1670/1712 674/1607/1650 684/1608/1651
f 685/1672/1714 677/1671/1713 684/1608/1651 688/1609/1652
f 692/1673/1715 685/1672/1714 688/1609/1652 693/1610/1653
f 2832/1674/1716 692/1673/1715 693/1610/1653 2834/1611/1654
f 2836/1675/1717 2832/1674/1716 2834/1611/1654 2837/1612/1655
f 2839/1676/1718 2836/1675/1717 2837/1612/1655 2842/1613/1656
f 2847/1677/1719 2839/1676/1718 2842/1613/1656 2844/1614/1657
f 2852/1678/1720 2847/1677/1719 2844/1614/1657 2851/1615/1658
f 2856/1679/1721 2852/1678/1720 2851/1615/1658 2854/1616/1659
f 2861/1680/1722 2856/1679/1721 2854/1616/1659 2860/1617/1660
f 2905/1681/1723 2861/1680/1722 2860/1617/1660 2904/1618/1661
f 2910/1682/1724 2905/1681/1723 2904/1618/1661 2909/1619/1662
f 2913/1683/1725 2910/1682/1724 2909/1619/1662 2915/1620/1663
f 2966/1684/1726 2913/1683/1725 2915/1620/1663 2965/1621/1664
f 2968/1685/1727 2966/1684/1726 2965/1621/1664 2971/1622/1665
f 2975/1686/1728 2968/1685/1727 2971/1622/1665 2974/1623/1666
f 2978/1687/1729 2975/1686/1728 2974/1623/1666 2982/1624/1667
f 2985/1688/1730 2978/1687/1729 2982/1624/1667 2984/1625/1668
f 2989/1689/1731 2985/1688/1730 2984/1625/1668 2988/1626/1669
f 4048/1690/1671 2989/1689/1731 2988/1626/1669 4047/1627/1607
f 4060/1691/1732 4058/1692/1733 4048/1629/1671 4051/1628/1670
f 4055/1693/1734 4060/1691/1732 4051/1628/1670 4054/1630/1672
f 4054/1630/1672 4066/1631/1673 4067/1694/1735 4055/1693/1734
f 4066/1631/1673 4065/1632/1674 4069/1695/1736 4067/1694/1735
f 4074/1696/1737 4069/1695/1736 4065/1632/1674 4073/1633/1675
f 4073/1633/1675 4044/1634/1676 4045/1697/1738 4074/1696/1737
f 4044/1634/1676 4127/1635/1677 4128/1698/1739 4045/1697/1738
f 4127/1635/1677 4118/1636/1678 4119/1699/1740 4128/1698/1739
f 4118/1636/1678 4122/1637/1679 4123/1700/1741 4119/1699/1740
f 4122/1637/1679 3987/1638/1680 3988/1701/1742 4123/1700/1741
f 4000/1702/1743 3988/1701/1742 3987/1638/1680 3999/1639/1681
f 3999/1639/1681 3994/1640/1682 3995/1703/1744 4000/1702/1743
f 3994/1640/1682 3989/1641/1683 3990/1704/1745 3995/1703/1744
f 3989/1641/1683 3980/1642/1684 3981/1705/1746 3990/1704/1745
f 3980/1642/1684 3973/1643/1685 3976/1706/1747 3981/1705/1746
f 3973/1643/1685 3970/1644/1686 3974/1707/1748 3976/1706/1747
f 3970/1644/1686 1806/1645/1687 1807/1708/1749 3974/1707/1748
f 1806/1645/1687 1801/1/1 1802/4/4 1807/1708/1749
f 3593/1709/5 3833/7/5 3832/132/5
f 1794/2/2 1789/1646/1688 1793/1710/1750 1795/3/3
f 1789/1646/1688 1784/1647/1689 1785/1711/1751 1793/1710/1750
f 1784/1647/1689 1781/1648/1690 1783/1712/1752 1785/1711/1751
f 1781/1648/1690 1730/1649/1691 1733/1713/1753 1783/1712/1752
f 1730/1649/1691 1725/1650/1692 1728/1714/1754 1733/1713/1753
f 1725/1650/1692 1722/1651/1693 1723/1715/1755 1728/1714/1754
f 1722/1651/1693 1676/1652/1694 1674/1716/1756 1723/1715/1755
f 1676/1652/1694 1672/1653/1695 1673/1717/1757 1674/1716/1756
f 1672/1653/1695 1666/1654/1696 1664/1718/1758 1673/1717/1757
f 1666/1654/1696 1663/1655/1697 1662/1719/1759 1664/1718/1758
f 1663/1655/1697 1655/1656/1698 1656/1720/1760 1662/1719/1759
f 1655/1656/1698 1653/1657/1699 1647/1721/1761 1656/1720/1760
f 1653/1657/1699 1649/1658/1700 1645/1722/1762 1647/1721/1761
f 1649/1658/1700 622/1659/1701 614/1723/1763 1645/1722/1762
f 622/1659/1701 617/1660/1702 618/1724/1764 614/1723/1763
f 607/1725/1765 618/1724/1764 617/1660/1702 608/1661/1703
f 605/1726/1766 607/1725/1765 608/1661/1703 609/1662/1704
f 609/1662/1704 600/1663/1705 601/1727/1767 605/1726/1766
f 624/1728/1768 601/1727/1767 600/1663/1705 626/1664/1706
f 544/1729/1769 624/1728/1768 626/1664/1706 541/1665/1707
f 553/1730/1770 544/1729/1769 541/1665/1707 550/1666/1708
f 549/1731/1771 553/1730/1770 550/1666/1708 546/1667/1709
f 678/1732/1772 549/1731/1771 546/1667/1709 680/1668/1710
f 680/1668/1710 666/1669/1711 667/1733/1773 678/1732/1772
f 671/1734/1774 667/1733/1773 666/1669/1711 672/1670/1712
f 676/1735/1775 671/1734/1774 672/1670/1712 677/1671/1713
f 686/1736/1776 676/1735/1775 677/1671/1713 685/1672/1714
f 690/1737/1777 686/1736/1776 685/1672/1714 692/1673/1715
f 2829/1738/1778 690/1737/1777 692/1673/1715 2832/1674/1716
f 2831/1739/1779 2829/1738/1778 2832/1674/1716 2836/1675/1717
f 2840/1740/1780 2831/1739/1779 2836/1675/1717 2839/1676/1718
f 2846/1741/1781 2840/1740/1780 2839/1676/1718 2847/1677/1719
f 2848/1742/1782 2846/1741/1781 2847/1677/1719 2852/1678/1720
f 2857/1743/1783 2848/1742/1782 2852/1678/1720 2856/1679/1721
f 2858/1744/1784 2857/1743/1783 2856/1679/1721 2861/1680/1722
f 2906/1745/1785 2858/1744/1784 2861/1680/1722 2905/1681/1723
f 2911/1746/1786 2906/1745/1785 2905/1681/1723 2910/1682/1724
f 2916/1747/1787 2911/1746/1786 2910/1682/1724 2913/1683/1725
f 2967/1748/1788 2916/1747/1787 2913/1683/1725 2966/1684/1726
f 2969/1749/1789 2967/1748/1788 2966/1684/1726 2968/1685/1727
f 2977/1750/1790 2969/1749/1789 2968/1685/1727 2975/1686/1728
f 2979/1751/1791 2977/1750/1790 2975/1686/1728 2978/1687/1729
f 2986/1752/1792 2979/1751/1791 2978/1687/1729 2985/1688/1730
f 2991/1753/1793 2986/1752/1792 2985/1688/1730 2989/1689/1731
f 4058/1754/1733 2991/1753/1793 2989/1689/1731 4048/1690/1671
f 4061/1755/1794 4059/1756/1795 4058/1692/1733 4060/1691/1732
f 4062/1757/1796 4061/1755/1794 4060/1691/1732 4055/1693/1734
f 4055/1693/1734 4067/1694/1735 4068/1758/1797 4062/1757/1796
f 4070/1759/1798 4068/1758/1797 4067/1694/1735 4069/1695/1736
f 4075/1760/1799 4070/1759/1798 4069/1695/1736 4074/1696/1737
f 4132/1761/1800 4075/1760/1799 4074/1696/1737 4045/1697/1738
f 4045/1697/1738 4128/1698/1739 4129/1762/1801 4132/1761/1800
f 4128/1698/1739 4119/1699/1740 4130/1763/1802 4129/1762/1801
f 4119/1699/1740 4123/1700/1741 4124/1764/1803 4130/1763/1802
f 4123/1700/1741 3988/1701/1742 4131/1765/1804 4124/1764/1803
f 3988/1701/1742 4000/1702/1743 4001/1766/1805 4131/1765/1804
f 4000/1702/1743 3995/1703/1744 3996/1767/1806 4001/1766/1805
f 3995/1703/1744 3990/1704/1745 3991/1768/1807 3996/1767/1806
f 3990/1704/1745 3981/1705/1746 3984/1769/1808 3991/1768/1807
f 3981/1705/1746 3976/1706/1747 3977/1770/1809 3984/1769/1808
f 3976/1706/1747 3974/1707/1748 3975/1771/1810 3977/1770/1809
f 3974/1707/1748 1807/1708/1749 1808/1772/1811 3975/1771/1810
f 1807/1708/1749 1802/4/4 1803/1773/1812 1808/1772/1811
f 1802/4/4 1795/3/3 1796/1774/1813 1803/1773/1812
f 1795/3/3 1793/1710/1750 1792/1775/1814 1796/1774/1813
f 1793/1710/1750 1785/1711/1751 1786/1776/1815 1792/1775/1814
f 1785/1711/1751 1783/1712/1752 1734/1777/1816 1786/1776/1815
f 1783/1712/1752 1733/1713/1753 1729/1778/1817 1734/1777/1816
f 1733/1713/1753 1728/1714/1754 1724/1779/1818 1729/1778/1817
f 1728/1714/1754 1723/1715/1755 1719/1780/1819 1724/1779/1818
f 1723/1715/1755 1674/1716/1756 1718/1781/1820 1719/1780/1819
f 1674/1716/1756 1673/1717/1757 1669/1782/1821 1718/1781/1820
f 1673/1717/1757 1664/1718/1758 1665/1783/1822 1669/1782/1821
f 1664/1718/1758 1662/1719/1759 1661/1784/1823 1665/1783/1822
f 1662/1719/1759 1656/1720/1760 1648/1785/1824 1661/1784/1823
f 1656/1720/1760 1647/1721/1761 1646/1786/1825 1648/1785/1824
f 1647/1721/1761 1645/1722/1762 1644/1787/1826 1646/1786/1825
f 1645/1722/1762 614/1723/1763 613/1788/1827 1644/1787/1826
f 614/1723/1763 618/1724/1764 612/1789/1828 613/1788/1827
f 606/1790/1829 612/1789/1828 618/1724/1764 607/1725/1765
f 607/1725/1765 605/1726/1766 604/1791/1830 606/1790/1829
f 605/1726/1766 601/1727/1767 599/1792/1831 604/1791/1830
f 601/1727/1767 624/1728/1768 537/1793/1832 599/1792/1831
f 540/1794/1833 537/1793/1832 624/1728/1768 544/1729/1769
f 539/1795/1834 540/1794/1833 544/1729/1769 553/1730/1770
f 545/1796/1835 539/1795/1834 553/1730/1770 549/1731/1771
f 538/1797/1836 545/1796/1835 549/1731/1771 678/1732/1772
f 665/1798/1837 538/1797/1836 678/1732/1772 667/1733/1773
f 670/1799/1838 665/1798/1837 667/1733/1773 671/1734/1774
f 675/1800/1839 670/1799/1838 671/1734/1774 676/1735/1775
f 682/1801/1840 675/1800/1839 676/1735/1775 686/1736/1776
f 689/1802/1841 682/1801/1840 686/1736/1776 690/1737/1777
f 2828/1803/1842 689/1802/1841 690/1737/1777 2829/1738/1778
f 2830/1804/1843 2828/1803/1842 2829/1738/1778 2831/1739/1779
f 2838/1805/1844 2830/1804/1843 2831/1739/1779 2840/1740/1780
f 2845/1806/1845 2838/1805/1844 2840/1740/1780 2846/1741/1781
f 2849/1807/1846 2845/1806/1845 2846/1741/1781 2848/1742/1782
f 2855/1808/1847 2849/1807/1846 2848/1742/1782 2857/1743/1783
f 2902/1809/1848 2855/1808/1847 2857/1743/1783 2858/1744/1784
f 2907/1810/1849 2902/1809/1848 2858/1744/1784 2906/1745/1785
f 2912/1811/1850 2907/1810/1849 2906/1745/1785 2911/1746/1786
f 2917/1812/1851 2912/1811/1850 2911/1746/1786 2916/1747/1787
f 2918/1813/1852 2917/1812/1851 2916/1747/1787 2967/1748/1788
f 2972/1814/1853 2918/1813/1852 2967/1748/1788 2969/1749/1789
f 2976/1815/1854 2972/1814/1853 2969/1749/1789 2977/1750/1790
f 2980/1816/1855 2976/1815/1854 2977/1750/1790 2979/1751/1791
f 2990/1817/1856 2980/1816/1855 2979/1751/1791 2986/1752/1792
f 2992/1818/1857 2990/1817/1856 2986/1752/1792 2991/1753/1793
f 4059/1819/1795 2992/1818/1857 2991/1753/1793 4058/1754/1733
f 4059/1756/1795 4061/1755/1794 4359/1820/5 4358/1821/5
f 4061/1755/1794 4062/1757/1796 4365/1822/5 4359/1820/5
f 4062/1757/1796 4068/1758/1797 4364/1823/5 4365/1822/5
f 4068/1758/1797 4070/1759/1798 4378/1824/5 4364/1823/5
f 4070/1759/1798 4075/1760/1799 4334/1825/5 4378/1824/5
f 4075/1760/1799 4132/1761/1800 4335/1826/5 4334/1825/5
f 4132/1761/1800 4129/1762/1801 4415/1827/5 4335/1826/5
f 4129/1762/1801 4130/1763/1802 4405/1828/5 4415/1827/5
f 4130/1763/1802 4124/1764/1803 4409/1829/5 4405/1828/5
f 4124/1764/1803 4131/1765/1804 4254/1830/5 4409/1829/5
f 4131/1765/1804 4001/1766/1805 4253/1831/5 4254/1830/5
f 4001/1766/1805 3996/1767/1806 4278/1832/5 4253/1831/5
f 3996/1767/1806 3991/1768/1807 4247/1833/5 4278/1832/5
f 3991/1768/1807 3984/1769/1808 4245/1834/5 4247/1833/5
f 3984/1769/1808 3977/1770/1809 4234/1835/5 4245/1834/5
f 3977/1770/1809 3975/1771/1810 4233/1836/5 4234/1835/5
f 3975/1771/1810 1808/1772/1811 1937/1837/5 4233/1836/5
f 1808/1772/1811 1803/1773/1812 1930/1838/5 1937/1837/5
f 1803/1773/1812 1796/1774/1813 1929/1839/5 1930/1838/5
f 1796/1774/1813 1792/1775/1814 1899/1840/5 1929/1839/5
f 1792/1775/1814 1786/1776/1815 1873/1841/5 1899/1840/5
f 1786/1776/1815 1734/1777/1816 1872/1842/5 1873/1841/5
f 1734/1777/1816 1729/1778/1817 1635/1843/5 1872/1842/5
f 1729/1778/1817 1724/1779/1818 1631/1844/5 1635/1843/5
f 1623/1845/5 1631/1844/5 1724/1779/1818 1719/1780/1819
f 1587/1846/5 1623/1845/5 1719/1780/1819 1718/1781/1820
f 1585/1847/5 1587/1846/5 1718/1781/1820 1669/1782/1821
f 1669/1782/1821 1665/1783/1822 1543/1848/5 1585/1847/5
f 1535/1849/5 1543/1848/5 1665/1783/1822 1661/1784/1823
f 1534/1850/5 1535/1849/5 1661/1784/1823 1648/1785/1824
f 1529/1851/5 1534/1850/5 1648/1785/1824 1646/1786/1825
f 1527/1852/5 1529/1851/5 1646/1786/1825 1644/1787/1826
f 398/1853/5 1527/1852/5 1644/1787/1826 613/1788/1827
f 390/1854/5 398/1853/5 613/1788/1827 612/1789/1828
f 391/1855/5 390/1854/5 612/1789/1828 606/1790/1829
f 379/1856/5 391/1855/5 606/1790/1829 604/1791/1830
f 403/1857/5 379/1856/5 604/1791/1830 599/1792/1831
f 402/1858/5 403/1857/5 599/1792/1831 537/1793/1832
f 354/1859/5 402/1858/5 537/1793/1832 540/1794/1833
f 366/1860/5 354/1859/5 540/1794/1833 539/1795/1834
f 360/1861/5 366/1860/5 539/1795/1834 545/1796/1835
f 470/1862/5 360/1861/5 545/1796/1835 538/1797/1836
f 471/1863/5 470/1862/5 538/1797/1836 665/1798/1837
f 460/1864/5 471/1863/5 665/1798/1837 670/1799/1838
f 493/1865/5 460/1864/5 670/1799/1838 675/1800/1839
f 495/1866/5 493/1865/5 675/1800/1839 682/1801/1840
f 504/1867/5 495/1866/5 682/1801/1840 689/1802/1841
f 2733/1868/5 504/1867/5 689/1802/1841 2828/1803/1842
f 2735/1869/5 2733/1868/5 2828/1803/1842 2830/1804/1843
f 2740/1870/5 2735/1869/5 2830/1804/1843 2838/1805/1844
f 2741/1871/5 2740/1870/5 2838/1805/1844 2845/1806/1845
f 2779/1872/5 2741/1871/5 2845/1806/1845 2849/1807/1846
f 2791/1873/5 2779/1872/5 2849/1807/1846 2855/1808/1847
f 2792/1874/5 2791/1873/5 2855/1808/1847 2902/1809/1848
f 3055/1875/5 2792/1874/5 2902/1809/1848 2907/1810/1849
f 3061/1876/5 3055/1875/5 2907/1810/1849 2912/1811/1850
f 2912/1811/1850 2917/1812/1851 3067/1877/5 3061/1876/5
f 2917/1812/1851 2918/1813/1852 3077/1878/5 3067/1877/5
f 2918/1813/1852 2972/1814/1853 3079/1879/5 3077/1878/5
f 3125/1880/5 3079/1879/5 2972/1814/1853 2976/1815/1854
f 2976/1815/1854 2980/1816/1855 3135/1881/5 3125/1880/5
f 2980/1816/1855 2990/1817/1856 3136/1882/5 3135/1881/5
f 2990/1817/1856 2992/1818/1857 3143/1883/5 3136/1882/5
f 2992/1818/1857 4059/1819/1795 4358/1884/5 3143/1883/5
f 4358/1821/1858 4359/1820/1859 4360/1885/1859 4372/1886/1858
f 4366/1887/1860 4360/1885/1859 4359/1820/1859 4365/1822/1860
f 4380/1888/1861 4366/1887/1860 4365/1822/1860 4364/1823/1861
f 4364/1823/1861 4378/1824/1862 4379/1889/1862 4380/1888/1861
f 4378/1824/1862 4334/1825/1863 4388/1890/1863 4379/1889/1862
f 4336/1891/1864 4388/1890/1863 4334/1825/1863 4335/1826/1864
f 4335/1826/1864 4415/1827/1865 4416/1892/1865 4336/1891/1864
f 4415/1827/1865 4405/1828/1866 4406/1893/1866 4416/1892/1865
f 4405/1828/1866 4409/1829/1867 4410/1894/1867 4406/1893/1866
f 4409/1829/1867 4254/1830/1868 4255/1895/1868 4410/1894/1867
f 4254/1830/1868 4253/1831/1869 4287/1896/1869 4255/1895/1868
f 4253/1831/1869 4278/1832/1870 4279/1897/1870 4287/1896/1869
f 4278/1832/1870 4247/1833/1871 4277/1898/1871 4279/1897/1870
f 4247/1833/1871 4245/1834/1872 4246/1899/1872 4277/1898/1871
f 4245/1834/1872 4234/1835/1873 4235/1900/1873 4246/1899/1872
f 4234/1835/1873 4233/1836/1874 4239/1901/1874 4235/1900/1873
f 4233/1836/1874 1937/1837/1875 1938/1902/1875 4239/1901/1874
f 1937/1837/1875 1930/1838/1876 1931/1903/1876 1938/1902/1875
f 1930/1838/1876 1929/1839/1877 1901/1904/1877 1931/1903/1876
f 1929/1839/1877 1899/1840/1878 1900/1905/1878 1901/1904/1877
f 1899/1840/1878 1873/1841/1879 1895/1906/1879 1900/1905/1878
f 1873/1841/1879 1872/1842/1880 1871/1907/1880 1895/1906/1879
f 1872/1842/1880 1635/1843/1881 1634/1908/1881 1871/1907/1880
f 1635/1843/1881 1631/1844/1882 1630/1909/1882 1634/1908/1881
f 1631/1844/1882 1623/1845/1883 1622/1910/1883 1630/1909/1882
f 1623/1845/1883 1587/1846/1884 1586/1911/1884 1622/1910/1883
f 1587/1846/1884 1585/1847/1885 1551/1912/1885 1586/1911/1884
f 1585/1847/1885 1543/1848/1886 1542/1913/1886 1551/1912/1885
f 1543/1848/1886 1535/1849/1887 1541/1914/1887 1542/1913/1886
f 1535/1849/1887 1534/1850/1888 1533/1915/1888 1541/1914/1887
f 1534/1850/1888 1529/1851/1889 1528/1916/1889 1533/1915/1888
f 1529/1851/1889 1527/1852/1890 1521/1917/1890 1528/1916/1889
f 397/1918/1891 1521/1917/1890 1527/1852/1890 398/1853/1891
f 398/1853/1891 390/1854/1892 389/1919/1892 397/1918/1891
f 390/1854/1892 391/1855/1893 377/1920/1893 389/1919/1892
f 378/1921/1894 377/1920/1893 391/1855/1893 379/1856/1894
f 373/1922/1895 378/1921/1894 379/1856/1894 403/1857/1895
f 403/1857/1895 402/1858/1896 401/1923/1896 373/1922/1895
f 353/1924/1897 401/1923/1896 402/1858/1896 354/1859/1897
f 365/1925/1898 353/1924/1897 354/1859/1897 366/1860/1898
f 359/1926/1899 365/1925/1898 366/1860/1898 360/1861/1899
f 469/1927/1900 359/1926/1899 360/1861/1899 470/1862/1900
f 455/1928/1901 469/1927/1900 470/1862/1900 471/1863/1901
f 459/1929/1902 455/1928/1901 471/1863/1901 460/1864/1902
f 461/1930/1903 459/1929/1902 460/1864/1902 493/1865/1903
f 494/1931/1904 461/1930/1903 493/1865/1903 495/1866/1904
f 503/1932/1905 494/1931/1904 495/1866/1904 504/1867/1905
f 2727/1933/1906 503/1932/1905 504/1867/1905 2733/1868/1906
f 2734/1934/1907 2727/1933/1906 2733/1868/1906 2735/1869/1907
f 2739/1935/1908 2734/1934/1907 2735/1869/1907 2740/1870/1908
f 2777/1936/1909 2739/1935/1908 2740/1870/1908 2741/1871/1909
f 2778/1937/1910 2777/1936/1909 2741/1871/1909 2779/1872/1910
f 2787/1938/1911 2778/1937/1910 2779/1872/1910 2791/1873/1911
f 2793/1939/1912 2787/1938/1911 2791/1873/1911 2792/1874/1912
f 3056/1940/1913 2793/1939/1912 2792/1874/1912 3055/1875/1913
f 3062/1941/1914 3056/1940/1913 3055/1875/1913 3061/1876/1914
f 3068/1942/1915 3062/1941/1914 3061/1876/1914 3067/1877/1915
f 3078/1943/1916 3068/1942/1915 3067/1877/1915 3077/1878/1916
f 3121/1944/1917 3078/1943/1916 3077/1878/1916 3079/1879/1917
f 3126/1945/1918 3121/1944/1917 3079/1879/1917 3125/1880/1918
f 3127/1946/1919 3126/1945/1918 3125/1880/1918 3135/1881/1919
f 3137/1947/1920 3127/1946/1919 3135/1881/1919 3136/1882/1920
f 3144/1948/1921 3137/1947/1920 3136/1882/1920 3143/1883/1921
f 4372/1949/1858 3144/1948/1921 3143/1883/1921 4358/1884/1858
f 4372/1886/1922 4360/1885/1923 4376/1950/1923 4373/1951/1922
f 4360/1885/1923 4366/1887/1924 4368/1952/1924 4376/1950/1923
f 4366/1887/1924 4380/1888/1925 4383/1953/1925 4368/1952/1924
f 4380/1888/1925 4379/1889/1926 4386/1954/1926 4383/1953/1925
f 4389/1955/1927 4386/1954/1926 4379/1889/1926 4388/1890/1927
f 4388/1890/1927 4336/1891/1928 4338/1956/1928 4389/1955/1927
f 4336/1891/1928 4416/1892/1929 4419/1957/1929 4338/1956/1928
f 4416/1892/1929 4406/1893/1930 4421/1958/1930 4419/1957/1929
f 4406/1893/1930 4410/1894/1931 4413/1959/1931 4421/1958/1930
f 4410/1894/1931 4255/1895/1932 4257/1960/1932 4413/1959/1931
f 4255/1895/1932 4287/1896/1933 4288/1961/1933 4257/1960/1932
f 4287/1896/1933 4279/1897/1934 4285/1962/1934 4288/1961/1933
f 4279/1897/1934 4277/1898/1935 4280/1963/1935 4285/1962/1934
f 4277/1898/1935 4246/1899/1936 4248/1964/1937 4280/1963/1935
f 4246/1899/1936 4235/1900/1938 4243/1965/1938 4248/1964/1937
f 4235/1900/1938 4239/1901/1939 4240/1966/1939 4243/1965/1938
f 4239/1901/1939 1938/1902/1940 1941/1967/1940 4240/1966/1939
f 1938/1902/1940 1931/1903/1941 1933/1968/1941 1941/1967/1940
f 1931/1903/1941 1901/1904/1942 1906/1969/1942 1933/1968/1941
f 1901/1904/1942 1900/1905/1943 1904/1970/1943 1906/1969/1942
f 1900/1905/1943 1895/1906/1944 1896/1971/1944 1904/1970/1943
f 1895/1906/1944 1871/1907/1945 1874/1972/1945 1896/1971/1944
f 1871/1907/1945 1634/1908/1946 1636/1973/1946 1874/1972/1945
f 1634/1908/1946 1630/1909/1947 1628/1974/1947 1636/1973/1946
f 1630/1909/1947 1622/1910/1948 1626/1975/1948 1628/1974/1947
f 1622/1910/1948 1586/1911/1949 1589/1976/1949 1626/1975/1948
f 1586/1911/1949 1551/1912/1950 1552/1977/1950 1589/1976/1949
f 1551/1912/1950 1542/1913/1951 1547/1978/1951 1552/1977/1950
f 1542/1913/1951 1541/1914/1952 1544/1979/1952 1547/1978/1951
f 1541/1914/1952 1533/1915/1953 1536/1980/1953 1544/1979/1952
f 1533/1915/1953 1528/1916/1954 1525/1981/1954 1536/1980/1953
f 1528/1916/1954 1521/1917/1955 1522/1982/1955 1525/1981/1954
f 1521/1917/1955 397/1918/1956 387/1983/1956 1522/1982/1955
f 392/1984/1957 387/1983/1956 397/1918/1956 389/1919/1957
f 389/1919/1957 377/1920/1958 382/1985/1958 392/1984/1957
f 377/1920/1958 378/1921/1959 380/1986/1959 382/1985/1958
f 378/1921/1959 373/1922/1960 374/1987/1960 380/1986/1959
f 404/1988/1961 374/1987/1960 373/1922/1960 401/1923/1961
f 401/1923/1961 353/1924/1962 355/1989/1962 404/1988/1961
f 353/1924/1962 365/1925/1963 351/1990/1963 355/1989/1962
f 365/1925/1963 359/1926/1964 361/1991/1964 351/1990/1963
f 359/1926/1964 469/1927/1965 472/1992/1965 361/1991/1964
f 469/1927/1965 455/1928/1966 456/1993/1966 472/1992/1965
f 462/1994/1967 456/1993/1966 455/1928/1966 459/1929/1967
f 459/1929/1967 461/1930/1968 466/1995/1968 462/1994/1967
f 461/1930/1968 494/1931/1969 497/1996/1970 466/1995/1968
f 501/1997/1971 497/1996/1970 494/1931/1969 503/1932/1971
f 503/1932/1971 2727/1933/1972 2728/1998/1972 501/1997/1971
f 2727/1933/1972 2734/1934/1973 2731/1999/1973 2728/1998/1972
f 2742/2000/1974 2731/1999/1973 2734/1934/1973 2739/1935/1974
f 2739/1935/1974 2777/1936/1975 2780/2001/1975 2742/2000/1974
f 2777/1936/1975 2778/1937/1976 2783/2002/1976 2780/2001/1975
f 2788/2003/1977 2783/2002/1976 2778/1937/1976 2787/1938/1977
f 2795/2004/1978 2788/2003/1977 2787/1938/1977 2793/1939/1978
f 2793/1939/1978 3056/1940/1979 3059/2005/1979 2795/2004/1978
f 3056/1940/1979 3062/1941/1980 3065/2006/1980 3059/2005/1979
f 3062/1941/1980 3068/1942/1981 3069/2007/1981 3065/2006/1980
f 3068/1942/1981 3078/1943/1982 3080/2008/1982 3069/2007/1981
f 3078/1943/1982 3121/1944/1983 3122/2009/1983 3080/2008/1982
f 3130/2010/1984 3122/2009/1983 3121/1944/1983 3126/1945/1984
f 3126/1945/1984 3127/1946/1985 3132/2011/1985 3130/2010/1984
f 3127/1946/1985 3137/1947/1986 3139/2012/1986 3132/2011/1985
f 3147/2013/1987 3139/2012/1986 3137/1947/1986 3144/1948/1987
f 3144/1948/1987 4372/1949/1922 4373/2014/1922 3147/2013/1987
f 4373/1951/1988 4376/1950/1989 4377/2015/1989 4375/2016/1988
f 4371/2017/1990 4377/2015/1989 4376/1950/1989 4368/1952/1990
f 4368/1952/1990 4383/1953/1991 4385/2018/1991 4371/2017/1990
f 4387/2019/1992 4385/2018/1991 4383/1953/1991 4386/1954/1992
f 4391/2020/1993 4387/2019/1992 4386/1954/1992 4389/1955/1993
f 4389/1955/1993 4338/1956/1994 4341/2021/1994 4391/2020/1993
f 4338/1956/1994 4419/1957/1995 4420/2022/1995 4341/2021/1994
f 4419/1957/1995 4421/1958/1996 4422/2023/1996 4420/2022/1995
f 4421/1958/1996 4413/1959/1997 4414/2024/1997 4422/2023/1996
f 4413/1959/1997 4257/1960/1998 4260/2025/1998 4414/2024/1997
f 4257/1960/1998 4288/1961/1999 4290/2026/1999 4260/2025/1998
f 4288/1961/1999 4285/1962/2000 4286/2027/2000 4290/2026/1999
f 4285/1962/2000 4280/1963/2001 4282/2028/2001 4286/2027/2000
f 4280/1963/2001 4248/1964/2002 4251/2029/2002 4282/2028/2001
f 4248/1964/2002 4243/1965/2003 4244/2030/2003 4251/2029/2002
f 4243/1965/2003 4240/1966/2004 4242/2031/2004 4244/2030/2003
f 4240/1966/2004 1941/1967/2005 1942/2032/2005 4242/2031/2004
f 1941/1967/2005 1933/1968/2006 1935/2033/2006 1942/2032/2005
f 1933/1968/2006 1906/1969/2007 1908/2034/2007 1935/2033/2006
f 1906/1969/2007 1904/1970/2008 1905/2035/2008 1908/2034/2007
f 1904/1970/2008 1896/1971/2009 1898/2036/2009 1905/2035/2008
f 1896/1971/2009 1874/1972/2010 1876/2037/2010 1898/2036/2009
f 1874/1972/2010 1636/1973/2011 1637/2038/2011 1876/2037/2010
f 1636/1973/2011 1628/1974/2012 1629/2039/2012 1637/2038/2011
f 1628/1974/2012 1626/1975/2013 1627/2040/2013 1629/2039/2012
f 1626/1975/2013 1589/1976/2014 1590/2041/2014 1627/2040/2013
f 1589/1976/2014 1552/1977/2015 1553/2042/2015 1590/2041/2014
f 1552/1977/2015 1547/1978/2016 1548/2043/2016 1553/2042/2015
f 1547/1978/2016 1544/1979/2017 1545/2044/2017 1548/2043/2016
f 1544/1979/2017 1536/1980/2018 1538/2045/2018 1545/2044/2017
f 1536/1980/2018 1525/1981/2019 1526/2046/2019 1538/2045/2018
f 1525/1981/2019 1522/1982/2020 1523/2047/2020 1526/2046/2019
f 1522/1982/2020 387/1983/2021 388/2048/2021 1523/2047/2020
f 387/1983/2021 392/1984/2022 393/2049/2022 388/2048/2021
f 392/1984/2022 382/1985/2023 383/2050/2023 393/2049/2022
f 382/1985/2023 380/1986/2024 381/2051/2024 383/2050/2023
f 380/1986/2024 374/1987/2025 375/2052/2025 381/2051/2024
f 374/1987/2025 404/1988/2026 405/2053/2026 375/2052/2025
f 404/1988/2026 355/1989/2027 356/2054/2027 405/2053/2026
f 355/1989/2027 351/1990/2028 352/2055/2028 356/2054/2027
f 351/1990/2028 361/1991/2029 362/2056/2029 352/2055/2028
f 361/1991/2029 472/1992/2030 473/2057/2030 362/2056/2029
f 472/1992/2030 456/1993/2031 457/2058/2031 473/2057/2030
f 463/2059/2032 457/2058/2031 456/1993/2031 462/1994/2032
f 467/2060/2033 463/2059/2032 462/1994/2032 466/1995/2033
f 466/1995/2033 497/1996/2034 498/2061/2034 467/2060/2033
f 502/2062/2035 498/2061/2034 497/1996/2034 501/1997/2035
f 501/1997/2035 2728/1998/2036 2729/2063/2036 502/2062/2035
f 2728/1998/2036 2731/1999/2037 2732/2064/2037 2729/2063/2036
f 2744/2065/2038 2732/2064/2037 2731/1999/2037 2742/2000/2038
f 2742/2000/2038 2780/2001/2039 2781/2066/2039 2744/2065/2038
f 2784/2067/2040 2781/2066/2039 2780/2001/2039 2783/2002/2040
f 2789/2068/2041 2784/2067/2040 2783/2002/2040 2788/2003/2041
f 2788/2003/2041 2795/2004/2042 2797/2069/2042 2789/2068/2041
f 2795/2004/2042 3059/2005/2043 3060/2070/2043 2797/2069/2042
f 3059/2005/2043 3065/2006/2044 3066/2071/2044 3060/2070/2043
f 3065/2006/2044 3069/2007/2045 3070/2072/2045 3066/2071/2044
f 3069/2007/2045 3080/2008/2046 3083/2073/2046 3070/2072/2045
f 3080/2008/2046 3122/2009/2047 3124/2074/2047 3083/2073/2046
f 3131/2075/2048 3124/2074/2047 3122/2009/2047 3130/2010/2048
f 3134/2076/2049 3131/2075/2048 3130/2010/2048 3132/2011/2049
f 3132/2011/2049 3139/2012/2050 3141/2077/2050 3134/2076/2049
f 3148/2078/2051 3141/2077/2050 3139/2012/2050 3147/2013/2051
f 3147/2013/2051 4373/2014/1988 4375/2079/1988 3148/2078/2051
f 4363/2080/2052 4374/2081/2053 4375/2016/2053 4377/2015/2052
f 4370/2082/2054 4363/2080/2052 4377/2015/2052 4371/2017/2054
f 4384/2083/2055 4370/2082/2054 4371/2017/2054 4385/2018/2055
f 4385/2018/2055 4387/2019/2056 4382/2084/2056 4384/2083/2055
f 4390/2085/2057 4382/2084/2056 4387/2019/2056 4391/2020/2057
f 4340/2086/2058 4390/2085/2057 4391/2020/2057 4341/2021/2058
f 4418/2087/2059 4340/2086/2058 4341/2021/2058 4420/2022/2059
f 4420/2022/2059 4422/2023/2060 4408/2088/2060 4418/2087/2059
f 4422/2023/2060 4414/2024/2061 4412/2089/2061 4408/2088/2060
f 4414/2024/2061 4260/2025/2062 4259/2090/2062 4412/2089/2061
f 4289/2091/2063 4259/2090/2062 4260/2025/2062 4290/2026/2063
f 4290/2026/2063 4286/2027/2064 4284/2092/2064 4289/2091/2063
f 4286/2027/2064 4282/2028/2065 4281/2093/2065 4284/2092/2064
f 4282/2028/2065 4251/2029/2066 4250/2094/2066 4281/2093/2065
f 4251/2029/2066 4244/2030/2067 4238/2095/2067 4250/2094/2066
f 4244/2030/2067 4242/2031/2068 4241/2096/2068 4238/2095/2067
f 4242/2031/2068 1942/2032/2069 1940/2097/2069 4241/2096/2068
f 1942/2032/2069 1935/2033/2070 1936/2098/2070 1940/2097/2069
f 1935/2033/2070 1908/2034/2071 1907/2099/2071 1936/2098/2070
f 1908/2034/2071 1905/2035/2072 1903/2100/2072 1907/2099/2071
f 1905/2035/2072 1898/2036/2073 1897/2101/2073 1903/2100/2072
f 1898/2036/2073 1876/2037/2074 1875/2102/2074 1897/2101/2073
f 1876/2037/2074 1637/2038/2075 1638/2103/2075 1875/2102/2074
f 1637/2038/2075 1629/2039/2076 1632/2104/2076 1638/2103/2075
f 1629/2039/2076 1627/2040/2077 1624/2105/2077 1632/2104/2076
f 1627/2040/2077 1590/2041/2078 1591/2106/2078 1624/2105/2077
f 1590/2041/2078 1553/2042/2079 1554/2107/2079 1591/2106/2078
f 1553/2042/2079 1548/2043/2080 1549/2108/2080 1554/2107/2079
f 1548/2043/2080 1545/2044/2081 1546/2109/2081 1549/2108/2080
f 1545/2044/2081 1538/2045/2082 1537/2110/2082 1546/2109/2081
f 1538/2045/2082 1526/2046/2083 1531/2111/2083 1537/2110/2082
f 1526/2046/2083 1523/2047/2084 1524/2112/2084 1531/2111/2083
f 1523/2047/2084 388/2048/2085 399/2113/2085 1524/2112/2084
f 388/2048/2085 393/2049/2086 394/2114/2086 399/2113/2085
f 393/2049/2086 383/2050/2087 384/2115/2087 394/2114/2086
f 385/2116/2088 384/2115/2087 383/2050/2087 381/2051/2088
f 381/2051/2088 375/2052/2089 376/2117/2089 385/2116/2088
f 375/2052/2089 405/2053/2090 406/2118/2090 376/2117/2089
f 405/2053/2090 356/2054/2091 357/2119/2091 406/2118/2090
f 367/2120/2092 357/2119/2091 356/2054/2091 352/2055/2092
f 363/2121/2093 367/2120/2092 352/2055/2092 362/2056/2093
f 474/2122/2094 363/2121/2093 362/2056/2093 473/2057/2094
f 473/2057/2094 457/2058/2095 458/2123/2095 474/2122/2094
f 464/2124/2096 458/2123/2095 457/2058/2095 463/2059/2096
f 468/2125/2097 464/2124/2096 463/2059/2096 467/2060/2097
f 499/2126/2098 468/2125/2097 467/2060/2097 498/2061/2098
f 505/2127/2099 499/2126/2098 498/2061/2098 502/2062/2099
f 2730/2128/2100 505/2127/2099 502/2062/2099 2729/2063/2100
f 2737/2129/2101 2730/2128/2100 2729/2063/2100 2732/2064/2101
f 2743/2130/2102 2737/2129/2101 2732/2064/2101 2744/2065/2102
f 2782/2131/2103 2743/2130/2102 2744/2065/2102 2781/2066/2103
f 2785/2132/2104 2782/2131/2103 2781/2066/2103 2784/2067/2104
f 2790/2133/2105 2785/2132/2104 2784/2067/2104 2789/2068/2105
f 2798/2134/2106 2790/2133/2105 2789/2068/2105 2797/2069/2106
f 3058/2135/2107 2798/2134/2106 2797/2069/2106 3060/2070/2107
f 3064/2136/2108 3058/2135/2107 3060/2070/2107 3066/2071/2108
f 3072/2137/2109 3064/2136/2108 3066/2071/2108 3070/2072/2109
f 3082/2138/2110 3072/2137/2109 3070/2072/2109 3083/2073/2110
f 3123/2139/2111 3082/2138/2110 3083/2073/2110 3124/2074/2111
f 3129/2140/2112 3123/2139/2111 3124/2074/2111 3131/2075/2112
f 3133/2141/2113 3129/2140/2112 3131/2075/2112 3134/2076/2113
f 3142/2142/2114 3133/2141/2113 3134/2076/2113 3141/2077/2114
f 3146/2143/2115 3142/2142/2114 3141/2077/2114 3148/2078/2115
f 4374/2144/2053 3146/2143/2115 3148/2078/2115 4375/2079/2053
f 4362/2145/2116 4361/2146/2117 4374/2081/2117 4363/2080/2116
f 4369/2147/2118 4362/2145/2116 4363/2080/2116 4370/2082/2118
f 4367/2148/2119 4369/2147/2118 4370/2082/2118 4384/2083/2119
f 4381/2149/2120 4367/2148/2119 4384/2083/2119 4382/2084/2120
f 4337/2150/2121 4381/2149/2120 4382/2084/2120 4390/2085/2121
f 4339/2151/2122 4337/2150/2121 4390/2085/2121 4340/2086/2122
f 4417/2152/2123 4339/2151/2122 4340/2086/2122 4418/2087/2123
f 4407/2153/2124 4417/2152/2123 4418/2087/2123 4408/2088/2124
f 4411/2154/2125 4407/2153/2124 4408/2088/2124 4412/2089/2125
f 4258/2155/2126 4411/2154/2125 4412/2089/2125 4259/2090/2126
f 4259/2090/2126 4289/2091/2127 4256/2156/2127 4258/2155/2126
f 4283/2157/2128 4256/2156/2127 4289/2091/2127 4284/2092/2128
f 4252/2158/2129 4283/2157/2128 4284/2092/2128 4281/2093/2129
f 4281/2093/2129 4250/2094/2130 4249/2159/2130 4252/2158/2129
f 4250/2094/2130 4238/2095/2131 4237/2160/2131 4249/2159/2130
f 4238/2095/2131 4241/2096/2132 4236/2161/2132 4237/2160/2131
f 4241/2096/2132 1940/2097/2133 1939/2162/2133 4236/2161/2132
f 1940/2097/2133 1936/2098/2134 1934/2163/2134 1939/2162/2133
f 1936/2098/2134 1907/2099/2135 1932/2164/2135 1934/2163/2134
f 1907/2099/2135 1903/2100/2136 1902/2165/2136 1932/2164/2135
f 1903/2100/2136 1897/2101/2137 1878/2166/2137 1902/2165/2136
f 1897/2101/2137 1875/2102/2138 1877/2167/2138 1878/2166/2137
f 1875/2102/2138 1638/2103/2139 1639/2168/2139 1877/2167/2138
f 1638/2103/2139 1632/2104/2140 1633/2169/2140 1639/2168/2139
f 1632/2104/2140 1624/2105/2141 1625/2170/2141 1633/2169/2140
f 1624/2105/2141 1591/2106/2142 1592/2171/2142 1625/2170/2141
f 1591/2106/2142 1554/2107/2143 1588/2172/2143 1592/2171/2142
f 1554/2107/2143 1549/2108/2144 1550/2173/2144 1588/2172/2143
f 1549/2108/2144 1546/2109/2145 1540/2174/2145 1550/2173/2144
f 1546/2109/2145 1537/2110/2146 1539/2175/2146 1540/2174/2145
f 1537/2110/2146 1531/2111/2147 1532/2176/2147 1539/2175/2146
f 1531/2111/2147 1524/2112/2148 1530/2177/2148 1532/2176/2147
f 1524/2112/2148 399/2113/2149 400/2178/2149 1530/2177/2148
f 399/2113/2149 394/2114/2150 395/2179/2150 400/2178/2149
f 394/2114/2150 384/2115/2151 396/2180/2151 395/2179/2150
f 384/2115/2151 385/2116/2152 386/2181/2152 396/2180/2151
f 385/2116/2152 376/2117/2153 408/2182/2153 386/2181/2152
f 376/2117/2153 406/2118/2154 407/2183/2154 408/2182/2153
f 406/2118/2154 357/2119/2155 358/2184/2155 407/2183/2154
f 357/2119/2155 367/2120/2156 368/2185/2156 358/2184/2155
f 367/2120/2156 363/2121/2157 364/2186/2157 368/2185/2156
f 363/2121/2157 474/2122/2158 475/2187/2158 364/2186/2157
f 476/2188/2159 475/2187/2158 474/2122/2158 458/2123/2159
f 458/2123/2159 464/2124/2160 465/2189/2160 476/2188/2159
f 464/2124/2160 468/2125/2161 496/2190/2161 465/2189/2160
f 500/2191/2162 496/2190/2161 468/2125/2161 499/2126/2162
f 506/2192/2163 500/2191/2162 499/2126/2162 505/2127/2163
f 2736/2193/2164 506/2192/2163 505/2127/2163 2730/2128/2164
f 2738/2194/2165 2736/2193/2164 2730/2128/2164 2737/2129/2165
f 2745/2195/2166 2738/2194/2165 2737/2129/2165 2743/2130/2166
f 2746/2196/2167 2745/2195/2166 2743/2130/2166 2782/2131/2167
f 2786/2197/2168 2746/2196/2167 2782/2131/2167 2785/2132/2168
f 2794/2198/2169 2786/2197/2168 2785/2132/2168 2790/2133/2169
f 2796/2199/2170 2794/2198/2169 2790/2133/2169 2798/2134/2170
f 3057/2200/2171 2796/2199/2170 2798/2134/2170 3058/2135/2171
f 3063/2201/2172 3057/2200/2171 3058/2135/2171 3064/2136/2172
f 3071/2202/2173 3063/2201/2172 3064/2136/2172 3072/2137/2173
f 3081/2203/2174 3071/2202/2173 3072/2137/2173 3082/2138/2174
f 3084/2204/2175 3081/2203/2174 3082/2138/2174 3123/2139/2175
f 3128/2205/2176 3084/2204/2175 3123/2139/2175 3129/2140/2176
f 3138/2206/2177 3128/2205/2176 3129/2140/2176 3133/2141/2177
f 3140/2207/2178 3138/2206/2177 3133/2141/2177 3142/2142/2178
f 3145/2208/2179 3140/2207/2178 3142/2142/2178 3146/2143/2179
f 4361/2209/2117 3145/2208/2179 3146/2143/2179 4374/2144/2117
f 4361/2146/2180 4362/2145/2181 4312/2210/2182 4308/2211/2183
f 4362/2145/2181 4369/2147/2184 4316/2212/2185 4312/2210/2182
f 4369/2147/2184 4367/2148/2186 4096/2213/2187 4316/2212/2185
f 4111/2214/2188 4096/2213/2187 4367/2148/2186 4381/2149/2189
f 4381/2149/2189 4337/2150/2190 4108/2215/2191 4111/2214/2188
f 4337/2150/2190 4339/2151/2192 4167/2216/2193 4108/2215/2191
f 4339/2151/2192 4417/2152/2194 4175/2217/2195 4167/2216/2193
f 4141/2218/2196 4175/2217/2195 4417/2152/2194 4407/2153/2197
f 4160/2219/2198 4141/2218/2196 4407/2153/2197 4411/2154/2199
f 4152/2220/2200 4160/2219/2198 4411/2154/2199 4258/2155/2201
f 4258/2155/2201 4256/2156/2202 4037/2221/2203 4152/2220/2200
f 4256/2156/2202 4283/2157/2204 4031/2222/2205 4037/2221/2203
f 4283/2157/2204 4252/2158/2206 4020/2223/2207 4031/2222/2205
f 4252/2158/2206 4249/2159/2208 4215/2224/2209 4020/2223/2207
f 4249/2159/2208 4237/2160/2210 4211/2225/2211 4215/2224/2209
f 4237/2160/2210 4236/2161/2212 4207/2226/2213 4211/2225/2211
f 4236/2161/2212 1939/2162/2214 1921/2227/2215 4207/2226/2213
f 1939/2162/2214 1934/2163/2216 1917/2228/2217 1921/2227/2215
f 1934/2163/2216 1932/2164/2218 1827/2229/2219 1917/2228/2217
f 1932/2164/2218 1902/2165/2220 1820/2230/2221 1827/2229/2219
f 1902/2165/2220 1878/2166/2222 1815/2231/2223 1820/2230/2221
f 1878/2166/2222 1877/2167/2224 1771/2232/2225 1815/2231/2223
f 1877/2167/2224 1639/2168/2226 1769/2233/2227 1771/2232/2225
f 1752/2234/2228 1769/2233/2227 1639/2168/2226 1633/2169/2229
f 1633/2169/2229 1625/2170/2230 1743/2235/2231 1752/2234/2228
f 1625/2170/2230 1592/2171/2232 1738/2236/2233 1743/2235/2231
f 1592/2171/2232 1588/2172/2234 1706/2237/2235 1738/2236/2233
f 1588/2172/2234 1550/2173/2236 1700/2238/2237 1706/2237/2235
f 1550/2173/2236 1540/2174/2238 1691/2239/2239 1700/2238/2237
f 1540/2174/2238 1539/2175/2240 1583/2240/2241 1691/2239/2239
f 1539/2175/2240 1532/2176/2242 1577/2241/2243 1583/2240/2241
f 1532/2176/2242 1530/2177/2244 1571/2242/2245 1577/2241/2243
f 1530/2177/2244 400/2178/2246 439/2243/2247 1571/2242/2245
f 400/2178/2246 395/2179/2248 437/2244/2249 439/2243/2247
f 395/2179/2248 396/2180/2250 640/2245/2251 437/2244/2249
f 396/2180/2250 386/2181/2252 628/2246/2253 640/2245/2251
f 386/2181/2252 408/2182/2254 631/2247/2255 628/2246/2253
f 408/2182/2254 407/2183/2256 560/2248/2257 631/2247/2255
f 407/2183/2256 358/2184/2258 554/2249/2259 560/2248/2257
f 358/2184/2258 368/2185/2260 584/2250/2261 554/2249/2259
f 368/2185/2260 364/2186/2262 569/2251/2263 584/2250/2261
f 364/2186/2262 475/2187/2264 575/2252/2265 569/2251/2263
f 475/2187/2264 476/2188/2266 694/2253/2267 575/2252/2265
f 476/2188/2266 465/2189/2268 700/2254/2269 694/2253/2267
f 465/2189/2268 496/2190/2270 708/2255/2271 700/2254/2269
f 496/2190/2270 500/2191/2272 519/2256/2273 708/2255/2271
f 500/2191/2272 506/2192/2274 521/2257/2275 519/2256/2273
f 506/2192/2274 2736/2193/2276 2755/2258/2277 521/2257/2275
f 2736/2193/2276 2738/2194/2278 2761/2259/2279 2755/2258/2277
f 2738/2194/2278 2745/2195/2280 2767/2260/2281 2761/2259/2279
f 2745/2195/2280 2746/2196/2282 2876/2261/2283 2767/2260/2281
f 2886/2262/2284 2876/2261/2283 2746/2196/2282 2786/2197/2285
f 2786/2197/2285 2794/2198/2286 2891/2263/2287 2886/2262/2284
f 2794/2198/2286 2796/2199/2288 2923/2264/2289 2891/2263/2287
f 2796/2199/2288 3057/2200/2290 2927/2265/2291 2923/2264/2289
f 3057/2200/2290 3063/2201/2292 2940/2266/2293 2927/2265/2291
f 2953/2267/2294 2940/2266/2293 3063/2201/2292 3071/2202/2295
f 2956/2268/2296 2953/2267/2294 3071/2202/2295 3081/2203/2297
f 3081/2203/2297 3084/2204/2298 3000/2269/2299 2956/2268/2296
f 3084/2204/2298 3128/2205/2300 3006/2270/2301 3000/2269/2299
f 3128/2205/2300 3138/2206/2302 3012/2271/2303 3006/2270/2301
f 3138/2206/2302 3140/2207/2304 3101/2272/2305 3012/2271/2303
f 3140/2207/2304 3145/2208/2306 3105/2273/2307 3101/2272/2305
f 3145/2208/2306 4361/2209/2180 4308/2274/2183 3105/2273/2307
f 4311/2275/2308 4305/2276/2309 4308/2211/2183 4312/2210/2182
f 4081/2277/2310 4311/2275/2308 4312/2210/2182 4316/2212/2185
f 4095/2278/2311 4081/2277/2310 4316/2212/2185 4096/2213/2187
f 4110/2279/2312 4095/2278/2311 4096/2213/2187 4111/2214/2188
f 4105/2280/2313 4110/2279/2312 4111/2214/2188 4108/2215/2191
f 4108/2215/2191 4167/2216/2193 4166/2281/2314 4105/2280/2313
f 4167/2216/2193 4175/2217/2195 4174/2282/2315 4166/2281/2314
f 4175/2217/2195 4141/2218/2196 4140/2283/2316 4174/2282/2315
f 4159/2284/2317 4140/2283/2316 4141/2218/2196 4160/2219/2198
f 4151/2285/2318 4159/2284/2317 4160/2219/2198 4152/2220/2200
f 4034/2286/2319 4151/2285/2318 4152/2220/2200 4037/2221/2203
f 4037/2221/2203 4031/2222/2205 4030/2287/2320 4034/2286/2319
f 4031/2222/2205 4020/2223/2207 4019/2288/2321 4030/2287/2320
f 4020/2223/2207 4215/2224/2209 4007/2289/2322 4019/2288/2321
f 4215/2224/2209 4211/2225/2211 4210/2290/2323 4007/2289/2322
f 4211/2225/2211 4207/2226/2213 4204/2291/2324 4210/2290/2323
f 4207/2226/2213 1921/2227/2215 1920/2292/2325 4204/2291/2324
f 1921/2227/2215 1917/2228/2217 1837/2293/2326 1920/2292/2325
f 1917/2228/2217 1827/2229/2219 1828/2294/2327 1837/2293/2326
f 1827/2229/2219 1820/2230/2221 1821/2295/2328 1828/2294/2327
f 1820/2230/2221 1815/2231/2223 1811/2296/2329 1821/2295/2328
f 1815/2231/2223 1771/2232/2225 1772/2297/2330 1811/2296/2329
f 1771/2232/2225 1769/2233/2227 1768/2298/2331 1772/2297/2330
f 1769/2233/2227 1752/2234/2228 1753/2299/2332 1768/2298/2331
f 1752/2234/2228 1743/2235/2231 1744/2300/2333 1753/2299/2332
f 1743/2235/2231 1738/2236/2233 1739/2301/2334 1744/2300/2333
f 1738/2236/2233 1706/2237/2235 1709/2302/2335 1739/2301/2334
f 1706/2237/2235 1700/2238/2237 1701/2303/2336 1709/2302/2335
f 1700/2238/2237 1691/2239/2239 1692/2304/2337 1701/2303/2336
f 1691/2239/2239 1583/2240/2241 1682/2305/2338 1692/2304/2337
f 1583/2240/2241 1577/2241/2243 1578/2306/2339 1682/2305/2338
f 1577/2241/2243 1571/2242/2245 1573/2307/2340 1578/2306/2339
f 1571/2242/2245 439/2243/2247 440/2308/2341 1573/2307/2340
f 439/2243/2247 437/2244/2249 655/2309/2342 440/2308/2341
f 437/2244/2249 640/2245/2251 641/2310/2343 655/2309/2342
f 640/2245/2251 628/2246/2253 629/2311/2344 641/2310/2343
f 628/2246/2253 631/2247/2255 633/2312/2345 629/2311/2344
f 561/2313/2346 633/2312/2345 631/2247/2255 560/2248/2257
f 555/2314/2347 561/2313/2346 560/2248/2257 554/2249/2259
f 585/2315/2348 555/2314/2347 554/2249/2259 584/2250/2261
f 584/2250/2261 569/2251/2263 570/2316/2349 585/2315/2348
f 569/2251/2263 575/2252/2265 576/2317/2350 570/2316/2349
f 575/2252/2265 694/2253/2267 696/2318/2351 576/2317/2350
f 701/2319/2352 696/2318/2351 694/2253/2267 700/2254/2269
f 709/2320/2353 701/2319/2352 700/2254/2269 708/2255/2271
f 721/2321/2354 709/2320/2353 708/2255/2271 519/2256/2273
f 522/2322/2355 721/2321/2354 519/2256/2273 521/2257/2275
f 2757/2323/2356 522/2322/2355 521/2257/2275 2755/2258/2277
f 2762/2324/2357 2757/2323/2356 2755/2258/2277 2761/2259/2279
f 2866/2325/2358 2762/2324/2357 2761/2259/2279 2767/2260/2281
f 2875/2326/2359 2866/2325/2358 2767/2260/2281 2876/2261/2283
f 2885/2327/2360 2875/2326/2359 2876/2261/2283 2886/2262/2284
f 2894/2328/2361 2885/2327/2360 2886/2262/2284 2891/2263/2287
f 2922/2329/2362 2894/2328/2361 2891/2263/2287 2923/2264/2289
f 2928/2330/2363 2922/2329/2362 2923/2264/2289 2927/2265/2291
f 2939/2331/2364 2928/2330/2363 2927/2265/2291 2940/2266/2293
f 2952/2332/2365 2939/2331/2364 2940/2266/2293 2953/2267/2294
f 2955/2333/2366 2952/2332/2365 2953/2267/2294 2956/2268/2296
f 2996/2334/2367 2955/2333/2366 2956/2268/2296 3000/2269/2299
f 3005/2335/2368 2996/2334/2367 3000/2269/2299 3006/2270/2301
f 3011/2336/2369 3005/2335/2368 3006/2270/2301 3012/2271/2303
f 3021/2337/2370 3011/2336/2369 3012/2271/2303 3101/2272/2305
f 3104/2338/2371 3021/2337/2370 3101/2272/2305 3105/2273/2307
f 4305/2339/2309 3104/2338/2371 3105/2273/2307 4308/2274/2183
f 4310/2340/2372 4304/2341/2373 4305/2276/2309 4311/2275/2308
f 4080/2342/2374 4310/2340/2372 4311/2275/2308 4081/2277/2310
f 4092/2343/2375 4080/2342/2374 4081/2277/2310 4095/2278/2311
f 4101/2344/2376 4092/2343/2375 4095/2278/2311 4110/2279/2312
f 4104/2345/2377 4101/2344/2376 4110/2279/2312 4105/2280/2313
f 4105/2280/2313 4166/2281/2314 4163/2346/2378 4104/2345/2377
f 4166/2281/2314 4174/2282/2315 4171/2347/2379 4163/2346/2378
f 4174/2282/2315 4140/2283/2316 4137/2348/2380 4171/2347/2379
f 4156/2349/2381 4137/2348/2380 4140/2283/2316 4159/2284/2317
f 4148/2350/2382 4156/2349/2381 4159/2284/2317 4151/2285/2318
f 4033/2351/2383 4148/2350/2382 4151/2285/2318 4034/2286/2319
f 4034/2286/2319 4030/2287/2320 4027/2352/2384 4033/2351/2383
f 4030/2287/2320 4019/2288/2321 4016/2353/2385 4027/2352/2384
f 4019/2288/2321 4007/2289/2322 4006/2354/2386 4016/2353/2385
f 4209/2355/2387 4006/2354/2386 4007/2289/2322 4210/2290/2323
f 4210/2290/2323 4204/2291/2324 4203/2356/2388 4209/2355/2387
f 4204/2291/2324 1920/2292/2325 1919/2357/2389 4203/2356/2388
f 1920/2292/2325 1837/2293/2326 1836/2358/2390 1919/2357/2389
f 1837/2293/2326 1828/2294/2327 1824/2359/2391 1836/2358/2390
f 1828/2294/2327 1821/2295/2328 1817/2360/2392 1824/2359/2391
f 1821/2295/2328 1811/2296/2329 1812/2361/2393 1817/2360/2392
f 1811/2296/2329 1772/2297/2330 1774/2362/2394 1812/2361/2393
f 1772/2297/2330 1768/2298/2331 1765/2363/2395 1774/2362/2394
f 1768/2298/2331 1753/2299/2332 1755/2364/2396 1765/2363/2395
f 1753/2299/2332 1744/2300/2333 1746/2365/2397 1755/2364/2396
f 1744/2300/2333 1739/2301/2334 1735/2366/2398 1746/2365/2397
f 1739/2301/2334 1709/2302/2335 1708/2367/2399 1735/2366/2398
f 1709/2302/2335 1701/2303/2336 1703/2368/2400 1708/2367/2399
f 1701/2303/2336 1692/2304/2337 1694/2369/2401 1703/2368/2400
f 1692/2304/2337 1682/2305/2338 1683/2370/2402 1694/2369/2401
f 1682/2305/2338 1578/2306/2339 1579/2371/2403 1683/2370/2402
f 1578/2306/2339 1573/2307/2340 1574/2372/2404 1579/2371/2403
f 1573/2307/2340 440/2308/2341 441/2373/2405 1574/2372/2404
f 440/2308/2341 655/2309/2342 656/2374/2406 441/2373/2405
f 655/2309/2342 641/2310/2343 643/2375/2407 656/2374/2406
f 641/2310/2343 629/2311/2344 637/2376/2408 643/2375/2407
f 629/2311/2344 633/2312/2345 634/2377/2409 637/2376/2408
f 563/2378/2410 634/2377/2409 633/2312/2345 561/2313/2346
f 557/2379/2411 563/2378/2410 561/2313/2346 555/2314/2347
f 587/2380/2412 557/2379/2411 555/2314/2347 585/2315/2348
f 585/2315/2348 570/2316/2349 572/2381/2413 587/2380/2412
f 570/2316/2349 576/2317/2350 578/2382/2414 572/2381/2413
f 576/2317/2350 696/2318/2351 697/2383/2415 578/2382/2414
f 703/2384/2416 697/2383/2415 696/2318/2351 701/2319/2352
f 711/2385/2417 703/2384/2416 701/2319/2352 709/2320/2353
f 722/2386/2418 711/2385/2417 709/2320/2353 721/2321/2354
f 721/2321/2354 522/2322/2355 523/2387/2419 722/2386/2418
f 2758/2388/2420 523/2387/2419 522/2322/2355 2757/2323/2356
f 2763/2389/2421 2758/2388/2420 2757/2323/2356 2762/2324/2357
f 2867/2390/2422 2763/2389/2421 2762/2324/2357 2866/2325/2358
f 2878/2391/2423 2867/2390/2422 2866/2325/2358 2875/2326/2359
f 2888/2392/2424 2878/2391/2423 2875/2326/2359 2885/2327/2360
f 2893/2393/2425 2888/2392/2424 2885/2327/2360 2894/2328/2361
f 2919/2394/2426 2893/2393/2425 2894/2328/2361 2922/2329/2362
f 2930/2395/2427 2919/2394/2426 2922/2329/2362 2928/2330/2363
f 2936/2396/2428 2930/2395/2427 2928/2330/2363 2939/2331/2364
f 2949/2397/2429 2936/2396/2428 2939/2331/2364 2952/2332/2365
f 2958/2398/2430 2949/2397/2429 2952/2332/2365 2955/2333/2366
f 2997/2399/2431 2958/2398/2430 2955/2333/2366 2996/2334/2367
f 3002/2400/2432 2997/2399/2431 2996/2334/2367 3005/2335/2368
f 3008/2401/2433 3002/2400/2432 3005/2335/2368 3011/2336/2369
f 3020/2402/2434 3008/2401/2433 3011/2336/2369 3021/2337/2370
f 3103/2403/2435 3020/2402/2434 3021/2337/2370 3104/2338/2371
f 4304/2404/2373 3103/2403/2435 3104/2338/2371 4305/2339/2309
f 4313/2405/2436 4306/2406/2437 4304/2341/2373 4310/2340/2372
f 4082/2407/2438 4313/2405/2436 4310/2340/2372 4080/2342/2374
f 4093/2408/2439 4082/2407/2438 4080/2342/2374 4092/2343/2375
f 4102/2409/2440 4093/2408/2439 4092/2343/2375 4101/2344/2376
f 4106/2410/2441 4102/2409/2440 4101/2344/2376 4104/2345/2377
f 4164/2411/2442 4106/2410/2441 4104/2345/2377 4163/2346/2378
f 4163/2346/2378 4171/2347/2379 4172/2412/2443 4164/2411/2442
f 4171/2347/2379 4137/2348/2380 4138/2413/2444 4172/2412/2443
f 4157/2414/2445 4138/2413/2444 4137/2348/2380 4156/2349/2381
f 4149/2415/2446 4157/2414/2445 4156/2349/2381 4148/2350/2382
f 4148/2350/2382 4033/2351/2383 4035/2416/2447 4149/2415/2446
f 4033/2351/2383 4027/2352/2384 4028/2417/2448 4035/2416/2447
f 4027/2352/2384 4016/2353/2385 4017/2418/2449 4028/2417/2448
f 4016/2353/2385 4006/2354/2386 4008/2419/2450 4017/2418/2449
f 4006/2354/2386 4209/2355/2387 4212/2420/2451 4008/2419/2450
f 4209/2355/2387 4203/2356/2388 4205/2421/2452 4212/2420/2451
f 4203/2356/2388 1919/2357/2389 1922/2422/2453 4205/2421/2452
f 1919/2357/2389 1836/2358/2390 1838/2423/2454 1922/2422/2453
f 1836/2358/2390 1824/2359/2391 1825/2424/2455 1838/2423/2454
f 1824/2359/2391 1817/2360/2392 1818/2425/2456 1825/2424/2455
f 1817/2360/2392 1812/2361/2393 1813/2426/2457 1818/2425/2456
f 1812/2361/2393 1774/2362/2394 1775/2427/2458 1813/2426/2457
f 1774/2362/2394 1765/2363/2395 1766/2428/2459 1775/2427/2458
f 1765/2363/2395 1755/2364/2396 1756/2429/2460 1766/2428/2459
f 1755/2364/2396 1746/2365/2397 1747/2430/2461 1756/2429/2460
f 1746/2365/2397 1735/2366/2398 1736/2431/2462 1747/2430/2461
f 1735/2366/2398 1708/2367/2399 1710/2432/2463 1736/2431/2462
f 1708/2367/2399 1703/2368/2400 1704/2433/2464 1710/2432/2463
f 1703/2368/2400 1694/2369/2401 1695/2434/2465 1704/2433/2464
f 1694/2369/2401 1683/2370/2402 1684/2435/2466 1695/2434/2465
f 1683/2370/2402 1579/2371/2403 1581/2436/2467 1684/2435/2466
f 1579/2371/2403 1574/2372/2404 1575/2437/2468 1581/2436/2467
f 1574/2372/2404 441/2373/2405 443/2438/2469 1575/2437/2468
f 441/2373/2405 656/2374/2406 657/2439/2470 443/2438/2469
f 656/2374/2406 643/2375/2407 644/2440/2471 657/2439/2470
f 643/2375/2407 637/2376/2408 638/2441/2472 644/2440/2471
f 637/2376/2408 634/2377/2409 635/2442/2473 638/2441/2472
f 634/2377/2409 563/2378/2410 564/2443/2474 635/2442/2473
f 558/2444/2475 564/2443/2474 563/2378/2410 557/2379/2411
f 588/2445/2476 558/2444/2475 557/2379/2411 587/2380/2412
f 587/2380/2412 572/2381/2413 573/2446/2477 588/2445/2476
f 572/2381/2413 578/2382/2414 579/2447/2478 573/2446/2477
f 698/2448/2479 579/2447/2478 578/2382/2414 697/2383/2415
f 704/2449/2480 698/2448/2479 697/2383/2415 703/2384/2416
f 712/2450/2481 704/2449/2480 703/2384/2416 711/2385/2417
f 723/2451/2482 712/2450/2481 711/2385/2417 722/2386/2418
f 525/2452/2483 723/2451/2482 722/2386/2418 523/2387/2419
f 2759/2453/2484 525/2452/2483 523/2387/2419 2758/2388/2420
f 2765/2454/2485 2759/2453/2484 2758/2388/2420 2763/2389/2421
f 2868/2455/2486 2765/2454/2485 2763/2389/2421 2867/2390/2422
f 2879/2456/2487 2868/2455/2486 2867/2390/2422 2878/2391/2423
f 2889/2457/2488 2879/2456/2487 2878/2391/2423 2888/2392/2424
f 2895/2458/2489 2889/2457/2488 2888/2392/2424 2893/2393/2425
f 2920/2459/2490 2895/2458/2489 2893/2393/2425 2919/2394/2426
f 2931/2460/2491 2920/2459/2490 2919/2394/2426 2930/2395/2427
f 2937/2461/2492 2931/2460/2491 2930/2395/2427 2936/2396/2428
f 2950/2462/2493 2937/2461/2492 2936/2396/2428 2949/2397/2429
f 2959/2463/2494 2950/2462/2493 2949/2397/2429 2958/2398/2430
f 2998/2464/2495 2959/2463/2494 2958/2398/2430 2997/2399/2431
f 3003/2465/2496 2998/2464/2495 2997/2399/2431 3002/2400/2432
f 3009/2466/2497 3003/2465/2496 3002/2400/2432 3008/2401/2433
f 3022/2467/2498 3009/2466/2497 3008/2401/2433 3020/2402/2434
f 3106/2468/2499 3022/2467/2498 3020/2402/2434 3103/2403/2435
f 4306/2469/2437 3106/2468/2499 3103/2403/2435 4304/2404/2373
f 4314/2470/1989 4307/2471/1988 4306/2406/2437 4313/2405/2436
f 4083/2472/1990 4314/2470/1989 4313/2405/2436 4082/2407/2438
f 4094/2473/1991 4083/2472/1990 4082/2407/2438 4093/2408/2439
f 4103/2474/1992 4094/2473/1991 4093/2408/2439 4102/2409/2440
f 4107/2475/1993 4103/2474/1992 4102/2409/2440 4106/2410/2441
f 4165/2476/1994 4107/2475/1993 4106/2410/2441 4164/2411/2442
f 4164/2411/2442 4172/2412/2443 4173/2477/1995 4165/2476/1994
f 4172/2412/2443 4138/2413/2444 4139/2478/1996 4173/2477/1995
f 4158/2479/1997 4139/2478/1996 4138/2413/2444 4157/2414/2445
f 4150/2480/1998 4158/2479/1997 4157/2414/2445 4149/2415/2446
f 4149/2415/2446 4035/2416/2447 4036/2481/1999 4150/2480/1998
f 4035/2416/2447 4028/2417/2448 4029/2482/2000 4036/2481/1999
f 4028/2417/2448 4017/2418/2449 4018/2483/2001 4029/2482/2000
f 4017/2418/2449 4008/2419/2450 4009/2484/2002 4018/2483/2001
f 4008/2419/2450 4212/2420/2451 4213/2485/2003 4009/2484/2002
f 4212/2420/2451 4205/2421/2452 4206/2486/2004 4213/2485/2003
f 4205/2421/2452 1922/2422/2453 1923/2487/2005 4206/2486/2004
f 1922/2422/2453 1838/2423/2454 1839/2488/2006 1923/2487/2005
f 1838/2423/2454 1825/2424/2455 1826/2489/2007 1839/2488/2006
f 1825/2424/2455 1818/2425/2456 1819/2490/2008 1826/2489/2007
f 1818/2425/2456 1813/2426/2457 1814/2491/2009 1819/2490/2008
f 1813/2426/2457 1775/2427/2458 1776/2492/2010 1814/2491/2009
f 1775/2427/2458 1766/2428/2459 1767/2493/2011 1776/2492/2010
f 1766/2428/2459 1756/2429/2460 1757/2494/2012 1767/2493/2011
f 1756/2429/2460 1747/2430/2461 1748/2495/2013 1757/2494/2012
f 1747/2430/2461 1736/2431/2462 1737/2496/2014 1748/2495/2013
f 1736/2431/2462 1710/2432/2463 1711/2497/2015 1737/2496/2014
f 1710/2432/2463 1704/2433/2464 1705/2498/2016 1711/2497/2015
f 1704/2433/2464 1695/2434/2465 1696/2499/2017 1705/2498/2016
f 1695/2434/2465 1684/2435/2466 1685/2500/2018 1696/2499/2017
f 1684/2435/2466 1581/2436/2467 1582/2501/2019 1685/2500/2018
f 1581/2436/2467 1575/2437/2468 1576/2502/2020 1582/2501/2019
f 1575/2437/2468 443/2438/2469 444/2503/2021 1576/2502/2020
f 443/2438/2469 657/2439/2470 658/2504/2022 444/2503/2021
f 657/2439/2470 644/2440/2471 645/2505/2023 658/2504/2022
f 644/2440/2471 638/2441/2472 639/2506/2024 645/2505/2023
f 638/2441/2472 635/2442/2473 636/2507/2025 639/2506/2024
f 635/2442/2473 564/2443/2474 565/2508/2026 636/2507/2025
f 559/2509/2027 565/2508/2026 564/2443/2474 558/2444/2475
f 589/2510/2028 559/2509/2027 558/2444/2475 588/2445/2476
f 588/2445/2476 573/2446/2477 574/2511/2029 589/2510/2028
f 573/2446/2477 579/2447/2478 580/2512/2030 574/2511/2029
f 699/2513/2031 580/2512/2030 579/2447/2478 698/2448/2479
f 705/2514/2032 699/2513/2031 698/2448/2479 704/2449/2480
f 713/2515/2033 705/2514/2032 704/2449/2480 712/2450/2481
f 724/2516/2034 713/2515/2033 712/2450/2481 723/2451/2482
f 526/2517/2035 724/2516/2034 723/2451/2482 525/2452/2483
f 2760/2518/2036 526/2517/2035 525/2452/2483 2759/2453/2484
f 2766/2519/2037 2760/2518/2036 2759/2453/2484 2765/2454/2485
f 2869/2520/2038 2766/2519/2037 2765/2454/2485 2868/2455/2486
f 2880/2521/2039 2869/2520/2038 2868/2455/2486 2879/2456/2487
f 2890/2522/2040 2880/2521/2039 2879/2456/2487 2889/2457/2488
f 2896/2523/2041 2890/2522/2040 2889/2457/2488 2895/2458/2489
f 2921/2524/2042 2896/2523/2041 2895/2458/2489 2920/2459/2490
f 2932/2525/2043 2921/2524/2042 2920/2459/2490 2931/2460/2491
f 2938/2526/2044 2932/2525/2043 2931/2460/2491 2937/2461/2492
f 2951/2527/2045 2938/2526/2044 2937/2461/2492 2950/2462/2493
f 2960/2528/2046 2951/2527/2045 2950/2462/2493 2959/2463/2494
f 2999/2529/2047 2960/2528/2046 2959/2463/2494 2998/2464/2495
f 3004/2530/2048 2999/2529/2047 2998/2464/2495 3003/2465/2496
f 3010/2531/2049 3004/2530/2048 3003/2465/2496 3009/2466/2497
f 3023/2532/2050 3010/2531/2049 3009/2466/2497 3022/2467/2498
f 3107/2533/2051 3023/2532/2050 3022/2467/2498 3106/2468/2499
f 4307/2534/1988 3107/2533/2051 3106/2468/2499 4306/2469/2437
f 4315/2535/2500 4309/2536/2501 4307/2471/2501 4314/2470/2500
f 4317/2537/2502 4315/2535/2500 4314/2470/2500 4083/2472/2502
f 4097/2538/2503 4317/2537/2502 4083/2472/2502 4094/2473/2503
f 4112/2539/2504 4097/2538/2503 4094/2473/2503 4103/2474/2504
f 4109/2540/2505 4112/2539/2504 4103/2474/2504 4107/2475/2505
f 4107/2475/2505 4165/2476/2506 4168/2541/2506 4109/2540/2505
f 4165/2476/2506 4173/2477/2507 4176/2542/2507 4168/2541/2506
f 4173/2477/2507 4139/2478/2508 4142/2543/2508 4176/2542/2507
f 4161/2544/2509 4142/2543/2508 4139/2478/2508 4158/2479/2509
f 4153/2545/2510 4161/2544/2509 4158/2479/2509 4150/2480/2510
f 4038/2546/2511 4153/2545/2510 4150/2480/2510 4036/2481/2511
f 4036/2481/2511 4029/2482/2512 4032/2547/2512 4038/2546/2511
f 4029/2482/2512 4018/2483/2513 4021/2548/2513 4032/2547/2512
f 4018/2483/2513 4009/2484/2514 4216/2549/2514 4021/2548/2513
f 4009/2484/2514 4213/2485/2515 4214/2550/2515 4216/2549/2514
f 4213/2485/2515 4206/2486/2516 4208/2551/2516 4214/2550/2515
f 4206/2486/2516 1923/2487/2517 1924/2552/2517 4208/2551/2516
f 1923/2487/2517 1839/2488/2518 1918/2553/2518 1924/2552/2517
f 1839/2488/2518 1826/2489/2519 1829/2554/2519 1918/2553/2518
f 1826/2489/2519 1819/2490/2520 1822/2555/2520 1829/2554/2519
f 1819/2490/2520 1814/2491/2521 1816/2556/2521 1822/2555/2520
f 1814/2491/2521 1776/2492/2522 1773/2557/2522 1816/2556/2521
f 1776/2492/2522 1767/2493/2523 1770/2558/2523 1773/2557/2522
f 1767/2493/2523 1757/2494/2524 1754/2559/2524 1770/2558/2523
f 1757/2494/2524 1748/2495/2525 1745/2560/2525 1754/2559/2524
f 1748/2495/2525 1737/2496/2526 1740/2561/2526 1745/2560/2525
f 1737/2496/2526 1711/2497/2527 1707/2562/2527 1740/2561/2526
f 1711/2497/2527 1705/2498/2528 1702/2563/2528 1707/2562/2527
f 1705/2498/2528 1696/2499/2529 1693/2564/2529 1702/2563/2528
f 1696/2499/2529 1685/2500/2530 1584/2565/2530 1693/2564/2529
f 1685/2500/2530 1582/2501/2531 1580/2566/2531 1584/2565/2530
f 1582/2501/2531 1576/2502/2532 1572/2567/2532 1580/2566/2531
f 1576/2502/2532 444/2503/2533 442/2568/2533 1572/2567/2532
f 444/2503/2533 658/2504/2534 438/2569/2534 442/2568/2533
f 658/2504/2534 645/2505/2535 642/2570/2535 438/2569/2534
f 645/2505/2535 639/2506/2536 630/2571/2536 642/2570/2535
f 639/2506/2536 636/2507/2537 632/2572/2537 630/2571/2536
f 562/2573/2538 632/2572/2537 636/2507/2537 565/2508/2538
f 556/2574/2539 562/2573/2538 565/2508/2538 559/2509/2539
f 586/2575/2540 556/2574/2539 559/2509/2539 589/2510/2540
f 589/2510/2540 574/2511/2541 571/2576/2541 586/2575/2540
f 574/2511/2541 580/2512/2542 577/2577/2542 571/2576/2541
f 580/2512/2542 699/2513/2543 695/2578/2543 577/2577/2542
f 702/2579/2544 695/2578/2543 699/2513/2543 705/2514/2544
f 710/2580/2545 702/2579/2544 705/2514/2544 713/2515/2545
f 520/2581/2546 710/2580/2545 713/2515/2545 724/2516/2546
f 524/2582/2547 520/2581/2546 724/2516/2546 526/2517/2547
f 2756/2583/2548 524/2582/2547 526/2517/2547 2760/2518/2548
f 2764/2584/2549 2756/2583/2548 2760/2518/2548 2766/2519/2549
f 2768/2585/2550 2764/2584/2549 2766/2519/2549 2869/2520/2550
f 2877/2586/2551 2768/2585/2550 2869/2520/2550 2880/2521/2551
f 2887/2587/2552 2877/2586/2551 2880/2521/2551 2890/2522/2552
f 2892/2588/2553 2887/2587/2552 2890/2522/2552 2896/2523/2553
f 2924/2589/2554 2892/2588/2553 2896/2523/2553 2921/2524/2554
f 2929/2590/2555 2924/2589/2554 2921/2524/2554 2932/2525/2555
f 2941/2591/2556 2929/2590/2555 2932/2525/2555 2938/2526/2556
f 2954/2592/2557 2941/2591/2556 2938/2526/2556 2951/2527/2557
f 2957/2593/2558 2954/2592/2557 2951/2527/2557 2960/2528/2558
f 3001/2594/2559 2957/2593/2558 2960/2528/2558 2999/2529/2559
f 3007/2595/2560 3001/2594/2559 2999/2529/2559 3004/2530/2560
f 3013/2596/2561 3007/2595/2560 3004/2530/2560 3010/2531/2561
f 3102/2597/2562 3013/2596/2561 3010/2531/2561 3023/2532/2562
f 3108/2598/2563 3102/2597/2562 3023/2532/2562 3107/2533/2563
f 4309/2599/2501 3108/2598/2563 3107/2533/2563 4307/2534/2501
f 4309/2536/2564 4315/2535/2565 4322/2600/2565 4318/2601/2564
f 4315/2535/2565 4317/2537/2566 4326/2602/2566 4322/2600/2565
f 4317/2537/2566 4097/2538/2567 4330/2603/2567 4326/2602/2566
f 4097/2538/2567 4112/2539/2568 4350/2604/2568 4330/2603/2567
f 4112/2539/2568 4109/2540/2569 4354/2605/2569 4350/2604/2568
f 4109/2540/2569 4168/2541/2570 4344/2606/2570 4354/2605/2569
f 4168/2541/2570 4176/2542/2571 4342/2607/2571 4344/2606/2570
f 4176/2542/2571 4142/2543/2572 4423/2608/2572 4342/2607/2571
f 4142/2543/2572 4161/2544/2573 4273/2609/2573 4423/2608/2572
f 4161/2544/2573 4153/2545/2574 4269/2610/2574 4273/2609/2573
f 4153/2545/2574 4038/2546/2575 4265/2611/2575 4269/2610/2574
f 4038/2546/2575 4032/2547/2576 4261/2612/2576 4265/2611/2575
f 4032/2547/2576 4021/2548/2577 4229/2613/2577 4261/2612/2576
f 4021/2548/2577 4216/2549/2578 4225/2614/2578 4229/2613/2577
f 4216/2549/2578 4214/2550/2579 4221/2615/2579 4225/2614/2578
f 4214/2550/2579 4208/2551/2580 4217/2616/2580 4221/2615/2579
f 4208/2551/2580 1924/2552/2581 1925/2617/2581 4217/2616/2580
f 1924/2552/2581 1918/2553/2582 1913/2618/2582 1925/2617/2581
f 1918/2553/2582 1829/2554/2583 1909/2619/2583 1913/2618/2582
f 1829/2554/2583 1822/2555/2584 1892/2620/2584 1909/2619/2583
f 1822/2555/2584 1816/2556/2585 1888/2621/2585 1892/2620/2584
f 1816/2556/2585 1773/2557/2586 1884/2622/2586 1888/2621/2585
f 1773/2557/2586 1770/2558/2587 1879/2623/2587 1884/2622/2586
f 1770/2558/2587 1754/2559/2588 1641/2624/2588 1879/2623/2587
f 1754/2559/2588 1745/2560/2589 1607/2625/2589 1641/2624/2588
f 1601/2626/2590 1607/2625/2589 1745/2560/2589 1740/2561/2590
f 1740/2561/2590 1707/2562/2591 1597/2627/2591 1601/2626/2590
f 1707/2562/2591 1702/2563/2592 1593/2628/2592 1597/2627/2591
f 1568/2629/2593 1593/2628/2592 1702/2563/2592 1693/2564/2593
f 1564/2630/2594 1568/2629/2593 1693/2564/2593 1584/2565/2594
f 1560/2631/2595 1564/2630/2594 1584/2565/2594 1580/2566/2595
f 1556/2632/2596 1560/2631/2595 1580/2566/2595 1572/2567/2596
f 434/2633/2597 1556/2632/2596 1572/2567/2596 442/2568/2597
f 430/2634/2598 434/2633/2597 442/2568/2597 438/2569/2598
f 426/2635/2599 430/2634/2598 438/2569/2598 642/2570/2599
f 414/2636/2600 426/2635/2599 642/2570/2599 630/2571/2600
f 410/2637/2601 414/2636/2600 630/2571/2600 632/2572/2601
f 420/2638/2602 410/2637/2601 632/2572/2601 562/2573/2602
f 423/2639/2603 420/2638/2602 562/2573/2602 556/2574/2603
f 370/2640/2604 423/2639/2603 556/2574/2603 586/2575/2604
f 479/2641/2605 370/2640/2604 586/2575/2604 571/2576/2605
f 482/2642/2606 479/2641/2605 571/2576/2605 577/2577/2606
f 486/2643/2607 482/2642/2606 577/2577/2606 695/2578/2607
f 490/2644/2608 486/2643/2607 695/2578/2607 702/2579/2608
f 508/2645/2609 490/2644/2608 702/2579/2608 710/2580/2609
f 512/2646/2610 508/2645/2609 710/2580/2609 520/2581/2610
f 516/2647/2611 512/2646/2610 520/2581/2610 524/2582/2611
f 2748/2648/2612 516/2647/2611 524/2582/2611 2756/2583/2612
f 2752/2649/2613 2748/2648/2612 2756/2583/2612 2764/2584/2613
f 2770/2650/2614 2752/2649/2613 2764/2584/2613 2768/2585/2614
f 2774/2651/2615 2770/2650/2614 2768/2585/2614 2877/2586/2615
f 2799/2652/2616 2774/2651/2615 2877/2586/2615 2887/2587/2616
f 2803/2653/2617 2799/2652/2616 2887/2587/2616 2892/2588/2617
f 2807/2654/2618 2803/2653/2617 2892/2588/2617 2924/2589/2618
f 2813/2655/2619 2807/2654/2618 2924/2589/2618 2929/2590/2619
f 3073/2656/2620 2813/2655/2619 2929/2590/2619 2941/2591/2620
f 3085/2657/2621 3073/2656/2620 2941/2591/2620 2954/2592/2621
f 2954/2592/2621 2957/2593/2622 3090/2658/2622 3085/2657/2621
f 3094/2659/2623 3090/2658/2622 2957/2593/2622 3001/2594/2623
f 3098/2660/2624 3094/2659/2623 3001/2594/2623 3007/2595/2624
f 3007/2595/2624 3013/2596/2625 3109/2661/2625 3098/2660/2624
f 3013/2596/2625 3102/2597/2626 3113/2662/2626 3109/2661/2625
f 3102/2597/2626 3108/2598/2627 3117/2663/2627 3113/2662/2626
f 3108/2598/2627 4309/2599/2564 4318/2664/2564 3117/2663/2627
f 4323/2665/2500 4319/2666/2501 4318/2601/2501 4322/2600/2500
f 4327/2667/2502 4323/2665/2500 4322/2600/2500 4326/2602/2502
f 4331/2668/2503 4327/2667/2502 4326/2602/2502 4330/2603/2503
f 4351/2669/2504 4331/2668/2503 4330/2603/2503 4350/2604/2504
f 4355/2670/2505 4351/2669/2504 4350/2604/2504 4354/2605/2505
f 4354/2605/2505 4344/2606/2506 4345/2671/2506 4355/2670/2505
f 4348/2672/2507 4345/2671/2506 4344/2606/2506 4342/2607/2507
f 4342/2607/2507 4423/2608/2508 4424/2673/2508 4348/2672/2507
f 4423/2608/2508 4273/2609/2509 4275/2674/2509 4424/2673/2508
f 4273/2609/2509 4269/2610/2510 4270/2675/2510 4275/2674/2509
f 4269/2610/2510 4265/2611/2511 4266/2676/2511 4270/2675/2510
f 4265/2611/2511 4261/2612/2628 4262/2677/2628 4266/2676/2511
f 4261/2612/2628 4229/2613/2513 4230/2678/2513 4262/2677/2628
f 4229/2613/2513 4225/2614/2514 4226/2679/2514 4230/2678/2513
f 4225/2614/2514 4221/2615/2515 4222/2680/2515 4226/2679/2514
f 4221/2615/2515 4217/2616/2516 4218/2681/2516 4222/2680/2515
f 4217/2616/2516 1925/2617/2517 1926/2682/2517 4218/2681/2516
f 1925/2617/2517 1913/2618/2518 1914/2683/2518 1926/2682/2517
f 1913/2618/2518 1909/2619/2519 1910/2684/2519 1914/2683/2518
f 1909/2619/2519 1892/2620/2629 1891/2685/2629 1910/2684/2519
f 1892/2620/2629 1888/2621/2521 1887/2686/2521 1891/2685/2629
f 1888/2621/2521 1884/2622/2522 1883/2687/2522 1887/2686/2521
f 1884/2622/2522 1879/2623/2523 1881/2688/2523 1883/2687/2522
f 1879/2623/2523 1641/2624/2524 1640/2689/2524 1881/2688/2523
f 1641/2624/2524 1607/2625/2525 1605/2690/2525 1640/2689/2524
f 1607/2625/2525 1601/2626/2526 1602/2691/2526 1605/2690/2525
f 1601/2626/2526 1597/2627/2527 1598/2692/2527 1602/2691/2526
f 1597/2627/2527 1593/2628/2630 1594/2693/2630 1598/2692/2527
f 1593/2628/2630 1568/2629/2529 1567/2694/2529 1594/2693/2630
f 1568/2629/2529 1564/2630/2530 1563/2695/2530 1567/2694/2529
f 1564/2630/2530 1560/2631/2531 1559/2696/2531 1563/2695/2530
f 1560/2631/2531 1556/2632/2532 1555/2697/2532 1559/2696/2531
f 1556/2632/2532 434/2633/2533 433/2698/2533 1555/2697/2532
f 434/2633/2533 430/2634/2534 429/2699/2534 433/2698/2533
f 430/2634/2534 426/2635/2535 425/2700/2535 429/2699/2534
f 426/2635/2535 414/2636/2536 413/2701/2536 425/2700/2535
f 414/2636/2536 410/2637/2537 409/2702/2537 413/2701/2536
f 419/2703/2538 409/2702/2537 410/2637/2537 420/2638/2538
f 420/2638/2538 423/2639/2539 417/2704/2539 419/2703/2538
f 369/2705/2540 417/2704/2539 423/2639/2539 370/2640/2540
f 477/2706/2541 369/2705/2540 370/2640/2540 479/2641/2541
f 481/2707/2542 477/2706/2541 479/2641/2541 482/2642/2542
f 485/2708/2543 481/2707/2542 482/2642/2542 486/2643/2543
f 489/2709/2631 485/2708/2543 486/2643/2543 490/2644/2631
f 507/2710/2545 489/2709/2631 490/2644/2631 508/2645/2545
f 511/2711/2546 507/2710/2545 508/2645/2545 512/2646/2546
f 515/2712/2547 511/2711/2546 512/2646/2546 516/2647/2547
f 2747/2713/2548 515/2712/2547 516/2647/2547 2748/2648/2548
f 2751/2714/2549 2747/2713/2548 2748/2648/2548 2752/2649/2549
f 2769/2715/2550 2751/2714/2549 2752/2649/2549 2770/2650/2550
f 2773/2716/2551 2769/2715/2550 2770/2650/2550 2774/2651/2551
f 2800/2717/2632 2773/2716/2551 2774/2651/2551 2799/2652/2632
f 2804/2718/2553 2800/2717/2632 2799/2652/2632 2803/2653/2553
f 2808/2719/2554 2804/2718/2553 2803/2653/2553 2807/2654/2554
f 2811/2720/2555 2808/2719/2554 2807/2654/2554 2813/2655/2555
f 3074/2721/2556 2811/2720/2555 2813/2655/2555 3073/2656/2556
f 3087/2722/2557 3074/2721/2556 3073/2656/2556 3085/2657/2557
f 3089/2723/2558 3087/2722/2557 3085/2657/2557 3090/2658/2558
f 3093/2724/2559 3089/2723/2558 3090/2658/2558 3094/2659/2559
f 3097/2725/2633 3093/2724/2559 3094/2659/2559 3098/2660/2633
f 3110/2726/2561 3097/2725/2633 3098/2660/2633 3109/2661/2561
f 3114/2727/2562 3110/2726/2561 3109/2661/2561 3113/2662/2562
f 3118/2728/2563 3114/2727/2562 3113/2662/2562 3117/2663/2563
f 4319/2729/2501 3118/2728/2563 3117/2663/2563 4318/2664/2501
f 4325/2730/1989 4321/2731/1988 4319/2666/1988 4323/2665/1989
f 4329/2732/1990 4325/2730/1989 4323/2665/1989 4327/2667/1990
f 4333/2733/1991 4329/2732/1990 4327/2667/1990 4331/2668/1991
f 4353/2734/1992 4333/2733/1991 4331/2668/1991 4351/2669/1992
f 4357/2735/1993 4353/2734/1992 4351/2669/1992 4355/2670/1993
f 4347/2736/1994 4357/2735/1993 4355/2670/1993 4345/2671/1994
f 4349/2737/1995 4347/2736/1994 4345/2671/1994 4348/2672/1995
f 4426/2738/1996 4349/2737/1995 4348/2672/1995 4424/2673/1996
f 4424/2673/1996 4275/2674/1997 4276/2739/1997 4426/2738/1996
f 4275/2674/1997 4270/2675/1998 4272/2740/1998 4276/2739/1997
f 4270/2675/1998 4266/2676/1999 4268/2741/1999 4272/2740/1998
f 4266/2676/1999 4262/2677/2000 4264/2742/2000 4268/2741/1999
f 4262/2677/2000 4230/2678/2001 4232/2743/2001 4264/2742/2000
f 4230/2678/2001 4226/2679/2002 4228/2744/2002 4232/2743/2001
f 4226/2679/2002 4222/2680/2003 4224/2745/2003 4228/2744/2002
f 4222/2680/2003 4218/2681/2004 4220/2746/2004 4224/2745/2003
f 4218/2681/2004 1926/2682/2005 1928/2747/2005 4220/2746/2004
f 1926/2682/2005 1914/2683/2006 1916/2748/2006 1928/2747/2005
f 1914/2683/2006 1910/2684/2007 1912/2749/2007 1916/2748/2006
f 1910/2684/2007 1891/2685/2008 1893/2750/2008 1912/2749/2007
f 1891/2685/2008 1887/2686/2009 1889/2751/2009 1893/2750/2008
f 1887/2686/2009 1883/2687/2010 1885/2752/2010 1889/2751/2009
f 1883/2687/2010 1881/2688/2011 1882/2753/2011 1885/2752/2010
f 1881/2688/2011 1640/2689/2012 1642/2754/2012 1882/2753/2011
f 1640/2689/2012 1605/2690/2013 1606/2755/2013 1642/2754/2012
f 1605/2690/2013 1602/2691/2014 1604/2756/2014 1606/2755/2013
f 1602/2691/2014 1598/2692/2015 1600/2757/2015 1604/2756/2014
f 1598/2692/2015 1594/2693/2016 1596/2758/2016 1600/2757/2015
f 1594/2693/2016 1567/2694/2017 1569/2759/2017 1596/2758/2016
f 1567/2694/2017 1563/2695/2018 1565/2760/2018 1569/2759/2017
f 1563/2695/2018 1559/2696/2019 1561/2761/2019 1565/2760/2018
f 1559/2696/2019 1555/2697/2020 1557/2762/2020 1561/2761/2019
f 1555/2697/2020 433/2698/2021 435/2763/2021 1557/2762/2020
f 433/2698/2021 429/2699/2022 431/2764/2022 435/2763/2021
f 429/2699/2022 425/2700/2023 427/2765/2023 431/2764/2022
f 425/2700/2023 413/2701/2024 415/2766/2024 427/2765/2023
f 413/2701/2024 409/2702/2025 411/2767/2025 415/2766/2024
f 409/2702/2025 419/2703/2026 421/2768/2026 411/2767/2025
f 419/2703/2026 417/2704/2027 418/2769/2027 421/2768/2026
f 417/2704/2027 369/2705/2028 371/2770/2028 418/2769/2027
f 478/2771/2029 371/2770/2028 369/2705/2028 477/2706/2029
f 483/2772/2030 478/2771/2029 477/2706/2029 481/2707/2030
f 487/2773/2031 483/2772/2030 481/2707/2030 485/2708/2031
f 491/2774/2032 487/2773/2031 485/2708/2031 489/2709/2032
f 509/2775/2033 491/2774/2032 489/2709/2032 507/2710/2033
f 513/2776/2034 509/2775/2033 507/2710/2033 511/2711/2034
f 517/2777/2035 513/2776/2034 511/2711/2034 515/2712/2035
f 2749/2778/2036 517/2777/2035 515/2712/2035 2747/2713/2036
f 2753/2779/2037 2749/2778/2036 2747/2713/2036 2751/2714/2037
f 2771/2780/2038 2753/2779/2037 2751/2714/2037 2769/2715/2038
f 2775/2781/2039 2771/2780/2038 2769/2715/2038 2773/2716/2039
f 2802/2782/2040 2775/2781/2039 2773/2716/2039 2800/2717/2040
f 2806/2783/2041 2802/2782/2040 2800/2717/2040 2804/2718/2041
f 2810/2784/2042 2806/2783/2041 2804/2718/2041 2808/2719/2042
f 2812/2785/2043 2810/2784/2042 2808/2719/2042 2811/2720/2043
f 3076/2786/2044 2812/2785/2043 2811/2720/2043 3074/2721/2044
f 3088/2787/2045 3076/2786/2044 3074/2721/2044 3087/2722/2045
f 3091/2788/2046 3088/2787/2045 3087/2722/2045 3089/2723/2046
f 3095/2789/2047 3091/2788/2046 3089/2723/2046 3093/2724/2047
f 3099/2790/2048 3095/2789/2047 3093/2724/2047 3097/2725/2048
f 3112/2791/2049 3099/2790/2048 3097/2725/2048 3110/2726/2049
f 3116/2792/2050 3112/2791/2049 3110/2726/2049 3114/2727/2050
f 3120/2793/2051 3116/2792/2050 3114/2727/2050 3118/2728/2051
f 4321/2794/1988 3120/2793/2051 3118/2728/2051 4319/2729/1988
f 4324/2795/2634 4320/2796/2635 4321/2731/2635 4325/2730/2634
f 4328/2797/2636 4324/2795/2634 4325/2730/2634 4329/2732/2636
f 4332/2798/2637 4328/2797/2636 4329/2732/2636 4333/2733/2637
f 4352/2799/2638 4332/2798/2637 4333/2733/2637 4353/2734/2638
f 4356/2800/2639 4352/2799/2638 4353/2734/2638 4357/2735/2639
f 4357/2735/2639 4347/2736/2640 4346/2801/2640 4356/2800/2639
f 4343/2802/2641 4346/2801/2640 4347/2736/2640 4349/2737/2641
f 4425/2803/2642 4343/2802/2641 4349/2737/2641 4426/2738/2642
f 4274/2804/2643 4425/2803/2642 4426/2738/2642 4276/2739/2643
f 4276/2739/2643 4272/2740/2644 4271/2805/2644 4274/2804/2643
f 4272/2740/2644 4268/2741/2645 4267/2806/2645 4271/2805/2644
f 4268/2741/2645 4264/2742/2646 4263/2807/2646 4267/2806/2645
f 4264/2742/2646 4232/2743/2647 4231/2808/2647 4263/2807/2646
f 4232/2743/2647 4228/2744/2648 4227/2809/2648 4231/2808/2647
f 4228/2744/2648 4224/2745/2649 4223/2810/2649 4227/2809/2648
f 4224/2745/2649 4220/2746/2650 4219/2811/2650 4223/2810/2649
f 4220/2746/2650 1928/2747/2651 1927/2812/2651 4219/2811/2650
f 1928/2747/2651 1916/2748/2652 1915/2813/2652 1927/2812/2651
f 1916/2748/2652 1912/2749/2653 1911/2814/2653 1915/2813/2652
f 1912/2749/2653 1893/2750/2654 1894/2815/2654 1911/2814/2653
f 1893/2750/2654 1889/2751/2655 1890/2816/2655 1894/2815/2654
f 1889/2751/2655 1885/2752/2656 1886/2817/2656 1890/2816/2655
f 1885/2752/2656 1882/2753/2657 1880/2818/2657 1886/2817/2656
f 1882/2753/2657 1642/2754/2658 1643/2819/2658 1880/2818/2657
f 1642/2754/2658 1606/2755/2659 1608/2820/2659 1643/2819/2658
f 1606/2755/2659 1604/2756/2660 1603/2821/2660 1608/2820/2659
f 1604/2756/2660 1600/2757/2661 1599/2822/2661 1603/2821/2660
f 1600/2757/2661 1596/2758/2662 1595/2823/2662 1599/2822/2661
f 1596/2758/2662 1569/2759/2663 1570/2824/2663 1595/2823/2662
f 1569/2759/2663 1565/2760/2664 1566/2825/2664 1570/2824/2663
f 1565/2760/2664 1561/2761/2665 1562/2826/2665 1566/2825/2664
f 1561/2761/2665 1557/2762/2666 1558/2827/2666 1562/2826/2665
f 1557/2762/2666 435/2763/2667 436/2828/2667 1558/2827/2666
f 435/2763/2667 431/2764/2668 432/2829/2668 436/2828/2667
f 431/2764/2668 427/2765/2669 428/2830/2669 432/2829/2668
f 427/2765/2669 415/2766/2670 416/2831/2670 428/2830/2669
f 415/2766/2670 411/2767/2671 412/2832/2671 416/2831/2670
f 422/2833/2672 412/2832/2671 411/2767/2671 421/2768/2672
f 421/2768/2672 418/2769/2673 424/2834/2673 422/2833/2672
f 418/2769/2673 371/2770/2674 372/2835/2674 424/2834/2673
f 371/2770/2674 478/2771/2675 480/2836/2675 372/2835/2674
f 484/2837/2676 480/2836/2675 478/2771/2675 483/2772/2676
f 488/2838/2677 484/2837/2676 483/2772/2676 487/2773/2677
f 492/2839/2678 488/2838/2677 487/2773/2677 491/2774/2678
f 510/2840/2679 492/2839/2678 491/2774/2678 509/2775/2679
f 514/2841/2680 510/2840/2679 509/2775/2679 513/2776/2680
f 518/2842/2681 514/2841/2680 513/2776/2680 517/2777/2681
f 2750/2843/2682 518/2842/2681 517/2777/2681 2749/2778/2682
f 2754/2844/2683 2750/2843/2682 2749/2778/2682 2753/2779/2683
f 2772/2845/2684 2754/2844/2683 2753/2779/2683 2771/2780/2684
f 2776/2846/2685 2772/2845/2684 2771/2780/2684 2775/2781/2685
f 2801/2847/2686 2776/2846/2685 2775/2781/2685 2802/2782/2686
f 2805/2848/2687 2801/2847/2686 2802/2782/2686 2806/2783/2687
f 2809/2849/2688 2805/2848/2687 2806/2783/2687 2810/2784/2688
f 2814/2850/2689 2809/2849/2688 2810/2784/2688 2812/2785/2689
f 3075/2851/2690 2814/2850/2689 2812/2785/2689 3076/2786/2690
f 3086/2852/2691 3075/2851/2690 3076/2786/2690 3088/2787/2691
f 3092/2853/2692 3086/2852/2691 3088/2787/2691 3091/2788/2692
f 3096/2854/2693 3092/2853/2692 3091/2788/2692 3095/2789/2693
f 3100/2855/2694 3096/2854/2693 3095/2789/2693 3099/2790/2694
f 3111/2856/2695 3100/2855/2694 3099/2790/2694 3112/2791/2695
f 3115/2857/2696 3111/2856/2695 3112/2791/2695 3116/2792/2696
f 3119/2858/2697 3115/2857/2696 3116/2792/2696 3120/2793/2697
f 4320/2859/2635 3119/2858/2697 3120/2793/2697 4321/2794/2635
f 4079/2860/2698 4078/2861/2699 4320/2796/2699 4324/2795/2698
f 4084/2862/2700 4079/2860/2698 4324/2795/2698 4328/2797/2700
f 4098/2863/2701 4084/2862/2700 4328/2797/2700 4332/2798/2701
f 4100/2864/2702 4098/2863/2701 4332/2798/2701 4352/2799/2702
f 4091/2865/2703 4100/2864/2702 4352/2799/2702 4356/2800/2703
f 4169/2866/2704 4091/2865/2703 4356/2800/2703 4346/2801/2704
f 4135/2867/2705 4169/2866/2704 4346/2801/2704 4343/2802/2705
f 4143/2868/2706 4135/2867/2705 4343/2802/2705 4425/2803/2706
f 4133/2869/2707 4143/2868/2706 4425/2803/2706 4274/2804/2707
f 4154/2870/2708 4133/2869/2707 4274/2804/2707 4271/2805/2708
f 4026/2871/2709 4154/2870/2708 4271/2805/2708 4267/2806/2709
f 4024/2872/2710 4026/2871/2709 4267/2806/2709 4263/2807/2710
f 4022/2873/2711 4024/2872/2710 4263/2807/2710 4231/2808/2711
f 4010/2874/2712 4022/2873/2711 4231/2808/2711 4227/2809/2712
f 4005/2875/2713 4010/2874/2712 4227/2809/2712 4223/2810/2713
f 4003/2876/2714 4005/2875/2713 4223/2810/2713 4219/2811/2714
f 1843/2877/2715 4003/2876/2714 4219/2811/2714 1927/2812/2715
f 1840/2878/2716 1843/2877/2715 1927/2812/2715 1915/2813/2716
f 1915/2813/2716 1911/2814/2717 1831/2879/2717 1840/2878/2716
f 1911/2814/2717 1894/2815/2718 1830/2880/2718 1831/2879/2717
f 1894/2815/2718 1890/2816/2719 1809/2881/2719 1830/2880/2718
f 1777/2882/2720 1809/2881/2719 1890/2816/2719 1886/2817/2720
f 1760/2883/2721 1777/2882/2720 1886/2817/2720 1880/2818/2721
f 1880/2818/2721 1643/2819/2722 1758/2884/2722 1760/2883/2721
f 1643/2819/2722 1608/2820/2723 1750/2885/2723 1758/2884/2722
f 1608/2820/2723 1603/2821/2724 1741/2886/2724 1750/2885/2723
f 1603/2821/2724 1599/2822/2725 1713/2887/2725 1741/2886/2724
f 1599/2822/2725 1595/2823/2726 1699/2888/2726 1713/2887/2725
f 1595/2823/2726 1570/2824/2727 1697/2889/2727 1699/2888/2726
f 1570/2824/2727 1566/2825/2728 1686/2890/2728 1697/2889/2727
f 1566/2825/2728 1562/2826/2729 1679/2891/2729 1686/2890/2728
f 1562/2826/2729 1558/2827/2730 1678/2892/2730 1679/2891/2729
f 1558/2827/2730 436/2828/2731 661/2893/2731 1678/2892/2730
f 436/2828/2731 432/2829/2732 659/2894/2732 661/2893/2731
f 432/2829/2732 428/2830/2733 647/2895/2733 659/2894/2732
f 428/2830/2733 416/2831/2734 646/2896/2734 647/2895/2733
f 416/2831/2734 412/2832/2735 649/2897/2735 646/2896/2734
f 412/2832/2735 422/2833/2736 566/2898/2736 649/2897/2735
f 422/2833/2736 424/2834/2737 592/2899/2737 566/2898/2736
f 424/2834/2737 372/2835/2738 590/2900/2738 592/2899/2737
f 372/2835/2738 480/2836/2739 594/2901/2739 590/2900/2738
f 480/2836/2739 484/2837/2740 581/2902/2740 594/2901/2739
f 484/2837/2740 488/2838/2741 706/2903/2741 581/2902/2740
f 488/2838/2741 492/2839/2742 714/2904/2742 706/2903/2741
f 492/2839/2742 510/2840/2743 715/2905/2743 714/2904/2742
f 510/2840/2743 514/2841/2744 725/2906/2744 715/2905/2743
f 514/2841/2744 518/2842/2745 727/2907/2745 725/2906/2744
f 518/2842/2745 2750/2843/2746 2862/2908/2746 727/2907/2745
f 2750/2843/2746 2754/2844/2747 2864/2909/2747 2862/2908/2746
f 2754/2844/2747 2772/2845/2748 2870/2910/2748 2864/2909/2747
f 2881/2911/2749 2870/2910/2748 2772/2845/2748 2776/2846/2749
f 2883/2912/2750 2881/2911/2749 2776/2846/2749 2801/2847/2750
f 2898/2913/2751 2883/2912/2750 2801/2847/2750 2805/2848/2751
f 2805/2848/2751 2809/2849/2752 2925/2914/2752 2898/2913/2751
f 2809/2849/2752 2814/2850/2753 2934/2915/2753 2925/2914/2752
f 2942/2916/2754 2934/2915/2753 2814/2850/2753 3075/2851/2754
f 2944/2917/2755 2942/2916/2754 3075/2851/2754 3086/2852/2755
f 2961/2918/2756 2944/2917/2755 3086/2852/2755 3092/2853/2756
f 2994/2919/2757 2961/2918/2756 3092/2853/2756 3096/2854/2757
f 3014/2920/2758 2994/2919/2757 3096/2854/2757 3100/2855/2758
f 3015/2921/2759 3014/2920/2758 3100/2855/2758 3111/2856/2759
f 3024/2922/2760 3015/2921/2759 3111/2856/2759 3115/2857/2760
f 3027/2923/2761 3024/2922/2760 3115/2857/2760 3119/2858/2761
f 4078/2924/2699 3027/2923/2761 3119/2858/2761 4320/2859/2699
f 4077/2925/2762 4076/2926/2763 4078/2861/2763 4079/2860/2762
f 4085/2927/2764 4077/2925/2762 4079/2860/2762 4084/2862/2764
f 4084/2862/2764 4098/2863/2765 4099/2928/2765 4085/2927/2764
f 4089/2929/2766 4099/2928/2765 4098/2863/2765 4100/2864/2766
f 4100/2864/2766 4091/2865/2767 4090/2930/2767 4089/2929/2766
f 4091/2865/2767 4169/2866/2768 4170/2931/2768 4090/2930/2767
f 4169/2866/2768 4135/2867/2769 4136/2932/2769 4170/2931/2768
f 4144/2933/2770 4136/2932/2769 4135/2867/2769 4143/2868/2770
f 4143/2868/2770 4133/2869/2771 4134/2934/2771 4144/2933/2770
f 4155/2935/2772 4134/2934/2771 4133/2869/2771 4154/2870/2772
f 4025/2936/2773 4155/2935/2772 4154/2870/2772 4026/2871/2773
f 4026/2871/2773 4024/2872/2774 4015/2937/2774 4025/2936/2773
f 4023/2938/2775 4015/2937/2774 4024/2872/2774 4022/2873/2775
f 4022/2873/2775 4010/2874/2776 4011/2939/2776 4023/2938/2775
f 4010/2874/2776 4005/2875/2777 4004/2940/2777 4011/2939/2776
f 4002/2941/2778 4004/2940/2777 4005/2875/2777 4003/2876/2778
f 1842/2942/2779 4002/2941/2778 4003/2876/2778 1843/2877/2779
f 1843/2877/2779 1840/2878/2780 1841/2943/2780 1842/2942/2779
f 1840/2878/2780 1831/2879/2781 1832/2944/2781 1841/2943/2780
f 1831/2879/2781 1830/2880/2782 1823/2945/2782 1832/2944/2781
f 1830/2880/2782 1809/2881/2783 1810/2946/2783 1823/2945/2782
f 1809/2881/2783 1777/2882/2784 1778/2947/2784 1810/2946/2783
f 1777/2882/2784 1760/2883/2785 1761/2948/2785 1778/2947/2784
f 1760/2883/2785 1758/2884/2786 1759/2949/2786 1761/2948/2785
f 1758/2884/2786 1750/2885/2787 1751/2950/2787 1759/2949/2786
f 1750/2885/2787 1741/2886/2788 1742/2951/2788 1751/2950/2787
f 1741/2886/2788 1713/2887/2789 1714/2952/2789 1742/2951/2788
f 1713/2887/2789 1699/2888/2790 1712/2953/2790 1714/2952/2789
f 1699/2888/2790 1697/2889/2791 1698/2954/2791 1712/2953/2790
f 1697/2889/2791 1686/2890/2792 1687/2955/2792 1698/2954/2791
f 1686/2890/2792 1679/2891/2793 1681/2956/2793 1687/2955/2792
f 1679/2891/2793 1678/2892/2794 1680/2957/2794 1681/2956/2793
f 1678/2892/2794 661/2893/2795 662/2958/2795 1680/2957/2794
f 661/2893/2795 659/2894/2796 660/2959/2796 662/2958/2795
f 659/2894/2796 647/2895/2797 648/2960/2797 660/2959/2796
f 647/2895/2797 646/2896/2798 651/2961/2798 648/2960/2797
f 646/2896/2798 649/2897/2799 650/2962/2799 651/2961/2798
f 649/2897/2799 566/2898/2800 567/2963/2800 650/2962/2799
f 593/2964/2801 567/2963/2800 566/2898/2800 592/2899/2801
f 592/2899/2801 590/2900/2802 591/2965/2802 593/2964/2801
f 595/2966/2803 591/2965/2802 590/2900/2802 594/2901/2803
f 594/2901/2803 581/2902/2804 582/2967/2804 595/2966/2803
f 581/2902/2804 706/2903/2805 707/2968/2805 582/2967/2804
f 706/2903/2805 714/2904/2806 717/2969/2806 707/2968/2805
f 714/2904/2806 715/2905/2807 716/2970/2807 717/2969/2806
f 715/2905/2807 725/2906/2808 726/2971/2808 716/2970/2807
f 728/2972/2809 726/2971/2808 725/2906/2808 727/2907/2809
f 727/2907/2809 2862/2908/2810 2863/2973/2810 728/2972/2809
f 2862/2908/2810 2864/2909/2811 2865/2974/2811 2863/2973/2810
f 2871/2975/2812 2865/2974/2811 2864/2909/2811 2870/2910/2812
f 2870/2910/2812 2881/2911/2813 2882/2976/2813 2871/2975/2812
f 2884/2977/2814 2882/2976/2813 2881/2911/2813 2883/2912/2814
f 2883/2912/2814 2898/2913/2815 2897/2978/2815 2884/2977/2814
f 2898/2913/2815 2925/2914/2816 2926/2979/2816 2897/2978/2815
f 2935/2980/2817 2926/2979/2816 2925/2914/2816 2934/2915/2817
f 2943/2981/2818 2935/2980/2817 2934/2915/2817 2942/2916/2818
f 2945/2982/2819 2943/2981/2818 2942/2916/2818 2944/2917/2819
f 2962/2983/2820 2945/2982/2819 2944/2917/2819 2961/2918/2820
f 2993/2984/2821 2962/2983/2820 2961/2918/2820 2994/2919/2821
f 2994/2919/2821 3014/2920/2822 2995/2985/2822 2993/2984/2821
f 3016/2986/2823 2995/2985/2822 3014/2920/2822 3015/2921/2823
f 3015/2921/2823 3024/2922/2824 3025/2987/2824 3016/2986/2823
f 3026/2988/2825 3025/2987/2824 3024/2922/2824 3027/2923/2825
f 4076/2989/2763 3026/2988/2825 3027/2923/2825 4078/2924/2763
f 4076/2926/2826 4077/2925/2827 4087/2990/2828 4086/2991/2829
f 4088/2992/2830 4087/2990/2828 4077/2925/2827 4085/2927/2831
f 4085/2927/2831 4099/2928/2832 4115/2993/2833 4088/2992/2830
f 4099/2928/2832 4089/2929/2834 4113/2994/2835 4115/2993/2833
f 4089/2929/2834 4090/2930/2836 4114/2995/2837 4113/2994/2835
f 4090/2930/2836 4170/2931/2838 4177/2996/2839 4114/2995/2837
f 4170/2931/2838 4136/2932/2840 4146/2997/2841 4177/2996/2839
f 4147/2998/2842 4146/2997/2841 4136/2932/2840 4144/2933/2843
f 4144/2933/2843 4134/2934/2844 4145/2999/2845 4147/2998/2842
f 4162/3000/2846 4145/2999/2845 4134/2934/2844 4155/2935/2847
f 4155/2935/2847 4025/2936/2848 4041/3001/2849 4162/3000/2846
f 4025/2936/2848 4015/2937/2850 4039/3002/2851 4041/3001/2849
f 4015/2937/2850 4023/2938/2852 4040/3003/2853 4039/3002/2851
f 4023/2938/2852 4011/2939/2854 4014/3004/2855 4040/3003/2853
f 4011/2939/2854 4004/2940/2856 4013/3005/2857 4014/3004/2855
f 4004/2940/2856 4002/2941/2858 4012/3006/2859 4013/3005/2857
f 4002/2941/2858 1842/2942/2860 1845/3007/2861 4012/3006/2859
f 1842/2942/2860 1841/2943/2862 1844/3008/2863 1845/3007/2861
f 1841/2943/2862 1832/2944/2864 1835/3009/2865 1844/3008/2863
f 1832/2944/2864 1823/2945/2866 1834/3010/2867 1835/3009/2865
f 1823/2945/2866 1810/2946/2868 1833/3011/2869 1834/3010/2867
f 1810/2946/2868 1778/2947/2870 1779/3012/2871 1833/3011/2869
f 1778/2947/2870 1761/2948/2872 1764/3013/2873 1779/3012/2871
f 1761/2948/2872 1759/2949/2874 1763/3014/2875 1764/3013/2873
f 1759/2949/2874 1751/2950/2876 1762/3015/2877 1763/3014/2875
f 1751/2950/2876 1742/2951/2878 1749/3016/2879 1762/3015/2877
f 1742/2951/2878 1714/2952/2880 1717/3017/2881 1749/3016/2879
f 1714/2952/2880 1712/2953/2882 1716/3018/2883 1717/3017/2881
f 1712/2953/2882 1698/2954/2884 1715/3019/2885 1716/3018/2883
f 1698/2954/2884 1687/2955/2886 1690/3020/2887 1715/3019/2885
f 1687/2955/2886 1681/2956/2888 1689/3021/2889 1690/3020/2887
f 1681/2956/2888 1680/2957/2890 1688/3022/2891 1689/3021/2889
f 1680/2957/2890 662/2958/2892 664/3023/2893 1688/3022/2891
f 662/2958/2892 660/2959/2894 663/3024/2895 664/3023/2893
f 660/2959/2894 648/2960/2896 652/3025/2897 663/3024/2895
f 654/3026/2898 652/3025/2897 648/2960/2896 651/2961/2899
f 651/2961/2899 650/2962/2900 653/3027/2901 654/3026/2898
f 650/2962/2900 567/2963/2902 568/3028/2903 653/3027/2901
f 597/3029/2904 568/3028/2903 567/2963/2902 593/2964/2905
f 593/2964/2905 591/2965/2906 596/3030/2907 597/3029/2904
f 598/3031/2908 596/3030/2907 591/2965/2906 595/2966/2909
f 595/2966/2909 582/2967/2910 583/3032/2911 598/3031/2908
f 582/2967/2910 707/2968/2912 718/3033/2913 583/3032/2911
f 707/2968/2912 717/2969/2914 720/3034/2915 718/3033/2913
f 719/3035/2916 720/3034/2915 717/2969/2914 716/2970/2917
f 716/2970/2917 726/2971/2918 729/3036/2919 719/3035/2916
f 730/3037/2920 729/3036/2919 726/2971/2918 728/2972/2921
f 728/2972/2921 2863/2973/2922 2872/3038/2923 730/3037/2920
f 2863/2973/2922 2865/2974/2924 2873/3039/2925 2872/3038/2923
f 2874/3040/2926 2873/3039/2925 2865/2974/2924 2871/2975/2927
f 2871/2975/2927 2882/2976/2928 2899/3041/2929 2874/3040/2926
f 2900/3042/2930 2899/3041/2929 2882/2976/2928 2884/2977/2931
f 2884/2977/2931 2897/2978/2932 2901/3043/2933 2900/3042/2930
f 2897/2978/2932 2926/2979/2934 2933/3044/2935 2901/3043/2933
f 2946/3045/2936 2933/3044/2935 2926/2979/2934 2935/2980/2937
f 2947/3046/2938 2946/3045/2936 2935/2980/2937 2943/2981/2939
f 2948/3047/2940 2947/3046/2938 2943/2981/2939 2945/2982/2941
f 2963/3048/2942 2948/3047/2940 2945/2982/2941 2962/2983/2943
f 2962/2983/2943 2993/2984/2944 3017/3049/2945 2963/3048/2942
f 2993/2984/2944 2995/2985/2946 3018/3050/2947 3017/3049/2945
f 3019/3051/2948 3018/3050/2947 2995/2985/2946 3016/2986/2949
f 3016/2986/2949 3025/2987/2950 3028/3052/2951 3019/3051/2948
f 3029/3053/2952 3028/3052/2951 3025/2987/2950 3026/2988/2953
f 3026/2988/2953 4076/2989/2826 4086/3054/2829 3029/3053/2952
f 4086/2991/2829 4087/2990/2828 4183/3055/2954 4392/3056/2955
f 4087/2990/2828 4088/2992/2830 4184/3057/2956 4183/3055/2954
f 4088/2992/2830 4115/2993/2833 4185/3058/2957 4184/3057/2956
f 4115/2993/2833 4113/2994/2835 4186/3059/2958 4185/3058/2957
f 4113/2994/2835 4114/2995/2837 4187/3060/2959 4186/3059/2958
f 4191/3061/2960 4187/3060/2959 4114/2995/2837 4177/2996/2839
f 4177/2996/2839 4146/2997/2841 4192/3062/2961 4191/3061/2960
f 4146/2997/2841 4147/2998/2842 4188/3063/2962 4192/3062/2961
f 4147/2998/2842 4145/2999/2845 4190/3064/2963 4188/3063/2962
f 4145/2999/2845 4162/3000/2846 4189/3065/2964 4190/3064/2963
f 4162/3000/2846 4041/3001/2849 4182/3066/2965 4189/3065/2964
f 4041/3001/2849 4039/3002/2851 4181/3067/2966 4182/3066/2965
f 4039/3002/2851 4040/3003/2853 4180/3068/2967 4181/3067/2966
f 4040/3003/2853 4014/3004/2855 4179/3069/2968 4180/3068/2967
f 4014/3004/2855 4013/3005/2857 4178/3070/2969 4179/3069/2968
f 4013/3005/2857 4012/3006/2859 4291/3071/2970 4178/3070/2969
f 4012/3006/2859 1845/3007/2861 1870/3072/2971 4291/3071/2970
f 1845/3007/2861 1844/3008/2863 1869/3073/2972 1870/3072/2971
f 1844/3008/2863 1835/3009/2865 1868/3074/2973 1869/3073/2972
f 1835/3009/2865 1834/3010/2867 1867/3075/2974 1868/3074/2973
f 1834/3010/2867 1833/3011/2869 1866/3076/2975 1867/3075/2974
f 1833/3011/2869 1779/3012/2871 1855/3077/2976 1866/3076/2975
f 1779/3012/2871 1764/3013/2873 1854/3078/2977 1855/3077/2976
f 1764/3013/2873 1763/3014/2875 1853/3079/2978 1854/3078/2977
f 1763/3014/2875 1762/3015/2877 1852/3080/2979 1853/3079/2978
f 1762/3015/2877 1749/3016/2879 1851/3081/2980 1852/3080/2979
f 1749/3016/2879 1717/3017/2881 1850/3082/2981 1851/3081/2980
f 1717/3017/2881 1716/3018/2883 1849/3083/2982 1850/3082/2981
f 1716/3018/2883 1715/3019/2885 1848/3084/2983 1849/3083/2982
f 1715/3019/2885 1690/3020/2887 1847/3085/2984 1848/3084/2983
f 1690/3020/2887 1689/3021/2889 1846/3086/2985 1847/3085/2984
f 1689/3021/2889 1688/3022/2891 1609/3087/2986 1846/3086/2985
f 1688/3022/2891 664/3023/2893 750/3088/2987 1609/3087/2986
f 664/3023/2893 663/3024/2895 749/3089/2988 750/3088/2987
f 663/3024/2895 652/3025/2897 748/3090/2989 749/3089/2988
f 652/3025/2897 654/3026/2898 747/3091/2990 748/3090/2989
f 746/3092/2991 747/3091/2990 654/3026/2898 653/3027/2901
f 653/3027/2901 568/3028/2903 732/3093/2992 746/3092/2991
f 568/3028/2903 597/3029/2904 731/3094/2993 732/3093/2992
f 597/3029/2904 596/3030/2907 735/3095/2994 731/3094/2993
f 596/3030/2907 598/3031/2908 733/3096/2995 735/3095/2994
f 598/3031/2908 583/3032/2911 734/3097/2996 733/3096/2995
f 751/3098/2997 734/3097/2996 583/3032/2911 718/3033/2913
f 718/3033/2913 720/3034/2915 752/3099/2998 751/3098/2997
f 720/3034/2915 719/3035/2916 753/3100/2999 752/3099/2998
f 754/3101/3000 753/3100/2999 719/3035/2916 729/3036/2919
f 755/3102/3001 754/3101/3000 729/3036/2919 730/3037/2920
f 730/3037/2920 2872/3038/2923 2815/3103/3002 755/3102/3001
f 2872/3038/2923 2873/3039/2925 3030/3104/3003 2815/3103/3002
f 2873/3039/2925 2874/3040/2926 3031/3105/3004 3030/3104/3003
f 2874/3040/2926 2899/3041/2929 3032/3106/3005 3031/3105/3004
f 2899/3041/2929 2900/3042/2930 3033/3107/3006 3032/3106/3005
f 3034/3108/3007 3033/3107/3006 2900/3042/2930 2901/3043/2933
f 3035/3109/3008 3034/3108/3007 2901/3043/2933 2933/3044/2935
f 2933/3044/2935 2946/3045/2936 3036/3110/3009 3035/3109/3008
f 2946/3045/2936 2947/3046/2938 3037/3111/3010 3036/3110/3009
f 2947/3046/2938 2948/3047/2940 3038/3112/3011 3037/3111/3010
f 2948/3047/2940 2963/3048/2942 3039/3113/3012 3038/3112/3011
f 3050/3114/3013 3039/3113/3012 2963/3048/2942 3017/3049/2945
f 3017/3049/2945 3018/3050/2947 3051/3115/3014 3050/3114/3013
f 3018/3050/2947 3019/3051/2948 3052/3116/3015 3051/3115/3014
f 3053/3117/3016 3052/3116/3015 3019/3051/2948 3028/3052/2951
f 3054/3118/3017 3053/3117/3016 3028/3052/2951 3029/3053/2952
f 3029/3053/2952 4086/3054/2829 4392/3119/2955 3054/3118/3017
f 4394/3120/3018 4393/3121/3019 4392/3056/2955 4183/3055/2954
f 4183/3055/2954 4184/3057/2956 4395/3122/3020 4394/3120/3018
f 4184/3057/2956 4185/3058/2957 4399/3123/3021 4395/3122/3020
f 4185/3058/2957 4186/3059/2958 4400/3124/3022 4399/3123/3021
f 4186/3059/2958 4187/3060/2959 4198/3125/3023 4400/3124/3022
f 4187/3060/2959 4191/3061/2960 4197/3126/3024 4198/3125/3023
f 4196/3127/3025 4197/3126/3024 4191/3061/2960 4192/3062/2961
f 4192/3062/2961 4188/3063/2962 4199/3128/3026 4196/3127/3025
f 4188/3063/2962 4190/3064/2963 4195/3129/3027 4199/3128/3026
f 4190/3064/2963 4189/3065/2964 4194/3130/3028 4195/3129/3027
f 4189/3065/2964 4182/3066/2965 4193/3131/3029 4194/3130/3028
f 4182/3066/2965 4181/3067/2966 4299/3132/3030 4193/3131/3029
f 4181/3067/2966 4180/3068/2967 4298/3133/3031 4299/3132/3030
f 4180/3068/2967 4179/3069/2968 4294/3134/3032 4298/3133/3031
f 4179/3069/2968 4178/3070/2969 4293/3135/3033 4294/3134/3032
f 4178/3070/2969 4291/3071/2970 4292/3136/3034 4293/3135/3033
f 4291/3071/2970 1870/3072/2971 1950/3137/3035 4292/3136/3034
f 1870/3072/2971 1869/3073/2972 1949/3138/3036 1950/3137/3035
f 1869/3073/2972 1868/3074/2973 1946/3139/3037 1949/3138/3036
f 1868/3074/2973 1867/3075/2974 1945/3140/3038 1946/3139/3037
f 1867/3075/2974 1866/3076/2975 1865/3141/3039 1945/3140/3038
f 1866/3076/2975 1855/3077/2976 1864/3142/3040 1865/3141/3039
f 1855/3077/2976 1854/3078/2977 1863/3143/3041 1864/3142/3040
f 1854/3078/2977 1853/3079/2978 1859/3144/3042 1863/3143/3041
f 1853/3079/2978 1852/3080/2979 1858/3145/3043 1859/3144/3042
f 1852/3080/2979 1851/3081/2980 1857/3146/3044 1858/3145/3043
f 1851/3081/2980 1850/3082/2981 1856/3147/3045 1857/3146/3044
f 1850/3082/2981 1849/3083/2982 1617/3148/3046 1856/3147/3045
f 1849/3083/2982 1848/3084/2983 1616/3149/3047 1617/3148/3046
f 1848/3084/2983 1847/3085/2984 1612/3150/3048 1616/3149/3047
f 1847/3085/2984 1846/3086/2985 1611/3151/3049 1612/3150/3048
f 1846/3086/2985 1609/3087/2986 1610/3152/3050 1611/3151/3049
f 1609/3087/2986 750/3088/2987 452/3153/3051 1610/3152/3050
f 750/3088/2987 749/3089/2988 451/3154/3052 452/3153/3051
f 448/3155/3053 451/3154/3052 749/3089/2988 748/3090/2989
f 447/3156/3054 448/3155/3053 748/3090/2989 747/3091/2990
f 740/3157/3055 447/3156/3054 747/3091/2990 746/3092/2991
f 741/3158/3056 740/3157/3055 746/3092/2991 732/3093/2992
f 732/3093/2992 731/3094/2993 742/3159/3057 741/3158/3056
f 731/3094/2993 735/3095/2994 736/3160/3058 742/3159/3057
f 743/3161/3059 736/3160/3058 735/3095/2994 733/3096/2995
f 744/3162/3060 743/3161/3059 733/3096/2995 734/3097/2996
f 734/3097/2996 751/3098/2997 745/3163/3061 744/3162/3060
f 529/3164/3062 745/3163/3061 751/3098/2997 752/3099/2998
f 752/3099/2998 753/3100/2999 530/3165/3063 529/3164/3062
f 533/3166/3064 530/3165/3063 753/3100/2999 754/3101/3000
f 754/3101/3000 755/3102/3001 534/3167/3065 533/3166/3064
f 2816/3168/3066 534/3167/3065 755/3102/3001 2815/3103/3002
f 2817/3169/3067 2816/3168/3066 2815/3103/3002 3030/3104/3003
f 3030/3104/3003 3031/3105/3004 2818/3170/3068 2817/3169/3067
f 2822/3171/3069 2818/3170/3068 3031/3105/3004 3032/3106/3005
f 2823/3172/3070 2822/3171/3069 3032/3106/3005 3033/3107/3006
f 3040/3173/3071 2823/3172/3070 3033/3107/3006 3034/3108/3007
f 3041/3174/3072 3040/3173/3071 3034/3108/3007 3035/3109/3008
f 3042/3175/3073 3041/3174/3072 3035/3109/3008 3036/3110/3009
f 3036/3110/3009 3037/3111/3010 3043/3176/3074 3042/3175/3073
f 3047/3177/3075 3043/3176/3074 3037/3111/3010 3038/3112/3011
f 3048/3178/3076 3047/3177/3075 3038/3112/3011 3039/3113/3012
f 3039/3113/3012 3050/3114/3013 3049/3179/3077 3048/3178/3076
f 3151/3180/3078 3049/3179/3077 3050/3114/3013 3051/3115/3014
f 3051/3115/3014 3052/3116/3015 3152/3181/3079 3151/3180/3078
f 3155/3182/3080 3152/3181/3079 3052/3116/3015 3053/3117/3016
f 3053/3117/3016 3054/3118/3017 3156/3183/3081 3155/3182/3080
f 4393/3184/3019 3156/3183/3081 3054/3118/3017 4392/3119/2955
f 4393/3121/3019 4394/3120/3018 4397/3185/3082 4396/3186/3083
f 4394/3120/3018 4395/3122/3020 4398/3187/3084 4397/3185/3082
f 4395/3122/3020 4399/3123/3021 4402/3188/3085 4398/3187/3084
f 4399/3123/3021 4400/3124/3022 4401/3189/3086 4402/3188/3085
f 4403/3190/3087 4401/3189/3086 4400/3124/3022 4198/3125/3023
f 4198/3125/3023 4197/3126/3024 4404/3191/3088 4403/3190/3087
f 4197/3126/3024 4196/3127/3025 4202/3192/3089 4404/3191/3088
f 4196/3127/3025 4199/3128/3026 4200/3193/3090 4202/3192/3089
f 4199/3128/3026 4195/3129/3027 4201/3194/3091 4200/3193/3090
f 4195/3129/3027 4194/3130/3028 4303/3195/3092 4201/3194/3091
f 4194/3130/3028 4193/3131/3029 4302/3196/3093 4303/3195/3092
f 4193/3131/3029 4299/3132/3030 4301/3197/3094 4302/3196/3093
f 4299/3132/3030 4298/3133/3031 4300/3198/3095 4301/3197/3094
f 4298/3133/3031 4294/3134/3032 4297/3199/3096 4300/3198/3095
f 4294/3134/3032 4293/3135/3033 4296/3200/3097 4297/3199/3096
f 4293/3135/3033 4292/3136/3034 4295/3201/3098 4296/3200/3097
f 4292/3136/3034 1950/3137/3035 1952/3202/3099 4295/3201/3098
f 1950/3137/3035 1949/3138/3036 1951/3203/3100 1952/3202/3099
f 1949/3138/3036 1946/3139/3037 1948/3204/3101 1951/3203/3100
f 1946/3139/3037 1945/3140/3038 1947/3205/3102 1948/3204/3101
f 1945/3140/3038 1865/3141/3039 1944/3206/3103 1947/3205/3102
f 1865/3141/3039 1864/3142/3040 1943/3207/3104 1944/3206/3103
f 1864/3142/3040 1863/3143/3041 1862/3208/3105 1943/3207/3104
f 1863/3143/3041 1859/3144/3042 1861/3209/3106 1862/3208/3105
f 1859/3144/3042 1858/3145/3043 1860/3210/3107 1861/3209/3106
f 1858/3145/3043 1857/3146/3044 1621/3211/3108 1860/3210/3107
f 1857/3146/3044 1856/3147/3045 1620/3212/3109 1621/3211/3108
f 1856/3147/3045 1617/3148/3046 1619/3213/3110 1620/3212/3109
f 1617/3148/3046 1616/3149/3047 1618/3214/3111 1619/3213/3110
f 1616/3149/3047 1612/3150/3048 1615/3215/3112 1618/3214/3111
f 1612/3150/3048 1611/3151/3049 1614/3216/3113 1615/3215/3112
f 1611/3151/3049 1610/3152/3050 1613/3217/3114 1614/3216/3113
f 1610/3152/3050 452/3153/3051 454/3218/3115 1613/3217/3114
f 452/3153/3051 451/3154/3052 453/3219/3116 454/3218/3115
f 451/3154/3052 448/3155/3053 449/3220/3117 453/3219/3116
f 448/3155/3053 447/3156/3054 450/3221/3118 449/3220/3117
f 447/3156/3054 740/3157/3055 446/3222/3119 450/3221/3118
f 445/3223/3120 446/3222/3119 740/3157/3055 741/3158/3056
f 741/3158/3056 742/3159/3057 737/3224/3121 445/3223/3120
f 742/3159/3057 736/3160/3058 739/3225/3122 737/3224/3121
f 738/3226/3123 739/3225/3122 736/3160/3058 743/3161/3059
f 743/3161/3059 744/3162/3060 527/3227/3124 738/3226/3123
f 744/3162/3060 745/3163/3061 528/3228/3125 527/3227/3124
f 531/3229/3126 528/3228/3125 745/3163/3061 529/3164/3062
f 529/3164/3062 530/3165/3063 532/3230/3127 531/3229/3126
f 530/3165/3063 533/3166/3064 535/3231/3128 532/3230/3127
f 533/3166/3064 534/3167/3065 536/3232/3129 535/3231/3128
f 534/3167/3065 2816/3168/3066 2819/3233/3130 536/3232/3129
f 2816/3168/3066 2817/3169/3067 2820/3234/3131 2819/3233/3130
f 2817/3169/3067 2818/3170/3068 2821/3235/3132 2820/3234/3131
f 2818/3170/3068 2822/3171/3069 2824/3236/3133 2821/3235/3132
f 2822/3171/3069 2823/3172/3070 2825/3237/3134 2824/3236/3133
f 2826/3238/3135 2825/3237/3134 2823/3172/3070 3040/3173/3071
f 2827/3239/3136 2826/3238/3135 3040/3173/3071 3041/3174/3072
f 3041/3174/3072 3042/3175/3073 3044/3240/3137 2827/3239/3136
f 3042/3175/3073 3043/3176/3074 3045/3241/3138 3044/3240/3137
f 3046/3242/3139 3045/3241/3138 3043/3176/3074 3047/3177/3075
f 3047/3177/3075 3048/3178/3076 3149/3243/3140 3046/3242/3139
f 3048/3178/3076 3049/3179/3077 3150/3244/3141 3149/3243/3140
f 3153/3245/3142 3150/3244/3141 3049/3179/3077 3151/3180/3078
f 3151/3180/3078 3152/3181/3079 3154/3246/3143 3153/3245/3142
f 3152/3181/3079 3155/3182/3080 3157/3247/3144 3154/3246/3143
f 3155/3182/3080 3156/3183/3081 3158/3248/3145 3157/3247/3144
f 3156/3183/3081 4393/3184/3019 4396/3249/3083 3158/3248/3145
f 4396/3186/3083 4397/3185/3082 4758/3250/3146 4757/3251/3147
f 4397/3185/3082 4398/3187/3084 4759/3252/3148 4758/3250/3146
f 4398/3187/3084 4402/3188/3085 4760/3253/3149 4759/3252/3148
f 4402/3188/3085 4401/3189/3086 4776/3254/3150 4760/3253/3149
f 4401/3189/3086 4403/3190/3087 4773/3255/3151 4776/3254/3150
f 4403/3190/3087 4404/3191/3088 4775/3256/3152 4773/3255/3151
f 4404/3191/3088 4202/3192/3089 4774/3257/3153 4775/3256/3152
f 4202/3192/3089 4200/3193/3090 4460/3258/3154 4774/3257/3153
f 4200/3193/3090 4201/3194/3091 4703/3259/3155 4460/3258/3154
f 4201/3194/3091 4303/3195/3092 4702/3260/3156 4703/3259/3155
f 4303/3195/3092 4302/3196/3093 4700/3261/3157 4702/3260/3156
f 4302/3196/3093 4301/3197/3094 4701/3262/3158 4700/3261/3157
f 4301/3197/3094 4300/3198/3095 4677/3263/3159 4701/3262/3158
f 4300/3198/3095 4297/3199/3096 4676/3264/3160 4677/3263/3159
f 4297/3199/3096 4296/3200/3097 4675/3265/3161 4676/3264/3160
f 4296/3200/3097 4295/3201/3098 4674/3266/3162 4675/3265/3161
f 4295/3201/3098 1952/3202/3099 2343/3267/3163 4674/3266/3162
f 1952/3202/3099 1951/3203/3100 2342/3268/3164 2343/3267/3163
f 1951/3203/3100 1948/3204/3101 2341/3269/3165 2342/3268/3164
f 1948/3204/3101 1947/3205/3102 2314/3270/3166 2341/3269/3165
f 1947/3205/3102 1944/3206/3103 2313/3271/3167 2314/3270/3166
f 1944/3206/3103 1943/3207/3104 2312/3272/3168 2313/3271/3167
f 1943/3207/3104 1862/3208/3105 2311/3273/3169 2312/3272/3168
f 2093/3274/3170 2311/3273/3169 1862/3208/3105 1861/3209/3106
f 1861/3209/3106 1860/3210/3107 1996/3275/3171 2093/3274/3170
f 1860/3210/3107 1621/3211/3108 1995/3276/3172 1996/3275/3171
f 1994/3277/3173 1995/3276/3172 1621/3211/3108 1620/3212/3109
f 1620/3212/3109 1619/3213/3110 1993/3278/3174 1994/3277/3173
f 1619/3213/3110 1618/3214/3111 1980/3279/3175 1993/3278/3174
f 1979/3280/3176 1980/3279/3175 1618/3214/3111 1615/3215/3112
f 1615/3215/3112 1614/3216/3113 1978/3281/3177 1979/3280/3176
f 1614/3216/3113 1613/3217/3114 1977/3282/3178 1978/3281/3177
f 1613/3217/3114 454/3218/3115 838/3283/3179 1977/3282/3178
f 454/3218/3115 453/3219/3116 837/3284/3180 838/3283/3179
f 836/3285/3181 837/3284/3180 453/3219/3116 449/3220/3117
f 820/3286/3182 836/3285/3181 449/3220/3117 450/3221/3118
f 450/3221/3118 446/3222/3119 823/3287/3183 820/3286/3182
f 821/3288/3184 823/3287/3183 446/3222/3119 445/3223/3120
f 445/3223/3120 737/3224/3121 822/3289/3185 821/3288/3184
f 947/3290/3186 822/3289/3185 737/3224/3121 739/3225/3122
f 887/3291/3187 947/3290/3186 739/3225/3122 738/3226/3123
f 888/3292/3188 887/3291/3187 738/3226/3123 527/3227/3124
f 890/3293/3189 888/3292/3188 527/3227/3124 528/3228/3125
f 528/3228/3125 531/3229/3126 889/3294/3190 890/3293/3189
f 531/3229/3126 532/3230/3127 910/3295/3191 889/3294/3190
f 911/3296/3192 910/3295/3191 532/3230/3127 535/3231/3128
f 535/3231/3128 536/3232/3129 912/3297/3193 911/3296/3192
f 536/3232/3129 2819/3233/3130 3169/3298/3194 912/3297/3193
f 2819/3233/3130 2820/3234/3131 3170/3299/3195 3169/3298/3194
f 2820/3234/3131 2821/3235/3132 3171/3300/3196 3170/3299/3195
f 3172/3301/3197 3171/3300/3196 2821/3235/3132 2824/3236/3133
f 3199/3302/3198 3172/3301/3197 2824/3236/3133 2825/3237/3134
f 2825/3237/3134 2826/3238/3135 3200/3303/3199 3199/3302/3198
f 3201/3304/3200 3200/3303/3199 2826/3238/3135 2827/3239/3136
f 2827/3239/3136 3044/3240/3137 3202/3305/3201 3201/3304/3200
f 3044/3240/3137 3045/3241/3138 3261/3306/3202 3202/3305/3201
f 3517/3307/3203 3261/3306/3202 3045/3241/3138 3046/3242/3139
f 3518/3308/3204 3517/3307/3203 3046/3242/3139 3149/3243/3140
f 3149/3243/3140 3150/3244/3141 3519/3309/3205 3518/3308/3204
f 3150/3244/3141 3153/3245/3142 3520/3310/3206 3519/3309/3205
f 3153/3245/3142 3154/3246/3143 3533/3311/3207 3520/3310/3206
f 3154/3246/3143 3157/3247/3144 3534/3312/3208 3533/3311/3207
f 3157/3247/3144 3158/3248/3145 3535/3313/3209 3534/3312/3208
f 3158/3248/3145 4396/3249/3083 4757/3314/3147 3535/3313/3209
f 4757/3251/3147 4758/3250/3146 4790/3315/3210 4789/3316/3211
f 4758/3250/3146 4759/3252/3148 4791/3317/3212 4790/3315/3210
f 4792/3318/3213 4791/3317/3212 4759/3252/3148 4760/3253/3149
f 4780/3319/3214 4792/3318/3213 4760/3253/3149 4776/3254/3150
f 4776/3254/3150 4773/3255/3151 4788/3320/3215 4780/3319/3214
f 4773/3255/3151 4775/3256/3152 4787/3321/3216 4788/3320/3215
f 4775/3256/3152 4774/3257/3153 4841/3322/3217 4787/3321/3216
f 4774/3257/3153 4460/3258/3154 4842/3323/3218 4841/3322/3217
f 4460/3258/3154 4703/3259/3155 4840/3324/3219 4842/3323/3218
f 4703/3259/3155 4702/3260/3156 4715/3325/3220 4840/3324/3219
f 4702/3260/3156 4700/3261/3157 4714/3326/3221 4715/3325/3220
f 4700/3261/3157 4701/3262/3158 4705/3327/3222 4714/3326/3221
f 4701/3262/3158 4677/3263/3159 4697/3328/3223 4705/3327/3222
f 4677/3263/3159 4676/3264/3160 4696/3329/3224 4697/3328/3223
f 4676/3264/3160 4675/3265/3161 4691/3330/3225 4696/3329/3224
f 4675/3265/3161 4674/3266/3162 4690/3331/3226 4691/3330/3225
f 4674/3266/3162 2343/3267/3163 2358/3332/3227 4690/3331/3226
f 2343/3267/3163 2342/3268/3164 2355/3333/3228 2358/3332/3227
f 2342/3268/3164 2341/3269/3165 2354/3334/3229 2355/3333/3228
f 2341/3269/3165 2314/3270/3166 2320/3335/3230 2354/3334/3229
f 2314/3270/3166 2313/3271/3167 2318/3336/3231 2320/3335/3230
f 2313/3271/3167 2312/3272/3168 2317/3337/3232 2318/3336/3231
f 2312/3272/3168 2311/3273/3169 2044/3338/3233 2317/3337/3232
f 2043/3339/3234 2044/3338/3233 2311/3273/3169 2093/3274/3170
f 2093/3274/3170 1996/3275/3171 2042/3340/3235 2043/3339/3234
f 1996/3275/3171 1995/3276/3172 2005/3341/3236 2042/3340/3235
f 1995/3276/3172 1994/3277/3173 2004/3342/3237 2005/3341/3236
f 1994/3277/3173 1993/3278/3174 1997/3343/3238 2004/3342/3237
f 1993/3278/3174 1980/3279/3175 1962/3344/3239 1997/3343/3238
f 1980/3279/3175 1979/3280/3176 1961/3345/3240 1962/3344/3239
f 1960/3346/3241 1961/3345/3240 1979/3280/3176 1978/3281/3177
f 1959/3347/3242 1960/3346/3241 1978/3281/3177 1977/3282/3178
f 819/3348/3243 1959/3347/3242 1977/3282/3178 838/3283/3179
f 818/3349/3244 819/3348/3243 838/3283/3179 837/3284/3180
f 837/3284/3180 836/3285/3181 817/3350/3245 818/3349/3244
f 836/3285/3181 820/3286/3182 826/3351/3246 817/3350/3245
f 824/3352/3247 826/3351/3246 820/3286/3182 823/3287/3183
f 825/3353/3248 824/3352/3247 823/3287/3183 821/3288/3184
f 821/3288/3184 822/3289/3185 767/3354/3249 825/3353/3248
f 766/3355/3250 767/3354/3249 822/3289/3185 947/3290/3186
f 768/3356/3251 766/3355/3250 947/3290/3186 887/3291/3187
f 891/3357/3252 768/3356/3251 887/3291/3187 888/3292/3188
f 892/3358/3253 891/3357/3252 888/3292/3188 890/3293/3189
f 895/3359/3254 892/3358/3253 890/3293/3189 889/3294/3190
f 905/3360/3255 895/3359/3254 889/3294/3190 910/3295/3191
f 906/3361/3256 905/3360/3255 910/3295/3191 911/3296/3192
f 909/3362/3257 906/3361/3256 911/3296/3192 912/3297/3193
f 3163/3363/3258 909/3362/3257 912/3297/3193 3169/3298/3194
f 3164/3364/3259 3163/3363/3258 3169/3298/3194 3170/3299/3195
f 3167/3365/3260 3164/3364/3259 3170/3299/3195 3171/3300/3196
f 3168/3366/3261 3167/3365/3260 3171/3300/3196 3172/3301/3197
f 3203/3367/3262 3168/3366/3261 3172/3301/3197 3199/3302/3198
f 3211/3368/3263 3203/3367/3262 3199/3302/3198 3200/3303/3199
f 3212/3369/3264 3211/3368/3263 3200/3303/3199 3201/3304/3200
f 3201/3304/3200 3202/3305/3201 3478/3370/3265 3212/3369/3264
f 3202/3305/3201 3261/3306/3202 3479/3371/3266 3478/3370/3265
f 3480/3372/3267 3479/3371/3266 3261/3306/3202 3517/3307/3203
f 3524/3373/3268 3480/3372/3267 3517/3307/3203 3518/3308/3204
f 3525/3374/3269 3524/3373/3268 3518/3308/3204 3519/3309/3205
f 3526/3375/3270 3525/3374/3269 3519/3309/3205 3520/3310/3206
f 3560/3376/3271 3526/3375/3270 3520/3310/3206 3533/3311/3207
f 3561/3377/3272 3560/3376/3271 3533/3311/3207 3534/3312/3208
f 3534/3312/3208 3535/3313/3209 3562/3378/3273 3561/3377/3272
f 3535/3313/3209 4757/3314/3147 4789/3379/3211 3562/3378/3273
f 4789/3316/3211 4790/3315/3210 4794/3380/3274 4793/3381/3275
f 4790/3315/3210 4791/3317/3212 4797/3382/3276 4794/3380/3274
f 4791/3317/3212 4792/3318/3213 4801/3383/3277 4797/3382/3276
f 4792/3318/3213 4780/3319/3214 4799/3384/3278 4801/3383/3277
f 4780/3319/3214 4788/3320/3215 4800/3385/3279 4799/3384/3278
f 4788/3320/3215 4787/3321/3216 4851/3386/3280 4800/3385/3279
f 4787/3321/3216 4841/3322/3217 4845/3387/3281 4851/3386/3280
f 4841/3322/3217 4842/3323/3218 4846/3388/3282 4845/3387/3281
f 4842/3323/3218 4840/3324/3219 4844/3389/3283 4846/3388/3282
f 4840/3324/3219 4715/3325/3220 4848/3390/3284 4844/3389/3283
f 4715/3325/3220 4714/3326/3221 4722/3391/3285 4848/3390/3284
f 4714/3326/3221 4705/3327/3222 4716/3392/3286 4722/3391/3285
f 4705/3327/3222 4697/3328/3223 4717/3393/3287 4716/3392/3286
f 4697/3328/3223 4696/3329/3224 4698/3394/3288 4717/3393/3287
f 4696/3329/3224 4691/3330/3225 4694/3395/3289 4698/3394/3288
f 4691/3330/3225 4690/3331/3226 4692/3396/3290 4694/3395/3289
f 4690/3331/3226 2358/3332/3227 2359/3397/3291 4692/3396/3290
f 2358/3332/3227 2355/3333/3228 2357/3398/3292 2359/3397/3291
f 2355/3333/3228 2354/3334/3229 2337/3399/3293 2357/3398/3292
f 2354/3334/3229 2320/3335/3230 2335/3400/3294 2337/3399/3293
f 2320/3335/3230 2318/3336/3231 2327/3401/3295 2335/3400/3294
f 2318/3336/3231 2317/3337/3232 2048/3402/3296 2327/3401/3295
f 2317/3337/3232 2044/3338/3233 2046/3403/3297 2048/3402/3296
f 2044/3338/3233 2043/3339/3234 2041/3404/3298 2046/3403/3297
f 2043/3339/3234 2042/3340/3235 2039/3405/3299 2041/3404/3298
f 2042/3340/3235 2005/3341/3236 2037/3406/3300 2039/3405/3299
f 1976/3407/3301 2037/3406/3300 2005/3341/3236 2004/3342/3237
f 2004/3342/3237 1997/3343/3238 1975/3408/3302 1976/3407/3301
f 1967/3409/3303 1975/3408/3302 1997/3343/3238 1962/3344/3239
f 1962/3344/3239 1961/3345/3240 1958/3410/3304 1967/3409/3303
f 1956/3411/3305 1958/3410/3304 1961/3345/3240 1960/3346/3241
f 1955/3412/3306 1956/3411/3305 1960/3346/3241 1959/3347/3242
f 816/3413/3307 1955/3412/3306 1959/3347/3242 819/3348/3243
f 814/3414/3308 816/3413/3307 819/3348/3243 818/3349/3244
f 818/3349/3244 817/3350/3245 810/3415/3309 814/3414/3308
f 812/3416/3310 810/3415/3309 817/3350/3245 826/3351/3246
f 826/3351/3246 824/3352/3247 811/3417/3311 812/3416/3310
f 758/3418/3312 811/3417/3311 824/3352/3247 825/3353/3248
f 764/3419/3313 758/3418/3312 825/3353/3248 767/3354/3249
f 763/3420/3314 764/3419/3313 767/3354/3249 766/3355/3250
f 765/3421/3315 763/3420/3314 766/3355/3250 768/3356/3251
f 761/3422/3316 765/3421/3315 768/3356/3251 891/3357/3252
f 880/3423/3317 761/3422/3316 891/3357/3252 892/3358/3253
f 886/3424/3318 880/3423/3317 892/3358/3253 895/3359/3254
f 885/3425/3319 886/3424/3318 895/3359/3254 905/3360/3255
f 905/3360/3255 906/3361/3256 904/3426/3320 885/3425/3319
f 908/3427/3321 904/3426/3320 906/3361/3256 909/3362/3257
f 3160/3428/3322 908/3427/3321 909/3362/3257 3163/3363/3258
f 3162/3429/3323 3160/3428/3322 3163/3363/3258 3164/3364/3259
f 3165/3430/3324 3162/3429/3323 3164/3364/3259 3167/3365/3260
f 3167/3365/3260 3168/3366/3261 3188/3431/3325 3165/3430/3324
f 3190/3432/3326 3188/3431/3325 3168/3366/3261 3203/3367/3262
f 3203/3367/3262 3211/3368/3263 3198/3433/3327 3190/3432/3326
f 3475/3434/3328 3198/3433/3327 3211/3368/3263 3212/3369/3264
f 3477/3435/3329 3475/3434/3328 3212/3369/3264 3478/3370/3265
f 3482/3436/3330 3477/3435/3329 3478/3370/3265 3479/3371/3266
f 3484/3437/3331 3482/3436/3330 3479/3371/3266 3480/3372/3267
f 3486/3438/3332 3484/3437/3331 3480/3372/3267 3524/3373/3268
f 3524/3373/3268 3525/3374/3269 3546/3439/3333 3486/3438/3332
f 3547/3440/3334 3546/3439/3333 3525/3374/3269 3526/3375/3270
f 3526/3375/3270 3560/3376/3271 3555/3441/3335 3547/3440/3334
f 3560/3376/3271 3561/3377/3272 3563/3442/3336 3555/3441/3335
f 3561/3377/3272 3562/3378/3273 3565/3443/3337 3563/3442/3336
f 3562/3378/3273 4789/3379/3211 4793/3444/3275 3565/3443/3337
f 4796/3445/3338 4795/3446/3339 4793/3381/3275 4794/3380/3274
f 4794/3380/3274 4797/3382/3276 4798/3447/3340 4796/3445/3338
f 4797/3382/3276 4801/3383/3277 4802/3448/3341 4798/3447/3340
f 4801/3383/3277 4799/3384/3278 4806/3449/3342 4802/3448/3341
f 4799/3384/3278 4800/3385/3279 4810/3450/3343 4806/3449/3342
f 4852/3451/3344 4810/3450/3343 4800/3385/3279 4851/3386/3280
f 4851/3386/3280 4845/3387/3281 4853/3452/3345 4852/3451/3344
f 4845/3387/3281 4846/3388/3282 4847/3453/3346 4853/3452/3345
f 4846/3388/3282 4844/3389/3283 4850/3454/3347 4847/3453/3346
f 4844/3389/3283 4848/3390/3284 4849/3455/3348 4850/3454/3347
f 4848/3390/3284 4722/3391/3285 4727/3456/3349 4849/3455/3348
f 4722/3391/3285 4716/3392/3286 4723/3457/3350 4727/3456/3349
f 4716/3392/3286 4717/3393/3287 4718/3458/3351 4723/3457/3350
f 4717/3393/3287 4698/3394/3288 4699/3459/3352 4718/3458/3351
f 4698/3394/3288 4694/3395/3289 4695/3460/3353 4699/3459/3352
f 4694/3395/3289 4692/3396/3290 4693/3461/3354 4695/3460/3353
f 4692/3396/3290 2359/3397/3291 2360/3462/3355 4693/3461/3354
f 2359/3397/3291 2357/3398/3292 2356/3463/3356 2360/3462/3355
f 2357/3398/3292 2337/3399/3293 2338/3464/3357 2356/3463/3356
f 2337/3399/3293 2335/3400/3294 2332/3465/3358 2338/3464/3357
f 2335/3400/3294 2327/3401/3295 2328/3466/3359 2332/3465/3358
f 2327/3401/3295 2048/3402/3296 2049/3467/3360 2328/3466/3359
f 2048/3402/3296 2046/3403/3297 2047/3468/3361 2049/3467/3360
f 2046/3403/3297 2041/3404/3298 2040/3469/3362 2047/3468/3361
f 2041/3404/3298 2039/3405/3299 2038/3470/3363 2040/3469/3362
f 2039/3405/3299 2037/3406/3300 2036/3471/3364 2038/3470/3363
f 2037/3406/3300 1976/3407/3301 1972/3472/3365 2036/3471/3364
f 1968/3473/3366 1972/3472/3365 1976/3407/3301 1975/3408/3302
f 1975/3408/3302 1967/3409/3303 1964/3474/3367 1968/3473/3366
f 1967/3409/3303 1958/3410/3304 1957/3475/3368 1964/3474/3367
f 1958/3410/3304 1956/3411/3305 1954/3476/3369 1957/3475/3368
f 1956/3411/3305 1955/3412/3306 1953/3477/3370 1954/3476/3369
f 1955/3412/3306 816/3413/3307 815/3478/3371 1953/3477/3370
f 816/3413/3307 814/3414/3308 813/3479/3372 815/3478/3371
f 808/3480/3373 813/3479/3372 814/3414/3308 810/3415/3309
f 803/3481/3374 808/3480/3373 810/3415/3309 812/3416/3310
f 799/3482/3375 803/3481/3374 812/3416/3310 811/3417/3311
f 811/3417/3311 758/3418/3312 757/3483/3376 799/3482/3375
f 756/3484/3377 757/3483/3376 758/3418/3312 764/3419/3313
f 762/3485/3378 756/3484/3377 764/3419/3313 763/3420/3314
f 759/3486/3379 762/3485/3378 763/3420/3314 765/3421/3315
f 760/3487/3380 759/3486/3379 765/3421/3315 761/3422/3316
f 873/3488/3381 760/3487/3380 761/3422/3316 880/3423/3317
f 877/3489/3382 873/3488/3381 880/3423/3317 886/3424/3318
f 883/3490/3383 877/3489/3382 886/3424/3318 885/3425/3319
f 903/3491/3384 883/3490/3383 885/3425/3319 904/3426/3320
f 907/3492/3385 903/3491/3384 904/3426/3320 908/3427/3321
f 3159/3493/3386 907/3492/3385 908/3427/3321 3160/3428/3322
f 3161/3494/3387 3159/3493/3386 3160/3428/3322 3162/3429/3323
f 3162/3429/3323 3165/3430/3324 3166/3495/3388 3161/3494/3387
f 3186/3496/3389 3166/3495/3388 3165/3430/3324 3188/3431/3325
f 3191/3497/3390 3186/3496/3389 3188/3431/3325 3190/3432/3326
f 3195/3498/3391 3191/3497/3390 3190/3432/3326 3198/3433/3327
f 3474/3499/3392 3195/3498/3391 3198/3433/3327 3475/3434/3328
f 3476/3500/3393 3474/3499/3392 3475/3434/3328 3477/3435/3329
f 3483/3501/3394 3476/3500/3393 3477/3435/3329 3482/3436/3330
f 3485/3502/3395 3483/3501/3394 3482/3436/3330 3484/3437/3331
f 3487/3503/3396 3485/3502/3395 3484/3437/3331 3486/3438/3332
f 3548/3504/3397 3487/3503/3396 3486/3438/3332 3546/3439/3333
f 3546/3439/3333 3547/3440/3334 3552/3505/3398 3548/3504/3397
f 3557/3506/3399 3552/3505/3398 3547/3440/3334 3555/3441/3335
f 3564/3507/3400 3557/3506/3399 3555/3441/3335 3563/3442/3336
f 3566/3508/3401 3564/3507/3400 3563/3442/3336 3565/3443/3337
f 4795/3509/3339 3566/3508/3401 3565/3443/3337 4793/3444/3275
f 4889/3510/3402 4887/3511/3403 4795/3446/3339 4796/3445/3338
f 4831/3512/3404 4889/3510/3402 4796/3445/3338 4798/3447/3340
f 4802/3448/3341 4804/3513/3405 4831/3512/3404
f 4806/3449/3342 4808/3514/3406 4805/3515/3406
f 4810/3450/3343 4809/3516/3407 4807/3517/3408
f 4852/3451/3344 4839/3518/3409 4812/3519/3410
f 4852/3451/3344 4853/3452/3345 4880/3520/3411 4877/3521/3412
f 4853/3452/3345 4847/3453/3346 4860/3522/3413 4880/3520/3411
f 4871/3523/3414 4860/3522/3413 4847/3453/3346 4850/3454/3347
f 4867/3524/3415 4871/3523/3414 4850/3454/3347 4849/3455/3348
f 4729/3525/3416 4867/3524/3415 4849/3455/3348
f 4723/3457/3350 4726/3526/3417 4727/3456/3349
f 4719/3527/3418 4721/3528/3419 4723/3457/3350
f 4742/3529/3420 4720/3530/3421 4718/3458/3351
f 4699/3459/3352 4695/3460/3353 4885/3531/3422 4742/3529/3420
f 4695/3460/3353 4693/3461/3354 4883/3532/3423 4885/3531/3422
f 4693/3461/3354 2360/3462/3355 2385/3533/3424 4883/3532/3423
f 2360/3462/3355 2356/3463/3356 2379/3534/3425 2385/3533/3424
f 2340/3535/3426 2379/3534/3425 2356/3463/3356
f 2333/3536/3427 2336/3537/3427 2338/3464/3357
f 2331/3538/3428 2334/3539/3428 2332/3465/3358
f 2072/3540/3429 2330/3541/3430 2328/3466/3359
f 2049/3467/3360 2047/3468/3361 2070/3542/3431 2072/3540/3429
f 2047/3468/3361 2040/3469/3362 2062/3543/3432 2070/3542/3431
f 2040/3469/3362 2038/3470/3363 2057/3544/3433 2062/3543/3432
f 2038/3470/3363 2036/3471/3364 2055/3545/3434 2057/3544/3433
f 1974/3546/3435 2055/3545/3434 2036/3471/3364
f 1968/3473/3366 1971/3547/3436 1972/3472/3365
f 1965/3548/3437 1966/3549/3438 1968/3473/3366
f 2011/3550/3439 1963/3551/3440 1964/3474/3367
f 1957/3475/3368 1954/3476/3369 1519/3552/3441 2011/3550/3439
f 1954/3476/3369 1953/3477/3370 1517/3553/3442 1519/3552/3441
f 1953/3477/3370 815/3478/3371 347/3554/3443 1517/3553/3442
f 815/3478/3371 813/3479/3372 855/3555/3444 347/3554/3443
f 807/3556/3445 855/3555/3444 808/3480/3373
f 805/3557/3446 806/3558/3446 808/3480/3373
f 800/3559/3447 802/3560/3448 803/3481/3374
f 774/3561/3449 801/3562/3450 799/3482/3375
f 771/3563/3451 774/3561/3449 757/3483/3376 756/3484/3377
f 790/3564/3452 771/3563/3451 756/3484/3377 762/3485/3378
f 762/3485/3378 759/3486/3379 780/3565/3453 790/3564/3452
f 759/3486/3379 760/3487/3380 784/3566/3454 780/3565/3453
f 873/3488/3381 875/3567/3455 784/3566/3454
f 877/3489/3382 879/3568/3456 876/3569/3456
f 883/3490/3383 881/3570/3457 878/3571/3457
f 882/3572/3458 883/3490/3383 935/3573/3459
f 349/3574/3460 935/3573/3459 903/3491/3384 907/3492/3385
f 2723/3575/3461 349/3574/3460 907/3492/3385 3159/3493/3386
f 2725/3576/3462 2723/3575/3461 3159/3493/3386 3161/3494/3387
f 3221/3577/3463 2725/3576/3462 3161/3494/3387 3166/3495/3388
f 3186/3496/3389 3185/3578/3464 3221/3577/3463
f 3191/3497/3390 3189/3579/3465 3187/3580/3466
f 3191/3497/3390 3194/3581/3467 3193/3582/3467
f 3474/3499/3392 3235/3583/3468 3197/3584/3469
f 3495/3585/3470 3493/3586/3471 3474/3499/3392 3476/3500/3393
f 3502/3587/3472 3495/3585/3470 3476/3500/3393 3483/3501/3394
f 3508/3588/3473 3502/3587/3472 3483/3501/3394 3485/3502/3395
f 3510/3589/3474 3508/3588/3473 3485/3502/3395 3487/3503/3396
f 3548/3504/3397 3550/3590/3475 3510/3589/3474
f 3552/3505/3398 3554/3591/3476 3551/3592/3476
f 3557/3506/3399 3556/3593/3477 3553/3594/3477
f 3564/3507/3400 3575/3595/3478 3559/3596/3479
f 3591/3597/3480 3587/3598/3481 3564/3507/3400 3566/3508/3401
f 4887/3599/3403 3591/3597/3480 3566/3508/3401 4795/3509/3339
f 4890/3600/1989 4888/3601/1988 4887/3511/3403 4889/3510/3402
f 4833/3602/3482 4890/3600/1989 4889/3510/3402 4831/3512/3404
f 4837/3603/3483 4836/3604/3483 4833/3602/3482
f 4877/3521/3412 4875/3605/3484 4876/3606/3484
f 4877/3521/3412 4880/3520/3411 4881/3607/1995 4878/3608/3485
f 4880/3520/3411 4860/3522/3413 4861/3609/1996 4881/3607/1995
f 4872/3610/1997 4861/3609/1996 4860/3522/3413 4871/3523/3414
f 4868/3611/3486 4872/3610/1997 4871/3523/3414 4867/3524/3415
f 4866/3612/3487 4868/3611/3486 4867/3524/3415
f 4744/3613/3488 4747/3614/3489 4754/3615/3490
f 4742/3529/3420 4885/3531/3422 4886/3616/2003 4744/3613/3488
f 4885/3531/3422 4883/3532/3423 4884/3617/2004 4886/3616/2003
f 4883/3532/3423 2385/3533/3424 2386/3618/2005 4884/3617/2004
f 2385/3533/3424 2379/3534/3425 2381/3619/3491 2386/3618/2005
f 2378/3620/3492 2381/3619/3491 2379/3534/3425
f 2073/3621/3493 2076/3622/3494 2078/3623/3495
f 2072/3540/3429 2070/3542/3431 2071/3624/2011 2073/3621/3493
f 2070/3542/3431 2062/3543/3432 2063/3625/2012 2071/3624/2011
f 2062/3543/3432 2057/3544/3433 2058/3626/2013 2063/3625/2012
f 2057/3544/3433 2055/3545/3434 2056/3627/3496 2058/3626/2013
f 2053/3628/3497 2056/3627/3496 2055/3545/3434
f 2012/3629/3498 2015/3630/3499 2026/3631/3500
f 2011/3550/3439 1519/3552/3441 1520/3632/2019 2012/3629/3498
f 1519/3552/3441 1517/3553/3442 1518/3633/2020 1520/3632/2019
f 1517/3553/3442 347/3554/3443 348/3634/2021 1518/3633/2020
f 347/3554/3443 855/3555/3444 856/3635/3501 348/3634/2021
f 853/3636/3502 856/3635/3501 855/3555/3444
f 774/3561/3449 776/3637/3503 777/3638/3503
f 772/3639/2027 775/3640/3504 774/3561/3449 771/3563/3451
f 791/3641/2028 772/3639/2027 771/3563/3451 790/3564/3452
f 790/3564/3452 780/3565/3453 781/3642/2029 791/3641/2028
f 780/3565/3453 784/3566/3454 785/3643/3505 781/3642/2029
f 783/3644/3506 785/3643/3505 923/3645/3507
f 935/3573/3459 932/3646/3508 933/3647/3508
f 350/3648/2035 936/3649/3509 935/3573/3459 349/3574/3460
f 2724/3650/2036 350/3648/2035 349/3574/3460 2723/3575/3461
f 2726/3651/2037 2724/3650/2036 2723/3575/3461 2725/3576/3462
f 3222/3652/3510 2726/3651/2037 2725/3576/3462 3221/3577/3463
f 3233/3653/3511 3225/3654/3512 3222/3652/3510
f 3493/3586/3471 3490/3655/3513 3491/3656/3513
f 3496/3657/2043 3494/3658/3514 3493/3586/3471 3495/3585/3470
f 3503/3659/2044 3496/3657/2043 3495/3585/3470 3502/3587/3472
f 3509/3660/2045 3503/3659/2044 3502/3587/3472 3508/3588/3473
f 3511/3661/3515 3509/3660/2045 3508/3588/3473 3510/3589/3474
f 3516/3662/3516 3514/3663/3516 3511/3661/3515
f 3587/3598/3481 3585/3664/3517 3586/3665/3517
f 3592/3666/2051 3589/3667/3518 3587/3598/3481 3591/3597/3480
f 4888/3668/1988 3592/3666/2051 3591/3597/3480 4887/3599/3403
f 4830/3669/3519 4829/3670/3520 4888/3601/3520 4890/3600/3519
f 4832/3671/3521 4830/3669/3519 4890/3600/3519 4833/3602/3521
f 4835/3672/3522 4834/3673/3522 4832/3671/3521 4833/3602/3521
f 4873/3674/3523 4874/3675/3524 4875/3676/3524 4878/3608/3523
f 4878/3608/3523 4881/3607/3525 4879/3677/3525 4873/3674/3523
f 4881/3607/3525 4861/3609/3526 4862/3678/3526 4879/3677/3525
f 4870/3679/3527 4862/3678/3526 4861/3609/3526 4872/3610/3527
f 4864/3680/3528 4870/3679/3527 4872/3610/3527 4868/3611/3528
f 4863/3681/3529 4864/3680/3528 4868/3611/3528 4865/3682/3529
f 4744/3613/3530 4743/3683/3530 4745/3684/3531 4746/3685/3531
f 4744/3613/3530 4886/3616/3532 4736/3686/3532 4743/3683/3530
f 4886/3616/3532 4884/3617/3533 4735/3687/3533 4736/3686/3532
f 4884/3617/3533 2386/3618/3534 2384/3688/3534 4735/3687/3533
f 2386/3618/3534 2381/3619/3535 2380/3689/3535 2384/3688/3534
f 2376/3690/3536 2380/3689/3535 2381/3619/3535 2377/3691/3536
f 2073/3621/3537 2074/3692/3537 2077/3693/3538 2075/3694/3538
f 2073/3621/3537 2071/3624/3539 2069/3695/3539 2074/3692/3537
f 2071/3624/3539 2063/3625/3540 2064/3696/3540 2069/3695/3539
f 2063/3625/3540 2058/3626/3541 2059/3697/3541 2064/3696/3540
f 2058/3626/3541 2056/3627/3542 2054/3698/3542 2059/3697/3541
f 2056/3627/3542 2052/3699/3543 2051/3700/3543 2054/3698/3542
f 2016/3701/3544 2014/3702/3544 2012/3629/3545 2013/3703/3545
f 2012/3629/3545 1520/3632/3546 2010/3704/3546 2013/3703/3545
f 1520/3632/3546 1518/3633/3547 2009/3705/3547 2010/3704/3546
f 1518/3633/3547 348/3634/3548 858/3706/3548 2009/3705/3547
f 348/3634/3548 856/3635/3549 857/3707/3549 858/3706/3548
f 856/3635/3549 852/3708/3550 854/3709/3550 857/3707/3549
f 776/3637/3551 775/3640/3552 779/3710/3552 778/3711/3551
f 773/3712/3553 779/3710/3552 775/3640/3552 772/3639/3553
f 792/3713/3554 773/3712/3553 772/3639/3553 791/3641/3554
f 791/3641/3554 781/3642/3555 782/3714/3555 792/3713/3554
f 781/3642/3555 785/3643/3556 788/3715/3556 782/3714/3555
f 788/3715/3556 785/3643/3556 786/3716/3557 789/3717/3557
f 932/3718/3558 936/3649/3559 937/3719/3559 934/3720/3558
f 943/3721/3560 937/3719/3559 936/3649/3559 350/3648/3560
f 3215/3722/3561 943/3721/3560 350/3648/3560 2724/3650/3561
f 3216/3723/3562 3215/3722/3561 2724/3650/3561 2726/3651/3562
f 3223/3724/3563 3216/3723/3562 2726/3651/3562 3222/3652/3563
f 3222/3652/3563 3224/3725/3564 3226/3726/3564 3223/3724/3563
f 3492/3727/3565 3489/3728/3566 3490/3655/3566 3494/3658/3565
f 3497/3729/3567 3492/3727/3565 3494/3658/3565 3496/3657/3567
f 3504/3730/3568 3497/3729/3567 3496/3657/3567 3503/3659/3568
f 3507/3731/3569 3504/3730/3568 3503/3659/3568 3509/3660/3569
f 3512/3732/3570 3507/3731/3569 3509/3660/3569 3511/3661/3570
f 3512/3732/3570 3511/3661/3570 3513/3733/3571 3515/3734/3571
f 3585/3664/3572 3589/3667/3573 3588/3735/3573 3584/3736/3572
f 3590/3737/3574 3588/3735/3573 3589/3667/3573 3592/3666/3574
f 4829/3738/3520 3590/3737/3574 3592/3666/3574 4888/3668/3520
f 4823/3739/3575 4822/3740/3576 4829/3670/3577 4830/3669/3578
f 4830/3669/3578 4828/3741/3579 4827/3742/3580
f 4828/3741/3579 4832/3671/3581 4834/3673/3582
f 4819/3743/3583 4874/3744/3584 4873/3674/3585
f 4819/3743/3583 4879/3677/3586 4859/3745/3587
f 4855/3746/3588 4859/3745/3587 4879/3677/3586 4862/3678/3589
f 4857/3747/3590 4855/3746/3588 4862/3678/3589 4870/3679/3591
f 4857/3747/3590 4864/3680/3592 4753/3748/3593
f 4753/3748/3593 4864/3680/3592 4863/3681/3594
f 4741/3749/3595 4745/3750/3596 4743/3683/3597
f 4740/3751/3598 4743/3683/3597 4736/3686/3599
f 4732/3752/3600 4734/3753/3601 4736/3686/3599 4735/3687/3602
f 4735/3687/3602 2384/3688/3603 2383/3754/3604 4732/3752/3600
f 2383/3754/3604 2380/3689/3605 2375/3755/3606
f 2375/3755/3606 2380/3689/3605 2376/3690/3607
f 2074/3692/3608 2364/3756/3609 2077/3757/3610
f 2363/3758/3611 2074/3692/3608 2069/3695/3612
f 2069/3695/3612 2064/3696/3613 2065/3759/3614 2067/3760/3615
f 2064/3696/3613 2059/3697/3616 2061/3761/3617 2065/3759/3614
f 2033/3762/3618 2059/3697/3616 2054/3698/3619
f 2030/3763/3620 2054/3698/3619 2051/3764/3621
f 2013/3703/3622 2021/3765/3623 2016/3701/3624
f 2018/3766/3625 2021/3767/3623 2013/3703/3622
f 2010/3704/3626 2009/3705/3627 2017/3768/3628 2018/3766/3625
f 2009/3705/3627 858/3706/3629 864/3769/3630 2017/3768/3628
f 859/3770/3631 864/3769/3630 858/3706/3629
f 854/3709/3632 859/3770/3631 857/3707/3633
f 778/3771/3634 779/3710/3635 866/3772/3636
f 793/3773/3637 866/3772/3636 779/3710/3635
f 773/3712/3638 792/3713/3639 797/3774/3640 793/3773/3637
f 792/3713/3639 782/3714/3641 795/3775/3642 797/3774/3640
f 788/3715/3643 927/3776/3644 795/3775/3642
f 788/3715/3643 789/3777/3645 926/3778/3646
f 934/3720/3647 937/3719/3648 938/3779/3649
f 943/3721/3650 939/3780/3651 938/3779/3649
f 943/3721/3650 3215/3722/3652 3217/3781/3653 944/3782/3654
f 3219/3783/3655 3217/3781/3653 3215/3722/3652 3216/3723/3656
f 3223/3724/3657 3228/3784/3658 3219/3783/3655
f 3223/3724/3657 3226/3785/3659 3227/3786/3660
f 3238/3787/3661 3489/3788/3662 3492/3727/3663
f 3492/3727/3663 3499/3789/3664 3239/3790/3665
f 3501/3791/3666 3499/3789/3664 3497/3729/3667 3504/3730/3668
f 3505/3792/3669 3501/3791/3666 3504/3730/3668 3507/3731/3670
f 3507/3731/3670 3572/3793/3671 3569/3794/3672
f 3572/3795/3671 3512/3732/3673 3515/3796/3674
f 3588/3735/3675 3581/3797/3676 3584/3798/3677
f 3581/3797/3676 3590/3737/3678 3583/3799/3679
f 4822/3800/3576 3583/3799/3679 3590/3737/3678 4829/3738/3577
f 4821/3801/3680 4820/3802/3681 4822/3740/3576 4823/3739/3575
f 4821/3801/3680 4823/3739/3575 4827/3803/3580 4826/3804/3682
f 4858/3805/3683 4817/3806/3684 4818/3807/3685 4859/3745/3587
f 4859/3745/3587 4855/3746/3588 4854/3808/3686 4858/3805/3683
f 4856/3809/3687 4854/3808/3686 4855/3746/3588 4857/3747/3590
f 4751/3810/3688 4856/3809/3687 4857/3747/3590 4752/3811/3689
f 4734/3753/3601 4733/3812/3690 4739/3813/3691 4740/3814/3598
f 4731/3815/3692 4733/3812/3690 4734/3753/3601 4732/3752/3600
f 4732/3752/3600 2383/3754/3604 2382/3816/3693 4731/3815/3692
f 2383/3754/3604 2374/3817/3694 2373/3818/3695 2382/3816/3693
f 2067/3760/3615 2068/3819/3696 2362/3820/3697 2363/3758/3611
f 2067/3760/3615 2065/3759/3614 2066/3821/3698 2068/3819/3696
f 2065/3759/3614 2061/3761/3617 2060/3822/3699 2066/3821/3698
f 2061/3761/3617 2033/3823/3618 2034/3824/3700 2060/3822/3699
f 2018/3766/3625 2020/3825/3701 2023/3826/3702 2022/3827/3703
f 2018/3766/3625 2017/3768/3628 2019/3828/3704 2020/3825/3701
f 2017/3768/3628 864/3769/3630 865/3829/3705 2019/3828/3704
f 864/3769/3630 860/3830/3706 861/3831/3707 865/3829/3705
f 868/3832/3708 867/3833/3709 793/3773/3637 794/3834/3710
f 798/3835/3711 794/3834/3710 793/3773/3637 797/3774/3640
f 797/3774/3640 795/3775/3642 796/3836/3712 798/3835/3711
f 796/3836/3712 795/3775/3642 927/3837/3644 928/3838/3713
f 945/3839/3714 940/3840/3715 939/3841/3651 944/3782/3654
f 944/3782/3654 3217/3781/3653 3218/3842/3716 945/3839/3714
f 3220/3843/3717 3218/3842/3716 3217/3781/3653 3219/3783/3655
f 3220/3843/3717 3219/3783/3655 3228/3844/3658 3229/3845/3718
f 3498/3846/3719 3240/3847/3720 3239/3790/3665 3499/3789/3664
f 3500/3848/3721 3498/3846/3719 3499/3789/3664 3501/3791/3666
f 3506/3849/3722 3500/3848/3721 3501/3791/3666 3505/3792/3669
f 3506/3849/3722 3505/3792/3669 3569/3850/3672 3568/3851/3723
f 3580/3852/3724 3583/3799/3679 3582/3853/3725 3579/3854/3726
f 4820/3855/3681 3582/3853/3725 3583/3799/3679 4822/3800/3576
f 4767/3856/3727 4766/3857/3728 4820/3802/3681 4821/3801/3680
f 4821/3801/3680 4825/3858/3729 4770/3859/3730
f 4770/3859/3730 4813/3860/3731 4771/3861/3731
f 4768/3862/3732 4783/3863/3733 4781/3864/3734
f 4777/3865/3735 4782/3863/3736 4784/3866/3736
f 4786/3867/3737 4814/3868/3737 4779/3869/3738
f 4779/3869/3738 4816/3870/3739 4858/3805/3683
f 4843/3871/3740 4778/3872/3741 4858/3805/3683 4854/3808/3686
f 4713/3873/3742 4843/3871/3740 4854/3808/3686 4856/3809/3687
f 4713/3873/3742 4751/3874/3688 4750/3875/3743
f 4712/3876/3744 4748/3877/3745 4711/3878/3746
f 4704/3879/3747 4708/3880/3748 4706/3881/3749
f 4687/3882/3750 4707/3880/3751 4688/3883/3751
f 4685/3884/3752 4686/3885/3753 4730/3886/3753
f 4685/3884/3752 4738/3887/3754 4733/3812/3690
f 4681/3888/3755 4682/3889/3756 4733/3812/3690 4731/3815/3692
f 2353/3890/3757 4681/3888/3755 4731/3815/3692 2382/3816/3693
f 2353/3890/3757 2373/3891/3695 2372/3892/3758
f 2350/3893/3759 2370/3894/3760 2349/3895/3760
f 2347/3896/3761 2346/3897/3762 2325/3898/3762
f 2319/3899/3763 2324/3900/3764 2323/3901/3765
f 2316/3902/3766 2321/3903/3767 2366/3904/3768
f 2315/3905/3769 2365/3906/3770 2361/3907/3771
f 2068/3819/3696 2066/3821/3698 2045/3908/3772 2315/3905/3769
f 2008/3909/3773 2045/3908/3772 2066/3821/3698 2060/3822/3699
f 2008/3909/3773 2034/3824/3700 2035/3910/3774
f 2006/3911/3775 2007/3912/3776 2032/3913/3777
f 2006/3911/3775 2001/3914/3778 2000/3915/3778
f 1986/3916/3779 1999/3915/3780 1987/3917/3781
f 1983/3918/3782 1984/3919/3783 2029/3920/3783
f 1983/3918/3782 2025/3921/3784 2020/3825/3701
f 1981/3922/3785 1982/3923/3786 2020/3825/3701 2019/3828/3704
f 844/3924/3787 1981/3922/3785 2019/3828/3704 865/3829/3705
f 844/3924/3787 861/3831/3707 863/3925/3788
f 843/3926/3789 841/3927/3790 872/3928/3791
f 843/3926/3789 842/3929/3792 832/3930/3793
f 835/3931/3794 831/3930/3795 829/3932/3796
f 827/3933/3797 833/3934/3798 828/3935/3799
f 834/3936/3800 870/3937/3801 869/3938/3802
f 794/3834/3710 798/3835/3711 769/3939/3803 834/3936/3800
f 893/3940/3804 769/3939/3803 798/3835/3711 796/3836/3712
f 929/3941/3805 894/3942/3806 893/3940/3804
f 894/3942/3806 896/3943/3807 902/3944/3808
f 901/3945/3809 899/3946/3810 902/3944/3808
f 900/3945/3811 914/3947/3811 915/3948/3812
f 946/3949/3813 917/3950/3814 915/3948/3812
f 942/3951/3815 945/3839/3714 920/3952/3816
f 3173/3953/3817 920/3952/3816 945/3839/3714 3218/3842/3716
f 3174/3954/3818 3173/3953/3817 3218/3842/3716 3220/3843/3717
f 3220/3843/3717 3231/3955/3819 3178/3956/3820
f 3178/3956/3820 3179/3957/3821 3181/3958/3822
f 3182/3959/3823 3204/3960/3824 3181/3958/3822
f 3204/3960/3824 3207/3961/3825 3210/3962/3826
f 3236/3963/3827 3213/3964/3828 3210/3962/3826
f 3241/3965/3829 3498/3846/3719 3214/3966/3830
f 3481/3967/3831 3214/3966/3830 3498/3846/3719 3500/3848/3721
f 3521/3968/3832 3481/3967/3831 3500/3848/3721 3506/3849/3722
f 3567/3969/3833 3522/3970/3834 3521/3968/3832
f 3522/3970/3834 3527/3971/3835 3523/3972/3836
f 3523/3972/3836 3532/3973/3837 3530/3974/3838
f 3531/3975/3839 3540/3976/3839 3541/3977/3840
f 3543/3978/3841 3573/3979/3841 3544/3980/3842
f 3578/3981/3843 3582/3853/3725 3545/3982/3844
f 4766/3983/3728 3545/3982/3844 3582/3853/3725 4820/3855/3681
f 4762/3984/3845 4761/3985/3846 4766/3857/3728 4767/3856/3727
f 4763/3986/3847 4762/3984/3845 4767/3856/3727 4770/3859/3730
f 4764/3987/3848 4763/3986/3847 4770/3859/3730 4768/3862/3732
f 4765/3988/3849 4764/3987/3848 4768/3862/3732 4781/3864/3734
f 4467/3989/3850 4765/3988/3849 4781/3864/3734 4777/3865/3735
f 4466/3990/3851 4467/3989/3850 4777/3865/3735 4779/3869/3738
f 4465/3991/3852 4466/3990/3851 4779/3869/3738 4778/3872/3741
f 4468/3992/3853 4465/3991/3852 4778/3872/3741 4843/3871/3740
f 4464/3993/3854 4468/3992/3853 4843/3871/3740 4713/3873/3742
f 4463/3994/3855 4464/3993/3854 4713/3873/3742 4712/3876/3744
f 4462/3995/3856 4463/3994/3855 4712/3876/3744 4704/3879/3747
f 4684/3996/3857 4462/3995/3856 4704/3879/3747 4706/3881/3749
f 4683/3997/3858 4684/3996/3857 4706/3881/3749 4687/3882/3750
f 4680/3998/3859 4683/3997/3858 4687/3882/3750 4685/3884/3752
f 4679/3999/3860 4680/3998/3859 4685/3884/3752 4682/3889/3756
f 4678/4000/3861 4679/3999/3860 4682/3889/3756 4681/3888/3755
f 2352/4001/3862 4678/4000/3861 4681/3888/3755 2353/3890/3757
f 2351/4002/3863 2352/4001/3862 2353/3890/3757 2350/3893/3759
f 2345/4003/3864 2351/4002/3863 2350/3893/3759 2347/3896/3761
f 2347/3896/3761 2324/3900/3764 2344/4004/3865 2345/4003/3864
f 2324/3900/3764 2319/3899/3763 2101/4005/3866 2344/4004/3865
f 2319/3899/3763 2316/3902/3766 2100/4006/3867 2101/4005/3866
f 2099/4007/3868 2100/4006/3867 2316/3902/3766 2315/3905/3769
f 2315/3905/3769 2045/3908/3772 2097/4008/3869 2099/4007/3868
f 2045/3908/3772 2008/3909/3773 2096/4009/3870 2097/4008/3869
f 2008/3909/3773 2007/3912/3776 2095/4010/3871 2096/4009/3870
f 2007/3912/3776 2006/3911/3775 2094/4011/3872 2095/4010/3871
f 2006/3911/3775 1998/4012/3873 1992/4013/3874 2094/4011/3872
f 1998/4012/3873 1986/3916/3779 1991/4014/3875 1992/4013/3874
f 1986/3916/3779 1983/3918/3782 1990/4015/3876 1991/4014/3875
f 1983/3918/3782 1982/3923/3786 1989/4016/3877 1990/4015/3876
f 1982/3923/3786 1981/3922/3785 1988/4017/3878 1989/4016/3877
f 1981/3922/3785 844/3924/3787 848/4018/3879 1988/4017/3878
f 844/3924/3787 841/3927/3790 847/4019/3880 848/4018/3879
f 841/3927/3790 843/3926/3789 846/4020/3881 847/4019/3880
f 843/3926/3789 830/4021/3882 845/4022/3883 846/4020/3881
f 830/4021/3882 835/3931/3794 949/4023/3884 845/4022/3883
f 835/3931/3794 833/3934/3798 950/4024/3885 949/4023/3884
f 833/3934/3798 834/3936/3800 951/4025/3886 950/4024/3885
f 834/3936/3800 769/3939/3803 948/4026/3887 951/4025/3886
f 769/3939/3803 893/3940/3804 952/4027/3888 948/4026/3887
f 893/3940/3804 894/3942/3806 953/4028/3889 952/4027/3888
f 894/3942/3806 902/3944/3808 954/4029/3890 953/4028/3889
f 902/3944/3808 899/3946/3810 918/4030/3891 954/4029/3890
f 899/3946/3810 915/3948/3812 919/4031/3892 918/4030/3891
f 915/3948/3812 917/3950/3814 921/4032/3893 919/4031/3892
f 917/3950/3814 920/3952/3816 922/4033/3894 921/4032/3893
f 920/3952/3816 3173/3953/3817 3175/4034/3895 922/4033/3894
f 3173/3953/3817 3174/3954/3818 3176/4035/3896 3175/4034/3895
f 3174/3954/3818 3178/3956/3820 3177/4036/3897 3176/4035/3896
f 3178/3956/3820 3181/3958/3822 3183/4037/3898 3177/4036/3897
f 3184/4038/3899 3183/4037/3898 3181/3958/3822 3204/3960/3824
f 3262/4039/3900 3184/4038/3899 3204/3960/3824 3210/3962/3826
f 3263/4040/3901 3262/4039/3900 3210/3962/3826 3213/3964/3828
f 3213/3964/3828 3214/3966/3830 3264/4041/3902 3263/4040/3901
f 3266/4042/3903 3264/4041/3902 3214/3966/3830 3481/3967/3831
f 3267/4043/3904 3266/4042/3903 3481/3967/3831 3521/3968/3832
f 3268/4044/3905 3267/4043/3904 3521/3968/3832 3522/3970/3834
f 3269/4045/3906 3268/4044/3905 3522/3970/3834 3523/3972/3836
f 3536/4046/3907 3269/4045/3906 3523/3972/3836 3530/3974/3838
f 3537/4047/3908 3536/4046/3907 3530/3974/3838 3541/3977/3840
f 3538/4048/3909 3537/4047/3908 3541/3977/3840 3544/3980/3842
f 3539/4049/3910 3538/4048/3909 3544/3980/3842 3545/3982/3844
f 4761/4050/3846 3539/4049/3910 3545/3982/3844 4766/3983/3728
f 4458/4051/3911 4457/4052/3912 4761/3985/3846 4762/3984/3845
f 4459/4053/3913 4458/4051/3911 4762/3984/3845 4763/3986/3847
f 4451/4054/3914 4459/4053/3913 4763/3986/3847 4764/3987/3848
f 4455/4055/3915 4451/4054/3914 4764/3987/3848 4765/3988/3849
f 4454/4056/3916 4455/4055/3915 4765/3988/3849 4467/3989/3850
f 4456/4057/3917 4454/4056/3916 4467/3989/3850 4466/3990/3851
f 4453/4058/3918 4456/4057/3917 4466/3990/3851 4465/3991/3852
f 4461/4059/3919 4453/4058/3918 4465/3991/3852 4468/3992/3853
f 4444/4060/3920 4461/4059/3919 4468/3992/3853 4464/3993/3854
f 4445/4061/3921 4444/4060/3920 4464/3993/3854 4463/3994/3855
f 4443/4062/3922 4445/4061/3921 4463/3994/3855 4462/3995/3856
f 4442/4063/3923 4443/4062/3922 4462/3995/3856 4684/3996/3857
f 4437/4064/3924 4442/4063/3923 4684/3996/3857 4683/3997/3858
f 4440/4065/3925 4437/4064/3924 4683/3997/3858 4680/3998/3859
f 4439/4066/3926 4440/4065/3925 4680/3998/3859 4679/3999/3860
f 4438/4067/3927 4439/4066/3926 4679/3999/3860 4678/4000/3861
f 2118/4068/3928 4438/4067/3927 4678/4000/3861 2352/4001/3862
f 2352/4001/3862 2351/4002/3863 2117/4069/3929 2118/4068/3928
f 2351/4002/3863 2345/4003/3864 2114/4070/3930 2117/4069/3929
f 2111/4071/3931 2114/4070/3930 2345/4003/3864 2344/4004/3865
f 2344/4004/3865 2101/4005/3866 2110/4072/3932 2111/4071/3931
f 2101/4005/3866 2100/4006/3867 2108/4073/3933 2110/4072/3932
f 2107/4074/3934 2108/4073/3933 2100/4006/3867 2099/4007/3868
f 2099/4007/3868 2097/4008/3869 2098/4075/3935 2107/4074/3934
f 2092/4076/3936 2098/4075/3935 2097/4008/3869 2096/4009/3870
f 2096/4009/3870 2095/4010/3871 2090/4077/3937 2092/4076/3936
f 2089/4078/3938 2090/4077/3937 2095/4010/3871 2094/4011/3872
f 2094/4011/3872 1992/4013/3874 2088/4079/3939 2089/4078/3938
f 1992/4013/3874 1991/4014/3875 2082/4080/3940 2088/4079/3939
f 1991/4014/3875 1990/4015/3876 2081/4081/3941 2082/4080/3940
f 1990/4015/3876 1989/4016/3877 2080/4082/3942 2081/4081/3941
f 1989/4016/3877 1988/4017/3878 2079/4083/3943 2080/4082/3942
f 1988/4017/3878 848/4018/3879 957/4084/3944 2079/4083/3943
f 848/4018/3879 847/4019/3880 956/4085/3945 957/4084/3944
f 847/4019/3880 846/4020/3881 963/4086/3946 956/4085/3945
f 846/4020/3881 845/4022/3883 959/4087/3947 963/4086/3946
f 845/4022/3883 949/4023/3884 960/4088/3948 959/4087/3947
f 949/4023/3884 950/4024/3885 958/4089/3949 960/4088/3948
f 950/4024/3885 951/4025/3886 961/4090/3950 958/4089/3949
f 951/4025/3886 948/4026/3887 955/4091/3951 961/4090/3950
f 948/4026/3887 952/4027/3888 969/4092/3952 955/4091/3951
f 952/4027/3888 953/4028/3889 968/4093/3953 969/4092/3952
f 953/4028/3889 954/4029/3890 970/4094/3954 968/4093/3953
f 954/4029/3890 918/4030/3891 971/4095/3955 970/4094/3954
f 918/4030/3891 919/4031/3892 975/4096/3956 971/4095/3955
f 919/4031/3892 921/4032/3893 973/4097/3957 975/4096/3956
f 921/4032/3893 922/4033/3894 974/4098/3958 973/4097/3957
f 922/4033/3894 3175/4034/3895 3242/4099/3959 974/4098/3958
f 3175/4034/3895 3176/4035/3896 3243/4100/3960 3242/4099/3959
f 3244/4101/3961 3243/4100/3960 3176/4035/3896 3177/4036/3897
f 3248/4102/3962 3244/4101/3961 3177/4036/3897 3183/4037/3898
f 3183/4037/3898 3184/4038/3899 3251/4103/3963 3248/4102/3962
f 3252/4104/3964 3251/4103/3963 3184/4038/3899 3262/4039/3900
f 3254/4105/3965 3252/4104/3964 3262/4039/3900 3263/4040/3901
f 3263/4040/3901 3264/4041/3902 3255/4106/3966 3254/4105/3965
f 3265/4107/3967 3255/4106/3966 3264/4041/3902 3266/4042/3903
f 3266/4042/3903 3267/4043/3904 3270/4108/3968 3265/4107/3967
f 3272/4109/3969 3270/4108/3968 3267/4043/3904 3268/4044/3905
f 3268/4044/3905 3269/4045/3906 3273/4110/3970 3272/4109/3969
f 3274/4111/3971 3273/4110/3970 3269/4045/3906 3536/4046/3907
f 3279/4112/3972 3274/4111/3971 3536/4046/3907 3537/4047/3908
f 3280/4113/3973 3279/4112/3972 3537/4047/3908 3538/4048/3909
f 3281/4114/3974 3280/4113/3973 3538/4048/3909 3539/4049/3910
f 4457/4115/3912 3281/4114/3974 3539/4049/3910 4761/4050/3846
f 4447/4116/3975 4446/4117/3976 4457/4052/3977 4458/4051/3978
f 4448/4118/3979 4447/4116/3975 4458/4051/3978 4459/4053/3980
f 4450/4119/3981 4448/4118/3979 4459/4053/3980 4451/4054/3982
f 4449/4120/3983 4450/4119/3981 4451/4054/3982 4455/4055/3984
f 4452/4121/3985 4449/4120/3983 4455/4055/3984 4454/4056/3986
f 4428/4122/3987 4452/4121/3985 4454/4056/3986 4456/4057/3988
f 4431/4123/3989 4428/4122/3987 4456/4057/3988 4453/4058/3990
f 4429/4124/3991 4431/4123/3989 4453/4058/3990 4461/4059/3992
f 4430/4125/3993 4429/4124/3991 4461/4059/3992 4444/4060/3994
f 4427/4126/3995 4430/4125/3993 4444/4060/3994 4445/4061/3996
f 4441/4127/3997 4427/4126/3995 4445/4061/3996 4443/4062/3998
f 4436/4128/3999 4441/4127/3997 4443/4062/3998 4442/4063/4000
f 4435/4129/4001 4436/4128/3999 4442/4063/4000 4437/4064/4002
f 4434/4130/4003 4435/4129/4001 4437/4064/4002 4440/4065/4004
f 4433/4131/4005 4434/4130/4003 4440/4065/4004 4439/4066/4006
f 4432/4132/4007 4433/4131/4005 4439/4066/4006 4438/4067/4008
f 2116/4133/4009 4432/4132/4007 4438/4067/4008 2118/4068/4010
f 2115/4134/4011 2116/4133/4009 2118/4068/4010 2117/4069/4012
f 2117/4069/4012 2114/4070/4013 2113/4135/4014 2115/4134/4011
f 2112/4136/4015 2113/4135/4014 2114/4070/4013 2111/4071/4016
f 2109/4137/4017 2112/4136/4015 2111/4071/4016 2110/4072/4018
f 2110/4072/4018 2108/4073/4019 2106/4138/4020 2109/4137/4017
f 2105/4139/4021 2106/4138/4020 2108/4073/4019 2107/4074/4022
f 2104/4140/4023 2105/4139/4021 2107/4074/4022 2098/4075/4024
f 2098/4075/4024 2092/4076/4025 2103/4141/4026 2104/4140/4023
f 2092/4076/4025 2090/4077/4027 2102/4142/4028 2103/4141/4026
f 2090/4077/4027 2089/4078/4029 2091/4143/4030 2102/4142/4028
f 2089/4078/4029 2088/4079/4031 2087/4144/4032 2091/4143/4030
f 2088/4079/4031 2082/4080/4033 2086/4145/4034 2087/4144/4032
f 2082/4080/4033 2081/4081/4035 2085/4146/4036 2086/4145/4034
f 2081/4081/4035 2080/4082/4037 2084/4147/4038 2085/4146/4036
f 2080/4082/4037 2079/4083/4039 2083/4148/4040 2084/4147/4038
f 2079/4083/4039 957/4084/4041 967/4149/4042 2083/4148/4040
f 957/4084/4041 956/4085/4043 966/4150/4044 967/4149/4042
f 956/4085/4043 963/4086/4045 964/4151/4046 966/4150/4044
f 963/4086/4045 959/4087/4047 965/4152/4048 964/4151/4046
f 959/4087/4047 960/4088/4049 962/4153/4050 965/4152/4048
f 960/4088/4049 958/4089/4051 983/4154/4052 962/4153/4050
f 958/4089/4051 961/4090/4053 980/4155/4054 983/4154/4052
f 961/4090/4053 955/4091/4055 982/4156/4056 980/4155/4054
f 955/4091/4055 969/4092/4057 981/4157/4058 982/4156/4056
f 969/4092/4057 968/4093/4059 984/4158/4060 981/4157/4058
f 968/4093/4059 970/4094/4061 972/4159/4062 984/4158/4060
f 970/4094/4061 971/4095/4063 976/4160/4064 972/4159/4062
f 971/4095/4063 975/4096/4065 977/4161/4066 976/4160/4064
f 975/4096/4065 973/4097/4067 978/4162/4068 977/4161/4066
f 973/4097/4067 974/4098/4069 979/4163/4070 978/4162/4068
f 974/4098/4069 3242/4099/4071 3245/4164/4072 979/4163/4070
f 3242/4099/4071 3243/4100/4073 3246/4165/4074 3245/4164/4072
f 3243/4100/4073 3244/4101/4075 3247/4166/4076 3246/4165/4074
f 3249/4167/4077 3247/4166/4076 3244/4101/4075 3248/4102/4078
f 3248/4102/4078 3251/4103/4079 3250/4168/4080 3249/4167/4077
f 3251/4103/4079 3252/4104/4081 3253/4169/4082 3250/4168/4080
f 3256/4170/4083 3253/4169/4082 3252/4104/4081 3254/4105/4084
f 3254/4105/4084 3255/4106/4085 3257/4171/4086 3256/4170/4083
f 3255/4106/4085 3265/4107/4087 3258/4172/4088 3257/4171/4086
f 3259/4173/4089 3258/4172/4088 3265/4107/4087 3270/4108/4090
f 3260/4174/4091 3259/4173/4089 3270/4108/4090 3272/4109/4092
f 3271/4175/4093 3260/4174/4091 3272/4109/4092 3273/4110/4094
f 3275/4176/4095 3271/4175/4093 3273/4110/4094 3274/4111/4096
f 3276/4177/4097 3275/4176/4095 3274/4111/4096 3279/4112/4098
f 3277/4178/4099 3276/4177/4097 3279/4112/4098 3280/4113/4100
f 3278/4179/4101 3277/4178/4099 3280/4113/4100 3281/4114/4102
f 4446/4180/3976 3278/4179/4101 3281/4114/4102 4457/4115/3977
f 4503/4181/4103 4502/4182/4104 4446/4117/3976 4447/4116/3975
f 4504/4183/4105 4503/4181/4103 4447/4116/3975 4448/4118/3979
f 4506/4184/4106 4504/4183/4105 4448/4118/3979 4450/4119/3981
f 4507/4185/4107 4506/4184/4106 4450/4119/3981 4449/4120/3983
f 4505/4186/4108 4507/4185/4107 4449/4120/3983 4452/4121/3985
f 4539/4187/4109 4505/4186/4108 4452/4121/3985 4428/4122/3987
f 4536/4188/4110 4539/4187/4109 4428/4122/3987 4431/4123/3989
f 4537/4189/4111 4536/4188/4110 4431/4123/3989 4429/4124/3991
f 4535/4190/4112 4537/4189/4111 4429/4124/3991 4430/4125/3993
f 4538/4191/4113 4535/4190/4112 4430/4125/3993 4427/4126/3995
f 4474/4192/4114 4538/4191/4113 4427/4126/3995 4441/4127/3997
f 4473/4193/4115 4474/4192/4114 4441/4127/3997 4436/4128/3999
f 4472/4194/4116 4473/4193/4115 4436/4128/3999 4435/4129/4001
f 4471/4195/4117 4472/4194/4116 4435/4129/4001 4434/4130/4003
f 4470/4196/4118 4471/4195/4117 4434/4130/4003 4433/4131/4005
f 4433/4131/4005 4432/4132/4007 4469/4197/4119 4470/4196/4118
f 4432/4132/4007 2116/4133/4009 2204/4198/4120 4469/4197/4119
f 2203/4199/4121 2204/4198/4120 2116/4133/4009 2115/4134/4011
f 2115/4134/4011 2113/4135/4014 2202/4200/4122 2203/4199/4121
f 2201/4201/4123 2202/4200/4122 2113/4135/4014 2112/4136/4015
f 2112/4136/4015 2109/4137/4017 2200/4202/4124 2201/4201/4123
f 2109/4137/4017 2106/4138/4020 2185/4203/4125 2200/4202/4124
f 2106/4138/4020 2105/4139/4021 2184/4204/4126 2185/4203/4125
f 2105/4139/4021 2104/4140/4023 2183/4205/4127 2184/4204/4126
f 2104/4140/4023 2103/4141/4026 2182/4206/4128 2183/4205/4127
f 2103/4141/4026 2102/4142/4028 2181/4207/4129 2182/4206/4128
f 2102/4142/4028 2091/4143/4030 2153/4208/4130 2181/4207/4129
f 2091/4143/4030 2087/4144/4032 2152/4209/4131 2153/4208/4130
f 2087/4144/4032 2086/4145/4034 2151/4210/4132 2152/4209/4131
f 2086/4145/4034 2085/4146/4036 2150/4211/4133 2151/4210/4132
f 2085/4146/4036 2084/4147/4038 2149/4212/4134 2150/4211/4133
f 2084/4147/4038 2083/4148/4040 2148/4213/4135 2149/4212/4134
f 2083/4148/4040 967/4149/4042 1056/4214/4136 2148/4213/4135
f 967/4149/4042 966/4150/4044 1055/4215/4137 1056/4214/4136
f 966/4150/4044 964/4151/4046 1053/4216/4138 1055/4215/4137
f 964/4151/4046 965/4152/4048 1052/4217/4139 1053/4216/4138
f 965/4152/4048 962/4153/4050 1054/4218/4140 1052/4217/4139
f 962/4153/4050 983/4154/4052 1033/4219/4141 1054/4218/4140
f 983/4154/4052 980/4155/4054 1036/4220/4142 1033/4219/4141
f 980/4155/4054 982/4156/4056 1035/4221/4143 1036/4220/4142
f 982/4156/4056 981/4157/4058 1037/4222/4144 1035/4221/4143
f 981/4157/4058 984/4158/4060 1034/4223/4145 1037/4222/4144
f 984/4158/4060 972/4159/4062 1080/4224/4146 1034/4223/4145
f 972/4159/4062 976/4160/4064 1081/4225/4147 1080/4224/4146
f 976/4160/4064 977/4161/4066 1082/4226/4148 1081/4225/4147
f 977/4161/4066 978/4162/4068 1083/4227/4149 1082/4226/4148
f 978/4162/4068 979/4163/4070 1084/4228/4150 1083/4227/4149
f 3311/4229/4151 1084/4228/4150 979/4163/4070 3245/4164/4072
f 3312/4230/4152 3311/4229/4151 3245/4164/4072 3246/4165/4074
f 3246/4165/4074 3247/4166/4076 3313/4231/4153 3312/4230/4152
f 3314/4232/4154 3313/4231/4153 3247/4166/4076 3249/4167/4077
f 3249/4167/4077 3250/4168/4080 3315/4233/4155 3314/4232/4154
f 3316/4234/4156 3315/4233/4155 3250/4168/4080 3253/4169/4082
f 3344/4235/4157 3316/4234/4156 3253/4169/4082 3256/4170/4083
f 3345/4236/4158 3344/4235/4157 3256/4170/4083 3257/4171/4086
f 3346/4237/4159 3345/4236/4158 3257/4171/4086 3258/4172/4088
f 3347/4238/4160 3346/4237/4159 3258/4172/4088 3259/4173/4089
f 3348/4239/4161 3347/4238/4160 3259/4173/4089 3260/4174/4091
f 3363/4240/4162 3348/4239/4161 3260/4174/4091 3271/4175/4093
f 3364/4241/4163 3363/4240/4162 3271/4175/4093 3275/4176/4095
f 3365/4242/4164 3364/4241/4163 3275/4176/4095 3276/4177/4097
f 3366/4243/4165 3365/4242/4164 3276/4177/4097 3277/4178/4099
f 3367/4244/4166 3366/4243/4165 3277/4178/4099 3278/4179/4101
f 4502/4245/4104 3367/4244/4166 3278/4179/4101 4446/4180/3976
f 4502/4182/4104 4503/4181/4103 4513/4246/4167 4512/4247/4168
f 4511/4248/4169 4513/4246/4167 4503/4181/4103 4504/4183/4105
f 4504/4183/4105 4506/4184/4106 4523/4249/4170 4511/4248/4169
f 4524/4250/4171 4523/4249/4170 4506/4184/4106 4507/4185/4107
f 4507/4185/4107 4505/4186/4108 4525/4251/4172 4524/4250/4171
f 4505/4186/4108 4539/4187/4109 4508/4252/4173 4525/4251/4172
f 4539/4187/4109 4536/4188/4110 4541/4253/4174 4508/4252/4173
f 4542/4254/4175 4541/4253/4174 4536/4188/4110 4537/4189/4111
f 4537/4189/4111 4535/4190/4112 4540/4255/4176 4542/4254/4175
f 4487/4256/4177 4540/4255/4176 4535/4190/4112 4538/4191/4113
f 4538/4191/4113 4474/4192/4114 4492/4257/4178 4487/4256/4177
f 4474/4192/4114 4473/4193/4115 4491/4258/4179 4492/4257/4178
f 4490/4259/4180 4491/4258/4179 4473/4193/4115 4472/4194/4116
f 4472/4194/4116 4471/4195/4117 4477/4260/4181 4490/4259/4180
f 4471/4195/4117 4470/4196/4118 4476/4261/4182 4477/4260/4181
f 4470/4196/4118 4469/4197/4119 4475/4262/4183 4476/4261/4182
f 4469/4197/4119 2204/4198/4120 2221/4263/4184 4475/4262/4183
f 2204/4198/4120 2203/4199/4121 2220/4264/4185 2221/4263/4184
f 2203/4199/4121 2202/4200/4122 2210/4265/4186 2220/4264/4185
f 2209/4266/4187 2210/4265/4186 2202/4200/4122 2201/4201/4123
f 2201/4201/4123 2200/4202/4124 2208/4267/4188 2209/4266/4187
f 2200/4202/4124 2185/4203/4125 2205/4268/4189 2208/4267/4188
f 2185/4203/4125 2184/4204/4126 2189/4269/4190 2205/4268/4189
f 2184/4204/4126 2183/4205/4127 2188/4270/4191 2189/4269/4190
f 2183/4205/4127 2182/4206/4128 2187/4271/4192 2188/4270/4191
f 2182/4206/4128 2181/4207/4129 2178/4272/4193 2187/4271/4192
f 2181/4207/4129 2153/4208/4130 2168/4273/4194 2178/4272/4193
f 2153/4208/4130 2152/4209/4131 2167/4274/4195 2168/4273/4194
f 2152/4209/4131 2151/4210/4132 2166/4275/4196 2167/4274/4195
f 2151/4210/4132 2150/4211/4133 2156/4276/4197 2166/4275/4196
f 2150/4211/4133 2149/4212/4134 2155/4277/4198 2156/4276/4197
f 2149/4212/4134 2148/4213/4135 2154/4278/4199 2155/4277/4198
f 2148/4213/4135 1056/4214/4136 1069/4279/4200 2154/4278/4199
f 1056/4214/4136 1055/4215/4137 1070/4280/4201 1069/4279/4200
f 1055/4215/4137 1053/4216/4138 1059/4281/4202 1070/4280/4201
f 1053/4216/4138 1052/4217/4139 1058/4282/4203 1059/4281/4202
f 1052/4217/4139 1054/4218/4140 1057/4283/4204 1058/4282/4203
f 1054/4218/4140 1033/4219/4141 1077/4284/4205 1057/4283/4204
f 1033/4219/4141 1036/4220/4142 1041/4285/4206 1077/4284/4205
f 1036/4220/4142 1035/4221/4143 1040/4286/4207 1041/4285/4206
f 1042/4287/4208 1040/4286/4207 1035/4221/4143 1037/4222/4144
f 1037/4222/4144 1034/4223/4145 1097/4288/4209 1042/4287/4208
f 1034/4223/4145 1080/4224/4146 1085/4289/4210 1097/4288/4209
f 1080/4224/4146 1081/4225/4147 1086/4290/4211 1085/4289/4210
f 1081/4225/4147 1082/4226/4148 1087/4291/4212 1086/4290/4211
f 1082/4226/4148 1083/4227/4149 1100/4292/4213 1087/4291/4212
f 1101/4293/4214 1100/4292/4213 1083/4227/4149 1084/4228/4150
f 1084/4228/4150 3311/4229/4151 3317/4294/4215 1101/4293/4214
f 3311/4229/4151 3312/4230/4152 3318/4295/4216 3317/4294/4215
f 3319/4296/4217 3318/4295/4216 3312/4230/4152 3313/4231/4153
f 3313/4231/4153 3314/4232/4154 3329/4297/4218 3319/4296/4217
f 3314/4232/4154 3315/4233/4155 3330/4298/4219 3329/4297/4218
f 3315/4233/4155 3316/4234/4156 3331/4299/4220 3330/4298/4219
f 3316/4234/4156 3344/4235/4157 3341/4300/4221 3331/4299/4220
f 3344/4235/4157 3345/4236/4158 3350/4301/4222 3341/4300/4221
f 3351/4302/4223 3350/4301/4222 3345/4236/4158 3346/4237/4159
f 3352/4303/4224 3351/4302/4223 3346/4237/4159 3347/4238/4160
f 3368/4304/4225 3352/4303/4224 3347/4238/4160 3348/4239/4161
f 3348/4239/4161 3363/4240/4162 3371/4305/4226 3368/4304/4225
f 3363/4240/4162 3364/4241/4163 3372/4306/4227 3371/4305/4226
f 3373/4307/4228 3372/4306/4227 3364/4241/4163 3365/4242/4164
f 3365/4242/4164 3366/4243/4165 3383/4308/4229 3373/4307/4228
f 3384/4309/4230 3383/4308/4229 3366/4243/4165 3367/4244/4166
f 3367/4244/4166 4502/4245/4104 4512/4310/4168 3384/4309/4230
f 4512/4247/4168 4513/4246/4167 4518/4311/4231 4515/4312/4232
f 4514/4313/4233 4518/4311/4231 4513/4246/4167 4511/4248/4169
f 4511/4248/4169 4523/4249/4170 4526/4314/4234 4514/4313/4233
f 4523/4249/4170 4524/4250/4171 4528/4315/4235 4526/4314/4234
f 4531/4316/4236 4528/4315/4235 4524/4250/4171 4525/4251/4172
f 4525/4251/4172 4508/4252/4173 4509/4317/4237 4531/4316/4236
f 4508/4252/4173 4541/4253/4174 4546/4318/4238 4509/4317/4237
f 4541/4253/4174 4542/4254/4175 4549/4319/4239 4546/4318/4238
f 4542/4254/4175 4540/4255/4176 4543/4320/4240 4549/4319/4239
f 4540/4255/4176 4487/4256/4177 4488/4321/4241 4543/4320/4240
f 4487/4256/4177 4492/4257/4178 4499/4322/4242 4488/4321/4241
f 4492/4257/4178 4491/4258/4179 4495/4323/4243 4499/4322/4242
f 4491/4258/4179 4490/4259/4180 4493/4324/4244 4495/4323/4243
f 4490/4259/4180 4477/4260/4181 4484/4325/4245 4493/4324/4244
f 4477/4260/4181 4476/4261/4182 4481/4326/4246 4484/4325/4245
f 4476/4261/4182 4475/4262/4183 4478/4327/4247 4481/4326/4246
f 4475/4262/4183 2221/4263/4184 2225/4328/4248 4478/4327/4247
f 2221/4263/4184 2220/4264/4185 2222/4329/4249 2225/4328/4248
f 2220/4264/4185 2210/4265/4186 2217/4330/4250 2222/4329/4249
f 2210/4265/4186 2209/4266/4187 2215/4331/4251 2217/4330/4250
f 2209/4266/4187 2208/4267/4188 2211/4332/4252 2215/4331/4251
f 2208/4267/4188 2205/4268/4189 2206/4333/4253 2211/4332/4252
f 2205/4268/4189 2189/4269/4190 2196/4334/4254 2206/4333/4253
f 2189/4269/4190 2188/4270/4191 2193/4335/4255 2196/4334/4254
f 2188/4270/4191 2187/4271/4192 2192/4336/4256 2193/4335/4255
f 2187/4271/4192 2178/4272/4193 2179/4337/4257 2192/4336/4256
f 2178/4272/4193 2168/4273/4194 2175/4338/4258 2179/4337/4257
f 2168/4273/4194 2167/4274/4195 2173/4339/4259 2175/4338/4258
f 2167/4274/4195 2166/4275/4196 2170/4340/4260 2173/4339/4259
f 2166/4275/4196 2156/4276/4197 2165/4341/4261 2170/4340/4260
f 2156/4276/4197 2155/4277/4198 2161/4342/4262 2165/4341/4261
f 2155/4277/4198 2154/4278/4199 2158/4343/4263 2161/4342/4262
f 2154/4278/4199 1069/4279/4200 1074/4344/4264 2158/4343/4263
f 1069/4279/4200 1070/4280/4201 1076/4345/4265 1074/4344/4264
f 1070/4280/4201 1059/4281/4202 1067/4346/4266 1076/4345/4265
f 1059/4281/4202 1058/4282/4203 1065/4347/4267 1067/4346/4266
f 1058/4282/4203 1057/4283/4204 1061/4348/4268 1065/4347/4267
f 1057/4283/4204 1077/4284/4205 1078/4349/4269 1061/4348/4268
f 1077/4284/4205 1041/4285/4206 1048/4350/4270 1078/4349/4269
f 1041/4285/4206 1040/4286/4207 1043/4351/4271 1048/4350/4270
f 1040/4286/4207 1042/4287/4208 1051/4352/4272 1043/4351/4271
f 1042/4287/4208 1097/4288/4209 1098/4353/4273 1051/4352/4272
f 1097/4288/4209 1085/4289/4210 1088/4354/4274 1098/4353/4273
f 1093/4355/4275 1088/4354/4274 1085/4289/4210 1086/4290/4211
f 1086/4290/4211 1087/4291/4212 1095/4356/4276 1093/4355/4275
f 1087/4291/4212 1100/4292/4213 1104/4357/4277 1095/4356/4276
f 1106/4358/4278 1104/4357/4277 1100/4292/4213 1101/4293/4214
f 1101/4293/4214 3317/4294/4215 3321/4359/4279 1106/4358/4278
f 3317/4294/4215 3318/4295/4216 3324/4360/4280 3321/4359/4279
f 3328/4361/4281 3324/4360/4280 3318/4295/4216 3319/4296/4217
f 3319/4296/4217 3329/4297/4218 3333/4362/4282 3328/4361/4281
f 3329/4297/4218 3330/4298/4219 3335/4363/4283 3333/4362/4282
f 3338/4364/4284 3335/4363/4283 3330/4298/4219 3331/4299/4220
f 3331/4299/4220 3341/4300/4221 3342/4365/4285 3338/4364/4284
f 3341/4300/4221 3350/4301/4222 3355/4366/4286 3342/4365/4285
f 3350/4301/4222 3351/4302/4223 3356/4367/4287 3355/4366/4286
f 3351/4302/4223 3352/4303/4224 3359/4368/4288 3356/4367/4287
f 3352/4303/4224 3368/4304/4225 3369/4369/4289 3359/4368/4288
f 3368/4304/4225 3371/4305/4226 3374/4370/4290 3369/4369/4289
f 3377/4371/4291 3374/4370/4290 3371/4305/4226 3372/4306/4227
f 3372/4306/4227 3373/4307/4228 3380/4372/4292 3377/4371/4291
f 3373/4307/4228 3383/4308/4229 3385/4373/4293 3380/4372/4292
f 3388/4374/4294 3385/4373/4293 3383/4308/4229 3384/4309/4230
f 3384/4309/4230 4512/4310/4168 4515/4375/4232 3388/4374/4294
f 4519/4376/4295 4516/4377/4296 4515/4312/4232 4518/4311/4231
f 4521/4378/4297 4519/4376/4295 4518/4311/4231 4514/4313/4233
f 4527/4379/4298 4521/4378/4297 4514/4313/4233 4526/4314/4234
f 4529/4380/4299 4527/4379/4298 4526/4314/4234 4528/4315/4235
f 4532/4381/4300 4529/4380/4299 4528/4315/4235 4531/4316/4236
f 4510/4382/4301 4532/4381/4300 4531/4316/4236 4509/4317/4237
f 4509/4317/4237 4546/4318/4238 4547/4383/4302 4510/4382/4301
f 4546/4318/4238 4549/4319/4239 4550/4384/4303 4547/4383/4302
f 4549/4319/4239 4543/4320/4240 4544/4385/4304 4550/4384/4303
f 4543/4320/4240 4488/4321/4241 4489/4386/4305 4544/4385/4304
f 4488/4321/4241 4499/4322/4242 4500/4387/4306 4489/4386/4305
f 4499/4322/4242 4495/4323/4243 4496/4388/4307 4500/4387/4306
f 4495/4323/4243 4493/4324/4244 4494/4389/4308 4496/4388/4307
f 4493/4324/4244 4484/4325/4245 4485/4390/4309 4494/4389/4308
f 4484/4325/4245 4481/4326/4246 4482/4391/4310 4485/4390/4309
f 4481/4326/4246 4478/4327/4247 4479/4392/4311 4482/4391/4310
f 4478/4327/4247 2225/4328/4248 2226/4393/4312 4479/4392/4311
f 2225/4328/4248 2222/4329/4249 2223/4394/4313 2226/4393/4312
f 2222/4329/4249 2217/4330/4250 2218/4395/4314 2223/4394/4313
f 2217/4330/4250 2215/4331/4251 2216/4396/4315 2218/4395/4314
f 2215/4331/4251 2211/4332/4252 2212/4397/4316 2216/4396/4315
f 2211/4332/4252 2206/4333/4253 2207/4398/4317 2212/4397/4316
f 2206/4333/4253 2196/4334/4254 2198/4399/4318 2207/4398/4317
f 2196/4334/4254 2193/4335/4255 2195/4400/4319 2198/4399/4318
f 2193/4335/4255 2192/4336/4256 2191/4401/4320 2195/4400/4319
f 2192/4336/4256 2179/4337/4257 2180/4402/4321 2191/4401/4320
f 2179/4337/4257 2175/4338/4258 2177/4403/4322 2180/4402/4321
f 2175/4338/4258 2173/4339/4259 2174/4404/4323 2177/4403/4322
f 2173/4339/4259 2170/4340/4260 2171/4405/4324 2174/4404/4323
f 2170/4340/4260 2165/4341/4261 2164/4406/4325 2171/4405/4324
f 2165/4341/4261 2161/4342/4262 2162/4407/4326 2164/4406/4325
f 2161/4342/4262 2158/4343/4263 2159/4408/4327 2162/4407/4326
f 2158/4343/4263 1074/4344/4264 1075/4409/4328 2159/4408/4327
f 1074/4344/4264 1076/4345/4265 1072/4410/4329 1075/4409/4328
f 1076/4345/4265 1067/4346/4266 1068/4411/4330 1072/4410/4329
f 1067/4346/4266 1065/4347/4267 1066/4412/4331 1068/4411/4330
f 1065/4347/4267 1061/4348/4268 1063/4413/4332 1066/4412/4331
f 1061/4348/4268 1078/4349/4269 1079/4414/4333 1063/4413/4332
f 1047/4415/4334 1079/4414/4333 1078/4349/4269 1048/4350/4270
f 1045/4416/4335 1047/4415/4334 1048/4350/4270 1043/4351/4271
f 1050/4417/4336 1045/4416/4335 1043/4351/4271 1051/4352/4272
f 1099/4418/4337 1050/4417/4336 1051/4352/4272 1098/4353/4273
f 1090/4419/4338 1099/4418/4337 1098/4353/4273 1088/4354/4274
f 1094/4420/4339 1090/4419/4338 1088/4354/4274 1093/4355/4275
f 1096/4421/4340 1094/4420/4339 1093/4355/4275 1095/4356/4276
f 1103/4422/4341 1096/4421/4340 1095/4356/4276 1104/4357/4277
f 1107/4423/4342 1103/4422/4341 1104/4357/4277 1106/4358/4278
f 3322/4424/4343 1107/4423/4342 1106/4358/4278 3321/4359/4279
f 3325/4425/4344 3322/4424/4343 3321/4359/4279 3324/4360/4280
f 3327/4426/4345 3325/4425/4344 3324/4360/4280 3328/4361/4281
f 3334/4427/4346 3327/4426/4345 3328/4361/4281 3333/4362/4282
f 3336/4428/4347 3334/4427/4346 3333/4362/4282 3335/4363/4283
f 3340/4429/4348 3336/4428/4347 3335/4363/4283 3338/4364/4284
f 3343/4430/4349 3340/4429/4348 3338/4364/4284 3342/4365/4285
f 3353/4431/4350 3343/4430/4349 3342/4365/4285 3355/4366/4286
f 3357/4432/4351 3353/4431/4350 3355/4366/4286 3356/4367/4287
f 3360/4433/4352 3357/4432/4351 3356/4367/4287 3359/4368/4288
f 3370/4434/4353 3360/4433/4352 3359/4368/4288 3369/4369/4289
f 3375/4435/4354 3370/4434/4353 3369/4369/4289 3374/4370/4290
f 3378/4436/4355 3375/4435/4354 3374/4370/4290 3377/4371/4291
f 3381/4437/4356 3378/4436/4355 3377/4371/4291 3380/4372/4292
f 3386/4438/4357 3381/4437/4356 3380/4372/4292 3385/4373/4293
f 3389/4439/4358 3386/4438/4357 3385/4373/4293 3388/4374/4294
f 4516/4440/4296 3389/4439/4358 3388/4374/4294 4515/4375/4232
f 4516/4377/4296 4519/4376/4295 4520/4441/4359 4517/4442/4360
f 4522/4443/4361 4520/4441/4359 4519/4376/4295 4521/4378/4297
f 4521/4378/4297 4527/4379/4298 4534/4444/4362 4522/4443/4361
f 4530/4445/4363 4534/4444/4362 4527/4379/4298 4529/4380/4299
f 4529/4380/4299 4532/4381/4300 4533/4446/4364 4530/4445/4363
f 4532/4381/4300 4510/4382/4301 4553/4447/4365 4533/4446/4364
f 4510/4382/4301 4547/4383/4302 4548/4448/4366 4553/4447/4365
f 4547/4383/4302 4550/4384/4303 4551/4449/4367 4548/4448/4366
f 4550/4384/4303 4544/4385/4304 4545/4450/4368 4551/4449/4367
f 4544/4385/4304 4489/4386/4305 4552/4451/4369 4545/4450/4368
f 4489/4386/4305 4500/4387/4306 4501/4452/4370 4552/4451/4369
f 4500/4387/4306 4496/4388/4307 4497/4453/4371 4501/4452/4370
f 4496/4388/4307 4494/4389/4308 4498/4454/4372 4497/4453/4371
f 4494/4389/4308 4485/4390/4309 4486/4455/4373 4498/4454/4372
f 4485/4390/4309 4482/4391/4310 4483/4456/4374 4486/4455/4373
f 4482/4391/4310 4479/4392/4311 4480/4457/4375 4483/4456/4374
f 4479/4392/4311 2226/4393/4312 2227/4458/4376 4480/4457/4375
f 2226/4393/4312 2223/4394/4313 2224/4459/4377 2227/4458/4376
f 2223/4394/4313 2218/4395/4314 2219/4460/4378 2224/4459/4377
f 2218/4395/4314 2216/4396/4315 2214/4461/4379 2219/4460/4378
f 2216/4396/4315 2212/4397/4316 2213/4462/4380 2214/4461/4379
f 2212/4397/4316 2207/4398/4317 2199/4463/4381 2213/4462/4380
f 2207/4398/4317 2198/4399/4318 2197/4464/4382 2199/4463/4381
f 2198/4399/4318 2195/4400/4319 2194/4465/4383 2197/4464/4382
f 2195/4400/4319 2191/4401/4320 2190/4466/4384 2194/4465/4383
f 2191/4401/4320 2180/4402/4321 2186/4467/4385 2190/4466/4384
f 2180/4402/4321 2177/4403/4322 2176/4468/4386 2186/4467/4385
f 2177/4403/4322 2174/4404/4323 2172/4469/4387 2176/4468/4386
f 2174/4404/4323 2171/4405/4324 2169/4470/4388 2172/4469/4387
f 2171/4405/4324 2164/4406/4325 2163/4471/4389 2169/4470/4388
f 2164/4406/4325 2162/4407/4326 2160/4472/4390 2163/4471/4389
f 2157/4473/4391 2160/4472/4390 2162/4407/4326 2159/4408/4327
f 1073/4474/4392 2157/4473/4391 2159/4408/4327 1075/4409/4328
f 1075/4409/4328 1072/4410/4329 1071/4475/4393 1073/4474/4392
f 1060/4476/4394 1071/4475/4393 1072/4410/4329 1068/4411/4330
f 1068/4411/4330 1066/4412/4331 1064/4477/4395 1060/4476/4394
f 1062/4478/4396 1064/4477/4395 1066/4412/4331 1063/4413/4332
f 1038/4479/4397 1062/4478/4396 1063/4413/4332 1079/4414/4333
f 1046/4480/4398 1038/4479/4397 1079/4414/4333 1047/4415/4334
f 1044/4481/4399 1046/4480/4398 1047/4415/4334 1045/4416/4335
f 1049/4482/4400 1044/4481/4399 1045/4416/4335 1050/4417/4336
f 1039/4483/4401 1049/4482/4400 1050/4417/4336 1099/4418/4337
f 1089/4484/4402 1039/4483/4401 1099/4418/4337 1090/4419/4338
f 1092/4485/4403 1089/4484/4402 1090/4419/4338 1094/4420/4339
f 1091/4486/4404 1092/4485/4403 1094/4420/4339 1096/4421/4340
f 1102/4487/4405 1091/4486/4404 1096/4421/4340 1103/4422/4341
f 1105/4488/4406 1102/4487/4405 1103/4422/4341 1107/4423/4342
f 3320/4489/4407 1105/4488/4406 1107/4423/4342 3322/4424/4343
f 3323/4490/4408 3320/4489/4407 3322/4424/4343 3325/4425/4344
f 3326/4491/4409 3323/4490/4408 3325/4425/4344 3327/4426/4345
f 3332/4492/4410 3326/4491/4409 3327/4426/4345 3334/4427/4346
f 3337/4493/4411 3332/4492/4410 3334/4427/4346 3336/4428/4347
f 3339/4494/4412 3337/4493/4411 3336/4428/4347 3340/4429/4348
f 3349/4495/4413 3339/4494/4412 3340/4429/4348 3343/4430/4349
f 3354/4496/4414 3349/4495/4413 3343/4430/4349 3353/4431/4350
f 3358/4497/4415 3354/4496/4414 3353/4431/4350 3357/4432/4351
f 3361/4498/4416 3358/4497/4415 3357/4432/4351 3360/4433/4352
f 3362/4499/4417 3361/4498/4416 3360/4433/4352 3370/4434/4353
f 3376/4500/4418 3362/4499/4417 3370/4434/4353 3375/4435/4354
f 3379/4501/4419 3376/4500/4418 3375/4435/4354 3378/4436/4355
f 3382/4502/4420 3379/4501/4419 3378/4436/4355 3381/4437/4356
f 3387/4503/4421 3382/4502/4420 3381/4437/4356 3386/4438/4357
f 3390/4504/4422 3387/4503/4421 3386/4438/4357 3389/4439/4358
f 3389/4439/4358 4516/4440/4296 4517/4505/4360 3390/4504/4422
f 4517/4442/4360 4520/4441/4359 4645/4506/4423 4647/4507/4424
f 4520/4441/4359 4522/4443/4361 4646/4508/4425 4645/4506/4423
f 4522/4443/4361 4534/4444/4362 4649/4509/4426 4646/4508/4425
f 4534/4444/4362 4530/4445/4363 4650/4510/4427 4649/4509/4426
f 4530/4445/4363 4533/4446/4364 4600/4511/4428 4650/4510/4427
f 4533/4446/4364 4553/4447/4365 4601/4512/4429 4600/4511/4428
f 4553/4447/4365 4548/4448/4366 4599/4513/4430 4601/4512/4429
f 4548/4448/4366 4551/4449/4367 4602/4514/4431 4599/4513/4430
f 4551/4449/4367 4545/4450/4368 4597/4515/4432 4602/4514/4431
f 4545/4450/4368 4552/4451/4369 4598/4516/4433 4597/4515/4432
f 4552/4451/4369 4501/4452/4370 4596/4517/4434 4598/4516/4433
f 4501/4452/4370 4497/4453/4371 4626/4518/4435 4596/4517/4434
f 4497/4453/4371 4498/4454/4372 4624/4519/4436 4626/4518/4435
f 4498/4454/4372 4486/4455/4373 4618/4520/4437 4624/4519/4436
f 4486/4455/4373 4483/4456/4374 4616/4521/4438 4618/4520/4437
f 4483/4456/4374 4480/4457/4375 4617/4522/4439 4616/4521/4438
f 4480/4457/4375 2227/4458/4376 2303/4523/4440 4617/4522/4439
f 2227/4458/4376 2224/4459/4377 2301/4524/4441 2303/4523/4440
f 2224/4459/4377 2219/4460/4378 2296/4525/4442 2301/4524/4441
f 2219/4460/4378 2214/4461/4379 2294/4526/4443 2296/4525/4442
f 2214/4461/4379 2213/4462/4380 2250/4527/4444 2294/4526/4443
f 2213/4462/4380 2199/4463/4381 2249/4528/4445 2250/4527/4444
f 2199/4463/4381 2197/4464/4382 2248/4529/4446 2249/4528/4445
f 2197/4464/4382 2194/4465/4383 2245/4530/4447 2248/4529/4446
f 2242/4531/4448 2245/4530/4447 2194/4465/4383 2190/4466/4384
f 2190/4466/4384 2186/4467/4385 2241/4532/4449 2242/4531/4448
f 2186/4467/4385 2176/4468/4386 2240/4533/4450 2241/4532/4449
f 2131/4534/4451 2240/4533/4450 2176/4468/4386 2172/4469/4387
f 2172/4469/4387 2169/4470/4388 2130/4535/4452 2131/4534/4451
f 2127/4536/4453 2130/4535/4452 2169/4470/4388 2163/4471/4389
f 2126/4537/4454 2127/4536/4453 2163/4471/4389 2160/4472/4390
f 2124/4538/4455 2126/4537/4454 2160/4472/4390 2157/4473/4391
f 1003/4539/4456 2124/4538/4455 2157/4473/4391 1073/4474/4392
f 1002/4540/4457 1003/4539/4456 1073/4474/4392 1071/4475/4393
f 998/4541/4458 1002/4540/4457 1071/4475/4393 1060/4476/4394
f 997/4542/4459 998/4541/4458 1060/4476/4394 1064/4477/4395
f 1114/4543/4460 997/4542/4459 1064/4477/4395 1062/4478/4396
f 1113/4544/4461 1114/4543/4460 1062/4478/4396 1038/4479/4397
f 1115/4545/4462 1113/4544/4461 1038/4479/4397 1046/4480/4398
f 1111/4546/4463 1115/4545/4462 1046/4480/4398 1044/4481/4399
f 1117/4547/4464 1111/4546/4463 1044/4481/4399 1049/4482/4400
f 1116/4548/4465 1117/4547/4464 1049/4482/4400 1039/4483/4401
f 1118/4549/4466 1116/4548/4465 1039/4483/4401 1089/4484/4402
f 1018/4550/4467 1118/4549/4466 1089/4484/4402 1092/4485/4403
f 1092/4485/4403 1091/4486/4404 1020/4551/4468 1018/4550/4467
f 1026/4552/4469 1020/4551/4468 1091/4486/4404 1102/4487/4405
f 1027/4553/4470 1026/4552/4469 1102/4487/4405 1105/4488/4406
f 3286/4554/4471 1027/4553/4470 1105/4488/4406 3320/4489/4407
f 3287/4555/4472 3286/4554/4471 3320/4489/4407 3323/4490/4408
f 3289/4556/4473 3287/4555/4472 3323/4490/4408 3326/4491/4409
f 3292/4557/4474 3289/4556/4473 3326/4491/4409 3332/4492/4410
f 3294/4558/4475 3292/4557/4474 3332/4492/4410 3337/4493/4411
f 3419/4559/4476 3294/4558/4475 3337/4493/4411 3339/4494/4412
f 3420/4560/4477 3419/4559/4476 3339/4494/4412 3349/4495/4413
f 3421/4561/4478 3420/4560/4477 3349/4495/4413 3354/4496/4414
f 3423/4562/4479 3421/4561/4478 3354/4496/4414 3358/4497/4415
f 3358/4497/4415 3361/4498/4416 3427/4563/4480 3423/4562/4479
f 3428/4564/4481 3427/4563/4480 3361/4498/4416 3362/4499/4417
f 3429/4565/4482 3428/4564/4481 3362/4499/4417 3376/4500/4418
f 3376/4500/4418 3379/4501/4419 3457/4566/4483 3429/4565/4482
f 3379/4501/4419 3382/4502/4420 3458/4567/4484 3457/4566/4483
f 3382/4502/4420 3387/4503/4421 3463/4568/4485 3458/4567/4484
f 3387/4503/4421 3390/4504/4422 3464/4569/4486 3463/4568/4485
f 3390/4504/4422 4517/4505/4360 4647/4570/4424 3464/4569/4486
f 4647/4507/4424 4645/4506/4423 4656/4571/4487 4655/4572/4488
f 4645/4506/4423 4646/4508/4425 4648/4573/4489 4656/4571/4487
f 4646/4508/4425 4649/4509/4426 4651/4574/4490 4648/4573/4489
f 4649/4509/4426 4650/4510/4427 4652/4575/4491 4651/4574/4490
f 4650/4510/4427 4600/4511/4428 4667/4576/4492 4652/4575/4491
f 4600/4511/4428 4601/4512/4429 4668/4577/4493 4667/4576/4492
f 4601/4512/4429 4599/4513/4430 4604/4578/4494 4668/4577/4493
f 4599/4513/4430 4602/4514/4431 4605/4579/4495 4604/4578/4494
f 4602/4514/4431 4597/4515/4432 4603/4580/4496 4605/4579/4495
f 4597/4515/4432 4598/4516/4433 4639/4581/4497 4603/4580/4496
f 4598/4516/4433 4596/4517/4434 4638/4582/4498 4639/4581/4497
f 4596/4517/4434 4626/4518/4435 4627/4583/4499 4638/4582/4498
f 4626/4518/4435 4624/4519/4436 4625/4584/4500 4627/4583/4499
f 4624/4519/4436 4618/4520/4437 4619/4585/4501 4625/4584/4500
f 4618/4520/4437 4616/4521/4438 4621/4586/4502 4619/4585/4501
f 4616/4521/4438 4617/4522/4439 4620/4587/4503 4621/4586/4502
f 4617/4522/4439 2303/4523/4440 2304/4588/4504 4620/4587/4503
f 2303/4523/4440 2301/4524/4441 2302/4589/4505 2304/4588/4504
f 2301/4524/4441 2296/4525/4442 2297/4590/4506 2302/4589/4505
f 2296/4525/4442 2294/4526/4443 2295/4591/4507 2297/4590/4506
f 2294/4526/4443 2250/4527/4444 2289/4592/4508 2295/4591/4507
f 2250/4527/4444 2249/4528/4445 2288/4593/4509 2289/4592/4508
f 2249/4528/4445 2248/4529/4446 2246/4594/4510 2288/4593/4509
f 2248/4529/4446 2245/4530/4447 2244/4595/4511 2246/4594/4510
f 2245/4530/4447 2242/4531/4448 2243/4596/4512 2244/4595/4511
f 2242/4531/4448 2241/4532/4449 2142/4597/4513 2243/4596/4512
f 2241/4532/4449 2240/4533/4450 2141/4598/4514 2142/4597/4513
f 2240/4533/4450 2131/4534/4451 2129/4599/4515 2141/4598/4514
f 2128/4600/4516 2129/4599/4515 2131/4534/4451 2130/4535/4452
f 2130/4535/4452 2127/4536/4453 2125/4601/4517 2128/4600/4516
f 2127/4536/4453 2126/4537/4454 2120/4602/4518 2125/4601/4517
f 2126/4537/4454 2124/4538/4455 2119/4603/4519 2120/4602/4518
f 2124/4538/4455 1003/4539/4456 993/4604/4520 2119/4603/4519
f 1003/4539/4456 1002/4540/4457 1001/4605/4521 993/4604/4520
f 1002/4540/4457 998/4541/4458 996/4606/4522 1001/4605/4521
f 995/4607/4523 996/4606/4522 998/4541/4458 997/4542/4459
f 997/4542/4459 1114/4543/4460 987/4608/4524 995/4607/4523
f 986/4609/4525 987/4608/4524 1114/4543/4460 1113/4544/4461
f 1113/4544/4461 1115/4545/4462 1109/4610/4526 986/4609/4525
f 1108/4611/4527 1109/4610/4526 1115/4545/4462 1111/4546/4463
f 1111/4546/4463 1117/4547/4464 1110/4612/4528 1108/4611/4527
f 1117/4547/4464 1116/4548/4465 1010/4613/4529 1110/4612/4528
f 1011/4614/4530 1010/4613/4529 1116/4548/4465 1118/4549/4466
f 1017/4615/4531 1011/4614/4530 1118/4549/4466 1018/4550/4467
f 1019/4616/4532 1017/4615/4531 1018/4550/4467 1020/4551/4468
f 1020/4551/4468 1026/4552/4469 1025/4617/4533 1019/4616/4532
f 1026/4552/4469 1027/4553/4470 1023/4618/4534 1025/4617/4533
f 1027/4553/4470 3286/4554/4471 3282/4619/4535 1023/4618/4534
f 3286/4554/4471 3287/4555/4472 3283/4620/4536 3282/4619/4535
f 3287/4555/4472 3289/4556/4473 3288/4621/4537 3283/4620/4536
f 3289/4556/4473 3292/4557/4474 3291/4622/4538 3288/4621/4537
f 3293/4623/4539 3291/4622/4538 3292/4557/4474 3294/4558/4475
f 3294/4558/4475 3419/4559/4476 3304/4624/4540 3293/4623/4539
f 3305/4625/4541 3304/4624/4540 3419/4559/4476 3420/4560/4477
f 3420/4560/4477 3421/4561/4478 3422/4626/4542 3305/4625/4541
f 3424/4627/4543 3422/4626/4542 3421/4561/4478 3423/4562/4479
f 3423/4562/4479 3427/4563/4480 3425/4628/4544 3424/4627/4543
f 3427/4563/4480 3428/4564/4481 3451/4629/4545 3425/4628/4544
f 3452/4630/4546 3451/4629/4545 3428/4564/4481 3429/4565/4482
f 3459/4631/4547 3452/4630/4546 3429/4565/4482 3457/4566/4483
f 3457/4566/4483 3458/4567/4484 3460/4632/4548 3459/4631/4547
f 3458/4567/4484 3463/4568/4485 3465/4633/4549 3460/4632/4548
f 3463/4568/4485 3464/4569/4486 3467/4634/4550 3465/4633/4549
f 3464/4569/4486 4647/4570/4424 4655/4635/4488 3467/4634/4550
f 4658/4636/4551 4657/4637/4552 4655/4572/4488 4656/4571/4487
f 4659/4638/4553 4658/4636/4551 4656/4571/4487 4648/4573/4489
f 4648/4573/4489 4651/4574/4490 4653/4639/4554 4659/4638/4553
f 4654/4640/4555 4653/4639/4554 4651/4574/4490 4652/4575/4491
f 4670/4641/4556 4654/4640/4555 4652/4575/4491 4667/4576/4492
f 4667/4576/4492 4668/4577/4493 4669/4642/4557 4670/4641/4556
f 4668/4577/4493 4604/4578/4494 4671/4643/4558 4669/4642/4557
f 4604/4578/4494 4605/4579/4495 4606/4644/4559 4671/4643/4558
f 4605/4579/4495 4603/4580/4496 4642/4645/4560 4606/4644/4559
f 4603/4580/4496 4639/4581/4497 4641/4646/4561 4642/4645/4560
f 4639/4581/4497 4638/4582/4498 4640/4647/4562 4641/4646/4561
f 4638/4582/4498 4627/4583/4499 4629/4648/4563 4640/4647/4562
f 4627/4583/4499 4625/4584/4500 4628/4649/4564 4629/4648/4563
f 4625/4584/4500 4619/4585/4501 4630/4650/4565 4628/4649/4564
f 4619/4585/4501 4621/4586/4502 4623/4651/4566 4630/4650/4565
f 4621/4586/4502 4620/4587/4503 4622/4652/4567 4623/4651/4566
f 4620/4587/4503 2304/4588/4504 2305/4653/4568 4622/4652/4567
f 2304/4588/4504 2302/4589/4505 2300/4654/4569 2305/4653/4568
f 2302/4589/4505 2297/4590/4506 2299/4655/4570 2300/4654/4569
f 2297/4590/4506 2295/4591/4507 2298/4656/4571 2299/4655/4570
f 2295/4591/4507 2289/4592/4508 2291/4657/4572 2298/4656/4571
f 2289/4592/4508 2288/4593/4509 2290/4658/4573 2291/4657/4572
f 2288/4593/4509 2246/4594/4510 2287/4659/4574 2290/4658/4573
f 2246/4594/4510 2244/4595/4511 2247/4660/4575 2287/4659/4574
f 2244/4595/4511 2243/4596/4512 2145/4661/4576 2247/4660/4575
f 2243/4596/4512 2142/4597/4513 2144/4662/4577 2145/4661/4576
f 2142/4597/4513 2141/4598/4514 2143/4663/4578 2144/4662/4577
f 2141/4598/4514 2129/4599/4515 2133/4664/4579 2143/4663/4578
f 2129/4599/4515 2128/4600/4516 2132/4665/4580 2133/4664/4579
f 2128/4600/4516 2125/4601/4517 2123/4666/4581 2132/4665/4580
f 2125/4601/4517 2120/4602/4518 2122/4667/4582 2123/4666/4581
f 2120/4602/4518 2119/4603/4519 2121/4668/4583 2122/4667/4582
f 2119/4603/4519 993/4604/4520 994/4669/4584 2121/4668/4583
f 993/4604/4520 1001/4605/4521 992/4670/4585 994/4669/4584
f 1000/4671/4586 992/4670/4585 1001/4605/4521 996/4606/4522
f 996/4606/4522 995/4607/4523 999/4672/4587 1000/4671/4586
f 995/4607/4523 987/4608/4524 988/4673/4588 999/4672/4587
f 987/4608/4524 986/4609/4525 989/4674/4589 988/4673/4588
f 986/4609/4525 1109/4610/4526 985/4675/4590 989/4674/4589
f 1112/4676/4591 985/4675/4590 1109/4610/4526 1108/4611/4527
f 1009/4677/4592 1112/4676/4591 1108/4611/4527 1110/4612/4528
f 1012/4678/4593 1009/4677/4592 1110/4612/4528 1010/4613/4529
f 1010/4613/4529 1011/4614/4530 1013/4679/4594 1012/4678/4593
f 1021/4680/4595 1013/4679/4594 1011/4614/4530 1017/4615/4531
f 1022/4681/4596 1021/4680/4595 1017/4615/4531 1019/4616/4532
f 1016/4682/4597 1022/4681/4596 1019/4616/4532 1025/4617/4533
f 1024/4683/4598 1016/4682/4597 1025/4617/4533 1023/4618/4534
f 3284/4684/4599 1024/4683/4598 1023/4618/4534 3282/4619/4535
f 3285/4685/4600 3284/4684/4599 3282/4619/4535 3283/4620/4536
f 3290/4686/4601 3285/4685/4600 3283/4620/4536 3288/4621/4537
f 3295/4687/4602 3290/4686/4601 3288/4621/4537 3291/4622/4538
f 3296/4688/4603 3295/4687/4602 3291/4622/4538 3293/4623/4539
f 3306/4689/4604 3296/4688/4603 3293/4623/4539 3304/4624/4540
f 3304/4624/4540 3305/4625/4541 3307/4690/4605 3306/4689/4604
f 3305/4625/4541 3422/4626/4542 3308/4691/4606 3307/4690/4605
f 3426/4692/4607 3308/4691/4606 3422/4626/4542 3424/4627/4543
f 3450/4693/4608 3426/4692/4607 3424/4627/4543 3425/4628/4544
f 3453/4694/4609 3450/4693/4608 3425/4628/4544 3451/4629/4545
f 3451/4629/4545 3452/4630/4546 3454/4695/4610 3453/4694/4609
f 3461/4696/4611 3454/4695/4610 3452/4630/4546 3459/4631/4547
f 3462/4697/4612 3461/4696/4611 3459/4631/4547 3460/4632/4548
f 3466/4698/4613 3462/4697/4612 3460/4632/4548 3465/4633/4549
f 3468/4699/4614 3466/4698/4613 3465/4633/4549 3467/4634/4550
f 4657/4700/4552 3468/4699/4614 3467/4634/4550 4655/4635/4488
f 4657/4637/4552 4658/4636/4551 4661/4701/4615 4660/4702/4616
f 4658/4636/4551 4659/4638/4553 4662/4703/4617 4661/4701/4615
f 4659/4638/4553 4653/4639/4554 4666/4704/4618 4662/4703/4617
f 4653/4639/4554 4654/4640/4555 4665/4705/4619 4666/4704/4618
f 4654/4640/4555 4670/4641/4556 4672/4706/4620 4665/4705/4619
f 4670/4641/4556 4669/4642/4557 4673/4707/4621 4672/4706/4620
f 4669/4642/4557 4671/4643/4558 4615/4708/4622 4673/4707/4621
f 4671/4643/4558 4606/4644/4559 4613/4709/4623 4615/4708/4622
f 4606/4644/4559 4642/4645/4560 4614/4710/4624 4613/4709/4623
f 4644/4711/4625 4614/4710/4624 4642/4645/4560 4641/4646/4561
f 4641/4646/4561 4640/4647/4562 4643/4712/4626 4644/4711/4625
f 4640/4647/4562 4629/4648/4563 4637/4713/4627 4643/4712/4626
f 4629/4648/4563 4628/4649/4564 4636/4714/4628 4637/4713/4627
f 4628/4649/4564 4630/4650/4565 4633/4715/4629 4636/4714/4628
f 4630/4650/4565 4623/4651/4566 4632/4716/4630 4633/4715/4629
f 4623/4651/4566 4622/4652/4567 4631/4717/4631 4632/4716/4630
f 4622/4652/4567 2305/4653/4568 2309/4718/4632 4631/4717/4631
f 2305/4653/4568 2300/4654/4569 2308/4719/4633 2309/4718/4632
f 2300/4654/4569 2299/4655/4570 2307/4720/4634 2308/4719/4633
f 2299/4655/4570 2298/4656/4571 2306/4721/4635 2307/4720/4634
f 2298/4656/4571 2291/4657/4572 2293/4722/4636 2306/4721/4635
f 2291/4657/4572 2290/4658/4573 2292/4723/4637 2293/4722/4636
f 2290/4658/4573 2287/4659/4574 2255/4724/4638 2292/4723/4637
f 2287/4659/4574 2247/4660/4575 2254/4725/4639 2255/4724/4638
f 2247/4660/4575 2145/4661/4576 2253/4726/4640 2254/4725/4639
f 2145/4661/4576 2144/4662/4577 2147/4727/4641 2253/4726/4640
f 2144/4662/4577 2143/4663/4578 2146/4728/4642 2147/4727/4641
f 2143/4663/4578 2133/4664/4579 2140/4729/4643 2146/4728/4642
f 2133/4664/4579 2132/4665/4580 2139/4730/4644 2140/4729/4643
f 2132/4665/4580 2123/4666/4581 2136/4731/4645 2139/4730/4644
f 2123/4666/4581 2122/4667/4582 2135/4732/4646 2136/4731/4645
f 2122/4667/4582 2121/4668/4583 2134/4733/4647 2135/4732/4646
f 2121/4668/4583 994/4669/4584 1007/4734/4648 2134/4733/4647
f 994/4669/4584 992/4670/4585 1006/4735/4649 1007/4734/4648
f 992/4670/4585 1000/4671/4586 1004/4736/4650 1006/4735/4649
f 1000/4671/4586 999/4672/4587 1005/4737/4651 1004/4736/4650
f 999/4672/4587 988/4673/4588 991/4738/4652 1005/4737/4651
f 988/4673/4588 989/4674/4589 990/4739/4653 991/4738/4652
f 989/4674/4589 985/4675/4590 1119/4740/4654 990/4739/4653
f 985/4675/4590 1112/4676/4591 1121/4741/4655 1119/4740/4654
f 1112/4676/4591 1009/4677/4592 1120/4742/4656 1121/4741/4655
f 1009/4677/4592 1012/4678/4593 1014/4743/4657 1120/4742/4656
f 1012/4678/4593 1013/4679/4594 1015/4744/4658 1014/4743/4657
f 1013/4679/4594 1021/4680/4595 1028/4745/4659 1015/4744/4658
f 1021/4680/4595 1022/4681/4596 1029/4746/4660 1028/4745/4659
f 1022/4681/4596 1016/4682/4597 1030/4747/4661 1029/4746/4660
f 1016/4682/4597 1024/4683/4598 1031/4748/4662 1030/4747/4661
f 1024/4683/4598 3284/4684/4599 3297/4749/4663 1031/4748/4662
f 3284/4684/4599 3285/4685/4600 3298/4750/4664 3297/4749/4663
f 3285/4685/4600 3290/4686/4601 3299/4751/4665 3298/4750/4664
f 3290/4686/4601 3295/4687/4602 3302/4752/4666 3299/4751/4665
f 3295/4687/4602 3296/4688/4603 3303/4753/4667 3302/4752/4666
f 3296/4688/4603 3306/4689/4604 3309/4754/4668 3303/4753/4667
f 3306/4689/4604 3307/4690/4605 3310/4755/4669 3309/4754/4668
f 3307/4690/4605 3308/4691/4606 3434/4756/4670 3310/4755/4669
f 3308/4691/4606 3426/4692/4607 3435/4757/4671 3434/4756/4670
f 3426/4692/4607 3450/4693/4608 3436/4758/4672 3435/4757/4671
f 3455/4759/4673 3436/4758/4672 3450/4693/4608 3453/4694/4609
f 3453/4694/4609 3454/4695/4610 3456/4760/4674 3455/4759/4673
f 3454/4695/4610 3461/4696/4611 3469/4761/4675 3456/4760/4674
f 3461/4696/4611 3462/4697/4612 3470/4762/4676 3469/4761/4675
f 3462/4697/4612 3466/4698/4613 3471/4763/4677 3470/4762/4676
f 3466/4698/4613 3468/4699/4614 3472/4764/4678 3471/4763/4677
f 3468/4699/4614 4657/4700/4552 4660/4765/4616 3472/4764/4678
f 4664/4766/4679 4663/4767/4680 4660/4702/4616 4661/4701/4615
f 4592/4768/4681 4664/4766/4679 4661/4701/4615 4662/4703/4617
f 4593/4769/4682 4592/4768/4681 4662/4703/4617 4666/4704/4618
f 4595/4770/4683 4593/4769/4682 4666/4704/4618 4665/4705/4619
f 4594/4771/4684 4595/4770/4683 4665/4705/4619 4672/4706/4620
f 4611/4772/4685 4594/4771/4684 4672/4706/4620 4673/4707/4621
f 4612/4773/4686 4611/4772/4685 4673/4707/4621 4615/4708/4622
f 4608/4774/4687 4612/4773/4686 4615/4708/4622 4613/4709/4623
f 4610/4775/4688 4608/4774/4687 4613/4709/4623 4614/4710/4624
f 4609/4776/4689 4610/4775/4688 4614/4710/4624 4644/4711/4625
f 4583/4777/4690 4609/4776/4689 4644/4711/4625 4643/4712/4626
f 4582/4778/4691 4583/4777/4690 4643/4712/4626 4637/4713/4627
f 4637/4713/4627 4636/4714/4628 4581/4779/4692 4582/4778/4691
f 4576/4780/4693 4581/4779/4692 4636/4714/4628 4633/4715/4629
f 4635/4781/4694 4576/4780/4693 4633/4715/4629 4632/4716/4630
f 4634/4782/4695 4635/4781/4694 4632/4716/4630 4631/4717/4631
f 2310/4783/4696 4634/4782/4695 4631/4717/4631 2309/4718/4632
f 2286/4784/4697 2310/4783/4696 2309/4718/4632 2308/4719/4633
f 2308/4719/4633 2307/4720/4634 2282/4785/4698 2286/4784/4697
f 2307/4720/4634 2306/4721/4635 2281/4786/4699 2282/4785/4698
f 2280/4787/4700 2281/4786/4699 2306/4721/4635 2293/4722/4636
f 2293/4722/4636 2292/4723/4637 2259/4788/4701 2280/4787/4700
f 2292/4723/4637 2255/4724/4638 2258/4789/4702 2259/4788/4701
f 2255/4724/4638 2254/4725/4639 2256/4790/4703 2258/4789/4702
f 2252/4791/4704 2256/4790/4703 2254/4725/4639 2253/4726/4640
f 2253/4726/4640 2147/4727/4641 2251/4792/4705 2252/4791/4704
f 2147/4727/4641 2146/4728/4642 2231/4793/4706 2251/4792/4705
f 2146/4728/4642 2140/4729/4643 2230/4794/4707 2231/4793/4706
f 2140/4729/4643 2139/4730/4644 2229/4795/4708 2230/4794/4707
f 2139/4730/4644 2136/4731/4645 2228/4796/4709 2229/4795/4708
f 2136/4731/4645 2135/4732/4646 2138/4797/4710 2228/4796/4709
f 2135/4732/4646 2134/4733/4647 2137/4798/4711 2138/4797/4710
f 2134/4733/4647 1007/4734/4648 1008/4799/4712 2137/4798/4711
f 1007/4734/4648 1006/4735/4649 1131/4800/4713 1008/4799/4712
f 1006/4735/4649 1004/4736/4650 1130/4801/4714 1131/4800/4713
f 1004/4736/4650 1005/4737/4651 1128/4802/4715 1130/4801/4714
f 1005/4737/4651 991/4738/4652 1129/4803/4716 1128/4802/4715
f 991/4738/4652 990/4739/4653 1123/4804/4717 1129/4803/4716
f 990/4739/4653 1119/4740/4654 1122/4805/4718 1123/4804/4717
f 1119/4740/4654 1121/4741/4655 1126/4806/4719 1122/4805/4718
f 1121/4741/4655 1120/4742/4656 1124/4807/4720 1126/4806/4719
f 1120/4742/4656 1014/4743/4657 1125/4808/4721 1124/4807/4720
f 1014/4743/4657 1015/4744/4658 1139/4809/4722 1125/4808/4721
f 1015/4744/4658 1028/4745/4659 1140/4810/4723 1139/4809/4722
f 1141/4811/4724 1140/4810/4723 1028/4745/4659 1029/4746/4660
f 1029/4746/4660 1030/4747/4661 1146/4812/4725 1141/4811/4724
f 1030/4747/4661 1031/4748/4662 1032/4813/4726 1146/4812/4725
f 1031/4748/4662 3297/4749/4663 3300/4814/4727 1032/4813/4726
f 3297/4749/4663 3298/4750/4664 3301/4815/4728 3300/4814/4727
f 3298/4750/4664 3299/4751/4665 3391/4816/4729 3301/4815/4728
f 3396/4817/4730 3391/4816/4729 3299/4751/4665 3302/4752/4666
f 3397/4818/4731 3396/4817/4730 3302/4752/4666 3303/4753/4667
f 3303/4753/4667 3309/4754/4668 3398/4819/4732 3397/4818/4731
f 3430/4820/4733 3398/4819/4732 3309/4754/4668 3310/4755/4669
f 3431/4821/4734 3430/4820/4733 3310/4755/4669 3434/4756/4670
f 3433/4822/4735 3431/4821/4734 3434/4756/4670 3435/4757/4671
f 3435/4757/4671 3436/4758/4672 3437/4823/4736 3433/4822/4735
f 3438/4824/4737 3437/4823/4736 3436/4758/4672 3455/4759/4673
f 3446/4825/4738 3438/4824/4737 3455/4759/4673 3456/4760/4674
f 3447/4826/4739 3446/4825/4738 3456/4760/4674 3469/4761/4675
f 3448/4827/4740 3447/4826/4739 3469/4761/4675 3470/4762/4676
f 3449/4828/4741 3448/4827/4740 3470/4762/4676 3471/4763/4677
f 3473/4829/4742 3449/4828/4741 3471/4763/4677 3472/4764/4678
f 4663/4830/4680 3473/4829/4742 3472/4764/4678 4660/4765/4616
f 4585/4831/4743 4584/4832/4744 4663/4767/4680 4664/4766/4679
f 4586/4833/4745 4585/4831/4743 4664/4766/4679 4592/4768/4681
f 4587/4834/4746 4586/4833/4745 4592/4768/4681 4593/4769/4682
f 4590/4835/4747 4587/4834/4746 4593/4769/4682 4595/4770/4683
f 4591/4836/4748 4590/4835/4747 4595/4770/4683 4594/4771/4684
f 4588/4837/4749 4591/4836/4748 4594/4771/4684 4611/4772/4685
f 4589/4838/4750 4588/4837/4749 4611/4772/4685 4612/4773/4686
f 4607/4839/4751 4589/4838/4750 4612/4773/4686 4608/4774/4687
f 4580/4840/4752 4607/4839/4751 4608/4774/4687 4610/4775/4688
f 4579/4841/4753 4580/4840/4752 4610/4775/4688 4609/4776/4689
f 4578/4842/4754 4579/4841/4753 4609/4776/4689 4583/4777/4690
f 4577/4843/4755 4578/4842/4754 4583/4777/4690 4582/4778/4691
f 4575/4844/4756 4577/4843/4755 4582/4778/4691 4581/4779/4692
f 4574/4845/4757 4575/4844/4756 4581/4779/4692 4576/4780/4693
f 4576/4780/4693 4635/4781/4694 4573/4846/4758 4574/4845/4757
f 4572/4847/4759 4573/4846/4758 4635/4781/4694 4634/4782/4695
f 2285/4848/4760 4572/4847/4759 4634/4782/4695 2310/4783/4696
f 2310/4783/4696 2286/4784/4697 2284/4849/4761 2285/4848/4760
f 2283/4850/4762 2284/4849/4761 2286/4784/4697 2282/4785/4698
f 2282/4785/4698 2281/4786/4699 2279/4851/4763 2283/4850/4762
f 2281/4786/4699 2280/4787/4700 2278/4852/4764 2279/4851/4763
f 2277/4853/4765 2278/4852/4764 2280/4787/4700 2259/4788/4701
f 2259/4788/4701 2258/4789/4702 2276/4854/4766 2277/4853/4765
f 2258/4789/4702 2256/4790/4703 2257/4855/4767 2276/4854/4766
f 2256/4790/4703 2252/4791/4704 2239/4856/4768 2257/4855/4767
f 2252/4791/4704 2251/4792/4705 2238/4857/4769 2239/4856/4768
f 2251/4792/4705 2231/4793/4706 2237/4858/4770 2238/4857/4769
f 2231/4793/4706 2230/4794/4707 2236/4859/4771 2237/4858/4770
f 2230/4794/4707 2229/4795/4708 2235/4860/4772 2236/4859/4771
f 2229/4795/4708 2228/4796/4709 2234/4861/4773 2235/4860/4772
f 2228/4796/4709 2138/4797/4710 2233/4862/4774 2234/4861/4773
f 2138/4797/4710 2137/4798/4711 2232/4863/4775 2233/4862/4774
f 2137/4798/4711 1008/4799/4712 1138/4864/4776 2232/4863/4775
f 1008/4799/4712 1131/4800/4713 1137/4865/4777 1138/4864/4776
f 1131/4800/4713 1130/4801/4714 1136/4866/4778 1137/4865/4777
f 1130/4801/4714 1128/4802/4715 1133/4867/4779 1136/4866/4778
f 1128/4802/4715 1129/4803/4716 1132/4868/4780 1133/4867/4779
f 1129/4803/4716 1123/4804/4717 1135/4869/4781 1132/4868/4780
f 1123/4804/4717 1122/4805/4718 1134/4870/4782 1135/4869/4781
f 1122/4805/4718 1126/4806/4719 1127/4871/4783 1134/4870/4782
f 1126/4806/4719 1124/4807/4720 1142/4872/4784 1127/4871/4783
f 1124/4807/4720 1125/4808/4721 1143/4873/4785 1142/4872/4784
f 1125/4808/4721 1139/4809/4722 1144/4874/4786 1143/4873/4785
f 1139/4809/4722 1140/4810/4723 1145/4875/4787 1144/4874/4786
f 1140/4810/4723 1141/4811/4724 1147/4876/4788 1145/4875/4787
f 1141/4811/4724 1146/4812/4725 1148/4877/4789 1147/4876/4788
f 1149/4878/4790 1148/4877/4789 1146/4812/4725 1032/4813/4726
f 1032/4813/4726 3300/4814/4727 3392/4879/4791 1149/4878/4790
f 3300/4814/4727 3301/4815/4728 3393/4880/4792 3392/4879/4791
f 3394/4881/4793 3393/4880/4792 3301/4815/4728 3391/4816/4729
f 3391/4816/4729 3396/4817/4730 3395/4882/4794 3394/4881/4793
f 3399/4883/4795 3395/4882/4794 3396/4817/4730 3397/4818/4731
f 3400/4884/4796 3399/4883/4795 3397/4818/4731 3398/4819/4732
f 3398/4819/4732 3430/4820/4733 3401/4885/4797 3400/4884/4796
f 3402/4886/4798 3401/4885/4797 3430/4820/4733 3431/4821/4734
f 3432/4887/4799 3402/4886/4798 3431/4821/4734 3433/4822/4735
f 3439/4888/4800 3432/4887/4799 3433/4822/4735 3437/4823/4736
f 3440/4889/4801 3439/4888/4800 3437/4823/4736 3438/4824/4737
f 3441/4890/4802 3440/4889/4801 3438/4824/4737 3446/4825/4738
f 3442/4891/4803 3441/4890/4802 3446/4825/4738 3447/4826/4739
f 3443/4892/4804 3442/4891/4803 3447/4826/4739 3448/4827/4740
f 3444/4893/4805 3443/4892/4804 3448/4827/4740 3449/4828/4741
f 3445/4894/4806 3444/4893/4805 3449/4828/4741 3473/4829/4742
f 4584/4895/4744 3445/4894/4806 3473/4829/4742 4663/4830/4680
f 4569/4896/4807 4568/4897/4808 4584/4832/4744 4585/4831/4743
f 4570/4898/4809 4569/4896/4807 4585/4831/4743 4586/4833/4745
f 4563/4899/4810 4570/4898/4809 4586/4833/4745 4587/4834/4746
f 4566/4900/4811 4563/4899/4810 4587/4834/4746 4590/4835/4747
f 4565/4901/4812 4566/4900/4811 4590/4835/4747 4591/4836/4748
f 4567/4902/4813 4565/4901/4812 4591/4836/4748 4588/4837/4749
f 4564/4903/4814 4567/4902/4813 4588/4837/4749 4589/4838/4750
f 4571/4904/4815 4564/4903/4814 4589/4838/4750 4607/4839/4751
f 4561/4905/4816 4571/4904/4815 4607/4839/4751 4580/4840/4752
f 4562/4906/4817 4561/4905/4816 4580/4840/4752 4579/4841/4753
f 4560/4907/4818 4562/4906/4817 4579/4841/4753 4578/4842/4754
f 4559/4908/4819 4560/4907/4818 4578/4842/4754 4577/4843/4755
f 4555/4909/4820 4559/4908/4819 4577/4843/4755 4575/4844/4756
f 4558/4910/4821 4555/4909/4820 4575/4844/4756 4574/4845/4757
f 4557/4911/4822 4558/4910/4821 4574/4845/4757 4573/4846/4758
f 4556/4912/4823 4557/4911/4822 4573/4846/4758 4572/4847/4759
f 2275/4913/4824 4556/4912/4823 4572/4847/4759 2285/4848/4760
f 2274/4914/4825 2275/4913/4824 2285/4848/4760 2284/4849/4761
f 2273/4915/4826 2274/4914/4825 2284/4849/4761 2283/4850/4762
f 2272/4916/4827 2273/4915/4826 2283/4850/4762 2279/4851/4763
f 2271/4917/4828 2272/4916/4827 2279/4851/4763 2278/4852/4764
f 2270/4918/4829 2271/4917/4828 2278/4852/4764 2277/4853/4765
f 2277/4853/4765 2276/4854/4766 2269/4919/4830 2270/4918/4829
f 2276/4854/4766 2257/4855/4767 2268/4920/4831 2269/4919/4830
f 2257/4855/4767 2239/4856/4768 2267/4921/4832 2268/4920/4831
f 2239/4856/4768 2238/4857/4769 2266/4922/4833 2267/4921/4832
f 2238/4857/4769 2237/4858/4770 2265/4923/4834 2266/4922/4833
f 2237/4858/4770 2236/4859/4771 2264/4924/4835 2265/4923/4834
f 2236/4859/4771 2235/4860/4772 2263/4925/4836 2264/4924/4835
f 2235/4860/4772 2234/4861/4773 2262/4926/4837 2263/4925/4836
f 2234/4861/4773 2233/4862/4774 2261/4927/4838 2262/4926/4837
f 2233/4862/4774 2232/4863/4775 2260/4928/4839 2261/4927/4838
f 2232/4863/4775 1138/4864/4776 1152/4929/4840 2260/4928/4839
f 1138/4864/4776 1137/4865/4777 1151/4930/4841 1152/4929/4840
f 1137/4865/4777 1136/4866/4778 1157/4931/4842 1151/4930/4841
f 1136/4866/4778 1133/4867/4779 1154/4932/4843 1157/4931/4842
f 1133/4867/4779 1132/4868/4780 1155/4933/4844 1154/4932/4843
f 1132/4868/4780 1135/4869/4781 1153/4934/4845 1155/4933/4844
f 1135/4869/4781 1134/4870/4782 1156/4935/4846 1153/4934/4845
f 1134/4870/4782 1127/4871/4783 1150/4936/4847 1156/4935/4846
f 1127/4871/4783 1142/4872/4784 1159/4937/4848 1150/4936/4847
f 1142/4872/4784 1143/4873/4785 1158/4938/4849 1159/4937/4848
f 1143/4873/4785 1144/4874/4786 1160/4939/4850 1158/4938/4849
f 1144/4874/4786 1145/4875/4787 1161/4940/4851 1160/4939/4850
f 1145/4875/4787 1147/4876/4788 1164/4941/4852 1161/4940/4851
f 1147/4876/4788 1148/4877/4789 1162/4942/4853 1164/4941/4852
f 1148/4877/4789 1149/4878/4790 1163/4943/4854 1162/4942/4853
f 1149/4878/4790 3392/4879/4791 3403/4944/4855 1163/4943/4854
f 3392/4879/4791 3393/4880/4792 3404/4945/4856 3403/4944/4855
f 3393/4880/4792 3394/4881/4793 3405/4946/4857 3404/4945/4856
f 3394/4881/4793 3395/4882/4794 3406/4947/4858 3405/4946/4857
f 3395/4882/4794 3399/4883/4795 3407/4948/4859 3406/4947/4858
f 3399/4883/4795 3400/4884/4796 3408/4949/4860 3407/4948/4859
f 3400/4884/4796 3401/4885/4797 3409/4950/4861 3408/4949/4860
f 3410/4951/4862 3409/4950/4861 3401/4885/4797 3402/4886/4798
f 3411/4952/4863 3410/4951/4862 3402/4886/4798 3432/4887/4799
f 3412/4953/4864 3411/4952/4863 3432/4887/4799 3439/4888/4800
f 3413/4954/4865 3412/4953/4864 3439/4888/4800 3440/4889/4801
f 3414/4955/4866 3413/4954/4865 3440/4889/4801 3441/4890/4802
f 3415/4956/4867 3414/4955/4866 3441/4890/4802 3442/4891/4803
f 3416/4957/4868 3415/4956/4867 3442/4891/4803 3443/4892/4804
f 3417/4958/4869 3416/4957/4868 3443/4892/4804 3444/4893/4805
f 3418/4959/4870 3417/4958/4869 3444/4893/4805 3445/4894/4806
f 4568/4960/4808 3418/4959/4870 3445/4894/4806 4584/4895/4744
f 4554/4961/4871 4568/4897/4808 4569/4896/4807
f 4554/4962/4871 4569/4896/4807 4570/4898/4809
f 4554/4963/4871 4570/4898/4809 4563/4899/4810
f 4554/4964/4871 4563/4899/4810 4566/4900/4811
f 4554/4965/4871 4566/4900/4811 4565/4901/4812
f 4554/4966/4871 4565/4901/4812 4567/4902/4813
f 4554/4967/4871 4567/4902/4813 4564/4903/4814
f 4554/4968/4871 4564/4903/4814 4571/4904/4815
f 4554/4969/4871 4571/4904/4815 4561/4905/4816
f 4554/4970/4871 4561/4905/4816 4562/4906/4817
f 4554/4971/4871 4562/4906/4817 4560/4907/4818
f 4554/4972/4871 4560/4907/4818 4559/4908/4819
f 4554/4973/4871 4559/4908/4819 4555/4909/4820
f 4554/4974/4871 4555/4909/4820 4558/4910/4821
f 4554/4975/4871 4558/4910/4821 4557/4911/4822
f 4554/4976/4871 4557/4911/4822 4556/4912/4823
f 2275/4913/4824 4554/4977/4871 4556/4912/4823
f 2274/4914/4825 4554/4978/4871 2275/4913/4824
f 2273/4915/4826 4554/4979/4871 2274/4914/4825
f 2272/4916/4827 4554/4980/4871 2273/4915/4826
f 2271/4917/4828 4554/4981/4871 2272/4916/4827
f 2270/4918/4829 4554/4982/4871 2271/4917/4828
f 2269/4919/4830 4554/4983/4871 2270/4918/4829
f 2268/4920/4831 4554/4984/4871 2269/4919/4830
f 2267/4921/4832 4554/4985/4871 2268/4920/4831
f 2266/4922/4833 4554/4986/4871 2267/4921/4832
f 2265/4923/4834 4554/4987/4871 2266/4922/4833
f 2264/4924/4835 4554/4988/4871 2265/4923/4834
f 2263/4925/4836 4554/4989/4871 2264/4924/4835
f 2262/4926/4837 4554/4990/4871 2263/4925/4836
f 2261/4927/4838 4554/4991/4871 2262/4926/4837
f 2260/4928/4839 4554/4992/4871 2261/4927/4838
f 1152/4929/4840 4554/4993/4871 2260/4928/4839
f 1151/4930/4841 4554/4994/4871 1152/4929/4840
f 1151/4930/4841 1157/4931/4842 4554/4995/4871
f 1154/4932/4843 4554/4996/4871 1157/4931/4842
f 1154/4932/4843 1155/4933/4844 4554/4997/4871
f 1153/4934/4845 4554/4998/4871 1155/4933/4844
f 1153/4934/4845 1156/4935/4846 4554/4999/4871
f 1150/4936/4847 4554/5000/4871 1156/4935/4846
f 1150/4936/4847 1159/4937/4848 4554/5001/4871
f 1158/4938/4849 4554/5002/4871 1159/4937/4848
f 1158/4938/4849 1160/4939/4850 4554/5003/4871
f 1160/4939/4850 1161/4940/4851 4554/5004/4871
f 1161/4940/4851 1164/4941/4852 4554/5005/4871
f 1162/4942/4853 4554/5006/4871 1164/4941/4852
f 1162/4942/4853 1163/4943/4854 4554/5007/4871
f 1163/4943/4854 3403/4944/4855 4554/5008/4871
f 3403/4944/4855 3404/4945/4856 4554/5009/4871
f 3404/4945/4856 3405/4946/4857 4554/5010/4871
f 3405/4946/4857 3406/4947/4858 4554/5011/4871
f 3406/4947/4858 3407/4948/4859 4554/5012/4871
f 3407/4948/4859 3408/4949/4860 4554/5013/4871
f 3408/4949/4860 3409/4950/4861 4554/5014/4871
f 3409/4950/4861 3410/4951/4862 4554/5015/4871
f 3410/4951/4862 3411/4952/4863 4554/5016/4871
f 3411/4952/4863 3412/4953/4864 4554/5017/4871
f 3412/4953/4864 3413/4954/4865 4554/5018/4871
f 3413/4954/4865 3414/4955/4866 4554/5019/4871
f 3414/4955/4866 3415/4956/4867 4554/5020/4871
f 3415/4956/4867 3416/4957/4868 4554/5021/4871
f 3416/4957/4868 3417/4958/4869 4554/5022/4871
f 3417/4958/4869 3418/4959/4870 4554/5023/4871
f 3418/4959/4870 4568/4960/4808 4554/5024/4871
f 4876/5025/4872 4874/5025/4873 4818/5025/4873
f 4882/5025/4874 4816/5025/4875 4815/5025/4876
f 4812/5025/4877 4882/5025/4874 4814/5025/4878
f 4809/5025/4879 4812/5025/4877 4785/5025/4880
f 4782/5025/4881 4807/5025/4882 4809/5025/4879
f 4808/5025/4883 4783/5025/4884 4769/5025/4885 4805/5025/4886
f 4772/5025/4887 4804/5025/4888 4805/5025/4886
f 4813/5025/4889 4838/5025/4890 4804/5025/4888
f 4824/5025/4891 4836/5025/4892 4837/5025/4893
f 4826/5025/4894 4828/5025/4894 4835/5025/4894
f 4747/5025/4895 4745/5025/4896 4740/5025/4896
f 4754/5025/4897 4738/5025/4898 4737/5025/4899
f 4720/5025/4900 4754/5025/4897 4730/5025/4901
f 4689/5025/4902 4721/5025/4903 4720/5025/4900
f 4707/5025/4904 4725/5025/4905 4721/5025/4903
f 4725/5025/4905 4708/5025/4906 4709/5025/4907 4726/5025/4908
f 4710/5025/4909 4729/5025/4910 4726/5025/4908
f 4748/5025/4911 4756/5025/4912 4729/5025/4910
f 4749/5025/4913 4866/5025/4914 4869/5025/4915
f 4751/5025/4916 4753/5025/4916 4865/5025/4916
f 2077/5025/4917 2363/5025/4917 2361/5025/4918
f 2361/5025/4918 2365/5025/4919 2078/5025/4920
f 2366/5025/4921 2330/5025/4922 2367/5025/4923
f 2322/5025/4924 2331/5025/4925 2330/5025/4922
f 2331/5025/4925 2323/5025/4926 2326/5025/4927 2334/5025/4928
f 2346/5025/4929 2333/5025/4930 2326/5025/4927
f 2348/5025/4931 2340/5025/4932 2339/5025/4933
f 2349/5025/4934 2369/5025/4935 2368/5025/4936
f 2370/5025/4937 2371/5025/4938 2378/5025/4939
f 2373/5025/4940 2375/5025/4940 2377/5025/4940
f 2016/5025/4941 2022/5025/4941 2025/5025/4942
f 2025/5025/4942 2024/5025/4943 2026/5025/4944
f 2027/5025/4945 2029/5025/4946 1984/5025/4947
f 1985/5025/4948 1966/5025/4949 1965/5025/4950
f 1966/5025/4949 1987/5025/4951 1970/5025/4871
f 2001/5025/4952 1971/5025/4953 1970/5025/4871 2000/5025/4954
f 2002/5025/4955 1974/5025/4956 1973/5025/4957
f 2003/5025/4958 2050/5025/4959 2028/5025/4960
f 2031/5025/4961 2053/5025/4962 2032/5025/4963
f 2051/5025/4964 2053/5025/4962 2034/5025/4964
f 778/5025/4894 867/5025/4894 869/5025/4965
f 777/5025/4966 870/5025/4891 871/5025/4967
f 871/5025/4967 801/5025/4888 849/5025/4890
f 801/5025/4888 828/5025/4887 802/5025/4968
f 829/5025/4885 832/5025/4969 804/5025/4883
f 842/5025/4970 806/5025/4971 805/5025/4882 832/5025/4969
f 839/5025/4880 807/5025/4972 809/5025/4973
f 840/5025/4974 851/5025/4975 850/5025/4976
f 872/5025/4977 862/5025/4876 853/5025/4978
f 853/5025/4978 861/5025/4873 859/5025/4873
f 934/5025/4916 939/5025/4916 942/5025/4979
f 933/5025/4980 941/5025/4913 946/5025/4981
f 924/5025/4912 946/5025/4981 916/5025/4982
f 884/5025/4983 916/5025/4982 913/5025/4909
f 881/5025/4984 901/5025/4985 879/5025/4985
f 898/5025/4986 876/5025/4903 879/5025/4985 901/5025/4985
f 876/5025/4903 897/5025/4902 875/5025/4987
f 923/5025/4988 896/5025/4989 931/5025/4990
f 931/5025/4990 930/5025/4899 787/5025/4991
f 787/5025/4991 928/5025/4896 926/5025/4896
f 3239/5025/4940 3241/5025/4992 3490/5025/4940
f 3488/5025/4993 3241/5025/4992 3237/5025/4938
f 3235/5025/4936 3236/5025/4994 3209/5025/4995
f 3196/5025/4996 3209/5025/4995 3208/5025/4931
f 3206/5025/4930 3193/5025/4997 3194/5025/4998 3207/5025/4929
f 3189/5025/4925 3193/5025/4997 3205/5025/4928
f 3185/5025/4999 3189/5025/4925 3180/5025/4924
f 3232/5025/4921 3234/5025/4923 3185/5025/4999
f 3233/5025/4920 3230/5025/4919 3231/5025/5000
f 3225/5025/5001 3229/5025/4917 3227/5025/4917
f 3586/5025/5002 3584/5025/4964 3580/5025/4964
f 3576/5025/5003 3578/5025/5004 3577/5025/4961
f 3559/5025/5005 3576/5025/5003 3573/5025/5006
f 3556/5025/5007 3559/5025/5005 3542/5025/4955
f 3532/5025/5008 3553/5025/5009 3540/5025/5010
f 3529/5025/4951 3551/5025/5011 3554/5025/5012 3532/5025/5008
f 3550/5025/5013 3551/5025/5011 3528/5025/4948
f 3574/5025/4945 3527/5025/5014 3570/5025/4946
f 3516/5025/4944 3571/5025/4943 3567/5025/5015
f 3514/5025/5016 3568/5025/4941 3572/5025/4941
f 4831/3512/3404 4798/3447/3340 4802/3448/3341
f 4802/3448/3341 4803/5026/5017 4804/3513/3405
f 4804/3513/3405 4838/5027/5018 4831/3512/3404
f 4803/5026/5017 4802/3448/3341 4806/3449/3342
f 4806/3449/3342 4807/3514/3408 4808/3514/3406
f 4805/3515/3406 4803/5026/5017 4806/3449/3342
f 4807/3517/3408 4806/3449/3342 4810/3450/3343
f 4810/3450/3343 4811/5028/5019 4809/3516/3407
f 4811/5029/5019 4810/3450/3343 4852/3451/3344
f 4852/3451/3344 4877/3521/3412 4839/3518/3409
f 4812/3519/3410 4811/5029/5019 4852/3451/3344
f 4849/3455/3348 4727/3456/3349 4728/5030/5020
f 4729/3525/3416 4756/5031/5021 4867/3524/3415
f 4849/3455/3348 4728/5030/5020 4729/3525/3416
f 4723/3457/3350 4724/5032/3419 4725/5033/3417
f 4726/3526/3417 4728/5034/5020 4727/3456/3349
f 4723/3457/3350 4725/5033/3417 4726/3526/3417
f 4723/3457/3350 4718/3458/3351 4719/3527/3418
f 4721/3528/3419 4724/5035/3419 4723/3457/3350
f 4718/3458/3351 4699/3459/3352 4742/3529/3420
f 4742/3529/3420 4755/5036/5022 4720/3530/3421
f 4720/3530/3421 4719/5037/3418 4718/3458/3351
f 2356/3463/3356 2338/3464/3357 2339/5038/5023
f 2340/3535/3426 2368/5039/5024 2379/3534/3425
f 2356/3463/3356 2339/5038/5023 2340/3535/3426
f 2338/3464/3357 2332/3465/3358 2333/3536/3427
f 2336/3537/3427 2339/5038/5023 2338/3464/3357
f 2332/3465/3358 2328/3466/3359 2329/5040/5025
f 2332/3465/3358 2329/5040/5025 2331/3538/3428
f 2334/3539/3428 2333/3539/3427 2332/3465/3358
f 2328/3466/3359 2049/3467/3360 2072/3540/3429
f 2072/3540/3429 2367/5041/5026 2330/3541/3430
f 2330/3541/3430 2329/5042/5025 2328/3466/3359
f 2036/3471/3364 1972/3472/3365 1973/5043/5027
f 1974/3546/3435 2028/5044/5028 2055/3545/3434
f 2036/3471/3364 1973/5043/5027 1974/3546/3435
f 1968/3473/3366 1969/5045/3438 1970/5045/5029
f 1971/3547/3436 1973/5043/5027 1972/3472/3365
f 1968/3473/3366 1970/5045/5029 1971/3547/3436
f 1968/3473/3366 1964/3474/3367 1965/3548/3437
f 1966/3549/3438 1969/5046/3438 1968/3473/3366
f 1964/3474/3367 1957/3475/3368 2011/3550/3439
f 2011/3550/3439 2027/5047/5030 1963/3551/3440
f 1963/3551/3440 1965/3548/3437 1964/3474/3367
f 807/3556/3445 850/5048/5031 855/3555/3444
f 855/3555/3444 813/3479/3372 808/3480/3373
f 808/3480/3373 809/5049/5032 807/3556/3445
f 808/3480/3373 803/3481/3374 804/5050/5033
f 808/3480/3373 804/5050/5033 805/3557/3446
f 806/3558/3446 809/5049/5032 808/3480/3373
f 803/3481/3374 799/3482/3375 800/3559/3447
f 802/3560/3448 804/3557/5033 803/3481/3374
f 799/3482/3375 757/3483/3376 774/3561/3449
f 774/3561/3449 849/5051/5034 801/3562/3450
f 801/3562/3450 800/5052/3447 799/3482/3375
f 784/3566/3454 760/3487/3380 873/3488/3381
f 873/3488/3381 874/5053/5035 875/3567/3455
f 875/3567/3455 923/5054/3507 784/3566/3454
f 874/5053/5035 873/3488/3381 877/3489/3382
f 877/3489/3382 878/3568/3457 879/3568/3456
f 876/3569/3456 874/5053/5035 877/3489/3382
f 878/3571/3457 877/3489/3382 883/3490/3383
f 883/3490/3383 884/5055/5036 881/3570/3457
f 882/3572/3458 884/5055/5036 883/3490/3383
f 883/3490/3383 903/3491/3384 935/3573/3459
f 935/3573/3459 924/5056/5037 882/3572/3458
f 3221/3577/3463 3166/3495/3388 3186/3496/3389
f 3186/3496/3389 3187/3580/3466 3185/3578/3464
f 3185/3578/3464 3234/5057/5038 3221/3577/3463
f 3187/3580/3466 3186/3496/3389 3191/3497/3390
f 3191/3497/3390 3192/5058/3465 3189/3579/3465
f 3191/3497/3390 3195/3498/3391 3196/5059/5039
f 3191/3497/3390 3196/5059/5039 3194/3581/3467
f 3193/3582/3467 3192/3582/3465 3191/3497/3390
f 3196/5060/5039 3195/3498/3391 3474/3499/3392
f 3474/3499/3392 3493/3586/3471 3235/3583/3468
f 3197/3584/3469 3196/5060/5039 3474/3499/3392
f 3510/3589/3474 3487/3503/3396 3548/3504/3397
f 3548/3504/3397 3549/5061/5040 3550/3590/3475
f 3550/3590/3475 3574/5062/5041 3510/3589/3474
f 3549/5063/5040 3548/3504/3397 3552/3505/3398
f 3552/3505/3398 3553/5064/3477 3554/3591/3476
f 3551/3592/3476 3549/5063/5040 3552/3505/3398
f 3553/3594/3477 3552/3505/3398 3557/3506/3399
f 3557/3506/3399 3558/5065/5042 3556/3593/3477
f 3558/5065/5042 3557/3506/3399 3564/3507/3400
f 3564/3507/3400 3587/3598/3481 3575/3595/3478
f 3559/3596/3479 3558/5065/5042 3564/3507/3400
f 4833/3602/3482 4831/3512/3404 4838/5027/5018
f 4833/3602/3482 4838/5027/5018 4837/3603/3483
f 4836/3604/3483 4835/5066/3483 4833/3602/3482
f 4882/5067/3484 4839/3518/3409 4877/3521/3412
f 4877/3521/3412 4878/3608/3485 4875/3605/3484
f 4876/3606/3484 4882/5067/3484 4877/3521/3412
f 4867/3524/3415 4756/5031/5021 4869/5068/3487
f 4866/3612/3487 4865/3682/5043 4868/3611/3486
f 4867/3524/3415 4869/5068/3487 4866/3612/3487
f 4755/5069/5022 4742/3529/3420 4744/3613/3488
f 4744/3613/3488 4746/3685/3489 4747/3614/3489
f 4754/3615/3490 4755/5069/5022 4744/3613/3488
f 2379/3534/3425 2368/5070/5024 2369/5071/3492
f 2378/3620/3492 2377/3691/3492 2381/3619/3491
f 2379/3534/3425 2369/5071/3492 2378/3620/3492
f 2367/5072/5026 2072/3540/3429 2073/3621/3493
f 2073/3621/3493 2075/5073/3494 2076/3622/3494
f 2078/3623/3495 2367/5072/5026 2073/3621/3493
f 2055/3545/3434 2028/5074/5028 2050/5075/3497
f 2053/3628/3497 2052/5076/5044 2056/3627/3496
f 2055/3545/3434 2050/5075/3497 2053/3628/3497
f 2027/5077/5030 2011/3550/3439 2012/3629/3498
f 2012/3629/3498 2014/3702/3499 2015/3630/3499
f 2026/3631/3500 2027/5077/5030 2012/3629/3498
f 855/3555/3444 850/5078/5031 851/5079/3502
f 853/3636/3502 852/5080/5045 856/3635/3501
f 855/3555/3444 851/5079/3502 853/3636/3502
f 770/5081/3503 849/5082/5034 774/3561/3449
f 774/3561/3449 775/3640/3504 776/3637/3503
f 777/3638/3503 770/5081/3503 774/3561/3449
f 787/5083/5046 786/5084/5047 785/3643/3505
f 785/3643/3505 784/3566/3454 923/3645/3507
f 783/3644/3506 787/5083/5046 785/3643/3505
f 925/5085/3508 924/5086/5037 935/3573/3459
f 935/3573/3459 936/3649/3509 932/3646/3508
f 933/3647/3508 925/5085/3508 935/3573/3459
f 3222/3652/3510 3221/3577/3463 3234/5087/5038
f 3222/3652/3510 3234/5087/5038 3233/3653/3511
f 3225/3654/3512 3224/5088/3512 3222/3652/3510
f 3488/5089/3513 3235/3583/3468 3493/3586/3471
f 3493/3586/3471 3494/3658/3514 3490/3655/3513
f 3491/3656/3513 3488/5089/3513 3493/3586/3471
f 3511/3661/3515 3510/3589/3474 3574/5062/5041
f 3511/3661/3515 3574/5062/5041 3516/3662/3516
f 3514/3663/3516 3513/3733/5048 3511/3661/3515
f 3576/5090/3517 3575/3595/3478 3587/3598/3481
f 3587/3598/3481 3589/3667/3518 3585/3664/3517
f 3586/3665/3517 3576/5090/3517 3587/3598/3481
f 4827/3742/3580 4823/3739/3575 4830/3669/3578
f 4830/3669/3578 4832/3671/3581 4828/3741/3579
f 4859/3745/3587 4818/3807/3685 4819/3743/3583
f 4819/3743/3583 4873/3674/3585 4879/3677/3586
f 4753/3748/3593 4752/3811/3689 4857/3747/3590
f 4857/3747/3590 4870/3679/3591 4864/3680/3592
f 4736/3686/3599 4734/3753/3601 4740/3751/3598
f 4740/3751/3598 4741/5091/3595 4743/3683/3597
f 2375/3755/3606 2374/5092/3694 2383/3754/3604
f 2383/3754/3604 2384/3688/3603 2380/3689/3605
f 2069/3695/3612 2067/3760/3615 2363/3758/3611
f 2363/3758/3611 2364/5093/3609 2074/3692/3608
f 2054/3698/3619 2030/5094/3620 2033/3762/3618
f 2033/3762/3618 2061/3761/3617 2059/3697/3616
f 2013/3703/3622 2010/3704/3626 2018/3766/3625
f 2018/3766/3625 2022/3827/3703 2021/3767/3623
f 858/3706/3629 857/3707/3633 859/3770/3631
f 859/3770/3631 860/5095/3706 864/3769/3630
f 779/3710/3635 773/3712/3638 793/3773/3637
f 793/3773/3637 867/3833/3709 866/3772/3636
f 795/3775/3642 782/3714/3641 788/3715/3643
f 788/3715/3643 926/5096/3646 927/3776/3644
f 938/3779/3649 937/3719/3648 943/3721/3650
f 943/3721/3650 944/3782/3654 939/3780/3651
f 3219/3783/3655 3216/3723/3656 3223/3724/3657
f 3223/3724/3657 3227/3786/3660 3228/3784/3658
f 3239/3790/3665 3238/5097/3661 3492/3727/3663
f 3492/3727/3663 3497/3729/3667 3499/3789/3664
f 3569/3794/3672 3505/3792/3669 3507/3731/3670
f 3507/3731/3670 3512/3732/3673 3572/3793/3671
f 3583/3799/3679 3580/5098/3724 3581/3797/3676
f 3581/3797/3676 3588/3735/3675 3590/3737/3678
f 4770/3859/3730 4767/3856/3727 4821/3801/3680
f 4821/3801/3680 4826/5099/3682 4825/3858/3729
f 4825/3858/3729 4824/5100/5049 4770/3859/3730
f 4772/5101/5050 4768/3862/3732 4770/3859/3730
f 4770/3859/3730 4824/5100/5049 4813/3860/3731
f 4771/3861/3731 4772/5101/5050 4770/3859/3730
f 4768/3862/3732 4772/5102/5050 4769/5103/3733
f 4783/3863/3733 4782/3863/3736 4781/3864/3734
f 4768/3862/3732 4769/5103/3733 4783/3863/3733
f 4777/3865/3735 4781/3864/3734 4782/3863/3736
f 4784/3866/3736 4785/5104/5051 4777/3865/3735
f 4779/3869/3738 4777/3865/3735 4785/5105/5051
f 4779/3869/3738 4785/5105/5051 4786/3867/3737
f 4814/3868/3737 4815/5106/5052 4779/3869/3738
f 4858/3805/3683 4778/3872/3741 4779/3869/3738
f 4779/3869/3738 4815/5106/5052 4816/3870/3739
f 4816/3870/3739 4817/3806/3684 4858/3805/3683
f 4749/5107/5053 4712/3876/3744 4713/3873/3742
f 4713/3873/3742 4856/3809/3687 4751/3874/3688
f 4750/3875/3743 4749/5107/5053 4713/3873/3742
f 4710/5108/5054 4704/3879/3747 4712/3876/3744
f 4712/3876/3744 4749/5107/5053 4748/3877/3745
f 4711/3878/3746 4710/5108/5054 4712/3876/3744
f 4704/3879/3747 4710/5108/5054 4709/5109/3748
f 4708/3880/3748 4707/3880/3751 4706/3881/3749
f 4704/3879/3747 4709/5109/3748 4708/3880/3748
f 4687/3882/3750 4706/3881/3749 4707/3880/3751
f 4688/3883/3751 4689/5110/5055 4687/3882/3750
f 4685/3884/3752 4687/3882/3750 4689/5111/5055
f 4685/3884/3752 4689/5111/5055 4686/3885/3753
f 4730/3886/3753 4737/5112/5056 4685/3884/3752
f 4733/3812/3690 4682/3889/3756 4685/3884/3752
f 4685/3884/3752 4737/5113/5056 4738/3887/3754
f 4738/3887/3754 4739/5114/3691 4733/3812/3690
f 2371/5115/5057 2350/3893/3759 2353/3890/3757
f 2353/3890/3757 2382/3816/3693 2373/3891/3695
f 2372/3892/3758 2371/5115/5057 2353/3890/3757
f 2348/5116/5058 2347/3896/3761 2350/3893/3759
f 2350/3893/3759 2371/5115/5057 2370/3894/3760
f 2349/3895/3760 2348/5116/5058 2350/3893/3759
f 2325/3898/3762 2324/3900/3764 2347/3896/3761
f 2347/3896/3761 2348/5117/5058 2346/3897/3762
f 2324/3900/3764 2325/3898/3762 2326/3898/5059
f 2323/3901/3765 2322/5118/5060 2319/3899/3763
f 2324/3900/3764 2326/3898/5059 2323/3901/3765
f 2316/3902/3766 2319/3899/3763 2322/5118/5060
f 2316/3902/3766 2322/5118/5060 2321/3903/3767
f 2366/3904/3768 2365/3906/3770 2316/3902/3766
f 2362/5119/3697 2068/3819/3696 2315/3905/3769
f 2315/3905/3769 2316/3902/3766 2365/3906/3770
f 2361/3907/3771 2362/5119/3697 2315/3905/3769
f 2031/5120/5061 2007/3912/3776 2008/3909/3773
f 2008/3909/3773 2060/3822/3699 2034/3824/3700
f 2035/3910/3774 2031/5120/5061 2008/3909/3773
f 2003/5121/5062 2002/5122/5063 2006/3911/3775
f 2007/3912/3776 2031/5120/5061 2032/3913/3777
f 2032/3913/3777 2003/5121/5062 2006/3911/3775
f 1999/3915/3780 1998/4012/3873 2006/3911/3775
f 2006/3911/3775 2002/5122/5063 2001/3914/3778
f 2000/3915/4954 1999/3915/5064 2006/3911/5065
f 1987/3917/3781 1985/5123/5066 1986/3916/3779
f 1986/3916/3779 1998/4012/3873 1999/3915/3780
f 1983/3918/3782 1986/3916/3779 1985/5124/5066
f 1983/3918/3782 1985/5124/5066 1984/3919/3783
f 2029/3920/3783 2024/5125/5067 1983/3918/3782
f 2020/3825/3701 1982/3923/3786 1983/3918/3782
f 1983/3918/3782 2024/5125/5067 2025/3921/3784
f 2025/3921/3784 2023/3826/3702 2020/3825/3701
f 862/5126/5068 841/3927/3790 844/3924/3787
f 844/3924/3787 865/3829/3705 861/3831/3707
f 863/3925/3788 862/5126/5068 844/3924/3787
f 840/5127/5069 839/5128/5070 843/3926/3789
f 841/3927/3790 862/5129/5068 872/3928/3791
f 872/3928/3791 840/5127/5069 843/3926/3789
f 831/3930/3795 830/4021/3882 843/3926/3789
f 843/3926/3789 839/5130/5070 842/3929/3792
f 832/3930/3793 831/3930/3795 843/3926/3789
f 829/3932/3796 828/3935/3799 835/3931/3794
f 835/3931/3794 830/4021/3882 831/3930/3795
f 871/5131/5071 870/3937/3801 833/3934/3798
f 833/3934/3798 835/3931/3794 828/3935/3799
f 827/3933/3797 871/5131/5071 833/3934/3798
f 868/3832/3708 794/3834/3710 834/3936/3800
f 834/3936/3800 833/3934/3798 870/3937/3801
f 869/3938/3802 868/3832/3708 834/3936/3800
f 893/3940/3804 796/3836/3712 928/5132/3713
f 929/3941/3805 930/5133/5072 894/3942/3806
f 893/3940/3804 928/5132/3713 929/3941/3805
f 894/3942/3806 930/5133/5072 931/5134/5073
f 896/3943/3807 897/5135/5074 902/3944/3808
f 894/3942/3806 931/5134/5073 896/3943/3807
f 902/3944/3808 897/5136/5074 898/5137/5075
f 901/3945/3809 900/3945/3811 899/3946/3810
f 902/3944/3808 898/5137/5075 901/3945/3809
f 915/3948/3812 899/3946/3810 900/3945/3811
f 914/3947/3811 913/5138/5076 915/3948/3812
f 915/3948/3812 913/5139/5076 916/5140/5077
f 946/3949/3813 941/5141/5078 917/3950/3814
f 915/3948/3812 916/5140/5077 946/3949/3813
f 920/3952/3816 917/3950/3814 941/5141/5078
f 942/3951/3815 940/5142/3715 945/3839/3714
f 920/3952/3816 941/5141/5078 942/3951/3815
f 3178/3956/3820 3174/3954/3818 3220/3843/3717
f 3220/3843/3717 3229/5143/3718 3231/3955/3819
f 3231/3955/3819 3230/5144/5079 3178/3956/3820
f 3178/3956/3820 3230/5145/5079 3232/5146/3821
f 3179/3957/3821 3180/5147/5080 3181/3958/3822
f 3178/3956/3820 3232/5146/3821 3179/3957/3821
f 3181/3958/3822 3180/5148/5080 3182/3959/3823
f 3182/3959/3823 3205/5149/5081 3204/3960/3824
f 3204/3960/3824 3205/5149/5081 3206/5150/3825
f 3207/3961/3825 3208/5151/5082 3210/3962/3826
f 3204/3960/3824 3206/5150/3825 3207/3961/3825
f 3210/3962/3826 3208/5152/5082 3209/5153/5083
f 3236/3963/3827 3237/5154/5084 3213/3964/3828
f 3210/3962/3826 3209/5153/5083 3236/3963/3827
f 3214/3966/3830 3213/3964/3828 3237/5154/5084
f 3241/3965/3829 3240/5155/3720 3498/3846/3719
f 3214/3966/3830 3237/5154/5084 3241/3965/3829
f 3521/3968/3832 3506/3849/3722 3568/3851/3723
f 3567/3969/3833 3571/5156/5085 3522/3970/3834
f 3521/3968/3832 3568/3851/3723 3567/3969/3833
f 3522/3970/3834 3571/5156/5085 3570/5157/3835
f 3527/3971/3835 3528/5158/5086 3523/3972/3836
f 3522/3970/3834 3570/5157/3835 3527/3971/3835
f 3523/3972/3836 3528/5158/5086 3529/5159/5087
f 3532/3973/3837 3531/3975/3839 3530/3974/3838
f 3523/3972/3836 3529/5159/5087 3532/3973/3837
f 3541/3977/3840 3530/3974/3838 3531/3975/3839
f 3540/3976/3839 3542/5160/5088 3541/3977/3840
f 3544/3980/3842 3541/3977/3840 3542/5161/5088
f 3544/3980/3842 3542/5161/5088 3543/3978/3841
f 3573/3979/3841 3577/5162/5089 3544/3980/3842
f 3545/3982/3844 3544/3980/3842 3577/5163/5089
f 3578/3981/3843 3579/3854/3726 3582/3853/3725
f 3545/3982/3844 3577/5163/5089 3578/3981/3843
f 4817/5025/4873 4816/5025/4875 4876/5025/4872
f 4876/5025/4872 4875/5025/4873 4874/5025/4873
f 4874/5025/4873 4819/5025/5090 4818/5025/4873
f 4818/5025/4873 4817/5025/4873 4876/5025/4872
f 4815/5025/4876 4814/5025/4878 4882/5025/4874
f 4882/5025/4874 4876/5025/4872 4816/5025/4875
f 4814/5025/4878 4786/5025/5091 4812/5025/4877
f 4812/5025/4877 4839/5025/5092 4882/5025/4874
f 4785/5025/4880 4784/5025/5093 4809/5025/4879
f 4809/5025/4879 4811/5025/5094 4812/5025/4877
f 4812/5025/4877 4786/5025/5091 4785/5025/4880
f 4782/5025/4881 4783/5025/4884 4808/5025/4883
f 4809/5025/4879 4784/5025/5093 4782/5025/4881
f 4782/5025/4881 4808/5025/4883 4807/5025/4882
f 4805/5025/4886 4769/5025/4885 4772/5025/4887
f 4772/5025/4887 4771/5025/5095 4804/5025/4888
f 4804/5025/4888 4803/5025/5096 4805/5025/4886
f 4804/5025/4888 4771/5025/5095 4813/5025/4889
f 4813/5025/4889 4837/5025/4893 4838/5025/4890
f 4837/5025/4893 4813/5025/4889 4824/5025/4891
f 4824/5025/4891 4825/5025/5097 4836/5025/4892
f 4836/5025/4892 4825/5025/5097 4826/5025/4894
f 4826/5025/4894 4827/5025/4894 4828/5025/4894
f 4828/5025/4894 4834/5025/4894 4835/5025/4894
f 4835/5025/4894 4836/5025/4892 4826/5025/4894
f 4739/5025/4896 4738/5025/4898 4747/5025/4895
f 4747/5025/4895 4746/5025/5098 4745/5025/4896
f 4745/5025/4896 4741/5025/5099 4740/5025/4896
f 4740/5025/4896 4739/5025/4896 4747/5025/4895
f 4737/5025/4899 4730/5025/4901 4754/5025/4897
f 4754/5025/4897 4747/5025/4895 4738/5025/4898
f 4730/5025/4901 4686/5025/5100 4720/5025/4900
f 4720/5025/4900 4755/5025/4988 4754/5025/4897
f 4720/5025/4900 4686/5025/5100 4689/5025/4902
f 4689/5025/4902 4688/5025/5101 4721/5025/4903
f 4721/5025/4903 4719/5025/5102 4720/5025/4900
f 4721/5025/4903 4688/5025/5101 4707/5025/4904
f 4707/5025/4904 4708/5025/4906 4725/5025/4905
f 4725/5025/5103 4724/5025/5103 4721/5025/5103
f 4726/5025/4908 4709/5025/4907 4710/5025/4909
f 4710/5025/4909 4711/5025/5104 4729/5025/4910
f 4729/5025/4910 4728/5025/5105 4726/5025/4908
f 4729/5025/4910 4711/5025/5104 4748/5025/4911
f 4748/5025/4911 4869/5025/4915 4756/5025/4912
f 4869/5025/4915 4748/5025/4911 4749/5025/4913
f 4749/5025/4913 4750/5025/5106 4866/5025/4914
f 4866/5025/4914 4750/5025/5106 4751/5025/4916
f 4751/5025/4916 4752/5025/4916 4753/5025/4916
f 4753/5025/4916 4863/5025/4916 4865/5025/4916
f 4865/5025/4916 4866/5025/4914 4751/5025/4916
f 2076/5025/5107 2075/5025/4917 2077/5025/4917
f 2077/5025/4917 2364/5025/5108 2363/5025/4917
f 2363/5025/4917 2362/5025/4917 2361/5025/4918
f 2361/5025/4918 2076/5025/5107 2077/5025/4917
f 2078/5025/4920 2076/5025/5107 2361/5025/4918
f 2365/5025/4919 2366/5025/4921 2078/5025/4920
f 2367/5025/4923 2078/5025/4920 2366/5025/4921
f 2366/5025/4921 2321/5025/5109 2330/5025/4922
f 2330/5025/4922 2321/5025/5109 2322/5025/4924
f 2322/5025/4924 2323/5025/4926 2331/5025/4925
f 2331/5025/4925 2329/5025/5110 2330/5025/4922
f 2346/5025/4929 2336/5025/5111 2333/5025/4930
f 2333/5025/4930 2334/5025/4928 2326/5025/4927
f 2326/5025/4927 2325/5025/5112 2346/5025/4929
f 2339/5025/4933 2336/5025/5111 2346/5025/4929
f 2348/5025/4931 2349/5025/4934 2340/5025/4932
f 2339/5025/4933 2346/5025/4929 2348/5025/4931
f 2368/5025/4936 2340/5025/4932 2349/5025/4934
f 2349/5025/4934 2370/5025/4937 2369/5025/4935
f 2378/5025/4939 2369/5025/4935 2370/5025/4937
f 2371/5025/4938 2372/5025/5113 2378/5025/4939
f 2378/5025/4939 2372/5025/5113 2373/5025/4940
f 2373/5025/4940 2374/5025/5114 2375/5025/4940
f 2375/5025/4940 2376/5025/4940 2377/5025/4940
f 2377/5025/4940 2378/5025/4939 2373/5025/4940
f 2015/5025/5115 2014/5025/4941 2016/5025/4941
f 2016/5025/4941 2021/5025/5116 2022/5025/4941
f 2022/5025/4941 2023/5025/4941 2025/5025/4942
f 2025/5025/4942 2015/5025/5115 2016/5025/4941
f 2026/5025/4944 2015/5025/5115 2025/5025/4942
f 2024/5025/4943 2029/5025/4946 2026/5025/4944
f 1984/5025/4947 1963/5025/722 2027/5025/4945
f 2027/5025/4945 2026/5025/4944 2029/5025/4946
f 1965/5025/4950 1963/5025/722 1984/5025/4947
f 1985/5025/4948 1987/5025/4951 1966/5025/4949
f 1965/5025/4950 1984/5025/4947 1985/5025/4948
f 1987/5025/4951 1999/5025/5064 2000/5025/4954
f 1987/5025/4951 2000/5025/4954 1970/5025/4871
f 1970/5025/5117 1969/5025/5118 1966/5025/5117
f 1973/5025/4957 1971/5025/4953 2001/5025/4952
f 2002/5025/4955 2003/5025/4958 1974/5025/4956
f 1973/5025/4957 2001/5025/4952 2002/5025/4955
f 2028/5025/4960 1974/5025/4956 2003/5025/4958
f 2003/5025/4958 2032/5025/4963 2050/5025/4959
f 2031/5025/4961 2035/5025/5119 2053/5025/4962
f 2053/5025/4962 2050/5025/4959 2032/5025/4963
f 2033/5025/4964 2030/5025/5120 2051/5025/4964
f 2051/5025/4964 2052/5025/4964 2053/5025/4962
f 2053/5025/4962 2035/5025/5119 2034/5025/4964
f 2034/5025/4964 2033/5025/4964 2051/5025/4964
f 777/5025/4966 776/5025/5121 778/5025/4894
f 778/5025/4894 866/5025/5122 867/5025/4894
f 867/5025/4894 868/5025/5123 869/5025/4965
f 869/5025/4965 777/5025/4966 778/5025/4894
f 871/5025/4967 770/5025/5124 777/5025/4966
f 777/5025/4966 869/5025/4965 870/5025/4891
f 849/5025/4890 770/5025/5124 871/5025/4967
f 871/5025/4967 827/5025/5095 801/5025/4888
f 802/5025/4968 800/5025/5125 801/5025/4888
f 801/5025/4888 827/5025/5095 828/5025/4887
f 828/5025/4887 829/5025/4885 802/5025/4968
f 804/5025/4883 802/5025/4968 829/5025/4885
f 829/5025/3796 831/5025/3795 832/5025/5126
f 832/5025/4969 805/5025/4882 804/5025/4883
f 809/5025/4973 806/5025/4971 842/5025/4970
f 839/5025/4880 840/5025/4974 807/5025/4972
f 809/5025/4973 842/5025/4970 839/5025/4880
f 850/5025/4976 807/5025/4972 840/5025/4974
f 840/5025/4974 872/5025/4977 851/5025/4975
f 853/5025/4978 851/5025/4975 872/5025/4977
f 862/5025/4876 863/5025/5127 853/5025/4978
f 854/5025/4873 852/5025/4873 853/5025/4978
f 853/5025/4978 863/5025/5127 861/5025/4873
f 861/5025/4873 860/5025/4873 859/5025/4873
f 859/5025/4873 854/5025/4873 853/5025/4978
f 933/5025/4980 932/5025/4916 934/5025/4916
f 934/5025/4916 938/5025/5128 939/5025/4916
f 939/5025/4916 940/5025/4916 942/5025/4979
f 942/5025/4979 933/5025/4980 934/5025/4916
f 946/5025/4981 925/5025/5129 933/5025/4980
f 933/5025/4980 942/5025/4979 941/5025/4913
f 916/5025/4982 882/5025/738 924/5025/4912
f 924/5025/4912 925/5025/5129 946/5025/4981
f 914/5025/5130 881/5025/4984 884/5025/4983
f 884/5025/4983 882/5025/738 916/5025/4982
f 913/5025/4909 914/5025/5130 884/5025/4983
f 881/5025/4984 914/5025/5130 900/5025/4906
f 881/5025/4984 900/5025/4906 901/5025/4985
f 879/5025/5131 878/5025/5132 881/5025/5131
f 875/5025/4987 874/5025/5133 876/5025/4903
f 876/5025/4903 898/5025/4986 897/5025/4902
f 897/5025/4902 896/5025/4989 875/5025/4987
f 931/5025/4990 783/5025/5134 923/5025/4988
f 923/5025/4988 875/5025/4987 896/5025/4989
f 787/5025/4991 783/5025/5134 931/5025/4990
f 930/5025/4899 929/5025/5135 787/5025/4991
f 789/5025/4896 786/5025/4896 787/5025/4991
f 787/5025/4991 929/5025/5135 928/5025/4896
f 928/5025/4896 927/5025/4896 926/5025/4896
f 926/5025/4896 789/5025/4896 787/5025/4991
f 3489/5025/4940 3238/5025/5136 3239/5025/4940
f 3239/5025/4940 3240/5025/4940 3241/5025/4992
f 3241/5025/4992 3491/5025/5137 3490/5025/4940
f 3490/5025/4940 3489/5025/4940 3239/5025/4940
f 3237/5025/4938 3236/5025/4994 3488/5025/4993
f 3488/5025/4993 3491/5025/5137 3241/5025/4992
f 3209/5025/4995 3197/5025/746 3235/5025/4936
f 3235/5025/4936 3488/5025/4993 3236/5025/4994
f 3207/5025/4929 3194/5025/4998 3196/5025/4996
f 3196/5025/4996 3197/5025/746 3209/5025/4995
f 3208/5025/4931 3207/5025/4929 3196/5025/4996
f 3205/5025/4928 3182/5025/5138 3189/5025/4925
f 3189/5025/5139 3192/5025/5140 3193/5025/5141
f 3193/5025/4997 3206/5025/4930 3205/5025/4928
f 3180/5025/4924 3179/5025/5109 3185/5025/4999
f 3185/5025/4999 3187/5025/5142 3189/5025/4925
f 3189/5025/4925 3182/5025/5138 3180/5025/4924
f 3185/5025/4999 3179/5025/5109 3232/5025/4921
f 3232/5025/4921 3233/5025/4920 3234/5025/4923
f 3231/5025/5000 3225/5025/5001 3233/5025/4920
f 3233/5025/4920 3232/5025/4921 3230/5025/4919
f 3226/5025/4917 3224/5025/5108 3225/5025/5001
f 3225/5025/5001 3231/5025/5000 3229/5025/4917
f 3229/5025/4917 3228/5025/4917 3227/5025/4917
f 3227/5025/4917 3226/5025/4917 3225/5025/5001
f 3579/5025/4964 3578/5025/5004 3586/5025/5002
f 3586/5025/5002 3585/5025/4964 3584/5025/4964
f 3584/5025/4964 3581/5025/5143 3580/5025/4964
f 3580/5025/4964 3579/5025/4964 3586/5025/5002
f 3577/5025/4961 3573/5025/5006 3576/5025/5003
f 3576/5025/5003 3586/5025/5002 3578/5025/5004
f 3573/5025/5006 3543/5025/5144 3559/5025/5005
f 3559/5025/5005 3575/5025/5145 3576/5025/5003
f 3542/5025/4955 3540/5025/5010 3556/5025/5007
f 3556/5025/5007 3558/5025/5146 3559/5025/5005
f 3559/5025/5005 3543/5025/5144 3542/5025/4955
f 3540/5025/3839 3531/5025/3839 3532/5025/3837
f 3532/5025/5008 3554/5025/5012 3553/5025/5009
f 3553/5025/5009 3556/5025/5007 3540/5025/5010
f 3528/5025/4948 3527/5025/5014 3550/5025/5013
f 3550/5025/5013 3549/5025/5147 3551/5025/5011
f 3551/5025/5011 3529/5025/4951 3528/5025/4948
f 3570/5025/4946 3516/5025/4944 3574/5025/4945
f 3574/5025/4945 3550/5025/5013 3527/5025/5014
f 3567/5025/5015 3514/5025/5016 3516/5025/4944
f 3516/5025/4944 3570/5025/4946 3571/5025/4943
f 3515/5025/4941 3513/5025/4941 3514/5025/5016
f 3514/5025/5016 3567/5025/5015 3568/5025/4941
f 3568/5025/4941 3569/5025/4941 3572/5025/4941
f 3572/5025/4941 3515/5025/4941 3514/5025/5016
usemtl trim
f 5394/5164/181 5395/5165/183 5459/5166/183 5458/5167/181
f 5396/5168/185 5397/5169/187 5461/5170/187 5460/5171/185
f 5397/5169/187 5398/5172/189 5462/5173/189 5461/5170/187
f 5398/5172/189 5399/5174/191 5463/5175/191 5462/5173/189
f 5399/5174/191 5400/5176/193 5464/5177/193 5463/5175/191
f 5400/5176/193 5401/5178/195 5465/5179/195 5464/5177/193
f 5401/5178/195 5402/5180/197 5466/5181/197 5465/5179/195
f 5402/5180/197 5339/5182/72 5403/5183/72 5466/5181/197
f 5403/5184/1988 5404/5185/1989 5468/5186/1989 5467/5187/1988
f 5404/5185/1989 5405/5188/1990 5469/5189/1990 5468/5186/1989
f 5405/5188/1990 5406/5190/1991 5470/5191/1991 5469/5189/1990
f 5406/5190/1991 5407/5192/1992 5471/5193/1992 5470/5191/1991
f 5407/5192/1992 5408/5194/1993 5472/5195/1993 5471/5193/1992
f 5408/5194/1993 5409/5196/1994 5473/5197/1994 5472/5195/1993
f 5409/5196/1994 5410/5198/1995 5474/5199/1995 5473/5197/1994
f 5410/5198/1995 5411/5200/1996 5475/5201/1996 5474/5199/1995
f 5411/5200/1996 5412/5202/1997 5476/5203/1997 5475/5201/1996
f 5412/5202/1997 5413/5204/1998 5477/5205/1998 5476/5203/1997
f 5413/5204/1998 5414/5206/1999 5478/5207/1999 5477/5205/1998
f 5414/5206/1999 5415/5208/2000 5479/5209/2000 5478/5207/1999
f 5415/5208/2000 5416/5210/2001 5480/5211/2001 5479/5209/2000
f 5416/5210/2001 5417/5212/2002 5481/5213/2002 5480/5211/2001
f 5417/5212/2002 5418/5214/2003 5482/5215/2003 5481/5213/2002
f 5418/5214/2003 5419/5216/2004 5483/5217/2004 5482/5215/2003
f 5419/5216/2004 5420/5218/2005 5484/5219/2005 5483/5217/2004
f 5420/5218/2005 5421/5220/2006 5485/5221/2006 5484/5219/2005
f 5421/5220/2006 5422/5222/2007 5486/5223/2007 5485/5221/2006
f 5422/5222/2007 5423/5224/2008 5487/5225/2008 5486/5223/2007
f 5423/5224/2008 5424/5226/2009 5488/5227/2009 5487/5225/2008
f 5424/5226/2009 5425/5228/2010 5489/5229/2010 5488/5227/2009
f 5425/5228/2010 5426/5230/2011 5490/5231/2011 5489/5229/2010
f 5426/5230/2011 5427/5232/2012 5491/5233/2012 5490/5231/2011
f 5427/5232/2012 5428/5234/2013 5492/5235/2013 5491/5233/2012
f 5428/5234/2013 5429/5236/2014 5493/5237/2014 5492/5235/2013
f 5429/5236/2014 5430/5238/2015 5494/5239/2015 5493/5237/2014
f 5430/5238/2015 5431/5240/2016 5495/5241/2016 5494/5239/2015
f 5431/5240/2016 5432/5242/2017 5496/5243/2017 5495/5241/2016
f 5432/5242/2017 5433/5244/2018 5497/5245/2018 5496/5243/2017
f 5433/5244/2018 5434/5246/2019 5498/5247/2019 5497/5245/2018
f 5434/5246/2019 5435/5248/2020 5499/5249/2020 5498/5247/2019
f 5435/5248/2020 5436/5250/2021 5500/5251/2021 5499/5249/2020
f 5436/5250/2021 5437/5252/2022 5501/5253/2022 5500/5251/2021
f 5437/5252/2022 5438/5254/2023 5502/5255/2023 5501/5253/2022
f 5438/5254/2023 5439/5256/2024 5503/5257/2024 5502/5255/2023
f 5439/5256/2024 5440/5258/2025 5504/5259/2025 5503/5257/2024
f 5440/5258/2025 5441/5260/2026 5505/5261/2026 5504/5259/2025
f 5441/5260/2026 5442/5262/2027 5506/5263/2027 5505/5261/2026
f 5442/5262/2027 5443/5264/2028 5507/5265/2028 5506/5263/2027
f 5443/5264/2028 5444/5266/2029 5508/5267/2029 5507/5265/2028
f 5444/5266/2029 5445/5268/2030 5509/5269/2030 5508/5267/2029
f 5445/5268/2030 5446/5270/2031 5510/5271/2031 5509/5269/2030
f 5446/5270/2031 5447/5272/2032 5511/5273/2032 5510/5271/2031
f 5447/5272/2032 5448/5274/2033 5512/5275/2033 5511/5273/2032
f 5448/5274/2033 5449/5276/2034 5513/5277/2034 5512/5275/2033
f 5449/5276/2034 5450/5278/2035 5514/5279/2035 5513/5277/2034
f 5450/5278/2035 5451/5280/2036 5515/5281/2036 5514/5279/2035
f 5451/5280/2036 5452/5282/2037 5516/5283/2037 5515/5281/2036
f 5452/5282/2037 5453/5284/2038 5517/5285/2038 5516/5283/2037
f 5453/5284/2038 5454/5286/2039 5518/5287/2039 5517/5285/2038
f 5454/5286/2039 5455/5288/2040 5519/5289/2040 5518/5287/2039
f 5455/5288/2040 5456/5290/2041 5520/5291/2041 5519/5289/2040
f 5456/5290/2041 5457/5292/2042 5521/5293/2042 5520/5291/2041
f 5457/5292/2042 5458/5167/2043 5522/5294/2043 5521/5293/2042
f 5458/5167/2043 5459/5166/2044 5523/5295/2044 5522/5294/2043
f 5459/5166/2044 5460/5171/2045 5524/5296/2045 5523/5295/2044
f 5460/5171/2045 5461/5170/2046 5525/5297/2046 5524/5296/2045
f 5461/5170/2046 5462/5173/2047 5526/5298/2047 5525/5297/2046
f 5462/5173/2047 5463/5175/2048 5527/5299/2048 5526/5298/2047
f 5463/5175/2048 5464/5177/2049 5528/5300/2049 5527/5299/2048
f 5464/5177/2049 5465/5179/2050 5529/5301/2050 5528/5300/2049
f 5465/5179/2050 5466/5181/2051 5530/5302/2051 5529/5301/2050
f 5466/5181/2051 5403/5183/1988 5467/5303/1988 5530/5302/2051
f 5467/5187/5148 5468/5186/5149 5532/5304/5149 5531/5305/5148
f 5468/5186/5149 5469/5189/5150 5533/5306/5150 5532/5304/5149
f 5469/5189/5150 5470/5191/5151 5534/5307/5151 5533/5306/5150
f 5470/5191/5151 5471/5193/4923 5535/5308/4923 5534/5307/5151
f 5471/5193/4923 5472/5195/5152 5536/5309/5152 5535/5308/4923
f 5472/5195/5152 5473/5197/5153 5537/5310/5153 5536/5309/5152
f 5473/5197/5153 5474/5199/5154 5538/5311/5154 5537/5310/5153
f 5474/5199/5154 5475/5201/5155 5539/5312/5155 5538/5311/5154
f 5475/5201/5155 5476/5203/5156 5540/5313/5156 5539/5312/5155
f 5476/5203/5156 5477/5205/5157 5541/5314/5157 5540/5313/5156
f 5477/5205/5157 5478/5207/5158 5542/5315/5158 5541/5314/5157
f 5478/5207/5158 5479/5209/4945 5543/5316/4945 5542/5315/5158
f 5479/5209/4945 5480/5211/5159 5544/5317/5159 5543/5316/4945
f 5480/5211/5159 5481/5213/5160 5545/5318/5160 5544/5317/5159
f 5481/5213/5160 5482/5215/5161 5546/5319/5161 5545/5318/5160
f 5482/5215/5161 5483/5217/5162 5547/5320/5162 5546/5319/5161
f 5483/5217/5162 5484/5219/5163 5548/5321/5163 5547/5320/5162
f 5484/5219/5163 5485/5221/5164 5549/5322/5164 5548/5321/5163
f 5485/5221/5164 5486/5223/5165 5550/5323/5165 5549/5322/5164
f 5486/5223/5165 5487/5225/4890 5551/5324/4890 5550/5323/5165
f 5487/5225/4890 5488/5227/5166 5552/5325/5166 5551/5324/4890
f 5488/5227/5166 5489/5229/5167 5553/5326/5167 5552/5325/5166
f 5489/5229/5167 5490/5231/5168 5554/5327/5168 5553/5326/5167
f 5490/5231/5168 5491/5233/5169 5555/5328/5169 5554/5327/5168
f 5491/5233/5169 5492/5235/5170 5556/5329/5170 5555/5328/5169
f 5492/5235/5170 5493/5237/5171 5557/5330/5171 5556/5329/5170
f 5493/5237/5171 5494/5239/5172 5558/5331/5172 5557/5330/5171
f 5494/5239/5172 5495/5241/4912 5559/5332/4912 5558/5331/5172
f 5495/5241/4912 5496/5243/5173 5560/5333/5173 5559/5332/4912
f 5496/5243/5173 5497/5245/5174 5561/5334/5174 5560/5333/5173
f 5497/5245/5174 5498/5247/5175 5562/5335/5175 5561/5334/5174
f 5498/5247/5175 5499/5249/5176 5563/5336/5176 5562/5335/5175
f 5499/5249/5176 5500/5251/5177 5564/5337/5177 5563/5336/5176
f 5500/5251/5177 5501/5253/5178 5565/5338/5178 5564/5337/5177
f 5501/5253/5178 5502/5255/5179 5566/5339/5179 5565/5338/5178
f 5502/5255/5179 5503/5257/4936 5567/5340/4936 5566/5339/5179
f 5503/5257/4936 5504/5259/5180 5568/5341/5180 5567/5340/4936
f 5504/5259/5180 5505/5261/5181 5569/5342/5181 5568/5341/5180
f 5505/5261/5181 5506/5263/5182 5570/5343/5182 5569/5342/5181
f 5506/5263/5182 5507/5265/5183 5571/5344/5183 5570/5343/5182
f 5507/5265/5183 5508/5267/5184 5572/5345/5184 5571/5344/5183
f 5508/5267/5184 5509/5269/5185 5573/5346/5185 5572/5345/5184
f 5509/5269/5185 5510/5271/5186 5574/5347/5186 5573/5346/5185
f 5510/5271/5186 5511/5273/4960 5575/5348/4960 5574/5347/5186
f 5511/5273/4960 5512/5275/5187 5576/5349/5187 5575/5348/4960
f 5512/5275/5187 5513/5277/5188 5577/5350/5188 5576/5349/5187
f 5513/5277/5188 5514/5279/5189 5578/5351/5189 5577/5350/5188
f 5514/5279/5189 5515/5281/5190 5579/5352/5190 5578/5351/5189
f 5515/5281/5190 5516/5283/5191 5580/5353/5191 5579/5352/5190
f 5516/5283/5191 5517/5285/5192 5581/5354/5192 5580/5353/5191
f 5517/5285/5192 5518/5287/5193 5582/5355/5193 5581/5354/5192
f 5518/5287/5193 5519/5289/4976 5583/5356/4976 5582/5355/5193
f 5519/5289/4976 5520/5291/5194 5584/5357/5194 5583/5356/4976
f 5520/5291/5194 5521/5293/5195 5585/5358/5195 5584/5357/5194
f 5521/5293/5195 5522/5294/5196 5586/5359/5196 5585/5358/5195
f 5522/5294/5196 5523/5295/5197 5587/5360/5197 5586/5359/5196
f 5523/5295/5197 5524/5296/5198 5588/5361/5198 5587/5360/5197
f 5524/5296/5198 5525/5297/5199 5589/5362/5199 5588/5361/5198
f 5525/5297/5199 5526/5298/5200 5590/5363/5200 5589/5362/5199
f 5526/5298/5200 5527/5299/4988 5591/5364/4988 5590/5363/5200
f 5527/5299/4988 5528/5300/5201 5592/5365/5201 5591/5364/4988
f 5528/5300/5201 5529/5301/5202 5593/5366/5202 5592/5365/5201
f 5529/5301/5202 5530/5302/5203 5594/5367/5203 5593/5366/5202
f 5530/5302/5203 5467/5303/5148 5531/5368/5148 5594/5367/5203
f 5531/5305/4871 5532/5304/4871 5596/5369/4871 5595/5370/4871
f 5532/5304/4871 5533/5306/4871 5597/5371/4871 5596/5369/4871
f 5533/5306/4871 5534/5307/4871 5598/5372/4871 5597/5371/4871
f 5534/5307/4871 5535/5308/4871 5599/5373/4871 5598/5372/4871
f 5535/5308/4871 5536/5309/4871 5600/5374/4871 5599/5373/4871
f 5536/5309/4871 5537/5310/4871 5601/5375/4871 5600/5374/4871
f 5537/5310/4871 5538/5311/4871 5602/5376/4871 5601/5375/4871
f 5538/5311/4871 5539/5312/4871 5603/5377/4871 5602/5376/4871
f 5539/5312/4871 5540/5313/4871 5604/5378/4871 5603/5377/4871
f 5540/5313/4871 5541/5314/4871 5605/5379/4871 5604/5378/4871
f 5541/5314/4871 5542/5315/4871 5606/5380/4871 5605/5379/4871
f 5542/5315/4871 5543/5316/4871 5607/5381/4871 5606/5380/4871
f 5543/5316/4871 5544/5317/4871 5608/5382/4871 5607/5381/4871
f 5544/5317/4871 5545/5318/4871 5609/5383/4871 5608/5382/4871
f 5545/5318/4871 5546/5319/4871 5610/5384/4871 5609/5383/4871
f 5546/5319/4871 5547/5320/4871 5611/5385/4871 5610/5384/4871
f 5547/5320/4871 5548/5321/4871 5612/5386/4871 5611/5385/4871
f 5548/5321/4871 5549/5322/4871 5613/5387/4871 5612/5386/4871
f 5549/5322/4871 5550/5323/4871 5614/5388/4871 5613/5387/4871
f 5550/5323/4871 5551/5324/4871 5615/5389/4871 5614/5388/4871
f 5551/5324/4871 5552/5325/4871 5616/5390/4871 5615/5389/4871
f 5552/5325/4871 5553/5326/4871 5617/5391/4871 5616/5390/4871
f 5553/5326/4871 5554/5327/4871 5618/5392/4871 5617/5391/4871
f 5554/5327/4871 5555/5328/4871 5619/5393/4871 5618/5392/4871
f 5555/5328/4871 5556/5329/4871 5620/5394/4871 5619/5393/4871
f 5556/5329/4871 5557/5330/4871 5621/5395/4871 5620/5394/4871
f 5557/5330/4871 5558/5331/4871 5622/5396/4871 5621/5395/4871
f 5558/5331/4871 5559/5332/4871 5623/5397/4871 5622/5396/4871
f 5559/5332/4871 5560/5333/4871 5624/5398/4871 5623/5397/4871
f 5560/5333/4871 5561/5334/4871 5625/5399/4871 5624/5398/4871
f 5561/5334/4871 5562/5335/4871 5626/5400/4871 5625/5399/4871
f 5562/5335/4871 5563/5336/4871 5627/5401/4871 5626/5400/4871
f 5563/5336/4871 5564/5337/4871 5628/5402/4871 5627/5401/4871
f 5564/5337/4871 5565/5338/4871 5629/5403/4871 5628/5402/4871
f 5565/5338/4871 5566/5339/4871 5630/5404/4871 5629/5403/4871
f 5566/5339/4871 5567/5340/4871 5631/5405/4871 5630/5404/4871
f 5567/5340/4871 5568/5341/4871 5632/5406/4871 5631/5405/4871
f 5568/5341/4871 5569/5342/4871 5633/5407/4871 5632/5406/4871
f 5569/5342/4871 5570/5343/4871 5634/5408/4871 5633/5407/4871
f 5570/5343/4871 5571/5344/4871 5635/5409/4871 5634/5408/4871
f 5571/5344/4871 5572/5345/4871 5636/5410/4871 5635/5409/4871
f 5572/5345/4871 5573/5346/4871 5637/5411/4871 5636/5410/4871
f 5573/5346/4871 5574/5347/4871 5638/5412/4871 5637/5411/4871
f 5574/5347/4871 5575/5348/4871 5639/5413/4871 5638/5412/4871
f 5575/5348/4871 5576/5349/4871 5640/5414/4871 5639/5413/4871
f 5576/5349/4871 5577/5350/4871 5641/5415/4871 5640/5414/4871
f 5577/5350/4871 5578/5351/4871 5642/5416/4871 5641/5415/4871
f 5578/5351/4871 5579/5352/4871 5643/5417/4871 5642/5416/4871
f 5579/5352/4871 5580/5353/4871 5644/5418/4871 5643/5417/4871
f 5580/5353/4871 5581/5354/4871 5645/5419/4871 5644/5418/4871
f 5581/5354/4871 5582/5355/4871 5646/5420/4871 5645/5419/4871
f 5582/5355/4871 5583/5356/4871 5647/5421/4871 5646/5420/4871
f 5583/5356/4871 5584/5357/4871 5648/5422/4871 5647/5421/4871
f 5584/5357/4871 5585/5358/4871 5649/5423/4871 5648/5422/4871
f 5585/5358/4871 5586/5359/4871 5650/5424/4871 5649/5423/4871
f 5586/5359/4871 5587/5360/4871 5651/5425/4871 5650/5424/4871
f 5587/5360/4871 5588/5361/4871 5652/5426/4871 5651/5425/4871
f 5588/5361/4871 5589/5362/4871 5653/5427/4871 5652/5426/4871
f 5589/5362/4871 5590/5363/4871 5654/5428/4871 5653/5427/4871
f 5590/5363/4871 5591/5364/4871 5655/5429/4871 5654/5428/4871
f 5591/5364/4871 5592/5365/4871 5656/5430/4871 5655/5429/4871
f 5592/5365/4871 5593/5366/4871 5657/5431/4871 5656/5430/4871
f 5593/5366/4871 5594/5367/4871 5658/5432/4871 5657/5431/4871
f 5594/5367/4871 5531/5368/4871 5595/5433/4871 5658/5432/4871
f 5595/5370/2020 5596/5369/2021 5276/5434/2021 5275/5435/2020
f 5596/5369/2021 5597/5371/2022 5277/5436/2022 5276/5434/2021
f 5597/5371/2022 5598/5372/2023 5278/5437/2023 5277/5436/2022
f 5598/5372/2023 5599/5373/2024 5279/5438/2024 5278/5437/2023
f 5599/5373/2024 5600/5374/2025 5280/5439/2025 5279/5438/2024
f 5600/5374/2025 5601/5375/2026 5281/5440/2026 5280/5439/2025
f 5601/5375/2026 5602/5376/2027 5282/5441/2027 5281/5440/2026
f 5602/5376/2027 5603/5377/2028 5283/5442/2028 5282/5441/2027
f 5603/5377/2028 5604/5378/2029 5284/5443/2029 5283/5442/2028
f 5604/5378/2029 5605/5379/2030 5285/5444/2030 5284/5443/2029
f 5605/5379/2030 5606/5380/2031 5286/5445/2031 5285/5444/2030
f 5606/5380/2031 5607/5381/2032 5287/5446/2032 5286/5445/2031
f 5607/5381/2032 5608/5382/2033 5288/5447/2033 5287/5446/2032
f 5608/5382/2033 5609/5383/2034 5289/5448/2034 5288/5447/2033
f 5609/5383/2034 5610/5384/2035 5290/5449/2035 5289/5448/2034
f 5610/5384/2035 5611/5385/2036 5291/5450/2036 5290/5449/2035
f 5611/5385/2036 5612/5386/2037 5292/5451/2037 5291/5450/2036
f 5612/5386/2037 5613/5387/2038 5293/5452/2038 5292/5451/2037
f 5613/5387/2038 5614/5388/2039 5294/5453/2039 5293/5452/2038
f 5614/5388/2039 5615/5389/2040 5295/5454/2040 5294/5453/2039
f 5615/5389/2040 5616/5390/2041 5296/5455/2041 5295/5454/2040
f 5616/5390/2041 5617/5391/2042 5297/5456/2042 5296/5455/2041
f 5617/5391/2042 5618/5392/2043 5298/5457/2043 5297/5456/2042
f 5618/5392/2043 5619/5393/2044 5299/5458/2044 5298/5457/2043
f 5619/5393/2044 5620/5394/2045 5300/5459/2045 5299/5458/2044
f 5620/5394/2045 5621/5395/2046 5301/5460/2046 5300/5459/2045
f 5621/5395/2046 5622/5396/2047 5302/5461/2047 5301/5460/2046
f 5622/5396/2047 5623/5397/2048 5303/5462/2048 5302/5461/2047
f 5623/5397/2048 5624/5398/2049 5304/5463/2049 5303/5462/2048
f 5624/5398/2049 5625/5399/2050 5305/5464/2050 5304/5463/2049
f 5625/5399/2050 5626/5400/2051 5306/5465/2051 5305/5464/2050
f 5626/5400/2051 5627/5401/1988 5307/5466/1988 5306/5465/2051
f 5627/5401/1988 5628/5402/1989 5308/5467/1989 5307/5466/1988
f 5628/5402/1989 5629/5403/1990 5309/5468/1990 5308/5467/1989
f 5629/5403/1990 5630/5404/1991 5310/5469/1991 5309/5468/1990
f 5630/5404/1991 5631/5405/1992 5311/5470/1992 5310/5469/1991
f 5631/5405/1992 5632/5406/1993 5312/5471/1993 5311/5470/1992
f 5632/5406/1993 5633/5407/1994 5313/5472/1994 5312/5471/1993
f 5633/5407/1994 5634/5408/1995 5314/5473/1995 5313/5472/1994
f 5634/5408/1995 5635/5409/1996 5315/5474/1996 5314/5473/1995
f 5635/5409/1996 5636/5410/1997 5316/5475/1997 5315/5474/1996
f 5636/5410/1997 5637/5411/1998 5317/5476/1998 5316/5475/1997
f 5637/5411/1998 5638/5412/1999 5318/5477/1999 5317/5476/1998
f 5638/5412/1999 5639/5413/2000 5319/5478/2000 5318/5477/1999
f 5639/5413/2000 5640/5414/2001 5320/5479/2001 5319/5478/2000
f 5640/5414/2001 5641/5415/2002 5321/5480/2002 5320/5479/2001
f 5641/5415/2002 5642/5416/2003 5322/5481/2003 5321/5480/2002
f 5642/5416/2003 5643/5417/2004 5323/5482/2004 5322/5481/2003
f 5643/5417/2004 5644/5418/2005 5324/5483/2005 5323/5482/2004
f 5644/5418/2005 5645/5419/2006 5325/5484/2006 5324/5483/2005
f 5645/5419/2006 5646/5420/2007 5326/5485/2007 5325/5484/2006
f 5646/5420/2007 5647/5421/2008 5327/5486/2008 5326/5485/2007
f 5647/5421/2008 5648/5422/2009 5328/5487/2009 5327/5486/2008
f 5648/5422/2009 5649/5423/2010 5329/5488/2010 5328/5487/2009
f 5649/5423/2010 5650/5424/2011 5330/5489/2011 5329/5488/2010
f 5650/5424/2011 5651/5425/2012 5331/5490/2012 5330/5489/2011
f 5651/5425/2012 5652/5426/2013 5332/5491/2013 5331/5490/2012
f 5652/5426/2013 5653/5427/2014 5333/5492/2014 5332/5491/2013
f 5653/5427/2014 5654/5428/2015 5334/5493/2015 5333/5492/2014
f 5654/5428/2015 5655/5429/2016 5335/5494/2016 5334/5493/2015
f 5655/5429/2016 5656/5430/2017 5336/5495/2017 5335/5494/2016
f 5656/5430/2017 5657/5431/2018 5337/5496/2018 5336/5495/2017
f 5657/5431/2018 5658/5432/2019 5338/5497/2019 5337/5496/2018
f 5658/5432/2019 5595/5433/2020 5275/5498/2020 5338/5497/2019
f 5659/5499/5 5661/5500/5204 5660/5501/5205
f 5659/5502/5 5662/5503/5206 5661/5500/5204
f 5659/5504/5 5663/5505/5207 5662/5503/5206
f 5659/5506/5 5664/5507/5208 5663/5505/5207
f 5659/5508/5 5665/5509/5209 5664/5507/5208
f 5659/5510/5 5666/5511/5210 5665/5509/5209
f 5659/5512/5 5667/5513/5211 5666/5511/5210
f 5659/5514/5 5668/5515/5212 5667/5513/5211
f 5659/5516/5 5669/5517/5213 5668/5515/5212
f 5659/5518/5 5660/5519/5205 5669/5517/5213
f 5660/5501/5214 5661/5500/5215 5671/5520/5215 5670/5521/5214
f 5661/5500/5215 5662/5503/5216 5672/5522/5216 5671/5520/5215
f 5662/5503/5216 5663/5505/5217 5673/5523/5217 5672/5522/5216
f 5663/5505/5217 5664/5507/5218 5674/5524/5218 5673/5523/5217
f 5664/5507/5218 5665/5509/5219 5675/5525/5219 5674/5524/5218
f 5665/5509/5219 5666/5511/5220 5676/5526/5220 5675/5525/5219
f 5666/5511/5220 5667/5513/5221 5677/5527/5221 5676/5526/5220
f 5667/5513/5221 5668/5515/5222 5678/5528/5222 5677/5527/5221
f 5668/5515/5222 5669/5517/5223 5679/5529/5223 5678/5528/5222
f 5669/5517/5223 5660/5519/5214 5670/5530/5214 5679/5529/5223
f 5670/5521/5224 5671/5520/5224 5681/5531/5224 5680/5532/5224
f 5671/5520/5225 5672/5522/5225 5682/5533/5225 5681/5531/5225
f 5672/5522/2004 5673/5523/2004 5683/5534/2004 5682/5533/2004
f 5673/5523/5226 5674/5524/5226 5684/5535/5226 5683/5534/5226
f 5674/5524/5227 5675/5525/5227 5685/5536/5227 5684/5535/5227
f 5675/5525/5228 5676/5526/5228 5686/5537/5228 5685/5536/5228
f 5676/5526/5229 5677/5527/5229 5687/5538/5229 5686/5537/5229
f 5677/5527/2036 5678/5528/2036 5688/5539/2036 5687/5538/2036
f 5678/5528/5230 5679/5529/5230 5689/5540/5230 5688/5539/5230
f 5679/5529/5231 5670/5530/5231 5680/5541/5231 5689/5540/5231
f 5680/5532/5232 5681/5531/5233 5691/5542/5233 5690/5543/5232
f 5681/5531/5233 5682/5533/5234 5692/5544/5234 5691/5542/5233
f 5682/5533/5234 5683/5534/5235 5693/5545/5235 5692/5544/5234
f 5683/5534/5235 5684/5535/5236 5694/5546/5236 5693/5545/5235
f 5684/5535/5236 5685/5536/5237 5695/5547/5237 5694/5546/5236
f 5685/5536/5237 5686/5537/5238 5696/5548/5238 5695/5547/5237
f 5686/5537/5238 5687/5538/5239 5697/5549/5239 5696/5548/5238
f 5687/5538/5239 5688/5539/5240 5698/5550/5240 5697/5549/5239
f 5688/5539/5240 5689/5540/5241 5699/5551/5241 5698/5550/5240
f 5689/5540/5241 5680/5541/5232 5690/5552/5232 5699/5551/5241
f 5690/5543/5242 5691/5542/5243 5700/5553/4871
f 5691/5542/5243 5692/5544/5244 5700/5554/4871
f 5692/5544/5244 5693/5545/5245 5700/5555/4871
f 5693/5545/5245 5694/5546/5246 5700/5556/4871
f 5694/5546/5246 5695/5547/5247 5700/5557/4871
f 5695/5547/5247 5696/5548/5248 5700/5558/4871
f 5696/5548/5248 5697/5549/5249 5700/5559/4871
f 5697/5549/5249 5698/5550/5250 5700/5560/4871
f 5698/5550/5250 5699/5551/5251 5700/5561/4871
f 5699/5551/5251 5690/5552/5242 5700/5562/4871
f 5701/5499/5 5703/5500/5204 5702/5501/5205
f 5701/5502/5 5704/5503/5206 5703/5500/5204
f 5701/5504/5 5705/5505/5207 5704/5503/5206
f 5701/5506/5 5706/5507/5208 5705/5505/5207
f 5701/5508/5 5707/5509/5209 5706/5507/5208
f 5701/5510/5 5708/5511/5210 5707/5509/5209
f 5701/5512/5 5709/5513/5211 5708/5511/5210
f 5701/5514/5 5710/5515/5212 5709/5513/5211
f 5701/5516/5 5711/5517/5213 5710/5515/5212
f 5701/5518/5 5702/5519/5205 5711/5517/5213
f 5702/5501/5214 5703/5500/5215 5713/5520/5215 5712/5521/5214
f 5703/5500/5215 5704/5503/5216 5714/5522/5216 5713/5520/5215
f 5704/5503/5216 5705/5505/5217 5715/5523/5217 5714/5522/5216
f 5705/5505/5217 5706/5507/5218 5716/5524/5218 5715/5523/5217
f 5706/5507/5218 5707/5509/5219 5717/5525/5219 5716/5524/5218
f 5707/5509/5219 5708/5511/5220 5718/5526/5220 5717/5525/5219
f 5708/5511/5220 5709/5513/5221 5719/5527/5221 5718/5526/5220
f 5709/5513/5221 5710/5515/5222 5720/5528/5222 5719/5527/5221
f 5710/5515/5222 5711/5517/5223 5721/5529/5223 5720/5528/5222
f 5711/5517/5223 5702/5519/5214 5712/5530/5214 5721/5529/5223
f 5712/5521/5224 5713/5520/5224 5723/5531/5224 5722/5532/5224
f 5713/5520/5225 5714/5522/5225 5724/5533/5225 5723/5531/5225
f 5714/5522/2004 5715/5523/2004 5725/5534/2004 5724/5533/2004
f 5715/5523/5226 5716/5524/5226 5726/5535/5226 5725/5534/5226
f 5716/5524/5227 5717/5525/5227 5727/5536/5227 5726/5535/5227
f 5717/5525/5228 5718/5526/5228 5728/5537/5228 5727/5536/5228
f 5718/5526/5229 5719/5527/5229 5729/5538/5229 5728/5537/5229
f 5719/5527/2036 5720/5528/2036 5730/5539/2036 5729/5538/2036
f 5720/5528/5230 5721/5529/5230 5731/5540/5230 5730/5539/5230
f 5721/5529/5231 5712/5530/5231 5722/5541/5231 5731/5540/5231
f 5722/5532/5232 5723/5531/5233 5733/5542/5233 5732/5543/5232
f 5723/5531/5233 5724/5533/5234 5734/5544/5234 5733/5542/5233
f 5724/5533/5234 5725/5534/5235 5735/5545/5235 5734/5544/5234
f 5725/5534/5235 5726/5535/5236 5736/5546/5236 5735/5545/5235
f 5726/5535/5236 5727/5536/5237 5737/5547/5237 5736/5546/5236
f 5727/5536/5237 5728/5537/5238 5738/5548/5238 5737/5547/5237
f 5728/5537/5238 5729/5538/5239 5739/5549/5239 5738/5548/5238
f 5729/5538/5239 5730/5539/5240 5740/5550/5240 5739/5549/5239
f 5730/5539/5240 5731/5540/5241 5741/5551/5241 5740/5550/5240
f 5731/5540/5241 5722/5541/5232 5732/5552/5232 5741/5551/5241
f 5732/5543/5242 5733/5542/5243 5742/5553/4871
f 5733/5542/5243 5734/5544/5244 5742/5554/4871
f 5734/5544/5244 5735/5545/5245 5742/5555/4871
f 5735/5545/5245 5736/5546/5246 5742/5556/4871
f 5736/5546/5246 5737/5547/5247 5742/5557/4871
f 5737/5547/5247 5738/5548/5248 5742/5558/4871
f 5738/5548/5248 5739/5549/5249 5742/5559/4871
f 5739/5549/5249 5740/5550/5250 5742/5560/4871
f 5740/5550/5250 5741/5551/5251 5742/5561/4871
f 5741/5551/5251 5732/5552/5242 5742/5562/4871
f 5743/5499/5 5745/5500/5204 5744/5501/5205
f 5743/5502/5 5746/5503/5206 5745/5500/5204
f 5743/5504/5 5747/5505/5207 5746/5503/5206
f 5743/5506/5 5748/5507/5208 5747/5505/5207
f 5743/5508/5 5749/5509/5209 5748/5507/5208
f 5743/5510/5 5750/5511/5210 5749/5509/5209
f 5743/5512/5 5751/5513/5211 5750/5511/5210
f 5743/5514/5 5752/5515/5212 5751/5513/5211
f 5743/5516/5 5753/5517/5213 5752/5515/5212
f 5743/5518/5 5744/5519/5205 5753/5517/5213
f 5744/5501/5214 5745/5500/5215 5755/5520/5215 5754/5521/5214
f 5745/5500/5215 5746/5503/5216 5756/5522/5216 5755/5520/5215
f 5746/5503/5216 5747/5505/5217 5757/5523/5217 5756/5522/5216
f 5747/5505/5217 5748/5507/5218 5758/5524/5218 5757/5523/5217
f 5748/5507/5218 5749/5509/5219 5759/5525/5219 5758/5524/5218
f 5749/5509/5219 5750/5511/5220 5760/5526/5220 5759/5525/5219
f 5750/5511/5220 5751/5513/5221 5761/5527/5221 5760/5526/5220
f 5751/5513/5221 5752/5515/5222 5762/5528/5222 5761/5527/5221
f 5752/5515/5222 5753/5517/5223 5763/5529/5223 5762/5528/5222
f 5753/5517/5223 5744/5519/5214 5754/5530/5214 5763/5529/5223
f 5754/5521/5224 5755/5520/5224 5765/5531/5224 5764/5532/5224
f 5755/5520/5225 5756/5522/5225 5766/5533/5225 5765/5531/5225
f 5756/5522/2004 5757/5523/2004 5767/5534/2004 5766/5533/2004
f 5757/5523/5226 5758/5524/5226 5768/5535/5226 5767/5534/5226
f 5758/5524/5227 5759/5525/5227 5769/5536/5227 5768/5535/5227
f 5759/5525/5228 5760/5526/5228 5770/5537/5228 5769/5536/5228
f 5760/5526/5229 5761/5527/5229 5771/5538/5229 5770/5537/5229
f 5761/5527/2036 5762/5528/2036 5772/5539/2036 5771/5538/2036
f 5762/5528/5230 5763/5529/5230 5773/5540/5230 5772/5539/5230
f 5763/5529/5231 5754/5530/5231 5764/5541/5231 5773/5540/5231
f 5764/5532/5232 5765/5531/5233 5775/5542/5233 5774/5543/5232
f 5765/5531/5233 5766/5533/5234 5776/5544/5234 5775/5542/5233
f 5766/5533/5234 5767/5534/5235 5777/5545/5235 5776/5544/5234
f 5767/5534/5235 5768/5535/5236 5778/5546/5236 5777/5545/5235
f 5768/5535/5236 5769/5536/5237 5779/5547/5237 5778/5546/5236
f 5769/5536/5237 5770/5537/5238 5780/5548/5238 5779/5547/5237
f 5770/5537/5238 5771/5538/5239 5781/5549/5239 5780/5548/5238
f 5771/5538/5239 5772/5539/5240 5782/5550/5240 5781/5549/5239
f 5772/5539/5240 5773/5540/5241 5783/5551/5241 5782/5550/5240
f 5773/5540/5241 5764/5541/5232 5774/5552/5232 5783/5551/5241
f 5774/5543/5242 5775/5542/5243 5784/5553/4871
f 5775/5542/5243 5776/5544/5244 5784/5554/4871
f 5776/5544/5244 5777/5545/5245 5784/5555/4871
f 5777/5545/5245 5778/5546/5246 5784/5556/4871
f 5778/5546/5246 5779/5547/5247 5784/5557/4871
f 5779/5547/5247 5780/5548/5248 5784/5558/4871
f 5780/5548/5248 5781/5549/5249 5784/5559/4871
f 5781/5549/5249 5782/5550/5250 5784/5560/4871
f 5782/5550/5250 5783/5551/5251 5784/5561/4871
f 5783/5551/5251 5774/5552/5242 5784/5562/4871
f 5785/5499/5 5787/5500/5204 5786/5501/5205
f 5785/5502/5 5788/5503/5206 5787/5500/5204
f 5785/5504/5 5789/5505/5207 5788/5503/5206
f 5785/5506/5 5790/5507/5208 5789/5505/5207
f 5785/5508/5 5791/5509/5209 5790/5507/5208
f 5785/5510/5 5792/5511/5210 5791/5509/5209
f 5785/5512/5 5793/5513/5211 5792/5511/5210
f 5785/5514/5 5794/5515/5212 5793/5513/5211
f 5785/5516/5 5795/5517/5213 5794/5515/5212
f 5785/5518/5 5786/5519/5205 5795/5517/5213
f 5786/5501/5214 5787/5500/5215 5797/5520/5215 5796/5521/5214
f 5787/5500/5215 5788/5503/5216 5798/5522/5216 5797/5520/5215
f 5788/5503/5216 5789/5505/5217 5799/5523/5217 5798/5522/5216
f 5789/5505/5217 5790/5507/5218 5800/5524/5218 5799/5523/5217
f 5790/5507/5218 5791/5509/5219 5801/5525/5219 5800/5524/5218
f 5791/5509/5219 5792/5511/5220 5802/5526/5220 5801/5525/5219
f 5792/5511/5220 5793/5513/5221 5803/5527/5221 5802/5526/5220
f 5793/5513/5221 5794/5515/5222 5804/5528/5222 5803/5527/5221
f 5794/5515/5222 5795/5517/5223 5805/5529/5223 5804/5528/5222
f 5795/5517/5223 5786/5519/5214 5796/5530/5214 5805/5529/5223
f 5796/5521/5224 5797/5520/5224 5807/5531/5224 5806/5532/5224
f 5797/5520/5225 5798/5522/5225 5808/5533/5225 5807/5531/5225
f 5798/5522/2004 5799/5523/2004 5809/5534/2004 5808/5533/2004
f 5799/5523/5226 5800/5524/5226 5810/5535/5226 5809/5534/5226
f 5800/5524/5227 5801/5525/5227 5811/5536/5227 5810/5535/5227
f 5801/5525/5228 5802/5526/5228 5812/5537/5228 5811/5536/5228
f 5802/5526/5229 5803/5527/5229 5813/5538/5229 5812/5537/5229
f 5803/5527/2036 5804/5528/2036 5814/5539/2036 5813/5538/2036
f 5804/5528/5230 5805/5529/5230 5815/5540/5230 5814/5539/5230
f 5805/5529/5231 5796/5530/5231 5806/5541/5231 5815/5540/5231
f 5806/5532/5232 5807/5531/5233 5817/5542/5233 5816/5543/5232
f 5807/5531/5233 5808/5533/5234 5818/5544/5234 5817/5542/5233
f 5808/5533/5234 5809/5534/5235 5819/5545/5235 5818/5544/5234
f 5809/5534/5235 5810/5535/5236 5820/5546/5236 5819/5545/5235
f 5810/5535/5236 5811/5536/5237 5821/5547/5237 5820/5546/5236
f 5811/5536/5237 5812/5537/5238 5822/5548/5238 5821/5547/5237
f 5812/5537/5238 5813/5538/5239 5823/5549/5239 5822/5548/5238
f 5813/5538/5239 5814/5539/5240 5824/5550/5240 5823/5549/5239
f 5814/5539/5240 5815/5540/5241 5825/5551/5241 5824/5550/5240
f 5815/5540/5241 5806/5541/5232 5816/5552/5232 5825/5551/5241
f 5816/5543/5242 5817/5542/5243 5826/5553/4871
f 5817/5542/5243 5818/5544/5244 5826/5554/4871
f 5818/5544/5244 5819/5545/5245 5826/5555/4871
f 5819/5545/5245 5820/5546/5246 5826/5556/4871
f 5820/5546/5246 5821/5547/5247 5826/5557/4871
f 5821/5547/5247 5822/5548/5248 5826/5558/4871
f 5822/5548/5248 5823/5549/5249 5826/5559/4871
f 5823/5549/5249 5824/5550/5250 5826/5560/4871
f 5824/5550/5250 5825/5551/5251 5826/5561/4871
f 5825/5551/5251 5816/5552/5242 5826/5562/4871
f 5827/5499/5 5829/5500/5204 5828/5501/5205
f 5827/5502/5 5830/5503/5206 5829/5500/5204
f 5827/5504/5 5831/5505/5207 5830/5503/5206
f 5827/5506/5 5832/5507/5208 5831/5505/5207
f 5827/5508/5 5833/5509/5209 5832/5507/5208
f 5827/5510/5 5834/5511/5210 5833/5509/5209
f 5827/5512/5 5835/5513/5211 5834/5511/5210
f 5827/5514/5 5836/5515/5212 5835/5513/5211
f 5827/5516/5 5837/5517/5213 5836/5515/5212
f 5827/5518/5 5828/5519/5205 5837/5517/5213
f 5828/5501/5214 5829/5500/5215 5839/5520/5215 5838/5521/5214
f 5829/5500/5215 5830/5503/5216 5840/5522/5216 5839/5520/5215
f 5830/5503/5216 5831/5505/5217 5841/5523/5217 5840/5522/5216
f 5831/5505/5217 5832/5507/5218 5842/5524/5218 5841/5523/5217
f 5832/5507/5218 5833/5509/5219 5843/5525/5219 5842/5524/5218
f 5833/5509/5219 5834/5511/5220 5844/5526/5220 5843/5525/5219
f 5834/5511/5220 5835/5513/5221 5845/5527/5221 5844/5526/5220
f 5835/5513/5221 5836/5515/5222 5846/5528/5222 5845/5527/5221
f 5836/5515/5222 5837/5517/5223 5847/5529/5223 5846/5528/5222
f 5837/5517/5223 5828/5519/5214 5838/5530/5214 5847/5529/5223
f 5838/5521/5224 5839/5520/5224 5849/5531/5224 5848/5532/5224
f 5839/5520/5225 5840/5522/5225 5850/5533/5225 5849/5531/5225
f 5840/5522/2004 5841/5523/2004 5851/5534/2004 5850/5533/2004
f 5841/5523/5226 5842/5524/5226 5852/5535/5226 5851/5534/5226
f 5842/5524/5227 5843/5525/5227 5853/5536/5227 5852/5535/5227
f 5843/5525/5228 5844/5526/5228 5854/5537/5228 5853/5536/5228
f 5844/5526/5229 5845/5527/5229 5855/5538/5229 5854/5537/5229
f 5845/5527/2036 5846/5528/2036 5856/5539/2036 5855/5538/2036
f 5846/5528/5230 5847/5529/5230 5857/5540/5230 5856/5539/5230
f 5847/5529/5231 5838/5530/5231 5848/5541/5231 5857/5540/5231
f 5848/5532/5232 5849/5531/5233 5859/5542/5233 5858/5543/5232
f 5849/5531/5233 5850/5533/5234 5860/5544/5234 5859/5542/5233
f 5850/5533/5234 5851/5534/5235 5861/5545/5235 5860/5544/5234
f 5851/5534/5235 5852/5535/5236 5862/5546/5236 5861/5545/5235
f 5852/5535/5236 5853/5536/5237 5863/5547/5237 5862/5546/5236
f 5853/5536/5237 5854/5537/5238 5864/5548/5238 5863/5547/5237
f 5854/5537/5238 5855/5538/5239 5865/5549/5239 5864/5548/5238
f 5855/5538/5239 5856/5539/5240 5866/5550/5240 5865/5549/5239
f 5856/5539/5240 5857/5540/5241 5867/5551/5241 5866/5550/5240
f 5857/5540/5241 5848/5541/5232 5858/5552/5232 5867/5551/5241
f 5858/5543/5242 5859/5542/5243 5868/5553/4871
f 5859/5542/5243 5860/5544/5244 5868/5554/4871
f 5860/5544/5244 5861/5545/5245 5868/5555/4871
f 5861/5545/5245 5862/5546/5246 5868/5556/4871
f 5862/5546/5246 5863/5547/5247 5868/5557/4871
f 5863/5547/5247 5864/5548/5248 5868/5558/4871
f 5864/5548/5248 5865/5549/5249 5868/5559/4871
f 5865/5549/5249 5866/5550/5250 5868/5560/4871
f 5866/5550/5250 5867/5551/5251 5868/5561/4871
f 5867/5551/5251 5858/5552/5242 5868/5562/4871
f 5869/5499/5 5871/5500/5204 5870/5501/5205
f 5869/5502/5 5872/5503/5206 5871/5500/5204
f 5869/5504/5 5873/5505/5207 5872/5503/5206
f 5869/5506/5 5874/5507/5208 5873/5505/5207
f 5869/5508/5 5875/5509/5209 5874/5507/5208
f 5869/5510/5 5876/5511/5210 5875/5509/5209
f 5869/5512/5 5877/5513/5211 5876/5511/5210
f 5869/5514/5 5878/5515/5212 5877/5513/5211
f 5869/5516/5 5879/5517/5213 5878/5515/5212
f 5869/5518/5 5870/5519/5205 5879/5517/5213
f 5870/5501/5214 5871/5500/5215 5881/5520/5215 5880/5521/5214
f 5871/5500/5215 5872/5503/5216 5882/5522/5216 5881/5520/5215
f 5872/5503/5216 5873/5505/5217 5883/5523/5217 5882/5522/5216
f 5873/5505/5217 5874/5507/5218 5884/5524/5218 5883/5523/5217
f 5874/5507/5218 5875/5509/5219 5885/5525/5219 5884/5524/5218
f 5875/5509/5219 5876/5511/5220 5886/5526/5220 5885/5525/5219
f 5876/5511/5220 5877/5513/5221 5887/5527/5221 5886/5526/5220
f 5877/5513/5221 5878/5515/5222 5888/5528/5222 5887/5527/5221
f 5878/5515/5222 5879/5517/5223 5889/5529/5223 5888/5528/5222
f 5879/5517/5223 5870/5519/5214 5880/5530/5214 5889/5529/5223
f 5880/5521/5224 5881/5520/5224 5891/5531/5224 5890/5532/5224
f 5881/5520/5225 5882/5522/5225 5892/5533/5225 5891/5531/5225
f 5882/5522/2004 5883/5523/2004 5893/5534/2004 5892/5533/2004
f 5883/5523/5226 5884/5524/5226 5894/5535/5226 5893/5534/5226
f 5884/5524/5227 5885/5525/5227 5895/5536/5227 5894/5535/5227
f 5885/5525/5228 5886/5526/5228 5896/5537/5228 5895/5536/5228
f 5886/5526/5229 5887/5527/5229 5897/5538/5229 5896/5537/5229
f 5887/5527/2036 5888/5528/2036 5898/5539/2036 5897/5538/2036
f 5888/5528/5230 5889/5529/5230 5899/5540/5230 5898/5539/5230
f 5889/5529/5231 5880/5530/5231 5890/5541/5231 5899/5540/5231
f 5890/5532/5232 5891/5531/5233 5901/5542/5233 5900/5543/5232
f 5891/5531/5233 5892/5533/5234 5902/5544/5234 5901/5542/5233
f 5892/5533/5234 5893/5534/5235 5903/5545/5235 5902/5544/5234
f 5893/5534/5235 5894/5535/5236 5904/5546/5236 5903/5545/5235
f 5894/5535/5236 5895/5536/5237 5905/5547/5237 5904/5546/5236
f 5895/5536/5237 5896/5537/5238 5906/5548/5238 5905/5547/5237
f 5896/5537/5238 5897/5538/5239 5907/5549/5239 5906/5548/5238
f 5897/5538/5239 5898/5539/5240 5908/5550/5240 5907/5549/5239
f 5898/5539/5240 5899/5540/5241 5909/5551/5241 5908/5550/5240
f 5899/5540/5241 5890/5541/5232 5900/5552/5232 5909/5551/5241
f 5900/5543/5242 5901/5542/5243 5910/5553/4871
f 5901/5542/5243 5902/5544/5244 5910/5554/4871
f 5902/5544/5244 5903/5545/5245 5910/5555/4871
f 5903/5545/5245 5904/5546/5246 5910/5556/4871
f 5904/5546/5246 5905/5547/5247 5910/5557/4871
f 5905/5547/5247 5906/5548/5248 5910/5558/4871
f 5906/5548/5248 5907/5549/5249 5910/5559/4871
f 5907/5549/5249 5908/5550/5250 5910/5560/4871
f 5908/5550/5250 5909/5551/5251 5910/5561/4871
f 5909/5551/5251 5900/5552/5242 5910/5562/4871
f 5911/5499/5 5913/5500/5204 5912/5501/5205
f 5911/5502/5 5914/5503/5206 5913/5500/5204
f 5911/5504/5 5915/5505/5207 5914/5503/5206
f 5911/5506/5 5916/5507/5208 5915/5505/5207
f 5911/5508/5 5917/5509/5209 5916/5507/5208
f 5911/5510/5 5918/5511/5210 5917/5509/5209
f 5911/5512/5 5919/5513/5211 5918/5511/5210
f 5911/5514/5 5920/5515/5212 5919/5513/5211
f 5911/5516/5 5921/5517/5213 5920/5515/5212
f 5911/5518/5 5912/5519/5205 5921/5517/5213
f 5912/5501/5214 5913/5500/5215 5923/5520/5215 5922/5521/5214
f 5913/5500/5215 5914/5503/5216 5924/5522/5216 5923/5520/5215
f 5914/5503/5216 5915/5505/5217 5925/5523/5217 5924/5522/5216
f 5915/5505/5217 5916/5507/5218 5926/5524/5218 5925/5523/5217
f 5916/5507/5218 5917/5509/5219 5927/5525/5219 5926/5524/5218
f 5917/5509/5219 5918/5511/5220 5928/5526/5220 5927/5525/5219
f 5918/5511/5220 5919/5513/5221 5929/5527/5221 5928/5526/5220
f 5919/5513/5221 5920/5515/5222 5930/5528/5222 5929/5527/5221
f 5920/5515/5222 5921/5517/5223 5931/5529/5223 5930/5528/5222
f 5921/5517/5223 5912/5519/5214 5922/5530/5214 5931/5529/5223
f 5922/5521/5224 5923/5520/5224 5933/5531/5224 5932/5532/5224
f 5923/5520/5225 5924/5522/5225 5934/5533/5225 5933/5531/5225
f 5924/5522/2004 5925/5523/2004 5935/5534/2004 5934/5533/2004
f 5925/5523/5226 5926/5524/5226 5936/5535/5226 5935/5534/5226
f 5926/5524/5227 5927/5525/5227 5937/5536/5227 5936/5535/5227
f 5927/5525/5228 5928/5526/5228 5938/5537/5228 5937/5536/5228
f 5928/5526/5229 5929/5527/5229 5939/5538/5229 5938/5537/5229
f 5929/5527/2036 5930/5528/2036 5940/5539/2036 5939/5538/2036
f 5930/5528/5230 5931/5529/5230 5941/5540/5230 5940/5539/5230
f 5931/5529/5231 5922/5530/5231 5932/5541/5231 5941/5540/5231
f 5932/5532/5232 5933/5531/5233 5943/5542/5233 5942/5543/5232
f 5933/5531/5233 5934/5533/5234 5944/5544/5234 5943/5542/5233
f 5934/5533/5234 5935/5534/5235 5945/5545/5235 5944/5544/5234
f 5935/5534/5235 5936/5535/5236 5946/5546/5236 5945/5545/5235
f 5936/5535/5236 5937/5536/5237 5947/5547/5237 5946/5546/5236
f 5937/5536/5237 5938/5537/5238 5948/5548/5238 5947/5547/5237
f 5938/5537/5238 5939/5538/5239 5949/5549/5239 5948/5548/5238
f 5939/5538/5239 5940/5539/5240 5950/5550/5240 5949/5549/5239
f 5940/5539/5240 5941/5540/5241 5951/5551/5241 5950/5550/5240
f 5941/5540/5241 5932/5541/5232 5942/5552/5232 5951/5551/5241
f 5942/5543/5242 5943/5542/5243 5952/5553/4871
f 5943/5542/5243 5944/5544/5244 5952/5554/4871
f 5944/5544/5244 5945/5545/5245 5952/5555/4871
f 5945/5545/5245 5946/5546/5246 5952/5556/4871
f 5946/5546/5246 5947/5547/5247 5952/5557/4871
f 5947/5547/5247 5948/5548/5248 5952/5558/4871
f 5948/5548/5248 5949/5549/5249 5952/5559/4871
f 5949/5549/5249 5950/5550/5250 5952/5560/4871
f 5950/5550/5250 5951/5551/5251 5952/5561/4871
f 5951/5551/5251 5942/5552/5242 5952/5562/4871
f 5953/5499/5 5955/5500/5204 5954/5501/5205
f 5953/5502/5 5956/5503/5206 5955/5500/5204
f 5953/5504/5 5957/5505/5207 5956/5503/5206
f 5953/5506/5 5958/5507/5208 5957/5505/5207
f 5953/5508/5 5959/5509/5209 5958/5507/5208
f 5953/5510/5 5960/5511/5210 5959/5509/5209
f 5953/5512/5 5961/5513/5211 5960/5511/5210
f 5953/5514/5 5962/5515/5212 5961/5513/5211
f 5953/5516/5 5963/5517/5213 5962/5515/5212
f 5953/5518/5 5954/5519/5205 5963/5517/5213
f 5954/5501/5214 5955/5500/5215 5965/5520/5215 5964/5521/5214
f 5955/5500/5215 5956/5503/5216 5966/5522/5216 5965/5520/5215
f 5956/5503/5216 5957/5505/5217 5967/5523/5217 5966/5522/5216
f 5957/5505/5217 5958/5507/5218 5968/5524/5218 5967/5523/5217
f 5958/5507/5218 5959/5509/5219 5969/5525/5219 5968/5524/5218
f 5959/5509/5219 5960/5511/5220 5970/5526/5220 5969/5525/5219
f 5960/5511/5220 5961/5513/5221 5971/5527/5221 5970/5526/5220
f 5961/5513/5221 5962/5515/5222 5972/5528/5222 5971/5527/5221
f 5962/5515/5222 5963/5517/5223 5973/5529/5223 5972/5528/5222
f 5963/5517/5223 5954/5519/5214 5964/5530/5214 5973/5529/5223
f 5964/5521/5224 5965/5520/5224 5975/5531/5224 5974/5532/5224
f 5965/5520/5225 5966/5522/5225 5976/5533/5225 5975/5531/5225
f 5966/5522/2004 5967/5523/2004 5977/5534/2004 5976/5533/2004
f 5967/5523/5226 5968/5524/5226 5978/5535/5226 5977/5534/5226
f 5968/5524/5227 5969/5525/5227 5979/5536/5227 5978/5535/5227
f 5969/5525/5228 5970/5526/5228 5980/5537/5228 5979/5536/5228
f 5970/5526/5229 5971/5527/5229 5981/5538/5229 5980/5537/5229
f 5971/5527/2036 5972/5528/2036 5982/5539/2036 5981/5538/2036
f 5972/5528/5230 5973/5529/5230 5983/5540/5230 5982/5539/5230
f 5973/5529/5231 5964/5530/5231 5974/5541/5231 5983/5540/5231
f 5974/5532/5232 5975/5531/5233 5985/5542/5233 5984/5543/5232
f 5975/5531/5233 5976/5533/5234 5986/5544/5234 5985/5542/5233
f 5976/5533/5234 5977/5534/5235 5987/5545/5235 5986/5544/5234
f 5977/5534/5235 5978/5535/5236 5988/5546/5236 5987/5545/5235
f 5978/5535/5236 5979/5536/5237 5989/5547/5237 5988/5546/5236
f 5979/5536/5237 5980/5537/5238 5990/5548/5238 5989/5547/5237
f 5980/5537/5238 5981/5538/5239 5991/5549/5239 5990/5548/5238
f 5981/5538/5239 5982/5539/5240 5992/5550/5240 5991/5549/5239
f 5982/5539/5240 5983/5540/5241 5993/5551/5241 5992/5550/5240
f 5983/5540/5241 5974/5541/5232 5984/5552/5232 5993/5551/5241
f 5984/5543/5242 5985/5542/5243 5994/5553/4871
f 5985/5542/5243 5986/5544/5244 5994/5554/4871
f 5986/5544/5244 5987/5545/5245 5994/5555/4871
f 5987/5545/5245 5988/5546/5246 5994/5556/4871
f 5988/5546/5246 5989/5547/5247 5994/5557/4871
f 5989/5547/5247 5990/5548/5248 5994/5558/4871
f 5990/5548/5248 5991/5549/5249 5994/5559/4871
f 5991/5549/5249 5992/5550/5250 5994/5560/4871
f 5992/5550/5250 5993/5551/5251 5994/5561/4871
f 5993/5551/5251 5984/5552/5242 5994/5562/4871
f 4891/5025/5252 4892/5563/5253 4956/5564/5253 4955/5565/5252
f 4892/5563/5253 4893/5566/5254 4957/5567/5254 4956/5564/5253
f 4893/5566/5254 4894/5568/5255 4958/5569/5255 4957/5567/5254
f 4894/5568/5255 4895/5570/5256 4959/5571/5256 4958/5569/5255
f 4895/5570/5256 4896/5572/5257 4960/5573/5257 4959/5571/5256
f 4896/5572/5257 4897/5574/5258 4961/5575/5258 4960/5573/5257
f 4897/5574/5258 4898/5576/5259 4962/5577/5259 4961/5575/5258
f 4898/5576/5259 4899/5578/5260 4963/5579/5260 4962/5577/5259
f 4899/5578/5260 4900/5580/5261 4964/5581/5261 4963/5579/5260
f 4900/5580/5261 4901/5582/5262 4965/5583/5262 4964/5581/5261
f 4901/5582/5262 4902/5584/5263 4966/5585/5263 4965/5583/5262
f 4902/5584/5263 4903/5586/5264 4967/5587/5264 4966/5585/5263
f 4903/5586/5264 4904/5588/5265 4968/5589/5265 4967/5587/5264
f 4904/5588/5265 4905/5590/5266 4969/5591/5266 4968/5589/5265
f 4905/5590/5266 4906/5592/5267 4970/5593/5267 4969/5591/5266
f 4906/5592/5267 4907/5504/5268 4971/5594/5268 4970/5593/5267
f 4907/5504/5268 4908/5595/5269 4972/5596/5269 4971/5594/5268
f 4908/5595/5269 4909/5597/5270 4973/5598/5270 4972/5596/5269
f 4909/5597/5270 4910/5599/5271 4974/5600/5271 4973/5598/5270
f 4910/5599/5271 4911/5601/5272 4975/5602/5272 4974/5600/5271
f 4911/5601/5272 4912/5603/5273 4976/5604/5273 4975/5602/5272
f 4912/5603/5273 4913/5605/5274 4977/5606/5274 4976/5604/5273
f 4913/5605/5274 4914/5607/5275 4978/5608/5275 4977/5606/5274
f 4914/5607/5275 4915/5609/5276 4979/5610/5276 4978/5608/5275
f 4915/5609/5276 4916/5611/5277 4980/5612/5277 4979/5610/5276
f 4916/5611/5277 4917/5613/5278 4981/5614/5278 4980/5612/5277
f 4917/5613/5278 4918/5615/5279 4982/5616/5279 4981/5614/5278
f 4918/5615/5279 4919/5617/5280 4983/5618/5280 4982/5616/5279
f 4919/5617/5280 4920/5619/5281 4984/5620/5281 4983/5618/5280
f 4920/5619/5281 4921/5621/5282 4985/5622/5282 4984/5620/5281
f 4921/5621/5282 4922/5623/5283 4986/5624/5283 4985/5622/5282
f 4922/5623/5283 4923/5625/5284 4987/5626/5284 4986/5624/5283
f 4923/5625/5284 4924/5627/5285 4988/5628/5285 4987/5626/5284
f 4924/5627/5285 4925/5629/5286 4989/5630/5286 4988/5628/5285
f 4925/5629/5286 4926/5631/5287 4990/5632/5287 4989/5630/5286
f 4926/5631/5287 4927/5633/5288 4991/5634/5288 4990/5632/5287
f 4927/5633/5288 4928/5635/5289 4992/5636/5289 4991/5634/5288
f 4928/5635/5289 4929/5637/5290 4993/5638/5290 4992/5636/5289
f 4929/5637/5290 4930/5639/5291 4994/5640/5291 4993/5638/5290
f 4930/5639/5291 4931/5641/5292 4995/5642/5292 4994/5640/5291
f 4931/5641/5292 4932/5643/5293 4996/5644/5293 4995/5642/5292
f 4932/5643/5293 4933/5645/5294 4997/5646/5294 4996/5644/5293
f 4933/5645/5294 4934/5647/5295 4998/5648/5295 4997/5646/5294
f 4934/5647/5295 4935/5649/5296 4999/5650/5296 4998/5648/5295
f 4935/5649/5296 4936/5651/5297 5000/5652/5297 4999/5650/5296
f 4936/5651/5297 4937/5653/5298 5001/5654/5298 5000/5652/5297
f 4937/5653/5298 4938/5655/5299 5002/5656/5299 5001/5654/5298
f 4938/5655/5299 4939/5514/5300 5003/5657/5300 5002/5656/5299
f 4939/5514/5300 4940/5658/5301 5004/5659/5301 5003/5657/5300
f 4940/5658/5301 4941/5660/5302 5005/5661/5302 5004/5659/5301
f 4941/5660/5302 4942/5662/5303 5006/5663/5303 5005/5661/5302
f 4942/5662/5303 4943/5664/5304 5007/5665/5304 5006/5663/5303
f 4943/5664/5304 4944/5666/5305 5008/5667/5305 5007/5665/5304
f 4944/5666/5305 4945/5668/5306 5009/5669/5306 5008/5667/5305
f 4945/5668/5306 4946/5670/5307 5010/5671/5307 5009/5669/5306
f 4946/5670/5307 4947/5672/5308 5011/5673/5308 5010/5671/5307
f 4947/5672/5308 4948/5674/5309 5012/5675/5309 5011/5673/5308
f 4948/5674/5309 4949/5676/5310 5013/5677/5310 5012/5675/5309
f 4949/5676/5310 4950/5678/5311 5014/5679/5311 5013/5677/5310
f 4950/5678/5311 4951/5680/5312 5015/5681/5312 5014/5679/5311
f 4951/5680/5312 4952/5682/5313 5016/5683/5313 5015/5681/5312
f 4952/5682/5313 4953/5684/5314 5017/5685/5314 5016/5683/5313
f 4953/5684/5314 4954/5686/5315 5018/5687/5315 5017/5685/5314
f 4954/5686/5315 4891/5688/5252 4955/5689/5252 5018/5687/5315
f 4955/5565/1988 4956/5564/1989 5020/5690/1989 5019/5691/1988
f 4956/5564/1989 4957/5567/1990 5021/5692/1990 5020/5690/1989
f 4957/5567/1990 4958/5569/1991 5022/5693/1991 5021/5692/1990
f 4958/5569/1991 4959/5571/1992 5023/5694/1992 5022/5693/1991
f 4959/5571/1992 4960/5573/1993 5024/5695/1993 5023/5694/1992
f 4960/5573/1993 4961/5575/1994 5025/5696/1994 5024/5695/1993
f 4961/5575/1994 4962/5577/1995 5026/5697/1995 5025/5696/1994
f 4962/5577/1995 4963/5579/1996 5027/5698/1996 5026/5697/1995
f 4963/5579/1996 4964/5581/1997 5028/5699/1997 5027/5698/1996
f 4964/5581/1997 4965/5583/1998 5029/5700/1998 5028/5699/1997
f 4965/5583/1998 4966/5585/1999 5030/5701/1999 5029/5700/1998
f 4966/5585/1999 4967/5587/2000 5031/5702/2000 5030/5701/1999
f 4967/5587/2000 4968/5589/2001 5032/5703/2001 5031/5702/2000
f 4968/5589/2001 4969/5591/2002 5033/5704/2002 5032/5703/2001
f 4969/5591/2002 4970/5593/2003 5034/5705/2003 5033/5704/2002
f 4970/5593/2003 4971/5594/2004 5035/5706/2004 5034/5705/2003
f 4971/5594/2004 4972/5596/2005 5036/5707/2005 5035/5706/2004
f 4972/5596/2005 4973/5598/2006 5037/5708/2006 5036/5707/2005
f 4973/5598/2006 4974/5600/2007 5038/5709/2007 5037/5708/2006
f 4974/5600/2007 4975/5602/2008 5039/5710/2008 5038/5709/2007
f 4975/5602/2008 4976/5604/2009 5040/5711/2009 5039/5710/2008
f 4976/5604/2009 4977/5606/2010 5041/5712/2010 5040/5711/2009
f 4977/5606/2010 4978/5608/2011 5042/5713/2011 5041/5712/2010
f 4978/5608/2011 4979/5610/2012 5043/5714/2012 5042/5713/2011
f 4979/5610/2012 4980/5612/2013 5044/5715/2013 5043/5714/2012
f 4980/5612/2013 4981/5614/2014 5045/5716/2014 5044/5715/2013
f 4981/5614/2014 4982/5616/2015 5046/5717/2015 5045/5716/2014
f 4982/5616/2015 4983/5618/2016 5047/5718/2016 5046/5717/2015
f 4983/5618/2016 4984/5620/2017 5048/5719/2017 5047/5718/2016
f 4984/5620/2017 4985/5622/2018 5049/5720/2018 5048/5719/2017
f 4985/5622/2018 4986/5624/2019 5050/5721/2019 5049/5720/2018
f 4986/5624/2019 4987/5626/2020 5051/5722/2020 5050/5721/2019
f 4987/5626/2020 4988/5628/2021 5052/5723/2021 5051/5722/2020
f 4988/5628/2021 4989/5630/2022 5053/5724/2022 5052/5723/2021
f 4989/5630/2022 4990/5632/2023 5054/5725/2023 5053/5724/2022
f 4990/5632/2023 4991/5634/2024 5055/5726/2024 5054/5725/2023
f 4991/5634/2024 4992/5636/2025 5056/5727/2025 5055/5726/2024
f 4992/5636/2025 4993/5638/2026 5057/5728/2026 5056/5727/2025
f 4993/5638/2026 4994/5640/2027 5058/5729/2027 5057/5728/2026
f 4994/5640/2027 4995/5642/2028 5059/5730/2028 5058/5729/2027
f 4995/5642/2028 4996/5644/2029 5060/5731/2029 5059/5730/2028
f 4996/5644/2029 4997/5646/2030 5061/5732/2030 5060/5731/2029
f 4997/5646/2030 4998/5648/2031 5062/5733/2031 5061/5732/2030
f 4998/5648/2031 4999/5650/2032 5063/5734/2032 5062/5733/2031
f 4999/5650/2032 5000/5652/2033 5064/5735/2033 5063/5734/2032
f 5000/5652/2033 5001/5654/2034 5065/5736/2034 5064/5735/2033
f 5001/5654/2034 5002/5656/2035 5066/5737/2035 5065/5736/2034
f 5002/5656/2035 5003/5657/2036 5067/5738/2036 5066/5737/2035
f 5003/5657/2036 5004/5659/2037 5068/5739/2037 5067/5738/2036
f 5004/5659/2037 5005/5661/2038 5069/5740/2038 5068/5739/2037
f 5005/5661/2038 5006/5663/2039 5070/5741/2039 5069/5740/2038
f 5006/5663/2039 5007/5665/2040 5071/5742/2040 5070/5741/2039
f 5007/5665/2040 5008/5667/2041 5072/5743/2041 5071/5742/2040
f 5008/5667/2041 5009/5669/2042 5073/5744/2042 5072/5743/2041
f 5009/5669/2042 5010/5671/2043 5074/5745/2043 5073/5744/2042
f 5010/5671/2043 5011/5673/2044 5075/5746/2044 5074/5745/2043
f 5011/5673/2044 5012/5675/2045 5076/5747/2045 5075/5746/2044
f 5012/5675/2045 5013/5677/2046 5077/5748/2046 5076/5747/2045
f 5013/5677/2046 5014/5679/2047 5078/5749/2047 5077/5748/2046
f 5014/5679/2047 5015/5681/2048 5079/5750/2048 5078/5749/2047
f 5015/5681/2048 5016/5683/2049 5080/5751/2049 5079/5750/2048
f 5016/5683/2049 5017/5685/2050 5081/5752/2050 5080/5751/2049
f 5017/5685/2050 5018/5687/2051 5082/5753/2051 5081/5752/2050
f 5018/5687/2051 4955/5689/1988 5019/5754/1988 5082/5753/2051
f 5019/5691/5316 5020/5690/5317 5084/5755/5317 5083/5756/5316
f 5020/5690/5317 5021/5692/5318 5085/5757/5318 5084/5755/5317
f 5021/5692/5318 5022/5693/5319 5086/5758/5319 5085/5757/5318
f 5022/5693/5319 5023/5694/5320 5087/5759/5320 5086/5758/5319
f 5023/5694/5320 5024/5695/5321 5088/5760/5321 5087/5759/5320
f 5024/5695/5321 5025/5696/5322 5089/5761/5322 5088/5760/5321
f 5025/5696/5322 5026/5697/5323 5090/5762/5323 5089/5761/5322
f 5026/5697/5323 5027/5698/5324 5091/5763/5324 5090/5762/5323
f 5027/5698/5324 5028/5699/5325 5092/5764/5325 5091/5763/5324
f 5028/5699/5325 5029/5700/5326 5093/5765/5326 5092/5764/5325
f 5029/5700/5326 5030/5701/5327 5094/5766/5327 5093/5765/5326
f 5030/5701/5327 5031/5702/5328 5095/5767/5328 5094/5766/5327
f 5031/5702/5328 5032/5703/5329 5096/5768/5329 5095/5767/5328
f 5032/5703/5329 5033/5704/5330 5097/5769/5330 5096/5768/5329
f 5033/5704/5330 5034/5705/5331 5098/5770/5331 5097/5769/5330
f 5034/5705/5331 5035/5706/5332 5099/5771/5332 5098/5770/5331
f 5035/5706/5332 5036/5707/5333 5100/5772/5333 5099/5771/5332
f 5036/5707/5333 5037/5708/5334 5101/5773/5334 5100/5772/5333
f 5037/5708/5334 5038/5709/5335 5102/5774/5335 5101/5773/5334
f 5038/5709/5335 5039/5710/5336 5103/5775/5336 5102/5774/5335
f 5039/5710/5336 5040/5711/5337 5104/5776/5337 5103/5775/5336
f 5040/5711/5337 5041/5712/5338 5105/5777/5338 5104/5776/5337
f 5041/5712/5338 5042/5713/5339 5106/5778/5339 5105/5777/5338
f 5042/5713/5339 5043/5714/5340 5107/5779/5340 5106/5778/5339
f 5043/5714/5340 5044/5715/5341 5108/5780/5341 5107/5779/5340
f 5044/5715/5341 5045/5716/5342 5109/5781/5342 5108/5780/5341
f 5045/5716/5342 5046/5717/5343 5110/5782/5343 5109/5781/5342
f 5046/5717/5343 5047/5718/5344 5111/5783/5344 5110/5782/5343
f 5047/5718/5344 5048/5719/5345 5112/5784/5345 5111/5783/5344
f 5048/5719/5345 5049/5720/5346 5113/5785/5346 5112/5784/5345
f 5049/5720/5346 5050/5721/5347 5114/5786/5347 5113/5785/5346
f 5050/5721/5347 5051/5722/5348 5115/5787/5348 5114/5786/5347
f 5051/5722/5348 5052/5723/5349 5116/5788/5349 5115/5787/5348
f 5052/5723/5349 5053/5724/5350 5117/5789/5350 5116/5788/5349
f 5053/5724/5350 5054/5725/5351 5118/5790/5351 5117/5789/5350
f 5054/5725/5351 5055/5726/5352 5119/5791/5352 5118/5790/5351
f 5055/5726/5352 5056/5727/5353 5120/5792/5353 5119/5791/5352
f 5056/5727/5353 5057/5728/5354 5121/5793/5354 5120/5792/5353
f 5057/5728/5354 5058/5729/5355 5122/5794/5355 5121/5793/5354
f 5058/5729/5355 5059/5730/5356 5123/5795/5356 5122/5794/5355
f 5059/5730/5356 5060/5731/5357 5124/5796/5357 5123/5795/5356
f 5060/5731/5357 5061/5732/5358 5125/5797/5358 5124/5796/5357
f 5061/5732/5358 5062/5733/5359 5126/5798/5359 5125/5797/5358
f 5062/5733/5359 5063/5734/5360 5127/5799/5360 5126/5798/5359
f 5063/5734/5360 5064/5735/5361 5128/5800/5361 5127/5799/5360
f 5064/5735/5361 5065/5736/5362 5129/5801/5362 5128/5800/5361
f 5065/5736/5362 5066/5737/5363 5130/5802/5363 5129/5801/5362
f 5066/5737/5363 5067/5738/5364 5131/5803/5364 5130/5802/5363
f 5067/5738/5364 5068/5739/5365 5132/5804/5365 5131/5803/5364
f 5068/5739/5365 5069/5740/5366 5133/5805/5366 5132/5804/5365
f 5069/5740/5366 5070/5741/5367 5134/5806/5367 5133/5805/5366
f 5070/5741/5367 5071/5742/5368 5135/5807/5368 5134/5806/5367
f 5071/5742/5368 5072/5743/5369 5136/5808/5369 5135/5807/5368
f 5072/5743/5369 5073/5744/5370 5137/5809/5370 5136/5808/5369
f 5073/5744/5370 5074/5745/5371 5138/5810/5371 5137/5809/5370
f 5074/5745/5371 5075/5746/5372 5139/5811/5372 5138/5810/5371
f 5075/5746/5372 5076/5747/5373 5140/5812/5373 5139/5811/5372
f 5076/5747/5373 5077/5748/5374 5141/5813/5374 5140/5812/5373
f 5077/5748/5374 5078/5749/5375 5142/5814/5375 5141/5813/5374
f 5078/5749/5375 5079/5750/5376 5143/5815/5376 5142/5814/5375
f 5079/5750/5376 5080/5751/5377 5144/5816/5377 5143/5815/5376
f 5080/5751/5377 5081/5752/5378 5145/5817/5378 5144/5816/5377
f 5081/5752/5378 5082/5753/5379 5146/5818/5379 5145/5817/5378
f 5082/5753/5379 5019/5754/5316 5083/5819/5316 5146/5818/5379
f 5083/5756/5348 5084/5755/5349 5148/5820/5349 5147/5821/5348
f 5084/5755/5349 5085/5757/5350 5149/5822/5350 5148/5820/5349
f 5085/5757/5350 5086/5758/5351 5150/5823/5351 5149/5822/5350
f 5086/5758/5351 5087/5759/5352 5151/5824/5352 5150/5823/5351
f 5087/5759/5352 5088/5760/5353 5152/5825/5353 5151/5824/5352
f 5088/5760/5353 5089/5761/5354 5153/5826/5354 5152/5825/5353
f 5089/5761/5354 5090/5762/5355 5154/5827/5355 5153/5826/5354
f 5090/5762/5355 5091/5763/5356 5155/5828/5356 5154/5827/5355
f 5091/5763/5356 5092/5764/5357 5156/5829/5357 5155/5828/5356
f 5092/5764/5357 5093/5765/5358 5157/5830/5358 5156/5829/5357
f 5093/5765/5358 5094/5766/5359 5158/5831/5359 5157/5830/5358
f 5094/5766/5359 5095/5767/5360 5159/5832/5360 5158/5831/5359
f 5095/5767/5360 5096/5768/5361 5160/5833/5361 5159/5832/5360
f 5096/5768/5361 5097/5769/5362 5161/5834/5362 5160/5833/5361
f 5097/5769/5362 5098/5770/5363 5162/5835/5363 5161/5834/5362
f 5098/5770/5363 5099/5771/5364 5163/5836/5364 5162/5835/5363
f 5099/5771/5364 5100/5772/5365 5164/5837/5365 5163/5836/5364
f 5100/5772/5365 5101/5773/5366 5165/5838/5366 5164/5837/5365
f 5101/5773/5366 5102/5774/5367 5166/5839/5367 5165/5838/5366
f 5102/5774/5367 5103/5775/5368 5167/5840/5368 5166/5839/5367
f 5103/5775/5368 5104/5776/5369 5168/5841/5369 5167/5840/5368
f 5104/5776/5369 5105/5777/5370 5169/5842/5370 5168/5841/5369
f 5105/5777/5370 5106/5778/5371 5170/5843/5371 5169/5842/5370
f 5106/5778/5371 5107/5779/5372 5171/5844/5372 5170/5843/5371
f 5107/5779/5372 5108/5780/5373 5172/5845/5373 5171/5844/5372
f 5108/5780/5373 5109/5781/5374 5173/5846/5374 5172/5845/5373
f 5109/5781/5374 5110/5782/5375 5174/5847/5375 5173/5846/5374
f 5110/5782/5375 5111/5783/5376 5175/5848/5376 5174/5847/5375
f 5111/5783/5376 5112/5784/5377 5176/5849/5377 5175/5848/5376
f 5112/5784/5377 5113/5785/5378 5177/5850/5378 5176/5849/5377
f 5113/5785/5378 5114/5786/5379 5178/5851/5379 5177/5850/5378
f 5114/5786/5379 5115/5787/5316 5179/5852/5316 5178/5851/5379
f 5115/5787/5316 5116/5788/5317 5180/5853/5317 5179/5852/5316
f 5116/5788/5317 5117/5789/5318 5181/5854/5318 5180/5853/5317
f 5117/5789/5318 5118/5790/5319 5182/5855/5319 5181/5854/5318
f 5118/5790/5319 5119/5791/5320 5183/5856/5320 5182/5855/5319
f 5119/5791/5320 5120/5792/5321 5184/5857/5321 5183/5856/5320
f 5120/5792/5321 5121/5793/5322 5185/5858/5322 5184/5857/5321
f 5121/5793/5322 5122/5794/5323 5186/5859/5323 5185/5858/5322
f 5122/5794/5323 5123/5795/5324 5187/5860/5324 5186/5859/5323
f 5123/5795/5324 5124/5796/5325 5188/5861/5325 5187/5860/5324
f 5124/5796/5325 5125/5797/5326 5189/5862/5326 5188/5861/5325
f 5125/5797/5326 5126/5798/5327 5190/5863/5327 5189/5862/5326
f 5126/5798/5327 5127/5799/5328 5191/5864/5328 5190/5863/5327
f 5127/5799/5328 5128/5800/5329 5192/5865/5329 5191/5864/5328
f 5128/5800/5329 5129/5801/5330 5193/5866/5330 5192/5865/5329
f 5129/5801/5330 5130/5802/5331 5194/5867/5331 5193/5866/5330
f 5130/5802/5331 5131/5803/5332 5195/5868/5332 5194/5867/5331
f 5131/5803/5332 5132/5804/5333 5196/5869/5333 5195/5868/5332
f 5132/5804/5333 5133/5805/5334 5197/5870/5334 5196/5869/5333
f 5133/5805/5334 5134/5806/5335 5198/5871/5335 5197/5870/5334
f 5134/5806/5335 5135/5807/5336 5199/5872/5336 5198/5871/5335
f 5135/5807/5336 5136/5808/5337 5200/5873/5337 5199/5872/5336
f 5136/5808/5337 5137/5809/5338 5201/5874/5338 5200/5873/5337
f 5137/5809/5338 5138/5810/5339 5202/5875/5339 5201/5874/5338
f 5138/5810/5339 5139/5811/5340 5203/5876/5340 5202/5875/5339
f 5139/5811/5340 5140/5812/5341 5204/5877/5341 5203/5876/5340
f 5140/5812/5341 5141/5813/5342 5205/5878/5342 5204/5877/5341
f 5141/5813/5342 5142/5814/5343 5206/5879/5343 5205/5878/5342
f 5142/5814/5343 5143/5815/5344 5207/5880/5344 5206/5879/5343
f 5143/5815/5344 5144/5816/5345 5208/5881/5345 5207/5880/5344
f 5144/5816/5345 5145/5817/5346 5209/5882/5346 5208/5881/5345
f 5145/5817/5346 5146/5818/5347 5210/5883/5347 5209/5882/5346
f 5146/5818/5347 5083/5819/5348 5147/5884/5348 5210/5883/5347
f 5147/5821/2020 5148/5820/2021 5212/5885/2021 5211/5886/2020
f 5148/5820/2021 5149/5822/2022 5213/5887/2022 5212/5885/2021
f 5149/5822/2022 5150/5823/2023 5214/5888/2023 5213/5887/2022
f 5150/5823/2023 5151/5824/2024 5215/5889/2024 5214/5888/2023
f 5151/5824/2024 5152/5825/2025 5216/5890/2025 5215/5889/2024
f 5152/5825/2025 5153/5826/2026 5217/5891/2026 5216/5890/2025
f 5153/5826/2026 5154/5827/2027 5218/5892/2027 5217/5891/2026
f 5154/5827/2027 5155/5828/2028 5219/5893/2028 5218/5892/2027
f 5155/5828/2028 5156/5829/2029 5220/5894/2029 5219/5893/2028
f 5156/5829/2029 5157/5830/2030 5221/5895/2030 5220/5894/2029
f 5157/5830/2030 5158/5831/2031 5222/5896/2031 5221/5895/2030
f 5158/5831/2031 5159/5832/2032 5223/5897/2032 5222/5896/2031
f 5159/5832/2032 5160/5833/2033 5224/5898/2033 5223/5897/2032
f 5160/5833/2033 5161/5834/2034 5225/5899/2034 5224/5898/2033
f 5161/5834/2034 5162/5835/2035 5226/5900/2035 5225/5899/2034
f 5162/5835/2035 5163/5836/2036 5227/5901/2036 5226/5900/2035
f 5163/5836/2036 5164/5837/2037 5228/5902/2037 5227/5901/2036
f 5164/5837/2037 5165/5838/2038 5229/5903/2038 5228/5902/2037
f 5165/5838/2038 5166/5839/2039 5230/5904/2039 5229/5903/2038
f 5166/5839/2039 5167/5840/2040 5231/5905/2040 5230/5904/2039
f 5167/5840/2040 5168/5841/2041 5232/5906/2041 5231/5905/2040
f 5168/5841/2041 5169/5842/2042 5233/5907/2042 5232/5906/2041
f 5169/5842/2042 5170/5843/2043 5234/5908/2043 5233/5907/2042
f 5170/5843/2043 5171/5844/2044 5235/5909/2044 5234/5908/2043
f 5171/5844/2044 5172/5845/2045 5236/5910/2045 5235/5909/2044
f 5172/5845/2045 5173/5846/2046 5237/5911/2046 5236/5910/2045
f 5173/5846/2046 5174/5847/2047 5238/5912/2047 5237/5911/2046
f 5174/5847/2047 5175/5848/2048 5239/5913/2048 5238/5912/2047
f 5175/5848/2048 5176/5849/2049 5240/5914/2049 5239/5913/2048
f 5176/5849/2049 5177/5850/2050 5241/5915/2050 5240/5914/2049
f 5177/5850/2050 5178/5851/2051 5242/5916/2051 5241/5915/2050
f 5178/5851/2051 5179/5852/1988 5243/5917/1988 5242/5916/2051
f 5179/5852/1988 5180/5853/1989 5244/5918/1989 5243/5917/1988
f 5180/5853/1989 5181/5854/1990 5245/5919/1990 5244/5918/1989
f 5181/5854/1990 5182/5855/1991 5246/5920/1991 5245/5919/1990
f 5182/5855/1991 5183/5856/1992 5247/5921/1992 5246/5920/1991
f 5183/5856/1992 5184/5857/1993 5248/5922/1993 5247/5921/1992
f 5184/5857/1993 5185/5858/1994 5249/5923/1994 5248/5922/1993
f 5185/5858/1994 5186/5859/1995 5250/5924/1995 5249/5923/1994
f 5186/5859/1995 5187/5860/1996 5251/5925/1996 5250/5924/1995
f 5187/5860/1996 5188/5861/1997 5252/5926/1997 5251/5925/1996
f 5188/5861/1997 5189/5862/1998 5253/5927/1998 5252/5926/1997
f 5189/5862/1998 5190/5863/1999 5254/5928/1999 5253/5927/1998
f 5190/5863/1999 5191/5864/2000 5255/5929/2000 5254/5928/1999
f 5191/5864/2000 5192/5865/2001 5256/5930/2001 5255/5929/2000
f 5192/5865/2001 5193/5866/2002 5257/5931/2002 5256/5930/2001
f 5193/5866/2002 5194/5867/2003 5258/5932/2003 5257/5931/2002
f 5194/5867/2003 5195/5868/2004 5259/5933/2004 5258/5932/2003
f 5195/5868/2004 5196/5869/2005 5260/5934/2005 5259/5933/2004
f 5196/5869/2005 5197/5870/2006 5261/5935/2006 5260/5934/2005
f 5197/5870/2006 5198/5871/2007 5262/5936/2007 5261/5935/2006
f 5198/5871/2007 5199/5872/2008 5263/5937/2008 5262/5936/2007
f 5199/5872/2008 5200/5873/2009 5264/5938/2009 5263/5937/2008
f 5200/5873/2009 5201/5874/2010 5265/5939/2010 5264/5938/2009
f 5201/5874/2010 5202/5875/2011 5266/5940/2011 5265/5939/2010
f 5202/5875/2011 5203/5876/2012 5267/5941/2012 5266/5940/2011
f 5203/5876/2012 5204/5877/2013 5268/5942/2013 5267/5941/2012
f 5204/5877/2013 5205/5878/2014 5269/5943/2014 5268/5942/2013
f 5205/5878/2014 5206/5879/2015 5270/5944/2015 5269/5943/2014
f 5206/5879/2015 5207/5880/2016 5271/5945/2016 5270/5944/2015
f 5207/5880/2016 5208/5881/2017 5272/5946/2017 5271/5945/2016
f 5208/5881/2017 5209/5882/2018 5273/5947/2018 5272/5946/2017
f 5209/5882/2018 5210/5883/2019 5274/5948/2019 5273/5947/2018
f 5210/5883/2019 5147/5884/2020 5211/5949/2020 5274/5948/2019
f 5211/5886/5284 5212/5885/5285 4892/5950/5285 4891/5951/5284
f 5212/5885/5285 5213/5887/5286 4893/5952/5286 4892/5950/5285
f 5213/5887/5286 5214/5888/5287 4894/5953/5287 4893/5952/5286
f 5214/5888/5287 5215/5889/5288 4895/5954/5288 4894/5953/5287
f 5215/5889/5288 5216/5890/5289 4896/5955/5289 4895/5954/5288
f 5216/5890/5289 5217/5891/5290 4897/5956/5290 4896/5955/5289
f 5217/5891/5290 5218/5892/5291 4898/5957/5291 4897/5956/5290
f 5218/5892/5291 5219/5893/5292 4899/5958/5292 4898/5957/5291
f 5219/5893/5292 5220/5894/5293 4900/5959/5293 4899/5958/5292
f 5220/5894/5293 5221/5895/5294 4901/5960/5294 4900/5959/5293
f 5221/5895/5294 5222/5896/5295 4902/5961/5295 4901/5960/5294
f 5222/5896/5295 5223/5897/5296 4903/5962/5296 4902/5961/5295
f 5223/5897/5296 5224/5898/5297 4904/5963/5297 4903/5962/5296
f 5224/5898/5297 5225/5899/5298 4905/5964/5298 4904/5963/5297
f 5225/5899/5298 5226/5900/5299 4906/5965/5299 4905/5964/5298
f 5226/5900/5299 5227/5901/5300 4907/5966/5300 4906/5965/5299
f 5227/5901/5300 5228/5902/5301 4908/5967/5301 4907/5966/5300
f 5228/5902/5301 5229/5903/5302 4909/5968/5302 4908/5967/5301
f 5229/5903/5302 5230/5904/5303 4910/5969/5303 4909/5968/5302
f 5230/5904/5303 5231/5905/5304 4911/5970/5304 4910/5969/5303
f 5231/5905/5304 5232/5906/5305 4912/5971/5305 4911/5970/5304
f 5232/5906/5305 5233/5907/5306 4913/5972/5306 4912/5971/5305
f 5233/5907/5306 5234/5908/5307 4914/5973/5307 4913/5972/5306
f 5234/5908/5307 5235/5909/5308 4915/5974/5308 4914/5973/5307
f 5235/5909/5308 5236/5910/5309 4916/5975/5309 4915/5974/5308
f 5236/5910/5309 5237/5911/5310 4917/5976/5310 4916/5975/5309
f 5237/5911/5310 5238/5912/5311 4918/5977/5311 4917/5976/5310
f 5238/5912/5311 5239/5913/5312 4919/5978/5312 4918/5977/5311
f 5239/5913/5312 5240/5914/5313 4920/5979/5313 4919/5978/5312
f 5240/5914/5313 5241/5915/5314 4921/5980/5314 4920/5979/5313
f 5241/5915/5314 5242/5916/5315 4922/5981/5315 4921/5980/5314
f 5242/5916/5315 5243/5917/5252 4923/5982/5252 4922/5981/5315
f 5243/5917/5252 5244/5918/5253 4924/5983/5253 4923/5982/5252
f 5244/5918/5253 5245/5919/5254 4925/5984/5254 4924/5983/5253
f 5245/5919/5254 5246/5920/5255 4926/5985/5255 4925/5984/5254
f 5246/5920/5255 5247/5921/5256 4927/5986/5256 4926/5985/5255
f 5247/5921/5256 5248/5922/5257 4928/5987/5257 4927/5986/5256
f 5248/5922/5257 5249/5923/5258 4929/5988/5258 4928/5987/5257
f 5249/5923/5258 5250/5924/5259 4930/5989/5259 4929/5988/5258
f 5250/5924/5259 5251/5925/5260 4931/5990/5260 4930/5989/5259
f 5251/5925/5260 5252/5926/5261 4932/5991/5261 4931/5990/5260
f 5252/5926/5261 5253/5927/5262 4933/5992/5262 4932/5991/5261
f 5253/5927/5262 5254/5928/5263 4934/5993/5263 4933/5992/5262
f 5254/5928/5263 5255/5929/5264 4935/5994/5264 4934/5993/5263
f 5255/5929/5264 5256/5930/5265 4936/5995/5265 4935/5994/5264
f 5256/5930/5265 5257/5931/5266 4937/5996/5266 4936/5995/5265
f 5257/5931/5266 5258/5932/5267 4938/5997/5267 4937/5996/5266
f 5258/5932/5267 5259/5933/5268 4939/5998/5268 4938/5997/5267
f 5259/5933/5268 5260/5934/5269 4940/5999/5269 4939/5998/5268
f 5260/5934/5269 5261/5935/5270 4941/6000/5270 4940/5999/5269
f 5261/5935/5270 5262/5936/5271 4942/6001/5271 4941/6000/5270
f 5262/5936/5271 5263/5937/5272 4943/6002/5272 4942/6001/5271
f 5263/5937/5272 5264/5938/5273 4944/6003/5273 4943/6002/5272
f 5264/5938/5273 5265/5939/5274 4945/6004/5274 4944/6003/5273
f 5265/5939/5274 5266/5940/5275 4946/6005/5275 4945/6004/5274
f 5266/5940/5275 5267/5941/5276 4947/6006/5276 4946/6005/5275
f 5267/5941/5276 5268/5942/5277 4948/6007/5277 4947/6006/5276
f 5268/5942/5277 5269/5943/5278 4949/6008/5278 4948/6007/5277
f 5269/5943/5278 5270/5944/5279 4950/6009/5279 4949/6008/5278
f 5270/5944/5279 5271/5945/5280 4951/6010/5280 4950/6009/5279
f 5271/5945/5280 5272/5946/5281 4952/6011/5281 4951/6010/5280
f 5272/5946/5281 5273/5947/5282 4953/6012/5282 4952/6011/5281
f 5273/5947/5282 5274/5948/5283 4954/6013/5283 4953/6012/5282
f 5274/5948/5283 5211/5949/5284 4891/6014/5284 4954/6013/5283
f 5275/5025/5 5276/5563/5 5340/6015/5 5339/6016/5
f 5276/5563/5 5277/5566/5 5341/6017/5 5340/6015/5
f 5277/5566/5 5278/5568/5 5342/6018/5 5341/6017/5
f 5278/5568/5 5279/5570/5 5343/6019/5 5342/6018/5
f 5279/5570/5 5280/5572/5 5344/6020/5 5343/6019/5
f 5280/5572/5 5281/5574/5 5345/6021/5 5344/6020/5
f 5281/5574/5 5282/5576/5 5346/6022/5 5345/6021/5
f 5282/5576/5 5283/5578/5 5347/6023/5 5346/6022/5
f 5283/5578/5 5284/5580/5 5348/6024/5 5347/6023/5
f 5284/5580/5 5285/5582/5 5349/6025/5 5348/6024/5
f 5285/5582/5 5286/5584/5 5350/6026/5 5349/6025/5
f 5286/5584/5 5287/5586/5 5351/6027/5 5350/6026/5
f 5287/5586/5 5288/5588/5 5352/6028/5 5351/6027/5
f 5288/5588/5 5289/5590/5 5353/6029/5 5352/6028/5
f 5289/5590/5 5290/5592/5 5354/6030/5 5353/6029/5
f 5290/5592/5 5291/5504/5 5355/6031/5 5354/6030/5
f 5291/5504/5 5292/5595/5 5356/6032/5 5355/6031/5
f 5292/5595/5 5293/5597/5 5357/6033/5 5356/6032/5
f 5293/5597/5 5294/5599/5 5358/6034/5 5357/6033/5
f 5294/5599/5 5295/5601/5 5359/6035/5 5358/6034/5
f 5295/5601/5 5296/5603/5 5360/6036/5 5359/6035/5
f 5296/5603/5 5297/5605/5 5361/6037/5 5360/6036/5
f 5297/5605/5 5298/5607/5 5362/6038/5 5361/6037/5
f 5298/5607/5 5299/5609/5 5363/6039/5 5362/6038/5
f 5299/5609/5 5300/5611/5 5364/6040/5 5363/6039/5
f 5300/5611/5 5301/5613/5 5365/6041/5 5364/6040/5
f 5301/5613/5 5302/5615/5 5366/6042/5 5365/6041/5
f 5302/5615/5 5303/5617/5 5367/6043/5 5366/6042/5
f 5303/5617/5 5304/5619/5 5368/6044/5 5367/6043/5
f 5304/5619/5 5305/5621/5 5369/6045/5 5368/6044/5
f 5305/5621/5 5306/5623/5 5370/6046/5 5369/6045/5
f 5306/5623/5 5307/5625/5 5371/6047/5 5370/6046/5
f 5307/5625/5 5308/5627/5 5372/6048/5 5371/6047/5
f 5308/5627/5 5309/5629/5 5373/6049/5 5372/6048/5
f 5309/5629/5 5310/5631/5 5374/6050/5 5373/6049/5
f 5310/5631/5 5311/5633/5 5375/6051/5 5374/6050/5
f 5311/5633/5 5312/5635/5 5376/6052/5 5375/6051/5
f 5312/5635/5 5313/5637/5 5377/6053/5 5376/6052/5
f 5313/5637/5 5314/5639/5 5378/6054/5 5377/6053/5
f 5314/5639/5 5315/5641/5 5379/6055/5 5378/6054/5
f 5315/5641/5 5316/5643/5 5380/6056/5 5379/6055/5
f 5316/5643/5 5317/5645/5 5381/6057/5 5380/6056/5
f 5317/5645/5 5318/5647/5 5382/6058/5 5381/6057/5
f 5318/5647/5 5319/5649/5 5383/6059/5 5382/6058/5
f 5319/5649/5 5320/5651/5 5384/6060/5 5383/6059/5
f 5320/5651/5 5321/5653/5 5385/6061/5 5384/6060/5
f 5321/5653/5 5322/5655/5 5386/6062/5 5385/6061/5
f 5322/5655/5 5323/5514/5 5387/6063/5 5386/6062/5
f 5323/5514/5 5324/5658/5 5388/6064/5 5387/6063/5
f 5324/5658/5 5325/5660/5 5389/6065/5 5388/6064/5
f 5325/5660/5 5326/5662/5 5390/6066/5 5389/6065/5
f 5326/5662/5 5327/5664/5 5391/6067/5 5390/6066/5
f 5327/5664/5 5328/5666/5 5392/6068/5 5391/6067/5
f 5328/5666/5 5329/5668/5 5393/6069/5 5392/6068/5
f 5329/5668/5 5330/5670/5 5394/5164/5 5393/6069/5
f 5330/5670/5 5331/5672/5 5395/5165/5 5394/5164/5
f 5331/5672/5 5332/5674/5 5396/5168/5 5395/5165/5
f 5332/5674/5 5333/5676/5 5397/5169/5 5396/5168/5
f 5333/5676/5 5334/5678/5 5398/5172/5 5397/5169/5
f 5334/5678/5 5335/5680/5 5399/5174/5 5398/5172/5
f 5335/5680/5 5336/5682/5 5400/5176/5 5399/5174/5
f 5336/5682/5 5337/5684/5 5401/5178/5 5400/5176/5
f 5337/5684/5 5338/5686/5 5402/5180/5 5401/5178/5
f 5338/5686/5 5275/5688/5 5339/5182/5 5402/5180/5
f 5339/6016/72 5340/6015/73 5404/5185/73 5403/5184/72
f 5340/6015/73 5341/6017/75 5405/5188/75 5404/5185/73
f 5341/6017/75 5342/6018/77 5406/5190/77 5405/5188/75
f 5342/6018/77 5343/6019/78 5407/5192/78 5406/5190/77
f 5343/6019/78 5344/6020/80 5408/5194/80 5407/5192/78
f 5344/6020/80 5345/6021/83 5409/5196/83 5408/5194/80
f 5345/6021/83 5346/6022/84 5410/5198/84 5409/5196/83
f 5346/6022/84 5347/6023/86 5411/5200/86 5410/5198/84
f 5347/6023/86 5348/6024/88 5412/5202/88 5411/5200/86
f 5348/6024/88 5349/6025/90 5413/5204/90 5412/5202/88
f 5349/6025/90 5350/6026/92 5414/5206/92 5413/5204/90
f 5350/6026/92 5351/6027/94 5415/5208/94 5414/5206/92
f 5351/6027/94 5352/6028/96 5416/5210/96 5415/5208/94
f 5352/6028/96 5353/6029/5380 5417/5212/5380 5416/5210/96
f 5353/6029/5380 5354/6030/100 5418/5214/100 5417/5212/5380
f 5354/6030/100 5355/6031/102 5419/5216/102 5418/5214/100
f 5355/6031/102 5356/6032/104 5420/5218/104 5419/5216/102
f 5356/6032/104 5357/6033/106 5421/5220/106 5420/5218/104
f 5357/6033/106 5358/6034/108 5422/5222/108 5421/5220/106
f 5358/6034/108 5359/6035/110 5423/5224/110 5422/5222/108
f 5359/6035/110 5360/6036/112 5424/5226/112 5423/5224/110
f 5360/6036/112 5361/6037/114 5425/5228/114 5424/5226/112
f 5361/6037/114 5362/6038/116 5426/5230/116 5425/5228/114
f 5362/6038/116 5363/6039/118 5427/5232/118 5426/5230/116
f 5363/6039/118 5364/6040/120 5428/5234/120 5427/5232/118
f 5364/6040/120 5365/6041/122 5429/5236/122 5428/5234/120
f 5365/6041/122 5366/6042/124 5430/5238/124 5429/5236/122
f 5366/6042/124 5367/6043/126 5431/5240/126 5430/5238/124
f 5367/6043/126 5368/6044/128 5432/5242/128 5431/5240/126
f 5368/6044/128 5369/6045/130 5433/5244/130 5432/5242/128
f 5369/6045/130 5370/6046/132 5434/5246/132 5433/5244/130
f 5370/6046/132 5371/6047/134 5435/5248/134 5434/5246/132
f 5371/6047/134 5372/6048/136 5436/5250/136 5435/5248/134
f 5372/6048/136 5373/6049/138 5437/5252/138 5436/5250/136
f 5373/6049/138 5374/6050/140 5438/5254/140 5437/5252/138
f 5374/6050/140 5375/6051/143 5439/5256/143 5438/5254/140
f 5375/6051/143 5376/6052/145 5440/5258/145 5439/5256/143
f 5376/6052/145 5377/6053/146 5441/5260/146 5440/5258/145
f 5377/6053/146 5378/6054/149 5442/5262/149 5441/5260/146
f 5378/6054/149 5379/6055/151 5443/5264/151 5442/5262/149
f 5379/6055/151 5380/6056/153 5444/5266/153 5443/5264/151
f 5380/6056/153 5381/6057/155 5445/5268/155 5444/5266/153
f 5381/6057/155 5382/6058/157 5446/5270/157 5445/5268/155
f 5382/6058/157 5383/6059/159 5447/5272/159 5446/5270/157
f 5383/6059/159 5384/6060/161 5448/5274/161 5447/5272/159
f 5384/6060/161 5385/6061/5381 5449/5276/5381 5448/5274/161
f 5385/6061/5381 5386/6062/165 5450/5278/165 5449/5276/5381
f 5386/6062/165 5387/6063/167 5451/5280/167 5450/5278/165
f 5387/6063/167 5388/6064/169 5452/5282/169 5451/5280/167
f 5388/6064/169 5389/6065/171 5453/5284/171 5452/5282/169
f 5389/6065/171 5390/6066/173 5454/5286/173 5453/5284/171
f 5390/6066/173 5391/6067/175 5455/5288/175 5454/5286/173
f 5391/6067/175 5392/6068/177 5456/5290/177 5455/5288/175
f 5392/6068/177 5393/6069/179 5457/5292/179 5456/5290/177
f 5393/6069/179 5394/5164/181 5458/5167/181 5457/5292/179
f 5395/5165/183 5396/5168/185 5460/5171/185 5459/5166/183
