# Blender 5.2.1 LTS
# www.blender.org
mtllib rook.mtl
o rook
v -0.193253 0.017036 0.158598
v -0.192687 0.015268 0.158134
v -0.193253 0.032516 0.158598
v -0.192245 0.034711 0.157772
v -0.203710 0.011000 0.136115
v -0.207867 0.017036 0.138893
v -0.207259 0.015268 0.138486
v -0.207867 0.032516 0.138893
v -0.206784 0.034711 0.138169
v -0.189388 0.011000 0.155426
v -0.191238 0.000000 0.127781
v -0.198721 0.040000 0.132781
v -0.200796 0.046384 0.134168
v -0.200908 0.054741 0.134242
v -0.198617 0.063875 0.132712
v -0.193486 0.072593 0.129283
v -0.158598 0.017036 0.193253
v -0.158134 0.015268 0.192687
v -0.158598 0.032516 0.193253
v -0.157772 0.034711 0.192245
v -0.155426 0.011000 0.189388
v -0.136115 0.011000 0.203710
v -0.138893 0.017036 0.207867
v -0.138486 0.015268 0.207259
v -0.138893 0.032516 0.207867
v -0.138169 0.034711 0.206784
v -0.127781 0.000000 0.191238
v -0.132781 0.040000 0.198721
v -0.134168 0.046384 0.200796
v -0.134242 0.054741 0.200908
v -0.132712 0.063875 0.198617
v -0.129283 0.072593 0.193486
v -0.173241 0.011000 0.173241
v -0.176777 0.017036 0.176777
v -0.176259 0.015268 0.176259
v -0.176777 0.032516 0.176777
v -0.175855 0.034711 0.175855
v -0.162635 0.000000 0.162635
v -0.168999 0.040000 0.168999
v -0.170763 0.046384 0.170763
v -0.170858 0.054741 0.170858
v -0.168910 0.063875 0.168910
v -0.164546 0.072593 0.164546
v -0.157393 0.079699 0.157393
v -0.177792 0.000000 0.145910
v -0.184749 0.040000 0.151620
v -0.186678 0.046384 0.153203
v -0.186782 0.054741 0.153288
v -0.184653 0.063875 0.151541
v -0.179882 0.072593 0.147626
v -0.172063 0.079699 0.141208
v -0.160786 0.084000 0.131954
v -0.145910 0.000000 0.177792
v -0.151620 0.040000 0.184749
v -0.153203 0.046384 0.186678
v -0.153288 0.054741 0.186782
v -0.151541 0.063875 0.184653
v -0.147626 0.072593 0.179882
v -0.141208 0.079699 0.172063
v -0.131954 0.084000 0.160786
v -0.147078 0.084000 0.147078
v -0.153056 0.086000 0.125610
v -0.125610 0.086000 0.153056
v -0.140007 0.086000 0.140007
v -0.219835 0.015268 0.117504
v -0.220480 0.017036 0.117849
v -0.220480 0.032516 0.117849
v -0.219331 0.034711 0.117235
v -0.230970 0.017036 0.095671
v -0.230293 0.015268 0.095391
v -0.226350 0.011000 0.093757
v -0.230970 0.032516 0.095671
v -0.229766 0.034711 0.095172
v -0.234450 0.011000 0.071120
v -0.238534 0.015268 0.072359
v -0.239235 0.017036 0.072571
v -0.239235 0.032516 0.072571
v -0.237988 0.034711 0.072193
v -0.220807 0.040000 0.091461
v -0.220096 0.000000 0.066765
v -0.228709 0.040000 0.069378
v -0.223113 0.046384 0.092416
v -0.223237 0.054741 0.092468
v -0.220692 0.063875 0.091414
v -0.231097 0.046384 0.070102
v -0.231225 0.054741 0.070141
v -0.228589 0.063875 0.069342
v -0.222684 0.072593 0.067550
v -0.216071 0.011000 0.115492
v -0.210779 0.040000 0.112664
v -0.202842 0.000000 0.108421
v -0.212980 0.046384 0.113840
v -0.213098 0.054741 0.113903
v -0.210669 0.063875 0.112605
v -0.205226 0.072593 0.109696
v -0.196305 0.079699 0.104927
v -0.212492 0.000000 0.088017
v -0.214990 0.072593 0.089052
v -0.205644 0.079699 0.085181
v -0.213003 0.079699 0.064614
v -0.192167 0.084000 0.079598
v -0.245196 0.017036 0.048773
v -0.244478 0.015268 0.048630
v -0.240292 0.011000 0.047797
v -0.245196 0.032516 0.048773
v -0.243918 0.034711 0.048518
v -0.234408 0.040000 0.046627
v -0.225581 0.000000 0.044871
v -0.236855 0.046384 0.047113
v -0.236987 0.054741 0.047140
v -0.234285 0.063875 0.046602
v -0.228232 0.072593 0.045398
v -0.243820 0.011000 0.024014
v -0.248067 0.015268 0.024433
v -0.248796 0.017036 0.024504
v -0.248796 0.032516 0.024504
v -0.247500 0.034711 0.024377
v -0.237849 0.040000 0.023426
v -0.228892 0.000000 0.022544
v -0.240332 0.046384 0.023671
v -0.240466 0.054741 0.023684
v -0.237725 0.063875 0.023414
v -0.231583 0.072593 0.022809
v -0.221516 0.079699 0.021817
v -0.218311 0.079699 0.043425
v -0.204003 0.084000 0.040579
v -0.199044 0.084000 0.060379
v -0.189474 0.086000 0.057476
v -0.194195 0.086000 0.038628
v -0.206998 0.084000 0.020388
v -0.197047 0.086000 0.019407
v -0.185075 0.079699 0.123663
v -0.172946 0.084000 0.115559
v -0.183440 0.084000 0.098051
v -0.164631 0.086000 0.110003
v -0.174620 0.086000 0.093337
v -0.182928 0.086000 0.075771
v -0.161465 0.091000 0.066881
v -0.145314 0.091000 0.097096
v -0.135097 0.091000 0.110872
v -0.154132 0.091000 0.082385
v -0.141940 0.098640 0.075868
v -0.133820 0.098640 0.089416
v -0.127993 0.108680 0.085522
v -0.125678 0.120880 0.083976
v -0.135759 0.108680 0.072565
v -0.133304 0.120880 0.071253
v -0.132288 0.135000 0.070710
v -0.167243 0.091000 0.050732
v -0.171410 0.091000 0.034096
v -0.173926 0.091000 0.017130
v -0.157852 0.098640 0.031399
v -0.160169 0.098640 0.015775
v -0.148693 0.098640 0.061591
v -0.142218 0.108680 0.058909
v -0.154014 0.098640 0.046720
v -0.147308 0.108680 0.044685
v -0.144643 0.120880 0.043877
v -0.143541 0.135000 0.043543
v -0.139646 0.120880 0.057843
v -0.138582 0.135000 0.057403
v -0.150978 0.108680 0.030031
v -0.148248 0.120880 0.029488
v -0.147118 0.135000 0.029264
v -0.153195 0.108680 0.015088
v -0.150424 0.120880 0.014815
v -0.149278 0.135000 0.014703
v -0.129871 0.199782 0.069418
v -0.126474 0.266593 0.067602
v -0.140918 0.199782 0.042747
v -0.136050 0.199782 0.056354
v -0.132491 0.266593 0.054880
v -0.137232 0.266593 0.041629
v -0.144430 0.199782 0.028729
v -0.146550 0.199782 0.014434
v -0.140652 0.266593 0.027977
v -0.142717 0.266593 0.014056
v -0.128419 0.331625 0.053193
v -0.133015 0.331625 0.040350
v -0.136329 0.331625 0.027118
v -0.138331 0.331625 0.013624
v -0.117504 0.015268 0.219835
v -0.117849 0.017036 0.220480
v -0.117849 0.032516 0.220480
v -0.117235 0.034711 0.219331
v -0.095671 0.017036 0.230970
v -0.095391 0.015268 0.230293
v -0.093757 0.011000 0.226350
v -0.095671 0.032516 0.230970
v -0.095172 0.034711 0.229766
v -0.115492 0.011000 0.216071
v -0.112664 0.040000 0.210779
v -0.108421 0.000000 0.202842
v -0.113840 0.046384 0.212980
v -0.113903 0.054741 0.213098
v -0.112605 0.063875 0.210669
v -0.109696 0.072593 0.205226
v -0.104927 0.079699 0.196305
v -0.091461 0.040000 0.220807
v -0.071120 0.011000 0.234450
v -0.072359 0.015268 0.238534
v -0.072571 0.017036 0.239235
v -0.072571 0.032516 0.239235
v -0.072193 0.034711 0.237988
v -0.066765 0.000000 0.220096
v -0.069378 0.040000 0.228709
v -0.092416 0.046384 0.223113
v -0.092468 0.054741 0.223237
v -0.091414 0.063875 0.220692
v -0.070102 0.046384 0.231097
v -0.070141 0.054741 0.231225
v -0.069342 0.063875 0.228589
v -0.067550 0.072593 0.222684
v -0.088017 0.000000 0.212492
v -0.089052 0.072593 0.214990
v -0.085181 0.079699 0.205644
v -0.079598 0.084000 0.192167
v -0.064614 0.079699 0.213003
v -0.123663 0.079699 0.185075
v -0.115559 0.084000 0.172946
v -0.110003 0.086000 0.164631
v -0.098051 0.084000 0.183440
v -0.110872 0.091000 0.135097
v -0.097096 0.091000 0.145314
v -0.093337 0.086000 0.174620
v -0.075771 0.086000 0.182928
v -0.066881 0.091000 0.161465
v -0.082385 0.091000 0.154132
v -0.089416 0.098640 0.133820
v -0.085522 0.108680 0.127993
v -0.083976 0.120880 0.125678
v -0.075868 0.098640 0.141940
v -0.072565 0.108680 0.135759
v -0.071253 0.120880 0.133304
v -0.070710 0.135000 0.132288
v -0.048773 0.017036 0.245196
v -0.048630 0.015268 0.244478
v -0.047797 0.011000 0.240292
v -0.048773 0.032516 0.245196
v -0.048518 0.034711 0.243918
v -0.046627 0.040000 0.234408
v -0.044871 0.000000 0.225581
v -0.047113 0.046384 0.236855
v -0.047140 0.054741 0.236987
v -0.046602 0.063875 0.234285
v -0.045398 0.072593 0.228232
v -0.060379 0.084000 0.199044
v -0.057476 0.086000 0.189474
v -0.043425 0.079699 0.218311
v -0.040579 0.084000 0.204003
v -0.038628 0.086000 0.194195
v -0.024014 0.011000 0.243820
v -0.024433 0.015268 0.248067
v -0.024504 0.017036 0.248796
v -0.024504 0.032516 0.248796
v -0.024377 0.034711 0.247500
v -0.023426 0.040000 0.237849
v -0.022544 0.000000 0.228892
v -0.000000 0.011000 0.245000
v -0.000000 0.015268 0.249268
v -0.000000 0.017036 0.250000
v -0.000000 0.032516 0.250000
v -0.000000 0.034711 0.248697
v -0.000000 0.040000 0.239000
v -0.000000 0.000000 0.230000
v -0.023671 0.046384 0.240332
v -0.023684 0.054741 0.240466
v -0.023414 0.063875 0.237725
v -0.022809 0.072593 0.231583
v -0.021817 0.079699 0.221516
v -0.000000 0.046384 0.241495
v -0.000000 0.054741 0.241630
v -0.000000 0.063875 0.238875
v -0.000000 0.072593 0.232704
v -0.000000 0.079699 0.222588
v -0.020388 0.084000 0.206998
v -0.019407 0.086000 0.197047
v -0.000000 0.084000 0.208000
v -0.000000 0.086000 0.198000
v -0.050732 0.091000 0.167243
v -0.034096 0.091000 0.171410
v -0.017130 0.091000 0.173926
v -0.000000 0.091000 0.174768
v -0.031399 0.098640 0.157852
v -0.061591 0.098640 0.148693
v -0.058909 0.108680 0.142218
v -0.057843 0.120880 0.139646
v -0.057403 0.135000 0.138582
v -0.046720 0.098640 0.154014
v -0.044685 0.108680 0.147308
v -0.043877 0.120880 0.144643
v -0.043543 0.135000 0.143541
v -0.015775 0.098640 0.160169
v -0.000000 0.098640 0.160944
v -0.030031 0.108680 0.150978
v -0.029488 0.120880 0.148248
v -0.029264 0.135000 0.147118
v -0.015088 0.108680 0.153195
v -0.000000 0.108680 0.153936
v -0.014815 0.120880 0.150424
v -0.014703 0.135000 0.149278
v -0.000000 0.120880 0.151152
v -0.000000 0.135000 0.150000
v -0.069418 0.199782 0.129871
v -0.067602 0.266593 0.126474
v -0.056354 0.199782 0.136050
v -0.042747 0.199782 0.140918
v -0.054880 0.266593 0.132491
v -0.041629 0.266593 0.137232
v -0.028729 0.199782 0.144430
v -0.014434 0.199782 0.146550
v -0.000000 0.199782 0.147259
v -0.027977 0.266593 0.140652
v -0.014056 0.266593 0.142717
v -0.000000 0.266593 0.143407
v -0.053193 0.331625 0.128419
v -0.040350 0.331625 0.133015
v -0.027118 0.331625 0.136329
v -0.013624 0.331625 0.138331
v -0.000000 0.331625 0.139000
v -0.123580 0.091000 0.123580
v -0.113805 0.098640 0.113805
v -0.124411 0.098640 0.102102
v -0.118994 0.108680 0.097656
v -0.116842 0.120880 0.095890
v -0.115952 0.135000 0.095159
v -0.102102 0.098640 0.124411
v -0.097656 0.108680 0.118994
v -0.095890 0.120880 0.116842
v -0.095159 0.135000 0.115952
v -0.108849 0.108680 0.108849
v -0.106881 0.120880 0.106881
v -0.106066 0.135000 0.106066
v -0.124720 0.135000 0.083336
v -0.083336 0.135000 0.124720
v -0.104128 0.199782 0.104128
v -0.101404 0.266593 0.101404
v -0.122442 0.199782 0.081813
v -0.113833 0.199782 0.093420
v -0.119239 0.266593 0.079673
v -0.110855 0.266593 0.090977
v -0.093420 0.199782 0.113833
v -0.081813 0.199782 0.122442
v -0.090977 0.266593 0.110855
v -0.079673 0.266593 0.119239
v -0.098288 0.331625 0.098288
v -0.122587 0.331625 0.065524
v -0.115574 0.331625 0.077224
v -0.107448 0.331625 0.088181
v -0.088181 0.331625 0.107448
v -0.077224 0.331625 0.115574
v -0.065524 0.331625 0.122587
v -0.126383 0.482219 0.084447
v -0.125270 0.480331 0.083703
v -0.126383 0.507781 0.084447
v -0.134052 0.482219 0.071652
v -0.132871 0.480331 0.071021
v -0.126997 0.478000 0.067881
v -0.134052 0.507781 0.071652
v -0.125270 0.509669 0.083703
v -0.128046 0.551680 0.085558
v -0.132871 0.509669 0.071021
v -0.126997 0.512000 0.067881
v -0.135816 0.551680 0.072595
v -0.129312 0.541953 0.069119
v -0.128797 0.391074 0.039070
v -0.125111 0.441134 0.037952
v -0.132006 0.391074 0.026258
v -0.133944 0.391074 0.013192
v -0.128229 0.441134 0.025506
v -0.130111 0.441134 0.012815
v -0.145455 0.482219 0.044123
v -0.144173 0.480331 0.043734
v -0.145455 0.507781 0.044123
v -0.140430 0.482219 0.058168
v -0.139192 0.480331 0.057655
v -0.133039 0.478000 0.055106
v -0.140430 0.507781 0.058168
v -0.137799 0.478000 0.041801
v -0.125581 0.478000 0.038094
v -0.142277 0.551680 0.058933
v -0.144173 0.509669 0.043734
v -0.147369 0.551680 0.044704
v -0.139192 0.509669 0.057655
v -0.133039 0.512000 0.055106
v -0.126130 0.512897 0.052245
v -0.135464 0.541953 0.056111
v -0.129343 0.532545 0.053576
v -0.137799 0.512000 0.041801
v -0.130644 0.512897 0.039630
v -0.128828 0.513408 0.039079
v -0.129067 0.523144 0.039152
v -0.127707 0.514396 0.038740
v -0.127283 0.515862 0.038611
v -0.127554 0.517807 0.038693
v -0.140311 0.541953 0.042563
v -0.133972 0.532545 0.040640
v -0.149079 0.482219 0.029654
v -0.147766 0.480331 0.029392
v -0.141233 0.478000 0.028093
v -0.149079 0.507781 0.029654
v -0.151268 0.482219 0.014899
v -0.149935 0.480331 0.014767
v -0.143307 0.478000 0.014114
v -0.151268 0.507781 0.014899
v -0.128710 0.478000 0.025602
v -0.127338 0.477799 0.025329
v -0.125775 0.474778 0.025018
v -0.125871 0.476187 0.025037
v -0.126392 0.477194 0.025141
v -0.130599 0.478000 0.012863
v -0.129207 0.477799 0.012726
v -0.127622 0.474778 0.012570
v -0.127719 0.476187 0.012579
v -0.128247 0.477194 0.012631
v -0.147766 0.509669 0.029392
v -0.141233 0.512000 0.028093
v -0.151041 0.551680 0.030044
v -0.143808 0.541953 0.028605
v -0.149935 0.509669 0.014767
v -0.143307 0.512000 0.014114
v -0.153258 0.551680 0.015095
v -0.145919 0.541953 0.014372
v -0.133899 0.512897 0.026634
v -0.132038 0.513408 0.026264
v -0.130890 0.514396 0.026036
v -0.130455 0.515862 0.025949
v -0.130733 0.517807 0.026004
v -0.132283 0.523144 0.026313
v -0.137310 0.532545 0.027313
v -0.135865 0.512897 0.013382
v -0.133976 0.513408 0.013196
v -0.134226 0.523144 0.013220
v -0.132811 0.514396 0.013081
v -0.132370 0.515862 0.013037
v -0.132652 0.517807 0.013065
v -0.139326 0.532545 0.013722
v -0.159947 0.585886 0.066252
v -0.162603 0.600000 0.067352
v -0.143948 0.585886 0.096183
v -0.146339 0.600000 0.097780
v -0.133827 0.585886 0.109829
v -0.136050 0.600000 0.111653
v -0.129866 0.573335 0.106578
v -0.148163 0.573335 0.079195
v -0.152683 0.585886 0.081611
v -0.155218 0.600000 0.082966
v -0.155212 0.573335 0.064291
v -0.142320 0.562037 0.076072
v -0.134178 0.562037 0.089655
v -0.139687 0.573335 0.093336
v -0.162603 0.736000 0.067352
v -0.162192 0.738222 0.067182
v -0.160960 0.739556 0.066672
v -0.158907 0.740000 0.065822
v -0.128202 0.676000 0.120312
v -0.146339 0.736000 0.097780
v -0.145969 0.738222 0.097533
v -0.144860 0.739556 0.096793
v -0.143013 0.740000 0.095558
v -0.136050 0.736000 0.111653
v -0.135706 0.738222 0.111371
v -0.134676 0.739556 0.110525
v -0.128202 0.736000 0.120312
v -0.127935 0.738222 0.119945
v -0.127136 0.739556 0.118844
v -0.125803 0.740000 0.117010
v -0.132958 0.740000 0.109116
v -0.155218 0.736000 0.082966
v -0.154826 0.738222 0.082756
v -0.153650 0.739556 0.082128
v -0.151690 0.740000 0.081080
v -0.172618 0.600000 0.034336
v -0.160766 0.573335 0.048768
v -0.165670 0.585886 0.050256
v -0.168421 0.600000 0.051090
v -0.164772 0.573335 0.032775
v -0.158274 0.562037 0.031483
v -0.169798 0.585886 0.033775
v -0.172291 0.585886 0.016969
v -0.175153 0.600000 0.017251
v -0.167191 0.573335 0.016467
v -0.160598 0.562037 0.015818
v -0.149091 0.562037 0.061756
v -0.154426 0.562037 0.046845
v -0.172618 0.736000 0.034336
v -0.172182 0.738222 0.034249
v -0.168421 0.736000 0.051090
v -0.167996 0.738222 0.050961
v -0.166720 0.739556 0.050574
v -0.164594 0.740000 0.049929
v -0.170875 0.739556 0.033989
v -0.168695 0.740000 0.033556
v -0.175153 0.736000 0.017251
v -0.174710 0.738222 0.017207
v -0.173383 0.739556 0.017077
v -0.171172 0.740000 0.016859
v -0.125678 0.670667 0.038124
v -0.126316 0.674000 0.038318
v -0.129187 0.740000 0.039188
v -0.127592 0.739667 0.038705
v -0.126316 0.737000 0.038318
v -0.126635 0.738667 0.038414
v -0.126848 0.668667 0.025232
v -0.129464 0.674000 0.025752
v -0.128810 0.670667 0.025622
v -0.128711 0.668667 0.012677
v -0.125393 0.668000 0.012350
v -0.131364 0.674000 0.012938
v -0.130701 0.670667 0.012873
v -0.132406 0.740000 0.026337
v -0.129464 0.737000 0.025752
v -0.130771 0.739667 0.026012
v -0.129791 0.738667 0.025817
v -0.134350 0.740000 0.013232
v -0.131364 0.737000 0.012938
v -0.132691 0.739667 0.013069
v -0.131696 0.738667 0.012971
v -0.084447 0.482219 0.126383
v -0.083703 0.480331 0.125270
v -0.084447 0.507781 0.126383
v -0.071652 0.482219 0.134052
v -0.071021 0.480331 0.132871
v -0.067881 0.478000 0.126997
v -0.071652 0.507781 0.134052
v -0.083703 0.509669 0.125270
v -0.085558 0.551680 0.128046
v -0.071021 0.509669 0.132871
v -0.067881 0.512000 0.126997
v -0.072595 0.551680 0.135816
v -0.069119 0.541953 0.129312
v -0.039070 0.391074 0.128797
v -0.037952 0.441134 0.125111
v -0.026258 0.391074 0.132006
v -0.013192 0.391074 0.133944
v -0.000000 0.391074 0.134593
v -0.025506 0.441134 0.128229
v -0.012815 0.441134 0.130111
v -0.000000 0.441134 0.130741
v -0.058168 0.482219 0.140430
v -0.057655 0.480331 0.139192
v -0.055106 0.478000 0.133039
v -0.058168 0.507781 0.140430
v -0.044123 0.482219 0.145455
v -0.043734 0.480331 0.144173
v -0.044123 0.507781 0.145455
v -0.041801 0.478000 0.137799
v -0.038094 0.478000 0.125581
v -0.058933 0.551680 0.142277
v -0.057655 0.509669 0.139192
v -0.055106 0.512000 0.133039
v -0.052245 0.512897 0.126130
v -0.056111 0.541953 0.135464
v -0.053576 0.532545 0.129343
v -0.043734 0.509669 0.144173
v -0.044704 0.551680 0.147369
v -0.041801 0.512000 0.137799
v -0.039630 0.512897 0.130644
v -0.039079 0.513408 0.128828
v -0.039152 0.523144 0.129067
v -0.038740 0.514396 0.127707
v -0.038611 0.515862 0.127283
v -0.038693 0.517807 0.127554
v -0.042563 0.541953 0.140311
v -0.040640 0.532545 0.133972
v -0.029654 0.482219 0.149079
v -0.029392 0.480331 0.147766
v -0.028093 0.478000 0.141233
v -0.029654 0.507781 0.149079
v -0.025602 0.478000 0.128710
v -0.025329 0.477799 0.127338
v -0.025018 0.474778 0.125775
v -0.025037 0.476187 0.125871
v -0.025141 0.477194 0.126392
v -0.014899 0.482219 0.151268
v -0.014767 0.480331 0.149935
v -0.014114 0.478000 0.143307
v -0.000000 0.482219 0.152000
v -0.000000 0.480331 0.150661
v -0.000000 0.478000 0.144000
v -0.014899 0.507781 0.151268
v -0.000000 0.507781 0.152000
v -0.012863 0.478000 0.130599
v -0.012726 0.477799 0.129207
v -0.012570 0.474778 0.127622
v -0.012579 0.476187 0.127719
v -0.012631 0.477194 0.128247
v -0.000000 0.478000 0.131231
v -0.000000 0.477799 0.129833
v -0.000000 0.474778 0.128240
v -0.000000 0.476187 0.128337
v -0.000000 0.477194 0.128868
v -0.029392 0.509669 0.147766
v -0.028093 0.512000 0.141233
v -0.030044 0.551680 0.151041
v -0.028605 0.541953 0.143808
v -0.026634 0.512897 0.133899
v -0.026264 0.513408 0.132038
v -0.026036 0.514396 0.130890
v -0.025949 0.515862 0.130455
v -0.026004 0.517807 0.130733
v -0.026313 0.523144 0.132283
v -0.027313 0.532545 0.137310
v -0.014767 0.509669 0.149935
v -0.014114 0.512000 0.143307
v -0.000000 0.509669 0.150661
v -0.000000 0.512000 0.144000
v -0.015095 0.551680 0.153258
v -0.014372 0.541953 0.145919
v -0.000000 0.551680 0.154000
v -0.000000 0.541953 0.146625
v -0.013382 0.512897 0.135865
v -0.013196 0.513408 0.133976
v -0.013220 0.523144 0.134226
v -0.013081 0.514396 0.132811
v -0.013037 0.515862 0.132370
v -0.013065 0.517807 0.132652
v -0.000000 0.512897 0.136522
v -0.000000 0.513408 0.134625
v -0.000000 0.514396 0.133454
v -0.000000 0.515862 0.133010
v -0.000000 0.517807 0.133294
v -0.000000 0.523144 0.134875
v -0.013722 0.532545 0.139326
v -0.000000 0.532545 0.140000
v -0.109829 0.585886 0.133827
v -0.111653 0.600000 0.136050
v -0.096183 0.585886 0.143948
v -0.097780 0.600000 0.146339
v -0.106578 0.573335 0.129866
v -0.066252 0.585886 0.159947
v -0.067352 0.600000 0.162603
v -0.079195 0.573335 0.148163
v -0.081611 0.585886 0.152683
v -0.082966 0.600000 0.155218
v -0.089655 0.562037 0.134178
v -0.093336 0.573335 0.139687
v -0.076072 0.562037 0.142320
v -0.064291 0.573335 0.155212
v -0.111653 0.676000 0.136050
v -0.097780 0.676000 0.146339
v -0.074791 0.676000 0.159084
v -0.074791 0.736000 0.159084
v -0.074526 0.738222 0.158719
v -0.073729 0.739556 0.157623
v -0.067352 0.736000 0.162603
v -0.067182 0.738222 0.162192
v -0.066672 0.739556 0.160960
v -0.065822 0.740000 0.158907
v -0.082966 0.676000 0.155218
v -0.072402 0.740000 0.155795
v -0.048768 0.573335 0.160766
v -0.050256 0.585886 0.165670
v -0.051090 0.600000 0.168421
v -0.034336 0.600000 0.172618
v -0.032775 0.573335 0.164772
v -0.031483 0.562037 0.158274
v -0.033775 0.585886 0.169798
v -0.061756 0.562037 0.149091
v -0.046845 0.562037 0.154426
v -0.016969 0.585886 0.172291
v -0.017251 0.600000 0.175153
v -0.016467 0.573335 0.167191
v -0.015818 0.562037 0.160598
v -0.000000 0.585886 0.173125
v -0.000000 0.600000 0.176000
v -0.000000 0.573335 0.168000
v -0.000000 0.562037 0.161375
v -0.051090 0.736000 0.168421
v -0.050961 0.738222 0.167996
v -0.050574 0.739556 0.166720
v -0.049929 0.740000 0.164594
v -0.034336 0.736000 0.172618
v -0.034249 0.738222 0.172182
v -0.033989 0.739556 0.170875
v -0.033556 0.740000 0.168695
v -0.038124 0.670667 0.125678
v -0.038318 0.674000 0.126316
v -0.054096 0.740000 0.130600
v -0.050206 0.740000 0.125245
v -0.039188 0.740000 0.129187
v -0.038705 0.739667 0.127592
v -0.038318 0.737000 0.126316
v -0.038414 0.738667 0.126635
v -0.017251 0.736000 0.175153
v -0.017207 0.738222 0.174710
v -0.017077 0.739556 0.173383
v -0.016859 0.740000 0.171172
v -0.000000 0.736000 0.176000
v -0.000000 0.738222 0.175556
v -0.000000 0.739556 0.174222
v -0.000000 0.740000 0.172000
v -0.025232 0.668667 0.126848
v -0.025752 0.674000 0.129464
v -0.025622 0.670667 0.128810
v -0.012677 0.668667 0.128711
v -0.012350 0.668000 0.125393
v -0.000000 0.668667 0.129333
v -0.000000 0.668000 0.126000
v -0.012938 0.674000 0.131364
v -0.012873 0.670667 0.130701
v -0.000000 0.670667 0.131333
v -0.000000 0.674000 0.132000
v -0.026337 0.740000 0.132406
v -0.025752 0.737000 0.129464
v -0.026012 0.739667 0.130771
v -0.025817 0.738667 0.129791
v -0.013232 0.740000 0.134350
v -0.012938 0.737000 0.131364
v -0.013069 0.739667 0.132691
v -0.012971 0.738667 0.131696
v -0.000000 0.740000 0.135000
v -0.000000 0.739667 0.133333
v -0.000000 0.737000 0.132000
v -0.000000 0.738667 0.132333
v -0.095171 0.391074 0.095171
v -0.118700 0.391074 0.063447
v -0.111910 0.391074 0.074776
v -0.104041 0.391074 0.085385
v -0.101064 0.441134 0.082941
v -0.108707 0.441134 0.072636
v -0.085385 0.391074 0.104041
v -0.074776 0.391074 0.111910
v -0.063447 0.391074 0.118700
v -0.082941 0.441134 0.101064
v -0.072636 0.441134 0.108707
v -0.092448 0.441134 0.092448
v -0.117498 0.482219 0.096428
v -0.116462 0.480331 0.095578
v -0.117498 0.507781 0.096428
v -0.096428 0.482219 0.117498
v -0.095578 0.480331 0.116462
v -0.096428 0.507781 0.117498
v -0.107480 0.482219 0.107480
v -0.106533 0.480331 0.106533
v -0.101823 0.478000 0.101823
v -0.107480 0.507781 0.107480
v -0.116462 0.509669 0.095578
v -0.119044 0.551680 0.097697
v -0.095578 0.509669 0.116462
v -0.097697 0.551680 0.119044
v -0.106533 0.509669 0.106533
v -0.101823 0.512000 0.101823
v -0.096536 0.512897 0.096536
v -0.095194 0.513408 0.095194
v -0.094366 0.514396 0.094366
v -0.094053 0.515862 0.094053
v -0.094253 0.517807 0.094253
v -0.095371 0.523144 0.095371
v -0.103680 0.541953 0.103680
v -0.108894 0.551680 0.108894
v -0.098995 0.532545 0.098995
v -0.119732 0.478000 0.080002
v -0.111313 0.478000 0.091353
v -0.101443 0.478000 0.083252
v -0.100362 0.477799 0.082365
v -0.099616 0.477194 0.081753
v -0.099131 0.474778 0.081354
v -0.099206 0.476187 0.081416
v -0.109115 0.478000 0.072908
v -0.107952 0.477799 0.072131
v -0.106708 0.476187 0.071300
v -0.106627 0.474778 0.071246
v -0.107150 0.477194 0.071595
v -0.119732 0.512000 0.080002
v -0.111313 0.512000 0.091353
v -0.121914 0.541953 0.081460
v -0.113343 0.541953 0.093018
v -0.120402 0.512897 0.064356
v -0.118728 0.513408 0.063462
v -0.117696 0.514396 0.062910
v -0.117305 0.515862 0.062701
v -0.117555 0.517807 0.062834
v -0.118949 0.523144 0.063580
v -0.113514 0.512897 0.075848
v -0.111936 0.513408 0.074793
v -0.110963 0.514396 0.074143
v -0.110594 0.515862 0.073897
v -0.110830 0.517807 0.074054
v -0.112144 0.523144 0.074933
v -0.123469 0.532545 0.065996
v -0.116406 0.532545 0.077780
v -0.105533 0.512897 0.086609
v -0.104066 0.513408 0.085405
v -0.103161 0.514396 0.084662
v -0.102818 0.515862 0.084381
v -0.103037 0.517807 0.084561
v -0.104260 0.523144 0.085564
v -0.108221 0.532545 0.088815
v -0.091353 0.478000 0.111313
v -0.080002 0.478000 0.119732
v -0.083252 0.478000 0.101443
v -0.082365 0.477799 0.100362
v -0.081753 0.477194 0.099616
v -0.081354 0.474778 0.099131
v -0.081416 0.476187 0.099206
v -0.072908 0.478000 0.109115
v -0.072131 0.477799 0.107952
v -0.071300 0.476187 0.106708
v -0.071246 0.474778 0.106627
v -0.071595 0.477194 0.107150
v -0.091353 0.512000 0.111313
v -0.080002 0.512000 0.119732
v -0.093018 0.541953 0.113343
v -0.081460 0.541953 0.121914
v -0.086609 0.512897 0.105533
v -0.085405 0.513408 0.104066
v -0.084662 0.514396 0.103161
v -0.084381 0.515862 0.102818
v -0.084561 0.517807 0.103037
v -0.085564 0.523144 0.104260
v -0.088815 0.532545 0.108221
v -0.075848 0.512897 0.113514
v -0.074793 0.513408 0.111936
v -0.074143 0.514396 0.110963
v -0.073897 0.515862 0.110594
v -0.074054 0.517807 0.110830
v -0.074933 0.523144 0.112144
v -0.064356 0.512897 0.120402
v -0.063462 0.513408 0.118728
v -0.062910 0.514396 0.117696
v -0.062701 0.515862 0.117305
v -0.062834 0.517807 0.117555
v -0.063580 0.523144 0.118949
v -0.077780 0.532545 0.116406
v -0.065996 0.532545 0.123469
v -0.092795 0.478000 0.092795
v -0.091806 0.477799 0.091806
v -0.090679 0.474778 0.090679
v -0.090748 0.476187 0.090748
v -0.091123 0.477194 0.091123
v -0.124347 0.391074 0.051506
v -0.120789 0.441134 0.050032
v -0.115303 0.441134 0.061631
v -0.121242 0.478000 0.050220
v -0.119950 0.477799 0.049685
v -0.118478 0.474778 0.049075
v -0.118568 0.476187 0.049112
v -0.119058 0.477194 0.049316
v -0.115736 0.478000 0.061862
v -0.114502 0.477799 0.061203
v -0.113651 0.477194 0.060748
v -0.113097 0.474778 0.060452
v -0.113183 0.476187 0.060498
v -0.124242 0.477799 0.037688
v -0.123319 0.477194 0.037408
v -0.122718 0.474778 0.037226
v -0.122811 0.476187 0.037254
v -0.124377 0.513408 0.051519
v -0.123295 0.514396 0.051071
v -0.123147 0.517807 0.051009
v -0.122886 0.515862 0.050901
v -0.124608 0.523144 0.051614
v -0.051506 0.391074 0.124347
v -0.061631 0.441134 0.115303
v -0.050032 0.441134 0.120789
v -0.061862 0.478000 0.115736
v -0.061203 0.477799 0.114502
v -0.060748 0.477194 0.113651
v -0.060452 0.474778 0.113097
v -0.060498 0.476187 0.113183
v -0.050220 0.478000 0.121242
v -0.049685 0.477799 0.119950
v -0.049075 0.474778 0.118478
v -0.049112 0.476187 0.118568
v -0.049316 0.477194 0.119058
v -0.037688 0.477799 0.124242
v -0.037408 0.477194 0.123319
v -0.037226 0.474778 0.122718
v -0.037254 0.476187 0.122811
v -0.051519 0.513408 0.124377
v -0.051071 0.514396 0.123295
v -0.051009 0.517807 0.123147
v -0.050901 0.515862 0.122886
v -0.051614 0.523144 0.124608
v -0.118794 0.573335 0.118794
v -0.114109 0.562037 0.114109
v -0.122418 0.585886 0.122418
v -0.124451 0.600000 0.124451
v -0.124745 0.562037 0.102375
v -0.102375 0.562037 0.124745
v -0.124451 0.676000 0.124451
v -0.109754 0.674000 0.073335
v -0.099976 0.668667 0.082048
v -0.097399 0.668000 0.079934
v -0.101812 0.676000 0.083989
v -0.102037 0.674000 0.083740
v -0.101522 0.670667 0.083317
v -0.107537 0.668667 0.071854
v -0.104765 0.668000 0.070002
v -0.109200 0.670667 0.072965
v -0.119059 0.740000 0.063639
v -0.117590 0.739667 0.062853
v -0.112248 0.740000 0.075002
v -0.109754 0.737000 0.073335
v -0.110863 0.739667 0.074076
v -0.110031 0.738667 0.073520
v -0.103611 0.740000 0.086465
v -0.104356 0.740000 0.085643
v -0.101812 0.737000 0.083989
v -0.102611 0.739667 0.085090
v -0.103068 0.739667 0.084586
v -0.102012 0.738667 0.084264
v -0.102037 0.737000 0.083740
v -0.102295 0.738667 0.083951
v -0.082048 0.668667 0.099976
v -0.079934 0.668000 0.097399
v -0.083740 0.674000 0.102037
v -0.083740 0.676000 0.102037
v -0.083317 0.670667 0.101522
v -0.073335 0.674000 0.109754
v -0.073335 0.676000 0.109754
v -0.071854 0.668667 0.107537
v -0.070002 0.668000 0.104765
v -0.072965 0.670667 0.109200
v -0.091452 0.668667 0.091452
v -0.089095 0.668000 0.089095
v -0.092867 0.670667 0.092867
v -0.093338 0.674000 0.093338
v -0.093338 0.676000 0.093338
v -0.119488 0.668667 0.049494
v -0.114062 0.668667 0.060967
v -0.111122 0.668000 0.059396
v -0.116409 0.668000 0.048218
v -0.121336 0.670667 0.050259
v -0.121952 0.674000 0.050514
v -0.115826 0.670667 0.061910
v -0.116414 0.674000 0.062224
v -0.123764 0.668667 0.037543
v -0.120574 0.668000 0.036576
v -0.124724 0.740000 0.051662
v -0.123184 0.739667 0.051024
v -0.121952 0.737000 0.050514
v -0.122260 0.738667 0.050642
v -0.116414 0.737000 0.062224
v -0.116708 0.738667 0.062382
v -0.123579 0.668000 0.024581
v -0.060967 0.668667 0.114062
v -0.059396 0.668000 0.111122
v -0.049494 0.668667 0.119488
v -0.048218 0.668000 0.116409
v -0.061910 0.670667 0.115826
v -0.062224 0.674000 0.116414
v -0.062224 0.676000 0.116414
v -0.050259 0.670667 0.121336
v -0.050514 0.674000 0.121952
v -0.050514 0.676000 0.121952
v -0.048370 0.676000 0.122719
v -0.037543 0.668667 0.123764
v -0.036576 0.668000 0.120574
v -0.049186 0.739667 0.123842
v -0.048370 0.737000 0.122719
v -0.048574 0.738667 0.123000
v -0.024581 0.668000 0.123579
v -0.245000 0.011000 -0.000000
v -0.249268 0.015268 -0.000000
v -0.250000 0.017036 -0.000000
v -0.250000 0.032516 -0.000000
v -0.248697 0.034711 -0.000000
v -0.239000 0.040000 -0.000000
v -0.243820 0.011000 -0.024014
v -0.248067 0.015268 -0.024433
v -0.248796 0.017036 -0.024504
v -0.248796 0.032516 -0.024504
v -0.247500 0.034711 -0.024377
v -0.237849 0.040000 -0.023426
v -0.230000 0.000000 -0.000000
v -0.228892 0.000000 -0.022544
v -0.241495 0.046384 -0.000000
v -0.241630 0.054741 -0.000000
v -0.238875 0.063875 -0.000000
v -0.237725 0.063875 -0.023414
v -0.240332 0.046384 -0.023671
v -0.240466 0.054741 -0.023684
v -0.232704 0.072593 -0.000000
v -0.222588 0.079699 -0.000000
v -0.231583 0.072593 -0.022809
v -0.221516 0.079699 -0.021817
v -0.234408 0.040000 -0.046627
v -0.245196 0.017036 -0.048773
v -0.244478 0.015268 -0.048630
v -0.240292 0.011000 -0.047797
v -0.245196 0.032516 -0.048773
v -0.243918 0.034711 -0.048518
v -0.225581 0.000000 -0.044871
v -0.236855 0.046384 -0.047113
v -0.236987 0.054741 -0.047140
v -0.234285 0.063875 -0.046602
v -0.228232 0.072593 -0.045398
v -0.208000 0.084000 -0.000000
v -0.206998 0.084000 -0.020388
v -0.198000 0.086000 -0.000000
v -0.197047 0.086000 -0.019407
v -0.218311 0.079699 -0.043425
v -0.204003 0.084000 -0.040579
v -0.194195 0.086000 -0.038628
v -0.199044 0.084000 -0.060379
v -0.189474 0.086000 -0.057476
v -0.234450 0.011000 -0.071120
v -0.238534 0.015268 -0.072359
v -0.239235 0.017036 -0.072571
v -0.239235 0.032516 -0.072571
v -0.237988 0.034711 -0.072193
v -0.220096 0.000000 -0.066765
v -0.228709 0.040000 -0.069378
v -0.220807 0.040000 -0.091461
v -0.231097 0.046384 -0.070102
v -0.231225 0.054741 -0.070141
v -0.228589 0.063875 -0.069342
v -0.222684 0.072593 -0.067550
v -0.223113 0.046384 -0.092416
v -0.223237 0.054741 -0.092468
v -0.220692 0.063875 -0.091414
v -0.230970 0.017036 -0.095671
v -0.230293 0.015268 -0.095391
v -0.226350 0.011000 -0.093757
v -0.230970 0.032516 -0.095671
v -0.229766 0.034711 -0.095172
v -0.219835 0.015268 -0.117504
v -0.220480 0.017036 -0.117849
v -0.220480 0.032516 -0.117849
v -0.219331 0.034711 -0.117235
v -0.212492 0.000000 -0.088017
v -0.213003 0.079699 -0.064614
v -0.214990 0.072593 -0.089052
v -0.205644 0.079699 -0.085181
v -0.192167 0.084000 -0.079598
v -0.216071 0.011000 -0.115492
v -0.210779 0.040000 -0.112664
v -0.202842 0.000000 -0.108421
v -0.212980 0.046384 -0.113840
v -0.213098 0.054741 -0.113903
v -0.210669 0.063875 -0.112605
v -0.205226 0.072593 -0.109696
v -0.196305 0.079699 -0.104927
v -0.174768 0.091000 -0.000000
v -0.173926 0.091000 -0.017130
v -0.171410 0.091000 -0.034096
v -0.167243 0.091000 -0.050732
v -0.160944 0.098640 -0.000000
v -0.160169 0.098640 -0.015775
v -0.157852 0.098640 -0.031399
v -0.153936 0.108680 -0.000000
v -0.153195 0.108680 -0.015088
v -0.151152 0.120880 -0.000000
v -0.150000 0.135000 -0.000000
v -0.150424 0.120880 -0.014815
v -0.149278 0.135000 -0.014703
v -0.150978 0.108680 -0.030031
v -0.148248 0.120880 -0.029488
v -0.147118 0.135000 -0.029264
v -0.154014 0.098640 -0.046720
v -0.147308 0.108680 -0.044685
v -0.144643 0.120880 -0.043877
v -0.143541 0.135000 -0.043543
v -0.148693 0.098640 -0.061591
v -0.142218 0.108680 -0.058909
v -0.139646 0.120880 -0.057843
v -0.138582 0.135000 -0.057403
v -0.182928 0.086000 -0.075771
v -0.174620 0.086000 -0.093337
v -0.161465 0.091000 -0.066881
v -0.183440 0.084000 -0.098051
v -0.185075 0.079699 -0.123663
v -0.172946 0.084000 -0.115559
v -0.164631 0.086000 -0.110003
v -0.154132 0.091000 -0.082385
v -0.145314 0.091000 -0.097096
v -0.135097 0.091000 -0.110872
v -0.141940 0.098640 -0.075868
v -0.135759 0.108680 -0.072565
v -0.133304 0.120880 -0.071253
v -0.132288 0.135000 -0.070710
v -0.133820 0.098640 -0.089416
v -0.127993 0.108680 -0.085522
v -0.125678 0.120880 -0.083976
v -0.147259 0.199782 -0.000000
v -0.146550 0.199782 -0.014434
v -0.144430 0.199782 -0.028729
v -0.143407 0.266593 -0.000000
v -0.142717 0.266593 -0.014056
v -0.140652 0.266593 -0.027977
v -0.140918 0.199782 -0.042747
v -0.136050 0.199782 -0.056354
v -0.137232 0.266593 -0.041629
v -0.132491 0.266593 -0.054880
v -0.139000 0.331625 -0.000000
v -0.138331 0.331625 -0.013624
v -0.136329 0.331625 -0.027118
v -0.133015 0.331625 -0.040350
v -0.128419 0.331625 -0.053193
v -0.129871 0.199782 -0.069418
v -0.126474 0.266593 -0.067602
v -0.203710 0.011000 -0.136115
v -0.207259 0.015268 -0.138486
v -0.207867 0.017036 -0.138893
v -0.207867 0.032516 -0.138893
v -0.206784 0.034711 -0.138169
v -0.191238 0.000000 -0.127781
v -0.198721 0.040000 -0.132781
v -0.189388 0.011000 -0.155426
v -0.198617 0.063875 -0.132712
v -0.200796 0.046384 -0.134168
v -0.200908 0.054741 -0.134242
v -0.193486 0.072593 -0.129283
v -0.192687 0.015268 -0.158134
v -0.193253 0.017036 -0.158598
v -0.193253 0.032516 -0.158598
v -0.192245 0.034711 -0.157772
v -0.177792 0.000000 -0.145910
v -0.184749 0.040000 -0.151620
v -0.186678 0.046384 -0.153203
v -0.186782 0.054741 -0.153288
v -0.184653 0.063875 -0.151541
v -0.179882 0.072593 -0.147626
v -0.172063 0.079699 -0.141208
v -0.160786 0.084000 -0.131954
v -0.173241 0.011000 -0.173241
v -0.176777 0.017036 -0.176777
v -0.176259 0.015268 -0.176259
v -0.176777 0.032516 -0.176777
v -0.175855 0.034711 -0.175855
v -0.162635 0.000000 -0.162635
v -0.168999 0.040000 -0.168999
v -0.170763 0.046384 -0.170763
v -0.170858 0.054741 -0.170858
v -0.168910 0.063875 -0.168910
v -0.164546 0.072593 -0.164546
v -0.157393 0.079699 -0.157393
v -0.153056 0.086000 -0.125610
v -0.147078 0.084000 -0.147078
v -0.140007 0.086000 -0.140007
v -0.125610 0.086000 -0.153056
v -0.145910 0.000000 -0.177792
v -0.151620 0.040000 -0.184749
v -0.153203 0.046384 -0.186678
v -0.153288 0.054741 -0.186782
v -0.151541 0.063875 -0.184653
v -0.141208 0.079699 -0.172063
v -0.147626 0.072593 -0.179882
v -0.131954 0.084000 -0.160786
v -0.158598 0.017036 -0.193253
v -0.158134 0.015268 -0.192687
v -0.158598 0.032516 -0.193253
v -0.157772 0.034711 -0.192245
v -0.155426 0.011000 -0.189388
v -0.127781 0.000000 -0.191238
v -0.132781 0.040000 -0.198721
v -0.136115 0.011000 -0.203710
v -0.138893 0.017036 -0.207867
v -0.138486 0.015268 -0.207259
v -0.138893 0.032516 -0.207867
v -0.138169 0.034711 -0.206784
v -0.134168 0.046384 -0.200796
v -0.134242 0.054741 -0.200908
v -0.132712 0.063875 -0.198617
v -0.129283 0.072593 -0.193486
v -0.123580 0.091000 -0.123580
v -0.124720 0.135000 -0.083336
v -0.118994 0.108680 -0.097656
v -0.124411 0.098640 -0.102102
v -0.116842 0.120880 -0.095890
v -0.115952 0.135000 -0.095159
v -0.113805 0.098640 -0.113805
v -0.108849 0.108680 -0.108849
v -0.106881 0.120880 -0.106881
v -0.106066 0.135000 -0.106066
v -0.102102 0.098640 -0.124411
v -0.097656 0.108680 -0.118994
v -0.095890 0.120880 -0.116842
v -0.095159 0.135000 -0.115952
v -0.083336 0.135000 -0.124720
v -0.122442 0.199782 -0.081813
v -0.113833 0.199782 -0.093420
v -0.119239 0.266593 -0.079673
v -0.110855 0.266593 -0.090977
v -0.104128 0.199782 -0.104128
v -0.101404 0.266593 -0.101404
v -0.093420 0.199782 -0.113833
v -0.081813 0.199782 -0.122442
v -0.090977 0.266593 -0.110855
v -0.079673 0.266593 -0.119239
v -0.122587 0.331625 -0.065524
v -0.115574 0.331625 -0.077224
v -0.107448 0.331625 -0.088181
v -0.098288 0.331625 -0.098288
v -0.088181 0.331625 -0.107448
v -0.077224 0.331625 -0.115574
v -0.065524 0.331625 -0.122587
v -0.110872 0.091000 -0.135097
v -0.097096 0.091000 -0.145314
v -0.110003 0.086000 -0.164631
v -0.123663 0.079699 -0.185075
v -0.115559 0.084000 -0.172946
v -0.098051 0.084000 -0.183440
v -0.082385 0.091000 -0.154132
v -0.093337 0.086000 -0.174620
v -0.066881 0.091000 -0.161465
v -0.075771 0.086000 -0.182928
v -0.089416 0.098640 -0.133820
v -0.085522 0.108680 -0.127993
v -0.083976 0.120880 -0.125678
v -0.072565 0.108680 -0.135759
v -0.070710 0.135000 -0.132288
v -0.071253 0.120880 -0.133304
v -0.075868 0.098640 -0.141940
v -0.115492 0.011000 -0.216071
v -0.112664 0.040000 -0.210779
v -0.108421 0.000000 -0.202842
v -0.112605 0.063875 -0.210669
v -0.113840 0.046384 -0.212980
v -0.113903 0.054741 -0.213098
v -0.109696 0.072593 -0.205226
v -0.104927 0.079699 -0.196305
v -0.117504 0.015268 -0.219835
v -0.117849 0.017036 -0.220480
v -0.117849 0.032516 -0.220480
v -0.117235 0.034711 -0.219331
v -0.093757 0.011000 -0.226350
v -0.095391 0.015268 -0.230293
v -0.095671 0.017036 -0.230970
v -0.095671 0.032516 -0.230970
v -0.095172 0.034711 -0.229766
v -0.088017 0.000000 -0.212492
v -0.079598 0.084000 -0.192167
v -0.089052 0.072593 -0.214990
v -0.085181 0.079699 -0.205644
v -0.064614 0.079699 -0.213003
v -0.091461 0.040000 -0.220807
v -0.066765 0.000000 -0.220096
v -0.069378 0.040000 -0.228709
v -0.071120 0.011000 -0.234450
v -0.072359 0.015268 -0.238534
v -0.072571 0.017036 -0.239235
v -0.072571 0.032516 -0.239235
v -0.072193 0.034711 -0.237988
v -0.092416 0.046384 -0.223113
v -0.092468 0.054741 -0.223237
v -0.091414 0.063875 -0.220692
v -0.070102 0.046384 -0.231097
v -0.070141 0.054741 -0.231225
v -0.069342 0.063875 -0.228589
v -0.067550 0.072593 -0.222684
v -0.050732 0.091000 -0.167243
v -0.034096 0.091000 -0.171410
v -0.017130 0.091000 -0.173926
v -0.057843 0.120880 -0.139646
v -0.057403 0.135000 -0.138582
v -0.058909 0.108680 -0.142218
v -0.061591 0.098640 -0.148693
v -0.044685 0.108680 -0.147308
v -0.046720 0.098640 -0.154014
v -0.043877 0.120880 -0.144643
v -0.043543 0.135000 -0.143541
v -0.031399 0.098640 -0.157852
v -0.030031 0.108680 -0.150978
v -0.029488 0.120880 -0.148248
v -0.029264 0.135000 -0.147118
v -0.015088 0.108680 -0.153195
v -0.014815 0.120880 -0.150424
v -0.014703 0.135000 -0.149278
v -0.015775 0.098640 -0.160169
v -0.057476 0.086000 -0.189474
v -0.060379 0.084000 -0.199044
v -0.038628 0.086000 -0.194195
v -0.040579 0.084000 -0.204003
v -0.043425 0.079699 -0.218311
v -0.047797 0.011000 -0.240292
v -0.048630 0.015268 -0.244478
v -0.048773 0.017036 -0.245196
v -0.048773 0.032516 -0.245196
v -0.048518 0.034711 -0.243918
v -0.044871 0.000000 -0.225581
v -0.046627 0.040000 -0.234408
v -0.047113 0.046384 -0.236855
v -0.047140 0.054741 -0.236987
v -0.046602 0.063875 -0.234285
v -0.045398 0.072593 -0.228232
v -0.019407 0.086000 -0.197047
v -0.020388 0.084000 -0.206998
v -0.022544 0.000000 -0.228892
v -0.024014 0.011000 -0.243820
v -0.024433 0.015268 -0.248067
v -0.024504 0.017036 -0.248796
v -0.024504 0.032516 -0.248796
v -0.024377 0.034711 -0.247500
v -0.023426 0.040000 -0.237849
v -0.021817 0.079699 -0.221516
v -0.022809 0.072593 -0.231583
v -0.023671 0.046384 -0.240332
v -0.023684 0.054741 -0.240466
v -0.023414 0.063875 -0.237725
v -0.069418 0.199782 -0.129871
v -0.067602 0.266593 -0.126474
v -0.056354 0.199782 -0.136050
v -0.042747 0.199782 -0.140918
v -0.054880 0.266593 -0.132491
v -0.041629 0.266593 -0.137232
v -0.028729 0.199782 -0.144430
v -0.014434 0.199782 -0.146550
v -0.027977 0.266593 -0.140652
v -0.014056 0.266593 -0.142717
v -0.053193 0.331625 -0.128419
v -0.040350 0.331625 -0.133015
v -0.027118 0.331625 -0.136329
v -0.013624 0.331625 -0.138331
v -0.134593 0.391074 -0.000000
v -0.133944 0.391074 -0.013192
v -0.132006 0.391074 -0.026258
v -0.130741 0.441134 -0.000000
v -0.130111 0.441134 -0.012815
v -0.128229 0.441134 -0.025506
v -0.128797 0.391074 -0.039070
v -0.125111 0.441134 -0.037952
v -0.152000 0.482219 -0.000000
v -0.150661 0.480331 -0.000000
v -0.151268 0.482219 -0.014899
v -0.149935 0.480331 -0.014767
v -0.144000 0.478000 -0.000000
v -0.143307 0.478000 -0.014114
v -0.152000 0.507781 -0.000000
v -0.151268 0.507781 -0.014899
v -0.149079 0.482219 -0.029654
v -0.147766 0.480331 -0.029392
v -0.141233 0.478000 -0.028093
v -0.149079 0.507781 -0.029654
v -0.131231 0.478000 -0.000000
v -0.129833 0.477799 -0.000000
v -0.128240 0.474778 -0.000000
v -0.128337 0.476187 -0.000000
v -0.128868 0.477194 -0.000000
v -0.130599 0.478000 -0.012863
v -0.129207 0.477799 -0.012726
v -0.127622 0.474778 -0.012570
v -0.127719 0.476187 -0.012579
v -0.128247 0.477194 -0.012631
v -0.127338 0.477799 -0.025329
v -0.128710 0.478000 -0.025602
v -0.125775 0.474778 -0.025018
v -0.125871 0.476187 -0.025037
v -0.126392 0.477194 -0.025141
v -0.150661 0.509669 -0.000000
v -0.149935 0.509669 -0.014767
v -0.144000 0.512000 -0.000000
v -0.143307 0.512000 -0.014114
v -0.154000 0.551680 -0.000000
v -0.153258 0.551680 -0.015095
v -0.146625 0.541953 -0.000000
v -0.145919 0.541953 -0.014372
v -0.147766 0.509669 -0.029392
v -0.141233 0.512000 -0.028093
v -0.151041 0.551680 -0.030044
v -0.143808 0.541953 -0.028605
v -0.136522 0.512897 -0.000000
v -0.134625 0.513408 -0.000000
v -0.133454 0.514396 -0.000000
v -0.133010 0.515862 -0.000000
v -0.133294 0.517807 -0.000000
v -0.134875 0.523144 -0.000000
v -0.135865 0.512897 -0.013382
v -0.133976 0.513408 -0.013196
v -0.134226 0.523144 -0.013220
v -0.132811 0.514396 -0.013081
v -0.132370 0.515862 -0.013037
v -0.132652 0.517807 -0.013065
v -0.140000 0.532545 -0.000000
v -0.139326 0.532545 -0.013722
v -0.133899 0.512897 -0.026634
v -0.132038 0.513408 -0.026264
v -0.130890 0.514396 -0.026036
v -0.130455 0.515862 -0.025949
v -0.130733 0.517807 -0.026004
v -0.132283 0.523144 -0.026313
v -0.137310 0.532545 -0.027313
v -0.145455 0.482219 -0.044123
v -0.144173 0.480331 -0.043734
v -0.145455 0.507781 -0.044123
v -0.137799 0.478000 -0.041801
v -0.125581 0.478000 -0.038094
v -0.140430 0.482219 -0.058168
v -0.139192 0.480331 -0.057655
v -0.133039 0.478000 -0.055106
v -0.140430 0.507781 -0.058168
v -0.144173 0.509669 -0.043734
v -0.147369 0.551680 -0.044704
v -0.142277 0.551680 -0.058933
v -0.137799 0.512000 -0.041801
v -0.127707 0.514396 -0.038740
v -0.127283 0.515862 -0.038611
v -0.127554 0.517807 -0.038693
v -0.130644 0.512897 -0.039630
v -0.128828 0.513408 -0.039079
v -0.129067 0.523144 -0.039152
v -0.140311 0.541953 -0.042563
v -0.133972 0.532545 -0.040640
v -0.139192 0.509669 -0.057655
v -0.133039 0.512000 -0.055106
v -0.126130 0.512897 -0.052245
v -0.135464 0.541953 -0.056111
v -0.129343 0.532545 -0.053576
v -0.134052 0.482219 -0.071652
v -0.132871 0.480331 -0.071021
v -0.126997 0.478000 -0.067881
v -0.134052 0.507781 -0.071652
v -0.125270 0.480331 -0.083703
v -0.126383 0.482219 -0.084447
v -0.126383 0.507781 -0.084447
v -0.132871 0.509669 -0.071021
v -0.126997 0.512000 -0.067881
v -0.135816 0.551680 -0.072595
v -0.129312 0.541953 -0.069119
v -0.125270 0.509669 -0.083703
v -0.128046 0.551680 -0.085558
v -0.173125 0.585886 -0.000000
v -0.176000 0.600000 -0.000000
v -0.172291 0.585886 -0.016969
v -0.175153 0.600000 -0.017251
v -0.168000 0.573335 -0.000000
v -0.161375 0.562037 -0.000000
v -0.167191 0.573335 -0.016467
v -0.160598 0.562037 -0.015818
v -0.172618 0.600000 -0.034336
v -0.164772 0.573335 -0.032775
v -0.158274 0.562037 -0.031483
v -0.169798 0.585886 -0.033775
v -0.160766 0.573335 -0.048768
v -0.165670 0.585886 -0.050256
v -0.168421 0.600000 -0.051090
v -0.154426 0.562037 -0.046845
v -0.149091 0.562037 -0.061756
v -0.174450 0.676000 -0.021984
v -0.176000 0.736000 -0.000000
v -0.175556 0.738222 -0.000000
v -0.174222 0.739556 -0.000000
v -0.172000 0.740000 -0.000000
v -0.175153 0.736000 -0.017251
v -0.174710 0.738222 -0.017207
v -0.173383 0.739556 -0.017077
v -0.174450 0.736000 -0.021984
v -0.174022 0.738222 -0.021845
v -0.172738 0.739556 -0.021428
v -0.171172 0.740000 -0.016859
v -0.170597 0.740000 -0.020732
v -0.172618 0.676000 -0.034336
v -0.168421 0.676000 -0.051090
v -0.129333 0.668667 -0.000000
v -0.126000 0.668000 -0.000000
v -0.128711 0.668667 -0.012677
v -0.125393 0.668000 -0.012350
v -0.131333 0.670667 -0.000000
v -0.132000 0.674000 -0.000000
v -0.131604 0.676000 -0.008062
v -0.131364 0.674000 -0.012938
v -0.131364 0.676000 -0.012938
v -0.130701 0.670667 -0.012873
v -0.126848 0.668667 -0.025232
v -0.129464 0.674000 -0.025752
v -0.129464 0.676000 -0.025752
v -0.128810 0.670667 -0.025622
v -0.153242 0.740000 -0.015093
v -0.135000 0.740000 -0.000000
v -0.133333 0.739667 -0.000000
v -0.134557 0.740000 -0.009022
v -0.132916 0.739667 -0.008489
v -0.132000 0.737000 -0.000000
v -0.132333 0.738667 -0.000000
v -0.131604 0.737000 -0.008062
v -0.131932 0.738667 -0.008169
v -0.125678 0.670667 -0.038124
v -0.126316 0.674000 -0.038318
v -0.126316 0.676000 -0.038318
v -0.159947 0.585886 -0.066252
v -0.162603 0.600000 -0.067352
v -0.155212 0.573335 -0.064291
v -0.142320 0.562037 -0.076072
v -0.148163 0.573335 -0.079195
v -0.152683 0.585886 -0.081611
v -0.155218 0.600000 -0.082966
v -0.134178 0.562037 -0.089655
v -0.139687 0.573335 -0.093336
v -0.143948 0.585886 -0.096183
v -0.146339 0.600000 -0.097780
v -0.129866 0.573335 -0.106578
v -0.133827 0.585886 -0.109829
v -0.136050 0.600000 -0.111653
v -0.162603 0.676000 -0.067352
v -0.155218 0.676000 -0.082966
v -0.154132 0.676000 -0.084779
v -0.154132 0.736000 -0.084779
v -0.153698 0.738222 -0.084638
v -0.152399 0.739556 -0.084216
v -0.150233 0.740000 -0.083512
v -0.145969 0.738222 -0.097533
v -0.144860 0.739556 -0.096793
v -0.146339 0.736000 -0.097780
v -0.143013 0.740000 -0.095558
v -0.132958 0.740000 -0.109116
v -0.136050 0.736000 -0.111653
v -0.135706 0.738222 -0.111371
v -0.134676 0.739556 -0.110525
v -0.124347 0.391074 -0.051506
v -0.120789 0.441134 -0.050032
v -0.115303 0.441134 -0.061631
v -0.124242 0.477799 -0.037688
v -0.123319 0.477194 -0.037408
v -0.122718 0.474778 -0.037226
v -0.122811 0.476187 -0.037254
v -0.121242 0.478000 -0.050220
v -0.119950 0.477799 -0.049685
v -0.118478 0.474778 -0.049075
v -0.118568 0.476187 -0.049112
v -0.119058 0.477194 -0.049316
v -0.115736 0.478000 -0.061862
v -0.114502 0.477799 -0.061203
v -0.113651 0.477194 -0.060748
v -0.113097 0.474778 -0.060452
v -0.113183 0.476187 -0.060498
v -0.124377 0.513408 -0.051519
v -0.123295 0.514396 -0.051071
v -0.123147 0.517807 -0.051009
v -0.122886 0.515862 -0.050901
v -0.124608 0.523144 -0.051614
v -0.118700 0.391074 -0.063447
v -0.111910 0.391074 -0.074776
v -0.104041 0.391074 -0.085385
v -0.108707 0.441134 -0.072636
v -0.101064 0.441134 -0.082941
v -0.095171 0.391074 -0.095171
v -0.092448 0.441134 -0.092448
v -0.085385 0.391074 -0.104041
v -0.074776 0.391074 -0.111910
v -0.063447 0.391074 -0.118700
v -0.082941 0.441134 -0.101064
v -0.072636 0.441134 -0.108707
v -0.119732 0.478000 -0.080002
v -0.111313 0.478000 -0.091353
v -0.107952 0.477799 -0.072131
v -0.109115 0.478000 -0.072908
v -0.106627 0.474778 -0.071246
v -0.106708 0.476187 -0.071300
v -0.107150 0.477194 -0.071595
v -0.099616 0.477194 -0.081753
v -0.099131 0.474778 -0.081354
v -0.099206 0.476187 -0.081416
v -0.101443 0.478000 -0.083252
v -0.100362 0.477799 -0.082365
v -0.120402 0.512897 -0.064356
v -0.118728 0.513408 -0.063462
v -0.117696 0.514396 -0.062910
v -0.117305 0.515862 -0.062701
v -0.117555 0.517807 -0.062834
v -0.118949 0.523144 -0.063580
v -0.113514 0.512897 -0.075848
v -0.110963 0.514396 -0.074143
v -0.110594 0.515862 -0.073897
v -0.110830 0.517807 -0.074054
v -0.111936 0.513408 -0.074793
v -0.112144 0.523144 -0.074933
v -0.123469 0.532545 -0.065996
v -0.116406 0.532545 -0.077780
v -0.119732 0.512000 -0.080002
v -0.111313 0.512000 -0.091353
v -0.121914 0.541953 -0.081460
v -0.113343 0.541953 -0.093018
v -0.104066 0.513408 -0.085405
v -0.103161 0.514396 -0.084662
v -0.102818 0.515862 -0.084381
v -0.103037 0.517807 -0.084561
v -0.104260 0.523144 -0.085564
v -0.105533 0.512897 -0.086609
v -0.108221 0.532545 -0.088815
v -0.117498 0.482219 -0.096428
v -0.116462 0.480331 -0.095578
v -0.117498 0.507781 -0.096428
v -0.107480 0.482219 -0.107480
v -0.106533 0.480331 -0.106533
v -0.101823 0.478000 -0.101823
v -0.107480 0.507781 -0.107480
v -0.095578 0.480331 -0.116462
v -0.096428 0.482219 -0.117498
v -0.096428 0.507781 -0.117498
v -0.116462 0.509669 -0.095578
v -0.119044 0.551680 -0.097697
v -0.106533 0.509669 -0.106533
v -0.101823 0.512000 -0.101823
v -0.096536 0.512897 -0.096536
v -0.095194 0.513408 -0.095194
v -0.094366 0.514396 -0.094366
v -0.094053 0.515862 -0.094053
v -0.094253 0.517807 -0.094253
v -0.095371 0.523144 -0.095371
v -0.103680 0.541953 -0.103680
v -0.108894 0.551680 -0.108894
v -0.098995 0.532545 -0.098995
v -0.095578 0.509669 -0.116462
v -0.097697 0.551680 -0.119044
v -0.092795 0.478000 -0.092795
v -0.091806 0.477799 -0.091806
v -0.090679 0.474778 -0.090679
v -0.090748 0.476187 -0.090748
v -0.091123 0.477194 -0.091123
v -0.083252 0.478000 -0.101443
v -0.082365 0.477799 -0.100362
v -0.081354 0.474778 -0.099131
v -0.081416 0.476187 -0.099206
v -0.081753 0.477194 -0.099616
v -0.091353 0.478000 -0.111313
v -0.080002 0.478000 -0.119732
v -0.072908 0.478000 -0.109115
v -0.071300 0.476187 -0.106708
v -0.071246 0.474778 -0.106627
v -0.071595 0.477194 -0.107150
v -0.072131 0.477799 -0.107952
v -0.086609 0.512897 -0.105533
v -0.084662 0.514396 -0.103161
v -0.085405 0.513408 -0.104066
v -0.084381 0.515862 -0.102818
v -0.084561 0.517807 -0.103037
v -0.085564 0.523144 -0.104260
v -0.088815 0.532545 -0.108221
v -0.091353 0.512000 -0.111313
v -0.080002 0.512000 -0.119732
v -0.093018 0.541953 -0.113343
v -0.081460 0.541953 -0.121914
v -0.074793 0.513408 -0.111936
v -0.075848 0.512897 -0.113514
v -0.074143 0.514396 -0.110963
v -0.073897 0.515862 -0.110594
v -0.074054 0.517807 -0.110830
v -0.074933 0.523144 -0.112144
v -0.062910 0.514396 -0.117696
v -0.063462 0.513408 -0.118728
v -0.064356 0.512897 -0.120402
v -0.062701 0.515862 -0.117305
v -0.062834 0.517807 -0.117555
v -0.063580 0.523144 -0.118949
v -0.077780 0.532545 -0.116406
v -0.065996 0.532545 -0.123469
v -0.051506 0.391074 -0.124347
v -0.061631 0.441134 -0.115303
v -0.050032 0.441134 -0.120789
v -0.060452 0.474778 -0.113097
v -0.060498 0.476187 -0.113183
v -0.060748 0.477194 -0.113651
v -0.061203 0.477799 -0.114502
v -0.061862 0.478000 -0.115736
v -0.049075 0.474778 -0.118478
v -0.049112 0.476187 -0.118568
v -0.049316 0.477194 -0.119058
v -0.049685 0.477799 -0.119950
v -0.050220 0.478000 -0.121242
v -0.037226 0.474778 -0.122718
v -0.037254 0.476187 -0.122811
v -0.037408 0.477194 -0.123319
v -0.037688 0.477799 -0.124242
v -0.051071 0.514396 -0.123295
v -0.051519 0.513408 -0.124377
v -0.050901 0.515862 -0.122886
v -0.051009 0.517807 -0.123147
v -0.051614 0.523144 -0.124608
v -0.123579 0.668000 -0.024581
v -0.123764 0.668667 -0.037543
v -0.120574 0.668000 -0.036576
v -0.119488 0.668667 -0.049494
v -0.116409 0.668000 -0.048218
v -0.114062 0.668667 -0.060967
v -0.111122 0.668000 -0.059396
v -0.121336 0.670667 -0.050259
v -0.121952 0.674000 -0.050514
v -0.121952 0.676000 -0.050514
v -0.115826 0.670667 -0.061910
v -0.116414 0.674000 -0.062224
v -0.116414 0.676000 -0.062224
v -0.124745 0.562037 -0.102375
v -0.118794 0.573335 -0.118794
v -0.114109 0.562037 -0.114109
v -0.122418 0.585886 -0.122418
v -0.124451 0.600000 -0.124451
v -0.102375 0.562037 -0.124745
v -0.111247 0.676000 -0.070845
v -0.109754 0.674000 -0.073335
v -0.104765 0.668000 -0.070002
v -0.107537 0.668667 -0.071854
v -0.109200 0.670667 -0.072965
v -0.099976 0.668667 -0.082048
v -0.097399 0.668000 -0.079934
v -0.102037 0.674000 -0.083740
v -0.101522 0.670667 -0.083317
v -0.114171 0.740000 -0.071795
v -0.112546 0.739667 -0.071267
v -0.111572 0.738667 -0.070950
v -0.111247 0.737000 -0.070845
v -0.109754 0.737000 -0.073335
v -0.110863 0.739667 -0.074076
v -0.110031 0.738667 -0.073520
v -0.112248 0.740000 -0.075002
v -0.104356 0.740000 -0.085643
v -0.102037 0.737000 -0.083740
v -0.102295 0.738667 -0.083951
v -0.103068 0.739667 -0.084586
v -0.124451 0.736000 -0.124451
v -0.124137 0.738222 -0.124137
v -0.123194 0.739556 -0.123194
v -0.121622 0.740000 -0.121622
v -0.095459 0.740000 -0.095459
v -0.094281 0.739667 -0.094281
v -0.091452 0.668667 -0.091452
v -0.089095 0.668000 -0.089095
v -0.092867 0.670667 -0.092867
v -0.093338 0.674000 -0.093338
v -0.093338 0.737000 -0.093338
v -0.093574 0.738667 -0.093574
v -0.082048 0.668667 -0.099976
v -0.079934 0.668000 -0.097399
v -0.083317 0.670667 -0.101522
v -0.083740 0.674000 -0.102037
v -0.071854 0.668667 -0.107537
v -0.070002 0.668000 -0.104765
v -0.072965 0.670667 -0.109200
v -0.073335 0.674000 -0.109754
v -0.084586 0.739667 -0.103068
v -0.085643 0.740000 -0.104356
v -0.083740 0.737000 -0.102037
v -0.083951 0.738667 -0.102295
v -0.075002 0.740000 -0.112248
v -0.073335 0.737000 -0.109754
v -0.073520 0.738667 -0.110031
v -0.074076 0.739667 -0.110863
v -0.063639 0.740000 -0.119059
v -0.062853 0.739667 -0.117590
v -0.059396 0.668000 -0.111122
v -0.060967 0.668667 -0.114062
v -0.048218 0.668000 -0.116409
v -0.049494 0.668667 -0.119488
v -0.061910 0.670667 -0.115826
v -0.062224 0.674000 -0.116414
v -0.050259 0.670667 -0.121336
v -0.050514 0.674000 -0.121952
v -0.036576 0.668000 -0.120574
v -0.037543 0.668667 -0.123764
v -0.062224 0.737000 -0.116414
v -0.062382 0.738667 -0.116708
v -0.051024 0.739667 -0.123184
v -0.051662 0.740000 -0.124724
v -0.050514 0.737000 -0.121952
v -0.050642 0.738667 -0.122260
v -0.024581 0.668000 -0.123579
v -0.084447 0.482219 -0.126383
v -0.083703 0.480331 -0.125270
v -0.084447 0.507781 -0.126383
v -0.071652 0.482219 -0.134052
v -0.071021 0.480331 -0.132871
v -0.067881 0.478000 -0.126997
v -0.071652 0.507781 -0.134052
v -0.083703 0.509669 -0.125270
v -0.085558 0.551680 -0.128046
v -0.071021 0.509669 -0.132871
v -0.067881 0.512000 -0.126997
v -0.072595 0.551680 -0.135816
v -0.069119 0.541953 -0.129312
v -0.039070 0.391074 -0.128797
v -0.037952 0.441134 -0.125111
v -0.026258 0.391074 -0.132006
v -0.013192 0.391074 -0.133944
v -0.025506 0.441134 -0.128229
v -0.012815 0.441134 -0.130111
v -0.055106 0.478000 -0.133039
v -0.057655 0.480331 -0.139192
v -0.058168 0.482219 -0.140430
v -0.058168 0.507781 -0.140430
v -0.041801 0.478000 -0.137799
v -0.038094 0.478000 -0.125581
v -0.043734 0.480331 -0.144173
v -0.044123 0.482219 -0.145455
v -0.044123 0.507781 -0.145455
v -0.055106 0.512000 -0.133039
v -0.057655 0.509669 -0.139192
v -0.052245 0.512897 -0.126130
v -0.056111 0.541953 -0.135464
v -0.053576 0.532545 -0.129343
v -0.058933 0.551680 -0.142277
v -0.039079 0.513408 -0.128828
v -0.039630 0.512897 -0.130644
v -0.039152 0.523144 -0.129067
v -0.041801 0.512000 -0.137799
v -0.038740 0.514396 -0.127707
v -0.038611 0.515862 -0.127283
v -0.038693 0.517807 -0.127554
v -0.040640 0.532545 -0.133972
v -0.042563 0.541953 -0.140311
v -0.043734 0.509669 -0.144173
v -0.044704 0.551680 -0.147369
v -0.025602 0.478000 -0.128710
v -0.025018 0.474778 -0.125775
v -0.025037 0.476187 -0.125871
v -0.025141 0.477194 -0.126392
v -0.025329 0.477799 -0.127338
v -0.028093 0.478000 -0.141233
v -0.029392 0.480331 -0.147766
v -0.029654 0.482219 -0.149079
v -0.029654 0.507781 -0.149079
v -0.012570 0.474778 -0.127622
v -0.012579 0.476187 -0.127719
v -0.012631 0.477194 -0.128247
v -0.012726 0.477799 -0.129207
v -0.012863 0.478000 -0.130599
v -0.014114 0.478000 -0.143307
v -0.014767 0.480331 -0.149935
v -0.014899 0.482219 -0.151268
v -0.014899 0.507781 -0.151268
v -0.026036 0.514396 -0.130890
v -0.026264 0.513408 -0.132038
v -0.025949 0.515862 -0.130455
v -0.026004 0.517807 -0.130733
v -0.026313 0.523144 -0.132283
v -0.026634 0.512897 -0.133899
v -0.027313 0.532545 -0.137310
v -0.028093 0.512000 -0.141233
v -0.029392 0.509669 -0.147766
v -0.028605 0.541953 -0.143808
v -0.030044 0.551680 -0.151041
v -0.013081 0.514396 -0.132811
v -0.013037 0.515862 -0.132370
v -0.013065 0.517807 -0.132652
v -0.013196 0.513408 -0.133976
v -0.013382 0.512897 -0.135865
v -0.013220 0.523144 -0.134226
v -0.013722 0.532545 -0.139326
v -0.014114 0.512000 -0.143307
v -0.014767 0.509669 -0.149935
v -0.014372 0.541953 -0.145919
v -0.015095 0.551680 -0.153258
v -0.109829 0.585886 -0.133827
v -0.111653 0.600000 -0.136050
v -0.106578 0.573335 -0.129866
v -0.096183 0.585886 -0.143948
v -0.097780 0.600000 -0.146339
v -0.089655 0.562037 -0.134178
v -0.093336 0.573335 -0.139687
v -0.079195 0.573335 -0.148163
v -0.081611 0.585886 -0.152683
v -0.082966 0.600000 -0.155218
v -0.076072 0.562037 -0.142320
v -0.064291 0.573335 -0.155212
v -0.066252 0.585886 -0.159947
v -0.067352 0.600000 -0.162603
v -0.111653 0.736000 -0.136050
v -0.111371 0.738222 -0.135706
v -0.110525 0.739556 -0.134676
v -0.109116 0.740000 -0.132958
v -0.097780 0.736000 -0.146339
v -0.095558 0.740000 -0.143013
v -0.096793 0.739556 -0.144860
v -0.097533 0.738222 -0.145969
v -0.082128 0.739556 -0.153650
v -0.082966 0.736000 -0.155218
v -0.082756 0.738222 -0.154826
v -0.081080 0.740000 -0.151690
v -0.066672 0.739556 -0.160960
v -0.067352 0.736000 -0.162603
v -0.067182 0.738222 -0.162192
v -0.065822 0.740000 -0.158907
v -0.061756 0.562037 -0.149091
v -0.046845 0.562037 -0.154426
v -0.048768 0.573335 -0.160766
v -0.050256 0.585886 -0.165670
v -0.051090 0.600000 -0.168421
v -0.031483 0.562037 -0.158274
v -0.032775 0.573335 -0.164772
v -0.033775 0.585886 -0.169798
v -0.034336 0.600000 -0.172618
v -0.015818 0.562037 -0.160598
v -0.016467 0.573335 -0.167191
v -0.016969 0.585886 -0.172291
v -0.017251 0.600000 -0.175153
v -0.038124 0.670667 -0.125678
v -0.038318 0.674000 -0.126316
v -0.033000 0.676000 -0.127648
v -0.039188 0.740000 -0.129187
v -0.038318 0.737000 -0.126316
v -0.038414 0.738667 -0.126635
v -0.038705 0.739667 -0.127592
v -0.033000 0.737000 -0.127648
v -0.033000 0.738667 -0.127991
v -0.033000 0.739667 -0.129021
v -0.033000 0.740000 -0.130737
v -0.033000 0.676000 -0.172816
v -0.051090 0.736000 -0.168421
v -0.050961 0.738222 -0.167996
v -0.049929 0.740000 -0.164594
v -0.050574 0.739556 -0.166720
v -0.033000 0.740000 -0.165902
v -0.033556 0.740000 -0.168695
v -0.033989 0.739556 -0.170875
v -0.033000 0.740000 -0.168777
v -0.033000 0.739556 -0.171021
v -0.034336 0.736000 -0.172618
v -0.034249 0.738222 -0.172182
v -0.033000 0.736000 -0.172816
v -0.033000 0.738222 -0.172368
v -0.025232 0.668667 -0.126848
v -0.025622 0.670667 -0.128810
v -0.025752 0.674000 -0.129464
v -0.025752 0.676000 -0.129464
v -0.012350 0.668000 -0.125393
v -0.012677 0.668667 -0.128711
v -0.012873 0.670667 -0.130701
v -0.012938 0.674000 -0.131364
v -0.012938 0.676000 -0.131364
v -0.017251 0.676000 -0.175153
v 0.024014 0.011000 0.243820
v 0.024433 0.015268 0.248067
v 0.024504 0.017036 0.248796
v 0.023426 0.040000 0.237849
v 0.024504 0.032516 0.248796
v 0.024377 0.034711 0.247500
v 0.022544 0.000000 0.228892
v 0.023414 0.063875 0.237725
v 0.023671 0.046384 0.240332
v 0.023684 0.054741 0.240466
v 0.022809 0.072593 0.231583
v 0.021817 0.079699 0.221516
v 0.020388 0.084000 0.206998
v 0.019407 0.086000 0.197047
v 0.046627 0.040000 0.234408
v 0.044871 0.000000 0.225581
v 0.048773 0.017036 0.245196
v 0.048630 0.015268 0.244478
v 0.047797 0.011000 0.240292
v 0.048773 0.032516 0.245196
v 0.048518 0.034711 0.243918
v 0.046602 0.063875 0.234285
v 0.045398 0.072593 0.228232
v 0.047113 0.046384 0.236855
v 0.047140 0.054741 0.236987
v 0.043425 0.079699 0.218311
v 0.040579 0.084000 0.204003
v 0.038628 0.086000 0.194195
v 0.060379 0.084000 0.199044
v 0.057476 0.086000 0.189474
v 0.017130 0.091000 0.173926
v 0.034096 0.091000 0.171410
v 0.050732 0.091000 0.167243
v 0.015775 0.098640 0.160169
v 0.015088 0.108680 0.153195
v 0.014815 0.120880 0.150424
v 0.014703 0.135000 0.149278
v 0.030031 0.108680 0.150978
v 0.029488 0.120880 0.148248
v 0.029264 0.135000 0.147118
v 0.031399 0.098640 0.157852
v 0.046720 0.098640 0.154014
v 0.044685 0.108680 0.147308
v 0.043877 0.120880 0.144643
v 0.043543 0.135000 0.143541
v 0.061591 0.098640 0.148693
v 0.058909 0.108680 0.142218
v 0.057843 0.120880 0.139646
v 0.057403 0.135000 0.138582
v 0.071120 0.011000 0.234450
v 0.072359 0.015268 0.238534
v 0.072571 0.017036 0.239235
v 0.072571 0.032516 0.239235
v 0.072193 0.034711 0.237988
v 0.066765 0.000000 0.220096
v 0.069378 0.040000 0.228709
v 0.091461 0.040000 0.220807
v 0.070102 0.046384 0.231097
v 0.070141 0.054741 0.231225
v 0.069342 0.063875 0.228589
v 0.067550 0.072593 0.222684
v 0.092416 0.046384 0.223113
v 0.092468 0.054741 0.223237
v 0.091414 0.063875 0.220692
v 0.088017 0.000000 0.212492
v 0.064614 0.079699 0.213003
v 0.085181 0.079699 0.205644
v 0.089052 0.072593 0.214990
v 0.079598 0.084000 0.192167
v 0.095671 0.017036 0.230970
v 0.095391 0.015268 0.230293
v 0.093757 0.011000 0.226350
v 0.095671 0.032516 0.230970
v 0.095172 0.034711 0.229766
v 0.117504 0.015268 0.219835
v 0.117849 0.017036 0.220480
v 0.117849 0.032516 0.220480
v 0.117235 0.034711 0.219331
v 0.108421 0.000000 0.202842
v 0.115492 0.011000 0.216071
v 0.112664 0.040000 0.210779
v 0.104927 0.079699 0.196305
v 0.113840 0.046384 0.212980
v 0.113903 0.054741 0.213098
v 0.112605 0.063875 0.210669
v 0.109696 0.072593 0.205226
v 0.075771 0.086000 0.182928
v 0.066881 0.091000 0.161465
v 0.093337 0.086000 0.174620
v 0.082385 0.091000 0.154132
v 0.098051 0.084000 0.183440
v 0.115559 0.084000 0.172946
v 0.123663 0.079699 0.185075
v 0.110003 0.086000 0.164631
v 0.097096 0.091000 0.145314
v 0.110872 0.091000 0.135097
v 0.075868 0.098640 0.141940
v 0.072565 0.108680 0.135759
v 0.071253 0.120880 0.133304
v 0.070710 0.135000 0.132288
v 0.085522 0.108680 0.127993
v 0.089416 0.098640 0.133820
v 0.083976 0.120880 0.125678
v 0.014434 0.199782 0.146550
v 0.028729 0.199782 0.144430
v 0.014056 0.266593 0.142717
v 0.027977 0.266593 0.140652
v 0.042747 0.199782 0.140918
v 0.056354 0.199782 0.136050
v 0.041629 0.266593 0.137232
v 0.054880 0.266593 0.132491
v 0.013624 0.331625 0.138331
v 0.027118 0.331625 0.136329
v 0.040350 0.331625 0.133015
v 0.053193 0.331625 0.128419
v 0.069418 0.199782 0.129871
v 0.067602 0.266593 0.126474
v 0.123580 0.091000 0.123580
v 0.083336 0.135000 0.124720
v 0.097656 0.108680 0.118994
v 0.102102 0.098640 0.124411
v 0.095890 0.120880 0.116842
v 0.095159 0.135000 0.115952
v 0.108849 0.108680 0.108849
v 0.106881 0.120880 0.106881
v 0.106066 0.135000 0.106066
v 0.113805 0.098640 0.113805
v 0.124411 0.098640 0.102102
v 0.118994 0.108680 0.097656
v 0.116842 0.120880 0.095890
v 0.115952 0.135000 0.095159
v 0.124720 0.135000 0.083336
v 0.081813 0.199782 0.122442
v 0.093420 0.199782 0.113833
v 0.079673 0.266593 0.119239
v 0.090977 0.266593 0.110855
v 0.104128 0.199782 0.104128
v 0.101404 0.266593 0.101404
v 0.113833 0.199782 0.093420
v 0.122442 0.199782 0.081813
v 0.110855 0.266593 0.090977
v 0.119239 0.266593 0.079673
v 0.065524 0.331625 0.122587
v 0.077224 0.331625 0.115574
v 0.088181 0.331625 0.107448
v 0.098288 0.331625 0.098288
v 0.107448 0.331625 0.088181
v 0.115574 0.331625 0.077224
v 0.122587 0.331625 0.065524
v 0.136115 0.011000 0.203710
v 0.138486 0.015268 0.207259
v 0.138893 0.017036 0.207867
v 0.138893 0.032516 0.207867
v 0.138169 0.034711 0.206784
v 0.127781 0.000000 0.191238
v 0.132781 0.040000 0.198721
v 0.155426 0.011000 0.189388
v 0.132712 0.063875 0.198617
v 0.134168 0.046384 0.200796
v 0.134242 0.054741 0.200908
v 0.129283 0.072593 0.193486
v 0.158134 0.015268 0.192687
v 0.158598 0.017036 0.193253
v 0.158598 0.032516 0.193253
v 0.157772 0.034711 0.192245
v 0.145910 0.000000 0.177792
v 0.151620 0.040000 0.184749
v 0.131954 0.084000 0.160786
v 0.153203 0.046384 0.186678
v 0.153288 0.054741 0.186782
v 0.151541 0.063875 0.184653
v 0.147626 0.072593 0.179882
v 0.141208 0.079699 0.172063
v 0.125610 0.086000 0.153056
v 0.140007 0.086000 0.140007
v 0.147078 0.084000 0.147078
v 0.153056 0.086000 0.125610
v 0.162635 0.000000 0.162635
v 0.168999 0.040000 0.168999
v 0.173241 0.011000 0.173241
v 0.176259 0.015268 0.176259
v 0.176777 0.017036 0.176777
v 0.176777 0.032516 0.176777
v 0.175855 0.034711 0.175855
v 0.170763 0.046384 0.170763
v 0.170858 0.054741 0.170858
v 0.168910 0.063875 0.168910
v 0.157393 0.079699 0.157393
v 0.164546 0.072593 0.164546
v 0.177792 0.000000 0.145910
v 0.184749 0.040000 0.151620
v 0.160786 0.084000 0.131954
v 0.186678 0.046384 0.153203
v 0.186782 0.054741 0.153288
v 0.184653 0.063875 0.151541
v 0.172063 0.079699 0.141208
v 0.179882 0.072593 0.147626
v 0.193253 0.017036 0.158598
v 0.192687 0.015268 0.158134
v 0.193253 0.032516 0.158598
v 0.192245 0.034711 0.157772
v 0.189388 0.011000 0.155426
v 0.191238 0.000000 0.127781
v 0.198721 0.040000 0.132781
v 0.203710 0.011000 0.136115
v 0.207867 0.017036 0.138893
v 0.207259 0.015268 0.138486
v 0.207867 0.032516 0.138893
v 0.206784 0.034711 0.138169
v 0.200796 0.046384 0.134168
v 0.200908 0.054741 0.134242
v 0.198617 0.063875 0.132712
v 0.193486 0.072593 0.129283
v 0.135097 0.091000 0.110872
v 0.145314 0.091000 0.097096
v 0.154132 0.091000 0.082385
v 0.164631 0.086000 0.110003
v 0.172946 0.084000 0.115559
v 0.185075 0.079699 0.123663
v 0.183440 0.084000 0.098051
v 0.161465 0.091000 0.066881
v 0.174620 0.086000 0.093337
v 0.182928 0.086000 0.075771
v 0.127993 0.108680 0.085522
v 0.133820 0.098640 0.089416
v 0.125678 0.120880 0.083976
v 0.135759 0.108680 0.072565
v 0.132288 0.135000 0.070710
v 0.133304 0.120880 0.071253
v 0.141940 0.098640 0.075868
v 0.167243 0.091000 0.050732
v 0.171410 0.091000 0.034096
v 0.173926 0.091000 0.017130
v 0.139646 0.120880 0.057843
v 0.138582 0.135000 0.057403
v 0.142218 0.108680 0.058909
v 0.148693 0.098640 0.061591
v 0.147308 0.108680 0.044685
v 0.154014 0.098640 0.046720
v 0.144643 0.120880 0.043877
v 0.143541 0.135000 0.043543
v 0.150978 0.108680 0.030031
v 0.148248 0.120880 0.029488
v 0.147118 0.135000 0.029264
v 0.153195 0.108680 0.015088
v 0.150424 0.120880 0.014815
v 0.149278 0.135000 0.014703
v 0.157852 0.098640 0.031399
v 0.160169 0.098640 0.015775
v 0.202842 0.000000 0.108421
v 0.216071 0.011000 0.115492
v 0.210779 0.040000 0.112664
v 0.196305 0.079699 0.104927
v 0.210669 0.063875 0.112605
v 0.212980 0.046384 0.113840
v 0.213098 0.054741 0.113903
v 0.205226 0.072593 0.109696
v 0.212492 0.000000 0.088017
v 0.192167 0.084000 0.079598
v 0.205644 0.079699 0.085181
v 0.214990 0.072593 0.089052
v 0.213003 0.079699 0.064614
v 0.219835 0.015268 0.117504
v 0.220480 0.017036 0.117849
v 0.220480 0.032516 0.117849
v 0.219331 0.034711 0.117235
v 0.226350 0.011000 0.093757
v 0.230293 0.015268 0.095391
v 0.230970 0.017036 0.095671
v 0.230970 0.032516 0.095671
v 0.229766 0.034711 0.095172
v 0.220807 0.040000 0.091461
v 0.220096 0.000000 0.066765
v 0.228709 0.040000 0.069378
v 0.234450 0.011000 0.071120
v 0.238534 0.015268 0.072359
v 0.239235 0.017036 0.072571
v 0.239235 0.032516 0.072571
v 0.237988 0.034711 0.072193
v 0.223113 0.046384 0.092416
v 0.223237 0.054741 0.092468
v 0.220692 0.063875 0.091414
v 0.231097 0.046384 0.070102
v 0.231225 0.054741 0.070141
v 0.228589 0.063875 0.069342
v 0.222684 0.072593 0.067550
v 0.189474 0.086000 0.057476
v 0.199044 0.084000 0.060379
v 0.194195 0.086000 0.038628
v 0.204003 0.084000 0.040579
v 0.218311 0.079699 0.043425
v 0.197047 0.086000 0.019407
v 0.206998 0.084000 0.020388
v 0.225581 0.000000 0.044871
v 0.240292 0.011000 0.047797
v 0.244478 0.015268 0.048630
v 0.245196 0.017036 0.048773
v 0.245196 0.032516 0.048773
v 0.243918 0.034711 0.048518
v 0.234408 0.040000 0.046627
v 0.234285 0.063875 0.046602
v 0.228232 0.072593 0.045398
v 0.236855 0.046384 0.047113
v 0.236987 0.054741 0.047140
v 0.228892 0.000000 0.022544
v 0.243820 0.011000 0.024014
v 0.248067 0.015268 0.024433
v 0.248796 0.017036 0.024504
v 0.237849 0.040000 0.023426
v 0.248796 0.032516 0.024504
v 0.247500 0.034711 0.024377
v 0.221516 0.079699 0.021817
v 0.231583 0.072593 0.022809
v 0.240332 0.046384 0.023671
v 0.240466 0.054741 0.023684
v 0.237725 0.063875 0.023414
v 0.129871 0.199782 0.069418
v 0.126474 0.266593 0.067602
v 0.136050 0.199782 0.056354
v 0.140918 0.199782 0.042747
v 0.132491 0.266593 0.054880
v 0.137232 0.266593 0.041629
v 0.144430 0.199782 0.028729
v 0.146550 0.199782 0.014434
v 0.140652 0.266593 0.027977
v 0.142717 0.266593 0.014056
v 0.128419 0.331625 0.053193
v 0.133015 0.331625 0.040350
v 0.136329 0.331625 0.027118
v 0.138331 0.331625 0.013624
v 0.013192 0.391074 0.133944
v 0.026258 0.391074 0.132006
v 0.012815 0.441134 0.130111
v 0.025506 0.441134 0.128229
v 0.039070 0.391074 0.128797
v 0.037952 0.441134 0.125111
v 0.014899 0.482219 0.151268
v 0.014767 0.480331 0.149935
v 0.014114 0.478000 0.143307
v 0.014899 0.507781 0.151268
v 0.012863 0.478000 0.130599
v 0.012726 0.477799 0.129207
v 0.012570 0.474778 0.127622
v 0.012579 0.476187 0.127719
v 0.012631 0.477194 0.128247
v 0.029654 0.482219 0.149079
v 0.029392 0.480331 0.147766
v 0.028093 0.478000 0.141233
v 0.029654 0.507781 0.149079
v 0.025329 0.477799 0.127338
v 0.025018 0.474778 0.125775
v 0.025037 0.476187 0.125871
v 0.025141 0.477194 0.126392
v 0.025602 0.478000 0.128710
v 0.014767 0.509669 0.149935
v 0.014114 0.512000 0.143307
v 0.015095 0.551680 0.153258
v 0.014372 0.541953 0.145919
v 0.013382 0.512897 0.135865
v 0.013196 0.513408 0.133976
v 0.013220 0.523144 0.134226
v 0.013081 0.514396 0.132811
v 0.013037 0.515862 0.132370
v 0.013065 0.517807 0.132652
v 0.013722 0.532545 0.139326
v 0.029392 0.509669 0.147766
v 0.028093 0.512000 0.141233
v 0.030044 0.551680 0.151041
v 0.028605 0.541953 0.143808
v 0.026634 0.512897 0.133899
v 0.026264 0.513408 0.132038
v 0.026036 0.514396 0.130890
v 0.025949 0.515862 0.130455
v 0.026004 0.517807 0.130733
v 0.026313 0.523144 0.132283
v 0.027313 0.532545 0.137310
v 0.044123 0.482219 0.145455
v 0.043734 0.480331 0.144173
v 0.044123 0.507781 0.145455
v 0.038094 0.478000 0.125581
v 0.041801 0.478000 0.137799
v 0.058168 0.482219 0.140430
v 0.057655 0.480331 0.139192
v 0.055106 0.478000 0.133039
v 0.058168 0.507781 0.140430
v 0.043734 0.509669 0.144173
v 0.044704 0.551680 0.147369
v 0.038740 0.514396 0.127707
v 0.038611 0.515862 0.127283
v 0.038693 0.517807 0.127554
v 0.041801 0.512000 0.137799
v 0.039630 0.512897 0.130644
v 0.039079 0.513408 0.128828
v 0.039152 0.523144 0.129067
v 0.042563 0.541953 0.140311
v 0.040640 0.532545 0.133972
v 0.058933 0.551680 0.142277
v 0.052245 0.512897 0.126130
v 0.057655 0.509669 0.139192
v 0.055106 0.512000 0.133039
v 0.053576 0.532545 0.129343
v 0.056111 0.541953 0.135464
v 0.067881 0.478000 0.126997
v 0.071021 0.480331 0.132871
v 0.071652 0.482219 0.134052
v 0.071652 0.507781 0.134052
v 0.083703 0.480331 0.125270
v 0.084447 0.482219 0.126383
v 0.084447 0.507781 0.126383
v 0.067881 0.512000 0.126997
v 0.071021 0.509669 0.132871
v 0.069119 0.541953 0.129312
v 0.072595 0.551680 0.135816
v 0.083703 0.509669 0.125270
v 0.085558 0.551680 0.128046
v 0.016969 0.585886 0.172291
v 0.017251 0.600000 0.175153
v 0.016467 0.573335 0.167191
v 0.015818 0.562037 0.160598
v 0.034336 0.600000 0.172618
v 0.032775 0.573335 0.164772
v 0.031483 0.562037 0.158274
v 0.033775 0.585886 0.169798
v 0.048768 0.573335 0.160766
v 0.050256 0.585886 0.165670
v 0.051090 0.600000 0.168421
v 0.046845 0.562037 0.154426
v 0.061756 0.562037 0.149091
v 0.017251 0.736000 0.175153
v 0.017207 0.738222 0.174710
v 0.017077 0.739556 0.173383
v 0.016859 0.740000 0.171172
v 0.012677 0.668667 0.128711
v 0.012350 0.668000 0.125393
v 0.012938 0.674000 0.131364
v 0.012873 0.670667 0.130701
v 0.025232 0.668667 0.126848
v 0.025752 0.674000 0.129464
v 0.025622 0.670667 0.128810
v 0.013232 0.740000 0.134350
v 0.012938 0.737000 0.131364
v 0.013069 0.739667 0.132691
v 0.012971 0.738667 0.131696
v 0.026337 0.740000 0.132406
v 0.025752 0.737000 0.129464
v 0.026012 0.739667 0.130771
v 0.025817 0.738667 0.129791
v 0.034336 0.736000 0.172618
v 0.034249 0.738222 0.172182
v 0.033989 0.739556 0.170875
v 0.033556 0.740000 0.168695
v 0.050574 0.739556 0.166720
v 0.049929 0.740000 0.164594
v 0.051090 0.736000 0.168421
v 0.050961 0.738222 0.167996
v 0.038124 0.670667 0.125678
v 0.038318 0.674000 0.126316
v 0.038705 0.739667 0.127592
v 0.038318 0.737000 0.126316
v 0.038414 0.738667 0.126635
v 0.039188 0.740000 0.129187
v 0.050205 0.740000 0.125245
v 0.054097 0.740000 0.130601
v 0.066252 0.585886 0.159947
v 0.067352 0.600000 0.162603
v 0.064291 0.573335 0.155212
v 0.076072 0.562037 0.142320
v 0.079195 0.573335 0.148163
v 0.081611 0.585886 0.152683
v 0.082966 0.600000 0.155218
v 0.089655 0.562037 0.134178
v 0.093336 0.573335 0.139687
v 0.096183 0.585886 0.143948
v 0.097780 0.600000 0.146339
v 0.106578 0.573335 0.129866
v 0.109829 0.585886 0.133827
v 0.111653 0.600000 0.136050
v 0.074791 0.676000 0.159084
v 0.065822 0.740000 0.158907
v 0.067352 0.736000 0.162603
v 0.067182 0.738222 0.162192
v 0.066672 0.739556 0.160960
v 0.073729 0.739556 0.157623
v 0.074791 0.736000 0.159084
v 0.074526 0.738222 0.158719
v 0.082966 0.676000 0.155218
v 0.072401 0.740000 0.155795
v 0.097780 0.676000 0.146339
v 0.111653 0.676000 0.136050
v 0.051506 0.391074 0.124347
v 0.050032 0.441134 0.120789
v 0.061631 0.441134 0.115303
v 0.037688 0.477799 0.124242
v 0.037408 0.477194 0.123319
v 0.037226 0.474778 0.122718
v 0.037254 0.476187 0.122811
v 0.050220 0.478000 0.121242
v 0.049685 0.477799 0.119950
v 0.049075 0.474778 0.118478
v 0.049112 0.476187 0.118568
v 0.049316 0.477194 0.119058
v 0.061862 0.478000 0.115736
v 0.061203 0.477799 0.114502
v 0.060748 0.477194 0.113651
v 0.060452 0.474778 0.113097
v 0.060498 0.476187 0.113183
v 0.051519 0.513408 0.124377
v 0.051071 0.514396 0.123295
v 0.051009 0.517807 0.123147
v 0.050901 0.515862 0.122886
v 0.051614 0.523144 0.124608
v 0.063447 0.391074 0.118700
v 0.074776 0.391074 0.111910
v 0.085385 0.391074 0.104041
v 0.072636 0.441134 0.108707
v 0.082941 0.441134 0.101064
v 0.092448 0.441134 0.092448
v 0.095171 0.391074 0.095171
v 0.104041 0.391074 0.085385
v 0.111910 0.391074 0.074776
v 0.118700 0.391074 0.063447
v 0.101064 0.441134 0.082941
v 0.108707 0.441134 0.072636
v 0.072131 0.477799 0.107952
v 0.071246 0.474778 0.106627
v 0.071300 0.476187 0.106708
v 0.071595 0.477194 0.107150
v 0.072908 0.478000 0.109115
v 0.080002 0.478000 0.119732
v 0.091353 0.478000 0.111313
v 0.081753 0.477194 0.099616
v 0.081354 0.474778 0.099131
v 0.081416 0.476187 0.099206
v 0.082365 0.477799 0.100362
v 0.083252 0.478000 0.101443
v 0.064356 0.512897 0.120402
v 0.063462 0.513408 0.118728
v 0.062910 0.514396 0.117696
v 0.062701 0.515862 0.117305
v 0.062834 0.517807 0.117555
v 0.063580 0.523144 0.118949
v 0.074143 0.514396 0.110963
v 0.073897 0.515862 0.110594
v 0.074054 0.517807 0.110830
v 0.075848 0.512897 0.113514
v 0.074793 0.513408 0.111936
v 0.074933 0.523144 0.112144
v 0.065996 0.532545 0.123469
v 0.077780 0.532545 0.116406
v 0.080002 0.512000 0.119732
v 0.091353 0.512000 0.111313
v 0.081460 0.541953 0.121914
v 0.093018 0.541953 0.113343
v 0.085405 0.513408 0.104066
v 0.084662 0.514396 0.103161
v 0.084381 0.515862 0.102818
v 0.084561 0.517807 0.103037
v 0.085564 0.523144 0.104260
v 0.086609 0.512897 0.105533
v 0.088815 0.532545 0.108221
v 0.090679 0.474778 0.090679
v 0.090748 0.476187 0.090748
v 0.091123 0.477194 0.091123
v 0.091806 0.477799 0.091806
v 0.092795 0.478000 0.092795
v 0.096428 0.482219 0.117498
v 0.095578 0.480331 0.116462
v 0.096428 0.507781 0.117498
v 0.101823 0.478000 0.101823
v 0.106533 0.480331 0.106533
v 0.107480 0.482219 0.107480
v 0.107480 0.507781 0.107480
v 0.116462 0.480331 0.095578
v 0.117498 0.482219 0.096428
v 0.117498 0.507781 0.096428
v 0.095578 0.509669 0.116462
v 0.097697 0.551680 0.119044
v 0.094366 0.514396 0.094366
v 0.095194 0.513408 0.095194
v 0.096536 0.512897 0.096536
v 0.094053 0.515862 0.094053
v 0.094253 0.517807 0.094253
v 0.095371 0.523144 0.095371
v 0.101823 0.512000 0.101823
v 0.106533 0.509669 0.106533
v 0.098995 0.532545 0.098995
v 0.103680 0.541953 0.103680
v 0.108894 0.551680 0.108894
v 0.116462 0.509669 0.095578
v 0.119044 0.551680 0.097697
v 0.100362 0.477799 0.082365
v 0.101443 0.478000 0.083252
v 0.099131 0.474778 0.081354
v 0.099206 0.476187 0.081416
v 0.099616 0.477194 0.081753
v 0.106708 0.476187 0.071300
v 0.106627 0.474778 0.071246
v 0.107150 0.477194 0.071595
v 0.109115 0.478000 0.072908
v 0.107952 0.477799 0.072131
v 0.111313 0.478000 0.091353
v 0.119732 0.478000 0.080002
v 0.105533 0.512897 0.086609
v 0.103161 0.514396 0.084662
v 0.104066 0.513408 0.085405
v 0.102818 0.515862 0.084381
v 0.103037 0.517807 0.084561
v 0.104260 0.523144 0.085564
v 0.108221 0.532545 0.088815
v 0.111313 0.512000 0.091353
v 0.119732 0.512000 0.080002
v 0.113343 0.541953 0.093018
v 0.121914 0.541953 0.081460
v 0.111936 0.513408 0.074793
v 0.110963 0.514396 0.074143
v 0.110594 0.515862 0.073897
v 0.110830 0.517807 0.074054
v 0.113514 0.512897 0.075848
v 0.112144 0.523144 0.074933
v 0.117696 0.514396 0.062910
v 0.118728 0.513408 0.063462
v 0.120402 0.512897 0.064356
v 0.117305 0.515862 0.062701
v 0.117555 0.517807 0.062834
v 0.118949 0.523144 0.063580
v 0.116406 0.532545 0.077780
v 0.123469 0.532545 0.065996
v 0.124347 0.391074 0.051506
v 0.115303 0.441134 0.061631
v 0.120789 0.441134 0.050032
v 0.113097 0.474778 0.060452
v 0.113183 0.476187 0.060498
v 0.113651 0.477194 0.060748
v 0.114502 0.477799 0.061203
v 0.115736 0.478000 0.061862
v 0.118478 0.474778 0.049075
v 0.118568 0.476187 0.049112
v 0.119058 0.477194 0.049316
v 0.119950 0.477799 0.049685
v 0.121242 0.478000 0.050220
v 0.122718 0.474778 0.037226
v 0.122811 0.476187 0.037254
v 0.123319 0.477194 0.037408
v 0.124242 0.477799 0.037688
v 0.123295 0.514396 0.051071
v 0.124377 0.513408 0.051519
v 0.122886 0.515862 0.050901
v 0.123147 0.517807 0.051009
v 0.124608 0.523144 0.051614
v 0.024581 0.668000 0.123579
v 0.037543 0.668667 0.123764
v 0.036576 0.668000 0.120574
v 0.049494 0.668667 0.119488
v 0.048218 0.668000 0.116409
v 0.060967 0.668667 0.114062
v 0.059396 0.668000 0.111122
v 0.048370 0.676000 0.122719
v 0.050259 0.670667 0.121336
v 0.050514 0.674000 0.121952
v 0.050514 0.676000 0.121952
v 0.061910 0.670667 0.115826
v 0.062224 0.674000 0.116414
v 0.062224 0.676000 0.116414
v 0.048370 0.737000 0.122719
v 0.048574 0.738667 0.123000
v 0.049186 0.739667 0.123842
v 0.102375 0.562037 0.124745
v 0.114109 0.562037 0.114109
v 0.118794 0.573335 0.118794
v 0.122418 0.585886 0.122418
v 0.124451 0.600000 0.124451
v 0.124745 0.562037 0.102375
v 0.073335 0.674000 0.109754
v 0.073335 0.676000 0.109754
v 0.070002 0.668000 0.104765
v 0.071854 0.668667 0.107537
v 0.072965 0.670667 0.109200
v 0.079934 0.668000 0.097399
v 0.082048 0.668667 0.099976
v 0.083740 0.674000 0.102037
v 0.083740 0.676000 0.102037
v 0.083317 0.670667 0.101522
v 0.089095 0.668000 0.089095
v 0.091452 0.668667 0.091452
v 0.092867 0.670667 0.092867
v 0.093338 0.674000 0.093338
v 0.093338 0.676000 0.093338
v 0.124451 0.676000 0.124451
v 0.097399 0.668000 0.079934
v 0.099976 0.668667 0.082048
v 0.101522 0.670667 0.083317
v 0.101812 0.676000 0.083989
v 0.102037 0.674000 0.083740
v 0.107537 0.668667 0.071854
v 0.104765 0.668000 0.070002
v 0.109200 0.670667 0.072965
v 0.109754 0.674000 0.073335
v 0.103611 0.740000 0.086466
v 0.101812 0.737000 0.083989
v 0.102012 0.738667 0.084264
v 0.102611 0.739667 0.085090
v 0.103068 0.739667 0.084586
v 0.102037 0.737000 0.083740
v 0.102295 0.738667 0.083951
v 0.104356 0.740000 0.085643
v 0.112248 0.740000 0.075002
v 0.109754 0.737000 0.073335
v 0.110031 0.738667 0.073520
v 0.110863 0.739667 0.074076
v 0.117590 0.739667 0.062853
v 0.119059 0.740000 0.063639
v 0.111122 0.668000 0.059396
v 0.114062 0.668667 0.060967
v 0.116409 0.668000 0.048218
v 0.119488 0.668667 0.049494
v 0.115826 0.670667 0.061910
v 0.116414 0.674000 0.062224
v 0.121336 0.670667 0.050259
v 0.121952 0.674000 0.050514
v 0.120574 0.668000 0.036576
v 0.123764 0.668667 0.037543
v 0.116414 0.737000 0.062224
v 0.116708 0.738667 0.062382
v 0.123184 0.739667 0.051024
v 0.124724 0.740000 0.051662
v 0.121952 0.737000 0.050514
v 0.122260 0.738667 0.050642
v 0.123579 0.668000 0.024581
v 0.126383 0.482219 0.084447
v 0.125270 0.480331 0.083703
v 0.126383 0.507781 0.084447
v 0.126997 0.478000 0.067881
v 0.132871 0.480331 0.071021
v 0.134052 0.482219 0.071652
v 0.134052 0.507781 0.071652
v 0.125270 0.509669 0.083703
v 0.128046 0.551680 0.085558
v 0.126997 0.512000 0.067881
v 0.132871 0.509669 0.071021
v 0.129312 0.541953 0.069119
v 0.135816 0.551680 0.072595
v 0.128797 0.391074 0.039070
v 0.125111 0.441134 0.037952
v 0.132006 0.391074 0.026258
v 0.133944 0.391074 0.013192
v 0.128229 0.441134 0.025506
v 0.130111 0.441134 0.012815
v 0.133039 0.478000 0.055106
v 0.139192 0.480331 0.057655
v 0.140430 0.482219 0.058168
v 0.140430 0.507781 0.058168
v 0.125581 0.478000 0.038094
v 0.137799 0.478000 0.041801
v 0.144173 0.480331 0.043734
v 0.145455 0.482219 0.044123
v 0.145455 0.507781 0.044123
v 0.126130 0.512897 0.052245
v 0.133039 0.512000 0.055106
v 0.139192 0.509669 0.057655
v 0.129343 0.532545 0.053576
v 0.135464 0.541953 0.056111
v 0.128828 0.513408 0.039079
v 0.130644 0.512897 0.039630
v 0.129067 0.523144 0.039152
v 0.127707 0.514396 0.038740
v 0.127283 0.515862 0.038611
v 0.127554 0.517807 0.038693
v 0.137799 0.512000 0.041801
v 0.133972 0.532545 0.040640
v 0.140311 0.541953 0.042563
v 0.142277 0.551680 0.058933
v 0.144173 0.509669 0.043734
v 0.147369 0.551680 0.044704
v 0.125775 0.474778 0.025018
v 0.125871 0.476187 0.025037
v 0.126392 0.477194 0.025141
v 0.128710 0.478000 0.025602
v 0.127338 0.477799 0.025329
v 0.127622 0.474778 0.012570
v 0.127719 0.476187 0.012579
v 0.128247 0.477194 0.012631
v 0.129207 0.477799 0.012726
v 0.130599 0.478000 0.012863
v 0.141233 0.478000 0.028093
v 0.147766 0.480331 0.029392
v 0.149079 0.482219 0.029654
v 0.149079 0.507781 0.029654
v 0.143307 0.478000 0.014114
v 0.149935 0.480331 0.014767
v 0.151268 0.482219 0.014899
v 0.151268 0.507781 0.014899
v 0.130890 0.514396 0.026036
v 0.132038 0.513408 0.026264
v 0.130455 0.515862 0.025949
v 0.130733 0.517807 0.026004
v 0.132283 0.523144 0.026313
v 0.133899 0.512897 0.026634
v 0.137310 0.532545 0.027313
v 0.132811 0.514396 0.013081
v 0.132370 0.515862 0.013037
v 0.132652 0.517807 0.013065
v 0.133976 0.513408 0.013196
v 0.135865 0.512897 0.013382
v 0.134226 0.523144 0.013220
v 0.139326 0.532545 0.013722
v 0.141233 0.512000 0.028093
v 0.147766 0.509669 0.029392
v 0.143808 0.541953 0.028605
v 0.151041 0.551680 0.030044
v 0.143307 0.512000 0.014114
v 0.149935 0.509669 0.014767
v 0.145919 0.541953 0.014372
v 0.153258 0.551680 0.015095
v 0.133827 0.585886 0.109829
v 0.136050 0.600000 0.111653
v 0.129866 0.573335 0.106578
v 0.143948 0.585886 0.096183
v 0.146339 0.600000 0.097780
v 0.134178 0.562037 0.089655
v 0.139687 0.573335 0.093336
v 0.148163 0.573335 0.079195
v 0.152683 0.585886 0.081611
v 0.155218 0.600000 0.082966
v 0.142320 0.562037 0.076072
v 0.155212 0.573335 0.064291
v 0.159947 0.585886 0.066252
v 0.162603 0.600000 0.067352
v 0.128202 0.676000 0.120312
v 0.128202 0.736000 0.120312
v 0.127935 0.738222 0.119945
v 0.127136 0.739556 0.118844
v 0.125803 0.740000 0.117010
v 0.134676 0.739556 0.110525
v 0.136050 0.736000 0.111653
v 0.135706 0.738222 0.111371
v 0.132958 0.740000 0.109116
v 0.143013 0.740000 0.095558
v 0.146339 0.736000 0.097780
v 0.144860 0.739556 0.096793
v 0.145969 0.738222 0.097533
v 0.151690 0.740000 0.081080
v 0.153650 0.739556 0.082128
v 0.155218 0.736000 0.082966
v 0.154826 0.738222 0.082756
v 0.158907 0.740000 0.065822
v 0.160960 0.739556 0.066672
v 0.162603 0.736000 0.067352
v 0.162192 0.738222 0.067182
v 0.149091 0.562037 0.061756
v 0.154426 0.562037 0.046845
v 0.160766 0.573335 0.048768
v 0.165670 0.585886 0.050256
v 0.168421 0.600000 0.051090
v 0.158274 0.562037 0.031483
v 0.164772 0.573335 0.032775
v 0.169798 0.585886 0.033775
v 0.172618 0.600000 0.034336
v 0.160598 0.562037 0.015818
v 0.167191 0.573335 0.016467
v 0.172291 0.585886 0.016969
v 0.175153 0.600000 0.017251
v 0.125678 0.670667 0.038124
v 0.126316 0.674000 0.038318
v 0.129187 0.740000 0.039188
v 0.126316 0.737000 0.038318
v 0.126635 0.738667 0.038414
v 0.127592 0.739667 0.038705
v 0.126848 0.668667 0.025232
v 0.128810 0.670667 0.025622
v 0.129464 0.674000 0.025752
v 0.125393 0.668000 0.012350
v 0.128711 0.668667 0.012677
v 0.130701 0.670667 0.012873
v 0.131364 0.674000 0.012938
v 0.129464 0.737000 0.025752
v 0.129791 0.738667 0.025817
v 0.130771 0.739667 0.026012
v 0.132406 0.740000 0.026337
v 0.131364 0.737000 0.012938
v 0.131696 0.738667 0.012971
v 0.132691 0.739667 0.013069
v 0.134350 0.740000 0.013232
v 0.164594 0.740000 0.049929
v 0.166720 0.739556 0.050574
v 0.168421 0.736000 0.051090
v 0.167996 0.738222 0.050961
v 0.168695 0.740000 0.033556
v 0.170875 0.739556 0.033989
v 0.172618 0.736000 0.034336
v 0.172182 0.738222 0.034249
v 0.171172 0.740000 0.016859
v 0.173383 0.739556 0.017077
v 0.175153 0.736000 0.017251
v 0.174710 0.738222 0.017207
v 0.000000 0.000000 0.000000
v 0.123580 0.091000 -0.123580
v 0.083336 0.135000 -0.124720
v 0.124720 0.135000 -0.083336
v 0.108849 0.108680 -0.108849
v 0.106881 0.120880 -0.106881
v 0.106066 0.135000 -0.106066
v 0.097656 0.108680 -0.118994
v 0.102102 0.098640 -0.124411
v 0.095890 0.120880 -0.116842
v 0.095159 0.135000 -0.115952
v 0.118994 0.108680 -0.097656
v 0.124411 0.098640 -0.102102
v 0.116842 0.120880 -0.095890
v 0.115952 0.135000 -0.095159
v 0.113805 0.098640 -0.113805
v 0.081813 0.199782 -0.122442
v 0.093420 0.199782 -0.113833
v 0.079673 0.266593 -0.119239
v 0.090977 0.266593 -0.110855
v 0.113833 0.199782 -0.093420
v 0.122442 0.199782 -0.081813
v 0.110855 0.266593 -0.090977
v 0.119239 0.266593 -0.079673
v 0.104128 0.199782 -0.104128
v 0.101404 0.266593 -0.101404
v 0.065524 0.331625 -0.122587
v 0.077224 0.331625 -0.115574
v 0.088181 0.331625 -0.107448
v 0.107448 0.331625 -0.088181
v 0.115574 0.331625 -0.077224
v 0.122587 0.331625 -0.065524
v 0.098288 0.331625 -0.098288
v 0.000000 0.091000 -0.174768
v 0.017130 0.091000 -0.173926
v 0.034096 0.091000 -0.171410
v 0.050732 0.091000 -0.167243
v 0.000000 0.108680 -0.153936
v 0.015088 0.108680 -0.153195
v 0.000000 0.120880 -0.151152
v 0.000000 0.135000 -0.150000
v 0.014815 0.120880 -0.150424
v 0.014703 0.135000 -0.149278
v 0.030031 0.108680 -0.150978
v 0.029488 0.120880 -0.148248
v 0.029264 0.135000 -0.147118
v 0.000000 0.098640 -0.160944
v 0.015775 0.098640 -0.160169
v 0.044685 0.108680 -0.147308
v 0.046720 0.098640 -0.154014
v 0.043877 0.120880 -0.144643
v 0.043543 0.135000 -0.143541
v 0.057843 0.120880 -0.139646
v 0.057403 0.135000 -0.138582
v 0.058909 0.108680 -0.142218
v 0.061591 0.098640 -0.148693
v 0.031399 0.098640 -0.157852
v 0.000000 0.086000 -0.198000
v 0.000000 0.084000 -0.208000
v 0.019407 0.086000 -0.197047
v 0.020388 0.084000 -0.206998
v 0.000000 0.000000 -0.230000
v 0.000000 0.011000 -0.245000
v 0.000000 0.015268 -0.249268
v 0.000000 0.017036 -0.250000
v 0.000000 0.040000 -0.239000
v 0.000000 0.032516 -0.250000
v 0.000000 0.034711 -0.248697
v 0.022544 0.000000 -0.228892
v 0.024014 0.011000 -0.243820
v 0.024433 0.015268 -0.248067
v 0.024504 0.017036 -0.248796
v 0.023426 0.040000 -0.237849
v 0.024504 0.032516 -0.248796
v 0.024377 0.034711 -0.247500
v 0.000000 0.079699 -0.222588
v 0.000000 0.072593 -0.232704
v 0.000000 0.046384 -0.241495
v 0.000000 0.054741 -0.241630
v 0.000000 0.063875 -0.238875
v 0.021817 0.079699 -0.221516
v 0.022809 0.072593 -0.231583
v 0.023414 0.063875 -0.237725
v 0.023671 0.046384 -0.240332
v 0.023684 0.054741 -0.240466
v 0.038628 0.086000 -0.194195
v 0.040579 0.084000 -0.204003
v 0.043425 0.079699 -0.218311
v 0.057476 0.086000 -0.189474
v 0.060379 0.084000 -0.199044
v 0.044871 0.000000 -0.225581
v 0.046627 0.040000 -0.234408
v 0.047797 0.011000 -0.240292
v 0.048630 0.015268 -0.244478
v 0.048773 0.017036 -0.245196
v 0.048773 0.032516 -0.245196
v 0.048518 0.034711 -0.243918
v 0.046602 0.063875 -0.234285
v 0.045398 0.072593 -0.228232
v 0.047113 0.046384 -0.236855
v 0.047140 0.054741 -0.236987
v 0.082385 0.091000 -0.154132
v 0.066881 0.091000 -0.161465
v 0.075771 0.086000 -0.182928
v 0.093337 0.086000 -0.174620
v 0.097096 0.091000 -0.145314
v 0.110872 0.091000 -0.135097
v 0.098051 0.084000 -0.183440
v 0.110003 0.086000 -0.164631
v 0.115559 0.084000 -0.172946
v 0.123663 0.079699 -0.185075
v 0.072565 0.108680 -0.135759
v 0.070710 0.135000 -0.132288
v 0.071253 0.120880 -0.133304
v 0.075868 0.098640 -0.141940
v 0.085522 0.108680 -0.127993
v 0.089416 0.098640 -0.133820
v 0.083976 0.120880 -0.125678
v 0.088017 0.000000 -0.212492
v 0.064614 0.079699 -0.213003
v 0.079598 0.084000 -0.192167
v 0.085181 0.079699 -0.205644
v 0.089052 0.072593 -0.214990
v 0.066765 0.000000 -0.220096
v 0.069378 0.040000 -0.228709
v 0.071120 0.011000 -0.234450
v 0.072359 0.015268 -0.238534
v 0.072571 0.017036 -0.239235
v 0.072571 0.032516 -0.239235
v 0.072193 0.034711 -0.237988
v 0.091461 0.040000 -0.220807
v 0.070102 0.046384 -0.231097
v 0.070141 0.054741 -0.231225
v 0.069342 0.063875 -0.228589
v 0.067550 0.072593 -0.222684
v 0.092416 0.046384 -0.223113
v 0.092468 0.054741 -0.223237
v 0.091414 0.063875 -0.220692
v 0.108421 0.000000 -0.202842
v 0.115492 0.011000 -0.216071
v 0.112664 0.040000 -0.210779
v 0.104927 0.079699 -0.196305
v 0.112605 0.063875 -0.210669
v 0.113840 0.046384 -0.212980
v 0.113903 0.054741 -0.213098
v 0.109696 0.072593 -0.205226
v 0.093757 0.011000 -0.226350
v 0.095391 0.015268 -0.230293
v 0.095671 0.017036 -0.230970
v 0.095671 0.032516 -0.230970
v 0.095172 0.034711 -0.229766
v 0.117504 0.015268 -0.219835
v 0.117849 0.017036 -0.220480
v 0.117849 0.032516 -0.220480
v 0.117235 0.034711 -0.219331
v 0.000000 0.199782 -0.147259
v 0.014434 0.199782 -0.146550
v 0.028729 0.199782 -0.144430
v 0.000000 0.266593 -0.143407
v 0.014056 0.266593 -0.142717
v 0.027977 0.266593 -0.140652
v 0.042747 0.199782 -0.140918
v 0.056354 0.199782 -0.136050
v 0.041629 0.266593 -0.137232
v 0.054880 0.266593 -0.132491
v 0.000000 0.331625 -0.139000
v 0.013624 0.331625 -0.138331
v 0.027118 0.331625 -0.136329
v 0.040350 0.331625 -0.133015
v 0.053193 0.331625 -0.128419
v 0.069418 0.199782 -0.129871
v 0.067602 0.266593 -0.126474
v 0.174768 0.091000 0.000000
v 0.173926 0.091000 -0.017130
v 0.171410 0.091000 -0.034096
v 0.167243 0.091000 -0.050732
v 0.153936 0.108680 0.000000
v 0.153195 0.108680 -0.015088
v 0.151152 0.120880 0.000000
v 0.150000 0.135000 0.000000
v 0.150424 0.120880 -0.014815
v 0.149278 0.135000 -0.014703
v 0.150978 0.108680 -0.030031
v 0.148248 0.120880 -0.029488
v 0.147118 0.135000 -0.029264
v 0.139646 0.120880 -0.057843
v 0.138582 0.135000 -0.057403
v 0.147308 0.108680 -0.044685
v 0.154014 0.098640 -0.046720
v 0.144643 0.120880 -0.043877
v 0.143541 0.135000 -0.043543
v 0.142218 0.108680 -0.058909
v 0.148693 0.098640 -0.061591
v 0.160944 0.098640 0.000000
v 0.160169 0.098640 -0.015775
v 0.157852 0.098640 -0.031399
v 0.154132 0.091000 -0.082385
v 0.135097 0.091000 -0.110872
v 0.145314 0.091000 -0.097096
v 0.161465 0.091000 -0.066881
v 0.182928 0.086000 -0.075771
v 0.174620 0.086000 -0.093337
v 0.164631 0.086000 -0.110003
v 0.183440 0.084000 -0.098051
v 0.172946 0.084000 -0.115559
v 0.185075 0.079699 -0.123663
v 0.135759 0.108680 -0.072565
v 0.132288 0.135000 -0.070710
v 0.133304 0.120880 -0.071253
v 0.127993 0.108680 -0.085522
v 0.133820 0.098640 -0.089416
v 0.125678 0.120880 -0.083976
v 0.141940 0.098640 -0.075868
v 0.198000 0.086000 0.000000
v 0.197047 0.086000 -0.019407
v 0.208000 0.084000 0.000000
v 0.206998 0.084000 -0.020388
v 0.194195 0.086000 -0.038628
v 0.189474 0.086000 -0.057476
v 0.199044 0.084000 -0.060379
v 0.204003 0.084000 -0.040579
v 0.218311 0.079699 -0.043425
v 0.230000 0.000000 0.000000
v 0.228892 0.000000 -0.022544
v 0.245000 0.011000 0.000000
v 0.249268 0.015268 0.000000
v 0.250000 0.017036 0.000000
v 0.239000 0.040000 0.000000
v 0.250000 0.032516 0.000000
v 0.248697 0.034711 0.000000
v 0.243820 0.011000 -0.024014
v 0.248067 0.015268 -0.024433
v 0.248796 0.017036 -0.024504
v 0.237849 0.040000 -0.023426
v 0.248796 0.032516 -0.024504
v 0.247500 0.034711 -0.024377
v 0.222588 0.079699 0.000000
v 0.232704 0.072593 0.000000
v 0.221516 0.079699 -0.021817
v 0.231583 0.072593 -0.022809
v 0.241495 0.046384 0.000000
v 0.241630 0.054741 0.000000
v 0.238875 0.063875 0.000000
v 0.237725 0.063875 -0.023414
v 0.240332 0.046384 -0.023671
v 0.240466 0.054741 -0.023684
v 0.225581 0.000000 -0.044871
v 0.234408 0.040000 -0.046627
v 0.240292 0.011000 -0.047797
v 0.244478 0.015268 -0.048630
v 0.245196 0.017036 -0.048773
v 0.245196 0.032516 -0.048773
v 0.243918 0.034711 -0.048518
v 0.234285 0.063875 -0.046602
v 0.228232 0.072593 -0.045398
v 0.236855 0.046384 -0.047113
v 0.236987 0.054741 -0.047140
v 0.212492 0.000000 -0.088017
v 0.192167 0.084000 -0.079598
v 0.213003 0.079699 -0.064614
v 0.205644 0.079699 -0.085181
v 0.214990 0.072593 -0.089052
v 0.202842 0.000000 -0.108421
v 0.216071 0.011000 -0.115492
v 0.210779 0.040000 -0.112664
v 0.196305 0.079699 -0.104927
v 0.210669 0.063875 -0.112605
v 0.212980 0.046384 -0.113840
v 0.213098 0.054741 -0.113903
v 0.205226 0.072593 -0.109696
v 0.220096 0.000000 -0.066765
v 0.228709 0.040000 -0.069378
v 0.220807 0.040000 -0.091461
v 0.234450 0.011000 -0.071120
v 0.238534 0.015268 -0.072359
v 0.239235 0.017036 -0.072571
v 0.239235 0.032516 -0.072571
v 0.237988 0.034711 -0.072193
v 0.231097 0.046384 -0.070102
v 0.231225 0.054741 -0.070141
v 0.228589 0.063875 -0.069342
v 0.222684 0.072593 -0.067550
v 0.223113 0.046384 -0.092416
v 0.223237 0.054741 -0.092468
v 0.220692 0.063875 -0.091414
v 0.226350 0.011000 -0.093757
v 0.230293 0.015268 -0.095391
v 0.230970 0.017036 -0.095671
v 0.230970 0.032516 -0.095671
v 0.229766 0.034711 -0.095172
v 0.219835 0.015268 -0.117504
v 0.220480 0.017036 -0.117849
v 0.220480 0.032516 -0.117849
v 0.219331 0.034711 -0.117235
v 0.147259 0.199782 0.000000
v 0.146550 0.199782 -0.014434
v 0.144430 0.199782 -0.028729
v 0.143407 0.266593 0.000000
v 0.142717 0.266593 -0.014056
v 0.140652 0.266593 -0.027977
v 0.136050 0.199782 -0.056354
v 0.140918 0.199782 -0.042747
v 0.137232 0.266593 -0.041629
v 0.132491 0.266593 -0.054880
v 0.139000 0.331625 0.000000
v 0.138331 0.331625 -0.013624
v 0.136329 0.331625 -0.027118
v 0.133015 0.331625 -0.040350
v 0.128419 0.331625 -0.053193
v 0.129871 0.199782 -0.069418
v 0.126474 0.266593 -0.067602
v 0.140007 0.086000 -0.140007
v 0.125610 0.086000 -0.153056
v 0.153056 0.086000 -0.125610
v 0.147078 0.084000 -0.147078
v 0.145910 0.000000 -0.177792
v 0.151620 0.040000 -0.184749
v 0.131954 0.084000 -0.160786
v 0.153203 0.046384 -0.186678
v 0.153288 0.054741 -0.186782
v 0.151541 0.063875 -0.184653
v 0.141208 0.079699 -0.172063
v 0.147626 0.072593 -0.179882
v 0.177792 0.000000 -0.145910
v 0.184749 0.040000 -0.151620
v 0.160786 0.084000 -0.131954
v 0.186678 0.046384 -0.153203
v 0.186782 0.054741 -0.153288
v 0.184653 0.063875 -0.151541
v 0.172063 0.079699 -0.141208
v 0.179882 0.072593 -0.147626
v 0.162635 0.000000 -0.162635
v 0.168999 0.040000 -0.168999
v 0.173241 0.011000 -0.173241
v 0.176259 0.015268 -0.176259
v 0.176777 0.017036 -0.176777
v 0.176777 0.032516 -0.176777
v 0.175855 0.034711 -0.175855
v 0.170763 0.046384 -0.170763
v 0.170858 0.054741 -0.170858
v 0.168910 0.063875 -0.168910
v 0.157393 0.079699 -0.157393
v 0.164546 0.072593 -0.164546
v 0.127781 0.000000 -0.191238
v 0.132781 0.040000 -0.198721
v 0.136115 0.011000 -0.203710
v 0.138486 0.015268 -0.207259
v 0.138893 0.017036 -0.207867
v 0.138893 0.032516 -0.207867
v 0.138169 0.034711 -0.206784
v 0.155426 0.011000 -0.189388
v 0.132712 0.063875 -0.198617
v 0.134168 0.046384 -0.200796
v 0.134242 0.054741 -0.200908
v 0.129283 0.072593 -0.193486
v 0.158134 0.015268 -0.192687
v 0.158598 0.017036 -0.193253
v 0.158598 0.032516 -0.193253
v 0.157772 0.034711 -0.192245
v 0.191238 0.000000 -0.127781
v 0.198721 0.040000 -0.132781
v 0.189388 0.011000 -0.155426
v 0.203710 0.011000 -0.136115
v 0.207259 0.015268 -0.138486
v 0.207867 0.017036 -0.138893
v 0.207867 0.032516 -0.138893
v 0.206784 0.034711 -0.138169
v 0.198617 0.063875 -0.132712
v 0.200796 0.046384 -0.134168
v 0.200908 0.054741 -0.134242
v 0.193486 0.072593 -0.129283
v 0.192687 0.015268 -0.158134
v 0.193253 0.017036 -0.158598
v 0.193253 0.032516 -0.158598
v 0.192245 0.034711 -0.157772
v 0.051506 0.391074 -0.124347
v 0.050032 0.441134 -0.120789
v 0.061631 0.441134 -0.115303
v 0.037226 0.474778 -0.122718
v 0.037254 0.476187 -0.122811
v 0.037408 0.477194 -0.123319
v 0.037688 0.477799 -0.124242
v 0.049075 0.474778 -0.118478
v 0.049112 0.476187 -0.118568
v 0.049316 0.477194 -0.119058
v 0.049685 0.477799 -0.119950
v 0.050220 0.478000 -0.121242
v 0.060452 0.474778 -0.113097
v 0.060498 0.476187 -0.113183
v 0.060748 0.477194 -0.113651
v 0.061203 0.477799 -0.114502
v 0.061862 0.478000 -0.115736
v 0.051071 0.514396 -0.123295
v 0.051519 0.513408 -0.124377
v 0.050901 0.515862 -0.122886
v 0.051009 0.517807 -0.123147
v 0.051614 0.523144 -0.124608
v 0.124347 0.391074 -0.051506
v 0.115303 0.441134 -0.061631
v 0.120789 0.441134 -0.050032
v 0.122718 0.474778 -0.037226
v 0.122811 0.476187 -0.037254
v 0.123319 0.477194 -0.037408
v 0.124242 0.477799 -0.037688
v 0.113097 0.474778 -0.060452
v 0.113183 0.476187 -0.060498
v 0.113651 0.477194 -0.060748
v 0.114502 0.477799 -0.061203
v 0.115736 0.478000 -0.061862
v 0.118478 0.474778 -0.049075
v 0.118568 0.476187 -0.049112
v 0.119058 0.477194 -0.049316
v 0.119950 0.477799 -0.049685
v 0.121242 0.478000 -0.050220
v 0.123295 0.514396 -0.051071
v 0.124377 0.513408 -0.051519
v 0.122886 0.515862 -0.050901
v 0.123147 0.517807 -0.051009
v 0.124608 0.523144 -0.051614
v 0.092448 0.441134 -0.092448
v 0.063447 0.391074 -0.118700
v 0.074776 0.391074 -0.111910
v 0.085385 0.391074 -0.104041
v 0.072636 0.441134 -0.108707
v 0.082941 0.441134 -0.101064
v 0.104041 0.391074 -0.085385
v 0.111910 0.391074 -0.074776
v 0.118700 0.391074 -0.063447
v 0.108707 0.441134 -0.072636
v 0.101064 0.441134 -0.082941
v 0.095171 0.391074 -0.095171
v 0.090679 0.474778 -0.090679
v 0.090748 0.476187 -0.090748
v 0.091123 0.477194 -0.091123
v 0.091806 0.477799 -0.091806
v 0.092795 0.478000 -0.092795
v 0.071246 0.474778 -0.106627
v 0.071300 0.476187 -0.106708
v 0.071595 0.477194 -0.107150
v 0.072131 0.477799 -0.107952
v 0.072908 0.478000 -0.109115
v 0.081354 0.474778 -0.099131
v 0.081416 0.476187 -0.099206
v 0.081753 0.477194 -0.099616
v 0.082365 0.477799 -0.100362
v 0.083252 0.478000 -0.101443
v 0.080002 0.478000 -0.119732
v 0.091353 0.478000 -0.111313
v 0.062910 0.514396 -0.117696
v 0.063462 0.513408 -0.118728
v 0.064356 0.512897 -0.120402
v 0.062701 0.515862 -0.117305
v 0.062834 0.517807 -0.117555
v 0.063580 0.523144 -0.118949
v 0.074143 0.514396 -0.110963
v 0.073897 0.515862 -0.110594
v 0.074054 0.517807 -0.110830
v 0.074793 0.513408 -0.111936
v 0.075848 0.512897 -0.113514
v 0.074933 0.523144 -0.112144
v 0.065996 0.532545 -0.123469
v 0.077780 0.532545 -0.116406
v 0.084662 0.514396 -0.103161
v 0.085405 0.513408 -0.104066
v 0.084381 0.515862 -0.102818
v 0.084561 0.517807 -0.103037
v 0.085564 0.523144 -0.104260
v 0.086609 0.512897 -0.105533
v 0.088815 0.532545 -0.108221
v 0.080002 0.512000 -0.119732
v 0.091353 0.512000 -0.111313
v 0.081460 0.541953 -0.121914
v 0.093018 0.541953 -0.113343
v 0.106627 0.474778 -0.071246
v 0.106708 0.476187 -0.071300
v 0.107150 0.477194 -0.071595
v 0.107952 0.477799 -0.072131
v 0.109115 0.478000 -0.072908
v 0.099131 0.474778 -0.081354
v 0.099206 0.476187 -0.081416
v 0.099616 0.477194 -0.081753
v 0.100362 0.477799 -0.082365
v 0.101443 0.478000 -0.083252
v 0.111313 0.478000 -0.091353
v 0.119732 0.478000 -0.080002
v 0.103161 0.514396 -0.084662
v 0.104066 0.513408 -0.085405
v 0.102818 0.515862 -0.084381
v 0.103037 0.517807 -0.084561
v 0.104260 0.523144 -0.085564
v 0.105533 0.512897 -0.086609
v 0.108221 0.532545 -0.088815
v 0.110963 0.514396 -0.074143
v 0.110594 0.515862 -0.073897
v 0.110830 0.517807 -0.074054
v 0.111936 0.513408 -0.074793
v 0.113514 0.512897 -0.075848
v 0.112144 0.523144 -0.074933
v 0.117696 0.514396 -0.062910
v 0.118728 0.513408 -0.063462
v 0.120402 0.512897 -0.064356
v 0.117305 0.515862 -0.062701
v 0.117555 0.517807 -0.062834
v 0.118949 0.523144 -0.063580
v 0.116406 0.532545 -0.077780
v 0.123469 0.532545 -0.065996
v 0.111313 0.512000 -0.091353
v 0.119732 0.512000 -0.080002
v 0.113343 0.541953 -0.093018
v 0.121914 0.541953 -0.081460
v 0.101823 0.478000 -0.101823
v 0.106533 0.480331 -0.106533
v 0.107480 0.482219 -0.107480
v 0.107480 0.507781 -0.107480
v 0.095578 0.480331 -0.116462
v 0.096428 0.482219 -0.117498
v 0.096428 0.507781 -0.117498
v 0.116462 0.480331 -0.095578
v 0.117498 0.482219 -0.096428
v 0.117498 0.507781 -0.096428
v 0.094366 0.514396 -0.094366
v 0.095194 0.513408 -0.095194
v 0.096536 0.512897 -0.096536
v 0.094053 0.515862 -0.094053
v 0.094253 0.517807 -0.094253
v 0.095371 0.523144 -0.095371
v 0.101823 0.512000 -0.101823
v 0.106533 0.509669 -0.106533
v 0.098995 0.532545 -0.098995
v 0.103680 0.541953 -0.103680
v 0.108894 0.551680 -0.108894
v 0.095578 0.509669 -0.116462
v 0.097697 0.551680 -0.119044
v 0.116462 0.509669 -0.095578
v 0.119044 0.551680 -0.097697
v 0.000000 0.668000 0.000000
v 0.024581 0.668000 -0.123579
v 0.036576 0.668000 -0.120574
v 0.037543 0.668667 -0.123764
v 0.048218 0.668000 -0.116409
v 0.049494 0.668667 -0.119488
v 0.059396 0.668000 -0.111122
v 0.060967 0.668667 -0.114062
v 0.050259 0.670667 -0.121336
v 0.050514 0.674000 -0.121952
v 0.061910 0.670667 -0.115826
v 0.062224 0.674000 -0.116414
v 0.050514 0.737000 -0.121952
v 0.050642 0.738667 -0.122260
v 0.051024 0.739667 -0.123184
v 0.051662 0.740000 -0.124724
v 0.062224 0.737000 -0.116414
v 0.062382 0.738667 -0.116708
v 0.123579 0.668000 -0.024581
v 0.120574 0.668000 -0.036576
v 0.123764 0.668667 -0.037543
v 0.116409 0.668000 -0.048218
v 0.111122 0.668000 -0.059396
v 0.114062 0.668667 -0.060967
v 0.119488 0.668667 -0.049494
v 0.115826 0.670667 -0.061910
v 0.116414 0.674000 -0.062224
v 0.116414 0.676000 -0.062224
v 0.121336 0.670667 -0.050259
v 0.121952 0.674000 -0.050514
v 0.121952 0.676000 -0.050514
v 0.102375 0.562037 -0.124745
v 0.124745 0.562037 -0.102375
v 0.114109 0.562037 -0.114109
v 0.118794 0.573335 -0.118794
v 0.122418 0.585886 -0.122418
v 0.124451 0.600000 -0.124451
v 0.089095 0.668000 -0.089095
v 0.091452 0.668667 -0.091452
v 0.092867 0.670667 -0.092867
v 0.093338 0.674000 -0.093338
v 0.093338 0.737000 -0.093338
v 0.093574 0.738667 -0.093574
v 0.070002 0.668000 -0.104765
v 0.071854 0.668667 -0.107537
v 0.072965 0.670667 -0.109200
v 0.073335 0.674000 -0.109754
v 0.079934 0.668000 -0.097399
v 0.082048 0.668667 -0.099976
v 0.083317 0.670667 -0.101522
v 0.083740 0.674000 -0.102037
v 0.062853 0.739667 -0.117590
v 0.063639 0.740000 -0.119059
v 0.073335 0.737000 -0.109754
v 0.073520 0.738667 -0.110031
v 0.074076 0.739667 -0.110863
v 0.075002 0.740000 -0.112248
v 0.083740 0.737000 -0.102037
v 0.083951 0.738667 -0.102295
v 0.084586 0.739667 -0.103068
v 0.085643 0.740000 -0.104356
v 0.104765 0.668000 -0.070002
v 0.107537 0.668667 -0.071854
v 0.109200 0.670667 -0.072965
v 0.097399 0.668000 -0.079934
v 0.099976 0.668667 -0.082048
v 0.101522 0.670667 -0.083317
v 0.102037 0.674000 -0.083740
v 0.111247 0.676000 -0.070845
v 0.109754 0.674000 -0.073335
v 0.102037 0.737000 -0.083740
v 0.102295 0.738667 -0.083951
v 0.103068 0.739667 -0.084586
v 0.104356 0.740000 -0.085643
v 0.111247 0.737000 -0.070845
v 0.109754 0.737000 -0.073335
v 0.110031 0.738667 -0.073520
v 0.110863 0.739667 -0.074076
v 0.111572 0.738667 -0.070950
v 0.112546 0.739667 -0.071267
v 0.112248 0.740000 -0.075002
v 0.114171 0.740000 -0.071795
v 0.094281 0.739667 -0.094281
v 0.095459 0.740000 -0.095459
v 0.121622 0.740000 -0.121622
v 0.124451 0.736000 -0.124451
v 0.123194 0.739556 -0.123194
v 0.124137 0.738222 -0.124137
v 0.000000 0.391074 -0.134593
v 0.013192 0.391074 -0.133944
v 0.026258 0.391074 -0.132006
v 0.000000 0.441134 -0.130741
v 0.012815 0.441134 -0.130111
v 0.025506 0.441134 -0.128229
v 0.039070 0.391074 -0.128797
v 0.037952 0.441134 -0.125111
v 0.000000 0.474778 -0.128240
v 0.000000 0.476187 -0.128337
v 0.000000 0.477194 -0.128868
v 0.000000 0.477799 -0.129833
v 0.000000 0.478000 -0.131231
v 0.012570 0.474778 -0.127622
v 0.012579 0.476187 -0.127719
v 0.012631 0.477194 -0.128247
v 0.012726 0.477799 -0.129207
v 0.012863 0.478000 -0.130599
v 0.000000 0.478000 -0.144000
v 0.000000 0.480331 -0.150661
v 0.000000 0.482219 -0.152000
v 0.014114 0.478000 -0.143307
v 0.014767 0.480331 -0.149935
v 0.014899 0.482219 -0.151268
v 0.000000 0.507781 -0.152000
v 0.014899 0.507781 -0.151268
v 0.025018 0.474778 -0.125775
v 0.025037 0.476187 -0.125871
v 0.025141 0.477194 -0.126392
v 0.025329 0.477799 -0.127338
v 0.025602 0.478000 -0.128710
v 0.028093 0.478000 -0.141233
v 0.029392 0.480331 -0.147766
v 0.029654 0.482219 -0.149079
v 0.029654 0.507781 -0.149079
v 0.000000 0.514396 -0.133454
v 0.000000 0.513408 -0.134625
v 0.000000 0.512897 -0.136522
v 0.000000 0.515862 -0.133010
v 0.000000 0.517807 -0.133294
v 0.000000 0.523144 -0.134875
v 0.013081 0.514396 -0.132811
v 0.013037 0.515862 -0.132370
v 0.013065 0.517807 -0.132652
v 0.013196 0.513408 -0.133976
v 0.013382 0.512897 -0.135865
v 0.013220 0.523144 -0.134226
v 0.000000 0.532545 -0.140000
v 0.013722 0.532545 -0.139326
v 0.000000 0.512000 -0.144000
v 0.000000 0.509669 -0.150661
v 0.014114 0.512000 -0.143307
v 0.014767 0.509669 -0.149935
v 0.000000 0.541953 -0.146625
v 0.000000 0.551680 -0.154000
v 0.014372 0.541953 -0.145919
v 0.015095 0.551680 -0.153258
v 0.026036 0.514396 -0.130890
v 0.026264 0.513408 -0.132038
v 0.025949 0.515862 -0.130455
v 0.026004 0.517807 -0.130733
v 0.026313 0.523144 -0.132283
v 0.026634 0.512897 -0.133899
v 0.027313 0.532545 -0.137310
v 0.028093 0.512000 -0.141233
v 0.029392 0.509669 -0.147766
v 0.028605 0.541953 -0.143808
v 0.030044 0.551680 -0.151041
v 0.038094 0.478000 -0.125581
v 0.041801 0.478000 -0.137799
v 0.043734 0.480331 -0.144173
v 0.044123 0.482219 -0.145455
v 0.044123 0.507781 -0.145455
v 0.055106 0.478000 -0.133039
v 0.057655 0.480331 -0.139192
v 0.058168 0.482219 -0.140430
v 0.058168 0.507781 -0.140430
v 0.038740 0.514396 -0.127707
v 0.038611 0.515862 -0.127283
v 0.038693 0.517807 -0.127554
v 0.039079 0.513408 -0.128828
v 0.039630 0.512897 -0.130644
v 0.039152 0.523144 -0.129067
v 0.041801 0.512000 -0.137799
v 0.040640 0.532545 -0.133972
v 0.042563 0.541953 -0.140311
v 0.043734 0.509669 -0.144173
v 0.044704 0.551680 -0.147369
v 0.052245 0.512897 -0.126130
v 0.055106 0.512000 -0.133039
v 0.057655 0.509669 -0.139192
v 0.053576 0.532545 -0.129343
v 0.056111 0.541953 -0.135464
v 0.058933 0.551680 -0.142277
v 0.067881 0.478000 -0.126997
v 0.071021 0.480331 -0.132871
v 0.071652 0.482219 -0.134052
v 0.071652 0.507781 -0.134052
v 0.083703 0.480331 -0.125270
v 0.084447 0.482219 -0.126383
v 0.084447 0.507781 -0.126383
v 0.067881 0.512000 -0.126997
v 0.071021 0.509669 -0.132871
v 0.069119 0.541953 -0.129312
v 0.072595 0.551680 -0.135816
v 0.083703 0.509669 -0.125270
v 0.085558 0.551680 -0.128046
v 0.000000 0.562037 -0.161375
v 0.000000 0.573335 -0.168000
v 0.000000 0.585886 -0.173125
v 0.000000 0.600000 -0.176000
v 0.015818 0.562037 -0.160598
v 0.016467 0.573335 -0.167191
v 0.016969 0.585886 -0.172291
v 0.017251 0.600000 -0.175153
v 0.046845 0.562037 -0.154426
v 0.061756 0.562037 -0.149091
v 0.031483 0.562037 -0.158274
v 0.032775 0.573335 -0.164772
v 0.033775 0.585886 -0.169798
v 0.034336 0.600000 -0.172618
v 0.048768 0.573335 -0.160766
v 0.050256 0.585886 -0.165670
v 0.051090 0.600000 -0.168421
v 0.000000 0.668000 -0.126000
v 0.000000 0.668667 -0.129333
v 0.012350 0.668000 -0.125393
v 0.012677 0.668667 -0.128711
v 0.000000 0.670667 -0.131333
v 0.000000 0.674000 -0.132000
v 0.000000 0.676000 -0.132000
v 0.012873 0.670667 -0.130701
v 0.012938 0.674000 -0.131364
v 0.012938 0.676000 -0.131364
v 0.025232 0.668667 -0.126848
v 0.025622 0.670667 -0.128810
v 0.025752 0.674000 -0.129464
v 0.025752 0.676000 -0.129464
v 0.000000 0.676000 -0.176000
v 0.017251 0.676000 -0.175153
v 0.033000 0.676000 -0.127648
v 0.038124 0.670667 -0.125678
v 0.038318 0.674000 -0.126316
v 0.033000 0.737000 -0.127648
v 0.033000 0.738667 -0.127991
v 0.033000 0.739667 -0.129021
v 0.033000 0.740000 -0.130737
v 0.038318 0.737000 -0.126316
v 0.038414 0.738667 -0.126635
v 0.038705 0.739667 -0.127592
v 0.039188 0.740000 -0.129187
v 0.033000 0.676000 -0.172816
v 0.033000 0.740000 -0.165902
v 0.033000 0.740000 -0.168777
v 0.033000 0.739556 -0.171021
v 0.033556 0.740000 -0.168695
v 0.033989 0.739556 -0.170875
v 0.033000 0.736000 -0.172816
v 0.033000 0.738222 -0.172368
v 0.034336 0.736000 -0.172618
v 0.034249 0.738222 -0.172182
v 0.049929 0.740000 -0.164594
v 0.050574 0.739556 -0.166720
v 0.051090 0.736000 -0.168421
v 0.050961 0.738222 -0.167996
v 0.064291 0.573335 -0.155212
v 0.076072 0.562037 -0.142320
v 0.089655 0.562037 -0.134178
v 0.093336 0.573335 -0.139687
v 0.079195 0.573335 -0.148163
v 0.081611 0.585886 -0.152683
v 0.082966 0.600000 -0.155218
v 0.066252 0.585886 -0.159947
v 0.067352 0.600000 -0.162603
v 0.106578 0.573335 -0.129866
v 0.096183 0.585886 -0.143948
v 0.097780 0.600000 -0.146339
v 0.109829 0.585886 -0.133827
v 0.111653 0.600000 -0.136050
v 0.081080 0.740000 -0.151690
v 0.082128 0.739556 -0.153650
v 0.082966 0.736000 -0.155218
v 0.082756 0.738222 -0.154826
v 0.065822 0.740000 -0.158907
v 0.066672 0.739556 -0.160960
v 0.067352 0.736000 -0.162603
v 0.067182 0.738222 -0.162192
v 0.109116 0.740000 -0.132958
v 0.095558 0.740000 -0.143013
v 0.096793 0.739556 -0.144860
v 0.097533 0.738222 -0.145969
v 0.097780 0.736000 -0.146339
v 0.110525 0.739556 -0.134676
v 0.111653 0.736000 -0.136050
v 0.111371 0.738222 -0.135706
v 0.134593 0.391074 0.000000
v 0.133944 0.391074 -0.013192
v 0.132006 0.391074 -0.026258
v 0.130741 0.441134 0.000000
v 0.130111 0.441134 -0.012815
v 0.128229 0.441134 -0.025506
v 0.128797 0.391074 -0.039070
v 0.125111 0.441134 -0.037952
v 0.128240 0.474778 0.000000
v 0.128337 0.476187 0.000000
v 0.128868 0.477194 0.000000
v 0.129833 0.477799 0.000000
v 0.131231 0.478000 0.000000
v 0.127622 0.474778 -0.012570
v 0.127719 0.476187 -0.012579
v 0.128247 0.477194 -0.012631
v 0.129207 0.477799 -0.012726
v 0.130599 0.478000 -0.012863
v 0.125775 0.474778 -0.025018
v 0.125871 0.476187 -0.025037
v 0.126392 0.477194 -0.025141
v 0.127338 0.477799 -0.025329
v 0.128710 0.478000 -0.025602
v 0.144000 0.478000 0.000000
v 0.143307 0.478000 -0.014114
v 0.150661 0.480331 0.000000
v 0.152000 0.482219 0.000000
v 0.149935 0.480331 -0.014767
v 0.151268 0.482219 -0.014899
v 0.152000 0.507781 0.000000
v 0.151268 0.507781 -0.014899
v 0.141233 0.478000 -0.028093
v 0.147766 0.480331 -0.029392
v 0.149079 0.482219 -0.029654
v 0.149079 0.507781 -0.029654
v 0.132811 0.514396 -0.013081
v 0.132370 0.515862 -0.013037
v 0.132652 0.517807 -0.013065
v 0.133454 0.514396 0.000000
v 0.134625 0.513408 0.000000
v 0.136522 0.512897 0.000000
v 0.133010 0.515862 0.000000
v 0.133294 0.517807 0.000000
v 0.134875 0.523144 0.000000
v 0.133976 0.513408 -0.013196
v 0.135865 0.512897 -0.013382
v 0.134226 0.523144 -0.013220
v 0.140000 0.532545 0.000000
v 0.139326 0.532545 -0.013722
v 0.130890 0.514396 -0.026036
v 0.132038 0.513408 -0.026264
v 0.130455 0.515862 -0.025949
v 0.130733 0.517807 -0.026004
v 0.132283 0.523144 -0.026313
v 0.133899 0.512897 -0.026634
v 0.137310 0.532545 -0.027313
v 0.144000 0.512000 0.000000
v 0.143307 0.512000 -0.014114
v 0.150661 0.509669 0.000000
v 0.149935 0.509669 -0.014767
v 0.146625 0.541953 0.000000
v 0.145919 0.541953 -0.014372
v 0.154000 0.551680 0.000000
v 0.153258 0.551680 -0.015095
v 0.141233 0.512000 -0.028093
v 0.147766 0.509669 -0.029392
v 0.143808 0.541953 -0.028605
v 0.151041 0.551680 -0.030044
v 0.125581 0.478000 -0.038094
v 0.137799 0.478000 -0.041801
v 0.133039 0.478000 -0.055106
v 0.139192 0.480331 -0.057655
v 0.140430 0.482219 -0.058168
v 0.140430 0.507781 -0.058168
v 0.144173 0.480331 -0.043734
v 0.145455 0.482219 -0.044123
v 0.145455 0.507781 -0.044123
v 0.127707 0.514396 -0.038740
v 0.127283 0.515862 -0.038611
v 0.127554 0.517807 -0.038693
v 0.128828 0.513408 -0.039079
v 0.130644 0.512897 -0.039630
v 0.129067 0.523144 -0.039152
v 0.137799 0.512000 -0.041801
v 0.133972 0.532545 -0.040640
v 0.140311 0.541953 -0.042563
v 0.126130 0.512897 -0.052245
v 0.133039 0.512000 -0.055106
v 0.139192 0.509669 -0.057655
v 0.129343 0.532545 -0.053576
v 0.135464 0.541953 -0.056111
v 0.144173 0.509669 -0.043734
v 0.147369 0.551680 -0.044704
v 0.142277 0.551680 -0.058933
v 0.126997 0.478000 -0.067881
v 0.132871 0.480331 -0.071021
v 0.134052 0.482219 -0.071652
v 0.134052 0.507781 -0.071652
v 0.125270 0.480331 -0.083703
v 0.126383 0.482219 -0.084447
v 0.126383 0.507781 -0.084447
v 0.126997 0.512000 -0.067881
v 0.132871 0.509669 -0.071021
v 0.129312 0.541953 -0.069119
v 0.135816 0.551680 -0.072595
v 0.125270 0.509669 -0.083703
v 0.128046 0.551680 -0.085558
v 0.154426 0.562037 -0.046845
v 0.149091 0.562037 -0.061756
v 0.161375 0.562037 0.000000
v 0.168000 0.573335 0.000000
v 0.160598 0.562037 -0.015818
v 0.167191 0.573335 -0.016467
v 0.173125 0.585886 0.000000
v 0.176000 0.600000 0.000000
v 0.172291 0.585886 -0.016969
v 0.175153 0.600000 -0.017251
v 0.158274 0.562037 -0.031483
v 0.164772 0.573335 -0.032775
v 0.169798 0.585886 -0.033775
v 0.160766 0.573335 -0.048768
v 0.165670 0.585886 -0.050256
v 0.168421 0.600000 -0.051090
v 0.172618 0.600000 -0.034336
v 0.126000 0.668000 0.000000
v 0.129333 0.668667 0.000000
v 0.125393 0.668000 -0.012350
v 0.128711 0.668667 -0.012677
v 0.131333 0.670667 0.000000
v 0.132000 0.674000 0.000000
v 0.131604 0.676000 -0.008062
v 0.130701 0.670667 -0.012873
v 0.131364 0.674000 -0.012938
v 0.131364 0.676000 -0.012938
v 0.126848 0.668667 -0.025232
v 0.128810 0.670667 -0.025622
v 0.129464 0.674000 -0.025752
v 0.129464 0.676000 -0.025752
v 0.132000 0.737000 0.000000
v 0.132333 0.738667 0.000000
v 0.131604 0.737000 -0.008062
v 0.131932 0.738667 -0.008169
v 0.133333 0.739667 0.000000
v 0.135000 0.740000 0.000000
v 0.132916 0.739667 -0.008489
v 0.134557 0.740000 -0.009022
v 0.153242 0.740000 -0.015093
v 0.125678 0.670667 -0.038124
v 0.126316 0.674000 -0.038318
v 0.126316 0.676000 -0.038318
v 0.174450 0.676000 -0.021984
v 0.171172 0.740000 -0.016859
v 0.170597 0.740000 -0.020732
v 0.172000 0.740000 0.000000
v 0.174222 0.739556 0.000000
v 0.175556 0.738222 0.000000
v 0.176000 0.736000 0.000000
v 0.173383 0.739556 -0.017077
v 0.175153 0.736000 -0.017251
v 0.174710 0.738222 -0.017207
v 0.172738 0.739556 -0.021428
v 0.174450 0.736000 -0.021984
v 0.174022 0.738222 -0.021845
v 0.168421 0.676000 -0.051090
v 0.172618 0.676000 -0.034336
v 0.134178 0.562037 -0.089655
v 0.139687 0.573335 -0.093336
v 0.142320 0.562037 -0.076072
v 0.155212 0.573335 -0.064291
v 0.148163 0.573335 -0.079195
v 0.152683 0.585886 -0.081611
v 0.155218 0.600000 -0.082966
v 0.129866 0.573335 -0.106578
v 0.133827 0.585886 -0.109829
v 0.136050 0.600000 -0.111653
v 0.143948 0.585886 -0.096183
v 0.146339 0.600000 -0.097780
v 0.159947 0.585886 -0.066252
v 0.162603 0.600000 -0.067352
v 0.154132 0.676000 -0.084779
v 0.155218 0.676000 -0.082966
v 0.150233 0.740000 -0.083512
v 0.154132 0.736000 -0.084779
v 0.152399 0.739556 -0.084216
v 0.153698 0.738222 -0.084638
v 0.132958 0.740000 -0.109116
v 0.134676 0.739556 -0.110525
v 0.136050 0.736000 -0.111653
v 0.135706 0.738222 -0.111371
v 0.143013 0.740000 -0.095558
v 0.144860 0.739556 -0.096793
v 0.145969 0.738222 -0.097533
v 0.146339 0.736000 -0.097780
v 0.162603 0.676000 -0.067352
v 0.192000 0.084640 0.000000
v 0.191075 0.084640 -0.018819
v 0.188311 0.084640 -0.037457
v 0.183733 0.084640 -0.055735
v 0.177385 0.084640 -0.073475
v 0.169329 0.084640 -0.090508
v 0.159642 0.084640 -0.106669
v 0.148418 0.084640 -0.121804
v 0.135764 0.084640 -0.135764
v 0.121804 0.084640 -0.148418
v 0.106669 0.084640 -0.159642
v 0.090508 0.084640 -0.169329
v 0.073475 0.084640 -0.177385
v 0.055735 0.084640 -0.183733
v 0.037457 0.084640 -0.188311
v 0.018819 0.084640 -0.191075
v 0.000000 0.084640 -0.192000
v -0.018819 0.084640 -0.191075
v -0.037457 0.084640 -0.188311
v -0.055735 0.084640 -0.183733
v -0.073475 0.084640 -0.177385
v -0.090508 0.084640 -0.169329
v -0.106669 0.084640 -0.159642
v -0.121804 0.084640 -0.148418
v -0.135764 0.084640 -0.135764
v -0.148418 0.084640 -0.121804
v -0.159642 0.084640 -0.106669
v -0.169329 0.084640 -0.090508
v -0.177385 0.084640 -0.073475
v -0.183733 0.084640 -0.055735
v -0.188311 0.084640 -0.037457
v -0.191075 0.084640 -0.018819
v -0.192000 0.084640 -0.000000
v -0.191075 0.084640 0.018819
v -0.188311 0.084640 0.037457
v -0.183733 0.084640 0.055735
v -0.177385 0.084640 0.073475
v -0.169329 0.084640 0.090508
v -0.159642 0.084640 0.106669
v -0.148418 0.084640 0.121804
v -0.135764 0.084640 0.135764
v -0.121804 0.084640 0.148418
v -0.106669 0.084640 0.159642
v -0.090508 0.084640 0.169329
v -0.073475 0.084640 0.177385
v -0.055735 0.084640 0.183733
v -0.037457 0.084640 0.188311
v -0.018819 0.084640 0.191075
v -0.000000 0.084640 0.192000
v 0.018819 0.084640 0.191075
v 0.037457 0.084640 0.188311
v 0.055735 0.084640 0.183733
v 0.073475 0.084640 0.177385
v 0.090508 0.084640 0.169329
v 0.106669 0.084640 0.159642
v 0.121804 0.084640 0.148418
v 0.135764 0.084640 0.135764
v 0.148418 0.084640 0.121804
v 0.159642 0.084640 0.106669
v 0.169329 0.084640 0.090508
v 0.177385 0.084640 0.073475
v 0.183733 0.084640 0.055735
v 0.188311 0.084640 0.037457
v 0.191075 0.084640 0.018819
v 0.197889 0.088040 0.000000
v 0.196936 0.088040 -0.019397
v 0.194087 0.088040 -0.038606
v 0.189368 0.088040 -0.057444
v 0.182826 0.088040 -0.075729
v 0.174522 0.088040 -0.093284
v 0.164539 0.088040 -0.109941
v 0.152970 0.088040 -0.125539
v 0.139929 0.088040 -0.139929
v 0.125539 0.088040 -0.152970
v 0.109941 0.088040 -0.164539
v 0.093284 0.088040 -0.174522
v 0.075729 0.088040 -0.182826
v 0.057444 0.088040 -0.189368
v 0.038606 0.088040 -0.194087
v 0.019397 0.088040 -0.196936
v 0.000000 0.088040 -0.197889
v -0.019397 0.088040 -0.196936
v -0.038606 0.088040 -0.194087
v -0.057444 0.088040 -0.189368
v -0.075729 0.088040 -0.182826
v -0.093284 0.088040 -0.174522
v -0.109941 0.088040 -0.164539
v -0.125539 0.088040 -0.152970
v -0.139929 0.088040 -0.139929
v -0.152970 0.088040 -0.125539
v -0.164539 0.088040 -0.109941
v -0.174522 0.088040 -0.093284
v -0.182826 0.088040 -0.075729
v -0.189368 0.088040 -0.057444
v -0.194087 0.088040 -0.038606
v -0.196936 0.088040 -0.019397
v -0.197889 0.088040 -0.000000
v -0.196936 0.088040 0.019397
v -0.194087 0.088040 0.038606
v -0.189368 0.088040 0.057444
v -0.182826 0.088040 0.075729
v -0.174522 0.088040 0.093284
v -0.164539 0.088040 0.109941
v -0.152970 0.088040 0.125539
v -0.139929 0.088040 0.139929
v -0.125539 0.088040 0.152970
v -0.109941 0.088040 0.164539
v -0.093284 0.088040 0.174522
v -0.075729 0.088040 0.182826
v -0.057444 0.088040 0.189368
v -0.038606 0.088040 0.194087
v -0.019397 0.088040 0.196936
v -0.000000 0.088040 0.197889
v 0.019397 0.088040 0.196936
v 0.038606 0.088040 0.194087
v 0.057444 0.088040 0.189368
v 0.075729 0.088040 0.182826
v 0.093284 0.088040 0.174522
v 0.109941 0.088040 0.164539
v 0.125539 0.088040 0.152970
v 0.139929 0.088040 0.139929
v 0.152970 0.088040 0.125539
v 0.164539 0.088040 0.109941
v 0.174522 0.088040 0.093284
v 0.182826 0.088040 0.075729
v 0.189368 0.088040 0.057444
v 0.194087 0.088040 0.038606
v 0.196936 0.088040 0.019397
v 0.197889 0.094840 0.000000
v 0.196936 0.094840 -0.019397
v 0.194087 0.094840 -0.038606
v 0.189368 0.094840 -0.057444
v 0.182826 0.094840 -0.075729
v 0.174522 0.094840 -0.093284
v 0.164539 0.094840 -0.109941
v 0.152970 0.094840 -0.125539
v 0.139929 0.094840 -0.139929
v 0.125539 0.094840 -0.152970
v 0.109941 0.094840 -0.164539
v 0.093284 0.094840 -0.174522
v 0.075729 0.094840 -0.182826
v 0.057444 0.094840 -0.189368
v 0.038606 0.094840 -0.194087
v 0.019397 0.094840 -0.196936
v 0.000000 0.094840 -0.197889
v -0.019397 0.094840 -0.196936
v -0.038606 0.094840 -0.194087
v -0.057444 0.094840 -0.189368
v -0.075729 0.094840 -0.182826
v -0.093284 0.094840 -0.174522
v -0.109941 0.094840 -0.164539
v -0.125539 0.094840 -0.152970
v -0.139929 0.094840 -0.139929
v -0.152970 0.094840 -0.125539
v -0.164539 0.094840 -0.109941
v -0.174522 0.094840 -0.093284
v -0.182826 0.094840 -0.075729
v -0.189368 0.094840 -0.057444
v -0.194087 0.094840 -0.038606
v -0.196936 0.094840 -0.019397
v -0.197889 0.094840 -0.000000
v -0.196936 0.094840 0.019397
v -0.194087 0.094840 0.038606
v -0.189368 0.094840 0.057444
v -0.182826 0.094840 0.075729
v -0.174522 0.094840 0.093284
v -0.164539 0.094840 0.109941
v -0.152970 0.094840 0.125539
v -0.139929 0.094840 0.139929
v -0.125539 0.094840 0.152970
v -0.109941 0.094840 0.164539
v -0.093284 0.094840 0.174522
v -0.075729 0.094840 0.182826
v -0.057444 0.094840 0.189368
v -0.038606 0.094840 0.194087
v -0.019397 0.094840 0.196936
v -0.000000 0.094840 0.197889
v 0.019397 0.094840 0.196936
v 0.038606 0.094840 0.194087
v 0.057444 0.094840 0.189368
v 0.075729 0.094840 0.182826
v 0.093284 0.094840 0.174522
v 0.109941 0.094840 0.164539
v 0.125539 0.094840 0.152970
v 0.139929 0.094840 0.139929
v 0.152970 0.094840 0.125539
v 0.164539 0.094840 0.109941
v 0.174522 0.094840 0.093284
v 0.182826 0.094840 0.075729
v 0.189368 0.094840 0.057444
v 0.194087 0.094840 0.038606
v 0.196936 0.094840 0.019397
v 0.192000 0.098240 0.000000
v 0.191075 0.098240 -0.018819
v 0.188311 0.098240 -0.037457
v 0.183733 0.098240 -0.055735
v 0.177385 0.098240 -0.073475
v 0.169329 0.098240 -0.090508
v 0.159642 0.098240 -0.106669
v 0.148418 0.098240 -0.121804
v 0.135764 0.098240 -0.135764
v 0.121804 0.098240 -0.148418
v 0.106669 0.098240 -0.159642
v 0.090508 0.098240 -0.169329
v 0.073475 0.098240 -0.177385
v 0.055735 0.098240 -0.183733
v 0.037457 0.098240 -0.188311
v 0.018819 0.098240 -0.191075
v 0.000000 0.098240 -0.192000
v -0.018819 0.098240 -0.191075
v -0.037457 0.098240 -0.188311
v -0.055735 0.098240 -0.183733
v -0.073475 0.098240 -0.177385
v -0.090508 0.098240 -0.169329
v -0.106669 0.098240 -0.159642
v -0.121804 0.098240 -0.148418
v -0.135764 0.098240 -0.135764
v -0.148418 0.098240 -0.121804
v -0.159642 0.098240 -0.106669
v -0.169329 0.098240 -0.090508
v -0.177385 0.098240 -0.073475
v -0.183733 0.098240 -0.055735
v -0.188311 0.098240 -0.037457
v -0.191075 0.098240 -0.018819
v -0.192000 0.098240 -0.000000
v -0.191075 0.098240 0.018819
v -0.188311 0.098240 0.037457
v -0.183733 0.098240 0.055735
v -0.177385 0.098240 0.073475
v -0.169329 0.098240 0.090508
v -0.159642 0.098240 0.106669
v -0.148418 0.098240 0.121804
v -0.135764 0.098240 0.135764
v -0.121804 0.098240 0.148418
v -0.106669 0.098240 0.159642
v -0.090508 0.098240 0.169329
v -0.073475 0.098240 0.177385
v -0.055735 0.098240 0.183733
v -0.037457 0.098240 0.188311
v -0.018819 0.098240 0.191075
v -0.000000 0.098240 0.192000
v 0.018819 0.098240 0.191075
v 0.037457 0.098240 0.188311
v 0.055735 0.098240 0.183733
v 0.073475 0.098240 0.177385
v 0.090508 0.098240 0.169329
v 0.106669 0.098240 0.159642
v 0.121804 0.098240 0.148418
v 0.135764 0.098240 0.135764
v 0.148418 0.098240 0.121804
v 0.159642 0.098240 0.106669
v 0.169329 0.098240 0.090508
v 0.177385 0.098240 0.073475
v 0.183733 0.098240 0.055735
v 0.188311 0.098240 0.037457
v 0.191075 0.098240 0.018819
v 0.186111 0.094840 0.000000
v 0.185215 0.094840 -0.018242
v 0.182535 0.094840 -0.036308
v 0.178097 0.094840 -0.054025
v 0.171944 0.094840 -0.071222
v 0.164135 0.094840 -0.087732
v 0.154746 0.094840 -0.103398
v 0.143866 0.094840 -0.118068
v 0.131600 0.094840 -0.131600
v 0.118068 0.094840 -0.143866
v 0.103398 0.094840 -0.154746
v 0.087732 0.094840 -0.164135
v 0.071222 0.094840 -0.171944
v 0.054025 0.094840 -0.178097
v 0.036308 0.094840 -0.182535
v 0.018242 0.094840 -0.185215
v 0.000000 0.094840 -0.186111
v -0.018242 0.094840 -0.185215
v -0.036308 0.094840 -0.182535
v -0.054025 0.094840 -0.178097
v -0.071222 0.094840 -0.171944
v -0.087732 0.094840 -0.164135
v -0.103398 0.094840 -0.154746
v -0.118068 0.094840 -0.143866
v -0.131600 0.094840 -0.131600
v -0.143866 0.094840 -0.118068
v -0.154746 0.094840 -0.103398
v -0.164135 0.094840 -0.087732
v -0.171944 0.094840 -0.071222
v -0.178097 0.094840 -0.054025
v -0.182535 0.094840 -0.036308
v -0.185215 0.094840 -0.018242
v -0.186111 0.094840 -0.000000
v -0.185215 0.094840 0.018242
v -0.182535 0.094840 0.036308
v -0.178097 0.094840 0.054025
v -0.171944 0.094840 0.071222
v -0.164135 0.094840 0.087732
v -0.154746 0.094840 0.103398
v -0.143866 0.094840 0.118068
v -0.131600 0.094840 0.131600
v -0.118068 0.094840 0.143866
v -0.103398 0.094840 0.154746
v -0.087732 0.094840 0.164135
v -0.071222 0.094840 0.171944
v -0.054025 0.094840 0.178097
v -0.036308 0.094840 0.182535
v -0.018242 0.094840 0.185215
v -0.000000 0.094840 0.186111
v 0.018242 0.094840 0.185215
v 0.036308 0.094840 0.182535
v 0.054025 0.094840 0.178097
v 0.071222 0.094840 0.171944
v 0.087732 0.094840 0.164135
v 0.103398 0.094840 0.154746
v 0.118068 0.094840 0.143866
v 0.131600 0.094840 0.131600
v 0.143866 0.094840 0.118068
v 0.154746 0.094840 0.103398
v 0.164135 0.094840 0.087732
v 0.171944 0.094840 0.071222
v 0.178097 0.094840 0.054025
v 0.182535 0.094840 0.036308
v 0.185215 0.094840 0.018242
v 0.186111 0.088040 0.000000
v 0.185215 0.088040 -0.018242
v 0.182535 0.088040 -0.036308
v 0.178097 0.088040 -0.054025
v 0.171944 0.088040 -0.071222
v 0.164135 0.088040 -0.087732
v 0.154746 0.088040 -0.103398
v 0.143866 0.088040 -0.118068
v 0.131600 0.088040 -0.131600
v 0.118068 0.088040 -0.143866
v 0.103398 0.088040 -0.154746
v 0.087732 0.088040 -0.164135
v 0.071222 0.088040 -0.171944
v 0.054025 0.088040 -0.178097
v 0.036308 0.088040 -0.182535
v 0.018242 0.088040 -0.185215
v 0.000000 0.088040 -0.186111
v -0.018242 0.088040 -0.185215
v -0.036308 0.088040 -0.182535
v -0.054025 0.088040 -0.178097
v -0.071222 0.088040 -0.171944
v -0.087732 0.088040 -0.164135
v -0.103398 0.088040 -0.154746
v -0.118068 0.088040 -0.143866
v -0.131600 0.088040 -0.131600
v -0.143866 0.088040 -0.118068
v -0.154746 0.088040 -0.103398
v -0.164135 0.088040 -0.087732
v -0.171944 0.088040 -0.071222
v -0.178097 0.088040 -0.054025
v -0.182535 0.088040 -0.036308
v -0.185215 0.088040 -0.018242
v -0.186111 0.088040 -0.000000
v -0.185215 0.088040 0.018242
v -0.182535 0.088040 0.036308
v -0.178097 0.088040 0.054025
v -0.171944 0.088040 0.071222
v -0.164135 0.088040 0.087732
v -0.154746 0.088040 0.103398
v -0.143866 0.088040 0.118068
v -0.131600 0.088040 0.131600
v -0.118068 0.088040 0.143866
v -0.103398 0.088040 0.154746
v -0.087732 0.088040 0.164135
v -0.071222 0.088040 0.171944
v -0.054025 0.088040 0.178097
v -0.036308 0.088040 0.182535
v -0.018242 0.088040 0.185215
v -0.000000 0.088040 0.186111
v 0.018242 0.088040 0.185215
v 0.036308 0.088040 0.182535
v 0.054025 0.088040 0.178097
v 0.071222 0.088040 0.171944
v 0.087732 0.088040 0.164135
v 0.103398 0.088040 0.154746
v 0.118068 0.088040 0.143866
v 0.131600 0.088040 0.131600
v 0.143866 0.088040 0.118068
v 0.154746 0.088040 0.103398
v 0.164135 0.088040 0.087732
v 0.171944 0.088040 0.071222
v 0.178097 0.088040 0.054025
v 0.182535 0.088040 0.036308
v 0.185215 0.088040 0.018242
v 0.144000 0.488500 0.000000
v 0.143307 0.488500 -0.014114
v 0.141233 0.488500 -0.028093
v 0.137799 0.488500 -0.041801
v 0.133039 0.488500 -0.055106
v 0.126997 0.488500 -0.067881
v 0.119732 0.488500 -0.080002
v 0.111313 0.488500 -0.091353
v 0.101823 0.488500 -0.101823
v 0.091353 0.488500 -0.111313
v 0.080002 0.488500 -0.119732
v 0.067881 0.488500 -0.126997
v 0.055106 0.488500 -0.133039
v 0.041801 0.488500 -0.137799
v 0.028093 0.488500 -0.141233
v 0.014114 0.488500 -0.143307
v 0.000000 0.488500 -0.144000
v -0.014114 0.488500 -0.143307
v -0.028093 0.488500 -0.141233
v -0.041801 0.488500 -0.137799
v -0.055106 0.488500 -0.133039
v -0.067881 0.488500 -0.126997
v -0.080002 0.488500 -0.119732
v -0.091353 0.488500 -0.111313
v -0.101823 0.488500 -0.101823
v -0.111313 0.488500 -0.091353
v -0.119732 0.488500 -0.080002
v -0.126997 0.488500 -0.067881
v -0.133039 0.488500 -0.055106
v -0.137799 0.488500 -0.041801
v -0.141233 0.488500 -0.028093
v -0.143307 0.488500 -0.014114
v -0.144000 0.488500 -0.000000
v -0.143307 0.488500 0.014114
v -0.141233 0.488500 0.028093
v -0.137799 0.488500 0.041801
v -0.133039 0.488500 0.055106
v -0.126997 0.488500 0.067881
v -0.119732 0.488500 0.080002
v -0.111313 0.488500 0.091353
v -0.101823 0.488500 0.101823
v -0.091353 0.488500 0.111313
v -0.080002 0.488500 0.119732
v -0.067881 0.488500 0.126997
v -0.055106 0.488500 0.133039
v -0.041801 0.488500 0.137799
v -0.028093 0.488500 0.141233
v -0.014114 0.488500 0.143307
v -0.000000 0.488500 0.144000
v 0.014114 0.488500 0.143307
v 0.028093 0.488500 0.141233
v 0.041801 0.488500 0.137799
v 0.055106 0.488500 0.133039
v 0.067881 0.488500 0.126997
v 0.080002 0.488500 0.119732
v 0.091353 0.488500 0.111313
v 0.101823 0.488500 0.101823
v 0.111313 0.488500 0.091353
v 0.119732 0.488500 0.080002
v 0.126997 0.488500 0.067881
v 0.133039 0.488500 0.055106
v 0.137799 0.488500 0.041801
v 0.141233 0.488500 0.028093
v 0.143307 0.488500 0.014114
v 0.153500 0.488500 0.000000
v 0.152761 0.488500 -0.015046
v 0.150551 0.488500 -0.029946
v 0.146890 0.488500 -0.044559
v 0.141815 0.488500 -0.058742
v 0.135375 0.488500 -0.072359
v 0.127631 0.488500 -0.085280
v 0.118657 0.488500 -0.097379
v 0.108541 0.488500 -0.108541
v 0.097379 0.488500 -0.118657
v 0.085280 0.488500 -0.127631
v 0.072359 0.488500 -0.135375
v 0.058742 0.488500 -0.141815
v 0.044559 0.488500 -0.146890
v 0.029946 0.488500 -0.150551
v 0.015046 0.488500 -0.152761
v 0.000000 0.488500 -0.153500
v -0.015046 0.488500 -0.152761
v -0.029946 0.488500 -0.150551
v -0.044559 0.488500 -0.146890
v -0.058742 0.488500 -0.141815
v -0.072359 0.488500 -0.135375
v -0.085280 0.488500 -0.127631
v -0.097379 0.488500 -0.118657
v -0.108541 0.488500 -0.108541
v -0.118657 0.488500 -0.097379
v -0.127631 0.488500 -0.085280
v -0.135375 0.488500 -0.072359
v -0.141815 0.488500 -0.058742
v -0.146890 0.488500 -0.044559
v -0.150551 0.488500 -0.029946
v -0.152761 0.488500 -0.015046
v -0.153500 0.488500 -0.000000
v -0.152761 0.488500 0.015046
v -0.150551 0.488500 0.029946
v -0.146890 0.488500 0.044559
v -0.141815 0.488500 0.058742
v -0.135375 0.488500 0.072359
v -0.127631 0.488500 0.085280
v -0.118657 0.488500 0.097379
v -0.108541 0.488500 0.108541
v -0.097379 0.488500 0.118657
v -0.085280 0.488500 0.127631
v -0.072359 0.488500 0.135375
v -0.058742 0.488500 0.141815
v -0.044559 0.488500 0.146890
v -0.029946 0.488500 0.150551
v -0.015046 0.488500 0.152761
v -0.000000 0.488500 0.153500
v 0.015046 0.488500 0.152761
v 0.029946 0.488500 0.150551
v 0.044559 0.488500 0.146890
v 0.058742 0.488500 0.141815
v 0.072359 0.488500 0.135375
v 0.085280 0.488500 0.127631
v 0.097379 0.488500 0.118657
v 0.108541 0.488500 0.108541
v 0.118657 0.488500 0.097379
v 0.127631 0.488500 0.085280
v 0.135375 0.488500 0.072359
v 0.141815 0.488500 0.058742
v 0.146890 0.488500 0.044559
v 0.150551 0.488500 0.029946
v 0.152761 0.488500 0.015046
v 0.155500 0.490500 0.000000
v 0.154751 0.490500 -0.015242
v 0.152512 0.490500 -0.030337
v 0.148804 0.490500 -0.045139
v 0.143663 0.490500 -0.059507
v 0.137139 0.490500 -0.073302
v 0.129294 0.490500 -0.086391
v 0.120203 0.490500 -0.098648
v 0.109955 0.490500 -0.109955
v 0.098648 0.490500 -0.120203
v 0.086391 0.490500 -0.129294
v 0.073302 0.490500 -0.137139
v 0.059507 0.490500 -0.143663
v 0.045139 0.490500 -0.148804
v 0.030337 0.490500 -0.152512
v 0.015242 0.490500 -0.154751
v 0.000000 0.490500 -0.155500
v -0.015242 0.490500 -0.154751
v -0.030337 0.490500 -0.152512
v -0.045139 0.490500 -0.148804
v -0.059507 0.490500 -0.143663
v -0.073302 0.490500 -0.137139
v -0.086391 0.490500 -0.129294
v -0.098648 0.490500 -0.120203
v -0.109955 0.490500 -0.109955
v -0.120203 0.490500 -0.098648
v -0.129294 0.490500 -0.086391
v -0.137139 0.490500 -0.073302
v -0.143663 0.490500 -0.059507
v -0.148804 0.490500 -0.045139
v -0.152512 0.490500 -0.030337
v -0.154751 0.490500 -0.015242
v -0.155500 0.490500 -0.000000
v -0.154751 0.490500 0.015242
v -0.152512 0.490500 0.030337
v -0.148804 0.490500 0.045139
v -0.143663 0.490500 0.059507
v -0.137139 0.490500 0.073302
v -0.129294 0.490500 0.086391
v -0.120203 0.490500 0.098648
v -0.109955 0.490500 0.109955
v -0.098648 0.490500 0.120203
v -0.086391 0.490500 0.129294
v -0.073302 0.490500 0.137139
v -0.059507 0.490500 0.143663
v -0.045139 0.490500 0.148804
v -0.030337 0.490500 0.152512
v -0.015242 0.490500 0.154751
v -0.000000 0.490500 0.155500
v 0.015242 0.490500 0.154751
v 0.030337 0.490500 0.152512
v 0.045139 0.490500 0.148804
v 0.059507 0.490500 0.143663
v 0.073302 0.490500 0.137139
v 0.086391 0.490500 0.129294
v 0.098648 0.490500 0.120203
v 0.109955 0.490500 0.109955
v 0.120203 0.490500 0.098648
v 0.129294 0.490500 0.086391
v 0.137139 0.490500 0.073302
v 0.143663 0.490500 0.059507
v 0.148804 0.490500 0.045139
v 0.152512 0.490500 0.030337
v 0.154751 0.490500 0.015242
v 0.155500 0.499500 0.000000
v 0.154751 0.499500 -0.015242
v 0.152512 0.499500 -0.030337
v 0.148804 0.499500 -0.045139
v 0.143663 0.499500 -0.059507
v 0.137139 0.499500 -0.073302
v 0.129294 0.499500 -0.086391
v 0.120203 0.499500 -0.098648
v 0.109955 0.499500 -0.109955
v 0.098648 0.499500 -0.120203
v 0.086391 0.499500 -0.129294
v 0.073302 0.499500 -0.137139
v 0.059507 0.499500 -0.143663
v 0.045139 0.499500 -0.148804
v 0.030337 0.499500 -0.152512
v 0.015242 0.499500 -0.154751
v 0.000000 0.499500 -0.155500
v -0.015242 0.499500 -0.154751
v -0.030337 0.499500 -0.152512
v -0.045139 0.499500 -0.148804
v -0.059507 0.499500 -0.143663
v -0.073302 0.499500 -0.137139
v -0.086391 0.499500 -0.129294
v -0.098648 0.499500 -0.120203
v -0.109955 0.499500 -0.109955
v -0.120203 0.499500 -0.098648
v -0.129294 0.499500 -0.086391
v -0.137139 0.499500 -0.073302
v -0.143663 0.499500 -0.059507
v -0.148804 0.499500 -0.045139
v -0.152512 0.499500 -0.030337
v -0.154751 0.499500 -0.015242
v -0.155500 0.499500 -0.000000
v -0.154751 0.499500 0.015242
v -0.152512 0.499500 0.030337
v -0.148804 0.499500 0.045139
v -0.143663 0.499500 0.059507
v -0.137139 0.499500 0.073302
v -0.129294 0.499500 0.086391
v -0.120203 0.499500 0.098648
v -0.109955 0.499500 0.109955
v -0.098648 0.499500 0.120203
v -0.086391 0.499500 0.129294
v -0.073302 0.499500 0.137139
v -0.059507 0.499500 0.143663
v -0.045139 0.499500 0.148804
v -0.030337 0.499500 0.152512
v -0.015242 0.499500 0.154751
v -0.000000 0.499500 0.155500
v 0.015242 0.499500 0.154751
v 0.030337 0.499500 0.152512
v 0.045139 0.499500 0.148804
v 0.059507 0.499500 0.143663
v 0.073302 0.499500 0.137139
v 0.086391 0.499500 0.129294
v 0.098648 0.499500 0.120203
v 0.109955 0.499500 0.109955
v 0.120203 0.499500 0.098648
v 0.129294 0.499500 0.086391
v 0.137139 0.499500 0.073302
v 0.143663 0.499500 0.059507
v 0.148804 0.499500 0.045139
v 0.152512 0.499500 0.030337
v 0.154751 0.499500 0.015242
v 0.153500 0.501500 0.000000
v 0.152761 0.501500 -0.015046
v 0.150551 0.501500 -0.029946
v 0.146890 0.501500 -0.044559
v 0.141815 0.501500 -0.058742
v 0.135375 0.501500 -0.072359
v 0.127631 0.501500 -0.085280
v 0.118657 0.501500 -0.097379
v 0.108541 0.501500 -0.108541
v 0.097379 0.501500 -0.118657
v 0.085280 0.501500 -0.127631
v 0.072359 0.501500 -0.135375
v 0.058742 0.501500 -0.141815
v 0.044559 0.501500 -0.146890
v 0.029946 0.501500 -0.150551
v 0.015046 0.501500 -0.152761
v 0.000000 0.501500 -0.153500
v -0.015046 0.501500 -0.152761
v -0.029946 0.501500 -0.150551
v -0.044559 0.501500 -0.146890
v -0.058742 0.501500 -0.141815
v -0.072359 0.501500 -0.135375
v -0.085280 0.501500 -0.127631
v -0.097379 0.501500 -0.118657
v -0.108541 0.501500 -0.108541
v -0.118657 0.501500 -0.097379
v -0.127631 0.501500 -0.085280
v -0.135375 0.501500 -0.072359
v -0.141815 0.501500 -0.058742
v -0.146890 0.501500 -0.044559
v -0.150551 0.501500 -0.029946
v -0.152761 0.501500 -0.015046
v -0.153500 0.501500 -0.000000
v -0.152761 0.501500 0.015046
v -0.150551 0.501500 0.029946
v -0.146890 0.501500 0.044559
v -0.141815 0.501500 0.058742
v -0.135375 0.501500 0.072359
v -0.127631 0.501500 0.085280
v -0.118657 0.501500 0.097379
v -0.108541 0.501500 0.108541
v -0.097379 0.501500 0.118657
v -0.085280 0.501500 0.127631
v -0.072359 0.501500 0.135375
v -0.058742 0.501500 0.141815
v -0.044559 0.501500 0.146890
v -0.029946 0.501500 0.150551
v -0.015046 0.501500 0.152761
v -0.000000 0.501500 0.153500
v 0.015046 0.501500 0.152761
v 0.029946 0.501500 0.150551
v 0.044559 0.501500 0.146890
v 0.058742 0.501500 0.141815
v 0.072359 0.501500 0.135375
v 0.085280 0.501500 0.127631
v 0.097379 0.501500 0.118657
v 0.108541 0.501500 0.108541
v 0.118657 0.501500 0.097379
v 0.127631 0.501500 0.085280
v 0.135375 0.501500 0.072359
v 0.141815 0.501500 0.058742
v 0.146890 0.501500 0.044559
v 0.150551 0.501500 0.029946
v 0.152761 0.501500 0.015046
v 0.144000 0.501500 0.000000
v 0.143307 0.501500 -0.014114
v 0.141233 0.501500 -0.028093
v 0.137799 0.501500 -0.041801
v 0.133039 0.501500 -0.055106
v 0.126997 0.501500 -0.067881
v 0.119732 0.501500 -0.080002
v 0.111313 0.501500 -0.091353
v 0.101823 0.501500 -0.101823
v 0.091353 0.501500 -0.111313
v 0.080002 0.501500 -0.119732
v 0.067881 0.501500 -0.126997
v 0.055106 0.501500 -0.133039
v 0.041801 0.501500 -0.137799
v 0.028093 0.501500 -0.141233
v 0.014114 0.501500 -0.143307
v 0.000000 0.501500 -0.144000
v -0.014114 0.501500 -0.143307
v -0.028093 0.501500 -0.141233
v -0.041801 0.501500 -0.137799
v -0.055106 0.501500 -0.133039
v -0.067881 0.501500 -0.126997
v -0.080002 0.501500 -0.119732
v -0.091353 0.501500 -0.111313
v -0.101823 0.501500 -0.101823
v -0.111313 0.501500 -0.091353
v -0.119732 0.501500 -0.080002
v -0.126997 0.501500 -0.067881
v -0.133039 0.501500 -0.055106
v -0.137799 0.501500 -0.041801
v -0.141233 0.501500 -0.028093
v -0.143307 0.501500 -0.014114
v -0.144000 0.501500 -0.000000
v -0.143307 0.501500 0.014114
v -0.141233 0.501500 0.028093
v -0.137799 0.501500 0.041801
v -0.133039 0.501500 0.055106
v -0.126997 0.501500 0.067881
v -0.119732 0.501500 0.080002
v -0.111313 0.501500 0.091353
v -0.101823 0.501500 0.101823
v -0.091353 0.501500 0.111313
v -0.080002 0.501500 0.119732
v -0.067881 0.501500 0.126997
v -0.055106 0.501500 0.133039
v -0.041801 0.501500 0.137799
v -0.028093 0.501500 0.141233
v -0.014114 0.501500 0.143307
v -0.000000 0.501500 0.144000
v 0.014114 0.501500 0.143307
v 0.028093 0.501500 0.141233
v 0.041801 0.501500 0.137799
v 0.055106 0.501500 0.133039
v 0.067881 0.501500 0.126997
v 0.080002 0.501500 0.119732
v 0.091353 0.501500 0.111313
v 0.101823 0.501500 0.101823
v 0.111313 0.501500 0.091353
v 0.119732 0.501500 0.080002
v 0.126997 0.501500 0.067881
v 0.133039 0.501500 0.055106
v 0.137799 0.501500 0.041801
v 0.141233 0.501500 0.028093
v 0.143307 0.501500 0.014114
vn 0.3425 0.4459 -0.8270
vn 0.4219 0.4459 -0.7894
vn 0.4678 0.1239 -0.8751
vn 0.3838 0.1365 -0.9133
vn -0.0000 -1.0000 -0.0000
vn 0.5914 -0.8064 -0.0000
vn 0.5885 -0.8064 -0.0580
vn 0.5800 -0.8064 -0.1154
vn 0.5659 -0.8064 -0.1717
vn 0.5463 -0.8064 -0.2263
vn 0.5215 -0.8064 -0.2788
vn 0.4917 -0.8064 -0.3285
vn 0.4571 -0.8064 -0.3752
vn 0.4182 -0.8064 -0.4182
vn 0.3752 -0.8064 -0.4571
vn 0.3285 -0.8064 -0.4917
vn 0.2788 -0.8064 -0.5215
vn 0.2263 -0.8064 -0.5463
vn 0.1717 -0.8064 -0.5659
vn 0.1154 -0.8064 -0.5800
vn 0.0580 -0.8064 -0.5885
vn -0.0000 -0.8064 -0.5914
vn -0.0580 -0.8064 -0.5885
vn -0.1154 -0.8064 -0.5800
vn -0.1717 -0.8064 -0.5659
vn -0.2263 -0.8064 -0.5463
vn -0.2788 -0.8064 -0.5215
vn -0.3285 -0.8064 -0.4917
vn -0.3752 -0.8064 -0.4571
vn -0.4182 -0.8064 -0.4182
vn -0.4571 -0.8064 -0.3752
vn -0.4917 -0.8064 -0.3285
vn -0.5215 -0.8064 -0.2788
vn -0.5463 -0.8064 -0.2263
vn -0.5659 -0.8064 -0.1717
vn -0.5800 -0.8064 -0.1154
vn -0.5885 -0.8064 -0.0580
vn -0.5914 -0.8064 -0.0000
vn -0.5885 -0.8064 0.0580
vn -0.5800 -0.8064 0.1154
vn -0.5659 -0.8064 0.1717
vn -0.5463 -0.8064 0.2263
vn -0.5215 -0.8064 0.2788
vn -0.4917 -0.8064 0.3285
vn -0.4571 -0.8064 0.3752
vn -0.4182 -0.8064 0.4182
vn -0.3752 -0.8064 0.4571
vn -0.3285 -0.8064 0.4917
vn -0.2788 -0.8064 0.5215
vn -0.2263 -0.8064 0.5463
vn -0.1717 -0.8064 0.5659
vn -0.1154 -0.8064 0.5800
vn -0.0580 -0.8064 0.5885
vn -0.0000 -0.8064 0.5914
vn 0.0580 -0.8064 0.5885
vn 0.1154 -0.8064 0.5800
vn 0.1717 -0.8064 0.5659
vn 0.2263 -0.8064 0.5463
vn 0.2788 -0.8064 0.5215
vn 0.3285 -0.8064 0.4917
vn 0.3752 -0.8064 0.4571
vn 0.4182 -0.8064 0.4182
vn 0.4571 -0.8064 0.3752
vn 0.4917 -0.8064 0.3285
vn 0.5215 -0.8064 0.2788
vn 0.5463 -0.8064 0.2263
vn 0.5659 -0.8064 0.1717
vn 0.5800 -0.8064 0.1154
vn 0.5885 -0.8064 0.0580
vn 0.7669 -0.6374 -0.0755
vn 0.7706 -0.6374 -0.0000
vn 0.7071 -0.7071 -0.0000
vn 0.7037 -0.7071 -0.0693
vn 0.7558 -0.6374 -0.1503
vn 0.6935 -0.7071 -0.1379
vn 0.7374 -0.6374 -0.2237
vn 0.6767 -0.7071 -0.2053
vn 0.6533 -0.7071 -0.2706
vn 0.7119 -0.6374 -0.2949
vn 0.6236 -0.7071 -0.3333
vn 0.6796 -0.6374 -0.3632
vn 0.6407 -0.6374 -0.4281
vn 0.5879 -0.7071 -0.3928
vn 0.5466 -0.7071 -0.4486
vn 0.5957 -0.6374 -0.4888
vn 0.5000 -0.7071 -0.5000
vn 0.5449 -0.6374 -0.5449
vn 0.4486 -0.7071 -0.5466
vn 0.4888 -0.6374 -0.5957
vn 0.3928 -0.7071 -0.5879
vn 0.4281 -0.6374 -0.6407
vn 0.3333 -0.7071 -0.6236
vn 0.3632 -0.6374 -0.6796
vn 0.2706 -0.7071 -0.6533
vn 0.2949 -0.6374 -0.7119
vn 0.2053 -0.7071 -0.6767
vn 0.2237 -0.6374 -0.7374
vn 0.1379 -0.7071 -0.6935
vn 0.1503 -0.6374 -0.7558
vn 0.0693 -0.7071 -0.7037
vn 0.0755 -0.6374 -0.7669
vn -0.0000 -0.7071 -0.7071
vn -0.0000 -0.6374 -0.7706
vn -0.0693 -0.7071 -0.7037
vn -0.0755 -0.6374 -0.7669
vn -0.1379 -0.7071 -0.6935
vn -0.1503 -0.6374 -0.7558
vn -0.2053 -0.7071 -0.6767
vn -0.2237 -0.6374 -0.7374
vn -0.2706 -0.7071 -0.6533
vn -0.2949 -0.6374 -0.7119
vn -0.3333 -0.7071 -0.6236
vn -0.3632 -0.6374 -0.6796
vn -0.3928 -0.7071 -0.5879
vn -0.4281 -0.6374 -0.6407
vn -0.4486 -0.7071 -0.5466
vn -0.4888 -0.6374 -0.5957
vn -0.5000 -0.7071 -0.5000
vn -0.5449 -0.6374 -0.5449
vn -0.5466 -0.7071 -0.4486
vn -0.5957 -0.6374 -0.4888
vn -0.5879 -0.7071 -0.3928
vn -0.6407 -0.6374 -0.4281
vn -0.6236 -0.7071 -0.3333
vn -0.6796 -0.6374 -0.3632
vn -0.6533 -0.7071 -0.2706
vn -0.7119 -0.6374 -0.2949
vn -0.6767 -0.7071 -0.2053
vn -0.7374 -0.6374 -0.2237
vn -0.6935 -0.7071 -0.1379
vn -0.7558 -0.6374 -0.1503
vn -0.7037 -0.7071 -0.0693
vn -0.7669 -0.6374 -0.0755
vn -0.7071 -0.7071 -0.0000
vn -0.7706 -0.6374 -0.0000
vn -0.7037 -0.7071 0.0693
vn -0.7669 -0.6374 0.0755
vn -0.6935 -0.7071 0.1379
vn -0.7558 -0.6374 0.1503
vn -0.6767 -0.7071 0.2053
vn -0.7374 -0.6374 0.2237
vn -0.7119 -0.6374 0.2949
vn -0.6533 -0.7071 0.2706
vn -0.6796 -0.6374 0.3632
vn -0.6236 -0.7071 0.3333
vn -0.5879 -0.7071 0.3928
vn -0.6407 -0.6374 0.4281
vn -0.5957 -0.6374 0.4888
vn -0.5466 -0.7071 0.4486
vn -0.5449 -0.6374 0.5449
vn -0.5000 -0.7071 0.5000
vn -0.4888 -0.6374 0.5957
vn -0.4486 -0.7071 0.5466
vn -0.4281 -0.6374 0.6407
vn -0.3928 -0.7071 0.5879
vn -0.3632 -0.6374 0.6796
vn -0.3333 -0.7071 0.6236
vn -0.2949 -0.6374 0.7119
vn -0.2706 -0.7071 0.6533
vn -0.2237 -0.6374 0.7374
vn -0.2053 -0.7071 0.6767
vn -0.1503 -0.6374 0.7558
vn -0.1379 -0.7071 0.6935
vn -0.0755 -0.6374 0.7669
vn -0.0693 -0.7071 0.7037
vn -0.0000 -0.6374 0.7706
vn -0.0000 -0.7071 0.7071
vn 0.0755 -0.6374 0.7669
vn 0.0693 -0.7071 0.7037
vn 0.1503 -0.6374 0.7558
vn 0.1379 -0.7071 0.6935
vn 0.2237 -0.6374 0.7374
vn 0.2053 -0.7071 0.6767
vn 0.2949 -0.6374 0.7119
vn 0.2706 -0.7071 0.6533
vn 0.3632 -0.6374 0.6796
vn 0.3333 -0.7071 0.6236
vn 0.4281 -0.6374 0.6407
vn 0.3928 -0.7071 0.5879
vn 0.4888 -0.6374 0.5957
vn 0.4486 -0.7071 0.5466
vn 0.5449 -0.6374 0.5449
vn 0.5000 -0.7071 0.5000
vn 0.5957 -0.6374 0.4888
vn 0.5466 -0.7071 0.4486
vn 0.6407 -0.6374 0.4281
vn 0.5879 -0.7071 0.3928
vn 0.6796 -0.6374 0.3632
vn 0.6236 -0.7071 0.3333
vn 0.7119 -0.6374 0.2949
vn 0.6533 -0.7071 0.2706
vn 0.7374 -0.6374 0.2237
vn 0.6767 -0.7071 0.2053
vn 0.7558 -0.6374 0.1503
vn 0.6935 -0.7071 0.1379
vn 0.7669 -0.6374 0.0755
vn 0.7037 -0.7071 0.0693
vn 0.9943 -0.0424 -0.0979
vn 0.9991 -0.0424 -0.0000
vn 0.9799 -0.0424 -0.1949
vn 0.9561 -0.0424 -0.2900
vn 0.9231 -0.0424 -0.3823
vn 0.8811 -0.0424 -0.4710
vn 0.8307 -0.0424 -0.5551
vn 0.7723 -0.0424 -0.6338
vn 0.7065 -0.0424 -0.7065
vn 0.6338 -0.0424 -0.7723
vn 0.5551 -0.0424 -0.8307
vn 0.4710 -0.0424 -0.8811
vn 0.3824 -0.0424 -0.9230
vn 0.2900 -0.0424 -0.9561
vn 0.1949 -0.0424 -0.9799
vn 0.0979 -0.0424 -0.9943
vn -0.0000 -0.0424 -0.9991
vn -0.0979 -0.0424 -0.9943
vn -0.1949 -0.0424 -0.9799
vn -0.2900 -0.0424 -0.9561
vn -0.3823 -0.0424 -0.9231
vn -0.4710 -0.0424 -0.8811
vn -0.5551 -0.0424 -0.8307
vn -0.6338 -0.0424 -0.7723
vn -0.7065 -0.0424 -0.7065
vn -0.7723 -0.0424 -0.6338
vn -0.8307 -0.0424 -0.5551
vn -0.8811 -0.0424 -0.4710
vn -0.9230 -0.0424 -0.3824
vn -0.9561 -0.0424 -0.2900
vn -0.9799 -0.0424 -0.1949
vn -0.9943 -0.0424 -0.0979
vn -0.9991 -0.0424 -0.0000
vn -0.9943 -0.0424 0.0979
vn -0.9799 -0.0424 0.1949
vn -0.9561 -0.0424 0.2900
vn -0.9231 -0.0424 0.3823
vn -0.8811 -0.0424 0.4710
vn -0.8307 -0.0424 0.5551
vn -0.7723 -0.0424 0.6338
vn -0.7065 -0.0424 0.7065
vn -0.6338 -0.0424 0.7723
vn -0.5551 -0.0424 0.8307
vn -0.4710 -0.0424 0.8811
vn -0.3824 -0.0424 0.9230
vn -0.2900 -0.0424 0.9561
vn -0.1949 -0.0424 0.9799
vn -0.0979 -0.0424 0.9943
vn -0.0000 -0.0424 0.9991
vn 0.0979 -0.0424 0.9943
vn 0.1949 -0.0424 0.9799
vn 0.2900 -0.0424 0.9561
vn 0.3823 -0.0424 0.9231
vn 0.4710 -0.0424 0.8811
vn 0.5551 -0.0424 0.8307
vn 0.6338 -0.0424 0.7723
vn 0.7065 -0.0424 0.7065
vn 0.7723 -0.0424 0.6338
vn 0.8307 -0.0424 0.5551
vn 0.8811 -0.0424 0.4710
vn 0.9230 -0.0424 0.3824
vn 0.9561 -0.0424 0.2900
vn 0.9799 -0.0424 0.1949
vn 0.9943 -0.0424 0.0979
vn 0.9925 0.0734 -0.0978
vn 0.9973 0.0734 -0.0000
vn 0.9781 0.0734 -0.1946
vn 0.9544 0.0734 -0.2895
vn 0.9214 0.0734 -0.3817
vn 0.8795 0.0734 -0.4701
vn 0.8292 0.0734 -0.5541
vn 0.7709 0.0734 -0.6327
vn 0.7052 0.0734 -0.7052
vn 0.6327 0.0734 -0.7709
vn 0.5541 0.0734 -0.8292
vn 0.4701 0.0734 -0.8795
vn 0.3817 0.0734 -0.9214
vn 0.2895 0.0734 -0.9544
vn 0.1946 0.0734 -0.9781
vn 0.0978 0.0734 -0.9925
vn -0.0000 0.0734 -0.9973
vn -0.0978 0.0734 -0.9925
vn -0.1946 0.0734 -0.9781
vn -0.2895 0.0734 -0.9544
vn -0.3817 0.0734 -0.9214
vn -0.4701 0.0734 -0.8795
vn -0.5541 0.0734 -0.8292
vn -0.6327 0.0734 -0.7709
vn -0.7052 0.0734 -0.7052
vn -0.7709 0.0734 -0.6327
vn -0.8292 0.0734 -0.5541
vn -0.8795 0.0734 -0.4701
vn -0.9214 0.0734 -0.3817
vn -0.9544 0.0734 -0.2895
vn -0.9781 0.0734 -0.1946
vn -0.9925 0.0734 -0.0978
vn -0.9973 0.0734 -0.0000
vn -0.9925 0.0734 0.0978
vn -0.9781 0.0734 0.1946
vn -0.9544 0.0734 0.2895
vn -0.9214 0.0734 0.3817
vn -0.8795 0.0734 0.4701
vn -0.8292 0.0734 0.5541
vn -0.7709 0.0734 0.6327
vn -0.7052 0.0734 0.7052
vn -0.6327 0.0734 0.7709
vn -0.5541 0.0734 0.8292
vn -0.4701 0.0734 0.8795
vn -0.3817 0.0734 0.9214
vn -0.2895 0.0734 0.9544
vn -0.1946 0.0734 0.9781
vn -0.0978 0.0734 0.9925
vn -0.0000 0.0734 0.9973
vn 0.0978 0.0734 0.9925
vn 0.1946 0.0734 0.9781
vn 0.2895 0.0734 0.9544
vn 0.3817 0.0734 0.9214
vn 0.4701 0.0734 0.8795
vn 0.5541 0.0734 0.8292
vn 0.6327 0.0734 0.7709
vn 0.7052 0.0734 0.7052
vn 0.7709 0.0734 0.6327
vn 0.8292 0.0734 0.5541
vn 0.8795 0.0734 0.4701
vn 0.9214 0.0734 0.3817
vn 0.9544 0.0734 0.2895
vn 0.9781 0.0734 0.1946
vn 0.9925 0.0734 0.0978
vn 0.5613 0.8257 -0.0553
vn 0.5640 0.8257 -0.0000
vn 0.5532 0.8257 -0.1101
vn 0.5398 0.8257 -0.1638
vn 0.5211 0.8257 -0.2159
vn 0.4974 0.8257 -0.2659
vn 0.4690 0.8257 -0.3134
vn 0.4360 0.8257 -0.3578
vn 0.3988 0.8257 -0.3989
vn 0.3578 0.8257 -0.4360
vn 0.3134 0.8257 -0.4690
vn 0.2659 0.8257 -0.4975
vn 0.2158 0.8257 -0.5211
vn 0.1637 0.8257 -0.5398
vn 0.1100 0.8257 -0.5532
vn 0.0553 0.8257 -0.5613
vn -0.0000 0.8257 -0.5640
vn -0.0553 0.8257 -0.5613
vn -0.1101 0.8257 -0.5532
vn -0.1638 0.8257 -0.5398
vn -0.2159 0.8257 -0.5211
vn -0.2659 0.8257 -0.4974
vn -0.3134 0.8257 -0.4690
vn -0.3578 0.8257 -0.4360
vn -0.3989 0.8257 -0.3988
vn -0.4360 0.8257 -0.3578
vn -0.4690 0.8257 -0.3134
vn -0.4975 0.8257 -0.2659
vn -0.5211 0.8257 -0.2158
vn -0.5398 0.8257 -0.1637
vn -0.5532 0.8257 -0.1100
vn -0.5613 0.8257 -0.0553
vn -0.5640 0.8257 -0.0000
vn -0.5613 0.8257 0.0553
vn -0.5532 0.8257 0.1101
vn -0.5398 0.8257 0.1638
vn -0.5211 0.8257 0.2159
vn -0.4974 0.8257 0.2659
vn -0.4690 0.8257 0.3134
vn -0.4360 0.8257 0.3578
vn -0.3988 0.8257 0.3989
vn -0.3578 0.8257 0.4360
vn -0.3134 0.8257 0.4690
vn -0.2659 0.8257 0.4975
vn -0.2158 0.8257 0.5211
vn -0.1637 0.8257 0.5398
vn -0.1100 0.8257 0.5532
vn -0.0553 0.8257 0.5613
vn -0.0000 0.8257 0.5640
vn 0.0553 0.8257 0.5613
vn 0.1101 0.8257 0.5532
vn 0.1638 0.8257 0.5398
vn 0.2159 0.8257 0.5211
vn 0.2659 0.8257 0.4974
vn 0.3134 0.8257 0.4690
vn 0.3578 0.8257 0.4360
vn 0.3989 0.8257 0.3988
vn 0.4360 0.8257 0.3578
vn 0.4690 0.8257 0.3134
vn 0.4975 0.8257 0.2659
vn 0.5211 0.8257 0.2158
vn 0.5398 0.8257 0.1637
vn 0.5532 0.8257 0.1100
vn 0.5613 0.8257 0.0553
vn 0.4765 0.8779 -0.0469
vn 0.4789 0.8779 -0.0000
vn 0.4697 0.8779 -0.0934
vn 0.4582 0.8779 -0.1390
vn 0.4424 0.8779 -0.1832
vn 0.4223 0.8779 -0.2257
vn 0.3982 0.8779 -0.2660
vn 0.3702 0.8779 -0.3038
vn 0.3386 0.8779 -0.3386
vn 0.3038 0.8779 -0.3702
vn 0.2660 0.8779 -0.3982
vn 0.2257 0.8779 -0.4223
vn 0.1832 0.8779 -0.4424
vn 0.1390 0.8779 -0.4582
vn 0.0934 0.8779 -0.4697
vn 0.0469 0.8779 -0.4765
vn -0.0000 0.8779 -0.4789
vn -0.0469 0.8779 -0.4765
vn -0.0934 0.8779 -0.4697
vn -0.1390 0.8779 -0.4582
vn -0.1832 0.8779 -0.4424
vn -0.2257 0.8779 -0.4223
vn -0.2660 0.8779 -0.3982
vn -0.3038 0.8779 -0.3702
vn -0.3386 0.8779 -0.3386
vn -0.3702 0.8779 -0.3038
vn -0.3982 0.8779 -0.2660
vn -0.4223 0.8779 -0.2257
vn -0.4424 0.8779 -0.1832
vn -0.4582 0.8779 -0.1390
vn -0.4697 0.8779 -0.0934
vn -0.4765 0.8779 -0.0469
vn -0.4789 0.8779 -0.0000
vn -0.4765 0.8779 0.0469
vn -0.4697 0.8779 0.0934
vn -0.4582 0.8779 0.1390
vn -0.4424 0.8779 0.1832
vn -0.4223 0.8779 0.2257
vn -0.3982 0.8779 0.2660
vn -0.3702 0.8779 0.3038
vn -0.3386 0.8779 0.3386
vn -0.3038 0.8779 0.3702
vn -0.2660 0.8779 0.3982
vn -0.2257 0.8779 0.4223
vn -0.1832 0.8779 0.4424
vn -0.1390 0.8779 0.4582
vn -0.0934 0.8779 0.4697
vn -0.0469 0.8779 0.4765
vn -0.0000 0.8779 0.4789
vn 0.0469 0.8779 0.4765
vn 0.0934 0.8779 0.4697
vn 0.1390 0.8779 0.4582
vn 0.1832 0.8779 0.4424
vn 0.2257 0.8779 0.4223
vn 0.2660 0.8779 0.3982
vn 0.3038 0.8779 0.3702
vn 0.3386 0.8779 0.3386
vn 0.3702 0.8779 0.3038
vn 0.3982 0.8779 0.2660
vn 0.4223 0.8779 0.2257
vn 0.4424 0.8779 0.1832
vn 0.4582 0.8779 0.1390
vn 0.4697 0.8779 0.0934
vn 0.4765 0.8779 0.0469
vn 0.9798 -0.1752 -0.0965
vn 0.9845 -0.1752 -0.0000
vn 0.9314 -0.3640 -0.0000
vn 0.9269 -0.3640 -0.0913
vn 0.9135 -0.3640 -0.1817
vn 0.9656 -0.1752 -0.1921
vn 0.9421 -0.1752 -0.2858
vn 0.8913 -0.3640 -0.2704
vn 0.9096 -0.1752 -0.3768
vn 0.8605 -0.3640 -0.3564
vn 0.8214 -0.3640 -0.4391
vn 0.8683 -0.1752 -0.4641
vn 0.8186 -0.1752 -0.5470
vn 0.7744 -0.3640 -0.5174
vn 0.7611 -0.1752 -0.6246
vn 0.7200 -0.3640 -0.5909
vn 0.6586 -0.3640 -0.6586
vn 0.6962 -0.1752 -0.6962
vn 0.5909 -0.3640 -0.7200
vn 0.6246 -0.1752 -0.7611
vn 0.5174 -0.3640 -0.7744
vn 0.5470 -0.1752 -0.8186
vn 0.4391 -0.3640 -0.8214
vn 0.4641 -0.1752 -0.8683
vn 0.3564 -0.3640 -0.8605
vn 0.3768 -0.1752 -0.9096
vn 0.2704 -0.3640 -0.8913
vn 0.2858 -0.1752 -0.9421
vn 0.1817 -0.3640 -0.9135
vn 0.1921 -0.1752 -0.9656
vn 0.0913 -0.3640 -0.9269
vn 0.0965 -0.1752 -0.9798
vn -0.0000 -0.3640 -0.9314
vn -0.0000 -0.1752 -0.9845
vn -0.0913 -0.3640 -0.9269
vn -0.0965 -0.1752 -0.9798
vn -0.1817 -0.3640 -0.9135
vn -0.1921 -0.1752 -0.9656
vn -0.2704 -0.3640 -0.8913
vn -0.2858 -0.1752 -0.9421
vn -0.3564 -0.3640 -0.8605
vn -0.3768 -0.1752 -0.9096
vn -0.4391 -0.3640 -0.8214
vn -0.4641 -0.1752 -0.8683
vn -0.5174 -0.3640 -0.7744
vn -0.5470 -0.1752 -0.8186
vn -0.5909 -0.3640 -0.7200
vn -0.6246 -0.1752 -0.7611
vn -0.6586 -0.3640 -0.6586
vn -0.6962 -0.1751 -0.6962
vn -0.7200 -0.3640 -0.5909
vn -0.7611 -0.1752 -0.6246
vn -0.7744 -0.3640 -0.5174
vn -0.8186 -0.1752 -0.5470
vn -0.8214 -0.3640 -0.4391
vn -0.8683 -0.1752 -0.4641
vn -0.8605 -0.3640 -0.3564
vn -0.9096 -0.1752 -0.3768
vn -0.8913 -0.3640 -0.2704
vn -0.9421 -0.1752 -0.2858
vn -0.9135 -0.3640 -0.1817
vn -0.9656 -0.1752 -0.1921
vn -0.9269 -0.3640 -0.0913
vn -0.9798 -0.1752 -0.0965
vn -0.9314 -0.3640 -0.0000
vn -0.9845 -0.1752 -0.0000
vn -0.9269 -0.3640 0.0913
vn -0.9798 -0.1752 0.0965
vn -0.9656 -0.1752 0.1921
vn -0.9135 -0.3640 0.1817
vn -0.8913 -0.3640 0.2704
vn -0.9421 -0.1752 0.2858
vn -0.8605 -0.3640 0.3564
vn -0.9096 -0.1752 0.3768
vn -0.8683 -0.1752 0.4641
vn -0.8214 -0.3640 0.4391
vn -0.7744 -0.3640 0.5174
vn -0.8186 -0.1752 0.5470
vn -0.7200 -0.3640 0.5909
vn -0.7611 -0.1752 0.6246
vn -0.6962 -0.1752 0.6962
vn -0.6586 -0.3640 0.6586
vn -0.6246 -0.1752 0.7611
vn -0.5909 -0.3640 0.7200
vn -0.5470 -0.1752 0.8186
vn -0.5174 -0.3640 0.7744
vn -0.4641 -0.1752 0.8683
vn -0.4391 -0.3640 0.8214
vn -0.3768 -0.1752 0.9096
vn -0.3564 -0.3640 0.8605
vn -0.2858 -0.1752 0.9421
vn -0.2704 -0.3640 0.8913
vn -0.1921 -0.1752 0.9656
vn -0.1817 -0.3640 0.9135
vn -0.0965 -0.1752 0.9798
vn -0.0913 -0.3640 0.9269
vn -0.0000 -0.1752 0.9845
vn -0.0000 -0.3640 0.9314
vn 0.0965 -0.1752 0.9798
vn 0.0913 -0.3640 0.9269
vn 0.1921 -0.1752 0.9656
vn 0.1817 -0.3640 0.9135
vn 0.2858 -0.1752 0.9421
vn 0.2704 -0.3640 0.8913
vn 0.3768 -0.1752 0.9096
vn 0.3564 -0.3640 0.8605
vn 0.4641 -0.1752 0.8683
vn 0.4390 -0.3640 0.8214
vn 0.5470 -0.1752 0.8186
vn 0.5174 -0.3640 0.7744
vn 0.6246 -0.1751 0.7611
vn 0.5909 -0.3640 0.7200
vn 0.6962 -0.1751 0.6962
vn 0.6586 -0.3640 0.6586
vn 0.7611 -0.1752 0.6246
vn 0.7200 -0.3640 0.5909
vn 0.8186 -0.1752 0.5470
vn 0.7744 -0.3640 0.5174
vn 0.8683 -0.1752 0.4641
vn 0.8214 -0.3640 0.4391
vn 0.9096 -0.1752 0.3768
vn 0.8605 -0.3640 0.3564
vn 0.9421 -0.1752 0.2858
vn 0.8913 -0.3640 0.2704
vn 0.9656 -0.1752 0.1921
vn 0.9135 -0.3640 0.1817
vn 0.9798 -0.1752 0.0965
vn 0.9269 -0.3640 0.0913
vn 0.9843 0.1477 -0.0969
vn 0.9890 0.1477 -0.0000
vn 0.9700 0.1477 -0.1930
vn 0.9464 0.1477 -0.2871
vn 0.9137 0.1477 -0.3785
vn 0.8722 0.1477 -0.4662
vn 0.8223 0.1477 -0.5495
vn 0.7645 0.1477 -0.6274
vn 0.6993 0.1477 -0.6993
vn 0.6274 0.1477 -0.7645
vn 0.5495 0.1477 -0.8223
vn 0.4662 0.1477 -0.8722
vn 0.3785 0.1477 -0.9137
vn 0.2871 0.1477 -0.9464
vn 0.1929 0.1477 -0.9700
vn 0.0969 0.1477 -0.9843
vn -0.0000 0.1477 -0.9890
vn -0.0969 0.1477 -0.9843
vn -0.1930 0.1477 -0.9700
vn -0.2871 0.1477 -0.9464
vn -0.3785 0.1477 -0.9137
vn -0.4662 0.1477 -0.8722
vn -0.5495 0.1477 -0.8223
vn -0.6274 0.1478 -0.7645
vn -0.6993 0.1477 -0.6993
vn -0.7645 0.1477 -0.6274
vn -0.8223 0.1477 -0.5495
vn -0.8722 0.1477 -0.4662
vn -0.9137 0.1477 -0.3785
vn -0.9464 0.1477 -0.2871
vn -0.9700 0.1477 -0.1929
vn -0.9843 0.1477 -0.0969
vn -0.9890 0.1477 -0.0000
vn -0.9843 0.1477 0.0969
vn -0.9700 0.1477 0.1930
vn -0.9464 0.1477 0.2871
vn -0.9137 0.1477 0.3785
vn -0.8722 0.1477 0.4662
vn -0.8223 0.1477 0.5495
vn -0.7645 0.1477 0.6274
vn -0.6993 0.1477 0.6993
vn -0.6274 0.1477 0.7645
vn -0.5495 0.1477 0.8223
vn -0.4662 0.1477 0.8722
vn -0.3785 0.1477 0.9137
vn -0.2871 0.1477 0.9464
vn -0.1929 0.1477 0.9700
vn -0.0969 0.1477 0.9843
vn -0.0000 0.1477 0.9890
vn 0.0969 0.1477 0.9843
vn 0.1930 0.1477 0.9700
vn 0.2871 0.1477 0.9464
vn 0.3785 0.1477 0.9137
vn 0.4662 0.1477 0.8722
vn 0.5495 0.1477 0.8223
vn 0.6274 0.1477 0.7645
vn 0.6993 0.1477 0.6993
vn 0.7645 0.1477 0.6274
vn 0.8223 0.1477 0.5495
vn 0.8722 0.1477 0.4662
vn 0.9137 0.1477 0.3785
vn 0.9464 0.1477 0.2871
vn 0.9700 0.1477 0.1929
vn 0.9843 0.1477 0.0969
vn 0.8908 0.4459 -0.0877
vn 0.8951 0.4459 -0.0000
vn 0.8779 0.4459 -0.1746
vn 0.8566 0.4459 -0.2598
vn 0.8270 0.4459 -0.3425
vn 0.7894 0.4459 -0.4220
vn 0.7443 0.4459 -0.4973
vn 0.6919 0.4459 -0.5678
vn 0.6329 0.4459 -0.6329
vn 0.5678 0.4459 -0.6919
vn 0.4973 0.4459 -0.7443
vn 0.4220 0.4459 -0.7894
vn 0.2598 0.4459 -0.8566
vn 0.1746 0.4459 -0.8779
vn 0.0877 0.4459 -0.8908
vn -0.0000 0.4459 -0.8951
vn -0.0877 0.4459 -0.8908
vn -0.1746 0.4459 -0.8779
vn -0.2598 0.4459 -0.8566
vn -0.3425 0.4459 -0.8270
vn -0.4220 0.4459 -0.7894
vn -0.4973 0.4459 -0.7443
vn -0.5678 0.4459 -0.6919
vn -0.6329 0.4459 -0.6329
vn -0.6919 0.4459 -0.5678
vn -0.7443 0.4459 -0.4973
vn -0.7894 0.4459 -0.4220
vn -0.8270 0.4459 -0.3425
vn -0.8566 0.4459 -0.2598
vn -0.8779 0.4459 -0.1746
vn -0.8908 0.4459 -0.0877
vn -0.8951 0.4459 -0.0000
vn -0.8908 0.4459 0.0877
vn -0.8779 0.4459 0.1746
vn -0.8566 0.4459 0.2598
vn -0.8270 0.4459 0.3425
vn -0.7894 0.4459 0.4220
vn -0.7443 0.4459 0.4973
vn -0.6919 0.4459 0.5678
vn -0.6329 0.4459 0.6329
vn -0.5678 0.4459 0.6919
vn -0.4973 0.4459 0.7443
vn -0.4220 0.4459 0.7894
vn -0.3425 0.4459 0.8270
vn -0.2598 0.4459 0.8566
vn -0.1746 0.4459 0.8779
vn -0.0877 0.4459 0.8908
vn -0.0000 0.4459 0.8951
vn 0.0877 0.4459 0.8908
vn 0.1746 0.4459 0.8779
vn 0.2598 0.4459 0.8566
vn 0.3425 0.4459 0.8270
vn 0.4220 0.4459 0.7894
vn 0.4973 0.4459 0.7443
vn 0.5678 0.4459 0.6919
vn 0.6329 0.4459 0.6329
vn 0.6919 0.4459 0.5678
vn 0.7443 0.4459 0.4973
vn 0.7894 0.4459 0.4219
vn 0.8270 0.4459 0.3425
vn 0.8566 0.4459 0.2598
vn 0.8779 0.4459 0.1746
vn 0.8908 0.4459 0.0877
vn 0.6956 0.7151 -0.0685
vn 0.6990 0.7151 -0.0000
vn 0.6856 0.7151 -0.1364
vn 0.6689 0.7151 -0.2029
vn 0.6458 0.7151 -0.2675
vn 0.6165 0.7151 -0.3295
vn 0.5812 0.7151 -0.3883
vn 0.5403 0.7151 -0.4434
vn 0.4943 0.7151 -0.4943
vn 0.4434 0.7151 -0.5403
vn 0.3883 0.7151 -0.5812
vn 0.3295 0.7151 -0.6165
vn 0.2675 0.7151 -0.6458
vn 0.2029 0.7151 -0.6689
vn 0.1364 0.7151 -0.6856
vn 0.0685 0.7151 -0.6956
vn -0.0000 0.7151 -0.6990
vn -0.0685 0.7151 -0.6956
vn -0.1364 0.7151 -0.6856
vn -0.2029 0.7151 -0.6689
vn -0.2675 0.7151 -0.6458
vn -0.3295 0.7151 -0.6165
vn -0.3883 0.7151 -0.5812
vn -0.4434 0.7151 -0.5403
vn -0.4943 0.7151 -0.4943
vn -0.5403 0.7151 -0.4434
vn -0.5812 0.7151 -0.3883
vn -0.6165 0.7151 -0.3295
vn -0.6458 0.7151 -0.2675
vn -0.6689 0.7151 -0.2029
vn -0.6856 0.7151 -0.1364
vn -0.6956 0.7151 -0.0685
vn -0.6990 0.7151 -0.0000
vn -0.6956 0.7151 0.0685
vn -0.6856 0.7151 0.1364
vn -0.6689 0.7151 0.2029
vn -0.6458 0.7151 0.2675
vn -0.6165 0.7151 0.3295
vn -0.5812 0.7151 0.3883
vn -0.5403 0.7151 0.4434
vn -0.4943 0.7151 0.4943
vn -0.4434 0.7151 0.5403
vn -0.3883 0.7151 0.5812
vn -0.3295 0.7151 0.6165
vn -0.2675 0.7151 0.6458
vn -0.2029 0.7151 0.6689
vn -0.1364 0.7151 0.6856
vn -0.0685 0.7151 0.6956
vn -0.0000 0.7151 0.6990
vn 0.0685 0.7151 0.6956
vn 0.1364 0.7151 0.6856
vn 0.2029 0.7151 0.6689
vn 0.2675 0.7151 0.6458
vn 0.3295 0.7151 0.6165
vn 0.3883 0.7151 0.5812
vn 0.4434 0.7151 0.5403
vn 0.4943 0.7151 0.4943
vn 0.5403 0.7151 0.4434
vn 0.5812 0.7151 0.3883
vn 0.6165 0.7151 0.3295
vn 0.6458 0.7151 0.2675
vn 0.6689 0.7151 0.2029
vn 0.6856 0.7151 0.1364
vn 0.6956 0.7151 0.0685
vn 0.4213 0.9060 -0.0415
vn 0.4234 0.9060 -0.0000
vn 0.4152 0.9060 -0.0826
vn 0.4051 0.9060 -0.1229
vn 0.3911 0.9060 -0.1620
vn 0.3734 0.9060 -0.1996
vn 0.3520 0.9060 -0.2352
vn 0.3273 0.9060 -0.2686
vn 0.2994 0.9060 -0.2994
vn 0.2686 0.9060 -0.3273
vn 0.2352 0.9060 -0.3520
vn 0.1996 0.9060 -0.3734
vn 0.1620 0.9060 -0.3911
vn 0.1229 0.9060 -0.4051
vn 0.0826 0.9060 -0.4152
vn 0.0415 0.9060 -0.4213
vn -0.0000 0.9060 -0.4234
vn -0.0415 0.9060 -0.4213
vn -0.0826 0.9060 -0.4152
vn -0.1229 0.9060 -0.4051
vn -0.1620 0.9060 -0.3911
vn -0.1996 0.9060 -0.3734
vn -0.2352 0.9060 -0.3520
vn -0.2686 0.9060 -0.3273
vn -0.2994 0.9060 -0.2994
vn -0.3273 0.9060 -0.2686
vn -0.3520 0.9060 -0.2352
vn -0.3734 0.9060 -0.1996
vn -0.3911 0.9060 -0.1620
vn -0.4051 0.9060 -0.1229
vn -0.4152 0.9060 -0.0826
vn -0.4213 0.9060 -0.0415
vn -0.4234 0.9060 -0.0000
vn -0.4213 0.9060 0.0415
vn -0.4152 0.9060 0.0826
vn -0.4051 0.9060 0.1229
vn -0.3911 0.9060 0.1620
vn -0.3734 0.9060 0.1996
vn -0.3520 0.9060 0.2352
vn -0.3273 0.9060 0.2686
vn -0.2994 0.9060 0.2994
vn -0.2686 0.9060 0.3273
vn -0.2352 0.9060 0.3520
vn -0.1996 0.9060 0.3734
vn -0.1620 0.9060 0.3911
vn -0.1229 0.9060 0.4051
vn -0.0826 0.9060 0.4152
vn -0.0415 0.9060 0.4213
vn -0.0000 0.9060 0.4234
vn 0.0415 0.9060 0.4213
vn 0.0826 0.9060 0.4152
vn 0.1229 0.9060 0.4051
vn 0.1620 0.9060 0.3911
vn 0.1996 0.9060 0.3734
vn 0.2352 0.9060 0.3520
vn 0.2686 0.9060 0.3273
vn 0.2994 0.9060 0.2994
vn 0.3273 0.9060 0.2686
vn 0.3520 0.9060 0.2352
vn 0.3734 0.9060 0.1996
vn 0.3911 0.9060 0.1620
vn 0.4051 0.9060 0.1229
vn 0.4152 0.9060 0.0826
vn 0.4213 0.9060 0.0415
vn 0.2814 0.9592 -0.0277
vn 0.2828 0.9592 -0.0000
vn 0.2774 0.9592 -0.0552
vn 0.2706 0.9592 -0.0821
vn 0.2613 0.9592 -0.1082
vn 0.2494 0.9592 -0.1333
vn 0.2351 0.9592 -0.1571
vn 0.2186 0.9592 -0.1794
vn 0.2000 0.9592 -0.2000
vn 0.1794 0.9592 -0.2186
vn 0.1571 0.9592 -0.2351
vn 0.1333 0.9592 -0.2494
vn 0.1082 0.9592 -0.2613
vn 0.0821 0.9592 -0.2706
vn 0.0552 0.9592 -0.2774
vn 0.0277 0.9592 -0.2814
vn -0.0000 0.9592 -0.2828
vn -0.0277 0.9592 -0.2814
vn -0.0552 0.9592 -0.2774
vn -0.0821 0.9592 -0.2706
vn -0.1082 0.9592 -0.2613
vn -0.1333 0.9592 -0.2494
vn -0.1571 0.9592 -0.2351
vn -0.1794 0.9592 -0.2186
vn -0.2000 0.9592 -0.2000
vn -0.2186 0.9592 -0.1794
vn -0.2351 0.9592 -0.1571
vn -0.2494 0.9592 -0.1333
vn -0.2613 0.9592 -0.1082
vn -0.2706 0.9592 -0.0821
vn -0.2774 0.9592 -0.0552
vn -0.2814 0.9592 -0.0277
vn -0.2828 0.9592 -0.0000
vn -0.2814 0.9592 0.0277
vn -0.2774 0.9592 0.0552
vn -0.2706 0.9592 0.0821
vn -0.2613 0.9592 0.1082
vn -0.2494 0.9592 0.1333
vn -0.2351 0.9592 0.1571
vn -0.2186 0.9592 0.1794
vn -0.2000 0.9592 0.2000
vn -0.1794 0.9592 0.2186
vn -0.1571 0.9592 0.2351
vn -0.1333 0.9592 0.2494
vn -0.1082 0.9592 0.2613
vn -0.0821 0.9592 0.2706
vn -0.0552 0.9592 0.2774
vn -0.0277 0.9592 0.2814
vn -0.0000 0.9592 0.2828
vn 0.0277 0.9592 0.2814
vn 0.0552 0.9592 0.2774
vn 0.0821 0.9592 0.2706
vn 0.1082 0.9592 0.2613
vn 0.1333 0.9592 0.2494
vn 0.1571 0.9592 0.2351
vn 0.1794 0.9592 0.2186
vn 0.2000 0.9592 0.2000
vn 0.2186 0.9592 0.1794
vn 0.2351 0.9592 0.1571
vn 0.2494 0.9592 0.1333
vn 0.2613 0.9592 0.1082
vn 0.2706 0.9592 0.0821
vn 0.2774 0.9592 0.0552
vn 0.2814 0.9592 0.0277
vn 0.2049 0.9786 -0.0202
vn 0.2059 0.9786 -0.0000
vn 0.1961 0.9806 -0.0000
vn 0.1952 0.9806 -0.0192
vn 0.2019 0.9786 -0.0402
vn 0.1923 0.9806 -0.0383
vn 0.1970 0.9786 -0.0597
vn 0.1877 0.9806 -0.0569
vn 0.1902 0.9786 -0.0788
vn 0.1812 0.9806 -0.0751
vn 0.1816 0.9786 -0.0970
vn 0.1730 0.9806 -0.0924
vn 0.1712 0.9786 -0.1144
vn 0.1631 0.9806 -0.1090
vn 0.1591 0.9786 -0.1306
vn 0.1516 0.9806 -0.1244
vn 0.1456 0.9786 -0.1456
vn 0.1387 0.9806 -0.1387
vn 0.1306 0.9786 -0.1591
vn 0.1244 0.9806 -0.1516
vn 0.1144 0.9786 -0.1712
vn 0.1090 0.9806 -0.1631
vn 0.0970 0.9786 -0.1815
vn 0.0924 0.9806 -0.1730
vn 0.0751 0.9806 -0.1812
vn 0.0788 0.9786 -0.1902
vn 0.0569 0.9806 -0.1877
vn 0.0597 0.9786 -0.1970
vn 0.0383 0.9806 -0.1923
vn 0.0402 0.9786 -0.2019
vn 0.0192 0.9806 -0.1952
vn 0.0202 0.9786 -0.2048
vn -0.0000 0.9786 -0.2058
vn -0.0000 0.9806 -0.1961
vn -0.0202 0.9786 -0.2048
vn -0.0192 0.9806 -0.1952
vn -0.0383 0.9806 -0.1923
vn -0.0402 0.9786 -0.2019
vn -0.0569 0.9806 -0.1877
vn -0.0597 0.9786 -0.1970
vn -0.0751 0.9806 -0.1812
vn -0.0788 0.9786 -0.1902
vn -0.0924 0.9806 -0.1730
vn -0.0970 0.9786 -0.1816
vn -0.1090 0.9806 -0.1631
vn -0.1143 0.9786 -0.1711
vn -0.1244 0.9806 -0.1516
vn -0.1306 0.9786 -0.1591
vn -0.1387 0.9806 -0.1387
vn -0.1456 0.9786 -0.1456
vn -0.1516 0.9806 -0.1244
vn -0.1591 0.9786 -0.1306
vn -0.1631 0.9806 -0.1090
vn -0.1711 0.9786 -0.1143
vn -0.1730 0.9806 -0.0924
vn -0.1815 0.9786 -0.0970
vn -0.1812 0.9806 -0.0751
vn -0.1902 0.9786 -0.0788
vn -0.1877 0.9806 -0.0569
vn -0.1970 0.9786 -0.0597
vn -0.1923 0.9806 -0.0383
vn -0.2019 0.9786 -0.0402
vn -0.1952 0.9806 -0.0192
vn -0.2049 0.9786 -0.0202
vn -0.1961 0.9806 -0.0000
vn -0.2058 0.9786 -0.0000
vn -0.1952 0.9806 0.0192
vn -0.2049 0.9786 0.0202
vn -0.1923 0.9806 0.0383
vn -0.2019 0.9786 0.0402
vn -0.1877 0.9806 0.0569
vn -0.1970 0.9786 0.0597
vn -0.1812 0.9806 0.0751
vn -0.1902 0.9786 0.0788
vn -0.1730 0.9806 0.0924
vn -0.1815 0.9786 0.0970
vn -0.1631 0.9806 0.1090
vn -0.1712 0.9786 0.1144
vn -0.1516 0.9806 0.1244
vn -0.1591 0.9786 0.1306
vn -0.1387 0.9806 0.1387
vn -0.1456 0.9786 0.1456
vn -0.1244 0.9806 0.1516
vn -0.1306 0.9786 0.1591
vn -0.1090 0.9806 0.1631
vn -0.1143 0.9786 0.1711
vn -0.0924 0.9806 0.1730
vn -0.0970 0.9786 0.1816
vn -0.0788 0.9786 0.1902
vn -0.0751 0.9806 0.1812
vn -0.0597 0.9786 0.1970
vn -0.0569 0.9806 0.1877
vn -0.0402 0.9786 0.2019
vn -0.0383 0.9806 0.1923
vn -0.0202 0.9786 0.2048
vn -0.0192 0.9806 0.1952
vn -0.0000 0.9806 0.1961
vn -0.0000 0.9786 0.2058
vn 0.0192 0.9806 0.1952
vn 0.0202 0.9786 0.2048
vn 0.0402 0.9786 0.2019
vn 0.0383 0.9806 0.1923
vn 0.0597 0.9786 0.1970
vn 0.0569 0.9806 0.1877
vn 0.0788 0.9786 0.1902
vn 0.0751 0.9806 0.1812
vn 0.0970 0.9786 0.1815
vn 0.0924 0.9806 0.1730
vn 0.1143 0.9786 0.1711
vn 0.1090 0.9806 0.1631
vn 0.1306 0.9786 0.1591
vn 0.1244 0.9806 0.1516
vn 0.1456 0.9786 0.1456
vn 0.1387 0.9806 0.1387
vn 0.1591 0.9786 0.1306
vn 0.1516 0.9806 0.1244
vn 0.1712 0.9786 0.1144
vn 0.1631 0.9806 0.1090
vn 0.1815 0.9786 0.0970
vn 0.1730 0.9806 0.0924
vn 0.1902 0.9786 0.0788
vn 0.1812 0.9806 0.0751
vn 0.1970 0.9786 0.0597
vn 0.1877 0.9806 0.0569
vn 0.2019 0.9786 0.0402
vn 0.1923 0.9806 0.0383
vn 0.2049 0.9786 0.0202
vn 0.1952 0.9806 0.0192
vn 0.3144 0.9488 -0.0310
vn 0.3159 0.9488 -0.0000
vn 0.3099 0.9488 -0.0616
vn 0.3023 0.9488 -0.0917
vn 0.2919 0.9488 -0.1209
vn 0.2786 0.9488 -0.1489
vn 0.2627 0.9488 -0.1755
vn 0.2442 0.9488 -0.2004
vn 0.2234 0.9488 -0.2234
vn 0.2004 0.9488 -0.2442
vn 0.1755 0.9488 -0.2627
vn 0.1489 0.9488 -0.2786
vn 0.1209 0.9488 -0.2919
vn 0.0917 0.9488 -0.3023
vn 0.0616 0.9488 -0.3099
vn 0.0310 0.9488 -0.3144
vn -0.0000 0.9488 -0.3159
vn -0.0310 0.9488 -0.3144
vn -0.0616 0.9488 -0.3099
vn -0.0917 0.9488 -0.3023
vn -0.1209 0.9488 -0.2919
vn -0.1489 0.9488 -0.2786
vn -0.1755 0.9488 -0.2627
vn -0.2004 0.9488 -0.2442
vn -0.2234 0.9488 -0.2234
vn -0.2442 0.9488 -0.2004
vn -0.2627 0.9488 -0.1755
vn -0.2786 0.9488 -0.1489
vn -0.2919 0.9488 -0.1209
vn -0.3023 0.9488 -0.0917
vn -0.3099 0.9488 -0.0616
vn -0.3144 0.9488 -0.0310
vn -0.3159 0.9488 -0.0000
vn -0.3144 0.9488 0.0310
vn -0.3099 0.9488 0.0616
vn -0.3023 0.9488 0.0917
vn -0.2919 0.9488 0.1209
vn -0.2786 0.9488 0.1489
vn -0.2627 0.9488 0.1755
vn -0.2442 0.9488 0.2004
vn -0.2234 0.9488 0.2234
vn -0.2004 0.9488 0.2442
vn -0.1755 0.9488 0.2627
vn -0.1489 0.9488 0.2786
vn -0.1209 0.9488 0.2919
vn -0.0917 0.9488 0.3023
vn -0.0616 0.9488 0.3099
vn -0.0310 0.9488 0.3144
vn -0.0000 0.9488 0.3159
vn 0.0310 0.9488 0.3144
vn 0.0616 0.9488 0.3099
vn 0.0917 0.9488 0.3023
vn 0.1209 0.9488 0.2919
vn 0.1489 0.9488 0.2786
vn 0.1755 0.9488 0.2627
vn 0.2004 0.9488 0.2442
vn 0.2234 0.9488 0.2234
vn 0.2442 0.9488 0.2004
vn 0.2627 0.9488 0.1755
vn 0.2786 0.9488 0.1489
vn 0.2919 0.9488 0.1209
vn 0.3023 0.9488 0.0917
vn 0.3099 0.9488 0.0616
vn 0.3144 0.9488 0.0310
vn 0.6384 0.7671 -0.0629
vn 0.6415 0.7671 -0.0000
vn 0.6292 0.7671 -0.1252
vn 0.6139 0.7671 -0.1862
vn 0.5927 0.7671 -0.2455
vn 0.5658 0.7671 -0.3024
vn 0.5334 0.7671 -0.3564
vn 0.4959 0.7671 -0.4070
vn 0.4536 0.7671 -0.4536
vn 0.4070 0.7671 -0.4959
vn 0.3564 0.7671 -0.5334
vn 0.3024 0.7671 -0.5658
vn 0.2455 0.7671 -0.5927
vn 0.1862 0.7671 -0.6139
vn 0.1252 0.7671 -0.6292
vn 0.0629 0.7671 -0.6384
vn -0.0000 0.7671 -0.6415
vn -0.0629 0.7671 -0.6384
vn -0.1252 0.7671 -0.6292
vn -0.1862 0.7671 -0.6139
vn -0.2455 0.7671 -0.5927
vn -0.3024 0.7671 -0.5658
vn -0.3564 0.7671 -0.5334
vn -0.4070 0.7671 -0.4959
vn -0.4536 0.7671 -0.4536
vn -0.4959 0.7671 -0.4070
vn -0.5334 0.7671 -0.3564
vn -0.5658 0.7671 -0.3024
vn -0.5927 0.7671 -0.2455
vn -0.6139 0.7671 -0.1862
vn -0.6292 0.7671 -0.1252
vn -0.6384 0.7671 -0.0629
vn -0.6415 0.7671 -0.0000
vn -0.6384 0.7671 0.0629
vn -0.6292 0.7671 0.1252
vn -0.6139 0.7671 0.1862
vn -0.5927 0.7671 0.2455
vn -0.5658 0.7671 0.3024
vn -0.5334 0.7671 0.3564
vn -0.4959 0.7671 0.4070
vn -0.4536 0.7671 0.4536
vn -0.4070 0.7671 0.4959
vn -0.3564 0.7671 0.5334
vn -0.3024 0.7671 0.5657
vn -0.2455 0.7671 0.5927
vn -0.1862 0.7671 0.6139
vn -0.1252 0.7671 0.6292
vn -0.0629 0.7671 0.6384
vn -0.0000 0.7671 0.6415
vn 0.0629 0.7671 0.6384
vn 0.1252 0.7671 0.6292
vn 0.1862 0.7671 0.6139
vn 0.2455 0.7671 0.5927
vn 0.3024 0.7671 0.5658
vn 0.3564 0.7671 0.5334
vn 0.4070 0.7671 0.4959
vn 0.4536 0.7671 0.4536
vn 0.4959 0.7671 0.4070
vn 0.5334 0.7671 0.3564
vn 0.5658 0.7671 0.3024
vn 0.5927 0.7671 0.2455
vn 0.6139 0.7671 0.1862
vn 0.6292 0.7671 0.1252
vn 0.6384 0.7671 0.0629
vn 0.9096 0.4058 -0.0896
vn 0.9140 0.4058 -0.0000
vn 0.8964 0.4058 -0.1783
vn 0.8746 0.4058 -0.2653
vn 0.8444 0.4058 -0.3498
vn 0.8061 0.4058 -0.4308
vn 0.7599 0.4058 -0.5078
vn 0.7065 0.4058 -0.5798
vn 0.6463 0.4058 -0.6463
vn 0.5798 0.4058 -0.7065
vn 0.5078 0.4058 -0.7599
vn 0.4308 0.4058 -0.8060
vn 0.3498 0.4058 -0.8444
vn 0.2653 0.4058 -0.8746
vn 0.1783 0.4058 -0.8964
vn 0.0896 0.4058 -0.9095
vn -0.0000 0.4058 -0.9139
vn -0.0896 0.4058 -0.9095
vn -0.1783 0.4058 -0.8964
vn -0.2653 0.4058 -0.8746
vn -0.3498 0.4058 -0.8444
vn -0.4308 0.4058 -0.8060
vn -0.5078 0.4058 -0.7599
vn -0.5798 0.4058 -0.7065
vn -0.6463 0.4058 -0.6463
vn -0.7065 0.4058 -0.5798
vn -0.7599 0.4058 -0.5078
vn -0.8060 0.4058 -0.4308
vn -0.8444 0.4058 -0.3498
vn -0.8746 0.4058 -0.2653
vn -0.8964 0.4058 -0.1783
vn -0.9095 0.4058 -0.0896
vn -0.9140 0.4058 -0.0000
vn -0.9096 0.4058 0.0896
vn -0.8964 0.4058 0.1783
vn -0.8746 0.4059 0.2653
vn -0.8444 0.4057 0.3498
vn -0.8060 0.4058 0.4308
vn -0.7599 0.4058 0.5078
vn -0.7065 0.4058 0.5798
vn -0.6462 0.4059 0.6462
vn -0.5798 0.4058 0.7065
vn -0.5078 0.4058 0.7599
vn -0.4308 0.4058 0.8061
vn -0.3498 0.4058 0.8444
vn -0.2653 0.4058 0.8746
vn -0.1783 0.4058 0.8964
vn -0.0896 0.4058 0.9095
vn -0.0000 0.4058 0.9139
vn 0.0896 0.4058 0.9095
vn 0.1783 0.4058 0.8964
vn 0.2653 0.4058 0.8746
vn 0.3498 0.4058 0.8444
vn 0.4308 0.4058 0.8060
vn 0.5078 0.4059 0.7599
vn 0.5798 0.4058 0.7065
vn 0.6463 0.4058 0.6463
vn 0.7065 0.4058 0.5798
vn 0.7599 0.4058 0.5078
vn 0.8060 0.4058 0.4308
vn 0.8444 0.4058 0.3498
vn 0.8746 0.4058 0.2653
vn 0.8964 0.4058 0.1783
vn 0.9095 0.4058 0.0896
vn 0.9842 0.1484 -0.0969
vn 0.9889 0.1483 -0.0000
vn 0.9699 0.1484 -0.1929
vn 0.9464 0.1483 -0.2871
vn 0.9137 0.1484 -0.3784
vn 0.8722 0.1483 -0.4662
vn 0.8223 0.1483 -0.5494
vn 0.7645 0.1484 -0.6274
vn 0.6993 0.1483 -0.6993
vn 0.6274 0.1483 -0.7645
vn 0.5494 0.1484 -0.8223
vn 0.4662 0.1484 -0.8722
vn 0.3784 0.1483 -0.9137
vn 0.2871 0.1484 -0.9463
vn 0.1929 0.1484 -0.9699
vn 0.0969 0.1484 -0.9842
vn -0.0000 0.1483 -0.9889
vn -0.0969 0.1484 -0.9842
vn -0.1929 0.1483 -0.9699
vn -0.2871 0.1483 -0.9464
vn -0.3784 0.1484 -0.9137
vn -0.4662 0.1484 -0.8722
vn -0.5494 0.1484 -0.8223
vn -0.6274 0.1483 -0.7645
vn -0.6993 0.1483 -0.6993
vn -0.7645 0.1484 -0.6274
vn -0.8223 0.1483 -0.5494
vn -0.8722 0.1483 -0.4662
vn -0.9137 0.1484 -0.3784
vn -0.9464 0.1483 -0.2871
vn -0.9699 0.1484 -0.1929
vn -0.9842 0.1484 -0.0969
vn -0.9889 0.1483 -0.0000
vn -0.9842 0.1484 0.0969
vn -0.9699 0.1484 0.1929
vn -0.9464 0.1483 0.2871
vn -0.9137 0.1484 0.3784
vn -0.8722 0.1483 0.4662
vn -0.8223 0.1483 0.5494
vn -0.7645 0.1483 0.6274
vn -0.6993 0.1483 0.6993
vn -0.6274 0.1483 0.7645
vn -0.5494 0.1483 0.8223
vn -0.4662 0.1484 0.8722
vn -0.3784 0.1484 0.9137
vn -0.2871 0.1484 0.9463
vn -0.1929 0.1484 0.9699
vn -0.0969 0.1484 0.9842
vn -0.0000 0.1483 0.9889
vn 0.0969 0.1484 0.9842
vn 0.1929 0.1483 0.9699
vn 0.2871 0.1483 0.9464
vn 0.3784 0.1484 0.9137
vn 0.4662 0.1484 0.8722
vn 0.5494 0.1484 0.8223
vn 0.6274 0.1483 0.7645
vn 0.6993 0.1483 0.6993
vn 0.7645 0.1484 0.6274
vn 0.8223 0.1483 0.5494
vn 0.8722 0.1483 0.4662
vn 0.9137 0.1484 0.3784
vn 0.9464 0.1483 0.2871
vn 0.9699 0.1484 0.1929
vn 0.9842 0.1484 0.0969
vn 0.9940 0.0494 -0.0979
vn 0.9988 0.0494 -0.0000
vn 0.9796 0.0494 -0.1949
vn 0.9558 0.0494 -0.2899
vn 0.9228 0.0494 -0.3822
vn 0.8808 0.0494 -0.4708
vn 0.8305 0.0494 -0.5549
vn 0.7721 0.0494 -0.6336
vn 0.7062 0.0494 -0.7062
vn 0.6336 0.0494 -0.7721
vn 0.5549 0.0493 -0.8305
vn 0.4708 0.0494 -0.8808
vn 0.3822 0.0494 -0.9228
vn 0.2899 0.0494 -0.9558
vn 0.1949 0.0493 -0.9796
vn 0.0979 0.0494 -0.9940
vn -0.0000 0.0494 -0.9988
vn -0.0979 0.0494 -0.9940
vn -0.1949 0.0494 -0.9796
vn -0.2899 0.0494 -0.9558
vn -0.3822 0.0494 -0.9228
vn -0.4708 0.0494 -0.8808
vn -0.5549 0.0493 -0.8305
vn -0.6336 0.0494 -0.7721
vn -0.7062 0.0494 -0.7062
vn -0.7721 0.0494 -0.6336
vn -0.8305 0.0494 -0.5549
vn -0.8808 0.0494 -0.4708
vn -0.9228 0.0494 -0.3822
vn -0.9558 0.0494 -0.2899
vn -0.9796 0.0494 -0.1949
vn -0.9940 0.0494 -0.0979
vn -0.9988 0.0494 -0.0000
vn -0.9940 0.0494 0.0979
vn -0.9796 0.0494 0.1949
vn -0.9558 0.0494 0.2899
vn -0.9228 0.0494 0.3822
vn -0.8808 0.0494 0.4708
vn -0.8305 0.0494 0.5549
vn -0.7721 0.0494 0.6336
vn -0.7062 0.0494 0.7062
vn -0.6336 0.0494 0.7721
vn -0.5549 0.0494 0.8305
vn -0.4708 0.0494 0.8808
vn -0.3822 0.0493 0.9228
vn -0.2899 0.0494 0.9558
vn -0.1949 0.0493 0.9796
vn -0.0979 0.0494 0.9940
vn -0.0000 0.0494 0.9988
vn 0.0979 0.0494 0.9940
vn 0.1949 0.0494 0.9796
vn 0.2899 0.0494 0.9558
vn 0.3822 0.0494 0.9228
vn 0.4708 0.0493 0.8808
vn 0.5549 0.0494 0.8305
vn 0.6336 0.0494 0.7721
vn 0.7062 0.0494 0.7062
vn 0.7721 0.0494 0.6336
vn 0.8305 0.0494 0.5549
vn 0.8808 0.0494 0.4708
vn 0.9228 0.0494 0.3822
vn 0.9558 0.0494 0.2899
vn 0.9796 0.0494 0.1949
vn 0.9940 0.0494 0.0979
vn 0.9939 0.0499 -0.0979
vn 0.9988 0.0499 -0.0000
vn 0.9796 0.0499 -0.1948
vn 0.9557 0.0499 -0.2899
vn 0.9227 0.0499 -0.3822
vn 0.8808 0.0499 -0.4708
vn 0.8304 0.0499 -0.5549
vn 0.7720 0.0499 -0.6336
vn 0.7062 0.0499 -0.7062
vn 0.6336 0.0499 -0.7720
vn 0.5549 0.0499 -0.8304
vn 0.4708 0.0499 -0.8808
vn 0.3822 0.0499 -0.9227
vn 0.2899 0.0499 -0.9557
vn 0.1948 0.0499 -0.9796
vn 0.0979 0.0499 -0.9939
vn -0.0000 0.0499 -0.9988
vn -0.0979 0.0499 -0.9939
vn -0.1948 0.0499 -0.9796
vn -0.2899 0.0499 -0.9557
vn -0.3822 0.0499 -0.9227
vn -0.4708 0.0499 -0.8808
vn -0.5549 0.0499 -0.8304
vn -0.6336 0.0499 -0.7720
vn -0.7062 0.0499 -0.7062
vn -0.7720 0.0499 -0.6336
vn -0.8304 0.0499 -0.5549
vn -0.8808 0.0499 -0.4708
vn -0.9227 0.0499 -0.3822
vn -0.9557 0.0499 -0.2899
vn -0.9796 0.0499 -0.1948
vn -0.9939 0.0499 -0.0979
vn -0.9988 0.0499 -0.0000
vn -0.9939 0.0499 0.0979
vn -0.9796 0.0499 0.1948
vn -0.9557 0.0499 0.2899
vn -0.9227 0.0499 0.3822
vn -0.8808 0.0499 0.4708
vn -0.8304 0.0499 0.5549
vn -0.7720 0.0499 0.6336
vn -0.7062 0.0499 0.7062
vn -0.6336 0.0499 0.7720
vn -0.5549 0.0499 0.8304
vn -0.4708 0.0499 0.8808
vn -0.3822 0.0499 0.9227
vn -0.2899 0.0499 0.9557
vn -0.1948 0.0499 0.9796
vn -0.0979 0.0499 0.9939
vn -0.0000 0.0499 0.9988
vn 0.0979 0.0499 0.9939
vn 0.1948 0.0499 0.9796
vn 0.2899 0.0499 0.9557
vn 0.3822 0.0499 0.9227
vn 0.4708 0.0499 0.8808
vn 0.5549 0.0499 0.8304
vn 0.6336 0.0499 0.7720
vn 0.7062 0.0499 0.7062
vn 0.7720 0.0499 0.6336
vn 0.8304 0.0499 0.5549
vn 0.8808 0.0499 0.4708
vn 0.9227 0.0499 0.3822
vn 0.9557 0.0499 0.2899
vn 0.9796 0.0499 0.1948
vn 0.9939 0.0499 0.0979
vn 0.9932 0.0626 -0.0978
vn 0.9980 0.0626 -0.0000
vn 0.9789 0.0622 -0.1947
vn 0.9551 0.0626 -0.2897
vn 0.9221 0.0626 -0.3819
vn 0.8802 0.0626 -0.4705
vn 0.8298 0.0626 -0.5545
vn 0.7715 0.0626 -0.6332
vn 0.7057 0.0626 -0.7057
vn 0.6332 0.0626 -0.7715
vn 0.5545 0.0626 -0.8298
vn 0.4705 0.0622 -0.8802
vn 0.3819 0.0622 -0.9221
vn 0.2897 0.0626 -0.9551
vn 0.1947 0.0622 -0.9789
vn 0.0978 0.0626 -0.9932
vn -0.0000 0.0626 -0.9980
vn -0.0978 0.0626 -0.9932
vn -0.1947 0.0622 -0.9789
vn -0.2897 0.0626 -0.9551
vn -0.3819 0.0622 -0.9221
vn -0.4705 0.0622 -0.8802
vn -0.5545 0.0626 -0.8298
vn -0.6332 0.0626 -0.7715
vn -0.7057 0.0626 -0.7057
vn -0.7715 0.0626 -0.6332
vn -0.8298 0.0626 -0.5545
vn -0.8802 0.0626 -0.4705
vn -0.9221 0.0626 -0.3819
vn -0.9551 0.0626 -0.2897
vn -0.9789 0.0622 -0.1947
vn -0.9932 0.0626 -0.0978
vn -0.9980 0.0626 -0.0000
vn -0.9932 0.0626 0.0978
vn -0.9789 0.0622 0.1947
vn -0.9551 0.0626 0.2897
vn -0.9221 0.0626 0.3819
vn -0.8802 0.0626 0.4705
vn -0.8298 0.0626 0.5545
vn -0.7715 0.0626 0.6332
vn -0.7057 0.0626 0.7057
vn -0.6332 0.0621 0.7715
vn -0.5545 0.0626 0.8298
vn -0.4705 0.0622 0.8802
vn -0.3819 0.0622 0.9221
vn -0.2897 0.0626 0.9551
vn -0.1947 0.0622 0.9789
vn -0.0978 0.0626 0.9932
vn -0.0000 0.0626 0.9980
vn 0.0978 0.0626 0.9932
vn 0.1947 0.0622 0.9789
vn 0.2897 0.0626 0.9551
vn 0.3819 0.0626 0.9221
vn 0.4705 0.0622 0.8802
vn 0.5545 0.0626 0.8298
vn 0.6332 0.0626 0.7715
vn 0.7057 0.0626 0.7057
vn 0.7715 0.0626 0.6332
vn 0.8298 0.0626 0.5545
vn 0.8802 0.0626 0.4705
vn 0.9221 0.0626 0.3819
vn 0.9551 0.0626 0.2897
vn 0.9789 0.0622 0.1947
vn 0.9932 0.0626 0.0978
vn 0.9927 0.0708 -0.0978
vn 0.9975 0.0708 -0.0000
vn 0.9783 0.0708 -0.1946
vn 0.9545 0.0708 -0.2896
vn 0.9216 0.0708 -0.3817
vn 0.8797 0.0708 -0.4702
vn 0.8294 0.0708 -0.5542
vn 0.7711 0.0708 -0.6328
vn 0.7053 0.0708 -0.7053
vn 0.6328 0.0708 -0.7711
vn 0.5542 0.0708 -0.8294
vn 0.4702 0.0708 -0.8797
vn 0.3817 0.0708 -0.9216
vn 0.2896 0.0708 -0.9545
vn 0.1946 0.0708 -0.9783
vn 0.0978 0.0708 -0.9927
vn -0.0000 0.0708 -0.9975
vn -0.0978 0.0708 -0.9927
vn -0.1946 0.0704 -0.9783
vn -0.2896 0.0708 -0.9545
vn -0.3817 0.0708 -0.9216
vn -0.4702 0.0708 -0.8797
vn -0.5542 0.0708 -0.8294
vn -0.6328 0.0708 -0.7711
vn -0.7053 0.0708 -0.7053
vn -0.7711 0.0708 -0.6328
vn -0.8294 0.0708 -0.5542
vn -0.8797 0.0708 -0.4702
vn -0.9216 0.0708 -0.3817
vn -0.9545 0.0708 -0.2896
vn -0.9783 0.0708 -0.1946
vn -0.9927 0.0708 -0.0978
vn -0.9975 0.0708 -0.0000
vn -0.9927 0.0708 0.0978
vn -0.9783 0.0708 0.1946
vn -0.9545 0.0708 0.2896
vn -0.9216 0.0708 0.3817
vn -0.8797 0.0708 0.4702
vn -0.8294 0.0708 0.5542
vn -0.7711 0.0708 0.6328
vn -0.7053 0.0708 0.7053
vn -0.6328 0.0708 0.7711
vn -0.5542 0.0708 0.8294
vn -0.4702 0.0708 0.8797
vn -0.3817 0.0708 0.9216
vn -0.2896 0.0708 0.9545
vn -0.1946 0.0708 0.9783
vn -0.0978 0.0708 0.9927
vn -0.0000 0.0708 0.9975
vn 0.0978 0.0708 0.9927
vn 0.1946 0.0704 0.9783
vn 0.2896 0.0708 0.9545
vn 0.3817 0.0708 0.9216
vn 0.4702 0.0708 0.8797
vn 0.5542 0.0708 0.8294
vn 0.6328 0.0708 0.7711
vn 0.7053 0.0708 0.7053
vn 0.7711 0.0708 0.6328
vn 0.8294 0.0708 0.5542
vn 0.8797 0.0708 0.4702
vn 0.9216 0.0708 0.3817
vn 0.9545 0.0708 0.2896
vn 0.9783 0.0708 0.1946
vn 0.9927 0.0708 0.0978
vn 0.9924 0.0753 -0.0977
vn 0.9972 0.0753 -0.0000
vn 0.9780 0.0750 -0.1945
vn 0.9542 0.0750 -0.2895
vn 0.9213 0.0753 -0.3816
vn 0.8794 0.0753 -0.4701
vn 0.8291 0.0753 -0.5540
vn 0.7708 0.0750 -0.6326
vn 0.7051 0.0750 -0.7051
vn 0.6326 0.0753 -0.7708
vn 0.5540 0.0750 -0.8291
vn 0.4701 0.0750 -0.8794
vn 0.3816 0.0753 -0.9213
vn 0.2895 0.0753 -0.9542
vn 0.1945 0.0753 -0.9780
vn 0.0977 0.0753 -0.9924
vn -0.0000 0.0753 -0.9972
vn -0.0977 0.0753 -0.9924
vn -0.1945 0.0750 -0.9780
vn -0.2895 0.0750 -0.9542
vn -0.3816 0.0750 -0.9213
vn -0.4701 0.0753 -0.8794
vn -0.5540 0.0753 -0.8291
vn -0.6326 0.0753 -0.7708
vn -0.7051 0.0750 -0.7051
vn -0.7708 0.0750 -0.6326
vn -0.8291 0.0753 -0.5540
vn -0.8794 0.0753 -0.4701
vn -0.9213 0.0753 -0.3816
vn -0.9542 0.0750 -0.2895
vn -0.9780 0.0750 -0.1945
vn -0.9924 0.0753 -0.0977
vn -0.9972 0.0753 -0.0000
vn -0.9924 0.0753 0.0977
vn -0.9780 0.0750 0.1945
vn -0.9542 0.0750 0.2895
vn -0.9213 0.0753 0.3816
vn -0.8794 0.0753 0.4701
vn -0.8291 0.0753 0.5540
vn -0.7708 0.0750 0.6326
vn -0.7051 0.0750 0.7051
vn -0.6326 0.0753 0.7708
vn -0.5540 0.0750 0.8291
vn -0.4701 0.0750 0.8794
vn -0.3816 0.0750 0.9213
vn -0.2895 0.0750 0.9542
vn -0.1945 0.0753 0.9780
vn -0.0977 0.0753 0.9924
vn -0.0000 0.0753 0.9972
vn 0.0977 0.0753 0.9924
vn 0.1945 0.0750 0.9780
vn 0.2895 0.0750 0.9542
vn 0.3816 0.0750 0.9213
vn 0.4701 0.0753 0.8794
vn 0.5540 0.0753 0.8291
vn 0.6326 0.0753 0.7708
vn 0.7051 0.0750 0.7051
vn 0.7708 0.0750 0.6326
vn 0.8291 0.0753 0.5540
vn 0.8794 0.0753 0.4701
vn 0.9213 0.0753 0.3816
vn 0.9542 0.0750 0.2895
vn 0.9780 0.0750 0.1945
vn 0.9924 0.0753 0.0977
vn 0.9923 0.0754 -0.0977
vn 0.9972 0.0754 -0.0000
vn 0.9780 0.0758 -0.1945
vn 0.9542 0.0754 -0.2895
vn 0.9212 0.0758 -0.3816
vn 0.8794 0.0759 -0.4700
vn 0.8291 0.0758 -0.5540
vn 0.7708 0.0759 -0.6326
vn 0.7051 0.0759 -0.7051
vn 0.6326 0.0754 -0.7708
vn 0.5540 0.0759 -0.8291
vn 0.4700 0.0758 -0.8794
vn 0.3816 0.0758 -0.9212
vn 0.2895 0.0754 -0.9542
vn 0.1945 0.0759 -0.9780
vn 0.0977 0.0754 -0.9923
vn -0.0000 0.0754 -0.9972
vn -0.0977 0.0754 -0.9923
vn -0.1945 0.0758 -0.9780
vn -0.2895 0.0754 -0.9542
vn -0.3816 0.0758 -0.9212
vn -0.4700 0.0759 -0.8794
vn -0.5540 0.0759 -0.8291
vn -0.6326 0.0754 -0.7708
vn -0.7051 0.0758 -0.7051
vn -0.7708 0.0754 -0.6326
vn -0.8291 0.0754 -0.5540
vn -0.8794 0.0754 -0.4701
vn -0.9212 0.0754 -0.3816
vn -0.9542 0.0754 -0.2895
vn -0.9780 0.0758 -0.1945
vn -0.9923 0.0754 -0.0977
vn -0.9971 0.0758 -0.0000
vn -0.9923 0.0754 0.0977
vn -0.9780 0.0754 0.1945
vn -0.9542 0.0754 0.2895
vn -0.9212 0.0758 0.3816
vn -0.8794 0.0759 0.4700
vn -0.8291 0.0758 0.5540
vn -0.7708 0.0759 0.6326
vn -0.7051 0.0759 0.7051
vn -0.6326 0.0754 0.7708
vn -0.5540 0.0759 0.8291
vn -0.4700 0.0758 0.8794
vn -0.3816 0.0754 0.9212
vn -0.2895 0.0754 0.9542
vn -0.1945 0.0759 0.9780
vn -0.0977 0.0754 0.9923
vn -0.0000 0.0754 0.9972
vn 0.0977 0.0754 0.9923
vn 0.1945 0.0758 0.9780
vn 0.2895 0.0754 0.9542
vn 0.3816 0.0758 0.9212
vn 0.4700 0.0759 0.8794
vn 0.5540 0.0759 0.8291
vn 0.6326 0.0754 0.7708
vn 0.7051 0.0758 0.7051
vn 0.7708 0.0754 0.6326
vn 0.8291 0.0754 0.5540
vn 0.8794 0.0754 0.4701
vn 0.9212 0.0754 0.3816
vn 0.9542 0.0754 0.2895
vn 0.9780 0.0758 0.1945
vn 0.9923 0.0754 0.0977
vn 0.9929 0.0684 -0.0978
vn 0.9977 0.0684 -0.0000
vn 0.9785 0.0684 -0.1946
vn 0.9547 0.0684 -0.2896
vn 0.9217 0.0684 -0.3818
vn 0.8799 0.0684 -0.4703
vn 0.8295 0.0684 -0.5543
vn 0.7712 0.0684 -0.6329
vn 0.7054 0.0684 -0.7055
vn 0.6329 0.0685 -0.7712
vn 0.5543 0.0685 -0.8295
vn 0.4703 0.0684 -0.8799
vn 0.3818 0.0684 -0.9217
vn 0.2896 0.0685 -0.9547
vn 0.1946 0.0684 -0.9785
vn 0.0978 0.0684 -0.9929
vn -0.0000 0.0684 -0.9977
vn -0.0978 0.0684 -0.9929
vn -0.1946 0.0684 -0.9785
vn -0.2896 0.0685 -0.9547
vn -0.3818 0.0684 -0.9217
vn -0.4703 0.0684 -0.8799
vn -0.5543 0.0685 -0.8295
vn -0.6329 0.0685 -0.7712
vn -0.7054 0.0685 -0.7055
vn -0.7712 0.0684 -0.6329
vn -0.8295 0.0685 -0.5543
vn -0.8799 0.0684 -0.4703
vn -0.9217 0.0684 -0.3818
vn -0.9547 0.0684 -0.2896
vn -0.9785 0.0684 -0.1946
vn -0.9929 0.0684 -0.0978
vn -0.9977 0.0684 -0.0000
vn -0.9929 0.0684 0.0978
vn -0.9785 0.0684 0.1946
vn -0.9547 0.0684 0.2896
vn -0.9217 0.0685 0.3818
vn -0.8799 0.0684 0.4703
vn -0.8295 0.0684 0.5543
vn -0.7712 0.0684 0.6329
vn -0.7054 0.0684 0.7055
vn -0.6329 0.0685 0.7712
vn -0.5543 0.0685 0.8295
vn -0.4703 0.0684 0.8799
vn -0.3818 0.0684 0.9217
vn -0.2896 0.0685 0.9547
vn -0.1946 0.0684 0.9785
vn -0.0978 0.0684 0.9929
vn -0.0000 0.0684 0.9977
vn 0.0978 0.0684 0.9929
vn 0.1946 0.0684 0.9785
vn 0.2896 0.0685 0.9547
vn 0.3818 0.0684 0.9217
vn 0.4703 0.0684 0.8799
vn 0.5543 0.0685 0.8295
vn 0.6329 0.0685 0.7712
vn 0.7054 0.0685 0.7055
vn 0.7712 0.0684 0.6329
vn 0.8295 0.0684 0.5543
vn 0.8799 0.0684 0.4703
vn 0.9217 0.0684 0.3818
vn 0.9547 0.0684 0.2896
vn 0.9785 0.0684 0.1946
vn 0.9929 0.0684 0.0978
vn 0.9631 -0.2518 -0.0949
vn 0.9678 -0.2518 -0.0000
vn 0.9492 -0.2518 -0.1888
vn 0.9261 -0.2518 -0.2809
vn 0.8941 -0.2518 -0.3704
vn 0.8535 -0.2518 -0.4562
vn 0.8047 -0.2518 -0.5377
vn 0.7481 -0.2518 -0.6140
vn 0.6843 -0.2518 -0.6843
vn 0.6140 -0.2518 -0.7481
vn 0.5377 -0.2518 -0.8047
vn 0.4562 -0.2518 -0.8535
vn 0.3704 -0.2518 -0.8941
vn 0.2809 -0.2518 -0.9261
vn 0.1888 -0.2518 -0.9492
vn 0.0949 -0.2518 -0.9631
vn -0.0000 -0.2518 -0.9678
vn -0.0949 -0.2518 -0.9631
vn -0.1888 -0.2518 -0.9492
vn -0.2809 -0.2518 -0.9261
vn -0.3704 -0.2518 -0.8941
vn -0.4562 -0.2518 -0.8535
vn -0.5377 -0.2518 -0.8047
vn -0.6140 -0.2518 -0.7481
vn -0.6843 -0.2518 -0.6843
vn -0.7481 -0.2518 -0.6140
vn -0.8047 -0.2518 -0.5377
vn -0.8535 -0.2518 -0.4562
vn -0.8941 -0.2518 -0.3704
vn -0.9261 -0.2518 -0.2809
vn -0.9492 -0.2518 -0.1888
vn -0.9631 -0.2518 -0.0949
vn -0.9678 -0.2518 -0.0000
vn -0.9631 -0.2518 0.0949
vn -0.9492 -0.2518 0.1888
vn -0.9261 -0.2518 0.2809
vn -0.8941 -0.2518 0.3704
vn -0.8535 -0.2518 0.4562
vn -0.8047 -0.2518 0.5377
vn -0.7481 -0.2518 0.6140
vn -0.6843 -0.2518 0.6843
vn -0.6140 -0.2518 0.7481
vn -0.5377 -0.2518 0.8047
vn -0.4562 -0.2518 0.8535
vn -0.3704 -0.2518 0.8941
vn -0.2809 -0.2518 0.9261
vn -0.1888 -0.2518 0.9492
vn -0.0949 -0.2518 0.9631
vn -0.0000 -0.2518 0.9678
vn 0.0949 -0.2518 0.9631
vn 0.1888 -0.2518 0.9492
vn 0.2809 -0.2518 0.9261
vn 0.3704 -0.2518 0.8941
vn 0.4562 -0.2518 0.8535
vn 0.5377 -0.2518 0.8047
vn 0.6140 -0.2518 0.7481
vn 0.6843 -0.2518 0.6843
vn 0.7481 -0.2518 0.6140
vn 0.8047 -0.2518 0.5377
vn 0.8535 -0.2518 0.4562
vn 0.8941 -0.2518 0.3704
vn 0.9261 -0.2518 0.2809
vn 0.9492 -0.2518 0.1888
vn 0.9631 -0.2518 0.0949
vn 0.7288 -0.6810 -0.0718
vn 0.7323 -0.6810 -0.0000
vn 0.7183 -0.6809 -0.1429
vn 0.7008 -0.6809 -0.2126
vn 0.6766 -0.6810 -0.2802
vn 0.6459 -0.6809 -0.3452
vn 0.6089 -0.6809 -0.4069
vn 0.5661 -0.6810 -0.4646
vn 0.5178 -0.6810 -0.5178
vn 0.4646 -0.6810 -0.5661
vn 0.4069 -0.6809 -0.6089
vn 0.3452 -0.6810 -0.6458
vn 0.2803 -0.6809 -0.6766
vn 0.2126 -0.6809 -0.7008
vn 0.1429 -0.6809 -0.7183
vn 0.0718 -0.6809 -0.7288
vn -0.0000 -0.6809 -0.7323
vn -0.0718 -0.6810 -0.7288
vn -0.1429 -0.6809 -0.7183
vn -0.2126 -0.6809 -0.7008
vn -0.2803 -0.6809 -0.6766
vn -0.3452 -0.6809 -0.6459
vn -0.4069 -0.6809 -0.6089
vn -0.4646 -0.6810 -0.5661
vn -0.5178 -0.6809 -0.5178
vn -0.5661 -0.6809 -0.4646
vn -0.6089 -0.6810 -0.4068
vn -0.6459 -0.6809 -0.3452
vn -0.6766 -0.6809 -0.2803
vn -0.7008 -0.6809 -0.2126
vn -0.7182 -0.6810 -0.1429
vn -0.7288 -0.6810 -0.0718
vn -0.7323 -0.6809 -0.0000
vn -0.7288 -0.6809 0.0718
vn -0.7182 -0.6810 0.1429
vn -0.7008 -0.6809 0.2126
vn -0.6766 -0.6810 0.2802
vn -0.6459 -0.6809 0.3452
vn -0.6089 -0.6810 0.4068
vn -0.5661 -0.6810 0.4646
vn -0.5178 -0.6810 0.5178
vn -0.4646 -0.6810 0.5661
vn -0.4069 -0.6809 0.6089
vn -0.3452 -0.6809 0.6459
vn -0.2803 -0.6809 0.6766
vn -0.2126 -0.6809 0.7008
vn -0.1429 -0.6809 0.7183
vn -0.0718 -0.6809 0.7288
vn -0.0000 -0.6809 0.7323
vn 0.0718 -0.6810 0.7288
vn 0.1429 -0.6809 0.7183
vn 0.2126 -0.6809 0.7008
vn 0.2803 -0.6809 0.6766
vn 0.3452 -0.6809 0.6459
vn 0.4069 -0.6809 0.6089
vn 0.4646 -0.6810 0.5661
vn 0.5178 -0.6810 0.5178
vn 0.5661 -0.6809 0.4646
vn 0.6089 -0.6810 0.4068
vn 0.6459 -0.6809 0.3452
vn 0.6766 -0.6810 0.2802
vn 0.7008 -0.6809 0.2126
vn 0.7183 -0.6809 0.1429
vn 0.7288 -0.6809 0.0718
vn 0.3202 -0.9468 -0.0315
vn 0.3217 -0.9468 -0.0000
vn 0.3155 -0.9468 -0.0628
vn 0.3079 -0.9468 -0.0934
vn 0.2972 -0.9468 -0.1231
vn 0.2837 -0.9468 -0.1517
vn 0.2675 -0.9468 -0.1787
vn 0.2487 -0.9468 -0.2041
vn 0.2275 -0.9468 -0.2275
vn 0.2041 -0.9468 -0.2487
vn 0.1787 -0.9468 -0.2675
vn 0.1517 -0.9468 -0.2837
vn 0.1231 -0.9468 -0.2972
vn 0.0934 -0.9468 -0.3079
vn 0.0628 -0.9468 -0.3156
vn 0.0315 -0.9468 -0.3202
vn -0.0000 -0.9468 -0.3217
vn -0.0315 -0.9468 -0.3202
vn -0.0628 -0.9468 -0.3156
vn -0.0934 -0.9468 -0.3079
vn -0.1231 -0.9468 -0.2972
vn -0.1517 -0.9468 -0.2837
vn -0.1787 -0.9468 -0.2675
vn -0.2041 -0.9468 -0.2487
vn -0.2275 -0.9468 -0.2275
vn -0.2487 -0.9468 -0.2041
vn -0.2675 -0.9468 -0.1787
vn -0.2837 -0.9468 -0.1517
vn -0.2972 -0.9468 -0.1231
vn -0.3079 -0.9468 -0.0934
vn -0.3155 -0.9468 -0.0628
vn -0.3202 -0.9468 -0.0315
vn -0.3217 -0.9468 -0.0000
vn -0.3202 -0.9468 0.0315
vn -0.3155 -0.9468 0.0628
vn -0.3079 -0.9468 0.0934
vn -0.2972 -0.9468 0.1231
vn -0.2837 -0.9468 0.1517
vn -0.2675 -0.9468 0.1787
vn -0.2487 -0.9468 0.2041
vn -0.2275 -0.9468 0.2275
vn -0.2041 -0.9468 0.2487
vn -0.1787 -0.9468 0.2675
vn -0.1517 -0.9468 0.2837
vn -0.1231 -0.9468 0.2972
vn -0.0934 -0.9468 0.3079
vn -0.0628 -0.9468 0.3156
vn -0.0315 -0.9468 0.3202
vn -0.0000 -0.9468 0.3217
vn 0.0315 -0.9468 0.3202
vn 0.0628 -0.9468 0.3156
vn 0.0934 -0.9468 0.3079
vn 0.1231 -0.9468 0.2972
vn 0.1517 -0.9468 0.2837
vn 0.1787 -0.9468 0.2675
vn 0.2041 -0.9468 0.2487
vn 0.2275 -0.9468 0.2275
vn 0.2487 -0.9468 0.2041
vn 0.2675 -0.9468 0.1787
vn 0.2837 -0.9468 0.1517
vn 0.2972 -0.9468 0.1231
vn 0.3079 -0.9468 0.0934
vn 0.3155 -0.9468 0.0628
vn 0.3202 -0.9468 0.0315
vn 0.0135 -0.9999 -0.0013
vn 0.0136 -0.9999 -0.0000
vn 0.0133 -0.9999 -0.0027
vn 0.0130 -0.9999 -0.0039
vn 0.0125 -0.9999 -0.0052
vn 0.0119 -0.9999 -0.0064
vn 0.0113 -0.9999 -0.0075
vn 0.0105 -0.9999 -0.0086
vn 0.0096 -0.9999 -0.0096
vn 0.0086 -0.9999 -0.0105
vn 0.0075 -0.9999 -0.0113
vn 0.0064 -0.9999 -0.0119
vn 0.0052 -0.9999 -0.0125
vn 0.0039 -0.9999 -0.0130
vn 0.0026 -0.9999 -0.0133
vn 0.0013 -0.9999 -0.0135
vn -0.0000 -0.9999 -0.0136
vn -0.0013 -0.9999 -0.0135
vn -0.0027 -0.9999 -0.0133
vn -0.0039 -0.9999 -0.0130
vn -0.0052 -0.9999 -0.0125
vn -0.0064 -0.9999 -0.0119
vn -0.0075 -0.9999 -0.0113
vn -0.0086 -0.9999 -0.0105
vn -0.0096 -0.9999 -0.0096
vn -0.0105 -0.9999 -0.0086
vn -0.0113 -0.9999 -0.0075
vn -0.0119 -0.9999 -0.0064
vn -0.0126 -0.9999 -0.0052
vn -0.0130 -0.9999 -0.0039
vn -0.0133 -0.9999 -0.0026
vn -0.0135 -0.9999 -0.0013
vn -0.0136 -0.9999 -0.0000
vn -0.0135 -0.9999 0.0013
vn -0.0133 -0.9999 0.0027
vn -0.0130 -0.9999 0.0039
vn -0.0125 -0.9999 0.0052
vn -0.0119 -0.9999 0.0064
vn -0.0113 -0.9999 0.0075
vn -0.0105 -0.9999 0.0086
vn -0.0096 -0.9999 0.0096
vn -0.0086 -0.9999 0.0105
vn -0.0075 -0.9999 0.0113
vn -0.0064 -0.9999 0.0120
vn -0.0052 -0.9999 0.0125
vn -0.0039 -0.9999 0.0130
vn -0.0026 -0.9999 0.0133
vn -0.0013 -0.9999 0.0135
vn -0.0000 -0.9999 0.0136
vn 0.0013 -0.9999 0.0135
vn 0.0026 -0.9999 0.0133
vn 0.0039 -0.9999 0.0130
vn 0.0052 -0.9999 0.0125
vn 0.0064 -0.9999 0.0119
vn 0.0075 -0.9999 0.0113
vn 0.0086 -0.9999 0.0105
vn 0.0096 -0.9999 0.0096
vn 0.0105 -0.9999 0.0086
vn 0.0113 -0.9999 0.0075
vn 0.0119 -0.9999 0.0064
vn 0.0126 -0.9999 0.0052
vn 0.0130 -0.9999 0.0039
vn 0.0133 -0.9999 0.0026
vn 0.0135 -0.9999 0.0013
vn 0.3288 -0.9439 -0.0324
vn 0.3304 -0.9439 -0.0000
vn 0.3240 -0.9439 -0.0644
vn 0.3161 -0.9439 -0.0959
vn 0.3052 -0.9439 -0.1264
vn 0.2913 -0.9439 -0.1557
vn 0.2747 -0.9439 -0.1835
vn 0.2554 -0.9439 -0.2096
vn 0.2336 -0.9439 -0.2336
vn 0.2096 -0.9439 -0.2554
vn 0.1835 -0.9439 -0.2747
vn 0.1557 -0.9439 -0.2913
vn 0.1264 -0.9439 -0.3052
vn 0.0959 -0.9439 -0.3161
vn 0.0644 -0.9439 -0.3240
vn 0.0324 -0.9439 -0.3288
vn -0.0000 -0.9439 -0.3304
vn -0.0324 -0.9439 -0.3288
vn -0.0645 -0.9439 -0.3240
vn -0.0959 -0.9439 -0.3161
vn -0.1264 -0.9439 -0.3052
vn -0.1557 -0.9439 -0.2913
vn -0.1835 -0.9439 -0.2747
vn -0.2096 -0.9439 -0.2554
vn -0.2336 -0.9439 -0.2336
vn -0.2554 -0.9439 -0.2096
vn -0.2747 -0.9439 -0.1835
vn -0.2913 -0.9439 -0.1557
vn -0.3052 -0.9439 -0.1264
vn -0.3161 -0.9439 -0.0959
vn -0.3240 -0.9439 -0.0644
vn -0.3288 -0.9439 -0.0324
vn -0.3304 -0.9439 -0.0000
vn -0.3288 -0.9439 0.0324
vn -0.3240 -0.9439 0.0644
vn -0.3161 -0.9439 0.0959
vn -0.3052 -0.9439 0.1264
vn -0.2913 -0.9439 0.1557
vn -0.2747 -0.9439 0.1835
vn -0.2554 -0.9439 0.2096
vn -0.2336 -0.9439 0.2336
vn -0.2096 -0.9439 0.2554
vn -0.1835 -0.9439 0.2747
vn -0.1557 -0.9439 0.2913
vn -0.1264 -0.9439 0.3052
vn -0.0959 -0.9439 0.3161
vn -0.0644 -0.9439 0.3240
vn -0.0324 -0.9439 0.3288
vn -0.0000 -0.9439 0.3304
vn 0.0324 -0.9439 0.3288
vn 0.0645 -0.9439 0.3240
vn 0.0959 -0.9439 0.3161
vn 0.1264 -0.9439 0.3052
vn 0.1557 -0.9439 0.2913
vn 0.1835 -0.9439 0.2747
vn 0.2096 -0.9439 0.2554
vn 0.2336 -0.9439 0.2336
vn 0.2554 -0.9439 0.2096
vn 0.2747 -0.9439 0.1835
vn 0.2913 -0.9439 0.1557
vn 0.3052 -0.9439 0.1264
vn 0.3161 -0.9439 0.0959
vn 0.3240 -0.9439 0.0644
vn 0.3288 -0.9439 0.0324
vn 0.8117 -0.5786 -0.0799
vn 0.8156 -0.5786 -0.0000
vn 0.7999 -0.5786 -0.1591
vn 0.7805 -0.5786 -0.2368
vn 0.7535 -0.5786 -0.3121
vn 0.7193 -0.5786 -0.3845
vn 0.6781 -0.5786 -0.4531
vn 0.6305 -0.5786 -0.5174
vn 0.5767 -0.5786 -0.5767
vn 0.5174 -0.5786 -0.6305
vn 0.4531 -0.5786 -0.6781
vn 0.3845 -0.5786 -0.7193
vn 0.3121 -0.5786 -0.7535
vn 0.2368 -0.5786 -0.7805
vn 0.1591 -0.5786 -0.7999
vn 0.0799 -0.5786 -0.8117
vn -0.0000 -0.5786 -0.8156
vn -0.0799 -0.5786 -0.8117
vn -0.1591 -0.5786 -0.7999
vn -0.2367 -0.5786 -0.7805
vn -0.3121 -0.5786 -0.7535
vn -0.3845 -0.5786 -0.7193
vn -0.4531 -0.5786 -0.6781
vn -0.5174 -0.5786 -0.6305
vn -0.5767 -0.5786 -0.5767
vn -0.6305 -0.5786 -0.5174
vn -0.6781 -0.5786 -0.4531
vn -0.7193 -0.5786 -0.3845
vn -0.7535 -0.5786 -0.3121
vn -0.7805 -0.5786 -0.2368
vn -0.7999 -0.5786 -0.1591
vn -0.8117 -0.5786 -0.0799
vn -0.8156 -0.5786 -0.0000
vn -0.8117 -0.5786 0.0799
vn -0.7999 -0.5786 0.1591
vn -0.7805 -0.5786 0.2368
vn -0.7535 -0.5786 0.3121
vn -0.7193 -0.5786 0.3845
vn -0.6781 -0.5786 0.4531
vn -0.6305 -0.5786 0.5174
vn -0.5767 -0.5786 0.5767
vn -0.5174 -0.5786 0.6305
vn -0.4531 -0.5786 0.6781
vn -0.3845 -0.5786 0.7193
vn -0.3121 -0.5786 0.7535
vn -0.2368 -0.5786 0.7805
vn -0.1591 -0.5786 0.7999
vn -0.0799 -0.5786 0.8117
vn -0.0000 -0.5786 0.8156
vn 0.0799 -0.5786 0.8117
vn 0.1591 -0.5786 0.7999
vn 0.2368 -0.5786 0.7805
vn 0.3121 -0.5786 0.7535
vn 0.3845 -0.5786 0.7193
vn 0.4531 -0.5786 0.6781
vn 0.5174 -0.5786 0.6305
vn 0.5767 -0.5786 0.5767
vn 0.6305 -0.5786 0.5174
vn 0.6781 -0.5786 0.4531
vn 0.7193 -0.5786 0.3845
vn 0.7535 -0.5786 0.3121
vn 0.7805 -0.5786 0.2368
vn 0.7999 -0.5786 0.1591
vn 0.8117 -0.5786 0.0799
vn 0.9952 -0.0000 -0.0980
vn 1.0000 -0.0000 -0.0000
vn 0.9808 -0.0000 -0.1951
vn 0.9569 -0.0000 -0.2903
vn 0.9239 -0.0000 -0.3827
vn 0.8819 -0.0000 -0.4714
vn 0.8315 -0.0000 -0.5556
vn 0.7730 -0.0000 -0.6344
vn 0.7071 -0.0000 -0.7071
vn 0.6344 -0.0000 -0.7730
vn 0.5556 -0.0000 -0.8315
vn 0.4714 -0.0000 -0.8819
vn 0.3827 -0.0000 -0.9239
vn 0.2903 -0.0000 -0.9569
vn 0.1951 -0.0000 -0.9808
vn 0.0980 -0.0000 -0.9952
vn -0.0000 -0.0000 -1.0000
vn -0.0980 -0.0000 -0.9952
vn -0.1951 -0.0000 -0.9808
vn -0.2903 -0.0000 -0.9569
vn -0.3827 -0.0000 -0.9239
vn -0.4714 -0.0000 -0.8819
vn -0.5556 -0.0000 -0.8315
vn -0.6344 -0.0000 -0.7730
vn -0.7071 -0.0000 -0.7071
vn -0.7730 -0.0000 -0.6344
vn -0.8315 -0.0000 -0.5556
vn -0.8819 -0.0000 -0.4714
vn -0.9239 -0.0000 -0.3827
vn -0.9569 -0.0000 -0.2903
vn -0.9808 -0.0000 -0.1951
vn -0.9952 -0.0000 -0.0980
vn -1.0000 -0.0000 -0.0000
vn -0.9952 -0.0000 0.0980
vn -0.9808 -0.0000 0.1951
vn -0.9569 -0.0000 0.2903
vn -0.9239 -0.0000 0.3827
vn -0.8819 -0.0000 0.4714
vn -0.8315 -0.0000 0.5556
vn -0.7730 -0.0000 0.6344
vn -0.7071 -0.0000 0.7071
vn -0.6344 -0.0000 0.7730
vn -0.5556 -0.0000 0.8315
vn -0.4714 -0.0000 0.8819
vn -0.3827 -0.0000 0.9239
vn -0.2903 -0.0000 0.9569
vn -0.1951 -0.0000 0.9808
vn -0.0980 -0.0000 0.9952
vn -0.0000 -0.0000 1.0000
vn 0.0980 -0.0000 0.9952
vn 0.1951 -0.0000 0.9808
vn 0.2903 -0.0000 0.9569
vn 0.3827 -0.0000 0.9239
vn 0.4714 -0.0000 0.8819
vn 0.5556 -0.0000 0.8315
vn 0.6344 -0.0000 0.7730
vn 0.7071 -0.0000 0.7071
vn 0.7730 -0.0000 0.6344
vn 0.8315 -0.0000 0.5556
vn 0.8819 -0.0000 0.4714
vn 0.9239 -0.0000 0.3827
vn 0.9569 -0.0000 0.2903
vn 0.9808 -0.0000 0.1951
vn 0.9952 -0.0000 0.0980
vn 0.8156 0.5786 -0.0000
vn 0.8117 0.5786 -0.0799
vn 0.7999 0.5786 -0.1591
vn 0.7805 0.5786 -0.2368
vn 0.7535 0.5786 -0.3121
vn 0.7193 0.5786 -0.3845
vn 0.6781 0.5786 -0.4531
vn 0.6305 0.5786 -0.5174
vn 0.5767 0.5786 -0.5767
vn 0.5174 0.5786 -0.6305
vn 0.4531 0.5786 -0.6781
vn 0.3845 0.5786 -0.7193
vn 0.3121 0.5786 -0.7535
vn 0.2368 0.5786 -0.7805
vn 0.1591 0.5786 -0.7999
vn 0.0799 0.5786 -0.8117
vn -0.0000 0.5786 -0.8156
vn -0.0799 0.5786 -0.8117
vn -0.1591 0.5786 -0.7999
vn -0.2368 0.5786 -0.7805
vn -0.3121 0.5786 -0.7535
vn -0.3845 0.5786 -0.7193
vn -0.4531 0.5786 -0.6781
vn -0.5174 0.5786 -0.6304
vn -0.5767 0.5786 -0.5767
vn -0.6305 0.5786 -0.5174
vn -0.6781 0.5786 -0.4531
vn -0.7193 0.5786 -0.3845
vn -0.7535 0.5786 -0.3121
vn -0.7805 0.5786 -0.2368
vn -0.7999 0.5786 -0.1591
vn -0.8117 0.5786 -0.0799
vn -0.8156 0.5786 -0.0000
vn -0.8117 0.5786 0.0799
vn -0.7999 0.5786 0.1591
vn -0.7805 0.5786 0.2368
vn -0.7535 0.5786 0.3121
vn -0.7193 0.5786 0.3845
vn -0.6781 0.5786 0.4531
vn -0.6305 0.5786 0.5174
vn -0.5767 0.5786 0.5767
vn -0.5174 0.5786 0.6305
vn -0.4531 0.5786 0.6781
vn -0.3845 0.5786 0.7193
vn -0.3121 0.5786 0.7535
vn -0.2368 0.5786 0.7805
vn -0.1591 0.5786 0.7999
vn -0.0799 0.5786 0.8117
vn -0.0000 0.5786 0.8156
vn 0.0799 0.5786 0.8117
vn 0.1591 0.5786 0.7999
vn 0.2368 0.5786 0.7805
vn 0.3121 0.5786 0.7535
vn 0.3845 0.5786 0.7193
vn 0.4531 0.5786 0.6781
vn 0.5174 0.5786 0.6304
vn 0.5767 0.5786 0.5767
vn 0.6305 0.5786 0.5174
vn 0.6781 0.5786 0.4531
vn 0.7193 0.5786 0.3845
vn 0.7535 0.5786 0.3121
vn 0.7805 0.5786 0.2368
vn 0.7999 0.5786 0.1591
vn 0.8117 0.5786 0.0799
vn 0.3288 0.9439 -0.0324
vn 0.3304 0.9439 -0.0000
vn 0.3240 0.9439 -0.0644
vn 0.3161 0.9439 -0.0959
vn 0.3052 0.9439 -0.1264
vn 0.2914 0.9439 -0.1557
vn 0.2747 0.9439 -0.1835
vn 0.2554 0.9439 -0.2096
vn 0.2336 0.9439 -0.2336
vn 0.2096 0.9439 -0.2554
vn 0.1835 0.9439 -0.2747
vn 0.1557 0.9439 -0.2914
vn 0.1264 0.9439 -0.3052
vn 0.0959 0.9439 -0.3161
vn 0.0644 0.9439 -0.3240
vn 0.0324 0.9439 -0.3288
vn -0.0000 0.9439 -0.3304
vn -0.0324 0.9439 -0.3288
vn -0.0645 0.9439 -0.3240
vn -0.0959 0.9439 -0.3161
vn -0.1264 0.9439 -0.3052
vn -0.1557 0.9439 -0.2914
vn -0.1835 0.9439 -0.2747
vn -0.2096 0.9439 -0.2554
vn -0.2336 0.9439 -0.2336
vn -0.2554 0.9439 -0.2096
vn -0.2747 0.9439 -0.1835
vn -0.2914 0.9439 -0.1557
vn -0.3052 0.9439 -0.1264
vn -0.3161 0.9439 -0.0959
vn -0.3240 0.9439 -0.0644
vn -0.3288 0.9439 -0.0324
vn -0.3304 0.9439 -0.0000
vn -0.3288 0.9439 0.0324
vn -0.3240 0.9439 0.0644
vn -0.3161 0.9439 0.0959
vn -0.3052 0.9439 0.1264
vn -0.2914 0.9439 0.1557
vn -0.2747 0.9439 0.1835
vn -0.2554 0.9439 0.2096
vn -0.2336 0.9439 0.2336
vn -0.2096 0.9439 0.2554
vn -0.1835 0.9439 0.2747
vn -0.1557 0.9439 0.2914
vn -0.1264 0.9439 0.3052
vn -0.0959 0.9439 0.3161
vn -0.0644 0.9439 0.3240
vn -0.0324 0.9439 0.3288
vn -0.0000 0.9439 0.3304
vn 0.0324 0.9439 0.3288
vn 0.0644 0.9439 0.3240
vn 0.0959 0.9439 0.3161
vn 0.1264 0.9439 0.3052
vn 0.1557 0.9439 0.2914
vn 0.1835 0.9439 0.2747
vn 0.2096 0.9439 0.2554
vn 0.2336 0.9439 0.2336
vn 0.2554 0.9439 0.2096
vn 0.2747 0.9439 0.1835
vn 0.2914 0.9439 0.1557
vn 0.3052 0.9439 0.1264
vn 0.3161 0.9439 0.0959
vn 0.3240 0.9439 0.0644
vn 0.3288 0.9439 0.0324
vn 0.1470 0.9890 -0.0145
vn 0.1477 0.9890 -0.0000
vn 0.1191 0.9929 -0.0000
vn 0.1186 0.9929 -0.0117
vn 0.1449 0.9890 -0.0288
vn 0.1169 0.9929 -0.0232
vn 0.1413 0.9890 -0.0429
vn 0.1140 0.9929 -0.0346
vn 0.1365 0.9890 -0.0565
vn 0.1101 0.9929 -0.0456
vn 0.1303 0.9890 -0.0696
vn 0.1051 0.9929 -0.0562
vn 0.1228 0.9890 -0.0821
vn 0.0991 0.9929 -0.0662
vn 0.1142 0.9890 -0.0937
vn 0.0921 0.9929 -0.0756
vn 0.1044 0.9890 -0.1044
vn 0.0842 0.9929 -0.0842
vn 0.0756 0.9929 -0.0921
vn 0.0937 0.9890 -0.1142
vn 0.0821 0.9890 -0.1228
vn 0.0662 0.9929 -0.0991
vn 0.0696 0.9890 -0.1303
vn 0.0562 0.9929 -0.1051
vn 0.0565 0.9890 -0.1365
vn 0.0456 0.9929 -0.1101
vn 0.0346 0.9929 -0.1140
vn 0.0429 0.9890 -0.1413
vn 0.0232 0.9929 -0.1169
vn 0.0288 0.9890 -0.1449
vn 0.0117 0.9929 -0.1186
vn 0.0145 0.9890 -0.1470
vn -0.0000 0.9890 -0.1477
vn -0.0000 0.9929 -0.1191
vn -0.0145 0.9890 -0.1470
vn -0.0117 0.9929 -0.1186
vn -0.0232 0.9929 -0.1169
vn -0.0288 0.9890 -0.1449
vn -0.0346 0.9929 -0.1140
vn -0.0429 0.9890 -0.1413
vn -0.0456 0.9929 -0.1101
vn -0.0565 0.9890 -0.1365
vn -0.0562 0.9929 -0.1051
vn -0.0696 0.9890 -0.1303
vn -0.0662 0.9929 -0.0991
vn -0.0821 0.9890 -0.1228
vn -0.0756 0.9929 -0.0921
vn -0.0937 0.9890 -0.1142
vn -0.0842 0.9929 -0.0842
vn -0.1044 0.9890 -0.1044
vn -0.0921 0.9929 -0.0756
vn -0.1142 0.9890 -0.0937
vn -0.0991 0.9929 -0.0662
vn -0.1228 0.9890 -0.0821
vn -0.1051 0.9929 -0.0562
vn -0.1303 0.9890 -0.0696
vn -0.1101 0.9929 -0.0456
vn -0.1365 0.9890 -0.0565
vn -0.1140 0.9929 -0.0346
vn -0.1413 0.9890 -0.0429
vn -0.1169 0.9929 -0.0232
vn -0.1449 0.9890 -0.0288
vn -0.1186 0.9929 -0.0117
vn -0.1470 0.9890 -0.0145
vn -0.1191 0.9929 -0.0000
vn -0.1477 0.9890 -0.0000
vn -0.1186 0.9929 0.0117
vn -0.1470 0.9890 0.0145
vn -0.1169 0.9929 0.0232
vn -0.1449 0.9890 0.0288
vn -0.1140 0.9929 0.0346
vn -0.1413 0.9890 0.0429
vn -0.1101 0.9929 0.0456
vn -0.1365 0.9890 0.0565
vn -0.1051 0.9929 0.0562
vn -0.1303 0.9890 0.0696
vn -0.0991 0.9929 0.0662
vn -0.1228 0.9890 0.0821
vn -0.0921 0.9929 0.0756
vn -0.1142 0.9890 0.0937
vn -0.0842 0.9929 0.0842
vn -0.1044 0.9890 0.1044
vn -0.0937 0.9890 0.1142
vn -0.0756 0.9929 0.0921
vn -0.0662 0.9929 0.0991
vn -0.0821 0.9890 0.1228
vn -0.0562 0.9929 0.1051
vn -0.0696 0.9890 0.1303
vn -0.0456 0.9929 0.1101
vn -0.0565 0.9890 0.1365
vn -0.0429 0.9890 0.1413
vn -0.0346 0.9929 0.1140
vn -0.0288 0.9890 0.1449
vn -0.0232 0.9929 0.1169
vn -0.0145 0.9890 0.1470
vn -0.0117 0.9929 0.1186
vn -0.0000 0.9929 0.1191
vn -0.0000 0.9890 0.1477
vn 0.0117 0.9929 0.1186
vn 0.0145 0.9890 0.1470
vn 0.0288 0.9890 0.1449
vn 0.0232 0.9929 0.1169
vn 0.0429 0.9890 0.1413
vn 0.0346 0.9929 0.1140
vn 0.0565 0.9890 0.1365
vn 0.0456 0.9929 0.1101
vn 0.0696 0.9890 0.1303
vn 0.0562 0.9929 0.1051
vn 0.0821 0.9890 0.1228
vn 0.0662 0.9929 0.0991
vn 0.0937 0.9890 0.1142
vn 0.0756 0.9929 0.0921
vn 0.1044 0.9890 0.1044
vn 0.0842 0.9929 0.0842
vn 0.1142 0.9890 0.0937
vn 0.0921 0.9929 0.0756
vn 0.1228 0.9890 0.0821
vn 0.0991 0.9929 0.0662
vn 0.1303 0.9890 0.0696
vn 0.1051 0.9929 0.0562
vn 0.1365 0.9890 0.0565
vn 0.1101 0.9929 0.0456
vn 0.1413 0.9890 0.0429
vn 0.1140 0.9929 0.0346
vn 0.1449 0.9890 0.0288
vn 0.1169 0.9929 0.0232
vn 0.1470 0.9890 0.0145
vn 0.1186 0.9929 0.0117
vn 0.4357 0.8991 -0.0429
vn 0.4378 0.8991 -0.0000
vn 0.4294 0.8991 -0.0854
vn 0.4189 0.8991 -0.1271
vn 0.4045 0.8991 -0.1675
vn 0.3861 0.8991 -0.2064
vn 0.3640 0.8991 -0.2432
vn 0.3384 0.8991 -0.2777
vn 0.3096 0.8991 -0.3096
vn 0.2777 0.8991 -0.3384
vn 0.2432 0.8991 -0.3640
vn 0.2064 0.8991 -0.3861
vn 0.1675 0.8991 -0.4045
vn 0.1271 0.8991 -0.4189
vn 0.0854 0.8991 -0.4294
vn 0.0429 0.8991 -0.4357
vn -0.0000 0.8991 -0.4378
vn -0.0429 0.8991 -0.4357
vn -0.0854 0.8991 -0.4294
vn -0.1271 0.8991 -0.4189
vn -0.1675 0.8991 -0.4045
vn -0.2064 0.8991 -0.3861
vn -0.2432 0.8991 -0.3640
vn -0.2777 0.8991 -0.3384
vn -0.3096 0.8991 -0.3096
vn -0.3384 0.8991 -0.2777
vn -0.3640 0.8991 -0.2432
vn -0.3861 0.8991 -0.2064
vn -0.4045 0.8991 -0.1675
vn -0.4189 0.8991 -0.1271
vn -0.4294 0.8991 -0.0854
vn -0.4357 0.8991 -0.0429
vn -0.4378 0.8991 -0.0000
vn -0.4357 0.8991 0.0429
vn -0.4294 0.8991 0.0854
vn -0.4189 0.8991 0.1271
vn -0.4045 0.8991 0.1675
vn -0.3861 0.8991 0.2064
vn -0.3640 0.8991 0.2432
vn -0.3384 0.8991 0.2777
vn -0.3096 0.8991 0.3096
vn -0.2777 0.8991 0.3384
vn -0.2432 0.8991 0.3640
vn -0.2064 0.8991 0.3861
vn -0.1675 0.8991 0.4045
vn -0.1271 0.8991 0.4189
vn -0.0854 0.8991 0.4294
vn -0.0429 0.8991 0.4357
vn -0.0000 0.8991 0.4378
vn 0.0429 0.8991 0.4357
vn 0.0854 0.8991 0.4294
vn 0.1271 0.8991 0.4189
vn 0.1675 0.8991 0.4045
vn 0.2064 0.8991 0.3861
vn 0.2432 0.8991 0.3640
vn 0.2777 0.8991 0.3384
vn 0.3096 0.8991 0.3096
vn 0.3384 0.8991 0.2777
vn 0.3640 0.8991 0.2432
vn 0.3861 0.8991 0.2064
vn 0.4045 0.8991 0.1675
vn 0.4189 0.8991 0.1271
vn 0.4294 0.8991 0.0854
vn 0.4357 0.8991 0.0429
vn 0.8310 0.5502 -0.0818
vn 0.8350 0.5502 -0.0000
vn 0.8190 0.5502 -0.1629
vn 0.7991 0.5502 -0.2424
vn 0.7715 0.5502 -0.3196
vn 0.7364 0.5502 -0.3936
vn 0.6943 0.5502 -0.4639
vn 0.6455 0.5502 -0.5297
vn 0.5904 0.5502 -0.5904
vn 0.5297 0.5502 -0.6455
vn 0.4639 0.5502 -0.6943
vn 0.3936 0.5502 -0.7364
vn 0.3196 0.5502 -0.7715
vn 0.2424 0.5502 -0.7991
vn 0.1629 0.5502 -0.8190
vn 0.0818 0.5502 -0.8310
vn -0.0000 0.5502 -0.8350
vn -0.0818 0.5502 -0.8310
vn -0.1629 0.5502 -0.8190
vn -0.2424 0.5502 -0.7991
vn -0.3195 0.5502 -0.7715
vn -0.3936 0.5502 -0.7364
vn -0.4639 0.5502 -0.6943
vn -0.5297 0.5502 -0.6455
vn -0.5905 0.5502 -0.5905
vn -0.6455 0.5502 -0.5297
vn -0.6943 0.5502 -0.4639
vn -0.7364 0.5502 -0.3936
vn -0.7715 0.5502 -0.3196
vn -0.7991 0.5502 -0.2424
vn -0.8190 0.5502 -0.1629
vn -0.8310 0.5502 -0.0818
vn -0.8350 0.5502 -0.0000
vn -0.8310 0.5502 0.0818
vn -0.8190 0.5502 0.1629
vn -0.7991 0.5502 0.2424
vn -0.7715 0.5502 0.3196
vn -0.7364 0.5502 0.3936
vn -0.6943 0.5502 0.4639
vn -0.6455 0.5502 0.5297
vn -0.5905 0.5502 0.5905
vn -0.5297 0.5502 0.6455
vn -0.4639 0.5502 0.6943
vn -0.3936 0.5502 0.7364
vn -0.3196 0.5502 0.7715
vn -0.2424 0.5502 0.7991
vn -0.1629 0.5502 0.8190
vn -0.0818 0.5502 0.8310
vn -0.0000 0.5502 0.8350
vn 0.0818 0.5502 0.8310
vn 0.1629 0.5502 0.8190
vn 0.2424 0.5502 0.7991
vn 0.3196 0.5502 0.7715
vn 0.3936 0.5502 0.7364
vn 0.4639 0.5502 0.6943
vn 0.5297 0.5502 0.6455
vn 0.5905 0.5502 0.5905
vn 0.6455 0.5502 0.5297
vn 0.6943 0.5502 0.4639
vn 0.7364 0.5502 0.3936
vn 0.7715 0.5502 0.3196
vn 0.7991 0.5502 0.2424
vn 0.8190 0.5502 0.1629
vn 0.8310 0.5502 0.0818
vn 0.9941 0.0470 -0.0979
vn 0.9989 0.0470 -0.0000
vn 0.9797 0.0470 -0.1949
vn 0.9559 0.0470 -0.2900
vn 0.9229 0.0470 -0.3823
vn 0.8809 0.0470 -0.4709
vn 0.8306 0.0470 -0.5550
vn 0.7722 0.0470 -0.6337
vn 0.7063 0.0470 -0.7063
vn 0.6337 0.0470 -0.7722
vn 0.5550 0.0470 -0.8306
vn 0.4709 0.0470 -0.8809
vn 0.3823 0.0470 -0.9229
vn 0.2900 0.0470 -0.9559
vn 0.1949 0.0470 -0.9797
vn 0.0979 0.0470 -0.9941
vn -0.0000 0.0470 -0.9989
vn -0.0979 0.0470 -0.9941
vn -0.1949 0.0470 -0.9797
vn -0.2900 0.0470 -0.9559
vn -0.3823 0.0470 -0.9229
vn -0.4709 0.0470 -0.8809
vn -0.5550 0.0470 -0.8306
vn -0.6337 0.0470 -0.7722
vn -0.7063 0.0470 -0.7063
vn -0.7722 0.0470 -0.6337
vn -0.8306 0.0470 -0.5550
vn -0.8809 0.0470 -0.4709
vn -0.9229 0.0470 -0.3823
vn -0.9559 0.0470 -0.2900
vn -0.9797 0.0470 -0.1949
vn -0.9941 0.0470 -0.0979
vn -0.9989 0.0470 -0.0000
vn -0.9941 0.0470 0.0979
vn -0.9797 0.0470 0.1949
vn -0.9559 0.0470 0.2900
vn -0.9229 0.0470 0.3823
vn -0.8809 0.0470 0.4709
vn -0.8306 0.0470 0.5550
vn -0.7722 0.0470 0.6337
vn -0.7063 0.0470 0.7063
vn -0.6337 0.0470 0.7722
vn -0.5550 0.0470 0.8306
vn -0.4709 0.0470 0.8809
vn -0.3823 0.0470 0.9229
vn -0.2900 0.0470 0.9559
vn -0.1949 0.0470 0.9797
vn -0.0979 0.0470 0.9941
vn -0.0000 0.0470 0.9989
vn 0.0979 0.0470 0.9941
vn 0.1949 0.0470 0.9797
vn 0.2900 0.0470 0.9559
vn 0.3823 0.0470 0.9229
vn 0.4709 0.0470 0.8809
vn 0.5550 0.0470 0.8306
vn 0.6337 0.0470 0.7722
vn 0.7063 0.0470 0.7063
vn 0.7722 0.0470 0.6337
vn 0.8306 0.0470 0.5550
vn 0.8809 0.0470 0.4709
vn 0.9229 0.0470 0.3823
vn 0.9559 0.0470 0.2900
vn 0.9797 0.0470 0.1949
vn 0.9941 0.0470 0.0979
vn 0.9640 -0.2482 -0.0950
vn 0.9687 -0.2482 -0.0000
vn 0.9501 -0.2482 -0.1890
vn 0.9270 -0.2482 -0.2812
vn 0.8950 -0.2482 -0.3707
vn 0.8543 -0.2482 -0.4566
vn 0.8054 -0.2482 -0.5382
vn 0.7488 -0.2482 -0.6145
vn 0.6850 -0.2482 -0.6850
vn 0.6145 -0.2482 -0.7488
vn 0.5382 -0.2482 -0.8054
vn 0.4566 -0.2482 -0.8543
vn 0.3707 -0.2482 -0.8950
vn 0.2812 -0.2482 -0.9270
vn 0.1890 -0.2482 -0.9501
vn 0.0949 -0.2482 -0.9640
vn -0.0000 -0.2482 -0.9687
vn -0.0949 -0.2482 -0.9640
vn -0.1890 -0.2482 -0.9501
vn -0.2812 -0.2482 -0.9270
vn -0.3707 -0.2482 -0.8950
vn -0.4566 -0.2482 -0.8543
vn -0.5382 -0.2482 -0.8054
vn -0.6145 -0.2482 -0.7488
vn -0.6850 -0.2482 -0.6850
vn -0.7488 -0.2482 -0.6145
vn -0.8054 -0.2482 -0.5382
vn -0.8543 -0.2482 -0.4566
vn -0.8950 -0.2482 -0.3707
vn -0.9270 -0.2482 -0.2812
vn -0.9501 -0.2482 -0.1890
vn -0.9640 -0.2482 -0.0949
vn -0.9687 -0.2482 -0.0000
vn -0.9640 -0.2482 0.0950
vn -0.9501 -0.2482 0.1890
vn -0.9270 -0.2482 0.2812
vn -0.8950 -0.2482 0.3707
vn -0.8543 -0.2482 0.4566
vn -0.8054 -0.2482 0.5382
vn -0.7488 -0.2482 0.6145
vn -0.6850 -0.2482 0.6850
vn -0.6145 -0.2482 0.7488
vn -0.5382 -0.2482 0.8054
vn -0.4566 -0.2482 0.8543
vn -0.3707 -0.2482 0.8950
vn -0.2812 -0.2482 0.9270
vn -0.1890 -0.2482 0.9501
vn -0.0949 -0.2482 0.9640
vn -0.0000 -0.2482 0.9687
vn 0.0949 -0.2482 0.9640
vn 0.1890 -0.2482 0.9501
vn 0.2812 -0.2482 0.9270
vn 0.3707 -0.2482 0.8950
vn 0.4566 -0.2482 0.8543
vn 0.5382 -0.2482 0.8054
vn 0.6145 -0.2482 0.7488
vn 0.6850 -0.2482 0.6850
vn 0.7488 -0.2482 0.6145
vn 0.8054 -0.2482 0.5382
vn 0.8543 -0.2482 0.4566
vn 0.8950 -0.2482 0.3707
vn 0.9270 -0.2482 0.2812
vn 0.9501 -0.2482 0.1890
vn 0.9640 -0.2482 0.0949
vn 0.9053 -0.4152 -0.0892
vn 0.9097 -0.4152 -0.0000
vn 0.8922 -0.4152 -0.1775
vn 0.8706 -0.4152 -0.2641
vn 0.8405 -0.4152 -0.3481
vn 0.8023 -0.4152 -0.4288
vn 0.7564 -0.4152 -0.5054
vn 0.7032 -0.4152 -0.5771
vn 0.6433 -0.4152 -0.6433
vn 0.5771 -0.4152 -0.7032
vn 0.5054 -0.4152 -0.7564
vn 0.4288 -0.4152 -0.8023
vn 0.3481 -0.4152 -0.8405
vn 0.2641 -0.4152 -0.8706
vn 0.1775 -0.4152 -0.8922
vn 0.0892 -0.4152 -0.9053
vn -0.0000 -0.4152 -0.9097
vn -0.0892 -0.4152 -0.9053
vn -0.1775 -0.4152 -0.8922
vn -0.2641 -0.4152 -0.8706
vn -0.3481 -0.4152 -0.8405
vn -0.4288 -0.4152 -0.8023
vn -0.5054 -0.4152 -0.7564
vn -0.5771 -0.4152 -0.7032
vn -0.6433 -0.4152 -0.6433
vn -0.7032 -0.4152 -0.5771
vn -0.7564 -0.4152 -0.5054
vn -0.8023 -0.4152 -0.4288
vn -0.8405 -0.4152 -0.3481
vn -0.8706 -0.4152 -0.2641
vn -0.8922 -0.4152 -0.1775
vn -0.9053 -0.4152 -0.0892
vn -0.9097 -0.4152 -0.0000
vn -0.9053 -0.4152 0.0892
vn -0.8922 -0.4152 0.1775
vn -0.8706 -0.4152 0.2641
vn -0.8405 -0.4152 0.3481
vn -0.8023 -0.4152 0.4288
vn -0.7564 -0.4152 0.5054
vn -0.7032 -0.4152 0.5771
vn -0.6433 -0.4152 0.6433
vn -0.5771 -0.4152 0.7032
vn -0.5054 -0.4152 0.7564
vn -0.4288 -0.4152 0.8023
vn -0.3481 -0.4152 0.8405
vn -0.2641 -0.4152 0.8706
vn -0.1775 -0.4152 0.8922
vn -0.0892 -0.4152 0.9053
vn -0.0000 -0.4152 0.9097
vn 0.0892 -0.4152 0.9053
vn 0.1775 -0.4152 0.8922
vn 0.2641 -0.4152 0.8706
vn 0.3481 -0.4152 0.8405
vn 0.4288 -0.4152 0.8023
vn 0.5054 -0.4152 0.7564
vn 0.5771 -0.4152 0.7032
vn 0.6433 -0.4152 0.6433
vn 0.7032 -0.4152 0.5771
vn 0.7564 -0.4152 0.5054
vn 0.8023 -0.4152 0.4288
vn 0.8405 -0.4152 0.3481
vn 0.8706 -0.4152 0.2641
vn 0.8922 -0.4152 0.1775
vn 0.9053 -0.4152 0.0892
vn 0.8434 -0.5308 -0.0831
vn 0.8475 -0.5309 -0.0000
vn 0.8312 -0.5309 -0.1653
vn 0.8110 -0.5309 -0.2460
vn 0.7830 -0.5309 -0.3243
vn 0.7474 -0.5308 -0.3995
vn 0.7047 -0.5308 -0.4708
vn 0.6551 -0.5308 -0.5376
vn 0.5993 -0.5308 -0.5993
vn 0.5376 -0.5309 -0.6551
vn 0.4709 -0.5308 -0.7047
vn 0.3995 -0.5308 -0.7474
vn 0.3243 -0.5308 -0.7830
vn 0.2460 -0.5308 -0.8110
vn 0.1653 -0.5308 -0.8312
vn 0.0831 -0.5308 -0.8434
vn -0.0000 -0.5308 -0.8475
vn -0.0831 -0.5309 -0.8434
vn -0.1653 -0.5308 -0.8312
vn -0.2460 -0.5308 -0.8110
vn -0.3243 -0.5309 -0.7830
vn -0.3995 -0.5309 -0.7474
vn -0.4708 -0.5309 -0.7046
vn -0.5376 -0.5308 -0.6551
vn -0.5993 -0.5308 -0.5993
vn -0.6551 -0.5308 -0.5376
vn -0.7046 -0.5309 -0.4708
vn -0.7474 -0.5309 -0.3995
vn -0.7830 -0.5308 -0.3243
vn -0.8110 -0.5308 -0.2460
vn -0.8312 -0.5308 -0.1653
vn -0.8434 -0.5308 -0.0831
vn -0.8475 -0.5309 -0.0000
vn -0.8434 -0.5308 0.0831
vn -0.8312 -0.5309 0.1653
vn -0.8110 -0.5309 0.2460
vn -0.7830 -0.5309 0.3243
vn -0.7474 -0.5308 0.3995
vn -0.7047 -0.5308 0.4709
vn -0.6551 -0.5308 0.5376
vn -0.5993 -0.5308 0.5993
vn -0.5376 -0.5309 0.6551
vn -0.4708 -0.5308 0.7047
vn -0.3995 -0.5308 0.7474
vn -0.3243 -0.5308 0.7830
vn -0.2460 -0.5308 0.8110
vn -0.1653 -0.5309 0.8312
vn -0.0831 -0.5308 0.8434
vn -0.0000 -0.5309 0.8475
vn 0.0831 -0.5309 0.8434
vn 0.1653 -0.5308 0.8312
vn 0.2460 -0.5308 0.8110
vn 0.3243 -0.5308 0.7830
vn 0.3995 -0.5308 0.7474
vn 0.4708 -0.5309 0.7046
vn 0.5376 -0.5309 0.6551
vn 0.5993 -0.5308 0.5993
vn 0.6551 -0.5309 0.5376
vn 0.7046 -0.5309 0.4708
vn 0.7474 -0.5308 0.3995
vn 0.7830 -0.5309 0.3243
vn 0.8110 -0.5309 0.2460
vn 0.8312 -0.5309 0.1653
vn 0.8434 -0.5308 0.0831
vn 0.8030 -0.5907 -0.0791
vn 0.8069 -0.5907 -0.0000
vn 0.7914 -0.5907 -0.1574
vn 0.7721 -0.5907 -0.2342
vn 0.7455 -0.5907 -0.3088
vn 0.7116 -0.5907 -0.3804
vn 0.6709 -0.5908 -0.4483
vn 0.6237 -0.5907 -0.5119
vn 0.5706 -0.5907 -0.5706
vn 0.5118 -0.5908 -0.6237
vn 0.4483 -0.5907 -0.6709
vn 0.3804 -0.5907 -0.7116
vn 0.3088 -0.5907 -0.7455
vn 0.2342 -0.5907 -0.7721
vn 0.1574 -0.5909 -0.7913
vn 0.0791 -0.5907 -0.8030
vn -0.0000 -0.5909 -0.8068
vn -0.0791 -0.5908 -0.8029
vn -0.1574 -0.5907 -0.7914
vn -0.2342 -0.5907 -0.7721
vn -0.3088 -0.5907 -0.7455
vn -0.3803 -0.5909 -0.7115
vn -0.4482 -0.5909 -0.6708
vn -0.5119 -0.5907 -0.6237
vn -0.5705 -0.5908 -0.5705
vn -0.6237 -0.5907 -0.5119
vn -0.6709 -0.5907 -0.4483
vn -0.7116 -0.5907 -0.3804
vn -0.7454 -0.5909 -0.3087
vn -0.7721 -0.5907 -0.2342
vn -0.7914 -0.5907 -0.1574
vn -0.8029 -0.5908 -0.0791
vn -0.8069 -0.5907 -0.0000
vn -0.8029 -0.5908 0.0791
vn -0.7914 -0.5907 0.1574
vn -0.7720 -0.5909 0.2342
vn -0.7455 -0.5907 0.3088
vn -0.7116 -0.5907 0.3804
vn -0.6709 -0.5907 0.4483
vn -0.6237 -0.5908 0.5118
vn -0.5705 -0.5908 0.5705
vn -0.5119 -0.5907 0.6237
vn -0.4482 -0.5909 0.6708
vn -0.3804 -0.5907 0.7116
vn -0.3088 -0.5907 0.7455
vn -0.2342 -0.5907 0.7721
vn -0.1574 -0.5906 0.7915
vn -0.0791 -0.5907 0.8030
vn -0.0000 -0.5908 0.8068
vn 0.0791 -0.5908 0.8029
vn 0.1574 -0.5907 0.7914
vn 0.2342 -0.5907 0.7721
vn 0.3088 -0.5908 0.7454
vn 0.3804 -0.5907 0.7116
vn 0.4483 -0.5907 0.6709
vn 0.5119 -0.5907 0.6237
vn 0.5706 -0.5907 0.5706
vn 0.6237 -0.5907 0.5119
vn 0.6709 -0.5908 0.4483
vn 0.7115 -0.5909 0.3803
vn 0.7455 -0.5907 0.3088
vn 0.7721 -0.5907 0.2342
vn 0.7913 -0.5908 0.1574
vn 0.8029 -0.5909 0.0791
vn 0.8021 -0.5920 -0.0790
vn 0.8062 -0.5917 -0.0000
vn 0.7908 -0.5916 -0.1573
vn 0.7713 -0.5920 -0.2340
vn 0.7449 -0.5916 -0.3085
vn 0.7110 -0.5917 -0.3800
vn 0.6704 -0.5916 -0.4479
vn 0.6230 -0.5920 -0.5113
vn 0.5699 -0.5920 -0.5699
vn 0.5113 -0.5920 -0.6230
vn 0.4479 -0.5917 -0.6703
vn 0.3799 -0.5920 -0.7108
vn 0.3085 -0.5916 -0.7449
vn 0.2340 -0.5916 -0.7715
vn 0.1573 -0.5916 -0.7908
vn 0.0790 -0.5920 -0.8021
vn -0.0000 -0.5920 -0.8060
vn -0.0790 -0.5920 -0.8021
vn -0.1573 -0.5916 -0.7908
vn -0.2340 -0.5917 -0.7715
vn -0.3085 -0.5916 -0.7449
vn -0.3800 -0.5917 -0.7110
vn -0.4479 -0.5917 -0.6703
vn -0.5115 -0.5915 -0.6233
vn -0.5701 -0.5916 -0.5701
vn -0.6230 -0.5920 -0.5113
vn -0.6701 -0.5920 -0.4478
vn -0.7108 -0.5920 -0.3799
vn -0.7449 -0.5916 -0.3085
vn -0.7713 -0.5920 -0.2340
vn -0.7907 -0.5917 -0.1573
vn -0.8023 -0.5917 -0.0790
vn -0.8060 -0.5920 -0.0000
vn -0.8023 -0.5917 0.0790
vn -0.7905 -0.5920 0.1572
vn -0.7715 -0.5917 0.2340
vn -0.7446 -0.5920 0.3084
vn -0.7108 -0.5920 0.3799
vn -0.6703 -0.5917 0.4479
vn -0.6230 -0.5920 0.5113
vn -0.5700 -0.5917 0.5700
vn -0.5113 -0.5920 0.6230
vn -0.4478 -0.5920 0.6701
vn -0.3799 -0.5920 0.7108
vn -0.3084 -0.5920 0.7446
vn -0.2340 -0.5917 0.7715
vn -0.1573 -0.5916 0.7908
vn -0.0790 -0.5920 0.8021
vn -0.0000 -0.5920 0.8060
vn 0.0790 -0.5920 0.8021
vn 0.1572 -0.5920 0.7905
vn 0.2340 -0.5916 0.7715
vn 0.3085 -0.5916 0.7449
vn 0.3799 -0.5920 0.7108
vn 0.4478 -0.5920 0.6701
vn 0.5114 -0.5917 0.6232
vn 0.5699 -0.5920 0.5699
vn 0.6230 -0.5920 0.5113
vn 0.6703 -0.5917 0.4479
vn 0.7110 -0.5917 0.3800
vn 0.7449 -0.5916 0.3085
vn 0.7713 -0.5920 0.2340
vn 0.7908 -0.5916 0.1573
vn 0.8021 -0.5920 0.0790
vn 0.8362 -0.5421 -0.0824
vn 0.8403 -0.5421 -0.0000
vn 0.8241 -0.5421 -0.1639
vn 0.8042 -0.5421 -0.2439
vn 0.7763 -0.5421 -0.3216
vn 0.7411 -0.5421 -0.3961
vn 0.6987 -0.5421 -0.4669
vn 0.6496 -0.5421 -0.5331
vn 0.5942 -0.5421 -0.5942
vn 0.5331 -0.5421 -0.6496
vn 0.4668 -0.5421 -0.6987
vn 0.3961 -0.5421 -0.7411
vn 0.3216 -0.5421 -0.7763
vn 0.2439 -0.5422 -0.8041
vn 0.1639 -0.5421 -0.8241
vn 0.0824 -0.5421 -0.8362
vn -0.0000 -0.5422 -0.8403
vn -0.0824 -0.5421 -0.8362
vn -0.1639 -0.5421 -0.8241
vn -0.2439 -0.5422 -0.8041
vn -0.3216 -0.5421 -0.7763
vn -0.3961 -0.5421 -0.7411
vn -0.4668 -0.5421 -0.6987
vn -0.5331 -0.5421 -0.6496
vn -0.5942 -0.5421 -0.5942
vn -0.6496 -0.5421 -0.5331
vn -0.6987 -0.5421 -0.4669
vn -0.7410 -0.5423 -0.3961
vn -0.7763 -0.5421 -0.3216
vn -0.8042 -0.5420 -0.2439
vn -0.8241 -0.5421 -0.1639
vn -0.8362 -0.5421 -0.0824
vn -0.8403 -0.5422 -0.0000
vn -0.8362 -0.5421 0.0824
vn -0.8242 -0.5421 0.1639
vn -0.8041 -0.5421 0.2439
vn -0.7763 -0.5421 0.3216
vn -0.7411 -0.5421 0.3961
vn -0.6987 -0.5421 0.4668
vn -0.6496 -0.5421 0.5331
vn -0.5942 -0.5422 0.5942
vn -0.5331 -0.5421 0.6496
vn -0.4668 -0.5421 0.6987
vn -0.3961 -0.5420 0.7411
vn -0.3216 -0.5421 0.7763
vn -0.2439 -0.5423 0.8040
vn -0.1639 -0.5421 0.8242
vn -0.0824 -0.5422 0.8362
vn -0.0000 -0.5421 0.8403
vn 0.0824 -0.5421 0.8362
vn 0.1639 -0.5421 0.8241
vn 0.2439 -0.5421 0.8041
vn 0.3216 -0.5421 0.7763
vn 0.3961 -0.5421 0.7411
vn 0.4668 -0.5421 0.6987
vn 0.5331 -0.5421 0.6496
vn 0.5942 -0.5421 0.5942
vn 0.6496 -0.5421 0.5331
vn 0.6987 -0.5421 0.4668
vn 0.7411 -0.5421 0.3961
vn 0.7764 -0.5421 0.3216
vn 0.8042 -0.5420 0.2439
vn 0.8241 -0.5421 0.1639
vn 0.8362 -0.5421 0.0824
vn 0.8932 -0.4409 -0.0880
vn 0.8976 -0.4409 -0.0000
vn 0.8803 -0.4408 -0.1751
vn 0.8589 -0.4409 -0.2605
vn 0.8292 -0.4409 -0.3435
vn 0.7916 -0.4409 -0.4231
vn 0.7463 -0.4409 -0.4987
vn 0.6938 -0.4409 -0.5694
vn 0.6347 -0.4409 -0.6347
vn 0.5694 -0.4409 -0.6938
vn 0.4987 -0.4408 -0.7463
vn 0.4231 -0.4409 -0.7916
vn 0.3435 -0.4408 -0.8293
vn 0.2606 -0.4408 -0.8589
vn 0.1751 -0.4408 -0.8803
vn 0.0880 -0.4409 -0.8932
vn -0.0000 -0.4409 -0.8976
vn -0.0880 -0.4408 -0.8933
vn -0.1751 -0.4408 -0.8803
vn -0.2606 -0.4408 -0.8589
vn -0.3435 -0.4409 -0.8292
vn -0.4231 -0.4409 -0.7916
vn -0.4987 -0.4409 -0.7463
vn -0.5694 -0.4408 -0.6938
vn -0.6347 -0.4408 -0.6347
vn -0.6938 -0.4409 -0.5694
vn -0.7463 -0.4409 -0.4987
vn -0.7916 -0.4409 -0.4231
vn -0.8293 -0.4408 -0.3435
vn -0.8590 -0.4408 -0.2606
vn -0.8803 -0.4409 -0.1751
vn -0.8932 -0.4409 -0.0880
vn -0.8976 -0.4409 -0.0000
vn -0.8932 -0.4409 0.0880
vn -0.8803 -0.4408 0.1751
vn -0.8589 -0.4409 0.2605
vn -0.8293 -0.4408 0.3435
vn -0.7916 -0.4409 0.4231
vn -0.7463 -0.4409 0.4987
vn -0.6938 -0.4409 0.5694
vn -0.6347 -0.4409 0.6347
vn -0.5694 -0.4409 0.6938
vn -0.4987 -0.4409 0.7463
vn -0.4231 -0.4409 0.7916
vn -0.3435 -0.4409 0.8292
vn -0.2606 -0.4408 0.8589
vn -0.1751 -0.4409 0.8803
vn -0.0880 -0.4409 0.8932
vn -0.0000 -0.4409 0.8976
vn 0.0880 -0.4409 0.8932
vn 0.1751 -0.4409 0.8803
vn 0.2605 -0.4409 0.8589
vn 0.3435 -0.4408 0.8293
vn 0.4231 -0.4409 0.7916
vn 0.4987 -0.4409 0.7463
vn 0.5694 -0.4408 0.6938
vn 0.6347 -0.4409 0.6347
vn 0.6939 -0.4408 0.5694
vn 0.7463 -0.4408 0.4987
vn 0.7916 -0.4408 0.4231
vn 0.8293 -0.4408 0.3435
vn 0.8589 -0.4409 0.2605
vn 0.8803 -0.4409 0.1751
vn 0.8932 -0.4409 0.0880
vn 0.9535 -0.2864 -0.0939
vn 0.9581 -0.2863 -0.0000
vn 0.9397 -0.2864 -0.1869
vn 0.9169 -0.2864 -0.2781
vn 0.8852 -0.2863 -0.3667
vn 0.8450 -0.2863 -0.4517
vn 0.7967 -0.2863 -0.5323
vn 0.7406 -0.2864 -0.6078
vn 0.6775 -0.2863 -0.6775
vn 0.6078 -0.2864 -0.7406
vn 0.5323 -0.2863 -0.7967
vn 0.4517 -0.2863 -0.8450
vn 0.3667 -0.2864 -0.8852
vn 0.2781 -0.2863 -0.9169
vn 0.1869 -0.2863 -0.9397
vn 0.0939 -0.2864 -0.9535
vn -0.0000 -0.2863 -0.9581
vn -0.0939 -0.2864 -0.9535
vn -0.1869 -0.2863 -0.9397
vn -0.2781 -0.2864 -0.9169
vn -0.3667 -0.2863 -0.8852
vn -0.4517 -0.2864 -0.8450
vn -0.5323 -0.2863 -0.7967
vn -0.6078 -0.2864 -0.7406
vn -0.6775 -0.2864 -0.6775
vn -0.7406 -0.2864 -0.6078
vn -0.7967 -0.2863 -0.5323
vn -0.8450 -0.2864 -0.4517
vn -0.8852 -0.2863 -0.3667
vn -0.9169 -0.2864 -0.2781
vn -0.9397 -0.2864 -0.1869
vn -0.9535 -0.2864 -0.0939
vn -0.9581 -0.2863 -0.0000
vn -0.9535 -0.2864 0.0939
vn -0.9397 -0.2864 0.1869
vn -0.9169 -0.2864 0.2781
vn -0.8852 -0.2863 0.3667
vn -0.8450 -0.2863 0.4517
vn -0.7967 -0.2863 0.5323
vn -0.7406 -0.2864 0.6078
vn -0.6775 -0.2863 0.6775
vn -0.6078 -0.2863 0.7407
vn -0.5323 -0.2864 0.7967
vn -0.4517 -0.2864 0.8450
vn -0.3667 -0.2864 0.8852
vn -0.2781 -0.2864 0.9169
vn -0.1869 -0.2864 0.9397
vn -0.0939 -0.2864 0.9535
vn -0.0000 -0.2863 0.9581
vn 0.0939 -0.2864 0.9535
vn 0.1869 -0.2864 0.9397
vn 0.2781 -0.2864 0.9169
vn 0.3667 -0.2863 0.8852
vn 0.4517 -0.2863 0.8450
vn 0.5323 -0.2864 0.7967
vn 0.6078 -0.2863 0.7407
vn 0.6775 -0.2864 0.6775
vn 0.7406 -0.2864 0.6078
vn 0.7967 -0.2863 0.5323
vn 0.8450 -0.2864 0.4517
vn 0.8852 -0.2864 0.3667
vn 0.9169 -0.2864 0.2781
vn 0.9397 -0.2864 0.1869
vn 0.9535 -0.2864 0.0939
vn 0.9959 -0.0230 -0.0878
vn 0.9998 -0.0190 -0.0000
vn 0.9773 -0.0402 -0.2078
vn 0.9565 -0.0317 -0.2901
vn 0.9234 -0.0317 -0.3825
vn 0.8873 -0.0402 -0.4594
vn 0.8306 -0.0195 -0.5565
vn 0.7729 -0.0190 -0.6343
vn 0.7070 -0.0190 -0.7070
vn 0.6343 -0.0190 -0.7729
vn 0.5555 -0.0190 -0.8313
vn 0.4713 -0.0190 -0.8818
vn 0.3826 -0.0190 -0.9237
vn 0.2902 -0.0190 -0.9568
vn 0.2065 -0.0235 -0.9782
vn 0.0849 -0.0402 -0.9956
vn -0.0000 -0.0317 -0.9995
vn -0.0971 -0.0322 -0.9947
vn -0.2157 -0.0272 -0.9761
vn -0.2902 -0.0190 -0.9568
vn -0.3826 -0.0190 -0.9237
vn -0.4713 -0.0190 -0.8818
vn -0.5555 -0.0190 -0.8313
vn -0.6343 -0.0190 -0.7729
vn -0.7070 -0.0190 -0.7070
vn -0.7729 -0.0190 -0.6343
vn -0.8278 -0.0214 -0.5606
vn -0.8873 -0.0402 -0.4594
vn -0.9234 -0.0317 -0.3825
vn -0.9565 -0.0317 -0.2901
vn -0.9796 -0.0336 -0.1980
vn -0.9962 -0.0249 -0.0829
vn -0.9998 -0.0190 -0.0000
vn -0.9950 -0.0190 0.0980
vn -0.9806 -0.0190 0.1950
vn -0.9568 -0.0190 0.2902
vn -0.9237 -0.0190 0.3826
vn -0.8818 -0.0190 0.4713
vn -0.8313 -0.0190 0.5555
vn -0.7818 -0.0246 0.6230
vn -0.7103 -0.0285 0.7033
vn -0.6341 -0.0317 0.7726
vn -0.5553 -0.0317 0.8310
vn -0.4680 -0.0294 0.8832
vn -0.3692 -0.0246 0.9290
vn -0.2902 -0.0190 0.9568
vn -0.1951 -0.0190 0.9806
vn -0.0980 -0.0190 0.9950
vn -0.0000 -0.0190 0.9998
vn 0.0980 -0.0190 0.9950
vn 0.1950 -0.0190 0.9806
vn 0.2902 -0.0190 0.9568
vn 0.3692 -0.0246 0.9290
vn 0.4680 -0.0294 0.8832
vn 0.5553 -0.0317 0.8311
vn 0.6341 -0.0317 0.7726
vn 0.6972 -0.0402 0.7158
vn 0.7750 -0.0203 0.6316
vn 0.8313 -0.0190 0.5555
vn 0.8818 -0.0190 0.4713
vn 0.9237 -0.0190 0.3826
vn 0.9568 -0.0190 0.2902
vn 0.9806 -0.0190 0.1951
vn 0.9950 -0.0190 0.0980
vn 0.9979 0.0034 -0.0654
vn 1.0000 0.0032 -0.0000
vn 0.9892 -0.0000 -0.1467
vn 0.9801 -0.0000 -0.1987
vn 0.8883 -0.0000 -0.4592
vn 0.8577 0.0044 -0.5141
vn 0.8577 -0.0000 -0.5141
vn 0.7730 0.0032 -0.6344
vn 0.8209 0.0042 -0.5711
vn 0.7071 0.0032 -0.7071
vn 0.6344 0.0032 -0.7730
vn 0.5556 0.0032 -0.8315
vn 0.4714 0.0032 -0.8819
vn 0.3827 0.0032 -0.9239
vn 0.2903 0.0032 -0.9569
vn 0.2379 0.0033 -0.9713
vn 0.1467 -0.0000 -0.9892
vn 0.0970 -0.0000 -0.9953
vn -0.0800 -0.0000 -0.9968
vn -0.1467 -0.0000 -0.9892
vn -0.2903 0.0032 -0.9569
vn -0.2393 0.0033 -0.9709
vn -0.3827 0.0032 -0.9239
vn -0.4714 0.0032 -0.8819
vn -0.5556 0.0032 -0.8315
vn -0.6344 0.0032 -0.7730
vn -0.7071 0.0032 -0.7071
vn -0.7730 0.0032 -0.6344
vn -0.8254 0.0037 -0.5646
vn -0.8577 -0.0000 -0.5141
vn -0.8883 -0.0000 -0.4592
vn -0.9760 -0.0000 -0.2176
vn -0.9892 -0.0000 -0.1467
vn -1.0000 0.0032 -0.0000
vn -0.9981 0.0036 -0.0612
vn -0.9952 0.0032 0.0980
vn -0.9808 0.0032 0.1951
vn -0.9569 0.0032 0.2903
vn -0.9239 0.0032 0.3827
vn -0.8819 0.0032 0.4714
vn -0.8315 0.0032 0.5556
vn -0.7771 0.0031 0.6293
vn -0.7410 -0.0000 0.6716
vn -0.6816 -0.0000 0.7317
vn -0.4965 -0.0000 0.8680
vn -0.3720 0.0029 0.9282
vn -0.4276 -0.0000 0.9040
vn -0.2903 0.0032 0.9569
vn -0.1951 0.0032 0.9808
vn -0.0980 0.0032 0.9952
vn -0.0000 0.0032 1.0000
vn 0.0980 0.0032 0.9952
vn 0.1951 0.0032 0.9808
vn 0.2903 0.0032 0.9569
vn 0.3720 0.0029 0.9282
vn 0.4276 -0.0000 0.9040
vn 0.4965 -0.0000 0.8680
vn 0.7000 -0.0000 0.7141
vn 0.7409 0.0044 0.6715
vn 0.7410 -0.0000 0.6716
vn 0.8315 0.0032 0.5556
vn 0.7880 0.0040 0.6157
vn 0.8819 0.0032 0.4714
vn 0.9239 0.0032 0.3827
vn 0.9569 0.0032 0.2903
vn 0.9808 0.0032 0.1951
vn 0.9952 0.0032 0.0980
vn 0.8932 0.4453 -0.0626
vn 0.8948 0.4466 -0.0000
vn 0.9891 0.0137 -0.1467
vn 0.8877 0.4412 -0.1317
vn 0.7426 0.4458 -0.4998
vn 0.7683 0.4446 -0.4605
vn 0.6917 0.4465 -0.5676
vn 0.6327 0.4466 -0.6327
vn 0.5676 0.4465 -0.6917
vn 0.4971 0.4466 -0.7440
vn 0.4218 0.4466 -0.7891
vn 0.3424 0.4466 -0.8266
vn 0.2597 0.4466 -0.8562
vn 0.2118 0.4450 -0.8701
vn 0.1467 0.0134 -0.9891
vn 0.1326 0.4275 -0.8942
vn -0.1467 0.0043 -0.9892
vn -0.2118 0.4450 -0.8701
vn -0.1326 0.4275 -0.8942
vn -0.2597 0.4466 -0.8562
vn -0.3424 0.4466 -0.8266
vn -0.4218 0.4466 -0.7891
vn -0.4971 0.4466 -0.7440
vn -0.5676 0.4465 -0.6917
vn -0.6327 0.4465 -0.6327
vn -0.6917 0.4466 -0.5676
vn -0.7426 0.4458 -0.4998
vn -0.8576 0.0137 -0.5141
vn -0.7683 0.4446 -0.4605
vn -0.8932 0.4453 -0.0626
vn -0.8877 0.4412 -0.1317
vn -0.9892 0.0044 -0.1467
vn -0.8948 0.4466 -0.0000
vn -0.8904 0.4466 0.0877
vn -0.8776 0.4465 0.1746
vn -0.8562 0.4466 0.2597
vn -0.8266 0.4466 0.3424
vn -0.7891 0.4466 0.4218
vn -0.7440 0.4466 0.4971
vn -0.6974 0.4457 0.5612
vn -0.7409 0.0137 0.6715
vn -0.6639 0.4441 0.6017
vn -0.3279 0.4456 0.8330
vn -0.3833 0.4433 0.8103
vn -0.4275 0.0137 0.9039
vn -0.2597 0.4466 0.8562
vn -0.1746 0.4465 0.8776
vn -0.0877 0.4466 0.8904
vn -0.0000 0.4466 0.8948
vn 0.0877 0.4466 0.8904
vn 0.1746 0.4465 0.8776
vn 0.2597 0.4466 0.8562
vn 0.3279 0.4456 0.8330
vn 0.4275 0.0137 0.9039
vn 0.3833 0.4433 0.8103
vn 0.6975 0.4457 0.5612
vn 0.6639 0.4441 0.6017
vn 0.7440 0.4466 0.4971
vn 0.7891 0.4466 0.4218
vn 0.8266 0.4466 0.3424
vn 0.8563 0.4465 0.2597
vn 0.8776 0.4465 0.1746
vn 0.8904 0.4466 0.0877
vn 0.4498 0.8926 -0.0312
vn 0.4486 0.8937 -0.0000
vn 0.4546 0.8881 -0.0674
vn 0.3733 0.8930 -0.2514
vn 0.3879 0.8919 -0.2325
vn 0.3468 0.8937 -0.2846
vn 0.3172 0.8937 -0.3172
vn 0.2846 0.8937 -0.3468
vn 0.2492 0.8937 -0.3730
vn 0.2115 0.8937 -0.3956
vn 0.1717 0.8937 -0.4144
vn 0.1302 0.8937 -0.4293
vn 0.1072 0.8923 -0.4386
vn 0.0729 0.8677 -0.4916
vn -0.1072 0.8923 -0.4386
vn -0.0729 0.8678 -0.4916
vn -0.1302 0.8937 -0.4293
vn -0.1717 0.8937 -0.4144
vn -0.2115 0.8937 -0.3956
vn -0.2492 0.8937 -0.3730
vn -0.2846 0.8937 -0.3468
vn -0.3172 0.8937 -0.3172
vn -0.3468 0.8937 -0.2846
vn -0.3733 0.8930 -0.2514
vn -0.3879 0.8919 -0.2325
vn -0.4498 0.8926 -0.0312
vn -0.4546 0.8881 -0.0674
vn -0.4486 0.8937 -0.0000
vn -0.4464 0.8937 0.0440
vn -0.4399 0.8937 0.0875
vn -0.4293 0.8937 0.1302
vn -0.4144 0.8937 0.1717
vn -0.3956 0.8937 0.2115
vn -0.3730 0.8937 0.2492
vn -0.3509 0.8929 0.2821
vn -0.3358 0.8914 0.3043
vn -0.1648 0.8928 0.4193
vn -0.1945 0.8905 0.4113
vn -0.1302 0.8937 0.4293
vn -0.0875 0.8937 0.4400
vn -0.0440 0.8937 0.4464
vn -0.0000 0.8937 0.4486
vn 0.0440 0.8937 0.4464
vn 0.0875 0.8937 0.4400
vn 0.1302 0.8937 0.4293
vn 0.1648 0.8928 0.4193
vn 0.1945 0.8905 0.4113
vn 0.3509 0.8929 0.2821
vn 0.3358 0.8914 0.3043
vn 0.3730 0.8937 0.2492
vn 0.3956 0.8937 0.2115
vn 0.4144 0.8937 0.1717
vn 0.4293 0.8937 0.1302
vn 0.4399 0.8937 0.0875
vn 0.4464 0.8937 0.0440
vn 0.0400 0.9992 -0.0027
vn 0.0131 0.9999 -0.0000
vn 0.0411 0.9991 -0.0061
vn 0.0121 0.9999 -0.0082
vn 0.0152 0.9998 -0.0091
vn 0.0098 0.9999 -0.0081
vn 0.0090 0.9999 -0.0090
vn 0.0081 0.9999 -0.0098
vn 0.0071 0.9999 -0.0106
vn 0.0060 0.9999 -0.0112
vn 0.0049 0.9999 -0.0117
vn 0.0046 0.9999 -0.0153
vn 0.0051 0.9998 -0.0207
vn 0.0199 0.9907 -0.1343
vn -0.0052 0.9998 -0.0212
vn -0.0199 0.9907 -0.1343
vn -0.0041 0.9999 -0.0136
vn -0.0049 0.9999 -0.0117
vn -0.0060 0.9999 -0.0112
vn -0.0071 0.9999 -0.0106
vn -0.0081 0.9999 -0.0098
vn -0.0090 0.9999 -0.0090
vn -0.0098 0.9999 -0.0081
vn -0.0121 0.9999 -0.0082
vn -0.0152 0.9998 -0.0091
vn -0.0183 0.9998 -0.0013
vn -0.0411 0.9991 -0.0061
vn -0.0160 0.9999 -0.0000
vn -0.0127 0.9999 0.0012
vn -0.0125 0.9999 0.0025
vn -0.0122 0.9999 0.0037
vn -0.0117 0.9999 0.0049
vn -0.0112 0.9999 0.0060
vn -0.0106 0.9999 0.0071
vn -0.0116 0.9999 0.0093
vn -0.0149 0.9998 0.0135
vn -0.0094 0.9997 0.0239
vn -0.0112 0.9997 0.0237
vn -0.0037 0.9999 0.0122
vn -0.0025 0.9999 0.0125
vn -0.0012 0.9999 0.0127
vn -0.0000 0.9999 0.0127
vn 0.0012 0.9999 0.0127
vn 0.0025 0.9999 0.0125
vn 0.0046 0.9999 0.0153
vn 0.0056 0.9999 0.0142
vn 0.0112 0.9997 0.0237
vn 0.0116 0.9999 0.0093
vn 0.0149 0.9998 0.0135
vn 0.0106 0.9999 0.0071
vn 0.0112 0.9999 0.0060
vn 0.0117 0.9999 0.0049
vn 0.0122 0.9999 0.0037
vn 0.0125 0.9999 0.0025
vn 0.0127 0.9999 0.0012
vn -0.0000 1.0000 -0.0000
vn -0.0077 1.0000 0.0004
vn -0.0050 1.0000 0.0035
vn -0.0030 1.0000 0.0018
vn -0.0059 1.0000 0.0048
vn -0.0054 1.0000 0.0054
vn -0.0048 1.0000 0.0059
vn -0.0042 1.0000 0.0063
vn -0.0036 1.0000 0.0067
vn -0.0029 1.0000 0.0070
vn -0.0019 1.0000 0.0060
vn -0.0001 1.0000 -0.0000
vn 0.0001 1.0000 -0.0000
vn 0.0011 1.0000 0.0044
vn 0.0029 1.0000 0.0070
vn 0.0026 1.0000 0.0087
vn 0.0036 1.0000 0.0067
vn 0.0042 1.0000 0.0063
vn 0.0048 1.0000 0.0059
vn 0.0054 1.0000 0.0054
vn 0.0059 1.0000 0.0048
vn 0.0050 1.0000 0.0035
vn 0.0030 1.0000 0.0018
vn 0.0066 1.0000 -0.0001
vn 0.0076 1.0000 -0.0008
vn 0.0074 1.0000 -0.0015
vn 0.0073 1.0000 -0.0022
vn 0.0070 1.0000 -0.0029
vn 0.0067 1.0000 -0.0036
vn 0.0063 1.0000 -0.0042
vn 0.0047 1.0000 -0.0035
vn 0.0010 1.0000 -0.0009
vn 0.0041 0.9999 -0.0115
vn 0.0015 1.0000 -0.0075
vn 0.0029 0.9999 -0.0096
vn 0.0007 1.0000 -0.0076
vn -0.0000 1.0000 -0.0076
vn -0.0008 1.0000 -0.0076
vn -0.0015 1.0000 -0.0074
vn -0.0021 1.0000 -0.0070
vn -0.0050 0.9999 -0.0139
vn -0.0010 1.0000 -0.0009
vn -0.0047 1.0000 -0.0035
vn -0.0063 1.0000 -0.0042
vn -0.0067 1.0000 -0.0036
vn -0.0070 1.0000 -0.0029
vn -0.0073 1.0000 -0.0022
vn -0.0075 1.0000 -0.0015
vn -0.0076 1.0000 -0.0007
vn -0.0096 1.0000 -0.0001
vn -0.4404 0.8975 0.0216
vn -0.4438 0.8961 -0.0047
vn -0.3611 0.8964 0.2571
vn -0.3711 0.9015 0.2224
vn -0.3447 0.8951 0.2829
vn -0.3153 0.8951 0.3153
vn -0.2829 0.8951 0.3447
vn -0.2477 0.8951 0.3707
vn -0.2102 0.8951 0.3932
vn -0.1706 0.8951 0.4120
vn -0.1367 0.8963 0.4219
vn -0.0042 0.9999 0.0167
vn -0.1066 0.8987 0.4255
vn 0.1367 0.8963 0.4219
vn 0.1066 0.8987 0.4254
vn 0.1706 0.8951 0.4120
vn 0.2102 0.8951 0.3932
vn 0.2477 0.8951 0.3708
vn 0.2829 0.8951 0.3447
vn 0.3153 0.8951 0.3153
vn 0.3447 0.8951 0.2829
vn 0.3611 0.8964 0.2571
vn 0.3711 0.9016 0.2224
vn 0.0291 0.9996 0.0014
vn 0.4438 0.8961 -0.0047
vn 0.4404 0.8975 0.0216
vn 0.4437 0.8951 -0.0437
vn 0.4373 0.8951 -0.0870
vn 0.4267 0.8951 -0.1294
vn 0.4120 0.8951 -0.1706
vn 0.3932 0.8951 -0.2102
vn 0.3707 0.8951 -0.2477
vn 0.3546 0.8965 -0.2655
vn 0.2848 0.9232 -0.2581
vn 0.1272 0.8960 -0.4254
vn 0.1490 0.8969 -0.4163
vn 0.0870 0.8951 -0.4373
vn 0.0437 0.8951 -0.4438
vn -0.0000 0.8951 -0.4459
vn -0.0437 0.8951 -0.4438
vn -0.0870 0.8951 -0.4373
vn -0.1272 0.8960 -0.4254
vn -0.1490 0.8969 -0.4163
vn -0.3546 0.8965 -0.2655
vn -0.2848 0.9232 -0.2581
vn -0.3708 0.8951 -0.2477
vn -0.3933 0.8951 -0.2102
vn -0.4120 0.8951 -0.1706
vn -0.4267 0.8951 -0.1294
vn -0.4373 0.8951 -0.0870
vn -0.4437 0.8951 -0.0437
vn -0.8918 0.4503 0.0438
vn -0.8935 0.4489 -0.0099
vn -0.7274 0.4491 0.5189
vn -0.7638 0.4550 0.4578
vn -0.6911 0.4479 0.5672
vn -0.6322 0.4479 0.6322
vn -0.5672 0.4479 0.6911
vn -0.4967 0.4479 0.7434
vn -0.4215 0.4479 0.7885
vn -0.3422 0.4479 0.8260
vn -0.2760 0.4490 0.8498
vn -0.2168 0.4516 0.8655
vn 0.2760 0.4490 0.8498
vn 0.2168 0.4515 0.8655
vn 0.3422 0.4479 0.8260
vn 0.4215 0.4479 0.7885
vn 0.4967 0.4479 0.7434
vn 0.5672 0.4479 0.6911
vn 0.6322 0.4479 0.6322
vn 0.6911 0.4479 0.5672
vn 0.7274 0.4491 0.5189
vn 0.7638 0.4550 0.4578
vn 0.8935 0.4490 -0.0099
vn 0.8918 0.4503 0.0438
vn 0.8898 0.4479 -0.0876
vn 0.8769 0.4479 -0.1744
vn 0.8556 0.4479 -0.2595
vn 0.8260 0.4479 -0.3422
vn 0.7885 0.4479 -0.4215
vn 0.7434 0.4479 -0.4967
vn 0.7159 0.4492 -0.5345
vn 0.6432 0.4965 -0.5829
vn 0.2556 0.4488 -0.8563
vn 0.3009 0.4496 -0.8410
vn 0.1744 0.4479 -0.8769
vn 0.0876 0.4479 -0.8898
vn -0.0000 0.4479 -0.8941
vn -0.0876 0.4479 -0.8898
vn -0.1744 0.4479 -0.8769
vn -0.2556 0.4488 -0.8563
vn -0.3009 0.4496 -0.8410
vn -0.7159 0.4492 -0.5345
vn -0.6432 0.4965 -0.5829
vn -0.7434 0.4479 -0.4967
vn -0.7885 0.4479 -0.4215
vn -0.8260 0.4479 -0.3422
vn -0.8556 0.4479 -0.2595
vn -0.8769 0.4479 -0.1744
vn -0.8898 0.4479 -0.0876
vn -0.9997 0.0064 -0.0253
vn -0.9988 0.0053 0.0491
vn -0.8136 0.0052 0.5813
vn -0.8577 0.0105 0.5141
vn -0.7730 0.0052 0.6344
vn -0.7071 0.0052 0.7071
vn -0.6344 0.0052 0.7730
vn -0.5556 0.0052 0.8315
vn -0.4714 0.0052 0.8819
vn -0.3827 0.0052 0.9239
vn -0.3204 0.0061 0.9473
vn -0.2430 0.0053 0.9700
vn 0.3096 0.0052 0.9509
vn 0.2430 0.0105 0.9700
vn 0.3827 0.0052 0.9239
vn 0.4714 0.0052 0.8819
vn 0.5556 0.0052 0.8315
vn 0.6344 0.0052 0.7730
vn 0.7071 0.0052 0.7071
vn 0.7730 0.0052 0.6344
vn 0.8092 0.0057 0.5875
vn 0.8577 0.0053 0.5141
vn 0.9999 0.0052 -0.0118
vn 0.9987 0.0104 0.0491
vn 0.9952 0.0052 -0.0980
vn 0.9808 0.0052 -0.1951
vn 0.9569 0.0052 -0.2903
vn 0.9239 0.0052 -0.3827
vn 0.8819 0.0052 -0.4714
vn 0.8315 0.0052 -0.5556
vn 0.8024 0.0052 -0.5967
vn 0.7409 0.0059 -0.6715
vn 0.2854 0.0052 -0.9584
vn 0.3369 0.0104 -0.9415
vn 0.1951 0.0052 -0.9808
vn 0.0980 0.0052 -0.9952
vn -0.0000 0.0052 -1.0000
vn -0.0980 0.0052 -0.9952
vn -0.1951 0.0052 -0.9808
vn -0.2712 0.0066 -0.9625
vn -0.3369 0.0053 -0.9415
vn -0.8017 0.0052 -0.5977
vn -0.7409 0.0116 -0.6715
vn -0.8315 0.0052 -0.5556
vn -0.8819 0.0052 -0.4714
vn -0.9239 0.0052 -0.3827
vn -0.9569 0.0052 -0.2903
vn -0.9808 0.0052 -0.1951
vn -0.9952 0.0052 -0.0980
vn -0.9999 0.0122 -0.0105
vn -0.9988 -0.0000 0.0491
vn -0.9862 0.1315 0.1002
vn -0.9913 -0.0000 0.1313
vn -0.9732 0.1239 0.1936
vn -0.9496 0.1239 0.2880
vn -0.9168 0.1239 0.3797
vn -0.8833 -0.0000 0.4688
vn -0.8760 0.1365 0.4625
vn -0.8577 -0.0000 0.5141
vn -0.8120 0.0169 0.5833
vn -0.7730 0.0100 0.6344
vn -0.7071 0.0100 0.7071
vn -0.6344 0.0100 0.7730
vn -0.5555 0.0100 0.8314
vn -0.4714 0.0100 0.8819
vn -0.3827 0.0100 0.9238
vn -0.3072 0.0137 0.9516
vn -0.2430 -0.0000 0.9700
vn -0.0973 0.1239 0.9875
vn -0.1883 0.1365 0.9726
vn -0.1894 -0.0000 0.9819
vn -0.0000 0.1239 0.9923
vn 0.0973 0.1239 0.9875
vn 0.1894 -0.0000 0.9819
vn 0.1883 0.1365 0.9726
vn 0.3169 0.0158 0.9483
vn 0.2430 -0.0000 0.9700
vn 0.3827 0.0100 0.9238
vn 0.4714 0.0100 0.8819
vn 0.5555 0.0100 0.8314
vn 0.6344 0.0100 0.7730
vn 0.7071 0.0100 0.7071
vn 0.7730 0.0100 0.6344
vn 0.8159 0.0156 0.5779
vn 0.8577 -0.0000 0.5141
vn 0.9168 0.1239 0.3797
vn 0.8760 0.1365 0.4625
vn 0.8833 -0.0000 0.4688
vn 0.9496 0.1239 0.2881
vn 0.9732 0.1239 0.1936
vn 0.9943 -0.0000 0.1071
vn 0.9854 0.1365 0.1021
vn 0.9996 0.0147 -0.0227
vn 0.9988 -0.0000 0.0491
vn 0.9951 0.0100 -0.0980
vn 0.9807 0.0100 -0.1951
vn 0.9569 0.0100 -0.2903
vn 0.9238 0.0100 -0.3827
vn 0.8819 0.0100 -0.4714
vn 0.8314 0.0100 -0.5555
vn 0.7982 0.0184 -0.6021
vn 0.7409 -0.0000 -0.6716
vn 0.7016 0.1242 -0.7016
vn 0.6950 -0.0000 -0.7190
vn 0.6295 0.1239 -0.7671
vn 0.5513 0.1239 -0.8251
vn 0.3944 -0.0000 -0.9189
vn 0.2728 0.0138 -0.9620
vn 0.3369 -0.0000 -0.9415
vn 0.1951 0.0100 -0.9807
vn 0.0980 0.0100 -0.9951
vn -0.0000 0.0100 -0.9999
vn -0.0980 0.0100 -0.9951
vn -0.1951 0.0100 -0.9807
vn -0.2861 0.0109 -0.9582
vn -0.3369 -0.0000 -0.9415
vn -0.3830 0.1341 -0.9140
vn -0.4204 -0.0000 -0.9073
vn -0.4678 0.1239 -0.8751
vn -0.5513 0.1239 -0.8251
vn -0.6295 0.1239 -0.7671
vn -0.6969 0.1365 -0.7040
vn -0.7409 -0.0000 -0.6716
vn -0.7981 0.0184 -0.6022
vn -0.8314 0.0100 -0.5555
vn -0.8819 0.0100 -0.4714
vn -0.9238 0.0100 -0.3827
vn -0.9569 0.0100 -0.2903
vn -0.9807 0.0100 -0.1951
vn -0.9951 0.0100 -0.0980
vn -0.8951 0.4458 -0.0000
vn -0.8779 0.4458 0.1746
vn -0.8566 0.4458 0.2598
vn -0.7894 0.4459 0.4219
vn -0.7443 0.4458 0.4973
vn -0.6919 0.4458 0.5679
vn -0.6329 0.4458 0.6329
vn -0.4973 0.4459 0.7442
vn -0.4219 0.4459 0.7894
vn -0.3425 0.4458 0.8270
vn -0.2598 0.4458 0.8566
vn 0.2598 0.4458 0.8566
vn 0.4220 0.4458 0.7894
vn 0.4973 0.4459 0.7442
vn 0.6919 0.4458 0.5679
vn 0.7443 0.4458 0.4973
vn 0.8566 0.4458 0.2598
vn 0.8779 0.4458 0.1746
vn 0.8951 0.4458 -0.0000
vn 0.8779 0.4458 -0.1746
vn 0.8566 0.4458 -0.2598
vn 0.7894 0.4459 -0.4219
vn 0.7443 0.4458 -0.4973
vn 0.6919 0.4458 -0.5679
vn 0.6329 0.4458 -0.6329
vn 0.4973 0.4459 -0.7442
vn 0.2598 0.4458 -0.8566
vn -0.4219 0.4459 -0.7894
vn -0.4973 0.4458 -0.7443
vn -0.5679 0.4458 -0.6919
vn -0.6919 0.4458 -0.5679
vn -0.7443 0.4458 -0.4973
vn -0.7894 0.4458 -0.4220
vn -0.8270 0.4458 -0.3425
vn -0.8566 0.4458 -0.2598
vn -0.4478 0.8930 0.0441
vn -0.4500 0.8930 -0.0000
vn -0.4413 0.8930 0.0878
vn -0.4306 0.8930 0.1306
vn -0.4157 0.8930 0.1722
vn -0.3968 0.8930 0.2121
vn -0.3741 0.8930 0.2500
vn -0.3478 0.8930 0.2855
vn -0.3182 0.8930 0.3182
vn -0.2855 0.8930 0.3478
vn -0.2500 0.8930 0.3741
vn -0.2121 0.8930 0.3968
vn -0.1722 0.8930 0.4157
vn -0.1306 0.8930 0.4306
vn -0.0878 0.8930 0.4413
vn -0.0441 0.8930 0.4478
vn -0.0000 0.8930 0.4500
vn 0.0441 0.8930 0.4478
vn 0.0878 0.8930 0.4413
vn 0.1306 0.8930 0.4306
vn 0.1722 0.8930 0.4157
vn 0.2121 0.8930 0.3968
vn 0.2500 0.8930 0.3741
vn 0.2855 0.8930 0.3478
vn 0.3182 0.8930 0.3182
vn 0.3478 0.8930 0.2855
vn 0.3741 0.8930 0.2500
vn 0.3968 0.8930 0.2121
vn 0.4157 0.8930 0.1722
vn 0.4306 0.8930 0.1306
vn 0.4413 0.8930 0.0878
vn 0.4478 0.8930 0.0441
vn 0.4500 0.8930 -0.0000
vn 0.4478 0.8930 -0.0441
vn 0.4413 0.8930 -0.0878
vn 0.4306 0.8930 -0.1306
vn 0.4157 0.8930 -0.1722
vn 0.3968 0.8930 -0.2121
vn 0.3741 0.8930 -0.2500
vn 0.3478 0.8930 -0.2855
vn 0.3182 0.8930 -0.3182
vn 0.2855 0.8930 -0.3478
vn 0.2500 0.8930 -0.3741
vn 0.2121 0.8930 -0.3968
vn 0.1722 0.8930 -0.4157
vn 0.1306 0.8930 -0.4306
vn 0.0878 0.8930 -0.4413
vn 0.0441 0.8930 -0.4478
vn -0.0000 0.8930 -0.4500
vn -0.0441 0.8930 -0.4478
vn -0.0878 0.8930 -0.4413
vn -0.1306 0.8930 -0.4306
vn -0.1722 0.8930 -0.4157
vn -0.2121 0.8930 -0.3968
vn -0.2500 0.8930 -0.3741
vn -0.2855 0.8930 -0.3478
vn -0.3182 0.8930 -0.3182
vn -0.3478 0.8930 -0.2855
vn -0.3741 0.8930 -0.2500
vn -0.3969 0.8930 -0.2121
vn -0.4157 0.8930 -0.1722
vn -0.4306 0.8930 -0.1306
vn -0.4413 0.8930 -0.0878
vn -0.4478 0.8930 -0.0441
vn -0.0102 0.9999 0.0010
vn -0.0102 0.9999 -0.0000
vn -0.0100 0.9999 0.0020
vn -0.0098 0.9999 0.0030
vn -0.0094 0.9999 0.0039
vn -0.0090 0.9999 0.0048
vn -0.0085 0.9999 0.0057
vn -0.0079 0.9999 0.0065
vn -0.0072 0.9999 0.0072
vn -0.0065 0.9999 0.0079
vn -0.0057 0.9999 0.0085
vn -0.0048 0.9999 0.0090
vn -0.0039 0.9999 0.0094
vn -0.0030 0.9999 0.0098
vn -0.0020 0.9999 0.0100
vn -0.0010 0.9999 0.0102
vn -0.0000 0.9999 0.0102
vn 0.0010 0.9999 0.0102
vn 0.0020 0.9999 0.0100
vn 0.0030 0.9999 0.0098
vn 0.0039 0.9999 0.0094
vn 0.0048 0.9999 0.0090
vn 0.0057 0.9999 0.0085
vn 0.0065 0.9999 0.0079
vn 0.0072 0.9999 0.0072
vn 0.0079 0.9999 0.0065
vn 0.0085 0.9999 0.0057
vn 0.0090 0.9999 0.0048
vn 0.0094 0.9999 0.0039
vn 0.0098 0.9999 0.0030
vn 0.0100 0.9999 0.0020
vn 0.0102 0.9999 0.0010
vn 0.0102 0.9999 -0.0000
vn 0.0102 0.9999 -0.0010
vn 0.0100 0.9999 -0.0020
vn 0.0098 0.9999 -0.0030
vn 0.0094 0.9999 -0.0039
vn 0.0090 0.9999 -0.0048
vn 0.0085 0.9999 -0.0057
vn 0.0079 0.9999 -0.0065
vn 0.0072 0.9999 -0.0072
vn 0.0065 0.9999 -0.0079
vn 0.0057 0.9999 -0.0085
vn 0.0048 0.9999 -0.0090
vn 0.0039 0.9999 -0.0094
vn 0.0030 0.9999 -0.0098
vn 0.0020 0.9999 -0.0100
vn 0.0010 0.9999 -0.0102
vn -0.0000 0.9999 -0.0102
vn -0.0010 0.9999 -0.0102
vn -0.0020 0.9999 -0.0100
vn -0.0030 0.9999 -0.0098
vn -0.0039 0.9999 -0.0094
vn -0.0048 0.9999 -0.0090
vn -0.0057 0.9999 -0.0085
vn -0.0065 0.9999 -0.0079
vn -0.0072 0.9999 -0.0072
vn -0.0079 0.9999 -0.0065
vn -0.0085 0.9999 -0.0057
vn -0.0090 0.9999 -0.0048
vn -0.0094 0.9999 -0.0039
vn -0.0098 0.9999 -0.0030
vn -0.0100 0.9999 -0.0020
vn -0.0102 0.9999 -0.0010
vn 0.3090 -0.0000 0.9511
vn -0.3090 -0.0000 -0.9511
vn 0.3090 -0.0000 -0.9511
vn -0.3090 -0.0000 0.9511
vn -0.8090 -0.0000 -0.5878
vn 0.8090 -0.0000 0.5878
vn -0.8090 -0.0000 0.5878
vn 0.8090 -0.0000 -0.5878
vn 0.3091 -0.0000 0.9510
vn -0.3090 -0.0000 -0.9510
vn -0.3091 -0.0000 -0.9510
vn 0.3089 -0.0000 -0.9511
vn 0.3090 -0.0000 -0.9510
vn -0.3090 -0.0000 0.9510
vn -0.8091 -0.0000 -0.5876
vn -0.8090 -0.0000 -0.5877
vn -0.8091 -0.0000 0.5877
vn 0.8091 -0.0001 -0.5877
vn -0.4619 0.8660 0.1913
vn -0.4410 0.8660 0.2357
vn -0.4157 0.8660 0.2778
vn -0.3865 0.8660 0.3172
vn -0.3536 0.8660 0.3536
vn -0.3172 0.8660 0.3865
vn -0.2778 0.8660 0.4157
vn -0.2357 0.8660 0.4410
vn -0.1913 0.8660 0.4619
vn -0.1451 0.8660 0.4785
vn -0.0975 0.8660 0.4904
vn -0.0490 0.8660 0.4976
vn -0.0000 0.8660 0.5000
vn 0.0490 0.8660 0.4976
vn 0.0975 0.8660 0.4904
vn 0.1451 0.8660 0.4785
vn 0.1913 0.8660 0.4619
vn 0.2357 0.8660 0.4410
vn 0.2778 0.8660 0.4157
vn 0.3172 0.8660 0.3865
vn 0.3536 0.8660 0.3536
vn 0.3865 0.8660 0.3172
vn 0.4157 0.8660 0.2778
vn 0.4410 0.8660 0.2357
vn 0.4619 0.8660 0.1913
vn 0.4785 0.8660 0.1451
vn 0.4904 0.8660 0.0975
vn 0.4976 0.8660 0.0490
vn 0.5000 0.8660 -0.0000
vn 0.4976 0.8660 -0.0490
vn 0.4904 0.8660 -0.0975
vn 0.4785 0.8660 -0.1451
vn 0.4619 0.8660 -0.1913
vn 0.4410 0.8660 -0.2357
vn 0.4157 0.8660 -0.2778
vn 0.3865 0.8660 -0.3172
vn 0.3536 0.8660 -0.3536
vn 0.3172 0.8660 -0.3865
vn 0.2778 0.8660 -0.4157
vn 0.2357 0.8660 -0.4410
vn 0.1913 0.8660 -0.4619
vn 0.1451 0.8660 -0.4785
vn 0.0975 0.8660 -0.4904
vn 0.0490 0.8660 -0.4976
vn -0.0000 0.8660 -0.5000
vn -0.0490 0.8660 -0.4976
vn -0.0975 0.8660 -0.4904
vn -0.1451 0.8660 -0.4785
vn -0.1913 0.8660 -0.4619
vn -0.2357 0.8660 -0.4410
vn -0.2778 0.8660 -0.4157
vn -0.3172 0.8660 -0.3865
vn -0.3536 0.8660 -0.3536
vn -0.3865 0.8660 -0.3172
vn -0.4157 0.8660 -0.2778
vn -0.4410 0.8660 -0.2357
vn -0.4619 0.8660 -0.1913
vn -0.4785 0.8660 -0.1451
vn -0.4904 0.8660 -0.0975
vn -0.4976 0.8660 -0.0490
vn -0.5000 0.8660 -0.0000
vn -0.5000 -0.8660 -0.0000
vn -0.4976 -0.8660 0.0490
vn -0.4904 -0.8660 0.0975
vn -0.4785 -0.8660 0.1451
vn -0.4619 -0.8660 0.1913
vn -0.4410 -0.8660 0.2357
vn -0.4157 -0.8660 0.2778
vn -0.3865 -0.8660 0.3172
vn -0.3536 -0.8660 0.3536
vn -0.3172 -0.8660 0.3865
vn -0.2778 -0.8660 0.4157
vn -0.2357 -0.8660 0.4410
vn -0.1913 -0.8660 0.4619
vn -0.1451 -0.8660 0.4785
vn -0.0975 -0.8660 0.4904
vn -0.0490 -0.8660 0.4976
vn -0.0000 -0.8660 0.5000
vn 0.0490 -0.8660 0.4976
vn 0.0975 -0.8660 0.4904
vn 0.1451 -0.8660 0.4785
vn 0.1913 -0.8660 0.4619
vn 0.2357 -0.8660 0.4410
vn 0.2778 -0.8660 0.4157
vn 0.3172 -0.8660 0.3865
vn 0.3536 -0.8660 0.3536
vn 0.3865 -0.8660 0.3172
vn 0.4157 -0.8660 0.2778
vn 0.4410 -0.8660 0.2357
vn 0.4619 -0.8660 0.1913
vn 0.4785 -0.8660 0.1451
vn 0.4904 -0.8660 0.0975
vn 0.4976 -0.8660 0.0490
vn 0.5000 -0.8660 -0.0000
vn 0.4976 -0.8660 -0.0490
vn 0.4904 -0.8660 -0.0975
vn 0.4785 -0.8660 -0.1451
vn 0.4619 -0.8660 -0.1913
vn 0.4410 -0.8660 -0.2357
vn 0.4157 -0.8660 -0.2778
vn 0.3865 -0.8660 -0.3172
vn 0.3536 -0.8660 -0.3536
vn 0.3172 -0.8660 -0.3865
vn 0.2778 -0.8660 -0.4157
vn 0.2357 -0.8660 -0.4410
vn 0.1913 -0.8660 -0.4619
vn 0.1451 -0.8660 -0.4785
vn 0.0975 -0.8660 -0.4904
vn 0.0490 -0.8660 -0.4976
vn -0.0000 -0.8660 -0.5000
vn -0.0490 -0.8660 -0.4976
vn -0.0975 -0.8660 -0.4904
vn -0.1451 -0.8660 -0.4785
vn -0.1913 -0.8660 -0.4619
vn -0.2357 -0.8660 -0.4410
vn -0.2778 -0.8660 -0.4157
vn -0.3172 -0.8660 -0.3865
vn -0.3536 -0.8660 -0.3536
vn -0.3865 -0.8660 -0.3172
vn -0.4157 -0.8660 -0.2778
vn -0.4410 -0.8660 -0.2357
vn -0.4619 -0.8660 -0.1913
vn -0.4785 -0.8660 -0.1451
vn -0.4904 -0.8660 -0.0975
vn -0.4976 -0.8660 -0.0490
vn 0.6935 -0.7071 -0.1380
vn -0.6935 -0.7071 -0.1380
vn -0.6935 -0.7071 0.1380
vn 0.6935 -0.7071 0.1380
vn 0.7071 0.7071 -0.0000
vn 0.7037 0.7071 -0.0693
vn 0.6935 0.7071 -0.1380
vn 0.6767 0.7071 -0.2053
vn 0.6533 0.7071 -0.2706
vn 0.6236 0.7071 -0.3333
vn 0.5879 0.7071 -0.3928
vn 0.5466 0.7071 -0.4486
vn 0.5000 0.7071 -0.5000
vn 0.4486 0.7071 -0.5466
vn 0.3929 0.7071 -0.5879
vn 0.3333 0.7071 -0.6236
vn 0.2706 0.7071 -0.6533
vn 0.2053 0.7071 -0.6767
vn 0.1379 0.7071 -0.6935
vn 0.0693 0.7071 -0.7037
vn -0.0000 0.7071 -0.7071
vn -0.0693 0.7071 -0.7037
vn -0.1380 0.7071 -0.6935
vn -0.2053 0.7071 -0.6767
vn -0.2706 0.7071 -0.6533
vn -0.3333 0.7071 -0.6236
vn -0.3929 0.7071 -0.5879
vn -0.4486 0.7071 -0.5466
vn -0.5000 0.7071 -0.5000
vn -0.5466 0.7071 -0.4486
vn -0.5879 0.7071 -0.3928
vn -0.6236 0.7071 -0.3333
vn -0.6533 0.7071 -0.2706
vn -0.6767 0.7071 -0.2053
vn -0.6935 0.7071 -0.1380
vn -0.7037 0.7071 -0.0693
vn -0.7071 0.7071 -0.0000
vn -0.7037 0.7071 0.0693
vn -0.6935 0.7071 0.1380
vn -0.6767 0.7071 0.2053
vn -0.6533 0.7071 0.2706
vn -0.6236 0.7071 0.3333
vn -0.5879 0.7071 0.3928
vn -0.5466 0.7071 0.4486
vn -0.5000 0.7071 0.5000
vn -0.4486 0.7071 0.5466
vn -0.3929 0.7071 0.5879
vn -0.3333 0.7071 0.6236
vn -0.2706 0.7071 0.6533
vn -0.2053 0.7071 0.6767
vn -0.1379 0.7071 0.6935
vn -0.0693 0.7071 0.7037
vn -0.0000 0.7071 0.7071
vn 0.0693 0.7071 0.7037
vn 0.1380 0.7071 0.6935
vn 0.2053 0.7071 0.6767
vn 0.2706 0.7071 0.6533
vn 0.3333 0.7071 0.6236
vn 0.3929 0.7071 0.5879
vn 0.4486 0.7071 0.5466
vn 0.5000 0.7071 0.5000
vn 0.5466 0.7071 0.4486
vn 0.5879 0.7071 0.3928
vn 0.6236 0.7071 0.3333
vn 0.6533 0.7071 0.2706
vn 0.6767 0.7071 0.2053
vn 0.6935 0.7071 0.1380
vn 0.7037 0.7071 0.0693
vn -0.4976 0.8660 0.0490
vn -0.4904 0.8660 0.0975
vn -0.4785 0.8660 0.1451
vt 0.687500 1.198907
vt 0.671875 1.198907
vt 0.671875 1.195508
vt 0.687500 1.195508
vt 0.023438 0.000000
vt 0.031250 0.230000
vt 0.015625 0.230000
vt 0.039062 0.000000
vt 0.046875 0.230000
vt 0.054688 0.000000
vt 0.062500 0.230000
vt 0.070312 0.000000
vt 0.078125 0.230000
vt 0.085938 0.000000
vt 0.093750 0.230000
vt 0.101562 0.000000
vt 0.109375 0.230000
vt 0.117188 0.000000
vt 0.125000 0.230000
vt 0.132812 0.000000
vt 0.140625 0.230000
vt 0.148438 0.000000
vt 0.156250 0.230000
vt 0.164062 0.000000
vt 0.171875 0.230000
vt 0.179688 0.000000
vt 0.187500 0.230000
vt 0.195312 0.000000
vt 0.203125 0.230000
vt 0.210938 0.000000
vt 0.218750 0.230000
vt 0.226562 0.000000
vt 0.234375 0.230000
vt 0.242188 0.000000
vt 0.250000 0.230000
vt 0.265625 0.230000
vt 0.257812 0.000000
vt 0.281250 0.230000
vt 0.273438 0.000000
vt 0.296875 0.230000
vt 0.289062 0.000000
vt 0.312500 0.230000
vt 0.304688 0.000000
vt 0.328125 0.230000
vt 0.320312 0.000000
vt 0.343750 0.230000
vt 0.335938 0.000000
vt 0.359375 0.230000
vt 0.351562 0.000000
vt 0.375000 0.230000
vt 0.367188 0.000000
vt 0.390625 0.230000
vt 0.382812 0.000000
vt 0.406250 0.230000
vt 0.398438 0.000000
vt 0.421875 0.230000
vt 0.414062 0.000000
vt 0.437500 0.230000
vt 0.429688 0.000000
vt 0.453125 0.230000
vt 0.445312 0.000000
vt 0.468750 0.230000
vt 0.460938 0.000000
vt 0.484375 0.230000
vt 0.476562 0.000000
vt 0.500000 0.230000
vt 0.492188 0.000000
vt 0.515625 0.230000
vt 0.507812 0.000000
vt 0.531250 0.230000
vt 0.523438 0.000000
vt 0.546875 0.230000
vt 0.539062 0.000000
vt 0.554688 0.000000
vt 0.562500 0.230000
vt 0.578125 0.230000
vt 0.570312 0.000000
vt 0.593750 0.230000
vt 0.585938 0.000000
vt 0.601562 0.000000
vt 0.609375 0.230000
vt 0.625000 0.230000
vt 0.617188 0.000000
vt 0.632812 0.000000
vt 0.640625 0.230000
vt 0.656250 0.230000
vt 0.648438 0.000000
vt 0.664062 0.000000
vt 0.671875 0.230000
vt 0.679688 0.000000
vt 0.687500 0.230000
vt 0.703125 0.230000
vt 0.695312 0.000000
vt 0.710938 0.000000
vt 0.718750 0.230000
vt 0.726562 0.000000
vt 0.734375 0.230000
vt 0.742188 0.000000
vt 0.750000 0.230000
vt 0.757812 0.000000
vt 0.765625 0.230000
vt 0.773438 0.000000
vt 0.781250 0.230000
vt 0.789062 0.000000
vt 0.796875 0.230000
vt 0.804688 0.000000
vt 0.812500 0.230000
vt 0.820312 0.000000
vt 0.828125 0.230000
vt 0.835938 0.000000
vt 0.843750 0.230000
vt 0.851562 0.000000
vt 0.859375 0.230000
vt 0.867188 0.000000
vt 0.875000 0.230000
vt 0.882812 0.000000
vt 0.890625 0.230000
vt 0.898438 0.000000
vt 0.906250 0.230000
vt 0.914062 0.000000
vt 0.921875 0.230000
vt 0.929688 0.000000
vt 0.937500 0.230000
vt 0.945312 0.000000
vt 0.953125 0.230000
vt 0.960938 0.000000
vt 0.968750 0.230000
vt 0.976562 0.000000
vt 0.984375 0.230000
vt 0.992188 0.000000
vt 1.000000 0.230000
vt 0.000000 0.230000
vt 0.015625 0.248601
vt 0.000000 0.248601
vt 0.031250 0.248601
vt 0.046875 0.248601
vt 0.062500 0.248601
vt 0.078125 0.248601
vt 0.093750 0.248601
vt 0.109375 0.248601
vt 0.125000 0.248601
vt 0.140625 0.248601
vt 0.156250 0.248601
vt 0.171875 0.248601
vt 0.187500 0.248601
vt 0.203125 0.248601
vt 0.218750 0.248601
vt 0.234375 0.248601
vt 0.250000 0.248601
vt 0.265625 0.248601
vt 0.281250 0.248601
vt 0.296875 0.248601
vt 0.312500 0.248601
vt 0.328125 0.248601
vt 0.343750 0.248601
vt 0.359375 0.248601
vt 0.375000 0.248601
vt 0.390625 0.248601
vt 0.406250 0.248601
vt 0.421875 0.248601
vt 0.437500 0.248601
vt 0.453125 0.248601
vt 0.468750 0.248601
vt 0.484375 0.248601
vt 0.500000 0.248601
vt 0.515625 0.248601
vt 0.531250 0.248601
vt 0.546875 0.248601
vt 0.562500 0.248601
vt 0.578125 0.248601
vt 0.593750 0.248601
vt 0.609375 0.248601
vt 0.625000 0.248601
vt 0.640625 0.248601
vt 0.656250 0.248601
vt 0.671875 0.248601
vt 0.687500 0.248601
vt 0.703125 0.248601
vt 0.718750 0.248601
vt 0.734375 0.248601
vt 0.750000 0.248601
vt 0.765625 0.248601
vt 0.781250 0.248601
vt 0.796875 0.248601
vt 0.812500 0.248601
vt 0.828125 0.248601
vt 0.843750 0.248601
vt 0.859375 0.248601
vt 0.875000 0.248601
vt 0.890625 0.248601
vt 0.906250 0.248601
vt 0.921875 0.248601
vt 0.937500 0.248601
vt 0.953125 0.248601
vt 0.968750 0.248601
vt 0.984375 0.248601
vt 1.000000 0.248601
vt 0.015625 0.254637
vt 0.000000 0.254637
vt 0.031250 0.254637
vt 0.046875 0.254637
vt 0.062500 0.254637
vt 0.078125 0.254637
vt 0.093750 0.254637
vt 0.109375 0.254637
vt 0.125000 0.254637
vt 0.140625 0.254637
vt 0.156250 0.254637
vt 0.171875 0.254637
vt 0.187500 0.254637
vt 0.203125 0.254637
vt 0.218750 0.254637
vt 0.234375 0.254637
vt 0.250000 0.254637
vt 0.265625 0.254637
vt 0.281250 0.254637
vt 0.296875 0.254637
vt 0.312500 0.254637
vt 0.328125 0.254637
vt 0.343750 0.254637
vt 0.359375 0.254637
vt 0.375000 0.254637
vt 0.390625 0.254637
vt 0.406250 0.254637
vt 0.421875 0.254637
vt 0.437500 0.254637
vt 0.453125 0.254637
vt 0.468750 0.254637
vt 0.484375 0.254637
vt 0.500000 0.254637
vt 0.515625 0.254637
vt 0.531250 0.254637
vt 0.546875 0.254637
vt 0.562500 0.254637
vt 0.578125 0.254637
vt 0.593750 0.254637
vt 0.609375 0.254637
vt 0.625000 0.254637
vt 0.640625 0.254637
vt 0.656250 0.254637
vt 0.671875 0.254637
vt 0.687500 0.254637
vt 0.703125 0.254637
vt 0.718750 0.254637
vt 0.734375 0.254637
vt 0.750000 0.254637
vt 0.765625 0.254637
vt 0.781250 0.254637
vt 0.796875 0.254637
vt 0.812500 0.254637
vt 0.828125 0.254637
vt 0.843750 0.254637
vt 0.859375 0.254637
vt 0.875000 0.254637
vt 0.890625 0.254637
vt 0.906250 0.254637
vt 0.921875 0.254637
vt 0.937500 0.254637
vt 0.953125 0.254637
vt 0.968750 0.254637
vt 0.984375 0.254637
vt 1.000000 0.254637
vt 0.015625 0.256550
vt 0.000000 0.256550
vt 0.031250 0.256550
vt 0.046875 0.256550
vt 0.062500 0.256550
vt 0.078125 0.256550
vt 0.093750 0.256550
vt 0.109375 0.256550
vt 0.125000 0.256550
vt 0.140625 0.256550
vt 0.156250 0.256550
vt 0.171875 0.256550
vt 0.187500 0.256550
vt 0.203125 0.256550
vt 0.218750 0.256550
vt 0.234375 0.256550
vt 0.250000 0.256550
vt 0.265625 0.256550
vt 0.281250 0.256550
vt 0.296875 0.256550
vt 0.312500 0.256550
vt 0.328125 0.256550
vt 0.343750 0.256550
vt 0.359375 0.256550
vt 0.375000 0.256550
vt 0.390625 0.256550
vt 0.406250 0.256550
vt 0.421875 0.256550
vt 0.437500 0.256550
vt 0.453125 0.256550
vt 0.468750 0.256550
vt 0.484375 0.256550
vt 0.500000 0.256550
vt 0.515625 0.256550
vt 0.531250 0.256550
vt 0.546875 0.256550
vt 0.562500 0.256550
vt 0.578125 0.256550
vt 0.593750 0.256550
vt 0.609375 0.256550
vt 0.625000 0.256550
vt 0.640625 0.256550
vt 0.656250 0.256550
vt 0.671875 0.256550
vt 0.687500 0.256550
vt 0.703125 0.256550
vt 0.718750 0.256550
vt 0.734375 0.256550
vt 0.750000 0.256550
vt 0.765625 0.256550
vt 0.781250 0.256550
vt 0.796875 0.256550
vt 0.812500 0.256550
vt 0.828125 0.256550
vt 0.843750 0.256550
vt 0.859375 0.256550
vt 0.875000 0.256550
vt 0.890625 0.256550
vt 0.906250 0.256550
vt 0.921875 0.256550
vt 0.937500 0.256550
vt 0.953125 0.256550
vt 0.968750 0.256550
vt 0.984375 0.256550
vt 1.000000 0.256550
vt 0.015625 0.272030
vt 0.000000 0.272030
vt 0.031250 0.272030
vt 0.046875 0.272030
vt 0.062500 0.272030
vt 0.078125 0.272030
vt 0.093750 0.272030
vt 0.109375 0.272030
vt 0.125000 0.272030
vt 0.140625 0.272030
vt 0.156250 0.272030
vt 0.171875 0.272030
vt 0.187500 0.272030
vt 0.203125 0.272030
vt 0.218750 0.272030
vt 0.234375 0.272030
vt 0.250000 0.272030
vt 0.265625 0.272030
vt 0.281250 0.272030
vt 0.296875 0.272030
vt 0.312500 0.272030
vt 0.328125 0.272030
vt 0.343750 0.272030
vt 0.359375 0.272030
vt 0.375000 0.272030
vt 0.390625 0.272030
vt 0.406250 0.272030
vt 0.421875 0.272030
vt 0.437500 0.272030
vt 0.453125 0.272030
vt 0.468750 0.272030
vt 0.484375 0.272030
vt 0.500000 0.272030
vt 0.515625 0.272030
vt 0.531250 0.272030
vt 0.546875 0.272030
vt 0.562500 0.272030
vt 0.578125 0.272030
vt 0.593750 0.272030
vt 0.609375 0.272030
vt 0.625000 0.272030
vt 0.640625 0.272030
vt 0.656250 0.272030
vt 0.671875 0.272030
vt 0.687500 0.272030
vt 0.703125 0.272030
vt 0.718750 0.272030
vt 0.734375 0.272030
vt 0.750000 0.272030
vt 0.765625 0.272030
vt 0.781250 0.272030
vt 0.796875 0.272030
vt 0.812500 0.272030
vt 0.828125 0.272030
vt 0.843750 0.272030
vt 0.859375 0.272030
vt 0.875000 0.272030
vt 0.890625 0.272030
vt 0.906250 0.272030
vt 0.921875 0.272030
vt 0.937500 0.272030
vt 0.953125 0.272030
vt 0.968750 0.272030
vt 0.984375 0.272030
vt 1.000000 0.272030
vt 0.015625 0.274583
vt 0.000000 0.274583
vt 0.031250 0.274583
vt 0.046875 0.274583
vt 0.062500 0.274583
vt 0.078125 0.274583
vt 0.093750 0.274583
vt 0.109375 0.274583
vt 0.125000 0.274583
vt 0.140625 0.274583
vt 0.156250 0.274583
vt 0.171875 0.274583
vt 0.187500 0.274583
vt 0.203125 0.274583
vt 0.218750 0.274583
vt 0.234375 0.274583
vt 0.250000 0.274583
vt 0.265625 0.274583
vt 0.281250 0.274583
vt 0.296875 0.274583
vt 0.312500 0.274583
vt 0.328125 0.274583
vt 0.343750 0.274583
vt 0.359375 0.274583
vt 0.375000 0.274583
vt 0.390625 0.274583
vt 0.406250 0.274583
vt 0.421875 0.274583
vt 0.437500 0.274583
vt 0.453125 0.274583
vt 0.468750 0.274583
vt 0.484375 0.274583
vt 0.500000 0.274583
vt 0.515625 0.274583
vt 0.531250 0.274583
vt 0.546875 0.274583
vt 0.562500 0.274583
vt 0.578125 0.274583
vt 0.593750 0.274583
vt 0.609375 0.274583
vt 0.625000 0.274583
vt 0.640625 0.274583
vt 0.656250 0.274583
vt 0.671875 0.274583
vt 0.687500 0.274583
vt 0.703125 0.274583
vt 0.718750 0.274583
vt 0.734375 0.274583
vt 0.750000 0.274583
vt 0.765625 0.274583
vt 0.781250 0.274583
vt 0.796875 0.274583
vt 0.812500 0.274583
vt 0.828125 0.274583
vt 0.843750 0.274583
vt 0.859375 0.274583
vt 0.875000 0.274583
vt 0.890625 0.274583
vt 0.906250 0.274583
vt 0.921875 0.274583
vt 0.937500 0.274583
vt 0.953125 0.274583
vt 0.968750 0.274583
vt 0.984375 0.274583
vt 1.000000 0.274583
vt 0.015625 0.285629
vt 0.000000 0.285629
vt 0.031250 0.285629
vt 0.046875 0.285629
vt 0.062500 0.285629
vt 0.078125 0.285629
vt 0.093750 0.285629
vt 0.109375 0.285629
vt 0.125000 0.285629
vt 0.140625 0.285629
vt 0.156250 0.285629
vt 0.171875 0.285629
vt 0.187500 0.285629
vt 0.203125 0.285629
vt 0.218750 0.285629
vt 0.234375 0.285629
vt 0.250000 0.285629
vt 0.265625 0.285629
vt 0.281250 0.285629
vt 0.296875 0.285629
vt 0.312500 0.285629
vt 0.328125 0.285629
vt 0.343750 0.285629
vt 0.359375 0.285629
vt 0.375000 0.285629
vt 0.390625 0.285629
vt 0.406250 0.285629
vt 0.421875 0.285629
vt 0.437500 0.285629
vt 0.453125 0.285629
vt 0.468750 0.285629
vt 0.484375 0.285629
vt 0.500000 0.285629
vt 0.515625 0.285629
vt 0.531250 0.285629
vt 0.546875 0.285629
vt 0.562500 0.285629
vt 0.578125 0.285629
vt 0.593750 0.285629
vt 0.609375 0.285629
vt 0.625000 0.285629
vt 0.640625 0.285629
vt 0.656250 0.285629
vt 0.671875 0.285629
vt 0.687500 0.285629
vt 0.703125 0.285629
vt 0.718750 0.285629
vt 0.734375 0.285629
vt 0.750000 0.285629
vt 0.765625 0.285629
vt 0.781250 0.285629
vt 0.796875 0.285629
vt 0.812500 0.285629
vt 0.828125 0.285629
vt 0.843750 0.285629
vt 0.859375 0.285629
vt 0.875000 0.285629
vt 0.890625 0.285629
vt 0.906250 0.285629
vt 0.921875 0.285629
vt 0.937500 0.285629
vt 0.953125 0.285629
vt 0.968750 0.285629
vt 0.984375 0.285629
vt 1.000000 0.285629
vt 0.015625 0.292483
vt 0.000000 0.292483
vt 0.031250 0.292483
vt 0.046875 0.292483
vt 0.062500 0.292483
vt 0.078125 0.292483
vt 0.093750 0.292483
vt 0.109375 0.292483
vt 0.125000 0.292483
vt 0.140625 0.292483
vt 0.156250 0.292483
vt 0.171875 0.292483
vt 0.187500 0.292483
vt 0.203125 0.292483
vt 0.218750 0.292483
vt 0.234375 0.292483
vt 0.250000 0.292483
vt 0.265625 0.292483
vt 0.281250 0.292483
vt 0.296875 0.292483
vt 0.312500 0.292483
vt 0.328125 0.292483
vt 0.343750 0.292483
vt 0.359375 0.292483
vt 0.375000 0.292483
vt 0.390625 0.292483
vt 0.406250 0.292483
vt 0.421875 0.292483
vt 0.437500 0.292483
vt 0.453125 0.292483
vt 0.468750 0.292483
vt 0.484375 0.292483
vt 0.500000 0.292483
vt 0.515625 0.292483
vt 0.531250 0.292483
vt 0.546875 0.292483
vt 0.562500 0.292483
vt 0.578125 0.292483
vt 0.593750 0.292483
vt 0.609375 0.292483
vt 0.625000 0.292483
vt 0.640625 0.292483
vt 0.656250 0.292483
vt 0.671875 0.292483
vt 0.687500 0.292483
vt 0.703125 0.292483
vt 0.718750 0.292483
vt 0.734375 0.292483
vt 0.750000 0.292483
vt 0.765625 0.292483
vt 0.781250 0.292483
vt 0.796875 0.292483
vt 0.812500 0.292483
vt 0.828125 0.292483
vt 0.843750 0.292483
vt 0.859375 0.292483
vt 0.875000 0.292483
vt 0.890625 0.292483
vt 0.906250 0.292483
vt 0.921875 0.292483
vt 0.937500 0.292483
vt 0.953125 0.292483
vt 0.968750 0.292483
vt 0.984375 0.292483
vt 1.000000 0.292483
vt 0.015625 0.300841
vt 0.000000 0.300841
vt 0.031250 0.300841
vt 0.046875 0.300841
vt 0.062500 0.300841
vt 0.078125 0.300841
vt 0.093750 0.300841
vt 0.109375 0.300841
vt 0.125000 0.300841
vt 0.140625 0.300841
vt 0.156250 0.300841
vt 0.171875 0.300841
vt 0.187500 0.300841
vt 0.203125 0.300841
vt 0.218750 0.300841
vt 0.234375 0.300841
vt 0.250000 0.300841
vt 0.265625 0.300841
vt 0.281250 0.300841
vt 0.296875 0.300841
vt 0.312500 0.300841
vt 0.328125 0.300841
vt 0.343750 0.300841
vt 0.359375 0.300841
vt 0.375000 0.300841
vt 0.390625 0.300841
vt 0.406250 0.300841
vt 0.421875 0.300841
vt 0.437500 0.300841
vt 0.453125 0.300841
vt 0.468750 0.300841
vt 0.484375 0.300841
vt 0.500000 0.300841
vt 0.515625 0.300841
vt 0.531250 0.300841
vt 0.546875 0.300841
vt 0.562500 0.300841
vt 0.578125 0.300841
vt 0.593750 0.300841
vt 0.609375 0.300841
vt 0.625000 0.300841
vt 0.640625 0.300841
vt 0.656250 0.300841
vt 0.671875 0.300841
vt 0.687500 0.300841
vt 0.703125 0.300841
vt 0.718750 0.300841
vt 0.734375 0.300841
vt 0.750000 0.300841
vt 0.765625 0.300841
vt 0.781250 0.300841
vt 0.796875 0.300841
vt 0.812500 0.300841
vt 0.828125 0.300841
vt 0.843750 0.300841
vt 0.859375 0.300841
vt 0.875000 0.300841
vt 0.890625 0.300841
vt 0.906250 0.300841
vt 0.921875 0.300841
vt 0.937500 0.300841
vt 0.953125 0.300841
vt 0.968750 0.300841
vt 0.984375 0.300841
vt 1.000000 0.300841
vt 0.015625 0.310381
vt 0.000000 0.310381
vt 0.031250 0.310381
vt 0.046875 0.310381
vt 0.062500 0.310381
vt 0.078125 0.310381
vt 0.093750 0.310381
vt 0.109375 0.310381
vt 0.125000 0.310381
vt 0.140625 0.310381
vt 0.156250 0.310381
vt 0.171875 0.310381
vt 0.187500 0.310381
vt 0.203125 0.310381
vt 0.218750 0.310381
vt 0.234375 0.310381
vt 0.250000 0.310381
vt 0.265625 0.310381
vt 0.281250 0.310381
vt 0.296875 0.310381
vt 0.312500 0.310381
vt 0.328125 0.310381
vt 0.343750 0.310381
vt 0.359375 0.310381
vt 0.375000 0.310381
vt 0.390625 0.310381
vt 0.406250 0.310381
vt 0.421875 0.310381
vt 0.437500 0.310381
vt 0.453125 0.310381
vt 0.468750 0.310381
vt 0.484375 0.310381
vt 0.500000 0.310381
vt 0.515625 0.310381
vt 0.531250 0.310381
vt 0.546875 0.310381
vt 0.562500 0.310381
vt 0.578125 0.310381
vt 0.593750 0.310381
vt 0.609375 0.310381
vt 0.625000 0.310381
vt 0.640625 0.310381
vt 0.656250 0.310381
vt 0.671875 0.310381
vt 0.687500 0.310381
vt 0.703125 0.310381
vt 0.718750 0.310381
vt 0.734375 0.310381
vt 0.750000 0.310381
vt 0.765625 0.310381
vt 0.781250 0.310381
vt 0.796875 0.310381
vt 0.812500 0.310381
vt 0.828125 0.310381
vt 0.843750 0.310381
vt 0.859375 0.310381
vt 0.875000 0.310381
vt 0.890625 0.310381
vt 0.906250 0.310381
vt 0.921875 0.310381
vt 0.937500 0.310381
vt 0.953125 0.310381
vt 0.968750 0.310381
vt 0.984375 0.310381
vt 1.000000 0.310381
vt 0.015625 0.321062
vt 0.000000 0.321062
vt 0.031250 0.321062
vt 0.046875 0.321062
vt 0.062500 0.321062
vt 0.078125 0.321062
vt 0.093750 0.321062
vt 0.109375 0.321062
vt 0.125000 0.321062
vt 0.140625 0.321062
vt 0.156250 0.321062
vt 0.171875 0.321062
vt 0.187500 0.321062
vt 0.203125 0.321062
vt 0.218750 0.321062
vt 0.234375 0.321062
vt 0.250000 0.321062
vt 0.265625 0.321062
vt 0.281250 0.321062
vt 0.296875 0.321062
vt 0.312500 0.321062
vt 0.328125 0.321062
vt 0.343750 0.321062
vt 0.359375 0.321062
vt 0.375000 0.321062
vt 0.390625 0.321062
vt 0.406250 0.321062
vt 0.421875 0.321062
vt 0.437500 0.321062
vt 0.453125 0.321062
vt 0.468750 0.321062
vt 0.484375 0.321062
vt 0.500000 0.321062
vt 0.515625 0.321062
vt 0.531250 0.321062
vt 0.546875 0.321062
vt 0.562500 0.321062
vt 0.578125 0.321062
vt 0.593750 0.321062
vt 0.609375 0.321062
vt 0.625000 0.321062
vt 0.640625 0.321062
vt 0.656250 0.321062
vt 0.671875 0.321062
vt 0.687500 0.321062
vt 0.703125 0.321062
vt 0.718750 0.321062
vt 0.734375 0.321062
vt 0.750000 0.321062
vt 0.765625 0.321062
vt 0.781250 0.321062
vt 0.796875 0.321062
vt 0.812500 0.321062
vt 0.828125 0.321062
vt 0.843750 0.321062
vt 0.859375 0.321062
vt 0.875000 0.321062
vt 0.890625 0.321062
vt 0.906250 0.321062
vt 0.921875 0.321062
vt 0.937500 0.321062
vt 0.953125 0.321062
vt 0.968750 0.321062
vt 0.984375 0.321062
vt 1.000000 0.321062
vt 0.015625 0.333425
vt 0.000000 0.333425
vt 0.031250 0.333425
vt 0.046875 0.333425
vt 0.062500 0.333425
vt 0.078125 0.333425
vt 0.093750 0.333425
vt 0.109375 0.333425
vt 0.125000 0.333425
vt 0.140625 0.333425
vt 0.156250 0.333425
vt 0.171875 0.333425
vt 0.187500 0.333425
vt 0.203125 0.333425
vt 0.218750 0.333425
vt 0.234375 0.333425
vt 0.250000 0.333425
vt 0.265625 0.333425
vt 0.281250 0.333425
vt 0.296875 0.333425
vt 0.312500 0.333425
vt 0.328125 0.333425
vt 0.343750 0.333425
vt 0.359375 0.333425
vt 0.375000 0.333425
vt 0.390625 0.333425
vt 0.406250 0.333425
vt 0.421875 0.333425
vt 0.437500 0.333425
vt 0.453125 0.333425
vt 0.468750 0.333425
vt 0.484375 0.333425
vt 0.500000 0.333425
vt 0.515625 0.333425
vt 0.531250 0.333425
vt 0.546875 0.333425
vt 0.562500 0.333425
vt 0.578125 0.333425
vt 0.593750 0.333425
vt 0.609375 0.333425
vt 0.625000 0.333425
vt 0.640625 0.333425
vt 0.656250 0.333425
vt 0.671875 0.333425
vt 0.687500 0.333425
vt 0.703125 0.333425
vt 0.718750 0.333425
vt 0.734375 0.333425
vt 0.750000 0.333425
vt 0.765625 0.333425
vt 0.781250 0.333425
vt 0.796875 0.333425
vt 0.812500 0.333425
vt 0.828125 0.333425
vt 0.843750 0.333425
vt 0.859375 0.333425
vt 0.875000 0.333425
vt 0.890625 0.333425
vt 0.906250 0.333425
vt 0.921875 0.333425
vt 0.937500 0.333425
vt 0.953125 0.333425
vt 0.968750 0.333425
vt 0.984375 0.333425
vt 1.000000 0.333425
vt 0.015625 0.348633
vt 0.000000 0.348633
vt 0.031250 0.348633
vt 0.046875 0.348633
vt 0.062500 0.348633
vt 0.078125 0.348633
vt 0.093750 0.348633
vt 0.109375 0.348633
vt 0.125000 0.348633
vt 0.140625 0.348633
vt 0.156250 0.348633
vt 0.171875 0.348633
vt 0.187500 0.348633
vt 0.203125 0.348633
vt 0.218750 0.348633
vt 0.234375 0.348633
vt 0.250000 0.348633
vt 0.265625 0.348633
vt 0.281250 0.348633
vt 0.296875 0.348633
vt 0.312500 0.348633
vt 0.328125 0.348633
vt 0.343750 0.348633
vt 0.359375 0.348633
vt 0.375000 0.348633
vt 0.390625 0.348633
vt 0.406250 0.348633
vt 0.421875 0.348633
vt 0.437500 0.348633
vt 0.453125 0.348633
vt 0.468750 0.348633
vt 0.484375 0.348633
vt 0.500000 0.348633
vt 0.515625 0.348633
vt 0.531250 0.348633
vt 0.546875 0.348633
vt 0.562500 0.348633
vt 0.578125 0.348633
vt 0.593750 0.348633
vt 0.609375 0.348633
vt 0.625000 0.348633
vt 0.640625 0.348633
vt 0.656250 0.348633
vt 0.671875 0.348633
vt 0.687500 0.348633
vt 0.703125 0.348633
vt 0.718750 0.348633
vt 0.734375 0.348633
vt 0.750000 0.348633
vt 0.765625 0.348633
vt 0.781250 0.348633
vt 0.796875 0.348633
vt 0.812500 0.348633
vt 0.828125 0.348633
vt 0.843750 0.348633
vt 0.859375 0.348633
vt 0.875000 0.348633
vt 0.890625 0.348633
vt 0.906250 0.348633
vt 0.921875 0.348633
vt 0.937500 0.348633
vt 0.953125 0.348633
vt 0.968750 0.348633
vt 0.984375 0.348633
vt 1.000000 0.348633
vt 0.015625 0.358832
vt 0.000000 0.358832
vt 0.031250 0.358832
vt 0.046875 0.358832
vt 0.062500 0.358832
vt 0.078125 0.358832
vt 0.093750 0.358832
vt 0.109375 0.358832
vt 0.125000 0.358832
vt 0.140625 0.358832
vt 0.156250 0.358832
vt 0.171875 0.358832
vt 0.187500 0.358832
vt 0.203125 0.358832
vt 0.218750 0.358832
vt 0.234375 0.358832
vt 0.250000 0.358832
vt 0.265625 0.358832
vt 0.281250 0.358832
vt 0.296875 0.358832
vt 0.312500 0.358832
vt 0.328125 0.358832
vt 0.343750 0.358832
vt 0.359375 0.358832
vt 0.375000 0.358832
vt 0.390625 0.358832
vt 0.406250 0.358832
vt 0.421875 0.358832
vt 0.437500 0.358832
vt 0.453125 0.358832
vt 0.468750 0.358832
vt 0.484375 0.358832
vt 0.500000 0.358832
vt 0.515625 0.358832
vt 0.531250 0.358832
vt 0.546875 0.358832
vt 0.562500 0.358832
vt 0.578125 0.358832
vt 0.593750 0.358832
vt 0.609375 0.358832
vt 0.625000 0.358832
vt 0.640625 0.358832
vt 0.656250 0.358832
vt 0.671875 0.358832
vt 0.687500 0.358832
vt 0.703125 0.358832
vt 0.718750 0.358832
vt 0.734375 0.358832
vt 0.750000 0.358832
vt 0.765625 0.358832
vt 0.781250 0.358832
vt 0.796875 0.358832
vt 0.812500 0.358832
vt 0.828125 0.358832
vt 0.843750 0.358832
vt 0.859375 0.358832
vt 0.875000 0.358832
vt 0.890625 0.358832
vt 0.906250 0.358832
vt 0.921875 0.358832
vt 0.937500 0.358832
vt 0.953125 0.358832
vt 0.968750 0.358832
vt 0.984375 0.358832
vt 1.000000 0.358832
vt 0.015625 0.382595
vt 0.000000 0.382595
vt 0.031250 0.382595
vt 0.046875 0.382595
vt 0.062500 0.382595
vt 0.078125 0.382595
vt 0.093750 0.382595
vt 0.109375 0.382595
vt 0.125000 0.382595
vt 0.140625 0.382595
vt 0.156250 0.382595
vt 0.171875 0.382595
vt 0.187500 0.382595
vt 0.203125 0.382595
vt 0.218750 0.382595
vt 0.234375 0.382595
vt 0.250000 0.382595
vt 0.265625 0.382595
vt 0.281250 0.382595
vt 0.296875 0.382595
vt 0.312500 0.382595
vt 0.328125 0.382595
vt 0.343750 0.382595
vt 0.359375 0.382595
vt 0.375000 0.382595
vt 0.390625 0.382595
vt 0.406250 0.382595
vt 0.421875 0.382595
vt 0.437500 0.382595
vt 0.453125 0.382595
vt 0.468750 0.382595
vt 0.484375 0.382595
vt 0.500000 0.382595
vt 0.515625 0.382595
vt 0.531250 0.382595
vt 0.546875 0.382595
vt 0.562500 0.382595
vt 0.578125 0.382595
vt 0.593750 0.382595
vt 0.609375 0.382595
vt 0.625000 0.382595
vt 0.640625 0.382595
vt 0.656250 0.382595
vt 0.671875 0.382595
vt 0.687500 0.382595
vt 0.703125 0.382595
vt 0.718750 0.382595
vt 0.734375 0.382595
vt 0.750000 0.382595
vt 0.765625 0.382595
vt 0.781250 0.382595
vt 0.796875 0.382595
vt 0.812500 0.382595
vt 0.828125 0.382595
vt 0.843750 0.382595
vt 0.859375 0.382595
vt 0.875000 0.382595
vt 0.890625 0.382595
vt 0.906250 0.382595
vt 0.921875 0.382595
vt 0.937500 0.382595
vt 0.953125 0.382595
vt 0.968750 0.382595
vt 0.984375 0.382595
vt 1.000000 0.382595
vt 0.015625 0.398390
vt 0.000000 0.398390
vt 0.031250 0.398390
vt 0.046875 0.398390
vt 0.062500 0.398390
vt 0.078125 0.398390
vt 0.093750 0.398390
vt 0.109375 0.398390
vt 0.125000 0.398390
vt 0.140625 0.398390
vt 0.156250 0.398390
vt 0.171875 0.398390
vt 0.187500 0.398390
vt 0.203125 0.398390
vt 0.218750 0.398390
vt 0.234375 0.398390
vt 0.250000 0.398390
vt 0.265625 0.398390
vt 0.281250 0.398390
vt 0.296875 0.398390
vt 0.312500 0.398390
vt 0.328125 0.398390
vt 0.343750 0.398390
vt 0.359375 0.398390
vt 0.375000 0.398390
vt 0.390625 0.398390
vt 0.406250 0.398390
vt 0.421875 0.398390
vt 0.437500 0.398390
vt 0.453125 0.398390
vt 0.468750 0.398390
vt 0.484375 0.398390
vt 0.500000 0.398390
vt 0.515625 0.398390
vt 0.531250 0.398390
vt 0.546875 0.398390
vt 0.562500 0.398390
vt 0.578125 0.398390
vt 0.593750 0.398390
vt 0.609375 0.398390
vt 0.625000 0.398390
vt 0.640625 0.398390
vt 0.656250 0.398390
vt 0.671875 0.398390
vt 0.687500 0.398390
vt 0.703125 0.398390
vt 0.718750 0.398390
vt 0.734375 0.398390
vt 0.750000 0.398390
vt 0.765625 0.398390
vt 0.781250 0.398390
vt 0.796875 0.398390
vt 0.812500 0.398390
vt 0.828125 0.398390
vt 0.843750 0.398390
vt 0.859375 0.398390
vt 0.875000 0.398390
vt 0.890625 0.398390
vt 0.906250 0.398390
vt 0.921875 0.398390
vt 0.937500 0.398390
vt 0.953125 0.398390
vt 0.968750 0.398390
vt 0.984375 0.398390
vt 1.000000 0.398390
vt 0.015625 0.410634
vt 0.000000 0.410634
vt 0.031250 0.410634
vt 0.046875 0.410634
vt 0.062500 0.410634
vt 0.078125 0.410634
vt 0.093750 0.410634
vt 0.109375 0.410634
vt 0.125000 0.410634
vt 0.140625 0.410634
vt 0.156250 0.410634
vt 0.171875 0.410634
vt 0.187500 0.410634
vt 0.203125 0.410634
vt 0.218750 0.410634
vt 0.234375 0.410634
vt 0.250000 0.410634
vt 0.265625 0.410634
vt 0.281250 0.410634
vt 0.296875 0.410634
vt 0.312500 0.410634
vt 0.328125 0.410634
vt 0.343750 0.410634
vt 0.359375 0.410634
vt 0.375000 0.410634
vt 0.390625 0.410634
vt 0.406250 0.410634
vt 0.421875 0.410634
vt 0.437500 0.410634
vt 0.453125 0.410634
vt 0.468750 0.410634
vt 0.484375 0.410634
vt 0.500000 0.410634
vt 0.515625 0.410634
vt 0.531250 0.410634
vt 0.546875 0.410634
vt 0.562500 0.410634
vt 0.578125 0.410634
vt 0.593750 0.410634
vt 0.609375 0.410634
vt 0.625000 0.410634
vt 0.640625 0.410634
vt 0.656250 0.410634
vt 0.671875 0.410634
vt 0.687500 0.410634
vt 0.703125 0.410634
vt 0.718750 0.410634
vt 0.734375 0.410634
vt 0.750000 0.410634
vt 0.765625 0.410634
vt 0.781250 0.410634
vt 0.796875 0.410634
vt 0.812500 0.410634
vt 0.828125 0.410634
vt 0.843750 0.410634
vt 0.859375 0.410634
vt 0.875000 0.410634
vt 0.890625 0.410634
vt 0.906250 0.410634
vt 0.921875 0.410634
vt 0.937500 0.410634
vt 0.953125 0.410634
vt 0.968750 0.410634
vt 0.984375 0.410634
vt 1.000000 0.410634
vt 0.015625 0.423148
vt 0.000000 0.423148
vt 0.031250 0.423148
vt 0.046875 0.423148
vt 0.062500 0.423148
vt 0.078125 0.423148
vt 0.093750 0.423148
vt 0.109375 0.423148
vt 0.125000 0.423148
vt 0.140625 0.423148
vt 0.156250 0.423148
vt 0.171875 0.423148
vt 0.187500 0.423148
vt 0.203125 0.423148
vt 0.218750 0.423148
vt 0.234375 0.423148
vt 0.250000 0.423148
vt 0.265625 0.423148
vt 0.281250 0.423148
vt 0.296875 0.423148
vt 0.312500 0.423148
vt 0.328125 0.423148
vt 0.343750 0.423148
vt 0.359375 0.423148
vt 0.375000 0.423148
vt 0.390625 0.423148
vt 0.406250 0.423148
vt 0.421875 0.423148
vt 0.437500 0.423148
vt 0.453125 0.423148
vt 0.468750 0.423148
vt 0.484375 0.423148
vt 0.500000 0.423148
vt 0.515625 0.423148
vt 0.531250 0.423148
vt 0.546875 0.423148
vt 0.562500 0.423148
vt 0.578125 0.423148
vt 0.593750 0.423148
vt 0.609375 0.423148
vt 0.625000 0.423148
vt 0.640625 0.423148
vt 0.656250 0.423148
vt 0.671875 0.423148
vt 0.687500 0.423148
vt 0.703125 0.423148
vt 0.718750 0.423148
vt 0.734375 0.423148
vt 0.750000 0.423148
vt 0.765625 0.423148
vt 0.781250 0.423148
vt 0.796875 0.423148
vt 0.812500 0.423148
vt 0.828125 0.423148
vt 0.843750 0.423148
vt 0.859375 0.423148
vt 0.875000 0.423148
vt 0.890625 0.423148
vt 0.906250 0.423148
vt 0.921875 0.423148
vt 0.937500 0.423148
vt 0.953125 0.423148
vt 0.968750 0.423148
vt 0.984375 0.423148
vt 1.000000 0.423148
vt 0.015625 0.437315
vt 0.000000 0.437315
vt 0.031250 0.437315
vt 0.046875 0.437315
vt 0.062500 0.437315
vt 0.078125 0.437315
vt 0.093750 0.437315
vt 0.109375 0.437315
vt 0.125000 0.437315
vt 0.140625 0.437315
vt 0.156250 0.437315
vt 0.171875 0.437315
vt 0.187500 0.437315
vt 0.203125 0.437315
vt 0.218750 0.437315
vt 0.234375 0.437315
vt 0.250000 0.437315
vt 0.265625 0.437315
vt 0.281250 0.437315
vt 0.296875 0.437315
vt 0.312500 0.437315
vt 0.328125 0.437315
vt 0.343750 0.437315
vt 0.359375 0.437315
vt 0.375000 0.437315
vt 0.390625 0.437315
vt 0.406250 0.437315
vt 0.421875 0.437315
vt 0.437500 0.437315
vt 0.453125 0.437315
vt 0.468750 0.437315
vt 0.484375 0.437315
vt 0.500000 0.437315
vt 0.515625 0.437315
vt 0.531250 0.437315
vt 0.546875 0.437315
vt 0.562500 0.437315
vt 0.578125 0.437315
vt 0.593750 0.437315
vt 0.609375 0.437315
vt 0.625000 0.437315
vt 0.640625 0.437315
vt 0.656250 0.437315
vt 0.671875 0.437315
vt 0.687500 0.437315
vt 0.703125 0.437315
vt 0.718750 0.437315
vt 0.734375 0.437315
vt 0.750000 0.437315
vt 0.765625 0.437315
vt 0.781250 0.437315
vt 0.796875 0.437315
vt 0.812500 0.437315
vt 0.828125 0.437315
vt 0.843750 0.437315
vt 0.859375 0.437315
vt 0.875000 0.437315
vt 0.890625 0.437315
vt 0.906250 0.437315
vt 0.921875 0.437315
vt 0.937500 0.437315
vt 0.953125 0.437315
vt 0.968750 0.437315
vt 0.984375 0.437315
vt 1.000000 0.437315
vt 0.015625 0.502155
vt 0.000000 0.502155
vt 0.031250 0.502155
vt 0.046875 0.502155
vt 0.062500 0.502155
vt 0.078125 0.502155
vt 0.093750 0.502155
vt 0.109375 0.502155
vt 0.125000 0.502155
vt 0.140625 0.502155
vt 0.156250 0.502155
vt 0.171875 0.502155
vt 0.187500 0.502155
vt 0.203125 0.502155
vt 0.218750 0.502155
vt 0.234375 0.502155
vt 0.250000 0.502155
vt 0.265625 0.502155
vt 0.281250 0.502155
vt 0.296875 0.502155
vt 0.312500 0.502155
vt 0.328125 0.502155
vt 0.343750 0.502155
vt 0.359375 0.502155
vt 0.375000 0.502155
vt 0.390625 0.502155
vt 0.406250 0.502155
vt 0.421875 0.502155
vt 0.437500 0.502155
vt 0.453125 0.502155
vt 0.468750 0.502155
vt 0.484375 0.502155
vt 0.500000 0.502155
vt 0.515625 0.502155
vt 0.531250 0.502155
vt 0.546875 0.502155
vt 0.562500 0.502155
vt 0.578125 0.502155
vt 0.593750 0.502155
vt 0.609375 0.502155
vt 0.625000 0.502155
vt 0.640625 0.502155
vt 0.656250 0.502155
vt 0.671875 0.502155
vt 0.687500 0.502155
vt 0.703125 0.502155
vt 0.718750 0.502155
vt 0.734375 0.502155
vt 0.750000 0.502155
vt 0.765625 0.502155
vt 0.781250 0.502155
vt 0.796875 0.502155
vt 0.812500 0.502155
vt 0.828125 0.502155
vt 0.843750 0.502155
vt 0.859375 0.502155
vt 0.875000 0.502155
vt 0.890625 0.502155
vt 0.906250 0.502155
vt 0.921875 0.502155
vt 0.937500 0.502155
vt 0.953125 0.502155
vt 0.968750 0.502155
vt 0.984375 0.502155
vt 1.000000 0.502155
vt 0.015625 0.569076
vt 0.000000 0.569076
vt 0.031250 0.569076
vt 0.046875 0.569076
vt 0.062500 0.569076
vt 0.078125 0.569076
vt 0.093750 0.569076
vt 0.109375 0.569076
vt 0.125000 0.569076
vt 0.140625 0.569076
vt 0.156250 0.569076
vt 0.171875 0.569076
vt 0.187500 0.569076
vt 0.203125 0.569076
vt 0.218750 0.569076
vt 0.234375 0.569076
vt 0.250000 0.569076
vt 0.265625 0.569076
vt 0.281250 0.569076
vt 0.296875 0.569076
vt 0.312500 0.569076
vt 0.328125 0.569076
vt 0.343750 0.569076
vt 0.359375 0.569076
vt 0.375000 0.569076
vt 0.390625 0.569076
vt 0.406250 0.569076
vt 0.421875 0.569076
vt 0.437500 0.569076
vt 0.453125 0.569076
vt 0.468750 0.569076
vt 0.484375 0.569076
vt 0.500000 0.569076
vt 0.515625 0.569076
vt 0.531250 0.569076
vt 0.546875 0.569076
vt 0.562500 0.569076
vt 0.578125 0.569076
vt 0.593750 0.569076
vt 0.609375 0.569076
vt 0.625000 0.569076
vt 0.640625 0.569076
vt 0.656250 0.569076
vt 0.671875 0.569076
vt 0.687500 0.569076
vt 0.703125 0.569076
vt 0.718750 0.569076
vt 0.734375 0.569076
vt 0.750000 0.569076
vt 0.765625 0.569076
vt 0.781250 0.569076
vt 0.796875 0.569076
vt 0.812500 0.569076
vt 0.828125 0.569076
vt 0.843750 0.569076
vt 0.859375 0.569076
vt 0.875000 0.569076
vt 0.890625 0.569076
vt 0.906250 0.569076
vt 0.921875 0.569076
vt 0.937500 0.569076
vt 0.953125 0.569076
vt 0.968750 0.569076
vt 0.984375 0.569076
vt 1.000000 0.569076
vt 0.015625 0.634258
vt 0.000000 0.634258
vt 0.031250 0.634258
vt 0.046875 0.634258
vt 0.062500 0.634258
vt 0.078125 0.634258
vt 0.093750 0.634258
vt 0.109375 0.634258
vt 0.125000 0.634258
vt 0.140625 0.634258
vt 0.156250 0.634258
vt 0.171875 0.634258
vt 0.187500 0.634258
vt 0.203125 0.634258
vt 0.218750 0.634258
vt 0.234375 0.634258
vt 0.250000 0.634258
vt 0.265625 0.634258
vt 0.281250 0.634258
vt 0.296875 0.634258
vt 0.312500 0.634258
vt 0.328125 0.634258
vt 0.343750 0.634258
vt 0.359375 0.634258
vt 0.375000 0.634258
vt 0.390625 0.634258
vt 0.406250 0.634258
vt 0.421875 0.634258
vt 0.437500 0.634258
vt 0.453125 0.634258
vt 0.468750 0.634258
vt 0.484375 0.634258
vt 0.500000 0.634258
vt 0.515625 0.634258
vt 0.531250 0.634258
vt 0.546875 0.634258
vt 0.562500 0.634258
vt 0.578125 0.634258
vt 0.593750 0.634258
vt 0.609375 0.634258
vt 0.625000 0.634258
vt 0.640625 0.634258
vt 0.656250 0.634258
vt 0.671875 0.634258
vt 0.687500 0.634258
vt 0.703125 0.634258
vt 0.718750 0.634258
vt 0.734375 0.634258
vt 0.750000 0.634258
vt 0.765625 0.634258
vt 0.781250 0.634258
vt 0.796875 0.634258
vt 0.812500 0.634258
vt 0.828125 0.634258
vt 0.843750 0.634258
vt 0.859375 0.634258
vt 0.875000 0.634258
vt 0.890625 0.634258
vt 0.906250 0.634258
vt 0.921875 0.634258
vt 0.937500 0.634258
vt 0.953125 0.634258
vt 0.968750 0.634258
vt 0.984375 0.634258
vt 1.000000 0.634258
vt 0.015625 0.693870
vt 0.000000 0.693870
vt 0.031250 0.693870
vt 0.046875 0.693870
vt 0.062500 0.693870
vt 0.078125 0.693870
vt 0.093750 0.693870
vt 0.109375 0.693870
vt 0.125000 0.693870
vt 0.140625 0.693870
vt 0.156250 0.693870
vt 0.171875 0.693870
vt 0.187500 0.693870
vt 0.203125 0.693870
vt 0.218750 0.693870
vt 0.234375 0.693870
vt 0.250000 0.693870
vt 0.265625 0.693870
vt 0.281250 0.693870
vt 0.296875 0.693870
vt 0.312500 0.693870
vt 0.328125 0.693870
vt 0.343750 0.693870
vt 0.359375 0.693870
vt 0.375000 0.693870
vt 0.390625 0.693870
vt 0.406250 0.693870
vt 0.421875 0.693870
vt 0.437500 0.693870
vt 0.453125 0.693870
vt 0.468750 0.693870
vt 0.484375 0.693870
vt 0.500000 0.693870
vt 0.515625 0.693870
vt 0.531250 0.693870
vt 0.546875 0.693870
vt 0.562500 0.693870
vt 0.578125 0.693870
vt 0.593750 0.693870
vt 0.609375 0.693870
vt 0.625000 0.693870
vt 0.640625 0.693870
vt 0.656250 0.693870
vt 0.671875 0.693870
vt 0.687500 0.693870
vt 0.703125 0.693870
vt 0.718750 0.693870
vt 0.734375 0.693870
vt 0.750000 0.693870
vt 0.765625 0.693870
vt 0.781250 0.693870
vt 0.796875 0.693870
vt 0.812500 0.693870
vt 0.828125 0.693870
vt 0.843750 0.693870
vt 0.859375 0.693870
vt 0.875000 0.693870
vt 0.890625 0.693870
vt 0.906250 0.693870
vt 0.921875 0.693870
vt 0.937500 0.693870
vt 0.953125 0.693870
vt 0.968750 0.693870
vt 0.984375 0.693870
vt 1.000000 0.693870
vt 0.015625 0.744078
vt 0.000000 0.744078
vt 0.031250 0.744078
vt 0.046875 0.744078
vt 0.062500 0.744078
vt 0.078125 0.744078
vt 0.093750 0.744078
vt 0.109375 0.744078
vt 0.125000 0.744078
vt 0.140625 0.744078
vt 0.156250 0.744078
vt 0.171875 0.744078
vt 0.187500 0.744078
vt 0.203125 0.744078
vt 0.218750 0.744078
vt 0.234375 0.744078
vt 0.250000 0.744078
vt 0.265625 0.744078
vt 0.281250 0.744078
vt 0.296875 0.744078
vt 0.312500 0.744078
vt 0.328125 0.744078
vt 0.343750 0.744078
vt 0.359375 0.744078
vt 0.375000 0.744078
vt 0.390625 0.744078
vt 0.406250 0.744078
vt 0.421875 0.744078
vt 0.437500 0.744078
vt 0.453125 0.744078
vt 0.468750 0.744078
vt 0.484375 0.744078
vt 0.500000 0.744078
vt 0.515625 0.744078
vt 0.531250 0.744078
vt 0.546875 0.744078
vt 0.562500 0.744078
vt 0.578125 0.744078
vt 0.593750 0.744078
vt 0.609375 0.744078
vt 0.625000 0.744078
vt 0.640625 0.744078
vt 0.656250 0.744078
vt 0.671875 0.744078
vt 0.687500 0.744078
vt 0.703125 0.744078
vt 0.718750 0.744078
vt 0.734375 0.744078
vt 0.750000 0.744078
vt 0.765625 0.744078
vt 0.781250 0.744078
vt 0.796875 0.744078
vt 0.812500 0.744078
vt 0.828125 0.744078
vt 0.843750 0.744078
vt 0.859375 0.744078
vt 0.875000 0.744078
vt 0.890625 0.744078
vt 0.906250 0.744078
vt 0.921875 0.744078
vt 0.937500 0.744078
vt 0.953125 0.744078
vt 0.968750 0.744078
vt 0.984375 0.744078
vt 1.000000 0.744078
vt 0.015625 0.777814
vt 0.000000 0.777814
vt 0.031250 0.777814
vt 0.046875 0.777814
vt 0.062500 0.777814
vt 0.078125 0.777814
vt 0.093750 0.777814
vt 0.109375 0.777814
vt 0.125000 0.777814
vt 0.140625 0.777814
vt 0.156250 0.777814
vt 0.171875 0.777814
vt 0.187500 0.777814
vt 0.203125 0.777814
vt 0.218750 0.777814
vt 0.234375 0.777814
vt 0.250000 0.777814
vt 0.265625 0.777814
vt 0.281250 0.777814
vt 0.296875 0.777814
vt 0.312500 0.777814
vt 0.328125 0.777814
vt 0.343750 0.777814
vt 0.359375 0.777814
vt 0.375000 0.777814
vt 0.390625 0.777814
vt 0.406250 0.777814
vt 0.421875 0.777814
vt 0.437500 0.777814
vt 0.453125 0.777814
vt 0.468750 0.777814
vt 0.484375 0.777814
vt 0.500000 0.777814
vt 0.515625 0.777814
vt 0.531250 0.777814
vt 0.546875 0.777814
vt 0.562500 0.777814
vt 0.578125 0.777814
vt 0.593750 0.777814
vt 0.609375 0.777814
vt 0.625000 0.777814
vt 0.640625 0.777814
vt 0.656250 0.777814
vt 0.671875 0.777814
vt 0.687500 0.777814
vt 0.703125 0.777814
vt 0.718750 0.777814
vt 0.734375 0.777814
vt 0.750000 0.777814
vt 0.765625 0.777814
vt 0.781250 0.777814
vt 0.796875 0.777814
vt 0.812500 0.777814
vt 0.828125 0.777814
vt 0.843750 0.777814
vt 0.859375 0.777814
vt 0.875000 0.777814
vt 0.890625 0.777814
vt 0.906250 0.777814
vt 0.921875 0.777814
vt 0.937500 0.777814
vt 0.953125 0.777814
vt 0.968750 0.777814
vt 0.984375 0.777814
vt 1.000000 0.777814
vt 0.015625 0.779227
vt 0.000000 0.779227
vt 0.031250 0.779227
vt 0.046875 0.779227
vt 0.062500 0.779227
vt 0.078125 0.779227
vt 0.093750 0.779227
vt 0.109375 0.779227
vt 0.125000 0.779227
vt 0.140625 0.779227
vt 0.156250 0.779227
vt 0.171875 0.779227
vt 0.187500 0.779227
vt 0.203125 0.779227
vt 0.218750 0.779227
vt 0.234375 0.779227
vt 0.250000 0.779227
vt 0.265625 0.779227
vt 0.281250 0.779227
vt 0.296875 0.779227
vt 0.312500 0.779227
vt 0.328125 0.779227
vt 0.343750 0.779227
vt 0.359375 0.779227
vt 0.375000 0.779227
vt 0.390625 0.779227
vt 0.406250 0.779227
vt 0.421875 0.779227
vt 0.437500 0.779227
vt 0.453125 0.779227
vt 0.468750 0.779227
vt 0.484375 0.779227
vt 0.500000 0.779227
vt 0.515625 0.779227
vt 0.531250 0.779227
vt 0.546875 0.779227
vt 0.562500 0.779227
vt 0.578125 0.779227
vt 0.593750 0.779227
vt 0.609375 0.779227
vt 0.625000 0.779227
vt 0.640625 0.779227
vt 0.656250 0.779227
vt 0.671875 0.779227
vt 0.687500 0.779227
vt 0.703125 0.779227
vt 0.718750 0.779227
vt 0.734375 0.779227
vt 0.750000 0.779227
vt 0.765625 0.779227
vt 0.781250 0.779227
vt 0.796875 0.779227
vt 0.812500 0.779227
vt 0.828125 0.779227
vt 0.843750 0.779227
vt 0.859375 0.779227
vt 0.875000 0.779227
vt 0.890625 0.779227
vt 0.906250 0.779227
vt 0.921875 0.779227
vt 0.937500 0.779227
vt 0.953125 0.779227
vt 0.968750 0.779227
vt 0.984375 0.779227
vt 1.000000 0.779227
vt 0.015625 0.780366
vt 0.000000 0.780366
vt 0.031250 0.780366
vt 0.046875 0.780366
vt 0.062500 0.780366
vt 0.078125 0.780366
vt 0.093750 0.780366
vt 0.109375 0.780366
vt 0.125000 0.780366
vt 0.140625 0.780366
vt 0.156250 0.780366
vt 0.171875 0.780366
vt 0.187500 0.780366
vt 0.203125 0.780366
vt 0.218750 0.780366
vt 0.234375 0.780366
vt 0.250000 0.780366
vt 0.265625 0.780366
vt 0.281250 0.780366
vt 0.296875 0.780366
vt 0.312500 0.780366
vt 0.328125 0.780366
vt 0.343750 0.780366
vt 0.359375 0.780366
vt 0.375000 0.780366
vt 0.390625 0.780366
vt 0.406250 0.780366
vt 0.421875 0.780366
vt 0.437500 0.780366
vt 0.453125 0.780366
vt 0.468750 0.780366
vt 0.484375 0.780366
vt 0.500000 0.780366
vt 0.515625 0.780366
vt 0.531250 0.780366
vt 0.546875 0.780366
vt 0.562500 0.780366
vt 0.578125 0.780366
vt 0.593750 0.780366
vt 0.609375 0.780366
vt 0.625000 0.780366
vt 0.640625 0.780366
vt 0.656250 0.780366
vt 0.671875 0.780366
vt 0.687500 0.780366
vt 0.703125 0.780366
vt 0.718750 0.780366
vt 0.734375 0.780366
vt 0.750000 0.780366
vt 0.765625 0.780366
vt 0.781250 0.780366
vt 0.796875 0.780366
vt 0.812500 0.780366
vt 0.828125 0.780366
vt 0.843750 0.780366
vt 0.859375 0.780366
vt 0.875000 0.780366
vt 0.890625 0.780366
vt 0.906250 0.780366
vt 0.921875 0.780366
vt 0.937500 0.780366
vt 0.953125 0.780366
vt 0.968750 0.780366
vt 0.984375 0.780366
vt 1.000000 0.780366
vt 0.015625 0.781504
vt 0.000000 0.781504
vt 0.031250 0.781504
vt 0.046875 0.781504
vt 0.062500 0.781504
vt 0.078125 0.781504
vt 0.093750 0.781504
vt 0.109375 0.781504
vt 0.125000 0.781504
vt 0.140625 0.781504
vt 0.156250 0.781504
vt 0.171875 0.781504
vt 0.187500 0.781504
vt 0.203125 0.781504
vt 0.218750 0.781504
vt 0.234375 0.781504
vt 0.250000 0.781504
vt 0.265625 0.781504
vt 0.281250 0.781504
vt 0.296875 0.781504
vt 0.312500 0.781504
vt 0.328125 0.781504
vt 0.343750 0.781504
vt 0.359375 0.781504
vt 0.375000 0.781504
vt 0.390625 0.781504
vt 0.406250 0.781504
vt 0.421875 0.781504
vt 0.437500 0.781504
vt 0.453125 0.781504
vt 0.468750 0.781504
vt 0.484375 0.781504
vt 0.500000 0.781504
vt 0.515625 0.781504
vt 0.531250 0.781504
vt 0.546875 0.781504
vt 0.562500 0.781504
vt 0.578125 0.781504
vt 0.593750 0.781504
vt 0.609375 0.781504
vt 0.625000 0.781504
vt 0.640625 0.781504
vt 0.656250 0.781504
vt 0.671875 0.781504
vt 0.687500 0.781504
vt 0.703125 0.781504
vt 0.718750 0.781504
vt 0.734375 0.781504
vt 0.750000 0.781504
vt 0.765625 0.781504
vt 0.781250 0.781504
vt 0.796875 0.781504
vt 0.812500 0.781504
vt 0.828125 0.781504
vt 0.843750 0.781504
vt 0.859375 0.781504
vt 0.875000 0.781504
vt 0.890625 0.781504
vt 0.906250 0.781504
vt 0.921875 0.781504
vt 0.937500 0.781504
vt 0.953125 0.781504
vt 0.968750 0.781504
vt 0.984375 0.781504
vt 1.000000 0.781504
vt 0.015625 0.782917
vt 0.000000 0.782917
vt 0.031250 0.782917
vt 0.046875 0.782917
vt 0.062500 0.782917
vt 0.078125 0.782917
vt 0.093750 0.782917
vt 0.109375 0.782917
vt 0.125000 0.782917
vt 0.140625 0.782917
vt 0.156250 0.782917
vt 0.171875 0.782917
vt 0.187500 0.782917
vt 0.203125 0.782917
vt 0.218750 0.782917
vt 0.234375 0.782917
vt 0.250000 0.782917
vt 0.265625 0.782917
vt 0.281250 0.782917
vt 0.296875 0.782917
vt 0.312500 0.782917
vt 0.328125 0.782917
vt 0.343750 0.782917
vt 0.359375 0.782917
vt 0.375000 0.782917
vt 0.390625 0.782917
vt 0.406250 0.782917
vt 0.421875 0.782917
vt 0.437500 0.782917
vt 0.453125 0.782917
vt 0.468750 0.782917
vt 0.484375 0.782917
vt 0.500000 0.782917
vt 0.515625 0.782917
vt 0.531250 0.782917
vt 0.546875 0.782917
vt 0.562500 0.782917
vt 0.578125 0.782917
vt 0.593750 0.782917
vt 0.609375 0.782917
vt 0.625000 0.782917
vt 0.640625 0.782917
vt 0.656250 0.782917
vt 0.671875 0.782917
vt 0.687500 0.782917
vt 0.703125 0.782917
vt 0.718750 0.782917
vt 0.734375 0.782917
vt 0.750000 0.782917
vt 0.765625 0.782917
vt 0.781250 0.782917
vt 0.796875 0.782917
vt 0.812500 0.782917
vt 0.828125 0.782917
vt 0.843750 0.782917
vt 0.859375 0.782917
vt 0.875000 0.782917
vt 0.890625 0.782917
vt 0.906250 0.782917
vt 0.921875 0.782917
vt 0.937500 0.782917
vt 0.953125 0.782917
vt 0.968750 0.782917
vt 0.984375 0.782917
vt 1.000000 0.782917
vt 0.015625 0.795686
vt 0.000000 0.795686
vt 0.031250 0.795686
vt 0.046875 0.795686
vt 0.062500 0.795686
vt 0.078125 0.795686
vt 0.093750 0.795686
vt 0.109375 0.795686
vt 0.125000 0.795686
vt 0.140625 0.795686
vt 0.156250 0.795686
vt 0.171875 0.795686
vt 0.187500 0.795686
vt 0.203125 0.795686
vt 0.218750 0.795686
vt 0.234375 0.795686
vt 0.250000 0.795686
vt 0.265625 0.795686
vt 0.281250 0.795686
vt 0.296875 0.795686
vt 0.312500 0.795686
vt 0.328125 0.795686
vt 0.343750 0.795686
vt 0.359375 0.795686
vt 0.375000 0.795686
vt 0.390625 0.795686
vt 0.406250 0.795686
vt 0.421875 0.795686
vt 0.437500 0.795686
vt 0.453125 0.795686
vt 0.468750 0.795686
vt 0.484375 0.795686
vt 0.500000 0.795686
vt 0.515625 0.795686
vt 0.531250 0.795686
vt 0.546875 0.795686
vt 0.562500 0.795686
vt 0.578125 0.795686
vt 0.593750 0.795686
vt 0.609375 0.795686
vt 0.625000 0.795686
vt 0.640625 0.795686
vt 0.656250 0.795686
vt 0.671875 0.795686
vt 0.687500 0.795686
vt 0.703125 0.795686
vt 0.718750 0.795686
vt 0.734375 0.795686
vt 0.750000 0.795686
vt 0.765625 0.795686
vt 0.781250 0.795686
vt 0.796875 0.795686
vt 0.812500 0.795686
vt 0.828125 0.795686
vt 0.843750 0.795686
vt 0.859375 0.795686
vt 0.875000 0.795686
vt 0.890625 0.795686
vt 0.906250 0.795686
vt 0.921875 0.795686
vt 0.937500 0.795686
vt 0.953125 0.795686
vt 0.968750 0.795686
vt 0.984375 0.795686
vt 1.000000 0.795686
vt 0.015625 0.802743
vt 0.000000 0.802743
vt 0.031250 0.802743
vt 0.046875 0.802743
vt 0.062500 0.802743
vt 0.078125 0.802743
vt 0.093750 0.802743
vt 0.109375 0.802743
vt 0.125000 0.802743
vt 0.140625 0.802743
vt 0.156250 0.802743
vt 0.171875 0.802743
vt 0.187500 0.802743
vt 0.203125 0.802743
vt 0.218750 0.802743
vt 0.234375 0.802743
vt 0.250000 0.802743
vt 0.265625 0.802743
vt 0.281250 0.802743
vt 0.296875 0.802743
vt 0.312500 0.802743
vt 0.328125 0.802743
vt 0.343750 0.802743
vt 0.359375 0.802743
vt 0.375000 0.802743
vt 0.390625 0.802743
vt 0.406250 0.802743
vt 0.421875 0.802743
vt 0.437500 0.802743
vt 0.453125 0.802743
vt 0.468750 0.802743
vt 0.484375 0.802743
vt 0.500000 0.802743
vt 0.515625 0.802743
vt 0.531250 0.802743
vt 0.546875 0.802743
vt 0.562500 0.802743
vt 0.578125 0.802743
vt 0.593750 0.802743
vt 0.609375 0.802743
vt 0.625000 0.802743
vt 0.640625 0.802743
vt 0.656250 0.802743
vt 0.671875 0.802743
vt 0.687500 0.802743
vt 0.703125 0.802743
vt 0.718750 0.802743
vt 0.734375 0.802743
vt 0.750000 0.802743
vt 0.765625 0.802743
vt 0.781250 0.802743
vt 0.796875 0.802743
vt 0.812500 0.802743
vt 0.828125 0.802743
vt 0.843750 0.802743
vt 0.859375 0.802743
vt 0.875000 0.802743
vt 0.890625 0.802743
vt 0.906250 0.802743
vt 0.921875 0.802743
vt 0.937500 0.802743
vt 0.953125 0.802743
vt 0.968750 0.802743
vt 0.984375 0.802743
vt 1.000000 0.802743
vt 0.015625 0.805058
vt 0.000000 0.805058
vt 0.031250 0.805058
vt 0.046875 0.805058
vt 0.062500 0.805058
vt 0.078125 0.805058
vt 0.093750 0.805058
vt 0.109375 0.805058
vt 0.125000 0.805058
vt 0.140625 0.805058
vt 0.156250 0.805058
vt 0.171875 0.805058
vt 0.187500 0.805058
vt 0.203125 0.805058
vt 0.218750 0.805058
vt 0.234375 0.805058
vt 0.250000 0.805058
vt 0.265625 0.805058
vt 0.281250 0.805058
vt 0.296875 0.805058
vt 0.312500 0.805058
vt 0.328125 0.805058
vt 0.343750 0.805058
vt 0.359375 0.805058
vt 0.375000 0.805058
vt 0.390625 0.805058
vt 0.406250 0.805058
vt 0.421875 0.805058
vt 0.437500 0.805058
vt 0.453125 0.805058
vt 0.468750 0.805058
vt 0.484375 0.805058
vt 0.500000 0.805058
vt 0.515625 0.805058
vt 0.531250 0.805058
vt 0.546875 0.805058
vt 0.562500 0.805058
vt 0.578125 0.805058
vt 0.593750 0.805058
vt 0.609375 0.805058
vt 0.625000 0.805058
vt 0.640625 0.805058
vt 0.656250 0.805058
vt 0.671875 0.805058
vt 0.687500 0.805058
vt 0.703125 0.805058
vt 0.718750 0.805058
vt 0.734375 0.805058
vt 0.750000 0.805058
vt 0.765625 0.805058
vt 0.781250 0.805058
vt 0.796875 0.805058
vt 0.812500 0.805058
vt 0.828125 0.805058
vt 0.843750 0.805058
vt 0.859375 0.805058
vt 0.875000 0.805058
vt 0.890625 0.805058
vt 0.906250 0.805058
vt 0.921875 0.805058
vt 0.937500 0.805058
vt 0.953125 0.805058
vt 0.968750 0.805058
vt 0.984375 0.805058
vt 1.000000 0.805058
vt 0.015625 0.830620
vt 0.000000 0.830620
vt 0.031250 0.830620
vt 0.046875 0.830620
vt 0.062500 0.830620
vt 0.078125 0.830620
vt 0.093750 0.830620
vt 0.109375 0.830620
vt 0.125000 0.830620
vt 0.140625 0.830620
vt 0.156250 0.830620
vt 0.171875 0.830620
vt 0.187500 0.830620
vt 0.203125 0.830620
vt 0.218750 0.830620
vt 0.234375 0.830620
vt 0.250000 0.830620
vt 0.265625 0.830620
vt 0.281250 0.830620
vt 0.296875 0.830620
vt 0.312500 0.830620
vt 0.328125 0.830620
vt 0.343750 0.830620
vt 0.359375 0.830620
vt 0.375000 0.830620
vt 0.390625 0.830620
vt 0.406250 0.830620
vt 0.421875 0.830620
vt 0.437500 0.830620
vt 0.453125 0.830620
vt 0.468750 0.830620
vt 0.484375 0.830620
vt 0.500000 0.830620
vt 0.515625 0.830620
vt 0.531250 0.830620
vt 0.546875 0.830620
vt 0.562500 0.830620
vt 0.578125 0.830620
vt 0.593750 0.830620
vt 0.609375 0.830620
vt 0.625000 0.830620
vt 0.640625 0.830620
vt 0.656250 0.830620
vt 0.671875 0.830620
vt 0.687500 0.830620
vt 0.703125 0.830620
vt 0.718750 0.830620
vt 0.734375 0.830620
vt 0.750000 0.830620
vt 0.765625 0.830620
vt 0.781250 0.830620
vt 0.796875 0.830620
vt 0.812500 0.830620
vt 0.828125 0.830620
vt 0.843750 0.830620
vt 0.859375 0.830620
vt 0.875000 0.830620
vt 0.890625 0.830620
vt 0.906250 0.830620
vt 0.921875 0.830620
vt 0.937500 0.830620
vt 0.953125 0.830620
vt 0.968750 0.830620
vt 0.984375 0.830620
vt 1.000000 0.830620
vt 0.015625 0.832934
vt 0.000000 0.832934
vt 0.031250 0.832934
vt 0.046875 0.832934
vt 0.062500 0.832934
vt 0.078125 0.832934
vt 0.093750 0.832934
vt 0.109375 0.832934
vt 0.125000 0.832934
vt 0.140625 0.832934
vt 0.156250 0.832934
vt 0.171875 0.832934
vt 0.187500 0.832934
vt 0.203125 0.832934
vt 0.218750 0.832934
vt 0.234375 0.832934
vt 0.250000 0.832934
vt 0.265625 0.832934
vt 0.281250 0.832934
vt 0.296875 0.832934
vt 0.312500 0.832934
vt 0.328125 0.832934
vt 0.343750 0.832934
vt 0.359375 0.832934
vt 0.375000 0.832934
vt 0.390625 0.832934
vt 0.406250 0.832934
vt 0.421875 0.832934
vt 0.437500 0.832934
vt 0.453125 0.832934
vt 0.468750 0.832934
vt 0.484375 0.832934
vt 0.500000 0.832934
vt 0.515625 0.832934
vt 0.531250 0.832934
vt 0.546875 0.832934
vt 0.562500 0.832934
vt 0.578125 0.832934
vt 0.593750 0.832934
vt 0.609375 0.832934
vt 0.625000 0.832934
vt 0.640625 0.832934
vt 0.656250 0.832934
vt 0.671875 0.832934
vt 0.687500 0.832934
vt 0.703125 0.832934
vt 0.718750 0.832934
vt 0.734375 0.832934
vt 0.750000 0.832934
vt 0.765625 0.832934
vt 0.781250 0.832934
vt 0.796875 0.832934
vt 0.812500 0.832934
vt 0.828125 0.832934
vt 0.843750 0.832934
vt 0.859375 0.832934
vt 0.875000 0.832934
vt 0.890625 0.832934
vt 0.906250 0.832934
vt 0.921875 0.832934
vt 0.937500 0.832934
vt 0.953125 0.832934
vt 0.968750 0.832934
vt 0.984375 0.832934
vt 1.000000 0.832934
vt 0.015625 0.839991
vt 0.000000 0.839991
vt 0.031250 0.839991
vt 0.046875 0.839991
vt 0.062500 0.839991
vt 0.078125 0.839991
vt 0.093750 0.839991
vt 0.109375 0.839991
vt 0.125000 0.839991
vt 0.140625 0.839991
vt 0.156250 0.839991
vt 0.171875 0.839991
vt 0.187500 0.839991
vt 0.203125 0.839991
vt 0.218750 0.839991
vt 0.234375 0.839991
vt 0.250000 0.839991
vt 0.265625 0.839991
vt 0.281250 0.839991
vt 0.296875 0.839991
vt 0.312500 0.839991
vt 0.328125 0.839991
vt 0.343750 0.839991
vt 0.359375 0.839991
vt 0.375000 0.839991
vt 0.390625 0.839991
vt 0.406250 0.839991
vt 0.421875 0.839991
vt 0.437500 0.839991
vt 0.453125 0.839991
vt 0.468750 0.839991
vt 0.484375 0.839991
vt 0.500000 0.839991
vt 0.515625 0.839991
vt 0.531250 0.839991
vt 0.546875 0.839991
vt 0.562500 0.839991
vt 0.578125 0.839991
vt 0.593750 0.839991
vt 0.609375 0.839991
vt 0.625000 0.839991
vt 0.640625 0.839991
vt 0.656250 0.839991
vt 0.671875 0.839991
vt 0.687500 0.839991
vt 0.703125 0.839991
vt 0.718750 0.839991
vt 0.734375 0.839991
vt 0.750000 0.839991
vt 0.765625 0.839991
vt 0.781250 0.839991
vt 0.796875 0.839991
vt 0.812500 0.839991
vt 0.828125 0.839991
vt 0.843750 0.839991
vt 0.859375 0.839991
vt 0.875000 0.839991
vt 0.890625 0.839991
vt 0.906250 0.839991
vt 0.921875 0.839991
vt 0.937500 0.839991
vt 0.953125 0.839991
vt 0.968750 0.839991
vt 0.984375 0.839991
vt 1.000000 0.839991
vt 0.015625 0.847523
vt 0.000000 0.847523
vt 0.031250 0.847523
vt 0.046875 0.847523
vt 0.062500 0.847523
vt 0.078125 0.847523
vt 0.093750 0.847523
vt 0.109375 0.847523
vt 0.125000 0.847523
vt 0.140625 0.847523
vt 0.156250 0.847523
vt 0.171875 0.847523
vt 0.187500 0.847523
vt 0.203125 0.847523
vt 0.218750 0.847523
vt 0.234375 0.847523
vt 0.250000 0.847523
vt 0.265625 0.847523
vt 0.281250 0.847523
vt 0.296875 0.847523
vt 0.312500 0.847523
vt 0.328125 0.847523
vt 0.343750 0.847523
vt 0.359375 0.847523
vt 0.375000 0.847523
vt 0.390625 0.847523
vt 0.406250 0.847523
vt 0.421875 0.847523
vt 0.437500 0.847523
vt 0.453125 0.847523
vt 0.468750 0.847523
vt 0.484375 0.847523
vt 0.500000 0.847523
vt 0.515625 0.847523
vt 0.531250 0.847523
vt 0.546875 0.847523
vt 0.562500 0.847523
vt 0.578125 0.847523
vt 0.593750 0.847523
vt 0.609375 0.847523
vt 0.625000 0.847523
vt 0.640625 0.847523
vt 0.656250 0.847523
vt 0.671875 0.847523
vt 0.687500 0.847523
vt 0.703125 0.847523
vt 0.718750 0.847523
vt 0.734375 0.847523
vt 0.750000 0.847523
vt 0.765625 0.847523
vt 0.781250 0.847523
vt 0.796875 0.847523
vt 0.812500 0.847523
vt 0.828125 0.847523
vt 0.843750 0.847523
vt 0.859375 0.847523
vt 0.875000 0.847523
vt 0.890625 0.847523
vt 0.906250 0.847523
vt 0.921875 0.847523
vt 0.937500 0.847523
vt 0.953125 0.847523
vt 0.968750 0.847523
vt 0.984375 0.847523
vt 1.000000 0.847523
vt 0.015625 0.849488
vt 0.000000 0.849488
vt 0.031250 0.849488
vt 0.046875 0.849488
vt 0.062500 0.849488
vt 0.078125 0.849488
vt 0.093750 0.849488
vt 0.109375 0.849488
vt 0.125000 0.849488
vt 0.140625 0.849488
vt 0.156250 0.849488
vt 0.171875 0.849488
vt 0.187500 0.849488
vt 0.203125 0.849488
vt 0.218750 0.849488
vt 0.234375 0.849488
vt 0.250000 0.849488
vt 0.265625 0.849488
vt 0.281250 0.849488
vt 0.296875 0.849488
vt 0.312500 0.849488
vt 0.328125 0.849488
vt 0.343750 0.849488
vt 0.359375 0.849488
vt 0.375000 0.849488
vt 0.390625 0.849488
vt 0.406250 0.849488
vt 0.421875 0.849488
vt 0.437500 0.849488
vt 0.453125 0.849488
vt 0.468750 0.849488
vt 0.484375 0.849488
vt 0.500000 0.849488
vt 0.515625 0.849488
vt 0.531250 0.849488
vt 0.546875 0.849488
vt 0.562500 0.849488
vt 0.578125 0.849488
vt 0.593750 0.849488
vt 0.609375 0.849488
vt 0.625000 0.849488
vt 0.640625 0.849488
vt 0.656250 0.849488
vt 0.671875 0.849488
vt 0.687500 0.849488
vt 0.703125 0.849488
vt 0.718750 0.849488
vt 0.734375 0.849488
vt 0.750000 0.849488
vt 0.765625 0.849488
vt 0.781250 0.849488
vt 0.796875 0.849488
vt 0.812500 0.849488
vt 0.828125 0.849488
vt 0.843750 0.849488
vt 0.859375 0.849488
vt 0.875000 0.849488
vt 0.890625 0.849488
vt 0.906250 0.849488
vt 0.921875 0.849488
vt 0.937500 0.849488
vt 0.953125 0.849488
vt 0.968750 0.849488
vt 0.984375 0.849488
vt 1.000000 0.849488
vt 0.015625 0.851020
vt 0.000000 0.851020
vt 0.031250 0.851020
vt 0.046875 0.851020
vt 0.062500 0.851020
vt 0.078125 0.851020
vt 0.093750 0.851020
vt 0.109375 0.851020
vt 0.125000 0.851020
vt 0.140625 0.851020
vt 0.156250 0.851020
vt 0.171875 0.851020
vt 0.187500 0.851020
vt 0.203125 0.851020
vt 0.218750 0.851020
vt 0.234375 0.851020
vt 0.250000 0.851020
vt 0.265625 0.851020
vt 0.281250 0.851020
vt 0.296875 0.851020
vt 0.312500 0.851020
vt 0.328125 0.851020
vt 0.343750 0.851020
vt 0.359375 0.851020
vt 0.375000 0.851020
vt 0.390625 0.851020
vt 0.406250 0.851020
vt 0.421875 0.851020
vt 0.437500 0.851020
vt 0.453125 0.851020
vt 0.468750 0.851020
vt 0.484375 0.851020
vt 0.500000 0.851020
vt 0.515625 0.851020
vt 0.531250 0.851020
vt 0.546875 0.851020
vt 0.562500 0.851020
vt 0.578125 0.851020
vt 0.593750 0.851020
vt 0.609375 0.851020
vt 0.625000 0.851020
vt 0.640625 0.851020
vt 0.656250 0.851020
vt 0.671875 0.851020
vt 0.687500 0.851020
vt 0.703125 0.851020
vt 0.718750 0.851020
vt 0.734375 0.851020
vt 0.750000 0.851020
vt 0.765625 0.851020
vt 0.781250 0.851020
vt 0.796875 0.851020
vt 0.812500 0.851020
vt 0.828125 0.851020
vt 0.843750 0.851020
vt 0.859375 0.851020
vt 0.875000 0.851020
vt 0.890625 0.851020
vt 0.906250 0.851020
vt 0.921875 0.851020
vt 0.937500 0.851020
vt 0.953125 0.851020
vt 0.968750 0.851020
vt 0.984375 0.851020
vt 1.000000 0.851020
vt 0.015625 0.852552
vt 0.000000 0.852552
vt 0.031250 0.852552
vt 0.046875 0.852552
vt 0.062500 0.852552
vt 0.078125 0.852552
vt 0.093750 0.852552
vt 0.109375 0.852552
vt 0.125000 0.852552
vt 0.140625 0.852552
vt 0.156250 0.852552
vt 0.171875 0.852552
vt 0.187500 0.852552
vt 0.203125 0.852552
vt 0.218750 0.852552
vt 0.234375 0.852552
vt 0.250000 0.852552
vt 0.265625 0.852552
vt 0.281250 0.852552
vt 0.296875 0.852552
vt 0.312500 0.852552
vt 0.328125 0.852552
vt 0.343750 0.852552
vt 0.359375 0.852552
vt 0.375000 0.852552
vt 0.390625 0.852552
vt 0.406250 0.852552
vt 0.421875 0.852552
vt 0.437500 0.852552
vt 0.453125 0.852552
vt 0.468750 0.852552
vt 0.484375 0.852552
vt 0.500000 0.852552
vt 0.515625 0.852552
vt 0.531250 0.852552
vt 0.546875 0.852552
vt 0.562500 0.852552
vt 0.578125 0.852552
vt 0.593750 0.852552
vt 0.609375 0.852552
vt 0.625000 0.852552
vt 0.640625 0.852552
vt 0.656250 0.852552
vt 0.671875 0.852552
vt 0.687500 0.852552
vt 0.703125 0.852552
vt 0.718750 0.852552
vt 0.734375 0.852552
vt 0.750000 0.852552
vt 0.765625 0.852552
vt 0.781250 0.852552
vt 0.796875 0.852552
vt 0.812500 0.852552
vt 0.828125 0.852552
vt 0.843750 0.852552
vt 0.859375 0.852552
vt 0.875000 0.852552
vt 0.890625 0.852552
vt 0.906250 0.852552
vt 0.921875 0.852552
vt 0.937500 0.852552
vt 0.953125 0.852552
vt 0.968750 0.852552
vt 0.984375 0.852552
vt 1.000000 0.852552
vt 0.015625 0.854517
vt 0.000000 0.854517
vt 0.031250 0.854517
vt 0.046875 0.854517
vt 0.062500 0.854517
vt 0.078125 0.854517
vt 0.093750 0.854517
vt 0.109375 0.854517
vt 0.125000 0.854517
vt 0.140625 0.854517
vt 0.156250 0.854517
vt 0.171875 0.854517
vt 0.187500 0.854517
vt 0.203125 0.854517
vt 0.218750 0.854517
vt 0.234375 0.854517
vt 0.250000 0.854517
vt 0.265625 0.854517
vt 0.281250 0.854517
vt 0.296875 0.854517
vt 0.312500 0.854517
vt 0.328125 0.854517
vt 0.343750 0.854517
vt 0.359375 0.854517
vt 0.375000 0.854517
vt 0.390625 0.854517
vt 0.406250 0.854517
vt 0.421875 0.854517
vt 0.437500 0.854517
vt 0.453125 0.854517
vt 0.468750 0.854517
vt 0.484375 0.854517
vt 0.500000 0.854517
vt 0.515625 0.854517
vt 0.531250 0.854517
vt 0.546875 0.854517
vt 0.562500 0.854517
vt 0.578125 0.854517
vt 0.593750 0.854517
vt 0.609375 0.854517
vt 0.625000 0.854517
vt 0.640625 0.854517
vt 0.656250 0.854517
vt 0.671875 0.854517
vt 0.687500 0.854517
vt 0.703125 0.854517
vt 0.718750 0.854517
vt 0.734375 0.854517
vt 0.750000 0.854517
vt 0.765625 0.854517
vt 0.781250 0.854517
vt 0.796875 0.854517
vt 0.812500 0.854517
vt 0.828125 0.854517
vt 0.843750 0.854517
vt 0.859375 0.854517
vt 0.875000 0.854517
vt 0.890625 0.854517
vt 0.906250 0.854517
vt 0.921875 0.854517
vt 0.937500 0.854517
vt 0.953125 0.854517
vt 0.968750 0.854517
vt 0.984375 0.854517
vt 1.000000 0.854517
vt 0.015625 0.860083
vt 0.000000 0.860083
vt 0.031250 0.860083
vt 0.046875 0.860083
vt 0.062500 0.860083
vt 0.078125 0.860083
vt 0.093750 0.860083
vt 0.109375 0.860083
vt 0.125000 0.860083
vt 0.140625 0.860083
vt 0.156250 0.860083
vt 0.171875 0.860083
vt 0.187500 0.860083
vt 0.203125 0.860083
vt 0.218750 0.860083
vt 0.234375 0.860083
vt 0.250000 0.860083
vt 0.265625 0.860083
vt 0.281250 0.860083
vt 0.296875 0.860083
vt 0.312500 0.860083
vt 0.328125 0.860083
vt 0.343750 0.860083
vt 0.359375 0.860083
vt 0.375000 0.860083
vt 0.390625 0.860083
vt 0.406250 0.860083
vt 0.421875 0.860083
vt 0.437500 0.860083
vt 0.453125 0.860083
vt 0.468750 0.860083
vt 0.484375 0.860083
vt 0.500000 0.860083
vt 0.515625 0.860083
vt 0.531250 0.860083
vt 0.546875 0.860083
vt 0.562500 0.860083
vt 0.578125 0.860083
vt 0.593750 0.860083
vt 0.609375 0.860083
vt 0.625000 0.860083
vt 0.640625 0.860083
vt 0.656250 0.860083
vt 0.671875 0.860083
vt 0.687500 0.860083
vt 0.703125 0.860083
vt 0.718750 0.860083
vt 0.734375 0.860083
vt 0.750000 0.860083
vt 0.765625 0.860083
vt 0.781250 0.860083
vt 0.796875 0.860083
vt 0.812500 0.860083
vt 0.828125 0.860083
vt 0.843750 0.860083
vt 0.859375 0.860083
vt 0.875000 0.860083
vt 0.890625 0.860083
vt 0.906250 0.860083
vt 0.921875 0.860083
vt 0.937500 0.860083
vt 0.953125 0.860083
vt 0.968750 0.860083
vt 0.984375 0.860083
vt 1.000000 0.860083
vt 0.015625 0.870790
vt 0.000000 0.870790
vt 0.031250 0.870790
vt 0.046875 0.870790
vt 0.062500 0.870790
vt 0.078125 0.870790
vt 0.093750 0.870790
vt 0.109375 0.870790
vt 0.125000 0.870790
vt 0.140625 0.870790
vt 0.156250 0.870790
vt 0.171875 0.870790
vt 0.187500 0.870790
vt 0.203125 0.870790
vt 0.218750 0.870790
vt 0.234375 0.870790
vt 0.250000 0.870790
vt 0.265625 0.870790
vt 0.281250 0.870790
vt 0.296875 0.870790
vt 0.312500 0.870790
vt 0.328125 0.870790
vt 0.343750 0.870790
vt 0.359375 0.870790
vt 0.375000 0.870790
vt 0.390625 0.870790
vt 0.406250 0.870790
vt 0.421875 0.870790
vt 0.437500 0.870790
vt 0.453125 0.870790
vt 0.468750 0.870790
vt 0.484375 0.870790
vt 0.500000 0.870790
vt 0.515625 0.870790
vt 0.531250 0.870790
vt 0.546875 0.870790
vt 0.562500 0.870790
vt 0.578125 0.870790
vt 0.593750 0.870790
vt 0.609375 0.870790
vt 0.625000 0.870790
vt 0.640625 0.870790
vt 0.656250 0.870790
vt 0.671875 0.870790
vt 0.687500 0.870790
vt 0.703125 0.870790
vt 0.718750 0.870790
vt 0.734375 0.870790
vt 0.750000 0.870790
vt 0.765625 0.870790
vt 0.781250 0.870790
vt 0.796875 0.870790
vt 0.812500 0.870790
vt 0.828125 0.870790
vt 0.843750 0.870790
vt 0.859375 0.870790
vt 0.875000 0.870790
vt 0.890625 0.870790
vt 0.906250 0.870790
vt 0.921875 0.870790
vt 0.937500 0.870790
vt 0.953125 0.870790
vt 0.968750 0.870790
vt 0.984375 0.870790
vt 1.000000 0.870790
vt 0.015625 0.882297
vt 0.000000 0.882297
vt 0.031250 0.882297
vt 0.046875 0.882297
vt 0.062500 0.882297
vt 0.078125 0.882297
vt 0.093750 0.882297
vt 0.109375 0.882297
vt 0.125000 0.882297
vt 0.140625 0.882297
vt 0.156250 0.882297
vt 0.171875 0.882297
vt 0.187500 0.882297
vt 0.203125 0.882297
vt 0.218750 0.882297
vt 0.234375 0.882297
vt 0.250000 0.882297
vt 0.265625 0.882297
vt 0.281250 0.882297
vt 0.296875 0.882297
vt 0.312500 0.882297
vt 0.328125 0.882297
vt 0.343750 0.882297
vt 0.359375 0.882297
vt 0.375000 0.882297
vt 0.390625 0.882297
vt 0.406250 0.882297
vt 0.421875 0.882297
vt 0.437500 0.882297
vt 0.453125 0.882297
vt 0.468750 0.882297
vt 0.484375 0.882297
vt 0.500000 0.882297
vt 0.515625 0.882297
vt 0.531250 0.882297
vt 0.546875 0.882297
vt 0.562500 0.882297
vt 0.578125 0.882297
vt 0.593750 0.882297
vt 0.609375 0.882297
vt 0.625000 0.882297
vt 0.640625 0.882297
vt 0.656250 0.882297
vt 0.671875 0.882297
vt 0.687500 0.882297
vt 0.703125 0.882297
vt 0.718750 0.882297
vt 0.734375 0.882297
vt 0.750000 0.882297
vt 0.765625 0.882297
vt 0.781250 0.882297
vt 0.796875 0.882297
vt 0.812500 0.882297
vt 0.828125 0.882297
vt 0.843750 0.882297
vt 0.859375 0.882297
vt 0.875000 0.882297
vt 0.890625 0.882297
vt 0.906250 0.882297
vt 0.921875 0.882297
vt 0.937500 0.882297
vt 0.953125 0.882297
vt 0.968750 0.882297
vt 0.984375 0.882297
vt 1.000000 0.882297
vt 0.015625 0.894504
vt 0.000000 0.894504
vt 0.031250 0.894504
vt 0.046875 0.894504
vt 0.062500 0.894504
vt 0.078125 0.894504
vt 0.093750 0.894504
vt 0.109375 0.894504
vt 0.125000 0.894504
vt 0.140625 0.894504
vt 0.156250 0.894504
vt 0.171875 0.894504
vt 0.187500 0.894504
vt 0.203125 0.894504
vt 0.218750 0.894504
vt 0.234375 0.894504
vt 0.250000 0.894504
vt 0.265625 0.894504
vt 0.281250 0.894504
vt 0.296875 0.894504
vt 0.312500 0.894504
vt 0.328125 0.894504
vt 0.343750 0.894504
vt 0.359375 0.894504
vt 0.375000 0.894504
vt 0.390625 0.894504
vt 0.406250 0.894504
vt 0.421875 0.894504
vt 0.437500 0.894504
vt 0.453125 0.894504
vt 0.468750 0.894504
vt 0.484375 0.894504
vt 0.500000 0.894504
vt 0.515625 0.894504
vt 0.531250 0.894504
vt 0.546875 0.894504
vt 0.562500 0.894504
vt 0.578125 0.894504
vt 0.593750 0.894504
vt 0.609375 0.894504
vt 0.625000 0.894504
vt 0.640625 0.894504
vt 0.656250 0.894504
vt 0.671875 0.894504
vt 0.687500 0.894504
vt 0.703125 0.894504
vt 0.718750 0.894504
vt 0.734375 0.894504
vt 0.750000 0.894504
vt 0.765625 0.894504
vt 0.781250 0.894504
vt 0.796875 0.894504
vt 0.812500 0.894504
vt 0.828125 0.894504
vt 0.843750 0.894504
vt 0.859375 0.894504
vt 0.875000 0.894504
vt 0.890625 0.894504
vt 0.906250 0.894504
vt 0.921875 0.894504
vt 0.937500 0.894504
vt 0.953125 0.894504
vt 0.968750 0.894504
vt 0.984375 0.894504
vt 1.000000 0.894504
vt 0.015625 0.907218
vt 0.000000 0.907218
vt 0.031250 0.907218
vt 0.046875 0.907218
vt 0.062500 0.907218
vt 0.078125 0.907218
vt 0.093750 0.907218
vt 0.109375 0.907218
vt 0.125000 0.907218
vt 0.140625 0.907218
vt 0.156250 0.907218
vt 0.171875 0.907218
vt 0.187500 0.907218
vt 0.203125 0.907218
vt 0.218750 0.907218
vt 0.234375 0.907218
vt 0.250000 0.907218
vt 0.265625 0.907218
vt 0.281250 0.907218
vt 0.296875 0.907218
vt 0.312500 0.907218
vt 0.328125 0.907218
vt 0.343750 0.907218
vt 0.359375 0.907218
vt 0.375000 0.907218
vt 0.390625 0.907218
vt 0.406250 0.907218
vt 0.421875 0.907218
vt 0.437500 0.907218
vt 0.453125 0.907218
vt 0.468750 0.907218
vt 0.484375 0.907218
vt 0.500000 0.907218
vt 0.515625 0.907218
vt 0.531250 0.907218
vt 0.546875 0.907218
vt 0.562500 0.907218
vt 0.578125 0.907218
vt 0.593750 0.907218
vt 0.609375 0.907218
vt 0.625000 0.907218
vt 0.640625 0.907218
vt 0.656250 0.907218
vt 0.671875 0.907218
vt 0.687500 0.907218
vt 0.703125 0.907218
vt 0.718750 0.907218
vt 0.734375 0.907218
vt 0.750000 0.907218
vt 0.765625 0.907218
vt 0.781250 0.907218
vt 0.796875 0.907218
vt 0.812500 0.907218
vt 0.828125 0.907218
vt 0.843750 0.907218
vt 0.859375 0.907218
vt 0.875000 0.907218
vt 0.890625 0.907218
vt 0.906250 0.907218
vt 0.921875 0.907218
vt 0.937500 0.907218
vt 0.953125 0.907218
vt 0.968750 0.907218
vt 0.984375 0.907218
vt 1.000000 0.907218
vt 0.015625 0.920315
vt 0.000000 0.920315
vt 0.031250 0.920315
vt 0.046875 0.920315
vt 0.062500 0.920315
vt 0.078125 0.920315
vt 0.093750 0.920315
vt 0.109375 0.920315
vt 0.125000 0.920315
vt 0.140625 0.920315
vt 0.156250 0.920315
vt 0.171875 0.920315
vt 0.187500 0.920315
vt 0.203125 0.920315
vt 0.218750 0.920315
vt 0.234375 0.920315
vt 0.250000 0.920315
vt 0.265625 0.920315
vt 0.281250 0.920315
vt 0.296875 0.920315
vt 0.312500 0.920315
vt 0.328125 0.920315
vt 0.343750 0.920315
vt 0.359375 0.920315
vt 0.375000 0.920315
vt 0.390625 0.920315
vt 0.406250 0.920315
vt 0.421875 0.920315
vt 0.437500 0.920315
vt 0.453125 0.920315
vt 0.468750 0.920315
vt 0.484375 0.920315
vt 0.500000 0.920315
vt 0.515625 0.920315
vt 0.531250 0.920315
vt 0.546875 0.920315
vt 0.562500 0.920315
vt 0.578125 0.920315
vt 0.593750 0.920315
vt 0.609375 0.920315
vt 0.625000 0.920315
vt 0.640625 0.920315
vt 0.656250 0.920315
vt 0.671875 0.920315
vt 0.687500 0.920315
vt 0.703125 0.920315
vt 0.718750 0.920315
vt 0.734375 0.920315
vt 0.750000 0.920315
vt 0.765625 0.920315
vt 0.781250 0.920315
vt 0.796875 0.920315
vt 0.812500 0.920315
vt 0.828125 0.920315
vt 0.843750 0.920315
vt 0.859375 0.920315
vt 0.875000 0.920315
vt 0.890625 0.920315
vt 0.906250 0.920315
vt 0.921875 0.920315
vt 0.937500 0.920315
vt 0.953125 0.920315
vt 0.968750 0.920315
vt 0.984375 0.920315
vt 1.000000 0.920315
vt 0.015625 0.933872
vt 0.000000 0.933872
vt 0.031250 0.933872
vt 0.046875 0.933872
vt 0.062500 0.933872
vt 0.078125 0.933872
vt 0.093750 0.933872
vt 0.109375 0.933872
vt 0.125000 0.933872
vt 0.140625 0.933872
vt 0.156250 0.933872
vt 0.171875 0.933872
vt 0.187500 0.933872
vt 0.203125 0.933872
vt 0.218750 0.933872
vt 0.234375 0.933872
vt 0.250000 0.933872
vt 0.265625 0.933872
vt 0.281250 0.933872
vt 0.296875 0.933872
vt 0.312500 0.933872
vt 0.328125 0.933872
vt 0.343750 0.933872
vt 0.359375 0.933872
vt 0.375000 0.933872
vt 0.390625 0.933872
vt 0.406250 0.933872
vt 0.421875 0.933872
vt 0.437500 0.933872
vt 0.453125 0.933872
vt 0.468750 0.933872
vt 0.484375 0.933872
vt 0.500000 0.933872
vt 0.515625 0.933872
vt 0.531250 0.933872
vt 0.546875 0.933872
vt 0.562500 0.933872
vt 0.578125 0.933872
vt 0.593750 0.933872
vt 0.609375 0.933872
vt 0.625000 0.933872
vt 0.640625 0.933872
vt 0.656250 0.933872
vt 0.671875 0.933872
vt 0.687500 0.933872
vt 0.703125 0.933872
vt 0.718750 0.933872
vt 0.734375 0.933872
vt 0.750000 0.933872
vt 0.765625 0.933872
vt 0.781250 0.933872
vt 0.796875 0.933872
vt 0.812500 0.933872
vt 0.828125 0.933872
vt 0.843750 0.933872
vt 0.859375 0.933872
vt 0.875000 0.933872
vt 0.890625 0.933872
vt 0.906250 0.933872
vt 0.921875 0.933872
vt 0.937500 0.933872
vt 0.953125 0.933872
vt 0.968750 0.933872
vt 0.984375 0.933872
vt 1.000000 0.933872
vt 0.015625 0.948276
vt 0.000000 0.948276
vt 0.031250 0.948276
vt 0.046875 0.948276
vt 0.062500 0.948276
vt 0.078125 0.948276
vt 0.093750 0.948276
vt 0.109375 0.948276
vt 0.125000 0.948276
vt 0.140625 0.948276
vt 0.156250 0.948276
vt 0.171875 0.948276
vt 0.187500 0.948276
vt 0.203125 0.948276
vt 0.218750 0.948276
vt 0.234375 0.948276
vt 0.250000 0.948276
vt 0.265625 0.948276
vt 0.281250 0.948276
vt 0.296875 0.948276
vt 0.312500 0.948276
vt 0.328125 0.948276
vt 0.343750 0.948276
vt 0.359375 0.948276
vt 0.375000 0.948276
vt 0.390625 0.948276
vt 0.406250 0.948276
vt 0.421875 0.948276
vt 0.437500 0.948276
vt 0.453125 0.948276
vt 0.468750 0.948276
vt 0.484375 0.948276
vt 0.500000 0.948276
vt 0.515625 0.948276
vt 0.531250 0.948276
vt 0.546875 0.948276
vt 0.562500 0.948276
vt 0.578125 0.948276
vt 0.593750 0.948276
vt 0.609375 0.948276
vt 0.625000 0.948276
vt 0.640625 0.948276
vt 0.656250 0.948276
vt 0.671875 0.948276
vt 0.687500 0.948276
vt 0.703125 0.948276
vt 0.718750 0.948276
vt 0.734375 0.948276
vt 0.750000 0.948276
vt 0.765625 0.948276
vt 0.781250 0.948276
vt 0.796875 0.948276
vt 0.812500 0.948276
vt 0.828125 0.948276
vt 0.843750 0.948276
vt 0.859375 0.948276
vt 0.875000 0.948276
vt 0.890625 0.948276
vt 0.906250 0.948276
vt 0.921875 0.948276
vt 0.937500 0.948276
vt 0.953125 0.948276
vt 0.968750 0.948276
vt 0.984375 0.948276
vt 1.000000 0.948276
vt 0.015625 1.084276
vt 0.000000 1.084276
vt 0.019954 1.024276
vt 0.031250 1.024276
vt 0.046875 1.024276
vt 0.062500 1.024276
vt 0.078125 1.024276
vt 0.080037 1.084276
vt 0.080037 1.024276
vt 0.109375 1.084276
vt 0.093750 1.084276
vt 0.125000 1.084276
vt 0.140625 1.084276
vt 0.156250 1.084276
vt 0.171875 1.084276
vt 0.187500 1.084276
vt 0.203125 1.084276
vt 0.218750 1.084276
vt 0.219972 1.024276
vt 0.234375 1.024276
vt 0.250000 1.024276
vt 0.265625 1.024276
vt 0.280028 1.024276
vt 0.296875 1.084276
vt 0.281250 1.084276
vt 0.312500 1.084276
vt 0.328125 1.084276
vt 0.343750 1.084276
vt 0.359375 1.084276
vt 0.375000 1.084276
vt 0.390625 1.084276
vt 0.406250 1.084276
vt 0.419963 1.024276
vt 0.421875 1.024276
vt 0.437500 1.024276
vt 0.453125 1.024276
vt 0.453125 1.024276
vt 0.468750 1.024276
vt 0.480046 1.024276
vt 0.500000 1.084276
vt 0.484375 1.084276
vt 0.515625 1.084276
vt 0.531250 1.084276
vt 0.546875 1.084276
vt 0.562500 1.084276
vt 0.578125 1.084276
vt 0.593750 1.084276
vt 0.609375 1.084276
vt 0.619947 1.024276
vt 0.625000 1.024276
vt 0.640625 1.024276
vt 0.656250 1.024276
vt 0.671875 1.024276
vt 0.687500 1.084276
vt 0.680055 1.024276
vt 0.703125 1.084276
vt 0.718750 1.084276
vt 0.734375 1.084276
vt 0.750000 1.084276
vt 0.765625 1.084276
vt 0.781250 1.084276
vt 0.796875 1.084276
vt 0.812500 1.084276
vt 0.819944 1.024276
vt 0.828125 1.024276
vt 0.843750 1.024276
vt 0.859375 1.024276
vt 0.875000 1.024276
vt 0.880053 1.084276
vt 0.880053 1.024276
vt 0.906250 1.084276
vt 0.890625 1.084276
vt 0.921875 1.084276
vt 0.937500 1.084276
vt 0.953125 1.084276
vt 0.968750 1.084276
vt 0.984375 1.084276
vt 1.000000 1.084276
vt 0.015625 1.086542
vt 0.000000 1.086542
vt 0.019954 1.084276
vt 0.019877 1.086542
vt 0.093750 1.086542
vt 0.080115 1.086542
vt 0.109375 1.086542
vt 0.125000 1.086542
vt 0.140625 1.086542
vt 0.156250 1.086542
vt 0.171875 1.086542
vt 0.187500 1.086542
vt 0.203125 1.086542
vt 0.218750 1.086542
vt 0.219972 1.084276
vt 0.219895 1.086542
vt 0.280028 1.084276
vt 0.281250 1.086542
vt 0.280105 1.086542
vt 0.296875 1.086542
vt 0.312500 1.086542
vt 0.328125 1.086542
vt 0.343750 1.086542
vt 0.359375 1.086542
vt 0.375000 1.086542
vt 0.390625 1.086542
vt 0.406250 1.086542
vt 0.419963 1.084276
vt 0.419885 1.086542
vt 0.484375 1.086542
vt 0.480123 1.086542
vt 0.480046 1.084276
vt 0.500000 1.086542
vt 0.515625 1.086542
vt 0.531250 1.086542
vt 0.546875 1.086542
vt 0.562500 1.086542
vt 0.578125 1.086542
vt 0.593750 1.086542
vt 0.609375 1.086542
vt 0.619947 1.084276
vt 0.619870 1.086542
vt 0.687500 1.086542
vt 0.680132 1.086542
vt 0.680055 1.084276
vt 0.703125 1.086542
vt 0.718750 1.086542
vt 0.734375 1.086542
vt 0.750000 1.086542
vt 0.765625 1.086542
vt 0.781250 1.086542
vt 0.796875 1.086542
vt 0.812500 1.086542
vt 0.819944 1.084276
vt 0.819867 1.086542
vt 0.890625 1.086542
vt 0.880130 1.086542
vt 0.906250 1.086542
vt 0.921875 1.086542
vt 0.937500 1.086542
vt 0.953125 1.086542
vt 0.968750 1.086542
vt 0.984375 1.086542
vt 1.000000 1.086542
vt 0.015625 1.088428
vt 0.000000 1.088428
vt 0.019645 1.088428
vt 0.080115 1.086542
vt 0.093750 1.088428
vt 0.080350 1.088428
vt 0.109375 1.088428
vt 0.125000 1.088428
vt 0.140625 1.088428
vt 0.156250 1.088428
vt 0.171875 1.088428
vt 0.187500 1.088428
vt 0.203125 1.088428
vt 0.218750 1.088428
vt 0.219664 1.088428
vt 0.280105 1.086542
vt 0.281250 1.088428
vt 0.280336 1.088428
vt 0.296875 1.088428
vt 0.312500 1.088428
vt 0.328125 1.088428
vt 0.343750 1.088428
vt 0.359375 1.088428
vt 0.375000 1.088428
vt 0.390625 1.088428
vt 0.406250 1.088428
vt 0.419885 1.086542
vt 0.419650 1.088428
vt 0.484375 1.088428
vt 0.480355 1.088428
vt 0.500000 1.088428
vt 0.515625 1.088428
vt 0.531250 1.088428
vt 0.546875 1.088428
vt 0.562500 1.088428
vt 0.578125 1.088428
vt 0.593750 1.088428
vt 0.609375 1.088428
vt 0.619636 1.088428
vt 0.687500 1.088428
vt 0.680365 1.088428
vt 0.703125 1.088428
vt 0.718750 1.088428
vt 0.734375 1.088428
vt 0.750000 1.088428
vt 0.765625 1.088428
vt 0.781250 1.088428
vt 0.796875 1.088428
vt 0.812500 1.088428
vt 0.819635 1.088428
vt 0.890625 1.088428
vt 0.880364 1.088428
vt 0.880130 1.086542
vt 0.906250 1.088428
vt 0.921875 1.088428
vt 0.937500 1.088428
vt 0.953125 1.088428
vt 0.968750 1.088428
vt 0.984375 1.088428
vt 1.000000 1.088428
vt 0.015625 1.090694
vt 0.000000 1.090694
vt 0.019250 1.090694
vt 0.019645 1.088428
vt 0.093750 1.090694
vt 0.080749 1.090694
vt 0.109375 1.090694
vt 0.125000 1.090694
vt 0.140625 1.090694
vt 0.156250 1.090694
vt 0.171875 1.090694
vt 0.187500 1.090694
vt 0.203125 1.090694
vt 0.218750 1.090694
vt 0.219270 1.090694
vt 0.219664 1.088428
vt 0.281250 1.090694
vt 0.280730 1.090694
vt 0.296875 1.090694
vt 0.312500 1.090694
vt 0.328125 1.090694
vt 0.343750 1.090694
vt 0.359375 1.090694
vt 0.375000 1.090694
vt 0.390625 1.090694
vt 0.406250 1.090694
vt 0.419251 1.090694
vt 0.484375 1.090694
vt 0.480750 1.090694
vt 0.500000 1.090694
vt 0.515625 1.090694
vt 0.531250 1.090694
vt 0.546875 1.090694
vt 0.562500 1.090694
vt 0.578125 1.090694
vt 0.593750 1.090694
vt 0.609375 1.090694
vt 0.619237 1.090694
vt 0.687500 1.090694
vt 0.680762 1.090694
vt 0.703125 1.090694
vt 0.718750 1.090694
vt 0.734375 1.090694
vt 0.750000 1.090694
vt 0.765625 1.090694
vt 0.781250 1.090694
vt 0.796875 1.090694
vt 0.812500 1.090694
vt 0.819238 1.090694
vt 0.819634 1.088428
vt 0.890625 1.090694
vt 0.880762 1.090694
vt 0.880364 1.088428
vt 0.906250 1.090694
vt 0.921875 1.090694
vt 0.937500 1.090694
vt 0.953125 1.090694
vt 0.968750 1.090694
vt 0.984375 1.090694
vt 1.000000 1.090694
vt 0.015625 1.108711
vt 0.010653 1.127694
vt 0.093750 1.127694
vt 0.089340 1.127694
vt 0.109375 1.127694
vt 0.125000 1.127694
vt 0.140625 1.127694
vt 0.156250 1.127694
vt 0.171875 1.127694
vt 0.187500 1.127694
vt 0.203125 1.127694
vt 0.218750 1.093542
vt 0.281250 1.093542
vt 0.280730 1.090694
vt 0.289351 1.127694
vt 0.312500 1.127694
vt 0.296875 1.127694
vt 0.328125 1.127694
vt 0.343750 1.127694
vt 0.359375 1.127694
vt 0.375000 1.127694
vt 0.390625 1.127694
vt 0.406250 1.127694
vt 0.410660 1.127694
vt 0.484375 1.108711
vt 0.500000 1.127694
vt 0.515625 1.127694
vt 0.531250 1.127694
vt 0.546875 1.127694
vt 0.562500 1.127694
vt 0.578125 1.127694
vt 0.593750 1.127694
vt 0.609375 1.127694
vt 0.610684 1.127694
vt 0.687500 1.121334
vt 0.689325 1.127694
vt 0.687500 1.121334
vt 0.718750 1.127694
vt 0.703125 1.127694
vt 0.734375 1.127694
vt 0.750000 1.127694
vt 0.765625 1.127694
vt 0.781250 1.127694
vt 0.796875 1.127694
vt 0.810675 1.127694
vt 0.819238 1.090694
vt 0.812500 1.121333
vt 0.889316 1.127694
vt 0.890625 1.127694
vt 0.906250 1.127694
vt 0.921875 1.127694
vt 0.937500 1.127694
vt 0.953125 1.127694
vt 0.968750 1.127694
vt 0.984375 1.127694
vt 1.000000 1.127694
vt 0.010149 1.129394
vt 0.000000 1.129394
vt 0.000000 1.127694
vt 0.010653 1.127694
vt 0.093750 1.129394
vt 0.089839 1.129394
vt 0.089340 1.127694
vt 0.109375 1.129394
vt 0.125000 1.129394
vt 0.140625 1.129394
vt 0.156250 1.129394
vt 0.171875 1.129394
vt 0.187500 1.129394
vt 0.203125 1.129394
vt 0.210649 1.127694
vt 0.210148 1.129394
vt 0.289351 1.127694
vt 0.296875 1.129394
vt 0.289852 1.129394
vt 0.312500 1.129394
vt 0.328125 1.129394
vt 0.343750 1.129394
vt 0.359375 1.129394
vt 0.375000 1.129394
vt 0.390625 1.129394
vt 0.406250 1.129394
vt 0.410161 1.129394
vt 0.489347 1.127694
vt 0.500000 1.129394
vt 0.489851 1.129394
vt 0.515625 1.129394
vt 0.531250 1.129394
vt 0.546875 1.129394
vt 0.562500 1.129394
vt 0.578125 1.129394
vt 0.593750 1.129394
vt 0.609375 1.129394
vt 0.610187 1.129394
vt 0.703125 1.129394
vt 0.689832 1.129394
vt 0.689325 1.127694
vt 0.718750 1.129394
vt 0.734375 1.129394
vt 0.750000 1.129394
vt 0.765625 1.129394
vt 0.781250 1.129394
vt 0.796875 1.129394
vt 0.810168 1.129394
vt 0.890625 1.129394
vt 0.889813 1.129394
vt 0.889316 1.127694
vt 0.906250 1.129394
vt 0.921875 1.129394
vt 0.937500 1.129394
vt 0.953125 1.129394
vt 0.968750 1.129394
vt 0.984375 1.129394
vt 1.000000 1.129394
vt 0.009841 1.130808
vt 0.000000 1.130808
vt 0.010149 1.129394
vt 0.093750 1.130808
vt 0.090144 1.130808
vt 0.109375 1.130808
vt 0.125000 1.130808
vt 0.140625 1.130808
vt 0.156250 1.130808
vt 0.171875 1.130808
vt 0.187500 1.130808
vt 0.203125 1.130808
vt 0.209841 1.130808
vt 0.289852 1.129394
vt 0.296875 1.130808
vt 0.290159 1.130808
vt 0.312500 1.130808
vt 0.328125 1.130808
vt 0.343750 1.130808
vt 0.359375 1.130808
vt 0.375000 1.130808
vt 0.390625 1.130808
vt 0.406250 1.130808
vt 0.410161 1.129394
vt 0.409856 1.130808
vt 0.500000 1.130808
vt 0.490159 1.130808
vt 0.515625 1.130808
vt 0.531250 1.130808
vt 0.546875 1.130808
vt 0.562500 1.130808
vt 0.578125 1.130808
vt 0.593750 1.130808
vt 0.609375 1.130808
vt 0.609883 1.130808
vt 0.689832 1.129394
vt 0.703125 1.130808
vt 0.690142 1.130808
vt 0.718750 1.130808
vt 0.734375 1.130808
vt 0.750000 1.130808
vt 0.765625 1.130808
vt 0.781250 1.130808
vt 0.796875 1.130808
vt 0.809858 1.130808
vt 0.890625 1.130808
vt 0.890117 1.130808
vt 0.906250 1.130808
vt 0.921875 1.130808
vt 0.937500 1.130808
vt 0.953125 1.130808
vt 0.968750 1.130808
vt 0.984375 1.130808
vt 1.000000 1.130808
vt 0.000000 1.132508
vt 0.009841 1.130808
vt 0.009737 1.132508
vt 0.093750 1.132508
vt 0.090247 1.132508
vt 0.090144 1.130808
vt 0.109375 1.132508
vt 0.125000 1.132508
vt 0.140625 1.132508
vt 0.156250 1.132508
vt 0.171875 1.132508
vt 0.187500 1.132508
vt 0.203125 1.132508
vt 0.209737 1.132508
vt 0.290159 1.130808
vt 0.296875 1.132508
vt 0.290263 1.132508
vt 0.312500 1.132508
vt 0.328125 1.132508
vt 0.343750 1.132508
vt 0.359375 1.132508
vt 0.375000 1.132508
vt 0.390625 1.132508
vt 0.406250 1.132508
vt 0.409856 1.130808
vt 0.409753 1.132508
vt 0.500000 1.132508
vt 0.490263 1.132508
vt 0.490159 1.130808
vt 0.515625 1.132508
vt 0.531250 1.132508
vt 0.546875 1.132508
vt 0.562500 1.132508
vt 0.578125 1.132508
vt 0.593750 1.132508
vt 0.609375 1.132508
vt 0.609780 1.132508
vt 0.703125 1.132508
vt 0.690246 1.132508
vt 0.718750 1.132508
vt 0.734375 1.132508
vt 0.750000 1.132508
vt 0.765625 1.132508
vt 0.781250 1.132508
vt 0.796875 1.132508
vt 0.809754 1.132508
vt 0.890117 1.130808
vt 0.890625 1.132508
vt 0.890220 1.132508
vt 0.906250 1.132508
vt 0.921875 1.132508
vt 0.937500 1.132508
vt 0.953125 1.132508
vt 0.968750 1.132508
vt 0.984375 1.132508
vt 1.000000 1.132508
vt 0.000000 1.195508
vt 0.009737 1.193508
vt 0.015625 1.195508
vt 0.015625 1.193508
vt 0.031250 1.193508
vt 0.031250 1.195508
vt 0.046875 1.193508
vt 0.046875 1.195508
vt 0.062500 1.193508
vt 0.062500 1.195508
vt 0.078125 1.193508
vt 0.078125 1.195508
vt 0.090247 1.193508
vt 0.093750 1.195508
vt 0.109375 1.195508
vt 0.125000 1.195508
vt 0.140625 1.195508
vt 0.156250 1.195508
vt 0.171875 1.195508
vt 0.187500 1.195508
vt 0.203125 1.195508
vt 0.209737 1.193508
vt 0.234375 1.193508
vt 0.234375 1.195508
vt 0.218750 1.195508
vt 0.218750 1.193508
vt 0.250000 1.193508
vt 0.250000 1.195508
vt 0.265625 1.193508
vt 0.265625 1.195508
vt 0.281250 1.193508
vt 0.281250 1.195508
vt 0.296875 1.195508
vt 0.290263 1.193508
vt 0.312500 1.195508
vt 0.328125 1.195508
vt 0.343750 1.195508
vt 0.359375 1.195508
vt 0.375000 1.195508
vt 0.390625 1.195508
vt 0.406250 1.195508
vt 0.409753 1.132508
vt 0.409753 1.193508
vt 0.437500 1.193508
vt 0.437500 1.195508
vt 0.421875 1.195508
vt 0.421875 1.193508
vt 0.453125 1.193508
vt 0.453125 1.195508
vt 0.468750 1.193508
vt 0.468750 1.195508
vt 0.484375 1.193508
vt 0.484375 1.195508
vt 0.500000 1.195508
vt 0.490263 1.193508
vt 0.515625 1.195508
vt 0.531250 1.195508
vt 0.546875 1.195508
vt 0.562500 1.195508
vt 0.578125 1.195508
vt 0.593750 1.195508
vt 0.609375 1.195508
vt 0.609780 1.193508
vt 0.625000 1.195508
vt 0.625000 1.193508
vt 0.640625 1.193508
vt 0.640625 1.195508
vt 0.656250 1.193508
vt 0.656250 1.195508
vt 0.671875 1.193508
vt 0.687500 1.193508
vt 0.703125 1.195508
vt 0.690246 1.193508
vt 0.718750 1.195508
vt 0.734375 1.195508
vt 0.750000 1.195508
vt 0.765625 1.195508
vt 0.781250 1.195508
vt 0.796875 1.195508
vt 0.809754 1.193508
vt 0.812500 1.195508
vt 0.812500 1.193508
vt 0.828125 1.193508
vt 0.828125 1.195508
vt 0.843750 1.193508
vt 0.843750 1.195508
vt 0.859375 1.193508
vt 0.859375 1.195508
vt 0.875000 1.193508
vt 0.875000 1.195508
vt 0.890220 1.193508
vt 0.890625 1.195508
vt 0.906250 1.195508
vt 0.921875 1.195508
vt 0.937500 1.195508
vt 0.953125 1.195508
vt 0.968750 1.195508
vt 0.984375 1.195508
vt 1.000000 1.195508
vt 0.015625 1.198907
vt 0.000000 1.198907
vt 0.031250 1.198907
vt 0.046875 1.198907
vt 0.062500 1.198907
vt 0.078125 1.198907
vt 0.093750 1.198907
vt 0.109375 1.198907
vt 0.125000 1.198907
vt 0.140625 1.198907
vt 0.156250 1.198907
vt 0.171875 1.198907
vt 0.187500 1.198907
vt 0.203125 1.198907
vt 0.218750 1.198907
vt 0.234375 1.198907
vt 0.250000 1.198907
vt 0.265625 1.198907
vt 0.281250 1.198907
vt 0.296875 1.198907
vt 0.312500 1.198907
vt 0.328125 1.198907
vt 0.343750 1.198907
vt 0.359375 1.198907
vt 0.375000 1.198907
vt 0.390625 1.198907
vt 0.406250 1.198907
vt 0.421875 1.198907
vt 0.437500 1.198907
vt 0.453125 1.198907
vt 0.468750 1.198907
vt 0.484375 1.198907
vt 0.500000 1.198907
vt 0.515625 1.198907
vt 0.531250 1.198907
vt 0.546875 1.198907
vt 0.562500 1.198907
vt 0.578125 1.198907
vt 0.593750 1.198907
vt 0.609375 1.198907
vt 0.625000 1.198907
vt 0.640625 1.198907
vt 0.656250 1.198907
vt 0.007812 0.000000
vt 0.703125 1.198907
vt 0.718750 1.198907
vt 0.734375 1.198907
vt 0.750000 1.198907
vt 0.765625 1.198907
vt 0.781250 1.198907
vt 0.796875 1.198907
vt 0.812500 1.198907
vt 0.828125 1.198907
vt 0.843750 1.198907
vt 0.859375 1.198907
vt 0.875000 1.198907
vt 0.890625 1.198907
vt 0.906250 1.198907
vt 0.921875 1.198907
vt 0.937500 1.198907
vt 0.953125 1.198907
vt 0.968750 1.198907
vt 0.984375 1.198907
vt 1.000000 1.198907
vt 0.015625 1.201736
vt 0.000000 1.201736
vt 0.031250 1.201736
vt 0.046875 1.201736
vt 0.062500 1.201736
vt 0.078125 1.201736
vt 0.093750 1.201736
vt 0.109375 1.201736
vt 0.125000 1.201736
vt 0.140625 1.201736
vt 0.156250 1.201736
vt 0.171875 1.201736
vt 0.187500 1.201736
vt 0.203125 1.201736
vt 0.218750 1.201736
vt 0.234375 1.201736
vt 0.250000 1.201736
vt 0.265625 1.201736
vt 0.281250 1.201736
vt 0.296875 1.201736
vt 0.312500 1.201736
vt 0.328125 1.201736
vt 0.343750 1.201736
vt 0.359375 1.201736
vt 0.375000 1.201736
vt 0.390625 1.201736
vt 0.406250 1.201736
vt 0.421875 1.201736
vt 0.437500 1.201736
vt 0.453125 1.201736
vt 0.468750 1.201736
vt 0.484375 1.201736
vt 0.500000 1.201736
vt 0.515625 1.201736
vt 0.531250 1.201736
vt 0.546875 1.201736
vt 0.562500 1.201736
vt 0.578125 1.201736
vt 0.593750 1.201736
vt 0.609375 1.201736
vt 0.625000 1.201736
vt 0.640625 1.201736
vt 0.656250 1.201736
vt 0.671875 1.201736
vt 0.687500 1.201736
vt 0.703125 1.201736
vt 0.718750 1.201736
vt 0.734375 1.201736
vt 0.750000 1.201736
vt 0.765625 1.201736
vt 0.781250 1.201736
vt 0.796875 1.201736
vt 0.812500 1.201736
vt 0.828125 1.201736
vt 0.843750 1.201736
vt 0.859375 1.201736
vt 0.875000 1.201736
vt 0.890625 1.201736
vt 0.906250 1.201736
vt 0.921875 1.201736
vt 0.937500 1.201736
vt 0.953125 1.201736
vt 0.968750 1.201736
vt 0.984375 1.201736
vt 1.000000 1.201736
vt 0.015625 1.205135
vt 0.000000 1.205135
vt 0.031250 1.205135
vt 0.046875 1.205135
vt 0.062500 1.205135
vt 0.078125 1.205135
vt 0.093750 1.205135
vt 0.109375 1.205135
vt 0.125000 1.205135
vt 0.140625 1.205135
vt 0.156250 1.205135
vt 0.171875 1.205135
vt 0.187500 1.205135
vt 0.203125 1.205135
vt 0.218750 1.205135
vt 0.234375 1.205135
vt 0.250000 1.205135
vt 0.265625 1.205135
vt 0.281250 1.205135
vt 0.296875 1.205135
vt 0.312500 1.205135
vt 0.328125 1.205135
vt 0.343750 1.205135
vt 0.359375 1.205135
vt 0.375000 1.205135
vt 0.390625 1.205135
vt 0.406250 1.205135
vt 0.421875 1.205135
vt 0.437500 1.205135
vt 0.453125 1.205135
vt 0.468750 1.205135
vt 0.484375 1.205135
vt 0.500000 1.205135
vt 0.515625 1.205135
vt 0.531250 1.205135
vt 0.546875 1.205135
vt 0.562500 1.205135
vt 0.578125 1.205135
vt 0.593750 1.205135
vt 0.609375 1.205135
vt 0.625000 1.205135
vt 0.640625 1.205135
vt 0.656250 1.205135
vt 0.671875 1.205135
vt 0.687500 1.205135
vt 0.703125 1.205135
vt 0.718750 1.205135
vt 0.734375 1.205135
vt 0.750000 1.205135
vt 0.765625 1.205135
vt 0.781250 1.205135
vt 0.796875 1.205135
vt 0.812500 1.205135
vt 0.828125 1.205135
vt 0.843750 1.205135
vt 0.859375 1.205135
vt 0.875000 1.205135
vt 0.890625 1.205135
vt 0.906250 1.205135
vt 0.921875 1.205135
vt 0.937500 1.205135
vt 0.953125 1.205135
vt 0.968750 1.205135
vt 0.984375 1.205135
vt 1.000000 1.205135
vt 0.007812 1.331135
vt 0.023438 1.331135
vt 0.039062 1.331135
vt 0.054688 1.331135
vt 0.070312 1.331135
vt 0.085938 1.331135
vt 0.101562 1.331135
vt 0.117188 1.331135
vt 0.132812 1.331135
vt 0.148438 1.331135
vt 0.164062 1.331135
vt 0.179688 1.331135
vt 0.195312 1.331135
vt 0.210938 1.331135
vt 0.226562 1.331135
vt 0.242188 1.331135
vt 0.257812 1.331135
vt 0.273438 1.331135
vt 0.289062 1.331135
vt 0.304688 1.331135
vt 0.320312 1.331135
vt 0.335938 1.331135
vt 0.351562 1.331135
vt 0.367188 1.331135
vt 0.382812 1.331135
vt 0.398438 1.331135
vt 0.414062 1.331135
vt 0.429688 1.331135
vt 0.445312 1.331135
vt 0.460938 1.331135
vt 0.476562 1.331135
vt 0.492188 1.331135
vt 0.507812 1.331135
vt 0.523438 1.331135
vt 0.539062 1.331135
vt 0.554688 1.331135
vt 0.570312 1.331135
vt 0.585938 1.331135
vt 0.601562 1.331135
vt 0.617188 1.331135
vt 0.632812 1.331135
vt 0.648438 1.331135
vt 0.664062 1.331135
vt 0.679688 1.331135
vt 0.695312 1.331135
vt 0.710938 1.331135
vt 0.726562 1.331135
vt 0.742188 1.331135
vt 0.757812 1.331135
vt 0.773438 1.331135
vt 0.789062 1.331135
vt 0.804688 1.331135
vt 0.820312 1.331135
vt 0.835938 1.331135
vt 0.851562 1.331135
vt 0.867188 1.331135
vt 0.882812 1.331135
vt 0.898438 1.331135
vt 0.914062 1.331135
vt 0.929688 1.331135
vt 0.945312 1.331135
vt 0.960938 1.331135
vt 0.976562 1.331135
vt 0.992188 1.331135
vt 0.000000 0.000000
vt 0.419963 1.084276
vt 0.210649 1.127694
vt 0.489347 1.127694
vt 0.090247 1.132508
vt 0.687500 1.193508
vt 0.062500 0.020400
vt 0.078125 0.020400
vt 0.078125 0.027200
vt 0.062500 0.027200
vt 0.093750 0.020400
vt 0.109375 0.020400
vt 0.109375 0.027200
vt 0.093750 0.027200
vt 0.125000 0.020400
vt 0.125000 0.027200
vt 0.140625 0.020400
vt 0.140625 0.027200
vt 0.156250 0.020400
vt 0.156250 0.027200
vt 0.171875 0.020400
vt 0.171875 0.027200
vt 0.187500 0.020400
vt 0.187500 0.027200
vt 0.203125 0.020400
vt 0.203125 0.027200
vt 0.218750 0.020400
vt 0.218750 0.027200
vt 0.234375 0.020400
vt 0.234375 0.027200
vt 0.250000 0.020400
vt 0.250000 0.027200
vt 0.265625 0.020400
vt 0.265625 0.027200
vt 0.281250 0.020400
vt 0.281250 0.027200
vt 0.296875 0.020400
vt 0.296875 0.027200
vt 0.312500 0.020400
vt 0.312500 0.027200
vt 0.328125 0.020400
vt 0.328125 0.027200
vt 0.343750 0.020400
vt 0.343750 0.027200
vt 0.359375 0.020400
vt 0.359375 0.027200
vt 0.375000 0.020400
vt 0.375000 0.027200
vt 0.390625 0.020400
vt 0.390625 0.027200
vt 0.406250 0.020400
vt 0.406250 0.027200
vt 0.421875 0.020400
vt 0.421875 0.027200
vt 0.437500 0.020400
vt 0.437500 0.027200
vt 0.453125 0.020400
vt 0.453125 0.027200
vt 0.468750 0.020400
vt 0.468750 0.027200
vt 0.484375 0.020400
vt 0.484375 0.027200
vt 0.500000 0.020400
vt 0.500000 0.027200
vt 0.515625 0.020400
vt 0.515625 0.027200
vt 0.531250 0.020400
vt 0.531250 0.027200
vt 0.546875 0.020400
vt 0.546875 0.027200
vt 0.562500 0.020400
vt 0.562500 0.027200
vt 0.578125 0.020400
vt 0.578125 0.027200
vt 0.593750 0.020400
vt 0.593750 0.027200
vt 0.609375 0.020400
vt 0.609375 0.027200
vt 0.625000 0.020400
vt 0.625000 0.027200
vt 0.640625 0.020400
vt 0.640625 0.027200
vt 0.656250 0.020400
vt 0.656250 0.027200
vt 0.671875 0.020400
vt 0.671875 0.027200
vt 0.687500 0.020400
vt 0.687500 0.027200
vt 0.703125 0.020400
vt 0.703125 0.027200
vt 0.718750 0.020400
vt 0.718750 0.027200
vt 0.734375 0.020400
vt 0.734375 0.027200
vt 0.750000 0.020400
vt 0.750000 0.027200
vt 0.765625 0.020400
vt 0.765625 0.027200
vt 0.781250 0.020400
vt 0.781250 0.027200
vt 0.796875 0.020400
vt 0.796875 0.027200
vt 0.812500 0.020400
vt 0.812500 0.027200
vt 0.828125 0.020400
vt 0.828125 0.027200
vt 0.843750 0.020400
vt 0.843750 0.027200
vt 0.859375 0.020400
vt 0.859375 0.027200
vt 0.875000 0.020400
vt 0.875000 0.027200
vt 0.890625 0.020400
vt 0.890625 0.027200
vt 0.906250 0.020400
vt 0.906250 0.027200
vt 0.921875 0.020400
vt 0.921875 0.027200
vt 0.937500 0.020400
vt 0.937500 0.027200
vt 0.953125 0.020400
vt 0.953125 0.027200
vt 0.968750 0.020400
vt 0.968750 0.027200
vt 0.984375 0.020400
vt 0.984375 0.027200
vt 1.000000 0.020400
vt 1.000000 0.027200
vt 0.000000 0.027200
vt 0.015625 0.027200
vt 0.015625 0.034000
vt 0.000000 0.034000
vt 0.031250 0.027200
vt 0.031250 0.034000
vt 0.046875 0.027200
vt 0.046875 0.034000
vt 0.062500 0.034000
vt 0.078125 0.034000
vt 0.093750 0.034000
vt 0.109375 0.034000
vt 0.125000 0.034000
vt 0.140625 0.034000
vt 0.156250 0.034000
vt 0.171875 0.034000
vt 0.187500 0.034000
vt 0.203125 0.034000
vt 0.218750 0.034000
vt 0.234375 0.034000
vt 0.250000 0.034000
vt 0.265625 0.034000
vt 0.281250 0.034000
vt 0.296875 0.034000
vt 0.312500 0.034000
vt 0.328125 0.034000
vt 0.343750 0.034000
vt 0.359375 0.034000
vt 0.375000 0.034000
vt 0.390625 0.034000
vt 0.406250 0.034000
vt 0.421875 0.034000
vt 0.437500 0.034000
vt 0.453125 0.034000
vt 0.468750 0.034000
vt 0.484375 0.034000
vt 0.500000 0.034000
vt 0.515625 0.034000
vt 0.531250 0.034000
vt 0.546875 0.034000
vt 0.562500 0.034000
vt 0.578125 0.034000
vt 0.593750 0.034000
vt 0.609375 0.034000
vt 0.625000 0.034000
vt 0.640625 0.034000
vt 0.656250 0.034000
vt 0.671875 0.034000
vt 0.687500 0.034000
vt 0.703125 0.034000
vt 0.718750 0.034000
vt 0.734375 0.034000
vt 0.750000 0.034000
vt 0.765625 0.034000
vt 0.781250 0.034000
vt 0.796875 0.034000
vt 0.812500 0.034000
vt 0.828125 0.034000
vt 0.843750 0.034000
vt 0.859375 0.034000
vt 0.875000 0.034000
vt 0.890625 0.034000
vt 0.906250 0.034000
vt 0.921875 0.034000
vt 0.937500 0.034000
vt 0.953125 0.034000
vt 0.968750 0.034000
vt 0.984375 0.034000
vt 1.000000 0.034000
vt 0.015625 0.040800
vt 0.000000 0.040800
vt 0.031250 0.040800
vt 0.046875 0.040800
vt 0.062500 0.040800
vt 0.078125 0.040800
vt 0.093750 0.040800
vt 0.109375 0.040800
vt 0.125000 0.040800
vt 0.140625 0.040800
vt 0.156250 0.040800
vt 0.171875 0.040800
vt 0.187500 0.040800
vt 0.203125 0.040800
vt 0.218750 0.040800
vt 0.234375 0.040800
vt 0.250000 0.040800
vt 0.265625 0.040800
vt 0.281250 0.040800
vt 0.296875 0.040800
vt 0.312500 0.040800
vt 0.328125 0.040800
vt 0.343750 0.040800
vt 0.359375 0.040800
vt 0.375000 0.040800
vt 0.390625 0.040800
vt 0.406250 0.040800
vt 0.421875 0.040800
vt 0.437500 0.040800
vt 0.453125 0.040800
vt 0.468750 0.040800
vt 0.484375 0.040800
vt 0.500000 0.040800
vt 0.515625 0.040800
vt 0.531250 0.040800
vt 0.546875 0.040800
vt 0.562500 0.040800
vt 0.578125 0.040800
vt 0.593750 0.040800
vt 0.609375 0.040800
vt 0.625000 0.040800
vt 0.640625 0.040800
vt 0.656250 0.040800
vt 0.671875 0.040800
vt 0.687500 0.040800
vt 0.703125 0.040800
vt 0.718750 0.040800
vt 0.734375 0.040800
vt 0.750000 0.040800
vt 0.765625 0.040800
vt 0.781250 0.040800
vt 0.796875 0.040800
vt 0.812500 0.040800
vt 0.828125 0.040800
vt 0.843750 0.040800
vt 0.859375 0.040800
vt 0.875000 0.040800
vt 0.890625 0.040800
vt 0.906250 0.040800
vt 0.921875 0.040800
vt 0.937500 0.040800
vt 0.953125 0.040800
vt 0.968750 0.040800
vt 0.984375 0.040800
vt 1.000000 0.040800
vt 0.015625 0.000000
vt 0.015625 0.009500
vt 0.000000 0.009500
vt 0.031250 0.000000
vt 0.031250 0.009500
vt 0.046875 0.000000
vt 0.046875 0.009500
vt 0.062500 0.000000
vt 0.062500 0.009500
vt 0.078125 0.000000
vt 0.078125 0.009500
vt 0.093750 0.000000
vt 0.093750 0.009500
vt 0.109375 0.000000
vt 0.109375 0.009500
vt 0.125000 0.000000
vt 0.125000 0.009500
vt 0.140625 0.000000
vt 0.140625 0.009500
vt 0.156250 0.000000
vt 0.156250 0.009500
vt 0.171875 0.000000
vt 0.171875 0.009500
vt 0.187500 0.000000
vt 0.187500 0.009500
vt 0.203125 0.000000
vt 0.203125 0.009500
vt 0.218750 0.000000
vt 0.218750 0.009500
vt 0.234375 0.000000
vt 0.234375 0.009500
vt 0.250000 0.000000
vt 0.250000 0.009500
vt 0.265625 0.000000
vt 0.265625 0.009500
vt 0.281250 0.000000
vt 0.281250 0.009500
vt 0.296875 0.000000
vt 0.296875 0.009500
vt 0.312500 0.000000
vt 0.312500 0.009500
vt 0.328125 0.000000
vt 0.328125 0.009500
vt 0.343750 0.000000
vt 0.343750 0.009500
vt 0.359375 0.000000
vt 0.359375 0.009500
vt 0.375000 0.000000
vt 0.375000 0.009500
vt 0.390625 0.000000
vt 0.390625 0.009500
vt 0.406250 0.000000
vt 0.406250 0.009500
vt 0.421875 0.000000
vt 0.421875 0.009500
vt 0.437500 0.000000
vt 0.437500 0.009500
vt 0.453125 0.000000
vt 0.453125 0.009500
vt 0.468750 0.000000
vt 0.468750 0.009500
vt 0.484375 0.000000
vt 0.484375 0.009500
vt 0.500000 0.000000
vt 0.500000 0.009500
vt 0.515625 0.000000
vt 0.515625 0.009500
vt 0.531250 0.000000
vt 0.531250 0.009500
vt 0.546875 0.000000
vt 0.546875 0.009500
vt 0.562500 0.000000
vt 0.562500 0.009500
vt 0.578125 0.000000
vt 0.578125 0.009500
vt 0.593750 0.000000
vt 0.593750 0.009500
vt 0.609375 0.000000
vt 0.609375 0.009500
vt 0.625000 0.000000
vt 0.625000 0.009500
vt 0.640625 0.000000
vt 0.640625 0.009500
vt 0.656250 0.000000
vt 0.656250 0.009500
vt 0.671875 0.000000
vt 0.671875 0.009500
vt 0.687500 0.000000
vt 0.687500 0.009500
vt 0.703125 0.000000
vt 0.703125 0.009500
vt 0.718750 0.000000
vt 0.718750 0.009500
vt 0.734375 0.000000
vt 0.734375 0.009500
vt 0.750000 0.000000
vt 0.750000 0.009500
vt 0.765625 0.000000
vt 0.765625 0.009500
vt 0.781250 0.000000
vt 0.781250 0.009500
vt 0.796875 0.000000
vt 0.796875 0.009500
vt 0.812500 0.000000
vt 0.812500 0.009500
vt 0.828125 0.000000
vt 0.828125 0.009500
vt 0.843750 0.000000
vt 0.843750 0.009500
vt 0.859375 0.000000
vt 0.859375 0.009500
vt 0.875000 0.000000
vt 0.875000 0.009500
vt 0.890625 0.000000
vt 0.890625 0.009500
vt 0.906250 0.000000
vt 0.906250 0.009500
vt 0.921875 0.000000
vt 0.921875 0.009500
vt 0.937500 0.000000
vt 0.937500 0.009500
vt 0.953125 0.000000
vt 0.953125 0.009500
vt 0.968750 0.000000
vt 0.968750 0.009500
vt 0.984375 0.000000
vt 0.984375 0.009500
vt 1.000000 0.000000
vt 1.000000 0.009500
vt 0.015625 0.012328
vt 0.000000 0.012328
vt 0.031250 0.012328
vt 0.046875 0.012328
vt 0.062500 0.012328
vt 0.078125 0.012328
vt 0.093750 0.012328
vt 0.109375 0.012328
vt 0.125000 0.012328
vt 0.140625 0.012328
vt 0.156250 0.012328
vt 0.171875 0.012328
vt 0.187500 0.012328
vt 0.203125 0.012328
vt 0.218750 0.012328
vt 0.234375 0.012328
vt 0.250000 0.012328
vt 0.265625 0.012328
vt 0.281250 0.012328
vt 0.296875 0.012328
vt 0.312500 0.012328
vt 0.328125 0.012328
vt 0.343750 0.012328
vt 0.359375 0.012328
vt 0.375000 0.012328
vt 0.390625 0.012328
vt 0.406250 0.012328
vt 0.421875 0.012328
vt 0.437500 0.012328
vt 0.453125 0.012328
vt 0.468750 0.012328
vt 0.484375 0.012328
vt 0.500000 0.012328
vt 0.515625 0.012328
vt 0.531250 0.012328
vt 0.546875 0.012328
vt 0.562500 0.012328
vt 0.578125 0.012328
vt 0.593750 0.012328
vt 0.609375 0.012328
vt 0.625000 0.012328
vt 0.640625 0.012328
vt 0.656250 0.012328
vt 0.671875 0.012328
vt 0.687500 0.012328
vt 0.703125 0.012328
vt 0.718750 0.012328
vt 0.734375 0.012328
vt 0.750000 0.012328
vt 0.765625 0.012328
vt 0.781250 0.012328
vt 0.796875 0.012328
vt 0.812500 0.012328
vt 0.828125 0.012328
vt 0.843750 0.012328
vt 0.859375 0.012328
vt 0.875000 0.012328
vt 0.890625 0.012328
vt 0.906250 0.012328
vt 0.921875 0.012328
vt 0.937500 0.012328
vt 0.953125 0.012328
vt 0.968750 0.012328
vt 0.984375 0.012328
vt 1.000000 0.012328
vt 0.015625 0.021328
vt 0.000000 0.021328
vt 0.031250 0.021328
vt 0.046875 0.021328
vt 0.062500 0.021328
vt 0.078125 0.021328
vt 0.093750 0.021328
vt 0.109375 0.021328
vt 0.125000 0.021328
vt 0.140625 0.021328
vt 0.156250 0.021328
vt 0.171875 0.021328
vt 0.187500 0.021328
vt 0.203125 0.021328
vt 0.218750 0.021328
vt 0.234375 0.021328
vt 0.250000 0.021328
vt 0.265625 0.021328
vt 0.281250 0.021328
vt 0.296875 0.021328
vt 0.312500 0.021328
vt 0.328125 0.021328
vt 0.343750 0.021328
vt 0.359375 0.021328
vt 0.375000 0.021328
vt 0.390625 0.021328
vt 0.406250 0.021328
vt 0.421875 0.021328
vt 0.437500 0.021328
vt 0.453125 0.021328
vt 0.468750 0.021328
vt 0.484375 0.021328
vt 0.500000 0.021328
vt 0.515625 0.021328
vt 0.531250 0.021328
vt 0.546875 0.021328
vt 0.562500 0.021328
vt 0.578125 0.021328
vt 0.593750 0.021328
vt 0.609375 0.021328
vt 0.625000 0.021328
vt 0.640625 0.021328
vt 0.656250 0.021328
vt 0.671875 0.021328
vt 0.687500 0.021328
vt 0.703125 0.021328
vt 0.718750 0.021328
vt 0.734375 0.021328
vt 0.750000 0.021328
vt 0.765625 0.021328
vt 0.781250 0.021328
vt 0.796875 0.021328
vt 0.812500 0.021328
vt 0.828125 0.021328
vt 0.843750 0.021328
vt 0.859375 0.021328
vt 0.875000 0.021328
vt 0.890625 0.021328
vt 0.906250 0.021328
vt 0.921875 0.021328
vt 0.937500 0.021328
vt 0.953125 0.021328
vt 0.968750 0.021328
vt 0.984375 0.021328
vt 1.000000 0.021328
vt 0.015625 0.024157
vt 0.000000 0.024157
vt 0.031250 0.024157
vt 0.046875 0.024157
vt 0.062500 0.024157
vt 0.078125 0.024157
vt 0.093750 0.024157
vt 0.109375 0.024157
vt 0.125000 0.024157
vt 0.140625 0.024157
vt 0.156250 0.024157
vt 0.171875 0.024157
vt 0.187500 0.024157
vt 0.203125 0.024157
vt 0.218750 0.024157
vt 0.234375 0.024157
vt 0.250000 0.024157
vt 0.265625 0.024157
vt 0.281250 0.024157
vt 0.296875 0.024157
vt 0.312500 0.024157
vt 0.328125 0.024157
vt 0.343750 0.024157
vt 0.359375 0.024157
vt 0.375000 0.024157
vt 0.390625 0.024157
vt 0.406250 0.024157
vt 0.421875 0.024157
vt 0.437500 0.024157
vt 0.453125 0.024157
vt 0.468750 0.024157
vt 0.484375 0.024157
vt 0.500000 0.024157
vt 0.515625 0.024157
vt 0.531250 0.024157
vt 0.546875 0.024157
vt 0.562500 0.024157
vt 0.578125 0.024157
vt 0.593750 0.024157
vt 0.609375 0.024157
vt 0.625000 0.024157
vt 0.640625 0.024157
vt 0.656250 0.024157
vt 0.671875 0.024157
vt 0.687500 0.024157
vt 0.703125 0.024157
vt 0.718750 0.024157
vt 0.734375 0.024157
vt 0.750000 0.024157
vt 0.765625 0.024157
vt 0.781250 0.024157
vt 0.796875 0.024157
vt 0.812500 0.024157
vt 0.828125 0.024157
vt 0.843750 0.024157
vt 0.859375 0.024157
vt 0.875000 0.024157
vt 0.890625 0.024157
vt 0.906250 0.024157
vt 0.921875 0.024157
vt 0.937500 0.024157
vt 0.953125 0.024157
vt 0.968750 0.024157
vt 0.984375 0.024157
vt 1.000000 0.024157
vt 0.015625 0.033657
vt 0.000000 0.033657
vt 0.031250 0.033657
vt 0.046875 0.033657
vt 0.062500 0.033657
vt 0.078125 0.033657
vt 0.093750 0.033657
vt 0.109375 0.033657
vt 0.125000 0.033657
vt 0.140625 0.033657
vt 0.156250 0.033657
vt 0.171875 0.033657
vt 0.187500 0.033657
vt 0.203125 0.033657
vt 0.218750 0.033657
vt 0.234375 0.033657
vt 0.250000 0.033657
vt 0.265625 0.033657
vt 0.281250 0.033657
vt 0.296875 0.033657
vt 0.312500 0.033657
vt 0.328125 0.033657
vt 0.343750 0.033657
vt 0.359375 0.033657
vt 0.375000 0.033657
vt 0.390625 0.033657
vt 0.406250 0.033657
vt 0.421875 0.033657
vt 0.437500 0.033657
vt 0.453125 0.033657
vt 0.468750 0.033657
vt 0.484375 0.033657
vt 0.500000 0.033657
vt 0.515625 0.033657
vt 0.531250 0.033657
vt 0.546875 0.033657
vt 0.562500 0.033657
vt 0.578125 0.033657
vt 0.593750 0.033657
vt 0.609375 0.033657
vt 0.625000 0.033657
vt 0.640625 0.033657
vt 0.656250 0.033657
vt 0.671875 0.033657
vt 0.687500 0.033657
vt 0.703125 0.033657
vt 0.718750 0.033657
vt 0.734375 0.033657
vt 0.750000 0.033657
vt 0.765625 0.033657
vt 0.781250 0.033657
vt 0.796875 0.033657
vt 0.812500 0.033657
vt 0.828125 0.033657
vt 0.843750 0.033657
vt 0.859375 0.033657
vt 0.875000 0.033657
vt 0.890625 0.033657
vt 0.906250 0.033657
vt 0.921875 0.033657
vt 0.937500 0.033657
vt 0.953125 0.033657
vt 0.968750 0.033657
vt 0.984375 0.033657
vt 1.000000 0.033657
vt 0.015625 0.046657
vt 0.000000 0.046657
vt 0.031250 0.046657
vt 0.046875 0.046657
vt 0.062500 0.046657
vt 0.078125 0.046657
vt 0.093750 0.046657
vt 0.109375 0.046657
vt 0.125000 0.046657
vt 0.140625 0.046657
vt 0.156250 0.046657
vt 0.171875 0.046657
vt 0.187500 0.046657
vt 0.203125 0.046657
vt 0.218750 0.046657
vt 0.234375 0.046657
vt 0.250000 0.046657
vt 0.265625 0.046657
vt 0.281250 0.046657
vt 0.296875 0.046657
vt 0.312500 0.046657
vt 0.328125 0.046657
vt 0.343750 0.046657
vt 0.359375 0.046657
vt 0.375000 0.046657
vt 0.390625 0.046657
vt 0.406250 0.046657
vt 0.421875 0.046657
vt 0.437500 0.046657
vt 0.453125 0.046657
vt 0.468750 0.046657
vt 0.484375 0.046657
vt 0.500000 0.046657
vt 0.515625 0.046657
vt 0.531250 0.046657
vt 0.546875 0.046657
vt 0.562500 0.046657
vt 0.578125 0.046657
vt 0.593750 0.046657
vt 0.609375 0.046657
vt 0.625000 0.046657
vt 0.640625 0.046657
vt 0.656250 0.046657
vt 0.671875 0.046657
vt 0.687500 0.046657
vt 0.703125 0.046657
vt 0.718750 0.046657
vt 0.734375 0.046657
vt 0.750000 0.046657
vt 0.765625 0.046657
vt 0.781250 0.046657
vt 0.796875 0.046657
vt 0.812500 0.046657
vt 0.828125 0.046657
vt 0.843750 0.046657
vt 0.859375 0.046657
vt 0.875000 0.046657
vt 0.890625 0.046657
vt 0.906250 0.046657
vt 0.921875 0.046657
vt 0.937500 0.046657
vt 0.953125 0.046657
vt 0.968750 0.046657
vt 0.984375 0.046657
vt 1.000000 0.046657
vt 0.015625 0.006800
vt 0.000000 0.006800
vt 0.031250 0.006800
vt 0.046875 0.006800
vt 0.062500 0.006800
vt 0.078125 0.006800
vt 0.093750 0.006800
vt 0.109375 0.006800
vt 0.125000 0.006800
vt 0.140625 0.006800
vt 0.156250 0.006800
vt 0.171875 0.006800
vt 0.187500 0.006800
vt 0.203125 0.006800
vt 0.218750 0.006800
vt 0.234375 0.006800
vt 0.250000 0.006800
vt 0.265625 0.006800
vt 0.281250 0.006800
vt 0.296875 0.006800
vt 0.312500 0.006800
vt 0.328125 0.006800
vt 0.343750 0.006800
vt 0.359375 0.006800
vt 0.375000 0.006800
vt 0.390625 0.006800
vt 0.406250 0.006800
vt 0.421875 0.006800
vt 0.437500 0.006800
vt 0.453125 0.006800
vt 0.468750 0.006800
vt 0.484375 0.006800
vt 0.500000 0.006800
vt 0.515625 0.006800
vt 0.531250 0.006800
vt 0.546875 0.006800
vt 0.562500 0.006800
vt 0.578125 0.006800
vt 0.593750 0.006800
vt 0.609375 0.006800
vt 0.625000 0.006800
vt 0.640625 0.006800
vt 0.656250 0.006800
vt 0.671875 0.006800
vt 0.687500 0.006800
vt 0.703125 0.006800
vt 0.718750 0.006800
vt 0.734375 0.006800
vt 0.750000 0.006800
vt 0.765625 0.006800
vt 0.781250 0.006800
vt 0.796875 0.006800
vt 0.812500 0.006800
vt 0.828125 0.006800
vt 0.843750 0.006800
vt 0.859375 0.006800
vt 0.875000 0.006800
vt 0.890625 0.006800
vt 0.906250 0.006800
vt 0.921875 0.006800
vt 0.937500 0.006800
vt 0.953125 0.006800
vt 0.968750 0.006800
vt 0.984375 0.006800
vt 1.000000 0.006800
vt 0.015625 0.013600
vt 0.000000 0.013600
vt 0.031250 0.013600
vt 0.046875 0.013600
vt 0.062500 0.013600
vt 0.078125 0.013600
vt 0.093750 0.013600
vt 0.109375 0.013600
vt 0.125000 0.013600
vt 0.140625 0.013600
vt 0.156250 0.013600
vt 0.171875 0.013600
vt 0.187500 0.013600
vt 0.203125 0.013600
vt 0.218750 0.013600
vt 0.234375 0.013600
vt 0.250000 0.013600
vt 0.265625 0.013600
vt 0.281250 0.013600
vt 0.296875 0.013600
vt 0.312500 0.013600
vt 0.328125 0.013600
vt 0.343750 0.013600
vt 0.359375 0.013600
vt 0.375000 0.013600
vt 0.390625 0.013600
vt 0.406250 0.013600
vt 0.421875 0.013600
vt 0.437500 0.013600
vt 0.453125 0.013600
vt 0.468750 0.013600
vt 0.484375 0.013600
vt 0.500000 0.013600
vt 0.515625 0.013600
vt 0.531250 0.013600
vt 0.546875 0.013600
vt 0.562500 0.013600
vt 0.578125 0.013600
vt 0.593750 0.013600
vt 0.609375 0.013600
vt 0.625000 0.013600
vt 0.640625 0.013600
vt 0.656250 0.013600
vt 0.671875 0.013600
vt 0.687500 0.013600
vt 0.703125 0.013600
vt 0.718750 0.013600
vt 0.734375 0.013600
vt 0.750000 0.013600
vt 0.765625 0.013600
vt 0.781250 0.013600
vt 0.796875 0.013600
vt 0.812500 0.013600
vt 0.828125 0.013600
vt 0.843750 0.013600
vt 0.859375 0.013600
vt 0.875000 0.013600
vt 0.890625 0.013600
vt 0.906250 0.013600
vt 0.921875 0.013600
vt 0.937500 0.013600
vt 0.953125 0.013600
vt 0.968750 0.013600
vt 0.984375 0.013600
vt 1.000000 0.013600
vt 0.015625 0.020400
vt 0.000000 0.020400
vt 0.031250 0.020400
vt 0.046875 0.020400
s 1
usemtl body
f 945/1/1 942/2/2 943/3/3 946/4/4
f 2805/5/5 3051/6/5 3028/7/5
f 2805/8/5 3075/9/5 3051/6/5
f 2805/10/5 3062/11/5 3075/9/5
f 2805/12/5 3067/13/5 3062/11/5
f 2805/14/5 3164/15/5 3067/13/5
f 2805/16/5 3128/17/5 3164/15/5
f 2805/18/5 3136/19/5 3128/17/5
f 2805/20/5 3120/21/5 3136/19/5
f 2805/22/5 3148/23/5 3120/21/5
f 2805/24/5 2943/25/5 3148/23/5
f 2805/26/5 2923/27/5 2943/25/5
f 2805/28/5 2928/29/5 2923/27/5
f 2805/30/5 2895/31/5 2928/29/5
f 2805/32/5 2873/33/5 2895/31/5
f 2805/34/5 2866/35/5 2873/33/5
f 1281/36/5 2866/35/5 2805/37/5
f 1273/38/5 1281/36/5 2805/39/5
f 1230/40/5 1273/38/5 2805/41/5
f 1224/42/5 1230/40/5 2805/43/5
f 1209/44/5 1224/42/5 2805/45/5
f 1147/46/5 1209/44/5 2805/47/5
f 1134/48/5 1147/46/5 2805/49/5
f 1123/50/5 1134/48/5 2805/51/5
f 1110/52/5 1123/50/5 2805/53/5
f 1099/54/5 1110/52/5 2805/55/5
f 1030/56/5 1099/54/5 2805/57/5
f 1023/58/5 1030/56/5 2805/59/5
f 1004/60/5 1023/58/5 2805/61/5
f 985/62/5 1004/60/5 2805/63/5
f 968/64/5 985/62/5 2805/65/5
f 967/66/5 968/64/5 2805/67/5
f 119/68/5 967/66/5 2805/69/5
f 108/70/5 119/68/5 2805/71/5
f 80/72/5 108/70/5 2805/73/5
f 80/72/5 2805/74/5 97/75/5
f 91/76/5 97/75/5 2805/77/5
f 11/78/5 91/76/5 2805/79/5
f 11/78/5 2805/80/5 45/81/5
f 38/82/5 45/81/5 2805/83/5
f 38/82/5 2805/84/5 53/85/5
f 27/86/5 53/85/5 2805/87/5
f 27/86/5 2805/88/5 193/89/5
f 193/89/5 2805/90/5 214/91/5
f 205/92/5 214/91/5 2805/93/5
f 205/92/5 2805/94/5 242/95/5
f 242/95/5 2805/96/5 258/97/5
f 258/97/5 2805/98/5 265/99/5
f 265/99/5 2805/100/5 1917/101/5
f 1917/101/5 2805/102/5 1926/103/5
f 1926/103/5 2805/104/5 1965/105/5
f 1965/105/5 2805/106/5 1975/107/5
f 1975/107/5 2805/108/5 1989/109/5
f 1989/109/5 2805/110/5 2065/111/5
f 2065/111/5 2805/112/5 2076/113/5
f 2076/113/5 2805/114/5 2088/115/5
f 2088/115/5 2805/116/5 2100/117/5
f 2100/117/5 2805/118/5 2113/119/5
f 2113/119/5 2805/120/5 2160/121/5
f 2160/121/5 2805/122/5 2168/123/5
f 2168/123/5 2805/124/5 2183/125/5
f 2183/125/5 2805/126/5 2204/127/5
f 2204/127/5 2805/128/5 2215/129/5
f 2215/129/5 2805/130/5 3027/131/5
f 3027/132/6 3028/7/7 3035/133/7 3029/134/6
f 3028/7/7 3051/6/8 3053/135/8 3035/133/7
f 3078/136/9 3053/135/8 3051/6/8 3075/9/9
f 3090/137/10 3078/136/9 3075/9/9 3062/11/10
f 3062/11/10 3067/13/11 3068/138/11 3090/137/10
f 3067/13/11 3164/15/12 3167/139/12 3068/138/11
f 3164/15/12 3128/17/13 3166/140/13 3167/139/12
f 3128/17/13 3136/19/14 3138/141/14 3166/140/13
f 3136/19/14 3120/21/15 3155/142/15 3138/141/14
f 3120/21/15 3148/23/16 3150/143/16 3155/142/15
f 3148/23/16 2943/25/17 2944/144/17 3150/143/16
f 2943/25/17 2923/27/18 2951/145/18 2944/144/17
f 2923/27/18 2928/29/19 2930/146/19 2951/145/18
f 2928/29/19 2895/31/20 2897/147/20 2930/146/19
f 2895/31/20 2873/33/21 2874/148/21 2897/147/20
f 2873/33/21 2866/35/22 2867/149/22 2874/148/21
f 2866/35/22 1281/36/23 1282/150/23 2867/149/22
f 1281/36/23 1273/38/24 1268/151/24 1282/150/23
f 1273/38/24 1230/40/25 1232/152/25 1268/151/24
f 1230/40/25 1224/42/26 1219/153/26 1232/152/25
f 1224/42/26 1209/44/27 1207/154/27 1219/153/26
f 1209/44/27 1147/46/28 1149/155/28 1207/154/27
f 1147/46/28 1134/48/29 1146/156/29 1149/155/28
f 1134/48/29 1123/50/30 1118/157/30 1146/156/29
f 1123/50/30 1110/52/31 1101/158/31 1118/157/30
f 1110/52/31 1099/54/32 1094/159/32 1101/158/31
f 1099/54/32 1030/56/33 1028/160/33 1094/159/32
f 1030/56/33 1023/58/34 1016/161/34 1028/160/33
f 1023/58/34 1004/60/35 999/162/35 1016/161/34
f 1004/60/35 985/62/36 982/163/36 999/162/35
f 985/62/36 968/64/37 961/164/37 982/163/36
f 968/64/37 967/66/38 955/165/38 961/164/37
f 113/166/39 955/165/38 967/66/38 119/68/39
f 104/167/40 113/166/39 119/68/39 108/70/40
f 108/70/40 80/72/41 74/168/41 104/167/40
f 80/72/41 97/75/42 71/169/42 74/168/41
f 89/170/43 71/169/42 97/75/42 91/76/43
f 5/171/44 89/170/43 91/76/43 11/78/44
f 10/172/45 5/171/44 11/78/44 45/81/45
f 33/173/46 10/172/45 45/81/45 38/82/46
f 21/174/47 33/173/46 38/82/46 53/85/47
f 22/175/48 21/174/47 53/85/47 27/86/48
f 191/176/49 22/175/48 27/86/48 193/89/49
f 188/177/50 191/176/49 193/89/49 214/91/50
f 200/178/51 188/177/50 214/91/50 205/92/51
f 238/179/52 200/178/51 205/92/51 242/95/52
f 252/180/53 238/179/52 242/95/52 258/97/53
f 259/181/54 252/180/53 258/97/53 265/99/54
f 1911/182/55 259/181/54 265/99/54 1917/101/55
f 1929/183/56 1911/182/55 1917/101/55 1926/103/56
f 1960/184/57 1929/183/56 1926/103/56 1965/105/57
f 1982/185/58 1960/184/57 1965/105/57 1975/107/58
f 1990/186/59 1982/185/58 1975/107/58 1989/109/59
f 2060/187/60 1990/186/59 1989/109/59 2065/111/60
f 2067/188/61 2060/187/60 2065/111/60 2076/113/61
f 2090/189/62 2067/188/61 2076/113/61 2088/115/62
f 2112/190/63 2090/189/62 2088/115/62 2100/117/63
f 2115/191/64 2112/190/63 2100/117/63 2113/119/64
f 2161/192/65 2115/191/64 2113/119/64 2160/121/65
f 2177/193/66 2161/192/65 2160/121/65 2168/123/66
f 2185/194/67 2177/193/66 2168/123/66 2183/125/67
f 2205/195/68 2185/194/67 2183/125/67 2204/127/68
f 2216/196/69 2205/195/68 2204/127/68 2215/129/69
f 3029/197/6 2216/196/69 2215/129/69 3027/131/6
f 3036/198/70 3030/199/71 3029/134/72 3035/133/73
f 3054/200/74 3036/198/70 3035/133/73 3053/135/75
f 3079/201/76 3054/200/74 3053/135/75 3078/136/77
f 3078/136/77 3090/137/78 3091/202/79 3079/201/76
f 3090/137/78 3068/138/80 3095/203/81 3091/202/79
f 3168/204/82 3095/203/81 3068/138/80 3167/139/83
f 3167/139/83 3166/140/84 3176/205/85 3168/204/82
f 3166/140/84 3138/141/86 3139/206/87 3176/205/85
f 3138/141/86 3155/142/88 3160/207/89 3139/206/87
f 3155/142/88 3150/143/90 3151/208/91 3160/207/89
f 3150/143/90 2944/144/92 2956/209/93 3151/208/91
f 2944/144/92 2951/145/94 2952/210/95 2956/209/93
f 2951/145/94 2930/146/96 2931/211/97 2952/210/95
f 2930/146/96 2897/147/98 2898/212/99 2931/211/97
f 2897/147/98 2874/148/100 2875/213/101 2898/212/99
f 2874/148/100 2867/149/102 2868/214/103 2875/213/101
f 2867/149/102 1282/150/104 1283/215/105 2868/214/103
f 1282/150/104 1268/151/106 1269/216/107 1283/215/105
f 1268/151/106 1232/152/108 1233/217/109 1269/216/107
f 1232/152/108 1219/153/110 1220/218/111 1233/217/109
f 1219/153/110 1207/154/112 1215/219/113 1220/218/111
f 1207/154/112 1149/155/114 1151/220/115 1215/219/113
f 1149/155/114 1146/156/116 1143/221/117 1151/220/115
f 1146/156/116 1118/157/118 1120/222/119 1143/221/117
f 1118/157/118 1101/158/120 1106/223/121 1120/222/119
f 1101/158/120 1094/159/122 1095/224/123 1106/223/121
f 1094/159/122 1028/160/124 1019/225/125 1095/224/123
f 1028/160/124 1016/161/126 1015/226/127 1019/225/125
f 1016/161/126 999/162/128 1000/227/129 1015/226/127
f 999/162/128 982/163/130 981/228/131 1000/227/129
f 982/163/130 961/164/132 962/229/133 981/228/131
f 961/164/132 955/165/134 956/230/135 962/229/133
f 955/165/134 113/166/136 114/231/137 956/230/135
f 113/166/136 104/167/138 103/232/139 114/231/137
f 104/167/138 74/168/140 75/233/141 103/232/139
f 70/234/142 75/233/141 74/168/140 71/169/143
f 65/235/144 70/234/142 71/169/143 89/170/145
f 89/170/145 5/171/146 7/236/147 65/235/144
f 2/237/148 7/236/147 5/171/146 10/172/149
f 35/238/150 2/237/148 10/172/149 33/173/151
f 18/239/152 35/238/150 33/173/151 21/174/153
f 24/240/154 18/239/152 21/174/153 22/175/155
f 182/241/156 24/240/154 22/175/155 191/176/157
f 187/242/158 182/241/156 191/176/157 188/177/159
f 201/243/160 187/242/158 188/177/159 200/178/161
f 237/244/162 201/243/160 200/178/161 238/179/163
f 253/245/164 237/244/162 238/179/163 252/180/165
f 260/246/166 253/245/164 252/180/165 259/181/167
f 1912/247/168 260/246/166 259/181/167 1911/182/169
f 1928/248/170 1912/247/168 1911/182/169 1929/183/171
f 1961/249/172 1928/248/170 1929/183/171 1960/184/173
f 1981/250/174 1961/249/172 1960/184/173 1982/185/175
f 1985/251/176 1981/250/174 1982/185/175 1990/186/177
f 2061/252/178 1985/251/176 1990/186/177 2060/187/179
f 2072/253/180 2061/252/178 2060/187/179 2067/188/181
f 2091/254/182 2072/253/180 2067/188/181 2090/189/183
f 2109/255/184 2091/254/182 2090/189/183 2112/190/185
f 2117/256/186 2109/255/184 2112/190/185 2115/191/187
f 2173/257/188 2117/256/186 2115/191/187 2161/192/189
f 2178/258/190 2173/257/188 2161/192/189 2177/193/191
f 2186/259/192 2178/258/190 2177/193/191 2185/194/193
f 2206/260/194 2186/259/192 2185/194/193 2205/195/195
f 2217/261/196 2206/260/194 2205/195/195 2216/196/197
f 3030/262/71 2217/261/196 2216/196/197 3029/197/72
f 3037/263/198 3031/264/199 3030/199/71 3036/198/70
f 3055/265/200 3037/263/198 3036/198/70 3054/200/74
f 3080/266/201 3055/265/200 3054/200/74 3079/201/76
f 3079/201/76 3091/202/79 3092/267/202 3080/266/201
f 3096/268/203 3092/267/202 3091/202/79 3095/203/81
f 3169/269/204 3096/268/203 3095/203/81 3168/204/82
f 3177/270/205 3169/269/204 3168/204/82 3176/205/85
f 3176/205/85 3139/206/87 3140/271/206 3177/270/205
f 3139/206/87 3160/207/89 3161/272/207 3140/271/206
f 3160/207/89 3151/208/91 3152/273/208 3161/272/207
f 3151/208/91 2956/209/93 2957/274/209 3152/273/208
f 2956/209/93 2952/210/95 2953/275/210 2957/274/209
f 2932/276/211 2953/275/210 2952/210/95 2931/211/97
f 2931/211/97 2898/212/99 2899/277/212 2932/276/211
f 2898/212/99 2875/213/101 2876/278/213 2899/277/212
f 2875/213/101 2868/214/103 2869/279/214 2876/278/213
f 2868/214/103 1283/215/105 1284/280/215 2869/279/214
f 1283/215/105 1269/216/107 1270/281/216 1284/280/215
f 1269/216/107 1233/217/109 1234/282/217 1270/281/216
f 1233/217/109 1220/218/111 1221/283/218 1234/282/217
f 1220/218/111 1215/219/113 1216/284/219 1221/283/218
f 1215/219/113 1151/220/115 1150/285/220 1216/284/219
f 1151/220/115 1143/221/117 1142/286/221 1150/285/220
f 1143/221/117 1120/222/119 1119/287/222 1142/286/221
f 1120/222/119 1106/223/121 1107/288/223 1119/287/222
f 1106/223/121 1095/224/123 1096/289/224 1107/288/223
f 1095/224/123 1019/225/125 1020/290/225 1096/289/224
f 1019/225/125 1015/226/127 1014/291/226 1020/290/225
f 1015/226/127 1000/227/129 1001/292/227 1014/291/226
f 1000/227/129 981/228/131 980/293/228 1001/292/227
f 981/228/131 962/229/133 963/294/229 980/293/228
f 962/229/133 956/230/135 957/295/230 963/294/229
f 956/230/135 114/231/137 115/296/231 957/295/230
f 114/231/137 103/232/139 102/297/232 115/296/231
f 103/232/139 75/233/141 76/298/233 102/297/232
f 69/299/234 76/298/233 75/233/141 70/234/142
f 70/234/142 65/235/144 66/300/235 69/299/234
f 65/235/144 7/236/147 6/301/236 66/300/235
f 7/236/147 2/237/148 1/302/237 6/301/236
f 34/303/238 1/302/237 2/237/148 35/238/150
f 17/304/239 34/303/238 35/238/150 18/239/152
f 23/305/240 17/304/239 18/239/152 24/240/154
f 183/306/241 23/305/240 24/240/154 182/241/156
f 186/307/242 183/306/241 182/241/156 187/242/158
f 187/242/158 201/243/160 202/308/243 186/307/242
f 236/309/244 202/308/243 201/243/160 237/244/162
f 254/310/245 236/309/244 237/244/162 253/245/164
f 261/311/246 254/310/245 253/245/164 260/246/166
f 1913/312/247 261/311/246 260/246/166 1912/247/168
f 1927/313/248 1913/312/247 1912/247/168 1928/248/170
f 1962/314/249 1927/313/248 1928/248/170 1961/249/172
f 1980/315/250 1962/314/249 1961/249/172 1981/250/174
f 1986/316/251 1980/315/250 1981/250/174 1985/251/176
f 2062/317/252 1986/316/251 1985/251/176 2061/252/178
f 2073/318/253 2062/317/252 2061/252/178 2072/253/180
f 2092/319/254 2073/318/253 2072/253/180 2091/254/182
f 2108/320/255 2092/319/254 2091/254/182 2109/255/184
f 2116/321/256 2108/320/255 2109/255/184 2117/256/186
f 2174/322/257 2116/321/256 2117/256/186 2173/257/188
f 2179/323/258 2174/322/257 2173/257/188 2178/258/190
f 2187/324/259 2179/323/258 2178/258/190 2186/259/192
f 2207/325/260 2187/324/259 2186/259/192 2206/260/194
f 2218/326/261 2207/325/260 2206/260/194 2217/261/196
f 3031/327/199 2218/326/261 2217/261/196 3030/262/71
f 3039/328/262 3033/329/263 3031/264/199 3037/263/198
f 3037/263/198 3055/265/200 3056/330/264 3039/328/262
f 3081/331/265 3056/330/264 3055/265/200 3080/266/201
f 3080/266/201 3092/267/202 3093/332/266 3081/331/265
f 3097/333/267 3093/332/266 3092/267/202 3096/268/203
f 3170/334/268 3097/333/267 3096/268/203 3169/269/204
f 3169/269/204 3177/270/205 3178/335/269 3170/334/268
f 3177/270/205 3140/271/206 3141/336/270 3178/335/269
f 3162/337/271 3141/336/270 3140/271/206 3161/272/207
f 3161/272/207 3152/273/208 3153/338/272 3162/337/271
f 3152/273/208 2957/274/209 2958/339/273 3153/338/272
f 2957/274/209 2953/275/210 2954/340/274 2958/339/273
f 2933/341/275 2954/340/274 2953/275/210 2932/276/211
f 2932/276/211 2899/277/212 2900/342/276 2933/341/275
f 2899/277/212 2876/278/213 2878/343/277 2900/342/276
f 2876/278/213 2869/279/214 2871/344/278 2878/343/277
f 2869/279/214 1284/280/215 1285/345/279 2871/344/278
f 1284/280/215 1270/281/216 1271/346/280 1285/345/279
f 1270/281/216 1234/282/217 1235/347/281 1271/346/280
f 1234/282/217 1221/283/218 1222/348/282 1235/347/281
f 1221/283/218 1216/284/219 1217/349/283 1222/348/282
f 1216/284/219 1150/285/220 1152/350/284 1217/349/283
f 1150/285/220 1142/286/221 1144/351/285 1152/350/284
f 1142/286/221 1119/287/222 1121/352/286 1144/351/285
f 1119/287/222 1107/288/223 1108/353/287 1121/352/286
f 1107/288/223 1096/289/224 1097/354/288 1108/353/287
f 1096/289/224 1020/290/225 1021/355/289 1097/354/288
f 1020/290/225 1014/291/226 1017/356/290 1021/355/289
f 1014/291/226 1001/292/227 1002/357/291 1017/356/290
f 1001/292/227 980/293/228 983/358/292 1002/357/291
f 980/293/228 963/294/229 964/359/293 983/358/292
f 963/294/229 957/295/230 958/360/294 964/359/293
f 957/295/230 115/296/231 116/361/295 958/360/294
f 115/296/231 102/297/232 105/362/296 116/361/295
f 102/297/232 76/298/233 77/363/297 105/362/296
f 72/364/298 77/363/297 76/298/233 69/299/234
f 69/299/234 66/300/235 67/365/299 72/364/298
f 66/300/235 6/301/236 8/366/300 67/365/299
f 6/301/236 1/302/237 3/367/301 8/366/300
f 36/368/302 3/367/301 1/302/237 34/303/238
f 34/303/238 17/304/239 19/369/303 36/368/302
f 17/304/239 23/305/240 25/370/304 19/369/303
f 184/371/305 25/370/304 23/305/240 183/306/241
f 189/372/306 184/371/305 183/306/241 186/307/242
f 186/307/242 202/308/243 203/373/307 189/372/306
f 239/374/308 203/373/307 202/308/243 236/309/244
f 236/309/244 254/310/245 255/375/309 239/374/308
f 262/376/310 255/375/309 254/310/245 261/311/246
f 1915/377/311 262/376/310 261/311/246 1913/312/247
f 1913/312/247 1927/313/248 1930/378/312 1915/377/311
f 1963/379/313 1930/378/312 1927/313/248 1962/314/249
f 1983/380/314 1963/379/313 1962/314/249 1980/315/250
f 1987/381/315 1983/380/314 1980/315/250 1986/316/251
f 2063/382/316 1987/381/315 1986/316/251 2062/317/252
f 2062/317/252 2073/318/253 2074/383/317 2063/382/316
f 2093/384/318 2074/383/317 2073/318/253 2092/319/254
f 2110/385/319 2093/384/318 2092/319/254 2108/320/255
f 2108/320/255 2116/321/256 2118/386/320 2110/385/319
f 2175/387/321 2118/386/320 2116/321/256 2174/322/257
f 2180/388/322 2175/387/321 2174/322/257 2179/323/258
f 2188/389/323 2180/388/322 2179/323/258 2187/324/259
f 2208/390/324 2188/389/323 2187/324/259 2207/325/260
f 2207/325/260 2218/326/261 2220/391/325 2208/390/324
f 3033/392/263 2220/391/325 2218/326/261 3031/327/199
f 3040/393/326 3034/394/327 3033/329/263 3039/328/262
f 3057/395/328 3040/393/326 3039/328/262 3056/330/264
f 3082/396/329 3057/395/328 3056/330/264 3081/331/265
f 3081/331/265 3093/332/266 3094/397/330 3082/396/329
f 3098/398/331 3094/397/330 3093/332/266 3097/333/267
f 3171/399/332 3098/398/331 3097/333/267 3170/334/268
f 3179/400/333 3171/399/332 3170/334/268 3178/335/269
f 3178/335/269 3141/336/270 3142/401/334 3179/400/333
f 3141/336/270 3162/337/271 3163/402/335 3142/401/334
f 3162/337/271 3153/338/272 3154/403/336 3163/402/335
f 3153/338/272 2958/339/273 2959/404/337 3154/403/336
f 2958/339/273 2954/340/274 2955/405/338 2959/404/337
f 2934/406/339 2955/405/338 2954/340/274 2933/341/275
f 2933/341/275 2900/342/276 2901/407/340 2934/406/339
f 2900/342/276 2878/343/277 2879/408/341 2901/407/340
f 2878/343/277 2871/344/278 2872/409/342 2879/408/341
f 2871/344/278 1285/345/279 1286/410/343 2872/409/342
f 1285/345/279 1271/346/280 1272/411/344 1286/410/343
f 1271/346/280 1235/347/281 1236/412/345 1272/411/344
f 1235/347/281 1222/348/282 1223/413/346 1236/412/345
f 1222/348/282 1217/349/283 1218/414/347 1223/413/346
f 1217/349/283 1152/350/284 1153/415/348 1218/414/347
f 1152/350/284 1144/351/285 1145/416/349 1153/415/348
f 1144/351/285 1121/352/286 1122/417/350 1145/416/349
f 1121/352/286 1108/353/287 1109/418/351 1122/417/350
f 1108/353/287 1097/354/288 1098/419/352 1109/418/351
f 1097/354/288 1021/355/289 1022/420/353 1098/419/352
f 1021/355/289 1017/356/290 1018/421/354 1022/420/353
f 1017/356/290 1002/357/291 1003/422/355 1018/421/354
f 1002/357/291 983/358/292 984/423/356 1003/422/355
f 983/358/292 964/359/293 965/424/357 984/423/356
f 964/359/293 958/360/294 959/425/358 965/424/357
f 958/360/294 116/361/295 117/426/359 959/425/358
f 116/361/295 105/362/296 106/427/360 117/426/359
f 105/362/296 77/363/297 78/428/361 106/427/360
f 73/429/362 78/428/361 77/363/297 72/364/298
f 72/364/298 67/365/299 68/430/363 73/429/362
f 67/365/299 8/366/300 9/431/364 68/430/363
f 8/366/300 3/367/301 4/432/365 9/431/364
f 37/433/366 4/432/365 3/367/301 36/368/302
f 20/434/367 37/433/366 36/368/302 19/369/303
f 26/435/368 20/434/367 19/369/303 25/370/304
f 185/436/369 26/435/368 25/370/304 184/371/305
f 190/437/370 185/436/369 184/371/305 189/372/306
f 189/372/306 203/373/307 204/438/371 190/437/370
f 240/439/372 204/438/371 203/373/307 239/374/308
f 256/440/373 240/439/372 239/374/308 255/375/309
f 263/441/374 256/440/373 255/375/309 262/376/310
f 1916/442/375 263/441/374 262/376/310 1915/377/311
f 1931/443/376 1916/442/375 1915/377/311 1930/378/312
f 1964/444/377 1931/443/376 1930/378/312 1963/379/313
f 1984/445/378 1964/444/377 1963/379/313 1983/380/314
f 1988/446/379 1984/445/378 1983/380/314 1987/381/315
f 2064/447/380 1988/446/379 1987/381/315 2063/382/316
f 2075/448/381 2064/447/380 2063/382/316 2074/383/317
f 2094/449/382 2075/448/381 2074/383/317 2093/384/318
f 2111/450/383 2094/449/382 2093/384/318 2110/385/319
f 2119/451/384 2111/450/383 2110/385/319 2118/386/320
f 2176/452/385 2119/451/384 2118/386/320 2175/387/321
f 2181/453/386 2176/452/385 2175/387/321 2180/388/322
f 2189/454/387 2181/453/386 2180/388/322 2188/389/323
f 2209/455/388 2189/454/387 2188/389/323 2208/390/324
f 2221/456/389 2209/455/388 2208/390/324 2220/391/325
f 3034/457/327 2221/456/389 2220/391/325 3033/392/263
f 3038/458/390 3032/459/391 3034/394/327 3040/393/326
f 3052/460/392 3038/458/390 3040/393/326 3057/395/328
f 3076/461/393 3052/460/392 3057/395/328 3082/396/329
f 3077/462/394 3076/461/393 3082/396/329 3094/397/330
f 3069/463/395 3077/462/394 3094/397/330 3098/398/331
f 3165/464/396 3069/463/395 3098/398/331 3171/399/332
f 3171/399/332 3179/400/333 3129/465/397 3165/464/396
f 3179/400/333 3142/401/334 3137/466/398 3129/465/397
f 3142/401/334 3163/402/335 3121/467/399 3137/466/398
f 3149/468/400 3121/467/399 3163/402/335 3154/403/336
f 3154/403/336 2959/404/337 2945/469/401 3149/468/400
f 2935/470/402 2945/469/401 2959/404/337 2955/405/338
f 2929/471/403 2935/470/402 2955/405/338 2934/406/339
f 2934/406/339 2901/407/340 2896/472/404 2929/471/403
f 2901/407/340 2879/408/341 2877/473/405 2896/472/404
f 2879/408/341 2872/409/342 2870/474/406 2877/473/405
f 2872/409/342 1286/410/343 1287/475/407 2870/474/406
f 1286/410/343 1272/411/344 1274/476/408 1287/475/407
f 1272/411/344 1236/412/345 1231/477/409 1274/476/408
f 1236/412/345 1223/413/346 1229/478/410 1231/477/409
f 1223/413/346 1218/414/347 1208/479/411 1229/478/410
f 1218/414/347 1153/415/348 1148/480/412 1208/479/411
f 1153/415/348 1145/416/349 1135/481/413 1148/480/412
f 1145/416/349 1122/417/350 1124/482/414 1135/481/413
f 1122/417/350 1109/418/351 1111/483/415 1124/482/414
f 1109/418/351 1098/419/352 1100/484/416 1111/483/415
f 1098/419/352 1022/420/353 1029/485/417 1100/484/416
f 1022/420/353 1018/421/354 1006/486/418 1029/485/417
f 1018/421/354 1003/422/355 1005/487/419 1006/486/418
f 1003/422/355 984/423/356 979/488/420 1005/487/419
f 984/423/356 965/424/357 966/489/421 979/488/420
f 965/424/357 959/425/358 960/490/422 966/489/421
f 959/425/358 117/426/359 118/491/423 960/490/422
f 117/426/359 106/427/360 107/492/424 118/491/423
f 106/427/360 78/428/361 81/493/425 107/492/424
f 78/428/361 73/429/362 79/494/426 81/493/425
f 73/429/362 68/430/363 90/495/427 79/494/426
f 68/430/363 9/431/364 12/496/428 90/495/427
f 46/497/429 12/496/428 9/431/364 4/432/365
f 39/498/430 46/497/429 4/432/365 37/433/366
f 54/499/431 39/498/430 37/433/366 20/434/367
f 20/434/367 26/435/368 28/500/432 54/499/431
f 192/501/433 28/500/432 26/435/368 185/436/369
f 185/436/369 190/437/370 199/502/434 192/501/433
f 190/437/370 204/438/371 206/503/435 199/502/434
f 241/504/436 206/503/435 204/438/371 240/439/372
f 257/505/437 241/504/436 240/439/372 256/440/373
f 264/506/438 257/505/437 256/440/373 263/441/374
f 1914/507/439 264/506/438 263/441/374 1916/442/375
f 1925/508/440 1914/507/439 1916/442/375 1931/443/376
f 1966/509/441 1925/508/440 1931/443/376 1964/444/377
f 1967/510/442 1966/509/441 1964/444/377 1984/445/378
f 1991/511/443 1967/510/442 1984/445/378 1988/446/379
f 2066/512/444 1991/511/443 1988/446/379 2064/447/380
f 2077/513/445 2066/512/444 2064/447/380 2075/448/381
f 2089/514/446 2077/513/445 2075/448/381 2094/449/382
f 2101/515/447 2089/514/446 2094/449/382 2111/450/383
f 2114/516/448 2101/515/447 2111/450/383 2119/451/384
f 2162/517/449 2114/516/448 2119/451/384 2176/452/385
f 2182/518/450 2162/517/449 2176/452/385 2181/453/386
f 2184/519/451 2182/518/450 2181/453/386 2189/454/387
f 2210/520/452 2184/519/451 2189/454/387 2209/455/388
f 2219/521/453 2210/520/452 2209/455/388 2221/456/389
f 3032/522/391 2219/521/453 2221/456/389 3034/457/327
f 3049/523/454 3045/524/455 3032/459/456 3038/458/457
f 3038/458/457 3052/460/458 3060/525/459 3049/523/454
f 3083/526/460 3060/525/459 3052/460/458 3076/461/461
f 3087/527/462 3083/526/460 3076/461/461 3077/462/463
f 3077/462/463 3069/463/464 3072/528/465 3087/527/462
f 3173/529/466 3072/528/465 3069/463/464 3165/464/467
f 3131/530/468 3173/529/466 3165/464/467 3129/465/469
f 3129/465/469 3137/466/470 3143/531/471 3131/530/468
f 3137/466/470 3121/467/472 3123/532/473 3143/531/471
f 3121/467/472 3149/468/474 3157/533/475 3123/532/473
f 3149/468/474 2945/469/476 2948/534/477 3157/533/475
f 2945/469/476 2935/470/478 2940/535/479 2948/534/477
f 2935/470/478 2929/471/480 2936/536/481 2940/535/479
f 2929/471/480 2896/472/482 2904/537/483 2936/536/481
f 2896/472/482 2877/473/484 2888/538/485 2904/537/483
f 2877/473/484 2870/474/486 2882/539/487 2888/538/485
f 2870/474/486 1287/475/488 1290/540/489 2882/539/487
f 1287/475/488 1274/476/490 1275/541/491 1290/540/489
f 1274/476/490 1231/477/492 1240/542/493 1275/541/491
f 1231/477/492 1229/478/494 1237/543/495 1240/542/493
f 1229/478/494 1208/479/496 1211/544/497 1237/543/495
f 1208/479/496 1148/480/498 1154/545/499 1211/544/497
f 1148/480/498 1135/481/500 1136/546/501 1154/545/499
f 1135/481/500 1124/482/502 1125/547/503 1136/546/501
f 1124/482/502 1111/483/504 1112/548/505 1125/547/503
f 1111/483/504 1100/484/506 1103/549/507 1112/548/505
f 1100/484/506 1029/485/508 1031/550/509 1103/549/507
f 1029/485/508 1006/486/510 1011/551/511 1031/550/509
f 1006/486/510 1005/487/512 1007/552/513 1011/551/511
f 1005/487/512 979/488/514 986/553/515 1007/552/513
f 979/488/514 966/489/516 973/554/517 986/553/515
f 966/489/516 960/490/518 969/555/519 973/554/517
f 960/490/518 118/491/520 120/556/521 969/555/519
f 109/557/522 120/556/521 118/491/520 107/492/523
f 107/492/523 81/493/524 85/558/525 109/557/522
f 81/493/524 79/494/526 82/559/527 85/558/525
f 92/560/528 82/559/527 79/494/526 90/495/529
f 90/495/529 12/496/530 13/561/531 92/560/528
f 12/496/530 46/497/532 47/562/533 13/561/531
f 40/563/534 47/562/533 46/497/532 39/498/535
f 55/564/536 40/563/534 39/498/535 54/499/537
f 29/565/538 55/564/536 54/499/537 28/500/539
f 194/566/540 29/565/538 28/500/539 192/501/541
f 207/567/542 194/566/540 192/501/541 199/502/543
f 210/568/544 207/567/542 199/502/543 206/503/545
f 243/569/546 210/568/544 206/503/545 241/504/547
f 266/570/548 243/569/546 241/504/547 257/505/549
f 271/571/550 266/570/548 257/505/549 264/506/551
f 1919/572/552 271/571/550 264/506/551 1914/507/553
f 1934/573/554 1919/572/552 1914/507/553 1925/508/555
f 1968/574/556 1934/573/554 1925/508/555 1966/509/557
f 1972/575/558 1968/574/556 1966/509/557 1967/510/559
f 1993/576/560 1972/575/558 1967/510/559 1991/511/561
f 2069/577/562 1993/576/560 1991/511/561 2066/512/563
f 2079/578/564 2069/577/562 2066/512/563 2077/513/565
f 2095/579/566 2079/578/564 2077/513/565 2089/514/567
f 2103/580/568 2095/579/566 2089/514/567 2101/515/569
f 2120/581/570 2103/580/568 2101/515/569 2114/516/571
f 2165/582/572 2120/581/570 2114/516/571 2162/517/573
f 2190/583/574 2165/582/572 2162/517/573 2182/518/575
f 2193/584/576 2190/583/574 2182/518/575 2184/519/577
f 2213/585/578 2193/584/576 2184/519/577 2210/520/579
f 2224/586/580 2213/585/578 2210/520/579 2219/521/581
f 3045/587/455 2224/586/580 2219/521/581 3032/522/456
f 3050/588/582 3046/589/583 3045/524/455 3049/523/454
f 3061/590/584 3050/588/582 3049/523/454 3060/525/459
f 3060/525/459 3083/526/460 3084/591/585 3061/590/584
f 3088/592/586 3084/591/585 3083/526/460 3087/527/462
f 3087/527/462 3072/528/465 3073/593/587 3088/592/586
f 3174/594/588 3073/593/587 3072/528/465 3173/529/466
f 3132/595/589 3174/594/588 3173/529/466 3131/530/468
f 3131/530/468 3143/531/471 3144/596/590 3132/595/589
f 3143/531/471 3123/532/473 3124/597/591 3144/596/590
f 3123/532/473 3157/533/475 3158/598/592 3124/597/591
f 3157/533/475 2948/534/477 2949/599/593 3158/598/592
f 2941/600/594 2949/599/593 2948/534/477 2940/535/479
f 2940/535/479 2936/536/481 2937/601/595 2941/600/594
f 2905/602/596 2937/601/595 2936/536/481 2904/537/483
f 2904/537/483 2888/538/485 2889/603/597 2905/602/596
f 2888/538/485 2882/539/487 2883/604/598 2889/603/597
f 2882/539/487 1290/540/489 1291/605/599 2883/604/598
f 1290/540/489 1275/541/491 1276/606/600 1291/605/599
f 1275/541/491 1240/542/493 1241/607/601 1276/606/600
f 1240/542/493 1237/543/495 1238/608/602 1241/607/601
f 1237/543/495 1211/544/497 1212/609/603 1238/608/602
f 1211/544/497 1154/545/499 1155/610/604 1212/609/603
f 1154/545/499 1136/546/501 1137/611/605 1155/610/604
f 1136/546/501 1125/547/503 1126/612/606 1137/611/605
f 1125/547/503 1112/548/505 1113/613/607 1126/612/606
f 1112/548/505 1103/549/507 1104/614/608 1113/613/607
f 1103/549/507 1031/550/509 1032/615/609 1104/614/608
f 1031/550/509 1011/551/511 1012/616/610 1032/615/609
f 1011/551/511 1007/552/513 1008/617/611 1012/616/610
f 1007/552/513 986/553/515 987/618/612 1008/617/611
f 986/553/515 973/554/517 974/619/613 987/618/612
f 973/554/517 969/555/519 970/620/614 974/619/613
f 969/555/519 120/556/521 121/621/615 970/620/614
f 120/556/521 109/557/522 110/622/616 121/621/615
f 86/623/617 110/622/616 109/557/522 85/558/525
f 85/558/525 82/559/527 83/624/618 86/623/617
f 93/625/619 83/624/618 82/559/527 92/560/528
f 92/560/528 13/561/531 14/626/620 93/625/619
f 13/561/531 47/562/533 48/627/621 14/626/620
f 41/628/622 48/627/621 47/562/533 40/563/534
f 56/629/623 41/628/622 40/563/534 55/564/536
f 30/630/624 56/629/623 55/564/536 29/565/538
f 195/631/625 30/630/624 29/565/538 194/566/540
f 194/566/540 207/567/542 208/632/626 195/631/625
f 211/633/627 208/632/626 207/567/542 210/568/544
f 210/568/544 243/569/546 244/634/628 211/633/627
f 267/635/629 244/634/628 243/569/546 266/570/548
f 272/636/630 267/635/629 266/570/548 271/571/550
f 1920/637/631 272/636/630 271/571/550 1919/572/552
f 1935/638/632 1920/637/631 1919/572/552 1934/573/554
f 1969/639/633 1935/638/632 1934/573/554 1968/574/556
f 1973/640/634 1969/639/633 1968/574/556 1972/575/558
f 1994/641/635 1973/640/634 1972/575/558 1993/576/560
f 2070/642/636 1994/641/635 1993/576/560 2069/577/562
f 2080/643/637 2070/642/636 2069/577/562 2079/578/564
f 2096/644/638 2080/643/637 2079/578/564 2095/579/566
f 2104/645/639 2096/644/638 2095/579/566 2103/580/568
f 2121/646/640 2104/645/639 2103/580/568 2120/581/570
f 2166/647/641 2121/646/640 2120/581/570 2165/582/572
f 2191/648/642 2166/647/641 2165/582/572 2190/583/574
f 2194/649/643 2191/648/642 2190/583/574 2193/584/576
f 2214/650/644 2194/649/643 2193/584/576 2213/585/578
f 2225/651/645 2214/650/644 2213/585/578 2224/586/580
f 3046/652/583 2225/651/645 2224/586/580 3045/587/455
f 3048/653/646 3047/654/647 3046/589/583 3050/588/582
f 3058/655/648 3048/653/646 3050/588/582 3061/590/584
f 3085/656/649 3058/655/648 3061/590/584 3084/591/585
f 3089/657/650 3085/656/649 3084/591/585 3088/592/586
f 3071/658/651 3089/657/650 3088/592/586 3073/593/587
f 3172/659/652 3071/658/651 3073/593/587 3174/594/588
f 3133/660/653 3172/659/652 3174/594/588 3132/595/589
f 3132/595/589 3144/596/590 3145/661/654 3133/660/653
f 3125/662/655 3145/661/654 3144/596/590 3124/597/591
f 3124/597/591 3158/598/592 3156/663/656 3125/662/655
f 3158/598/592 2949/599/593 2947/664/657 3156/663/656
f 2942/665/1 2947/664/657 2949/599/593 2941/600/594
f 2941/600/594 2937/601/595 2938/666/658 2942/665/1
f 2937/601/595 2905/602/596 2902/667/659 2938/666/658
f 2905/602/596 2889/603/597 2887/668/660 2902/667/659
f 2889/603/597 2883/604/598 2884/669/661 2887/668/660
f 2883/604/598 1291/605/599 1292/670/662 2884/669/661
f 1291/605/599 1276/606/600 1277/671/663 1292/670/662
f 1276/606/600 1241/607/601 1242/672/664 1277/671/663
f 1241/607/601 1238/608/602 1239/673/665 1242/672/664
f 1238/608/602 1212/609/603 1210/674/666 1239/673/665
f 1212/609/603 1155/610/604 1156/675/667 1210/674/666
f 1155/610/604 1137/611/605 1138/676/668 1156/675/667
f 1137/611/605 1126/612/606 1127/677/669 1138/676/668
f 1126/612/606 1113/613/607 1114/678/670 1127/677/669
f 1113/613/607 1104/614/608 1102/679/671 1114/678/670
f 1104/614/608 1032/615/609 1033/680/672 1102/679/671
f 1032/615/609 1012/616/610 1013/681/673 1033/680/672
f 1012/616/610 1008/617/611 1009/682/674 1013/681/673
f 1008/617/611 987/618/612 988/683/675 1009/682/674
f 987/618/612 974/619/613 972/684/676 988/683/675
f 974/619/613 970/620/614 971/685/677 972/684/676
f 970/620/614 121/621/615 122/686/678 971/685/677
f 121/621/615 110/622/616 111/687/679 122/686/678
f 110/622/616 86/623/617 87/688/680 111/687/679
f 86/623/617 83/624/618 84/689/681 87/688/680
f 83/624/618 93/625/619 94/690/682 84/689/681
f 93/625/619 14/626/620 15/691/683 94/690/682
f 14/626/620 48/627/621 49/692/684 15/691/683
f 42/693/685 49/692/684 48/627/621 41/628/622
f 41/628/622 56/629/623 57/694/686 42/693/685
f 31/695/687 57/694/686 56/629/623 30/630/624
f 196/696/688 31/695/687 30/630/624 195/631/625
f 195/631/625 208/632/626 209/697/689 196/696/688
f 212/698/690 209/697/689 208/632/626 211/633/627
f 245/699/691 212/698/690 211/633/627 244/634/628
f 244/634/628 267/635/629 268/700/692 245/699/691
f 273/701/693 268/700/692 267/635/629 272/636/630
f 1918/702/694 273/701/693 272/636/630 1920/637/631
f 1932/703/695 1918/702/694 1920/637/631 1935/638/632
f 1970/704/696 1932/703/695 1935/638/632 1969/639/633
f 1974/705/697 1970/704/696 1969/639/633 1973/640/634
f 1995/706/698 1974/705/697 1973/640/634 1994/641/635
f 2068/707/699 1995/706/698 1994/641/635 2070/642/636
f 2081/708/700 2068/707/699 2070/642/636 2080/643/637
f 2097/709/701 2081/708/700 2080/643/637 2096/644/638
f 2105/710/702 2097/709/701 2096/644/638 2104/645/639
f 2122/711/703 2105/710/702 2104/645/639 2121/646/640
f 2164/712/704 2122/711/703 2121/646/640 2166/647/641
f 2192/713/705 2164/712/704 2166/647/641 2191/648/642
f 2195/714/706 2192/713/705 2191/648/642 2194/649/643
f 2211/715/707 2195/714/706 2194/649/643 2214/650/644
f 2214/650/644 2225/651/645 2226/716/708 2211/715/707
f 3047/717/647 2226/716/708 2225/651/645 3046/652/583
f 3047/654/647 3048/653/646 3044/718/709 3042/719/710
f 3059/720/711 3044/718/709 3048/653/646 3058/655/648
f 3058/655/648 3085/656/649 3086/721/712 3059/720/711
f 3066/722/713 3086/721/712 3085/656/649 3089/657/650
f 3089/657/650 3071/658/651 3074/723/714 3066/722/713
f 3071/658/651 3172/659/652 3175/724/715 3074/723/714
f 3135/725/716 3175/724/715 3172/659/652 3133/660/653
f 3147/726/717 3135/725/716 3133/660/653 3145/661/654
f 3145/661/654 3125/662/655 3127/727/718 3147/726/717
f 3159/728/719 3127/727/718 3125/662/655 3156/663/656
f 2950/729/720 3159/728/719 3156/663/656 2947/664/657
f 2947/664/657 2942/665/1 2927/730/721 2950/729/720
f 2942/665/1 2938/666/658 2939/731/722 2927/730/721
f 2938/666/658 2902/667/659 2903/732/723 2939/731/722
f 2902/667/659 2887/668/660 2886/733/724 2903/732/723
f 2881/734/725 2886/733/724 2887/668/660 2884/669/661
f 2884/669/661 1292/670/662 1289/735/726 2881/734/725
f 1292/670/662 1277/671/663 1278/736/727 1289/735/726
f 1277/671/663 1242/672/664 1243/737/728 1278/736/727
f 1242/672/664 1239/673/665 1226/738/729 1243/737/728
f 1239/673/665 1210/674/666 1213/739/730 1226/738/729
f 1210/674/666 1156/675/667 1157/740/731 1213/739/730
f 1156/675/667 1138/676/668 1140/741/732 1157/740/731
f 1138/676/668 1127/677/669 1128/742/733 1140/741/732
f 1127/677/669 1114/678/670 1115/743/734 1128/742/733
f 1114/678/670 1102/679/671 1105/744/735 1115/743/734
f 1102/679/671 1033/680/672 1034/745/736 1105/744/735
f 1033/680/672 1013/681/673 1025/746/737 1034/745/736
f 1013/681/673 1009/682/674 1010/747/738 1025/746/737
f 1009/682/674 988/683/675 989/748/739 1010/747/738
f 988/683/675 972/684/676 977/749/740 989/748/739
f 972/684/676 971/685/677 975/750/741 977/749/740
f 971/685/677 122/686/678 123/751/742 975/750/741
f 122/686/678 111/687/679 112/752/743 123/751/742
f 111/687/679 87/688/680 88/753/744 112/752/743
f 87/688/680 84/689/681 98/754/745 88/753/744
f 84/689/681 94/690/682 95/755/746 98/754/745
f 16/756/747 95/755/746 94/690/682 15/691/683
f 15/691/683 49/692/684 50/757/748 16/756/747
f 49/692/684 42/693/685 43/758/749 50/757/748
f 58/759/750 43/758/749 42/693/685 57/694/686
f 57/694/686 31/695/687 32/760/751 58/759/750
f 31/695/687 196/696/688 197/761/752 32/760/751
f 196/696/688 209/697/689 215/762/753 197/761/752
f 213/763/754 215/762/753 209/697/689 212/698/690
f 212/698/690 245/699/691 246/764/755 213/763/754
f 269/765/756 246/764/755 245/699/691 268/700/692
f 268/700/692 273/701/693 274/766/757 269/765/756
f 273/701/693 1918/702/694 1921/767/758 274/766/757
f 1933/768/759 1921/767/758 1918/702/694 1932/703/695
f 1932/703/695 1970/704/696 1971/769/760 1933/768/759
f 1978/770/761 1971/769/760 1970/704/696 1974/705/697
f 1974/705/697 1995/706/698 1996/771/762 1978/770/761
f 2071/772/763 1996/771/762 1995/706/698 2068/707/699
f 2082/773/764 2071/772/763 2068/707/699 2081/708/700
f 2099/774/765 2082/773/764 2081/708/700 2097/709/701
f 2107/775/766 2099/774/765 2097/709/701 2105/710/702
f 2123/776/767 2107/775/766 2105/710/702 2122/711/703
f 2167/777/768 2123/776/767 2122/711/703 2164/712/704
f 2164/712/704 2192/713/705 2171/778/769 2167/777/768
f 2196/779/770 2171/778/769 2192/713/705 2195/714/706
f 2195/714/706 2211/715/707 2212/780/771 2196/779/770
f 2223/781/772 2212/780/771 2211/715/707 2226/716/708
f 3042/782/710 2223/781/772 2226/716/708 3047/717/647
f 3043/783/773 3041/784/774 3042/719/710 3044/718/709
f 3026/785/775 3043/783/773 3044/718/709 3059/720/711
f 3064/786/776 3026/785/775 3059/720/711 3086/721/712
f 3065/787/777 3064/786/776 3086/721/712 3066/722/713
f 3070/788/778 3065/787/777 3066/722/713 3074/723/714
f 3074/723/714 3175/724/715 3010/789/779 3070/788/778
f 3134/790/780 3010/789/779 3175/724/715 3135/725/716
f 3146/791/781 3134/790/780 3135/725/716 3147/726/717
f 3126/792/782 3146/791/781 3147/726/717 3127/727/718
f 2915/793/783 3126/792/782 3127/727/718 3159/728/719
f 3159/728/719 2950/729/720 2946/794/784 2915/793/783
f 2926/795/785 2946/794/784 2950/729/720 2927/730/721
f 2927/730/721 2939/731/722 2924/796/786 2926/795/785
f 2892/797/787 2924/796/786 2939/731/722 2903/732/723
f 2903/732/723 2886/733/724 2885/798/788 2892/797/787
f 2886/733/724 2881/734/725 2880/799/789 2885/798/788
f 2881/734/725 1289/735/726 1288/800/790 2880/799/789
f 1289/735/726 1278/736/727 1267/801/791 1288/800/790
f 1278/736/727 1243/737/728 1228/802/792 1267/801/791
f 1243/737/728 1226/738/729 1227/803/793 1228/802/792
f 1226/738/729 1213/739/730 1214/804/794 1227/803/793
f 1213/739/730 1157/740/731 1193/805/795 1214/804/794
f 1157/740/731 1140/741/732 1139/806/796 1193/805/795
f 1140/741/732 1128/742/733 1129/807/797 1139/806/796
f 1128/742/733 1115/743/734 1116/808/798 1129/807/797
f 1115/743/734 1105/744/735 1064/809/799 1116/808/798
f 1105/744/735 1034/745/736 1035/810/800 1064/809/799
f 1034/745/736 1025/746/737 1026/811/801 1035/810/800
f 1025/746/737 1010/747/738 1024/812/802 1026/811/801
f 1010/747/738 989/748/739 994/813/803 1024/812/802
f 989/748/739 977/749/740 978/814/804 994/813/803
f 977/749/740 975/750/741 976/815/805 978/814/804
f 975/750/741 123/751/742 124/816/806 976/815/805
f 123/751/742 112/752/743 125/817/807 124/816/806
f 112/752/743 88/753/744 100/818/808 125/817/807
f 88/753/744 98/754/745 99/819/809 100/818/808
f 98/754/745 95/755/746 96/820/810 99/819/809
f 132/821/811 96/820/810 95/755/746 16/756/747
f 16/756/747 50/757/748 51/822/812 132/821/811
f 50/757/748 43/758/749 44/823/813 51/822/812
f 43/758/749 58/759/750 59/824/814 44/823/813
f 58/759/750 32/760/751 219/825/815 59/824/814
f 198/826/816 219/825/815 32/760/751 197/761/752
f 197/761/752 215/762/753 216/827/817 198/826/816
f 218/828/818 216/827/817 215/762/753 213/763/754
f 213/763/754 246/764/755 249/829/819 218/828/818
f 270/830/820 249/829/819 246/764/755 269/765/756
f 275/831/821 270/830/820 269/765/756 274/766/757
f 1922/832/822 275/831/821 274/766/757 1921/767/758
f 1936/833/823 1922/832/822 1921/767/758 1933/768/759
f 1976/834/824 1936/833/823 1933/768/759 1971/769/760
f 1977/835/825 1976/834/824 1971/769/760 1978/770/761
f 1992/836/826 1977/835/825 1978/770/761 1996/771/762
f 2003/837/827 1992/836/826 1996/771/762 2071/772/763
f 2083/838/828 2003/837/827 2071/772/763 2082/773/764
f 2098/839/829 2083/838/828 2082/773/764 2099/774/765
f 2106/840/830 2098/839/829 2099/774/765 2107/775/766
f 2129/841/831 2106/840/830 2107/775/766 2123/776/767
f 2163/842/832 2129/841/831 2123/776/767 2167/777/768
f 2170/843/833 2163/842/832 2167/777/768 2171/778/769
f 2172/844/834 2170/843/833 2171/778/769 2196/779/770
f 2201/845/835 2172/844/834 2196/779/770 2212/780/771
f 2222/846/836 2201/845/835 2212/780/771 2223/781/772
f 3041/847/774 2222/846/836 2223/781/772 3042/782/710
f 3021/848/837 3020/849/838 3041/784/774 3043/783/773
f 3025/850/839 3021/848/837 3043/783/773 3026/785/775
f 3024/851/840 3025/850/839 3026/785/775 3064/786/776
f 3063/852/841 3024/851/840 3064/786/776 3065/787/777
f 3008/853/842 3063/852/841 3065/787/777 3070/788/778
f 3009/854/843 3008/853/842 3070/788/778 3010/789/779
f 3130/855/844 3009/854/843 3010/789/779 3134/790/780
f 3119/856/845 3130/855/844 3134/790/780 3146/791/781
f 3122/857/846 3119/856/845 3146/791/781 3126/792/782
f 2914/858/847 3122/857/846 3126/792/782 2915/793/783
f 2912/859/848 2914/858/847 2915/793/783 2946/794/784
f 2946/794/784 2926/795/785 2925/860/849 2912/859/848
f 2894/861/850 2925/860/849 2926/795/785 2924/796/786
f 2924/796/786 2892/797/787 2891/862/851 2894/861/850
f 2892/797/787 2885/798/788 2865/863/852 2891/862/851
f 2885/798/788 2880/799/789 2863/864/853 2865/863/852
f 2880/799/789 1288/800/790 1280/865/854 2863/864/853
f 1288/800/790 1267/801/791 1266/866/855 1280/865/854
f 1267/801/791 1228/802/792 1264/867/856 1266/866/855
f 1225/868/857 1264/867/856 1228/802/792 1227/803/793
f 1227/803/793 1214/804/794 1195/869/858 1225/868/857
f 1214/804/794 1193/805/795 1194/870/859 1195/869/858
f 1193/805/795 1139/806/796 1141/871/860 1194/870/859
f 1139/806/796 1129/807/797 1131/872/861 1141/871/860
f 1129/807/797 1116/808/798 1117/873/862 1131/872/861
f 1116/808/798 1064/809/799 1065/874/863 1117/873/862
f 1064/809/799 1035/810/800 1063/875/864 1065/874/863
f 1035/810/800 1026/811/801 1027/876/865 1063/875/864
f 1026/811/801 1024/812/802 997/877/866 1027/876/865
f 1024/812/802 994/813/803 995/878/867 997/877/866
f 994/813/803 978/814/804 991/879/868 995/878/867
f 978/814/804 976/815/805 990/880/869 991/879/868
f 976/815/805 124/816/806 130/881/870 990/880/869
f 124/816/806 125/817/807 126/882/871 130/881/870
f 125/817/807 100/818/808 127/883/872 126/882/871
f 100/818/808 99/819/809 101/884/873 127/883/872
f 99/819/809 96/820/810 134/885/874 101/884/873
f 96/820/810 132/821/811 133/886/875 134/885/874
f 132/821/811 51/822/812 52/887/876 133/886/875
f 51/822/812 44/823/813 61/888/877 52/887/876
f 44/823/813 59/824/814 60/889/878 61/888/877
f 59/824/814 219/825/815 220/890/879 60/889/878
f 219/825/815 198/826/816 222/891/880 220/890/879
f 217/892/881 222/891/880 198/826/816 216/827/817
f 216/827/817 218/828/818 247/893/882 217/892/881
f 250/894/883 247/893/882 218/828/818 249/829/819
f 276/895/884 250/894/883 249/829/819 270/830/820
f 278/896/885 276/895/884 270/830/820 275/831/821
f 1923/897/886 278/896/885 275/831/821 1922/832/822
f 1937/898/887 1923/897/886 1922/832/822 1936/833/823
f 1939/899/888 1937/898/887 1936/833/823 1976/834/824
f 1976/834/824 1977/835/825 1979/900/889 1939/899/888
f 2001/901/890 1979/900/889 1977/835/825 1992/836/826
f 2002/902/891 2001/901/890 1992/836/826 2003/837/827
f 2078/903/892 2002/902/891 2003/837/827 2083/838/828
f 2086/904/893 2078/903/892 2083/838/828 2098/839/829
f 2102/905/894 2086/904/893 2098/839/829 2106/840/830
f 2128/906/895 2102/905/894 2106/840/830 2129/841/831
f 2130/907/896 2128/906/895 2129/841/831 2163/842/832
f 2169/908/897 2130/907/896 2163/842/832 2170/843/833
f 2198/909/898 2169/908/897 2170/843/833 2172/844/834
f 2200/910/899 2198/909/898 2172/844/834 2201/845/835
f 2203/911/900 2200/910/899 2201/845/835 2222/846/836
f 3020/912/838 2203/911/900 2222/846/836 3041/847/774
f 3019/913/901 3018/914/902 3020/849/903 3021/848/904
f 3022/915/905 3019/913/901 3021/848/904 3025/850/906
f 3023/916/907 3022/915/905 3025/850/906 3024/851/908
f 3005/917/909 3023/916/907 3024/851/908 3063/852/910
f 3006/918/911 3005/917/909 3063/852/910 3008/853/912
f 3007/919/913 3006/918/911 3008/853/912 3009/854/914
f 3118/920/915 3007/919/913 3009/854/914 3130/855/916
f 3116/921/917 3118/920/915 3130/855/916 3119/856/918
f 3117/922/919 3116/921/917 3119/856/918 3122/857/920
f 2913/923/921 3117/922/919 3122/857/920 2914/858/922
f 2909/924/923 2913/923/921 2914/858/922 2912/859/924
f 2912/859/924 2925/860/925 2908/925/926 2909/924/923
f 2925/860/925 2894/861/927 2893/926/928 2908/925/926
f 2894/861/927 2891/862/929 2890/927/930 2893/926/928
f 2891/862/929 2865/863/931 2864/928/932 2890/927/930
f 2862/929/933 2864/928/932 2865/863/931 2863/864/934
f 1279/930/935 2862/929/933 2863/864/934 1280/865/936
f 1280/865/936 1266/866/937 1265/931/938 1279/930/935
f 1266/866/937 1264/867/939 1263/932/940 1265/931/938
f 1264/867/939 1225/868/941 1199/933/942 1263/932/940
f 1225/868/941 1195/869/943 1197/934/944 1199/933/942
f 1195/869/943 1194/870/945 1192/935/946 1197/934/944
f 1194/870/945 1141/871/947 1133/936/948 1192/935/946
f 1141/871/947 1131/872/949 1132/937/950 1133/936/948
f 1131/872/949 1117/873/951 1130/938/952 1132/937/950
f 1117/873/951 1065/874/953 1066/939/954 1130/938/952
f 1065/874/953 1063/875/955 1061/940/956 1066/939/954
f 1063/875/955 1027/876/957 1060/941/958 1061/940/956
f 1027/876/957 997/877/959 998/942/960 1060/941/958
f 997/877/959 995/878/961 996/943/962 998/942/960
f 995/878/961 991/879/963 993/944/964 996/943/962
f 991/879/963 990/880/965 992/945/966 993/944/964
f 990/880/965 130/881/967 131/946/968 992/945/966
f 130/881/967 126/882/969 129/947/970 131/946/968
f 126/882/969 127/883/971 128/948/972 129/947/970
f 127/883/971 101/884/973 137/949/974 128/948/972
f 101/884/973 134/885/975 136/950/976 137/949/974
f 134/885/975 133/886/977 135/951/978 136/950/976
f 133/886/977 52/887/979 62/952/980 135/951/978
f 52/887/979 61/888/981 64/953/982 62/952/980
f 61/888/981 60/889/983 63/954/984 64/953/982
f 60/889/983 220/890/985 221/955/986 63/954/984
f 220/890/985 222/891/987 225/956/988 221/955/986
f 226/957/989 225/956/988 222/891/987 217/892/990
f 248/958/991 226/957/989 217/892/990 247/893/992
f 251/959/993 248/958/991 247/893/992 250/894/994
f 277/960/995 251/959/993 250/894/994 276/895/996
f 276/895/996 278/896/997 279/961/998 277/960/995
f 278/896/997 1923/897/999 1924/962/1000 279/961/998
f 1938/963/1001 1924/962/1000 1923/897/999 1937/898/1002
f 1940/964/1003 1938/963/1001 1937/898/1002 1939/899/1004
f 1997/965/1005 1940/964/1003 1939/899/1004 1979/900/1006
f 1999/966/1007 1997/965/1005 1979/900/1006 2001/901/1008
f 2004/967/1009 1999/966/1007 2001/901/1008 2002/902/1010
f 2084/968/1011 2004/967/1009 2002/902/1010 2078/903/1012
f 2085/969/1013 2084/968/1011 2078/903/1012 2086/904/1014
f 2087/970/1015 2085/969/1013 2086/904/1014 2102/905/1016
f 2127/971/1017 2087/970/1015 2102/905/1016 2128/906/1018
f 2132/972/1019 2127/971/1017 2128/906/1018 2130/907/1020
f 2133/973/1021 2132/972/1019 2130/907/1020 2169/908/1022
f 2197/974/1023 2133/973/1021 2169/908/1022 2198/909/1024
f 2199/975/1025 2197/974/1023 2198/909/1024 2200/910/1026
f 2202/976/1027 2199/975/1025 2200/910/1026 2203/911/1028
f 3018/977/902 2202/976/1027 2203/911/1028 3020/912/903
f 2978/978/1029 2977/979/1030 3018/914/902 3019/913/901
f 2979/980/1031 2978/978/1029 3019/913/901 3022/915/905
f 2980/981/1032 2979/980/1031 3022/915/905 3023/916/907
f 3004/982/1033 2980/981/1032 3023/916/907 3005/917/909
f 3001/983/1034 3004/982/1033 3005/917/909 3006/918/911
f 3003/984/1035 3001/983/1034 3006/918/911 3007/919/913
f 3002/985/1036 3003/984/1035 3007/919/913 3118/920/915
f 2806/986/1037 3002/985/1036 3118/920/915 3116/921/917
f 2911/987/1038 2806/986/1037 3116/921/917 3117/922/919
f 2910/988/1039 2911/987/1038 3117/922/919 2913/923/921
f 2906/989/1040 2910/988/1039 2913/923/921 2909/924/923
f 2907/990/1041 2906/989/1040 2909/924/923 2908/925/926
f 2908/925/926 2893/926/928 2841/991/1042 2907/990/1041
f 2893/926/928 2890/927/930 2840/992/1043 2841/991/1042
f 2839/993/1044 2840/992/1043 2890/927/930 2864/928/932
f 2838/994/1045 2839/993/1044 2864/928/932 2862/929/933
f 1246/995/1046 2838/994/1045 2862/929/933 1279/930/935
f 1245/996/1047 1246/995/1046 1279/930/935 1265/931/938
f 1265/931/938 1263/932/940 1244/997/1048 1245/996/1047
f 1263/932/940 1199/933/942 1198/998/1049 1244/997/1048
f 1199/933/942 1197/934/944 1196/999/1050 1198/998/1049
f 1197/934/944 1192/935/946 1191/1000/1051 1196/999/1050
f 1192/935/946 1133/936/948 1190/1001/1052 1191/1000/1051
f 1133/936/948 1132/937/950 1158/1002/1053 1190/1001/1052
f 1069/1003/1054 1158/1002/1053 1132/937/950 1130/938/952
f 1130/938/952 1066/939/954 1068/1004/1055 1069/1003/1054
f 1066/939/954 1061/940/956 1067/1005/1056 1068/1004/1055
f 1061/940/956 1060/941/958 1062/1006/1057 1067/1005/1056
f 1060/941/958 998/942/960 1039/1007/1058 1062/1006/1057
f 998/942/960 996/943/962 1038/1008/1059 1039/1007/1058
f 996/943/962 993/944/964 1037/1009/1060 1038/1008/1059
f 993/944/964 992/945/966 1036/1010/1061 1037/1009/1060
f 992/945/966 131/946/968 151/1011/1062 1036/1010/1061
f 131/946/968 129/947/970 150/1012/1063 151/1011/1062
f 129/947/970 128/948/972 149/1013/1064 150/1012/1063
f 128/948/972 137/949/974 138/1014/1065 149/1013/1064
f 137/949/974 136/950/976 141/1015/1066 138/1014/1065
f 136/950/976 135/951/978 139/1016/1067 141/1015/1066
f 135/951/978 62/952/980 140/1017/1068 139/1016/1067
f 62/952/980 64/953/982 321/1018/1069 140/1017/1068
f 64/953/982 63/954/984 223/1019/1070 321/1018/1069
f 63/954/984 221/955/986 224/1020/1071 223/1019/1070
f 221/955/986 225/956/988 228/1021/1072 224/1020/1071
f 225/956/988 226/957/989 227/1022/1073 228/1021/1072
f 280/1023/1074 227/1022/1073 226/957/989 248/958/991
f 281/1024/1075 280/1023/1074 248/958/991 251/959/993
f 251/959/993 277/960/995 282/1025/1076 281/1024/1075
f 277/960/995 279/961/998 283/1026/1077 282/1025/1076
f 279/961/998 1924/962/1000 1941/1027/1078 283/1026/1077
f 1924/962/1000 1938/963/1001 1942/1028/1079 1941/1027/1078
f 1943/1029/1080 1942/1028/1079 1938/963/1001 1940/964/1003
f 1998/1030/1081 1943/1029/1080 1940/964/1003 1997/965/1005
f 2000/1031/1082 1998/1030/1081 1997/965/1005 1999/966/1007
f 2005/1032/1083 2000/1031/1082 1999/966/1007 2004/967/1009
f 2006/1033/1084 2005/1032/1083 2004/967/1009 2084/968/1011
f 2028/1034/1085 2006/1033/1084 2084/968/1011 2085/969/1013
f 2085/969/1013 2087/970/1015 2124/1035/1086 2028/1034/1085
f 2125/1036/1087 2124/1035/1086 2087/970/1015 2127/971/1017
f 2126/1037/1088 2125/1036/1087 2127/971/1017 2132/972/1019
f 2131/1038/1089 2126/1037/1088 2132/972/1019 2133/973/1021
f 2141/1039/1090 2131/1038/1089 2133/973/1021 2197/974/1023
f 2142/1040/1091 2141/1039/1090 2197/974/1023 2199/975/1025
f 2143/1041/1092 2142/1040/1091 2199/975/1025 2202/976/1027
f 2977/1042/1030 2143/1041/1092 2202/976/1027 3018/977/902
f 2999/1043/1093 2998/1044/1094 2977/979/1030 2978/978/1029
f 3000/1045/1095 2999/1043/1093 2978/978/1029 2979/980/1031
f 2993/1046/1096 3000/1045/1095 2979/980/1031 2980/981/1032
f 2997/1047/1097 2993/1046/1096 2980/981/1032 3004/982/1033
f 3017/1048/1098 2997/1047/1097 3004/982/1033 3001/983/1034
f 3015/1049/1099 3017/1048/1098 3001/983/1034 3003/984/1035
f 2817/1050/1100 3015/1049/1099 3003/984/1035 3002/985/1036
f 2820/1051/1101 2817/1050/1100 3002/985/1036 2806/986/1037
f 2813/1052/1102 2820/1051/1101 2806/986/1037 2911/987/1038
f 2921/1053/1103 2813/1052/1102 2911/987/1038 2910/988/1039
f 2919/1054/1104 2921/1053/1103 2910/988/1039 2906/989/1040
f 2906/989/1040 2907/990/1041 2860/1055/1105 2919/1054/1104
f 2854/1056/1106 2860/1055/1105 2907/990/1041 2841/991/1042
f 2841/991/1042 2840/992/1043 2861/1057/1107 2854/1056/1106
f 2840/992/1043 2839/993/1044 2852/1058/1108 2861/1057/1107
f 2839/993/1044 2838/994/1045 2851/1059/1109 2852/1058/1108
f 2838/994/1045 1246/995/1046 1262/1060/1110 2851/1059/1109
f 1246/995/1046 1245/996/1047 1255/1061/1111 1262/1060/1110
f 1245/996/1047 1244/997/1048 1252/1062/1112 1255/1061/1111
f 1244/997/1048 1198/998/1049 1250/1063/1113 1252/1062/1112
f 1198/998/1049 1196/999/1050 1206/1064/1114 1250/1063/1113
f 1196/999/1050 1191/1000/1051 1200/1065/1115 1206/1064/1114
f 1191/1000/1051 1190/1001/1052 1168/1066/1116 1200/1065/1115
f 1190/1001/1052 1158/1002/1053 1164/1067/1117 1168/1066/1116
f 1158/1002/1053 1069/1003/1054 1161/1068/1118 1164/1067/1117
f 1069/1003/1054 1068/1004/1055 1074/1069/1119 1161/1068/1118
f 1068/1004/1055 1067/1005/1056 1070/1070/1120 1074/1069/1119
f 1067/1005/1056 1062/1006/1057 1056/1071/1121 1070/1070/1120
f 1062/1006/1057 1039/1007/1058 1052/1072/1122 1056/1071/1121
f 1039/1007/1058 1038/1008/1059 1042/1073/1123 1052/1072/1122
f 1038/1008/1059 1037/1009/1060 1041/1074/1124 1042/1073/1123
f 1037/1009/1060 1036/1010/1061 1040/1075/1125 1041/1074/1124
f 1036/1010/1061 151/1011/1062 153/1076/1126 1040/1075/1125
f 151/1011/1062 150/1012/1063 152/1077/1127 153/1076/1126
f 150/1012/1063 149/1013/1064 156/1078/1128 152/1077/1127
f 149/1013/1064 138/1014/1065 154/1079/1129 156/1078/1128
f 138/1014/1065 141/1015/1066 142/1080/1130 154/1079/1129
f 141/1015/1066 139/1016/1067 143/1081/1131 142/1080/1130
f 139/1016/1067 140/1017/1068 323/1082/1132 143/1081/1131
f 140/1017/1068 321/1018/1069 322/1083/1133 323/1082/1132
f 321/1018/1069 223/1019/1070 327/1084/1134 322/1083/1133
f 223/1019/1070 224/1020/1071 229/1085/1135 327/1084/1134
f 224/1020/1071 228/1021/1072 232/1086/1136 229/1085/1135
f 285/1087/1137 232/1086/1136 228/1021/1072 227/1022/1073
f 227/1022/1073 280/1023/1074 289/1088/1138 285/1087/1137
f 284/1089/1139 289/1088/1138 280/1023/1074 281/1024/1075
f 293/1090/1140 284/1089/1139 281/1024/1075 282/1025/1076
f 294/1091/1141 293/1090/1140 282/1025/1076 283/1026/1077
f 1944/1092/1142 294/1091/1141 283/1026/1077 1941/1027/1078
f 1951/1093/1143 1944/1092/1142 1941/1027/1078 1942/1028/1079
f 1952/1094/1144 1951/1093/1143 1942/1028/1079 1943/1029/1080
f 1956/1095/1145 1952/1094/1144 1943/1029/1080 1998/1030/1081
f 2007/1096/1146 1956/1095/1145 1998/1030/1081 2000/1031/1082
f 2012/1097/1147 2007/1096/1146 2000/1031/1082 2005/1032/1083
f 2031/1098/1148 2012/1097/1147 2005/1032/1083 2006/1033/1084
f 2037/1099/1149 2031/1098/1148 2006/1033/1084 2028/1034/1085
f 2038/1100/1150 2037/1099/1149 2028/1034/1085 2124/1035/1086
f 2135/1101/1151 2038/1100/1150 2124/1035/1086 2125/1036/1087
f 2140/1102/1152 2135/1101/1151 2125/1036/1087 2126/1037/1088
f 2147/1103/1153 2140/1102/1152 2126/1037/1088 2131/1038/1089
f 2149/1104/1154 2147/1103/1153 2131/1038/1089 2141/1039/1090
f 2158/1105/1155 2149/1104/1154 2141/1039/1090 2142/1040/1091
f 2159/1106/1156 2158/1105/1155 2142/1040/1091 2143/1041/1092
f 2998/1107/1094 2159/1106/1156 2143/1041/1092 2977/1042/1030
f 2982/1108/1157 2981/1109/1158 2998/1044/1094 2999/1043/1093
f 2987/1110/1159 2982/1108/1157 2999/1043/1093 3000/1045/1095
f 2992/1111/1160 2987/1110/1159 3000/1045/1095 2993/1046/1096
f 2996/1112/1161 2992/1111/1160 2993/1046/1096 2997/1047/1097
f 2997/1047/1097 3017/1048/1098 3011/1113/1162 2996/1112/1161
f 3014/1114/1163 3011/1113/1162 3017/1048/1098 3015/1049/1099
f 2816/1115/1164 3014/1114/1163 3015/1049/1099 2817/1050/1100
f 2817/1050/1100 2820/1051/1101 2809/1116/1165 2816/1115/1164
f 2812/1117/1166 2809/1116/1165 2820/1051/1101 2813/1052/1102
f 2920/1118/1167 2812/1117/1166 2813/1052/1102 2921/1053/1103
f 2916/1119/1168 2920/1118/1167 2921/1053/1103 2919/1054/1104
f 2859/1120/1169 2916/1119/1168 2919/1054/1104 2860/1055/1105
f 2860/1055/1105 2854/1056/1106 2853/1121/1170 2859/1120/1169
f 2854/1056/1106 2861/1057/1107 2848/1122/1171 2853/1121/1170
f 2843/1123/1172 2848/1122/1171 2861/1057/1107 2852/1058/1108
f 2842/1124/1173 2843/1123/1172 2852/1058/1108 2851/1059/1109
f 1259/1125/1174 2842/1124/1173 2851/1059/1109 1262/1060/1110
f 1256/1126/1175 1259/1125/1174 1262/1060/1110 1255/1061/1111
f 1255/1061/1111 1252/1062/1112 1251/1127/1176 1256/1126/1175
f 1252/1062/1112 1250/1063/1113 1249/1128/1177 1251/1127/1176
f 1250/1063/1113 1206/1064/1114 1203/1129/1178 1249/1128/1177
f 1206/1064/1114 1200/1065/1115 1201/1130/1179 1203/1129/1178
f 1200/1065/1115 1168/1066/1116 1169/1131/1180 1201/1130/1179
f 1168/1066/1116 1164/1067/1117 1165/1132/1181 1169/1131/1180
f 1164/1067/1117 1161/1068/1118 1160/1133/1182 1165/1132/1181
f 1161/1068/1118 1074/1069/1119 1075/1134/1183 1160/1133/1182
f 1074/1069/1119 1070/1070/1120 1071/1135/1184 1075/1134/1183
f 1070/1070/1120 1056/1071/1121 1057/1136/1185 1071/1135/1184
f 1056/1071/1121 1052/1072/1122 1053/1137/1186 1057/1136/1185
f 1052/1072/1122 1042/1073/1123 1049/1138/1187 1053/1137/1186
f 1042/1073/1123 1041/1074/1124 1044/1139/1188 1049/1138/1187
f 1041/1074/1124 1040/1075/1125 1043/1140/1189 1044/1139/1188
f 1040/1075/1125 153/1076/1126 165/1141/1190 1043/1140/1189
f 153/1076/1126 152/1077/1127 162/1142/1191 165/1141/1190
f 152/1077/1127 156/1078/1128 157/1143/1192 162/1142/1191
f 156/1078/1128 154/1079/1129 155/1144/1193 157/1143/1192
f 154/1079/1129 142/1080/1130 146/1145/1194 155/1144/1193
f 142/1080/1130 143/1081/1131 144/1146/1195 146/1145/1194
f 143/1081/1131 323/1082/1132 324/1147/1196 144/1146/1195
f 331/1148/1197 324/1147/1196 323/1082/1132 322/1083/1133
f 322/1083/1133 327/1084/1134 328/1149/1198 331/1148/1197
f 327/1084/1134 229/1085/1135 230/1150/1199 328/1149/1198
f 229/1085/1135 232/1086/1136 233/1151/1200 230/1150/1199
f 232/1086/1136 285/1087/1137 286/1152/1201 233/1151/1200
f 290/1153/1202 286/1152/1201 285/1087/1137 289/1088/1138
f 295/1154/1203 290/1153/1202 289/1088/1138 284/1089/1139
f 284/1089/1139 293/1090/1140 298/1155/1204 295/1154/1203
f 293/1090/1140 294/1091/1141 299/1156/1205 298/1155/1204
f 294/1091/1141 1944/1092/1142 1945/1157/1206 299/1156/1205
f 1944/1092/1142 1951/1093/1143 1948/1158/1207 1945/1157/1206
f 1953/1159/1208 1948/1158/1207 1951/1093/1143 1952/1094/1144
f 1957/1160/1209 1953/1159/1208 1952/1094/1144 1956/1095/1145
f 1956/1095/1145 2007/1096/1146 2008/1161/1210 1957/1160/1209
f 2011/1162/1211 2008/1161/1210 2007/1096/1146 2012/1097/1147
f 2030/1163/1212 2011/1162/1211 2012/1097/1147 2031/1098/1148
f 2034/1164/1213 2030/1163/1212 2031/1098/1148 2037/1099/1149
f 2039/1165/1214 2034/1164/1213 2037/1099/1149 2038/1100/1150
f 2134/1166/1215 2039/1165/1214 2038/1100/1150 2135/1101/1151
f 2137/1167/1216 2134/1166/1215 2135/1101/1151 2140/1102/1152
f 2146/1168/1217 2137/1167/1216 2140/1102/1152 2147/1103/1153
f 2148/1169/1218 2146/1168/1217 2147/1103/1153 2149/1104/1154
f 2152/1170/1219 2148/1169/1218 2149/1104/1154 2158/1105/1155
f 2155/1171/1220 2152/1170/1219 2158/1105/1155 2159/1106/1156
f 2981/1172/1158 2155/1171/1220 2159/1106/1156 2998/1107/1094
f 2981/1109/1158 2982/1108/1157 2985/1173/1221 2983/1174/1222
f 2982/1108/1157 2987/1110/1159 2988/1175/1223 2985/1173/1221
f 2987/1110/1159 2992/1111/1160 2994/1176/1224 2988/1175/1223
f 2992/1111/1160 2996/1112/1161 2990/1177/1225 2994/1176/1224
f 2996/1112/1161 3011/1113/1162 3013/1178/1226 2990/1177/1225
f 3016/1179/1227 3013/1178/1226 3011/1113/1162 3014/1114/1163
f 3014/1114/1163 2816/1115/1164 2818/1180/1228 3016/1179/1227
f 2816/1115/1164 2809/1116/1165 2810/1181/1229 2818/1180/1228
f 2809/1116/1165 2812/1117/1166 2814/1182/1230 2810/1181/1229
f 2812/1117/1166 2920/1118/1167 2922/1183/1231 2814/1182/1230
f 2920/1118/1167 2916/1119/1168 2918/1184/1232 2922/1183/1231
f 2916/1119/1168 2859/1120/1169 2857/1185/1233 2918/1184/1232
f 2859/1120/1169 2853/1121/1170 2855/1186/1234 2857/1185/1233
f 2853/1121/1170 2848/1122/1171 2849/1187/1235 2855/1186/1234
f 2848/1122/1171 2843/1123/1172 2846/1188/1236 2849/1187/1235
f 2843/1123/1172 2842/1124/1173 2844/1189/1237 2846/1188/1236
f 2842/1124/1173 1259/1125/1174 1260/1190/1238 2844/1189/1237
f 1259/1125/1174 1256/1126/1175 1257/1191/1239 1260/1190/1238
f 1256/1126/1175 1251/1127/1176 1253/1192/1240 1257/1191/1239
f 1251/1127/1176 1249/1128/1177 1247/1193/1241 1253/1192/1240
f 1249/1128/1177 1203/1129/1178 1205/1194/1242 1247/1193/1241
f 1203/1129/1178 1201/1130/1179 1202/1195/1243 1205/1194/1242
f 1201/1130/1179 1169/1131/1180 1170/1196/1244 1202/1195/1243
f 1169/1131/1180 1165/1132/1181 1166/1197/1245 1170/1196/1244
f 1165/1132/1181 1160/1133/1182 1162/1198/1246 1166/1197/1245
f 1160/1133/1182 1075/1134/1183 1076/1199/1247 1162/1198/1246
f 1075/1134/1183 1071/1135/1184 1072/1200/1248 1076/1199/1247
f 1071/1135/1184 1057/1136/1185 1058/1201/1249 1072/1200/1248
f 1057/1136/1185 1053/1137/1186 1054/1202/1250 1058/1201/1249
f 1053/1137/1186 1049/1138/1187 1050/1203/1251 1054/1202/1250
f 1049/1138/1187 1044/1139/1188 1047/1204/1252 1050/1203/1251
f 1044/1139/1188 1043/1140/1189 1045/1205/1253 1047/1204/1252
f 1043/1140/1189 165/1141/1190 166/1206/1254 1045/1205/1253
f 165/1141/1190 162/1142/1191 163/1207/1255 166/1206/1254
f 162/1142/1191 157/1143/1192 158/1208/1256 163/1207/1255
f 157/1143/1192 155/1144/1193 160/1209/1257 158/1208/1256
f 155/1144/1193 146/1145/1194 147/1210/1258 160/1209/1257
f 146/1145/1194 144/1146/1195 145/1211/1259 147/1210/1258
f 144/1146/1195 324/1147/1196 325/1212/1260 145/1211/1259
f 324/1147/1196 331/1148/1197 332/1213/1261 325/1212/1260
f 331/1148/1197 328/1149/1198 329/1214/1262 332/1213/1261
f 328/1149/1198 230/1150/1199 231/1215/1263 329/1214/1262
f 234/1216/1264 231/1215/1263 230/1150/1199 233/1151/1200
f 233/1151/1200 286/1152/1201 287/1217/1265 234/1216/1264
f 286/1152/1201 290/1153/1202 291/1218/1266 287/1217/1265
f 290/1153/1202 295/1154/1203 296/1219/1267 291/1218/1266
f 295/1154/1203 298/1155/1204 300/1220/1268 296/1219/1267
f 298/1155/1204 299/1156/1205 302/1221/1269 300/1220/1268
f 299/1156/1205 1945/1157/1206 1946/1222/1270 302/1221/1269
f 1945/1157/1206 1948/1158/1207 1949/1223/1271 1946/1222/1270
f 1948/1158/1207 1953/1159/1208 1954/1224/1272 1949/1223/1271
f 1953/1159/1208 1957/1160/1209 1958/1225/1273 1954/1224/1272
f 1957/1160/1209 2008/1161/1210 2009/1226/1274 1958/1225/1273
f 2013/1227/1275 2009/1226/1274 2008/1161/1210 2011/1162/1211
f 2011/1162/1211 2030/1163/1212 2032/1228/1276 2013/1227/1275
f 2030/1163/1212 2034/1164/1213 2035/1229/1277 2032/1228/1276
f 2034/1164/1213 2039/1165/1214 2040/1230/1278 2035/1229/1277
f 2039/1165/1214 2134/1166/1215 2136/1231/1279 2040/1230/1278
f 2139/1232/1280 2136/1231/1279 2134/1166/1215 2137/1167/1216
f 2137/1167/1216 2146/1168/1217 2144/1233/1281 2139/1232/1280
f 2146/1168/1217 2148/1169/1218 2150/1234/1282 2144/1233/1281
f 2148/1169/1218 2152/1170/1219 2153/1235/1283 2150/1234/1282
f 2152/1170/1219 2155/1171/1220 2156/1236/1284 2153/1235/1283
f 2155/1171/1220 2981/1172/1158 2983/1237/1222 2156/1236/1284
f 2986/1238/1285 2984/1239/1286 2983/1174/1222 2985/1173/1221
f 2989/1240/1287 2986/1238/1285 2985/1173/1221 2988/1175/1223
f 2988/1175/1223 2994/1176/1224 2995/1241/1288 2989/1240/1287
f 2994/1176/1224 2990/1177/1225 2991/1242/1289 2995/1241/1288
f 3012/1243/1290 2991/1242/1289 2990/1177/1225 3013/1178/1226
f 2808/1244/1291 3012/1243/1290 3013/1178/1226 3016/1179/1227
f 3016/1179/1227 2818/1180/1228 2819/1245/1292 2808/1244/1291
f 2811/1246/1293 2819/1245/1292 2818/1180/1228 2810/1181/1229
f 2810/1181/1229 2814/1182/1230 2815/1247/1294 2811/1246/1293
f 2814/1182/1230 2922/1183/1231 2807/1248/1295 2815/1247/1294
f 2922/1183/1231 2918/1184/1232 2917/1249/1296 2807/1248/1295
f 2918/1184/1232 2857/1185/1233 2858/1250/1297 2917/1249/1296
f 2856/1251/1298 2858/1250/1297 2857/1185/1233 2855/1186/1234
f 2855/1186/1234 2849/1187/1235 2850/1252/1299 2856/1251/1298
f 2849/1187/1235 2846/1188/1236 2847/1253/1300 2850/1252/1299
f 2846/1188/1236 2844/1189/1237 2845/1254/1301 2847/1253/1300
f 2844/1189/1237 1260/1190/1238 1261/1255/1302 2845/1254/1301
f 1260/1190/1238 1257/1191/1239 1258/1256/1303 1261/1255/1302
f 1257/1191/1239 1253/1192/1240 1254/1257/1304 1258/1256/1303
f 1253/1192/1240 1247/1193/1241 1248/1258/1305 1254/1257/1304
f 1247/1193/1241 1205/1194/1242 1204/1259/1306 1248/1258/1305
f 1205/1194/1242 1202/1195/1243 1172/1260/1307 1204/1259/1306
f 1202/1195/1243 1170/1196/1244 1171/1261/1308 1172/1260/1307
f 1170/1196/1244 1166/1197/1245 1167/1262/1309 1171/1261/1308
f 1166/1197/1245 1162/1198/1246 1163/1263/1310 1167/1262/1309
f 1162/1198/1246 1076/1199/1247 1159/1264/1311 1163/1263/1310
f 1076/1199/1247 1072/1200/1248 1073/1265/1312 1159/1264/1311
f 1072/1200/1248 1058/1201/1249 1059/1266/1313 1073/1265/1312
f 1058/1201/1249 1054/1202/1250 1055/1267/1314 1059/1266/1313
f 1054/1202/1250 1050/1203/1251 1051/1268/1315 1055/1267/1314
f 1050/1203/1251 1047/1204/1252 1048/1269/1316 1051/1268/1315
f 1047/1204/1252 1045/1205/1253 1046/1270/1317 1048/1269/1316
f 1045/1205/1253 166/1206/1254 167/1271/1318 1046/1270/1317
f 166/1206/1254 163/1207/1255 164/1272/1319 167/1271/1318
f 163/1207/1255 158/1208/1256 159/1273/1320 164/1272/1319
f 158/1208/1256 160/1209/1257 161/1274/1321 159/1273/1320
f 160/1209/1257 147/1210/1258 148/1275/1322 161/1274/1321
f 147/1210/1258 145/1211/1259 334/1276/1323 148/1275/1322
f 145/1211/1259 325/1212/1260 326/1277/1324 334/1276/1323
f 325/1212/1260 332/1213/1261 333/1278/1325 326/1277/1324
f 330/1279/1326 333/1278/1325 332/1213/1261 329/1214/1262
f 329/1214/1262 231/1215/1263 335/1280/1327 330/1279/1326
f 235/1281/1328 335/1280/1327 231/1215/1263 234/1216/1264
f 288/1282/1329 235/1281/1328 234/1216/1264 287/1217/1265
f 287/1217/1265 291/1218/1266 292/1283/1330 288/1282/1329
f 291/1218/1266 296/1219/1267 297/1284/1331 292/1283/1330
f 301/1285/1332 297/1284/1331 296/1219/1267 300/1220/1268
f 303/1286/1333 301/1285/1332 300/1220/1268 302/1221/1269
f 1947/1287/1334 303/1286/1333 302/1221/1269 1946/1222/1270
f 1950/1288/1335 1947/1287/1334 1946/1222/1270 1949/1223/1271
f 1949/1223/1271 1954/1224/1272 1955/1289/1336 1950/1288/1335
f 1954/1224/1272 1958/1225/1273 1959/1290/1337 1955/1289/1336
f 2010/1291/1338 1959/1290/1337 1958/1225/1273 2009/1226/1274
f 2029/1292/1339 2010/1291/1338 2009/1226/1274 2013/1227/1275
f 2013/1227/1275 2032/1228/1276 2033/1293/1340 2029/1292/1339
f 2036/1294/1341 2033/1293/1340 2032/1228/1276 2035/1229/1277
f 2041/1295/1342 2036/1294/1341 2035/1229/1277 2040/1230/1278
f 2040/1230/1278 2136/1231/1279 2042/1296/1343 2041/1295/1342
f 2138/1297/1344 2042/1296/1343 2136/1231/1279 2139/1232/1280
f 2145/1298/1345 2138/1297/1344 2139/1232/1280 2144/1233/1281
f 2151/1299/1346 2145/1298/1345 2144/1233/1281 2150/1234/1282
f 2150/1234/1282 2153/1235/1283 2154/1300/1347 2151/1299/1346
f 2157/1301/1348 2154/1300/1347 2153/1235/1283 2156/1236/1284
f 2984/1302/1286 2157/1301/1348 2156/1236/1284 2983/1237/1222
f 2984/1239/1286 2986/1238/1285 3100/1303/1349 3099/1304/1350
f 2986/1238/1285 2989/1240/1287 3101/1305/1351 3100/1303/1349
f 2989/1240/1287 2995/1241/1288 3106/1306/1352 3101/1305/1351
f 2995/1241/1288 2991/1242/1289 3105/1307/1353 3106/1306/1352
f 3114/1308/1354 3105/1307/1353 2991/1242/1289 3012/1243/1290
f 2826/1309/1355 3114/1308/1354 3012/1243/1290 2808/1244/1291
f 2808/1244/1291 2819/1245/1292 2825/1310/1356 2826/1309/1355
f 2819/1245/1292 2811/1246/1293 2829/1311/1357 2825/1310/1356
f 2822/1312/1358 2829/1311/1357 2811/1246/1293 2815/1247/1294
f 2815/1247/1294 2807/1248/1295 2821/1313/1359 2822/1312/1358
f 2807/1248/1295 2917/1249/1296 2975/1314/1360 2821/1313/1359
f 2917/1249/1296 2858/1250/1297 2967/1315/1361 2975/1314/1360
f 2966/1316/1362 2967/1315/1361 2858/1250/1297 2856/1251/1298
f 2856/1251/1298 2850/1252/1299 2962/1317/1363 2966/1316/1362
f 2850/1252/1299 2847/1253/1300 2961/1318/1364 2962/1317/1363
f 2847/1253/1300 2845/1254/1301 2960/1319/1365 2961/1318/1364
f 2845/1254/1301 1261/1255/1302 1300/1320/1366 2960/1319/1365
f 1261/1255/1302 1258/1256/1303 1299/1321/1367 1300/1320/1366
f 1258/1256/1303 1254/1257/1304 1296/1322/1368 1299/1321/1367
f 1254/1257/1304 1248/1258/1305 1295/1323/1369 1296/1322/1368
f 1248/1258/1305 1204/1259/1306 1293/1324/1370 1295/1323/1369
f 1204/1259/1306 1172/1260/1307 1180/1325/1371 1293/1324/1370
f 1172/1260/1307 1171/1261/1308 1179/1326/1372 1180/1325/1371
f 1171/1261/1308 1167/1262/1309 1177/1327/1373 1179/1326/1372
f 1167/1262/1309 1163/1263/1310 1174/1328/1374 1177/1327/1373
f 1163/1263/1310 1159/1264/1311 1173/1329/1375 1174/1328/1374
f 1159/1264/1311 1073/1265/1312 1092/1330/1376 1173/1329/1375
f 1073/1265/1312 1059/1266/1313 1084/1331/1377 1092/1330/1376
f 1059/1266/1313 1055/1267/1314 1083/1332/1378 1084/1331/1377
f 1055/1267/1314 1051/1268/1315 1079/1333/1379 1083/1332/1378
f 1051/1268/1315 1048/1269/1316 1078/1334/1380 1079/1333/1379
f 1048/1269/1316 1046/1270/1317 1077/1335/1381 1078/1334/1380
f 1046/1270/1317 167/1271/1318 175/1336/1382 1077/1335/1381
f 167/1271/1318 164/1272/1319 174/1337/1383 175/1336/1382
f 164/1272/1319 159/1273/1320 170/1338/1384 174/1337/1383
f 159/1273/1320 161/1274/1321 171/1339/1385 170/1338/1384
f 161/1274/1321 148/1275/1322 168/1340/1386 171/1339/1385
f 148/1275/1322 334/1276/1323 338/1341/1387 168/1340/1386
f 334/1276/1323 326/1277/1324 339/1342/1388 338/1341/1387
f 336/1343/1389 339/1342/1388 326/1277/1324 333/1278/1325
f 333/1278/1325 330/1279/1326 342/1344/1390 336/1343/1389
f 330/1279/1326 335/1280/1327 343/1345/1391 342/1344/1390
f 304/1346/1392 343/1345/1391 335/1280/1327 235/1281/1328
f 306/1347/1393 304/1346/1392 235/1281/1328 288/1282/1329
f 288/1282/1329 292/1283/1330 307/1348/1394 306/1347/1393
f 292/1283/1330 297/1284/1331 310/1349/1395 307/1348/1394
f 297/1284/1331 301/1285/1332 311/1350/1396 310/1349/1395
f 301/1285/1332 303/1286/1333 312/1351/1397 311/1350/1396
f 303/1286/1333 1947/1287/1334 2014/1352/1398 312/1351/1397
f 1947/1287/1334 1950/1288/1335 2015/1353/1399 2014/1352/1398
f 1950/1288/1335 1955/1289/1336 2018/1354/1400 2015/1353/1399
f 1955/1289/1336 1959/1290/1337 2019/1355/1401 2018/1354/1400
f 2026/1356/1402 2019/1355/1401 1959/1290/1337 2010/1291/1338
f 2043/1357/1403 2026/1356/1402 2010/1291/1338 2029/1292/1339
f 2029/1292/1339 2033/1293/1340 2044/1358/1404 2043/1357/1403
f 2047/1359/1405 2044/1358/1404 2033/1293/1340 2036/1294/1341
f 2049/1360/1406 2047/1359/1405 2036/1294/1341 2041/1295/1342
f 2041/1295/1342 2042/1296/1343 2050/1361/1407 2049/1360/1406
f 2227/1362/1408 2050/1361/1407 2042/1296/1343 2138/1297/1344
f 2229/1363/1409 2227/1362/1408 2138/1297/1344 2145/1298/1345
f 2230/1364/1410 2229/1363/1409 2145/1298/1345 2151/1299/1346
f 2151/1299/1346 2154/1300/1347 2233/1365/1411 2230/1364/1410
f 2154/1300/1347 2157/1301/1348 2234/1366/1412 2233/1365/1411
f 2157/1301/1348 2984/1302/1286 3099/1367/1350 2234/1366/1412
f 3099/1304/1350 3100/1303/1349 3103/1368/1413 3102/1369/1414
f 3100/1303/1349 3101/1305/1351 3104/1370/1415 3103/1368/1413
f 3101/1305/1351 3106/1306/1352 3107/1371/1416 3104/1370/1415
f 3106/1306/1352 3105/1307/1353 3108/1372/1417 3107/1371/1416
f 3115/1373/1418 3108/1372/1417 3105/1307/1353 3114/1308/1354
f 3114/1308/1354 2826/1309/1355 2828/1374/1419 3115/1373/1418
f 2826/1309/1355 2825/1310/1356 2827/1375/1420 2828/1374/1419
f 2825/1310/1356 2829/1311/1357 2830/1376/1421 2827/1375/1420
f 2829/1311/1357 2822/1312/1358 2824/1377/1422 2830/1376/1421
f 2822/1312/1358 2821/1313/1359 2823/1378/1423 2824/1377/1422
f 2976/1379/1424 2823/1378/1423 2821/1313/1359 2975/1314/1360
f 2975/1314/1360 2967/1315/1361 2969/1380/1425 2976/1379/1424
f 2967/1315/1361 2966/1316/1362 2968/1381/1426 2969/1380/1425
f 2966/1316/1362 2962/1317/1363 2965/1382/1427 2968/1381/1426
f 2962/1317/1363 2961/1318/1364 2964/1383/1428 2965/1382/1427
f 2961/1318/1364 2960/1319/1365 2963/1384/1429 2964/1383/1428
f 2960/1319/1365 1300/1320/1366 1302/1385/1430 2963/1384/1429
f 1300/1320/1366 1299/1321/1367 1301/1386/1431 1302/1385/1430
f 1299/1321/1367 1296/1322/1368 1298/1387/1432 1301/1386/1431
f 1296/1322/1368 1295/1323/1369 1297/1388/1433 1298/1387/1432
f 1295/1323/1369 1293/1324/1370 1294/1389/1434 1297/1388/1433
f 1293/1324/1370 1180/1325/1371 1182/1390/1435 1294/1389/1434
f 1180/1325/1371 1179/1326/1372 1181/1391/1436 1182/1390/1435
f 1179/1326/1372 1177/1327/1373 1178/1392/1437 1181/1391/1436
f 1177/1327/1373 1174/1328/1374 1176/1393/1438 1178/1392/1437
f 1174/1328/1374 1173/1329/1375 1175/1394/1439 1176/1393/1438
f 1173/1329/1375 1092/1330/1376 1093/1395/1440 1175/1394/1439
f 1092/1330/1376 1084/1331/1377 1086/1396/1441 1093/1395/1440
f 1084/1331/1377 1083/1332/1378 1085/1397/1442 1086/1396/1441
f 1083/1332/1378 1079/1333/1379 1082/1398/1443 1085/1397/1442
f 1079/1333/1379 1078/1334/1380 1081/1399/1444 1082/1398/1443
f 1078/1334/1380 1077/1335/1381 1080/1400/1445 1081/1399/1444
f 1077/1335/1381 175/1336/1382 177/1401/1446 1080/1400/1445
f 175/1336/1382 174/1337/1383 176/1402/1447 177/1401/1446
f 174/1337/1383 170/1338/1384 173/1403/1448 176/1402/1447
f 170/1338/1384 171/1339/1385 172/1404/1449 173/1403/1448
f 171/1339/1385 168/1340/1386 169/1405/1450 172/1404/1449
f 340/1406/1451 169/1405/1450 168/1340/1386 338/1341/1387
f 338/1341/1387 339/1342/1388 341/1407/1452 340/1406/1451
f 339/1342/1388 336/1343/1389 337/1408/1453 341/1407/1452
f 336/1343/1389 342/1344/1390 344/1409/1454 337/1408/1453
f 342/1344/1390 343/1345/1391 345/1410/1455 344/1409/1454
f 343/1345/1391 304/1346/1392 305/1411/1456 345/1410/1455
f 308/1412/1457 305/1411/1456 304/1346/1392 306/1347/1393
f 306/1347/1393 307/1348/1394 309/1413/1458 308/1412/1457
f 307/1348/1394 310/1349/1395 313/1414/1459 309/1413/1458
f 310/1349/1395 311/1350/1396 314/1415/1460 313/1414/1459
f 311/1350/1396 312/1351/1397 315/1416/1461 314/1415/1460
f 312/1351/1397 2014/1352/1398 2016/1417/1462 315/1416/1461
f 2014/1352/1398 2015/1353/1399 2017/1418/1463 2016/1417/1462
f 2015/1353/1399 2018/1354/1400 2020/1419/1464 2017/1418/1463
f 2018/1354/1400 2019/1355/1401 2021/1420/1465 2020/1419/1464
f 2027/1421/1466 2021/1420/1465 2019/1355/1401 2026/1356/1402
f 2045/1422/1467 2027/1421/1466 2026/1356/1402 2043/1357/1403
f 2043/1357/1403 2044/1358/1404 2046/1423/1468 2045/1422/1467
f 2044/1358/1404 2047/1359/1405 2048/1424/1469 2046/1423/1468
f 2047/1359/1405 2049/1360/1406 2051/1425/1470 2048/1424/1469
f 2049/1360/1406 2050/1361/1407 2052/1426/1471 2051/1425/1470
f 2228/1427/1472 2052/1426/1471 2050/1361/1407 2227/1362/1408
f 2231/1428/1473 2228/1427/1472 2227/1362/1408 2229/1363/1409
f 2229/1363/1409 2230/1364/1410 2232/1429/1474 2231/1428/1473
f 2230/1364/1410 2233/1365/1411 2235/1430/1475 2232/1429/1474
f 2233/1365/1411 2234/1366/1412 2236/1431/1476 2235/1430/1475
f 2234/1366/1412 3099/1367/1350 3102/1432/1414 2236/1431/1476
f 3110/1433/1477 3109/1434/1478 3102/1369/1414 3103/1368/1413
f 3103/1368/1413 3104/1370/1415 3111/1435/1479 3110/1433/1477
f 3104/1370/1415 3107/1371/1416 3112/1436/1480 3111/1435/1479
f 3113/1437/1481 3112/1436/1480 3107/1371/1416 3108/1372/1417
f 2836/1438/1482 3113/1437/1481 3108/1372/1417 3115/1373/1418
f 3115/1373/1418 2828/1374/1419 2835/1439/1483 2836/1438/1482
f 2828/1374/1419 2827/1375/1420 2834/1440/1484 2835/1439/1483
f 2837/1441/1485 2834/1440/1484 2827/1375/1420 2830/1376/1421
f 2830/1376/1421 2824/1377/1422 2833/1442/1486 2837/1441/1485
f 2824/1377/1422 2823/1378/1423 2832/1443/1487 2833/1442/1486
f 2823/1378/1423 2976/1379/1424 2831/1444/1488 2832/1443/1487
f 2976/1379/1424 2969/1380/1425 2974/1445/1489 2831/1444/1488
f 2969/1380/1425 2968/1381/1426 2973/1446/1490 2974/1445/1489
f 2968/1381/1426 2965/1382/1427 2972/1447/1491 2973/1446/1490
f 2965/1382/1427 2964/1383/1428 2971/1448/1492 2972/1447/1491
f 2970/1449/1493 2971/1448/1492 2964/1383/1428 2963/1384/1429
f 1306/1450/1494 2970/1449/1493 2963/1384/1429 1302/1385/1430
f 1302/1385/1430 1301/1386/1431 1305/1451/1495 1306/1450/1494
f 1301/1386/1431 1298/1387/1432 1304/1452/1496 1305/1451/1495
f 1298/1387/1432 1297/1388/1433 1303/1453/1497 1304/1452/1496
f 1297/1388/1433 1294/1389/1434 1189/1454/1498 1303/1453/1497
f 1294/1389/1434 1182/1390/1435 1188/1455/1499 1189/1454/1498
f 1182/1390/1435 1181/1391/1436 1187/1456/1500 1188/1455/1499
f 1181/1391/1436 1178/1392/1437 1186/1457/1501 1187/1456/1500
f 1178/1392/1437 1176/1393/1438 1185/1458/1502 1186/1457/1501
f 1176/1393/1438 1175/1394/1439 1184/1459/1503 1185/1458/1502
f 1175/1394/1439 1093/1395/1440 1183/1460/1504 1184/1459/1503
f 1093/1395/1440 1086/1396/1441 1091/1461/1505 1183/1460/1504
f 1086/1396/1441 1085/1397/1442 1090/1462/1506 1091/1461/1505
f 1085/1397/1442 1082/1398/1443 1089/1463/1507 1090/1462/1506
f 1082/1398/1443 1081/1399/1444 1088/1464/1508 1089/1463/1507
f 1081/1399/1444 1080/1400/1445 1087/1465/1509 1088/1464/1508
f 1080/1400/1445 177/1401/1446 181/1466/1510 1087/1465/1509
f 177/1401/1446 176/1402/1447 180/1467/1511 181/1466/1510
f 176/1402/1447 173/1403/1448 179/1468/1512 180/1467/1511
f 173/1403/1448 172/1404/1449 178/1469/1513 179/1468/1512
f 172/1404/1449 169/1405/1450 347/1470/1514 178/1469/1513
f 169/1405/1450 340/1406/1451 348/1471/1515 347/1470/1514
f 340/1406/1451 341/1407/1452 349/1472/1516 348/1471/1515
f 341/1407/1452 337/1408/1453 346/1473/1517 349/1472/1516
f 350/1474/1518 346/1473/1517 337/1408/1453 344/1409/1454
f 344/1409/1454 345/1410/1455 351/1475/1519 350/1474/1518
f 345/1410/1455 305/1411/1456 352/1476/1520 351/1475/1519
f 305/1411/1456 308/1412/1457 316/1477/1521 352/1476/1520
f 317/1478/1522 316/1477/1521 308/1412/1457 309/1413/1458
f 309/1413/1458 313/1414/1459 318/1479/1523 317/1478/1522
f 313/1414/1459 314/1415/1460 319/1480/1524 318/1479/1523
f 314/1415/1460 315/1416/1461 320/1481/1525 319/1480/1524
f 315/1416/1461 2016/1417/1462 2022/1482/1526 320/1481/1525
f 2016/1417/1462 2017/1418/1463 2023/1483/1527 2022/1482/1526
f 2017/1418/1463 2020/1419/1464 2024/1484/1528 2023/1483/1527
f 2025/1485/1529 2024/1484/1528 2020/1419/1464 2021/1420/1465
f 2053/1486/1530 2025/1485/1529 2021/1420/1465 2027/1421/1466
f 2027/1421/1466 2045/1422/1467 2054/1487/1531 2053/1486/1530
f 2045/1422/1467 2046/1423/1468 2055/1488/1532 2054/1487/1531
f 2056/1489/1533 2055/1488/1532 2046/1423/1468 2048/1424/1469
f 2057/1490/1534 2056/1489/1533 2048/1424/1469 2051/1425/1470
f 2051/1425/1470 2052/1426/1471 2058/1491/1535 2057/1490/1534
f 2052/1426/1471 2228/1427/1472 2059/1492/1536 2058/1491/1535
f 2228/1427/1472 2231/1428/1473 2237/1493/1537 2059/1492/1536
f 2238/1494/1538 2237/1493/1537 2231/1428/1473 2232/1429/1474
f 2232/1429/1474 2235/1430/1475 2239/1495/1539 2238/1494/1538
f 2235/1430/1475 2236/1431/1476 2240/1496/1540 2239/1495/1539
f 3109/1497/1478 2240/1496/1540 2236/1431/1476 3102/1432/1414
f 3109/1434/1478 3110/1433/1477 3624/1498/1541 3623/1499/1542
f 3110/1433/1477 3111/1435/1479 3625/1500/1543 3624/1498/1541
f 3111/1435/1479 3112/1436/1480 3629/1501/1544 3625/1500/1543
f 3112/1436/1480 3113/1437/1481 3202/1502/1545 3629/1501/1544
f 3113/1437/1481 2836/1438/1482 3232/1503/1546 3202/1502/1545
f 2836/1438/1482 2835/1439/1483 3231/1504/1547 3232/1503/1546
f 2835/1439/1483 2834/1440/1484 3230/1505/1548 3231/1504/1547
f 2834/1440/1484 2837/1441/1485 3235/1506/1549 3230/1505/1548
f 2837/1441/1485 2833/1442/1486 3227/1507/1550 3235/1506/1549
f 2833/1442/1486 2832/1443/1487 3226/1508/1551 3227/1507/1550
f 2832/1443/1487 2831/1444/1488 3225/1509/1552 3226/1508/1551
f 2831/1444/1488 2974/1445/1489 3180/1510/1553 3225/1509/1552
f 2974/1445/1489 2973/1446/1490 3434/1511/1554 3180/1510/1553
f 2973/1446/1490 2972/1447/1491 3430/1512/1555 3434/1511/1554
f 2972/1447/1491 2971/1448/1492 3429/1513/1556 3430/1512/1555
f 2971/1448/1492 2970/1449/1493 3428/1514/1557 3429/1513/1556
f 2970/1449/1493 1306/1450/1494 1764/1515/1558 3428/1514/1557
f 1306/1450/1494 1305/1451/1495 1763/1516/1559 1764/1515/1558
f 1305/1451/1495 1304/1452/1496 1761/1517/1560 1763/1516/1559
f 1304/1452/1496 1303/1453/1497 1639/1518/1561 1761/1517/1560
f 1303/1453/1497 1189/1454/1498 1532/1519/1562 1639/1518/1561
f 1189/1454/1498 1188/1455/1499 1531/1520/1563 1532/1519/1562
f 1188/1455/1499 1187/1456/1500 1530/1521/1564 1531/1520/1563
f 1187/1456/1500 1186/1457/1501 1528/1522/1565 1530/1521/1564
f 1186/1457/1501 1185/1458/1502 1525/1523/1566 1528/1522/1565
f 1185/1458/1502 1184/1459/1503 1524/1524/1567 1525/1523/1566
f 1184/1459/1503 1183/1460/1504 1523/1525/1568 1524/1524/1567
f 1183/1460/1504 1091/1461/1505 1501/1526/1569 1523/1525/1568
f 1091/1461/1505 1090/1462/1506 1313/1527/1570 1501/1526/1569
f 1090/1462/1506 1089/1463/1507 1309/1528/1571 1313/1527/1570
f 1089/1463/1507 1088/1464/1508 1308/1529/1572 1309/1528/1571
f 1088/1464/1508 1087/1465/1509 1307/1530/1573 1308/1529/1572
f 1087/1465/1509 181/1466/1510 369/1531/1574 1307/1530/1573
f 181/1466/1510 180/1467/1511 368/1532/1575 369/1531/1574
f 180/1467/1511 179/1468/1512 366/1533/1576 368/1532/1575
f 179/1468/1512 178/1469/1513 832/1534/1577 366/1533/1576
f 178/1469/1513 347/1470/1514 717/1535/1578 832/1534/1577
f 347/1470/1514 348/1471/1515 718/1536/1579 717/1535/1578
f 348/1471/1515 349/1472/1516 719/1537/1580 718/1536/1579
f 349/1472/1516 346/1473/1517 716/1538/1581 719/1537/1580
f 346/1473/1517 350/1474/1518 722/1539/1582 716/1538/1581
f 350/1474/1518 351/1475/1519 723/1540/1583 722/1539/1582
f 351/1475/1519 352/1476/1520 724/1541/1584 723/1540/1583
f 352/1476/1520 316/1477/1521 854/1542/1585 724/1541/1584
f 316/1477/1521 317/1478/1522 532/1543/1586 854/1542/1585
f 317/1478/1522 318/1479/1523 534/1544/1587 532/1543/1586
f 318/1479/1523 319/1480/1524 535/1545/1588 534/1544/1587
f 319/1480/1524 320/1481/1525 536/1546/1589 535/1545/1588
f 320/1481/1525 2022/1482/1526 2241/1547/1590 536/1546/1589
f 2022/1482/1526 2023/1483/1527 2242/1548/1591 2241/1547/1590
f 2023/1483/1527 2024/1484/1528 2245/1549/1592 2242/1548/1591
f 2024/1484/1528 2025/1485/1529 2400/1550/1593 2245/1549/1592
f 2025/1485/1529 2053/1486/1530 2422/1551/1594 2400/1550/1593
f 2053/1486/1530 2054/1487/1531 2423/1552/1595 2422/1551/1594
f 2054/1487/1531 2055/1488/1532 2424/1553/1596 2423/1552/1595
f 2055/1488/1532 2056/1489/1533 2428/1554/1597 2424/1553/1596
f 2056/1489/1533 2057/1490/1534 2429/1555/1598 2428/1554/1597
f 2057/1490/1534 2058/1491/1535 2430/1556/1599 2429/1555/1598
f 2058/1491/1535 2059/1492/1536 2431/1557/1600 2430/1556/1599
f 2059/1492/1536 2237/1493/1537 2538/1558/1601 2431/1557/1600
f 2237/1493/1537 2238/1494/1538 2652/1559/1602 2538/1558/1601
f 2238/1494/1538 2239/1495/1539 2654/1560/1603 2652/1559/1602
f 2239/1495/1539 2240/1496/1540 2655/1561/1604 2654/1560/1603
f 2240/1496/1540 3109/1497/1478 3623/1562/1542 2655/1561/1604
f 3623/1499/1542 3624/1498/1541 3627/1563/1605 3626/1564/1606
f 3624/1498/1541 3625/1500/1543 3628/1565/1607 3627/1563/1605
f 3630/1566/1608 3628/1565/1607 3625/1500/1543 3629/1501/1544
f 3629/1501/1544 3202/1502/1545 3204/1567/1609 3630/1566/1608
f 3202/1502/1545 3232/1503/1546 3203/1568/1610 3204/1567/1609
f 3232/1503/1546 3231/1504/1547 3233/1569/1611 3203/1568/1610
f 3231/1504/1547 3230/1505/1548 3234/1570/1612 3233/1569/1611
f 3230/1505/1548 3235/1506/1549 3224/1571/1613 3234/1570/1612
f 3235/1506/1549 3227/1507/1550 3229/1572/1614 3224/1571/1613
f 3227/1507/1550 3226/1508/1551 3228/1573/1615 3229/1572/1614
f 3226/1508/1551 3225/1509/1552 3182/1574/1616 3228/1573/1615
f 3225/1509/1552 3180/1510/1553 3181/1575/1617 3182/1574/1616
f 3435/1576/1618 3181/1575/1617 3180/1510/1553 3434/1511/1554
f 3434/1511/1554 3430/1512/1555 3433/1577/1619 3435/1576/1618
f 3430/1512/1555 3429/1513/1556 3432/1578/1620 3433/1577/1619
f 3429/1513/1556 3428/1514/1557 3431/1579/1621 3432/1578/1620
f 3428/1514/1557 1764/1515/1558 1766/1580/1622 3431/1579/1621
f 1764/1515/1558 1763/1516/1559 1765/1581/1623 1766/1580/1622
f 1763/1516/1559 1761/1517/1560 1762/1582/1624 1765/1581/1623
f 1761/1517/1560 1639/1518/1561 1641/1583/1625 1762/1582/1624
f 1639/1518/1561 1532/1519/1562 1640/1584/1626 1641/1583/1625
f 1532/1519/1562 1531/1520/1563 1534/1585/1627 1640/1584/1626
f 1531/1520/1563 1530/1521/1564 1533/1586/1628 1534/1585/1627
f 1530/1521/1564 1528/1522/1565 1529/1587/1629 1533/1586/1628
f 1528/1522/1565 1525/1523/1566 1527/1588/1630 1529/1587/1629
f 1525/1523/1566 1524/1524/1567 1526/1589/1631 1527/1588/1630
f 1524/1524/1567 1523/1525/1568 1503/1590/1632 1526/1589/1631
f 1523/1525/1568 1501/1526/1569 1502/1591/1633 1503/1590/1632
f 1501/1526/1569 1313/1527/1570 1314/1592/1634 1502/1591/1633
f 1313/1527/1570 1309/1528/1571 1312/1593/1635 1314/1592/1634
f 1309/1528/1571 1308/1529/1572 1311/1594/1636 1312/1593/1635
f 1308/1529/1572 1307/1530/1573 1310/1595/1637 1311/1594/1636
f 1307/1530/1573 369/1531/1574 371/1596/1638 1310/1595/1637
f 369/1531/1574 368/1532/1575 370/1597/1639 371/1596/1638
f 368/1532/1575 366/1533/1576 367/1598/1640 370/1597/1639
f 366/1533/1576 832/1534/1577 833/1599/1641 367/1598/1640
f 832/1534/1577 717/1535/1578 834/1600/1642 833/1599/1641
f 717/1535/1578 718/1536/1579 721/1601/1643 834/1600/1642
f 718/1536/1579 719/1537/1580 720/1602/1644 721/1601/1643
f 719/1537/1580 716/1538/1581 727/1603/1645 720/1602/1644
f 716/1538/1581 722/1539/1582 725/1604/1646 727/1603/1645
f 722/1539/1582 723/1540/1583 726/1605/1647 725/1604/1646
f 723/1540/1583 724/1541/1584 855/1606/1648 726/1605/1647
f 724/1541/1584 854/1542/1585 856/1607/1649 855/1606/1648
f 854/1542/1585 532/1543/1586 533/1608/1650 856/1607/1649
f 537/1609/1651 533/1608/1650 532/1543/1586 534/1544/1587
f 534/1544/1587 535/1545/1588 538/1610/1652 537/1609/1651
f 535/1545/1588 536/1546/1589 539/1611/1653 538/1610/1652
f 536/1546/1589 2241/1547/1590 2243/1612/1654 539/1611/1653
f 2241/1547/1590 2242/1548/1591 2244/1613/1655 2243/1612/1654
f 2246/1614/1656 2244/1613/1655 2242/1548/1591 2245/1549/1592
f 2245/1549/1592 2400/1550/1593 2401/1615/1657 2246/1614/1656
f 2400/1550/1593 2422/1551/1594 2402/1616/1658 2401/1615/1657
f 2422/1551/1594 2423/1552/1595 2425/1617/1659 2402/1616/1658
f 2423/1552/1595 2424/1553/1596 2426/1618/1660 2425/1617/1659
f 2424/1553/1596 2428/1554/1597 2427/1619/1661 2426/1618/1660
f 2428/1554/1597 2429/1555/1598 2432/1620/1662 2427/1619/1661
f 2429/1555/1598 2430/1556/1599 2433/1621/1663 2432/1620/1662
f 2430/1556/1599 2431/1557/1600 2539/1622/1664 2433/1621/1663
f 2431/1557/1600 2538/1558/1601 2540/1623/1665 2539/1622/1664
f 2653/1624/1666 2540/1623/1665 2538/1558/1601 2652/1559/1602
f 2656/1625/1667 2653/1624/1666 2652/1559/1602 2654/1560/1603
f 2654/1560/1603 2655/1561/1604 2657/1626/1668 2656/1625/1667
f 2655/1561/1604 3623/1562/1542 3626/1627/1606 2657/1626/1668
f 3626/1564/1606 3627/1563/1605 3636/1628/1669 3631/1629/1670
f 3627/1563/1605 3628/1565/1607 3641/1630/1671 3636/1628/1669
f 3628/1565/1607 3630/1566/1608 3205/1631/1672 3641/1630/1671
f 3630/1566/1608 3204/1567/1609 3214/1632/1673 3205/1631/1672
f 3204/1567/1609 3203/1568/1610 3209/1633/1674 3214/1632/1673
f 3203/1568/1610 3233/1569/1611 3278/1634/1675 3209/1633/1674
f 3233/1569/1611 3234/1570/1612 3283/1635/1676 3278/1634/1675
f 3234/1570/1612 3224/1571/1613 3236/1636/1677 3283/1635/1676
f 3224/1571/1613 3229/1572/1614 3246/1637/1678 3236/1636/1677
f 3229/1572/1614 3228/1573/1615 3241/1638/1679 3246/1637/1678
f 3228/1573/1615 3182/1574/1616 3192/1639/1680 3241/1638/1679
f 3182/1574/1616 3181/1575/1617 3187/1640/1681 3192/1639/1680
f 3181/1575/1617 3435/1576/1618 3183/1641/1682 3187/1640/1681
f 3454/1642/1683 3183/1641/1682 3435/1576/1618 3433/1577/1619
f 3433/1577/1619 3432/1578/1620 3441/1643/1684 3454/1642/1683
f 3432/1578/1620 3431/1579/1621 3436/1644/1685 3441/1643/1684
f 3431/1579/1621 1766/1580/1622 1802/1645/1686 3436/1644/1685
f 1766/1580/1622 1765/1581/1623 1794/1646/1687 1802/1645/1686
f 1765/1581/1623 1762/1582/1624 1652/1647/1688 1794/1646/1687
f 1762/1582/1624 1641/1583/1625 1647/1648/1689 1652/1647/1688
f 1641/1583/1625 1640/1584/1626 1642/1649/1690 1647/1648/1689
f 1640/1584/1626 1534/1585/1627 1611/1650/1691 1642/1649/1690
f 1534/1585/1627 1533/1586/1628 1604/1651/1692 1611/1650/1691
f 1533/1586/1628 1529/1587/1629 1599/1652/1693 1604/1651/1692
f 1529/1587/1629 1527/1588/1630 1543/1653/1694 1599/1652/1693
f 1527/1588/1630 1526/1589/1631 1539/1654/1695 1543/1653/1694
f 1526/1589/1631 1503/1590/1632 1516/1655/1696 1539/1654/1695
f 1503/1590/1632 1502/1591/1633 1510/1656/1697 1516/1655/1696
f 1502/1591/1633 1314/1592/1634 1506/1657/1698 1510/1656/1697
f 1314/1592/1634 1312/1593/1635 1339/1658/1699 1506/1657/1698
f 1312/1593/1635 1311/1594/1636 1334/1659/1700 1339/1658/1699
f 1311/1594/1636 1310/1595/1637 1329/1660/1701 1334/1659/1700
f 1310/1595/1637 371/1596/1638 413/1661/1702 1329/1660/1701
f 371/1596/1638 370/1597/1639 408/1662/1703 413/1661/1702
f 370/1597/1639 367/1598/1640 847/1663/1704 408/1662/1703
f 367/1598/1640 833/1599/1641 837/1664/1705 847/1663/1704
f 833/1599/1641 834/1600/1642 843/1665/1706 837/1664/1705
f 834/1600/1642 721/1601/1643 763/1666/1707 843/1665/1706
f 721/1601/1643 720/1602/1644 758/1667/1708 763/1666/1707
f 720/1602/1644 727/1603/1645 829/1668/1709 758/1667/1708
f 727/1603/1645 725/1604/1646 795/1669/1710 829/1668/1709
f 725/1604/1646 726/1605/1647 800/1670/1711 795/1669/1710
f 726/1605/1647 855/1606/1648 860/1671/1712 800/1670/1711
f 855/1606/1648 856/1607/1649 864/1672/1713 860/1671/1712
f 856/1607/1649 533/1608/1650 869/1673/1714 864/1672/1713
f 533/1608/1650 537/1609/1651 572/1674/1715 869/1673/1714
f 537/1609/1651 538/1610/1652 585/1675/1716 572/1674/1715
f 538/1610/1652 539/1611/1653 590/1676/1717 585/1675/1716
f 539/1611/1653 2243/1612/1654 2253/1677/1718 590/1676/1717
f 2243/1612/1654 2244/1613/1655 2261/1678/1719 2253/1677/1718
f 2244/1613/1655 2246/1614/1656 2405/1679/1720 2261/1678/1719
f 2246/1614/1656 2401/1615/1657 2409/1680/1721 2405/1679/1720
f 2401/1615/1657 2402/1616/1658 2415/1681/1722 2409/1680/1721
f 2402/1616/1658 2425/1617/1659 2435/1682/1723 2415/1681/1722
f 2425/1617/1659 2426/1618/1660 2442/1683/1724 2435/1682/1723
f 2426/1618/1660 2427/1619/1661 2471/1684/1725 2442/1683/1724
f 2427/1619/1661 2432/1620/1662 2503/1685/1726 2471/1684/1725
f 2432/1620/1662 2433/1621/1663 2507/1686/1727 2503/1685/1726
f 2433/1621/1663 2539/1622/1664 2541/1687/1728 2507/1686/1727
f 2539/1622/1664 2540/1623/1665 2546/1688/1729 2541/1687/1728
f 2540/1623/1665 2653/1624/1666 2551/1689/1730 2546/1688/1729
f 2684/1690/1731 2551/1689/1730 2653/1624/1666 2656/1625/1667
f 2656/1625/1667 2657/1626/1668 2689/1691/1732 2684/1690/1731
f 2657/1626/1668 3626/1627/1606 3631/1692/1670 2689/1691/1732
f 3637/1693/1733 3632/1694/1734 3631/1629/1670 3636/1628/1669
f 3642/1695/1735 3637/1693/1733 3636/1628/1669 3641/1630/1671
f 3206/1696/1736 3642/1695/1735 3641/1630/1671 3205/1631/1672
f 3205/1631/1672 3214/1632/1673 3215/1697/1737 3206/1696/1736
f 3210/1698/1738 3215/1697/1737 3214/1632/1673 3209/1633/1674
f 3209/1633/1674 3278/1634/1675 3279/1699/1739 3210/1698/1738
f 3278/1634/1675 3283/1635/1676 3284/1700/1740 3279/1699/1739
f 3283/1635/1676 3236/1636/1677 3237/1701/1741 3284/1700/1740
f 3247/1702/1742 3237/1701/1741 3236/1636/1677 3246/1637/1678
f 3246/1637/1678 3241/1638/1679 3242/1703/1743 3247/1702/1742
f 3193/1704/1744 3242/1703/1743 3241/1638/1679 3192/1639/1680
f 3192/1639/1680 3187/1640/1681 3188/1705/1745 3193/1704/1744
f 3187/1640/1681 3183/1641/1682 3184/1706/1746 3188/1705/1745
f 3183/1641/1682 3454/1642/1683 3455/1707/1747 3184/1706/1746
f 3454/1642/1683 3441/1643/1684 3442/1708/1748 3455/1707/1747
f 3441/1643/1684 3436/1644/1685 3437/1709/1749 3442/1708/1748
f 3436/1644/1685 1802/1645/1686 1803/1710/1750 3437/1709/1749
f 1802/1645/1686 1794/1646/1687 1795/1711/1751 1803/1710/1750
f 1794/1646/1687 1652/1647/1688 1653/1712/1752 1795/1711/1751
f 1652/1647/1688 1647/1648/1689 1648/1713/1753 1653/1712/1752
f 1647/1648/1689 1642/1649/1690 1643/1714/1754 1648/1713/1753
f 1642/1649/1690 1611/1650/1691 1610/1715/1755 1643/1714/1754
f 1611/1650/1691 1604/1651/1692 1605/1716/1756 1610/1715/1755
f 1604/1651/1692 1599/1652/1693 1600/1717/1757 1605/1716/1756
f 1599/1652/1693 1543/1653/1694 1544/1718/1758 1600/1717/1757
f 1543/1653/1694 1539/1654/1695 1540/1719/1759 1544/1718/1758
f 1539/1654/1695 1516/1655/1696 1517/1720/1760 1540/1719/1759
f 1516/1655/1696 1510/1656/1697 1511/1721/1761 1517/1720/1760
f 1510/1656/1697 1506/1657/1698 1507/1722/1762 1511/1721/1761
f 1506/1657/1698 1339/1658/1699 1340/1723/1763 1507/1722/1762
f 1339/1658/1699 1334/1659/1700 1335/1724/1764 1340/1723/1763
f 1334/1659/1700 1329/1660/1701 1330/1725/1765 1335/1724/1764
f 1329/1660/1701 413/1661/1702 414/1726/1766 1330/1725/1765
f 413/1661/1702 408/1662/1703 409/1727/1767 414/1726/1766
f 408/1662/1703 847/1663/1704 848/1728/1768 409/1727/1767
f 838/1729/1769 848/1728/1768 847/1663/1704 837/1664/1705
f 837/1664/1705 843/1665/1706 844/1730/1770 838/1729/1769
f 762/1731/1771 844/1730/1770 843/1665/1706 763/1666/1707
f 759/1732/1772 762/1731/1771 763/1666/1707 758/1667/1708
f 830/1733/1773 759/1732/1772 758/1667/1708 829/1668/1709
f 829/1668/1709 795/1669/1710 796/1734/1774 830/1733/1773
f 799/1735/1775 796/1734/1774 795/1669/1710 800/1670/1711
f 800/1670/1711 860/1671/1712 861/1736/1776 799/1735/1775
f 865/1737/1777 861/1736/1776 860/1671/1712 864/1672/1713
f 870/1738/1778 865/1737/1777 864/1672/1713 869/1673/1714
f 573/1739/1779 870/1738/1778 869/1673/1714 572/1674/1715
f 586/1740/1780 573/1739/1779 572/1674/1715 585/1675/1716
f 591/1741/1781 586/1740/1780 585/1675/1716 590/1676/1717
f 2254/1742/1782 591/1741/1781 590/1676/1717 2253/1677/1718
f 2262/1743/1783 2254/1742/1782 2253/1677/1718 2261/1678/1719
f 2406/1744/1784 2262/1743/1783 2261/1678/1719 2405/1679/1720
f 2410/1745/1785 2406/1744/1784 2405/1679/1720 2409/1680/1721
f 2416/1746/1786 2410/1745/1785 2409/1680/1721 2415/1681/1722
f 2436/1747/1787 2416/1746/1786 2415/1681/1722 2435/1682/1723
f 2443/1748/1788 2436/1747/1787 2435/1682/1723 2442/1683/1724
f 2472/1749/1789 2443/1748/1788 2442/1683/1724 2471/1684/1725
f 2504/1750/1790 2472/1749/1789 2471/1684/1725 2503/1685/1726
f 2506/1751/1791 2504/1750/1790 2503/1685/1726 2507/1686/1727
f 2542/1752/1792 2506/1751/1791 2507/1686/1727 2541/1687/1728
f 2547/1753/1793 2542/1752/1792 2541/1687/1728 2546/1688/1729
f 2552/1754/1794 2547/1753/1793 2546/1688/1729 2551/1689/1730
f 2685/1755/1795 2552/1754/1794 2551/1689/1730 2684/1690/1731
f 2690/1756/1796 2685/1755/1795 2684/1690/1731 2689/1691/1732
f 3632/1757/1734 2690/1756/1796 2689/1691/1732 3631/1692/1670
f 3638/1758/1797 3633/1759/1798 3632/1694/1734 3637/1693/1733
f 3643/1760/1799 3638/1758/1797 3637/1693/1733 3642/1695/1735
f 3642/1695/1735 3206/1696/1736 3207/1761/1800 3643/1760/1799
f 3206/1696/1736 3215/1697/1737 3216/1762/1801 3207/1761/1800
f 3211/1763/1802 3216/1762/1801 3215/1697/1737 3210/1698/1738
f 3210/1698/1738 3279/1699/1739 3280/1764/1803 3211/1763/1802
f 3285/1765/1804 3280/1764/1803 3279/1699/1739 3284/1700/1740
f 3284/1700/1740 3237/1701/1741 3238/1766/1805 3285/1765/1804
f 3237/1701/1741 3247/1702/1742 3248/1767/1806 3238/1766/1805
f 3247/1702/1742 3242/1703/1743 3243/1768/1807 3248/1767/1806
f 3194/1769/1808 3243/1768/1807 3242/1703/1743 3193/1704/1744
f 3193/1704/1744 3188/1705/1745 3189/1770/1809 3194/1769/1808
f 3188/1705/1745 3184/1706/1746 3185/1771/1810 3189/1770/1809
f 3456/1772/1811 3185/1771/1810 3184/1706/1746 3455/1707/1747
f 3455/1707/1747 3442/1708/1748 3443/1773/1812 3456/1772/1811
f 3442/1708/1748 3437/1709/1749 3438/1774/1813 3443/1773/1812
f 3437/1709/1749 1803/1710/1750 1804/1775/1814 3438/1774/1813
f 1803/1710/1750 1795/1711/1751 1796/1776/1815 1804/1775/1814
f 1795/1711/1751 1653/1712/1752 1654/1777/1816 1796/1776/1815
f 1653/1712/1752 1648/1713/1753 1649/1778/1817 1654/1777/1816
f 1648/1713/1753 1643/1714/1754 1644/1779/1818 1649/1778/1817
f 1643/1714/1754 1610/1715/1755 1612/1780/1819 1644/1779/1818
f 1610/1715/1755 1605/1716/1756 1606/1781/1820 1612/1780/1819
f 1605/1716/1756 1600/1717/1757 1601/1782/1821 1606/1781/1820
f 1600/1717/1757 1544/1718/1758 1542/1783/1822 1601/1782/1821
f 1544/1718/1758 1540/1719/1759 1541/1784/1823 1542/1783/1822
f 1540/1719/1759 1517/1720/1760 1515/1785/1824 1541/1784/1823
f 1517/1720/1760 1511/1721/1761 1512/1786/1825 1515/1785/1824
f 1511/1721/1761 1507/1722/1762 1505/1787/1826 1512/1786/1825
f 1507/1722/1762 1340/1723/1763 1341/1788/1827 1505/1787/1826
f 1340/1723/1763 1335/1724/1764 1336/1789/1828 1341/1788/1827
f 1335/1724/1764 1330/1725/1765 1331/1790/1829 1336/1789/1828
f 1330/1725/1765 414/1726/1766 415/1791/1830 1331/1790/1829
f 414/1726/1766 409/1727/1767 410/1792/1831 415/1791/1830
f 846/1793/1832 410/1792/1831 409/1727/1767 848/1728/1768
f 839/1794/1833 846/1793/1832 848/1728/1768 838/1729/1769
f 838/1729/1769 844/1730/1770 842/1795/1834 839/1794/1833
f 764/1796/1835 842/1795/1834 844/1730/1770 762/1731/1771
f 762/1731/1771 759/1732/1772 757/1797/1836 764/1796/1835
f 831/1798/1837 757/1797/1836 759/1732/1772 830/1733/1773
f 794/1799/1838 831/1798/1837 830/1733/1773 796/1734/1774
f 801/1800/1839 794/1799/1838 796/1734/1774 799/1735/1775
f 799/1735/1775 861/1736/1776 859/1801/1840 801/1800/1839
f 866/1802/1841 859/1801/1840 861/1736/1776 865/1737/1777
f 868/1803/1842 866/1802/1841 865/1737/1777 870/1738/1778
f 870/1738/1778 573/1739/1779 574/1804/1843 868/1803/1842
f 587/1805/1844 574/1804/1843 573/1739/1779 586/1740/1780
f 592/1806/1845 587/1805/1844 586/1740/1780 591/1741/1781
f 2255/1807/1846 592/1806/1845 591/1741/1781 2254/1742/1782
f 2263/1808/1847 2255/1807/1846 2254/1742/1782 2262/1743/1783
f 2404/1809/1848 2263/1808/1847 2262/1743/1783 2406/1744/1784
f 2411/1810/1849 2404/1809/1848 2406/1744/1784 2410/1745/1785
f 2414/1811/1850 2411/1810/1849 2410/1745/1785 2416/1746/1786
f 2437/1812/1851 2414/1811/1850 2416/1746/1786 2436/1747/1787
f 2441/1813/1852 2437/1812/1851 2436/1747/1787 2443/1748/1788
f 2473/1814/1853 2441/1813/1852 2443/1748/1788 2472/1749/1789
f 2505/1815/1854 2473/1814/1853 2472/1749/1789 2504/1750/1790
f 2508/1816/1855 2505/1815/1854 2504/1750/1790 2506/1751/1791
f 2543/1817/1856 2508/1816/1855 2506/1751/1791 2542/1752/1792
f 2548/1818/1857 2543/1817/1856 2542/1752/1792 2547/1753/1793
f 2553/1819/1858 2548/1818/1857 2547/1753/1793 2552/1754/1794
f 2686/1820/1859 2553/1819/1858 2552/1754/1794 2685/1755/1795
f 2691/1821/1860 2686/1820/1859 2685/1755/1795 2690/1756/1796
f 3633/1822/1798 2691/1821/1860 2690/1756/1796 3632/1757/1734
f 3639/1823/1861 3634/1824/1862 3633/1759/1798 3638/1758/1797
f 3644/1825/1863 3639/1823/1861 3638/1758/1797 3643/1760/1799
f 3643/1760/1799 3207/1761/1800 3208/1826/1864 3644/1825/1863
f 3207/1761/1800 3216/1762/1801 3217/1827/1865 3208/1826/1864
f 3216/1762/1801 3211/1763/1802 3212/1828/1866 3217/1827/1865
f 3281/1829/1867 3212/1828/1866 3211/1763/1802 3280/1764/1803
f 3286/1830/1868 3281/1829/1867 3280/1764/1803 3285/1765/1804
f 3239/1831/1869 3286/1830/1868 3285/1765/1804 3238/1766/1805
f 3238/1766/1805 3248/1767/1806 3249/1832/1870 3239/1831/1869
f 3248/1767/1806 3243/1768/1807 3244/1833/1871 3249/1832/1870
f 3243/1768/1807 3194/1769/1808 3195/1834/1872 3244/1833/1871
f 3194/1769/1808 3189/1770/1809 3190/1835/1873 3195/1834/1872
f 3189/1770/1809 3185/1771/1810 3186/1836/1874 3190/1835/1873
f 3457/1837/1875 3186/1836/1874 3185/1771/1810 3456/1772/1811
f 3456/1772/1811 3443/1773/1812 3444/1838/1876 3457/1837/1875
f 3443/1773/1812 3438/1774/1813 3439/1839/1877 3444/1838/1876
f 3438/1774/1813 1804/1775/1814 1805/1840/1878 3439/1839/1877
f 1804/1775/1814 1796/1776/1815 1797/1841/1879 1805/1840/1878
f 1796/1776/1815 1654/1777/1816 1655/1842/1880 1797/1841/1879
f 1654/1777/1816 1649/1778/1817 1650/1843/1881 1655/1842/1880
f 1649/1778/1817 1644/1779/1818 1645/1844/1882 1650/1843/1881
f 1644/1779/1818 1612/1780/1819 1613/1845/1883 1645/1844/1882
f 1612/1780/1819 1606/1781/1820 1603/1846/1884 1613/1845/1883
f 1606/1781/1820 1601/1782/1821 1598/1847/1885 1603/1846/1884
f 1601/1782/1821 1542/1783/1822 1546/1848/1886 1598/1847/1885
f 1542/1783/1822 1541/1784/1823 1537/1849/1887 1546/1848/1886
f 1541/1784/1823 1515/1785/1824 1514/1850/1888 1537/1849/1887
f 1515/1785/1824 1512/1786/1825 1509/1851/1889 1514/1850/1888
f 1512/1786/1825 1505/1787/1826 1504/1852/1890 1509/1851/1889
f 1505/1787/1826 1341/1788/1827 1337/1853/1891 1504/1852/1890
f 1341/1788/1827 1336/1789/1828 1333/1854/1892 1337/1853/1891
f 1336/1789/1828 1331/1790/1829 1328/1855/1893 1333/1854/1892
f 1331/1790/1829 415/1791/1830 412/1856/1894 1328/1855/1893
f 415/1791/1830 410/1792/1831 407/1857/1895 412/1856/1894
f 845/1858/1896 407/1857/1895 410/1792/1831 846/1793/1832
f 836/1859/1897 845/1858/1896 846/1793/1832 839/1794/1833
f 841/1860/1898 836/1859/1897 839/1794/1833 842/1795/1834
f 842/1795/1834 764/1796/1835 761/1861/1899 841/1860/1898
f 764/1796/1835 757/1797/1836 756/1862/1900 761/1861/1899
f 757/1797/1836 831/1798/1837 828/1863/1901 756/1862/1900
f 793/1864/1902 828/1863/1901 831/1798/1837 794/1799/1838
f 798/1865/1903 793/1864/1902 794/1799/1838 801/1800/1839
f 858/1866/1904 798/1865/1903 801/1800/1839 859/1801/1840
f 863/1867/1905 858/1866/1904 859/1801/1840 866/1802/1841
f 867/1868/1906 863/1867/1905 866/1802/1841 868/1803/1842
f 868/1803/1842 574/1804/1843 571/1869/1907 867/1868/1906
f 584/1870/1908 571/1869/1907 574/1804/1843 587/1805/1844
f 589/1871/1909 584/1870/1908 587/1805/1844 592/1806/1845
f 2252/1872/1910 589/1871/1909 592/1806/1845 2255/1807/1846
f 2260/1873/1911 2252/1872/1910 2255/1807/1846 2263/1808/1847
f 2403/1874/1912 2260/1873/1911 2263/1808/1847 2404/1809/1848
f 2408/1875/1913 2403/1874/1912 2404/1809/1848 2411/1810/1849
f 2413/1876/1914 2408/1875/1913 2411/1810/1849 2414/1811/1850
f 2434/1877/1915 2413/1876/1914 2414/1811/1850 2437/1812/1851
f 2444/1878/1916 2434/1877/1915 2437/1812/1851 2441/1813/1852
f 2474/1879/1917 2444/1878/1916 2441/1813/1852 2473/1814/1853
f 2501/1880/1918 2474/1879/1917 2473/1814/1853 2505/1815/1854
f 2510/1881/1919 2501/1880/1918 2505/1815/1854 2508/1816/1855
f 2544/1882/1920 2510/1881/1919 2508/1816/1855 2543/1817/1856
f 2549/1883/1921 2544/1882/1920 2543/1817/1856 2548/1818/1857
f 2554/1884/1922 2549/1883/1921 2548/1818/1857 2553/1819/1858
f 2688/1885/1923 2554/1884/1922 2553/1819/1858 2686/1820/1859
f 2692/1886/1924 2688/1885/1923 2686/1820/1859 2691/1821/1860
f 3634/1887/1862 2692/1886/1924 2691/1821/1860 3633/1822/1798
f 3640/1888/1925 3635/1889/1926 3634/1824/1862 3639/1823/1861
f 3639/1823/1861 3644/1825/1863 3645/1890/1927 3640/1888/1925
f 3691/1891/1928 3645/1890/1927 3644/1825/1863 3208/1826/1864
f 3218/1892/1929 3691/1891/1928 3208/1826/1864 3217/1827/1865
f 3217/1827/1865 3212/1828/1866 3213/1893/1930 3218/1892/1929
f 3282/1894/1931 3213/1893/1930 3212/1828/1866 3281/1829/1867
f 3287/1895/1932 3282/1894/1931 3281/1829/1867 3286/1830/1868
f 3286/1830/1868 3239/1831/1869 3240/1896/1933 3287/1895/1932
f 3239/1831/1869 3249/1832/1870 3250/1897/1934 3240/1896/1933
f 3249/1832/1870 3244/1833/1871 3245/1898/1935 3250/1897/1934
f 3244/1833/1871 3195/1834/1872 3196/1899/1936 3245/1898/1935
f 3195/1834/1872 3190/1835/1873 3191/1900/1937 3196/1899/1936
f 3190/1835/1873 3186/1836/1874 3496/1901/1938 3191/1900/1937
f 3186/1836/1874 3457/1837/1875 3458/1902/1939 3496/1901/1938
f 3457/1837/1875 3444/1838/1876 3445/1903/1940 3458/1902/1939
f 3444/1838/1876 3439/1839/1877 3440/1904/1941 3445/1903/1940
f 3439/1839/1877 1805/1840/1878 1806/1905/1942 3440/1904/1941
f 1805/1840/1878 1797/1841/1879 1793/1906/1943 1806/1905/1942
f 1797/1841/1879 1655/1842/1880 1772/1907/1944 1793/1906/1943
f 1655/1842/1880 1650/1843/1881 1651/1908/1945 1772/1907/1944
f 1650/1843/1881 1645/1844/1882 1646/1909/1946 1651/1908/1945
f 1645/1844/1882 1613/1845/1883 1609/1910/1947 1646/1909/1946
f 1613/1845/1883 1603/1846/1884 1602/1911/1948 1609/1910/1947
f 1603/1846/1884 1598/1847/1885 1597/1912/1949 1602/1911/1948
f 1598/1847/1885 1546/1848/1886 1545/1913/1950 1597/1912/1949
f 1546/1848/1886 1537/1849/1887 1538/1914/1951 1545/1913/1950
f 1537/1849/1887 1514/1850/1888 1513/1915/1952 1538/1914/1951
f 1514/1850/1888 1509/1851/1889 1508/1916/1953 1513/1915/1952
f 1509/1851/1889 1504/1852/1890 1379/1917/1954 1508/1916/1953
f 1504/1852/1890 1337/1853/1891 1338/1918/1955 1379/1917/1954
f 1337/1853/1891 1333/1854/1892 1332/1919/1956 1338/1918/1955
f 1333/1854/1892 1328/1855/1893 1327/1920/1957 1332/1919/1956
f 1328/1855/1893 412/1856/1894 411/1921/1958 1327/1920/1957
f 406/1922/1959 411/1921/1958 412/1856/1894 407/1857/1895
f 407/1857/1895 845/1858/1896 380/1923/1960 406/1922/1959
f 845/1858/1896 836/1859/1897 835/1924/1961 380/1923/1960
f 840/1925/1962 835/1924/1961 836/1859/1897 841/1860/1898
f 841/1860/1898 761/1861/1899 760/1926/1963 840/1925/1962
f 761/1861/1899 756/1862/1900 755/1927/1964 760/1926/1963
f 827/1928/1965 755/1927/1964 756/1862/1900 828/1863/1901
f 792/1929/1966 827/1928/1965 828/1863/1901 793/1864/1902
f 797/1930/1967 792/1929/1966 793/1864/1902 798/1865/1903
f 857/1931/1968 797/1930/1967 798/1865/1903 858/1866/1904
f 862/1932/1969 857/1931/1968 858/1866/1904 863/1867/1905
f 548/1933/1970 862/1932/1969 863/1867/1905 867/1868/1906
f 570/1934/1971 548/1933/1970 867/1868/1906 571/1869/1907
f 583/1935/1972 570/1934/1971 571/1869/1907 584/1870/1908
f 588/1936/1973 583/1935/1972 584/1870/1908 589/1871/1909
f 2251/1937/1974 588/1936/1973 589/1871/1909 2252/1872/1910
f 2264/1938/1975 2251/1937/1974 2252/1872/1910 2260/1873/1911
f 2290/1939/1976 2264/1938/1975 2260/1873/1911 2403/1874/1912
f 2407/1940/1977 2290/1939/1976 2403/1874/1912 2408/1875/1913
f 2412/1941/1978 2407/1940/1977 2408/1875/1913 2413/1876/1914
f 2438/1942/1979 2412/1941/1978 2413/1876/1914 2434/1877/1915
f 2445/1943/1980 2438/1942/1979 2434/1877/1915 2444/1878/1916
f 2475/1944/1981 2445/1943/1980 2444/1878/1916 2474/1879/1917
f 2502/1945/1982 2475/1944/1981 2474/1879/1917 2501/1880/1918
f 2509/1946/1983 2502/1945/1982 2501/1880/1918 2510/1881/1919
f 2545/1947/1984 2509/1946/1983 2510/1881/1919 2544/1882/1920
f 2550/1948/1985 2545/1947/1984 2544/1882/1920 2549/1883/1921
f 2662/1949/1986 2550/1948/1985 2549/1883/1921 2554/1884/1922
f 2687/1950/1987 2662/1949/1986 2554/1884/1922 2688/1885/1923
f 2693/1951/1988 2687/1950/1987 2688/1885/1923 2692/1886/1924
f 3635/1952/1926 2693/1951/1988 2692/1886/1924 3634/1887/1862
f 3647/1953/5 3646/1954/5 3635/1889/1926 3640/1888/1925
f 3640/1888/1925 3645/1890/1927 3654/1955/5 3647/1953/5
f 3645/1890/1927 3691/1891/1928 3692/1956/5 3654/1955/5
f 3693/1957/5 3692/1956/5 3691/1891/1928 3218/1892/1929
f 3218/1892/1929 3213/1893/1930 3717/1958/5 3693/1957/5
f 3213/1893/1930 3282/1894/1931 3289/1959/5 3717/1958/5
f 3282/1894/1931 3287/1895/1932 3288/1960/5 3289/1959/5
f 3287/1895/1932 3240/1896/1933 3315/1961/5 3288/1960/5
f 3240/1896/1933 3250/1897/1934 3252/1962/5 3315/1961/5
f 3250/1897/1934 3245/1898/1935 3251/1963/5 3252/1962/5
f 3245/1898/1935 3196/1899/1936 3522/1964/5 3251/1963/5
f 3196/1899/1936 3191/1900/1937 3501/1965/5 3522/1964/5
f 3191/1900/1937 3496/1901/1938 3497/1966/5 3501/1965/5
f 3496/1901/1938 3458/1902/1939 3459/1967/5 3497/1966/5
f 3458/1902/1939 3445/1903/1940 3449/1968/5 3459/1967/5
f 3445/1903/1940 3440/1904/1941 3446/1969/5 3449/1968/5
f 3440/1904/1941 1806/1905/1942 1807/1970/5 3446/1969/5
f 1806/1905/1942 1793/1906/1943 1798/1971/5 1807/1970/5
f 1793/1906/1943 1772/1907/1944 1771/1972/5 1798/1971/5
f 1772/1907/1944 1651/1908/1945 1767/1973/5 1771/1972/5
f 1651/1908/1945 1646/1909/1946 1753/1974/5 1767/1973/5
f 1646/1909/1946 1609/1910/1947 1608/1975/5 1753/1974/5
f 1609/1910/1947 1602/1911/1948 1607/1976/5 1608/1975/5
f 1602/1911/1948 1597/1912/1949 1577/1977/5 1607/1976/5
f 1597/1912/1949 1545/1913/1950 1536/1978/5 1577/1977/5
f 1545/1913/1950 1538/1914/1951 1535/1979/5 1536/1978/5
f 1538/1914/1951 1513/1915/1952 1403/1980/5 1535/1979/5
f 1382/1981/5 1403/1980/5 1513/1915/1952 1508/1916/1953
f 1508/1916/1953 1379/1917/1954 1378/1982/5 1382/1981/5
f 1379/1917/1954 1338/1918/1955 1325/1983/5 1378/1982/5
f 1320/1984/5 1325/1983/5 1338/1918/1955 1332/1919/1956
f 1332/1919/1956 1327/1920/1957 1319/1985/5 1320/1984/5
f 1327/1920/1957 411/1921/1958 404/1986/5 1319/1985/5
f 400/1987/5 404/1986/5 411/1921/1958 406/1922/1959
f 379/1988/5 400/1987/5 406/1922/1959 380/1923/1960
f 380/1923/1960 835/1924/1961 377/1989/5 379/1988/5
f 358/1990/5 377/1989/5 835/1924/1961 840/1925/1962
f 753/1991/5 358/1990/5 840/1925/1962 760/1926/1963
f 754/1992/5 753/1991/5 760/1926/1963 755/1927/1964
f 736/1993/5 754/1992/5 755/1927/1964 827/1928/1965
f 790/1994/5 736/1993/5 827/1928/1965 792/1929/1966
f 791/1995/5 790/1994/5 792/1929/1966 797/1930/1967
f 524/1996/5 791/1995/5 797/1930/1967 857/1931/1968
f 542/1997/5 524/1996/5 857/1931/1968 862/1932/1969
f 547/1998/5 542/1997/5 862/1932/1969 548/1933/1970
f 568/1999/5 547/1998/5 548/1933/1970 570/1934/1971
f 577/2000/5 568/1999/5 570/1934/1971 583/1935/1972
f 580/2001/5 577/2000/5 583/1935/1972 588/1936/1973
f 2249/2002/5 580/2001/5 588/1936/1973 2251/1937/1974
f 2258/2003/5 2249/2002/5 2251/1937/1974 2264/1938/1975
f 2291/2004/5 2258/2003/5 2264/1938/1975 2290/1939/1976
f 2294/2005/5 2291/2004/5 2290/1939/1976 2407/1940/1977
f 2313/2006/5 2294/2005/5 2407/1940/1977 2412/1941/1978
f 2439/2007/5 2313/2006/5 2412/1941/1978 2438/1942/1979
f 2440/2008/5 2439/2007/5 2438/1942/1979 2445/1943/1980
f 2479/2009/5 2440/2008/5 2445/1943/1980 2475/1944/1981
f 2511/2010/5 2479/2009/5 2475/1944/1981 2502/1945/1982
f 2512/2011/5 2511/2010/5 2502/1945/1982 2509/1946/1983
f 2642/2012/5 2512/2011/5 2509/1946/1983 2545/1947/1984
f 2545/1947/1984 2550/1948/1985 2658/2013/5 2642/2012/5
f 2663/2014/5 2658/2013/5 2550/1948/1985 2662/1949/1986
f 2694/2015/5 2663/2014/5 2662/1949/1986 2687/1950/1987
f 2687/1950/1987 2693/1951/1988 2698/2016/5 2694/2015/5
f 3646/2017/5 2698/2016/5 2693/1951/1988 3635/1952/1926
f 3650/2018/1989 3648/2019/1990 3646/1954/1990 3647/1953/1989
f 3655/2020/1991 3650/2018/1989 3647/1953/1989 3654/1955/1991
f 3697/2021/1992 3655/2020/1991 3654/1955/1991 3692/1956/1992
f 3692/1956/1992 3693/1957/1993 3694/2022/1993 3697/2021/1992
f 3718/2023/1994 3694/2022/1993 3693/1957/1993 3717/1958/1994
f 3717/1958/1994 3289/1959/1995 3721/2024/1995 3718/2023/1994
f 3289/1959/1995 3288/1960/1996 3322/2025/1996 3721/2024/1995
f 3288/1960/1996 3315/1961/1997 3316/2026/1997 3322/2025/1996
f 3319/2027/1998 3316/2026/1997 3315/1961/1997 3252/1962/1998
f 3252/1962/1998 3251/1963/1999 3526/2028/1999 3319/2027/1998
f 3251/1963/1999 3522/1964/2000 3523/2029/2000 3526/2028/1999
f 3522/1964/2000 3501/1965/2001 3502/2030/2001 3523/2029/2000
f 3501/1965/2001 3497/1966/2002 3498/2031/2002 3502/2030/2001
f 3497/1966/2002 3459/1967/2003 3460/2032/2003 3498/2031/2002
f 3459/1967/2003 3449/1968/2004 3450/2033/2004 3460/2032/2003
f 3449/1968/2004 3446/1969/2005 3447/2034/2005 3450/2033/2004
f 3446/1969/2005 1807/1970/2006 1808/2035/2006 3447/2034/2005
f 1807/1970/2006 1798/1971/2007 1799/2036/2007 1808/2035/2006
f 1798/1971/2007 1771/1972/2008 1773/2037/2008 1799/2036/2007
f 1771/1972/2008 1767/1973/2009 1768/2038/2009 1773/2037/2008
f 1767/1973/2009 1753/1974/2010 1752/2039/2010 1768/2038/2009
f 1753/1974/2010 1608/1975/2011 1749/2040/2011 1752/2039/2010
f 1608/1975/2011 1607/1976/2012 1579/2041/2012 1749/2040/2011
f 1607/1976/2012 1577/1977/2013 1576/2042/2013 1579/2041/2012
f 1577/1977/2013 1536/1978/2014 1573/2043/2014 1576/2042/2013
f 1536/1978/2014 1535/1979/2015 1405/2044/2015 1573/2043/2014
f 1535/1979/2015 1403/1980/2016 1402/2045/2016 1405/2044/2015
f 1403/1980/2016 1382/1981/2017 1381/2046/2017 1402/2045/2016
f 1382/1981/2017 1378/1982/2018 1376/2047/2018 1381/2046/2017
f 1378/1982/2018 1325/1983/2019 1324/2048/2019 1376/2047/2018
f 1325/1983/2019 1320/1984/2020 1318/2049/2020 1324/2048/2019
f 1320/1984/2020 1319/1985/2021 1316/2050/2021 1318/2049/2020
f 1319/1985/2021 404/1986/2022 403/2051/2022 1316/2050/2021
f 404/1986/2022 400/1987/2023 399/2052/2023 403/2051/2022
f 400/1987/2023 379/1988/2024 373/2053/2024 399/2052/2023
f 376/2054/2025 373/2053/2024 379/1988/2024 377/1989/2025
f 377/1989/2025 358/1990/2026 357/2055/2026 376/2054/2025
f 354/2056/2027 357/2055/2026 358/1990/2026 753/1991/2027
f 729/2057/2028 354/2056/2027 753/1991/2027 754/1992/2028
f 735/2058/2029 729/2057/2028 754/1992/2028 736/1993/2029
f 736/1993/2029 790/1994/2030 732/2059/2030 735/2058/2029
f 520/2060/2031 732/2059/2030 790/1994/2030 791/1995/2031
f 523/2061/2032 520/2060/2031 791/1995/2031 524/1996/2032
f 541/2062/2033 523/2061/2032 524/1996/2032 542/1997/2033
f 545/2063/2034 541/2062/2033 542/1997/2033 547/1998/2034
f 567/2064/2035 545/2063/2034 547/1998/2034 568/1999/2035
f 576/2065/2036 567/2064/2035 568/1999/2035 577/2000/2036
f 579/2066/2037 576/2065/2036 577/2000/2036 580/2001/2037
f 2248/2067/2038 579/2066/2037 580/2001/2037 2249/2002/2038
f 2257/2068/2039 2248/2067/2038 2249/2002/2038 2258/2003/2039
f 2288/2069/2040 2257/2068/2039 2258/2003/2039 2291/2004/2040
f 2293/2070/2041 2288/2069/2040 2291/2004/2040 2294/2005/2041
f 2314/2071/2042 2293/2070/2041 2294/2005/2041 2313/2006/2042
f 2317/2072/2043 2314/2071/2042 2313/2006/2042 2439/2007/2043
f 2477/2073/2044 2317/2072/2043 2439/2007/2043 2440/2008/2044
f 2480/2074/2045 2477/2073/2044 2440/2008/2044 2479/2009/2045
f 2483/2075/2046 2480/2074/2045 2479/2009/2045 2511/2010/2046
f 2640/2076/2047 2483/2075/2046 2511/2010/2046 2512/2011/2047
f 2643/2077/2048 2640/2076/2047 2512/2011/2047 2642/2012/2048
f 2659/2078/2049 2643/2077/2048 2642/2012/2048 2658/2013/2049
f 2664/2079/2050 2659/2078/2049 2658/2013/2049 2663/2014/2050
f 2695/2080/2051 2664/2079/2050 2663/2014/2050 2694/2015/2051
f 2699/2081/2052 2695/2080/2051 2694/2015/2051 2698/2016/2052
f 3648/2082/1990 2699/2081/2052 2698/2016/2052 3646/2017/1990
f 3651/2083/2053 3649/2084/2054 3648/2019/2054 3650/2018/2053
f 3656/2085/2055 3651/2083/2053 3650/2018/2053 3655/2020/2055
f 3698/2086/2056 3656/2085/2055 3655/2020/2055 3697/2021/2056
f 3695/2087/2057 3698/2086/2056 3697/2021/2056 3694/2022/2057
f 3719/2088/2058 3695/2087/2057 3694/2022/2057 3718/2023/2058
f 3722/2089/2059 3719/2088/2058 3718/2023/2058 3721/2024/2059
f 3721/2024/2059 3322/2025/2060 3323/2090/2060 3722/2089/2059
f 3317/2091/2061 3323/2090/2060 3322/2025/2060 3316/2026/2061
f 3316/2026/2061 3319/2027/2062 3320/2092/2062 3317/2091/2061
f 3319/2027/2062 3526/2028/2063 3527/2093/2063 3320/2092/2062
f 3526/2028/2063 3523/2029/2064 3524/2094/2064 3527/2093/2063
f 3523/2029/2064 3502/2030/2065 3503/2095/2065 3524/2094/2064
f 3502/2030/2065 3498/2031/2066 3499/2096/2066 3503/2095/2065
f 3498/2031/2066 3460/2032/2067 3461/2097/2067 3499/2096/2066
f 3460/2032/2067 3450/2033/2068 3451/2098/2068 3461/2097/2067
f 3450/2033/2068 3447/2034/2069 3448/2099/2069 3451/2098/2068
f 3447/2034/2069 1808/2035/2070 1809/2100/2070 3448/2099/2069
f 1808/2035/2070 1799/2036/2071 1800/2101/2071 1809/2100/2070
f 1799/2036/2071 1773/2037/2072 1774/2102/2072 1800/2101/2071
f 1773/2037/2072 1768/2038/2073 1769/2103/2073 1774/2102/2072
f 1768/2038/2073 1752/2039/2074 1751/2104/2074 1769/2103/2073
f 1752/2039/2074 1749/2040/2075 1748/2105/2075 1751/2104/2074
f 1749/2040/2075 1579/2041/2076 1580/2106/2076 1748/2105/2075
f 1579/2041/2076 1576/2042/2077 1575/2107/2077 1580/2106/2076
f 1576/2042/2077 1573/2043/2078 1572/2108/2078 1575/2107/2077
f 1573/2043/2078 1405/2044/2079 1406/2109/2079 1572/2108/2078
f 1405/2044/2079 1402/2045/2080 1401/2110/2080 1406/2109/2079
f 1402/2045/2080 1381/2046/2081 1380/2111/2081 1401/2110/2080
f 1381/2046/2081 1376/2047/2082 1375/2112/2082 1380/2111/2081
f 1376/2047/2082 1324/2048/2083 1323/2113/2083 1375/2112/2082
f 1324/2048/2083 1318/2049/2084 1317/2114/2084 1323/2113/2083
f 1318/2049/2084 1316/2050/2085 1315/2115/2085 1317/2114/2084
f 1316/2050/2085 403/2051/2086 402/2116/2086 1315/2115/2085
f 403/2051/2086 399/2052/2087 398/2117/2087 402/2116/2086
f 399/2052/2087 373/2053/2088 372/2118/2088 398/2117/2087
f 373/2053/2088 376/2054/2089 375/2119/2089 372/2118/2088
f 376/2054/2089 357/2055/2090 356/2120/2090 375/2119/2089
f 357/2055/2090 354/2056/2091 353/2121/2091 356/2120/2090
f 728/2122/2092 353/2121/2091 354/2056/2091 729/2057/2092
f 729/2057/2092 735/2058/2093 734/2123/2093 728/2122/2092
f 731/2124/2094 734/2123/2093 735/2058/2093 732/2059/2094
f 519/2125/2095 731/2124/2094 732/2059/2094 520/2060/2095
f 522/2126/2096 519/2125/2095 520/2060/2095 523/2061/2096
f 540/2127/2097 522/2126/2096 523/2061/2096 541/2062/2097
f 544/2128/2098 540/2127/2097 541/2062/2097 545/2063/2098
f 566/2129/2099 544/2128/2098 545/2063/2098 567/2064/2099
f 575/2130/2100 566/2129/2099 567/2064/2099 576/2065/2100
f 578/2131/2101 575/2130/2100 576/2065/2100 579/2066/2101
f 2247/2132/2102 578/2131/2101 579/2066/2101 2248/2067/2102
f 2256/2133/2103 2247/2132/2102 2248/2067/2102 2257/2068/2103
f 2287/2134/2104 2256/2133/2103 2257/2068/2103 2288/2069/2104
f 2292/2135/2105 2287/2134/2104 2288/2069/2104 2293/2070/2105
f 2315/2136/2106 2292/2135/2105 2293/2070/2105 2314/2071/2106
f 2318/2137/2107 2315/2136/2106 2314/2071/2106 2317/2072/2107
f 2476/2138/2108 2318/2137/2107 2317/2072/2107 2477/2073/2108
f 2481/2139/2109 2476/2138/2108 2477/2073/2108 2480/2074/2109
f 2484/2140/2110 2481/2139/2109 2480/2074/2109 2483/2075/2110
f 2639/2141/2111 2484/2140/2110 2483/2075/2110 2640/2076/2111
f 2644/2142/2112 2639/2141/2111 2640/2076/2111 2643/2077/2112
f 2660/2143/2113 2644/2142/2112 2643/2077/2112 2659/2078/2113
f 2665/2144/2114 2660/2143/2113 2659/2078/2113 2664/2079/2114
f 2696/2145/2115 2665/2144/2114 2664/2079/2114 2695/2080/2115
f 2700/2146/2116 2696/2145/2115 2695/2080/2115 2699/2081/2116
f 3649/2147/2054 2700/2146/2116 2699/2081/2116 3648/2082/2054
f 3653/2148/2117 3652/2149/2118 3649/2084/2118 3651/2083/2117
f 3657/2150/2119 3653/2148/2117 3651/2083/2117 3656/2085/2119
f 3699/2151/2120 3657/2150/2119 3656/2085/2119 3698/2086/2120
f 3698/2086/2120 3695/2087/2121 3696/2152/2121 3699/2151/2120
f 3695/2087/2121 3719/2088/2122 3720/2153/2122 3696/2152/2121
f 3723/2154/2123 3720/2153/2122 3719/2088/2122 3722/2089/2123
f 3722/2089/2123 3323/2090/2124 3324/2155/2124 3723/2154/2123
f 3318/2156/2125 3324/2155/2124 3323/2090/2124 3317/2091/2125
f 3317/2091/2125 3320/2092/2126 3321/2157/2126 3318/2156/2125
f 3320/2092/2126 3527/2093/2127 3528/2158/2127 3321/2157/2126
f 3527/2093/2127 3524/2094/2128 3525/2159/2128 3528/2158/2127
f 3524/2094/2128 3503/2095/2129 3504/2160/2129 3525/2159/2128
f 3503/2095/2129 3499/2096/2130 3500/2161/2130 3504/2160/2129
f 3499/2096/2130 3461/2097/2131 3462/2162/2131 3500/2161/2130
f 3461/2097/2131 3451/2098/2132 3453/2163/2132 3462/2162/2131
f 3451/2098/2132 3448/2099/2133 3452/2164/2133 3453/2163/2132
f 3448/2099/2133 1809/2100/2134 1810/2165/2134 3452/2164/2133
f 1809/2100/2134 1800/2101/2135 1801/2166/2135 1810/2165/2134
f 1800/2101/2135 1774/2102/2136 1775/2167/2136 1801/2166/2135
f 1774/2102/2136 1769/2103/2137 1770/2168/2137 1775/2167/2136
f 1769/2103/2137 1751/2104/2138 1754/2169/2138 1770/2168/2137
f 1751/2104/2138 1748/2105/2139 1750/2170/2139 1754/2169/2138
f 1748/2105/2139 1580/2106/2140 1581/2171/2140 1750/2170/2139
f 1580/2106/2140 1575/2107/2141 1578/2172/2141 1581/2171/2140
f 1575/2107/2141 1572/2108/2142 1574/2173/2142 1578/2172/2141
f 1572/2108/2142 1406/2109/2143 1407/2174/2143 1574/2173/2142
f 1406/2109/2143 1401/2110/2144 1404/2175/2144 1407/2174/2143
f 1401/2110/2144 1380/2111/2145 1383/2176/2145 1404/2175/2144
f 1380/2111/2145 1375/2112/2146 1377/2177/2146 1383/2176/2145
f 1375/2112/2146 1323/2113/2147 1326/2178/2147 1377/2177/2146
f 1323/2113/2147 1317/2114/2148 1322/2179/2148 1326/2178/2147
f 1317/2114/2148 1315/2115/2149 1321/2180/2149 1322/2179/2148
f 1315/2115/2149 402/2116/2150 405/2181/2150 1321/2180/2149
f 402/2116/2150 398/2117/2151 401/2182/2151 405/2181/2150
f 398/2117/2151 372/2118/2152 374/2183/2152 401/2182/2151
f 372/2118/2152 375/2119/2153 378/2184/2153 374/2183/2152
f 375/2119/2153 356/2120/2154 359/2185/2154 378/2184/2153
f 356/2120/2154 353/2121/2155 355/2186/2155 359/2185/2154
f 353/2121/2155 728/2122/2156 730/2187/2156 355/2186/2155
f 728/2122/2156 734/2123/2157 737/2188/2157 730/2187/2156
f 733/2189/2158 737/2188/2157 734/2123/2157 731/2124/2158
f 731/2124/2158 519/2125/2159 521/2190/2159 733/2189/2158
f 525/2191/2160 521/2190/2159 519/2125/2159 522/2126/2160
f 522/2126/2160 540/2127/2161 543/2192/2161 525/2191/2160
f 540/2127/2161 544/2128/2162 546/2193/2162 543/2192/2161
f 569/2194/2163 546/2193/2162 544/2128/2162 566/2129/2163
f 581/2195/2164 569/2194/2163 566/2129/2163 575/2130/2164
f 582/2196/2165 581/2195/2164 575/2130/2164 578/2131/2165
f 2250/2197/2166 582/2196/2165 578/2131/2165 2247/2132/2166
f 2259/2198/2167 2250/2197/2166 2247/2132/2166 2256/2133/2167
f 2289/2199/2168 2259/2198/2167 2256/2133/2167 2287/2134/2168
f 2287/2134/2168 2292/2135/2169 2295/2200/2169 2289/2199/2168
f 2292/2135/2169 2315/2136/2170 2316/2201/2170 2295/2200/2169
f 2319/2202/2171 2316/2201/2170 2315/2136/2170 2318/2137/2171
f 2318/2137/2171 2476/2138/2172 2478/2203/2172 2319/2202/2171
f 2482/2204/2173 2478/2203/2172 2476/2138/2172 2481/2139/2173
f 2485/2205/2174 2482/2204/2173 2481/2139/2173 2484/2140/2174
f 2484/2140/2174 2639/2141/2175 2641/2206/2175 2485/2205/2174
f 2645/2207/2176 2641/2206/2175 2639/2141/2175 2644/2142/2176
f 2644/2142/2176 2660/2143/2177 2661/2208/2177 2645/2207/2176
f 2660/2143/2177 2665/2144/2178 2666/2209/2178 2661/2208/2177
f 2697/2210/2179 2666/2209/2178 2665/2144/2178 2696/2145/2179
f 2701/2211/2180 2697/2210/2179 2696/2145/2179 2700/2146/2180
f 3652/2212/2118 2701/2211/2180 2700/2146/2180 3649/2147/2118
f 3652/2149/2181 3653/2148/2182 3682/2213/2182 3681/2214/2181
f 3653/2148/2182 3657/2150/2183 3688/2215/2183 3682/2213/2182
f 3657/2150/2183 3699/2151/2184 3714/2216/2184 3688/2215/2183
f 3699/2151/2184 3696/2152/2185 3711/2217/2185 3714/2216/2184
f 3725/2218/2186 3711/2217/2185 3696/2152/2185 3720/2153/2186
f 3720/2153/2186 3723/2154/2187 3728/2219/2187 3725/2218/2186
f 3723/2154/2187 3324/2155/2188 3338/2220/2188 3728/2219/2187
f 3324/2155/2188 3318/2156/2189 3332/2221/2189 3338/2220/2188
f 3318/2156/2189 3321/2157/2190 3336/2222/2190 3332/2221/2189
f 3321/2157/2190 3528/2158/2191 3533/2223/2191 3336/2222/2190
f 3528/2158/2191 3525/2159/2192 3530/2224/2192 3533/2223/2191
f 3525/2159/2192 3504/2160/2193 3518/2225/2193 3530/2224/2192
f 3504/2160/2193 3500/2161/2194 3514/2226/2194 3518/2225/2193
f 3500/2161/2194 3462/2162/2195 3493/2227/2195 3514/2226/2194
f 3462/2162/2195 3453/2163/2196 3480/2228/2196 3493/2227/2195
f 3453/2163/2196 3452/2164/2197 3478/2229/2197 3480/2228/2196
f 3452/2164/2197 1810/2165/2198 1830/2230/2198 3478/2229/2197
f 1810/2165/2198 1801/2166/2199 1819/2231/2199 1830/2230/2198
f 1801/2166/2199 1775/2167/2200 1791/2232/2200 1819/2231/2199
f 1775/2167/2200 1770/2168/2201 1777/2233/2201 1791/2232/2200
f 1770/2168/2201 1754/2169/2202 1757/2234/2202 1777/2233/2201
f 1754/2169/2202 1750/2170/2203 1755/2235/2203 1757/2234/2202
f 1750/2170/2203 1581/2171/2204 1595/2236/2204 1755/2235/2203
f 1581/2171/2204 1578/2172/2205 1584/2237/2205 1595/2236/2204
f 1578/2172/2205 1574/2173/2206 1582/2238/2206 1584/2237/2205
f 1574/2173/2206 1407/2174/2207 1412/2239/2207 1582/2238/2206
f 1407/2174/2207 1404/2175/2208 1408/2240/2208 1412/2239/2207
f 1404/2175/2208 1383/2176/2209 1396/2241/2209 1408/2240/2208
f 1383/2176/2209 1377/2177/2210 1384/2242/2210 1396/2241/2209
f 1377/2177/2210 1326/2178/2211 1350/2243/2211 1384/2242/2210
f 1326/2178/2211 1322/2179/2212 1343/2244/2212 1350/2243/2211
f 1322/2179/2212 1321/2180/2213 1342/2245/2213 1343/2244/2212
f 1321/2180/2213 405/2181/2214 420/2246/2214 1342/2245/2213
f 405/2181/2214 401/2182/2215 416/2247/2215 420/2246/2214
f 401/2182/2215 374/2183/2216 382/2248/2216 416/2247/2215
f 374/2183/2216 378/2184/2217 384/2249/2217 382/2248/2216
f 378/2184/2217 359/2185/2218 362/2250/2218 384/2249/2217
f 359/2185/2218 355/2186/2219 360/2251/2219 362/2250/2218
f 355/2186/2219 730/2187/2220 738/2252/2220 360/2251/2219
f 730/2187/2220 737/2188/2221 742/2253/2221 738/2252/2220
f 737/2188/2221 733/2189/2222 740/2254/2222 742/2253/2221
f 733/2189/2222 521/2190/2223 526/2255/2223 740/2254/2222
f 521/2190/2223 525/2191/2224 528/2256/2224 526/2255/2223
f 550/2257/2225 528/2256/2224 525/2191/2224 543/2192/2225
f 543/2192/2225 546/2193/2226 555/2258/2226 550/2257/2225
f 546/2193/2226 569/2194/2227 593/2259/2227 555/2258/2226
f 569/2194/2227 581/2195/2228 604/2260/2228 593/2259/2227
f 581/2195/2228 582/2196/2229 606/2261/2229 604/2260/2228
f 582/2196/2229 2250/2197/2230 2265/2262/2230 606/2261/2229
f 2250/2197/2230 2259/2198/2231 2276/2263/2231 2265/2262/2230
f 2259/2198/2231 2289/2199/2232 2296/2264/2232 2276/2263/2231
f 2289/2199/2232 2295/2200/2233 2309/2265/2233 2296/2264/2232
f 2321/2266/2234 2309/2265/2233 2295/2200/2233 2316/2201/2234
f 2316/2201/2234 2319/2202/2235 2324/2267/2235 2321/2266/2234
f 2319/2202/2235 2478/2203/2236 2486/2268/2236 2324/2267/2235
f 2478/2203/2236 2482/2204/2237 2495/2269/2237 2486/2268/2236
f 2482/2204/2237 2485/2205/2238 2499/2270/2238 2495/2269/2237
f 2485/2205/2238 2641/2206/2239 2646/2271/2239 2499/2270/2238
f 2641/2206/2239 2645/2207/2240 2649/2272/2240 2646/2271/2239
f 2669/2273/2241 2649/2272/2240 2645/2207/2240 2661/2208/2241
f 2661/2208/2241 2666/2209/2242 2682/2274/2242 2669/2273/2241
f 2666/2209/2242 2697/2210/2243 2717/2275/2243 2682/2274/2242
f 2697/2210/2243 2701/2211/2244 2721/2276/2244 2717/2275/2243
f 2701/2211/2244 3652/2212/2181 3681/2277/2181 2721/2276/2244
f 3680/2278/2245 3679/2279/2246 3681/2214/2246 3682/2213/2245
f 3687/2280/2247 3680/2278/2245 3682/2213/2245 3688/2215/2247
f 3706/2281/2248 3687/2280/2247 3688/2215/2247 3714/2216/2248
f 3710/2282/2249 3706/2281/2248 3714/2216/2248 3711/2217/2249
f 3724/2283/2250 3710/2282/2249 3711/2217/2249 3725/2218/2250
f 3312/2284/2251 3724/2283/2250 3725/2218/2250 3728/2219/2251
f 3311/2285/2252 3312/2284/2251 3728/2219/2251 3338/2220/2252
f 3338/2220/2252 3332/2221/2253 3331/2286/2253 3311/2285/2252
f 3275/2287/2254 3331/2286/2253 3332/2221/2253 3336/2222/2254
f 3274/2288/2255 3275/2287/2254 3336/2222/2254 3533/2223/2255
f 3529/2289/2256 3274/2288/2255 3533/2223/2255 3530/2224/2256
f 3530/2224/2256 3518/2225/2257 3517/2290/2257 3529/2289/2256
f 3518/2225/2257 3514/2226/2258 3511/2291/2258 3517/2290/2257
f 3514/2226/2258 3493/2227/2259 3492/2292/2259 3511/2291/2258
f 3493/2227/2259 3480/2228/2260 3479/2293/2260 3492/2292/2259
f 3480/2228/2260 3478/2229/2261 3477/2294/2261 3479/2293/2260
f 3478/2229/2261 1830/2230/2262 1829/2295/2262 3477/2294/2261
f 1830/2230/2262 1819/2231/2263 1818/2296/2263 1829/2295/2262
f 1819/2231/2263 1791/2232/2264 1785/2297/2264 1818/2296/2263
f 1791/2232/2264 1777/2233/2265 1776/2298/2265 1785/2297/2264
f 1777/2233/2265 1757/2234/2266 1758/2299/2266 1776/2298/2265
f 1757/2234/2266 1755/2235/2267 1622/2300/2267 1758/2299/2266
f 1755/2235/2267 1595/2236/2268 1621/2301/2268 1622/2300/2267
f 1595/2236/2268 1584/2237/2269 1585/2302/2269 1621/2301/2268
f 1584/2237/2269 1582/2238/2270 1562/2303/2270 1585/2302/2269
f 1582/2238/2270 1412/2239/2271 1561/2304/2271 1562/2303/2270
f 1412/2239/2271 1408/2240/2272 1409/2305/2272 1561/2304/2271
f 1408/2240/2272 1396/2241/2273 1397/2306/2273 1409/2305/2272
f 1396/2241/2273 1384/2242/2274 1387/2307/2274 1397/2306/2273
f 1384/2242/2274 1350/2243/2275 1351/2308/2275 1387/2307/2274
f 1350/2243/2275 1343/2244/2276 1345/2309/2276 1351/2308/2275
f 1343/2244/2276 1342/2245/2277 1344/2310/2277 1345/2309/2276
f 1342/2245/2277 420/2246/2278 421/2311/2278 1344/2310/2277
f 420/2246/2278 416/2247/2279 417/2312/2279 421/2311/2278
f 416/2247/2279 382/2248/2280 389/2313/2280 417/2312/2279
f 382/2248/2280 384/2249/2281 385/2314/2281 389/2313/2280
f 384/2249/2281 362/2250/2282 363/2315/2282 385/2314/2281
f 362/2250/2282 360/2251/2283 765/2316/2283 363/2315/2282
f 360/2251/2283 738/2252/2284 766/2317/2284 765/2316/2283
f 743/2318/2285 766/2317/2284 738/2252/2284 742/2253/2285
f 742/2253/2285 740/2254/2286 802/2319/2286 743/2318/2285
f 740/2254/2286 526/2255/2287 803/2320/2287 802/2319/2286
f 526/2255/2287 528/2256/2288 529/2321/2288 803/2320/2287
f 551/2322/2289 529/2321/2288 528/2256/2288 550/2257/2289
f 557/2323/2290 551/2322/2289 550/2257/2289 555/2258/2290
f 594/2324/2291 557/2323/2290 555/2258/2290 593/2259/2291
f 605/2325/2292 594/2324/2291 593/2259/2291 604/2260/2292
f 607/2326/2293 605/2325/2292 604/2260/2292 606/2261/2293
f 2266/2327/2294 607/2326/2293 606/2261/2293 2265/2262/2294
f 2277/2328/2295 2266/2327/2294 2265/2262/2294 2276/2263/2295
f 2301/2329/2296 2277/2328/2295 2276/2263/2295 2296/2264/2296
f 2310/2330/2297 2301/2329/2296 2296/2264/2296 2309/2265/2297
f 2320/2331/2298 2310/2330/2297 2309/2265/2297 2321/2266/2298
f 2460/2332/2299 2320/2331/2298 2321/2266/2298 2324/2267/2299
f 2461/2333/2300 2460/2332/2299 2324/2267/2299 2486/2268/2300
f 2494/2334/2301 2461/2333/2300 2486/2268/2300 2495/2269/2301
f 2520/2335/2302 2494/2334/2301 2495/2269/2301 2499/2270/2302
f 2521/2336/2303 2520/2335/2302 2499/2270/2302 2646/2271/2303
f 2648/2337/2304 2521/2336/2303 2646/2271/2303 2649/2272/2304
f 2668/2338/2305 2648/2337/2304 2649/2272/2304 2669/2273/2305
f 2678/2339/2306 2668/2338/2305 2669/2273/2305 2682/2274/2306
f 2716/2340/2307 2678/2339/2306 2682/2274/2306 2717/2275/2307
f 2720/2341/2308 2716/2340/2307 2717/2275/2307 2721/2276/2308
f 3679/2342/2246 2720/2341/2308 2721/2276/2308 3681/2277/2246
f 3668/2343/2309 3663/2344/2310 3679/2279/2311 3680/2278/2312
f 3677/2345/2313 3668/2343/2309 3680/2278/2312 3687/2280/2314
f 3704/2346/2315 3677/2345/2313 3687/2280/2314 3706/2281/2316
f 3709/2347/2317 3704/2346/2315 3706/2281/2316 3710/2282/2318
f 3305/2348/2319 3709/2347/2317 3710/2282/2318 3724/2283/2320
f 3301/2349/2321 3305/2348/2319 3724/2283/2320 3312/2284/2322
f 3295/2350/2323 3301/2349/2321 3312/2284/2322 3311/2285/2324
f 3327/2351/2325 3295/2350/2323 3311/2285/2324 3331/2286/2326
f 3331/2286/2326 3275/2287/2327 3272/2352/2328 3327/2351/2325
f 3263/2353/2329 3272/2352/2328 3275/2287/2327 3274/2288/2330
f 3255/2354/2331 3263/2353/2329 3274/2288/2330 3529/2289/2332
f 3516/2355/2333 3255/2354/2331 3529/2289/2332 3517/2290/2334
f 3517/2290/2334 3511/2291/2335 3509/2356/2336 3516/2355/2333
f 3511/2291/2335 3492/2292/2337 3490/2357/2338 3509/2356/2336
f 3492/2292/2337 3479/2293/2339 3473/2358/2340 3490/2357/2338
f 3465/2359/2341 3473/2358/2340 3479/2293/2339 3477/2294/2342
f 1826/2360/2343 3465/2359/2341 3477/2294/2342 1829/2295/2344
f 1829/2295/2344 1818/2296/2345 1816/2361/2346 1826/2360/2343
f 1818/2296/2345 1785/2297/2347 1783/2362/2348 1816/2361/2346
f 1785/2297/2347 1776/2298/2349 1778/2363/2350 1783/2362/2348
f 1776/2298/2349 1758/2299/2351 1633/2364/2352 1778/2363/2350
f 1758/2299/2351 1622/2300/2353 1626/2365/2354 1633/2364/2352
f 1622/2300/2353 1621/2301/2355 1614/2366/2356 1626/2365/2354
f 1621/2301/2355 1585/2302/2357 1586/2367/2358 1614/2366/2356
f 1585/2302/2357 1562/2303/2359 1570/2368/2360 1586/2367/2358
f 1562/2303/2359 1561/2304/2361 1553/2369/2362 1570/2368/2360
f 1561/2304/2361 1409/2305/2363 1547/2370/2364 1553/2369/2362
f 1409/2305/2363 1397/2306/2365 1398/2371/2366 1547/2370/2364
f 1397/2306/2365 1387/2307/2367 1391/2372/2368 1398/2371/2366
f 1387/2307/2367 1351/2308/2369 1368/2373/2370 1391/2372/2368
f 1351/2308/2369 1345/2309/2371 1360/2374/2372 1368/2373/2370
f 1345/2309/2371 1344/2310/2373 1354/2375/2374 1360/2374/2372
f 1344/2310/2373 421/2311/2375 431/2376/2376 1354/2375/2374
f 421/2311/2375 417/2312/2377 424/2377/2378 431/2376/2376
f 417/2312/2377 389/2313/2379 390/2378/2380 424/2377/2378
f 389/2313/2379 385/2314/2381 386/2379/2382 390/2378/2380
f 385/2314/2381 363/2315/2383 769/2380/2384 386/2379/2382
f 363/2315/2383 765/2316/2385 775/2381/2386 769/2380/2384
f 765/2316/2385 766/2317/2387 783/2382/2388 775/2381/2386
f 766/2317/2387 743/2318/2389 744/2383/2390 783/2382/2388
f 806/2384/2391 744/2383/2390 743/2318/2389 802/2319/2392
f 802/2319/2392 803/2320/2393 813/2385/2394 806/2384/2391
f 803/2320/2393 529/2321/2395 819/2386/2396 813/2385/2394
f 529/2321/2395 551/2322/2397 552/2387/2398 819/2386/2396
f 558/2388/2399 552/2387/2398 551/2322/2397 557/2323/2400
f 597/2389/2401 558/2388/2399 557/2323/2400 594/2324/2402
f 612/2390/2403 597/2389/2401 594/2324/2402 605/2325/2404
f 605/2325/2404 607/2326/2405 618/2391/2406 612/2390/2403
f 607/2326/2405 2266/2327/2407 2269/2392/2408 618/2391/2406
f 2280/2393/2409 2269/2392/2408 2266/2327/2407 2277/2328/2410
f 2302/2394/2411 2280/2393/2409 2277/2328/2410 2301/2329/2412
f 2308/2395/2413 2302/2394/2411 2301/2329/2412 2310/2330/2414
f 2446/2396/2415 2308/2395/2413 2310/2330/2414 2320/2331/2416
f 2455/2397/2417 2446/2396/2415 2320/2331/2416 2460/2332/2418
f 2469/2398/2419 2455/2397/2417 2460/2332/2418 2461/2333/2420
f 2490/2399/2421 2469/2398/2419 2461/2333/2420 2494/2334/2422
f 2513/2400/2423 2490/2399/2421 2494/2334/2422 2520/2335/2424
f 2528/2401/2425 2513/2400/2423 2520/2335/2424 2521/2336/2426
f 2532/2402/2427 2528/2401/2425 2521/2336/2426 2648/2337/2428
f 2667/2403/2429 2532/2402/2427 2648/2337/2428 2668/2338/2430
f 2673/2404/2431 2667/2403/2429 2668/2338/2430 2678/2339/2432
f 2707/2405/2433 2673/2404/2431 2678/2339/2432 2716/2340/2434
f 2713/2406/2435 2707/2405/2433 2716/2340/2434 2720/2341/2436
f 3663/2407/2310 2713/2406/2435 2720/2341/2436 3679/2342/2311
f 3667/2408/2437 3662/2409/2438 3663/2344/2310 3668/2343/2309
f 3673/2410/2439 3667/2408/2437 3668/2343/2309 3677/2345/2313
f 3703/2411/2440 3673/2410/2439 3677/2345/2313 3704/2346/2315
f 3220/2412/2441 3703/2411/2440 3704/2346/2315 3709/2347/2317
f 3304/2413/2442 3220/2412/2441 3709/2347/2317 3305/2348/2319
f 3300/2414/2443 3304/2413/2442 3305/2348/2319 3301/2349/2321
f 3301/2349/2321 3295/2350/2323 3291/2415/2444 3300/2414/2443
f 3295/2350/2323 3327/2351/2325 3326/2416/2445 3291/2415/2444
f 3268/2417/2446 3326/2416/2445 3327/2351/2325 3272/2352/2328
f 3262/2418/2447 3268/2417/2446 3272/2352/2328 3263/2353/2329
f 3263/2353/2329 3255/2354/2331 3254/2419/2448 3262/2418/2447
f 3255/2354/2331 3516/2355/2333 3198/2420/2449 3254/2419/2448
f 3516/2355/2333 3509/2356/2336 3508/2421/2450 3198/2420/2449
f 3509/2356/2336 3490/2357/2338 3486/2422/2451 3508/2421/2450
f 3490/2357/2338 3473/2358/2340 3472/2423/2452 3486/2422/2451
f 3473/2358/2340 3465/2359/2341 3464/2424/2453 3472/2423/2452
f 3465/2359/2341 1826/2360/2343 1825/2425/2454 3464/2424/2453
f 1826/2360/2343 1816/2361/2346 1812/2426/2455 1825/2425/2454
f 1816/2361/2346 1783/2362/2348 1782/2427/2456 1812/2426/2455
f 1783/2362/2348 1778/2363/2350 1657/2428/2457 1782/2427/2456
f 1778/2363/2350 1633/2364/2352 1632/2429/2458 1657/2428/2457
f 1633/2364/2352 1626/2365/2354 1625/2430/2459 1632/2429/2458
f 1626/2365/2354 1614/2366/2356 1616/2431/2460 1625/2430/2459
f 1614/2366/2356 1586/2367/2358 1587/2432/2461 1616/2431/2460
f 1586/2367/2358 1570/2368/2360 1565/2433/2462 1587/2432/2461
f 1570/2368/2360 1553/2369/2362 1557/2434/2463 1565/2433/2462
f 1553/2369/2362 1547/2370/2364 1548/2435/2464 1557/2434/2463
f 1547/2370/2364 1398/2371/2366 1518/2436/2465 1548/2435/2464
f 1398/2371/2366 1391/2372/2368 1392/2437/2466 1518/2436/2465
f 1391/2372/2368 1368/2373/2370 1369/2438/2467 1392/2437/2466
f 1368/2373/2370 1360/2374/2372 1361/2439/2468 1369/2438/2467
f 1360/2374/2372 1354/2375/2374 1355/2440/2469 1361/2439/2468
f 1354/2375/2374 431/2376/2376 432/2441/2470 1355/2440/2469
f 431/2376/2376 424/2377/2378 425/2442/2471 432/2441/2470
f 424/2377/2378 390/2378/2380 391/2443/2472 425/2442/2471
f 390/2378/2380 386/2379/2382 849/2444/2473 391/2443/2472
f 386/2379/2382 769/2380/2384 770/2445/2474 849/2444/2473
f 769/2380/2384 775/2381/2386 776/2446/2475 770/2445/2474
f 784/2447/2476 776/2446/2475 775/2381/2386 783/2382/2388
f 745/2448/2477 784/2447/2476 783/2382/2388 744/2383/2390
f 744/2383/2390 806/2384/2391 807/2449/2478 745/2448/2477
f 806/2384/2391 813/2385/2394 814/2450/2479 807/2449/2478
f 820/2451/2480 814/2450/2479 813/2385/2394 819/2386/2396
f 871/2452/2481 820/2451/2480 819/2386/2396 552/2387/2398
f 559/2453/2482 871/2452/2481 552/2387/2398 558/2388/2399
f 598/2454/2483 559/2453/2482 558/2388/2399 597/2389/2401
f 613/2455/2484 598/2454/2483 597/2389/2401 612/2390/2403
f 619/2456/2485 613/2455/2484 612/2390/2403 618/2391/2406
f 2270/2457/2486 619/2456/2485 618/2391/2406 2269/2392/2408
f 2281/2458/2487 2270/2457/2486 2269/2392/2408 2280/2393/2409
f 2303/2459/2488 2281/2458/2487 2280/2393/2409 2302/2394/2411
f 2417/2460/2489 2303/2459/2488 2302/2394/2411 2308/2395/2413
f 2447/2461/2490 2417/2460/2489 2308/2395/2413 2446/2396/2415
f 2456/2462/2491 2447/2461/2490 2446/2396/2415 2455/2397/2417
f 2464/2463/2492 2456/2462/2491 2455/2397/2417 2469/2398/2419
f 2489/2464/2493 2464/2463/2492 2469/2398/2419 2490/2399/2421
f 2515/2465/2494 2489/2464/2493 2490/2399/2421 2513/2400/2423
f 2524/2466/2495 2515/2465/2494 2513/2400/2423 2528/2401/2425
f 2531/2467/2496 2524/2466/2495 2528/2401/2425 2532/2402/2427
f 2556/2468/2497 2531/2467/2496 2532/2402/2427 2667/2403/2429
f 2672/2469/2498 2556/2468/2497 2667/2403/2429 2673/2404/2431
f 2703/2470/2499 2672/2469/2498 2673/2404/2431 2707/2405/2433
f 2712/2471/2500 2703/2470/2499 2707/2405/2433 2713/2406/2435
f 3662/2472/2438 2712/2471/2500 2713/2406/2435 3663/2407/2310
f 3658/2473/2501 3661/2474/2502 3662/2409/2438 3667/2408/2437
f 3672/2475/2503 3658/2473/2501 3667/2408/2437 3673/2410/2439
f 3700/2476/2504 3672/2475/2503 3673/2410/2439 3703/2411/2440
f 3219/2477/2505 3700/2476/2504 3703/2411/2440 3220/2412/2441
f 3220/2412/2441 3304/2413/2442 3303/2478/2506 3219/2477/2505
f 3297/2479/2507 3303/2478/2506 3304/2413/2442 3300/2414/2443
f 3290/2480/2508 3297/2479/2507 3300/2414/2443 3291/2415/2444
f 3325/2481/2509 3290/2480/2508 3291/2415/2444 3326/2416/2445
f 3326/2416/2445 3268/2417/2446 3267/2482/2510 3325/2481/2509
f 3268/2417/2446 3262/2418/2447 3259/2483/2511 3267/2482/2510
f 3262/2418/2447 3254/2419/2448 3253/2484/2512 3259/2483/2511
f 3254/2419/2448 3198/2420/2449 3197/2485/2513 3253/2484/2512
f 3198/2420/2449 3508/2421/2450 3505/2486/2514 3197/2485/2513
f 3508/2421/2450 3486/2422/2451 3485/2487/2515 3505/2486/2514
f 3469/2488/2516 3485/2487/2515 3486/2422/2451 3472/2423/2452
f 3472/2423/2452 3464/2424/2453 3463/2489/2517 3469/2488/2516
f 3464/2424/2453 1825/2425/2454 1822/2490/2518 3463/2489/2517
f 1825/2425/2454 1812/2426/2455 1811/2491/2519 1822/2490/2518
f 1812/2426/2455 1782/2427/2456 1786/2492/2520 1811/2491/2519
f 1782/2427/2456 1657/2428/2457 1656/2493/2521 1786/2492/2520
f 1657/2428/2457 1632/2429/2458 1631/2494/2522 1656/2493/2521
f 1632/2429/2458 1625/2430/2459 1627/2495/2523 1631/2494/2522
f 1625/2430/2459 1616/2431/2460 1615/2496/2524 1627/2495/2523
f 1616/2431/2460 1587/2432/2461 1588/2497/2525 1615/2496/2524
f 1587/2432/2461 1565/2433/2462 1566/2498/2526 1588/2497/2525
f 1565/2433/2462 1557/2434/2463 1554/2499/2527 1566/2498/2526
f 1557/2434/2463 1548/2435/2464 1549/2500/2528 1554/2499/2527
f 1548/2435/2464 1518/2436/2465 1519/2501/2529 1549/2500/2528
f 1518/2436/2465 1392/2437/2466 1388/2502/2530 1519/2501/2529
f 1392/2437/2466 1369/2438/2467 1370/2503/2531 1388/2502/2530
f 1369/2438/2467 1361/2439/2468 1363/2504/2532 1370/2503/2531
f 1361/2439/2468 1355/2440/2469 1356/2505/2533 1363/2504/2532
f 1355/2440/2469 432/2441/2470 434/2506/2534 1356/2505/2533
f 432/2441/2470 425/2442/2471 426/2507/2535 434/2506/2534
f 425/2442/2471 391/2443/2472 393/2508/2536 426/2507/2535
f 391/2443/2472 849/2444/2473 850/2509/2537 393/2508/2536
f 771/2510/2538 850/2509/2537 849/2444/2473 770/2445/2474
f 770/2445/2474 776/2446/2475 777/2511/2539 771/2510/2538
f 776/2446/2475 784/2447/2476 785/2512/2540 777/2511/2539
f 784/2447/2476 745/2448/2477 746/2513/2541 785/2512/2540
f 808/2514/2542 746/2513/2541 745/2448/2477 807/2449/2478
f 815/2515/2543 808/2514/2542 807/2449/2478 814/2450/2479
f 821/2516/2544 815/2515/2543 814/2450/2479 820/2451/2480
f 872/2517/2545 821/2516/2544 820/2451/2480 871/2452/2481
f 561/2518/2546 872/2517/2545 871/2452/2481 559/2453/2482
f 599/2519/2547 561/2518/2546 559/2453/2482 598/2454/2483
f 598/2454/2483 613/2455/2484 615/2520/2548 599/2519/2547
f 620/2521/2549 615/2520/2548 613/2455/2484 619/2456/2485
f 2272/2522/2550 620/2521/2549 619/2456/2485 2270/2457/2486
f 2282/2523/2551 2272/2522/2550 2270/2457/2486 2281/2458/2487
f 2298/2524/2552 2282/2523/2551 2281/2458/2487 2303/2459/2488
f 2418/2525/2553 2298/2524/2552 2303/2459/2488 2417/2460/2489
f 2448/2526/2554 2418/2525/2553 2417/2460/2489 2447/2461/2490
f 2452/2527/2555 2448/2526/2554 2447/2461/2490 2456/2462/2491
f 2465/2528/2556 2452/2527/2555 2456/2462/2491 2464/2463/2492
f 2488/2529/2557 2465/2528/2556 2464/2463/2492 2489/2464/2493
f 2514/2530/2558 2488/2529/2557 2489/2464/2493 2515/2465/2494
f 2525/2531/2559 2514/2530/2558 2515/2465/2494 2524/2466/2495
f 2530/2532/2560 2525/2531/2559 2524/2466/2495 2531/2467/2496
f 2555/2533/2561 2530/2532/2560 2531/2467/2496 2556/2468/2497
f 2675/2534/2562 2555/2533/2561 2556/2468/2497 2672/2469/2498
f 2702/2535/2563 2675/2534/2562 2672/2469/2498 2703/2470/2499
f 2709/2536/2564 2702/2535/2563 2703/2470/2499 2712/2471/2500
f 3661/2537/2502 2709/2536/2564 2712/2471/2500 3662/2472/2438
f 3659/2538/2565 3664/2539/2566 3661/2474/2502 3658/2473/2501
f 3674/2540/2567 3659/2538/2565 3658/2473/2501 3672/2475/2503
f 3701/2541/2568 3674/2540/2567 3672/2475/2503 3700/2476/2504
f 3700/2476/2504 3219/2477/2505 3221/2542/2569 3701/2541/2568
f 3219/2477/2505 3303/2478/2506 3306/2543/2570 3221/2542/2569
f 3298/2544/2571 3306/2543/2570 3303/2478/2506 3297/2479/2507
f 3292/2545/2572 3298/2544/2571 3297/2479/2507 3290/2480/2508
f 3290/2480/2508 3325/2481/2509 3328/2546/2573 3292/2545/2572
f 3325/2481/2509 3267/2482/2510 3269/2547/2574 3328/2546/2573
f 3267/2482/2510 3259/2483/2511 3260/2548/2575 3269/2547/2574
f 3256/2549/2576 3260/2548/2575 3259/2483/2511 3253/2484/2512
f 3253/2484/2512 3197/2485/2513 3199/2550/2577 3256/2549/2576
f 3506/2551/2578 3199/2550/2577 3197/2485/2513 3505/2486/2514
f 3505/2486/2514 3485/2487/2515 3487/2552/2579 3506/2551/2578
f 3485/2487/2515 3469/2488/2516 3470/2553/2580 3487/2552/2579
f 3469/2488/2516 3463/2489/2517 3466/2554/2581 3470/2553/2580
f 3463/2489/2517 1822/2490/2518 1823/2555/2582 3466/2554/2581
f 1822/2490/2518 1811/2491/2519 1813/2556/2583 1823/2555/2582
f 1811/2491/2519 1786/2492/2520 1787/2557/2584 1813/2556/2583
f 1786/2492/2520 1656/2493/2521 1658/2558/2585 1787/2557/2584
f 1656/2493/2521 1631/2494/2522 1634/2559/2586 1658/2558/2585
f 1631/2494/2522 1627/2495/2523 1628/2560/2587 1634/2559/2586
f 1627/2495/2523 1615/2496/2524 1617/2561/2588 1628/2560/2587
f 1615/2496/2524 1588/2497/2525 1589/2562/2589 1617/2561/2588
f 1588/2497/2525 1566/2498/2526 1567/2563/2590 1589/2562/2589
f 1566/2498/2526 1554/2499/2527 1555/2564/2591 1567/2563/2590
f 1554/2499/2527 1549/2500/2528 1550/2565/2592 1555/2564/2591
f 1549/2500/2528 1519/2501/2529 1521/2566/2593 1550/2565/2592
f 1519/2501/2529 1388/2502/2530 1389/2567/2594 1521/2566/2593
f 1388/2502/2530 1370/2503/2531 1371/2568/2595 1389/2567/2594
f 1370/2503/2531 1363/2504/2532 1364/2569/2596 1371/2568/2595
f 1363/2504/2532 1356/2505/2533 1357/2570/2597 1364/2569/2596
f 1356/2505/2533 434/2506/2534 435/2571/2598 1357/2570/2597
f 434/2506/2534 426/2507/2535 427/2572/2599 435/2571/2598
f 426/2507/2535 393/2508/2536 394/2573/2600 427/2572/2599
f 852/2574/2601 394/2573/2600 393/2508/2536 850/2509/2537
f 772/2575/2602 852/2574/2601 850/2509/2537 771/2510/2538
f 771/2510/2538 777/2511/2539 778/2576/2603 772/2575/2602
f 777/2511/2539 785/2512/2540 786/2577/2604 778/2576/2603
f 747/2578/2605 786/2577/2604 785/2512/2540 746/2513/2541
f 809/2579/2606 747/2578/2605 746/2513/2541 808/2514/2542
f 816/2580/2607 809/2579/2606 808/2514/2542 815/2515/2543
f 815/2515/2543 821/2516/2544 822/2581/2608 816/2580/2607
f 874/2582/2609 822/2581/2608 821/2516/2544 872/2517/2545
f 872/2517/2545 561/2518/2546 562/2583/2610 874/2582/2609
f 600/2584/2611 562/2583/2610 561/2518/2546 599/2519/2547
f 616/2585/2612 600/2584/2611 599/2519/2547 615/2520/2548
f 621/2586/2613 616/2585/2612 615/2520/2548 620/2521/2549
f 2273/2587/2614 621/2586/2613 620/2521/2549 2272/2522/2550
f 2283/2588/2615 2273/2587/2614 2272/2522/2550 2282/2523/2551
f 2299/2589/2616 2283/2588/2615 2282/2523/2551 2298/2524/2552
f 2420/2590/2617 2299/2589/2616 2298/2524/2552 2418/2525/2553
f 2449/2591/2618 2420/2590/2617 2418/2525/2553 2448/2526/2554
f 2453/2592/2619 2449/2591/2618 2448/2526/2554 2452/2527/2555
f 2466/2593/2620 2453/2592/2619 2452/2527/2555 2465/2528/2556
f 2491/2594/2621 2466/2593/2620 2465/2528/2556 2488/2529/2557
f 2516/2595/2622 2491/2594/2621 2488/2529/2557 2514/2530/2558
f 2526/2596/2623 2516/2595/2622 2514/2530/2558 2525/2531/2559
f 2533/2597/2624 2526/2596/2623 2525/2531/2559 2530/2532/2560
f 2557/2598/2625 2533/2597/2624 2530/2532/2560 2555/2533/2561
f 2676/2599/2626 2557/2598/2625 2555/2533/2561 2675/2534/2562
f 2704/2600/2627 2676/2599/2626 2675/2534/2562 2702/2535/2563
f 2710/2601/2628 2704/2600/2627 2702/2535/2563 2709/2536/2564
f 3664/2602/2566 2710/2601/2628 2709/2536/2564 3661/2537/2502
f 3664/2539/2566 3659/2538/2565 3660/2603/2629 3665/2604/2630
f 3675/2605/2631 3660/2603/2629 3659/2538/2565 3674/2540/2567
f 3702/2606/2632 3675/2605/2631 3674/2540/2567 3701/2541/2568
f 3701/2541/2568 3221/2542/2569 3222/2607/2633 3702/2606/2632
f 3221/2542/2569 3306/2543/2570 3307/2608/2634 3222/2607/2633
f 3306/2543/2570 3298/2544/2571 3299/2609/2635 3307/2608/2634
f 3293/2610/2636 3299/2609/2635 3298/2544/2571 3292/2545/2572
f 3292/2545/2572 3328/2546/2573 3329/2611/2637 3293/2610/2636
f 3328/2546/2573 3269/2547/2574 3270/2612/2638 3329/2611/2637
f 3269/2547/2574 3260/2548/2575 3261/2613/2639 3270/2612/2638
f 3257/2614/2640 3261/2613/2639 3260/2548/2575 3256/2549/2576
f 3256/2549/2576 3199/2550/2577 3200/2615/2641 3257/2614/2640
f 3507/2616/2642 3200/2615/2641 3199/2550/2577 3506/2551/2578
f 3506/2551/2578 3487/2552/2579 3488/2617/2643 3507/2616/2642
f 3487/2552/2579 3470/2553/2580 3471/2618/2644 3488/2617/2643
f 3470/2553/2580 3466/2554/2581 3467/2619/2645 3471/2618/2644
f 3466/2554/2581 1823/2555/2582 1824/2620/2646 3467/2619/2645
f 1823/2555/2582 1813/2556/2583 1814/2621/2647 1824/2620/2646
f 1813/2556/2583 1787/2557/2584 1788/2622/2648 1814/2621/2647
f 1787/2557/2584 1658/2558/2585 1659/2623/2649 1788/2622/2648
f 1658/2558/2585 1634/2559/2586 1635/2624/2650 1659/2623/2649
f 1634/2559/2586 1628/2560/2587 1629/2625/2651 1635/2624/2650
f 1628/2560/2587 1617/2561/2588 1618/2626/2652 1629/2625/2651
f 1617/2561/2588 1589/2562/2589 1590/2627/2653 1618/2626/2652
f 1589/2562/2589 1567/2563/2590 1568/2628/2654 1590/2627/2653
f 1567/2563/2590 1555/2564/2591 1556/2629/2655 1568/2628/2654
f 1555/2564/2591 1550/2565/2592 1551/2630/2656 1556/2629/2655
f 1550/2565/2592 1521/2566/2593 1520/2631/2657 1551/2630/2656
f 1521/2566/2593 1389/2567/2594 1390/2632/2658 1520/2631/2657
f 1389/2567/2594 1371/2568/2595 1372/2633/2659 1390/2632/2658
f 1371/2568/2595 1364/2569/2596 1365/2634/2660 1372/2633/2659
f 1364/2569/2596 1357/2570/2597 1358/2635/2661 1365/2634/2660
f 436/2636/2662 1358/2635/2661 1357/2570/2597 435/2571/2598
f 435/2571/2598 427/2572/2599 428/2637/2663 436/2636/2662
f 427/2572/2599 394/2573/2600 395/2638/2664 428/2637/2663
f 851/2639/2665 395/2638/2664 394/2573/2600 852/2574/2601
f 773/2640/2666 851/2639/2665 852/2574/2601 772/2575/2602
f 779/2641/2667 773/2640/2666 772/2575/2602 778/2576/2603
f 778/2576/2603 786/2577/2604 787/2642/2668 779/2641/2667
f 748/2643/2669 787/2642/2668 786/2577/2604 747/2578/2605
f 810/2644/2670 748/2643/2669 747/2578/2605 809/2579/2606
f 817/2645/2671 810/2644/2670 809/2579/2606 816/2580/2607
f 816/2580/2607 822/2581/2608 823/2646/2672 817/2645/2671
f 873/2647/2673 823/2646/2672 822/2581/2608 874/2582/2609
f 874/2582/2609 562/2583/2610 563/2648/2674 873/2647/2673
f 601/2649/2675 563/2648/2674 562/2583/2610 600/2584/2611
f 617/2650/2676 601/2649/2675 600/2584/2611 616/2585/2612
f 622/2651/2677 617/2650/2676 616/2585/2612 621/2586/2613
f 2274/2652/2678 622/2651/2677 621/2586/2613 2273/2587/2614
f 2284/2653/2679 2274/2652/2678 2273/2587/2614 2283/2588/2615
f 2300/2654/2680 2284/2653/2679 2283/2588/2615 2299/2589/2616
f 2419/2655/2681 2300/2654/2680 2299/2589/2616 2420/2590/2617
f 2450/2656/2682 2419/2655/2681 2420/2590/2617 2449/2591/2618
f 2454/2657/2683 2450/2656/2682 2449/2591/2618 2453/2592/2619
f 2467/2658/2684 2454/2657/2683 2453/2592/2619 2466/2593/2620
f 2492/2659/2685 2467/2658/2684 2466/2593/2620 2491/2594/2621
f 2517/2660/2686 2492/2659/2685 2491/2594/2621 2516/2595/2622
f 2527/2661/2687 2517/2660/2686 2516/2595/2622 2526/2596/2623
f 2534/2662/2688 2527/2661/2687 2526/2596/2623 2533/2597/2624
f 2558/2663/2689 2534/2662/2688 2533/2597/2624 2557/2598/2625
f 2677/2664/2690 2558/2663/2689 2557/2598/2625 2676/2599/2626
f 2705/2665/2691 2677/2664/2690 2676/2599/2626 2704/2600/2627
f 2711/2666/2692 2705/2665/2691 2704/2600/2627 2710/2601/2628
f 3665/2667/2630 2711/2666/2692 2710/2601/2628 3664/2602/2566
f 3669/2668/2693 3666/2669/2694 3665/2604/2630 3660/2603/2629
f 3660/2603/2629 3675/2605/2631 3676/2670/2695 3669/2668/2693
f 3705/2671/2696 3676/2670/2695 3675/2605/2631 3702/2606/2632
f 3223/2672/2697 3705/2671/2696 3702/2606/2632 3222/2607/2633
f 3222/2607/2633 3307/2608/2634 3308/2673/2698 3223/2672/2697
f 3302/2674/2699 3308/2673/2698 3307/2608/2634 3299/2609/2635
f 3299/2609/2635 3293/2610/2636 3294/2675/2700 3302/2674/2699
f 3293/2610/2636 3329/2611/2637 3330/2676/2701 3294/2675/2700
f 3329/2611/2637 3270/2612/2638 3271/2677/2702 3330/2676/2701
f 3270/2612/2638 3261/2613/2639 3264/2678/2703 3271/2677/2702
f 3261/2613/2639 3257/2614/2640 3258/2679/2704 3264/2678/2703
f 3257/2614/2640 3200/2615/2641 3201/2680/2705 3258/2679/2704
f 3200/2615/2641 3507/2616/2642 3510/2681/2706 3201/2680/2705
f 3507/2616/2642 3488/2617/2643 3489/2682/2707 3510/2681/2706
f 3488/2617/2643 3471/2618/2644 3474/2683/2708 3489/2682/2707
f 3471/2618/2644 3467/2619/2645 3468/2684/2709 3474/2683/2708
f 3467/2619/2645 1824/2620/2646 1827/2685/2710 3468/2684/2709
f 1824/2620/2646 1814/2621/2647 1815/2686/2711 1827/2685/2710
f 1814/2621/2647 1788/2622/2648 1784/2687/2712 1815/2686/2711
f 1788/2622/2648 1659/2623/2649 1660/2688/2713 1784/2687/2712
f 1659/2623/2649 1635/2624/2650 1636/2689/2714 1660/2688/2713
f 1635/2624/2650 1629/2625/2651 1630/2690/2715 1636/2689/2714
f 1629/2625/2651 1618/2626/2652 1619/2691/2716 1630/2690/2715
f 1618/2626/2652 1590/2627/2653 1591/2692/2717 1619/2691/2716
f 1590/2627/2653 1568/2628/2654 1569/2693/2718 1591/2692/2717
f 1568/2628/2654 1556/2629/2655 1558/2694/2719 1569/2693/2718
f 1556/2629/2655 1551/2630/2656 1552/2695/2720 1558/2694/2719
f 1551/2630/2656 1520/2631/2657 1522/2696/2721 1552/2695/2720
f 1520/2631/2657 1390/2632/2658 1393/2697/2722 1522/2696/2721
f 1390/2632/2658 1372/2633/2659 1373/2698/2723 1393/2697/2722
f 1372/2633/2659 1365/2634/2660 1362/2699/2724 1373/2698/2723
f 1365/2634/2660 1358/2635/2661 1359/2700/2725 1362/2699/2724
f 1358/2635/2661 436/2636/2662 433/2701/2726 1359/2700/2725
f 429/2702/2727 433/2701/2726 436/2636/2662 428/2637/2663
f 428/2637/2663 395/2638/2664 392/2703/2728 429/2702/2727
f 395/2638/2664 851/2639/2665 853/2704/2729 392/2703/2728
f 851/2639/2665 773/2640/2666 774/2705/2730 853/2704/2729
f 773/2640/2666 779/2641/2667 780/2706/2731 774/2705/2730
f 779/2641/2667 787/2642/2668 788/2707/2732 780/2706/2731
f 787/2642/2668 748/2643/2669 749/2708/2733 788/2707/2732
f 748/2643/2669 810/2644/2670 811/2709/2734 749/2708/2733
f 818/2710/2735 811/2709/2734 810/2644/2670 817/2645/2671
f 824/2711/2736 818/2710/2735 817/2645/2671 823/2646/2672
f 823/2646/2672 873/2647/2673 875/2712/2737 824/2711/2736
f 560/2713/2738 875/2712/2737 873/2647/2673 563/2648/2674
f 602/2714/2739 560/2713/2738 563/2648/2674 601/2649/2675
f 601/2649/2675 617/2650/2676 614/2715/2740 602/2714/2739
f 623/2716/2741 614/2715/2740 617/2650/2676 622/2651/2677
f 2271/2717/2742 623/2716/2741 622/2651/2677 2274/2652/2678
f 2285/2718/2743 2271/2717/2742 2274/2652/2678 2284/2653/2679
f 2304/2719/2744 2285/2718/2743 2284/2653/2679 2300/2654/2680
f 2421/2720/2745 2304/2719/2744 2300/2654/2680 2419/2655/2681
f 2419/2655/2681 2450/2656/2682 2451/2721/2746 2421/2720/2745
f 2457/2722/2747 2451/2721/2746 2450/2656/2682 2454/2657/2683
f 2454/2657/2683 2467/2658/2684 2468/2723/2748 2457/2722/2747
f 2467/2658/2684 2492/2659/2685 2493/2724/2749 2468/2723/2748
f 2492/2659/2685 2517/2660/2686 2518/2725/2750 2493/2724/2749
f 2529/2726/2751 2518/2725/2750 2517/2660/2686 2527/2661/2687
f 2535/2727/2752 2529/2726/2751 2527/2661/2687 2534/2662/2688
f 2534/2662/2688 2558/2663/2689 2559/2728/2753 2535/2727/2752
f 2674/2729/2754 2559/2728/2753 2558/2663/2689 2677/2664/2690
f 2706/2730/2755 2674/2729/2754 2677/2664/2690 2705/2665/2691
f 2705/2665/2691 2711/2666/2692 2714/2731/2756 2706/2730/2755
f 3666/2732/2694 2714/2731/2756 2711/2666/2692 3665/2667/2630
f 3671/2733/2757 3670/2734/2758 3666/2669/2694 3669/2668/2693
f 3669/2668/2693 3676/2670/2695 3678/2735/2759 3671/2733/2757
f 3676/2670/2695 3705/2671/2696 3707/2736/2760 3678/2735/2759
f 3712/2737/2761 3707/2736/2760 3705/2671/2696 3223/2672/2697
f 3223/2672/2697 3308/2673/2698 3310/2738/2762 3712/2737/2761
f 3308/2673/2698 3302/2674/2699 3309/2739/2763 3310/2738/2762
f 3302/2674/2699 3294/2675/2700 3296/2740/2764 3309/2739/2763
f 3294/2675/2700 3330/2676/2701 3333/2741/2765 3296/2740/2764
f 3330/2676/2701 3271/2677/2702 3273/2742/2766 3333/2741/2765
f 3271/2677/2702 3264/2678/2703 3266/2743/2767 3273/2742/2766
f 3264/2678/2703 3258/2679/2704 3265/2744/2768 3266/2743/2767
f 3258/2679/2704 3201/2680/2705 3519/2745/2769 3265/2744/2768
f 3201/2680/2705 3510/2681/2706 3512/2746/2770 3519/2745/2769
f 3510/2681/2706 3489/2682/2707 3491/2747/2771 3512/2746/2770
f 3489/2682/2707 3474/2683/2708 3476/2748/2772 3491/2747/2771
f 3474/2683/2708 3468/2684/2709 3475/2749/2773 3476/2748/2772
f 3468/2684/2709 1827/2685/2710 1828/2750/2774 3475/2749/2773
f 1827/2685/2710 1815/2686/2711 1817/2751/2775 1828/2750/2774
f 1815/2686/2711 1784/2687/2712 1789/2752/2776 1817/2751/2775
f 1784/2687/2712 1660/2688/2713 1780/2753/2777 1789/2752/2776
f 1660/2688/2713 1636/2689/2714 1638/2754/2778 1780/2753/2777
f 1636/2689/2714 1630/2690/2715 1637/2755/2779 1638/2754/2778
f 1630/2690/2715 1619/2691/2716 1620/2756/2780 1637/2755/2779
f 1619/2691/2716 1591/2692/2717 1594/2757/2781 1620/2756/2780
f 1591/2692/2717 1569/2693/2718 1571/2758/2782 1594/2757/2781
f 1569/2693/2718 1558/2694/2719 1560/2759/2783 1571/2758/2782
f 1558/2694/2719 1552/2695/2720 1559/2760/2784 1560/2759/2783
f 1552/2695/2720 1522/2696/2721 1400/2761/2785 1559/2760/2784
f 1522/2696/2721 1393/2697/2722 1395/2762/2786 1400/2761/2785
f 1393/2697/2722 1373/2698/2723 1374/2763/2787 1395/2762/2786
f 1373/2698/2723 1362/2699/2724 1367/2764/2788 1374/2763/2787
f 1362/2699/2724 1359/2700/2725 1366/2765/2789 1367/2764/2788
f 1359/2700/2725 433/2701/2726 437/2766/2790 1366/2765/2789
f 430/2767/2791 437/2766/2790 433/2701/2726 429/2702/2727
f 397/2768/2792 430/2767/2791 429/2702/2727 392/2703/2728
f 392/2703/2728 853/2704/2729 388/2769/2793 397/2768/2792
f 781/2770/2794 388/2769/2793 853/2704/2729 774/2705/2730
f 782/2771/2795 781/2770/2794 774/2705/2730 780/2706/2731
f 789/2772/2796 782/2771/2795 780/2706/2731 788/2707/2732
f 752/2773/2797 789/2772/2796 788/2707/2732 749/2708/2733
f 812/2774/2798 752/2773/2797 749/2708/2733 811/2709/2734
f 825/2775/2799 812/2774/2798 811/2709/2734 818/2710/2735
f 826/2776/2800 825/2775/2799 818/2710/2735 824/2711/2736
f 554/2777/2801 826/2776/2800 824/2711/2736 875/2712/2737
f 565/2778/2802 554/2777/2801 875/2712/2737 560/2713/2738
f 603/2779/2803 565/2778/2802 560/2713/2738 602/2714/2739
f 624/2780/2804 603/2779/2803 602/2714/2739 614/2715/2740
f 625/2781/2805 624/2780/2804 614/2715/2740 623/2716/2741
f 2275/2782/2806 625/2781/2805 623/2716/2741 2271/2717/2742
f 2286/2783/2807 2275/2782/2806 2271/2717/2742 2285/2718/2743
f 2306/2784/2808 2286/2783/2807 2285/2718/2743 2304/2719/2744
f 2311/2785/2809 2306/2784/2808 2304/2719/2744 2421/2720/2745
f 2458/2786/2810 2311/2785/2809 2421/2720/2745 2451/2721/2746
f 2459/2787/2811 2458/2786/2810 2451/2721/2746 2457/2722/2747
f 2470/2788/2812 2459/2787/2811 2457/2722/2747 2468/2723/2748
f 2496/2789/2813 2470/2788/2812 2468/2723/2748 2493/2724/2749
f 2519/2790/2814 2496/2789/2813 2493/2724/2749 2518/2725/2750
f 2536/2791/2815 2519/2790/2814 2518/2725/2750 2529/2726/2751
f 2537/2792/2816 2536/2791/2815 2529/2726/2751 2535/2727/2752
f 2670/2793/2817 2537/2792/2816 2535/2727/2752 2559/2728/2753
f 2679/2794/2818 2670/2793/2817 2559/2728/2753 2674/2729/2754
f 2708/2795/2819 2679/2794/2818 2674/2729/2754 2706/2730/2755
f 2715/2796/2820 2708/2795/2819 2706/2730/2755 2714/2731/2756
f 3670/2797/2758 2715/2796/2820 2714/2731/2756 3666/2732/2694
f 3684/2798/2821 3683/2799/2822 3670/2734/2758 3671/2733/2757
f 3671/2733/2757 3678/2735/2759 3689/2800/2823 3684/2798/2821
f 3708/2801/2824 3689/2800/2823 3678/2735/2759 3707/2736/2760
f 3713/2802/2825 3708/2801/2824 3707/2736/2760 3712/2737/2761
f 3726/2803/2826 3713/2802/2825 3712/2737/2761 3310/2738/2762
f 3310/2738/2762 3309/2739/2763 3314/2804/2827 3726/2803/2826
f 3309/2739/2763 3296/2740/2764 3313/2805/2828 3314/2804/2827
f 3296/2740/2764 3333/2741/2765 3334/2806/2829 3313/2805/2828
f 3333/2741/2765 3273/2742/2766 3277/2807/2830 3334/2806/2829
f 3273/2742/2766 3266/2743/2767 3276/2808/2831 3277/2807/2830
f 3266/2743/2767 3265/2744/2768 3531/2809/2832 3276/2808/2831
f 3265/2744/2768 3519/2745/2769 3520/2810/2833 3531/2809/2832
f 3519/2745/2769 3512/2746/2770 3513/2811/2834 3520/2810/2833
f 3512/2746/2770 3491/2747/2771 3494/2812/2835 3513/2811/2834
f 3491/2747/2771 3476/2748/2772 3483/2813/2836 3494/2812/2835
f 3476/2748/2772 3475/2749/2773 3481/2814/2837 3483/2813/2836
f 3475/2749/2773 1828/2750/2774 1831/2815/2838 3481/2814/2837
f 1828/2750/2774 1817/2751/2775 1820/2816/2839 1831/2815/2838
f 1817/2751/2775 1789/2752/2776 1790/2817/2840 1820/2816/2839
f 1789/2752/2776 1780/2753/2777 1779/2818/2841 1790/2817/2840
f 1780/2753/2777 1638/2754/2778 1760/2819/2842 1779/2818/2841
f 1638/2754/2778 1637/2755/2779 1624/2820/2843 1760/2819/2842
f 1637/2755/2779 1620/2756/2780 1623/2821/2844 1624/2820/2843
f 1620/2756/2780 1594/2757/2781 1592/2822/2845 1623/2821/2844
f 1594/2757/2781 1571/2758/2782 1564/2823/2846 1592/2822/2845
f 1571/2758/2782 1560/2759/2783 1563/2824/2847 1564/2823/2846
f 1560/2759/2783 1559/2760/2784 1411/2825/2848 1563/2824/2847
f 1559/2760/2784 1400/2761/2785 1399/2826/2849 1411/2825/2848
f 1400/2761/2785 1395/2762/2786 1394/2827/2850 1399/2826/2849
f 1395/2762/2786 1374/2763/2787 1353/2828/2851 1394/2827/2850
f 1374/2763/2787 1367/2764/2788 1349/2829/2852 1353/2828/2851
f 1367/2764/2788 1366/2765/2789 1348/2830/2853 1349/2829/2852
f 1366/2765/2789 437/2766/2790 423/2831/2854 1348/2830/2853
f 419/2832/2855 423/2831/2854 437/2766/2790 430/2767/2791
f 430/2767/2791 397/2768/2792 396/2833/2856 419/2832/2855
f 397/2768/2792 388/2769/2793 387/2834/2857 396/2833/2856
f 388/2769/2793 781/2770/2794 365/2835/2858 387/2834/2857
f 767/2836/2859 365/2835/2858 781/2770/2794 782/2771/2795
f 768/2837/2860 767/2836/2859 782/2771/2795 789/2772/2796
f 750/2838/2861 768/2837/2860 789/2772/2796 752/2773/2797
f 804/2839/2862 750/2838/2861 752/2773/2797 812/2774/2798
f 805/2840/2863 804/2839/2862 812/2774/2798 825/2775/2799
f 531/2841/2864 805/2840/2863 825/2775/2799 826/2776/2800
f 553/2842/2865 531/2841/2864 826/2776/2800 554/2777/2801
f 564/2843/2866 553/2842/2865 554/2777/2801 565/2778/2802
f 596/2844/2867 564/2843/2866 565/2778/2802 603/2779/2803
f 609/2845/2868 596/2844/2867 603/2779/2803 624/2780/2804
f 611/2846/2869 609/2845/2868 624/2780/2804 625/2781/2805
f 2268/2847/2870 611/2846/2869 625/2781/2805 2275/2782/2806
f 2279/2848/2871 2268/2847/2870 2275/2782/2806 2286/2783/2807
f 2305/2849/2872 2279/2848/2871 2286/2783/2807 2306/2784/2808
f 2312/2850/2873 2305/2849/2872 2306/2784/2808 2311/2785/2809
f 2322/2851/2874 2312/2850/2873 2311/2785/2809 2458/2786/2810
f 2462/2852/2875 2322/2851/2874 2458/2786/2810 2459/2787/2811
f 2463/2853/2876 2462/2852/2875 2459/2787/2811 2470/2788/2812
f 2497/2854/2877 2463/2853/2876 2470/2788/2812 2496/2789/2813
f 2522/2855/2878 2497/2854/2877 2496/2789/2813 2519/2790/2814
f 2523/2856/2879 2522/2855/2878 2519/2790/2814 2536/2791/2815
f 2650/2857/2880 2523/2856/2879 2536/2791/2815 2537/2792/2816
f 2671/2858/2881 2650/2857/2880 2537/2792/2816 2670/2793/2817
f 2680/2859/2882 2671/2858/2881 2670/2793/2817 2679/2794/2818
f 2718/2860/2883 2680/2859/2882 2679/2794/2818 2708/2795/2819
f 2722/2861/2884 2718/2860/2883 2708/2795/2819 2715/2796/2820
f 3683/2862/2822 2722/2861/2884 2715/2796/2820 3670/2797/2758
f 3686/2863/2885 3685/2864/2886 3683/2799/2822 3684/2798/2821
f 3684/2798/2821 3689/2800/2823 3690/2865/2887 3686/2863/2885
f 3689/2800/2823 3708/2801/2824 3715/2866/2888 3690/2865/2887
f 3708/2801/2824 3713/2802/2825 3716/2867/2889 3715/2866/2888
f 3713/2802/2825 3726/2803/2826 3727/2868/2890 3716/2867/2889
f 3729/2869/2891 3727/2868/2890 3726/2803/2826 3314/2804/2827
f 3314/2804/2827 3313/2805/2828 3339/2870/2892 3729/2869/2891
f 3313/2805/2828 3334/2806/2829 3335/2871/2893 3339/2870/2892
f 3334/2806/2829 3277/2807/2830 3337/2872/2894 3335/2871/2893
f 3277/2807/2830 3276/2808/2831 3534/2873/2895 3337/2872/2894
f 3276/2808/2831 3531/2809/2832 3532/2874/2896 3534/2873/2895
f 3531/2809/2832 3520/2810/2833 3521/2875/2897 3532/2874/2896
f 3520/2810/2833 3513/2811/2834 3515/2876/2898 3521/2875/2897
f 3513/2811/2834 3494/2812/2835 3495/2877/2899 3515/2876/2898
f 3494/2812/2835 3483/2813/2836 3484/2878/2900 3495/2877/2899
f 3483/2813/2836 3481/2814/2837 3482/2879/2901 3484/2878/2900
f 3481/2814/2837 1831/2815/2838 1832/2880/2902 3482/2879/2901
f 1831/2815/2838 1820/2816/2839 1821/2881/2903 1832/2880/2902
f 1820/2816/2839 1790/2817/2840 1792/2882/2904 1821/2881/2903
f 1790/2817/2840 1779/2818/2841 1781/2883/2905 1792/2882/2904
f 1779/2818/2841 1760/2819/2842 1759/2884/2906 1781/2883/2905
f 1760/2819/2842 1624/2820/2843 1756/2885/2907 1759/2884/2906
f 1624/2820/2843 1623/2821/2844 1596/2886/2908 1756/2885/2907
f 1623/2821/2844 1592/2822/2845 1593/2887/2909 1596/2886/2908
f 1592/2822/2845 1564/2823/2846 1583/2888/2910 1593/2887/2909
f 1564/2823/2846 1563/2824/2847 1413/2889/2911 1583/2888/2910
f 1563/2824/2847 1411/2825/2848 1410/2890/2912 1413/2889/2911
f 1411/2825/2848 1399/2826/2849 1386/2891/2913 1410/2890/2912
f 1399/2826/2849 1394/2827/2850 1385/2892/2914 1386/2891/2913
f 1394/2827/2850 1353/2828/2851 1352/2893/2915 1385/2892/2914
f 1347/2894/2916 1352/2893/2915 1353/2828/2851 1349/2829/2852
f 1349/2829/2852 1348/2830/2853 1346/2895/2917 1347/2894/2916
f 1348/2830/2853 423/2831/2854 422/2896/2918 1346/2895/2917
f 418/2897/2919 422/2896/2918 423/2831/2854 419/2832/2855
f 383/2898/2920 418/2897/2919 419/2832/2855 396/2833/2856
f 381/2899/2921 383/2898/2920 396/2833/2856 387/2834/2857
f 364/2900/2922 381/2899/2921 387/2834/2857 365/2835/2858
f 365/2835/2858 767/2836/2859 361/2901/2923 364/2900/2922
f 739/2902/2924 361/2901/2923 767/2836/2859 768/2837/2860
f 751/2903/2925 739/2902/2924 768/2837/2860 750/2838/2861
f 741/2904/2926 751/2903/2925 750/2838/2861 804/2839/2862
f 527/2905/2927 741/2904/2926 804/2839/2862 805/2840/2863
f 530/2906/2928 527/2905/2927 805/2840/2863 531/2841/2864
f 549/2907/2929 530/2906/2928 531/2841/2864 553/2842/2865
f 556/2908/2930 549/2907/2929 553/2842/2865 564/2843/2866
f 595/2909/2931 556/2908/2930 564/2843/2866 596/2844/2867
f 608/2910/2932 595/2909/2931 596/2844/2867 609/2845/2868
f 610/2911/2933 608/2910/2932 609/2845/2868 611/2846/2869
f 2267/2912/2934 610/2911/2933 611/2846/2869 2268/2847/2870
f 2278/2913/2935 2267/2912/2934 2268/2847/2870 2279/2848/2871
f 2297/2914/2936 2278/2913/2935 2279/2848/2871 2305/2849/2872
f 2307/2915/2937 2297/2914/2936 2305/2849/2872 2312/2850/2873
f 2323/2916/2938 2307/2915/2937 2312/2850/2873 2322/2851/2874
f 2325/2917/2939 2323/2916/2938 2322/2851/2874 2462/2852/2875
f 2487/2918/2940 2325/2917/2939 2462/2852/2875 2463/2853/2876
f 2498/2919/2941 2487/2918/2940 2463/2853/2876 2497/2854/2877
f 2500/2920/2942 2498/2919/2941 2497/2854/2877 2522/2855/2878
f 2647/2921/2943 2500/2920/2942 2522/2855/2878 2523/2856/2879
f 2651/2922/2944 2647/2921/2943 2523/2856/2879 2650/2857/2880
f 2681/2923/2945 2651/2922/2944 2650/2857/2880 2671/2858/2881
f 2683/2924/2946 2681/2923/2945 2671/2858/2881 2680/2859/2882
f 2719/2925/2947 2683/2924/2946 2680/2859/2882 2718/2860/2883
f 2718/2860/2883 2722/2861/2884 2723/2926/2948 2719/2925/2947
f 3685/2927/2886 2723/2926/2948 2722/2861/2884 3683/2862/2822
f 3685/2864/2886 3686/2863/2885 3734/2928/2949 3732/2929/2950
f 3686/2863/2885 3690/2865/2887 3740/2930/2951 3734/2928/2949
f 3730/2931/2952 3740/2930/2951 3690/2865/2887 3715/2866/2888
f 3715/2866/2888 3716/2867/2889 3731/2932/2953 3730/2931/2952
f 3716/2867/2889 3727/2868/2890 3790/2933/2954 3731/2932/2953
f 3727/2868/2890 3729/2869/2891 3788/2934/2955 3790/2933/2954
f 3729/2869/2891 3339/2870/2892 3372/2935/2956 3788/2934/2955
f 3339/2870/2892 3335/2871/2893 3373/2936/2957 3372/2935/2956
f 3371/2937/2958 3373/2936/2957 3335/2871/2893 3337/2872/2894
f 3337/2872/2894 3534/2873/2895 3595/2938/2959 3371/2937/2958
f 3534/2873/2895 3532/2874/2896 3594/2939/2960 3595/2938/2959
f 3532/2874/2896 3521/2875/2897 3544/2940/2961 3594/2939/2960
f 3521/2875/2897 3515/2876/2898 3543/2941/2962 3544/2940/2961
f 3515/2876/2898 3495/2877/2899 3545/2942/2963 3543/2941/2962
f 3495/2877/2899 3484/2878/2900 3539/2943/2964 3545/2942/2963
f 3484/2878/2900 3482/2879/2901 3535/2944/2965 3539/2943/2964
f 3482/2879/2901 1832/2880/2902 1872/2945/2966 3535/2944/2965
f 1832/2880/2902 1821/2881/2903 1868/2946/2967 1872/2945/2966
f 1821/2881/2903 1792/2882/2904 1864/2947/2968 1868/2946/2967
f 1792/2882/2904 1781/2883/2905 1863/2948/2969 1864/2947/2968
f 1781/2883/2905 1759/2884/2906 1843/2949/2970 1863/2948/2969
f 1759/2884/2906 1756/2885/2907 1838/2950/2971 1843/2949/2970
f 1756/2885/2907 1596/2886/2908 1679/2951/2972 1838/2950/2971
f 1596/2886/2908 1593/2887/2909 1676/2952/2973 1679/2951/2972
f 1593/2887/2909 1583/2888/2910 1674/2953/2974 1676/2952/2973
f 1583/2888/2910 1413/2889/2911 1479/2954/2975 1674/2953/2974
f 1413/2889/2911 1410/2890/2912 1475/2955/2976 1479/2954/2975
f 1410/2890/2912 1386/2891/2913 1430/2956/2977 1475/2955/2976
f 1429/2957/2978 1430/2956/2977 1386/2891/2913 1385/2892/2914
f 1385/2892/2914 1352/2893/2915 1424/2958/2979 1429/2957/2978
f 1421/2959/2980 1424/2958/2979 1352/2893/2915 1347/2894/2916
f 1419/2960/2981 1421/2959/2980 1347/2894/2916 1346/2895/2917
f 483/2961/2982 1419/2960/2981 1346/2895/2917 422/2896/2918
f 478/2962/2983 483/2961/2982 422/2896/2918 418/2897/2919
f 418/2897/2919 383/2898/2920 485/2963/2984 478/2962/2983
f 484/2964/2985 485/2963/2984 383/2898/2920 381/2899/2921
f 449/2965/2986 484/2964/2985 381/2899/2921 364/2900/2922
f 450/2966/2987 449/2965/2986 364/2900/2922 361/2901/2923
f 880/2967/2988 450/2966/2987 361/2901/2923 739/2902/2924
f 877/2968/2989 880/2967/2988 739/2902/2924 751/2903/2925
f 751/2903/2925 741/2904/2926 881/2969/2990 877/2968/2989
f 636/2970/2991 881/2969/2990 741/2904/2926 527/2905/2927
f 638/2971/2992 636/2970/2991 527/2905/2927 530/2906/2928
f 659/2972/2993 638/2971/2992 530/2906/2928 549/2907/2929
f 660/2973/2994 659/2972/2993 549/2907/2929 556/2908/2930
f 657/2974/2995 660/2973/2994 556/2908/2930 595/2909/2931
f 664/2975/2996 657/2974/2995 595/2909/2931 608/2910/2932
f 668/2976/2997 664/2975/2996 608/2910/2932 610/2911/2933
f 2329/2977/2998 668/2976/2997 610/2911/2933 2267/2912/2934
f 2332/2978/2999 2329/2977/2998 2267/2912/2934 2278/2913/2935
f 2337/2979/3000 2332/2978/2999 2278/2913/2935 2297/2914/2936
f 2338/2980/3001 2337/2979/3000 2297/2914/2936 2307/2915/2937
f 2377/2981/3002 2338/2980/3001 2307/2915/2937 2323/2916/2938
f 2381/2982/3003 2377/2981/3002 2323/2916/2938 2325/2917/2939
f 2577/2983/3004 2381/2982/3003 2325/2917/2939 2487/2918/2940
f 2578/2984/3005 2577/2983/3004 2487/2918/2940 2498/2919/2941
f 2582/2985/3006 2578/2984/3005 2498/2919/2941 2500/2920/2942
f 2729/2986/3007 2582/2985/3006 2500/2920/2942 2647/2921/2943
f 2734/2987/3008 2729/2986/3007 2647/2921/2943 2651/2922/2944
f 2759/2988/3009 2734/2987/3008 2651/2922/2944 2681/2923/2945
f 2681/2923/2945 2683/2924/2946 2760/2989/3010 2759/2988/3009
f 2764/2990/3011 2760/2989/3010 2683/2924/2946 2719/2925/2947
f 2719/2925/2947 2723/2926/2948 2768/2991/3012 2764/2990/3011
f 2723/2926/2948 3685/2927/2886 3732/2992/2950 2768/2991/3012
f 3732/2929/2950 3734/2928/2949 3735/2993/3013 3733/2994/3014
f 3734/2928/2949 3740/2930/2951 3741/2995/3015 3735/2993/3013
f 3743/2996/3016 3741/2995/3015 3740/2930/2951 3730/2931/2952
f 3730/2931/2952 3731/2932/2953 3791/2997/3017 3743/2996/3016
f 3731/2932/2953 3790/2933/2954 3792/2998/3018 3791/2997/3017
f 3790/2933/2954 3788/2934/2955 3789/2999/3019 3792/2998/3018
f 3788/2934/2955 3372/2935/2956 3795/3000/3020 3789/2999/3019
f 3374/3001/3021 3795/3000/3020 3372/2935/2956 3373/2936/2957
f 3373/2936/2957 3371/2937/2958 3602/3002/3022 3374/3001/3021
f 3596/3003/3023 3602/3002/3022 3371/2937/2958 3595/2938/2959
f 3595/2938/2959 3594/2939/2960 3597/3004/3024 3596/3003/3023
f 3594/2939/2960 3544/2940/2961 3593/3005/3025 3597/3004/3024
f 3544/2940/2961 3543/2941/2962 3549/3006/3026 3593/3005/3025
f 3543/2941/2962 3545/2942/2963 3546/3007/3027 3549/3006/3026
f 3545/2942/2963 3539/2943/2964 3540/3008/3028 3546/3007/3027
f 3539/2943/2964 3535/2944/2965 3536/3009/3029 3540/3008/3028
f 3535/2944/2965 1872/2945/2966 1873/3010/3030 3536/3009/3029
f 1872/2945/2966 1868/2946/2967 1869/3011/3031 1873/3010/3030
f 1868/2946/2967 1864/2947/2968 1865/3012/3032 1869/3011/3031
f 1864/2947/2968 1863/2948/2969 1844/3013/3033 1865/3012/3032
f 1863/2948/2969 1843/2949/2970 1840/3014/3034 1844/3013/3033
f 1843/2949/2970 1838/2950/2971 1839/3015/3035 1840/3014/3034
f 1838/2950/2971 1679/2951/2972 1835/3016/3036 1839/3015/3035
f 1679/2951/2972 1676/2952/2973 1675/3017/3037 1835/3016/3036
f 1676/2952/2973 1674/2953/2974 1483/3018/3038 1675/3017/3037
f 1674/2953/2974 1479/2954/2975 1480/3019/3039 1483/3018/3038
f 1479/2954/2975 1475/2955/2976 1476/3020/3040 1480/3019/3039
f 1475/2955/2976 1430/2956/2977 1474/3021/3041 1476/3020/3040
f 1430/2956/2977 1429/2957/2978 1426/3022/3042 1474/3021/3041
f 1429/2957/2978 1424/2958/2979 1423/3023/3043 1426/3022/3042
f 1424/2958/2979 1421/2959/2980 1420/3024/3044 1423/3023/3043
f 1418/3025/3045 1420/3024/3044 1421/2959/2980 1419/2960/2981
f 482/3026/3046 1418/3025/3045 1419/2960/2981 483/2961/2982
f 477/3027/3047 482/3026/3046 483/2961/2982 478/2962/2983
f 478/2962/2983 485/2963/2984 474/3028/3048 477/3027/3047
f 448/3029/3049 474/3028/3048 485/2963/2984 484/2964/2985
f 445/3030/3050 448/3029/3049 484/2964/2985 449/2965/2986
f 451/3031/3051 445/3030/3050 449/2965/2986 450/2966/2987
f 444/3032/3052 451/3031/3051 450/2966/2987 880/2967/2988
f 880/2967/2988 877/2968/2989 876/3033/3053 444/3032/3052
f 630/3034/3054 876/3033/3053 877/2968/2989 881/2969/2990
f 881/2969/2990 636/2970/2991 637/3035/3055 630/3034/3054
f 633/3036/3056 637/3035/3055 636/2970/2991 638/2971/2992
f 639/3037/3057 633/3036/3056 638/2971/2992 659/2972/2993
f 652/3038/3058 639/3037/3057 659/2972/2993 660/2973/2994
f 656/3039/3059 652/3038/3058 660/2973/2994 657/2974/2995
f 663/3040/3060 656/3039/3059 657/2974/2995 664/2975/2996
f 667/3041/3061 663/3040/3060 664/2975/2996 668/2976/2997
f 2328/3042/3062 667/3041/3061 668/2976/2997 2329/2977/2998
f 2331/3043/3063 2328/3042/3062 2329/2977/2998 2332/2978/2999
f 2334/3044/3064 2331/3043/3063 2332/2978/2999 2337/2979/3000
f 2376/3045/3065 2334/3044/3064 2337/2979/3000 2338/2980/3001
f 2378/3046/3066 2376/3045/3065 2338/2980/3001 2377/2981/3002
f 2382/3047/3067 2378/3046/3066 2377/2981/3002 2381/2982/3003
f 2385/3048/3068 2382/3047/3067 2381/2982/3003 2577/2983/3004
f 2579/3049/3069 2385/3048/3068 2577/2983/3004 2578/2984/3005
f 2726/3050/3070 2579/3049/3069 2578/2984/3005 2582/2985/3006
f 2730/3051/3071 2726/3050/3070 2582/2985/3006 2729/2986/3007
f 2731/3052/3072 2730/3051/3071 2729/2986/3007 2734/2987/3008
f 2735/3053/3073 2731/3052/3072 2734/2987/3008 2759/2988/3009
f 2761/3054/3074 2735/3053/3073 2759/2988/3009 2760/2989/3010
f 2765/3055/3075 2761/3054/3074 2760/2989/3010 2764/2990/3011
f 2769/3056/3076 2765/3055/3075 2764/2990/3011 2768/2991/3012
f 2768/2991/3012 3732/2992/2950 3733/3057/3014 2769/3056/3076
f 3733/2994/3014 3735/2993/3013 3738/3058/3077 3736/3059/3078
f 3735/2993/3013 3741/2995/3015 3742/3060/3079 3738/3058/3077
f 3741/2995/3015 3743/2996/3016 3744/3061/3080 3742/3060/3079
f 3743/2996/3016 3791/2997/3017 3800/3062/3081 3744/3061/3080
f 3791/2997/3017 3792/2998/3018 3793/3063/3082 3800/3062/3081
f 3792/2998/3018 3789/2999/3019 3798/3064/3083 3793/3063/3082
f 3789/2999/3019 3795/3000/3020 3796/3065/3084 3798/3064/3083
f 3795/3000/3020 3374/3001/3021 3375/3066/3085 3796/3065/3084
f 3374/3001/3021 3602/3002/3022 3605/3067/3086 3375/3066/3085
f 3602/3002/3022 3596/3003/3023 3603/3068/3087 3605/3067/3086
f 3596/3003/3023 3597/3004/3024 3598/3069/3088 3603/3068/3087
f 3597/3004/3024 3593/3005/3025 3600/3070/3089 3598/3069/3088
f 3593/3005/3025 3549/3006/3026 3550/3071/3090 3600/3070/3089
f 3549/3006/3026 3546/3007/3027 3547/3072/3091 3550/3071/3090
f 3546/3007/3027 3540/3008/3028 3541/3073/3092 3547/3072/3091
f 3540/3008/3028 3536/3009/3029 3537/3074/3093 3541/3073/3092
f 3536/3009/3029 1873/3010/3030 1874/3075/3094 3537/3074/3093
f 1873/3010/3030 1869/3011/3031 1870/3076/3095 1874/3075/3094
f 1869/3011/3031 1865/3012/3032 1866/3077/3096 1870/3076/3095
f 1865/3012/3032 1844/3013/3033 1845/3078/3097 1866/3077/3096
f 1844/3013/3033 1840/3014/3034 1841/3079/3098 1845/3078/3097
f 1840/3014/3034 1839/3015/3035 1836/3080/3099 1841/3079/3098
f 1839/3015/3035 1835/3016/3036 1833/3081/3100 1836/3080/3099
f 1835/3016/3036 1675/3017/3037 1677/3082/3101 1833/3081/3100
f 1675/3017/3037 1483/3018/3038 1484/3083/3102 1677/3082/3101
f 1483/3018/3038 1480/3019/3039 1481/3084/3103 1484/3083/3102
f 1480/3019/3039 1476/3020/3040 1477/3085/3104 1481/3084/3103
f 1476/3020/3040 1474/3021/3041 1472/3086/3105 1477/3085/3104
f 1474/3021/3041 1426/3022/3042 1427/3087/3106 1472/3086/3105
f 1426/3022/3042 1423/3023/3043 1425/3088/3107 1427/3087/3106
f 1423/3023/3043 1420/3024/3044 1416/3089/3108 1425/3088/3107
f 1420/3024/3044 1418/3025/3045 1414/3090/3109 1416/3089/3108
f 1418/3025/3045 482/3026/3046 480/3091/3110 1414/3090/3109
f 482/3026/3046 477/3027/3047 479/3092/3111 480/3091/3110
f 477/3027/3047 474/3028/3048 475/3093/3112 479/3092/3111
f 474/3028/3048 448/3029/3049 438/3094/3113 475/3093/3112
f 448/3029/3049 445/3030/3050 446/3095/3114 438/3094/3113
f 445/3030/3050 451/3031/3051 440/3096/3115 446/3095/3114
f 451/3031/3051 444/3032/3052 442/3097/3116 440/3096/3115
f 878/3098/3117 442/3097/3116 444/3032/3052 876/3033/3053
f 876/3033/3053 630/3034/3054 626/3099/3118 878/3098/3117
f 630/3034/3054 637/3035/3055 628/3100/3119 626/3099/3118
f 637/3035/3055 633/3036/3056 634/3101/3120 628/3100/3119
f 633/3036/3056 639/3037/3057 631/3102/3121 634/3101/3120
f 639/3037/3057 652/3038/3058 653/3103/3122 631/3102/3121
f 652/3038/3058 656/3039/3059 658/3104/3123 653/3103/3122
f 656/3039/3059 663/3040/3060 661/3105/3124 658/3104/3123
f 663/3040/3060 667/3041/3061 665/3106/3125 661/3105/3124
f 667/3041/3061 2328/3042/3062 2326/3107/3126 665/3106/3125
f 2328/3042/3062 2331/3043/3063 2333/3108/3127 2326/3107/3126
f 2331/3043/3063 2334/3044/3064 2335/3109/3128 2333/3108/3127
f 2334/3044/3064 2376/3045/3065 2374/3110/3129 2335/3109/3128
f 2376/3045/3065 2378/3046/3066 2379/3111/3130 2374/3110/3129
f 2378/3046/3066 2382/3047/3067 2383/3112/3131 2379/3111/3130
f 2382/3047/3067 2385/3048/3068 2386/3113/3132 2383/3112/3131
f 2580/3114/3133 2386/3113/3132 2385/3048/3068 2579/3049/3069
f 2579/3049/3069 2726/3050/3070 2724/3115/3134 2580/3114/3133
f 2726/3050/3070 2730/3051/3071 2727/3116/3135 2724/3115/3134
f 2730/3051/3071 2731/3052/3072 2732/3117/3136 2727/3116/3135
f 2731/3052/3072 2735/3053/3073 2736/3118/3137 2732/3117/3136
f 2735/3053/3073 2761/3054/3074 2762/3119/3138 2736/3118/3137
f 2761/3054/3074 2765/3055/3075 2766/3120/3139 2762/3119/3138
f 2765/3055/3075 2769/3056/3076 2770/3121/3140 2766/3120/3139
f 2769/3056/3076 3733/3057/3014 3736/3122/3078 2770/3121/3140
f 3739/3123/3141 3737/3124/3142 3736/3059/3078 3738/3058/3077
f 3738/3058/3077 3742/3060/3079 3746/3125/3143 3739/3123/3141
f 3742/3060/3079 3744/3061/3080 3745/3126/3144 3746/3125/3143
f 3744/3061/3080 3800/3062/3081 3801/3127/3145 3745/3126/3144
f 3800/3062/3081 3793/3063/3082 3794/3128/3146 3801/3127/3145
f 3793/3063/3082 3798/3064/3083 3799/3129/3147 3794/3128/3146
f 3798/3064/3083 3796/3065/3084 3797/3130/3148 3799/3129/3147
f 3376/3131/3149 3797/3130/3148 3796/3065/3084 3375/3066/3085
f 3375/3066/3085 3605/3067/3086 3606/3132/3150 3376/3131/3149
f 3604/3133/3151 3606/3132/3150 3605/3067/3086 3603/3068/3087
f 3603/3068/3087 3598/3069/3088 3599/3134/3152 3604/3133/3151
f 3598/3069/3088 3600/3070/3089 3601/3135/3153 3599/3134/3152
f 3551/3136/3154 3601/3135/3153 3600/3070/3089 3550/3071/3090
f 3550/3071/3090 3547/3072/3091 3548/3137/3155 3551/3136/3154
f 3547/3072/3091 3541/3073/3092 3542/3138/3156 3548/3137/3155
f 3541/3073/3092 3537/3074/3093 3538/3139/3157 3542/3138/3156
f 3537/3074/3093 1874/3075/3094 1875/3140/3158 3538/3139/3157
f 1874/3075/3094 1870/3076/3095 1871/3141/3159 1875/3140/3158
f 1870/3076/3095 1866/3077/3096 1867/3142/3160 1871/3141/3159
f 1866/3077/3096 1845/3078/3097 1846/3143/3161 1867/3142/3160
f 1845/3078/3097 1841/3079/3098 1842/3144/3162 1846/3143/3161
f 1841/3079/3098 1836/3080/3099 1837/3145/3163 1842/3144/3162
f 1836/3080/3099 1833/3081/3100 1834/3146/3164 1837/3145/3163
f 1833/3081/3100 1677/3082/3101 1678/3147/3165 1834/3146/3164
f 1677/3082/3101 1484/3083/3102 1485/3148/3166 1678/3147/3165
f 1484/3083/3102 1481/3084/3103 1482/3149/3167 1485/3148/3166
f 1481/3084/3103 1477/3085/3104 1478/3150/3168 1482/3149/3167
f 1477/3085/3104 1472/3086/3105 1473/3151/3169 1478/3150/3168
f 1472/3086/3105 1427/3087/3106 1428/3152/3170 1473/3151/3169
f 1427/3087/3106 1425/3088/3107 1422/3153/3171 1428/3152/3170
f 1425/3088/3107 1416/3089/3108 1417/3154/3172 1422/3153/3171
f 1416/3089/3108 1414/3090/3109 1415/3155/3173 1417/3154/3172
f 1414/3090/3109 480/3091/3110 481/3156/3174 1415/3155/3173
f 473/3157/3175 481/3156/3174 480/3091/3110 479/3092/3111
f 476/3158/3176 473/3157/3175 479/3092/3111 475/3093/3112
f 439/3159/3177 476/3158/3176 475/3093/3112 438/3094/3113
f 447/3160/3178 439/3159/3177 438/3094/3113 446/3095/3114
f 441/3161/3179 447/3160/3178 446/3095/3114 440/3096/3115
f 443/3162/3180 441/3161/3179 440/3096/3115 442/3097/3116
f 442/3097/3116 878/3098/3117 879/3163/3181 443/3162/3180
f 627/3164/3182 879/3163/3181 878/3098/3117 626/3099/3118
f 626/3099/3118 628/3100/3119 629/3165/3183 627/3164/3182
f 635/3166/3184 629/3165/3183 628/3100/3119 634/3101/3120
f 632/3167/3185 635/3166/3184 634/3101/3120 631/3102/3121
f 631/3102/3121 653/3103/3122 654/3168/3186 632/3167/3185
f 655/3169/3187 654/3168/3186 653/3103/3122 658/3104/3123
f 662/3170/3188 655/3169/3187 658/3104/3123 661/3105/3124
f 666/3171/3189 662/3170/3188 661/3105/3124 665/3106/3125
f 2327/3172/3190 666/3171/3189 665/3106/3125 2326/3107/3126
f 2330/3173/3191 2327/3172/3190 2326/3107/3126 2333/3108/3127
f 2336/3174/3192 2330/3173/3191 2333/3108/3127 2335/3109/3128
f 2375/3175/3193 2336/3174/3192 2335/3109/3128 2374/3110/3129
f 2380/3176/3194 2375/3175/3193 2374/3110/3129 2379/3111/3130
f 2384/3177/3195 2380/3176/3194 2379/3111/3130 2383/3112/3131
f 2387/3178/3196 2384/3177/3195 2383/3112/3131 2386/3113/3132
f 2581/3179/3197 2387/3178/3196 2386/3113/3132 2580/3114/3133
f 2725/3180/3198 2581/3179/3197 2580/3114/3133 2724/3115/3134
f 2728/3181/3199 2725/3180/3198 2724/3115/3134 2727/3116/3135
f 2733/3182/3200 2728/3181/3199 2727/3116/3135 2732/3117/3136
f 2737/3183/3201 2733/3182/3200 2732/3117/3136 2736/3118/3137
f 2763/3184/3202 2737/3183/3201 2736/3118/3137 2762/3119/3138
f 2767/3185/3203 2763/3184/3202 2762/3119/3138 2766/3120/3139
f 2771/3186/3204 2767/3185/3203 2766/3120/3139 2770/3121/3140
f 3737/3187/3142 2771/3186/3204 2770/3121/3140 3736/3122/3078
f 3737/3124/3142 3739/3123/3141 3781/3188/3205 3779/3189/3206
f 3739/3123/3141 3773/3190/3207 3781/3188/3205
f 3787/3191/3208 3746/3125/3143 3745/3126/3144 3786/3192/2120
f 3786/3192/2120 3745/3126/3144 3801/3127/3145 3816/3193/2121
f 3816/3193/2121 3801/3127/3145 3794/3128/3146 3803/3194/3209
f 3799/3129/3147 3805/3195/3210 3802/3196/3211
f 3799/3129/3147 3797/3130/3148 3810/3197/3212 3815/3198/3213
f 3797/3130/3148 3376/3131/3149 3425/3199/3214 3810/3197/3212
f 3376/3131/3149 3606/3132/3150 3621/3200/3215 3425/3199/3214
f 3606/3132/3150 3604/3133/3151 3619/3201/3216 3621/3200/3215
f 3604/3133/3151 3599/3134/3152 3609/3202/3217 3619/3201/3216
f 3599/3134/3152 3601/3135/3153 3613/3203/3218 3609/3202/3217
f 3601/3135/3153 3551/3136/3154 3591/3204/3219 3613/3203/3218
f 3551/3136/3154 3548/3137/3155 3587/3205/3220 3591/3204/3219
f 3579/3206/3221 3587/3205/3220 3548/3137/3155
f 3567/3207/3222 3542/3138/3156 3538/3139/3157 3566/3208/2133
f 3566/3208/2133 3538/3139/3157 1875/3140/3158 1910/3209/3223
f 1871/3141/3159 1887/3210/3224 1875/3140/3158
f 1871/3141/3159 1867/3142/3160 1888/3211/3225 1897/3212/3226
f 1867/3142/3160 1846/3143/3161 1860/3213/3227 1888/3211/3225
f 1846/3143/3161 1842/3144/3162 1856/3214/3228 1860/3213/3227
f 1842/3144/3162 1837/3145/3163 1851/3215/3229 1856/3214/3228
f 1837/3145/3163 1834/3146/3164 1847/3216/3230 1851/3215/3229
f 1834/3146/3164 1678/3147/3165 1701/3217/3231 1847/3216/3230
f 1678/3147/3165 1485/3148/3166 1498/3218/3232 1701/3217/3231
f 1485/3148/3166 1482/3149/3167 1495/3219/3233 1498/3218/3232
f 1488/3220/3234 1495/3219/3233 1482/3149/3167
f 1487/3221/3235 1478/3150/3168 1473/3151/3169 1486/3222/2145
f 1486/3222/2145 1473/3151/3169 1428/3152/3170 1445/3223/2146
f 1445/3224/2146 1428/3152/3170 1422/3153/3171 1444/3225/3236
f 1417/3154/3172 1431/3226/3237 1422/3153/3171
f 1417/3154/3172 1415/3155/3173 1432/3227/3238 1436/3228/3239
f 1415/3155/3173 481/3156/3174 494/3229/3240 1432/3227/3238
f 481/3156/3174 473/3157/3175 486/3230/3241 494/3229/3240
f 473/3157/3175 476/3158/3176 488/3231/3242 486/3230/3241
f 476/3158/3176 439/3159/3177 452/3232/3243 488/3231/3242
f 439/3159/3177 447/3160/3178 469/3233/3244 452/3232/3243
f 447/3160/3178 441/3161/3179 457/3234/3245 469/3233/3244
f 441/3161/3179 443/3162/3180 461/3235/3246 457/3234/3245
f 879/3163/3181 456/3236/3247 461/3235/3246
f 882/3237/3248 879/3163/3181 627/3164/3182 640/3238/2158
f 640/3238/2158 627/3164/3182 629/3165/3183 641/3239/2159
f 641/3239/2159 629/3165/3183 635/3166/3184 650/3240/3249
f 646/3241/3250 642/3242/3251 635/3166/3184
f 632/3167/3185 654/3168/3186 669/3243/3252 646/3241/3250
f 654/3168/3186 655/3169/3187 673/3244/3253 669/3243/3252
f 655/3169/3187 662/3170/3188 685/3245/3254 673/3244/3253
f 662/3170/3188 666/3171/3189 689/3246/3255 685/3245/3254
f 666/3171/3189 2327/3172/3190 2339/3247/3256 689/3246/3255
f 2327/3172/3190 2330/3173/3191 2358/3248/3257 2339/3247/3256
f 2330/3173/3191 2336/3174/3192 2364/3249/3258 2358/3248/3257
f 2336/3174/3192 2375/3175/3193 2390/3250/3259 2364/3249/3258
f 2380/3176/3194 2388/3251/3260 2390/3250/3259
f 2396/3252/3261 2380/3176/3194 2384/3177/3195 2398/3253/2171
f 2398/3253/2171 2384/3177/3195 2387/3178/3196 2399/3254/2172
f 2399/3254/2172 2387/3178/3196 2581/3179/3197 2598/3255/3262
f 2725/3180/3198 2739/3256/3263 2738/3257/3264
f 2725/3180/3198 2728/3181/3199 2748/3258/3265 2744/3259/3266
f 2728/3181/3199 2733/3182/3200 2753/3260/3267 2748/3258/3265
f 2733/3182/3200 2737/3183/3201 2757/3261/3268 2753/3260/3267
f 2737/3183/3201 2763/3184/3202 2795/3262/3269 2757/3261/3268
f 2763/3184/3202 2767/3185/3203 2799/3263/3270 2795/3262/3269
f 2767/3185/3203 2771/3186/3204 2803/3264/3271 2799/3263/3270
f 2771/3186/3204 3737/3187/3142 3779/3265/3206 2803/3264/3271
f 3782/3266/3272 3778/3267/3273 3779/3189/3206 3781/3188/3205
f 3782/3266/3272 3781/3188/3205 3784/3268/3274 3785/3269/3275
f 3814/3270/3276 3807/3271/3277 3805/3195/3210 3815/3198/3213
f 3815/3198/3213 3810/3197/3212 3811/3272/3278 3814/3270/3276
f 3427/3273/3279 3811/3272/3278 3810/3197/3212 3425/3199/3214
f 3425/3199/3214 3621/3200/3215 3622/3274/3280 3427/3273/3279
f 3618/3275/3281 3622/3274/3280 3621/3200/3215 3619/3201/3216
f 3619/3201/3216 3609/3202/3217 3610/3276/3282 3618/3275/3281
f 3609/3202/3217 3613/3203/3218 3614/3277/3283 3610/3276/3282
f 3613/3203/3218 3591/3204/3219 3592/3278/3284 3614/3277/3283
f 3591/3204/3219 3587/3205/3220 3588/3279/3285 3592/3278/3284
f 3587/3205/3220 3585/3280/3286 3586/3281/3287 3588/3279/3285
f 1899/3282/3288 1897/3212/3226 1898/3283/3289 1900/3284/3290
f 1897/3212/3226 1888/3211/3225 1889/3285/3291 1898/3283/3289
f 1888/3211/3225 1860/3213/3227 1861/3286/3292 1889/3285/3291
f 1860/3213/3227 1856/3214/3228 1857/3287/3293 1861/3286/3292
f 1856/3214/3228 1851/3215/3229 1854/3288/3294 1857/3287/3293
f 1851/3215/3229 1847/3216/3230 1848/3289/3295 1854/3288/3294
f 1847/3216/3230 1701/3217/3231 1702/3290/3296 1848/3289/3295
f 1701/3217/3231 1498/3218/3232 1499/3291/3297 1702/3290/3296
f 1498/3218/3232 1495/3219/3233 1493/3292/3298 1499/3291/3297
f 1495/3219/3233 1489/3293/3299 1490/3294/3300 1493/3292/3298
f 1436/3228/3239 1437/3295/3301 1440/3296/3302 1439/3297/3303
f 1436/3228/3239 1432/3227/3238 1433/3298/3304 1437/3295/3301
f 1432/3227/3238 494/3229/3240 495/3299/3305 1433/3298/3304
f 494/3229/3240 486/3230/3241 487/3300/3306 495/3299/3305
f 486/3230/3241 488/3231/3242 489/3301/3307 487/3300/3306
f 488/3231/3242 452/3232/3243 453/3302/3308 489/3301/3307
f 452/3232/3243 469/3233/3244 470/3303/3309 453/3302/3308
f 469/3233/3244 457/3234/3245 458/3304/3310 470/3303/3309
f 462/3305/3311 458/3304/3310 457/3234/3245 461/3235/3246
f 462/3305/3311 461/3235/3246 464/3306/3312 465/3307/3313
f 647/3308/3314 644/3309/3315 643/3310/3316 646/3241/3250
f 670/3311/3317 647/3308/3314 646/3241/3250 669/3243/3252
f 674/3312/3318 670/3311/3317 669/3243/3252 673/3244/3253
f 686/3313/3319 674/3312/3318 673/3244/3253 685/3245/3254
f 690/3314/3320 686/3313/3319 685/3245/3254 689/3246/3255
f 2340/3315/3321 690/3314/3320 689/3246/3255 2339/3247/3256
f 2359/3316/3322 2340/3315/3321 2339/3247/3256 2358/3248/3257
f 2365/3317/3323 2359/3316/3322 2358/3248/3257 2364/3249/3258
f 2391/3318/3324 2365/3317/3323 2364/3249/3258 2390/3250/3259
f 2391/3318/3324 2390/3250/3259 2394/3319/3325 2395/3320/3326
f 2739/3256/3263 2744/3259/3266 2745/3321/3327 2740/3322/3328
f 2750/3323/3329 2745/3321/3327 2744/3259/3266 2748/3258/3265
f 2754/3324/3330 2750/3323/3329 2748/3258/3265 2753/3260/3267
f 2758/3325/3331 2754/3324/3330 2753/3260/3267 2757/3261/3268
f 2796/3326/3332 2758/3325/3331 2757/3261/3268 2795/3262/3269
f 2800/3327/3333 2796/3326/3332 2795/3262/3269 2799/3263/3270
f 2804/3328/3334 2800/3327/3333 2799/3263/3270 2803/3264/3271
f 3778/3329/3273 2804/3328/3334 2803/3264/3271 3779/3265/3206
f 3780/3330/3335 3777/3331/3336 3778/3267/3273 3782/3266/3272
f 3783/3332/3337 3780/3330/3335 3782/3266/3272 3785/3269/3275
f 3807/3333/3277 3814/3270/3276 3813/3334/3338 3806/3335/3339
f 3814/3270/3276 3811/3272/3278 3809/3336/3340 3813/3334/3338
f 3426/3337/3341 3809/3336/3340 3811/3272/3278 3427/3273/3279
f 3427/3273/3279 3622/3274/3280 3620/3338/3342 3426/3337/3341
f 3617/3339/3343 3620/3338/3342 3622/3274/3280 3618/3275/3281
f 3608/3340/3344 3617/3339/3343 3618/3275/3281 3610/3276/3282
f 3610/3276/3282 3614/3277/3283 3612/3341/3345 3608/3340/3344
f 3590/3342/3346 3612/3341/3345 3614/3277/3283 3592/3278/3284
f 3592/3278/3284 3588/3279/3285 3584/3343/3347 3590/3342/3346
f 3588/3279/3285 3586/3281/3287 3582/3344/3348 3584/3343/3347
f 1900/3345/3290 1898/3283/3289 1894/3346/3349 1896/3347/3350
f 1898/3283/3289 1889/3285/3291 1891/3348/3351 1894/3346/3349
f 1889/3285/3291 1861/3286/3292 1859/3349/3352 1891/3348/3351
f 1861/3286/3292 1857/3287/3293 1855/3350/3353 1859/3349/3352
f 1857/3287/3293 1854/3288/3294 1853/3351/3354 1855/3350/3353
f 1854/3288/3294 1848/3289/3295 1849/3352/3355 1853/3351/3354
f 1848/3289/3295 1702/3290/3296 1703/3353/3356 1849/3352/3355
f 1702/3290/3296 1499/3291/3297 1500/3354/3357 1703/3353/3356
f 1499/3291/3297 1493/3292/3298 1494/3355/3358 1500/3354/3357
f 1493/3292/3298 1490/3356/3300 1491/3357/3359 1494/3355/3358
f 1440/3296/3302 1437/3295/3301 1438/3358/3360 1441/3359/3361
f 1437/3295/3301 1433/3298/3304 1434/3360/3362 1438/3358/3360
f 1433/3298/3304 495/3299/3305 496/3361/3363 1434/3360/3362
f 495/3299/3305 487/3300/3306 492/3362/3364 496/3361/3363
f 487/3300/3306 489/3301/3307 490/3363/3365 492/3362/3364
f 454/3364/3366 490/3363/3365 489/3301/3307 453/3302/3308
f 453/3302/3308 470/3303/3309 471/3365/3367 454/3364/3366
f 470/3303/3309 458/3304/3310 459/3366/3368 471/3365/3367
f 463/3367/3369 459/3366/3368 458/3304/3310 462/3305/3311
f 466/3368/3370 463/3367/3369 462/3305/3311 465/3307/3313
f 648/3369/3371 645/3370/3372 644/3309/3315 647/3308/3314
f 647/3308/3314 670/3311/3317 671/3371/3373 648/3369/3371
f 675/3372/3374 671/3371/3373 670/3311/3317 674/3312/3318
f 687/3373/3375 675/3372/3374 674/3312/3318 686/3313/3319
f 691/3374/3376 687/3373/3375 686/3313/3319 690/3314/3320
f 2341/3375/3377 691/3374/3376 690/3314/3320 2340/3315/3321
f 2360/3376/3378 2341/3375/3377 2340/3315/3321 2359/3316/3322
f 2362/3377/3379 2360/3376/3378 2359/3316/3322 2365/3317/3323
f 2392/3378/3380 2362/3377/3379 2365/3317/3323 2391/3318/3324
f 2393/3379/3381 2392/3378/3380 2391/3318/3324 2395/3320/3326
f 2743/3380/3382 2741/3381/3383 2740/3382/3328 2745/3321/3327
f 2749/3383/3384 2743/3380/3382 2745/3321/3327 2750/3323/3329
f 2752/3384/3385 2749/3383/3384 2750/3323/3329 2754/3324/3330
f 2756/3385/3386 2752/3384/3385 2754/3324/3330 2758/3325/3331
f 2794/3386/3387 2756/3385/3386 2758/3325/3331 2796/3326/3332
f 2798/3387/3388 2794/3386/3387 2796/3326/3332 2800/3327/3333
f 2802/3388/3389 2798/3387/3388 2800/3327/3333 2804/3328/3334
f 3777/3389/3336 2802/3388/3389 2804/3328/3334 3778/3329/3273
f 3774/3390/3390 3776/3391/3391 3777/3331/3336 3780/3330/3335
f 3775/3392/3392 3774/3390/3390 3780/3330/3335 3783/3393/3337
f 3806/3335/3339 3813/3334/3338 3812/3394/3393 3804/3395/3394
f 3808/3396/3395 3812/3394/3393 3813/3334/3338 3809/3336/3340
f 3424/3397/3396 3808/3396/3395 3809/3336/3340 3426/3337/3341
f 3426/3337/3341 3620/3338/3342 3615/3398/3397 3424/3397/3396
f 3616/3399/3398 3615/3398/3397 3620/3338/3342 3617/3339/3343
f 3607/3400/3399 3616/3399/3398 3617/3339/3343 3608/3340/3344
f 3611/3401/3400 3607/3400/3399 3608/3340/3344 3612/3341/3345
f 3589/3402/3401 3611/3401/3400 3612/3341/3345 3590/3342/3346
f 3590/3342/3346 3584/3343/3347 3583/3403/3402 3589/3402/3401
f 3581/3404/3403 3583/3403/3402 3584/3343/3347 3582/3405/3348
f 1896/3347/3350 1894/3346/3349 1893/3406/3404 1895/3407/3405
f 1894/3346/3349 1891/3348/3351 1890/3408/3406 1893/3406/3404
f 1891/3348/3351 1859/3349/3352 1862/3409/3407 1890/3408/3406
f 1859/3349/3352 1855/3350/3353 1858/3410/3408 1862/3409/3407
f 1855/3350/3353 1853/3351/3354 1852/3411/3409 1858/3410/3408
f 1853/3351/3354 1849/3352/3355 1850/3412/3410 1852/3411/3409
f 1849/3352/3355 1703/3353/3356 1704/3413/3411 1850/3412/3410
f 1703/3353/3356 1500/3354/3357 1497/3414/3412 1704/3413/3411
f 1500/3354/3357 1494/3355/3358 1496/3415/3413 1497/3414/3412
f 1494/3355/3358 1491/3357/3359 1492/3416/3414 1496/3415/3413
f 1441/3359/3361 1438/3358/3360 1442/3417/3415 1443/3418/3416
f 1438/3358/3360 1434/3360/3362 1435/3419/3417 1442/3417/3415
f 1434/3360/3362 496/3361/3363 497/3420/3418 1435/3419/3417
f 496/3361/3363 492/3362/3364 493/3421/3419 497/3420/3418
f 491/3422/3420 493/3421/3419 492/3362/3364 490/3363/3365
f 490/3363/3365 454/3364/3366 455/3423/3421 491/3422/3420
f 472/3424/3422 455/3423/3421 454/3364/3366 471/3365/3367
f 460/3425/3423 472/3424/3422 471/3365/3367 459/3366/3368
f 459/3366/3368 463/3367/3369 468/3426/3424 460/3425/3423
f 463/3367/3369 466/3368/3370 467/3427/3425 468/3426/3424
f 649/3428/3426 651/3429/3427 645/3370/3372 648/3369/3371
f 648/3369/3371 671/3371/3373 672/3430/3428 649/3428/3426
f 676/3431/3429 672/3430/3428 671/3371/3373 675/3372/3374
f 688/3432/3430 676/3431/3429 675/3372/3374 687/3373/3375
f 692/3433/3431 688/3432/3430 687/3373/3375 691/3374/3376
f 2342/3434/3432 692/3433/3431 691/3374/3376 2341/3375/3377
f 2361/3435/3433 2342/3434/3432 2341/3375/3377 2360/3376/3378
f 2363/3436/3434 2361/3435/3433 2360/3376/3378 2362/3377/3379
f 2389/3437/3435 2363/3436/3434 2362/3377/3379 2392/3378/3380
f 2397/3438/3436 2389/3437/3435 2392/3378/3380 2393/3439/3381
f 2746/3440/3437 2742/3441/3438 2741/3442/3383 2743/3380/3382
f 2747/3443/3439 2746/3440/3437 2743/3380/3382 2749/3383/3384
f 2751/3444/3440 2747/3443/3439 2749/3383/3384 2752/3384/3385
f 2755/3445/3441 2751/3444/3440 2752/3384/3385 2756/3385/3386
f 2793/3446/3442 2755/3445/3441 2756/3385/3386 2794/3386/3387
f 2797/3447/3443 2793/3446/3442 2794/3386/3387 2798/3387/3388
f 2801/3448/3444 2797/3447/3443 2798/3387/3388 2802/3388/3389
f 3776/3449/3391 2801/3448/3444 2802/3388/3389 3777/3389/3336
f 3776/3391/3391 3769/3450/3445 3768/3451/3446
f 3769/3450/3445 3774/3390/3390 3775/3392/3392
f 3420/3452/3447 3421/3453/3448 3804/3395/3394 3812/3394/3393
f 3413/3454/3449 3420/3452/3447 3812/3394/3393 3808/3396/3395
f 3423/3455/3450 3413/3454/3449 3808/3396/3395 3424/3397/3396
f 3400/3456/3451 3423/3455/3450 3424/3397/3396 3615/3398/3397
f 3396/3457/3452 3400/3456/3451 3615/3398/3397 3616/3399/3398
f 3392/3458/3453 3396/3457/3452 3616/3399/3398 3607/3400/3399
f 3355/3459/3454 3392/3458/3453 3607/3400/3399 3611/3401/3400
f 3578/3460/3455 3355/3459/3454 3611/3401/3400 3589/3402/3401
f 3578/3460/3455 3583/3403/3402 3580/3461/3456
f 3580/3461/3456 3583/3403/3402 3581/3404/3403
f 1892/3462/3457 1895/3463/3405 1893/3406/3404
f 1886/3464/3458 1893/3406/3404 1890/3408/3406
f 1744/3465/3459 1879/3466/3460 1890/3408/3406 1862/3409/3407
f 1862/3409/3407 1858/3410/3408 1729/3467/3461 1744/3465/3459
f 1858/3410/3408 1852/3411/3409 1725/3468/3462 1729/3467/3461
f 1722/3469/3463 1725/3468/3462 1852/3411/3409 1850/3412/3410
f 1850/3412/3410 1704/3413/3411 1705/3470/3464 1722/3469/3463
f 1704/3413/3411 1497/3414/3412 1697/3471/3465 1705/3470/3464
f 1497/3414/3412 1496/3415/3413 1696/3472/3466 1697/3471/3465
f 1496/3415/3413 1492/3416/3414 1689/3473/3467 1696/3472/3466
f 1442/3417/3415 1460/3474/3445 1443/3418/3416
f 1461/3475/3468 1460/3474/3445 1442/3417/3415
f 1435/3419/3417 497/3420/3418 515/3476/3469 1461/3475/3468
f 497/3420/3418 493/3421/3419 511/3477/3470 515/3476/3469
f 493/3421/3419 491/3422/3420 500/3478/3471 511/3477/3470
f 491/3422/3420 455/3423/3421 931/3479/3472 500/3478/3471
f 455/3423/3421 472/3424/3422 892/3480/3473 931/3479/3472
f 472/3424/3422 460/3425/3423 894/3481/3474 892/3480/3473
f 460/3425/3423 468/3426/3424 899/3482/3475 894/3481/3474
f 468/3426/3424 467/3427/3425 898/3483/3476 899/3482/3475
f 649/3428/3426 679/3484/3445 651/3429/3427
f 672/3430/3428 680/3485/3477 679/3486/3445
f 672/3430/3428 676/3431/3429 704/3487/3478 681/3488/3479
f 676/3431/3429 688/3432/3430 708/3489/3480 704/3487/3478
f 688/3432/3430 692/3433/3431 712/3490/3481 708/3489/3480
f 692/3433/3431 2342/3434/3432 2350/3491/3482 712/3490/3481
f 2342/3434/3432 2361/3435/3433 2354/3492/3483 2350/3491/3482
f 2371/3493/3484 2354/3492/3483 2361/3435/3433 2363/3436/3434
f 2389/3437/3435 2372/3494/3485 2371/3493/3484
f 2389/3437/3435 2397/3495/3436 2373/3496/3445
f 2608/3497/3486 2742/3441/3438 2746/3440/3437 2615/3498/3487
f 2616/3499/3488 2615/3498/3487 2746/3440/3437 2747/3443/3439
f 2621/3500/3489 2616/3499/3488 2747/3443/3439 2751/3444/3440
f 2635/3501/3490 2621/3500/3489 2751/3444/3440 2755/3445/3441
f 2774/3502/3491 2635/3501/3490 2755/3445/3441 2793/3446/3442
f 2788/3503/3492 2774/3502/3491 2793/3446/3442 2797/3447/3443
f 2792/3504/3493 2788/3503/3492 2797/3447/3443 2801/3448/3444
f 3766/3505/3494 2792/3504/3493 2801/3448/3444 3776/3449/3391
f 3767/3506/3495 3765/3507/3496 3766/3508/3494 3768/3509/3446
f 3417/3510/3497 3419/3511/3498 3421/3512/3448 3420/3452/3447
f 3412/3513/3499 3417/3510/3497 3420/3452/3447 3413/3454/3449
f 3422/3514/3500 3412/3513/3499 3413/3454/3449 3423/3455/3450
f 3423/3455/3450 3400/3456/3451 3399/3515/3501 3422/3514/3500
f 3400/3456/3451 3396/3457/3452 3395/3516/3502 3399/3515/3501
f 3396/3457/3452 3392/3458/3453 3391/3517/3503 3395/3516/3502
f 3392/3458/3453 3355/3459/3454 3354/3518/3504 3391/3517/3503
f 3355/3459/3454 3578/3460/3455 3577/3519/3505 3354/3518/3504
f 3578/3460/3455 3574/3520/3506 3573/3521/3507 3577/3519/3505
f 1886/3522/3458 1879/3466/3460 1882/3523/3508 1885/3524/3509
f 1879/3466/3460 1744/3465/3459 1743/3525/3510 1882/3523/3508
f 1744/3465/3459 1729/3467/3461 1730/3526/3511 1743/3525/3510
f 1729/3467/3461 1725/3468/3462 1728/3527/3512 1730/3526/3511
f 1725/3468/3462 1722/3469/3463 1721/3528/3513 1728/3527/3512
f 1722/3469/3463 1705/3470/3464 1706/3529/3514 1721/3528/3513
f 1705/3470/3464 1697/3471/3465 1700/3530/3515 1706/3529/3514
f 1697/3471/3465 1696/3472/3466 1694/3531/3516 1700/3530/3515
f 1696/3472/3466 1689/3473/3467 1690/3532/3517 1694/3531/3516
f 1463/3533/3518 1461/3475/3468 1462/3534/3519 1464/3535/3520
f 1461/3475/3468 515/3476/3469 517/3536/3521 1462/3534/3519
f 515/3476/3469 511/3477/3470 513/3537/3522 517/3536/3521
f 511/3477/3470 500/3478/3471 501/3538/3523 513/3537/3522
f 500/3478/3471 931/3479/3472 932/3539/3524 501/3538/3523
f 893/3540/3525 932/3539/3524 931/3479/3472 892/3480/3473
f 892/3480/3473 894/3481/3474 896/3541/3526 893/3540/3525
f 894/3481/3474 899/3482/3475 902/3542/3527 896/3541/3526
f 899/3482/3475 898/3483/3476 901/3543/3528 902/3542/3527
f 682/3544/3529 951/3545/3530 680/3546/3477 681/3488/3479
f 706/3547/3531 682/3544/3529 681/3488/3479 704/3487/3478
f 704/3487/3478 708/3489/3480 710/3548/3532 706/3547/3531
f 713/3549/3533 710/3548/3532 708/3489/3480 712/3490/3481
f 2352/3550/3534 713/3549/3533 712/3490/3481 2350/3491/3482
f 2356/3551/3535 2352/3550/3534 2350/3491/3482 2354/3492/3483
f 2368/3552/3536 2356/3551/3535 2354/3492/3483 2371/3493/3484
f 2576/3553/3537 2368/3552/3536 2371/3493/3484 2372/3494/3485
f 2612/3554/3538 2611/3555/3539 2608/3556/3486 2615/3498/3487
f 2619/3557/3540 2612/3554/3538 2615/3498/3487 2616/3499/3488
f 2620/3558/3541 2619/3557/3540 2616/3499/3488 2621/3500/3489
f 2634/3559/3542 2620/3558/3541 2621/3500/3489 2635/3501/3490
f 2777/3560/3543 2634/3559/3542 2635/3501/3490 2774/3502/3491
f 2787/3561/3544 2777/3560/3543 2774/3502/3491 2788/3503/3492
f 2791/3562/3545 2787/3561/3544 2788/3503/3492 2792/3504/3493
f 3765/3563/3496 2791/3562/3545 2792/3504/3493 3766/3505/3494
f 3764/3564/3546 3762/3565/3547 3765/3507/3496 3767/3566/3495
f 3419/3511/3498 3417/3510/3497 3416/3567/3548 3418/3568/3549
f 3411/3569/3550 3416/3567/3548 3417/3510/3497 3412/3513/3499
f 3412/3513/3499 3422/3514/3500 3382/3570/3551 3411/3569/3550
f 3422/3514/3500 3399/3515/3501 3398/3571/3552 3382/3570/3551
f 3399/3515/3501 3395/3516/3502 3394/3572/3553 3398/3571/3552
f 3357/3573/3554 3394/3572/3553 3395/3516/3502 3391/3517/3503
f 3391/3517/3503 3354/3518/3504 3353/3574/3555 3357/3573/3554
f 3576/3575/3556 3353/3574/3555 3354/3518/3504 3577/3519/3505
f 3577/3519/3505 3573/3521/3507 3572/3576/3557 3576/3575/3556
f 1885/3577/3509 1882/3523/3508 1881/3578/3558 1884/3579/3559
f 1882/3523/3508 1743/3525/3510 1746/3580/3560 1881/3578/3558
f 1743/3525/3510 1730/3526/3511 1742/3581/3561 1746/3580/3560
f 1730/3526/3511 1728/3527/3512 1727/3582/3562 1742/3581/3561
f 1728/3527/3512 1721/3528/3513 1724/3583/3563 1727/3582/3562
f 1721/3528/3513 1706/3529/3514 1712/3584/3564 1724/3583/3563
f 1706/3529/3514 1700/3530/3515 1699/3585/3565 1712/3584/3564
f 1700/3530/3515 1694/3531/3516 1695/3586/3566 1699/3585/3565
f 1694/3531/3516 1690/3587/3517 1691/3588/3567 1695/3586/3566
f 1462/3534/3519 1466/3589/3568 1468/3590/3569 1464/3535/3520
f 1462/3534/3519 517/3536/3521 518/3591/3570 1466/3589/3568
f 517/3536/3521 513/3537/3522 514/3592/3571 518/3591/3570
f 513/3537/3522 501/3538/3523 503/3593/3572 514/3592/3571
f 934/3594/3573 503/3593/3572 501/3538/3523 932/3539/3524
f 932/3539/3524 893/3540/3525 936/3595/3574 934/3594/3573
f 897/3596/3575 936/3595/3574 893/3540/3525 896/3541/3526
f 896/3541/3526 902/3542/3527 905/3597/3576 897/3596/3575
f 902/3542/3527 901/3543/3528 903/3598/3577 905/3597/3576
f 951/3599/3530 682/3544/3529 684/3600/3578 953/3601/3579
f 707/3602/3580 684/3600/3578 682/3544/3529 706/3547/3531
f 711/3603/3581 707/3602/3580 706/3547/3531 710/3548/3532
f 715/3604/3582 711/3603/3581 710/3548/3532 713/3549/3533
f 2353/3605/3583 715/3604/3582 713/3549/3533 2352/3550/3534
f 2357/3606/3584 2353/3605/3583 2352/3550/3534 2356/3551/3535
f 2370/3607/3585 2357/3606/3584 2356/3551/3535 2368/3552/3536
f 2575/3608/3586 2370/3607/3585 2368/3552/3536 2576/3553/3537
f 2614/3609/3587 2610/3610/3588 2611/3555/3539 2612/3554/3538
f 2618/3611/3589 2614/3609/3587 2612/3554/3538 2619/3557/3540
f 2633/3612/3590 2618/3611/3589 2619/3557/3540 2620/3558/3541
f 2637/3613/3591 2633/3612/3590 2620/3558/3541 2634/3559/3542
f 2776/3614/3592 2637/3613/3591 2634/3559/3542 2777/3560/3543
f 2786/3615/3593 2776/3614/3592 2777/3560/3543 2787/3561/3544
f 2790/3616/3594 2786/3615/3593 2787/3561/3544 2791/3562/3545
f 3762/3617/3547 2790/3616/3594 2791/3562/3545 3765/3563/3496
f 3761/3618/3595 3762/3565/3547 3764/3619/3546 3763/3620/3596
f 3415/3621/3597 3414/3622/3598 3418/3623/3549 3416/3567/3548
f 3410/3624/3599 3415/3621/3597 3416/3567/3548 3411/3569/3550
f 3411/3569/3550 3382/3570/3551 3381/3625/3600 3410/3624/3599
f 3382/3570/3551 3398/3571/3552 3397/3626/3601 3381/3625/3600
f 3398/3571/3552 3394/3572/3553 3393/3627/3602 3397/3626/3601
f 3394/3572/3553 3357/3573/3554 3356/3628/3603 3393/3627/3602
f 3357/3573/3554 3353/3574/3555 3352/3629/3604 3356/3628/3603
f 3575/3630/3605 3352/3629/3604 3353/3574/3555 3576/3575/3556
f 3576/3575/3556 3572/3576/3557 3571/3631/3606 3575/3630/3605
f 1884/3632/3559 1881/3578/3558 1880/3633/3607 1883/3634/3608
f 1881/3578/3558 1746/3580/3560 1745/3635/3609 1880/3633/3607
f 1746/3580/3560 1742/3581/3561 1741/3636/3610 1745/3635/3609
f 1742/3581/3561 1727/3582/3562 1726/3637/3611 1741/3636/3610
f 1727/3582/3562 1724/3583/3563 1723/3638/3612 1726/3637/3611
f 1724/3583/3563 1712/3584/3564 1711/3639/3613 1723/3638/3612
f 1712/3584/3564 1699/3585/3565 1698/3640/3614 1711/3639/3613
f 1699/3585/3565 1695/3586/3566 1693/3641/3615 1698/3640/3614
f 1695/3586/3566 1691/3642/3567 1692/3643/3616 1693/3641/3615
f 1466/3589/3568 1465/3644/3617 1467/3645/3618 1468/3646/3569
f 1466/3589/3568 518/3591/3570 516/3647/3619 1465/3644/3617
f 518/3591/3570 514/3592/3571 512/3648/3620 516/3647/3619
f 514/3592/3571 503/3593/3572 502/3649/3621 512/3648/3620
f 503/3593/3572 934/3594/3573 933/3650/3622 502/3649/3621
f 934/3594/3573 936/3595/3574 935/3651/3623 933/3650/3622
f 895/3652/3624 935/3651/3623 936/3595/3574 897/3596/3575
f 897/3596/3575 905/3597/3576 904/3653/3625 895/3652/3624
f 905/3597/3576 903/3598/3577 900/3654/3626 904/3653/3625
f 684/3600/3578 683/3655/3627 952/3656/3628 953/3601/3579
f 705/3657/3629 683/3655/3627 684/3600/3578 707/3602/3580
f 709/3658/3630 705/3657/3629 707/3602/3580 711/3603/3581
f 714/3659/3631 709/3658/3630 711/3603/3581 715/3604/3582
f 2351/3660/3632 714/3659/3631 715/3604/3582 2353/3605/3583
f 2355/3661/3633 2351/3660/3632 2353/3605/3583 2357/3606/3584
f 2369/3662/3634 2355/3661/3633 2357/3606/3584 2370/3607/3585
f 2369/3662/3634 2370/3607/3585 2575/3608/3586 2574/3663/3635
f 2610/3664/3588 2614/3609/3587 2613/3665/3636 2609/3666/3637
f 2617/3667/3638 2613/3665/3636 2614/3609/3587 2618/3611/3589
f 2632/3668/3639 2617/3667/3638 2618/3611/3589 2633/3612/3590
f 2636/3669/3640 2632/3668/3639 2633/3612/3590 2637/3613/3591
f 2775/3670/3641 2636/3669/3640 2637/3613/3591 2776/3614/3592
f 2785/3671/3642 2775/3670/3641 2776/3614/3592 2786/3615/3593
f 2789/3672/3643 2785/3671/3642 2786/3615/3593 2790/3616/3594
f 3761/3673/3595 2789/3672/3643 2790/3616/3594 3762/3617/3547
f 3752/3674/3644 3753/3675/3645 3755/3676/3646
f 3755/3676/3646 3756/3677/3647 3760/3678/2151 3759/3679/3648
f 3759/3679/3648 3760/3678/2151 3772/3680/2152 3771/3681/3649
f 3771/3681/3649 3772/3680/2152 3370/3682/2153 3369/3683/3650
f 3369/3683/3650 3370/3682/2153 3367/3684/3651 3366/3685/3652
f 3408/3686/3653 3415/3621/3597 3409/3687/3654
f 3407/3688/3655 3409/3687/3654 3415/3621/3597 3410/3624/3599
f 3380/3689/3656 3407/3688/3655 3410/3624/3599 3381/3625/3600
f 3390/3690/3657 3380/3689/3656 3381/3625/3600 3397/3626/3601
f 3397/3626/3601 3393/3627/3602 3386/3691/3658 3390/3690/3657
f 3351/3692/3659 3386/3691/3658 3393/3627/3602 3356/3628/3603
f 3356/3628/3603 3352/3629/3604 3349/3693/3660 3351/3692/3659
f 3570/3694/3661 3349/3693/3660 3352/3629/3604 3575/3630/3605
f 3570/3694/3661 3571/3631/3606 3568/3695/3662
f 3561/3696/2164 3560/3697/3663 3564/3698/3664 3565/3699/3665
f 3558/3700/2165 3557/3701/3666 3560/3697/3663 3561/3696/2164
f 1909/3702/2166 1908/3703/3667 3557/3701/3666 3558/3700/2165
f 1904/3704/3668 1903/3705/3669 1908/3703/3667 1909/3702/2166
f 1877/3706/3670 1878/3707/3671 1880/3633/3607
f 1738/3708/3672 1877/3706/3670 1880/3633/3607 1745/3635/3609
f 1745/3635/3609 1741/3636/3610 1736/3709/3673 1738/3708/3672
f 1720/3710/3674 1736/3709/3673 1741/3636/3610 1726/3637/3611
f 1726/3637/3611 1723/3638/3612 1716/3711/3675 1720/3710/3674
f 1710/3712/3676 1716/3711/3675 1723/3638/3612 1711/3639/3613
f 1687/3713/3677 1710/3712/3676 1711/3639/3613 1698/3640/3614
f 1698/3640/3614 1693/3641/3615 1681/3714/3678 1687/3713/3677
f 1681/3714/3678 1692/3715/3616 1680/3716/3679
f 1670/3717/2177 1669/3718/3680 1672/3719/3681 1673/3720/3682
f 1471/3721/2178 1470/3722/3683 1669/3718/3680 1670/3717/2177
f 1458/3723/2179 1457/3724/3684 1470/3722/3683 1471/3721/2178
f 1454/3725/3685 1453/3726/3686 1457/3724/3684 1458/3723/2179
f 1451/3727/3687 1452/3728/3688 1465/3644/3617
f 1465/3644/3617 516/3647/3619 509/3729/3689 1451/3727/3687
f 505/3730/3690 509/3729/3689 516/3647/3619 512/3648/3620
f 512/3648/3620 502/3649/3621 499/3731/3691 505/3730/3690
f 926/3732/3692 499/3731/3691 502/3649/3621 933/3650/3622
f 933/3650/3622 935/3651/3623 928/3733/3693 926/3732/3692
f 883/3734/3694 928/3733/3693 935/3651/3623 895/3652/3624
f 895/3652/3624 904/3653/3625 887/3735/3695 883/3734/3694
f 886/3736/3696 887/3735/3695 900/3654/3626
f 919/3737/3697 920/3738/3698 909/3739/2126 908/3740/3699
f 908/3740/3699 909/3739/2126 912/3741/2127 911/3742/3700
f 911/3742/3700 912/3741/2127 944/3743/2128 943/3/3
f 943/3/3 944/3743/2128 947/3744/3701 946/4/4
f 678/3745/3702 948/3746/3703 683/3655/3627
f 694/3747/3704 678/3745/3702 683/3655/3627 705/3657/3629
f 700/3748/3705 694/3747/3704 705/3657/3629 709/3658/3630
f 703/3749/3706 700/3748/3705 709/3658/3630 714/3659/3631
f 2345/3750/3707 703/3749/3706 714/3659/3631 2351/3660/3632
f 2348/3751/3708 2345/3750/3707 2351/3660/3632 2355/3661/3633
f 2367/3752/3709 2348/3751/3708 2355/3661/3633 2369/3662/3634
f 2367/3752/3709 2567/3753/3710 2569/3754/3711
f 2569/3754/3711 2570/3755/3712 2573/3756/2138 2572/3757/3713
f 2572/3757/3713 2573/3756/2138 2584/3758/2139 2583/3759/3714
f 2583/3759/3714 2584/3758/2139 2591/3760/2140 2590/3761/3715
f 2590/3761/3715 2591/3760/2140 2597/3762/2141 2596/3763/3716
f 2602/3764/3717 2613/3665/3636 2603/3765/3718
f 2607/3766/3719 2603/3765/3718 2613/3665/3636 2617/3667/3638
f 2627/3767/3720 2607/3766/3719 2617/3667/3638 2632/3668/3639
f 2629/3768/3721 2627/3767/3720 2632/3668/3639 2636/3669/3640
f 2773/3769/3722 2629/3768/3721 2636/3669/3640 2775/3670/3641
f 2780/3770/3723 2773/3769/3722 2775/3670/3641 2785/3671/3642
f 2784/3771/3724 2780/3770/3723 2785/3671/3642 2789/3672/3643
f 3752/3772/3644 2784/3771/3724 2789/3672/3643 3761/3673/3595
f 3754/3773/678 3751/3774/3725 3752/3674/3644 3755/3676/3646
f 3758/3775/3726 3754/3773/678 3755/3676/3646 3759/3679/3648
f 3770/3776/3727 3758/3775/3726 3759/3679/3648 3771/3681/3649
f 3368/3777/681 3770/3776/3727 3771/3681/3649 3369/3683/3650
f 3365/3778/3728 3368/3777/681 3369/3683/3650 3366/3685/3652
f 3366/3685/3652 3409/3687/3654 3403/3779/3729 3365/3778/3728
f 3406/3780/3730 3403/3779/3729 3409/3687/3654 3407/3688/3655
f 3407/3688/3655 3380/3689/3656 3379/3781/3731 3406/3780/3730
f 3389/3782/686 3379/3781/3731 3380/3689/3656 3390/3690/3657
f 3390/3690/3657 3386/3691/3658 3385/3783/3732 3389/3782/686
f 3386/3691/3658 3351/3692/3659 3350/3784/3733 3385/3783/3732
f 3351/3692/3659 3349/3693/3660 3348/3785/3734 3350/3784/3733
f 3349/3693/3660 3570/3694/3661 3569/3786/3735 3348/3785/3734
f 3570/3694/3661 3564/3698/3664 3563/3787/691 3569/3786/3735
f 3564/3698/3664 3560/3697/3663 3559/3788/692 3563/3787/691
f 3560/3697/3663 3557/3701/3666 3556/3789/693 3559/3788/692
f 3557/3701/3666 1908/3703/3667 1907/3790/694 3556/3789/693
f 1908/3703/3667 1903/3705/3669 1902/3791/695 1907/3790/694
f 1903/3705/3669 1877/3706/3670 1876/3792/3736 1902/3791/695
f 1877/3706/3670 1738/3708/3672 1737/3793/697 1876/3792/3736
f 1738/3708/3672 1736/3709/3673 1735/3794/3737 1737/3793/697
f 1736/3709/3673 1720/3710/3674 1719/3795/3738 1735/3794/3737
f 1720/3710/3674 1716/3711/3675 1715/3796/700 1719/3795/3738
f 1716/3711/3675 1710/3712/3676 1709/3797/701 1715/3796/700
f 1710/3712/3676 1687/3713/3677 1688/3798/3739 1709/3797/701
f 1687/3713/3677 1681/3714/3678 1684/3799/3740 1688/3798/3739
f 1681/3714/3678 1672/3719/3681 1671/3800/704 1684/3799/3740
f 1672/3719/3681 1669/3718/3680 1668/3801/705 1671/3800/704
f 1669/3718/3680 1470/3722/3683 1469/3802/3741 1668/3801/705
f 1470/3722/3683 1457/3724/3684 1459/3803/3742 1469/3802/3741
f 1457/3724/3684 1453/3726/3686 1455/3804/708 1459/3803/3742
f 1453/3726/3686 1451/3727/3687 1450/3805/3743 1455/3804/708
f 1451/3727/3687 509/3729/3689 510/3806/646 1450/3805/3743
f 509/3729/3689 505/3730/3690 506/3807/3744 510/3806/646
f 505/3730/3690 499/3731/3691 498/3808/3745 506/3807/3744
f 499/3731/3691 926/3732/3692 925/3809/650 498/3808/3745
f 926/3732/3692 928/3733/3693 927/3810/3746 925/3809/650
f 891/3811/3747 927/3810/3746 928/3733/3693 883/3734/3694
f 883/3734/3694 887/3735/3695 888/3812/3748 891/3811/3747
f 918/3813/3749 888/3812/3748 887/3735/3695 919/3737/3697
f 919/3737/3697 908/3740/3699 910/3814/655 918/3813/3749
f 915/3815/3750 910/3814/655 908/3740/3699 911/3742/3700
f 942/2/2 915/3815/3750 911/3742/3700 943/3/3
f 2805/3816/5 3028/7/5 3027/132/5
f 677/3817/3751 945/1/1 946/4/4 678/3745/3702
f 695/3818/659 677/3817/3751 678/3745/3702 694/3747/3704
f 701/3819/660 695/3818/659 694/3747/3704 700/3748/3705
f 702/3820/661 701/3819/660 700/3748/3705 703/3749/3706
f 2346/3821/662 702/3820/661 703/3749/3706 2345/3750/3707
f 2349/3822/663 2346/3821/662 2345/3750/3707 2348/3751/3708
f 2366/3823/664 2349/3822/663 2348/3751/3708 2367/3752/3709
f 2568/3824/665 2366/3823/664 2367/3752/3709 2569/3754/3711
f 2571/3825/3752 2568/3824/665 2569/3754/3711 2572/3757/3713
f 2587/3826/3753 2571/3825/3752 2572/3757/3713 2583/3759/3714
f 2592/3827/3754 2587/3826/3753 2583/3759/3714 2590/3761/3715
f 2595/3828/669 2592/3827/3754 2590/3761/3715 2596/3763/3716
f 2601/3829/3755 2595/3828/669 2596/3763/3716 2603/3765/3718
f 2606/3830/3756 2601/3829/3755 2603/3765/3718 2607/3766/3719
f 2626/3831/3757 2606/3830/3756 2607/3766/3719 2627/3767/3720
f 2628/3832/3758 2626/3831/3757 2627/3767/3720 2629/3768/3721
f 2772/3833/3759 2628/3832/3758 2629/3768/3721 2773/3769/3722
f 2779/3834/675 2772/3833/3759 2773/3769/3722 2780/3770/3723
f 2783/3835/676 2779/3834/675 2780/3770/3723 2784/3771/3724
f 3751/3836/3725 2783/3835/676 2784/3771/3724 3752/3772/3644
f 3750/3837/3760 3748/3838/3761 3751/3774/3725 3754/3773/678
f 3757/3839/3762 3750/3837/3760 3754/3773/678 3758/3775/3726
f 3360/3840/3763 3757/3839/3762 3758/3775/3726 3770/3776/3727
f 3364/3841/3764 3360/3840/3763 3770/3776/3727 3368/3777/681
f 3368/3777/681 3365/3778/3728 3363/3842/3765 3364/3841/3764
f 3402/3843/3766 3363/3842/3765 3365/3778/3728 3403/3779/3729
f 3405/3844/3767 3402/3843/3766 3403/3779/3729 3406/3780/3730
f 3378/3845/3768 3405/3844/3767 3406/3780/3730 3379/3781/3731
f 3388/3846/3769 3378/3845/3768 3379/3781/3731 3389/3782/686
f 3389/3782/686 3385/3783/3732 3384/3847/3770 3388/3846/3769
f 3385/3783/3732 3350/3784/3733 3347/3848/3771 3384/3847/3770
f 3350/3784/3733 3348/3785/3734 3345/3849/3772 3347/3848/3771
f 3348/3785/3734 3569/3786/3735 3343/3850/3773 3345/3849/3772
f 3569/3786/3735 3563/3787/691 3562/3851/3774 3343/3850/3773
f 3563/3787/691 3559/3788/692 3555/3852/3775 3562/3851/3774
f 3559/3788/692 3556/3789/693 3553/3853/3776 3555/3852/3775
f 3556/3789/693 1907/3790/694 1906/3854/3777 3553/3853/3776
f 1907/3790/694 1902/3791/695 1901/3855/3778 1906/3854/3777
f 1902/3791/695 1876/3792/3736 1740/3856/3779 1901/3855/3778
f 1876/3792/3736 1737/3793/697 1734/3857/3780 1740/3856/3779
f 1737/3793/697 1735/3794/3737 1732/3858/3781 1734/3857/3780
f 1735/3794/3737 1719/3795/3738 1717/3859/3782 1732/3858/3781
f 1719/3795/3738 1715/3796/700 1713/3860/3783 1717/3859/3782
f 1715/3796/700 1709/3797/701 1707/3861/3784 1713/3860/3783
f 1709/3797/701 1688/3798/3739 1685/3862/3785 1707/3861/3784
f 1688/3798/3739 1684/3799/3740 1683/3863/3786 1685/3862/3785
f 1684/3799/3740 1671/3800/704 1666/3864/3787 1683/3863/3786
f 1671/3800/704 1668/3801/705 1664/3865/3788 1666/3864/3787
f 1668/3801/705 1469/3802/3741 1662/3866/3789 1664/3865/3788
f 1469/3802/3741 1459/3803/3742 1456/3867/3790 1662/3866/3789
f 1459/3803/3742 1455/3804/708 1448/3868/3791 1456/3867/3790
f 1455/3804/708 1450/3805/3743 1446/3869/3792 1448/3868/3791
f 1450/3805/3743 510/3806/646 507/3870/3793 1446/3869/3792
f 510/3806/646 506/3807/3744 504/3871/3794 507/3870/3793
f 506/3807/3744 498/3808/3745 929/3872/3795 504/3871/3794
f 498/3808/3745 925/3809/650 921/3873/3796 929/3872/3795
f 922/3874/3797 921/3873/3796 925/3809/650 927/3810/3746
f 927/3810/3746 891/3811/3747 889/3875/3798 922/3874/3797
f 891/3811/3747 888/3812/3748 884/3876/3799 889/3875/3798
f 888/3812/3748 918/3813/3749 916/3877/3800 884/3876/3799
f 918/3813/3749 910/3814/655 906/3878/3801 916/3877/3800
f 913/3879/3802 906/3878/3801 910/3814/655 915/3815/3750
f 938/3880/3803 913/3879/3802 915/3815/3750 942/2/2
f 940/3881/3804 938/3880/3803 942/2/2 945/1/1
f 949/3882/3805 940/3881/3804 945/1/1 677/3817/3751
f 693/3883/3806 949/3882/3805 677/3817/3751 695/3818/659
f 696/3884/3807 693/3883/3806 695/3818/659 701/3819/660
f 698/3885/3808 696/3884/3807 701/3819/660 702/3820/661
f 2343/3886/3809 698/3885/3808 702/3820/661 2346/3821/662
f 2347/3887/3810 2343/3886/3809 2346/3821/662 2349/3822/663
f 2561/3888/3811 2347/3887/3810 2349/3822/663 2366/3823/664
f 2563/3889/3812 2561/3888/3811 2366/3823/664 2568/3824/665
f 2565/3890/3813 2563/3889/3812 2568/3824/665 2571/3825/3752
f 2586/3891/3814 2565/3890/3813 2571/3825/3752 2587/3826/3753
f 2589/3892/3815 2586/3891/3814 2587/3826/3753 2592/3827/3754
f 2594/3893/3816 2589/3892/3815 2592/3827/3754 2595/3828/669
f 2600/3894/3817 2594/3893/3816 2595/3828/669 2601/3829/3755
f 2604/3895/3818 2600/3894/3817 2601/3829/3755 2606/3830/3756
f 2623/3896/3819 2604/3895/3818 2606/3830/3756 2626/3831/3757
f 2625/3897/3820 2623/3896/3819 2626/3831/3757 2628/3832/3758
f 2631/3898/3821 2625/3897/3820 2628/3832/3758 2772/3833/3759
f 2778/3899/3822 2631/3898/3821 2772/3833/3759 2779/3834/675
f 2782/3900/3823 2778/3899/3822 2779/3834/675 2783/3835/676
f 3748/3901/3761 2782/3900/3823 2783/3835/676 3751/3836/3725
f 3749/3902/3824 3747/3903/3825 3748/3838/3761 3750/3837/3760
f 3358/3904/3826 3749/3902/3824 3750/3837/3760 3757/3839/3762
f 3359/3905/3827 3358/3904/3826 3757/3839/3762 3360/3840/3763
f 3361/3906/3828 3359/3905/3827 3360/3840/3763 3364/3841/3764
f 3362/3907/3829 3361/3906/3828 3364/3841/3764 3363/3842/3765
f 3363/3842/3765 3402/3843/3766 3401/3908/3830 3362/3907/3829
f 3404/3909/3831 3401/3908/3830 3402/3843/3766 3405/3844/3767
f 3405/3844/3767 3378/3845/3768 3377/3910/3832 3404/3909/3831
f 3387/3911/3833 3377/3910/3832 3378/3845/3768 3388/3846/3769
f 3383/3912/3834 3387/3911/3833 3388/3846/3769 3384/3847/3770
f 3346/3913/3835 3383/3912/3834 3384/3847/3770 3347/3848/3771
f 3347/3848/3771 3345/3849/3772 3344/3914/3836 3346/3913/3835
f 3345/3849/3772 3343/3850/3773 3342/3915/3837 3344/3914/3836
f 3343/3850/3773 3562/3851/3774 3341/3916/3838 3342/3915/3837
f 3562/3851/3774 3555/3852/3775 3554/3917/3839 3341/3916/3838
f 3555/3852/3775 3553/3853/3776 3552/3918/3840 3554/3917/3839
f 3553/3853/3776 1906/3854/3777 1905/3919/3841 3552/3918/3840
f 1906/3854/3777 1901/3855/3778 1747/3920/3842 1905/3919/3841
f 1901/3855/3778 1740/3856/3779 1739/3921/3843 1747/3920/3842
f 1740/3856/3779 1734/3857/3780 1733/3922/3844 1739/3921/3843
f 1734/3857/3780 1732/3858/3781 1731/3923/3845 1733/3922/3844
f 1732/3858/3781 1717/3859/3782 1718/3924/3846 1731/3923/3845
f 1717/3859/3782 1713/3860/3783 1714/3925/3847 1718/3924/3846
f 1713/3860/3783 1707/3861/3784 1708/3926/3848 1714/3925/3847
f 1707/3861/3784 1685/3862/3785 1686/3927/3849 1708/3926/3848
f 1685/3862/3785 1683/3863/3786 1682/3928/3850 1686/3927/3849
f 1683/3863/3786 1666/3864/3787 1667/3929/3851 1682/3928/3850
f 1666/3864/3787 1664/3865/3788 1665/3930/3852 1667/3929/3851
f 1664/3865/3788 1662/3866/3789 1663/3931/3853 1665/3930/3852
f 1662/3866/3789 1456/3867/3790 1661/3932/3854 1663/3931/3853
f 1456/3867/3790 1448/3868/3791 1449/3933/3855 1661/3932/3854
f 1448/3868/3791 1446/3869/3792 1447/3934/3856 1449/3933/3855
f 1446/3869/3792 507/3870/3793 508/3935/3857 1447/3934/3856
f 507/3870/3793 504/3871/3794 937/3936/3858 508/3935/3857
f 504/3871/3794 929/3872/3795 930/3937/3859 937/3936/3858
f 929/3872/3795 921/3873/3796 924/3938/3860 930/3937/3859
f 921/3873/3796 922/3874/3797 923/3939/3861 924/3938/3860
f 890/3940/3862 923/3939/3861 922/3874/3797 889/3875/3798
f 889/3875/3798 884/3876/3799 885/3941/3863 890/3940/3862
f 917/3942/3864 885/3941/3863 884/3876/3799 916/3877/3800
f 916/3877/3800 906/3878/3801 907/3943/3865 917/3942/3864
f 906/3878/3801 913/3879/3802 914/3944/3866 907/3943/3865
f 913/3879/3802 938/3880/3803 939/3945/3867 914/3944/3866
f 941/3946/3868 939/3945/3867 938/3880/3803 940/3881/3804
f 950/3947/3869 941/3946/3868 940/3881/3804 949/3882/3805
f 954/3948/3870 950/3947/3869 949/3882/3805 693/3883/3806
f 697/3949/3871 954/3948/3870 693/3883/3806 696/3884/3807
f 699/3950/3872 697/3949/3871 696/3884/3807 698/3885/3808
f 2344/3951/3873 699/3950/3872 698/3885/3808 2343/3886/3809
f 2560/3952/3874 2344/3951/3873 2343/3886/3809 2347/3887/3810
f 2562/3953/3875 2560/3952/3874 2347/3887/3810 2561/3888/3811
f 2564/3954/3876 2562/3953/3875 2561/3888/3811 2563/3889/3812
f 2566/3955/3877 2564/3954/3876 2563/3889/3812 2565/3890/3813
f 2585/3956/3878 2566/3955/3877 2565/3890/3813 2586/3891/3814
f 2588/3957/3879 2585/3956/3878 2586/3891/3814 2589/3892/3815
f 2593/3958/3880 2588/3957/3879 2589/3892/3815 2594/3893/3816
f 2599/3959/3881 2593/3958/3880 2594/3893/3816 2600/3894/3817
f 2605/3960/3882 2599/3959/3881 2600/3894/3817 2604/3895/3818
f 2622/3961/3883 2605/3960/3882 2604/3895/3818 2623/3896/3819
f 2624/3962/3884 2622/3961/3883 2623/3896/3819 2625/3897/3820
f 2630/3963/3885 2624/3962/3884 2625/3897/3820 2631/3898/3821
f 2638/3964/3886 2630/3963/3885 2631/3898/3821 2778/3899/3822
f 2781/3965/3887 2638/3964/3886 2778/3899/3822 2782/3900/3823
f 3747/3966/3825 2781/3965/3887 2782/3900/3823 3748/3901/3761
f 3340/3967/3445 3747/3903/3825 3749/3902/3824
f 3340/3968/3445 3749/3902/3824 3358/3904/3826
f 3340/3969/3445 3358/3904/3826 3359/3905/3827
f 3340/3970/3445 3359/3905/3827 3361/3906/3828
f 3340/3971/3445 3361/3906/3828 3362/3907/3829
f 3340/3972/3445 3362/3907/3829 3401/3908/3830
f 3340/3973/3445 3401/3908/3830 3404/3909/3831
f 3340/3974/3445 3404/3909/3831 3377/3910/3832
f 3340/3975/3445 3377/3910/3832 3387/3911/3833
f 3340/3976/3445 3387/3911/3833 3383/3912/3834
f 3340/3977/3445 3383/3912/3834 3346/3913/3835
f 3340/3978/3445 3346/3913/3835 3344/3914/3836
f 3340/3979/3445 3344/3914/3836 3342/3915/3837
f 3340/3980/3445 3342/3915/3837 3341/3916/3838
f 3340/3981/3445 3341/3916/3838 3554/3917/3839
f 3340/3982/3445 3554/3917/3839 3552/3918/3840
f 1905/3919/3841 3340/3983/3445 3552/3918/3840
f 1747/3920/3842 3340/3984/3445 1905/3919/3841
f 1739/3921/3843 3340/3985/3445 1747/3920/3842
f 1733/3922/3844 3340/3986/3445 1739/3921/3843
f 1731/3923/3845 3340/3987/3445 1733/3922/3844
f 1718/3924/3846 3340/3988/3445 1731/3923/3845
f 1714/3925/3847 3340/3989/3445 1718/3924/3846
f 1708/3926/3848 3340/3990/3445 1714/3925/3847
f 1686/3927/3849 3340/3991/3445 1708/3926/3848
f 1682/3928/3850 3340/3992/3445 1686/3927/3849
f 1667/3929/3851 3340/3993/3445 1682/3928/3850
f 1665/3930/3852 3340/3994/3445 1667/3929/3851
f 1663/3931/3853 3340/3995/3445 1665/3930/3852
f 1661/3932/3854 3340/3996/3445 1663/3931/3853
f 1449/3933/3855 3340/3997/3445 1661/3932/3854
f 1447/3934/3856 3340/3998/3445 1449/3933/3855
f 508/3935/3857 3340/3999/3445 1447/3934/3856
f 508/3935/3857 937/3936/3858 3340/4000/3445
f 930/3937/3859 3340/4001/3445 937/3936/3858
f 924/3938/3860 3340/4002/3445 930/3937/3859
f 923/3939/3861 3340/4003/3445 924/3938/3860
f 890/3940/3862 3340/4004/3445 923/3939/3861
f 885/3941/3863 3340/4005/3445 890/3940/3862
f 885/3941/3863 917/3942/3864 3340/4006/3445
f 907/3943/3865 3340/4007/3445 917/3942/3864
f 907/3943/3865 914/3944/3866 3340/4008/3445
f 914/3944/3866 939/3945/3867 3340/4009/3445
f 939/3945/3867 941/3946/3868 3340/4010/3445
f 941/3946/3868 950/3947/3869 3340/4011/3445
f 950/3947/3869 954/3948/3870 3340/4012/3445
f 697/3949/3871 3340/4013/3445 954/3948/3870
f 697/3949/3871 699/3950/3872 3340/4014/3445
f 699/3950/3872 2344/3951/3873 3340/4015/3445
f 2344/3951/3873 2560/3952/3874 3340/4016/3445
f 2560/3952/3874 2562/3953/3875 3340/4017/3445
f 2562/3953/3875 2564/3954/3876 3340/4018/3445
f 2564/3954/3876 2566/3955/3877 3340/4019/3445
f 2566/3955/3877 2585/3956/3878 3340/4020/3445
f 2585/3956/3878 2588/3957/3879 3340/4021/3445
f 2588/3957/3879 2593/3958/3880 3340/4022/3445
f 2593/3958/3880 2599/3959/3881 3340/4023/3445
f 2599/3959/3881 2605/3960/3882 3340/4024/3445
f 2605/3960/3882 2622/3961/3883 3340/4025/3445
f 2622/3961/3883 2624/3962/3884 3340/4026/3445
f 2624/3962/3884 2630/3963/3885 3340/4027/3445
f 2630/3963/3885 2638/3964/3886 3340/4028/3445
f 2638/3964/3886 2781/3965/3887 3340/4029/3445
f 2781/3965/3887 3747/3966/3825 3340/4030/3445
f 3807/4031/3888 3419/4031/3888 3414/4031/3888
f 3763/4031/3889 3769/4031/3889 3784/4031/3889
f 3367/4031/3445 3370/4031/3445 3773/4031/3445
f 1900/4031/2118 1885/4031/2118 1883/4031/2118
f 3571/4031/2149 3580/4031/2149 3585/4031/2149
f 3558/4031/3445 3579/4031/3445 1887/4031/3445
f 1439/4031/3890 1460/4031/3890 1467/4031/3890
f 1691/4031/3891 1491/4031/3891 1489/4031/3891
f 1471/4031/3445 1488/4031/3445 1444/4031/3445
f 643/4031/3892 679/4031/3892 952/4031/3892
f 903/4031/3893 466/4031/3893 464/4031/3893
f 882/4031/3445 944/4031/3445 912/4031/3445
f 2740/4031/3894 2611/4031/3894 2609/4031/3894
f 2373/4031/3895 2394/4031/3895 2575/4031/3895
f 2396/4031/3445 2591/4031/3445 2584/4031/3445
f 3739/3123/3141 3746/3125/3143 3787/3191/3208
f 3773/3190/3207 3784/3268/3274 3781/3188/3205
f 3739/3123/3141 3787/3191/3208 3773/3190/3207
f 3803/3194/3209 3794/3128/3146 3799/3129/3147
f 3799/3129/3147 3815/3198/3213 3805/3195/3210
f 3802/3196/3211 3803/3194/3209 3799/3129/3147
f 3548/3137/3155 3542/3138/3156 3567/3207/3222
f 3579/3206/3221 3585/3280/3286 3587/3205/3220
f 3548/3137/3155 3567/3207/3222 3579/3206/3221
f 1871/3141/3159 1897/3212/3226 1899/3282/3288
f 1887/3210/3224 1910/3209/3223 1875/3140/3158
f 1871/3141/3159 1899/3282/3288 1887/3210/3224
f 1482/3149/3167 1478/3150/3168 1487/3221/3235
f 1488/3220/3234 1489/4032/3299 1495/3219/3233
f 1482/3149/3167 1487/3221/3235 1488/3220/3234
f 1417/3154/3172 1436/3228/3239 1439/3297/3303
f 1431/3226/3237 1444/3225/3236 1422/3153/3171
f 1417/3154/3172 1439/3297/3303 1431/3226/3237
f 461/3235/3246 443/3162/3180 879/3163/3181
f 879/3163/3181 882/3237/3248 456/3236/3247
f 456/3236/3247 464/3306/3312 461/3235/3246
f 635/3166/3184 632/3167/3185 646/3241/3250
f 646/3241/3250 643/3310/3316 642/3242/3251
f 642/3242/3251 650/3240/3249 635/3166/3184
f 2390/3250/3259 2375/3175/3193 2380/3176/3194
f 2380/3176/3194 2396/3252/3261 2388/3251/3260
f 2388/3251/3260 2394/3319/3325 2390/3250/3259
f 2598/3255/3262 2581/3179/3197 2725/3180/3198
f 2725/3180/3198 2744/3259/3266 2739/3256/3263
f 2738/3257/3264 2598/3255/3262 2725/3180/3198
f 3768/3451/3446 3766/3508/3494 3776/3391/3391
f 3776/3391/3391 3774/3390/3390 3769/3450/3445
f 3580/3461/3456 3574/4033/3506 3578/3460/3455
f 3578/3460/3455 3589/3402/3401 3583/3403/3402
f 1890/3408/3406 1879/3466/3460 1886/3464/3458
f 1886/3464/3458 1892/3462/3457 1893/3406/3404
f 1442/3417/3415 1435/3419/3417 1461/3475/3468
f 1461/3475/3468 1463/4034/3518 1460/3474/3445
f 679/3486/3445 649/3428/3426 672/3430/3428
f 672/3430/3428 681/3488/3479 680/3485/3477
f 2371/3493/3484 2363/3436/3434 2389/3437/3435
f 2389/3437/3435 2373/3496/3445 2372/3494/3485
f 3752/3674/3644 3761/3618/3595 3763/3620/3596
f 3753/3675/3645 3756/3677/3647 3755/3676/3646
f 3752/3674/3644 3763/3620/3596 3753/3675/3645
f 3409/3687/3654 3366/3685/3652 3367/3684/3651
f 3408/3686/3653 3414/4035/3598 3415/3621/3597
f 3409/3687/3654 3367/3684/3651 3408/3686/3653
f 3565/3699/3665 3564/3698/3664 3570/3694/3661
f 3570/3694/3661 3575/3630/3605 3571/3631/3606
f 3568/3695/3662 3565/3699/3665 3570/3694/3661
f 1877/3706/3670 1903/3705/3669 1904/3704/3668
f 1878/3707/3671 1883/3634/3608 1880/3633/3607
f 1877/3706/3670 1904/3704/3668 1878/3707/3671
f 1673/3720/3682 1672/3719/3681 1681/3714/3678
f 1681/3714/3678 1693/3641/3615 1692/3715/3616
f 1680/3716/3679 1673/3720/3682 1681/3714/3678
f 1451/3727/3687 1453/3726/3686 1454/3725/3685
f 1452/3728/3688 1467/3645/3618 1465/3644/3617
f 1451/3727/3687 1454/3725/3685 1452/3728/3688
f 886/3736/3696 920/3738/3698 919/3737/3697
f 887/3735/3695 904/3653/3625 900/3654/3626
f 886/3736/3696 919/3737/3697 887/3735/3695
f 678/3745/3702 946/4/4 947/4036/3701
f 948/3746/3703 952/3656/3628 683/3655/3627
f 678/3745/3702 947/4036/3701 948/3746/3703
f 2367/3752/3709 2369/3662/3634 2574/3663/3635
f 2567/3753/3710 2570/3755/3712 2569/3754/3711
f 2367/3752/3709 2574/3663/3635 2567/3753/3710
f 2603/3765/3718 2596/3763/3716 2597/3762/2141
f 2602/3764/3717 2609/3666/3637 2613/3665/3636
f 2603/3765/3718 2597/3762/2141 2602/3764/3717
f 3414/4031/3888 3408/4031/3888 3802/4031/3888
f 3802/4031/3888 3805/4031/3888 3807/4031/3888
f 3807/4031/3888 3806/4031/3888 3804/4031/3888
f 3804/4031/3888 3421/4031/3896 3419/4031/3888
f 3419/4031/3888 3418/4031/3888 3414/4031/3888
f 3414/4031/3888 3802/4031/3888 3807/4031/3888
f 3807/4031/3888 3804/4031/3888 3419/4031/3888
f 3773/4031/3889 3753/4031/3889 3763/4031/3889
f 3763/4031/3889 3764/4031/3889 3767/4031/3889
f 3767/4031/3889 3768/4031/3897 3769/4031/3889
f 3769/4031/3889 3775/4031/3898 3783/4031/3889
f 3783/4031/3889 3785/4031/3889 3784/4031/3889
f 3784/4031/3889 3773/4031/3889 3763/4031/3889
f 3763/4031/3889 3767/4031/3889 3769/4031/3889
f 3769/4031/3889 3783/4031/3889 3784/4031/3889
f 3756/4031/3445 3753/4031/3445 3773/4031/3445
f 3773/4031/3445 3787/4031/3456 3786/4031/3445
f 3786/4031/3445 3816/4031/3456 3803/4031/3445
f 3803/4031/3445 3802/4031/3445 3408/4031/3445
f 3803/4031/3445 3408/4031/3445 3367/4031/3445
f 3773/4031/3445 3786/4031/3445 3803/4031/3445
f 3760/4031/3445 3756/4031/3445 3773/4031/3445
f 3772/4031/3445 3760/4031/3445 3773/4031/3445
f 3773/4031/3445 3803/4031/3445 3367/4031/3445
f 3370/4031/3445 3772/4031/3445 3773/4031/3445
f 1883/4031/2118 1878/4031/2118 1887/4031/2118
f 1887/4031/2118 1899/4031/2118 1900/4031/2118
f 1900/4031/2118 1896/4031/2118 1895/4031/2118
f 1892/4031/2118 1886/4031/2118 1885/4031/2118
f 1900/4031/2118 1895/4031/2118 1892/4031/2118
f 1883/4031/2118 1887/4031/2118 1900/4031/2118
f 1885/4031/2118 1884/4031/2118 1883/4031/2118
f 1900/4031/2118 1892/4031/2118 1885/4031/2118
f 3579/4031/2149 3568/4031/2149 3571/4031/2149
f 3571/4031/2149 3572/4031/2149 3573/4031/2149
f 3573/4031/2149 3574/4031/2149 3580/4031/2149
f 3580/4031/2149 3581/4031/2149 3582/4031/2149
f 3582/4031/2149 3586/4031/2149 3585/4031/2149
f 3585/4031/2149 3579/4031/2149 3571/4031/2149
f 3571/4031/2149 3573/4031/2149 3580/4031/2149
f 3580/4031/2149 3582/4031/2149 3585/4031/2149
f 1887/4031/3445 1878/4031/3445 1904/4031/3445
f 1887/4031/3445 1904/4031/3445 1909/4031/3445
f 3566/4031/3445 1910/4031/3445 1887/4031/3445
f 3579/4031/3445 3567/4031/3445 3566/4031/3445
f 3565/4031/3445 3568/4031/3445 3579/4031/3445
f 3561/4031/3445 3565/4031/3445 3579/4031/3445
f 3579/4031/3445 3566/4031/3445 1887/4031/3445
f 1887/4031/3445 1909/4031/3445 3558/4031/3445
f 3558/4031/3445 3561/4031/3445 3579/4031/3445
f 1452/4031/3890 1431/4031/3890 1439/4031/3890
f 1439/4031/3890 1440/4031/3890 1441/4031/3890
f 1441/4031/3890 1443/4031/3899 1460/4031/3890
f 1460/4031/3890 1463/4031/3899 1464/4031/3890
f 1464/4031/3890 1468/4031/3900 1467/4031/3890
f 1467/4031/3890 1452/4031/3890 1439/4031/3890
f 1439/4031/3890 1441/4031/3890 1460/4031/3890
f 1460/4031/3890 1464/4031/3890 1467/4031/3890
f 1489/4031/3891 1488/4031/3891 1680/4031/3891
f 1680/4031/3891 1692/4031/3891 1691/4031/3891
f 1691/4031/3891 1690/4031/3891 1689/4031/3901
f 1689/4031/3901 1492/4031/3891 1491/4031/3891
f 1491/4031/3891 1490/4031/3891 1489/4031/3891
f 1489/4031/3891 1680/4031/3891 1691/4031/3891
f 1691/4031/3891 1689/4031/3901 1491/4031/3891
f 1444/4031/3445 1431/4031/3445 1452/4031/3445
f 1444/4031/3445 1452/4031/3445 1454/4031/3445
f 1486/4031/3445 1445/4031/3457 1444/4031/3445
f 1488/4031/3445 1487/4031/3445 1486/4031/3445
f 1673/4031/3445 1680/4031/3445 1488/4031/3445
f 1670/4031/3445 1673/4031/3445 1488/4031/3445
f 1488/4031/3445 1486/4031/3445 1444/4031/3445
f 1444/4031/3445 1454/4031/3445 1458/4031/3445
f 1471/4031/3445 1670/4031/3445 1488/4031/3445
f 1444/4031/3445 1458/4031/3445 1471/4031/3445
f 948/4031/3892 642/4031/3892 643/4031/3892
f 643/4031/3892 644/4031/3892 645/4031/3892
f 645/4031/3892 651/4031/3902 679/4031/3892
f 679/4031/3892 680/4031/3903 951/4031/3892
f 951/4031/3892 953/4031/3892 952/4031/3892
f 952/4031/3892 948/4031/3892 643/4031/3892
f 643/4031/3892 645/4031/3892 679/4031/3892
f 679/4031/3892 951/4031/3892 952/4031/3892
f 464/4031/3893 456/4031/3893 886/4031/3893
f 886/4031/3893 900/4031/3893 903/4031/3893
f 903/4031/3893 901/4031/3893 898/4031/3893
f 898/4031/3893 467/4031/3893 466/4031/3893
f 466/4031/3893 465/4031/3893 464/4031/3893
f 464/4031/3893 886/4031/3893 903/4031/3893
f 903/4031/3893 898/4031/3893 466/4031/3893
f 886/4031/3445 456/4031/3445 882/4031/3445
f 882/4031/3445 640/4031/3445 641/4031/3445
f 641/4031/3445 650/4031/3457 642/4031/3445
f 642/4031/3445 948/4031/3445 947/4031/3445
f 642/4031/3445 947/4031/3445 944/4031/3445
f 882/4031/3445 641/4031/3445 642/4031/3445
f 920/4031/3445 886/4031/3445 882/4031/3445
f 909/4031/3445 920/4031/3445 882/4031/3445
f 882/4031/3445 642/4031/3445 944/4031/3445
f 912/4031/3445 909/4031/3445 882/4031/3445
f 2609/4031/3894 2602/4031/3894 2738/4031/3894
f 2738/4031/3894 2739/4031/3894 2740/4031/3894
f 2740/4031/3894 2741/4031/3894 2742/4031/3894
f 2742/4031/3894 2608/4031/3904 2611/4031/3894
f 2611/4031/3894 2610/4031/3894 2609/4031/3894
f 2609/4031/3894 2738/4031/3894 2740/4031/3894
f 2740/4031/3894 2742/4031/3894 2611/4031/3894
f 2576/4031/3895 2372/4031/3905 2373/4031/3895
f 2373/4031/3895 2397/4031/3895 2393/4031/3895
f 2393/4031/3895 2395/4031/3895 2394/4031/3895
f 2394/4031/3895 2388/4031/3895 2567/4031/3895
f 2567/4031/3895 2574/4031/3895 2575/4031/3895
f 2575/4031/3895 2576/4031/3895 2373/4031/3895
f 2373/4031/3895 2393/4031/3895 2394/4031/3895
f 2394/4031/3895 2567/4031/3895 2575/4031/3895
f 2567/4031/3445 2388/4031/3445 2396/4031/3445
f 2396/4031/3445 2398/4031/3445 2399/4031/3445
f 2399/4031/3445 2598/4031/3457 2738/4031/3445
f 2738/4031/3445 2602/4031/3445 2597/4031/3445
f 2738/4031/3445 2597/4031/3445 2591/4031/3445
f 2396/4031/3445 2399/4031/3445 2738/4031/3445
f 2570/4031/3445 2567/4031/3445 2396/4031/3445
f 2573/4031/3445 2570/4031/3445 2396/4031/3445
f 2396/4031/3445 2738/4031/3445 2591/4031/3445
f 2584/4031/3445 2573/4031/3445 2396/4031/3445
usemtl trim
f 4013/4037/3906 4014/4038/3907 4078/4039/3907 4077/4040/3906
f 4015/4041/3908 4016/4042/3909 4080/4043/3909 4079/4044/3908
f 4016/4042/3909 4017/4045/3910 4081/4046/3910 4080/4043/3909
f 4017/4045/3910 4018/4047/3911 4082/4048/3911 4081/4046/3910
f 4018/4047/3911 4019/4049/3912 4083/4050/3912 4082/4048/3911
f 4019/4049/3912 4020/4051/3913 4084/4052/3913 4083/4050/3912
f 4020/4051/3913 4021/4053/3914 4085/4054/3914 4084/4052/3913
f 4021/4053/3914 4022/4055/3915 4086/4056/3915 4085/4054/3914
f 4022/4055/3915 4023/4057/3916 4087/4058/3916 4086/4056/3915
f 4023/4057/3916 4024/4059/3917 4088/4060/3917 4087/4058/3916
f 4024/4059/3917 4025/4061/3918 4089/4062/3918 4088/4060/3917
f 4025/4061/3918 4026/4063/3919 4090/4064/3919 4089/4062/3918
f 4026/4063/3919 4027/4065/3920 4091/4066/3920 4090/4064/3919
f 4027/4065/3920 4028/4067/3921 4092/4068/3921 4091/4066/3920
f 4028/4067/3921 4029/4069/3922 4093/4070/3922 4092/4068/3921
f 4029/4069/3922 4030/4071/3923 4094/4072/3923 4093/4070/3922
f 4030/4071/3923 4031/4073/3924 4095/4074/3924 4094/4072/3923
f 4031/4073/3924 4032/4075/3925 4096/4076/3925 4095/4074/3924
f 4032/4075/3925 4033/4077/3926 4097/4078/3926 4096/4076/3925
f 4033/4077/3926 4034/4079/3927 4098/4080/3927 4097/4078/3926
f 4034/4079/3927 4035/4081/3928 4099/4082/3928 4098/4080/3927
f 4035/4081/3928 4036/4083/3929 4100/4084/3929 4099/4082/3928
f 4036/4083/3929 4037/4085/3930 4101/4086/3930 4100/4084/3929
f 4037/4085/3930 4038/4087/3931 4102/4088/3931 4101/4086/3930
f 4038/4087/3931 4039/4089/3932 4103/4090/3932 4102/4088/3931
f 4039/4089/3932 4040/4091/3933 4104/4092/3933 4103/4090/3932
f 4040/4091/3933 4041/4093/3934 4105/4094/3934 4104/4092/3933
f 4041/4093/3934 4042/4095/3935 4106/4096/3935 4105/4094/3934
f 4042/4095/3935 4043/4097/3936 4107/4098/3936 4106/4096/3935
f 4043/4097/3936 4044/4099/3937 4108/4100/3937 4107/4098/3936
f 4044/4099/3937 4045/4101/3938 4109/4102/3938 4108/4100/3937
f 4045/4101/3938 4046/4103/3939 4110/4104/3939 4109/4102/3938
f 4046/4103/3939 4047/4105/3940 4111/4106/3940 4110/4104/3939
f 4047/4105/3940 4048/4107/3941 4112/4108/3941 4111/4106/3940
f 4048/4107/3941 4049/4109/3942 4113/4110/3942 4112/4108/3941
f 4049/4109/3942 4050/4111/3943 4114/4112/3943 4113/4110/3942
f 4050/4111/3943 4051/4113/3944 4115/4114/3944 4114/4112/3943
f 4051/4113/3944 4052/4115/3945 4116/4116/3945 4115/4114/3944
f 4052/4115/3945 4053/4117/3946 4117/4118/3946 4116/4116/3945
f 4053/4117/3946 4054/4119/3947 4118/4120/3947 4117/4118/3946
f 4054/4119/3947 4055/4121/3948 4119/4122/3948 4118/4120/3947
f 4055/4121/3948 4056/4123/3949 4120/4124/3949 4119/4122/3948
f 4056/4123/3949 4057/4125/3950 4121/4126/3950 4120/4124/3949
f 4057/4125/3950 4058/4127/3951 4122/4128/3951 4121/4126/3950
f 4058/4127/3951 4059/4129/3952 4123/4130/3952 4122/4128/3951
f 4059/4129/3952 4060/4131/3953 4124/4132/3953 4123/4130/3952
f 4060/4131/3953 4061/4133/3954 4125/4134/3954 4124/4132/3953
f 4061/4133/3954 4062/4135/3955 4126/4136/3955 4125/4134/3954
f 4062/4135/3955 4063/4137/3956 4127/4138/3956 4126/4136/3955
f 4063/4137/3956 4064/4139/3957 4128/4140/3957 4127/4138/3956
f 4064/4139/3957 4065/4141/3958 4129/4142/3958 4128/4140/3957
f 4065/4141/3958 4066/4143/3959 4130/4144/3959 4129/4142/3958
f 4066/4143/3959 4067/4145/3960 4131/4146/3960 4130/4144/3959
f 4067/4145/3960 4068/4147/3961 4132/4148/3961 4131/4146/3960
f 4068/4147/3961 4069/4149/3962 4133/4150/3962 4132/4148/3961
f 4069/4149/3962 4070/4151/3963 4134/4152/3963 4133/4150/3962
f 4070/4151/3963 4071/4153/3964 4135/4154/3964 4134/4152/3963
f 4071/4153/3964 4072/4155/3965 4136/4156/3965 4135/4154/3964
f 4072/4155/3965 4009/4157/3966 4073/4158/3966 4136/4156/3965
f 4073/4159/2149 4074/4160/2150 4138/4161/2150 4137/4162/2149
f 4074/4160/2150 4075/4163/2151 4139/4164/2151 4138/4161/2150
f 4075/4163/2151 4076/4165/2152 4140/4166/2152 4139/4164/2151
f 4076/4165/2152 4077/4040/2153 4141/4167/2153 4140/4166/2152
f 4077/4040/2153 4078/4039/2154 4142/4168/2154 4141/4167/2153
f 4078/4039/2154 4079/4044/2155 4143/4169/2155 4142/4168/2154
f 4079/4044/2155 4080/4043/2156 4144/4170/2156 4143/4169/2155
f 4080/4043/2156 4081/4046/2157 4145/4171/2157 4144/4170/2156
f 4081/4046/2157 4082/4048/2158 4146/4172/2158 4145/4171/2157
f 4082/4048/2158 4083/4050/2159 4147/4173/2159 4146/4172/2158
f 4083/4050/2159 4084/4052/2160 4148/4174/2160 4147/4173/2159
f 4084/4052/2160 4085/4054/2161 4149/4175/2161 4148/4174/2160
f 4085/4054/2161 4086/4056/2162 4150/4176/2162 4149/4175/2161
f 4086/4056/2162 4087/4058/2163 4151/4177/2163 4150/4176/2162
f 4087/4058/2163 4088/4060/2164 4152/4178/2164 4151/4177/2163
f 4088/4060/2164 4089/4062/2165 4153/4179/2165 4152/4178/2164
f 4089/4062/2165 4090/4064/2166 4154/4180/2166 4153/4179/2165
f 4090/4064/2166 4091/4066/2167 4155/4181/2167 4154/4180/2166
f 4091/4066/2167 4092/4068/2168 4156/4182/2168 4155/4181/2167
f 4092/4068/2168 4093/4070/2169 4157/4183/2169 4156/4182/2168
f 4093/4070/2169 4094/4072/2170 4158/4184/2170 4157/4183/2169
f 4094/4072/2170 4095/4074/2171 4159/4185/2171 4158/4184/2170
f 4095/4074/2171 4096/4076/2172 4160/4186/2172 4159/4185/2171
f 4096/4076/2172 4097/4078/2173 4161/4187/2173 4160/4186/2172
f 4097/4078/2173 4098/4080/2174 4162/4188/2174 4161/4187/2173
f 4098/4080/2174 4099/4082/2175 4163/4189/2175 4162/4188/2174
f 4099/4082/2175 4100/4084/2176 4164/4190/2176 4163/4189/2175
f 4100/4084/2176 4101/4086/2177 4165/4191/2177 4164/4190/2176
f 4101/4086/2177 4102/4088/2178 4166/4192/2178 4165/4191/2177
f 4102/4088/2178 4103/4090/2179 4167/4193/2179 4166/4192/2178
f 4103/4090/2179 4104/4092/2180 4168/4194/2180 4167/4193/2179
f 4104/4092/2180 4105/4094/2118 4169/4195/2118 4168/4194/2180
f 4105/4094/2118 4106/4096/2117 4170/4196/2117 4169/4195/2118
f 4106/4096/2117 4107/4098/2119 4171/4197/2119 4170/4196/2117
f 4107/4098/2119 4108/4100/2120 4172/4198/2120 4171/4197/2119
f 4108/4100/2120 4109/4102/2121 4173/4199/2121 4172/4198/2120
f 4109/4102/2121 4110/4104/2122 4174/4200/2122 4173/4199/2121
f 4110/4104/2122 4111/4106/2123 4175/4201/2123 4174/4200/2122
f 4111/4106/2123 4112/4108/2124 4176/4202/2124 4175/4201/2123
f 4112/4108/2124 4113/4110/2125 4177/4203/2125 4176/4202/2124
f 4113/4110/2125 4114/4112/2126 4178/4204/2126 4177/4203/2125
f 4114/4112/2126 4115/4114/2127 4179/4205/2127 4178/4204/2126
f 4115/4114/2127 4116/4116/2128 4180/4206/2128 4179/4205/2127
f 4116/4116/2128 4117/4118/2129 4181/4207/2129 4180/4206/2128
f 4117/4118/2129 4118/4120/2130 4182/4208/2130 4181/4207/2129
f 4118/4120/2130 4119/4122/2131 4183/4209/2131 4182/4208/2130
f 4119/4122/2131 4120/4124/2132 4184/4210/2132 4183/4209/2131
f 4120/4124/2132 4121/4126/2133 4185/4211/2133 4184/4210/2132
f 4121/4126/2133 4122/4128/2134 4186/4212/2134 4185/4211/2133
f 4122/4128/2134 4123/4130/2135 4187/4213/2135 4186/4212/2134
f 4123/4130/2135 4124/4132/2136 4188/4214/2136 4187/4213/2135
f 4124/4132/2136 4125/4134/2137 4189/4215/2137 4188/4214/2136
f 4125/4134/2137 4126/4136/2138 4190/4216/2138 4189/4215/2137
f 4126/4136/2138 4127/4138/2139 4191/4217/2139 4190/4216/2138
f 4127/4138/2139 4128/4140/2140 4192/4218/2140 4191/4217/2139
f 4128/4140/2140 4129/4142/2141 4193/4219/2141 4192/4218/2140
f 4129/4142/2141 4130/4144/2142 4194/4220/2142 4193/4219/2141
f 4130/4144/2142 4131/4146/2143 4195/4221/2143 4194/4220/2142
f 4131/4146/2143 4132/4148/2144 4196/4222/2144 4195/4221/2143
f 4132/4148/2144 4133/4150/2145 4197/4223/2145 4196/4222/2144
f 4133/4150/2145 4134/4152/2146 4198/4224/2146 4197/4223/2145
f 4134/4152/2146 4135/4154/2147 4199/4225/2147 4198/4224/2146
f 4135/4154/2147 4136/4156/2148 4200/4226/2148 4199/4225/2147
f 4136/4156/2148 4073/4158/2149 4137/4227/2149 4200/4226/2148
f 4137/4162/3967 4138/4161/3968 3818/4228/3968 3817/4229/3967
f 4138/4161/3968 4139/4164/3969 3819/4230/3969 3818/4228/3968
f 4139/4164/3969 4140/4166/3970 3820/4231/3970 3819/4230/3969
f 4140/4166/3970 4141/4167/3971 3821/4232/3971 3820/4231/3970
f 4141/4167/3971 4142/4168/3972 3822/4233/3972 3821/4232/3971
f 4142/4168/3972 4143/4169/3973 3823/4234/3973 3822/4233/3972
f 4143/4169/3973 4144/4170/3974 3824/4235/3974 3823/4234/3973
f 4144/4170/3974 4145/4171/3975 3825/4236/3975 3824/4235/3974
f 4145/4171/3975 4146/4172/3976 3826/4237/3976 3825/4236/3975
f 4146/4172/3976 4147/4173/3977 3827/4238/3977 3826/4237/3976
f 4147/4173/3977 4148/4174/3978 3828/4239/3978 3827/4238/3977
f 4148/4174/3978 4149/4175/3979 3829/4240/3979 3828/4239/3978
f 4149/4175/3979 4150/4176/3980 3830/4241/3980 3829/4240/3979
f 4150/4176/3980 4151/4177/3981 3831/4242/3981 3830/4241/3980
f 4151/4177/3981 4152/4178/3982 3832/4243/3982 3831/4242/3981
f 4152/4178/3982 4153/4179/3983 3833/4244/3983 3832/4243/3982
f 4153/4179/3983 4154/4180/3984 3834/4245/3984 3833/4244/3983
f 4154/4180/3984 4155/4181/3985 3835/4246/3985 3834/4245/3984
f 4155/4181/3985 4156/4182/3986 3836/4247/3986 3835/4246/3985
f 4156/4182/3986 4157/4183/3987 3837/4248/3987 3836/4247/3986
f 4157/4183/3987 4158/4184/3988 3838/4249/3988 3837/4248/3987
f 4158/4184/3988 4159/4185/3989 3839/4250/3989 3838/4249/3988
f 4159/4185/3989 4160/4186/3990 3840/4251/3990 3839/4250/3989
f 4160/4186/3990 4161/4187/3991 3841/4252/3991 3840/4251/3990
f 4161/4187/3991 4162/4188/3992 3842/4253/3992 3841/4252/3991
f 4162/4188/3992 4163/4189/3993 3843/4254/3993 3842/4253/3992
f 4163/4189/3993 4164/4190/3994 3844/4255/3994 3843/4254/3993
f 4164/4190/3994 4165/4191/3995 3845/4256/3995 3844/4255/3994
f 4165/4191/3995 4166/4192/3996 3846/4257/3996 3845/4256/3995
f 4166/4192/3996 4167/4193/3997 3847/4258/3997 3846/4257/3996
f 4167/4193/3997 4168/4194/3998 3848/4259/3998 3847/4258/3997
f 4168/4194/3998 4169/4195/3999 3849/4260/3999 3848/4259/3998
f 4169/4195/3999 4170/4196/4000 3850/4261/4000 3849/4260/3999
f 4170/4196/4000 4171/4197/4001 3851/4262/4001 3850/4261/4000
f 4171/4197/4001 4172/4198/4002 3852/4263/4002 3851/4262/4001
f 4172/4198/4002 4173/4199/4003 3853/4264/4003 3852/4263/4002
f 4173/4199/4003 4174/4200/4004 3854/4265/4004 3853/4264/4003
f 4174/4200/4004 4175/4201/4005 3855/4266/4005 3854/4265/4004
f 4175/4201/4005 4176/4202/4006 3856/4267/4006 3855/4266/4005
f 4176/4202/4006 4177/4203/4007 3857/4268/4007 3856/4267/4006
f 4177/4203/4007 4178/4204/4008 3858/4269/4008 3857/4268/4007
f 4178/4204/4008 4179/4205/4009 3859/4270/4009 3858/4269/4008
f 4179/4205/4009 4180/4206/4010 3860/4271/4010 3859/4270/4009
f 4180/4206/4010 4181/4207/4011 3861/4272/4011 3860/4271/4010
f 4181/4207/4011 4182/4208/4012 3862/4273/4012 3861/4272/4011
f 4182/4208/4012 4183/4209/4013 3863/4274/4013 3862/4273/4012
f 4183/4209/4013 4184/4210/4014 3864/4275/4014 3863/4274/4013
f 4184/4210/4014 4185/4211/4015 3865/4276/4015 3864/4275/4014
f 4185/4211/4015 4186/4212/4016 3866/4277/4016 3865/4276/4015
f 4186/4212/4016 4187/4213/4017 3867/4278/4017 3866/4277/4016
f 4187/4213/4017 4188/4214/4018 3868/4279/4018 3867/4278/4017
f 4188/4214/4018 4189/4215/4019 3869/4280/4019 3868/4279/4018
f 4189/4215/4019 4190/4216/4020 3870/4281/4020 3869/4280/4019
f 4190/4216/4020 4191/4217/4021 3871/4282/4021 3870/4281/4020
f 4191/4217/4021 4192/4218/4022 3872/4283/4022 3871/4282/4021
f 4192/4218/4022 4193/4219/4023 3873/4284/4023 3872/4283/4022
f 4193/4219/4023 4194/4220/4024 3874/4285/4024 3873/4284/4023
f 4194/4220/4024 4195/4221/4025 3875/4286/4025 3874/4285/4024
f 4195/4221/4025 4196/4222/4026 3876/4287/4026 3875/4286/4025
f 4196/4222/4026 4197/4223/4027 3877/4288/4027 3876/4287/4026
f 4197/4223/4027 4198/4224/4028 3878/4289/4028 3877/4288/4027
f 4198/4224/4028 4199/4225/4029 3879/4290/4029 3878/4289/4028
f 4199/4225/4029 4200/4226/4030 3880/4291/4030 3879/4290/4029
f 4200/4226/4030 4137/4227/3967 3817/4292/3967 3880/4291/4030
f 4201/4031/5 4202/4293/5 4266/4294/5 4265/4295/5
f 4202/4293/5 4203/4296/5 4267/4297/5 4266/4294/5
f 4203/4296/5 4204/4298/5 4268/4299/5 4267/4297/5
f 4204/4298/5 4205/4300/5 4269/4301/5 4268/4299/5
f 4205/4300/5 4206/4302/5 4270/4303/5 4269/4301/5
f 4206/4302/5 4207/4304/5 4271/4305/5 4270/4303/5
f 4207/4304/5 4208/4306/5 4272/4307/5 4271/4305/5
f 4208/4306/5 4209/4308/5 4273/4309/5 4272/4307/5
f 4209/4308/5 4210/4310/5 4274/4311/5 4273/4309/5
f 4210/4310/5 4211/4312/5 4275/4313/5 4274/4311/5
f 4211/4312/5 4212/4314/5 4276/4315/5 4275/4313/5
f 4212/4314/5 4213/4316/5 4277/4317/5 4276/4315/5
f 4213/4316/5 4214/4318/5 4278/4319/5 4277/4317/5
f 4214/4318/5 4215/4320/5 4279/4321/5 4278/4319/5
f 4215/4320/5 4216/4322/5 4280/4323/5 4279/4321/5
f 4216/4322/5 4217/4324/5 4281/4325/5 4280/4323/5
f 4217/4324/5 4218/4326/5 4282/4327/5 4281/4325/5
f 4218/4326/5 4219/4328/5 4283/4329/5 4282/4327/5
f 4219/4328/5 4220/4330/5 4284/4331/5 4283/4329/5
f 4220/4330/5 4221/4332/5 4285/4333/5 4284/4331/5
f 4221/4332/5 4222/4334/5 4286/4335/5 4285/4333/5
f 4222/4334/5 4223/4336/5 4287/4337/5 4286/4335/5
f 4223/4336/5 4224/4338/5 4288/4339/5 4287/4337/5
f 4224/4338/5 4225/4340/5 4289/4341/5 4288/4339/5
f 4225/4340/5 4226/4342/5 4290/4343/5 4289/4341/5
f 4226/4342/5 4227/4344/5 4291/4345/5 4290/4343/5
f 4227/4344/5 4228/4346/5 4292/4347/5 4291/4345/5
f 4228/4346/5 4229/4348/5 4293/4349/5 4292/4347/5
f 4229/4348/5 4230/4350/5 4294/4351/5 4293/4349/5
f 4230/4350/5 4231/4352/5 4295/4353/5 4294/4351/5
f 4231/4352/5 4232/4354/5 4296/4355/5 4295/4353/5
f 4232/4354/5 4233/4356/5 4297/4357/5 4296/4355/5
f 4233/4356/5 4234/4358/5 4298/4359/5 4297/4357/5
f 4234/4358/5 4235/4360/5 4299/4361/5 4298/4359/5
f 4235/4360/5 4236/4362/5 4300/4363/5 4299/4361/5
f 4236/4362/5 4237/4364/5 4301/4365/5 4300/4363/5
f 4237/4364/5 4238/4366/5 4302/4367/5 4301/4365/5
f 4238/4366/5 4239/4368/5 4303/4369/5 4302/4367/5
f 4239/4368/5 4240/4370/5 4304/4371/5 4303/4369/5
f 4240/4370/5 4241/4372/5 4305/4373/5 4304/4371/5
f 4241/4372/5 4242/4374/5 4306/4375/5 4305/4373/5
f 4242/4374/5 4243/4376/5 4307/4377/5 4306/4375/5
f 4243/4376/5 4244/4378/5 4308/4379/5 4307/4377/5
f 4244/4378/5 4245/4380/5 4309/4381/5 4308/4379/5
f 4245/4380/5 4246/4382/5 4310/4383/5 4309/4381/5
f 4246/4382/5 4247/4384/5 4311/4385/5 4310/4383/5
f 4247/4384/5 4248/4386/5 4312/4387/5 4311/4385/5
f 4248/4386/5 4249/4388/5 4313/4389/5 4312/4387/5
f 4249/4388/5 4250/4390/5 4314/4391/5 4313/4389/5
f 4250/4390/5 4251/4392/5 4315/4393/5 4314/4391/5
f 4251/4392/5 4252/4394/5 4316/4395/5 4315/4393/5
f 4252/4394/5 4253/4396/5 4317/4397/5 4316/4395/5
f 4253/4396/5 4254/4398/5 4318/4399/5 4317/4397/5
f 4254/4398/5 4255/4400/5 4319/4401/5 4318/4399/5
f 4255/4400/5 4256/4402/5 4320/4403/5 4319/4401/5
f 4256/4402/5 4257/4404/5 4321/4405/5 4320/4403/5
f 4257/4404/5 4258/4406/5 4322/4407/5 4321/4405/5
f 4258/4406/5 4259/4408/5 4323/4409/5 4322/4407/5
f 4259/4408/5 4260/4410/5 4324/4411/5 4323/4409/5
f 4260/4410/5 4261/4412/5 4325/4413/5 4324/4411/5
f 4261/4412/5 4262/4414/5 4326/4415/5 4325/4413/5
f 4262/4414/5 4263/4416/5 4327/4417/5 4326/4415/5
f 4263/4416/5 4264/4418/5 4328/4419/5 4327/4417/5
f 4264/4418/5 4201/4420/5 4265/4421/5 4328/4419/5
f 4265/4295/72 4266/4294/73 4330/4422/73 4329/4423/72
f 4266/4294/73 4267/4297/4031 4331/4424/4031 4330/4422/73
f 4267/4297/4031 4268/4299/77 4332/4425/77 4331/4424/4031
f 4268/4299/77 4269/4301/78 4333/4426/78 4332/4425/77
f 4269/4301/78 4270/4303/80 4334/4427/80 4333/4426/78
f 4270/4303/80 4271/4305/83 4335/4428/83 4334/4427/80
f 4271/4305/83 4272/4307/84 4336/4429/84 4335/4428/83
f 4272/4307/84 4273/4309/86 4337/4430/86 4336/4429/84
f 4273/4309/86 4274/4311/88 4338/4431/88 4337/4430/86
f 4274/4311/88 4275/4313/90 4339/4432/90 4338/4431/88
f 4275/4313/90 4276/4315/92 4340/4433/92 4339/4432/90
f 4276/4315/92 4277/4317/94 4341/4434/94 4340/4433/92
f 4277/4317/94 4278/4319/96 4342/4435/96 4341/4434/94
f 4278/4319/96 4279/4321/98 4343/4436/98 4342/4435/96
f 4279/4321/98 4280/4323/100 4344/4437/100 4343/4436/98
f 4280/4323/100 4281/4325/102 4345/4438/102 4344/4437/100
f 4281/4325/102 4282/4327/104 4346/4439/104 4345/4438/102
f 4282/4327/104 4283/4329/106 4347/4440/106 4346/4439/104
f 4283/4329/106 4284/4331/108 4348/4441/108 4347/4440/106
f 4284/4331/108 4285/4333/110 4349/4442/110 4348/4441/108
f 4285/4333/110 4286/4335/112 4350/4443/112 4349/4442/110
f 4286/4335/112 4287/4337/114 4351/4444/114 4350/4443/112
f 4287/4337/114 4288/4339/116 4352/4445/116 4351/4444/114
f 4288/4339/116 4289/4341/118 4353/4446/118 4352/4445/116
f 4289/4341/118 4290/4343/120 4354/4447/120 4353/4446/118
f 4290/4343/120 4291/4345/122 4355/4448/122 4354/4447/120
f 4291/4345/122 4292/4347/124 4356/4449/124 4355/4448/122
f 4292/4347/124 4293/4349/126 4357/4450/126 4356/4449/124
f 4293/4349/126 4294/4351/128 4358/4451/128 4357/4450/126
f 4294/4351/128 4295/4353/4032 4359/4452/4032 4358/4451/128
f 4295/4353/4032 4296/4355/132 4360/4453/132 4359/4452/4032
f 4296/4355/132 4297/4357/134 4361/4454/134 4360/4453/132
f 4297/4357/134 4298/4359/136 4362/4455/136 4361/4454/134
f 4298/4359/136 4299/4361/4033 4363/4456/4033 4362/4455/136
f 4299/4361/4033 4300/4363/140 4364/4457/140 4363/4456/4033
f 4300/4363/140 4301/4365/143 4365/4458/143 4364/4457/140
f 4301/4365/143 4302/4367/145 4366/4459/145 4365/4458/143
f 4302/4367/145 4303/4369/146 4367/4460/146 4366/4459/145
f 4303/4369/146 4304/4371/149 4368/4461/149 4367/4460/146
f 4304/4371/149 4305/4373/151 4369/4462/151 4368/4461/149
f 4305/4373/151 4306/4375/153 4370/4463/153 4369/4462/151
f 4306/4375/153 4307/4377/155 4371/4464/155 4370/4463/153
f 4307/4377/155 4308/4379/157 4372/4465/157 4371/4464/155
f 4308/4379/157 4309/4381/159 4373/4466/159 4372/4465/157
f 4309/4381/159 4310/4383/161 4374/4467/161 4373/4466/159
f 4310/4383/161 4311/4385/163 4375/4468/163 4374/4467/161
f 4311/4385/163 4312/4387/165 4376/4469/165 4375/4468/163
f 4312/4387/165 4313/4389/167 4377/4470/167 4376/4469/165
f 4313/4389/167 4314/4391/169 4378/4471/169 4377/4470/167
f 4314/4391/169 4315/4393/171 4379/4472/171 4378/4471/169
f 4315/4393/171 4316/4395/173 4380/4473/173 4379/4472/171
f 4316/4395/173 4317/4397/175 4381/4474/175 4380/4473/173
f 4317/4397/175 4318/4399/177 4382/4475/177 4381/4474/175
f 4318/4399/177 4319/4401/179 4383/4476/179 4382/4475/177
f 4319/4401/179 4320/4403/181 4384/4477/181 4383/4476/179
f 4320/4403/181 4321/4405/183 4385/4478/183 4384/4477/181
f 4321/4405/183 4322/4407/185 4386/4479/185 4385/4478/183
f 4322/4407/185 4323/4409/187 4387/4480/187 4386/4479/185
f 4323/4409/187 4324/4411/189 4388/4481/189 4387/4480/187
f 4324/4411/189 4325/4413/191 4389/4482/191 4388/4481/189
f 4325/4413/191 4326/4415/193 4390/4483/193 4389/4482/191
f 4326/4415/193 4327/4417/4034 4391/4484/4034 4390/4483/193
f 4327/4417/4034 4328/4419/197 4392/4485/197 4391/4484/4034
f 4328/4419/197 4265/4421/72 4329/4486/72 4392/4485/197
f 4329/4423/2118 4330/4422/2117 4394/4487/2117 4393/4488/2118
f 4330/4422/2117 4331/4424/2119 4395/4489/2119 4394/4487/2117
f 4331/4424/2119 4332/4425/2120 4396/4490/2120 4395/4489/2119
f 4332/4425/2120 4333/4426/2121 4397/4491/2121 4396/4490/2120
f 4333/4426/2121 4334/4427/2122 4398/4492/2122 4397/4491/2121
f 4334/4427/2122 4335/4428/2123 4399/4493/2123 4398/4492/2122
f 4335/4428/2123 4336/4429/2124 4400/4494/2124 4399/4493/2123
f 4336/4429/2124 4337/4430/2125 4401/4495/2125 4400/4494/2124
f 4337/4430/2125 4338/4431/2126 4402/4496/2126 4401/4495/2125
f 4338/4431/2126 4339/4432/2127 4403/4497/2127 4402/4496/2126
f 4339/4432/2127 4340/4433/2128 4404/4498/2128 4403/4497/2127
f 4340/4433/2128 4341/4434/2129 4405/4499/2129 4404/4498/2128
f 4341/4434/2129 4342/4435/2130 4406/4500/2130 4405/4499/2129
f 4342/4435/2130 4343/4436/2131 4407/4501/2131 4406/4500/2130
f 4343/4436/2131 4344/4437/2132 4408/4502/2132 4407/4501/2131
f 4344/4437/2132 4345/4438/2133 4409/4503/2133 4408/4502/2132
f 4345/4438/2133 4346/4439/2134 4410/4504/2134 4409/4503/2133
f 4346/4439/2134 4347/4440/2135 4411/4505/2135 4410/4504/2134
f 4347/4440/2135 4348/4441/2136 4412/4506/2136 4411/4505/2135
f 4348/4441/2136 4349/4442/2137 4413/4507/2137 4412/4506/2136
f 4349/4442/2137 4350/4443/2138 4414/4508/2138 4413/4507/2137
f 4350/4443/2138 4351/4444/2139 4415/4509/2139 4414/4508/2138
f 4351/4444/2139 4352/4445/2140 4416/4510/2140 4415/4509/2139
f 4352/4445/2140 4353/4446/2141 4417/4511/2141 4416/4510/2140
f 4353/4446/2141 4354/4447/2142 4418/4512/2142 4417/4511/2141
f 4354/4447/2142 4355/4448/2143 4419/4513/2143 4418/4512/2142
f 4355/4448/2143 4356/4449/2144 4420/4514/2144 4419/4513/2143
f 4356/4449/2144 4357/4450/2145 4421/4515/2145 4420/4514/2144
f 4357/4450/2145 4358/4451/2146 4422/4516/2146 4421/4515/2145
f 4358/4451/2146 4359/4452/2147 4423/4517/2147 4422/4516/2146
f 4359/4452/2147 4360/4453/2148 4424/4518/2148 4423/4517/2147
f 4360/4453/2148 4361/4454/2149 4425/4519/2149 4424/4518/2148
f 4361/4454/2149 4362/4455/2150 4426/4520/2150 4425/4519/2149
f 4362/4455/2150 4363/4456/2151 4427/4521/2151 4426/4520/2150
f 4363/4456/2151 4364/4457/2152 4428/4522/2152 4427/4521/2151
f 4364/4457/2152 4365/4458/2153 4429/4523/2153 4428/4522/2152
f 4365/4458/2153 4366/4459/2154 4430/4524/2154 4429/4523/2153
f 4366/4459/2154 4367/4460/2155 4431/4525/2155 4430/4524/2154
f 4367/4460/2155 4368/4461/2156 4432/4526/2156 4431/4525/2155
f 4368/4461/2156 4369/4462/2157 4433/4527/2157 4432/4526/2156
f 4369/4462/2157 4370/4463/2158 4434/4528/2158 4433/4527/2157
f 4370/4463/2158 4371/4464/2159 4435/4529/2159 4434/4528/2158
f 4371/4464/2159 4372/4465/2160 4436/4530/2160 4435/4529/2159
f 4372/4465/2160 4373/4466/2161 4437/4531/2161 4436/4530/2160
f 4373/4466/2161 4374/4467/2162 4438/4532/2162 4437/4531/2161
f 4374/4467/2162 4375/4468/2163 4439/4533/2163 4438/4532/2162
f 4375/4468/2163 4376/4469/2164 4440/4534/2164 4439/4533/2163
f 4376/4469/2164 4377/4470/2165 4441/4535/2165 4440/4534/2164
f 4377/4470/2165 4378/4471/2166 4442/4536/2166 4441/4535/2165
f 4378/4471/2166 4379/4472/2167 4443/4537/2167 4442/4536/2166
f 4379/4472/2167 4380/4473/2168 4444/4538/2168 4443/4537/2167
f 4380/4473/2168 4381/4474/2169 4445/4539/2169 4444/4538/2168
f 4381/4474/2169 4382/4475/2170 4446/4540/2170 4445/4539/2169
f 4382/4475/2170 4383/4476/2171 4447/4541/2171 4446/4540/2170
f 4383/4476/2171 4384/4477/2172 4448/4542/2172 4447/4541/2171
f 4384/4477/2172 4385/4478/2173 4449/4543/2173 4448/4542/2172
f 4385/4478/2173 4386/4479/2174 4450/4544/2174 4449/4543/2173
f 4386/4479/2174 4387/4480/2175 4451/4545/2175 4450/4544/2174
f 4387/4480/2175 4388/4481/2176 4452/4546/2176 4451/4545/2175
f 4388/4481/2176 4389/4482/2177 4453/4547/2177 4452/4546/2176
f 4389/4482/2177 4390/4483/2178 4454/4548/2178 4453/4547/2177
f 4390/4483/2178 4391/4484/2179 4455/4549/2179 4454/4548/2178
f 4391/4484/2179 4392/4485/2180 4456/4550/2180 4455/4549/2179
f 4392/4485/2180 4329/4486/2118 4393/4551/2118 4456/4550/2180
f 4393/4488/4035 4394/4487/4036 4458/4552/4036 4457/4553/4035
f 4394/4487/4036 4395/4489/4037 4459/4554/4037 4458/4552/4036
f 4395/4489/4037 4396/4490/4038 4460/4555/4038 4459/4554/4037
f 4396/4490/4038 4397/4491/4039 4461/4556/4039 4460/4555/4038
f 4397/4491/4039 4398/4492/4040 4462/4557/4040 4461/4556/4039
f 4398/4492/4040 4399/4493/4041 4463/4558/4041 4462/4557/4040
f 4399/4493/4041 4400/4494/4042 4464/4559/4042 4463/4558/4041
f 4400/4494/4042 4401/4495/4043 4465/4560/4043 4464/4559/4042
f 4401/4495/4043 4402/4496/4044 4466/4561/4044 4465/4560/4043
f 4402/4496/4044 4403/4497/4045 4467/4562/4045 4466/4561/4044
f 4403/4497/4045 4404/4498/4046 4468/4563/4046 4467/4562/4045
f 4404/4498/4046 4405/4499/4047 4469/4564/4047 4468/4563/4046
f 4405/4499/4047 4406/4500/4048 4470/4565/4048 4469/4564/4047
f 4406/4500/4048 4407/4501/4049 4471/4566/4049 4470/4565/4048
f 4407/4501/4049 4408/4502/4050 4472/4567/4050 4471/4566/4049
f 4408/4502/4050 4409/4503/4051 4473/4568/4051 4472/4567/4050
f 4409/4503/4051 4410/4504/4052 4474/4569/4052 4473/4568/4051
f 4410/4504/4052 4411/4505/4053 4475/4570/4053 4474/4569/4052
f 4411/4505/4053 4412/4506/4054 4476/4571/4054 4475/4570/4053
f 4412/4506/4054 4413/4507/4055 4477/4572/4055 4476/4571/4054
f 4413/4507/4055 4414/4508/4056 4478/4573/4056 4477/4572/4055
f 4414/4508/4056 4415/4509/4057 4479/4574/4057 4478/4573/4056
f 4415/4509/4057 4416/4510/4058 4480/4575/4058 4479/4574/4057
f 4416/4510/4058 4417/4511/4059 4481/4576/4059 4480/4575/4058
f 4417/4511/4059 4418/4512/4060 4482/4577/4060 4481/4576/4059
f 4418/4512/4060 4419/4513/4061 4483/4578/4061 4482/4577/4060
f 4419/4513/4061 4420/4514/4062 4484/4579/4062 4483/4578/4061
f 4420/4514/4062 4421/4515/4063 4485/4580/4063 4484/4579/4062
f 4421/4515/4063 4422/4516/4064 4486/4581/4064 4485/4580/4063
f 4422/4516/4064 4423/4517/4065 4487/4582/4065 4486/4581/4064
f 4423/4517/4065 4424/4518/4066 4488/4583/4066 4487/4582/4065
f 4424/4518/4066 4425/4519/4067 4489/4584/4067 4488/4583/4066
f 4425/4519/4067 4426/4520/4068 4490/4585/4068 4489/4584/4067
f 4426/4520/4068 4427/4521/4069 4491/4586/4069 4490/4585/4068
f 4427/4521/4069 4428/4522/4070 4492/4587/4070 4491/4586/4069
f 4428/4522/4070 4429/4523/4071 4493/4588/4071 4492/4587/4070
f 4429/4523/4071 4430/4524/4072 4494/4589/4072 4493/4588/4071
f 4430/4524/4072 4431/4525/4073 4495/4590/4073 4494/4589/4072
f 4431/4525/4073 4432/4526/4074 4496/4591/4074 4495/4590/4073
f 4432/4526/4074 4433/4527/4075 4497/4592/4075 4496/4591/4074
f 4433/4527/4075 4434/4528/4076 4498/4593/4076 4497/4592/4075
f 4434/4528/4076 4435/4529/4077 4499/4594/4077 4498/4593/4076
f 4435/4529/4077 4436/4530/4078 4500/4595/4078 4499/4594/4077
f 4436/4530/4078 4437/4531/4079 4501/4596/4079 4500/4595/4078
f 4437/4531/4079 4438/4532/4080 4502/4597/4080 4501/4596/4079
f 4438/4532/4080 4439/4533/4081 4503/4598/4081 4502/4597/4080
f 4439/4533/4081 4440/4534/4082 4504/4599/4082 4503/4598/4081
f 4440/4534/4082 4441/4535/4083 4505/4600/4083 4504/4599/4082
f 4441/4535/4083 4442/4536/4084 4506/4601/4084 4505/4600/4083
f 4442/4536/4084 4443/4537/4085 4507/4602/4085 4506/4601/4084
f 4443/4537/4085 4444/4538/4086 4508/4603/4086 4507/4602/4085
f 4444/4538/4086 4445/4539/4087 4509/4604/4087 4508/4603/4086
f 4445/4539/4087 4446/4540/4088 4510/4605/4088 4509/4604/4087
f 4446/4540/4088 4447/4541/4089 4511/4606/4089 4510/4605/4088
f 4447/4541/4089 4448/4542/4090 4512/4607/4090 4511/4606/4089
f 4448/4542/4090 4449/4543/4091 4513/4608/4091 4512/4607/4090
f 4449/4543/4091 4450/4544/4092 4514/4609/4092 4513/4608/4091
f 4450/4544/4092 4451/4545/4093 4515/4610/4093 4514/4609/4092
f 4451/4545/4093 4452/4546/4094 4516/4611/4094 4515/4610/4093
f 4452/4546/4094 4453/4547/4095 4517/4612/4095 4516/4611/4094
f 4453/4547/4095 4454/4548/4096 4518/4613/4096 4517/4612/4095
f 4454/4548/4096 4455/4549/4097 4519/4614/4097 4518/4613/4096
f 4455/4549/4097 4456/4550/4098 4520/4615/4098 4519/4614/4097
f 4456/4550/4098 4393/4551/4035 4457/4616/4035 4520/4615/4098
f 4457/4553/3445 4458/4552/3445 4522/4617/3445 4521/4618/3445
f 4458/4552/3445 4459/4554/3445 4523/4619/3445 4522/4617/3445
f 4459/4554/3445 4460/4555/3445 4524/4620/3445 4523/4619/3445
f 4460/4555/3445 4461/4556/3445 4525/4621/3445 4524/4620/3445
f 4461/4556/3445 4462/4557/3445 4526/4622/3445 4525/4621/3445
f 4462/4557/3445 4463/4558/3445 4527/4623/3445 4526/4622/3445
f 4463/4558/3445 4464/4559/3445 4528/4624/3445 4527/4623/3445
f 4464/4559/3445 4465/4560/3445 4529/4625/3445 4528/4624/3445
f 4465/4560/3445 4466/4561/3445 4530/4626/3445 4529/4625/3445
f 4466/4561/3445 4467/4562/3445 4531/4627/3445 4530/4626/3445
f 4467/4562/3445 4468/4563/3445 4532/4628/3445 4531/4627/3445
f 4468/4563/3445 4469/4564/3445 4533/4629/3445 4532/4628/3445
f 4469/4564/3445 4470/4565/3445 4534/4630/3445 4533/4629/3445
f 4470/4565/3445 4471/4566/3445 4535/4631/3445 4534/4630/3445
f 4471/4566/3445 4472/4567/3445 4536/4632/3445 4535/4631/3445
f 4472/4567/3445 4473/4568/3445 4537/4633/3445 4536/4632/3445
f 4473/4568/3445 4474/4569/3445 4538/4634/3445 4537/4633/3445
f 4474/4569/3445 4475/4570/3445 4539/4635/3445 4538/4634/3445
f 4475/4570/3445 4476/4571/3445 4540/4636/3445 4539/4635/3445
f 4476/4571/3445 4477/4572/3445 4541/4637/3445 4540/4636/3445
f 4477/4572/3445 4478/4573/3445 4542/4638/3445 4541/4637/3445
f 4478/4573/3445 4479/4574/3445 4543/4639/3445 4542/4638/3445
f 4479/4574/3445 4480/4575/3445 4544/4640/3445 4543/4639/3445
f 4480/4575/3445 4481/4576/3445 4545/4641/3445 4544/4640/3445
f 4481/4576/3445 4482/4577/3445 4546/4642/3445 4545/4641/3445
f 4482/4577/3445 4483/4578/3445 4547/4643/3445 4546/4642/3445
f 4483/4578/3445 4484/4579/3445 4548/4644/3445 4547/4643/3445
f 4484/4579/3445 4485/4580/3445 4549/4645/3445 4548/4644/3445
f 4485/4580/3445 4486/4581/3445 4550/4646/3445 4549/4645/3445
f 4486/4581/3445 4487/4582/3445 4551/4647/3445 4550/4646/3445
f 4487/4582/3445 4488/4583/3445 4552/4648/3445 4551/4647/3445
f 4488/4583/3445 4489/4584/3445 4553/4649/3445 4552/4648/3445
f 4489/4584/3445 4490/4585/3445 4554/4650/3445 4553/4649/3445
f 4490/4585/3445 4491/4586/3445 4555/4651/3445 4554/4650/3445
f 4491/4586/3445 4492/4587/3445 4556/4652/3445 4555/4651/3445
f 4492/4587/3445 4493/4588/3445 4557/4653/3445 4556/4652/3445
f 4493/4588/3445 4494/4589/3445 4558/4654/3445 4557/4653/3445
f 4494/4589/3445 4495/4590/3445 4559/4655/3445 4558/4654/3445
f 4495/4590/3445 4496/4591/3445 4560/4656/3445 4559/4655/3445
f 4496/4591/3445 4497/4592/3445 4561/4657/3445 4560/4656/3445
f 4497/4592/3445 4498/4593/3445 4562/4658/3445 4561/4657/3445
f 4498/4593/3445 4499/4594/3445 4563/4659/3445 4562/4658/3445
f 4499/4594/3445 4500/4595/3445 4564/4660/3445 4563/4659/3445
f 4500/4595/3445 4501/4596/3445 4565/4661/3445 4564/4660/3445
f 4501/4596/3445 4502/4597/3445 4566/4662/3445 4565/4661/3445
f 4502/4597/3445 4503/4598/3445 4567/4663/3445 4566/4662/3445
f 4503/4598/3445 4504/4599/3445 4568/4664/3445 4567/4663/3445
f 4504/4599/3445 4505/4600/3445 4569/4665/3445 4568/4664/3445
f 4505/4600/3445 4506/4601/3445 4570/4666/3445 4569/4665/3445
f 4506/4601/3445 4507/4602/3445 4571/4667/3445 4570/4666/3445
f 4507/4602/3445 4508/4603/3445 4572/4668/3445 4571/4667/3445
f 4508/4603/3445 4509/4604/3445 4573/4669/3445 4572/4668/3445
f 4509/4604/3445 4510/4605/3445 4574/4670/3445 4573/4669/3445
f 4510/4605/3445 4511/4606/3445 4575/4671/3445 4574/4670/3445
f 4511/4606/3445 4512/4607/3445 4576/4672/3445 4575/4671/3445
f 4512/4607/3445 4513/4608/3445 4577/4673/3445 4576/4672/3445
f 4513/4608/3445 4514/4609/3445 4578/4674/3445 4577/4673/3445
f 4514/4609/3445 4515/4610/3445 4579/4675/3445 4578/4674/3445
f 4515/4610/3445 4516/4611/3445 4580/4676/3445 4579/4675/3445
f 4516/4611/3445 4517/4612/3445 4581/4677/3445 4580/4676/3445
f 4517/4612/3445 4518/4613/3445 4582/4678/3445 4581/4677/3445
f 4518/4613/3445 4519/4614/3445 4583/4679/3445 4582/4678/3445
f 4519/4614/3445 4520/4615/3445 4584/4680/3445 4583/4679/3445
f 4520/4615/3445 4457/4616/3445 4521/4681/3445 4584/4680/3445
f 4521/4618/2149 4522/4617/2150 4202/4682/2150 4201/4683/2149
f 4522/4617/2150 4523/4619/2151 4203/4684/2151 4202/4682/2150
f 4523/4619/2151 4524/4620/2152 4204/4685/2152 4203/4684/2151
f 4524/4620/2152 4525/4621/2153 4205/4686/2153 4204/4685/2152
f 4525/4621/2153 4526/4622/2154 4206/4687/2154 4205/4686/2153
f 4526/4622/2154 4527/4623/2155 4207/4688/2155 4206/4687/2154
f 4527/4623/2155 4528/4624/2156 4208/4689/2156 4207/4688/2155
f 4528/4624/2156 4529/4625/2157 4209/4690/2157 4208/4689/2156
f 4529/4625/2157 4530/4626/2158 4210/4691/2158 4209/4690/2157
f 4530/4626/2158 4531/4627/2159 4211/4692/2159 4210/4691/2158
f 4531/4627/2159 4532/4628/2160 4212/4693/2160 4211/4692/2159
f 4532/4628/2160 4533/4629/2161 4213/4694/2161 4212/4693/2160
f 4533/4629/2161 4534/4630/2162 4214/4695/2162 4213/4694/2161
f 4534/4630/2162 4535/4631/2163 4215/4696/2163 4214/4695/2162
f 4535/4631/2163 4536/4632/2164 4216/4697/2164 4215/4696/2163
f 4536/4632/2164 4537/4633/2165 4217/4698/2165 4216/4697/2164
f 4537/4633/2165 4538/4634/2166 4218/4699/2166 4217/4698/2165
f 4538/4634/2166 4539/4635/2167 4219/4700/2167 4218/4699/2166
f 4539/4635/2167 4540/4636/2168 4220/4701/2168 4219/4700/2167
f 4540/4636/2168 4541/4637/2169 4221/4702/2169 4220/4701/2168
f 4541/4637/2169 4542/4638/2170 4222/4703/2170 4221/4702/2169
f 4542/4638/2170 4543/4639/2171 4223/4704/2171 4222/4703/2170
f 4543/4639/2171 4544/4640/2172 4224/4705/2172 4223/4704/2171
f 4544/4640/2172 4545/4641/2173 4225/4706/2173 4224/4705/2172
f 4545/4641/2173 4546/4642/2174 4226/4707/2174 4225/4706/2173
f 4546/4642/2174 4547/4643/2175 4227/4708/2175 4226/4707/2174
f 4547/4643/2175 4548/4644/2176 4228/4709/2176 4227/4708/2175
f 4548/4644/2176 4549/4645/2177 4229/4710/2177 4228/4709/2176
f 4549/4645/2177 4550/4646/2178 4230/4711/2178 4229/4710/2177
f 4550/4646/2178 4551/4647/2179 4231/4712/2179 4230/4711/2178
f 4551/4647/2179 4552/4648/2180 4232/4713/2180 4231/4712/2179
f 4552/4648/2180 4553/4649/2118 4233/4714/2118 4232/4713/2180
f 4553/4649/2118 4554/4650/2117 4234/4715/2117 4233/4714/2118
f 4554/4650/2117 4555/4651/2119 4235/4716/2119 4234/4715/2117
f 4555/4651/2119 4556/4652/2120 4236/4717/2120 4235/4716/2119
f 4556/4652/2120 4557/4653/2121 4237/4718/2121 4236/4717/2120
f 4557/4653/2121 4558/4654/2122 4238/4719/2122 4237/4718/2121
f 4558/4654/2122 4559/4655/2123 4239/4720/2123 4238/4719/2122
f 4559/4655/2123 4560/4656/2124 4240/4721/2124 4239/4720/2123
f 4560/4656/2124 4561/4657/2125 4241/4722/2125 4240/4721/2124
f 4561/4657/2125 4562/4658/2126 4242/4723/2126 4241/4722/2125
f 4562/4658/2126 4563/4659/2127 4243/4724/2127 4242/4723/2126
f 4563/4659/2127 4564/4660/2128 4244/4725/2128 4243/4724/2127
f 4564/4660/2128 4565/4661/2129 4245/4726/2129 4244/4725/2128
f 4565/4661/2129 4566/4662/2130 4246/4727/2130 4245/4726/2129
f 4566/4662/2130 4567/4663/2131 4247/4728/2131 4246/4727/2130
f 4567/4663/2131 4568/4664/2132 4248/4729/2132 4247/4728/2131
f 4568/4664/2132 4569/4665/2133 4249/4730/2133 4248/4729/2132
f 4569/4665/2133 4570/4666/2134 4250/4731/2134 4249/4730/2133
f 4570/4666/2134 4571/4667/2135 4251/4732/2135 4250/4731/2134
f 4571/4667/2135 4572/4668/2136 4252/4733/2136 4251/4732/2135
f 4572/4668/2136 4573/4669/2137 4253/4734/2137 4252/4733/2136
f 4573/4669/2137 4574/4670/2138 4254/4735/2138 4253/4734/2137
f 4574/4670/2138 4575/4671/2139 4255/4736/2139 4254/4735/2138
f 4575/4671/2139 4576/4672/2140 4256/4737/2140 4255/4736/2139
f 4576/4672/2140 4577/4673/2141 4257/4738/2141 4256/4737/2140
f 4577/4673/2141 4578/4674/2142 4258/4739/2142 4257/4738/2141
f 4578/4674/2142 4579/4675/2143 4259/4740/2143 4258/4739/2142
f 4579/4675/2143 4580/4676/2144 4260/4741/2144 4259/4740/2143
f 4580/4676/2144 4581/4677/2145 4261/4742/2145 4260/4741/2144
f 4581/4677/2145 4582/4678/2146 4262/4743/2146 4261/4742/2145
f 4582/4678/2146 4583/4679/2147 4263/4744/2147 4262/4743/2146
f 4583/4679/2147 4584/4680/2148 4264/4745/2148 4263/4744/2147
f 4584/4680/2148 4521/4681/2149 4201/4746/2149 4264/4745/2148
f 3817/4031/3999 3818/4293/4000 3882/4747/4000 3881/4748/3999
f 3818/4293/4000 3819/4296/4001 3883/4749/4001 3882/4747/4000
f 3819/4296/4001 3820/4298/4002 3884/4750/4002 3883/4749/4001
f 3820/4298/4002 3821/4300/4003 3885/4751/4003 3884/4750/4002
f 3821/4300/4003 3822/4302/4004 3886/4752/4004 3885/4751/4003
f 3822/4302/4004 3823/4304/4005 3887/4753/4005 3886/4752/4004
f 3823/4304/4005 3824/4306/4006 3888/4754/4006 3887/4753/4005
f 3824/4306/4006 3825/4308/4007 3889/4755/4007 3888/4754/4006
f 3825/4308/4007 3826/4310/4008 3890/4756/4008 3889/4755/4007
f 3826/4310/4008 3827/4312/4009 3891/4757/4009 3890/4756/4008
f 3827/4312/4009 3828/4314/4010 3892/4758/4010 3891/4757/4009
f 3828/4314/4010 3829/4316/4011 3893/4759/4011 3892/4758/4010
f 3829/4316/4011 3830/4318/4012 3894/4760/4012 3893/4759/4011
f 3830/4318/4012 3831/4320/4013 3895/4761/4013 3894/4760/4012
f 3831/4320/4013 3832/4322/4014 3896/4762/4014 3895/4761/4013
f 3832/4322/4014 3833/4324/4015 3897/4763/4015 3896/4762/4014
f 3833/4324/4015 3834/4326/4016 3898/4764/4016 3897/4763/4015
f 3834/4326/4016 3835/4328/4017 3899/4765/4017 3898/4764/4016
f 3835/4328/4017 3836/4330/4018 3900/4766/4018 3899/4765/4017
f 3836/4330/4018 3837/4332/4019 3901/4767/4019 3900/4766/4018
f 3837/4332/4019 3838/4334/4020 3902/4768/4020 3901/4767/4019
f 3838/4334/4020 3839/4336/4021 3903/4769/4021 3902/4768/4020
f 3839/4336/4021 3840/4338/4022 3904/4770/4022 3903/4769/4021
f 3840/4338/4022 3841/4340/4023 3905/4771/4023 3904/4770/4022
f 3841/4340/4023 3842/4342/4024 3906/4772/4024 3905/4771/4023
f 3842/4342/4024 3843/4344/4025 3907/4773/4025 3906/4772/4024
f 3843/4344/4025 3844/4346/4026 3908/4774/4026 3907/4773/4025
f 3844/4346/4026 3845/4348/4027 3909/4775/4027 3908/4774/4026
f 3845/4348/4027 3846/4350/4028 3910/4776/4028 3909/4775/4027
f 3846/4350/4028 3847/4352/4029 3911/4777/4029 3910/4776/4028
f 3847/4352/4029 3848/4354/4030 3912/4778/4030 3911/4777/4029
f 3848/4354/4030 3849/4356/3967 3913/4779/3967 3912/4778/4030
f 3849/4356/3967 3850/4358/3968 3914/4780/3968 3913/4779/3967
f 3850/4358/3968 3851/4360/3969 3915/4781/3969 3914/4780/3968
f 3851/4360/3969 3852/4362/3970 3916/4782/3970 3915/4781/3969
f 3852/4362/3970 3853/4364/3971 3917/4783/3971 3916/4782/3970
f 3853/4364/3971 3854/4366/3972 3918/4784/3972 3917/4783/3971
f 3854/4366/3972 3855/4368/3973 3919/4785/3973 3918/4784/3972
f 3855/4368/3973 3856/4370/3974 3920/4786/3974 3919/4785/3973
f 3856/4370/3974 3857/4372/3975 3921/4787/3975 3920/4786/3974
f 3857/4372/3975 3858/4374/3976 3922/4788/3976 3921/4787/3975
f 3858/4374/3976 3859/4376/3977 3923/4789/3977 3922/4788/3976
f 3859/4376/3977 3860/4378/3978 3924/4790/3978 3923/4789/3977
f 3860/4378/3978 3861/4380/3979 3925/4791/3979 3924/4790/3978
f 3861/4380/3979 3862/4382/3980 3926/4792/3980 3925/4791/3979
f 3862/4382/3980 3863/4384/3981 3927/4793/3981 3926/4792/3980
f 3863/4384/3981 3864/4386/3982 3928/4794/3982 3927/4793/3981
f 3864/4386/3982 3865/4388/3983 3929/4795/3983 3928/4794/3982
f 3865/4388/3983 3866/4390/3984 3930/4796/3984 3929/4795/3983
f 3866/4390/3984 3867/4392/3985 3931/4797/3985 3930/4796/3984
f 3867/4392/3985 3868/4394/3986 3932/4798/3986 3931/4797/3985
f 3868/4394/3986 3869/4396/3987 3933/4799/3987 3932/4798/3986
f 3869/4396/3987 3870/4398/3988 3934/4800/3988 3933/4799/3987
f 3870/4398/3988 3871/4400/3989 3935/4801/3989 3934/4800/3988
f 3871/4400/3989 3872/4402/3990 3936/4802/3990 3935/4801/3989
f 3872/4402/3990 3873/4404/3991 3937/4803/3991 3936/4802/3990
f 3873/4404/3991 3874/4406/3992 3938/4804/3992 3937/4803/3991
f 3874/4406/3992 3875/4408/3993 3939/4805/3993 3938/4804/3992
f 3875/4408/3993 3876/4410/3994 3940/4806/3994 3939/4805/3993
f 3876/4410/3994 3877/4412/3995 3941/4807/3995 3940/4806/3994
f 3877/4412/3995 3878/4414/3996 3942/4808/3996 3941/4807/3995
f 3878/4414/3996 3879/4416/3997 3943/4809/3997 3942/4808/3996
f 3879/4416/3997 3880/4418/3998 3944/4810/3998 3943/4809/3997
f 3880/4418/3998 3817/4420/3999 3881/4811/3999 3944/4810/3998
f 3881/4748/2118 3882/4747/2117 3946/4812/2117 3945/4813/2118
f 3882/4747/2117 3883/4749/2119 3947/4814/2119 3946/4812/2117
f 3883/4749/2119 3884/4750/2120 3948/4815/2120 3947/4814/2119
f 3884/4750/2120 3885/4751/2121 3949/4816/2121 3948/4815/2120
f 3885/4751/2121 3886/4752/2122 3950/4817/2122 3949/4816/2121
f 3886/4752/2122 3887/4753/2123 3951/4818/2123 3950/4817/2122
f 3887/4753/2123 3888/4754/2124 3952/4819/2124 3951/4818/2123
f 3888/4754/2124 3889/4755/2125 3953/4820/2125 3952/4819/2124
f 3889/4755/2125 3890/4756/2126 3954/4821/2126 3953/4820/2125
f 3890/4756/2126 3891/4757/2127 3955/4822/2127 3954/4821/2126
f 3891/4757/2127 3892/4758/2128 3956/4823/2128 3955/4822/2127
f 3892/4758/2128 3893/4759/2129 3957/4824/2129 3956/4823/2128
f 3893/4759/2129 3894/4760/2130 3958/4825/2130 3957/4824/2129
f 3894/4760/2130 3895/4761/2131 3959/4826/2131 3958/4825/2130
f 3895/4761/2131 3896/4762/2132 3960/4827/2132 3959/4826/2131
f 3896/4762/2132 3897/4763/2133 3961/4828/2133 3960/4827/2132
f 3897/4763/2133 3898/4764/2134 3962/4829/2134 3961/4828/2133
f 3898/4764/2134 3899/4765/2135 3963/4830/2135 3962/4829/2134
f 3899/4765/2135 3900/4766/2136 3964/4831/2136 3963/4830/2135
f 3900/4766/2136 3901/4767/2137 3965/4832/2137 3964/4831/2136
f 3901/4767/2137 3902/4768/2138 3966/4833/2138 3965/4832/2137
f 3902/4768/2138 3903/4769/2139 3967/4834/2139 3966/4833/2138
f 3903/4769/2139 3904/4770/2140 3968/4835/2140 3967/4834/2139
f 3904/4770/2140 3905/4771/2141 3969/4836/2141 3968/4835/2140
f 3905/4771/2141 3906/4772/2142 3970/4837/2142 3969/4836/2141
f 3906/4772/2142 3907/4773/2143 3971/4838/2143 3970/4837/2142
f 3907/4773/2143 3908/4774/2144 3972/4839/2144 3971/4838/2143
f 3908/4774/2144 3909/4775/2145 3973/4840/2145 3972/4839/2144
f 3909/4775/2145 3910/4776/2146 3974/4841/2146 3973/4840/2145
f 3910/4776/2146 3911/4777/2147 3975/4842/2147 3974/4841/2146
f 3911/4777/2147 3912/4778/2148 3976/4843/2148 3975/4842/2147
f 3912/4778/2148 3913/4779/2149 3977/4844/2149 3976/4843/2148
f 3913/4779/2149 3914/4780/2150 3978/4845/2150 3977/4844/2149
f 3914/4780/2150 3915/4781/2151 3979/4846/2151 3978/4845/2150
f 3915/4781/2151 3916/4782/2152 3980/4847/2152 3979/4846/2151
f 3916/4782/2152 3917/4783/2153 3981/4848/2153 3980/4847/2152
f 3917/4783/2153 3918/4784/2154 3982/4849/2154 3981/4848/2153
f 3918/4784/2154 3919/4785/2155 3983/4850/2155 3982/4849/2154
f 3919/4785/2155 3920/4786/2156 3984/4851/2156 3983/4850/2155
f 3920/4786/2156 3921/4787/2157 3985/4852/2157 3984/4851/2156
f 3921/4787/2157 3922/4788/2158 3986/4853/2158 3985/4852/2157
f 3922/4788/2158 3923/4789/2159 3987/4854/2159 3986/4853/2158
f 3923/4789/2159 3924/4790/2160 3988/4855/2160 3987/4854/2159
f 3924/4790/2160 3925/4791/2161 3989/4856/2161 3988/4855/2160
f 3925/4791/2161 3926/4792/2162 3990/4857/2162 3989/4856/2161
f 3926/4792/2162 3927/4793/2163 3991/4858/2163 3990/4857/2162
f 3927/4793/2163 3928/4794/2164 3992/4859/2164 3991/4858/2163
f 3928/4794/2164 3929/4795/2165 3993/4860/2165 3992/4859/2164
f 3929/4795/2165 3930/4796/2166 3994/4861/2166 3993/4860/2165
f 3930/4796/2166 3931/4797/2167 3995/4862/2167 3994/4861/2166
f 3931/4797/2167 3932/4798/2168 3996/4863/2168 3995/4862/2167
f 3932/4798/2168 3933/4799/2169 3997/4864/2169 3996/4863/2168
f 3933/4799/2169 3934/4800/2170 3998/4865/2170 3997/4864/2169
f 3934/4800/2170 3935/4801/2171 3999/4866/2171 3998/4865/2170
f 3935/4801/2171 3936/4802/2172 4000/4867/2172 3999/4866/2171
f 3936/4802/2172 3937/4803/2173 4001/4868/2173 4000/4867/2172
f 3937/4803/2173 3938/4804/2174 4002/4869/2174 4001/4868/2173
f 3938/4804/2174 3939/4805/2175 4003/4870/2175 4002/4869/2174
f 3939/4805/2175 3940/4806/2176 4004/4871/2176 4003/4870/2175
f 3940/4806/2176 3941/4807/2177 4005/4872/2177 4004/4871/2176
f 3941/4807/2177 3942/4808/2178 4006/4873/2178 4005/4872/2177
f 3942/4808/2178 3943/4809/2179 4007/4874/2179 4006/4873/2178
f 3943/4809/2179 3944/4810/2180 4008/4875/2180 4007/4874/2179
f 3944/4810/2180 3881/4811/2118 3945/4876/2118 4008/4875/2180
f 3945/4813/3934 3946/4812/3935 4010/4877/3935 4009/4878/3934
f 3946/4812/3935 3947/4814/3936 4011/4879/3936 4010/4877/3935
f 3947/4814/3936 3948/4815/3937 4012/4880/3937 4011/4879/3936
f 3948/4815/3937 3949/4816/3938 4013/4037/3938 4012/4880/3937
f 3949/4816/3938 3950/4817/3939 4014/4038/3939 4013/4037/3938
f 3950/4817/3939 3951/4818/3940 4015/4041/3940 4014/4038/3939
f 3951/4818/3940 3952/4819/3941 4016/4042/3941 4015/4041/3940
f 3952/4819/3941 3953/4820/3942 4017/4045/3942 4016/4042/3941
f 3953/4820/3942 3954/4821/3943 4018/4047/3943 4017/4045/3942
f 3954/4821/3943 3955/4822/3944 4019/4049/3944 4018/4047/3943
f 3955/4822/3944 3956/4823/3945 4020/4051/3945 4019/4049/3944
f 3956/4823/3945 3957/4824/3946 4021/4053/3946 4020/4051/3945
f 3957/4824/3946 3958/4825/3947 4022/4055/3947 4021/4053/3946
f 3958/4825/3947 3959/4826/3948 4023/4057/3948 4022/4055/3947
f 3959/4826/3948 3960/4827/3949 4024/4059/3949 4023/4057/3948
f 3960/4827/3949 3961/4828/3950 4025/4061/3950 4024/4059/3949
f 3961/4828/3950 3962/4829/3951 4026/4063/3951 4025/4061/3950
f 3962/4829/3951 3963/4830/3952 4027/4065/3952 4026/4063/3951
f 3963/4830/3952 3964/4831/3953 4028/4067/3953 4027/4065/3952
f 3964/4831/3953 3965/4832/3954 4029/4069/3954 4028/4067/3953
f 3965/4832/3954 3966/4833/3955 4030/4071/3955 4029/4069/3954
f 3966/4833/3955 3967/4834/3956 4031/4073/3956 4030/4071/3955
f 3967/4834/3956 3968/4835/3957 4032/4075/3957 4031/4073/3956
f 3968/4835/3957 3969/4836/3958 4033/4077/3958 4032/4075/3957
f 3969/4836/3958 3970/4837/3959 4034/4079/3959 4033/4077/3958
f 3970/4837/3959 3971/4838/3960 4035/4081/3960 4034/4079/3959
f 3971/4838/3960 3972/4839/3961 4036/4083/3961 4035/4081/3960
f 3972/4839/3961 3973/4840/3962 4037/4085/3962 4036/4083/3961
f 3973/4840/3962 3974/4841/3963 4038/4087/3963 4037/4085/3962
f 3974/4841/3963 3975/4842/3964 4039/4089/3964 4038/4087/3963
f 3975/4842/3964 3976/4843/3965 4040/4091/3965 4039/4089/3964
f 3976/4843/3965 3977/4844/3966 4041/4093/3966 4040/4091/3965
f 3977/4844/3966 3978/4845/4099 4042/4095/4099 4041/4093/3966
f 3978/4845/4099 3979/4846/4100 4043/4097/4100 4042/4095/4099
f 3979/4846/4100 3980/4847/4101 4044/4099/4101 4043/4097/4100
f 3980/4847/4101 3981/4848/3906 4045/4101/3906 4044/4099/4101
f 3981/4848/3906 3982/4849/3907 4046/4103/3907 4045/4101/3906
f 3982/4849/3907 3983/4850/3908 4047/4105/3908 4046/4103/3907
f 3983/4850/3908 3984/4851/3909 4048/4107/3909 4047/4105/3908
f 3984/4851/3909 3985/4852/3910 4049/4109/3910 4048/4107/3909
f 3985/4852/3910 3986/4853/3911 4050/4111/3911 4049/4109/3910
f 3986/4853/3911 3987/4854/3912 4051/4113/3912 4050/4111/3911
f 3987/4854/3912 3988/4855/3913 4052/4115/3913 4051/4113/3912
f 3988/4855/3913 3989/4856/3914 4053/4117/3914 4052/4115/3913
f 3989/4856/3914 3990/4857/3915 4054/4119/3915 4053/4117/3914
f 3990/4857/3915 3991/4858/3916 4055/4121/3916 4054/4119/3915
f 3991/4858/3916 3992/4859/3917 4056/4123/3917 4055/4121/3916
f 3992/4859/3917 3993/4860/3918 4057/4125/3918 4056/4123/3917
f 3993/4860/3918 3994/4861/3919 4058/4127/3919 4057/4125/3918
f 3994/4861/3919 3995/4862/3920 4059/4129/3920 4058/4127/3919
f 3995/4862/3920 3996/4863/3921 4060/4131/3921 4059/4129/3920
f 3996/4863/3921 3997/4864/3922 4061/4133/3922 4060/4131/3921
f 3997/4864/3922 3998/4865/3923 4062/4135/3923 4061/4133/3922
f 3998/4865/3923 3999/4866/3924 4063/4137/3924 4062/4135/3923
f 3999/4866/3924 4000/4867/3925 4064/4139/3925 4063/4137/3924
f 4000/4867/3925 4001/4868/3926 4065/4141/3926 4064/4139/3925
f 4001/4868/3926 4002/4869/3927 4066/4143/3927 4065/4141/3926
f 4002/4869/3927 4003/4870/3928 4067/4145/3928 4066/4143/3927
f 4003/4870/3928 4004/4871/3929 4068/4147/3929 4067/4145/3928
f 4004/4871/3929 4005/4872/3930 4069/4149/3930 4068/4147/3929
f 4005/4872/3930 4006/4873/3931 4070/4151/3931 4069/4149/3930
f 4006/4873/3931 4007/4874/3932 4071/4153/3932 4070/4151/3931
f 4007/4874/3932 4008/4875/3933 4072/4155/3933 4071/4153/3932
f 4008/4875/3933 3945/4876/3934 4009/4157/3934 4072/4155/3933
f 4009/4878/3966 4010/4877/4099 4074/4160/4099 4073/4159/3966
f 4010/4877/4099 4011/4879/4100 4075/4163/4100 4074/4160/4099
f 4011/4879/4100 4012/4880/4101 4076/4165/4101 4075/4163/4100
f 4012/4880/4101 4013/4037/3906 4077/4040/3906 4076/4165/4101
f 4014/4038/3907 4015/4041/3908 4079/4044/3908 4078/4039/3907
